-- Generated by Craft v2.6.2988 on Aug 3, 2017, 7:03:45 PM.

--
-- Disable foreign key checks and autocommit.
--

SET FOREIGN_KEY_CHECKS = 0;
SET SQL_MODE = "NO_AUTO_VALUE_ON_ZERO";
SET AUTOCOMMIT = 0;
SET NAMES utf8;


DROP TABLE IF EXISTS `craft_assetfiles`;


--
-- Schema for table `craft_assetfiles`
--
CREATE TABLE `craft_assetfiles` (
  `id` int(11) NOT NULL,
  `sourceId` int(11) DEFAULT NULL,
  `folderId` int(11) NOT NULL,
  `filename` varchar(255) COLLATE utf8_unicode_ci NOT NULL,
  `kind` varchar(50) COLLATE utf8_unicode_ci NOT NULL DEFAULT 'unknown',
  `width` int(11) unsigned DEFAULT NULL,
  `height` int(11) unsigned DEFAULT NULL,
  `size` bigint(20) unsigned DEFAULT NULL,
  `dateModified` datetime DEFAULT NULL,
  `dateCreated` datetime NOT NULL,
  `dateUpdated` datetime NOT NULL,
  `uid` char(36) COLLATE utf8_unicode_ci NOT NULL DEFAULT '0',
  PRIMARY KEY (`id`),
  UNIQUE KEY `craft_assetfiles_filename_folderId_unq_idx` (`filename`,`folderId`),
  KEY `craft_assetfiles_sourceId_fk` (`sourceId`),
  KEY `craft_assetfiles_folderId_fk` (`folderId`)
) ENGINE=InnoDB DEFAULT CHARSET=utf8 COLLATE=utf8_unicode_ci;

--
-- Data for table `craft_assetfiles`
--

INSERT INTO `craft_assetfiles` (`id`, `sourceId`, `folderId`, `filename`, `kind`, `width`, `height`, `size`, `dateModified`, `dateCreated`, `dateUpdated`, `uid`) VALUES
 ('8', '1', '1', 'snap_ad_reporting_1x.png', 'image', '634', '373', '66380', '2017-07-20 22:19:56', '2017-07-20 22:19:56', '2017-07-20 22:19:56', '95b41087-efd5-42aa-9ef5-aa79913b640d'),
 ('14', '1', '1', 'homepage-1-1.png', 'image', '197', '163', '16770', '2017-07-20 22:49:12', '2017-07-20 22:49:12', '2017-07-20 22:49:12', '2d2a2927-c37e-4674-be23-571a0cbf4596'),
 ('15', '1', '1', 'homepage-1-2.png', 'image', '192', '159', '14613', '2017-07-20 22:49:12', '2017-07-20 22:49:12', '2017-07-20 22:49:12', '05a962d7-e2d1-4159-ac9f-1e53ecf741e4'),
 ('16', '1', '1', 'homepage-1-3.png', 'image', '208', '150', '7540', '2017-07-20 22:49:12', '2017-07-20 22:49:12', '2017-07-20 22:49:12', '8c549880-48cb-4218-a737-760cf05b4504'),
 ('38', '2', '2', 'filter_reporting_2x.jpg', 'image', '1268', '722', '30553', '2017-07-26 21:01:07', '2017-07-26 21:01:07', '2017-07-26 21:01:07', '40c48100-eb4c-48cb-bad5-21d1125e9e0b'),
 ('45', '1', '1', 'measurement-reach.svg', 'image', '231', '139', '4682', '2017-07-26 21:17:47', '2017-07-26 21:17:47', '2017-07-26 21:17:47', '05cc849e-17e1-4871-9161-3c822384df40'),
 ('46', '1', '1', 'measurement-reaction.svg', 'image', '214', '183', '3390', '2017-07-26 21:17:47', '2017-07-26 21:17:47', '2017-07-26 21:17:47', '22bd4fd7-0bdb-4349-8763-cbb08fe2e5b2'),
 ('47', '1', '1', 'measurement-resonance.svg', 'image', '230', '103', '1061', '2017-07-26 21:17:47', '2017-07-26 21:17:47', '2017-07-26 21:17:47', 'ee675059-e4ae-4f3c-8431-c7bd28755026'),
 ('48', '1', '1', 'measurement-snap-to.svg', 'image', '196', '196', '4554', '2017-07-26 21:17:47', '2017-07-26 21:17:47', '2017-07-26 21:17:47', '2e2855cd-118d-4bc5-845b-d83f65bbe93f'),
 ('49', '1', '1', 'measurement-verification.svg', 'image', '91', '157', '1198', '2017-07-26 21:17:47', '2017-07-26 21:17:47', '2017-07-26 21:17:47', '1304cfce-6f98-4b7a-8330-cc53b4319a4b'),
 ('50', '1', '1', 'measurement-viewability.svg', 'image', '231', '165', '2297', '2017-07-26 21:19:01', '2017-07-26 21:19:01', '2017-07-26 21:19:01', '91ef29a5-2e65-4346-acff-0d3d14fd4ac4'),
 ('61', '2', '2', 'snap-to-store_clock_2x.png', 'image', '392', '392', '28591', '2017-07-26 21:26:59', '2017-07-26 21:26:59', '2017-07-26 21:26:59', '1521eff5-05c7-46e1-9d3d-1ccca44a375f'),
 ('68', '2', '2', 'snap-to-store_chillahs_2x.png', 'image', '1166', '472', '80933', '2017-07-26 21:28:10', '2017-07-26 21:28:10', '2017-07-26 21:28:10', '8945f3be-2533-41c4-a48a-f9df972e30a6'),
 ('76', '2', '9', 'adjust_2x.png', 'image', '164', '52', '7077', '2017-07-26 21:58:07', '2017-07-26 21:58:07', '2017-07-26 21:58:07', 'f2cfaf48-bfce-40ab-bb10-0cfb65d198fa'),
 ('77', '2', '9', 'appsflyer_2x.png', 'image', '236', '70', '9152', '2017-07-26 21:58:07', '2017-07-26 21:58:07', '2017-07-26 21:58:07', '8d78f06f-690f-4826-9ed3-fd865b2777f6'),
 ('78', '2', '9', 'doubleclick_2x.png', 'image', '240', '52', '9269', '2017-07-26 21:58:07', '2017-07-26 21:58:07', '2017-07-26 21:58:07', '71517b06-73ec-4393-8ee7-04677aed120c'),
 ('79', '2', '9', 'innovid_2x.png', 'image', '176', '34', '6767', '2017-07-26 21:58:08', '2017-07-26 21:58:08', '2017-07-26 21:58:08', '3be1305d-56e3-41e4-b31b-9dcb668c3966'),
 ('80', '2', '9', 'kochava_2x.png', 'image', '206', '42', '6126', '2017-07-26 21:58:08', '2017-07-26 21:58:08', '2017-07-26 21:58:08', '7eb8e0e6-b128-4506-855b-fd96eebc204d'),
 ('81', '2', '9', 'liveramp_2x.png', 'image', '212', '44', '9345', '2017-07-26 21:58:08', '2017-07-26 21:58:08', '2017-07-26 21:58:08', 'b3647b59-dd7b-4d06-bb01-afb3680c4ec3'),
 ('82', '2', '9', 'millwardbrown_2x.png', 'image', '256', '56', '11202', '2017-07-26 21:58:10', '2017-07-26 21:58:10', '2017-07-26 21:58:10', '23ea33ef-5e23-4c68-865a-d0ddb89f67e8'),
 ('83', '2', '9', 'moat_2x.png', 'image', '170', '40', '5709', '2017-07-26 21:58:11', '2017-07-26 21:58:11', '2017-07-26 21:58:11', 'bef717fd-46c6-4e1a-bc21-a230caaafb6c'),
 ('84', '2', '9', 'neustar_2x.png', 'image', '218', '44', '8547', '2017-07-26 21:58:11', '2017-07-26 21:58:11', '2017-07-26 21:58:11', 'fdfca102-0b17-4fff-b5b7-18c22158cc4a'),
 ('85', '2', '9', 'nielsen_2x.png', 'image', '168', '54', '6696', '2017-07-26 21:58:11', '2017-07-26 21:58:11', '2017-07-26 21:58:11', 'deddf2ab-1f59-49c0-8e82-eaf5237428d5'),
 ('86', '2', '9', 'oracle_2x.png', 'image', '172', '60', '4194', '2017-07-26 21:58:11', '2017-07-26 21:58:11', '2017-07-26 21:58:11', '9612ec9c-30c0-4c00-9d79-75bca1ec4d7f'),
 ('87', '2', '9', 'placed_2x.png', 'image', '184', '38', '7331', '2017-07-26 21:58:11', '2017-07-26 21:58:11', '2017-07-26 21:58:11', 'e3ba79e9-ac2f-4c52-ae02-73922342b062'),
 ('88', '2', '9', 'singular_2x.png', 'image', '236', '58', '3446', '2017-07-26 21:58:12', '2017-07-26 21:58:12', '2017-07-26 21:58:12', '2e9195e7-6e87-4ce1-8aba-5174799399fa'),
 ('89', '2', '9', 'sizmek_2x.png', 'image', '176', '48', '4933', '2017-07-26 21:58:12', '2017-07-26 21:58:12', '2017-07-26 21:58:12', '5f3f363f-37cc-4a36-85a0-628798baad14'),
 ('90', '2', '9', 'tune_2x.png', 'image', '166', '44', '3662', '2017-07-26 21:58:12', '2017-07-26 21:58:12', '2017-07-26 21:58:12', '69eeb7cc-3ed1-4121-b031-726497df4820'),
 ('97', '2', '10', 'ic_success_logo_abinbev@2x.png', 'image', '420', '336', '5821', '2017-07-26 22:25:00', '2017-07-26 22:25:00', '2017-07-26 22:25:00', '44f82043-0d11-40d7-9c24-32566a2a3c84'),
 ('99', '2', '2', 'Geofilter_Phil_Phone_Screen@2x.jpg', 'image', '530', '942', '543658', '2017-07-26 22:54:45', '2017-07-26 22:54:45', '2017-07-26 22:54:45', '59c76914-8f23-4a07-bd56-d90a50cb6e1f'),
 ('100', '2', '2', 'Postmates_DriveAction@2x.jpg', 'image', '576', '1024', '181487', '2017-07-26 22:54:45', '2017-07-26 22:54:45', '2017-07-26 22:54:45', '2ea56548-1c01-40a8-a9b1-f426c880bb97'),
 ('101', '2', '2', 'LGA_GeoFilter_2x.jpg', 'image', '576', '1024', '210955', '2017-07-26 22:54:59', '2017-07-26 22:54:59', '2017-07-26 22:54:59', '80b95d29-d6f6-4f55-a730-7055fa7d6143'),
 ('102', '2', '2', 'Target_AD_2x.jpg', 'image', '576', '1024', '142256', '2017-07-26 22:59:08', '2017-07-26 22:59:08', '2017-07-26 22:59:08', '4a3f6f3b-875e-4229-9a91-539a7a7c7c77'),
 ('103', '2', '2', 'Warby_Parker_GeoFilter_2x.jpg', 'image', '576', '1024', '284249', '2017-07-26 22:59:11', '2017-07-26 22:59:11', '2017-07-26 22:59:11', '0f4350e3-ca1d-48e6-af8c-cbb4e28586c8'),
 ('104', '2', '2', 'Weby_Parker_GeoFilter_2x.jpg', 'image', '576', '1024', '475476', '2017-07-26 23:01:58', '2017-07-26 23:01:59', '2017-07-26 23:01:59', '4eb72419-b4fb-4cf1-9347-632d3fc33b4d'),
 ('105', '2', '2', 'SnapAds_Gatorade_Phone_Screen@2x.jpg', 'image', '530', '942', '400559', '2017-07-26 23:02:27', '2017-07-26 23:02:27', '2017-07-26 23:02:27', '4b23d3b7-c24b-488d-b171-be46f0dd06e5'),
 ('106', '2', '2', 'SnapAds_UnderArmour_Phone_Screen@2x.jpg', 'image', '530', '942', '393299', '2017-07-26 23:02:28', '2017-07-26 23:02:28', '2017-07-26 23:02:28', '2a3c5709-ed8f-44da-8479-db299cab4200'),
 ('141', '2', '12', 'chillah-device.svg', 'image', '103', '98', '29950', '2017-07-26 23:10:18', '2017-07-26 23:10:18', '2017-07-26 23:10:18', '6473fe5a-53ec-4b9e-865e-bc906aa940fe'),
 ('142', '2', '12', 'chillah-heart-eyes.svg', 'image', '112', '110', '16720', '2017-07-26 23:10:18', '2017-07-26 23:10:18', '2017-07-26 23:10:18', 'a1854370-3eef-4b90-9635-91aff4d201f4'),
 ('143', '2', '12', 'chillah-hearts.svg', 'image', '111', '116', '9404', '2017-07-26 23:10:19', '2017-07-26 23:10:19', '2017-07-26 23:10:19', '7a8301b7-ed7f-4fcb-bcf2-246bc72624e1'),
 ('145', '2', '13', 'devices-nav-1.svg', 'image', '68', '72', '893', '2017-07-26 23:31:02', '2017-07-26 23:31:02', '2017-07-26 23:31:02', '5e260a0e-d2ae-43d7-b1af-8eba2febc111'),
 ('146', '2', '13', 'devices-nav-2.svg', 'image', '68', '71', '1161', '2017-07-26 23:31:02', '2017-07-26 23:31:02', '2017-07-26 23:31:02', '1c64c0e5-eae4-44c6-91b1-c874b9616d29'),
 ('147', '2', '13', 'devices-nav-3.svg', 'image', '68', '72', '1370', '2017-07-26 23:31:02', '2017-07-26 23:31:02', '2017-07-26 23:31:02', '6ca53754-65a1-40a4-8a09-521d5cbc52c0'),
 ('148', '2', '13', 'devices-nav-4.svg', 'image', '68', '71', '1188', '2017-07-26 23:31:02', '2017-07-26 23:31:02', '2017-07-26 23:31:02', 'ca07f2b7-07fa-4da7-9e7e-45c6efdffb60'),
 ('149', '2', '13', 'solutions-device-1.jpg', 'image', '252', '448', '38832', '2017-07-26 23:31:07', '2017-07-26 23:31:07', '2017-07-26 23:31:07', '22a75ec9-7fb1-401d-8d5a-796c649e1c45'),
 ('150', '2', '13', 'solutions-device-2.jpg', 'image', '253', '452', '62897', '2017-07-26 23:31:10', '2017-07-26 23:31:10', '2017-07-26 23:31:10', '9a1a91d4-ee15-437c-8605-9093316d1415'),
 ('151', '2', '13', 'solutions-device-3.jpg', 'image', '253', '455', '51654', '2017-07-26 23:31:10', '2017-07-26 23:31:10', '2017-07-26 23:31:10', '56d5f36d-b7ac-45b4-97fc-d0e30ee47551'),
 ('152', '2', '13', 'solutions-device-4.jpg', 'image', '254', '451', '44054', '2017-07-26 23:31:11', '2017-07-26 23:31:11', '2017-07-26 23:31:11', 'b7cdfff9-adb2-4304-aa3f-67a5ef728f1c'),
 ('153', '2', '13', 'solutions-device-5.jpg', 'image', '254', '449', '34285', '2017-07-26 23:31:11', '2017-07-26 23:31:11', '2017-07-26 23:31:11', '8e945541-bc88-494a-bfa9-397af540cd84'),
 ('154', '2', '13', 'solutions-device-6.jpg', 'image', '254', '450', '13340', '2017-07-26 23:31:11', '2017-07-26 23:31:11', '2017-07-26 23:31:11', 'a5a7e040-40b6-43d8-83a8-45faf9550625'),
 ('155', '2', '13', 'solutions-device-7.jpg', 'image', '254', '450', '33988', '2017-07-26 23:31:11', '2017-07-26 23:31:11', '2017-07-26 23:31:11', '95df794b-03ce-4cde-af0e-48dee18845b4'),
 ('156', '2', '13', 'solutions-device-8.jpg', 'image', '253', '450', '35854', '2017-07-26 23:31:11', '2017-07-26 23:31:11', '2017-07-26 23:31:11', 'd2b08d6e-32fa-45ae-9206-70da127b3f19'),
 ('157', '2', '13', 'solutions-device-9.jpg', 'image', '254', '451', '49559', '2017-07-26 23:31:11', '2017-07-26 23:31:11', '2017-07-26 23:31:11', '996133cf-7abe-4fb4-a5c8-888223219807'),
 ('158', '2', '13', 'solutions-device-10.jpg', 'image', '254', '451', '47688', '2017-07-26 23:31:12', '2017-07-26 23:31:12', '2017-07-26 23:31:12', '3ebf79f2-a4d3-4140-94e5-92410f988331'),
 ('159', '2', '13', 'solutions-device-11.jpg', 'image', '254', '451', '47408', '2017-07-26 23:31:12', '2017-07-26 23:31:12', '2017-07-26 23:31:12', '4a8627aa-025a-4742-b55d-d377d38cf9af'),
 ('160', '2', '13', 'solutions-device-12.jpg', 'image', '253', '450', '36373', '2017-07-26 23:31:12', '2017-07-26 23:31:12', '2017-07-26 23:31:12', '0eb0e231-d8fe-47f3-93ed-7d9e636d9fc4'),
 ('161', '2', '13', 'solutions-device-13.jpg', 'image', '255', '453', '37302', '2017-07-26 23:31:12', '2017-07-26 23:31:12', '2017-07-26 23:31:12', '9245abd9-787a-4302-8ef6-2b95b25df7b3'),
 ('172', '2', '15', 'ad_manager_2x.png', 'image', '1540', '906', '253993', '2017-07-27 17:17:05', '2017-07-27 17:17:05', '2017-07-27 17:17:05', '8a038522-5a87-4d90-91c5-01bf77f6183a');



DROP TABLE IF EXISTS `craft_assetfolders`;


--
-- Schema for table `craft_assetfolders`
--
CREATE TABLE `craft_assetfolders` (
  `id` int(11) NOT NULL AUTO_INCREMENT,
  `parentId` int(11) DEFAULT NULL,
  `sourceId` int(11) DEFAULT NULL,
  `name` varchar(255) COLLATE utf8_unicode_ci NOT NULL,
  `path` varchar(255) COLLATE utf8_unicode_ci DEFAULT NULL,
  `dateCreated` datetime NOT NULL,
  `dateUpdated` datetime NOT NULL,
  `uid` char(36) COLLATE utf8_unicode_ci NOT NULL DEFAULT '0',
  PRIMARY KEY (`id`),
  UNIQUE KEY `craft_assetfolders_name_parentId_sourceId_unq_idx` (`name`,`parentId`,`sourceId`),
  KEY `craft_assetfolders_parentId_fk` (`parentId`),
  KEY `craft_assetfolders_sourceId_fk` (`sourceId`)
) ENGINE=InnoDB AUTO_INCREMENT=18 DEFAULT CHARSET=utf8 COLLATE=utf8_unicode_ci;

--
-- Data for table `craft_assetfolders`
--

INSERT INTO `craft_assetfolders` (`id`, `parentId`, `sourceId`, `name`, `path`, `dateCreated`, `dateUpdated`, `uid`) VALUES
 ('1', NULL, '1', 'Cards', '', '2017-07-20 18:21:52', '2017-07-20 18:21:52', '7760cbab-3023-4910-b715-0e520f0428b4'),
 ('2', NULL, '2', 'Images', '', '2017-07-20 22:17:47', '2017-07-20 22:17:47', 'f023a332-2e9c-4876-9004-f87c07e5bac8'),
 ('3', NULL, NULL, 'Temporary source', NULL, '2017-07-21 21:50:47', '2017-07-21 21:50:47', 'c27c1e04-bb5d-4e97-83c3-5055f5c3bff6'),
 ('4', '3', NULL, 'user_1', 'user_1/', '2017-07-21 21:50:47', '2017-07-21 21:50:47', 'f1435a45-0aef-4bc0-8b7e-4dc81937ca88'),
 ('5', '4', NULL, 'field_25', 'user_1/field_25/', '2017-07-21 21:50:47', '2017-07-21 21:50:47', '2fd68bfe-e32c-401c-a1ff-633f1a236fed'),
 ('6', NULL, '3', 'Videos', '', '2017-07-21 22:08:30', '2017-07-21 22:08:30', '666e6159-6a87-4c76-aa65-68a583e6f8be'),
 ('7', '4', NULL, 'field_38', 'user_1/field_38/', '2017-07-21 23:27:02', '2017-07-21 23:27:02', '9bb5cb44-50d8-4746-a873-ed61a5b7552b'),
 ('8', '4', NULL, 'field_45', 'user_1/field_45/', '2017-07-26 21:50:50', '2017-07-26 21:50:50', '2d603943-62bc-4fbb-b1a9-214d63d9d82d'),
 ('9', '2', '2', 'partners', 'partners/', '2017-07-26 21:56:54', '2017-07-26 21:56:54', '05368b03-24b2-4702-a509-76119cb6c2fd'),
 ('10', '2', '2', 'success-stories', 'success-stories/', '2017-07-26 22:24:53', '2017-07-26 22:24:53', '3e29d47d-8863-495c-8eea-22d3f45b0cc3'),
 ('11', '2', '2', 'stories', 'stories/', '2017-07-26 22:26:19', '2017-07-26 22:26:19', 'f42abb83-92ba-499a-af11-6f55f70dcd7a'),
 ('12', '2', '2', 'chillahs', 'chillahs/', '2017-07-26 23:10:12', '2017-07-26 23:10:12', 'cc1413ca-ccd2-46fe-813e-56de281130cf'),
 ('13', '2', '2', 'solutions', 'solutions/', '2017-07-26 23:30:54', '2017-07-26 23:30:54', 'f08b24f7-7720-41a4-9037-ba90dd2b7c5c'),
 ('14', '4', NULL, 'field_51', 'user_1/field_51/', '2017-07-26 23:33:34', '2017-07-26 23:33:34', '4cabaa5e-f890-475c-8b93-7d80e601d979'),
 ('15', '2', '2', 'tools', 'tools/', '2017-07-27 17:16:55', '2017-07-27 17:16:55', '0f80756d-729a-4d61-843d-5557152a8bda'),
 ('16', '4', NULL, 'field_75', 'user_1/field_75/', '2017-08-03 18:45:24', '2017-08-03 18:45:24', '1847c2c6-41d8-488b-97b3-9515197677e8'),
 ('17', '2', '2', 'tabs', 'tabs/', '2017-08-03 18:50:27', '2017-08-03 18:50:27', '4c7189b5-9d2d-4b33-b1b8-352af51dbd45');



DROP TABLE IF EXISTS `craft_assetindexdata`;


--
-- Schema for table `craft_assetindexdata`
--
CREATE TABLE `craft_assetindexdata` (
  `id` int(11) NOT NULL AUTO_INCREMENT,
  `sessionId` varchar(36) COLLATE utf8_unicode_ci NOT NULL DEFAULT '',
  `sourceId` int(10) NOT NULL,
  `offset` int(10) NOT NULL,
  `uri` varchar(255) COLLATE utf8_unicode_ci DEFAULT NULL,
  `size` varchar(255) COLLATE utf8_unicode_ci DEFAULT NULL,
  `recordId` int(10) DEFAULT NULL,
  `dateCreated` datetime NOT NULL,
  `dateUpdated` datetime NOT NULL,
  `uid` char(36) COLLATE utf8_unicode_ci NOT NULL DEFAULT '0',
  PRIMARY KEY (`id`),
  UNIQUE KEY `craft_assetindexdata_sessionId_sourceId_offset_unq_idx` (`sessionId`,`sourceId`,`offset`),
  KEY `craft_assetindexdata_sourceId_fk` (`sourceId`)
) ENGINE=InnoDB DEFAULT CHARSET=utf8 COLLATE=utf8_unicode_ci;

DROP TABLE IF EXISTS `craft_assetsources`;


--
-- Schema for table `craft_assetsources`
--
CREATE TABLE `craft_assetsources` (
  `id` int(11) NOT NULL AUTO_INCREMENT,
  `name` varchar(255) COLLATE utf8_unicode_ci NOT NULL,
  `handle` varchar(255) COLLATE utf8_unicode_ci NOT NULL,
  `type` varchar(150) COLLATE utf8_unicode_ci NOT NULL,
  `settings` text COLLATE utf8_unicode_ci,
  `sortOrder` smallint(6) unsigned DEFAULT NULL,
  `fieldLayoutId` int(10) DEFAULT NULL,
  `dateCreated` datetime NOT NULL,
  `dateUpdated` datetime NOT NULL,
  `uid` char(36) COLLATE utf8_unicode_ci NOT NULL DEFAULT '0',
  PRIMARY KEY (`id`),
  UNIQUE KEY `craft_assetsources_name_unq_idx` (`name`),
  UNIQUE KEY `craft_assetsources_handle_unq_idx` (`handle`),
  KEY `craft_assetsources_fieldLayoutId_fk` (`fieldLayoutId`)
) ENGINE=InnoDB AUTO_INCREMENT=4 DEFAULT CHARSET=utf8 COLLATE=utf8_unicode_ci;

--
-- Data for table `craft_assetsources`
--

INSERT INTO `craft_assetsources` (`id`, `name`, `handle`, `type`, `settings`, `sortOrder`, `fieldLayoutId`, `dateCreated`, `dateUpdated`, `uid`) VALUES
 ('1', 'Cards', 'cards', 'Local', '{\"path\":\"assets\\/images\\/cards\\/\",\"publicURLs\":\"1\",\"url\":\"\\/assets\\/images\\/cards\\/\"}', '1', '252', '2017-07-20 18:21:52', '2017-07-20 22:19:07', '842178a6-a2bc-483e-bfde-955596b3cfc2'),
 ('2', 'Images', 'images', 'Local', '{\"path\":\"assets\\/images\\/\",\"publicURLs\":\"1\",\"url\":\"\\/assets\\/images\\/\"}', '2', '251', '2017-07-20 22:17:47', '2017-07-20 22:17:47', '77f207e4-9d6d-4838-936c-96c760c5e47c'),
 ('3', 'Videos', 'videos', 'Local', '{\"path\":\"assets\\/videos\\/\",\"publicURLs\":\"1\",\"url\":\"\\/assets\\/videos\\/\"}', '3', '506', '2017-07-21 22:08:30', '2017-07-21 22:08:30', '8caffb38-19c6-40e3-84e7-45b62f7deb5c');



DROP TABLE IF EXISTS `craft_assettransformindex`;


--
-- Schema for table `craft_assettransformindex`
--
CREATE TABLE `craft_assettransformindex` (
  `id` int(11) NOT NULL AUTO_INCREMENT,
  `fileId` int(11) NOT NULL,
  `filename` varchar(255) COLLATE utf8_unicode_ci DEFAULT NULL,
  `format` varchar(255) COLLATE utf8_unicode_ci DEFAULT NULL,
  `location` varchar(255) COLLATE utf8_unicode_ci NOT NULL,
  `sourceId` int(11) DEFAULT NULL,
  `fileExists` tinyint(1) DEFAULT NULL,
  `inProgress` tinyint(1) DEFAULT NULL,
  `dateIndexed` datetime DEFAULT NULL,
  `dateCreated` datetime NOT NULL,
  `dateUpdated` datetime NOT NULL,
  `uid` char(36) COLLATE utf8_unicode_ci NOT NULL DEFAULT '0',
  PRIMARY KEY (`id`),
  KEY `craft_assettransformindex_sourceId_fileId_location_idx` (`sourceId`,`fileId`,`location`)
) ENGINE=InnoDB DEFAULT CHARSET=utf8 COLLATE=utf8_unicode_ci;

DROP TABLE IF EXISTS `craft_assettransforms`;


--
-- Schema for table `craft_assettransforms`
--
CREATE TABLE `craft_assettransforms` (
  `id` int(11) NOT NULL AUTO_INCREMENT,
  `name` varchar(255) COLLATE utf8_unicode_ci NOT NULL,
  `handle` varchar(255) COLLATE utf8_unicode_ci NOT NULL,
  `mode` enum('stretch','fit','crop') COLLATE utf8_unicode_ci NOT NULL DEFAULT 'crop',
  `position` enum('top-left','top-center','top-right','center-left','center-center','center-right','bottom-left','bottom-center','bottom-right') COLLATE utf8_unicode_ci NOT NULL DEFAULT 'center-center',
  `height` int(10) DEFAULT NULL,
  `width` int(10) DEFAULT NULL,
  `format` varchar(255) COLLATE utf8_unicode_ci DEFAULT NULL,
  `quality` int(10) DEFAULT NULL,
  `dimensionChangeTime` datetime DEFAULT NULL,
  `dateCreated` datetime NOT NULL,
  `dateUpdated` datetime NOT NULL,
  `uid` char(36) COLLATE utf8_unicode_ci NOT NULL DEFAULT '0',
  PRIMARY KEY (`id`),
  UNIQUE KEY `craft_assettransforms_name_unq_idx` (`name`),
  UNIQUE KEY `craft_assettransforms_handle_unq_idx` (`handle`)
) ENGINE=InnoDB DEFAULT CHARSET=utf8 COLLATE=utf8_unicode_ci;

DROP TABLE IF EXISTS `craft_categories`;


--
-- Schema for table `craft_categories`
--
CREATE TABLE `craft_categories` (
  `id` int(11) NOT NULL,
  `groupId` int(11) NOT NULL,
  `dateCreated` datetime NOT NULL,
  `dateUpdated` datetime NOT NULL,
  `uid` char(36) COLLATE utf8_unicode_ci NOT NULL DEFAULT '0',
  PRIMARY KEY (`id`),
  KEY `craft_categories_groupId_fk` (`groupId`)
) ENGINE=InnoDB DEFAULT CHARSET=utf8 COLLATE=utf8_unicode_ci;

DROP TABLE IF EXISTS `craft_categorygroups`;


--
-- Schema for table `craft_categorygroups`
--
CREATE TABLE `craft_categorygroups` (
  `id` int(11) NOT NULL AUTO_INCREMENT,
  `structureId` int(11) NOT NULL,
  `fieldLayoutId` int(11) DEFAULT NULL,
  `name` varchar(255) COLLATE utf8_unicode_ci NOT NULL,
  `handle` varchar(255) COLLATE utf8_unicode_ci NOT NULL,
  `hasUrls` tinyint(1) unsigned NOT NULL DEFAULT '1',
  `template` varchar(500) COLLATE utf8_unicode_ci DEFAULT NULL,
  `dateCreated` datetime NOT NULL,
  `dateUpdated` datetime NOT NULL,
  `uid` char(36) COLLATE utf8_unicode_ci NOT NULL DEFAULT '0',
  PRIMARY KEY (`id`),
  UNIQUE KEY `craft_categorygroups_name_unq_idx` (`name`),
  UNIQUE KEY `craft_categorygroups_handle_unq_idx` (`handle`),
  KEY `craft_categorygroups_structureId_fk` (`structureId`),
  KEY `craft_categorygroups_fieldLayoutId_fk` (`fieldLayoutId`)
) ENGINE=InnoDB DEFAULT CHARSET=utf8 COLLATE=utf8_unicode_ci;

DROP TABLE IF EXISTS `craft_categorygroups_i18n`;


--
-- Schema for table `craft_categorygroups_i18n`
--
CREATE TABLE `craft_categorygroups_i18n` (
  `id` int(11) NOT NULL AUTO_INCREMENT,
  `groupId` int(11) NOT NULL,
  `locale` char(12) COLLATE utf8_unicode_ci NOT NULL,
  `urlFormat` text COLLATE utf8_unicode_ci,
  `nestedUrlFormat` text COLLATE utf8_unicode_ci,
  `dateCreated` datetime NOT NULL,
  `dateUpdated` datetime NOT NULL,
  `uid` char(36) COLLATE utf8_unicode_ci NOT NULL DEFAULT '0',
  PRIMARY KEY (`id`),
  UNIQUE KEY `craft_categorygroups_i18n_groupId_locale_unq_idx` (`groupId`,`locale`),
  KEY `craft_categorygroups_i18n_locale_fk` (`locale`)
) ENGINE=InnoDB DEFAULT CHARSET=utf8 COLLATE=utf8_unicode_ci;

DROP TABLE IF EXISTS `craft_content`;


--
-- Schema for table `craft_content`
--
CREATE TABLE `craft_content` (
  `id` int(11) NOT NULL AUTO_INCREMENT,
  `elementId` int(11) NOT NULL,
  `locale` char(12) COLLATE utf8_unicode_ci NOT NULL,
  `title` varchar(255) COLLATE utf8_unicode_ci DEFAULT NULL,
  `field_body` text COLLATE utf8_unicode_ci,
  `field_page_uri` text COLLATE utf8_unicode_ci,
  `field_imageLocation` varchar(255) COLLATE utf8_unicode_ci DEFAULT 'left',
  `field_paragraph` text COLLATE utf8_unicode_ci,
  `field_button` text COLLATE utf8_unicode_ci,
  `field_headline` text COLLATE utf8_unicode_ci,
  `field_page_themeColor` varchar(255) COLLATE utf8_unicode_ci DEFAULT 'blue',
  `field_page_sideNavigation` tinyint(1) unsigned NOT NULL DEFAULT '0',
  `field_buttonStyle` varchar(255) COLLATE utf8_unicode_ci DEFAULT 'primary',
  `field_subhead` text COLLATE utf8_unicode_ci,
  `field_sectionBackgroundColor` varchar(255) COLLATE utf8_unicode_ci DEFAULT 'gray',
  `field_sectionTitle` text COLLATE utf8_unicode_ci,
  `field_assetWidth` varchar(255) COLLATE utf8_unicode_ci DEFAULT 'normal',
  `field_ss_eyebrow` text COLLATE utf8_unicode_ci,
  `field_ss_storyCardColor` varchar(255) COLLATE utf8_unicode_ci DEFAULT NULL,
  `field_ss_companyName` text COLLATE utf8_unicode_ci,
  `field_ss_storySummary` varchar(150) COLLATE utf8_unicode_ci DEFAULT NULL,
  `field_tabLabel` text COLLATE utf8_unicode_ci,
  `field_tabDescription` text COLLATE utf8_unicode_ci,
  `field_timeCode` decimal(11,1) unsigned DEFAULT '0.0',
  `field_descriptionLabel` text COLLATE utf8_unicode_ci,
  `dateCreated` datetime NOT NULL,
  `dateUpdated` datetime NOT NULL,
  `uid` char(36) COLLATE utf8_unicode_ci NOT NULL DEFAULT '0',
  PRIMARY KEY (`id`),
  UNIQUE KEY `craft_content_elementId_locale_unq_idx` (`elementId`,`locale`),
  KEY `craft_content_title_idx` (`title`),
  KEY `craft_content_locale_fk` (`locale`)
) ENGINE=InnoDB AUTO_INCREMENT=182 DEFAULT CHARSET=utf8 COLLATE=utf8_unicode_ci;

--
-- Data for table `craft_content`
--

INSERT INTO `craft_content` (`id`, `elementId`, `locale`, `title`, `field_body`, `field_page_uri`, `field_imageLocation`, `field_paragraph`, `field_button`, `field_headline`, `field_page_themeColor`, `field_page_sideNavigation`, `field_buttonStyle`, `field_subhead`, `field_sectionBackgroundColor`, `field_sectionTitle`, `field_assetWidth`, `field_ss_eyebrow`, `field_ss_storyCardColor`, `field_ss_companyName`, `field_ss_storySummary`, `field_tabLabel`, `field_tabDescription`, `field_timeCode`, `field_descriptionLabel`, `dateCreated`, `dateUpdated`, `uid`) VALUES
 ('1', '1', 'en_us', NULL, NULL, NULL, 'left', NULL, NULL, NULL, NULL, '0', NULL, NULL, 'white', NULL, 'normal', NULL, NULL, NULL, NULL, NULL, NULL, '0.0', NULL, '2017-07-20 17:27:58', '2017-07-28 21:23:12', 'cb2d6955-b22a-4e41-b9f8-fe1801657cba'),
 ('2', '2', 'en_us', 'Home', '<p>Homepage</p>', NULL, 'left', NULL, NULL, NULL, NULL, '0', NULL, NULL, 'white', NULL, 'normal', NULL, NULL, NULL, NULL, NULL, NULL, '0.0', NULL, '2017-07-20 17:27:59', '2017-08-03 18:44:26', 'a82822e3-a162-4074-bfd1-aa965383e384'),
 ('3', '3', 'en_us', 'We just installed Craft!', '<p>Craft is the CMS that’s powering Snapchat.craft.dev. It’s beautiful, powerful, flexible, and easy-to-use, and it’s made by Pixel &amp; Tonic. We can’t wait to dive in and see what it’s capable of!</p><!--pagebreak--><p>This is even more captivating content, which you couldn’t see on the News index page because it was entered after a Page Break, and the News index template only likes to show the content on the first page.</p><p>Craft: a nice alternative to Word, if you’re making a website.</p>', NULL, 'left', NULL, NULL, NULL, NULL, '0', NULL, NULL, 'white', NULL, 'normal', NULL, NULL, NULL, NULL, NULL, NULL, '0.0', NULL, '2017-07-20 17:27:59', '2017-07-20 21:26:43', '8ac7d520-a5e0-4243-9c21-17c47ddbe76b'),
 ('8', '8', 'en_us', 'Snap Ad Reporting 1X', NULL, NULL, 'left', NULL, NULL, NULL, 'blue', '0', 'primary', NULL, 'white', NULL, 'normal', NULL, NULL, NULL, NULL, NULL, NULL, '0.0', NULL, '2017-07-20 22:19:56', '2017-07-20 22:19:56', 'bb3a0689-aa50-41d7-b13b-ea20a6644d4e'),
 ('14', '14', 'en_us', 'Homepage 1 1', NULL, NULL, 'left', NULL, NULL, NULL, 'blue', '0', 'primary', NULL, 'white', NULL, 'normal', NULL, NULL, NULL, NULL, NULL, NULL, '0.0', NULL, '2017-07-20 22:49:12', '2017-07-20 22:49:12', '6c738b61-7582-4ca9-a343-575acebeec23'),
 ('15', '15', 'en_us', 'Homepage 1 2', NULL, NULL, 'left', NULL, NULL, NULL, 'blue', '0', 'primary', NULL, 'white', NULL, 'normal', NULL, NULL, NULL, NULL, NULL, NULL, '0.0', NULL, '2017-07-20 22:49:12', '2017-07-20 22:49:12', '2c1fbe5f-7d82-4b41-9509-b41fe8fee7a3'),
 ('16', '16', 'en_us', 'Homepage 1 3', NULL, NULL, 'left', NULL, NULL, NULL, 'blue', '0', 'primary', NULL, 'white', NULL, 'normal', NULL, NULL, NULL, NULL, NULL, NULL, '0.0', NULL, '2017-07-20 22:49:12', '2017-07-20 22:49:12', '0239ac22-9f4b-47f6-92a7-0c69581daaa3'),
 ('25', '26', 'en_us', NULL, NULL, NULL, 'left', NULL, NULL, NULL, 'blue', '0', 'primary', NULL, 'white', NULL, 'normal', NULL, NULL, NULL, NULL, NULL, NULL, '0.0', NULL, '2017-07-21 23:07:14', '2017-07-27 00:15:05', '4352f38f-7523-4177-8747-9441356492dc'),
 ('26', '33', 'en_us', 'AB InBev', NULL, NULL, 'left', NULL, NULL, NULL, 'blue', '0', 'primary', NULL, 'white', NULL, 'normal', 'Success Story', '#a91622', 'AB InBev', 'On average, Snapchatters spent 30 seconds playing Anheuser Busch InBev\'s Bud Bowl game in its Snap Ad Web View.', NULL, NULL, '0.0', NULL, '2017-07-21 23:29:50', '2017-07-26 22:26:19', 'ff299240-9851-4b1c-97e4-440dcc9c9682'),
 ('27', '34', 'en_us', NULL, NULL, NULL, 'left', NULL, NULL, NULL, 'blue', '0', 'primary', NULL, 'gray', 'Overview', 'normal', NULL, NULL, NULL, NULL, NULL, NULL, '0.0', NULL, '2017-07-26 20:51:36', '2017-07-27 00:17:05', '4aeafa8b-581b-4ae7-a015-332630fcaf39'),
 ('28', '35', 'en_us', NULL, NULL, NULL, 'left', NULL, NULL, 'Successful ads drive your business forward', 'blue', '0', 'primary', NULL, 'white', NULL, 'normal', NULL, NULL, NULL, NULL, NULL, NULL, '0.0', NULL, '2017-07-26 20:51:36', '2017-07-27 00:17:05', '4d39b51a-4298-4558-8080-11dbb1b597e0'),
 ('29', '36', 'en_us', NULL, NULL, NULL, 'left', 'Monitor your campaigns in real-time, identify key performance trends, and optimize towards your goals.', NULL, 'Snap Ad Reporting', 'blue', '0', 'primary', NULL, 'white', NULL, 'normal', NULL, NULL, NULL, NULL, NULL, NULL, '0.0', NULL, '2017-07-26 20:51:36', '2017-07-27 00:17:05', '183b5243-d299-438d-b3b3-7d4b1b4f42a5'),
 ('31', '38', 'en_us', 'Filter Reporting 2X', NULL, NULL, 'left', NULL, NULL, NULL, 'blue', '0', 'primary', NULL, 'white', NULL, 'normal', NULL, NULL, NULL, NULL, NULL, NULL, '0.0', NULL, '2017-07-26 21:01:07', '2017-07-26 21:01:07', '1e91ee82-c782-4ebf-a8d1-ad5e09b67ba1'),
 ('32', '39', 'en_us', NULL, NULL, NULL, 'left', NULL, NULL, NULL, 'blue', '0', 'primary', NULL, 'white', 'Filter Reporting', 'normal', NULL, NULL, NULL, NULL, NULL, NULL, '0.0', NULL, '2017-07-26 21:04:17', '2017-07-27 00:17:05', '5755410d-ef2f-4003-991f-e3c72265d16c'),
 ('33', '40', 'en_us', NULL, NULL, NULL, 'right', 'Track filter performance and optimize your campaign by location.', NULL, 'Filter Reporting', 'blue', '0', 'primary', NULL, 'white', NULL, 'normal', NULL, NULL, NULL, NULL, NULL, NULL, '0.0', NULL, '2017-07-26 21:04:17', '2017-07-27 00:17:05', 'a07eb50e-e5db-4cf9-9251-11b4a6d0c987'),
 ('35', '42', 'en_us', NULL, NULL, NULL, 'left', NULL, NULL, NULL, 'blue', '0', 'primary', NULL, 'gray', 'Measurement Philosophy', 'normal', NULL, NULL, NULL, NULL, NULL, NULL, '0.0', NULL, '2017-07-26 21:04:17', '2017-07-27 00:17:05', '2afc97b1-6f11-43c0-a3df-8f7007573dc9'),
 ('36', '43', 'en_us', NULL, NULL, NULL, 'left', NULL, NULL, 'Know exactly how your ads perform', 'blue', '0', 'primary', NULL, 'white', NULL, 'normal', NULL, NULL, NULL, NULL, NULL, NULL, '0.0', NULL, '2017-07-26 21:04:17', '2017-07-27 00:17:05', 'd8f15d39-810b-47e4-ba1b-f9f432ce1692'),
 ('37', '44', 'en_us', NULL, NULL, NULL, 'left', NULL, NULL, NULL, 'blue', '0', 'primary', NULL, 'white', NULL, 'normal', NULL, NULL, NULL, NULL, NULL, NULL, '0.0', NULL, '2017-07-26 21:04:17', '2017-07-27 00:17:05', '927f103b-a811-4ea9-b621-ecd3eaf4b976'),
 ('38', '45', 'en_us', 'Measurement Reach', NULL, NULL, 'left', NULL, NULL, NULL, 'blue', '0', 'primary', NULL, 'white', NULL, 'normal', NULL, NULL, NULL, NULL, NULL, NULL, '0.0', NULL, '2017-07-26 21:17:47', '2017-07-26 21:17:47', '0a94bc86-2ccf-472f-967f-24bbf768e377'),
 ('39', '46', 'en_us', 'Measurement Reaction', NULL, NULL, 'left', NULL, NULL, NULL, 'blue', '0', 'primary', NULL, 'white', NULL, 'normal', NULL, NULL, NULL, NULL, NULL, NULL, '0.0', NULL, '2017-07-26 21:17:47', '2017-07-26 21:17:47', '13bcf584-e0cb-4a70-ab5a-136428a6212f'),
 ('40', '47', 'en_us', 'Measurement Resonance', NULL, NULL, 'left', NULL, NULL, NULL, 'blue', '0', 'primary', NULL, 'white', NULL, 'normal', NULL, NULL, NULL, NULL, NULL, NULL, '0.0', NULL, '2017-07-26 21:17:47', '2017-07-26 21:17:47', 'c5d19878-8b2e-48a3-9794-624333e980e5'),
 ('41', '48', 'en_us', 'Measurement Snap To', NULL, NULL, 'left', NULL, NULL, NULL, 'blue', '0', 'primary', NULL, 'white', NULL, 'normal', NULL, NULL, NULL, NULL, NULL, NULL, '0.0', NULL, '2017-07-26 21:17:47', '2017-07-26 21:17:47', '1da6e46c-7f4d-47cf-80e9-84d341eab08e'),
 ('42', '49', 'en_us', 'Measurement Verification', NULL, NULL, 'left', NULL, NULL, NULL, 'blue', '0', 'primary', NULL, 'white', NULL, 'normal', NULL, NULL, NULL, NULL, NULL, NULL, '0.0', NULL, '2017-07-26 21:17:47', '2017-07-26 21:17:47', '4e89b922-deb5-412f-ab7e-353529c5159c'),
 ('43', '50', 'en_us', 'Measurement Viewability', NULL, NULL, 'left', NULL, NULL, NULL, 'blue', '0', 'primary', NULL, 'white', NULL, 'normal', NULL, NULL, NULL, NULL, NULL, NULL, '0.0', NULL, '2017-07-26 21:19:01', '2017-07-26 21:19:01', '6f300093-cf4e-4bf3-bc3e-1a404cda8568'),
 ('54', '61', 'en_us', 'Snap To Store Clock 2X', NULL, NULL, 'left', NULL, NULL, NULL, 'blue', '0', 'primary', NULL, 'white', NULL, 'normal', NULL, NULL, NULL, NULL, NULL, NULL, '0.0', NULL, '2017-07-26 21:26:59', '2017-07-26 21:26:59', '30b84056-293c-417a-a2ae-1801f4b90374'),
 ('56', '63', 'en_us', NULL, NULL, NULL, 'left', NULL, NULL, NULL, 'blue', '0', 'primary', NULL, 'white', 'Snap to Store', 'normal', NULL, NULL, NULL, NULL, NULL, NULL, '0.0', NULL, '2017-07-26 21:27:42', '2017-07-27 00:17:06', '6ae4890e-e9e0-4dee-859d-0777abe579b4'),
 ('57', '64', 'en_us', NULL, NULL, NULL, 'left', NULL, NULL, NULL, 'blue', '0', 'primary', NULL, 'white', NULL, 'normal', NULL, NULL, NULL, NULL, NULL, NULL, '0.0', NULL, '2017-07-26 21:27:42', '2017-07-27 00:17:06', 'ac0e593d-d939-46a9-82c2-e9e33dcc0a0f'),
 ('61', '68', 'en_us', 'Snap To Store Chillahs 2X', NULL, NULL, 'left', NULL, NULL, NULL, 'blue', '0', 'primary', NULL, 'white', NULL, 'normal', NULL, NULL, NULL, NULL, NULL, NULL, '0.0', NULL, '2017-07-26 21:28:10', '2017-07-26 21:28:10', 'bdb104d1-8580-40f0-82ef-8bf3070ea837'),
 ('62', '69', 'en_us', NULL, NULL, NULL, 'left', NULL, NULL, NULL, 'blue', '0', 'primary', NULL, 'white', NULL, 'wide', NULL, NULL, NULL, NULL, NULL, NULL, '0.0', NULL, '2017-07-26 21:28:25', '2017-07-27 00:17:06', 'e8a57a5a-1376-486a-a7cd-9ff3e04fa59d'),
 ('64', '71', 'en_us', NULL, NULL, NULL, 'left', NULL, NULL, NULL, 'blue', '0', 'primary', NULL, 'gray', 'Third-party Partners', 'normal', NULL, NULL, NULL, NULL, NULL, NULL, '0.0', NULL, '2017-07-26 21:48:57', '2017-07-27 00:17:06', 'c87a7dca-afd6-40f7-b1d8-5089eb56213d'),
 ('65', '72', 'en_us', NULL, NULL, NULL, 'left', NULL, NULL, NULL, 'blue', '0', 'primary', NULL, 'white', NULL, 'normal', NULL, NULL, NULL, NULL, NULL, NULL, '0.0', NULL, '2017-07-26 21:48:57', '2017-07-27 00:17:06', 'adfd069e-98d6-423e-84ef-5dc4e9b69d61'),
 ('69', '76', 'en_us', 'Adjust 2X', NULL, NULL, 'left', NULL, NULL, NULL, 'blue', '0', 'primary', NULL, 'white', NULL, 'normal', NULL, NULL, NULL, NULL, NULL, NULL, '0.0', NULL, '2017-07-26 21:58:07', '2017-07-26 21:58:07', '35bed11d-4a20-4a0a-8d8a-56a2b9288aff'),
 ('70', '77', 'en_us', 'Appsflyer 2X', NULL, NULL, 'left', NULL, NULL, NULL, 'blue', '0', 'primary', NULL, 'white', NULL, 'normal', NULL, NULL, NULL, NULL, NULL, NULL, '0.0', NULL, '2017-07-26 21:58:07', '2017-07-26 21:58:07', '0dc5ec3a-e28a-4a7f-b406-46df9d505979'),
 ('71', '78', 'en_us', 'Doubleclick 2X', NULL, NULL, 'left', NULL, NULL, NULL, 'blue', '0', 'primary', NULL, 'white', NULL, 'normal', NULL, NULL, NULL, NULL, NULL, NULL, '0.0', NULL, '2017-07-26 21:58:07', '2017-07-26 21:58:07', '9a9092bd-f7db-4712-bb08-4046daac7835'),
 ('72', '79', 'en_us', 'Innovid 2X', NULL, NULL, 'left', NULL, NULL, NULL, 'blue', '0', 'primary', NULL, 'white', NULL, 'normal', NULL, NULL, NULL, NULL, NULL, NULL, '0.0', NULL, '2017-07-26 21:58:08', '2017-07-26 21:58:08', '1afe5344-ba8d-4e8e-80bc-391b5c12df5f'),
 ('73', '80', 'en_us', 'Kochava 2X', NULL, NULL, 'left', NULL, NULL, NULL, 'blue', '0', 'primary', NULL, 'white', NULL, 'normal', NULL, NULL, NULL, NULL, NULL, NULL, '0.0', NULL, '2017-07-26 21:58:08', '2017-07-26 21:58:08', 'd0790931-6630-4e72-9430-d8725cf3444f'),
 ('74', '81', 'en_us', 'Liveramp 2X', NULL, NULL, 'left', NULL, NULL, NULL, 'blue', '0', 'primary', NULL, 'white', NULL, 'normal', NULL, NULL, NULL, NULL, NULL, NULL, '0.0', NULL, '2017-07-26 21:58:08', '2017-07-26 21:58:08', 'ed0de6d8-fae9-45fa-a630-d0d04c807328'),
 ('75', '82', 'en_us', 'Millwardbrown 2X', NULL, NULL, 'left', NULL, NULL, NULL, 'blue', '0', 'primary', NULL, 'white', NULL, 'normal', NULL, NULL, NULL, NULL, NULL, NULL, '0.0', NULL, '2017-07-26 21:58:10', '2017-07-26 21:58:10', 'a81644ae-b7fb-4425-bcb4-79e9630b3f00'),
 ('76', '83', 'en_us', 'Moat 2X', NULL, NULL, 'left', NULL, NULL, NULL, 'blue', '0', 'primary', NULL, 'white', NULL, 'normal', NULL, NULL, NULL, NULL, NULL, NULL, '0.0', NULL, '2017-07-26 21:58:11', '2017-07-26 21:58:11', '4eb7105a-c369-4ec5-8a4f-63ab6215605d'),
 ('77', '84', 'en_us', 'Neustar 2X', NULL, NULL, 'left', NULL, NULL, NULL, 'blue', '0', 'primary', NULL, 'white', NULL, 'normal', NULL, NULL, NULL, NULL, NULL, NULL, '0.0', NULL, '2017-07-26 21:58:11', '2017-07-26 21:58:11', '707f0fa9-bb7f-47da-82bb-77242902d435'),
 ('78', '85', 'en_us', 'Nielsen 2X', NULL, NULL, 'left', NULL, NULL, NULL, 'blue', '0', 'primary', NULL, 'white', NULL, 'normal', NULL, NULL, NULL, NULL, NULL, NULL, '0.0', NULL, '2017-07-26 21:58:11', '2017-07-26 21:58:11', 'd11bb57e-14a1-4cb5-b406-7eb350fa092d'),
 ('79', '86', 'en_us', 'Oracle 2X', NULL, NULL, 'left', NULL, NULL, NULL, 'blue', '0', 'primary', NULL, 'white', NULL, 'normal', NULL, NULL, NULL, NULL, NULL, NULL, '0.0', NULL, '2017-07-26 21:58:11', '2017-07-26 21:58:11', 'e96df2d1-de4c-49a6-8ab2-f95fee208efd'),
 ('80', '87', 'en_us', 'Placed 2X', NULL, NULL, 'left', NULL, NULL, NULL, 'blue', '0', 'primary', NULL, 'white', NULL, 'normal', NULL, NULL, NULL, NULL, NULL, NULL, '0.0', NULL, '2017-07-26 21:58:11', '2017-07-26 21:58:11', '1fcebcd3-bdbc-48e2-ae07-0c0b8d81889a'),
 ('81', '88', 'en_us', 'Singular 2X', NULL, NULL, 'left', NULL, NULL, NULL, 'blue', '0', 'primary', NULL, 'white', NULL, 'normal', NULL, NULL, NULL, NULL, NULL, NULL, '0.0', NULL, '2017-07-26 21:58:12', '2017-07-26 21:58:12', '1bed6e56-7625-4f2f-bf95-38a48864c178'),
 ('82', '89', 'en_us', 'Sizmek 2X', NULL, NULL, 'left', NULL, NULL, NULL, 'blue', '0', 'primary', NULL, 'white', NULL, 'normal', NULL, NULL, NULL, NULL, NULL, NULL, '0.0', NULL, '2017-07-26 21:58:12', '2017-07-26 21:58:12', '4a0bde4c-fd88-4e02-bef3-30a045d6f355'),
 ('83', '90', 'en_us', 'Tune 2X', NULL, NULL, 'left', NULL, NULL, NULL, 'blue', '0', 'primary', NULL, 'white', NULL, 'normal', NULL, NULL, NULL, NULL, NULL, NULL, '0.0', NULL, '2017-07-26 21:58:12', '2017-07-26 21:58:12', '1c89796a-c53a-4744-b638-f3d440a3dabe'),
 ('84', '91', 'en_us', NULL, NULL, NULL, 'left', NULL, NULL, NULL, 'blue', '0', 'primary', NULL, 'white', NULL, 'normal', NULL, NULL, NULL, NULL, NULL, NULL, '0.0', NULL, '2017-07-26 22:00:39', '2017-07-27 00:17:06', 'e20098ba-3631-4229-896a-0236a531e284'),
 ('85', '97', 'en_us', 'Ic Success Logo Abinbev@2X', NULL, NULL, 'left', NULL, NULL, NULL, 'blue', '0', 'primary', NULL, 'gray', NULL, 'normal', NULL, NULL, NULL, NULL, NULL, NULL, '0.0', NULL, '2017-07-26 22:25:00', '2017-07-26 22:25:00', '8f309ae0-78f2-446a-945c-f9fab8764a62'),
 ('86', '98', 'en_us', 'Solutions', NULL, 'solutions', 'left', NULL, NULL, NULL, 'blue', '1', 'primary', NULL, 'gray', NULL, 'normal', NULL, NULL, NULL, NULL, NULL, NULL, '0.0', NULL, '2017-07-26 22:48:34', '2017-08-03 19:02:44', '7887f5cc-a45e-4fae-a365-9f99cce6f4ff'),
 ('87', '99', 'en_us', 'Geofilter Phil Phone Screen@2X', NULL, NULL, 'left', NULL, NULL, NULL, 'blue', '0', 'primary', NULL, 'gray', NULL, 'normal', NULL, NULL, NULL, NULL, NULL, NULL, '0.0', NULL, '2017-07-26 22:54:45', '2017-07-26 22:54:45', 'c22930d4-b12e-4d7f-928c-bd0c5430e56c'),
 ('88', '100', 'en_us', 'Postmates Drive Action@2X', NULL, NULL, 'left', NULL, NULL, NULL, 'blue', '0', 'primary', NULL, 'gray', NULL, 'normal', NULL, NULL, NULL, NULL, NULL, NULL, '0.0', NULL, '2017-07-26 22:54:45', '2017-07-26 22:54:45', '6725a755-7e64-4a04-b07f-2cba29cc4072'),
 ('89', '101', 'en_us', 'Lga Geo Filter 2X', NULL, NULL, 'left', NULL, NULL, NULL, 'blue', '0', 'primary', NULL, 'gray', NULL, 'normal', NULL, NULL, NULL, NULL, NULL, NULL, '0.0', NULL, '2017-07-26 22:54:59', '2017-07-26 22:54:59', 'f45d3914-689c-49fb-9012-756942319412'),
 ('90', '102', 'en_us', 'Target Ad 2X', NULL, NULL, 'left', NULL, NULL, NULL, 'blue', '0', 'primary', NULL, 'gray', NULL, 'normal', NULL, NULL, NULL, NULL, NULL, NULL, '0.0', NULL, '2017-07-26 22:59:08', '2017-07-26 22:59:08', '13151fc0-5cb3-4851-b542-4103b7dcd286'),
 ('91', '103', 'en_us', 'Warby Parker Geo Filter 2X', NULL, NULL, 'left', NULL, NULL, NULL, 'blue', '0', 'primary', NULL, 'gray', NULL, 'normal', NULL, NULL, NULL, NULL, NULL, NULL, '0.0', NULL, '2017-07-26 22:59:11', '2017-07-26 22:59:11', '6221be52-b537-49a1-bc8f-a14052950b32'),
 ('92', '104', 'en_us', 'Weby Parker Geo Filter 2X', NULL, NULL, 'left', NULL, NULL, NULL, 'blue', '0', 'primary', NULL, 'gray', NULL, 'normal', NULL, NULL, NULL, NULL, NULL, NULL, '0.0', NULL, '2017-07-26 23:01:58', '2017-07-26 23:01:58', '878bfdea-dcc4-49cd-824a-cbb5c042af49'),
 ('93', '105', 'en_us', 'Snap Ads Gatorade Phone Screen@2X', NULL, NULL, 'left', NULL, NULL, NULL, 'blue', '0', 'primary', NULL, 'gray', NULL, 'normal', NULL, NULL, NULL, NULL, NULL, NULL, '0.0', NULL, '2017-07-26 23:02:27', '2017-07-26 23:02:27', '4f006099-efa8-43ce-97aa-2ef29ebae453'),
 ('94', '106', 'en_us', 'Snap Ads Under Armour Phone Screen@2X', NULL, NULL, 'left', NULL, NULL, NULL, 'blue', '0', 'primary', NULL, 'gray', NULL, 'normal', NULL, NULL, NULL, NULL, NULL, NULL, '0.0', NULL, '2017-07-26 23:02:28', '2017-07-26 23:02:28', '982715c3-7bb9-4ab3-9340-59e5d19212b6'),
 ('95', '107', 'en_us', NULL, NULL, NULL, 'left', NULL, NULL, NULL, 'blue', '0', 'primary', NULL, 'gray', 'Overview', 'normal', NULL, NULL, NULL, NULL, NULL, NULL, '0.0', NULL, '2017-07-26 23:03:48', '2017-08-03 19:02:44', '5bb85d1a-37af-42eb-a8f2-dff9468aefbd'),
 ('96', '108', 'en_us', NULL, NULL, NULL, 'left', NULL, NULL, 'Our ad products are fun and effective, for every objective', 'blue', '0', 'primary', '', 'gray', NULL, 'normal', NULL, NULL, NULL, NULL, NULL, NULL, '0.0', NULL, '2017-07-26 23:03:48', '2017-08-03 19:02:44', '7aac4380-552f-482d-82eb-7fe02ae290d5'),
 ('98', '110', 'en_us', NULL, NULL, NULL, 'left', NULL, NULL, NULL, 'blue', '0', 'primary', NULL, 'gray', NULL, 'normal', NULL, NULL, NULL, NULL, NULL, NULL, '0.0', NULL, '2017-07-26 23:03:48', '2017-08-03 19:02:44', '068bf86a-5a95-498c-a98c-c16fa065687e'),
 ('106', '118', 'en_us', NULL, NULL, NULL, 'left', NULL, NULL, NULL, 'blue', '0', 'primary', NULL, 'gray', 'Filters', 'normal', NULL, NULL, NULL, NULL, NULL, NULL, '0.0', NULL, '2017-07-26 23:03:48', '2017-08-03 19:02:45', 'dcdd1e3f-7fb9-4ac8-ba37-cb3f8fe6f381'),
 ('107', '119', 'en_us', NULL, NULL, NULL, 'left', NULL, NULL, 'Filters', 'blue', '0', 'primary', 'Filters allow you to be where your product is bought, thought about, or consumed. Create your own Filter and drive awareness, advocacy, and action in one package.', 'gray', NULL, 'normal', NULL, NULL, NULL, NULL, NULL, NULL, '0.0', NULL, '2017-07-26 23:03:48', '2017-08-03 19:02:45', '96514e1e-0242-48af-82e1-3e2445300ba1'),
 ('112', '124', 'en_us', NULL, NULL, NULL, 'left', NULL, NULL, NULL, 'blue', '0', 'primary', NULL, 'gray', NULL, 'normal', NULL, NULL, NULL, NULL, NULL, NULL, '0.0', NULL, '2017-07-26 23:03:48', '2017-08-03 19:02:45', '21f8ef89-09ff-49eb-a979-48020e807bfa'),
 ('116', '128', 'en_us', NULL, NULL, NULL, 'left', NULL, NULL, NULL, 'blue', '0', 'primary', NULL, 'white', 'Lenses', 'normal', NULL, NULL, NULL, NULL, NULL, NULL, '0.0', NULL, '2017-07-26 23:03:48', '2017-08-03 19:02:45', '1529ef07-57ae-46ec-8b34-4c386b337773'),
 ('117', '129', 'en_us', NULL, NULL, NULL, 'left', NULL, NULL, 'Lenses', 'blue', '0', 'primary', 'Lenses are the most playful and memorable way to increase awareness, on a massive scale. With one tap, you can invite Snapchatters into your world — and your story.', 'gray', NULL, 'normal', NULL, NULL, NULL, NULL, NULL, NULL, '0.0', NULL, '2017-07-26 23:03:48', '2017-08-03 19:02:45', '0df5d78e-2628-4c15-8206-3a01568f058f'),
 ('120', '132', 'en_us', NULL, NULL, NULL, 'left', NULL, NULL, NULL, 'blue', '0', 'primary', NULL, 'gray', NULL, 'normal', NULL, NULL, NULL, NULL, NULL, NULL, '0.0', NULL, '2017-07-26 23:03:48', '2017-08-03 19:02:45', '19eb5613-9d7b-4289-9f18-b1df6c7f0246'),
 ('124', '136', 'en_us', NULL, NULL, NULL, 'left', NULL, NULL, NULL, 'blue', '0', 'primary', NULL, 'gray', 'Video', 'normal', NULL, NULL, NULL, NULL, NULL, NULL, '0.0', NULL, '2017-07-26 23:03:49', '2017-08-03 19:02:45', 'a1c393a8-563e-4235-823f-792273b0ef7e'),
 ('125', '137', 'en_us', NULL, NULL, NULL, 'left', NULL, NULL, 'See where your ads will run on Snapchat', 'blue', '0', 'primary', '', 'gray', NULL, 'normal', NULL, NULL, NULL, NULL, NULL, NULL, '0.0', NULL, '2017-07-26 23:03:49', '2017-08-03 19:02:45', '29bdeb3a-8372-4df0-9e2c-87597cc489f5'),
 ('128', '141', 'en_us', 'Chillah Device', NULL, NULL, 'left', NULL, NULL, NULL, 'blue', '0', 'primary', NULL, 'gray', NULL, 'normal', NULL, NULL, NULL, NULL, NULL, NULL, '0.0', NULL, '2017-07-26 23:10:18', '2017-07-26 23:10:18', '59215124-9ca1-4f19-b083-8b271b072ca8'),
 ('129', '142', 'en_us', 'Chillah Heart Eyes', NULL, NULL, 'left', NULL, NULL, NULL, 'blue', '0', 'primary', NULL, 'gray', NULL, 'normal', NULL, NULL, NULL, NULL, NULL, NULL, '0.0', NULL, '2017-07-26 23:10:18', '2017-07-26 23:10:18', '06adb3ff-3626-46f9-bf31-871ba61d7859'),
 ('130', '143', 'en_us', 'Chillah Hearts', NULL, NULL, 'left', NULL, NULL, NULL, 'blue', '0', 'primary', NULL, 'gray', NULL, 'normal', NULL, NULL, NULL, NULL, NULL, NULL, '0.0', NULL, '2017-07-26 23:10:19', '2017-07-26 23:10:19', 'd00d7e09-d28b-4076-8a97-0f4eb1baa43d'),
 ('131', '144', 'en_us', NULL, NULL, NULL, 'left', NULL, NULL, NULL, 'blue', '0', 'primary', NULL, 'white', 'Snap Ads', 'normal', NULL, NULL, NULL, NULL, NULL, NULL, '0.0', NULL, '2017-07-26 23:22:13', '2017-08-03 19:02:44', '88d5e544-d7e4-40c2-8fc3-220f37def7d1'),
 ('132', '145', 'en_us', 'Devices Nav 1', NULL, NULL, 'left', NULL, NULL, NULL, 'blue', '0', 'primary', NULL, 'gray', NULL, 'normal', NULL, NULL, NULL, NULL, NULL, NULL, '0.0', NULL, '2017-07-26 23:31:02', '2017-07-26 23:31:02', '86b94226-bb67-4d98-8f5e-7327763eb8b7'),
 ('133', '146', 'en_us', 'Devices Nav 2', NULL, NULL, 'left', NULL, NULL, NULL, 'blue', '0', 'primary', NULL, 'gray', NULL, 'normal', NULL, NULL, NULL, NULL, NULL, NULL, '0.0', NULL, '2017-07-26 23:31:02', '2017-07-26 23:31:02', 'faaedf76-301a-4c01-b756-fdeb495c2b7b'),
 ('134', '147', 'en_us', 'Devices Nav 3', NULL, NULL, 'left', NULL, NULL, NULL, 'blue', '0', 'primary', NULL, 'gray', NULL, 'normal', NULL, NULL, NULL, NULL, NULL, NULL, '0.0', NULL, '2017-07-26 23:31:02', '2017-07-26 23:31:02', '9a8a39c3-866a-48fd-84bc-95c114b56d00'),
 ('135', '148', 'en_us', 'Devices Nav 4', NULL, NULL, 'left', NULL, NULL, NULL, 'blue', '0', 'primary', NULL, 'gray', NULL, 'normal', NULL, NULL, NULL, NULL, NULL, NULL, '0.0', NULL, '2017-07-26 23:31:02', '2017-07-26 23:31:02', '39b3f341-c4e5-4901-8005-de80836ae4a3'),
 ('136', '149', 'en_us', 'Solutions Device 1', NULL, NULL, 'left', NULL, NULL, NULL, 'blue', '0', 'primary', NULL, 'gray', NULL, 'normal', NULL, NULL, NULL, NULL, NULL, NULL, '0.0', NULL, '2017-07-26 23:31:07', '2017-07-26 23:31:07', 'a63ff91a-10fe-40a8-a635-399fcaeec005'),
 ('137', '150', 'en_us', 'Solutions Device 2', NULL, NULL, 'left', NULL, NULL, NULL, 'blue', '0', 'primary', NULL, 'gray', NULL, 'normal', NULL, NULL, NULL, NULL, NULL, NULL, '0.0', NULL, '2017-07-26 23:31:10', '2017-07-26 23:31:10', '09b3b2ad-2b87-4f77-8681-3b2dd923c7ba'),
 ('138', '151', 'en_us', 'Solutions Device 3', NULL, NULL, 'left', NULL, NULL, NULL, 'blue', '0', 'primary', NULL, 'gray', NULL, 'normal', NULL, NULL, NULL, NULL, NULL, NULL, '0.0', NULL, '2017-07-26 23:31:10', '2017-07-26 23:31:10', 'b00f9cae-0fe6-42d2-a73e-0505677e24d2'),
 ('139', '152', 'en_us', 'Solutions Device 4', NULL, NULL, 'left', NULL, NULL, NULL, 'blue', '0', 'primary', NULL, 'gray', NULL, 'normal', NULL, NULL, NULL, NULL, NULL, NULL, '0.0', NULL, '2017-07-26 23:31:11', '2017-07-26 23:31:11', '4d537403-7cc5-4975-9708-eeffc9d4fdfe'),
 ('140', '153', 'en_us', 'Solutions Device 5', NULL, NULL, 'left', NULL, NULL, NULL, 'blue', '0', 'primary', NULL, 'gray', NULL, 'normal', NULL, NULL, NULL, NULL, NULL, NULL, '0.0', NULL, '2017-07-26 23:31:11', '2017-07-26 23:31:11', 'ad03f9cc-0614-4301-8219-fe9c35fffde6'),
 ('141', '154', 'en_us', 'Solutions Device 6', NULL, NULL, 'left', NULL, NULL, NULL, 'blue', '0', 'primary', NULL, 'gray', NULL, 'normal', NULL, NULL, NULL, NULL, NULL, NULL, '0.0', NULL, '2017-07-26 23:31:11', '2017-07-26 23:31:11', '22d6abbf-e8ca-43ac-93f9-a443a49cd4ab'),
 ('142', '155', 'en_us', 'Solutions Device 7', NULL, NULL, 'left', NULL, NULL, NULL, 'blue', '0', 'primary', NULL, 'gray', NULL, 'normal', NULL, NULL, NULL, NULL, NULL, NULL, '0.0', NULL, '2017-07-26 23:31:11', '2017-07-26 23:31:11', '92a63ed4-0b19-4057-8fbf-33b786e1f213'),
 ('143', '156', 'en_us', 'Solutions Device 8', NULL, NULL, 'left', NULL, NULL, NULL, 'blue', '0', 'primary', NULL, 'gray', NULL, 'normal', NULL, NULL, NULL, NULL, NULL, NULL, '0.0', NULL, '2017-07-26 23:31:11', '2017-07-26 23:31:11', 'dc7c2ad0-5f43-4c57-a24a-de9bec7fc471'),
 ('144', '157', 'en_us', 'Solutions Device 9', NULL, NULL, 'left', NULL, NULL, NULL, 'blue', '0', 'primary', NULL, 'gray', NULL, 'normal', NULL, NULL, NULL, NULL, NULL, NULL, '0.0', NULL, '2017-07-26 23:31:11', '2017-07-26 23:31:11', '10f8a16f-2369-4b04-918b-01c23ace3299'),
 ('145', '158', 'en_us', 'Solutions Device 10', NULL, NULL, 'left', NULL, NULL, NULL, 'blue', '0', 'primary', NULL, 'gray', NULL, 'normal', NULL, NULL, NULL, NULL, NULL, NULL, '0.0', NULL, '2017-07-26 23:31:12', '2017-07-26 23:31:12', 'ae6fe380-2461-478d-9908-9bae45e9ad2c'),
 ('146', '159', 'en_us', 'Solutions Device 11', NULL, NULL, 'left', NULL, NULL, NULL, 'blue', '0', 'primary', NULL, 'gray', NULL, 'normal', NULL, NULL, NULL, NULL, NULL, NULL, '0.0', NULL, '2017-07-26 23:31:12', '2017-07-26 23:31:12', 'afd53a8c-5e4c-4af8-aed0-c7a0136d254c'),
 ('147', '160', 'en_us', 'Solutions Device 12', NULL, NULL, 'left', NULL, NULL, NULL, 'blue', '0', 'primary', NULL, 'gray', NULL, 'normal', NULL, NULL, NULL, NULL, NULL, NULL, '0.0', NULL, '2017-07-26 23:31:12', '2017-07-26 23:31:12', '9dce6082-930f-4956-813b-a6c9796b8eae'),
 ('148', '161', 'en_us', 'Solutions Device 13', NULL, NULL, 'left', NULL, NULL, NULL, 'blue', '0', 'primary', NULL, 'gray', NULL, 'normal', NULL, NULL, NULL, NULL, NULL, NULL, '0.0', NULL, '2017-07-26 23:31:12', '2017-07-26 23:31:12', '4ff9524f-9b60-4bd0-84e4-e2b85b1d953d'),
 ('149', '162', 'en_us', NULL, NULL, NULL, 'left', NULL, NULL, NULL, 'blue', '0', 'primary', NULL, 'gray', NULL, 'normal', NULL, NULL, NULL, NULL, NULL, NULL, '0.0', NULL, '2017-07-26 23:33:33', '2017-08-03 19:02:44', '96704174-f4a8-46aa-96a6-943edf152bf7'),
 ('158', '172', 'en_us', 'Ad Manager 2X', NULL, NULL, 'left', NULL, NULL, NULL, 'blue', '0', 'primary', NULL, 'gray', NULL, 'normal', NULL, NULL, NULL, NULL, NULL, NULL, '0.0', NULL, '2017-07-27 17:17:05', '2017-07-27 17:17:05', '6d62a38b-ba26-4e96-a989-bcf02a3e4b08'),
 ('167', '183', 'en_us', NULL, NULL, NULL, 'left', NULL, NULL, NULL, 'blue', '0', 'primary', NULL, 'gray', 'Overview', 'normal', NULL, NULL, NULL, NULL, NULL, NULL, '0.0', NULL, '2017-08-01 20:54:27', '2017-08-03 17:11:59', '834a1e41-2eeb-43ce-a63d-1b307c5b9786'),
 ('170', '190', 'en_us', NULL, NULL, NULL, 'left', NULL, NULL, NULL, 'blue', '0', 'primary', NULL, 'gray', NULL, 'normal', NULL, NULL, NULL, NULL, NULL, NULL, '0.0', NULL, '2017-08-01 22:35:00', '2017-08-03 17:11:59', '3df032e4-9851-4549-8945-5783663c8270'),
 ('172', '194', 'en_us', NULL, NULL, NULL, 'left', NULL, NULL, NULL, 'blue', '0', 'primary', NULL, 'gray', NULL, 'normal', NULL, NULL, NULL, NULL, NULL, NULL, '0.0', NULL, '2017-08-02 00:32:52', '2017-08-03 17:11:59', 'a345c131-3f3f-446a-877a-51c4ad166728'),
 ('178', '202', 'en_us', NULL, NULL, NULL, 'left', NULL, '{\"type\":\"entry\",\"custom\":\"\",\"entry\":[\"2\"],\"customText\":\"\",\"target\":\"\"}', 'heeeeadline', 'blue', '0', 'primary', 'suuuuubhead', 'gray', NULL, 'normal', NULL, NULL, NULL, NULL, NULL, NULL, '0.0', NULL, '2017-08-03 17:08:09', '2017-08-03 17:11:59', '034126f2-2a96-4cf3-a943-cf95757320d9'),
 ('179', '205', 'en_us', 'Site Navigation', NULL, NULL, 'left', NULL, NULL, NULL, 'blue', '0', 'primary', NULL, 'gray', NULL, 'normal', NULL, NULL, NULL, NULL, NULL, NULL, '0.0', NULL, '2017-08-03 18:22:51', '2017-08-03 18:22:51', 'ba03e1d8-8366-480c-9624-c6ecd9abe231'),
 ('180', '209', 'en_us', NULL, NULL, NULL, 'left', NULL, NULL, 'Snap Ads', 'blue', '0', 'primary', 'The original vertical video ad — now with attachments customized for your objectives.', 'gray', NULL, 'normal', NULL, NULL, NULL, NULL, NULL, NULL, '0.0', NULL, '2017-08-03 18:50:27', '2017-08-03 19:02:44', 'd6a9cba8-ec19-4382-a16f-900263efbe86'),
 ('181', '221', 'en_us', NULL, NULL, NULL, 'left', NULL, NULL, NULL, 'blue', '0', 'primary', NULL, 'gray', NULL, 'wide', NULL, NULL, NULL, NULL, NULL, NULL, '0.0', NULL, '2017-08-03 19:02:45', '2017-08-03 19:02:45', 'd4ea8453-c40e-4edc-9c12-1ba156590b80');



DROP TABLE IF EXISTS `craft_deprecationerrors`;


--
-- Schema for table `craft_deprecationerrors`
--
CREATE TABLE `craft_deprecationerrors` (
  `id` int(11) NOT NULL AUTO_INCREMENT,
  `key` varchar(255) COLLATE utf8_unicode_ci NOT NULL,
  `fingerprint` varchar(255) COLLATE utf8_unicode_ci NOT NULL,
  `lastOccurrence` datetime NOT NULL,
  `file` varchar(255) COLLATE utf8_unicode_ci NOT NULL,
  `line` smallint(6) unsigned NOT NULL,
  `class` varchar(255) COLLATE utf8_unicode_ci DEFAULT NULL,
  `method` varchar(255) COLLATE utf8_unicode_ci DEFAULT NULL,
  `template` varchar(255) COLLATE utf8_unicode_ci DEFAULT NULL,
  `templateLine` smallint(6) unsigned DEFAULT NULL,
  `message` varchar(255) COLLATE utf8_unicode_ci DEFAULT NULL,
  `traces` text COLLATE utf8_unicode_ci,
  `dateCreated` datetime NOT NULL,
  `dateUpdated` datetime NOT NULL,
  `uid` char(36) COLLATE utf8_unicode_ci NOT NULL DEFAULT '0',
  PRIMARY KEY (`id`),
  UNIQUE KEY `craft_deprecationerrors_key_fingerprint_unq_idx` (`key`,`fingerprint`)
) ENGINE=InnoDB DEFAULT CHARSET=utf8 COLLATE=utf8_unicode_ci;

DROP TABLE IF EXISTS `craft_elementindexsettings`;


--
-- Schema for table `craft_elementindexsettings`
--
CREATE TABLE `craft_elementindexsettings` (
  `id` int(11) NOT NULL AUTO_INCREMENT,
  `type` varchar(150) COLLATE utf8_unicode_ci NOT NULL,
  `settings` text COLLATE utf8_unicode_ci,
  `dateCreated` datetime NOT NULL,
  `dateUpdated` datetime NOT NULL,
  `uid` char(36) COLLATE utf8_unicode_ci NOT NULL DEFAULT '0',
  PRIMARY KEY (`id`),
  UNIQUE KEY `craft_elementindexsettings_type_unq_idx` (`type`)
) ENGINE=InnoDB AUTO_INCREMENT=2 DEFAULT CHARSET=utf8 COLLATE=utf8_unicode_ci;

--
-- Data for table `craft_elementindexsettings`
--

INSERT INTO `craft_elementindexsettings` (`id`, `type`, `settings`, `dateCreated`, `dateUpdated`, `uid`) VALUES
 ('1', 'Entry', '{\"sourceOrder\":[[\"key\",\"*\"],[\"key\",\"singles\"],[\"key\",\"section:2\"],[\"key\",\"section:3\"],[\"key\",\"section:4\"]],\"sources\":{\"section:3\":{\"tableAttributes\":{\"1\":\"postDate\",\"2\":\"expiryDate\",\"3\":\"author\",\"4\":\"link\"}},\"*\":{\"tableAttributes\":{\"1\":\"section\",\"2\":\"postDate\",\"3\":\"expiryDate\",\"4\":\"author\",\"5\":\"link\"}},\"singles\":{\"tableAttributes\":{\"1\":\"author\",\"2\":\"link\"}},\"section:2\":{\"tableAttributes\":{\"1\":\"postDate\",\"2\":\"expiryDate\",\"3\":\"author\",\"4\":\"link\"}},\"section:4\":{\"tableAttributes\":{\"1\":\"postDate\",\"2\":\"expiryDate\",\"3\":\"author\",\"4\":\"link\"}}}}', '2017-07-20 21:25:57', '2017-07-26 23:59:15', 'bfa1f50b-98ce-4373-ae00-6ec376dcc6a8');



DROP TABLE IF EXISTS `craft_elements`;


--
-- Schema for table `craft_elements`
--
CREATE TABLE `craft_elements` (
  `id` int(11) NOT NULL AUTO_INCREMENT,
  `type` varchar(150) COLLATE utf8_unicode_ci NOT NULL,
  `enabled` tinyint(1) unsigned NOT NULL DEFAULT '1',
  `archived` tinyint(1) unsigned NOT NULL DEFAULT '0',
  `dateCreated` datetime NOT NULL,
  `dateUpdated` datetime NOT NULL,
  `uid` char(36) COLLATE utf8_unicode_ci NOT NULL DEFAULT '0',
  PRIMARY KEY (`id`),
  KEY `craft_elements_type_idx` (`type`),
  KEY `craft_elements_enabled_idx` (`enabled`),
  KEY `craft_elements_archived_dateCreated_idx` (`archived`,`dateCreated`)
) ENGINE=InnoDB AUTO_INCREMENT=222 DEFAULT CHARSET=utf8 COLLATE=utf8_unicode_ci;

--
-- Data for table `craft_elements`
--

INSERT INTO `craft_elements` (`id`, `type`, `enabled`, `archived`, `dateCreated`, `dateUpdated`, `uid`) VALUES
 ('1', 'User', '1', '0', '2017-07-20 17:27:58', '2017-07-28 21:23:12', '6d4428d4-0a00-435c-a598-147c9fd3efdb'),
 ('2', 'Entry', '1', '0', '2017-07-20 17:27:59', '2017-08-03 18:44:26', '406a63b5-b13a-4093-a6a8-1e9b195f1f61'),
 ('3', 'Entry', '1', '0', '2017-07-20 17:27:59', '2017-07-20 21:26:43', '1d09e80a-d322-4770-8149-dc0f368af815'),
 ('8', 'Asset', '1', '0', '2017-07-20 22:19:56', '2017-07-20 22:19:56', 'cefb37f8-4894-421a-909e-792c429c1e63'),
 ('14', 'Asset', '1', '0', '2017-07-20 22:49:12', '2017-07-20 22:49:12', '0ebe6b71-5acd-4531-976f-b10e1b50dede'),
 ('15', 'Asset', '1', '0', '2017-07-20 22:49:12', '2017-07-20 22:49:12', '63ced460-aca3-41d5-b21b-7e1b860d93ff'),
 ('16', 'Asset', '1', '0', '2017-07-20 22:49:12', '2017-07-20 22:49:12', 'e492ce25-f7c9-4db4-ab90-d1e4301c527e'),
 ('26', 'GlobalSet', '1', '0', '2017-07-21 23:07:14', '2017-07-27 00:15:05', 'b01d054e-4598-489a-845a-62a64576a4b9'),
 ('28', 'MatrixBlock', '1', '0', '2017-07-21 23:14:01', '2017-07-27 00:15:05', 'a0f9c4b0-e34a-4e4c-b8dc-86ad77682141'),
 ('29', 'MatrixBlock', '1', '0', '2017-07-21 23:14:01', '2017-07-27 00:15:05', '3b1f262b-6f0e-4745-b565-cae37a40a47e'),
 ('31', 'MatrixBlock', '1', '0', '2017-07-21 23:14:01', '2017-07-27 00:15:05', '1e6a5634-cf65-4644-91c4-862979bb68c8'),
 ('33', 'Entry', '1', '0', '2017-07-21 23:29:50', '2017-07-26 22:26:19', 'e7041aba-157d-43ec-aba2-0592b2469563'),
 ('34', 'Neo_Block', '1', '0', '2017-07-26 20:51:36', '2017-07-27 00:17:05', '2445894d-9d85-4202-b576-95130db0432b'),
 ('35', 'Neo_Block', '1', '0', '2017-07-26 20:51:36', '2017-07-27 00:17:05', 'c48f927b-8d23-4f76-a230-594540cf2b42'),
 ('36', 'Neo_Block', '1', '0', '2017-07-26 20:51:36', '2017-07-27 00:17:05', 'ec7ffbd5-a9fc-43ae-afbf-e4648e508039'),
 ('38', 'Asset', '1', '0', '2017-07-26 21:01:07', '2017-07-26 21:01:07', '4cfc8412-f87b-43bf-ab6d-5016bfa685ea'),
 ('39', 'Neo_Block', '1', '0', '2017-07-26 21:04:17', '2017-07-27 00:17:05', 'b7081961-af09-4cc6-a112-fa9e0f57b7b5'),
 ('40', 'Neo_Block', '1', '0', '2017-07-26 21:04:17', '2017-07-27 00:17:05', '8d943664-82ed-4751-b1f0-806344cd425f'),
 ('42', 'Neo_Block', '1', '0', '2017-07-26 21:04:17', '2017-07-27 00:17:05', '5611230c-ad7f-48cf-8184-a89b6f508c25'),
 ('43', 'Neo_Block', '1', '0', '2017-07-26 21:04:17', '2017-07-27 00:17:05', '75c00219-0424-4a66-a767-e8f4934f4fbe'),
 ('44', 'Neo_Block', '1', '0', '2017-07-26 21:04:17', '2017-07-27 00:17:05', '04c61613-a219-4783-b8f7-ff142dd2e94f'),
 ('45', 'Asset', '1', '0', '2017-07-26 21:17:47', '2017-07-26 21:17:47', 'ca7a0ac6-d5dc-44a1-98eb-1a0dbf13b8ff'),
 ('46', 'Asset', '1', '0', '2017-07-26 21:17:47', '2017-07-26 21:17:47', '38b84f21-558f-4e36-a9e5-db2a976f563d'),
 ('47', 'Asset', '1', '0', '2017-07-26 21:17:47', '2017-07-26 21:17:47', '953c2d1a-b979-43f4-844c-db4a044cb37e'),
 ('48', 'Asset', '1', '0', '2017-07-26 21:17:47', '2017-07-26 21:17:47', 'a7dc6d80-4466-43bc-9298-c5e6fa1406b0'),
 ('49', 'Asset', '1', '0', '2017-07-26 21:17:47', '2017-07-26 21:17:47', '0dcd21f9-e47d-4444-88e9-dc54ad5de145'),
 ('50', 'Asset', '1', '0', '2017-07-26 21:19:01', '2017-07-26 21:19:01', '485cea7e-61d1-4b98-b835-58c553d39d23'),
 ('61', 'Asset', '1', '0', '2017-07-26 21:26:59', '2017-07-26 21:26:59', '8e73837a-3a5d-42e4-a6f0-e08f1152ca37'),
 ('63', 'Neo_Block', '1', '0', '2017-07-26 21:27:42', '2017-07-27 00:17:06', 'c5c39038-2ba2-4c6f-8a71-5838b2719262'),
 ('64', 'Neo_Block', '1', '0', '2017-07-26 21:27:42', '2017-07-27 00:17:06', '04ae531b-0948-41db-9eea-1ecc676741f2'),
 ('68', 'Asset', '1', '0', '2017-07-26 21:28:10', '2017-07-26 21:28:10', '4e623dee-6add-4c6d-8ee8-ee4b9dd1381c'),
 ('69', 'Neo_Block', '1', '0', '2017-07-26 21:28:25', '2017-07-27 00:17:06', 'd23a71e6-1737-4b0b-bedc-a17c3ead3c46'),
 ('71', 'Neo_Block', '1', '0', '2017-07-26 21:48:57', '2017-07-27 00:17:06', '244a7b26-8d21-4300-b6c7-2e985031f87f'),
 ('72', 'Neo_Block', '1', '0', '2017-07-26 21:48:57', '2017-07-27 00:17:06', 'd2d1ed7a-229d-4578-8b6c-f3ae46609e7d'),
 ('76', 'Asset', '1', '0', '2017-07-26 21:58:07', '2017-07-26 21:58:07', '389ba287-673b-4b35-8267-640f20a96bfe'),
 ('77', 'Asset', '1', '0', '2017-07-26 21:58:07', '2017-07-26 21:58:07', 'd86a5bb2-39be-4831-b0c6-0cdef0d0155d'),
 ('78', 'Asset', '1', '0', '2017-07-26 21:58:07', '2017-07-26 21:58:07', '553bc198-4f3b-4e58-8580-f6cd1450b431'),
 ('79', 'Asset', '1', '0', '2017-07-26 21:58:08', '2017-07-26 21:58:08', '42134a42-2263-49df-8377-3b2aad20f630'),
 ('80', 'Asset', '1', '0', '2017-07-26 21:58:08', '2017-07-26 21:58:08', 'ff2b24e7-526f-4d8d-8516-143ae655387a'),
 ('81', 'Asset', '1', '0', '2017-07-26 21:58:08', '2017-07-26 21:58:08', '39308f15-6f5d-42bf-adac-e2bfee2189aa'),
 ('82', 'Asset', '1', '0', '2017-07-26 21:58:10', '2017-07-26 21:58:10', '8a04fc0e-4105-4660-bde0-2045057d16ed'),
 ('83', 'Asset', '1', '0', '2017-07-26 21:58:11', '2017-07-26 21:58:11', 'd7d0f249-d041-4f4d-839d-f5763ad02b68'),
 ('84', 'Asset', '1', '0', '2017-07-26 21:58:11', '2017-07-26 21:58:11', 'c25ec772-c8b0-4617-ab62-66acd03ea3a2'),
 ('85', 'Asset', '1', '0', '2017-07-26 21:58:11', '2017-07-26 21:58:11', '55a446c5-54d2-4e84-b940-5c9c57e64c00'),
 ('86', 'Asset', '1', '0', '2017-07-26 21:58:11', '2017-07-26 21:58:11', '77966c7f-9818-4669-b582-2cc3a21c86d7'),
 ('87', 'Asset', '1', '0', '2017-07-26 21:58:11', '2017-07-26 21:58:11', 'ebff4e88-e9d5-4cb4-9b97-89226aa74e41'),
 ('88', 'Asset', '1', '0', '2017-07-26 21:58:12', '2017-07-26 21:58:12', 'fce7dc4e-eaa9-4a5a-baa9-60bbfac69c48'),
 ('89', 'Asset', '1', '0', '2017-07-26 21:58:12', '2017-07-26 21:58:12', '4c1c4c49-6cff-4248-99c2-8fd5f1caf51a'),
 ('90', 'Asset', '1', '0', '2017-07-26 21:58:12', '2017-07-26 21:58:12', '83e2cd40-9280-427b-b59a-a7f1cba08311'),
 ('91', 'Neo_Block', '1', '0', '2017-07-26 22:00:39', '2017-07-27 00:17:06', '48a6c126-e621-427b-9f06-5e8a17129382'),
 ('97', 'Asset', '1', '0', '2017-07-26 22:25:00', '2017-07-26 22:25:00', '35fbc39d-c252-43cc-bad0-9f580a3db1d0'),
 ('98', 'Entry', '1', '0', '2017-07-26 22:48:34', '2017-08-03 19:02:44', 'cdfd6ac0-aeb0-4919-92c7-1fc770f9976c'),
 ('99', 'Asset', '1', '0', '2017-07-26 22:54:45', '2017-07-26 22:54:45', '1fc8b8df-d573-4535-a743-1229faff25b2'),
 ('100', 'Asset', '1', '0', '2017-07-26 22:54:45', '2017-07-26 22:54:45', '8f08aeb8-1c78-4c9e-8afe-06b598189319'),
 ('101', 'Asset', '1', '0', '2017-07-26 22:54:59', '2017-07-26 22:54:59', 'b5a311ee-3baf-4c42-8fdf-f549ec56d4ec'),
 ('102', 'Asset', '1', '0', '2017-07-26 22:59:08', '2017-07-26 22:59:08', '9cee0047-2d94-4250-9886-22f03a834d07'),
 ('103', 'Asset', '1', '0', '2017-07-26 22:59:11', '2017-07-26 22:59:11', '70b1de08-a6b3-4901-9c25-d43cd5fae26d'),
 ('104', 'Asset', '1', '0', '2017-07-26 23:01:58', '2017-07-26 23:01:58', '59ccc9ee-38ae-4d4b-ace0-80bf3e8be0fc'),
 ('105', 'Asset', '1', '0', '2017-07-26 23:02:27', '2017-07-26 23:02:27', '6846a6e8-22af-4779-b846-5deb549391d5'),
 ('106', 'Asset', '1', '0', '2017-07-26 23:02:28', '2017-07-26 23:02:28', '0472ec88-8eb4-478e-90b6-0a48d11c1073'),
 ('107', 'Neo_Block', '1', '0', '2017-07-26 23:03:48', '2017-08-03 19:02:44', 'caa826fb-1e24-4b22-990b-c620b0ff5fda'),
 ('108', 'Neo_Block', '1', '0', '2017-07-26 23:03:48', '2017-08-03 19:02:44', 'f7728b78-65a9-434e-be5b-b9947822bc45'),
 ('110', 'Neo_Block', '1', '0', '2017-07-26 23:03:48', '2017-08-03 19:02:44', '58d3f7f4-3ca5-4b93-a0a4-c21cfa1f7f34'),
 ('118', 'Neo_Block', '1', '0', '2017-07-26 23:03:48', '2017-08-03 19:02:45', '525cfc9f-08ff-42fc-b7a7-d8bc86b0e9c2'),
 ('119', 'Neo_Block', '1', '0', '2017-07-26 23:03:48', '2017-08-03 19:02:45', 'da13e7c5-41a0-4508-bca8-7984eaf0e647'),
 ('124', 'Neo_Block', '1', '0', '2017-07-26 23:03:48', '2017-08-03 19:02:45', '859f4b33-96af-4910-8aa8-210b37f38e89'),
 ('128', 'Neo_Block', '1', '0', '2017-07-26 23:03:48', '2017-08-03 19:02:45', '62b0b11f-737f-4a2b-8ce9-8b882e32b158'),
 ('129', 'Neo_Block', '1', '0', '2017-07-26 23:03:48', '2017-08-03 19:02:45', 'dc566cfa-a68f-46c6-bdaf-5b6b8357ffa9'),
 ('132', 'Neo_Block', '1', '0', '2017-07-26 23:03:48', '2017-08-03 19:02:45', '04749b20-ed38-474f-8a07-ada1b08fdd9b'),
 ('136', 'Neo_Block', '1', '0', '2017-07-26 23:03:49', '2017-08-03 19:02:45', 'e46626ab-43fc-469a-ae1a-a17c4d299529'),
 ('137', 'Neo_Block', '1', '0', '2017-07-26 23:03:49', '2017-08-03 19:02:45', '078a13af-85b2-43ea-b558-2e9fe150b812'),
 ('140', 'MatrixBlock', '1', '0', '2017-07-26 23:08:57', '2017-08-03 19:02:45', '11c9797b-6676-4bc7-8f4f-9657c6c620ad'),
 ('141', 'Asset', '1', '0', '2017-07-26 23:10:18', '2017-07-26 23:10:18', '7193d9f4-9246-4b38-bb80-972a472d1f3a'),
 ('142', 'Asset', '1', '0', '2017-07-26 23:10:18', '2017-07-26 23:10:18', '1ca1b3fe-df3a-4da1-b178-5d073ed4ba00'),
 ('143', 'Asset', '1', '0', '2017-07-26 23:10:19', '2017-07-26 23:10:19', '789c058a-7ea3-48df-a774-0961c3f3c9f6'),
 ('144', 'Neo_Block', '1', '0', '2017-07-26 23:22:13', '2017-08-03 19:02:44', 'c95a11ed-38c6-43b5-9c6c-1a9bdd6e086c'),
 ('145', 'Asset', '1', '0', '2017-07-26 23:31:02', '2017-07-26 23:31:02', 'e7e25a72-e67d-4206-b9c9-4777dc025676'),
 ('146', 'Asset', '1', '0', '2017-07-26 23:31:02', '2017-07-26 23:31:02', 'bcabab6f-4d06-43ad-8f1e-f28c30da3fe0'),
 ('147', 'Asset', '1', '0', '2017-07-26 23:31:02', '2017-07-26 23:31:02', '459de366-154a-4ed4-a5fe-40f170627cbd'),
 ('148', 'Asset', '1', '0', '2017-07-26 23:31:02', '2017-07-26 23:31:02', '5bcccc85-a27a-4434-b6e8-c31bb39b9efa'),
 ('149', 'Asset', '1', '0', '2017-07-26 23:31:07', '2017-07-26 23:31:07', '5f5f2944-5cd5-442a-b6e1-dfdbaa44e6da'),
 ('150', 'Asset', '1', '0', '2017-07-26 23:31:10', '2017-07-26 23:31:10', '5c8ffda8-5891-4636-b215-c57cc66c51a9'),
 ('151', 'Asset', '1', '0', '2017-07-26 23:31:10', '2017-07-26 23:31:10', '54001580-c650-4fb0-8aff-39413b8e9ab2'),
 ('152', 'Asset', '1', '0', '2017-07-26 23:31:11', '2017-07-26 23:31:11', 'e163fc52-17d3-43b5-8fd1-bffdeb57e7c9'),
 ('153', 'Asset', '1', '0', '2017-07-26 23:31:11', '2017-07-26 23:31:11', '193be06d-dec9-4133-99d9-c14ef22b8d13'),
 ('154', 'Asset', '1', '0', '2017-07-26 23:31:11', '2017-07-26 23:31:11', 'fec4713b-882c-4075-a6ff-30c8d7ce565c'),
 ('155', 'Asset', '1', '0', '2017-07-26 23:31:11', '2017-07-26 23:31:11', 'f66bac66-8bd6-402d-b0c4-e6c2d4fdccb1'),
 ('156', 'Asset', '1', '0', '2017-07-26 23:31:11', '2017-07-26 23:31:11', 'a924c08d-2fda-4336-a402-700b49378ff8'),
 ('157', 'Asset', '1', '0', '2017-07-26 23:31:11', '2017-07-26 23:31:11', 'f37f4fae-c400-4cc3-891c-0197bfb316e8'),
 ('158', 'Asset', '1', '0', '2017-07-26 23:31:12', '2017-07-26 23:31:12', '3d4dd6ac-dca9-46a4-bbdf-27c80fbe0d1f'),
 ('159', 'Asset', '1', '0', '2017-07-26 23:31:12', '2017-07-26 23:31:12', '1fdcc260-4bdf-4917-a142-1bd179446494'),
 ('160', 'Asset', '1', '0', '2017-07-26 23:31:12', '2017-07-26 23:31:12', 'a900ea5f-cedc-419d-bc62-7ff1b2835093'),
 ('161', 'Asset', '1', '0', '2017-07-26 23:31:12', '2017-07-26 23:31:12', '4a61d64a-18dc-40f9-bd7b-4897743ee711'),
 ('162', 'Neo_Block', '1', '0', '2017-07-26 23:33:33', '2017-08-03 19:02:44', 'c46b5d3c-58ca-4a78-87c0-b6c62eef9b5a'),
 ('163', 'MatrixBlock', '1', '0', '2017-07-26 23:33:33', '2017-08-03 19:02:45', '9677f6cc-fc81-47c2-a9e7-28b3640fc056'),
 ('172', 'Asset', '1', '0', '2017-07-27 17:17:05', '2017-07-27 17:17:05', 'd92b5beb-d00f-4431-84b0-a855d7b27a50'),
 ('183', 'Neo_Block', '1', '0', '2017-08-01 20:54:27', '2017-08-03 17:11:59', '5b6a01b5-d489-4fc8-a53f-bff0b5a752ff'),
 ('190', 'Neo_Block', '1', '0', '2017-08-01 22:35:00', '2017-08-03 17:11:59', 'e4fcd5cd-9bbe-4d41-be80-30aa601bf95b'),
 ('191', 'MatrixBlock', '1', '0', '2017-08-01 22:35:00', '2017-08-03 17:11:59', '39e732ef-40e4-493b-b75e-300d50fac727'),
 ('194', 'Neo_Block', '1', '0', '2017-08-02 00:32:52', '2017-08-03 17:11:59', 'c1bec2fc-01a1-49a8-8128-4567057c1549');
INSERT INTO `craft_elements` (`id`, `type`, `enabled`, `archived`, `dateCreated`, `dateUpdated`, `uid`) VALUES
 ('195', 'MatrixBlock', '1', '0', '2017-08-02 00:32:52', '2017-08-03 17:11:59', '65517de9-5784-41b1-8fbc-29083014feff'),
 ('202', 'Neo_Block', '1', '0', '2017-08-03 17:08:09', '2017-08-03 17:11:59', '32196194-b340-4df4-bc6d-2a481e9f3b41'),
 ('205', 'Entry', '1', '0', '2017-08-03 18:22:50', '2017-08-03 18:22:50', '7ff436b0-58b8-4323-9b59-013e6fc1e3c1'),
 ('206', 'MatrixBlock', '1', '0', '2017-08-03 18:46:17', '2017-08-03 19:02:44', '19b03a22-2705-4cd1-a801-f5f1391d1e0d'),
 ('207', 'MatrixBlock', '1', '0', '2017-08-03 18:50:27', '2017-08-03 19:02:44', 'bcd66011-fb3d-4e81-b20c-ae7abe78d609'),
 ('208', 'MatrixBlock', '1', '0', '2017-08-03 18:50:27', '2017-08-03 19:02:44', '40fbac97-9435-48c3-a945-1789749a7cad'),
 ('209', 'Neo_Block', '1', '0', '2017-08-03 18:50:27', '2017-08-03 19:02:44', 'aa4c3edb-f77c-4234-a288-806bd262df08'),
 ('210', 'MatrixBlock', '1', '0', '2017-08-03 18:50:27', '2017-08-03 19:02:44', '495301b6-89a3-4bba-bc19-fa7b5e1849c7'),
 ('211', 'MatrixBlock', '1', '0', '2017-08-03 18:50:27', '2017-08-03 19:02:44', '3ce83380-b26b-448d-8964-80740053abd2'),
 ('212', 'MatrixBlock', '1', '0', '2017-08-03 19:02:45', '2017-08-03 19:02:45', 'c0502a9a-ddad-4b4c-912e-9ab7d481a137'),
 ('213', 'MatrixBlock', '1', '0', '2017-08-03 19:02:45', '2017-08-03 19:02:45', '79f19057-9af2-4dc8-817e-2a04644ecd3e'),
 ('214', 'MatrixBlock', '1', '0', '2017-08-03 19:02:45', '2017-08-03 19:02:45', '63f852c0-9d7b-4d2c-a003-f24583bb07f0'),
 ('215', 'MatrixBlock', '1', '0', '2017-08-03 19:02:45', '2017-08-03 19:02:45', '43ddc58b-39b8-4598-b065-f76458d1cd5f'),
 ('216', 'MatrixBlock', '1', '0', '2017-08-03 19:02:45', '2017-08-03 19:02:45', '7f70439b-7680-4616-886f-5fc90d6eb395'),
 ('217', 'MatrixBlock', '1', '0', '2017-08-03 19:02:45', '2017-08-03 19:02:45', 'f1c4a657-49af-493f-9d32-56daab51a344'),
 ('218', 'MatrixBlock', '1', '0', '2017-08-03 19:02:45', '2017-08-03 19:02:45', 'a630aa23-3f9f-4a91-87a2-49982cf84a19'),
 ('219', 'MatrixBlock', '1', '0', '2017-08-03 19:02:45', '2017-08-03 19:02:45', 'b6e3434a-a62a-4357-b081-0af0a306da4e'),
 ('220', 'MatrixBlock', '1', '0', '2017-08-03 19:02:45', '2017-08-03 19:02:45', '5c25fcdb-92cf-43ba-9226-90dcde38cdda'),
 ('221', 'Neo_Block', '1', '0', '2017-08-03 19:02:45', '2017-08-03 19:02:45', '243438ef-8a2b-4554-b134-4530c91bb4fa');



DROP TABLE IF EXISTS `craft_elements_i18n`;


--
-- Schema for table `craft_elements_i18n`
--
CREATE TABLE `craft_elements_i18n` (
  `id` int(11) NOT NULL AUTO_INCREMENT,
  `elementId` int(11) NOT NULL,
  `locale` char(12) COLLATE utf8_unicode_ci NOT NULL,
  `slug` varchar(255) COLLATE utf8_unicode_ci DEFAULT NULL,
  `uri` varchar(255) COLLATE utf8_unicode_ci DEFAULT NULL,
  `enabled` tinyint(1) unsigned NOT NULL DEFAULT '1',
  `dateCreated` datetime NOT NULL,
  `dateUpdated` datetime NOT NULL,
  `uid` char(36) COLLATE utf8_unicode_ci NOT NULL DEFAULT '0',
  PRIMARY KEY (`id`),
  UNIQUE KEY `craft_elements_i18n_elementId_locale_unq_idx` (`elementId`,`locale`),
  UNIQUE KEY `craft_elements_i18n_uri_locale_unq_idx` (`uri`,`locale`),
  KEY `craft_elements_i18n_slug_locale_idx` (`slug`,`locale`),
  KEY `craft_elements_i18n_enabled_idx` (`enabled`),
  KEY `craft_elements_i18n_locale_fk` (`locale`)
) ENGINE=InnoDB AUTO_INCREMENT=222 DEFAULT CHARSET=utf8 COLLATE=utf8_unicode_ci;

--
-- Data for table `craft_elements_i18n`
--

INSERT INTO `craft_elements_i18n` (`id`, `elementId`, `locale`, `slug`, `uri`, `enabled`, `dateCreated`, `dateUpdated`, `uid`) VALUES
 ('1', '1', 'en_us', '', NULL, '1', '2017-07-20 17:27:58', '2017-07-28 21:23:12', '646a5a0f-a379-4bbc-9e3e-b726ad17cfb0'),
 ('2', '2', 'en_us', 'homepage', '__home__', '1', '2017-07-20 17:27:59', '2017-08-03 18:44:26', 'dd3a75f4-160b-48b6-bd69-1e895084aecf'),
 ('3', '3', 'en_us', 'we-just-installed-craft', 'blog/we-just-installed-craft', '1', '2017-07-20 17:27:59', '2017-07-20 21:26:43', '9ad1a87a-32d5-4b8e-8f26-0150b567d9eb'),
 ('8', '8', 'en_us', 'snap-ad-reporting-1x', NULL, '1', '2017-07-20 22:19:56', '2017-07-20 22:19:56', 'f95c3c38-9cc9-4561-aab7-f23b1af16237'),
 ('14', '14', 'en_us', 'homepage-1-1', NULL, '1', '2017-07-20 22:49:12', '2017-07-20 22:49:12', '5bb84152-63fa-4dd5-bc91-dee5fae44c82'),
 ('15', '15', 'en_us', 'homepage-1-2', NULL, '1', '2017-07-20 22:49:12', '2017-07-20 22:49:12', 'b8c791fc-e8c3-4d62-8f5d-dfe4eb3025bd'),
 ('16', '16', 'en_us', 'homepage-1-3', NULL, '1', '2017-07-20 22:49:12', '2017-07-20 22:49:12', '00917649-5774-4626-9d9a-73c49d0c4072'),
 ('26', '26', 'en_us', '', NULL, '1', '2017-07-21 23:07:15', '2017-07-27 00:15:05', 'a26d98fb-0ec3-4e77-8c39-b952634a192b'),
 ('28', '28', 'en_us', '', NULL, '1', '2017-07-21 23:14:01', '2017-07-27 00:15:05', '6429cea4-a380-46c3-a375-05ccedfe83cb'),
 ('29', '29', 'en_us', '', NULL, '1', '2017-07-21 23:14:01', '2017-07-27 00:15:05', 'ac9ec56b-93e1-44e0-aa22-2373c90f4473'),
 ('31', '31', 'en_us', '', NULL, '1', '2017-07-21 23:14:01', '2017-07-27 00:15:05', '99ec867e-8719-47c6-aaa6-e54e94c8d5c1'),
 ('33', '33', 'en_us', 'ab-inbev', NULL, '1', '2017-07-21 23:29:50', '2017-07-26 22:26:19', 'e7f5fb63-3d7d-4973-9aca-c36d679d3d69'),
 ('34', '34', 'en_us', '', NULL, '1', '2017-07-26 20:51:36', '2017-07-27 00:17:05', '14819375-8eb4-4c31-8e55-c71f1a6cd8bc'),
 ('35', '35', 'en_us', '', NULL, '1', '2017-07-26 20:51:36', '2017-07-27 00:17:05', '29a2393c-3ddd-4030-8020-87ff0e7e2731'),
 ('36', '36', 'en_us', '', NULL, '1', '2017-07-26 20:51:36', '2017-07-27 00:17:05', 'dd499ad7-6d3f-4580-8e17-471a918a6db5'),
 ('38', '38', 'en_us', 'filter-reporting-2x', NULL, '1', '2017-07-26 21:01:07', '2017-07-26 21:01:07', 'a6709715-9918-45e8-bae3-99c39d384cb9'),
 ('39', '39', 'en_us', '', NULL, '1', '2017-07-26 21:04:17', '2017-07-27 00:17:05', '5b479155-156c-4ab3-9a92-8cedf766528f'),
 ('40', '40', 'en_us', '', NULL, '1', '2017-07-26 21:04:17', '2017-07-27 00:17:05', '83408a0a-048e-4de5-8dc1-ec7319652a8d'),
 ('42', '42', 'en_us', '', NULL, '1', '2017-07-26 21:04:17', '2017-07-27 00:17:05', '898c8718-a8f8-4744-b5f2-60e84b52395b'),
 ('43', '43', 'en_us', '', NULL, '1', '2017-07-26 21:04:17', '2017-07-27 00:17:05', '845eb1a9-6251-4fef-a943-ce64ad4023e3'),
 ('44', '44', 'en_us', '', NULL, '1', '2017-07-26 21:04:17', '2017-07-27 00:17:05', 'e7e8fc49-e706-4d25-9392-dda9a9c2e99e'),
 ('45', '45', 'en_us', 'measurement-reach', NULL, '1', '2017-07-26 21:17:47', '2017-07-26 21:17:47', '0d64aa3a-4986-49c8-bf24-4b88db92e356'),
 ('46', '46', 'en_us', 'measurement-reaction', NULL, '1', '2017-07-26 21:17:47', '2017-07-26 21:17:47', 'e8f16743-5d76-44c5-8ca3-7ef430f9213f'),
 ('47', '47', 'en_us', 'measurement-resonance', NULL, '1', '2017-07-26 21:17:47', '2017-07-26 21:17:47', '10f3f4cc-e8a8-4cb3-b43b-27adeff1820e'),
 ('48', '48', 'en_us', 'measurement-snap-to', NULL, '1', '2017-07-26 21:17:47', '2017-07-26 21:17:47', '3c7a3589-340c-4381-8daf-0871663279b0'),
 ('49', '49', 'en_us', 'measurement-verification', NULL, '1', '2017-07-26 21:17:47', '2017-07-26 21:17:47', '3731eb78-e4d2-412b-b05c-90980e973c36'),
 ('50', '50', 'en_us', 'measurement-viewability', NULL, '1', '2017-07-26 21:19:01', '2017-07-26 21:19:01', 'dca6de2c-bd6b-4923-86c3-dcca01de1e3b'),
 ('61', '61', 'en_us', 'snap-to-store-clock-2x', NULL, '1', '2017-07-26 21:26:59', '2017-07-26 21:26:59', 'b5c2c05a-7a9a-499b-9e1f-a270ac46d511'),
 ('63', '63', 'en_us', '', NULL, '1', '2017-07-26 21:27:42', '2017-07-27 00:17:06', '00915c2f-f603-4b94-b381-2e00635cb69e'),
 ('64', '64', 'en_us', '', NULL, '1', '2017-07-26 21:27:42', '2017-07-27 00:17:06', '6fbf5edd-6d7c-4791-b0b9-4a10a39bd76b'),
 ('68', '68', 'en_us', 'snap-to-store-chillahs-2x', NULL, '1', '2017-07-26 21:28:10', '2017-07-26 21:28:10', 'c8e418f8-94c0-4106-89e9-5418f36e6c09'),
 ('69', '69', 'en_us', '', NULL, '1', '2017-07-26 21:28:25', '2017-07-27 00:17:06', 'c948fa23-0c4a-469e-96c7-5fe1213e66c2'),
 ('71', '71', 'en_us', '', NULL, '1', '2017-07-26 21:48:57', '2017-07-27 00:17:06', '64b96c15-721e-40ea-b800-90b0c4eb59e0'),
 ('72', '72', 'en_us', '', NULL, '1', '2017-07-26 21:48:57', '2017-07-27 00:17:06', '8dc54004-d75c-48e7-ada4-fb2d022f646a'),
 ('76', '76', 'en_us', 'adjust-2x', NULL, '1', '2017-07-26 21:58:07', '2017-07-26 21:58:07', 'c5df39a0-1135-4b11-831c-41ac37283dd3'),
 ('77', '77', 'en_us', 'appsflyer-2x', NULL, '1', '2017-07-26 21:58:07', '2017-07-26 21:58:07', '76c42a58-808b-4849-b6bd-e057a8cef317'),
 ('78', '78', 'en_us', 'doubleclick-2x', NULL, '1', '2017-07-26 21:58:07', '2017-07-26 21:58:07', 'ebcff039-74a8-4195-a1af-00f1fc9d7b20'),
 ('79', '79', 'en_us', 'innovid-2x', NULL, '1', '2017-07-26 21:58:08', '2017-07-26 21:58:08', 'e7972c9d-c926-42e4-9eb8-cc620a05d2c5'),
 ('80', '80', 'en_us', 'kochava-2x', NULL, '1', '2017-07-26 21:58:08', '2017-07-26 21:58:08', 'd0f818af-cb71-4dc7-8ad5-5923f0e01a57'),
 ('81', '81', 'en_us', 'liveramp-2x', NULL, '1', '2017-07-26 21:58:08', '2017-07-26 21:58:08', '5c06bb8b-c56d-4fa5-991f-c7ca89cc6df6'),
 ('82', '82', 'en_us', 'millwardbrown-2x', NULL, '1', '2017-07-26 21:58:10', '2017-07-26 21:58:10', 'ea3f17ea-84c2-4a8a-a509-cbe47ab2819f'),
 ('83', '83', 'en_us', 'moat-2x', NULL, '1', '2017-07-26 21:58:11', '2017-07-26 21:58:11', '44dbf440-5acc-49c3-8a77-d16f7da0b502'),
 ('84', '84', 'en_us', 'neustar-2x', NULL, '1', '2017-07-26 21:58:11', '2017-07-26 21:58:11', '4d6e59c6-8658-47fb-b0ad-a907b6192511'),
 ('85', '85', 'en_us', 'nielsen-2x', NULL, '1', '2017-07-26 21:58:11', '2017-07-26 21:58:11', '6d1066a4-fc0e-4d45-be15-3c7b98b828a4'),
 ('86', '86', 'en_us', 'oracle-2x', NULL, '1', '2017-07-26 21:58:11', '2017-07-26 21:58:11', '3fc49d82-35bc-419f-b60d-0f9a6b93c8b5'),
 ('87', '87', 'en_us', 'placed-2x', NULL, '1', '2017-07-26 21:58:11', '2017-07-26 21:58:11', 'ed1d0daf-6dd5-450a-8725-1000b5f9e4f3'),
 ('88', '88', 'en_us', 'singular-2x', NULL, '1', '2017-07-26 21:58:12', '2017-07-26 21:58:12', 'd37b2669-516b-47ce-b31e-18567f34e044'),
 ('89', '89', 'en_us', 'sizmek-2x', NULL, '1', '2017-07-26 21:58:12', '2017-07-26 21:58:12', '52ffda3a-508d-4575-a33a-f75ee5b87657'),
 ('90', '90', 'en_us', 'tune-2x', NULL, '1', '2017-07-26 21:58:12', '2017-07-26 21:58:12', '7827d0b9-3195-4038-a840-10126a4c31a7'),
 ('91', '91', 'en_us', '', NULL, '1', '2017-07-26 22:00:39', '2017-07-27 00:17:06', '1cc7d9da-537e-4009-9561-e76ecab6c1a1'),
 ('97', '97', 'en_us', 'ic-success-logo-abinbev-2x', NULL, '1', '2017-07-26 22:25:00', '2017-07-26 22:25:00', '02274e07-13ad-4036-a727-fc26df649fc7'),
 ('98', '98', 'en_us', 'solutions', 'solutions', '1', '2017-07-26 22:48:34', '2017-08-03 19:02:44', '6caa7dc2-d64a-4c8a-a14e-1f8e8e289c1c'),
 ('99', '99', 'en_us', 'geofilter-phil-phone-screen-2x', NULL, '1', '2017-07-26 22:54:45', '2017-07-26 22:54:45', '0714658d-d3e4-4da3-ad11-0b625d60d2c7'),
 ('100', '100', 'en_us', 'postmates-drive-action-2x', NULL, '1', '2017-07-26 22:54:45', '2017-07-26 22:54:45', 'd5f1c205-3154-47ee-8124-c7d9354362a0'),
 ('101', '101', 'en_us', 'lga-geo-filter-2x', NULL, '1', '2017-07-26 22:54:59', '2017-07-26 22:54:59', '77e3c2ad-1ac2-4394-9a5f-80a22290fb60'),
 ('102', '102', 'en_us', 'target-ad-2x', NULL, '1', '2017-07-26 22:59:08', '2017-07-26 22:59:08', '4816cc97-4340-49df-977c-123f828b04d2'),
 ('103', '103', 'en_us', 'warby-parker-geo-filter-2x', NULL, '1', '2017-07-26 22:59:11', '2017-07-26 22:59:11', 'd0648850-0dd2-4da6-b400-60ad07c9dd6c'),
 ('104', '104', 'en_us', 'weby-parker-geo-filter-2x', NULL, '1', '2017-07-26 23:01:59', '2017-07-26 23:01:59', '59038851-8ff6-4041-a011-632a56ae3c48'),
 ('105', '105', 'en_us', 'snap-ads-gatorade-phone-screen-2x', NULL, '1', '2017-07-26 23:02:27', '2017-07-26 23:02:27', '4570e22a-2686-4a32-9cd7-72e536a3c374'),
 ('106', '106', 'en_us', 'snap-ads-under-armour-phone-screen-2x', NULL, '1', '2017-07-26 23:02:28', '2017-07-26 23:02:28', 'f4d6f3b0-a136-44a0-9272-6df121388dbf'),
 ('107', '107', 'en_us', '', NULL, '1', '2017-07-26 23:03:48', '2017-08-03 19:02:44', '70ec214a-bb55-4bfa-97e8-2fe344cc74af'),
 ('108', '108', 'en_us', '', NULL, '1', '2017-07-26 23:03:48', '2017-08-03 19:02:44', '2116f6fb-febb-4531-b4db-c00f8c1bd42e'),
 ('110', '110', 'en_us', '', NULL, '1', '2017-07-26 23:03:48', '2017-08-03 19:02:44', '4936e01b-c5ee-4114-825d-5f18ae5651e8'),
 ('118', '118', 'en_us', '', NULL, '1', '2017-07-26 23:03:48', '2017-08-03 19:02:45', '41604ce6-e969-43c5-bbff-846b228ad7cf'),
 ('119', '119', 'en_us', '', NULL, '1', '2017-07-26 23:03:48', '2017-08-03 19:02:45', '6a0aa390-a18b-4e56-933e-a32d945b3b3c'),
 ('124', '124', 'en_us', '', NULL, '1', '2017-07-26 23:03:48', '2017-08-03 19:02:45', '3c0348e8-1b94-4350-8e63-ef2022137444'),
 ('128', '128', 'en_us', '', NULL, '1', '2017-07-26 23:03:48', '2017-08-03 19:02:45', 'ee1d7dc1-9907-47fe-ad51-7e5c9b2e51fd'),
 ('129', '129', 'en_us', '', NULL, '1', '2017-07-26 23:03:48', '2017-08-03 19:02:45', 'e695dfdd-da15-4995-a2b8-987ff084a27f'),
 ('132', '132', 'en_us', '', NULL, '1', '2017-07-26 23:03:48', '2017-08-03 19:02:45', '07fc6f1f-c028-4190-b194-50f0b5a2c519'),
 ('136', '136', 'en_us', '', NULL, '1', '2017-07-26 23:03:49', '2017-08-03 19:02:45', '92f11554-6cd6-49d7-9409-b75fef87103d'),
 ('137', '137', 'en_us', '', NULL, '1', '2017-07-26 23:03:49', '2017-08-03 19:02:45', '7dda3e2d-1a51-4726-be56-be42db78c64b'),
 ('140', '140', 'en_us', '', NULL, '1', '2017-07-26 23:08:57', '2017-08-03 19:02:45', '02e9766b-a282-444b-a94f-7dab88f9a861'),
 ('141', '141', 'en_us', 'chillah-device', NULL, '1', '2017-07-26 23:10:18', '2017-07-26 23:10:18', 'e4586c4b-42d5-4de6-aac6-e86027db6ff3'),
 ('142', '142', 'en_us', 'chillah-heart-eyes', NULL, '1', '2017-07-26 23:10:18', '2017-07-26 23:10:18', '6579e58f-6662-4729-8629-0da56980ed6f'),
 ('143', '143', 'en_us', 'chillah-hearts', NULL, '1', '2017-07-26 23:10:19', '2017-07-26 23:10:19', 'fab52d17-891c-4a49-acda-16326dfb15a5'),
 ('144', '144', 'en_us', '', NULL, '1', '2017-07-26 23:22:13', '2017-08-03 19:02:44', 'c5f87add-dc87-4d9a-8a10-743785972a45'),
 ('145', '145', 'en_us', 'devices-nav-1', NULL, '1', '2017-07-26 23:31:02', '2017-07-26 23:31:02', '34ccdc47-94d6-4182-8a0b-959e598c57ff'),
 ('146', '146', 'en_us', 'devices-nav-2', NULL, '1', '2017-07-26 23:31:02', '2017-07-26 23:31:02', '0238a2c7-27a9-44d0-b812-c707a6ad9ef4'),
 ('147', '147', 'en_us', 'devices-nav-3', NULL, '1', '2017-07-26 23:31:02', '2017-07-26 23:31:02', '61e2a987-032a-403c-84b4-7a5cfdd19ff6'),
 ('148', '148', 'en_us', 'devices-nav-4', NULL, '1', '2017-07-26 23:31:02', '2017-07-26 23:31:02', 'adc5d4aa-fb43-4bc3-a937-201c3a3fcfcb'),
 ('149', '149', 'en_us', 'solutions-device-1', NULL, '1', '2017-07-26 23:31:07', '2017-07-26 23:31:07', '1a7a7070-d05c-4495-8b1c-cf354abdd0f7'),
 ('150', '150', 'en_us', 'solutions-device-2', NULL, '1', '2017-07-26 23:31:10', '2017-07-26 23:31:10', 'c0244eea-0002-4e81-80f1-88d430e73d23'),
 ('151', '151', 'en_us', 'solutions-device-3', NULL, '1', '2017-07-26 23:31:10', '2017-07-26 23:31:10', 'c0f6eec9-bfa9-4a64-b198-c4f9c9a25c9f'),
 ('152', '152', 'en_us', 'solutions-device-4', NULL, '1', '2017-07-26 23:31:11', '2017-07-26 23:31:11', 'ed48af0d-a0c7-4791-872b-0cd2479c92cd'),
 ('153', '153', 'en_us', 'solutions-device-5', NULL, '1', '2017-07-26 23:31:11', '2017-07-26 23:31:11', '7876d546-f391-48a6-b315-fcdf4c329c2d'),
 ('154', '154', 'en_us', 'solutions-device-6', NULL, '1', '2017-07-26 23:31:11', '2017-07-26 23:31:11', 'df6360a7-26f8-494e-811b-ba3786966361'),
 ('155', '155', 'en_us', 'solutions-device-7', NULL, '1', '2017-07-26 23:31:11', '2017-07-26 23:31:11', '69f6e8b8-816c-4b86-9ac4-4bf4d180a079'),
 ('156', '156', 'en_us', 'solutions-device-8', NULL, '1', '2017-07-26 23:31:11', '2017-07-26 23:31:11', 'ed253e8f-3136-4f32-99cd-e925c19b026e'),
 ('157', '157', 'en_us', 'solutions-device-9', NULL, '1', '2017-07-26 23:31:11', '2017-07-26 23:31:11', '715548d7-ac3b-4ec5-8d42-5d1d581e0fba'),
 ('158', '158', 'en_us', 'solutions-device-10', NULL, '1', '2017-07-26 23:31:12', '2017-07-26 23:31:12', 'd40abb3c-950e-454e-84b3-5a33a73e97bc'),
 ('159', '159', 'en_us', 'solutions-device-11', NULL, '1', '2017-07-26 23:31:12', '2017-07-26 23:31:12', '4275d4dd-737f-4711-a09a-91b4efff17f9'),
 ('160', '160', 'en_us', 'solutions-device-12', NULL, '1', '2017-07-26 23:31:12', '2017-07-26 23:31:12', 'ba19a74b-537a-496f-af4b-2d95d850ef69'),
 ('161', '161', 'en_us', 'solutions-device-13', NULL, '1', '2017-07-26 23:31:12', '2017-07-26 23:31:12', '19951487-5781-497c-9316-5ccc860e9c86'),
 ('162', '162', 'en_us', '', NULL, '1', '2017-07-26 23:33:33', '2017-08-03 19:02:44', 'dee723b5-2809-42b4-9ad8-e87cd7b71a3f'),
 ('163', '163', 'en_us', '', NULL, '1', '2017-07-26 23:33:33', '2017-08-03 19:02:45', '269fa33d-8875-411b-9ba3-5760cfe227ca'),
 ('172', '172', 'en_us', 'ad-manager-2x', NULL, '1', '2017-07-27 17:17:05', '2017-07-27 17:17:05', '348177fc-bcbb-47ac-8678-3e036c62b857'),
 ('183', '183', 'en_us', '', NULL, '1', '2017-08-01 20:54:27', '2017-08-03 17:11:59', '90761dc1-e7ab-429c-9057-4f55ef57a58e'),
 ('190', '190', 'en_us', '', NULL, '1', '2017-08-01 22:35:00', '2017-08-03 17:11:59', '72294b14-cd6e-40bd-b798-9123ed6998cc'),
 ('191', '191', 'en_us', '', NULL, '1', '2017-08-01 22:35:00', '2017-08-03 17:11:59', '76fb3a0b-cadf-4cad-95a3-8c6416f88b48'),
 ('194', '194', 'en_us', '', NULL, '1', '2017-08-02 00:32:52', '2017-08-03 17:11:59', 'b8104966-fe56-4965-9c29-af1baefa67f7');
INSERT INTO `craft_elements_i18n` (`id`, `elementId`, `locale`, `slug`, `uri`, `enabled`, `dateCreated`, `dateUpdated`, `uid`) VALUES
 ('195', '195', 'en_us', '', NULL, '1', '2017-08-02 00:32:52', '2017-08-03 17:11:59', '650e2762-fb7a-4943-9794-b098761a9297'),
 ('202', '202', 'en_us', '', NULL, '1', '2017-08-03 17:08:09', '2017-08-03 17:11:59', '2c51d4ef-de6b-4040-a6da-a8c2a7e87048'),
 ('205', '205', 'en_us', 'site-navigation', 'site-navigation', '1', '2017-08-03 18:22:51', '2017-08-03 18:22:51', '36b5f7df-5917-40a3-9460-f7e4d58a16c1'),
 ('206', '206', 'en_us', '', NULL, '1', '2017-08-03 18:46:17', '2017-08-03 19:02:44', '41dade5a-1d74-401a-90bb-1575140fd463'),
 ('207', '207', 'en_us', '', NULL, '1', '2017-08-03 18:50:27', '2017-08-03 19:02:44', 'a950744d-c321-48ec-8604-c33c212770d2'),
 ('208', '208', 'en_us', '', NULL, '1', '2017-08-03 18:50:27', '2017-08-03 19:02:44', '1c5970c2-e7c1-4ab5-99dc-04c345e46190'),
 ('209', '209', 'en_us', '', NULL, '1', '2017-08-03 18:50:27', '2017-08-03 19:02:44', '11a3024f-0bd9-427c-9a62-375e2a6b6832'),
 ('210', '210', 'en_us', '', NULL, '1', '2017-08-03 18:50:27', '2017-08-03 19:02:44', '2bd0580c-54ed-41a3-99da-ca91e6147896'),
 ('211', '211', 'en_us', '', NULL, '1', '2017-08-03 18:50:27', '2017-08-03 19:02:44', '5b6aee85-474b-471e-ab53-cc27c066061c'),
 ('212', '212', 'en_us', '', NULL, '1', '2017-08-03 19:02:45', '2017-08-03 19:02:45', 'decd3905-02fc-4492-970f-c4283f11a9be'),
 ('213', '213', 'en_us', '', NULL, '1', '2017-08-03 19:02:45', '2017-08-03 19:02:45', '8418ccb8-14c9-4a79-9285-1baf0224f231'),
 ('214', '214', 'en_us', '', NULL, '1', '2017-08-03 19:02:45', '2017-08-03 19:02:45', '4a8b2b4d-49df-4c45-978d-876df0ede0ef'),
 ('215', '215', 'en_us', '', NULL, '1', '2017-08-03 19:02:45', '2017-08-03 19:02:45', '3ac1d2fe-b2f7-46b9-8f9b-4d469e808366'),
 ('216', '216', 'en_us', '', NULL, '1', '2017-08-03 19:02:45', '2017-08-03 19:02:45', '1bb73191-bf5e-4500-930f-8f0596ccf1d6'),
 ('217', '217', 'en_us', '', NULL, '1', '2017-08-03 19:02:45', '2017-08-03 19:02:45', '331b6690-c031-4d2d-bc1e-c2b6df88187f'),
 ('218', '218', 'en_us', '', NULL, '1', '2017-08-03 19:02:45', '2017-08-03 19:02:45', '24e608d5-0860-40cd-a00c-3aec7f13fc91'),
 ('219', '219', 'en_us', '', NULL, '1', '2017-08-03 19:02:45', '2017-08-03 19:02:45', '30a3481b-9867-4fc6-a7b0-73ec41219ca7'),
 ('220', '220', 'en_us', '', NULL, '1', '2017-08-03 19:02:45', '2017-08-03 19:02:45', '8ea55081-3cae-4a7f-81bc-c02d12aeebd4'),
 ('221', '221', 'en_us', '', NULL, '1', '2017-08-03 19:02:45', '2017-08-03 19:02:45', 'af0dbbd6-0f75-4d23-9d0e-dd2d3d96c7af');



DROP TABLE IF EXISTS `craft_emailmessages`;


--
-- Schema for table `craft_emailmessages`
--
CREATE TABLE `craft_emailmessages` (
  `id` int(11) NOT NULL AUTO_INCREMENT,
  `key` char(150) COLLATE utf8_unicode_ci NOT NULL,
  `locale` char(12) COLLATE utf8_unicode_ci NOT NULL,
  `subject` varchar(1000) COLLATE utf8_unicode_ci NOT NULL,
  `body` text COLLATE utf8_unicode_ci NOT NULL,
  `dateCreated` datetime NOT NULL,
  `dateUpdated` datetime NOT NULL,
  `uid` char(36) COLLATE utf8_unicode_ci NOT NULL DEFAULT '0',
  PRIMARY KEY (`id`),
  UNIQUE KEY `craft_emailmessages_key_locale_unq_idx` (`key`,`locale`),
  KEY `craft_emailmessages_locale_fk` (`locale`)
) ENGINE=InnoDB DEFAULT CHARSET=utf8 COLLATE=utf8_unicode_ci;

DROP TABLE IF EXISTS `craft_entries`;


--
-- Schema for table `craft_entries`
--
CREATE TABLE `craft_entries` (
  `id` int(11) NOT NULL,
  `sectionId` int(11) NOT NULL,
  `typeId` int(11) DEFAULT NULL,
  `authorId` int(11) DEFAULT NULL,
  `postDate` datetime DEFAULT NULL,
  `expiryDate` datetime DEFAULT NULL,
  `dateCreated` datetime NOT NULL,
  `dateUpdated` datetime NOT NULL,
  `uid` char(36) COLLATE utf8_unicode_ci NOT NULL DEFAULT '0',
  PRIMARY KEY (`id`),
  KEY `craft_entries_sectionId_idx` (`sectionId`),
  KEY `craft_entries_typeId_idx` (`typeId`),
  KEY `craft_entries_postDate_idx` (`postDate`),
  KEY `craft_entries_expiryDate_idx` (`expiryDate`),
  KEY `craft_entries_authorId_fk` (`authorId`)
) ENGINE=InnoDB DEFAULT CHARSET=utf8 COLLATE=utf8_unicode_ci;

--
-- Data for table `craft_entries`
--

INSERT INTO `craft_entries` (`id`, `sectionId`, `typeId`, `authorId`, `postDate`, `expiryDate`, `dateCreated`, `dateUpdated`, `uid`) VALUES
 ('2', '1', NULL, NULL, '2017-07-20 17:27:58', NULL, '2017-07-20 17:27:59', '2017-08-03 18:44:26', '57d1c97d-ddbf-49fa-ba77-c7a9b5dbffcb'),
 ('3', '2', '2', '1', '2017-07-20 17:27:59', NULL, '2017-07-20 17:27:59', '2017-07-20 17:27:59', '467d7fb4-fb0c-4004-9e5a-b822a549e763'),
 ('33', '4', '4', '1', '2017-07-21 23:29:00', NULL, '2017-07-21 23:29:50', '2017-07-26 22:26:19', '5653874d-adc6-47ad-9dd5-7a4600ce03ff'),
 ('98', '3', '3', '1', '2017-07-26 22:48:00', NULL, '2017-07-26 22:48:34', '2017-08-03 19:02:45', '98d04410-caf4-45b1-a997-5209496ca436'),
 ('205', '5', NULL, NULL, '2017-08-03 18:22:50', NULL, '2017-08-03 18:22:51', '2017-08-03 18:22:51', '453a6cf6-7852-4496-a623-afd09b7a7d18');



DROP TABLE IF EXISTS `craft_entrydrafts`;


--
-- Schema for table `craft_entrydrafts`
--
CREATE TABLE `craft_entrydrafts` (
  `id` int(11) NOT NULL AUTO_INCREMENT,
  `entryId` int(11) NOT NULL,
  `sectionId` int(11) NOT NULL,
  `creatorId` int(11) NOT NULL,
  `locale` char(12) COLLATE utf8_unicode_ci NOT NULL,
  `name` varchar(255) COLLATE utf8_unicode_ci NOT NULL,
  `notes` tinytext COLLATE utf8_unicode_ci,
  `data` mediumtext COLLATE utf8_unicode_ci NOT NULL,
  `dateCreated` datetime NOT NULL,
  `dateUpdated` datetime NOT NULL,
  `uid` char(36) COLLATE utf8_unicode_ci NOT NULL DEFAULT '0',
  PRIMARY KEY (`id`),
  KEY `craft_entrydrafts_entryId_locale_idx` (`entryId`,`locale`),
  KEY `craft_entrydrafts_sectionId_fk` (`sectionId`),
  KEY `craft_entrydrafts_creatorId_fk` (`creatorId`),
  KEY `craft_entrydrafts_locale_fk` (`locale`)
) ENGINE=InnoDB DEFAULT CHARSET=utf8 COLLATE=utf8_unicode_ci;

DROP TABLE IF EXISTS `craft_entrytypes`;


--
-- Schema for table `craft_entrytypes`
--
CREATE TABLE `craft_entrytypes` (
  `id` int(11) NOT NULL AUTO_INCREMENT,
  `sectionId` int(11) NOT NULL,
  `fieldLayoutId` int(11) DEFAULT NULL,
  `name` varchar(255) COLLATE utf8_unicode_ci NOT NULL,
  `handle` varchar(255) COLLATE utf8_unicode_ci NOT NULL,
  `hasTitleField` tinyint(1) unsigned NOT NULL DEFAULT '1',
  `titleLabel` varchar(255) COLLATE utf8_unicode_ci DEFAULT 'Title',
  `titleFormat` varchar(255) COLLATE utf8_unicode_ci DEFAULT NULL,
  `sortOrder` smallint(6) unsigned DEFAULT NULL,
  `dateCreated` datetime NOT NULL,
  `dateUpdated` datetime NOT NULL,
  `uid` char(36) COLLATE utf8_unicode_ci NOT NULL DEFAULT '0',
  PRIMARY KEY (`id`),
  UNIQUE KEY `craft_entrytypes_name_sectionId_unq_idx` (`name`,`sectionId`),
  UNIQUE KEY `craft_entrytypes_handle_sectionId_unq_idx` (`handle`,`sectionId`),
  KEY `craft_entrytypes_sectionId_fk` (`sectionId`),
  KEY `craft_entrytypes_fieldLayoutId_fk` (`fieldLayoutId`)
) ENGINE=InnoDB AUTO_INCREMENT=6 DEFAULT CHARSET=utf8 COLLATE=utf8_unicode_ci;

--
-- Data for table `craft_entrytypes`
--

INSERT INTO `craft_entrytypes` (`id`, `sectionId`, `fieldLayoutId`, `name`, `handle`, `hasTitleField`, `titleLabel`, `titleFormat`, `sortOrder`, `dateCreated`, `dateUpdated`, `uid`) VALUES
 ('1', '1', '3', 'Homepage', 'homepage', '1', 'Title', NULL, '1', '2017-07-20 17:27:58', '2017-07-20 17:27:59', 'cfde94fb-19ea-4418-9c11-f6ed53a3c1bd'),
 ('2', '2', '5', 'News', 'news', '1', 'Title', NULL, '1', '2017-07-20 17:27:59', '2017-07-20 17:27:59', '98644a11-403a-4abc-97e6-0a0c8e025204'),
 ('3', '3', '1218', 'Page', 'page', '1', 'Title', NULL, '1', '2017-07-20 18:25:45', '2017-08-01 17:18:11', 'b1827d62-a45c-4559-8375-0fcf090b1ff6'),
 ('4', '4', '591', 'Success Stories', 'successStories', '1', 'Title', NULL, '1', '2017-07-20 21:27:22', '2017-07-21 23:26:56', '38eeec90-6df3-4dea-bd34-97e314e40646'),
 ('5', '5', '1606', 'Site Navigation', 'siteNavigation', '0', NULL, '{section.name|raw}', '1', '2017-08-03 18:22:50', '2017-08-03 18:23:13', '700009f5-6b6f-4b69-9c00-a2f04d6e60e2');



DROP TABLE IF EXISTS `craft_entryversions`;


--
-- Schema for table `craft_entryversions`
--
CREATE TABLE `craft_entryversions` (
  `id` int(11) NOT NULL AUTO_INCREMENT,
  `entryId` int(11) NOT NULL,
  `sectionId` int(11) NOT NULL,
  `creatorId` int(11) DEFAULT NULL,
  `locale` char(12) COLLATE utf8_unicode_ci NOT NULL,
  `num` smallint(6) unsigned NOT NULL,
  `notes` tinytext COLLATE utf8_unicode_ci,
  `data` mediumtext COLLATE utf8_unicode_ci NOT NULL,
  `dateCreated` datetime NOT NULL,
  `dateUpdated` datetime NOT NULL,
  `uid` char(36) COLLATE utf8_unicode_ci NOT NULL DEFAULT '0',
  PRIMARY KEY (`id`),
  KEY `craft_entryversions_entryId_locale_idx` (`entryId`,`locale`),
  KEY `craft_entryversions_sectionId_fk` (`sectionId`),
  KEY `craft_entryversions_creatorId_fk` (`creatorId`),
  KEY `craft_entryversions_locale_fk` (`locale`)
) ENGINE=InnoDB AUTO_INCREMENT=72 DEFAULT CHARSET=utf8 COLLATE=utf8_unicode_ci;

--
-- Data for table `craft_entryversions`
--

INSERT INTO `craft_entryversions` (`id`, `entryId`, `sectionId`, `creatorId`, `locale`, `num`, `notes`, `data`, `dateCreated`, `dateUpdated`, `uid`) VALUES
 ('1', '2', '1', '1', 'en_us', '1', NULL, '{\"typeId\":\"1\",\"authorId\":null,\"title\":\"Homepage\",\"slug\":\"homepage\",\"postDate\":1500571678,\"expiryDate\":null,\"enabled\":1,\"parentId\":null,\"fields\":[]}', '2017-07-20 17:27:59', '2017-07-20 17:27:59', '34d7ac85-60dd-480c-8bb7-4a1afa7738fe'),
 ('2', '2', '1', '1', 'en_us', '2', NULL, '{\"typeId\":null,\"authorId\":null,\"title\":\"Welcome to Snapchat.craft.dev!\",\"slug\":\"homepage\",\"postDate\":1500571678,\"expiryDate\":null,\"enabled\":\"1\",\"parentId\":null,\"fields\":{\"1\":\"<p>It\\u2019s true, this site doesn\\u2019t have a whole lot of content yet, but don\\u2019t worry. Our web developers have just installed the CMS, and they\\u2019re setting things up for the content editors this very moment. Soon Snapchat.craft.dev will be an oasis of fresh perspectives, sharp analyses, and astute opinions that will keep you coming back again and again.<\\/p>\"}}', '2017-07-20 17:27:59', '2017-07-20 17:27:59', 'a82373b1-f2ad-43de-a501-00c335ace1ea'),
 ('3', '3', '2', '1', 'en_us', '1', NULL, '{\"typeId\":\"2\",\"authorId\":\"1\",\"title\":\"We just installed Craft!\",\"slug\":\"we-just-installed-craft\",\"postDate\":1500571679,\"expiryDate\":null,\"enabled\":1,\"parentId\":null,\"fields\":[]}', '2017-07-20 17:27:59', '2017-07-20 17:27:59', '851a0141-393e-4b58-860c-be66f45cc2e1'),
 ('24', '33', '4', '1', 'en_us', '1', '', '{\"typeId\":null,\"authorId\":\"1\",\"title\":\"AB InBev\",\"slug\":\"ab-inbev\",\"postDate\":1500679790,\"expiryDate\":null,\"enabled\":1,\"parentId\":\"\",\"fields\":{\"41\":\"AB InBev\",\"39\":\"Success Story\",\"40\":\"#a91622\",\"38\":\"\",\"43\":\"\",\"42\":\"On average, Snapchatters spent 30 seconds playing Anheuser Busch InBev\'s Bud Bowl game in its Snap Ad Web View.\"}}', '2017-07-21 23:29:50', '2017-07-21 23:29:50', '5c5266c9-0106-4f5d-b9c9-9c34b9a5ea28'),
 ('36', '33', '4', '1', 'en_us', '2', '', '{\"typeId\":\"4\",\"authorId\":\"1\",\"title\":\"AB InBev\",\"slug\":\"ab-inbev\",\"postDate\":1500679740,\"expiryDate\":null,\"enabled\":1,\"parentId\":\"\",\"fields\":{\"41\":\"AB InBev\",\"39\":\"Success Story\",\"40\":\"#a91622\",\"38\":[\"97\"],\"43\":\"\",\"42\":\"On average, Snapchatters spent 30 seconds playing Anheuser Busch InBev\'s Bud Bowl game in its Snap Ad Web View.\"}}', '2017-07-26 22:26:19', '2017-07-26 22:26:19', 'a2a02e1d-dbb5-43ab-b241-8dd77577bd83'),
 ('37', '98', '3', '1', 'en_us', '1', '', '{\"typeId\":\"3\",\"authorId\":\"1\",\"title\":\"Solutions\",\"slug\":\"solutions\",\"postDate\":1501109314,\"expiryDate\":null,\"enabled\":1,\"parentId\":\"\",\"fields\":{\"3\":\"\",\"16\":\"1\",\"15\":\"blue\",\"7\":\"solutions\"}}', '2017-07-26 22:48:34', '2017-07-26 22:48:34', '31c7ecc0-26d2-483e-b78d-438edef745e4'),
 ('38', '98', '3', '1', 'en_us', '2', '', '{\"typeId\":\"3\",\"authorId\":\"1\",\"title\":\"Solutions\",\"slug\":\"solutions\",\"postDate\":1501109280,\"expiryDate\":null,\"enabled\":1,\"parentId\":\"\",\"fields\":{\"3\":{\"new0\":{\"modified\":\"1\",\"type\":\"cb_section\",\"enabled\":\"1\",\"collapsed\":\"0\",\"level\":\"0\",\"fields\":{\"cb_sectionTitle\":\"Overview\",\"cb_sectionBackgroundColor\":\"gray\"}},\"new1\":{\"modified\":\"1\",\"type\":\"centeredTextLockup\",\"enabled\":\"1\",\"collapsed\":\"0\",\"level\":\"1\"},\"new2\":{\"modified\":\"1\",\"type\":\"headline\",\"enabled\":\"1\",\"collapsed\":\"0\",\"level\":\"2\",\"fields\":{\"cb_headline\":\"Our ad products are fun and effective, for every objective\"}},\"new3\":{\"modified\":\"1\",\"type\":\"mobileDeviceGrid\",\"enabled\":\"1\",\"collapsed\":\"0\",\"level\":\"1\"},\"new4\":{\"modified\":\"1\",\"type\":\"device\",\"enabled\":\"1\",\"collapsed\":\"0\",\"level\":\"2\",\"fields\":{\"cb_deviceImage\":[\"100\"],\"cb_deviceVideo\":\"\",\"cb_deviceHeadline\":\"Snap Ads\",\"cb_deviceBody\":\"Captivate your audience with full-screen Snap Ads.\"}},\"new5\":{\"modified\":\"1\",\"type\":\"device\",\"enabled\":\"1\",\"collapsed\":\"0\",\"level\":\"2\",\"fields\":{\"cb_deviceImage\":[\"99\"],\"cb_deviceVideo\":\"\",\"cb_deviceHeadline\":\"Filters\",\"cb_deviceBody\":\"Own a place or event with location-based Filters.\"}},\"new6\":{\"modified\":\"1\",\"type\":\"device\",\"enabled\":\"1\",\"collapsed\":\"0\",\"level\":\"2\",\"fields\":{\"cb_deviceImage\":[\"101\"],\"cb_deviceVideo\":\"\",\"cb_deviceHeadline\":\"Lenses\",\"cb_deviceBody\":\"Invite customers to play and share with Lenses.\"}},\"new7\":{\"modified\":\"1\",\"type\":\"cb_section\",\"enabled\":\"1\",\"collapsed\":\"0\",\"level\":\"0\",\"fields\":{\"cb_sectionTitle\":\"Snap Ads\",\"cb_sectionBackgroundColor\":\"white\"}},\"new8\":{\"modified\":\"1\",\"type\":\"centeredTextLockup\",\"enabled\":\"1\",\"collapsed\":\"0\",\"level\":\"1\"},\"new9\":{\"modified\":\"1\",\"type\":\"headline\",\"enabled\":\"1\",\"collapsed\":\"0\",\"level\":\"2\",\"fields\":{\"cb_headline\":\"Snap Ads\"}},\"new10\":{\"modified\":\"1\",\"type\":\"subhead\",\"enabled\":\"1\",\"collapsed\":\"0\",\"level\":\"2\",\"fields\":{\"cb_subhead\":\"The original vertical video ad \\u2014 now with attachments customized for your objectives.\"}},\"new11\":{\"modified\":\"1\",\"type\":\"cb_section\",\"enabled\":\"1\",\"collapsed\":\"0\",\"level\":\"0\",\"fields\":{\"cb_sectionTitle\":\"Filters\",\"cb_sectionBackgroundColor\":\"gray\"}},\"new12\":{\"modified\":\"1\",\"type\":\"centeredTextLockup\",\"enabled\":\"1\",\"collapsed\":\"0\",\"level\":\"1\"},\"new13\":{\"modified\":\"1\",\"type\":\"headline\",\"enabled\":\"1\",\"collapsed\":\"0\",\"level\":\"2\",\"fields\":{\"cb_headline\":\"Filters\"}},\"new14\":{\"modified\":\"1\",\"type\":\"subhead\",\"enabled\":\"1\",\"collapsed\":\"0\",\"level\":\"2\",\"fields\":{\"cb_subhead\":\"Filters allow you to be where your product is bought, thought about, or consumed. Create your own Filter and drive awareness, advocacy, and action in one package.\"}},\"new15\":{\"modified\":\"1\",\"type\":\"primaryButton\",\"enabled\":\"1\",\"collapsed\":\"0\",\"level\":\"2\",\"fields\":{\"cb_button\":{\"type\":\"custom\",\"custom\":\"http:\\/\\/geofilters.snapchat.com\",\"entry\":\"\",\"customText\":\"Create A Filter\",\"target\":\"_blank\"}}},\"new16\":{\"modified\":\"1\",\"type\":\"secondaryButton\",\"enabled\":\"1\",\"collapsed\":\"0\",\"level\":\"2\",\"fields\":{\"cb_button\":{\"type\":\"custom\",\"custom\":\"https:\\/\\/businesshelp.snapchat.com\\/en-US\\/article\\/create-geofilter\",\"entry\":\"\",\"customText\":\"View Guidelines\",\"target\":\"\"}}},\"new17\":{\"modified\":\"1\",\"type\":\"mobileDeviceGrid\",\"enabled\":\"1\",\"collapsed\":\"0\",\"level\":\"1\"},\"new18\":{\"modified\":\"1\",\"type\":\"device\",\"enabled\":\"1\",\"collapsed\":\"0\",\"level\":\"2\",\"fields\":{\"cb_deviceImage\":[\"101\"],\"cb_deviceVideo\":\"\",\"cb_deviceHeadline\":\"\",\"cb_deviceBody\":\"\"}},\"new19\":{\"modified\":\"1\",\"type\":\"device\",\"enabled\":\"1\",\"collapsed\":\"0\",\"level\":\"2\",\"fields\":{\"cb_deviceImage\":[\"102\"],\"cb_deviceVideo\":\"\",\"cb_deviceHeadline\":\"\",\"cb_deviceBody\":\"\"}},\"new20\":{\"modified\":\"1\",\"type\":\"device\",\"enabled\":\"1\",\"collapsed\":\"0\",\"level\":\"2\",\"fields\":{\"cb_deviceImage\":[\"103\"],\"cb_deviceVideo\":\"\",\"cb_deviceHeadline\":\"\",\"cb_deviceBody\":\"\"}},\"new21\":{\"modified\":\"1\",\"type\":\"cb_section\",\"enabled\":\"1\",\"collapsed\":\"0\",\"level\":\"0\",\"fields\":{\"cb_sectionTitle\":\"Lenses\",\"cb_sectionBackgroundColor\":\"white\"}},\"new22\":{\"modified\":\"1\",\"type\":\"centeredTextLockup\",\"enabled\":\"1\",\"collapsed\":\"0\",\"level\":\"1\"},\"new23\":{\"modified\":\"1\",\"type\":\"headline\",\"enabled\":\"1\",\"collapsed\":\"0\",\"level\":\"2\",\"fields\":{\"cb_headline\":\"Lenses\"}},\"new24\":{\"modified\":\"1\",\"type\":\"subhead\",\"enabled\":\"1\",\"collapsed\":\"0\",\"level\":\"2\",\"fields\":{\"cb_subhead\":\"Lenses are the most playful and memorable way to increase awareness, on a massive scale. With one tap, you can invite Snapchatters into your world \\u2014 and your story.\"}},\"new26\":{\"modified\":\"1\",\"type\":\"mobileDeviceGrid\",\"enabled\":\"1\",\"collapsed\":\"0\",\"level\":\"1\"},\"new27\":{\"modified\":\"1\",\"type\":\"device\",\"enabled\":\"1\",\"collapsed\":\"0\",\"level\":\"2\",\"fields\":{\"cb_deviceImage\":[\"104\"],\"cb_deviceVideo\":\"\",\"cb_deviceHeadline\":\"\",\"cb_deviceBody\":\"\"}},\"new28\":{\"modified\":\"1\",\"type\":\"device\",\"enabled\":\"1\",\"collapsed\":\"0\",\"level\":\"2\",\"fields\":{\"cb_deviceImage\":[\"105\"],\"cb_deviceVideo\":\"\",\"cb_deviceHeadline\":\"\",\"cb_deviceBody\":\"\"}},\"new29\":{\"modified\":\"1\",\"type\":\"device\",\"enabled\":\"1\",\"collapsed\":\"0\",\"level\":\"2\",\"fields\":{\"cb_deviceImage\":[\"106\"],\"cb_deviceVideo\":\"\",\"cb_deviceHeadline\":\"\",\"cb_deviceBody\":\"\"}},\"new30\":{\"modified\":\"1\",\"type\":\"cb_section\",\"enabled\":\"1\",\"collapsed\":\"0\",\"level\":\"0\",\"fields\":{\"cb_sectionTitle\":\"Video\",\"cb_sectionBackgroundColor\":\"gray\"}},\"new31\":{\"modified\":\"1\",\"type\":\"centeredTextLockup\",\"enabled\":\"1\",\"collapsed\":\"0\",\"level\":\"1\"},\"new32\":{\"modified\":\"1\",\"type\":\"headline\",\"enabled\":\"1\",\"collapsed\":\"0\",\"level\":\"2\",\"fields\":{\"cb_headline\":\"See where your ads will run on Snapchat\"}},\"new33\":{\"modified\":\"1\",\"type\":\"cb_centeredVideo\",\"enabled\":\"1\",\"collapsed\":\"0\",\"level\":\"1\",\"fields\":{\"cb_video\":\"\",\"cb_assetWidth\":\"wide\"}}},\"16\":\"1\",\"15\":\"blue\",\"7\":\"solutions\"}}', '2017-07-26 23:03:49', '2017-07-26 23:03:49', '08b16baf-23c0-44a4-95b5-4aeee2818ad7'),
 ('39', '98', '3', '1', 'en_us', '3', '', '{\"typeId\":\"3\",\"authorId\":\"1\",\"title\":\"Solutions\",\"slug\":\"solutions\",\"postDate\":1501109280,\"expiryDate\":null,\"enabled\":1,\"parentId\":\"\",\"fields\":{\"3\":{\"107\":{\"modified\":\"1\",\"type\":\"cb_section\",\"enabled\":\"1\",\"collapsed\":\"0\",\"level\":\"0\",\"fields\":{\"cb_sectionTitle\":\"Overview\",\"cb_sectionBackgroundColor\":\"gray\"}},\"108\":{\"modified\":\"1\",\"type\":\"centeredTextLockup\",\"enabled\":\"1\",\"collapsed\":\"0\",\"level\":\"1\"},\"109\":{\"modified\":\"1\",\"type\":\"headline\",\"enabled\":\"1\",\"collapsed\":\"0\",\"level\":\"2\",\"fields\":{\"cb_headline\":\"Our ad products are fun and effective, for every objective\"}},\"110\":{\"modified\":\"1\",\"type\":\"mobileDeviceGrid\",\"enabled\":\"1\",\"collapsed\":\"0\",\"level\":\"1\",\"fields\":{\"cb_chillahTooltip\":\"\"}},\"111\":{\"modified\":\"1\",\"type\":\"device\",\"enabled\":\"1\",\"collapsed\":\"0\",\"level\":\"2\",\"fields\":{\"cb_deviceImage\":[\"100\"],\"cb_deviceVideo\":\"\",\"cb_deviceHeadline\":\"Snap Ads\",\"cb_deviceBody\":\"Captivate your audience with full-screen Snap Ads.\"}},\"112\":{\"modified\":\"1\",\"type\":\"device\",\"enabled\":\"1\",\"collapsed\":\"0\",\"level\":\"2\",\"fields\":{\"cb_deviceImage\":[\"99\"],\"cb_deviceVideo\":\"\",\"cb_deviceHeadline\":\"Filters\",\"cb_deviceBody\":\"Own a place or event with location-based Filters.\"}},\"113\":{\"modified\":\"1\",\"type\":\"device\",\"enabled\":\"1\",\"collapsed\":\"0\",\"level\":\"2\",\"fields\":{\"cb_deviceImage\":[\"101\"],\"cb_deviceVideo\":\"\",\"cb_deviceHeadline\":\"Lenses\",\"cb_deviceBody\":\"Invite customers to play and share with Lenses.\"}},\"114\":{\"modified\":\"1\",\"type\":\"cb_section\",\"enabled\":\"1\",\"collapsed\":\"0\",\"level\":\"0\",\"fields\":{\"cb_sectionTitle\":\"Snap Ads\",\"cb_sectionBackgroundColor\":\"white\"}},\"115\":{\"modified\":\"1\",\"type\":\"centeredTextLockup\",\"enabled\":\"1\",\"collapsed\":\"0\",\"level\":\"1\"},\"116\":{\"modified\":\"1\",\"type\":\"headline\",\"enabled\":\"1\",\"collapsed\":\"0\",\"level\":\"2\",\"fields\":{\"cb_headline\":\"Snap Ads\"}},\"117\":{\"modified\":\"1\",\"type\":\"subhead\",\"enabled\":\"1\",\"collapsed\":\"0\",\"level\":\"2\",\"fields\":{\"cb_subhead\":\"The original vertical video ad \\u2014 now with attachments customized for your objectives.\"}},\"118\":{\"modified\":\"1\",\"type\":\"cb_section\",\"enabled\":\"1\",\"collapsed\":\"0\",\"level\":\"0\",\"fields\":{\"cb_sectionTitle\":\"Filters\",\"cb_sectionBackgroundColor\":\"gray\"}},\"119\":{\"modified\":\"1\",\"type\":\"centeredTextLockup\",\"enabled\":\"1\",\"collapsed\":\"0\",\"level\":\"1\"},\"120\":{\"modified\":\"1\",\"type\":\"headline\",\"enabled\":\"1\",\"collapsed\":\"0\",\"level\":\"2\",\"fields\":{\"cb_headline\":\"Filters\"}},\"121\":{\"modified\":\"1\",\"type\":\"subhead\",\"enabled\":\"1\",\"collapsed\":\"0\",\"level\":\"2\",\"fields\":{\"cb_subhead\":\"Filters allow you to be where your product is bought, thought about, or consumed. Create your own Filter and drive awareness, advocacy, and action in one package.\"}},\"122\":{\"modified\":\"1\",\"type\":\"primaryButton\",\"enabled\":\"1\",\"collapsed\":\"0\",\"level\":\"2\",\"fields\":{\"cb_button\":{\"type\":\"custom\",\"custom\":\"http:\\/\\/geofilters.snapchat.com\",\"entry\":\"\",\"customText\":\"Create A Filter\",\"target\":\"_blank\"}}},\"123\":{\"modified\":\"1\",\"type\":\"secondaryButton\",\"enabled\":\"1\",\"collapsed\":\"0\",\"level\":\"2\",\"fields\":{\"cb_button\":{\"type\":\"custom\",\"custom\":\"https:\\/\\/businesshelp.snapchat.com\\/en-US\\/article\\/create-geofilter\",\"entry\":\"\",\"customText\":\"View Guidelines\",\"target\":\"\"}}},\"124\":{\"modified\":\"1\",\"type\":\"mobileDeviceGrid\",\"enabled\":\"1\",\"collapsed\":\"0\",\"level\":\"1\",\"fields\":{\"cb_chillahTooltip\":{\"new1\":{\"type\":\"tooltip\",\"enabled\":\"1\",\"fields\":{\"chillah\":\"\",\"tooltipText\":\"<p>On average, more than a billion Snaps with Filters are viewed every day.<sup>1<\\/sup><\\/p>\",\"location\":\"topRight\"}}}}},\"125\":{\"modified\":\"1\",\"type\":\"device\",\"enabled\":\"1\",\"collapsed\":\"0\",\"level\":\"2\",\"fields\":{\"cb_deviceImage\":[\"101\"],\"cb_deviceVideo\":\"\",\"cb_deviceHeadline\":\"\",\"cb_deviceBody\":\"\"}},\"126\":{\"modified\":\"1\",\"type\":\"device\",\"enabled\":\"1\",\"collapsed\":\"0\",\"level\":\"2\",\"fields\":{\"cb_deviceImage\":[\"102\"],\"cb_deviceVideo\":\"\",\"cb_deviceHeadline\":\"\",\"cb_deviceBody\":\"\"}},\"127\":{\"modified\":\"1\",\"type\":\"device\",\"enabled\":\"1\",\"collapsed\":\"0\",\"level\":\"2\",\"fields\":{\"cb_deviceImage\":[\"103\"],\"cb_deviceVideo\":\"\",\"cb_deviceHeadline\":\"\",\"cb_deviceBody\":\"\"}},\"128\":{\"modified\":\"1\",\"type\":\"cb_section\",\"enabled\":\"1\",\"collapsed\":\"0\",\"level\":\"0\",\"fields\":{\"cb_sectionTitle\":\"Lenses\",\"cb_sectionBackgroundColor\":\"white\"}},\"129\":{\"modified\":\"1\",\"type\":\"centeredTextLockup\",\"enabled\":\"1\",\"collapsed\":\"0\",\"level\":\"1\"},\"130\":{\"modified\":\"1\",\"type\":\"headline\",\"enabled\":\"1\",\"collapsed\":\"0\",\"level\":\"2\",\"fields\":{\"cb_headline\":\"Lenses\"}},\"131\":{\"modified\":\"1\",\"type\":\"subhead\",\"enabled\":\"1\",\"collapsed\":\"0\",\"level\":\"2\",\"fields\":{\"cb_subhead\":\"Lenses are the most playful and memorable way to increase awareness, on a massive scale. With one tap, you can invite Snapchatters into your world \\u2014 and your story.\"}},\"132\":{\"modified\":\"1\",\"type\":\"mobileDeviceGrid\",\"enabled\":\"1\",\"collapsed\":\"0\",\"level\":\"1\",\"fields\":{\"cb_chillahTooltip\":\"\"}},\"133\":{\"modified\":\"1\",\"type\":\"device\",\"enabled\":\"1\",\"collapsed\":\"0\",\"level\":\"2\",\"fields\":{\"cb_deviceImage\":[\"104\"],\"cb_deviceVideo\":\"\",\"cb_deviceHeadline\":\"\",\"cb_deviceBody\":\"\"}},\"134\":{\"modified\":\"1\",\"type\":\"device\",\"enabled\":\"1\",\"collapsed\":\"0\",\"level\":\"2\",\"fields\":{\"cb_deviceImage\":[\"105\"],\"cb_deviceVideo\":\"\",\"cb_deviceHeadline\":\"\",\"cb_deviceBody\":\"\"}},\"135\":{\"modified\":\"1\",\"type\":\"device\",\"enabled\":\"1\",\"collapsed\":\"0\",\"level\":\"2\",\"fields\":{\"cb_deviceImage\":[\"106\"],\"cb_deviceVideo\":\"\",\"cb_deviceHeadline\":\"\",\"cb_deviceBody\":\"\"}},\"136\":{\"modified\":\"1\",\"type\":\"cb_section\",\"enabled\":\"1\",\"collapsed\":\"0\",\"level\":\"0\",\"fields\":{\"cb_sectionTitle\":\"Video\",\"cb_sectionBackgroundColor\":\"gray\"}},\"137\":{\"modified\":\"1\",\"type\":\"centeredTextLockup\",\"enabled\":\"1\",\"collapsed\":\"0\",\"level\":\"1\"},\"138\":{\"modified\":\"1\",\"type\":\"headline\",\"enabled\":\"1\",\"collapsed\":\"0\",\"level\":\"2\",\"fields\":{\"cb_headline\":\"See where your ads will run on Snapchat\"}},\"139\":{\"modified\":\"1\",\"type\":\"cb_centeredVideo\",\"enabled\":\"1\",\"collapsed\":\"0\",\"level\":\"1\",\"fields\":{\"cb_video\":\"\",\"cb_assetWidth\":\"wide\"}}},\"16\":\"1\",\"15\":\"blue\",\"7\":\"solutions\"}}', '2017-07-26 23:08:57', '2017-07-26 23:08:57', '6e4901a8-6732-4bc8-a195-ddcbd3156e1e'),
 ('40', '98', '3', '1', 'en_us', '4', '', '{\"typeId\":\"3\",\"authorId\":\"1\",\"title\":\"Solutions\",\"slug\":\"solutions\",\"postDate\":1501109280,\"expiryDate\":null,\"enabled\":1,\"parentId\":\"\",\"fields\":{\"3\":{\"107\":{\"modified\":\"1\",\"type\":\"cb_section\",\"enabled\":\"1\",\"collapsed\":\"0\",\"level\":\"0\",\"fields\":{\"cb_sectionTitle\":\"Overview\",\"cb_sectionBackgroundColor\":\"gray\"}},\"108\":{\"modified\":\"1\",\"type\":\"centeredTextLockup\",\"enabled\":\"1\",\"collapsed\":\"0\",\"level\":\"1\"},\"109\":{\"modified\":\"1\",\"type\":\"headline\",\"enabled\":\"1\",\"collapsed\":\"0\",\"level\":\"2\",\"fields\":{\"cb_headline\":\"Our ad products are fun and effective, for every objective\"}},\"110\":{\"modified\":\"1\",\"type\":\"mobileDeviceGrid\",\"enabled\":\"1\",\"collapsed\":\"0\",\"level\":\"1\",\"fields\":{\"cb_chillahTooltip\":\"\"}},\"111\":{\"modified\":\"1\",\"type\":\"device\",\"enabled\":\"1\",\"collapsed\":\"0\",\"level\":\"2\",\"fields\":{\"cb_deviceImage\":[\"100\"],\"cb_deviceVideo\":\"\",\"cb_deviceHeadline\":\"Snap Ads\",\"cb_deviceBody\":\"Captivate your audience with full-screen Snap Ads.\"}},\"112\":{\"modified\":\"1\",\"type\":\"device\",\"enabled\":\"1\",\"collapsed\":\"0\",\"level\":\"2\",\"fields\":{\"cb_deviceImage\":[\"99\"],\"cb_deviceVideo\":\"\",\"cb_deviceHeadline\":\"Filters\",\"cb_deviceBody\":\"Own a place or event with location-based Filters.\"}},\"113\":{\"modified\":\"1\",\"type\":\"device\",\"enabled\":\"1\",\"collapsed\":\"0\",\"level\":\"2\",\"fields\":{\"cb_deviceImage\":[\"101\"],\"cb_deviceVideo\":\"\",\"cb_deviceHeadline\":\"Lenses\",\"cb_deviceBody\":\"Invite customers to play and share with Lenses.\"}},\"114\":{\"modified\":\"1\",\"type\":\"cb_section\",\"enabled\":\"1\",\"collapsed\":\"0\",\"level\":\"0\",\"fields\":{\"cb_sectionTitle\":\"Snap Ads\",\"cb_sectionBackgroundColor\":\"white\"}},\"115\":{\"modified\":\"1\",\"type\":\"centeredTextLockup\",\"enabled\":\"1\",\"collapsed\":\"0\",\"level\":\"1\"},\"116\":{\"modified\":\"1\",\"type\":\"headline\",\"enabled\":\"1\",\"collapsed\":\"0\",\"level\":\"2\",\"fields\":{\"cb_headline\":\"Snap Ads\"}},\"117\":{\"modified\":\"1\",\"type\":\"subhead\",\"enabled\":\"1\",\"collapsed\":\"0\",\"level\":\"2\",\"fields\":{\"cb_subhead\":\"The original vertical video ad \\u2014 now with attachments customized for your objectives.\"}},\"118\":{\"modified\":\"1\",\"type\":\"cb_section\",\"enabled\":\"1\",\"collapsed\":\"0\",\"level\":\"0\",\"fields\":{\"cb_sectionTitle\":\"Filters\",\"cb_sectionBackgroundColor\":\"gray\"}},\"119\":{\"modified\":\"1\",\"type\":\"centeredTextLockup\",\"enabled\":\"1\",\"collapsed\":\"0\",\"level\":\"1\"},\"120\":{\"modified\":\"1\",\"type\":\"headline\",\"enabled\":\"1\",\"collapsed\":\"0\",\"level\":\"2\",\"fields\":{\"cb_headline\":\"Filters\"}},\"121\":{\"modified\":\"1\",\"type\":\"subhead\",\"enabled\":\"1\",\"collapsed\":\"0\",\"level\":\"2\",\"fields\":{\"cb_subhead\":\"Filters allow you to be where your product is bought, thought about, or consumed. Create your own Filter and drive awareness, advocacy, and action in one package.\"}},\"122\":{\"modified\":\"1\",\"type\":\"primaryButton\",\"enabled\":\"1\",\"collapsed\":\"0\",\"level\":\"2\",\"fields\":{\"cb_button\":{\"type\":\"custom\",\"custom\":\"http:\\/\\/geofilters.snapchat.com\",\"entry\":\"\",\"customText\":\"Create A Filter\",\"target\":\"_blank\"}}},\"123\":{\"modified\":\"1\",\"type\":\"secondaryButton\",\"enabled\":\"1\",\"collapsed\":\"0\",\"level\":\"2\",\"fields\":{\"cb_button\":{\"type\":\"custom\",\"custom\":\"https:\\/\\/businesshelp.snapchat.com\\/en-US\\/article\\/create-geofilter\",\"entry\":\"\",\"customText\":\"View Guidelines\",\"target\":\"\"}}},\"124\":{\"modified\":\"1\",\"type\":\"mobileDeviceGrid\",\"enabled\":\"1\",\"collapsed\":\"0\",\"level\":\"1\",\"fields\":{\"cb_chillahTooltip\":{\"140\":{\"type\":\"tooltip\",\"enabled\":\"1\",\"fields\":{\"chillah\":\"\",\"tooltipText\":\"<p>On average, more than a billion Snaps with Filters are viewed every day.<sup>1<\\/sup><\\/p>\",\"location\":\"topRight\"}}}}},\"125\":{\"modified\":\"1\",\"type\":\"device\",\"enabled\":\"1\",\"collapsed\":\"0\",\"level\":\"2\",\"fields\":{\"cb_deviceImage\":[\"101\"],\"cb_deviceVideo\":\"\",\"cb_deviceHeadline\":\"\",\"cb_deviceBody\":\"\"}},\"126\":{\"modified\":\"1\",\"type\":\"device\",\"enabled\":\"1\",\"collapsed\":\"0\",\"level\":\"2\",\"fields\":{\"cb_deviceImage\":[\"102\"],\"cb_deviceVideo\":\"\",\"cb_deviceHeadline\":\"\",\"cb_deviceBody\":\"\"}},\"127\":{\"modified\":\"1\",\"type\":\"device\",\"enabled\":\"1\",\"collapsed\":\"0\",\"level\":\"2\",\"fields\":{\"cb_deviceImage\":[\"103\"],\"cb_deviceVideo\":\"\",\"cb_deviceHeadline\":\"\",\"cb_deviceBody\":\"\"}},\"128\":{\"modified\":\"1\",\"type\":\"cb_section\",\"enabled\":\"1\",\"collapsed\":\"0\",\"level\":\"0\",\"fields\":{\"cb_sectionTitle\":\"Lenses\",\"cb_sectionBackgroundColor\":\"white\"}},\"129\":{\"modified\":\"1\",\"type\":\"centeredTextLockup\",\"enabled\":\"1\",\"collapsed\":\"0\",\"level\":\"1\"},\"130\":{\"modified\":\"1\",\"type\":\"headline\",\"enabled\":\"1\",\"collapsed\":\"0\",\"level\":\"2\",\"fields\":{\"cb_headline\":\"Lenses\"}},\"131\":{\"modified\":\"1\",\"type\":\"subhead\",\"enabled\":\"1\",\"collapsed\":\"0\",\"level\":\"2\",\"fields\":{\"cb_subhead\":\"Lenses are the most playful and memorable way to increase awareness, on a massive scale. With one tap, you can invite Snapchatters into your world \\u2014 and your story.\"}},\"132\":{\"modified\":\"1\",\"type\":\"mobileDeviceGrid\",\"enabled\":\"1\",\"collapsed\":\"0\",\"level\":\"1\",\"fields\":{\"cb_chillahTooltip\":\"\"}},\"133\":{\"modified\":\"1\",\"type\":\"device\",\"enabled\":\"1\",\"collapsed\":\"0\",\"level\":\"2\",\"fields\":{\"cb_deviceImage\":[\"104\"],\"cb_deviceVideo\":\"\",\"cb_deviceHeadline\":\"\",\"cb_deviceBody\":\"\"}},\"134\":{\"modified\":\"1\",\"type\":\"device\",\"enabled\":\"1\",\"collapsed\":\"0\",\"level\":\"2\",\"fields\":{\"cb_deviceImage\":[\"105\"],\"cb_deviceVideo\":\"\",\"cb_deviceHeadline\":\"\",\"cb_deviceBody\":\"\"}},\"135\":{\"modified\":\"1\",\"type\":\"device\",\"enabled\":\"1\",\"collapsed\":\"0\",\"level\":\"2\",\"fields\":{\"cb_deviceImage\":[\"106\"],\"cb_deviceVideo\":\"\",\"cb_deviceHeadline\":\"\",\"cb_deviceBody\":\"\"}},\"136\":{\"modified\":\"1\",\"type\":\"cb_section\",\"enabled\":\"1\",\"collapsed\":\"0\",\"level\":\"0\",\"fields\":{\"cb_sectionTitle\":\"Video\",\"cb_sectionBackgroundColor\":\"gray\"}},\"137\":{\"modified\":\"1\",\"type\":\"centeredTextLockup\",\"enabled\":\"1\",\"collapsed\":\"0\",\"level\":\"1\"},\"138\":{\"modified\":\"1\",\"type\":\"headline\",\"enabled\":\"1\",\"collapsed\":\"0\",\"level\":\"2\",\"fields\":{\"cb_headline\":\"See where your ads will run on Snapchat\"}},\"139\":{\"modified\":\"1\",\"type\":\"cb_centeredVideo\",\"enabled\":\"1\",\"collapsed\":\"0\",\"level\":\"1\",\"fields\":{\"cb_video\":\"\",\"cb_assetWidth\":\"wide\"}}},\"16\":\"1\",\"15\":\"blue\",\"7\":\"solutions\"}}', '2017-07-26 23:09:21', '2017-07-26 23:09:21', '3b0a0d0f-d3ab-4178-897f-0db0578803c5'),
 ('41', '98', '3', '1', 'en_us', '5', '', '{\"typeId\":\"3\",\"authorId\":\"1\",\"title\":\"Solutions\",\"slug\":\"solutions\",\"postDate\":1501109280,\"expiryDate\":null,\"enabled\":1,\"parentId\":\"\",\"fields\":{\"3\":{\"107\":{\"modified\":\"1\",\"type\":\"cb_section\",\"enabled\":\"1\",\"collapsed\":\"0\",\"level\":\"0\",\"fields\":{\"cb_sectionTitle\":\"Overview\",\"cb_sectionBackgroundColor\":\"gray\"}},\"108\":{\"modified\":\"1\",\"type\":\"centeredTextLockup\",\"enabled\":\"1\",\"collapsed\":\"0\",\"level\":\"1\"},\"109\":{\"modified\":\"1\",\"type\":\"headline\",\"enabled\":\"1\",\"collapsed\":\"0\",\"level\":\"2\",\"fields\":{\"cb_headline\":\"Our ad products are fun and effective, for every objective\"}},\"110\":{\"modified\":\"1\",\"type\":\"mobileDeviceGrid\",\"enabled\":\"1\",\"collapsed\":\"0\",\"level\":\"1\",\"fields\":{\"cb_chillahTooltip\":\"\"}},\"111\":{\"modified\":\"1\",\"type\":\"device\",\"enabled\":\"1\",\"collapsed\":\"0\",\"level\":\"2\",\"fields\":{\"cb_deviceImage\":[\"100\"],\"cb_deviceVideo\":\"\",\"cb_deviceHeadline\":\"Snap Ads\",\"cb_deviceBody\":\"Captivate your audience with full-screen Snap Ads.\"}},\"112\":{\"modified\":\"1\",\"type\":\"device\",\"enabled\":\"1\",\"collapsed\":\"0\",\"level\":\"2\",\"fields\":{\"cb_deviceImage\":[\"99\"],\"cb_deviceVideo\":\"\",\"cb_deviceHeadline\":\"Filters\",\"cb_deviceBody\":\"Own a place or event with location-based Filters.\"}},\"113\":{\"modified\":\"1\",\"type\":\"device\",\"enabled\":\"1\",\"collapsed\":\"0\",\"level\":\"2\",\"fields\":{\"cb_deviceImage\":[\"101\"],\"cb_deviceVideo\":\"\",\"cb_deviceHeadline\":\"Lenses\",\"cb_deviceBody\":\"Invite customers to play and share with Lenses.\"}},\"new0\":{\"modified\":\"1\",\"type\":\"cb_section\",\"enabled\":\"1\",\"collapsed\":\"0\",\"level\":\"0\",\"fields\":{\"cb_sectionTitle\":\"Snap Ads\",\"cb_sectionBackgroundColor\":\"white\"}},\"114\":{\"modified\":\"1\",\"type\":\"cb_section\",\"enabled\":\"1\",\"collapsed\":\"0\",\"level\":\"0\",\"fields\":{\"cb_sectionTitle\":\"Snap Ads\",\"cb_sectionBackgroundColor\":\"white\"}},\"115\":{\"modified\":\"1\",\"type\":\"centeredTextLockup\",\"enabled\":\"1\",\"collapsed\":\"0\",\"level\":\"1\"},\"116\":{\"modified\":\"1\",\"type\":\"headline\",\"enabled\":\"1\",\"collapsed\":\"0\",\"level\":\"2\",\"fields\":{\"cb_headline\":\"Snap Ads\"}},\"117\":{\"modified\":\"1\",\"type\":\"subhead\",\"enabled\":\"1\",\"collapsed\":\"0\",\"level\":\"2\",\"fields\":{\"cb_subhead\":\"The original vertical video ad \\u2014 now with attachments customized for your objectives.\"}},\"118\":{\"modified\":\"1\",\"type\":\"cb_section\",\"enabled\":\"1\",\"collapsed\":\"0\",\"level\":\"0\",\"fields\":{\"cb_sectionTitle\":\"Filters\",\"cb_sectionBackgroundColor\":\"gray\"}},\"119\":{\"modified\":\"1\",\"type\":\"centeredTextLockup\",\"enabled\":\"1\",\"collapsed\":\"0\",\"level\":\"1\"},\"120\":{\"modified\":\"1\",\"type\":\"headline\",\"enabled\":\"1\",\"collapsed\":\"0\",\"level\":\"2\",\"fields\":{\"cb_headline\":\"Filters\"}},\"121\":{\"modified\":\"1\",\"type\":\"subhead\",\"enabled\":\"1\",\"collapsed\":\"0\",\"level\":\"2\",\"fields\":{\"cb_subhead\":\"Filters allow you to be where your product is bought, thought about, or consumed. Create your own Filter and drive awareness, advocacy, and action in one package.\"}},\"122\":{\"modified\":\"1\",\"type\":\"primaryButton\",\"enabled\":\"1\",\"collapsed\":\"0\",\"level\":\"2\",\"fields\":{\"cb_button\":{\"type\":\"custom\",\"custom\":\"http:\\/\\/geofilters.snapchat.com\",\"entry\":\"\",\"customText\":\"Create A Filter\",\"target\":\"_blank\"}}},\"123\":{\"modified\":\"1\",\"type\":\"secondaryButton\",\"enabled\":\"1\",\"collapsed\":\"0\",\"level\":\"2\",\"fields\":{\"cb_button\":{\"type\":\"custom\",\"custom\":\"https:\\/\\/businesshelp.snapchat.com\\/en-US\\/article\\/create-geofilter\",\"entry\":\"\",\"customText\":\"View Guidelines\",\"target\":\"\"}}},\"124\":{\"modified\":\"1\",\"type\":\"mobileDeviceGrid\",\"enabled\":\"1\",\"collapsed\":\"0\",\"level\":\"1\",\"fields\":{\"cb_chillahTooltip\":{\"140\":{\"type\":\"tooltip\",\"enabled\":\"1\",\"fields\":{\"chillah\":[\"143\"],\"tooltipText\":\"<p>On average, more than a billion Snaps with Filters are viewed every day.<sup>1<\\/sup><\\/p>\",\"location\":\"topRight\"}}}}},\"125\":{\"modified\":\"1\",\"type\":\"device\",\"enabled\":\"1\",\"collapsed\":\"0\",\"level\":\"2\",\"fields\":{\"cb_deviceImage\":[\"101\"],\"cb_deviceVideo\":\"\",\"cb_deviceHeadline\":\"\",\"cb_deviceBody\":\"\"}},\"126\":{\"modified\":\"1\",\"type\":\"device\",\"enabled\":\"1\",\"collapsed\":\"0\",\"level\":\"2\",\"fields\":{\"cb_deviceImage\":[\"102\"],\"cb_deviceVideo\":\"\",\"cb_deviceHeadline\":\"\",\"cb_deviceBody\":\"\"}},\"127\":{\"modified\":\"1\",\"type\":\"device\",\"enabled\":\"1\",\"collapsed\":\"0\",\"level\":\"2\",\"fields\":{\"cb_deviceImage\":[\"103\"],\"cb_deviceVideo\":\"\",\"cb_deviceHeadline\":\"\",\"cb_deviceBody\":\"\"}},\"128\":{\"modified\":\"1\",\"type\":\"cb_section\",\"enabled\":\"1\",\"collapsed\":\"0\",\"level\":\"0\",\"fields\":{\"cb_sectionTitle\":\"Lenses\",\"cb_sectionBackgroundColor\":\"white\"}},\"129\":{\"modified\":\"1\",\"type\":\"centeredTextLockup\",\"enabled\":\"1\",\"collapsed\":\"0\",\"level\":\"1\"},\"130\":{\"modified\":\"1\",\"type\":\"headline\",\"enabled\":\"1\",\"collapsed\":\"0\",\"level\":\"2\",\"fields\":{\"cb_headline\":\"Lenses\"}},\"131\":{\"modified\":\"1\",\"type\":\"subhead\",\"enabled\":\"1\",\"collapsed\":\"0\",\"level\":\"2\",\"fields\":{\"cb_subhead\":\"Lenses are the most playful and memorable way to increase awareness, on a massive scale. With one tap, you can invite Snapchatters into your world \\u2014 and your story.\"}},\"132\":{\"modified\":\"1\",\"type\":\"mobileDeviceGrid\",\"enabled\":\"1\",\"collapsed\":\"0\",\"level\":\"1\",\"fields\":{\"cb_chillahTooltip\":\"\"}},\"133\":{\"modified\":\"1\",\"type\":\"device\",\"enabled\":\"1\",\"collapsed\":\"0\",\"level\":\"2\",\"fields\":{\"cb_deviceImage\":[\"104\"],\"cb_deviceVideo\":\"\",\"cb_deviceHeadline\":\"\",\"cb_deviceBody\":\"\"}},\"134\":{\"modified\":\"1\",\"type\":\"device\",\"enabled\":\"1\",\"collapsed\":\"0\",\"level\":\"2\",\"fields\":{\"cb_deviceImage\":[\"105\"],\"cb_deviceVideo\":\"\",\"cb_deviceHeadline\":\"\",\"cb_deviceBody\":\"\"}},\"135\":{\"modified\":\"1\",\"type\":\"device\",\"enabled\":\"1\",\"collapsed\":\"0\",\"level\":\"2\",\"fields\":{\"cb_deviceImage\":[\"106\"],\"cb_deviceVideo\":\"\",\"cb_deviceHeadline\":\"\",\"cb_deviceBody\":\"\"}},\"136\":{\"modified\":\"1\",\"type\":\"cb_section\",\"enabled\":\"1\",\"collapsed\":\"0\",\"level\":\"0\",\"fields\":{\"cb_sectionTitle\":\"Video\",\"cb_sectionBackgroundColor\":\"gray\"}},\"137\":{\"modified\":\"1\",\"type\":\"centeredTextLockup\",\"enabled\":\"1\",\"collapsed\":\"0\",\"level\":\"1\"},\"138\":{\"modified\":\"1\",\"type\":\"headline\",\"enabled\":\"1\",\"collapsed\":\"0\",\"level\":\"2\",\"fields\":{\"cb_headline\":\"See where your ads will run on Snapchat\"}},\"139\":{\"modified\":\"1\",\"type\":\"cb_centeredVideo\",\"enabled\":\"1\",\"collapsed\":\"0\",\"level\":\"1\",\"fields\":{\"cb_video\":\"\",\"cb_assetWidth\":\"wide\"}}},\"16\":\"1\",\"15\":\"blue\",\"7\":\"solutions\"}}', '2017-07-26 23:22:14', '2017-07-26 23:22:14', '2cd6341a-17aa-4115-abfa-b1feed7ae0a8'),
 ('42', '98', '3', '1', 'en_us', '6', '', '{\"typeId\":\"3\",\"authorId\":\"1\",\"title\":\"Solutions\",\"slug\":\"solutions\",\"postDate\":1501109280,\"expiryDate\":null,\"enabled\":1,\"parentId\":\"\",\"fields\":{\"3\":{\"107\":{\"modified\":\"1\",\"type\":\"cb_section\",\"enabled\":\"1\",\"collapsed\":\"0\",\"level\":\"0\",\"fields\":{\"cb_sectionTitle\":\"Overview\",\"cb_sectionBackgroundColor\":\"gray\"}},\"108\":{\"modified\":\"1\",\"type\":\"centeredTextLockup\",\"enabled\":\"1\",\"collapsed\":\"0\",\"level\":\"1\"},\"109\":{\"modified\":\"1\",\"type\":\"headline\",\"enabled\":\"1\",\"collapsed\":\"0\",\"level\":\"2\",\"fields\":{\"cb_headline\":\"Our ad products are fun and effective, for every objective\"}},\"110\":{\"modified\":\"1\",\"type\":\"mobileDeviceGrid\",\"enabled\":\"1\",\"collapsed\":\"0\",\"level\":\"1\",\"fields\":{\"cb_chillahTooltip\":\"\"}},\"111\":{\"modified\":\"1\",\"type\":\"device\",\"enabled\":\"1\",\"collapsed\":\"0\",\"level\":\"2\",\"fields\":{\"cb_deviceImage\":[\"100\"],\"cb_deviceVideo\":\"\",\"cb_deviceHeadline\":\"Snap Ads\",\"cb_deviceBody\":\"Captivate your audience with full-screen Snap Ads.\"}},\"112\":{\"modified\":\"1\",\"type\":\"device\",\"enabled\":\"1\",\"collapsed\":\"0\",\"level\":\"2\",\"fields\":{\"cb_deviceImage\":[\"99\"],\"cb_deviceVideo\":\"\",\"cb_deviceHeadline\":\"Filters\",\"cb_deviceBody\":\"Own a place or event with location-based Filters.\"}},\"113\":{\"modified\":\"1\",\"type\":\"device\",\"enabled\":\"1\",\"collapsed\":\"0\",\"level\":\"2\",\"fields\":{\"cb_deviceImage\":[\"101\"],\"cb_deviceVideo\":\"\",\"cb_deviceHeadline\":\"Lenses\",\"cb_deviceBody\":\"Invite customers to play and share with Lenses.\"}},\"144\":{\"modified\":\"1\",\"type\":\"cb_section\",\"enabled\":\"1\",\"collapsed\":\"0\",\"level\":\"0\",\"fields\":{\"cb_sectionTitle\":\"Snap Ads\",\"cb_sectionBackgroundColor\":\"white\"}},\"new0\":{\"modified\":\"1\",\"type\":\"deviceTabs\",\"enabled\":\"1\",\"collapsed\":\"0\",\"level\":\"1\",\"fields\":{\"cb_chillahTooltip\":{\"new1\":{\"type\":\"tooltip\",\"enabled\":\"1\",\"fields\":{\"chillah\":[\"141\"],\"tooltipText\":\"<p>On average, over 10 billion videos are watched on Snapchat every day.<sup>1<\\/sup><\\/p>\",\"location\":\"topLeft\"}}}}},\"new1\":{\"modified\":\"1\",\"type\":\"deviceTab\",\"enabled\":\"1\",\"collapsed\":\"0\",\"level\":\"2\",\"fields\":{\"cb_tabImage\":[\"145\"],\"tabLabel\":\"Snap Ads\",\"cb_tabDescription\":\"Snap Ads are full-screen, 100% viewable, and have audio on by default.\",\"tabVideo\":\"\"}},\"new2\":{\"modified\":\"1\",\"type\":\"deviceTab\",\"enabled\":\"1\",\"collapsed\":\"0\",\"level\":\"2\",\"fields\":{\"cb_tabImage\":\"\",\"tabLabel\":\"+ Web View\",\"cb_tabDescription\":\"Drive traffic to your pre-loaded website. With our Auto-Fill feature, Snapchatters can send you their account email and more by just tapping.\",\"tabVideo\":\"\"}},\"new3\":{\"modified\":\"1\",\"type\":\"deviceTab\",\"enabled\":\"1\",\"collapsed\":\"0\",\"level\":\"2\",\"fields\":{\"cb_tabImage\":\"\",\"tabLabel\":\"\",\"cb_tabDescription\":\"\",\"tabVideo\":\"\"}},\"new4\":{\"modified\":\"1\",\"type\":\"deviceTab\",\"enabled\":\"1\",\"collapsed\":\"0\",\"level\":\"2\",\"fields\":{\"cb_tabImage\":\"\",\"tabLabel\":\"\",\"cb_tabDescription\":\"\",\"tabVideo\":\"\"}},\"114\":{\"modified\":\"1\",\"type\":\"cb_section\",\"enabled\":\"1\",\"collapsed\":\"0\",\"level\":\"0\",\"fields\":{\"cb_sectionTitle\":\"Snap Ads\",\"cb_sectionBackgroundColor\":\"white\"}},\"115\":{\"modified\":\"1\",\"type\":\"centeredTextLockup\",\"enabled\":\"1\",\"collapsed\":\"0\",\"level\":\"1\"},\"116\":{\"modified\":\"1\",\"type\":\"headline\",\"enabled\":\"1\",\"collapsed\":\"0\",\"level\":\"2\",\"fields\":{\"cb_headline\":\"Snap Ads\"}},\"117\":{\"modified\":\"1\",\"type\":\"subhead\",\"enabled\":\"1\",\"collapsed\":\"0\",\"level\":\"2\",\"fields\":{\"cb_subhead\":\"The original vertical video ad \\u2014 now with attachments customized for your objectives.\"}},\"118\":{\"modified\":\"1\",\"type\":\"cb_section\",\"enabled\":\"1\",\"collapsed\":\"0\",\"level\":\"0\",\"fields\":{\"cb_sectionTitle\":\"Filters\",\"cb_sectionBackgroundColor\":\"gray\"}},\"119\":{\"modified\":\"1\",\"type\":\"centeredTextLockup\",\"enabled\":\"1\",\"collapsed\":\"0\",\"level\":\"1\"},\"120\":{\"modified\":\"1\",\"type\":\"headline\",\"enabled\":\"1\",\"collapsed\":\"0\",\"level\":\"2\",\"fields\":{\"cb_headline\":\"Filters\"}},\"121\":{\"modified\":\"1\",\"type\":\"subhead\",\"enabled\":\"1\",\"collapsed\":\"0\",\"level\":\"2\",\"fields\":{\"cb_subhead\":\"Filters allow you to be where your product is bought, thought about, or consumed. Create your own Filter and drive awareness, advocacy, and action in one package.\"}},\"122\":{\"modified\":\"1\",\"type\":\"primaryButton\",\"enabled\":\"1\",\"collapsed\":\"0\",\"level\":\"2\",\"fields\":{\"cb_button\":{\"type\":\"custom\",\"custom\":\"http:\\/\\/geofilters.snapchat.com\",\"entry\":\"\",\"customText\":\"Create A Filter\",\"target\":\"_blank\"}}},\"123\":{\"modified\":\"1\",\"type\":\"secondaryButton\",\"enabled\":\"1\",\"collapsed\":\"0\",\"level\":\"2\",\"fields\":{\"cb_button\":{\"type\":\"custom\",\"custom\":\"https:\\/\\/businesshelp.snapchat.com\\/en-US\\/article\\/create-geofilter\",\"entry\":\"\",\"customText\":\"View Guidelines\",\"target\":\"\"}}},\"124\":{\"modified\":\"1\",\"type\":\"mobileDeviceGrid\",\"enabled\":\"1\",\"collapsed\":\"0\",\"level\":\"1\",\"fields\":{\"cb_chillahTooltip\":{\"140\":{\"type\":\"tooltip\",\"enabled\":\"1\",\"fields\":{\"chillah\":[\"143\"],\"tooltipText\":\"<p>On average, more than a billion Snaps with Filters are viewed every day.<sup>1<\\/sup><\\/p>\",\"location\":\"topRight\"}}}}},\"125\":{\"modified\":\"1\",\"type\":\"device\",\"enabled\":\"1\",\"collapsed\":\"0\",\"level\":\"2\",\"fields\":{\"cb_deviceImage\":[\"101\"],\"cb_deviceVideo\":\"\",\"cb_deviceHeadline\":\"\",\"cb_deviceBody\":\"\"}},\"126\":{\"modified\":\"1\",\"type\":\"device\",\"enabled\":\"1\",\"collapsed\":\"0\",\"level\":\"2\",\"fields\":{\"cb_deviceImage\":[\"102\"],\"cb_deviceVideo\":\"\",\"cb_deviceHeadline\":\"\",\"cb_deviceBody\":\"\"}},\"127\":{\"modified\":\"1\",\"type\":\"device\",\"enabled\":\"1\",\"collapsed\":\"0\",\"level\":\"2\",\"fields\":{\"cb_deviceImage\":[\"103\"],\"cb_deviceVideo\":\"\",\"cb_deviceHeadline\":\"\",\"cb_deviceBody\":\"\"}},\"128\":{\"modified\":\"1\",\"type\":\"cb_section\",\"enabled\":\"1\",\"collapsed\":\"0\",\"level\":\"0\",\"fields\":{\"cb_sectionTitle\":\"Lenses\",\"cb_sectionBackgroundColor\":\"white\"}},\"129\":{\"modified\":\"1\",\"type\":\"centeredTextLockup\",\"enabled\":\"1\",\"collapsed\":\"0\",\"level\":\"1\"},\"130\":{\"modified\":\"1\",\"type\":\"headline\",\"enabled\":\"1\",\"collapsed\":\"0\",\"level\":\"2\",\"fields\":{\"cb_headline\":\"Lenses\"}},\"131\":{\"modified\":\"1\",\"type\":\"subhead\",\"enabled\":\"1\",\"collapsed\":\"0\",\"level\":\"2\",\"fields\":{\"cb_subhead\":\"Lenses are the most playful and memorable way to increase awareness, on a massive scale. With one tap, you can invite Snapchatters into your world \\u2014 and your story.\"}},\"132\":{\"modified\":\"1\",\"type\":\"mobileDeviceGrid\",\"enabled\":\"1\",\"collapsed\":\"0\",\"level\":\"1\",\"fields\":{\"cb_chillahTooltip\":\"\"}},\"133\":{\"modified\":\"1\",\"type\":\"device\",\"enabled\":\"1\",\"collapsed\":\"0\",\"level\":\"2\",\"fields\":{\"cb_deviceImage\":[\"104\"],\"cb_deviceVideo\":\"\",\"cb_deviceHeadline\":\"\",\"cb_deviceBody\":\"\"}},\"134\":{\"modified\":\"1\",\"type\":\"device\",\"enabled\":\"1\",\"collapsed\":\"0\",\"level\":\"2\",\"fields\":{\"cb_deviceImage\":[\"105\"],\"cb_deviceVideo\":\"\",\"cb_deviceHeadline\":\"\",\"cb_deviceBody\":\"\"}},\"135\":{\"modified\":\"1\",\"type\":\"device\",\"enabled\":\"1\",\"collapsed\":\"0\",\"level\":\"2\",\"fields\":{\"cb_deviceImage\":[\"106\"],\"cb_deviceVideo\":\"\",\"cb_deviceHeadline\":\"\",\"cb_deviceBody\":\"\"}},\"136\":{\"modified\":\"1\",\"type\":\"cb_section\",\"enabled\":\"1\",\"collapsed\":\"0\",\"level\":\"0\",\"fields\":{\"cb_sectionTitle\":\"Video\",\"cb_sectionBackgroundColor\":\"gray\"}},\"137\":{\"modified\":\"1\",\"type\":\"centeredTextLockup\",\"enabled\":\"1\",\"collapsed\":\"0\",\"level\":\"1\"},\"138\":{\"modified\":\"1\",\"type\":\"headline\",\"enabled\":\"1\",\"collapsed\":\"0\",\"level\":\"2\",\"fields\":{\"cb_headline\":\"See where your ads will run on Snapchat\"}}},\"16\":\"1\",\"15\":\"blue\",\"7\":\"solutions\"}}', '2017-07-26 23:33:33', '2017-07-26 23:33:33', '46e4c353-7c13-45d2-b922-a7f90f98072f'),
 ('43', '98', '3', '1', 'en_us', '7', '', '{\"typeId\":\"3\",\"authorId\":\"1\",\"title\":\"Solutions\",\"slug\":\"solutions\",\"postDate\":1501109280,\"expiryDate\":null,\"enabled\":1,\"parentId\":\"\",\"fields\":{\"3\":{\"107\":{\"modified\":\"1\",\"type\":\"cb_section\",\"enabled\":\"1\",\"collapsed\":\"0\",\"level\":\"0\",\"fields\":{\"cb_sectionTitle\":\"Overview\",\"cb_sectionBackgroundColor\":\"gray\"}},\"108\":{\"modified\":\"1\",\"type\":\"centeredTextLockup\",\"enabled\":\"1\",\"collapsed\":\"0\",\"level\":\"1\"},\"109\":{\"modified\":\"1\",\"type\":\"headline\",\"enabled\":\"1\",\"collapsed\":\"0\",\"level\":\"2\",\"fields\":{\"cb_headline\":\"Our ad products are fun and effective, for every objective\"}},\"110\":{\"modified\":\"1\",\"type\":\"mobileDeviceGrid\",\"enabled\":\"1\",\"collapsed\":\"0\",\"level\":\"1\",\"fields\":{\"cb_chillahTooltip\":\"\"}},\"111\":{\"modified\":\"1\",\"type\":\"device\",\"enabled\":\"1\",\"collapsed\":\"0\",\"level\":\"2\",\"fields\":{\"cb_deviceImage\":[\"100\"],\"cb_deviceVideo\":\"\",\"cb_deviceHeadline\":\"Snap Ads\",\"cb_deviceBody\":\"Captivate your audience with full-screen Snap Ads.\"}},\"112\":{\"modified\":\"1\",\"type\":\"device\",\"enabled\":\"1\",\"collapsed\":\"0\",\"level\":\"2\",\"fields\":{\"cb_deviceImage\":[\"99\"],\"cb_deviceVideo\":\"\",\"cb_deviceHeadline\":\"Filters\",\"cb_deviceBody\":\"Own a place or event with location-based Filters.\"}},\"113\":{\"modified\":\"1\",\"type\":\"device\",\"enabled\":\"1\",\"collapsed\":\"0\",\"level\":\"2\",\"fields\":{\"cb_deviceImage\":[\"160\"],\"cb_deviceVideo\":\"\",\"cb_deviceHeadline\":\"Lenses\",\"cb_deviceBody\":\"Invite customers to play and share with Lenses.\"}},\"144\":{\"modified\":\"1\",\"type\":\"cb_section\",\"enabled\":\"1\",\"collapsed\":\"0\",\"level\":\"0\",\"fields\":{\"cb_sectionTitle\":\"Snap Ads\",\"cb_sectionBackgroundColor\":\"white\"}},\"162\":{\"modified\":\"1\",\"type\":\"deviceTabs\",\"enabled\":\"1\",\"collapsed\":\"0\",\"level\":\"1\",\"fields\":{\"cb_chillahTooltip\":{\"163\":{\"type\":\"tooltip\",\"enabled\":\"1\",\"fields\":{\"chillah\":[\"141\"],\"tooltipText\":\"<p>On average, over 10 billion videos are watched on Snapchat every day.<sup>1<\\/sup><\\/p>\",\"location\":\"topLeft\"}}}}},\"164\":{\"modified\":\"1\",\"type\":\"deviceTab\",\"enabled\":\"1\",\"collapsed\":\"0\",\"level\":\"2\",\"fields\":{\"cb_tabImage\":[\"145\"],\"tabLabel\":\"Snap Ads\",\"cb_tabDescription\":\"Snap Ads are full-screen, 100% viewable, and have audio on by default.\",\"tabPosterImage\":[\"152\"],\"tabVideo\":\"\"}},\"165\":{\"modified\":\"1\",\"type\":\"deviceTab\",\"enabled\":\"1\",\"collapsed\":\"0\",\"level\":\"2\",\"fields\":{\"cb_tabImage\":[\"146\"],\"tabLabel\":\"+ Web View\",\"cb_tabDescription\":\"Drive traffic to your pre-loaded website. With our Auto-Fill feature, Snapchatters can send you their account email and more by just tapping.\",\"tabPosterImage\":[\"102\"],\"tabVideo\":\"\"}},\"166\":{\"modified\":\"1\",\"type\":\"deviceTab\",\"enabled\":\"1\",\"collapsed\":\"0\",\"level\":\"2\",\"fields\":{\"cb_tabImage\":[\"147\"],\"tabLabel\":\"+ App Install\",\"cb_tabDescription\":\"Drive installs for your app with a swipe and a tap. Snapchatters can even install your app without leaving ours.\",\"tabPosterImage\":[\"154\"],\"tabVideo\":\"\"}},\"167\":{\"modified\":\"1\",\"type\":\"deviceTab\",\"enabled\":\"1\",\"collapsed\":\"0\",\"level\":\"2\",\"fields\":{\"cb_tabImage\":[\"148\"],\"tabLabel\":\"+ Long Form Video\",\"cb_tabDescription\":\"Drive views for your trailer, short film, how-to, or any other video.\",\"tabPosterImage\":[\"105\"],\"tabVideo\":\"\"}},\"114\":{\"modified\":\"1\",\"type\":\"cb_section\",\"enabled\":\"1\",\"collapsed\":\"0\",\"level\":\"0\",\"fields\":{\"cb_sectionTitle\":\"Snap Ads\",\"cb_sectionBackgroundColor\":\"white\"}},\"115\":{\"modified\":\"1\",\"type\":\"centeredTextLockup\",\"enabled\":\"1\",\"collapsed\":\"0\",\"level\":\"1\"},\"116\":{\"modified\":\"1\",\"type\":\"headline\",\"enabled\":\"1\",\"collapsed\":\"0\",\"level\":\"2\",\"fields\":{\"cb_headline\":\"Snap Ads\"}},\"117\":{\"modified\":\"1\",\"type\":\"subhead\",\"enabled\":\"1\",\"collapsed\":\"0\",\"level\":\"2\",\"fields\":{\"cb_subhead\":\"The original vertical video ad \\u2014 now with attachments customized for your objectives.\"}},\"118\":{\"modified\":\"1\",\"type\":\"cb_section\",\"enabled\":\"1\",\"collapsed\":\"0\",\"level\":\"0\",\"fields\":{\"cb_sectionTitle\":\"Filters\",\"cb_sectionBackgroundColor\":\"gray\"}},\"119\":{\"modified\":\"1\",\"type\":\"centeredTextLockup\",\"enabled\":\"1\",\"collapsed\":\"0\",\"level\":\"1\"},\"120\":{\"modified\":\"1\",\"type\":\"headline\",\"enabled\":\"1\",\"collapsed\":\"0\",\"level\":\"2\",\"fields\":{\"cb_headline\":\"Filters\"}},\"121\":{\"modified\":\"1\",\"type\":\"subhead\",\"enabled\":\"1\",\"collapsed\":\"0\",\"level\":\"2\",\"fields\":{\"cb_subhead\":\"Filters allow you to be where your product is bought, thought about, or consumed. Create your own Filter and drive awareness, advocacy, and action in one package.\"}},\"122\":{\"modified\":\"1\",\"type\":\"primaryButton\",\"enabled\":\"1\",\"collapsed\":\"0\",\"level\":\"2\",\"fields\":{\"cb_button\":{\"type\":\"custom\",\"custom\":\"http:\\/\\/geofilters.snapchat.com\",\"entry\":\"\",\"customText\":\"Create A Filter\",\"target\":\"_blank\"}}},\"123\":{\"modified\":\"1\",\"type\":\"secondaryButton\",\"enabled\":\"1\",\"collapsed\":\"0\",\"level\":\"2\",\"fields\":{\"cb_button\":{\"type\":\"custom\",\"custom\":\"https:\\/\\/businesshelp.snapchat.com\\/en-US\\/article\\/create-geofilter\",\"entry\":\"\",\"customText\":\"View Guidelines\",\"target\":\"\"}}},\"124\":{\"modified\":\"1\",\"type\":\"mobileDeviceGrid\",\"enabled\":\"1\",\"collapsed\":\"0\",\"level\":\"1\",\"fields\":{\"cb_chillahTooltip\":{\"140\":{\"type\":\"tooltip\",\"enabled\":\"1\",\"fields\":{\"chillah\":[\"143\"],\"tooltipText\":\"<p>On average, more than a billion Snaps with Filters are viewed every day.<sup>1<\\/sup><\\/p>\",\"location\":\"topRight\"}}}}},\"125\":{\"modified\":\"1\",\"type\":\"device\",\"enabled\":\"1\",\"collapsed\":\"0\",\"level\":\"2\",\"fields\":{\"cb_deviceImage\":[\"101\"],\"cb_deviceVideo\":\"\",\"cb_deviceHeadline\":\"\",\"cb_deviceBody\":\"\"}},\"126\":{\"modified\":\"1\",\"type\":\"device\",\"enabled\":\"1\",\"collapsed\":\"0\",\"level\":\"2\",\"fields\":{\"cb_deviceImage\":[\"157\"],\"cb_deviceVideo\":\"\",\"cb_deviceHeadline\":\"\",\"cb_deviceBody\":\"\"}},\"127\":{\"modified\":\"1\",\"type\":\"device\",\"enabled\":\"1\",\"collapsed\":\"0\",\"level\":\"2\",\"fields\":{\"cb_deviceImage\":[\"103\"],\"cb_deviceVideo\":\"\",\"cb_deviceHeadline\":\"\",\"cb_deviceBody\":\"\"}},\"128\":{\"modified\":\"1\",\"type\":\"cb_section\",\"enabled\":\"1\",\"collapsed\":\"0\",\"level\":\"0\",\"fields\":{\"cb_sectionTitle\":\"Lenses\",\"cb_sectionBackgroundColor\":\"white\"}},\"129\":{\"modified\":\"1\",\"type\":\"centeredTextLockup\",\"enabled\":\"1\",\"collapsed\":\"0\",\"level\":\"1\"},\"130\":{\"modified\":\"1\",\"type\":\"headline\",\"enabled\":\"1\",\"collapsed\":\"0\",\"level\":\"2\",\"fields\":{\"cb_headline\":\"Lenses\"}},\"131\":{\"modified\":\"1\",\"type\":\"subhead\",\"enabled\":\"1\",\"collapsed\":\"0\",\"level\":\"2\",\"fields\":{\"cb_subhead\":\"Lenses are the most playful and memorable way to increase awareness, on a massive scale. With one tap, you can invite Snapchatters into your world \\u2014 and your story.\"}},\"132\":{\"modified\":\"1\",\"type\":\"mobileDeviceGrid\",\"enabled\":\"1\",\"collapsed\":\"0\",\"level\":\"1\",\"fields\":{\"cb_chillahTooltip\":\"\"}},\"133\":{\"modified\":\"1\",\"type\":\"device\",\"enabled\":\"1\",\"collapsed\":\"0\",\"level\":\"2\",\"fields\":{\"cb_deviceImage\":[\"159\"],\"cb_deviceVideo\":\"\",\"cb_deviceHeadline\":\"\",\"cb_deviceBody\":\"\"}},\"134\":{\"modified\":\"1\",\"type\":\"device\",\"enabled\":\"1\",\"collapsed\":\"0\",\"level\":\"2\",\"fields\":{\"cb_deviceImage\":[\"151\"],\"cb_deviceVideo\":\"\",\"cb_deviceHeadline\":\"\",\"cb_deviceBody\":\"\"}},\"135\":{\"modified\":\"1\",\"type\":\"device\",\"enabled\":\"1\",\"collapsed\":\"0\",\"level\":\"2\",\"fields\":{\"cb_deviceImage\":[\"161\"],\"cb_deviceVideo\":\"\",\"cb_deviceHeadline\":\"\",\"cb_deviceBody\":\"\"}},\"136\":{\"modified\":\"1\",\"type\":\"cb_section\",\"enabled\":\"1\",\"collapsed\":\"0\",\"level\":\"0\",\"fields\":{\"cb_sectionTitle\":\"Video\",\"cb_sectionBackgroundColor\":\"gray\"}},\"137\":{\"modified\":\"1\",\"type\":\"centeredTextLockup\",\"enabled\":\"1\",\"collapsed\":\"0\",\"level\":\"1\"},\"138\":{\"modified\":\"1\",\"type\":\"headline\",\"enabled\":\"1\",\"collapsed\":\"0\",\"level\":\"2\",\"fields\":{\"cb_headline\":\"See where your ads will run on Snapchat\"}}},\"16\":\"1\",\"15\":\"blue\",\"7\":\"solutions\"}}', '2017-07-26 23:40:25', '2017-07-26 23:40:25', '14fcc0f8-c909-4b8f-abec-384f0b68fd63'),
 ('44', '98', '3', '1', 'en_us', '8', '', '{\"typeId\":\"3\",\"authorId\":\"1\",\"title\":\"Solutions\",\"slug\":\"solutions\",\"postDate\":1501109280,\"expiryDate\":null,\"enabled\":1,\"parentId\":\"\",\"fields\":{\"3\":{\"107\":{\"modified\":\"1\",\"type\":\"cb_section\",\"enabled\":\"1\",\"collapsed\":\"0\",\"level\":\"0\",\"fields\":{\"cb_sectionTitle\":\"Overview\",\"cb_sectionBackgroundColor\":\"gray\"}},\"108\":{\"modified\":\"1\",\"type\":\"centeredTextLockup\",\"enabled\":\"1\",\"collapsed\":\"0\",\"level\":\"1\"},\"109\":{\"modified\":\"1\",\"type\":\"headline\",\"enabled\":\"1\",\"collapsed\":\"0\",\"level\":\"2\",\"fields\":{\"cb_headline\":\"Our ad products are fun and effective, for every objective\"}},\"110\":{\"modified\":\"1\",\"type\":\"mobileDeviceGrid\",\"enabled\":\"1\",\"collapsed\":\"0\",\"level\":\"1\",\"fields\":{\"cb_chillahTooltip\":\"\"}},\"111\":{\"modified\":\"1\",\"type\":\"device\",\"enabled\":\"1\",\"collapsed\":\"0\",\"level\":\"2\",\"fields\":{\"cb_deviceImage\":[\"100\"],\"cb_deviceVideo\":\"\",\"cb_deviceHeadline\":\"Snap Ads\",\"cb_deviceBody\":\"Captivate your audience with full-screen Snap Ads.\"}},\"112\":{\"modified\":\"1\",\"type\":\"device\",\"enabled\":\"1\",\"collapsed\":\"0\",\"level\":\"2\",\"fields\":{\"cb_deviceImage\":[\"99\"],\"cb_deviceVideo\":\"\",\"cb_deviceHeadline\":\"Filters\",\"cb_deviceBody\":\"Own a place or event with location-based Filters.\"}},\"113\":{\"modified\":\"1\",\"type\":\"device\",\"enabled\":\"1\",\"collapsed\":\"0\",\"level\":\"2\",\"fields\":{\"cb_deviceImage\":[\"160\"],\"cb_deviceVideo\":\"\",\"cb_deviceHeadline\":\"Lenses\",\"cb_deviceBody\":\"Invite customers to play and share with Lenses.\"}},\"144\":{\"modified\":\"1\",\"type\":\"cb_section\",\"enabled\":\"1\",\"collapsed\":\"0\",\"level\":\"0\",\"fields\":{\"cb_sectionTitle\":\"Snap Ads\",\"cb_sectionBackgroundColor\":\"white\"}},\"162\":{\"modified\":\"1\",\"type\":\"deviceTabs\",\"enabled\":\"1\",\"collapsed\":\"0\",\"level\":\"1\",\"fields\":{\"cb_chillahTooltip\":{\"163\":{\"type\":\"tooltip\",\"enabled\":\"1\",\"fields\":{\"chillah\":[\"141\"],\"tooltipText\":\"<p>On average, over 10 billion videos are watched on Snapchat every day.<sup>1<\\/sup><\\/p>\",\"location\":\"topLeft\"}}}}},\"164\":{\"modified\":\"1\",\"type\":\"deviceTab\",\"enabled\":\"1\",\"collapsed\":\"0\",\"level\":\"2\",\"fields\":{\"cb_tabImage\":[\"145\"],\"tabLabel\":\"Snap Ads\",\"cb_tabDescription\":\"Snap Ads are full-screen, 100% viewable, and have audio on by default.\",\"tabPosterImage\":[\"152\"],\"tabVideo\":\"\"}},\"165\":{\"modified\":\"1\",\"type\":\"deviceTab\",\"enabled\":\"1\",\"collapsed\":\"0\",\"level\":\"2\",\"fields\":{\"cb_tabImage\":[\"146\"],\"tabLabel\":\"+ Web View\",\"cb_tabDescription\":\"Drive traffic to your pre-loaded website. With our Auto-Fill feature, Snapchatters can send you their account email and more by just tapping.\",\"tabPosterImage\":[\"102\"],\"tabVideo\":\"\"}},\"166\":{\"modified\":\"1\",\"type\":\"deviceTab\",\"enabled\":\"1\",\"collapsed\":\"0\",\"level\":\"2\",\"fields\":{\"cb_tabImage\":[\"147\"],\"tabLabel\":\"+ App Install\",\"cb_tabDescription\":\"Drive installs for your app with a swipe and a tap. Snapchatters can even install your app without leaving ours.\",\"tabPosterImage\":[\"154\"],\"tabVideo\":\"\"}},\"167\":{\"modified\":\"1\",\"type\":\"deviceTab\",\"enabled\":\"1\",\"collapsed\":\"0\",\"level\":\"2\",\"fields\":{\"cb_tabImage\":[\"148\"],\"tabLabel\":\"+ Long Form Video\",\"cb_tabDescription\":\"Drive views for your trailer, short film, how-to, or any other video.\",\"tabPosterImage\":[\"105\"],\"tabVideo\":\"\"}},\"114\":{\"modified\":\"1\",\"type\":\"cb_section\",\"enabled\":\"1\",\"collapsed\":\"0\",\"level\":\"0\",\"fields\":{\"cb_sectionTitle\":\"Snap Ads\",\"cb_sectionBackgroundColor\":\"white\"}},\"115\":{\"modified\":\"1\",\"type\":\"centeredTextLockup\",\"enabled\":\"1\",\"collapsed\":\"0\",\"level\":\"1\"},\"116\":{\"modified\":\"1\",\"type\":\"headline\",\"enabled\":\"1\",\"collapsed\":\"0\",\"level\":\"2\",\"fields\":{\"cb_headline\":\"Snap Ads\"}},\"117\":{\"modified\":\"1\",\"type\":\"subhead\",\"enabled\":\"1\",\"collapsed\":\"0\",\"level\":\"2\",\"fields\":{\"cb_subhead\":\"The original vertical video ad \\u2014 now with attachments customized for your objectives.\"}},\"118\":{\"modified\":\"1\",\"type\":\"cb_section\",\"enabled\":\"1\",\"collapsed\":\"0\",\"level\":\"0\",\"fields\":{\"cb_sectionTitle\":\"Filters\",\"cb_sectionBackgroundColor\":\"gray\"}},\"119\":{\"modified\":\"1\",\"type\":\"centeredTextLockup\",\"enabled\":\"1\",\"collapsed\":\"0\",\"level\":\"1\"},\"120\":{\"modified\":\"1\",\"type\":\"headline\",\"enabled\":\"1\",\"collapsed\":\"0\",\"level\":\"2\",\"fields\":{\"cb_headline\":\"Filters\"}},\"121\":{\"modified\":\"1\",\"type\":\"subhead\",\"enabled\":\"1\",\"collapsed\":\"0\",\"level\":\"2\",\"fields\":{\"cb_subhead\":\"Filters allow you to be where your product is bought, thought about, or consumed. Create your own Filter and drive awareness, advocacy, and action in one package.\"}},\"122\":{\"modified\":\"1\",\"type\":\"primaryButton\",\"enabled\":\"1\",\"collapsed\":\"0\",\"level\":\"2\",\"fields\":{\"cb_button\":{\"type\":\"custom\",\"custom\":\"http:\\/\\/geofilters.snapchat.com\",\"entry\":\"\",\"customText\":\"Create A Filter\",\"target\":\"_blank\"}}},\"123\":{\"modified\":\"1\",\"type\":\"secondaryButton\",\"enabled\":\"1\",\"collapsed\":\"0\",\"level\":\"2\",\"fields\":{\"cb_button\":{\"type\":\"custom\",\"custom\":\"https:\\/\\/businesshelp.snapchat.com\\/en-US\\/article\\/create-geofilter\",\"entry\":\"\",\"customText\":\"View Guidelines\",\"target\":\"\"}}},\"124\":{\"modified\":\"1\",\"type\":\"mobileDeviceGrid\",\"enabled\":\"1\",\"collapsed\":\"0\",\"level\":\"1\",\"fields\":{\"cb_chillahTooltip\":{\"140\":{\"type\":\"tooltip\",\"enabled\":\"1\",\"fields\":{\"chillah\":[\"143\"],\"tooltipText\":\"<p>On average, more than a billion Snaps with Filters are viewed every day.<sup>1<\\/sup><\\/p>\",\"location\":\"topRight\"}}}}},\"125\":{\"modified\":\"1\",\"type\":\"device\",\"enabled\":\"1\",\"collapsed\":\"0\",\"level\":\"2\",\"fields\":{\"cb_deviceImage\":[\"101\"],\"cb_deviceVideo\":\"\",\"cb_deviceHeadline\":\"\",\"cb_deviceBody\":\"\"}},\"126\":{\"modified\":\"1\",\"type\":\"device\",\"enabled\":\"1\",\"collapsed\":\"0\",\"level\":\"2\",\"fields\":{\"cb_deviceImage\":[\"157\"],\"cb_deviceVideo\":\"\",\"cb_deviceHeadline\":\"\",\"cb_deviceBody\":\"\"}},\"127\":{\"modified\":\"1\",\"type\":\"device\",\"enabled\":\"1\",\"collapsed\":\"0\",\"level\":\"2\",\"fields\":{\"cb_deviceImage\":[\"103\"],\"cb_deviceVideo\":\"\",\"cb_deviceHeadline\":\"\",\"cb_deviceBody\":\"\"}},\"128\":{\"modified\":\"1\",\"type\":\"cb_section\",\"enabled\":\"1\",\"collapsed\":\"0\",\"level\":\"0\",\"fields\":{\"cb_sectionTitle\":\"Lenses\",\"cb_sectionBackgroundColor\":\"white\"}},\"129\":{\"modified\":\"1\",\"type\":\"centeredTextLockup\",\"enabled\":\"1\",\"collapsed\":\"0\",\"level\":\"1\"},\"130\":{\"modified\":\"1\",\"type\":\"headline\",\"enabled\":\"1\",\"collapsed\":\"0\",\"level\":\"2\",\"fields\":{\"cb_headline\":\"Lenses\"}},\"131\":{\"modified\":\"1\",\"type\":\"subhead\",\"enabled\":\"1\",\"collapsed\":\"0\",\"level\":\"2\",\"fields\":{\"cb_subhead\":\"Lenses are the most playful and memorable way to increase awareness, on a massive scale. With one tap, you can invite Snapchatters into your world \\u2014 and your story.\"}},\"132\":{\"modified\":\"1\",\"type\":\"mobileDeviceGrid\",\"enabled\":\"1\",\"collapsed\":\"0\",\"level\":\"1\",\"fields\":{\"cb_chillahTooltip\":\"\"}},\"133\":{\"modified\":\"1\",\"type\":\"device\",\"enabled\":\"1\",\"collapsed\":\"0\",\"level\":\"2\",\"fields\":{\"cb_deviceImage\":[\"159\"],\"cb_deviceVideo\":\"\",\"cb_deviceHeadline\":\"\",\"cb_deviceBody\":\"\"}},\"134\":{\"modified\":\"1\",\"type\":\"device\",\"enabled\":\"1\",\"collapsed\":\"0\",\"level\":\"2\",\"fields\":{\"cb_deviceImage\":[\"151\"],\"cb_deviceVideo\":\"\",\"cb_deviceHeadline\":\"\",\"cb_deviceBody\":\"\"}},\"135\":{\"modified\":\"1\",\"type\":\"device\",\"enabled\":\"1\",\"collapsed\":\"0\",\"level\":\"2\",\"fields\":{\"cb_deviceImage\":[\"161\"],\"cb_deviceVideo\":\"\",\"cb_deviceHeadline\":\"\",\"cb_deviceBody\":\"\"}},\"136\":{\"modified\":\"1\",\"type\":\"cb_section\",\"enabled\":\"1\",\"collapsed\":\"0\",\"level\":\"0\",\"fields\":{\"cb_sectionTitle\":\"Video\",\"cb_sectionBackgroundColor\":\"gray\"}},\"137\":{\"modified\":\"1\",\"type\":\"centeredTextLockup\",\"enabled\":\"1\",\"collapsed\":\"0\",\"level\":\"1\"},\"138\":{\"modified\":\"1\",\"type\":\"headline\",\"enabled\":\"1\",\"collapsed\":\"0\",\"level\":\"2\",\"fields\":{\"cb_headline\":\"See where your ads will run on Snapchat\"}}},\"16\":\"1\",\"15\":\"blue\",\"7\":\"solutions\"}}', '2017-07-26 23:40:35', '2017-07-26 23:40:35', '19e2068e-7dee-4bed-9ca5-c3ca91d0de15'),
 ('45', '98', '3', '1', 'en_us', '9', '', '{\"typeId\":\"3\",\"authorId\":\"1\",\"title\":\"Solutions\",\"slug\":\"solutions\",\"postDate\":1501109280,\"expiryDate\":null,\"enabled\":1,\"parentId\":\"\",\"fields\":{\"3\":{\"107\":{\"modified\":\"1\",\"type\":\"cb_section\",\"enabled\":\"1\",\"collapsed\":\"0\",\"level\":\"0\",\"fields\":{\"cb_sectionTitle\":\"Overview\",\"cb_sectionBackgroundColor\":\"gray\"}},\"108\":{\"modified\":\"1\",\"type\":\"centeredTextLockup\",\"enabled\":\"1\",\"collapsed\":\"0\",\"level\":\"1\"},\"109\":{\"modified\":\"1\",\"type\":\"headline\",\"enabled\":\"1\",\"collapsed\":\"0\",\"level\":\"2\",\"fields\":{\"cb_headline\":\"Our ad products are fun and effective, for every objective\"}},\"110\":{\"modified\":\"1\",\"type\":\"mobileDeviceGrid\",\"enabled\":\"1\",\"collapsed\":\"0\",\"level\":\"1\",\"fields\":{\"cb_chillahTooltip\":\"\"}},\"111\":{\"modified\":\"1\",\"type\":\"device\",\"enabled\":\"1\",\"collapsed\":\"0\",\"level\":\"2\",\"fields\":{\"cb_deviceImage\":[\"100\"],\"cb_deviceVideo\":\"\",\"cb_deviceHeadline\":\"Snap Ads\",\"cb_deviceBody\":\"Captivate your audience with full-screen Snap Ads.\"}},\"new0\":{\"modified\":\"1\",\"type\":\"deviceText\",\"enabled\":\"1\",\"collapsed\":\"0\",\"level\":\"3\",\"fields\":{\"cb_headline\":\"Snap Ads\",\"cb_subhead\":\"Captivate your audience with full-screen Snap Ads.\"}},\"112\":{\"modified\":\"1\",\"type\":\"device\",\"enabled\":\"1\",\"collapsed\":\"0\",\"level\":\"2\",\"fields\":{\"cb_deviceImage\":[\"99\"],\"cb_deviceVideo\":\"\",\"cb_deviceHeadline\":\"Filters\",\"cb_deviceBody\":\"Own a place or event with location-based Filters.\"}},\"new1\":{\"modified\":\"1\",\"type\":\"deviceText\",\"enabled\":\"1\",\"collapsed\":\"0\",\"level\":\"3\",\"fields\":{\"cb_headline\":\"Filters\",\"cb_subhead\":\"Own a place or event with location-based Filters.\"}},\"113\":{\"modified\":\"1\",\"type\":\"device\",\"enabled\":\"1\",\"collapsed\":\"0\",\"level\":\"2\",\"fields\":{\"cb_deviceImage\":[\"160\"],\"cb_deviceVideo\":\"\",\"cb_deviceHeadline\":\"Lenses\",\"cb_deviceBody\":\"Invite customers to play and share with Lenses.\"}},\"new2\":{\"modified\":\"1\",\"type\":\"deviceText\",\"enabled\":\"1\",\"collapsed\":\"0\",\"level\":\"3\",\"fields\":{\"cb_headline\":\"Lenses\",\"cb_subhead\":\"Invite customers to play and share with Lenses.\"}},\"144\":{\"modified\":\"1\",\"type\":\"cb_section\",\"enabled\":\"1\",\"collapsed\":\"0\",\"level\":\"0\",\"fields\":{\"cb_sectionTitle\":\"Snap Ads\",\"cb_sectionBackgroundColor\":\"white\"}},\"162\":{\"modified\":\"1\",\"type\":\"deviceTabs\",\"enabled\":\"1\",\"collapsed\":\"0\",\"level\":\"1\",\"fields\":{\"cb_chillahTooltip\":{\"163\":{\"type\":\"tooltip\",\"enabled\":\"1\",\"fields\":{\"chillah\":[\"141\"],\"tooltipText\":\"<p>On average, over 10 billion videos are watched on Snapchat every day.<sup>1<\\/sup><\\/p>\",\"location\":\"topLeft\"}}}}},\"164\":{\"modified\":\"1\",\"type\":\"deviceTab\",\"enabled\":\"1\",\"collapsed\":\"0\",\"level\":\"2\",\"fields\":{\"cb_tabImage\":[\"145\"],\"tabLabel\":\"Snap Ads\",\"cb_tabDescription\":\"Snap Ads are full-screen, 100% viewable, and have audio on by default.\",\"tabPosterImage\":[\"152\"],\"tabVideo\":\"\"}},\"165\":{\"modified\":\"1\",\"type\":\"deviceTab\",\"enabled\":\"1\",\"collapsed\":\"0\",\"level\":\"2\",\"fields\":{\"cb_tabImage\":[\"146\"],\"tabLabel\":\"+ Web View\",\"cb_tabDescription\":\"Drive traffic to your pre-loaded website. With our Auto-Fill feature, Snapchatters can send you their account email and more by just tapping.\",\"tabPosterImage\":[\"102\"],\"tabVideo\":\"\"}},\"166\":{\"modified\":\"1\",\"type\":\"deviceTab\",\"enabled\":\"1\",\"collapsed\":\"0\",\"level\":\"2\",\"fields\":{\"cb_tabImage\":[\"147\"],\"tabLabel\":\"+ App Install\",\"cb_tabDescription\":\"Drive installs for your app with a swipe and a tap. Snapchatters can even install your app without leaving ours.\",\"tabPosterImage\":[\"154\"],\"tabVideo\":\"\"}},\"167\":{\"modified\":\"1\",\"type\":\"deviceTab\",\"enabled\":\"1\",\"collapsed\":\"0\",\"level\":\"2\",\"fields\":{\"cb_tabImage\":[\"148\"],\"tabLabel\":\"+ Long Form Video\",\"cb_tabDescription\":\"Drive views for your trailer, short film, how-to, or any other video.\",\"tabPosterImage\":[\"105\"],\"tabVideo\":\"\"}},\"114\":{\"modified\":\"1\",\"type\":\"cb_section\",\"enabled\":\"1\",\"collapsed\":\"0\",\"level\":\"0\",\"fields\":{\"cb_sectionTitle\":\"Snap Ads\",\"cb_sectionBackgroundColor\":\"white\"}},\"115\":{\"modified\":\"1\",\"type\":\"centeredTextLockup\",\"enabled\":\"1\",\"collapsed\":\"0\",\"level\":\"1\"},\"116\":{\"modified\":\"1\",\"type\":\"headline\",\"enabled\":\"1\",\"collapsed\":\"0\",\"level\":\"2\",\"fields\":{\"cb_headline\":\"Snap Ads\"}},\"117\":{\"modified\":\"1\",\"type\":\"subhead\",\"enabled\":\"1\",\"collapsed\":\"0\",\"level\":\"2\",\"fields\":{\"cb_subhead\":\"The original vertical video ad \\u2014 now with attachments customized for your objectives.\"}},\"118\":{\"modified\":\"1\",\"type\":\"cb_section\",\"enabled\":\"1\",\"collapsed\":\"0\",\"level\":\"0\",\"fields\":{\"cb_sectionTitle\":\"Filters\",\"cb_sectionBackgroundColor\":\"gray\"}},\"119\":{\"modified\":\"1\",\"type\":\"centeredTextLockup\",\"enabled\":\"1\",\"collapsed\":\"0\",\"level\":\"1\"},\"120\":{\"modified\":\"1\",\"type\":\"headline\",\"enabled\":\"1\",\"collapsed\":\"0\",\"level\":\"2\",\"fields\":{\"cb_headline\":\"Filters\"}},\"121\":{\"modified\":\"1\",\"type\":\"subhead\",\"enabled\":\"1\",\"collapsed\":\"0\",\"level\":\"2\",\"fields\":{\"cb_subhead\":\"Filters allow you to be where your product is bought, thought about, or consumed. Create your own Filter and drive awareness, advocacy, and action in one package.\"}},\"122\":{\"modified\":\"1\",\"type\":\"primaryButton\",\"enabled\":\"1\",\"collapsed\":\"0\",\"level\":\"2\",\"fields\":{\"cb_button\":{\"type\":\"custom\",\"custom\":\"http:\\/\\/geofilters.snapchat.com\",\"entry\":\"\",\"customText\":\"Create A Filter\",\"target\":\"_blank\"}}},\"123\":{\"modified\":\"1\",\"type\":\"secondaryButton\",\"enabled\":\"1\",\"collapsed\":\"0\",\"level\":\"2\",\"fields\":{\"cb_button\":{\"type\":\"custom\",\"custom\":\"https:\\/\\/businesshelp.snapchat.com\\/en-US\\/article\\/create-geofilter\",\"entry\":\"\",\"customText\":\"View Guidelines\",\"target\":\"\"}}},\"124\":{\"modified\":\"1\",\"type\":\"mobileDeviceGrid\",\"enabled\":\"1\",\"collapsed\":\"0\",\"level\":\"1\",\"fields\":{\"cb_chillahTooltip\":{\"140\":{\"type\":\"tooltip\",\"enabled\":\"1\",\"fields\":{\"chillah\":[\"143\"],\"tooltipText\":\"<p>On average, more than a billion Snaps with Filters are viewed every day.<sup>1<\\/sup><\\/p>\",\"location\":\"topRight\"}}}}},\"125\":{\"modified\":\"1\",\"type\":\"device\",\"enabled\":\"1\",\"collapsed\":\"0\",\"level\":\"2\",\"fields\":{\"cb_deviceImage\":[\"101\"],\"cb_deviceVideo\":\"\",\"cb_deviceHeadline\":\"\",\"cb_deviceBody\":\"\"}},\"126\":{\"modified\":\"1\",\"type\":\"device\",\"enabled\":\"1\",\"collapsed\":\"0\",\"level\":\"2\",\"fields\":{\"cb_deviceImage\":[\"157\"],\"cb_deviceVideo\":\"\",\"cb_deviceHeadline\":\"\",\"cb_deviceBody\":\"\"}},\"127\":{\"modified\":\"1\",\"type\":\"device\",\"enabled\":\"1\",\"collapsed\":\"0\",\"level\":\"2\",\"fields\":{\"cb_deviceImage\":[\"103\"],\"cb_deviceVideo\":\"\",\"cb_deviceHeadline\":\"\",\"cb_deviceBody\":\"\"}},\"128\":{\"modified\":\"1\",\"type\":\"cb_section\",\"enabled\":\"1\",\"collapsed\":\"0\",\"level\":\"0\",\"fields\":{\"cb_sectionTitle\":\"Lenses\",\"cb_sectionBackgroundColor\":\"white\"}},\"129\":{\"modified\":\"1\",\"type\":\"centeredTextLockup\",\"enabled\":\"1\",\"collapsed\":\"0\",\"level\":\"1\"},\"130\":{\"modified\":\"1\",\"type\":\"headline\",\"enabled\":\"1\",\"collapsed\":\"0\",\"level\":\"2\",\"fields\":{\"cb_headline\":\"Lenses\"}},\"131\":{\"modified\":\"1\",\"type\":\"subhead\",\"enabled\":\"1\",\"collapsed\":\"0\",\"level\":\"2\",\"fields\":{\"cb_subhead\":\"Lenses are the most playful and memorable way to increase awareness, on a massive scale. With one tap, you can invite Snapchatters into your world \\u2014 and your story.\"}},\"132\":{\"modified\":\"1\",\"type\":\"mobileDeviceGrid\",\"enabled\":\"1\",\"collapsed\":\"0\",\"level\":\"1\",\"fields\":{\"cb_chillahTooltip\":\"\"}},\"133\":{\"modified\":\"1\",\"type\":\"device\",\"enabled\":\"1\",\"collapsed\":\"0\",\"level\":\"2\",\"fields\":{\"cb_deviceImage\":[\"159\"],\"cb_deviceVideo\":\"\",\"cb_deviceHeadline\":\"\",\"cb_deviceBody\":\"\"}},\"134\":{\"modified\":\"1\",\"type\":\"device\",\"enabled\":\"1\",\"collapsed\":\"0\",\"level\":\"2\",\"fields\":{\"cb_deviceImage\":[\"151\"],\"cb_deviceVideo\":\"\",\"cb_deviceHeadline\":\"\",\"cb_deviceBody\":\"\"}},\"135\":{\"modified\":\"1\",\"type\":\"device\",\"enabled\":\"1\",\"collapsed\":\"0\",\"level\":\"2\",\"fields\":{\"cb_deviceImage\":[\"161\"],\"cb_deviceVideo\":\"\",\"cb_deviceHeadline\":\"\",\"cb_deviceBody\":\"\"}},\"136\":{\"modified\":\"1\",\"type\":\"cb_section\",\"enabled\":\"1\",\"collapsed\":\"0\",\"level\":\"0\",\"fields\":{\"cb_sectionTitle\":\"Video\",\"cb_sectionBackgroundColor\":\"gray\"}},\"137\":{\"modified\":\"1\",\"type\":\"centeredTextLockup\",\"enabled\":\"1\",\"collapsed\":\"0\",\"level\":\"1\"},\"138\":{\"modified\":\"1\",\"type\":\"headline\",\"enabled\":\"1\",\"collapsed\":\"0\",\"level\":\"2\",\"fields\":{\"cb_headline\":\"See where your ads will run on Snapchat\"}}},\"16\":\"1\",\"15\":\"blue\",\"7\":\"solutions\"}}', '2017-07-26 23:45:50', '2017-07-26 23:45:50', '9b03ee54-b609-4eb2-829d-ebad9a8b52ee'),
 ('46', '98', '3', '1', 'en_us', '10', '', '{\"typeId\":\"3\",\"authorId\":\"1\",\"title\":\"Solutions\",\"slug\":\"solutions\",\"postDate\":1501109280,\"expiryDate\":null,\"enabled\":1,\"parentId\":\"\",\"fields\":{\"3\":{\"107\":{\"modified\":\"1\",\"type\":\"cb_section\",\"enabled\":\"1\",\"collapsed\":\"0\",\"level\":\"0\",\"fields\":{\"cb_sectionTitle\":\"Overview\",\"cb_sectionBackgroundColor\":\"gray\"}},\"108\":{\"modified\":\"1\",\"type\":\"centeredTextLockup\",\"enabled\":\"1\",\"collapsed\":\"0\",\"level\":\"1\"},\"109\":{\"modified\":\"1\",\"type\":\"headline\",\"enabled\":\"1\",\"collapsed\":\"0\",\"level\":\"2\",\"fields\":{\"cb_headline\":\"Our ad products are fun and effective, for every objective\"}},\"110\":{\"modified\":\"1\",\"type\":\"mobileDeviceGrid\",\"enabled\":\"1\",\"collapsed\":\"0\",\"level\":\"1\",\"fields\":{\"cb_chillahTooltip\":\"\"}},\"111\":{\"modified\":\"1\",\"type\":\"device\",\"enabled\":\"1\",\"collapsed\":\"0\",\"level\":\"2\",\"fields\":{\"cb_deviceImage\":[\"100\"],\"cb_deviceVideo\":\"\",\"cb_deviceHeadline\":\"Snap Ads\",\"cb_deviceBody\":\"Captivate your audience with full-screen Snap Ads.\"}},\"168\":{\"modified\":\"1\",\"type\":\"deviceText\",\"enabled\":\"1\",\"collapsed\":\"0\",\"level\":\"3\",\"fields\":{\"cb_headline\":\"Snap Ads\",\"cb_subhead\":\"Captivate your audience with full-screen Snap Ads.\"}},\"112\":{\"modified\":\"1\",\"type\":\"device\",\"enabled\":\"1\",\"collapsed\":\"0\",\"level\":\"2\",\"fields\":{\"cb_deviceImage\":[\"99\"],\"cb_deviceVideo\":\"\",\"cb_deviceHeadline\":\"Filters\",\"cb_deviceBody\":\"Own a place or event with location-based Filters.\"}},\"169\":{\"modified\":\"1\",\"type\":\"deviceText\",\"enabled\":\"1\",\"collapsed\":\"0\",\"level\":\"3\",\"fields\":{\"cb_headline\":\"Filters\",\"cb_subhead\":\"Own a place or event with location-based Filters.\"}},\"113\":{\"modified\":\"1\",\"type\":\"device\",\"enabled\":\"1\",\"collapsed\":\"0\",\"level\":\"2\",\"fields\":{\"cb_deviceImage\":[\"160\"],\"cb_deviceVideo\":\"\",\"cb_deviceHeadline\":\"Lenses\",\"cb_deviceBody\":\"Invite customers to play and share with Lenses.\"}},\"170\":{\"modified\":\"1\",\"type\":\"deviceText\",\"enabled\":\"1\",\"collapsed\":\"0\",\"level\":\"3\",\"fields\":{\"cb_headline\":\"Lenses\",\"cb_subhead\":\"Invite customers to play and share with Lenses.\"}},\"144\":{\"modified\":\"1\",\"type\":\"cb_section\",\"enabled\":\"1\",\"collapsed\":\"0\",\"level\":\"0\",\"fields\":{\"cb_sectionTitle\":\"Snap Ads\",\"cb_sectionBackgroundColor\":\"white\"}},\"162\":{\"modified\":\"1\",\"type\":\"deviceTabs\",\"enabled\":\"1\",\"collapsed\":\"0\",\"level\":\"1\",\"fields\":{\"cb_chillahTooltip\":{\"163\":{\"type\":\"tooltip\",\"enabled\":\"1\",\"fields\":{\"chillah\":[\"141\"],\"tooltipText\":\"<p>On average, over 10 billion videos are watched on Snapchat every day.<sup>1<\\/sup><\\/p>\",\"location\":\"topLeft\"}}}}},\"164\":{\"modified\":\"1\",\"type\":\"deviceTab\",\"enabled\":\"1\",\"collapsed\":\"0\",\"level\":\"2\",\"fields\":{\"cb_tabImage\":[\"145\"],\"tabLabel\":\"Snap Ads\",\"cb_tabDescription\":\"Snap Ads are full-screen, 100% viewable, and have audio on by default.\",\"tabPosterImage\":[\"152\"],\"tabVideo\":\"\"}},\"165\":{\"modified\":\"1\",\"type\":\"deviceTab\",\"enabled\":\"1\",\"collapsed\":\"0\",\"level\":\"2\",\"fields\":{\"cb_tabImage\":[\"146\"],\"tabLabel\":\"+ Web View\",\"cb_tabDescription\":\"Drive traffic to your pre-loaded website. With our Auto-Fill feature, Snapchatters can send you their account email and more by just tapping.\",\"tabPosterImage\":[\"102\"],\"tabVideo\":\"\"}},\"166\":{\"modified\":\"1\",\"type\":\"deviceTab\",\"enabled\":\"1\",\"collapsed\":\"0\",\"level\":\"2\",\"fields\":{\"cb_tabImage\":[\"147\"],\"tabLabel\":\"+ App Install\",\"cb_tabDescription\":\"Drive installs for your app with a swipe and a tap. Snapchatters can even install your app without leaving ours.\",\"tabPosterImage\":[\"154\"],\"tabVideo\":\"\"}},\"167\":{\"modified\":\"1\",\"type\":\"deviceTab\",\"enabled\":\"1\",\"collapsed\":\"0\",\"level\":\"2\",\"fields\":{\"cb_tabImage\":[\"148\"],\"tabLabel\":\"+ Long Form Video\",\"cb_tabDescription\":\"Drive views for your trailer, short film, how-to, or any other video.\",\"tabPosterImage\":[\"105\"],\"tabVideo\":\"\"}},\"114\":{\"modified\":\"1\",\"type\":\"cb_section\",\"enabled\":\"1\",\"collapsed\":\"0\",\"level\":\"0\",\"fields\":{\"cb_sectionTitle\":\"Snap Ads\",\"cb_sectionBackgroundColor\":\"white\"}},\"115\":{\"modified\":\"1\",\"type\":\"centeredTextLockup\",\"enabled\":\"1\",\"collapsed\":\"0\",\"level\":\"1\"},\"116\":{\"modified\":\"1\",\"type\":\"headline\",\"enabled\":\"1\",\"collapsed\":\"0\",\"level\":\"2\",\"fields\":{\"cb_headline\":\"Snap Ads\"}},\"117\":{\"modified\":\"1\",\"type\":\"subhead\",\"enabled\":\"1\",\"collapsed\":\"0\",\"level\":\"2\",\"fields\":{\"cb_subhead\":\"The original vertical video ad \\u2014 now with attachments customized for your objectives.\"}},\"118\":{\"modified\":\"1\",\"type\":\"cb_section\",\"enabled\":\"1\",\"collapsed\":\"0\",\"level\":\"0\",\"fields\":{\"cb_sectionTitle\":\"Filters\",\"cb_sectionBackgroundColor\":\"gray\"}},\"119\":{\"modified\":\"1\",\"type\":\"centeredTextLockup\",\"enabled\":\"1\",\"collapsed\":\"0\",\"level\":\"1\"},\"120\":{\"modified\":\"1\",\"type\":\"headline\",\"enabled\":\"1\",\"collapsed\":\"0\",\"level\":\"2\",\"fields\":{\"cb_headline\":\"Filters\"}},\"121\":{\"modified\":\"1\",\"type\":\"subhead\",\"enabled\":\"1\",\"collapsed\":\"0\",\"level\":\"2\",\"fields\":{\"cb_subhead\":\"Filters allow you to be where your product is bought, thought about, or consumed. Create your own Filter and drive awareness, advocacy, and action in one package.\"}},\"122\":{\"modified\":\"1\",\"type\":\"primaryButton\",\"enabled\":\"1\",\"collapsed\":\"0\",\"level\":\"2\",\"fields\":{\"cb_button\":{\"type\":\"custom\",\"custom\":\"http:\\/\\/geofilters.snapchat.com\",\"entry\":\"\",\"customText\":\"Create A Filter\",\"target\":\"_blank\"}}},\"123\":{\"modified\":\"1\",\"type\":\"secondaryButton\",\"enabled\":\"1\",\"collapsed\":\"0\",\"level\":\"2\",\"fields\":{\"cb_button\":{\"type\":\"custom\",\"custom\":\"https:\\/\\/businesshelp.snapchat.com\\/en-US\\/article\\/create-geofilter\",\"entry\":\"\",\"customText\":\"View Guidelines\",\"target\":\"\"}}},\"124\":{\"modified\":\"1\",\"type\":\"mobileDeviceGrid\",\"enabled\":\"1\",\"collapsed\":\"0\",\"level\":\"1\",\"fields\":{\"cb_chillahTooltip\":{\"140\":{\"type\":\"tooltip\",\"enabled\":\"1\",\"fields\":{\"chillah\":[\"143\"],\"tooltipText\":\"<p>On average, more than a billion Snaps with Filters are viewed every day.<sup>1<\\/sup><\\/p>\",\"location\":\"topRight\"}}}}},\"125\":{\"modified\":\"1\",\"type\":\"device\",\"enabled\":\"1\",\"collapsed\":\"0\",\"level\":\"2\",\"fields\":{\"cb_deviceImage\":[\"101\"],\"cb_deviceVideo\":\"\",\"cb_deviceHeadline\":\"\",\"cb_deviceBody\":\"\"}},\"126\":{\"modified\":\"1\",\"type\":\"device\",\"enabled\":\"1\",\"collapsed\":\"0\",\"level\":\"2\",\"fields\":{\"cb_deviceImage\":[\"157\"],\"cb_deviceVideo\":\"\",\"cb_deviceHeadline\":\"\",\"cb_deviceBody\":\"\"}},\"127\":{\"modified\":\"1\",\"type\":\"device\",\"enabled\":\"1\",\"collapsed\":\"0\",\"level\":\"2\",\"fields\":{\"cb_deviceImage\":[\"103\"],\"cb_deviceVideo\":\"\",\"cb_deviceHeadline\":\"\",\"cb_deviceBody\":\"\"}},\"128\":{\"modified\":\"1\",\"type\":\"cb_section\",\"enabled\":\"1\",\"collapsed\":\"0\",\"level\":\"0\",\"fields\":{\"cb_sectionTitle\":\"Lenses\",\"cb_sectionBackgroundColor\":\"white\"}},\"129\":{\"modified\":\"1\",\"type\":\"centeredTextLockup\",\"enabled\":\"1\",\"collapsed\":\"0\",\"level\":\"1\"},\"130\":{\"modified\":\"1\",\"type\":\"headline\",\"enabled\":\"1\",\"collapsed\":\"0\",\"level\":\"2\",\"fields\":{\"cb_headline\":\"Lenses\"}},\"131\":{\"modified\":\"1\",\"type\":\"subhead\",\"enabled\":\"1\",\"collapsed\":\"0\",\"level\":\"2\",\"fields\":{\"cb_subhead\":\"Lenses are the most playful and memorable way to increase awareness, on a massive scale. With one tap, you can invite Snapchatters into your world \\u2014 and your story.\"}},\"132\":{\"modified\":\"1\",\"type\":\"mobileDeviceGrid\",\"enabled\":\"1\",\"collapsed\":\"0\",\"level\":\"1\",\"fields\":{\"cb_chillahTooltip\":\"\"}},\"133\":{\"modified\":\"1\",\"type\":\"device\",\"enabled\":\"1\",\"collapsed\":\"0\",\"level\":\"2\",\"fields\":{\"cb_deviceImage\":[\"159\"],\"cb_deviceVideo\":\"\",\"cb_deviceHeadline\":\"\",\"cb_deviceBody\":\"\"}},\"134\":{\"modified\":\"1\",\"type\":\"device\",\"enabled\":\"1\",\"collapsed\":\"0\",\"level\":\"2\",\"fields\":{\"cb_deviceImage\":[\"151\"],\"cb_deviceVideo\":\"\",\"cb_deviceHeadline\":\"\",\"cb_deviceBody\":\"\"}},\"135\":{\"modified\":\"1\",\"type\":\"device\",\"enabled\":\"1\",\"collapsed\":\"0\",\"level\":\"2\",\"fields\":{\"cb_deviceImage\":[\"161\"],\"cb_deviceVideo\":\"\",\"cb_deviceHeadline\":\"\",\"cb_deviceBody\":\"\"}},\"136\":{\"modified\":\"1\",\"type\":\"cb_section\",\"enabled\":\"1\",\"collapsed\":\"0\",\"level\":\"0\",\"fields\":{\"cb_sectionTitle\":\"Video\",\"cb_sectionBackgroundColor\":\"gray\"}},\"137\":{\"modified\":\"1\",\"type\":\"centeredTextLockup\",\"enabled\":\"1\",\"collapsed\":\"0\",\"level\":\"1\"},\"138\":{\"modified\":\"1\",\"type\":\"headline\",\"enabled\":\"1\",\"collapsed\":\"0\",\"level\":\"2\",\"fields\":{\"cb_headline\":\"See where your ads will run on Snapchat\"}}},\"16\":\"1\",\"15\":\"blue\",\"7\":\"solutions\"}}', '2017-07-26 23:47:16', '2017-07-26 23:47:16', '6440cb5e-0e49-46a1-a6d2-8db19d9564b9'),
 ('47', '98', '3', '1', 'en_us', '11', '', '{\"typeId\":\"3\",\"authorId\":\"1\",\"title\":\"Solutions\",\"slug\":\"solutions\",\"postDate\":1501109280,\"expiryDate\":null,\"enabled\":1,\"parentId\":\"\",\"fields\":{\"3\":{\"107\":{\"modified\":\"1\",\"type\":\"cb_section\",\"enabled\":\"1\",\"collapsed\":\"0\",\"level\":\"0\",\"fields\":{\"cb_sectionTitle\":\"Overview\",\"cb_sectionBackgroundColor\":\"gray\"}},\"108\":{\"modified\":\"1\",\"type\":\"centeredTextLockup\",\"enabled\":\"1\",\"collapsed\":\"0\",\"level\":\"1\"},\"109\":{\"modified\":\"1\",\"type\":\"headline\",\"enabled\":\"1\",\"collapsed\":\"0\",\"level\":\"2\",\"fields\":{\"cb_headline\":\"Our ad products are fun and effective, for every objective\"}},\"110\":{\"modified\":\"1\",\"type\":\"mobileDeviceGrid\",\"enabled\":\"1\",\"collapsed\":\"0\",\"level\":\"1\",\"fields\":{\"cb_chillahTooltip\":\"\"}},\"111\":{\"modified\":\"1\",\"type\":\"device\",\"enabled\":\"1\",\"collapsed\":\"0\",\"level\":\"2\",\"fields\":{\"cb_devicePosterImage\":[\"100\"],\"cb_deviceVideo\":\"\"}},\"168\":{\"modified\":\"1\",\"type\":\"deviceText\",\"enabled\":\"1\",\"collapsed\":\"0\",\"level\":\"3\",\"fields\":{\"cb_headline\":\"Snap Ads\",\"cb_subhead\":\"Captivate your audience with full-screen Snap Ads.\"}},\"112\":{\"modified\":\"1\",\"type\":\"device\",\"enabled\":\"1\",\"collapsed\":\"0\",\"level\":\"2\",\"fields\":{\"cb_devicePosterImage\":[\"99\"],\"cb_deviceVideo\":\"\"}},\"169\":{\"modified\":\"1\",\"type\":\"deviceText\",\"enabled\":\"1\",\"collapsed\":\"0\",\"level\":\"3\",\"fields\":{\"cb_headline\":\"Filters\",\"cb_subhead\":\"Own a place or event with location-based Filters.\"}},\"113\":{\"modified\":\"1\",\"type\":\"device\",\"enabled\":\"1\",\"collapsed\":\"0\",\"level\":\"2\",\"fields\":{\"cb_devicePosterImage\":[\"160\"],\"cb_deviceVideo\":\"\"}},\"170\":{\"modified\":\"1\",\"type\":\"deviceText\",\"enabled\":\"1\",\"collapsed\":\"0\",\"level\":\"3\",\"fields\":{\"cb_headline\":\"Lenses\",\"cb_subhead\":\"Invite customers to play and share with Lenses.\"}},\"144\":{\"modified\":\"1\",\"type\":\"cb_section\",\"enabled\":\"1\",\"collapsed\":\"0\",\"level\":\"0\",\"fields\":{\"cb_sectionTitle\":\"Snap Ads\",\"cb_sectionBackgroundColor\":\"white\"}},\"162\":{\"modified\":\"1\",\"type\":\"deviceTabs\",\"enabled\":\"1\",\"collapsed\":\"0\",\"level\":\"1\",\"fields\":{\"cb_chillahTooltip\":{\"163\":{\"type\":\"tooltip\",\"enabled\":\"1\",\"fields\":{\"chillah\":[\"141\"],\"tooltipText\":\"<p>On average, over 10 billion videos are watched on Snapchat every day.<sup>1<\\/sup><\\/p>\",\"location\":\"topLeft\"}}}}},\"164\":{\"modified\":\"1\",\"type\":\"deviceTab\",\"enabled\":\"1\",\"collapsed\":\"0\",\"level\":\"2\",\"fields\":{\"cb_tabImage\":[\"145\"],\"tabLabel\":\"Snap Ads\",\"cb_tabDescription\":\"Snap Ads are full-screen, 100% viewable, and have audio on by default.\",\"cb_devicePosterImage\":[\"152\"],\"cb_deviceVideo\":\"\"}},\"165\":{\"modified\":\"1\",\"type\":\"deviceTab\",\"enabled\":\"1\",\"collapsed\":\"0\",\"level\":\"2\",\"fields\":{\"cb_tabImage\":[\"146\"],\"tabLabel\":\"+ Web View\",\"cb_tabDescription\":\"Drive traffic to your pre-loaded website. With our Auto-Fill feature, Snapchatters can send you their account email and more by just tapping.\",\"cb_devicePosterImage\":[\"102\"],\"cb_deviceVideo\":\"\"}},\"166\":{\"modified\":\"1\",\"type\":\"deviceTab\",\"enabled\":\"1\",\"collapsed\":\"0\",\"level\":\"2\",\"fields\":{\"cb_tabImage\":[\"147\"],\"tabLabel\":\"+ App Install\",\"cb_tabDescription\":\"Drive installs for your app with a swipe and a tap. Snapchatters can even install your app without leaving ours.\",\"cb_devicePosterImage\":[\"154\"],\"cb_deviceVideo\":\"\"}},\"167\":{\"modified\":\"1\",\"type\":\"deviceTab\",\"enabled\":\"1\",\"collapsed\":\"0\",\"level\":\"2\",\"fields\":{\"cb_tabImage\":[\"148\"],\"tabLabel\":\"+ Long Form Video\",\"cb_tabDescription\":\"Drive views for your trailer, short film, how-to, or any other video.\",\"cb_devicePosterImage\":[\"105\"],\"cb_deviceVideo\":\"\"}},\"114\":{\"modified\":\"1\",\"type\":\"cb_section\",\"enabled\":\"1\",\"collapsed\":\"0\",\"level\":\"0\",\"fields\":{\"cb_sectionTitle\":\"Snap Ads\",\"cb_sectionBackgroundColor\":\"white\"}},\"115\":{\"modified\":\"1\",\"type\":\"centeredTextLockup\",\"enabled\":\"1\",\"collapsed\":\"0\",\"level\":\"1\"},\"116\":{\"modified\":\"1\",\"type\":\"headline\",\"enabled\":\"1\",\"collapsed\":\"0\",\"level\":\"2\",\"fields\":{\"cb_headline\":\"Snap Ads\"}},\"117\":{\"modified\":\"1\",\"type\":\"subhead\",\"enabled\":\"1\",\"collapsed\":\"0\",\"level\":\"2\",\"fields\":{\"cb_subhead\":\"The original vertical video ad \\u2014 now with attachments customized for your objectives.\"}},\"118\":{\"modified\":\"1\",\"type\":\"cb_section\",\"enabled\":\"1\",\"collapsed\":\"0\",\"level\":\"0\",\"fields\":{\"cb_sectionTitle\":\"Filters\",\"cb_sectionBackgroundColor\":\"gray\"}},\"119\":{\"modified\":\"1\",\"type\":\"centeredTextLockup\",\"enabled\":\"1\",\"collapsed\":\"0\",\"level\":\"1\"},\"120\":{\"modified\":\"1\",\"type\":\"headline\",\"enabled\":\"1\",\"collapsed\":\"0\",\"level\":\"2\",\"fields\":{\"cb_headline\":\"Filters\"}},\"121\":{\"modified\":\"1\",\"type\":\"subhead\",\"enabled\":\"1\",\"collapsed\":\"0\",\"level\":\"2\",\"fields\":{\"cb_subhead\":\"Filters allow you to be where your product is bought, thought about, or consumed. Create your own Filter and drive awareness, advocacy, and action in one package.\"}},\"122\":{\"modified\":\"1\",\"type\":\"primaryButton\",\"enabled\":\"1\",\"collapsed\":\"0\",\"level\":\"2\",\"fields\":{\"cb_button\":{\"type\":\"custom\",\"custom\":\"http:\\/\\/geofilters.snapchat.com\",\"entry\":\"\",\"customText\":\"Create A Filter\",\"target\":\"_blank\"}}},\"123\":{\"modified\":\"1\",\"type\":\"secondaryButton\",\"enabled\":\"1\",\"collapsed\":\"0\",\"level\":\"2\",\"fields\":{\"cb_button\":{\"type\":\"custom\",\"custom\":\"https:\\/\\/businesshelp.snapchat.com\\/en-US\\/article\\/create-geofilter\",\"entry\":\"\",\"customText\":\"View Guidelines\",\"target\":\"\"}}},\"124\":{\"modified\":\"1\",\"type\":\"mobileDeviceGrid\",\"enabled\":\"1\",\"collapsed\":\"0\",\"level\":\"1\",\"fields\":{\"cb_chillahTooltip\":{\"140\":{\"type\":\"tooltip\",\"enabled\":\"1\",\"fields\":{\"chillah\":[\"143\"],\"tooltipText\":\"<p>On average, more than a billion Snaps with Filters are viewed every day.<sup>1<\\/sup><\\/p>\",\"location\":\"topRight\"}}}}},\"125\":{\"modified\":\"1\",\"type\":\"device\",\"enabled\":\"1\",\"collapsed\":\"0\",\"level\":\"2\",\"fields\":{\"cb_devicePosterImage\":[\"101\"],\"cb_deviceVideo\":\"\"}},\"126\":{\"modified\":\"1\",\"type\":\"device\",\"enabled\":\"1\",\"collapsed\":\"0\",\"level\":\"2\",\"fields\":{\"cb_devicePosterImage\":[\"157\"],\"cb_deviceVideo\":\"\"}},\"127\":{\"modified\":\"1\",\"type\":\"device\",\"enabled\":\"1\",\"collapsed\":\"0\",\"level\":\"2\",\"fields\":{\"cb_devicePosterImage\":[\"103\"],\"cb_deviceVideo\":\"\"}},\"128\":{\"modified\":\"1\",\"type\":\"cb_section\",\"enabled\":\"1\",\"collapsed\":\"0\",\"level\":\"0\",\"fields\":{\"cb_sectionTitle\":\"Lenses\",\"cb_sectionBackgroundColor\":\"white\"}},\"129\":{\"modified\":\"1\",\"type\":\"centeredTextLockup\",\"enabled\":\"1\",\"collapsed\":\"0\",\"level\":\"1\"},\"130\":{\"modified\":\"1\",\"type\":\"headline\",\"enabled\":\"1\",\"collapsed\":\"0\",\"level\":\"2\",\"fields\":{\"cb_headline\":\"Lenses\"}},\"131\":{\"modified\":\"1\",\"type\":\"subhead\",\"enabled\":\"1\",\"collapsed\":\"0\",\"level\":\"2\",\"fields\":{\"cb_subhead\":\"Lenses are the most playful and memorable way to increase awareness, on a massive scale. With one tap, you can invite Snapchatters into your world \\u2014 and your story.\"}},\"132\":{\"modified\":\"1\",\"type\":\"mobileDeviceGrid\",\"enabled\":\"1\",\"collapsed\":\"0\",\"level\":\"1\",\"fields\":{\"cb_chillahTooltip\":\"\"}},\"133\":{\"modified\":\"1\",\"type\":\"device\",\"enabled\":\"1\",\"collapsed\":\"0\",\"level\":\"2\",\"fields\":{\"cb_devicePosterImage\":[\"159\"],\"cb_deviceVideo\":\"\"}},\"134\":{\"modified\":\"1\",\"type\":\"device\",\"enabled\":\"1\",\"collapsed\":\"0\",\"level\":\"2\",\"fields\":{\"cb_devicePosterImage\":[\"151\"],\"cb_deviceVideo\":\"\"}},\"135\":{\"modified\":\"1\",\"type\":\"device\",\"enabled\":\"1\",\"collapsed\":\"0\",\"level\":\"2\",\"fields\":{\"cb_devicePosterImage\":[\"161\"],\"cb_deviceVideo\":\"\"}},\"136\":{\"modified\":\"1\",\"type\":\"cb_section\",\"enabled\":\"1\",\"collapsed\":\"0\",\"level\":\"0\",\"fields\":{\"cb_sectionTitle\":\"Video\",\"cb_sectionBackgroundColor\":\"gray\"}},\"137\":{\"modified\":\"1\",\"type\":\"centeredTextLockup\",\"enabled\":\"1\",\"collapsed\":\"0\",\"level\":\"1\"},\"138\":{\"modified\":\"1\",\"type\":\"headline\",\"enabled\":\"1\",\"collapsed\":\"0\",\"level\":\"2\",\"fields\":{\"cb_headline\":\"See where your ads will run on Snapchat\"}}},\"16\":\"1\",\"15\":\"blue\",\"7\":\"solutions\"}}', '2017-07-26 23:52:20', '2017-07-26 23:52:20', '9fae9c83-a9b7-4e24-aaa2-054514ba7760'),
 ('67', '205', '5', '1', 'en_us', '1', NULL, '{\"typeId\":\"5\",\"authorId\":null,\"title\":\"Site Navigation\",\"slug\":\"site-navigation\",\"postDate\":1501784570,\"expiryDate\":null,\"enabled\":1,\"parentId\":null,\"fields\":[]}', '2017-08-03 18:22:51', '2017-08-03 18:22:51', '77c22c9f-d179-4fb8-806a-7fc3d954c35f'),
 ('68', '2', '1', '1', 'en_us', '3', '', '{\"typeId\":null,\"authorId\":null,\"title\":\"Home\",\"slug\":\"homepage\",\"postDate\":1500571678,\"expiryDate\":null,\"enabled\":1,\"parentId\":null,\"fields\":{\"1\":\"<p>Homepage<\\/p>\"}}', '2017-08-03 18:44:26', '2017-08-03 18:44:26', '44933371-8619-497a-a43d-c5ed616cc4b1'),
 ('69', '98', '3', '1', 'en_us', '12', '', '{\"typeId\":\"3\",\"authorId\":\"1\",\"title\":\"Solutions\",\"slug\":\"solutions\",\"postDate\":1501109280,\"expiryDate\":null,\"enabled\":1,\"parentId\":\"\",\"fields\":{\"3\":{\"107\":{\"modified\":\"1\",\"type\":\"newSection\",\"enabled\":\"1\",\"collapsed\":\"0\",\"level\":\"0\",\"fields\":{\"sectionTitle\":\"Overview\",\"sectionBackgroundColor\":\"gray\"}},\"108\":{\"modified\":\"1\",\"type\":\"centeredTextLockup\",\"enabled\":\"1\",\"collapsed\":\"0\",\"level\":\"1\",\"fields\":{\"image\":\"\",\"headline\":\"Our ad products are fun and effective, for every objective\",\"subhead\":\"\",\"ctaButtons\":\"\"}},\"110\":{\"modified\":\"1\",\"type\":\"mobileDeviceGrid\",\"enabled\":\"1\",\"collapsed\":\"0\",\"level\":\"1\",\"fields\":{\"mobileDevices\":{\"new1\":{\"type\":\"device\",\"enabled\":\"1\",\"fields\":{\"video\":\"\",\"posterImage\":\"\",\"headline\":\"\",\"subhead\":\"\"}}},\"chillahTooltip\":\"\"}},\"144\":{\"modified\":\"1\",\"type\":\"newSection\",\"enabled\":\"1\",\"collapsed\":\"0\",\"level\":\"0\",\"fields\":{\"sectionTitle\":\"Snap Ads\",\"sectionBackgroundColor\":\"white\"}},\"162\":{\"modified\":\"1\",\"type\":\"deviceTabs\",\"enabled\":\"1\",\"collapsed\":\"0\",\"level\":\"1\",\"fields\":{\"deviceTab\":\"\",\"chillahTooltip\":{\"163\":{\"type\":\"tooltip\",\"enabled\":\"1\",\"fields\":{\"chillah\":[\"141\"],\"tooltipText\":\"<p>On average, over 10 billion videos are watched on Snapchat every day.<sup>1<\\/sup><\\/p>\",\"location\":\"topLeft\"}}}}},\"114\":{\"modified\":\"1\",\"type\":\"newSection\",\"enabled\":\"1\",\"collapsed\":\"0\",\"level\":\"0\",\"fields\":{\"sectionTitle\":\"Snap Ads\",\"sectionBackgroundColor\":\"white\"}},\"115\":{\"modified\":\"1\",\"type\":\"centeredTextLockup\",\"enabled\":\"1\",\"collapsed\":\"0\",\"level\":\"1\",\"fields\":{\"image\":\"\",\"headline\":\"\",\"subhead\":\"\",\"ctaButtons\":\"\"}},\"118\":{\"modified\":\"1\",\"type\":\"newSection\",\"enabled\":\"1\",\"collapsed\":\"0\",\"level\":\"0\",\"fields\":{\"sectionTitle\":\"Filters\",\"sectionBackgroundColor\":\"gray\"}},\"119\":{\"modified\":\"1\",\"type\":\"centeredTextLockup\",\"enabled\":\"1\",\"collapsed\":\"0\",\"level\":\"1\",\"fields\":{\"image\":\"\",\"headline\":\"\",\"subhead\":\"\",\"ctaButtons\":\"\"}},\"124\":{\"modified\":\"1\",\"type\":\"mobileDeviceGrid\",\"enabled\":\"1\",\"collapsed\":\"0\",\"level\":\"1\",\"fields\":{\"mobileDevices\":\"\",\"chillahTooltip\":{\"140\":{\"type\":\"tooltip\",\"enabled\":\"1\",\"fields\":{\"chillah\":[\"143\"],\"tooltipText\":\"<p>On average, more than a billion Snaps with Filters are viewed every day.<sup>1<\\/sup><\\/p>\",\"location\":\"topRight\"}}}}},\"128\":{\"modified\":\"1\",\"type\":\"newSection\",\"enabled\":\"1\",\"collapsed\":\"0\",\"level\":\"0\",\"fields\":{\"sectionTitle\":\"Lenses\",\"sectionBackgroundColor\":\"white\"}},\"129\":{\"modified\":\"1\",\"type\":\"centeredTextLockup\",\"enabled\":\"1\",\"collapsed\":\"0\",\"level\":\"1\",\"fields\":{\"image\":\"\",\"headline\":\"\",\"subhead\":\"\",\"ctaButtons\":\"\"}},\"132\":{\"modified\":\"1\",\"type\":\"mobileDeviceGrid\",\"enabled\":\"1\",\"collapsed\":\"0\",\"level\":\"1\",\"fields\":{\"mobileDevices\":\"\",\"chillahTooltip\":\"\"}},\"136\":{\"modified\":\"1\",\"type\":\"newSection\",\"enabled\":\"1\",\"collapsed\":\"0\",\"level\":\"0\",\"fields\":{\"sectionTitle\":\"Video\",\"sectionBackgroundColor\":\"gray\"}},\"137\":{\"modified\":\"1\",\"type\":\"centeredTextLockup\",\"enabled\":\"1\",\"collapsed\":\"0\",\"level\":\"1\",\"fields\":{\"image\":\"\",\"headline\":\"\",\"subhead\":\"\",\"ctaButtons\":\"\"}}},\"16\":\"1\",\"15\":\"blue\",\"7\":\"solutions\"}}', '2017-08-03 18:46:17', '2017-08-03 18:46:17', '9d8c69c2-723b-452c-b9d1-1d74257d9dc2'),
 ('70', '98', '3', '1', 'en_us', '13', '', '{\"typeId\":\"3\",\"authorId\":\"1\",\"title\":\"Solutions\",\"slug\":\"solutions\",\"postDate\":1501109280,\"expiryDate\":null,\"enabled\":1,\"parentId\":\"\",\"fields\":{\"3\":{\"107\":{\"modified\":\"1\",\"type\":\"newSection\",\"enabled\":\"1\",\"collapsed\":\"0\",\"level\":\"0\",\"fields\":{\"sectionTitle\":\"Overview\",\"sectionBackgroundColor\":\"gray\"}},\"108\":{\"modified\":\"1\",\"type\":\"centeredTextLockup\",\"enabled\":\"1\",\"collapsed\":\"0\",\"level\":\"1\",\"fields\":{\"image\":\"\",\"headline\":\"Our ad products are fun and effective, for every objective\",\"subhead\":\"\",\"ctaButtons\":\"\"}},\"110\":{\"modified\":\"1\",\"type\":\"mobileDeviceGrid\",\"enabled\":\"1\",\"collapsed\":\"0\",\"level\":\"1\",\"fields\":{\"mobileDevices\":{\"206\":{\"type\":\"device\",\"enabled\":\"1\",\"fields\":{\"video\":\"\",\"posterImage\":[\"100\"],\"headline\":\"Snap Ads\",\"subhead\":\"Captivate your audience with full-screen Snap Ads.\"}},\"new1\":{\"type\":\"device\",\"enabled\":\"1\",\"fields\":{\"video\":\"\",\"posterImage\":[\"99\"],\"headline\":\"Filters\",\"subhead\":\"Own a place or event with location-based Filters.\"}},\"new2\":{\"type\":\"device\",\"enabled\":\"1\",\"fields\":{\"video\":\"\",\"posterImage\":[\"160\"],\"headline\":\"Lenses\",\"subhead\":\"Invite customers to play and share with Lenses.\"}}},\"chillahTooltip\":\"\"}},\"144\":{\"modified\":\"1\",\"type\":\"newSection\",\"enabled\":\"1\",\"collapsed\":\"0\",\"level\":\"0\",\"fields\":{\"sectionTitle\":\"Snap Ads\",\"sectionBackgroundColor\":\"white\"}},\"new0\":{\"modified\":\"1\",\"type\":\"centeredTextLockup\",\"enabled\":\"1\",\"collapsed\":\"0\",\"level\":\"1\",\"fields\":{\"image\":\"\",\"headline\":\"Snap Ads\",\"subhead\":\"The original vertical video ad \\u2014 now with attachments customized for your objectives.\",\"ctaButtons\":\"\"}},\"162\":{\"modified\":\"1\",\"type\":\"deviceTabs\",\"enabled\":\"1\",\"collapsed\":\"0\",\"level\":\"1\",\"fields\":{\"deviceTab\":{\"new1\":{\"type\":\"tab\",\"enabled\":\"1\",\"fields\":{\"image\":[\"152\"],\"label\":\"Snap ads\",\"description\":\"Snap Ads are full-screen, 100% viewable, and have audio on by default.\"}},\"new2\":{\"type\":\"tab\",\"enabled\":\"1\",\"fields\":{\"image\":\"\",\"label\":\"+ Web View\",\"description\":\"\"}}},\"chillahTooltip\":{\"163\":{\"type\":\"tooltip\",\"enabled\":\"1\",\"fields\":{\"chillah\":[\"141\"],\"tooltipText\":\"<p>On average, over 10 billion videos are watched on Snapchat every day.<sup>1<\\/sup><\\/p>\",\"location\":\"topLeft\"}}}}},\"114\":{\"modified\":\"1\",\"type\":\"newSection\",\"enabled\":\"1\",\"collapsed\":\"0\",\"level\":\"0\",\"fields\":{\"sectionTitle\":\"Snap Ads\",\"sectionBackgroundColor\":\"white\"}},\"115\":{\"modified\":\"1\",\"type\":\"centeredTextLockup\",\"enabled\":\"1\",\"collapsed\":\"0\",\"level\":\"1\",\"fields\":{\"image\":\"\",\"headline\":\"\",\"subhead\":\"\",\"ctaButtons\":\"\"}},\"118\":{\"modified\":\"1\",\"type\":\"newSection\",\"enabled\":\"1\",\"collapsed\":\"0\",\"level\":\"0\",\"fields\":{\"sectionTitle\":\"Filters\",\"sectionBackgroundColor\":\"gray\"}},\"119\":{\"modified\":\"1\",\"type\":\"centeredTextLockup\",\"enabled\":\"1\",\"collapsed\":\"0\",\"level\":\"1\",\"fields\":{\"image\":\"\",\"headline\":\"\",\"subhead\":\"\",\"ctaButtons\":\"\"}},\"124\":{\"modified\":\"1\",\"type\":\"mobileDeviceGrid\",\"enabled\":\"1\",\"collapsed\":\"0\",\"level\":\"1\",\"fields\":{\"mobileDevices\":\"\",\"chillahTooltip\":{\"140\":{\"type\":\"tooltip\",\"enabled\":\"1\",\"fields\":{\"chillah\":[\"143\"],\"tooltipText\":\"<p>On average, more than a billion Snaps with Filters are viewed every day.<sup>1<\\/sup><\\/p>\",\"location\":\"topRight\"}}}}},\"128\":{\"modified\":\"1\",\"type\":\"newSection\",\"enabled\":\"1\",\"collapsed\":\"0\",\"level\":\"0\",\"fields\":{\"sectionTitle\":\"Lenses\",\"sectionBackgroundColor\":\"white\"}},\"129\":{\"modified\":\"1\",\"type\":\"centeredTextLockup\",\"enabled\":\"1\",\"collapsed\":\"0\",\"level\":\"1\",\"fields\":{\"image\":\"\",\"headline\":\"\",\"subhead\":\"\",\"ctaButtons\":\"\"}},\"132\":{\"modified\":\"1\",\"type\":\"mobileDeviceGrid\",\"enabled\":\"1\",\"collapsed\":\"0\",\"level\":\"1\",\"fields\":{\"mobileDevices\":\"\",\"chillahTooltip\":\"\"}},\"136\":{\"modified\":\"1\",\"type\":\"newSection\",\"enabled\":\"1\",\"collapsed\":\"0\",\"level\":\"0\",\"fields\":{\"sectionTitle\":\"Video\",\"sectionBackgroundColor\":\"gray\"}},\"137\":{\"modified\":\"1\",\"type\":\"centeredTextLockup\",\"enabled\":\"1\",\"collapsed\":\"0\",\"level\":\"1\",\"fields\":{\"image\":\"\",\"headline\":\"\",\"subhead\":\"\",\"ctaButtons\":\"\"}}},\"16\":\"1\",\"15\":\"blue\",\"7\":\"solutions\"}}', '2017-08-03 18:50:27', '2017-08-03 18:50:27', '021e60e7-d6c1-4529-b4a3-bdf541b70b1b'),
 ('71', '98', '3', '1', 'en_us', '14', '', '{\"typeId\":\"3\",\"authorId\":\"1\",\"title\":\"Solutions\",\"slug\":\"solutions\",\"postDate\":1501109280,\"expiryDate\":null,\"enabled\":1,\"parentId\":\"\",\"fields\":{\"3\":{\"107\":{\"modified\":\"1\",\"type\":\"newSection\",\"enabled\":\"1\",\"collapsed\":\"0\",\"level\":\"0\",\"fields\":{\"sectionTitle\":\"Overview\",\"sectionBackgroundColor\":\"gray\"}},\"108\":{\"modified\":\"1\",\"type\":\"centeredTextLockup\",\"enabled\":\"1\",\"collapsed\":\"0\",\"level\":\"1\",\"fields\":{\"image\":\"\",\"headline\":\"Our ad products are fun and effective, for every objective\",\"subhead\":\"\",\"ctaButtons\":\"\"}},\"110\":{\"modified\":\"1\",\"type\":\"mobileDeviceGrid\",\"enabled\":\"1\",\"collapsed\":\"0\",\"level\":\"1\",\"fields\":{\"mobileDevices\":{\"206\":{\"type\":\"device\",\"enabled\":\"1\",\"fields\":{\"video\":\"\",\"posterImage\":[\"100\"],\"headline\":\"Snap Ads\",\"subhead\":\"Captivate your audience with full-screen Snap Ads.\"}},\"207\":{\"type\":\"device\",\"enabled\":\"1\",\"fields\":{\"video\":\"\",\"posterImage\":[\"99\"],\"headline\":\"Filters\",\"subhead\":\"Own a place or event with location-based Filters.\"}},\"208\":{\"type\":\"device\",\"enabled\":\"1\",\"fields\":{\"video\":\"\",\"posterImage\":[\"160\"],\"headline\":\"Lenses\",\"subhead\":\"Invite customers to play and share with Lenses.\"}}},\"chillahTooltip\":\"\"}},\"144\":{\"modified\":\"1\",\"type\":\"newSection\",\"enabled\":\"1\",\"collapsed\":\"0\",\"level\":\"0\",\"fields\":{\"sectionTitle\":\"Snap Ads\",\"sectionBackgroundColor\":\"white\"}},\"209\":{\"modified\":\"1\",\"type\":\"centeredTextLockup\",\"enabled\":\"1\",\"collapsed\":\"0\",\"level\":\"1\",\"fields\":{\"image\":\"\",\"headline\":\"Snap Ads\",\"subhead\":\"The original vertical video ad \\u2014 now with attachments customized for your objectives.\",\"ctaButtons\":\"\"}},\"162\":{\"modified\":\"1\",\"type\":\"deviceTabs\",\"enabled\":\"1\",\"collapsed\":\"0\",\"level\":\"1\",\"fields\":{\"deviceTab\":{\"210\":{\"type\":\"tab\",\"enabled\":\"1\",\"fields\":{\"deviceAsset\":[\"152\"],\"tabImage\":[\"145\"],\"tabLabel\":\"Snap ads\",\"description\":\"Snap Ads are full-screen, 100% viewable, and have audio on by default.\"}},\"211\":{\"type\":\"tab\",\"enabled\":\"1\",\"fields\":{\"deviceAsset\":[\"102\"],\"tabImage\":[\"146\"],\"tabLabel\":\"+ Web View\",\"description\":\"Drive traffic to your pre-loaded website. With our Auto-Fill feature, Snapchatters can send you their account email and more by just tapping.\"}}},\"chillahTooltip\":{\"163\":{\"type\":\"tooltip\",\"enabled\":\"1\",\"fields\":{\"chillah\":[\"141\"],\"tooltipText\":\"<p>On average, over 10 billion videos are watched on Snapchat every day.<sup>1<\\/sup><\\/p>\",\"location\":\"topLeft\"}}}}},\"118\":{\"modified\":\"1\",\"type\":\"newSection\",\"enabled\":\"1\",\"collapsed\":\"0\",\"level\":\"0\",\"fields\":{\"sectionTitle\":\"Filters\",\"sectionBackgroundColor\":\"gray\"}},\"119\":{\"modified\":\"1\",\"type\":\"centeredTextLockup\",\"enabled\":\"1\",\"collapsed\":\"0\",\"level\":\"1\",\"fields\":{\"image\":\"\",\"headline\":\"Filters\",\"subhead\":\"Filters allow you to be where your product is bought, thought about, or consumed. Create your own Filter and drive awareness, advocacy, and action in one package.\",\"ctaButtons\":{\"new1\":{\"type\":\"primaryButton\",\"enabled\":\"1\",\"fields\":{\"button\":{\"type\":\"custom\",\"custom\":\"https:\\/\\/geofilters.snapchat.com\",\"entry\":\"\",\"customText\":\"Create A Filter\",\"target\":\"_blank\"}}},\"new2\":{\"type\":\"secondaryButton\",\"enabled\":\"1\",\"fields\":{\"button\":{\"type\":\"custom\",\"custom\":\"https:\\/\\/businesshelp.snapchat.com\\/en-US\\/article\\/create-geofilter\",\"entry\":\"\",\"customText\":\"View Guidelines\",\"target\":\"_blank\"}}}}}},\"124\":{\"modified\":\"1\",\"type\":\"mobileDeviceGrid\",\"enabled\":\"1\",\"collapsed\":\"0\",\"level\":\"1\",\"fields\":{\"mobileDevices\":{\"new1\":{\"type\":\"device\",\"enabled\":\"1\",\"fields\":{\"video\":\"\",\"posterImage\":[\"101\"],\"headline\":\"\",\"subhead\":\"\"}},\"new2\":{\"type\":\"device\",\"enabled\":\"1\",\"fields\":{\"video\":\"\",\"posterImage\":[\"157\"],\"headline\":\"\",\"subhead\":\"\"}},\"new3\":{\"type\":\"device\",\"enabled\":\"1\",\"fields\":{\"video\":\"\",\"posterImage\":[\"103\"],\"headline\":\"\",\"subhead\":\"\"}}},\"chillahTooltip\":{\"140\":{\"type\":\"tooltip\",\"enabled\":\"1\",\"fields\":{\"chillah\":[\"143\"],\"tooltipText\":\"<p>On average, more than a billion Snaps with Filters are viewed every day.<sup>1<\\/sup><\\/p>\",\"location\":\"topRight\"}}}}},\"128\":{\"modified\":\"1\",\"type\":\"newSection\",\"enabled\":\"1\",\"collapsed\":\"0\",\"level\":\"0\",\"fields\":{\"sectionTitle\":\"Lenses\",\"sectionBackgroundColor\":\"white\"}},\"129\":{\"modified\":\"1\",\"type\":\"centeredTextLockup\",\"enabled\":\"1\",\"collapsed\":\"0\",\"level\":\"1\",\"fields\":{\"image\":\"\",\"headline\":\"Lenses\",\"subhead\":\"Lenses are the most playful and memorable way to increase awareness, on a massive scale. With one tap, you can invite Snapchatters into your world \\u2014 and your story.\",\"ctaButtons\":\"\"}},\"132\":{\"modified\":\"1\",\"type\":\"mobileDeviceGrid\",\"enabled\":\"1\",\"collapsed\":\"0\",\"level\":\"1\",\"fields\":{\"mobileDevices\":{\"new1\":{\"type\":\"device\",\"enabled\":\"1\",\"fields\":{\"video\":\"\",\"posterImage\":[\"159\"],\"headline\":\"\",\"subhead\":\"\"}},\"new2\":{\"type\":\"device\",\"enabled\":\"1\",\"fields\":{\"video\":\"\",\"posterImage\":[\"151\"],\"headline\":\"\",\"subhead\":\"\"}},\"new3\":{\"type\":\"device\",\"enabled\":\"1\",\"fields\":{\"video\":\"\",\"posterImage\":[\"161\"],\"headline\":\"\",\"subhead\":\"\"}}},\"chillahTooltip\":{\"new1\":{\"type\":\"tooltip\",\"enabled\":\"1\",\"fields\":{\"chillah\":[\"142\"],\"tooltipText\":\"<p>The best lenses average more than 20 seconds of play time!<sup>1<\\/sup><\\/p>\",\"location\":\"topRight\"}}}}},\"136\":{\"modified\":\"1\",\"type\":\"newSection\",\"enabled\":\"1\",\"collapsed\":\"0\",\"level\":\"0\",\"fields\":{\"sectionTitle\":\"Video\",\"sectionBackgroundColor\":\"gray\"}},\"137\":{\"modified\":\"1\",\"type\":\"centeredTextLockup\",\"enabled\":\"1\",\"collapsed\":\"0\",\"level\":\"1\",\"fields\":{\"image\":\"\",\"headline\":\"See where your ads will run on Snapchat\",\"subhead\":\"\",\"ctaButtons\":\"\"}},\"new1\":{\"modified\":\"1\",\"type\":\"centeredVideo\",\"enabled\":\"1\",\"collapsed\":\"0\",\"level\":\"1\",\"fields\":{\"video\":\"\",\"assetWidth\":\"wide\"}}},\"16\":\"1\",\"15\":\"blue\",\"7\":\"solutions\"}}', '2017-08-03 19:02:45', '2017-08-03 19:02:45', 'e306d9d1-1fc9-4034-baee-92e4f7d9ea60');



DROP TABLE IF EXISTS `craft_fieldgroups`;


--
-- Schema for table `craft_fieldgroups`
--
CREATE TABLE `craft_fieldgroups` (
  `id` int(11) NOT NULL AUTO_INCREMENT,
  `name` varchar(255) COLLATE utf8_unicode_ci NOT NULL,
  `dateCreated` datetime NOT NULL,
  `dateUpdated` datetime NOT NULL,
  `uid` char(36) COLLATE utf8_unicode_ci NOT NULL DEFAULT '0',
  PRIMARY KEY (`id`),
  UNIQUE KEY `craft_fieldgroups_name_unq_idx` (`name`)
) ENGINE=InnoDB AUTO_INCREMENT=6 DEFAULT CHARSET=utf8 COLLATE=utf8_unicode_ci;

--
-- Data for table `craft_fieldgroups`
--

INSERT INTO `craft_fieldgroups` (`id`, `name`, `dateCreated`, `dateUpdated`, `uid`) VALUES
 ('1', 'Default', '2017-07-20 17:27:58', '2017-07-20 17:27:58', '2182cc13-4f4c-4088-abd0-6eca8aad3dba'),
 ('2', 'Content Builder', '2017-07-20 17:56:22', '2017-07-20 17:56:22', '85906d6e-0c88-4ade-b0dc-ccd9377288c8'),
 ('3', 'Pages', '2017-07-20 18:28:53', '2017-07-20 18:28:53', '56d3472b-b560-4b25-9fd1-d9f69deae029'),
 ('4', 'Global', '2017-07-21 23:07:44', '2017-07-21 23:07:44', '3bd7462c-23b3-47e5-9c9e-e6a0cc78f489'),
 ('5', 'Success Stories', '2017-07-21 23:18:42', '2017-07-21 23:18:42', '5e22c3b1-1eba-4cd2-b670-bfb2336f0cf6');



DROP TABLE IF EXISTS `craft_fieldlayoutfields`;


--
-- Schema for table `craft_fieldlayoutfields`
--
CREATE TABLE `craft_fieldlayoutfields` (
  `id` int(11) NOT NULL AUTO_INCREMENT,
  `layoutId` int(11) NOT NULL,
  `tabId` int(11) NOT NULL,
  `fieldId` int(11) NOT NULL,
  `required` tinyint(1) unsigned NOT NULL DEFAULT '0',
  `sortOrder` smallint(6) unsigned DEFAULT NULL,
  `dateCreated` datetime NOT NULL,
  `dateUpdated` datetime NOT NULL,
  `uid` char(36) COLLATE utf8_unicode_ci NOT NULL DEFAULT '0',
  PRIMARY KEY (`id`),
  UNIQUE KEY `craft_fieldlayoutfields_layoutId_fieldId_unq_idx` (`layoutId`,`fieldId`),
  KEY `craft_fieldlayoutfields_sortOrder_idx` (`sortOrder`),
  KEY `craft_fieldlayoutfields_tabId_fk` (`tabId`),
  KEY `craft_fieldlayoutfields_fieldId_fk` (`fieldId`)
) ENGINE=InnoDB AUTO_INCREMENT=2676 DEFAULT CHARSET=utf8 COLLATE=utf8_unicode_ci;

--
-- Data for table `craft_fieldlayoutfields`
--

INSERT INTO `craft_fieldlayoutfields` (`id`, `layoutId`, `tabId`, `fieldId`, `required`, `sortOrder`, `dateCreated`, `dateUpdated`, `uid`) VALUES
 ('1', '3', '1', '1', '1', '1', '2017-07-20 17:27:59', '2017-07-20 17:27:59', '9071dc30-0598-4047-9fba-df2bc4e33bdf'),
 ('2', '5', '2', '1', '1', '1', '2017-07-20 17:27:59', '2017-07-20 17:27:59', '9005cbf7-3067-41bd-8731-aac06549d94b'),
 ('3', '5', '2', '2', '0', '2', '2017-07-20 17:27:59', '2017-07-20 17:27:59', '66c01b27-b0dd-48a8-bbbb-e3c4453c3423'),
 ('105', '79', '80', '13', '0', '1', '2017-07-20 20:18:09', '2017-07-20 20:18:09', 'a4d92aaa-0746-4ad5-a476-9e9dfc2867ba'),
 ('106', '79', '80', '14', '0', '2', '2017-07-20 20:18:09', '2017-07-20 20:18:09', 'cf292443-825e-470a-a206-bfab046c544a'),
 ('891', '587', '573', '34', '0', '1', '2017-07-21 23:11:22', '2017-07-21 23:11:22', '690dff0c-b5d2-44c1-9c77-342ec53de6ba'),
 ('892', '587', '573', '36', '0', '2', '2017-07-21 23:11:22', '2017-07-21 23:11:22', 'b29747c3-bc9f-43fd-afc8-69747d742b0f'),
 ('894', '589', '575', '37', '0', '1', '2017-07-21 23:12:56', '2017-07-21 23:12:56', '82fceadb-0341-4111-9c4e-86054d2e632c'),
 ('900', '591', '577', '38', '0', '1', '2017-07-21 23:26:56', '2017-07-21 23:26:56', '0313417a-d1df-408d-9e39-c421c7a9ab76'),
 ('901', '591', '577', '40', '0', '2', '2017-07-21 23:26:56', '2017-07-21 23:26:56', 'f58d5f5f-252e-46a1-a4bb-699537b2af6b'),
 ('902', '591', '577', '39', '0', '3', '2017-07-21 23:26:56', '2017-07-21 23:26:56', '7459a0bf-9947-4c0f-980b-470c96aa6719'),
 ('903', '591', '577', '41', '0', '4', '2017-07-21 23:26:56', '2017-07-21 23:26:56', '83a58f09-1226-424f-9b1c-f28ff3edead1'),
 ('904', '591', '577', '42', '0', '5', '2017-07-21 23:26:56', '2017-07-21 23:26:56', 'b275cc9f-972c-470d-aee9-146a93cb20e2'),
 ('905', '591', '577', '43', '0', '6', '2017-07-21 23:26:56', '2017-07-21 23:26:56', 'c49d7b3b-8919-4b0b-833a-ddf26b64ae2a'),
 ('1702', '1098', '1041', '35', '0', '1', '2017-07-27 00:07:55', '2017-07-27 00:07:55', '92b3b03f-789b-4af1-8c66-b2c008440a3b'),
 ('1809', '1168', '1107', '56', '0', '1', '2017-08-01 17:05:51', '2017-08-01 17:05:51', 'c31a8c59-a86d-4337-9887-f059fe65020b'),
 ('1810', '1168', '1107', '57', '0', '2', '2017-08-01 17:05:51', '2017-08-01 17:05:51', '71a6c150-bde1-48b4-ba72-5c4739bbd06c'),
 ('1811', '1169', '1108', '55', '0', '1', '2017-08-01 17:05:51', '2017-08-01 17:05:51', '72f24f05-0d8c-43b7-96b2-39b9ebe4f67b'),
 ('1890', '1218', '1155', '7', '0', '1', '2017-08-01 17:18:11', '2017-08-01 17:18:11', 'eb55b10c-f86a-492f-9384-9fe0f00c0540'),
 ('1891', '1218', '1155', '15', '0', '2', '2017-08-01 17:18:11', '2017-08-01 17:18:11', '04ff1d00-2170-49ec-a8c0-ee0ea3242ae5'),
 ('1892', '1218', '1155', '16', '0', '3', '2017-08-01 17:18:11', '2017-08-01 17:18:11', 'c1d851a7-6407-4003-9f74-a8996a2a63d6'),
 ('1893', '1218', '1156', '3', '0', '1', '2017-08-01 17:18:11', '2017-08-01 17:18:11', 'e017610f-f10e-42a5-be6e-b12f1903cc13'),
 ('1978', '1269', '1205', '59', '0', '1', '2017-08-01 20:47:10', '2017-08-01 20:47:10', 'a1f28e8c-67a2-4a53-ad24-d581be49ddc4'),
 ('1979', '1269', '1205', '60', '0', '2', '2017-08-01 20:47:10', '2017-08-01 20:47:10', '9c2201fd-fac3-4b18-b03c-41b696a4b66a'),
 ('1980', '1269', '1205', '61', '0', '3', '2017-08-01 20:47:10', '2017-08-01 20:47:10', 'c27b708d-d6f8-4112-87c5-1ed624c197c0'),
 ('1981', '1269', '1205', '62', '0', '4', '2017-08-01 20:47:10', '2017-08-01 20:47:10', 'a16f1c4c-b13d-4822-80d1-237dfac25bd1'),
 ('2425', '1539', '1477', '68', '0', '1', '2017-08-03 18:00:38', '2017-08-03 18:00:38', '990499bb-fe56-4c7b-a0c6-8be23553980a'),
 ('2426', '1539', '1477', '69', '0', '2', '2017-08-03 18:00:38', '2017-08-03 18:00:38', '0ceca328-d8ce-42f0-87c8-ae4c67ded7f7'),
 ('2427', '1539', '1477', '70', '0', '3', '2017-08-03 18:00:38', '2017-08-03 18:00:38', '44ba1bb9-9843-4a3c-a332-12213e610a8b'),
 ('2428', '1540', '1478', '25', '0', '1', '2017-08-03 18:02:31', '2017-08-03 18:02:31', '80af0c20-1437-48ac-973b-44d9e472abf6'),
 ('2429', '1540', '1478', '26', '0', '2', '2017-08-03 18:02:31', '2017-08-03 18:02:31', '2f306b99-485c-4d5c-bc42-0b0115aeaead'),
 ('2430', '1540', '1478', '27', '0', '3', '2017-08-03 18:02:31', '2017-08-03 18:02:31', '8ca62b4d-70b0-4fd8-ae35-922bd428fb64'),
 ('2466', '1563', '1502', '72', '0', '1', '2017-08-03 18:14:16', '2017-08-03 18:14:16', 'e0b353eb-060b-442a-8419-0bf34cb92403'),
 ('2467', '1564', '1503', '73', '0', '1', '2017-08-03 18:14:16', '2017-08-03 18:14:16', '6c01adf4-4174-4067-a51e-6568bac9675a'),
 ('2550', '1606', '1550', '34', '0', '1', '2017-08-03 18:23:13', '2017-08-03 18:23:13', 'e1fac75c-7bfa-42c5-b09d-68b73c6e3e83'),
 ('2551', '1606', '1550', '36', '0', '2', '2017-08-03 18:23:13', '2017-08-03 18:23:13', 'ed4deb24-0635-43fd-8a3a-8b998e534bfd'),
 ('2615', '1636', '1585', '79', '0', '1', '2017-08-03 18:36:28', '2017-08-03 18:36:28', '398c7ccd-9913-4596-bd02-9ffa9706082e'),
 ('2616', '1636', '1585', '80', '0', '2', '2017-08-03 18:36:28', '2017-08-03 18:36:28', '6685fd0b-2621-43bc-9ebf-a1086a68c095'),
 ('2643', '1649', '1601', '23', '0', '1', '2017-08-03 18:38:14', '2017-08-03 18:38:14', '17ae440e-5a8b-402b-8cb2-556df4265ab2'),
 ('2644', '1649', '1601', '20', '0', '2', '2017-08-03 18:38:14', '2017-08-03 18:38:14', '938bcc93-4832-4b81-a7d5-cc0caa677133'),
 ('2645', '1650', '1602', '67', '0', '1', '2017-08-03 18:38:14', '2017-08-03 18:38:14', 'ced92474-c822-4ac8-b503-a58d97091fc9'),
 ('2646', '1650', '1603', '24', '0', '1', '2017-08-03 18:38:14', '2017-08-03 18:38:14', '3bb890cd-04ff-428b-8db9-2163714dcb4a'),
 ('2647', '1651', '1604', '45', '0', '1', '2017-08-03 18:38:14', '2017-08-03 18:38:14', '300eceab-f255-4072-b170-7a2c69722f29'),
 ('2648', '1652', '1605', '58', '0', '1', '2017-08-03 18:38:14', '2017-08-03 18:38:14', '99bf5ba5-e987-47aa-9e78-c93f0ec74b8f'),
 ('2649', '1652', '1606', '24', '0', '1', '2017-08-03 18:38:14', '2017-08-03 18:38:14', '20ffd14a-e628-4838-be1a-f02eafe9113a'),
 ('2650', '1653', '1607', '8', '0', '1', '2017-08-03 18:38:14', '2017-08-03 18:38:14', 'f33e3730-ed5a-4e4a-9837-294789e3e7a6'),
 ('2651', '1653', '1607', '10', '0', '2', '2017-08-03 18:38:14', '2017-08-03 18:38:14', '9fd3b2b6-5c4a-45ba-84ad-1ecc608775aa'),
 ('2652', '1653', '1607', '18', '0', '3', '2017-08-03 18:38:14', '2017-08-03 18:38:14', '62cc43c8-beac-4e56-9ecd-1bcf311129cb'),
 ('2653', '1653', '1607', '71', '0', '4', '2017-08-03 18:38:14', '2017-08-03 18:38:14', 'cb9cdf58-91c7-42fc-b36e-b78b9c8a2392'),
 ('2654', '1654', '1608', '8', '0', '1', '2017-08-03 18:38:14', '2017-08-03 18:38:14', 'acb9646e-8640-4607-bca2-32a148a0a933'),
 ('2655', '1654', '1608', '28', '0', '2', '2017-08-03 18:38:14', '2017-08-03 18:38:14', '29a36d05-93e1-4590-bd78-f8b91d8cd3a9'),
 ('2656', '1655', '1609', '8', '0', '1', '2017-08-03 18:38:14', '2017-08-03 18:38:14', '4e1a4c3c-1948-43dc-aefe-20de1088b0c6'),
 ('2657', '1655', '1609', '9', '0', '2', '2017-08-03 18:38:14', '2017-08-03 18:38:14', '4f6ecedc-0365-401f-a111-98badc242e2a'),
 ('2658', '1655', '1609', '10', '0', '3', '2017-08-03 18:38:14', '2017-08-03 18:38:14', '872a729e-8562-4f16-9c19-5494685db153'),
 ('2659', '1655', '1609', '11', '0', '4', '2017-08-03 18:38:14', '2017-08-03 18:38:14', '72717c6c-bfa7-4da1-b1e3-1d688619b485'),
 ('2660', '1655', '1609', '71', '0', '5', '2017-08-03 18:38:14', '2017-08-03 18:38:14', 'bf9e1adc-9b34-48a3-b4f2-47867a7823e7'),
 ('2661', '1656', '1610', '24', '0', '1', '2017-08-03 18:38:14', '2017-08-03 18:38:14', '74f8e859-b7d6-4faa-82ff-a430fd12c1f4'),
 ('2662', '1657', '1611', '29', '0', '1', '2017-08-03 18:38:14', '2017-08-03 18:38:14', '4abaeaaa-dad9-4903-bc2a-41982d90df96'),
 ('2663', '1657', '1611', '28', '0', '2', '2017-08-03 18:38:14', '2017-08-03 18:38:14', '76c075fa-4424-4e55-9116-92b96fae4e93'),
 ('2664', '1658', '1612', '74', '0', '1', '2017-08-03 18:38:14', '2017-08-03 18:38:14', '92b6e2c1-c06f-45a6-ad0f-505d7b2c7681'),
 ('2665', '1658', '1613', '24', '0', '1', '2017-08-03 18:38:14', '2017-08-03 18:38:14', '79eae986-08f0-4c1d-8bc4-63ddea807cc4'),
 ('2666', '1659', '1614', '29', '0', '1', '2017-08-03 18:38:14', '2017-08-03 18:38:14', '1dde2e98-87ec-4322-8a9c-1d8f0b458d8d'),
 ('2667', '1659', '1614', '78', '0', '2', '2017-08-03 18:38:14', '2017-08-03 18:38:14', 'bdf17159-1565-457f-9e72-35106f02b96d'),
 ('2672', '1661', '1616', '81', '0', '1', '2017-08-03 18:53:23', '2017-08-03 18:53:23', 'ce7f9b17-e029-4dae-9930-77b12f89f441'),
 ('2673', '1661', '1616', '75', '0', '2', '2017-08-03 18:53:23', '2017-08-03 18:53:23', '5d06ee6b-1059-47d2-8ca2-5ef78c6d60bd'),
 ('2674', '1661', '1616', '76', '0', '3', '2017-08-03 18:53:23', '2017-08-03 18:53:23', '137d9201-03b5-4889-b2c6-696037577345'),
 ('2675', '1661', '1616', '77', '0', '4', '2017-08-03 18:53:23', '2017-08-03 18:53:23', '843887dc-7773-446e-af45-08cc2ec17ba3');



DROP TABLE IF EXISTS `craft_fieldlayouts`;


--
-- Schema for table `craft_fieldlayouts`
--
CREATE TABLE `craft_fieldlayouts` (
  `id` int(11) NOT NULL AUTO_INCREMENT,
  `type` varchar(150) COLLATE utf8_unicode_ci NOT NULL,
  `dateCreated` datetime NOT NULL,
  `dateUpdated` datetime NOT NULL,
  `uid` char(36) COLLATE utf8_unicode_ci NOT NULL DEFAULT '0',
  PRIMARY KEY (`id`),
  KEY `craft_fieldlayouts_type_idx` (`type`)
) ENGINE=InnoDB AUTO_INCREMENT=1662 DEFAULT CHARSET=utf8 COLLATE=utf8_unicode_ci;

--
-- Data for table `craft_fieldlayouts`
--

INSERT INTO `craft_fieldlayouts` (`id`, `type`, `dateCreated`, `dateUpdated`, `uid`) VALUES
 ('1', 'Tag', '2017-07-20 17:27:58', '2017-07-20 17:27:58', '2e0ffb99-db70-4d30-a521-199785e74613'),
 ('3', 'Entry', '2017-07-20 17:27:59', '2017-07-20 17:27:59', '1d2c93cb-e03e-439f-8b5f-8d828415a762'),
 ('5', 'Entry', '2017-07-20 17:27:59', '2017-07-20 17:27:59', 'e6dc7229-3ba6-4e06-b881-95b0536abb81'),
 ('79', 'MatrixBlock', '2017-07-20 20:18:09', '2017-07-20 20:18:09', 'cbbffd58-9566-4358-9be9-43ba0f2e3ef2'),
 ('251', 'Asset', '2017-07-20 22:17:47', '2017-07-20 22:17:47', '2601d5d2-ef4c-46c1-a726-60e7072b8aae'),
 ('252', 'Asset', '2017-07-20 22:19:07', '2017-07-20 22:19:07', 'd613257b-9093-4f84-a57c-20beacf8f486'),
 ('506', 'Asset', '2017-07-21 22:08:30', '2017-07-21 22:08:30', '1c987ab6-f910-424a-a8d5-3ec24d4427ec'),
 ('587', 'GlobalSet', '2017-07-21 23:11:22', '2017-07-21 23:11:22', '59c9ea34-6b40-4260-a0a9-d4f46e9f34ad'),
 ('589', 'MatrixBlock', '2017-07-21 23:12:56', '2017-07-21 23:12:56', 'b8b74fd3-8119-48ce-8c76-b1f57168f03a'),
 ('591', 'Entry', '2017-07-21 23:26:56', '2017-07-21 23:26:56', 'e283cb4a-3f53-4fd6-9e08-760f7d10a0e8'),
 ('1098', 'MatrixBlock', '2017-07-27 00:07:55', '2017-07-27 00:07:55', '167cce5d-790d-4aac-aa14-620804fada1e'),
 ('1168', 'MatrixBlock', '2017-08-01 17:05:51', '2017-08-01 17:05:51', '52c1d875-27db-4575-b71f-ebb42983793e'),
 ('1169', 'SuperTable_Block', '2017-08-01 17:05:51', '2017-08-01 17:05:51', '47ebc690-acfb-44c7-bf31-6e87db999d00'),
 ('1218', 'Entry', '2017-08-01 17:18:11', '2017-08-01 17:18:11', 'fe843c30-421d-45e0-95b8-56606c74f40c'),
 ('1269', 'MatrixBlock', '2017-08-01 20:47:10', '2017-08-01 20:47:10', '9f8a4a9e-d7eb-452b-a9ca-6ba57cd2fc2c'),
 ('1539', 'MatrixBlock', '2017-08-03 18:00:38', '2017-08-03 18:00:38', 'a2279d81-1e82-49e4-b353-169c31798538'),
 ('1540', 'MatrixBlock', '2017-08-03 18:02:31', '2017-08-03 18:02:31', '9dddc5e8-d4f1-457c-8442-5d4eef5f0dc9'),
 ('1563', 'MatrixBlock', '2017-08-03 18:14:16', '2017-08-03 18:14:16', 'e2022247-e6bb-4d90-916e-5980b059845f'),
 ('1564', 'MatrixBlock', '2017-08-03 18:14:16', '2017-08-03 18:14:16', 'e17f36f0-6712-4578-b79e-bab754a5399c'),
 ('1606', 'Entry', '2017-08-03 18:23:13', '2017-08-03 18:23:13', '2f1a38d3-9e84-4897-9cd3-dad47491ae32'),
 ('1636', 'MatrixBlock', '2017-08-03 18:36:28', '2017-08-03 18:36:28', '646d8141-3734-4269-9b6c-1d06283989ff'),
 ('1649', 'Neo_Block', '2017-08-03 18:38:14', '2017-08-03 18:38:14', '8967808e-ed18-4ab6-8e21-413940d97614'),
 ('1650', 'Neo_Block', '2017-08-03 18:38:14', '2017-08-03 18:38:14', 'c1b36c32-788c-4306-bbee-0bc19591e323'),
 ('1651', 'Neo_Block', '2017-08-03 18:38:14', '2017-08-03 18:38:14', '94083a07-87db-4aff-a377-aea6ed4162c6'),
 ('1652', 'Neo_Block', '2017-08-03 18:38:14', '2017-08-03 18:38:14', '72f72d2f-f024-4e54-bfa7-dc67a01c79ab'),
 ('1653', 'Neo_Block', '2017-08-03 18:38:14', '2017-08-03 18:38:14', '04f65460-c5f4-41b2-86b6-a342d04fb1b7'),
 ('1654', 'Neo_Block', '2017-08-03 18:38:14', '2017-08-03 18:38:14', '8d40a47e-df05-4596-afec-3887adb66299'),
 ('1655', 'Neo_Block', '2017-08-03 18:38:14', '2017-08-03 18:38:14', '6a9f895b-0684-4332-a0cf-ed6c99693866'),
 ('1656', 'Neo_Block', '2017-08-03 18:38:14', '2017-08-03 18:38:14', 'dc5ed03c-8f90-4962-a3c4-8956ddf69079'),
 ('1657', 'Neo_Block', '2017-08-03 18:38:14', '2017-08-03 18:38:14', '1ba13f8d-410c-4759-8df8-ab50760da17a'),
 ('1658', 'Neo_Block', '2017-08-03 18:38:14', '2017-08-03 18:38:14', '3abb5027-8a22-4386-ba88-6d721ee38e66'),
 ('1659', 'Neo_Block', '2017-08-03 18:38:14', '2017-08-03 18:38:14', 'ce8a6aad-6575-445b-bc78-b11ab5d0704b'),
 ('1661', 'MatrixBlock', '2017-08-03 18:53:23', '2017-08-03 18:53:23', '1fb14468-70e5-4720-8bae-567a343014c8');



DROP TABLE IF EXISTS `craft_fieldlayouttabs`;


--
-- Schema for table `craft_fieldlayouttabs`
--
CREATE TABLE `craft_fieldlayouttabs` (
  `id` int(11) NOT NULL AUTO_INCREMENT,
  `layoutId` int(11) NOT NULL,
  `name` varchar(255) COLLATE utf8_unicode_ci NOT NULL,
  `sortOrder` smallint(6) unsigned DEFAULT NULL,
  `dateCreated` datetime NOT NULL,
  `dateUpdated` datetime NOT NULL,
  `uid` char(36) COLLATE utf8_unicode_ci NOT NULL DEFAULT '0',
  PRIMARY KEY (`id`),
  KEY `craft_fieldlayouttabs_sortOrder_idx` (`sortOrder`),
  KEY `craft_fieldlayouttabs_layoutId_fk` (`layoutId`)
) ENGINE=InnoDB AUTO_INCREMENT=1617 DEFAULT CHARSET=utf8 COLLATE=utf8_unicode_ci;

--
-- Data for table `craft_fieldlayouttabs`
--

INSERT INTO `craft_fieldlayouttabs` (`id`, `layoutId`, `name`, `sortOrder`, `dateCreated`, `dateUpdated`, `uid`) VALUES
 ('1', '3', 'Content', '1', '2017-07-20 17:27:59', '2017-07-20 17:27:59', 'ffc5cc8b-1321-4bb4-9262-67f98f804992'),
 ('2', '5', 'Content', '1', '2017-07-20 17:27:59', '2017-07-20 17:27:59', 'f1b924a9-cb98-489c-8ccf-808775e5dd15'),
 ('80', '79', 'Content', '1', '2017-07-20 20:18:09', '2017-07-20 20:18:09', '7371d629-718b-435c-92e7-92b2de579e20'),
 ('573', '587', 'Content', '1', '2017-07-21 23:11:22', '2017-07-21 23:11:22', '52a855ff-1280-4ba0-92d6-9dd59da7e405'),
 ('575', '589', 'Content', '1', '2017-07-21 23:12:56', '2017-07-21 23:12:56', '11291eec-3cfd-4376-b28c-78f358ccdd90'),
 ('577', '591', 'Success Stories', '1', '2017-07-21 23:26:56', '2017-07-21 23:26:56', '7f855aa2-a6ce-4a44-a80c-42c70d6526ad'),
 ('1041', '1098', 'Content', '1', '2017-07-27 00:07:55', '2017-07-27 00:07:55', 'e92f31dc-1e03-4866-9eb4-e7f0707a637c'),
 ('1107', '1168', 'Content', '1', '2017-08-01 17:05:51', '2017-08-01 17:05:51', 'a7b65300-ab3e-4c29-ad65-bd69b30832db'),
 ('1108', '1169', 'Content', '1', '2017-08-01 17:05:51', '2017-08-01 17:05:51', '48375463-366c-45ec-9ff5-a04b81fcf696'),
 ('1155', '1218', 'Page Info', '1', '2017-08-01 17:18:11', '2017-08-01 17:18:11', '80ddeda3-4ee0-4f71-a879-0660dc0d2dd6'),
 ('1156', '1218', 'Page Content', '2', '2017-08-01 17:18:11', '2017-08-01 17:18:11', '6d3cbe53-5c8c-4c04-97c7-180ce945b086'),
 ('1205', '1269', 'Content', '1', '2017-08-01 20:47:10', '2017-08-01 20:47:10', 'b3c9d193-8a3b-46af-9145-8405fe5de9b4'),
 ('1477', '1539', 'Content', '1', '2017-08-03 18:00:38', '2017-08-03 18:00:38', 'df536054-8644-4134-b948-a5dd37bbed5e'),
 ('1478', '1540', 'Content', '1', '2017-08-03 18:02:31', '2017-08-03 18:02:31', '7c87fd21-a5c4-40fb-92c8-5cf9411142ff'),
 ('1502', '1563', 'Content', '1', '2017-08-03 18:14:16', '2017-08-03 18:14:16', 'fbec5bfa-15a8-481e-9107-8de838c1651d'),
 ('1503', '1564', 'Content', '1', '2017-08-03 18:14:16', '2017-08-03 18:14:16', '98cb0ab5-cd83-42f2-a4da-8b3b1b68c73e'),
 ('1550', '1606', 'Navigation Items', '1', '2017-08-03 18:23:13', '2017-08-03 18:23:13', 'b90cd4f2-cff9-4db1-9f1b-a234a14155e7'),
 ('1585', '1636', 'Content', '1', '2017-08-03 18:36:28', '2017-08-03 18:36:28', '3355c739-cf90-4a40-8de2-9b168928b85e'),
 ('1601', '1649', 'Section Info', '1', '2017-08-03 18:38:14', '2017-08-03 18:38:14', '8bfa044f-acdb-424d-b033-b9a800029087'),
 ('1602', '1650', 'Content', '1', '2017-08-03 18:38:14', '2017-08-03 18:38:14', '2c50af9d-f5ab-48d1-8f3c-5d2107eaedcc'),
 ('1603', '1650', 'Settings', '2', '2017-08-03 18:38:14', '2017-08-03 18:38:14', 'a6b0c3c0-2783-43b7-827b-5deaab1bbc95'),
 ('1604', '1651', 'Content', '1', '2017-08-03 18:38:14', '2017-08-03 18:38:14', '9ff54dba-c487-41b8-be1a-227c963e9ace'),
 ('1605', '1652', 'Content', '1', '2017-08-03 18:38:14', '2017-08-03 18:38:14', 'bb6affc4-99aa-46a2-a104-3c5df6712d8f'),
 ('1606', '1652', 'Chillah', '2', '2017-08-03 18:38:14', '2017-08-03 18:38:14', '33168fff-3a05-4bd3-aba6-f8d57ebdbb55'),
 ('1607', '1653', 'Content', '1', '2017-08-03 18:38:14', '2017-08-03 18:38:14', 'aa24df92-9605-4b01-9d4d-133cb905d649'),
 ('1608', '1654', 'Content', '1', '2017-08-03 18:38:14', '2017-08-03 18:38:14', '5cf89572-959f-4f1c-9a34-bf622fe4ec53'),
 ('1609', '1655', 'Content', '1', '2017-08-03 18:38:14', '2017-08-03 18:38:14', '744d12c8-28be-4e27-a533-be7e5eede57c'),
 ('1610', '1656', 'Content', '1', '2017-08-03 18:38:14', '2017-08-03 18:38:14', '16ffd8ed-a906-45ed-bed2-9d7556cf5282'),
 ('1611', '1657', 'Content', '1', '2017-08-03 18:38:14', '2017-08-03 18:38:14', '92bb60e2-5a86-4034-8921-870de87e210e'),
 ('1612', '1658', 'Content', '1', '2017-08-03 18:38:14', '2017-08-03 18:38:14', '34821a83-227d-429f-a865-8eae368617d3'),
 ('1613', '1658', 'Settings', '2', '2017-08-03 18:38:14', '2017-08-03 18:38:14', '0374d638-f855-422a-90a5-463f5d1573a5'),
 ('1614', '1659', 'Tab 1', '1', '2017-08-03 18:38:14', '2017-08-03 18:38:14', '9eb1f7d7-498f-4dcd-9c2e-35bde0c1f3a0'),
 ('1616', '1661', 'Content', '1', '2017-08-03 18:53:23', '2017-08-03 18:53:23', '66a37fee-7656-4ab8-a84d-9ff91241e4de');



DROP TABLE IF EXISTS `craft_fields`;


--
-- Schema for table `craft_fields`
--
CREATE TABLE `craft_fields` (
  `id` int(11) NOT NULL AUTO_INCREMENT,
  `groupId` int(11) DEFAULT NULL,
  `name` varchar(255) COLLATE utf8_unicode_ci NOT NULL,
  `handle` varchar(58) COLLATE utf8_unicode_ci NOT NULL,
  `context` varchar(255) COLLATE utf8_unicode_ci NOT NULL DEFAULT 'global',
  `instructions` text COLLATE utf8_unicode_ci,
  `translatable` tinyint(1) unsigned NOT NULL DEFAULT '0',
  `type` varchar(150) COLLATE utf8_unicode_ci NOT NULL,
  `settings` text COLLATE utf8_unicode_ci,
  `dateCreated` datetime NOT NULL,
  `dateUpdated` datetime NOT NULL,
  `uid` char(36) COLLATE utf8_unicode_ci NOT NULL DEFAULT '0',
  PRIMARY KEY (`id`),
  UNIQUE KEY `craft_fields_handle_context_unq_idx` (`handle`,`context`),
  KEY `craft_fields_context_idx` (`context`),
  KEY `craft_fields_groupId_fk` (`groupId`)
) ENGINE=InnoDB AUTO_INCREMENT=82 DEFAULT CHARSET=utf8 COLLATE=utf8_unicode_ci;

--
-- Data for table `craft_fields`
--

INSERT INTO `craft_fields` (`id`, `groupId`, `name`, `handle`, `context`, `instructions`, `translatable`, `type`, `settings`, `dateCreated`, `dateUpdated`, `uid`) VALUES
 ('1', '1', 'Body', 'body', 'global', NULL, '1', 'RichText', '{\"configFile\":\"Standard.json\",\"columnType\":\"text\"}', '2017-07-20 17:27:58', '2017-07-20 17:27:58', '10690fb8-685a-4cc7-8af0-e3991973dbc7'),
 ('2', '1', 'Tags', 'tags', 'global', NULL, '0', 'Tags', '{\"source\":\"taggroup:1\"}', '2017-07-20 17:27:58', '2017-07-20 17:27:58', 'ed5f4b71-c2ac-46cc-b7fd-de77c6a475f9'),
 ('3', '2', 'Page Sections', 'pageSections', 'global', '', '0', 'Neo', '{\"maxBlocks\":null}', '2017-07-20 18:17:35', '2017-08-03 18:38:14', '0e458475-6557-422c-8593-97467634c5d0'),
 ('7', '3', 'URI', 'page_uri', 'global', 'Example: \"`about-us`\" would create a page at \"`http://forbusiness.snapchat.com/about-us`\"', '0', 'PlainText', '{\"placeholder\":\"(optional: defaults to `lowercase-hyphenated-version-of-title`)\",\"maxLength\":\"\",\"multiline\":\"\",\"initialRows\":\"4\"}', '2017-07-20 18:33:25', '2017-07-20 22:09:24', 'e8128201-0ee4-4177-b0a5-4b6ad89ddfe8'),
 ('8', '2', 'Image', 'image', 'global', '', '0', 'Assets', '{\"useSingleFolder\":\"\",\"sources\":\"*\",\"defaultUploadLocationSource\":\"2\",\"defaultUploadLocationSubpath\":\"\",\"singleUploadLocationSource\":\"1\",\"singleUploadLocationSubpath\":\"\",\"restrictFiles\":\"1\",\"allowedKinds\":[\"image\"],\"limit\":\"1\",\"viewMode\":\"large\",\"selectionLabel\":\"\"}', '2017-07-20 18:40:39', '2017-08-03 18:08:26', 'a83da0b3-49f1-4f06-acac-1a9d1fab0f5e'),
 ('9', '2', 'Desktop Image Location', 'imageLocation', 'global', '', '0', 'Dropdown', '{\"options\":[{\"label\":\"Left\",\"value\":\"left\",\"default\":\"1\"},{\"label\":\"Right\",\"value\":\"right\",\"default\":\"\"}]}', '2017-07-20 18:42:05', '2017-08-03 18:06:58', '7d321da6-f4b0-495c-a1ff-c6585cbd6a94'),
 ('10', '2', 'Headline', 'headline', 'global', '', '0', 'PlainText', '{\"placeholder\":\"\",\"maxLength\":\"\",\"multiline\":\"\",\"initialRows\":\"4\"}', '2017-07-20 18:42:50', '2017-08-03 18:08:19', '8d50c79c-34b9-4ea9-b2b8-53f9984ec920'),
 ('11', '2', 'Paragraph', 'paragraph', 'global', '', '0', 'PlainText', '{\"placeholder\":\"\",\"maxLength\":\"\",\"multiline\":\"1\",\"initialRows\":\"3\"}', '2017-07-20 18:43:18', '2017-08-03 18:09:56', 'd74a20fb-d041-43a7-a1a2-6e237c26b1cc'),
 ('12', '2', 'Button', 'button', 'global', '', '0', 'FruitLinkIt', '{\"types\":[\"custom\",\"entry\"],\"defaultText\":\"\",\"allowCustomText\":\"1\",\"allowTarget\":\"1\",\"entrySources\":\"*\",\"entrySelectionLabel\":\"Select a page\",\"assetSources\":\"*\",\"assetSelectionLabel\":\"Select an asset\"}', '2017-07-20 18:44:26', '2017-08-03 18:03:08', 'c044c12a-246d-421a-a144-fb188ea4b8cf'),
 ('13', NULL, 'Headline', 'headline', 'matrixBlockType:1', '', '0', 'PlainText', '{\"placeholder\":\"\",\"maxLength\":\"\",\"multiline\":\"\",\"initialRows\":\"4\"}', '2017-07-20 20:18:09', '2017-07-20 20:18:09', 'f734e931-d195-4b9a-864f-52abaf20408e'),
 ('14', NULL, 'Paragraph', 'paragraph', 'matrixBlockType:1', '', '0', 'PlainText', '{\"placeholder\":\"\",\"maxLength\":\"\",\"multiline\":\"\",\"initialRows\":\"4\"}', '2017-07-20 20:18:09', '2017-07-20 20:18:09', '1c406294-8a49-4d7e-b04e-eddc75f936ee'),
 ('15', '3', 'Theme Color', 'page_themeColor', 'global', 'Define the color gradient of the header for this page as well as the buttons and section full-color backgrounds.', '0', 'ButtonBox_Colours', '{\"options\":[{\"label\":\"Blue\",\"value\":\"blue\",\"cssColour\":\"#5CC8FF\",\"default\":\"\"},{\"label\":\"Green\",\"value\":\"green\",\"cssColour\":\"#53D1B6\",\"default\":\"\"},{\"label\":\"Orange\",\"value\":\"orange\",\"cssColour\":\"#FFB34D\",\"default\":\"\"},{\"label\":\"Purple\",\"value\":\"purple\",\"cssColour\":\"#C293E0\",\"default\":\"\"},{\"label\":\"Red\",\"value\":\"red\",\"cssColour\":\"#FD6F5F\",\"default\":\"\"}]}', '2017-07-20 21:02:11', '2017-07-26 21:31:23', 'ac129492-62c2-44b4-8ac3-1f1221400c3f'),
 ('16', '3', 'Side Navigation', 'page_sideNavigation', 'global', 'Enable the dot navigation on the left side of the page.', '0', 'Lightswitch', '{\"default\":\"\"}', '2017-07-20 21:02:49', '2017-07-20 22:06:44', 'e056e5c6-2b3d-4b7e-b5c3-6f88cb21bfbe'),
 ('17', '2', 'Button Style', 'buttonStyle', 'global', '', '0', 'Dropdown', '{\"options\":[{\"label\":\"Primary (outline)\",\"value\":\"primary\",\"default\":\"1\"},{\"label\":\"Secondary\",\"value\":\"secondary\",\"default\":\"\"}]}', '2017-07-20 21:53:39', '2017-08-03 18:04:09', '65a36955-274f-42f7-8ac7-dfc2170866cb'),
 ('18', '2', 'Subhead', 'subhead', 'global', '', '0', 'PlainText', '{\"placeholder\":\"\",\"maxLength\":\"\",\"multiline\":\"1\",\"initialRows\":\"2\"}', '2017-07-20 22:05:08', '2017-08-03 18:10:49', 'bf586fba-4e98-45f4-b795-79e22f45c325'),
 ('20', '2', 'Section Background Color', 'sectionBackgroundColor', 'global', '', '0', 'Dropdown', '{\"options\":[{\"label\":\"Gray\",\"value\":\"gray\",\"default\":\"1\"},{\"label\":\"White\",\"value\":\"white\",\"default\":\"\"}]}', '2017-07-20 22:34:39', '2017-08-03 18:10:04', '03d60a1b-7bd5-46b8-9c93-bbc78b394a52'),
 ('23', '2', 'Section Title', 'sectionTitle', 'global', 'Used for side navigation', '0', 'PlainText', '{\"placeholder\":\"\",\"maxLength\":\"\",\"multiline\":\"\",\"initialRows\":\"4\"}', '2017-07-21 20:42:50', '2017-08-03 18:10:42', '40504ea0-de0f-43b2-8ed9-bbe6cce5234d'),
 ('24', '2', 'Chillah Tooltip', 'chillahTooltip', 'global', '(optional)', '0', 'Matrix', '{\"maxBlocks\":\"1\"}', '2017-07-21 21:26:05', '2017-08-03 18:02:31', '79170d95-16a0-4730-b085-47bd285430a9'),
 ('25', NULL, 'Chillah', 'chillah', 'matrixBlockType:2', '', '0', 'Assets', '{\"useSingleFolder\":\"\",\"sources\":\"*\",\"defaultUploadLocationSource\":\"2\",\"defaultUploadLocationSubpath\":\"chillahs\",\"singleUploadLocationSource\":\"1\",\"singleUploadLocationSubpath\":\"\",\"restrictFiles\":\"1\",\"allowedKinds\":[\"image\"],\"limit\":\"1\",\"viewMode\":\"large\",\"selectionLabel\":\"\"}', '2017-07-21 21:26:05', '2017-08-03 18:02:31', '70d21636-dbcd-4c62-970d-094afa2bb20d'),
 ('26', NULL, 'Tooltip Text', 'tooltipText', 'matrixBlockType:2', '', '0', 'RichText', '{\"configFile\":\"Tooltip.json\",\"availableAssetSources\":\"*\",\"availableTransforms\":\"*\",\"cleanupHtml\":\"1\",\"purifyHtml\":\"1\",\"purifierConfig\":\"\",\"columnType\":\"text\"}', '2017-07-21 21:26:05', '2017-08-03 18:02:31', '3129b543-ef6f-4d5a-956b-0d7c626b3d5f'),
 ('27', NULL, 'Location', 'location', 'matrixBlockType:2', '', '0', 'Dropdown', '{\"options\":[{\"label\":\"Top Left\",\"value\":\"topLeft\",\"default\":\"1\"},{\"label\":\"Top Right\",\"value\":\"topRight\",\"default\":\"\"}]}', '2017-07-21 21:26:05', '2017-08-03 18:02:31', '00dd4acb-f0ad-46ca-9349-e9474464d654'),
 ('28', '2', 'Asset Width', 'assetWidth', 'global', '', '0', 'Dropdown', '{\"options\":[{\"label\":\"Normal\",\"value\":\"normal\",\"default\":\"1\"},{\"label\":\"Wide\",\"value\":\"wide\",\"default\":\"\"}]}', '2017-07-21 22:01:02', '2017-08-03 18:37:39', 'd3fac9f9-8be8-4183-88a3-3dae9fa7cb0e'),
 ('29', '2', 'Video', 'video', 'global', '', '0', 'Assets', '{\"useSingleFolder\":\"\",\"sources\":\"*\",\"defaultUploadLocationSource\":\"1\",\"defaultUploadLocationSubpath\":\"\",\"singleUploadLocationSource\":\"1\",\"singleUploadLocationSubpath\":\"\",\"restrictFiles\":\"1\",\"allowedKinds\":[\"video\"],\"limit\":\"1\",\"viewMode\":\"large\",\"selectionLabel\":\"\"}', '2017-07-21 22:06:02', '2017-08-03 18:11:44', '6db5d1d0-e611-4c23-9beb-4a44c0278888'),
 ('34', '4', 'Primary Navigation', 'primaryNavigation', 'global', '', '0', 'Matrix', '{\"maxBlocks\":\"4\"}', '2017-07-21 23:09:34', '2017-07-27 00:07:55', 'e5969a63-c298-4b00-8a59-d9cd49346107'),
 ('35', NULL, 'Link Info', 'linkInfo', 'matrixBlockType:3', '', '0', 'FruitLinkIt', '{\"types\":[\"custom\",\"entry\"],\"defaultText\":\"\",\"allowCustomText\":\"1\",\"allowTarget\":\"1\",\"entrySources\":\"*\",\"entrySelectionLabel\":\"Select a page\",\"assetSources\":\"*\",\"assetSelectionLabel\":\"Select an asset\"}', '2017-07-21 23:09:34', '2017-07-27 00:07:55', 'f865cd72-d1d6-4522-8433-66775e678a40'),
 ('36', '4', 'Secondary Navigation', 'secondaryNavigation', 'global', '', '0', 'Matrix', '{\"maxBlocks\":null}', '2017-07-21 23:10:13', '2017-07-21 23:12:56', '4b69a483-812e-470d-9feb-ad8fa06cbd97'),
 ('37', NULL, 'Link Info', 'linkInfo', 'matrixBlockType:4', '', '0', 'FruitLinkIt', '{\"types\":[\"custom\",\"entry\"],\"defaultText\":\"\",\"allowCustomText\":\"1\",\"allowTarget\":\"1\",\"entrySources\":\"*\",\"entrySelectionLabel\":\"Select an entry\",\"assetSources\":\"*\",\"assetSelectionLabel\":\"Select an asset\"}', '2017-07-21 23:10:13', '2017-07-21 23:12:56', '4ec2db37-17c6-4d73-8ff4-e737100d1b80'),
 ('38', '5', 'Story Logo', 'ss_logo', 'global', '', '0', 'Assets', '{\"useSingleFolder\":\"\",\"sources\":[\"folder:2\"],\"defaultUploadLocationSource\":\"2\",\"defaultUploadLocationSubpath\":\"stories\",\"singleUploadLocationSource\":\"1\",\"singleUploadLocationSubpath\":\"\",\"restrictFiles\":\"1\",\"allowedKinds\":[\"image\"],\"limit\":\"1\",\"viewMode\":\"large\",\"selectionLabel\":\"\"}', '2017-07-21 23:19:35', '2017-07-21 23:20:21', '0163a356-be92-47ae-a790-a1b264137aae'),
 ('39', '5', 'Eyebrow', 'ss_eyebrow', 'global', '', '0', 'PlainText', '{\"placeholder\":\"\",\"maxLength\":\"\",\"multiline\":\"\",\"initialRows\":\"4\"}', '2017-07-21 23:19:59', '2017-07-21 23:19:59', 'de8787c4-069b-450e-9cf0-68d48789e7fb'),
 ('40', '5', 'Story Card Color', 'ss_storyCardColor', 'global', '', '0', 'Hue', '{\"defaultColor\":\"\"}', '2017-07-21 23:23:21', '2017-07-21 23:23:21', '3e3b1e52-875c-49ea-bfa7-84c0c70a5834'),
 ('41', '5', 'Company Name', 'ss_companyName', 'global', '', '0', 'PlainText', '{\"placeholder\":\"\",\"maxLength\":\"\",\"multiline\":\"\",\"initialRows\":\"4\"}', '2017-07-21 23:24:05', '2017-07-21 23:24:05', '349a2af3-848b-4bc0-9273-22f0eef2eb70'),
 ('42', '5', 'Story Summary', 'ss_storySummary', 'global', '', '0', 'PlainText', '{\"placeholder\":\"\",\"maxLength\":\"150\",\"multiline\":\"1\",\"initialRows\":\"2\"}', '2017-07-21 23:24:52', '2017-07-21 23:26:27', '01f5d04e-9424-4f30-8a4c-55a99efdb606'),
 ('43', '5', 'Story PDF', 'ss_storyPdf', 'global', '', '0', 'Assets', '{\"useSingleFolder\":\"\",\"sources\":\"*\",\"defaultUploadLocationSource\":\"2\",\"defaultUploadLocationSubpath\":\"\",\"singleUploadLocationSource\":\"1\",\"singleUploadLocationSubpath\":\"\",\"restrictFiles\":\"1\",\"allowedKinds\":[\"image\",\"pdf\"],\"limit\":\"1\",\"viewMode\":\"large\",\"selectionLabel\":\"\"}', '2017-07-21 23:26:19', '2017-07-21 23:26:19', 'f46f135c-fb21-4bc7-9afc-c191c744d7b4'),
 ('45', '2', 'Logos', 'logos', 'global', '', '0', 'Assets', '{\"useSingleFolder\":\"\",\"sources\":\"*\",\"defaultUploadLocationSource\":\"2\",\"defaultUploadLocationSubpath\":\"\",\"singleUploadLocationSource\":\"1\",\"singleUploadLocationSubpath\":\"\",\"restrictFiles\":\"1\",\"allowedKinds\":[\"image\"],\"limit\":\"\",\"viewMode\":\"large\",\"selectionLabel\":\"\"}', '2017-07-26 21:48:22', '2017-08-03 18:08:41', 'c362955e-d30e-4ad2-a088-9764060ddf13'),
 ('47', '2', 'Tab Image', 'tabImage', 'global', '', '0', 'Assets', '{\"useSingleFolder\":\"\",\"sources\":[\"folder:2\"],\"defaultUploadLocationSource\":\"2\",\"defaultUploadLocationSubpath\":\"\",\"singleUploadLocationSource\":\"1\",\"singleUploadLocationSubpath\":\"\",\"restrictFiles\":\"1\",\"allowedKinds\":[\"image\"],\"limit\":\"1\",\"viewMode\":\"large\",\"selectionLabel\":\"\"}', '2017-07-26 23:18:22', '2017-08-03 18:11:10', '467cc32d-386d-4a59-977b-064e5b37c3b9'),
 ('48', '2', 'Tab Label', 'tabLabel', 'global', '', '0', 'PlainText', '{\"placeholder\":\"\",\"maxLength\":\"\",\"multiline\":\"\",\"initialRows\":\"4\"}', '2017-07-26 23:18:50', '2017-08-03 18:11:16', '74cef22c-9772-4cc7-9b4d-b5d5ba0594c7'),
 ('49', '2', 'Tab Description', 'tabDescription', 'global', '', '0', 'PlainText', '{\"placeholder\":\"\",\"maxLength\":\"\",\"multiline\":\"1\",\"initialRows\":\"2\"}', '2017-07-26 23:20:06', '2017-08-03 18:11:01', '5b966594-4a5b-4808-a292-8310fdd629a2'),
 ('50', '2', 'Tab Video', 'tabVideo', 'global', '', '0', 'Assets', '{\"useSingleFolder\":\"\",\"sources\":[\"folder:2\"],\"defaultUploadLocationSource\":\"2\",\"defaultUploadLocationSubpath\":\"\",\"singleUploadLocationSource\":\"1\",\"singleUploadLocationSubpath\":\"\",\"restrictFiles\":\"1\",\"allowedKinds\":[\"video\"],\"limit\":\"1\",\"viewMode\":\"large\",\"selectionLabel\":\"\"}', '2017-07-26 23:23:28', '2017-08-03 18:11:31', '32782dd2-6157-45e0-aa3d-9722e06a55e4'),
 ('51', '2', 'Tab Poster Image', 'tabPosterImage', 'global', '', '0', 'Assets', '{\"useSingleFolder\":\"\",\"sources\":[\"folder:2\"],\"defaultUploadLocationSource\":\"2\",\"defaultUploadLocationSubpath\":\"\",\"singleUploadLocationSource\":\"1\",\"singleUploadLocationSubpath\":\"\",\"restrictFiles\":\"1\",\"allowedKinds\":[\"image\"],\"limit\":\"1\",\"viewMode\":\"large\",\"selectionLabel\":\"\"}', '2017-07-26 23:32:44', '2017-08-03 18:11:25', 'c0782223-812f-4b11-8254-6243b3fd1b3b'),
 ('52', '2', 'Time Code', 'timeCode', 'global', 'Time in seconds where you want the step to start', '0', 'Number', '{\"min\":\"0\",\"max\":\"\",\"decimals\":\"1\"}', '2017-07-27 16:46:52', '2017-08-03 18:11:37', '4556fed4-40ca-495c-90fe-9742ba7f2a41'),
 ('53', '2', 'Description Label', 'descriptionLabel', 'global', '', '0', 'PlainText', '{\"placeholder\":\"\",\"maxLength\":\"\",\"multiline\":\"\",\"initialRows\":\"4\"}', '2017-07-27 16:47:48', '2017-08-03 18:06:44', 'cc2248ce-955e-4666-b1f7-f1c72c384327'),
 ('55', NULL, 'Device Grid', 'deviceGrid', 'superTableBlockType:1', '', '0', 'Matrix', '{\"maxBlocks\":null}', '2017-08-01 17:05:51', '2017-08-01 17:05:51', '62fbe648-3cd2-4b49-8b6d-9dd7bcac5003'),
 ('56', NULL, 'Video', 'video', 'matrixBlockType:5', '', '0', 'Assets', '{\"useSingleFolder\":\"\",\"sources\":\"*\",\"defaultUploadLocationSource\":\"1\",\"defaultUploadLocationSubpath\":\"\",\"singleUploadLocationSource\":\"1\",\"singleUploadLocationSubpath\":\"\",\"restrictFiles\":\"\",\"limit\":\"\",\"viewMode\":\"list\",\"selectionLabel\":\"\"}', '2017-08-01 17:05:51', '2017-08-01 17:05:51', 'b023cc72-fdee-404a-a393-1dd7eb75c7af'),
 ('57', NULL, 'Poster Image', 'posterImage', 'matrixBlockType:5', '', '0', 'Assets', '{\"useSingleFolder\":\"\",\"sources\":\"*\",\"defaultUploadLocationSource\":\"1\",\"defaultUploadLocationSubpath\":\"\",\"singleUploadLocationSource\":\"1\",\"singleUploadLocationSubpath\":\"\",\"restrictFiles\":\"\",\"limit\":\"\",\"viewMode\":\"list\",\"selectionLabel\":\"\"}', '2017-08-01 17:05:51', '2017-08-01 17:05:51', '001dffe9-4948-4c70-8a3a-661dc3fefe91'),
 ('58', '2', 'Mobile Devices', 'mobileDevices', 'global', '', '0', 'Matrix', '{\"maxBlocks\":\"3\"}', '2017-08-01 20:47:10', '2017-08-01 20:47:10', 'ffe08390-1432-46ab-a9fe-8cfb7b4a2513'),
 ('59', NULL, 'Video', 'video', 'matrixBlockType:6', '', '0', 'Assets', '{\"useSingleFolder\":\"\",\"sources\":[\"folder:6\"],\"defaultUploadLocationSource\":\"3\",\"defaultUploadLocationSubpath\":\"\",\"singleUploadLocationSource\":\"1\",\"singleUploadLocationSubpath\":\"\",\"restrictFiles\":\"\",\"limit\":\"1\",\"viewMode\":\"large\",\"selectionLabel\":\"\"}', '2017-08-01 20:47:10', '2017-08-01 20:47:10', '70923ff1-1640-4583-aa7e-bd2f979f9c12'),
 ('60', NULL, 'Poster Image', 'posterImage', 'matrixBlockType:6', '', '0', 'Assets', '{\"useSingleFolder\":\"\",\"sources\":\"*\",\"defaultUploadLocationSource\":\"2\",\"defaultUploadLocationSubpath\":\"\",\"singleUploadLocationSource\":\"1\",\"singleUploadLocationSubpath\":\"\",\"restrictFiles\":\"1\",\"allowedKinds\":[\"image\"],\"limit\":\"1\",\"viewMode\":\"large\",\"selectionLabel\":\"\"}', '2017-08-01 20:47:10', '2017-08-01 20:47:10', 'a1284253-3b4c-43a4-b49e-b2be7c86a89e'),
 ('61', NULL, 'Headline', 'headline', 'matrixBlockType:6', '', '0', 'PlainText', '{\"placeholder\":\"\",\"maxLength\":\"\",\"multiline\":\"\",\"initialRows\":\"4\"}', '2017-08-01 20:47:10', '2017-08-01 20:47:10', '34e72d73-9fb0-4454-b38b-036ac72c070c'),
 ('62', NULL, 'Subhead', 'subhead', 'matrixBlockType:6', '', '0', 'PlainText', '{\"placeholder\":\"\",\"maxLength\":\"\",\"multiline\":\"\",\"initialRows\":\"4\"}', '2017-08-01 20:47:10', '2017-08-01 20:47:10', 'e6b50d39-3f3d-4ba0-8298-9c67d7d3dc10'),
 ('67', '2', 'Image Card Row', 'imageCardRow', 'global', '', '0', 'Matrix', '{\"maxBlocks\":\"3\"}', '2017-08-03 17:57:36', '2017-08-03 18:00:38', 'f5ee95f1-e20e-423e-8f9c-13705b5edb37'),
 ('68', NULL, 'Card Image', 'cardImage', 'matrixBlockType:10', '', '0', 'Assets', '{\"useSingleFolder\":\"\",\"sources\":[\"folder:1\"],\"defaultUploadLocationSource\":\"1\",\"defaultUploadLocationSubpath\":\"\",\"singleUploadLocationSource\":\"1\",\"singleUploadLocationSubpath\":\"\",\"restrictFiles\":\"1\",\"allowedKinds\":[\"image\"],\"limit\":\"1\",\"viewMode\":\"large\",\"selectionLabel\":\"\"}', '2017-08-03 17:57:36', '2017-08-03 18:00:38', '18b2b995-3e06-48b9-bdaa-89f7c3674428'),
 ('69', NULL, 'Headline', 'headline', 'matrixBlockType:10', '', '0', 'PlainText', '{\"placeholder\":\"\",\"maxLength\":\"\",\"multiline\":\"\",\"initialRows\":\"4\"}', '2017-08-03 17:57:36', '2017-08-03 18:00:38', '382ec30b-0a1d-48cc-b56c-5bbcd7643f63'),
 ('70', NULL, 'Body', 'body', 'matrixBlockType:10', '', '0', 'PlainText', '{\"placeholder\":\"\",\"maxLength\":\"\",\"multiline\":\"1\",\"initialRows\":\"2\"}', '2017-08-03 17:57:36', '2017-08-03 18:00:38', 'f3bd9aca-8939-4ec7-8c7c-748742793860'),
 ('71', '2', 'CTA Buttons', 'ctaButtons', 'global', '', '0', 'Matrix', '{\"maxBlocks\":null}', '2017-08-03 18:14:16', '2017-08-03 18:14:16', '9142ce2f-4685-4a7a-b819-3329fcf1350a'),
 ('72', NULL, 'Button', 'button', 'matrixBlockType:11', '', '0', 'FruitLinkIt', '{\"types\":[\"custom\",\"entry\"],\"defaultText\":\"\",\"allowCustomText\":\"1\",\"allowTarget\":\"1\",\"entrySources\":\"*\",\"entrySelectionLabel\":\"Select an entry\",\"assetSources\":\"*\",\"assetSelectionLabel\":\"Select an asset\"}', '2017-08-03 18:14:16', '2017-08-03 18:14:16', '533a8d21-c867-46a7-9ccf-88cbe4b52d7d'),
 ('73', NULL, 'Button', 'button', 'matrixBlockType:12', '', '0', 'FruitLinkIt', '{\"types\":[\"custom\",\"entry\"],\"defaultText\":\"\",\"allowCustomText\":\"1\",\"allowTarget\":\"1\",\"entrySources\":\"*\",\"entrySelectionLabel\":\"Select an entry\",\"assetSources\":\"*\",\"assetSelectionLabel\":\"Select an asset\"}', '2017-08-03 18:14:16', '2017-08-03 18:14:16', '75117115-67fe-4d48-bcbe-53d25c5f5ec2'),
 ('74', '2', 'Device Tab', 'deviceTab', 'global', '', '0', 'Matrix', '{\"maxBlocks\":null}', '2017-08-03 18:33:03', '2017-08-03 18:53:23', '1f6d1a00-5642-41c5-80aa-b061a84cb6a2'),
 ('75', NULL, 'Tab Image', 'tabImage', 'matrixBlockType:13', '', '0', 'Assets', '{\"useSingleFolder\":\"\",\"sources\":[\"folder:2\"],\"defaultUploadLocationSource\":\"2\",\"defaultUploadLocationSubpath\":\"tabs\",\"singleUploadLocationSource\":\"1\",\"singleUploadLocationSubpath\":\"\",\"restrictFiles\":\"1\",\"allowedKinds\":[\"image\"],\"limit\":\"1\",\"viewMode\":\"large\",\"selectionLabel\":\"\"}', '2017-08-03 18:33:03', '2017-08-03 18:53:23', '859f1bc0-c5c1-4d33-b205-0e9d178ce169'),
 ('76', NULL, 'Tab Label', 'tabLabel', 'matrixBlockType:13', '', '0', 'PlainText', '{\"placeholder\":\"\",\"maxLength\":\"\",\"multiline\":\"\",\"initialRows\":\"4\"}', '2017-08-03 18:33:03', '2017-08-03 18:53:23', '78b909d4-a8cb-43c7-afa3-617f847b6116'),
 ('77', NULL, 'Description', 'description', 'matrixBlockType:13', '', '0', 'PlainText', '{\"placeholder\":\"\",\"maxLength\":\"\",\"multiline\":\"1\",\"initialRows\":\"2\"}', '2017-08-03 18:33:03', '2017-08-03 18:53:23', '0a07a29e-ec3c-4c28-bf5f-cd13748ff1a2'),
 ('78', '2', 'Video Step', 'videoStep', 'global', '', '0', 'Matrix', '{\"maxBlocks\":null}', '2017-08-03 18:36:28', '2017-08-03 18:36:28', 'db5cfce9-a9bc-40f2-8a2c-caef324ba3fe'),
 ('79', NULL, 'Time Code', 'timeCode', 'matrixBlockType:14', '', '0', 'Number', '{\"min\":\"0\",\"max\":\"\",\"decimals\":\"1\"}', '2017-08-03 18:36:28', '2017-08-03 18:36:28', '1a8814fd-36d4-4423-945f-a5a7a8d4e49a'),
 ('80', NULL, 'Description Label', 'descriptionLabel', 'matrixBlockType:14', '', '0', 'PlainText', '{\"placeholder\":\"\",\"maxLength\":\"\",\"multiline\":\"\",\"initialRows\":\"4\"}', '2017-08-03 18:36:28', '2017-08-03 18:36:28', 'a9ab1e84-78a2-48be-8f71-3b6765dabdd3'),
 ('81', NULL, 'Device Asset', 'deviceAsset', 'matrixBlockType:13', '', '0', 'Assets', '{\"useSingleFolder\":\"\",\"sources\":[\"folder:2\",\"folder:6\"],\"defaultUploadLocationSource\":\"2\",\"defaultUploadLocationSubpath\":\"\",\"singleUploadLocationSource\":\"1\",\"singleUploadLocationSubpath\":\"\",\"restrictFiles\":\"1\",\"allowedKinds\":[\"image\",\"video\"],\"limit\":\"1\",\"viewMode\":\"large\",\"selectionLabel\":\"\"}', '2017-08-03 18:52:25', '2017-08-03 18:53:23', 'ad21f048-0291-4792-9820-8e4189d0941f');



DROP TABLE IF EXISTS `craft_globalsets`;


--
-- Schema for table `craft_globalsets`
--
CREATE TABLE `craft_globalsets` (
  `id` int(11) NOT NULL,
  `name` varchar(255) COLLATE utf8_unicode_ci NOT NULL,
  `handle` varchar(255) COLLATE utf8_unicode_ci NOT NULL,
  `fieldLayoutId` int(10) DEFAULT NULL,
  `dateCreated` datetime NOT NULL,
  `dateUpdated` datetime NOT NULL,
  `uid` char(36) COLLATE utf8_unicode_ci NOT NULL DEFAULT '0',
  PRIMARY KEY (`id`),
  UNIQUE KEY `craft_globalsets_name_unq_idx` (`name`),
  UNIQUE KEY `craft_globalsets_handle_unq_idx` (`handle`),
  KEY `craft_globalsets_fieldLayoutId_fk` (`fieldLayoutId`)
) ENGINE=InnoDB DEFAULT CHARSET=utf8 COLLATE=utf8_unicode_ci;

--
-- Data for table `craft_globalsets`
--

INSERT INTO `craft_globalsets` (`id`, `name`, `handle`, `fieldLayoutId`, `dateCreated`, `dateUpdated`, `uid`) VALUES
 ('26', 'Site Navigation', 'siteNavigation', '587', '2017-07-21 23:07:15', '2017-07-21 23:11:22', '7c4c61e1-4862-49a8-b86d-0085f5cda4f2');



DROP TABLE IF EXISTS `craft_info`;


--
-- Schema for table `craft_info`
--
CREATE TABLE `craft_info` (
  `id` int(11) NOT NULL AUTO_INCREMENT,
  `version` varchar(50) COLLATE utf8_unicode_ci NOT NULL,
  `schemaVersion` varchar(15) COLLATE utf8_unicode_ci NOT NULL,
  `edition` tinyint(1) unsigned NOT NULL DEFAULT '0',
  `siteName` varchar(100) COLLATE utf8_unicode_ci NOT NULL,
  `siteUrl` varchar(255) COLLATE utf8_unicode_ci NOT NULL,
  `timezone` varchar(30) COLLATE utf8_unicode_ci DEFAULT NULL,
  `on` tinyint(1) unsigned NOT NULL DEFAULT '0',
  `maintenance` tinyint(1) unsigned NOT NULL DEFAULT '0',
  `dateCreated` datetime NOT NULL,
  `dateUpdated` datetime NOT NULL,
  `uid` char(36) COLLATE utf8_unicode_ci NOT NULL DEFAULT '0',
  PRIMARY KEY (`id`)
) ENGINE=InnoDB AUTO_INCREMENT=2 DEFAULT CHARSET=utf8 COLLATE=utf8_unicode_ci;

--
-- Data for table `craft_info`
--

INSERT INTO `craft_info` (`id`, `version`, `schemaVersion`, `edition`, `siteName`, `siteUrl`, `timezone`, `on`, `maintenance`, `dateCreated`, `dateUpdated`, `uid`) VALUES
 ('1', '2.6.2988', '2.6.10', '2', 'Snapchat Craft', 'http://snapchat.craft.dev', 'America/Los_Angeles', '1', '0', '2017-07-20 17:27:57', '2017-07-31 18:49:58', 'fa51eaf6-9525-4d27-a16b-917e5f67ede4');



DROP TABLE IF EXISTS `craft_locales`;


--
-- Schema for table `craft_locales`
--
CREATE TABLE `craft_locales` (
  `locale` char(12) COLLATE utf8_unicode_ci NOT NULL,
  `sortOrder` smallint(6) unsigned DEFAULT NULL,
  `dateCreated` datetime NOT NULL,
  `dateUpdated` datetime NOT NULL,
  `uid` char(36) COLLATE utf8_unicode_ci NOT NULL DEFAULT '0',
  PRIMARY KEY (`locale`),
  KEY `craft_locales_sortOrder_idx` (`sortOrder`)
) ENGINE=InnoDB DEFAULT CHARSET=utf8 COLLATE=utf8_unicode_ci;

--
-- Data for table `craft_locales`
--

INSERT INTO `craft_locales` (`locale`, `sortOrder`, `dateCreated`, `dateUpdated`, `uid`) VALUES
 ('en_us', '1', '2017-07-20 17:27:57', '2017-07-20 17:27:57', '136db553-895a-4d57-93a3-5d0fef9a25fa');



DROP TABLE IF EXISTS `craft_matrixblocks`;


--
-- Schema for table `craft_matrixblocks`
--
CREATE TABLE `craft_matrixblocks` (
  `id` int(11) NOT NULL,
  `ownerId` int(11) NOT NULL,
  `fieldId` int(11) NOT NULL,
  `typeId` int(11) DEFAULT NULL,
  `sortOrder` smallint(6) unsigned DEFAULT NULL,
  `ownerLocale` char(12) COLLATE utf8_unicode_ci DEFAULT NULL,
  `dateCreated` datetime NOT NULL,
  `dateUpdated` datetime NOT NULL,
  `uid` char(36) COLLATE utf8_unicode_ci NOT NULL DEFAULT '0',
  PRIMARY KEY (`id`),
  KEY `craft_matrixblocks_ownerId_idx` (`ownerId`),
  KEY `craft_matrixblocks_fieldId_idx` (`fieldId`),
  KEY `craft_matrixblocks_typeId_idx` (`typeId`),
  KEY `craft_matrixblocks_sortOrder_idx` (`sortOrder`),
  KEY `craft_matrixblocks_ownerLocale_fk` (`ownerLocale`)
) ENGINE=InnoDB DEFAULT CHARSET=utf8 COLLATE=utf8_unicode_ci;

--
-- Data for table `craft_matrixblocks`
--

INSERT INTO `craft_matrixblocks` (`id`, `ownerId`, `fieldId`, `typeId`, `sortOrder`, `ownerLocale`, `dateCreated`, `dateUpdated`, `uid`) VALUES
 ('28', '26', '34', '3', '2', NULL, '2017-07-21 23:14:01', '2017-07-27 00:15:05', '923cebdf-a104-4991-a368-d70f7048caf3'),
 ('29', '26', '34', '3', '1', NULL, '2017-07-21 23:14:01', '2017-07-27 00:15:05', '52068a52-f242-455b-b710-2d78856dd51b'),
 ('31', '26', '36', '4', '1', NULL, '2017-07-21 23:14:01', '2017-07-27 00:15:05', '32561404-40ae-40b5-afed-ad30f39b1300'),
 ('140', '124', '24', '2', '1', NULL, '2017-07-26 23:08:57', '2017-08-03 19:02:45', 'd05cc701-504a-4989-9232-6835474cab84'),
 ('163', '162', '24', '2', '1', NULL, '2017-07-26 23:33:33', '2017-08-03 19:02:45', '77053482-2f6e-42ac-a2d5-ca6d8b93bd26'),
 ('191', '190', '58', '6', '1', NULL, '2017-08-01 22:35:00', '2017-08-03 17:11:59', '134b6ed7-b570-4c0c-9e75-429b65a92c31'),
 ('195', '194', '58', '6', '1', NULL, '2017-08-02 00:32:53', '2017-08-03 17:11:59', '16bb9c44-d8a3-4592-b1c2-ad6927310691'),
 ('206', '110', '58', '6', '1', NULL, '2017-08-03 18:46:17', '2017-08-03 19:02:44', 'a80a4c24-a105-447e-8215-7f35bf38370a'),
 ('207', '110', '58', '6', '2', NULL, '2017-08-03 18:50:27', '2017-08-03 19:02:44', '080ce05d-a57d-4da1-b488-408a5a4f58e4'),
 ('208', '110', '58', '6', '3', NULL, '2017-08-03 18:50:27', '2017-08-03 19:02:44', '8aa169d6-18e6-4942-b70c-bfe0601734cb'),
 ('210', '162', '74', '13', '1', NULL, '2017-08-03 18:50:27', '2017-08-03 19:02:44', 'f6e60aa8-dfa8-469b-b2b8-0eef6c9ac866'),
 ('211', '162', '74', '13', '2', NULL, '2017-08-03 18:50:27', '2017-08-03 19:02:45', '9c4dbd7f-9a76-49a4-a17e-3a325da29c6c'),
 ('212', '119', '71', '11', '1', NULL, '2017-08-03 19:02:45', '2017-08-03 19:02:45', '2f0124e8-977e-4b90-ac30-791b785da88f'),
 ('213', '119', '71', '12', '2', NULL, '2017-08-03 19:02:45', '2017-08-03 19:02:45', '91794776-eb38-42c7-b66a-c911a8504072'),
 ('214', '124', '58', '6', '1', NULL, '2017-08-03 19:02:45', '2017-08-03 19:02:45', '1c61bf23-fda0-42db-94e2-bb72eaac4c35'),
 ('215', '124', '58', '6', '2', NULL, '2017-08-03 19:02:45', '2017-08-03 19:02:45', 'ff050ea7-bbce-4aa6-b613-970867d506a0'),
 ('216', '124', '58', '6', '3', NULL, '2017-08-03 19:02:45', '2017-08-03 19:02:45', 'c65d2a44-ed93-4984-a05b-f45f36edc29a'),
 ('217', '132', '58', '6', '1', NULL, '2017-08-03 19:02:45', '2017-08-03 19:02:45', '2a927fc4-9ab6-415f-8301-59ba5f1ce7eb'),
 ('218', '132', '58', '6', '2', NULL, '2017-08-03 19:02:45', '2017-08-03 19:02:45', '3abef23a-c476-4d09-877f-d089230a4112'),
 ('219', '132', '58', '6', '3', NULL, '2017-08-03 19:02:45', '2017-08-03 19:02:45', 'a51ea6e1-e230-4469-9f92-13360935c9f2'),
 ('220', '132', '24', '2', '1', NULL, '2017-08-03 19:02:45', '2017-08-03 19:02:45', '9f32b9a3-291b-4240-8e83-bc8cfa8f2e16');



DROP TABLE IF EXISTS `craft_matrixblocktypes`;


--
-- Schema for table `craft_matrixblocktypes`
--
CREATE TABLE `craft_matrixblocktypes` (
  `id` int(11) NOT NULL AUTO_INCREMENT,
  `fieldId` int(11) NOT NULL,
  `fieldLayoutId` int(11) DEFAULT NULL,
  `name` varchar(255) COLLATE utf8_unicode_ci NOT NULL,
  `handle` varchar(255) COLLATE utf8_unicode_ci NOT NULL,
  `sortOrder` smallint(6) unsigned DEFAULT NULL,
  `dateCreated` datetime NOT NULL,
  `dateUpdated` datetime NOT NULL,
  `uid` char(36) COLLATE utf8_unicode_ci NOT NULL DEFAULT '0',
  PRIMARY KEY (`id`),
  UNIQUE KEY `craft_matrixblocktypes_name_fieldId_unq_idx` (`name`,`fieldId`),
  UNIQUE KEY `craft_matrixblocktypes_handle_fieldId_unq_idx` (`handle`,`fieldId`),
  KEY `craft_matrixblocktypes_fieldId_fk` (`fieldId`),
  KEY `craft_matrixblocktypes_fieldLayoutId_fk` (`fieldLayoutId`)
) ENGINE=InnoDB AUTO_INCREMENT=15 DEFAULT CHARSET=utf8 COLLATE=utf8_unicode_ci;

--
-- Data for table `craft_matrixblocktypes`
--

INSERT INTO `craft_matrixblocktypes` (`id`, `fieldId`, `fieldLayoutId`, `name`, `handle`, `sortOrder`, `dateCreated`, `dateUpdated`, `uid`) VALUES
 ('1', '10', '79', 'copy', 'copy', '1', '2017-07-20 20:18:09', '2017-07-20 20:18:09', 'd9024681-3fef-45a5-909d-9188e3267d1e'),
 ('2', '24', '1540', 'tooltip', 'tooltip', '1', '2017-07-21 21:26:05', '2017-08-03 18:02:31', 'ff10a70c-3d90-4dd3-b7af-df100be5c150'),
 ('3', '34', '1098', 'Nav Item', 'navItem', '1', '2017-07-21 23:09:34', '2017-07-27 00:07:55', 'a472d260-0711-41a1-b637-4b4eb1e268f8'),
 ('4', '36', '589', 'Nav Item', 'navItem', '1', '2017-07-21 23:10:13', '2017-07-21 23:12:56', 'd6681651-3e00-4d4b-b6f8-b5217f987ddc'),
 ('5', '55', '1168', 'Device', 'device', '1', '2017-08-01 17:05:51', '2017-08-01 17:05:51', '782834b1-153b-4dde-a94f-75f36df2f989'),
 ('6', '58', '1269', 'Device', 'device', '1', '2017-08-01 20:47:10', '2017-08-01 20:47:10', '03260055-f663-454e-9e8e-7023481dcceb'),
 ('10', '67', '1539', 'Image Card', 'imageCard', '1', '2017-08-03 17:57:36', '2017-08-03 18:00:38', '81e0b783-ec63-4a54-99e8-0293b4a443bb'),
 ('11', '71', '1563', 'Primary Button', 'primaryButton', '1', '2017-08-03 18:14:16', '2017-08-03 18:14:16', 'c7ab1968-0e66-4c61-9914-e73cc9c28548'),
 ('12', '71', '1564', 'Secondary Button', 'secondaryButton', '2', '2017-08-03 18:14:16', '2017-08-03 18:14:16', '2819a98e-d51d-4a14-b62e-9713bac9e68e'),
 ('13', '74', '1661', 'Tab', 'tab', '1', '2017-08-03 18:33:03', '2017-08-03 18:53:23', '24693de1-e4f9-4ba5-9f1b-22694a511b9c'),
 ('14', '78', '1636', 'Step', 'step', '1', '2017-08-03 18:36:28', '2017-08-03 18:36:28', '6a266812-30bd-46ca-9b88-1dd8dcfd2e49');



DROP TABLE IF EXISTS `craft_matrixcontent_cb_copylockup`;


--
-- Schema for table `craft_matrixcontent_cb_copylockup`
--
CREATE TABLE `craft_matrixcontent_cb_copylockup` (
  `id` int(11) NOT NULL AUTO_INCREMENT,
  `elementId` int(11) NOT NULL,
  `locale` char(12) COLLATE utf8_unicode_ci NOT NULL,
  `field_copy_headline` text COLLATE utf8_unicode_ci,
  `field_copy_paragraph` text COLLATE utf8_unicode_ci,
  `dateCreated` datetime NOT NULL,
  `dateUpdated` datetime NOT NULL,
  `uid` char(36) COLLATE utf8_unicode_ci NOT NULL DEFAULT '0',
  PRIMARY KEY (`id`),
  UNIQUE KEY `craft_matrixcontent_cb_copylockup_elementId_locale_unq_idx` (`elementId`,`locale`),
  KEY `craft_matrixcontent_cb_copylockup_locale_fk` (`locale`)
) ENGINE=InnoDB DEFAULT CHARSET=utf8 COLLATE=utf8_unicode_ci;

DROP TABLE IF EXISTS `craft_matrixcontent_chillahtooltip`;


--
-- Schema for table `craft_matrixcontent_chillahtooltip`
--
CREATE TABLE `craft_matrixcontent_chillahtooltip` (
  `id` int(11) NOT NULL AUTO_INCREMENT,
  `elementId` int(11) NOT NULL,
  `locale` char(12) COLLATE utf8_unicode_ci NOT NULL,
  `field_tooltip_tooltipText` text COLLATE utf8_unicode_ci,
  `field_tooltip_location` varchar(255) COLLATE utf8_unicode_ci DEFAULT 'topLeft',
  `dateCreated` datetime NOT NULL,
  `dateUpdated` datetime NOT NULL,
  `uid` char(36) COLLATE utf8_unicode_ci NOT NULL DEFAULT '0',
  PRIMARY KEY (`id`),
  UNIQUE KEY `craft_matrixcontent_chillahtooltip_elementId_locale_unq_idx` (`elementId`,`locale`),
  KEY `craft_matrixcontent_chillahtooltip_locale_idx` (`locale`)
) ENGINE=InnoDB AUTO_INCREMENT=4 DEFAULT CHARSET=utf8 COLLATE=utf8_unicode_ci;

--
-- Data for table `craft_matrixcontent_chillahtooltip`
--

INSERT INTO `craft_matrixcontent_chillahtooltip` (`id`, `elementId`, `locale`, `field_tooltip_tooltipText`, `field_tooltip_location`, `dateCreated`, `dateUpdated`, `uid`) VALUES
 ('1', '140', 'en_us', '<p>On average, more than a billion Snaps with Filters are viewed every day.<sup>1</sup></p>', 'topRight', '2017-07-26 23:08:57', '2017-08-03 19:02:45', 'b2ceb556-d5a2-430b-b068-716436ebd058'),
 ('2', '163', 'en_us', '<p>On average, over 10 billion videos are watched on Snapchat every day.<sup>1</sup></p>', 'topLeft', '2017-07-26 23:33:33', '2017-08-03 19:02:45', '1f102d6b-6197-4348-8e8d-06f38b2daaf8'),
 ('3', '220', 'en_us', '<p>The best lenses average more than 20 seconds of play time!<sup>1</sup></p>', 'topRight', '2017-08-03 19:02:45', '2017-08-03 19:02:45', '4ccdb544-6b3f-465f-9281-ae9fe5257776');



DROP TABLE IF EXISTS `craft_matrixcontent_ctabuttons`;


--
-- Schema for table `craft_matrixcontent_ctabuttons`
--
CREATE TABLE `craft_matrixcontent_ctabuttons` (
  `id` int(11) NOT NULL AUTO_INCREMENT,
  `elementId` int(11) NOT NULL,
  `locale` char(12) COLLATE utf8_unicode_ci NOT NULL,
  `field_primaryButton_button` text COLLATE utf8_unicode_ci,
  `field_secondaryButton_button` text COLLATE utf8_unicode_ci,
  `dateCreated` datetime NOT NULL,
  `dateUpdated` datetime NOT NULL,
  `uid` char(36) COLLATE utf8_unicode_ci NOT NULL DEFAULT '0',
  PRIMARY KEY (`id`),
  UNIQUE KEY `craft_matrixcontent_ctabuttons_elementId_locale_unq_idx` (`elementId`,`locale`),
  KEY `craft_matrixcontent_ctabuttons_locale_fk` (`locale`)
) ENGINE=InnoDB AUTO_INCREMENT=3 DEFAULT CHARSET=utf8 COLLATE=utf8_unicode_ci;

--
-- Data for table `craft_matrixcontent_ctabuttons`
--

INSERT INTO `craft_matrixcontent_ctabuttons` (`id`, `elementId`, `locale`, `field_primaryButton_button`, `field_secondaryButton_button`, `dateCreated`, `dateUpdated`, `uid`) VALUES
 ('1', '212', 'en_us', '{\"type\":\"custom\",\"custom\":\"https:\\/\\/geofilters.snapchat.com\",\"entry\":\"\",\"customText\":\"Create A Filter\",\"target\":\"_blank\"}', NULL, '2017-08-03 19:02:45', '2017-08-03 19:02:45', 'ebc95ab3-8cfb-4b00-88d6-098887cb6a13'),
 ('2', '213', 'en_us', NULL, '{\"type\":\"custom\",\"custom\":\"https:\\/\\/businesshelp.snapchat.com\\/en-US\\/article\\/create-geofilter\",\"entry\":\"\",\"customText\":\"View Guidelines\",\"target\":\"_blank\"}', '2017-08-03 19:02:45', '2017-08-03 19:02:45', '2b4927d3-023a-419f-95e7-ebfc91bf02be');



DROP TABLE IF EXISTS `craft_matrixcontent_devicetab`;


--
-- Schema for table `craft_matrixcontent_devicetab`
--
CREATE TABLE `craft_matrixcontent_devicetab` (
  `id` int(11) NOT NULL AUTO_INCREMENT,
  `elementId` int(11) NOT NULL,
  `locale` char(12) COLLATE utf8_unicode_ci NOT NULL,
  `field_tab_tabLabel` text COLLATE utf8_unicode_ci,
  `field_tab_description` text COLLATE utf8_unicode_ci,
  `dateCreated` datetime NOT NULL,
  `dateUpdated` datetime NOT NULL,
  `uid` char(36) COLLATE utf8_unicode_ci NOT NULL DEFAULT '0',
  PRIMARY KEY (`id`),
  UNIQUE KEY `craft_matrixcontent_devicetab_elementId_locale_unq_idx` (`elementId`,`locale`),
  KEY `craft_matrixcontent_devicetab_locale_fk` (`locale`)
) ENGINE=InnoDB AUTO_INCREMENT=3 DEFAULT CHARSET=utf8 COLLATE=utf8_unicode_ci;

--
-- Data for table `craft_matrixcontent_devicetab`
--

INSERT INTO `craft_matrixcontent_devicetab` (`id`, `elementId`, `locale`, `field_tab_tabLabel`, `field_tab_description`, `dateCreated`, `dateUpdated`, `uid`) VALUES
 ('1', '210', 'en_us', 'Snap ads', 'Snap Ads are full-screen, 100% viewable, and have audio on by default.', '2017-08-03 18:50:27', '2017-08-03 19:02:44', '682c560c-d401-46ce-98f1-19537b3c8e9f'),
 ('2', '211', 'en_us', '+ Web View', 'Drive traffic to your pre-loaded website. With our Auto-Fill feature, Snapchatters can send you their account email and more by just tapping.', '2017-08-03 18:50:27', '2017-08-03 19:02:44', '93a0977b-ac50-45ae-b0f7-19283267131e');



DROP TABLE IF EXISTS `craft_matrixcontent_imagecardrow`;


--
-- Schema for table `craft_matrixcontent_imagecardrow`
--
CREATE TABLE `craft_matrixcontent_imagecardrow` (
  `id` int(11) NOT NULL AUTO_INCREMENT,
  `elementId` int(11) NOT NULL,
  `locale` char(12) COLLATE utf8_unicode_ci NOT NULL,
  `field_imageCard_headline` text COLLATE utf8_unicode_ci,
  `field_imageCard_body` text COLLATE utf8_unicode_ci,
  `dateCreated` datetime NOT NULL,
  `dateUpdated` datetime NOT NULL,
  `uid` char(36) COLLATE utf8_unicode_ci NOT NULL DEFAULT '0',
  PRIMARY KEY (`id`),
  UNIQUE KEY `craft_matrixcontent_imagecardrow_elementId_locale_unq_idx` (`elementId`,`locale`),
  KEY `craft_matrixcontent_imagecardrow_locale_fk` (`locale`)
) ENGINE=InnoDB DEFAULT CHARSET=utf8 COLLATE=utf8_unicode_ci;

DROP TABLE IF EXISTS `craft_matrixcontent_mobiledevices`;


--
-- Schema for table `craft_matrixcontent_mobiledevices`
--
CREATE TABLE `craft_matrixcontent_mobiledevices` (
  `id` int(11) NOT NULL AUTO_INCREMENT,
  `elementId` int(11) NOT NULL,
  `locale` char(12) COLLATE utf8_unicode_ci NOT NULL,
  `field_device_headline` text COLLATE utf8_unicode_ci,
  `field_device_subhead` text COLLATE utf8_unicode_ci,
  `dateCreated` datetime NOT NULL,
  `dateUpdated` datetime NOT NULL,
  `uid` char(36) COLLATE utf8_unicode_ci NOT NULL DEFAULT '0',
  PRIMARY KEY (`id`),
  UNIQUE KEY `craft_matrixcontent_mobiledevices_elementId_locale_unq_idx` (`elementId`,`locale`),
  KEY `craft_matrixcontent_mobiledevices_locale_fk` (`locale`)
) ENGINE=InnoDB AUTO_INCREMENT=18 DEFAULT CHARSET=utf8 COLLATE=utf8_unicode_ci;

--
-- Data for table `craft_matrixcontent_mobiledevices`
--

INSERT INTO `craft_matrixcontent_mobiledevices` (`id`, `elementId`, `locale`, `field_device_headline`, `field_device_subhead`, `dateCreated`, `dateUpdated`, `uid`) VALUES
 ('5', '191', 'en_us', 'Headline john', 'subhead jogn', '2017-08-01 22:35:00', '2017-08-03 17:11:59', '3d4f5e30-bd9d-4b60-9768-0ad402827125'),
 ('7', '195', 'en_us', 'test1', 'test1', '2017-08-02 00:32:52', '2017-08-03 17:11:59', 'e97ebff3-6edb-4d85-8402-77db2f700dfd'),
 ('9', '206', 'en_us', 'Snap Ads', 'Captivate your audience with full-screen Snap Ads.', '2017-08-03 18:46:17', '2017-08-03 19:02:44', '51b7444e-c78b-446e-8da4-34bebbe3eff8'),
 ('10', '207', 'en_us', 'Filters', 'Own a place or event with location-based Filters.', '2017-08-03 18:50:27', '2017-08-03 19:02:44', '25bc1107-e2d2-43b9-9868-5d37a31c43e6'),
 ('11', '208', 'en_us', 'Lenses', 'Invite customers to play and share with Lenses.', '2017-08-03 18:50:27', '2017-08-03 19:02:44', '8ea433a4-d707-4c08-8d68-69a01ea5dba1'),
 ('12', '214', 'en_us', '', '', '2017-08-03 19:02:45', '2017-08-03 19:02:45', '65a44a8a-5752-4a62-8bff-0fb123c63ef9'),
 ('13', '215', 'en_us', '', '', '2017-08-03 19:02:45', '2017-08-03 19:02:45', '82988cbc-5c2b-42be-a24d-26dde265824e'),
 ('14', '216', 'en_us', '', '', '2017-08-03 19:02:45', '2017-08-03 19:02:45', '7a56102c-5f6d-4be9-b2b1-bd0007ff69b3'),
 ('15', '217', 'en_us', '', '', '2017-08-03 19:02:45', '2017-08-03 19:02:45', 'fc208643-ec52-4829-8f16-43efc2b4c1a5'),
 ('16', '218', 'en_us', '', '', '2017-08-03 19:02:45', '2017-08-03 19:02:45', '6cb68dbf-6a75-4ae1-9260-6bf84c6c4cbd'),
 ('17', '219', 'en_us', '', '', '2017-08-03 19:02:45', '2017-08-03 19:02:45', '11c8ef04-1092-44c5-9933-065e21dd512d');



DROP TABLE IF EXISTS `craft_matrixcontent_primarynavigation`;


--
-- Schema for table `craft_matrixcontent_primarynavigation`
--
CREATE TABLE `craft_matrixcontent_primarynavigation` (
  `id` int(11) NOT NULL AUTO_INCREMENT,
  `elementId` int(11) NOT NULL,
  `locale` char(12) COLLATE utf8_unicode_ci NOT NULL,
  `field_navItem_linkInfo` text COLLATE utf8_unicode_ci,
  `dateCreated` datetime NOT NULL,
  `dateUpdated` datetime NOT NULL,
  `uid` char(36) COLLATE utf8_unicode_ci NOT NULL DEFAULT '0',
  PRIMARY KEY (`id`),
  UNIQUE KEY `craft_matrixcontent_primarynavigation_elementId_locale_unq_idx` (`elementId`,`locale`),
  KEY `craft_matrixcontent_primarynavigation_locale_fk` (`locale`)
) ENGINE=InnoDB AUTO_INCREMENT=4 DEFAULT CHARSET=utf8 COLLATE=utf8_unicode_ci;

--
-- Data for table `craft_matrixcontent_primarynavigation`
--

INSERT INTO `craft_matrixcontent_primarynavigation` (`id`, `elementId`, `locale`, `field_navItem_linkInfo`, `dateCreated`, `dateUpdated`, `uid`) VALUES
 ('2', '28', 'en_us', '{\"type\":\"entry\",\"custom\":\"\",\"entry\":[\"4\"],\"customText\":\"\",\"target\":\"\"}', '2017-07-21 23:14:01', '2017-07-27 00:15:05', '9a10c818-6bb7-4a1d-86c2-0f64d602c1f8'),
 ('3', '29', 'en_us', '{\"type\":\"entry\",\"custom\":\"\",\"entry\":[\"98\"],\"customText\":\"Solutions\",\"target\":\"\"}', '2017-07-21 23:14:01', '2017-07-27 00:15:05', 'ae50721d-f44d-4c2b-a564-7226786a077c');



DROP TABLE IF EXISTS `craft_matrixcontent_secondarynavigation`;


--
-- Schema for table `craft_matrixcontent_secondarynavigation`
--
CREATE TABLE `craft_matrixcontent_secondarynavigation` (
  `id` int(11) NOT NULL AUTO_INCREMENT,
  `elementId` int(11) NOT NULL,
  `locale` char(12) COLLATE utf8_unicode_ci NOT NULL,
  `field_navItem_linkInfo` text COLLATE utf8_unicode_ci,
  `dateCreated` datetime NOT NULL,
  `dateUpdated` datetime NOT NULL,
  `uid` char(36) COLLATE utf8_unicode_ci NOT NULL DEFAULT '0',
  PRIMARY KEY (`id`),
  UNIQUE KEY `craft_matrixcontent_secondarynavigation_elementId_locale_unq_idx` (`elementId`,`locale`),
  KEY `craft_matrixcontent_secondarynavigation_locale_fk` (`locale`)
) ENGINE=InnoDB AUTO_INCREMENT=2 DEFAULT CHARSET=utf8 COLLATE=utf8_unicode_ci;

--
-- Data for table `craft_matrixcontent_secondarynavigation`
--

INSERT INTO `craft_matrixcontent_secondarynavigation` (`id`, `elementId`, `locale`, `field_navItem_linkInfo`, `dateCreated`, `dateUpdated`, `uid`) VALUES
 ('1', '31', 'en_us', '{\"type\":\"custom\",\"custom\":\"https:\\/\\/businesshelp.snapchat.com\\/en-US\",\"entry\":\"\",\"customText\":\"Support\",\"target\":\"_blank\"}', '2017-07-21 23:14:01', '2017-07-27 00:15:05', '21778845-ebd1-47bd-80fc-fc2a60aeb265');



DROP TABLE IF EXISTS `craft_matrixcontent_videostep`;


--
-- Schema for table `craft_matrixcontent_videostep`
--
CREATE TABLE `craft_matrixcontent_videostep` (
  `id` int(11) NOT NULL AUTO_INCREMENT,
  `elementId` int(11) NOT NULL,
  `locale` char(12) COLLATE utf8_unicode_ci NOT NULL,
  `field_step_timeCode` decimal(11,1) unsigned DEFAULT '0.0',
  `field_step_descriptionLabel` text COLLATE utf8_unicode_ci,
  `dateCreated` datetime NOT NULL,
  `dateUpdated` datetime NOT NULL,
  `uid` char(36) COLLATE utf8_unicode_ci NOT NULL DEFAULT '0',
  PRIMARY KEY (`id`),
  UNIQUE KEY `craft_matrixcontent_videostep_elementId_locale_unq_idx` (`elementId`,`locale`),
  KEY `craft_matrixcontent_videostep_locale_fk` (`locale`)
) ENGINE=InnoDB DEFAULT CHARSET=utf8 COLLATE=utf8_unicode_ci;

DROP TABLE IF EXISTS `craft_migrations`;


--
-- Schema for table `craft_migrations`
--
CREATE TABLE `craft_migrations` (
  `id` int(11) NOT NULL AUTO_INCREMENT,
  `pluginId` int(11) DEFAULT NULL,
  `version` varchar(255) COLLATE utf8_unicode_ci NOT NULL,
  `applyTime` datetime NOT NULL,
  `dateCreated` datetime NOT NULL,
  `dateUpdated` datetime NOT NULL,
  `uid` char(36) COLLATE utf8_unicode_ci NOT NULL DEFAULT '0',
  PRIMARY KEY (`id`),
  UNIQUE KEY `craft_migrations_version_unq_idx` (`version`),
  KEY `craft_migrations_pluginId_fk` (`pluginId`)
) ENGINE=InnoDB AUTO_INCREMENT=45 DEFAULT CHARSET=utf8 COLLATE=utf8_unicode_ci;

--
-- Data for table `craft_migrations`
--

INSERT INTO `craft_migrations` (`id`, `pluginId`, `version`, `applyTime`, `dateCreated`, `dateUpdated`, `uid`) VALUES
 ('1', NULL, 'm000000_000000_base', '2017-07-20 17:27:57', '2017-07-20 17:27:57', '2017-07-20 17:27:57', 'efe2d07e-f3c1-4fde-91dc-23427e2c85d7'),
 ('2', NULL, 'm140730_000001_add_filename_and_format_to_transformindex', '2017-07-20 17:27:57', '2017-07-20 17:27:57', '2017-07-20 17:27:57', '345547ee-c45a-495d-a3c8-3ffa9efc5177'),
 ('3', NULL, 'm140815_000001_add_format_to_transforms', '2017-07-20 17:27:57', '2017-07-20 17:27:57', '2017-07-20 17:27:57', '16ce6a9f-c104-4798-8b14-e4262cd278f4'),
 ('4', NULL, 'm140822_000001_allow_more_than_128_items_per_field', '2017-07-20 17:27:57', '2017-07-20 17:27:57', '2017-07-20 17:27:57', 'eb88a8e9-67bb-435c-bf6d-ea96fba0990e'),
 ('5', NULL, 'm140829_000001_single_title_formats', '2017-07-20 17:27:57', '2017-07-20 17:27:57', '2017-07-20 17:27:57', '137b4cc7-40ac-4b6b-8a5b-aa61f6293e5c'),
 ('6', NULL, 'm140831_000001_extended_cache_keys', '2017-07-20 17:27:57', '2017-07-20 17:27:57', '2017-07-20 17:27:57', 'e17e659f-185f-4b0d-a5ac-1edca0ceee94'),
 ('7', NULL, 'm140922_000001_delete_orphaned_matrix_blocks', '2017-07-20 17:27:57', '2017-07-20 17:27:57', '2017-07-20 17:27:57', '10847926-412e-4149-96a7-620eae4bfcae'),
 ('8', NULL, 'm141008_000001_elements_index_tune', '2017-07-20 17:27:57', '2017-07-20 17:27:57', '2017-07-20 17:27:57', 'e80676ce-3a77-4185-808c-645a32273ab6'),
 ('9', NULL, 'm141009_000001_assets_source_handle', '2017-07-20 17:27:57', '2017-07-20 17:27:57', '2017-07-20 17:27:57', 'caa41901-1469-49b0-890b-f06f3f78204e'),
 ('10', NULL, 'm141024_000001_field_layout_tabs', '2017-07-20 17:27:57', '2017-07-20 17:27:57', '2017-07-20 17:27:57', '948e4331-6a60-47ed-ae26-a333d9258f97'),
 ('11', NULL, 'm141030_000000_plugin_schema_versions', '2017-07-20 17:27:57', '2017-07-20 17:27:57', '2017-07-20 17:27:57', '46b49a3f-ed05-4aa2-8a4e-025ec3bfb274'),
 ('12', NULL, 'm141030_000001_drop_structure_move_permission', '2017-07-20 17:27:57', '2017-07-20 17:27:57', '2017-07-20 17:27:57', '4c35154b-80ce-4985-a215-aff84268c6df'),
 ('13', NULL, 'm141103_000001_tag_titles', '2017-07-20 17:27:57', '2017-07-20 17:27:57', '2017-07-20 17:27:57', 'e4a8ad51-c356-430f-bbad-5c3498a5eaf7'),
 ('14', NULL, 'm141109_000001_user_status_shuffle', '2017-07-20 17:27:57', '2017-07-20 17:27:57', '2017-07-20 17:27:57', '9e5a07ea-6b45-4c5c-902e-e949ddcc2996'),
 ('15', NULL, 'm141126_000001_user_week_start_day', '2017-07-20 17:27:57', '2017-07-20 17:27:57', '2017-07-20 17:27:57', '6c3adfa2-1a6f-4a27-910e-bcf82dad17cc'),
 ('16', NULL, 'm150210_000001_adjust_user_photo_size', '2017-07-20 17:27:57', '2017-07-20 17:27:57', '2017-07-20 17:27:57', '2e4ce147-9d77-46f1-a937-20736ca47f1f'),
 ('17', NULL, 'm150724_000001_adjust_quality_settings', '2017-07-20 17:27:57', '2017-07-20 17:27:57', '2017-07-20 17:27:57', '41901dad-f62d-4e3f-bdc6-6867989386a8'),
 ('18', NULL, 'm150827_000000_element_index_settings', '2017-07-20 17:27:57', '2017-07-20 17:27:57', '2017-07-20 17:27:57', '5cb3cdc0-d1be-428d-a4db-7503547bc526'),
 ('19', NULL, 'm150918_000001_add_colspan_to_widgets', '2017-07-20 17:27:57', '2017-07-20 17:27:57', '2017-07-20 17:27:57', 'b93d37a0-ca8a-4133-9b03-017c780c6cf2'),
 ('20', NULL, 'm151007_000000_clear_asset_caches', '2017-07-20 17:27:57', '2017-07-20 17:27:57', '2017-07-20 17:27:57', 'e8553fbc-d628-41de-b450-23988562f4b8'),
 ('21', NULL, 'm151109_000000_text_url_formats', '2017-07-20 17:27:57', '2017-07-20 17:27:57', '2017-07-20 17:27:57', 'fafa5a1e-bc9a-4226-8a9a-d1b3b8977697'),
 ('22', NULL, 'm151110_000000_move_logo', '2017-07-20 17:27:57', '2017-07-20 17:27:57', '2017-07-20 17:27:57', '3c182eff-23db-4c2d-9444-a97e1d99a1ef'),
 ('23', NULL, 'm151117_000000_adjust_image_widthheight', '2017-07-20 17:27:57', '2017-07-20 17:27:57', '2017-07-20 17:27:57', 'e9b38d15-059b-4ebe-bdd9-af994e2b6e77'),
 ('24', NULL, 'm151127_000000_clear_license_key_status', '2017-07-20 17:27:57', '2017-07-20 17:27:57', '2017-07-20 17:27:57', '138eb436-06b6-4b9e-8601-faf1416390f5'),
 ('25', NULL, 'm151127_000000_plugin_license_keys', '2017-07-20 17:27:57', '2017-07-20 17:27:57', '2017-07-20 17:27:57', '4c894a6d-f5f7-48be-a392-024444eb51c3'),
 ('26', NULL, 'm151130_000000_update_pt_widget_feeds', '2017-07-20 17:27:57', '2017-07-20 17:27:57', '2017-07-20 17:27:57', '1a5713c1-89ca-456e-a43c-6545391191e6'),
 ('27', NULL, 'm160114_000000_asset_sources_public_url_default_true', '2017-07-20 17:27:57', '2017-07-20 17:27:57', '2017-07-20 17:27:57', '9bd28ef8-1b47-4c22-8f05-e09820bb8c56'),
 ('28', NULL, 'm160223_000000_sortorder_to_smallint', '2017-07-20 17:27:57', '2017-07-20 17:27:57', '2017-07-20 17:27:57', '2774aa51-03f4-4ccb-92d7-f9701f8d4045'),
 ('29', NULL, 'm160229_000000_set_default_entry_statuses', '2017-07-20 17:27:57', '2017-07-20 17:27:57', '2017-07-20 17:27:57', '892e5cd0-2a13-49f3-863d-a153a1e73952'),
 ('30', NULL, 'm160304_000000_client_permissions', '2017-07-20 17:27:57', '2017-07-20 17:27:57', '2017-07-20 17:27:57', '8a517f9e-9465-428a-9493-2f0f80ed110c'),
 ('31', NULL, 'm160322_000000_asset_filesize', '2017-07-20 17:27:57', '2017-07-20 17:27:57', '2017-07-20 17:27:57', '1b714e6a-085d-4228-a357-871cc99fbf61'),
 ('32', NULL, 'm160503_000000_orphaned_fieldlayouts', '2017-07-20 17:27:57', '2017-07-20 17:27:57', '2017-07-20 17:27:57', '5a3c33d5-fed0-42c7-80a5-f0552a6b04c0'),
 ('33', NULL, 'm160510_000000_tasksettings', '2017-07-20 17:27:57', '2017-07-20 17:27:57', '2017-07-20 17:27:57', '4efebc0a-45aa-4cdb-90d5-128da73708a5'),
 ('34', NULL, 'm160829_000000_pending_user_content_cleanup', '2017-07-20 17:27:57', '2017-07-20 17:27:57', '2017-07-20 17:27:57', 'b78a8313-53e3-4f17-aed4-ed3ac1800d13'),
 ('35', NULL, 'm160830_000000_asset_index_uri_increase', '2017-07-20 17:27:57', '2017-07-20 17:27:57', '2017-07-20 17:27:57', '3056d019-2ff2-4217-a4f1-56bcdac48a82'),
 ('36', NULL, 'm160919_000000_usergroup_handle_title_unique', '2017-07-20 17:27:57', '2017-07-20 17:27:57', '2017-07-20 17:27:57', '288fd53a-8412-4bd4-ba3e-b4ad34e14011'),
 ('37', NULL, 'm161108_000000_new_version_format', '2017-07-20 17:27:57', '2017-07-20 17:27:57', '2017-07-20 17:27:57', '23c9ed46-7c8c-4793-93f9-f1c7fdfcb465'),
 ('38', NULL, 'm161109_000000_index_shuffle', '2017-07-20 17:27:57', '2017-07-20 17:27:57', '2017-07-20 17:27:57', '8b4219a1-cc1f-4173-b873-063bc7df55ff'),
 ('39', NULL, 'm170612_000000_route_index_shuffle', '2017-07-20 17:27:57', '2017-07-20 17:27:57', '2017-07-20 17:27:57', '1bcf337b-c17d-4fc2-8f0f-6c4cc4949cc2'),
 ('40', '1', 'm160428_202308_Neo_UpdateBlockLevels', '2017-07-20 17:32:06', '2017-07-20 17:32:06', '2017-07-20 17:32:06', 'bd6e1460-52fb-4e8f-965c-0fb22c29ce0b'),
 ('41', '1', 'm160515_005002_Neo_UpdateBlockStructure', '2017-07-20 17:32:06', '2017-07-20 17:32:06', '2017-07-20 17:32:06', 'c7df5320-0e77-4eba-8ded-bfd92a96af8a'),
 ('42', '1', 'm160605_191540_Neo_UpdateBlockStructureLocales', '2017-07-20 17:32:06', '2017-07-20 17:32:06', '2017-07-20 17:32:06', '39377eef-c60a-41c0-9b08-b2022cd95262'),
 ('43', '1', 'm161029_230849_Neo_AddMaxChildBlocksSetting', '2017-07-20 17:32:06', '2017-07-20 17:32:06', '2017-07-20 17:32:06', '431657ce-9d11-47e3-8c54-482aa21fe6ed'),
 ('44', '2', 'm160208_010101_FruitLinkIt_UpdateExistingLinkItFields', '2017-07-20 17:36:24', '2017-07-20 17:36:24', '2017-07-20 17:36:24', '83607e0a-ee60-4352-897e-043bc73930ec');



DROP TABLE IF EXISTS `craft_neoblocks`;


--
-- Schema for table `craft_neoblocks`
--
CREATE TABLE `craft_neoblocks` (
  `id` int(11) NOT NULL,
  `ownerId` int(11) NOT NULL,
  `fieldId` int(11) NOT NULL,
  `typeId` int(11) DEFAULT NULL,
  `collapsed` tinyint(1) unsigned NOT NULL DEFAULT '0',
  `ownerLocale` char(12) COLLATE utf8_unicode_ci DEFAULT NULL,
  `dateCreated` datetime NOT NULL,
  `dateUpdated` datetime NOT NULL,
  `uid` char(36) COLLATE utf8_unicode_ci NOT NULL DEFAULT '0',
  PRIMARY KEY (`id`),
  KEY `craft_neoblocks_ownerId_idx` (`ownerId`),
  KEY `craft_neoblocks_fieldId_idx` (`fieldId`),
  KEY `craft_neoblocks_typeId_idx` (`typeId`),
  KEY `craft_neoblocks_collapsed_idx` (`collapsed`),
  KEY `craft_neoblocks_ownerLocale_fk` (`ownerLocale`)
) ENGINE=InnoDB DEFAULT CHARSET=utf8 COLLATE=utf8_unicode_ci;

--
-- Data for table `craft_neoblocks`
--

INSERT INTO `craft_neoblocks` (`id`, `ownerId`, `fieldId`, `typeId`, `collapsed`, `ownerLocale`, `dateCreated`, `dateUpdated`, `uid`) VALUES
 ('107', '98', '3', '15', '0', NULL, '2017-07-26 23:03:48', '2017-08-03 19:02:44', '64613ea5-6d78-4daf-9e5b-d085219c5a2d'),
 ('108', '98', '3', '16', '0', NULL, '2017-07-26 23:03:48', '2017-08-03 19:02:44', '2eb81aa8-539f-4814-9495-ae64ced9975d'),
 ('110', '98', '3', '20', '0', NULL, '2017-07-26 23:03:48', '2017-08-03 19:02:44', 'd5ad295d-a480-4fc0-83f6-e626134fdcb5'),
 ('118', '98', '3', '15', '0', NULL, '2017-07-26 23:03:48', '2017-08-03 19:02:45', 'c8adfa79-f940-488f-88a9-b5c1e956cd08'),
 ('119', '98', '3', '16', '0', NULL, '2017-07-26 23:03:48', '2017-08-03 19:02:45', 'cb610f61-a0b7-4583-a150-b8ba9c8c0eee'),
 ('124', '98', '3', '20', '0', NULL, '2017-07-26 23:03:48', '2017-08-03 19:02:45', '7e6caf60-40e8-4bcc-ab31-332efda1a66a'),
 ('128', '98', '3', '15', '0', NULL, '2017-07-26 23:03:48', '2017-08-03 19:02:45', '455e81ea-5e88-4cfd-a17e-8664ce0b49c2'),
 ('129', '98', '3', '16', '0', NULL, '2017-07-26 23:03:48', '2017-08-03 19:02:45', '8f112cca-9d42-4b9c-a727-91c6986df35c'),
 ('132', '98', '3', '20', '0', NULL, '2017-07-26 23:03:48', '2017-08-03 19:02:45', 'be32215a-acdd-421f-a471-9002c71fd6da'),
 ('136', '98', '3', '15', '0', NULL, '2017-07-26 23:03:49', '2017-08-03 19:02:45', '43191ff0-4ff3-4372-9734-7202091dba8d'),
 ('137', '98', '3', '16', '0', NULL, '2017-07-26 23:03:49', '2017-08-03 19:02:45', '3af39da9-495c-4fee-bfea-9146e6ae56f7'),
 ('144', '98', '3', '15', '0', NULL, '2017-07-26 23:22:13', '2017-08-03 19:02:44', 'd57c99bc-c668-4195-ac6b-6be305226e06'),
 ('162', '98', '3', '26', '0', NULL, '2017-07-26 23:33:33', '2017-08-03 19:02:45', 'cb727fbd-3759-48be-ac58-50e62fb83dee'),
 ('209', '98', '3', '16', '0', NULL, '2017-08-03 18:50:27', '2017-08-03 19:02:44', '8f32c2fe-e9b4-4814-a589-18315e2b4072'),
 ('221', '98', '3', '19', '0', NULL, '2017-08-03 19:02:45', '2017-08-03 19:02:45', '4888cfeb-ae43-4742-a19a-1d53b75e45a8');



DROP TABLE IF EXISTS `craft_neoblockstructures`;


--
-- Schema for table `craft_neoblockstructures`
--
CREATE TABLE `craft_neoblockstructures` (
  `id` int(11) NOT NULL AUTO_INCREMENT,
  `structureId` int(11) NOT NULL,
  `ownerId` int(11) NOT NULL,
  `fieldId` int(11) NOT NULL,
  `ownerLocale` char(12) COLLATE utf8_unicode_ci DEFAULT NULL,
  `dateCreated` datetime NOT NULL,
  `dateUpdated` datetime NOT NULL,
  `uid` char(36) COLLATE utf8_unicode_ci NOT NULL DEFAULT '0',
  PRIMARY KEY (`id`),
  KEY `craft_neoblockstructures_structureId_idx` (`structureId`),
  KEY `craft_neoblockstructures_ownerId_idx` (`ownerId`),
  KEY `craft_neoblockstructures_fieldId_idx` (`fieldId`),
  KEY `craft_neoblockstructures_ownerLocale_fk` (`ownerLocale`)
) ENGINE=InnoDB AUTO_INCREMENT=62 DEFAULT CHARSET=utf8 COLLATE=utf8_unicode_ci;

--
-- Data for table `craft_neoblockstructures`
--

INSERT INTO `craft_neoblockstructures` (`id`, `structureId`, `ownerId`, `fieldId`, `ownerLocale`, `dateCreated`, `dateUpdated`, `uid`) VALUES
 ('61', '63', '98', '3', NULL, '2017-08-03 19:02:44', '2017-08-03 19:02:44', '5c3a3511-d917-4f77-a652-649ded899a5b');



DROP TABLE IF EXISTS `craft_neoblocktypes`;


--
-- Schema for table `craft_neoblocktypes`
--
CREATE TABLE `craft_neoblocktypes` (
  `id` int(11) NOT NULL AUTO_INCREMENT,
  `fieldId` int(11) NOT NULL,
  `fieldLayoutId` int(11) DEFAULT NULL,
  `name` varchar(255) COLLATE utf8_unicode_ci NOT NULL,
  `handle` varchar(255) COLLATE utf8_unicode_ci NOT NULL,
  `maxBlocks` int(10) DEFAULT '0',
  `maxChildBlocks` int(10) DEFAULT '0',
  `childBlocks` text COLLATE utf8_unicode_ci,
  `topLevel` tinyint(1) unsigned NOT NULL DEFAULT '1',
  `sortOrder` smallint(6) unsigned DEFAULT NULL,
  `dateCreated` datetime NOT NULL,
  `dateUpdated` datetime NOT NULL,
  `uid` char(36) COLLATE utf8_unicode_ci NOT NULL DEFAULT '0',
  PRIMARY KEY (`id`),
  UNIQUE KEY `craft_neoblocktypes_name_fieldId_unq_idx` (`name`,`fieldId`),
  UNIQUE KEY `craft_neoblocktypes_handle_fieldId_unq_idx` (`handle`,`fieldId`),
  KEY `craft_neoblocktypes_fieldId_fk` (`fieldId`),
  KEY `craft_neoblocktypes_fieldLayoutId_fk` (`fieldLayoutId`)
) ENGINE=InnoDB AUTO_INCREMENT=31 DEFAULT CHARSET=utf8 COLLATE=utf8_unicode_ci;

--
-- Data for table `craft_neoblocktypes`
--

INSERT INTO `craft_neoblocktypes` (`id`, `fieldId`, `fieldLayoutId`, `name`, `handle`, `maxBlocks`, `maxChildBlocks`, `childBlocks`, `topLevel`, `sortOrder`, `dateCreated`, `dateUpdated`, `uid`) VALUES
 ('1', '3', '1650', 'Image Card Grid', 'imageCardGrid', NULL, NULL, '', '0', '4', '2017-07-20 18:17:35', '2017-08-03 18:38:14', '7b7a7615-e616-4597-96d6-c79f7b806ae0'),
 ('3', '3', '1655', 'Image Beside Text', 'imageBesideText', NULL, '2', '', '0', '10', '2017-07-20 18:47:31', '2017-08-03 18:38:14', '7ce0bed2-0dbe-4ce4-9f47-41841c7cd592'),
 ('15', '3', '1649', 'New Section', 'newSection', NULL, NULL, '[\"imageCardGrid\",\"logoGrid\",\"mobileDeviceGrid\",\"centeredTextLockup\",\"centeredImage\",\"imageBesideText\",\"chillahTooltip\",\"centeredVideo\",\"deviceTabs\",\"progressiveVideo\"]', '1', '2', '2017-07-21 20:42:23', '2017-08-03 18:38:14', '79ad8aad-b1ae-4bb5-a7b3-640af9a0692f'),
 ('16', '3', '1653', 'Centered Text Lockup', 'centeredTextLockup', NULL, NULL, '', '0', '8', '2017-07-21 20:50:02', '2017-08-03 18:38:14', '74b48f3c-956b-4ce3-890d-554014c11858'),
 ('17', '3', '1654', 'Centered Image', 'centeredImage', NULL, NULL, '', '0', '9', '2017-07-21 20:50:02', '2017-08-03 18:38:14', '7b09f799-dc5b-4daa-99fc-f249b93e9484'),
 ('18', '3', '1656', 'Chillah Tooltip', 'chillahTooltip', NULL, NULL, '', '0', '11', '2017-07-21 21:50:46', '2017-08-03 18:38:14', '41647005-dd23-44df-aed5-2b39c3e3856a'),
 ('19', '3', '1657', 'Centered Video', 'centeredVideo', NULL, NULL, '', '0', '13', '2017-07-21 22:07:54', '2017-08-03 18:38:14', 'c9becd96-b1a7-46ce-b33e-a183c9416dc8'),
 ('20', '3', '1652', 'Mobile Device Grid', 'mobileDeviceGrid', NULL, '3', '', '0', '6', '2017-07-21 22:39:53', '2017-08-03 18:38:14', '0031a068-c0c5-4fc4-a205-d231407baee8'),
 ('24', '3', '1651', 'Logo Grid', 'logoGrid', NULL, NULL, '', '0', '5', '2017-07-26 21:47:04', '2017-08-03 18:38:14', 'e040563a-4d2a-4f64-a724-18a9c6c5830b'),
 ('26', '3', '1658', 'Device Tabs', 'deviceTabs', NULL, '4', '', '0', '14', '2017-07-26 23:17:32', '2017-08-03 18:38:14', '350e8255-057a-4f5a-a308-f0a5df31c5a9'),
 ('29', '3', '1659', 'Progressive Video', 'progressiveVideo', NULL, '5', '', '0', '15', '2017-07-27 16:42:28', '2017-08-03 18:38:14', '1c66066d-09d6-4752-9524-3f7a8003ad7f');



DROP TABLE IF EXISTS `craft_neogroups`;


--
-- Schema for table `craft_neogroups`
--
CREATE TABLE `craft_neogroups` (
  `id` int(11) NOT NULL AUTO_INCREMENT,
  `fieldId` int(11) NOT NULL,
  `name` varchar(255) COLLATE utf8_unicode_ci DEFAULT NULL,
  `sortOrder` smallint(6) unsigned DEFAULT NULL,
  `dateCreated` datetime NOT NULL,
  `dateUpdated` datetime NOT NULL,
  `uid` char(36) COLLATE utf8_unicode_ci NOT NULL DEFAULT '0',
  PRIMARY KEY (`id`),
  KEY `craft_neogroups_fieldId_fk` (`fieldId`)
) ENGINE=InnoDB AUTO_INCREMENT=485 DEFAULT CHARSET=utf8 COLLATE=utf8_unicode_ci;

--
-- Data for table `craft_neogroups`
--

INSERT INTO `craft_neogroups` (`id`, `fieldId`, `name`, `sortOrder`, `dateCreated`, `dateUpdated`, `uid`) VALUES
 ('481', '3', 'Section', '1', '2017-08-03 18:38:14', '2017-08-03 18:38:14', 'be750b3b-d2ad-4e99-b506-5d3738792099'),
 ('482', '3', 'Element Grids', '3', '2017-08-03 18:38:14', '2017-08-03 18:38:14', 'eb92ebbe-d731-49da-9fb2-e58e50da207b'),
 ('483', '3', 'Text &  Images', '7', '2017-08-03 18:38:14', '2017-08-03 18:38:14', '474ecc7b-cf92-4007-8f1b-20e467e13f15'),
 ('484', '3', 'Interactive', '12', '2017-08-03 18:38:14', '2017-08-03 18:38:14', 'ba5d616c-f863-4949-a3d4-4e550abd7f9d');



DROP TABLE IF EXISTS `craft_plugins`;


--
-- Schema for table `craft_plugins`
--
CREATE TABLE `craft_plugins` (
  `id` int(11) NOT NULL AUTO_INCREMENT,
  `class` varchar(150) COLLATE utf8_unicode_ci NOT NULL,
  `version` varchar(15) COLLATE utf8_unicode_ci NOT NULL,
  `schemaVersion` varchar(15) COLLATE utf8_unicode_ci DEFAULT NULL,
  `licenseKey` char(24) COLLATE utf8_unicode_ci DEFAULT NULL,
  `licenseKeyStatus` enum('valid','invalid','mismatched','unknown') COLLATE utf8_unicode_ci NOT NULL DEFAULT 'unknown',
  `enabled` tinyint(1) unsigned NOT NULL DEFAULT '0',
  `settings` text COLLATE utf8_unicode_ci,
  `installDate` datetime NOT NULL,
  `dateCreated` datetime NOT NULL,
  `dateUpdated` datetime NOT NULL,
  `uid` char(36) COLLATE utf8_unicode_ci NOT NULL DEFAULT '0',
  PRIMARY KEY (`id`)
) ENGINE=InnoDB AUTO_INCREMENT=7 DEFAULT CHARSET=utf8 COLLATE=utf8_unicode_ci;

--
-- Data for table `craft_plugins`
--

INSERT INTO `craft_plugins` (`id`, `class`, `version`, `schemaVersion`, `licenseKey`, `licenseKeyStatus`, `enabled`, `settings`, `installDate`, `dateCreated`, `dateUpdated`, `uid`) VALUES
 ('1', 'Neo', '1.4.1', '1.4.1', NULL, 'unknown', '1', NULL, '2017-07-20 17:32:06', '2017-07-20 17:32:06', '2017-08-02 20:58:48', 'f62939cb-94c4-4a82-b8fc-b9cfd5785e9a'),
 ('2', 'FruitLinkIt', '2.3.4', '2.3.0', NULL, 'unknown', '1', NULL, '2017-07-20 17:36:24', '2017-07-20 17:36:24', '2017-08-02 20:58:48', 'f89571c1-b4a7-4b72-af95-ecadce627765'),
 ('3', 'ButtonBox', '1.3.2', NULL, NULL, 'unknown', '1', NULL, '2017-07-20 21:14:51', '2017-07-20 21:14:51', '2017-08-02 20:58:48', 'b57c5bbd-32fd-428d-ad00-720ffd4bff96'),
 ('4', 'redactorExtras', '1.3.2', NULL, NULL, 'unknown', '1', '{\"scriptButtons\":\"1\",\"counter\":\"\",\"alignment\":\"\",\"properties\":\"\",\"definedlinks\":\"\",\"limiter\":\"1\",\"extraPluginJs\":\"\",\"extraPluginCss\":\"\"}', '2017-07-21 21:26:12', '2017-07-21 21:26:12', '2017-08-02 20:58:48', 'c6964b37-2134-4c41-88b3-3937c98f423b'),
 ('5', 'Hue', '1.1.1', '0.0.0.0', NULL, 'unknown', '1', NULL, '2017-07-21 23:22:41', '2017-07-21 23:22:41', '2017-08-02 20:58:48', '5fcf4f47-fc06-4673-b966-3a6c4cbe9423'),
 ('6', 'ElementApi', '1.6.0', '1.0.0', NULL, 'unknown', '1', NULL, '2017-07-31 18:50:15', '2017-07-31 18:50:15', '2017-08-02 20:58:48', '69587eba-28d1-45ff-b4bc-7a7fa8f7fb2e');



DROP TABLE IF EXISTS `craft_rackspaceaccess`;


--
-- Schema for table `craft_rackspaceaccess`
--
CREATE TABLE `craft_rackspaceaccess` (
  `id` int(11) NOT NULL AUTO_INCREMENT,
  `connectionKey` varchar(255) COLLATE utf8_unicode_ci NOT NULL,
  `token` varchar(255) COLLATE utf8_unicode_ci NOT NULL,
  `storageUrl` varchar(255) COLLATE utf8_unicode_ci NOT NULL,
  `cdnUrl` varchar(255) COLLATE utf8_unicode_ci NOT NULL,
  `dateCreated` datetime NOT NULL,
  `dateUpdated` datetime NOT NULL,
  `uid` char(36) COLLATE utf8_unicode_ci NOT NULL DEFAULT '0',
  PRIMARY KEY (`id`),
  UNIQUE KEY `craft_rackspaceaccess_connectionKey_unq_idx` (`connectionKey`)
) ENGINE=InnoDB DEFAULT CHARSET=utf8 COLLATE=utf8_unicode_ci;

DROP TABLE IF EXISTS `craft_relations`;


--
-- Schema for table `craft_relations`
--
CREATE TABLE `craft_relations` (
  `id` int(11) NOT NULL AUTO_INCREMENT,
  `fieldId` int(11) NOT NULL,
  `sourceId` int(11) NOT NULL,
  `sourceLocale` char(12) COLLATE utf8_unicode_ci DEFAULT NULL,
  `targetId` int(11) NOT NULL,
  `sortOrder` smallint(6) DEFAULT NULL,
  `dateCreated` datetime NOT NULL,
  `dateUpdated` datetime NOT NULL,
  `uid` char(36) COLLATE utf8_unicode_ci NOT NULL DEFAULT '0',
  PRIMARY KEY (`id`),
  UNIQUE KEY `craft_relations_fieldId_sourceId_sourceLocale_targetId_unq_idx` (`fieldId`,`sourceId`,`sourceLocale`,`targetId`),
  KEY `craft_relations_sourceId_fk` (`sourceId`),
  KEY `craft_relations_sourceLocale_fk` (`sourceLocale`),
  KEY `craft_relations_targetId_fk` (`targetId`)
) ENGINE=InnoDB AUTO_INCREMENT=323 DEFAULT CHARSET=utf8 COLLATE=utf8_unicode_ci;

--
-- Data for table `craft_relations`
--

INSERT INTO `craft_relations` (`id`, `fieldId`, `sourceId`, `sourceLocale`, `targetId`, `sortOrder`, `dateCreated`, `dateUpdated`, `uid`) VALUES
 ('112', '38', '33', NULL, '97', '1', '2017-07-26 22:26:19', '2017-07-26 22:26:19', 'ff50f6b7-acd1-440f-b87d-6e0ea637ce77'),
 ('253', '8', '36', NULL, '8', '1', '2017-07-27 00:17:05', '2017-07-27 00:17:05', 'd557eaa1-64c8-4be2-996e-55cade52b765'),
 ('254', '8', '40', NULL, '38', '1', '2017-07-27 00:17:05', '2017-07-27 00:17:05', '3507b921-5a40-4cf1-84e2-a68cb7908583'),
 ('261', '8', '69', NULL, '68', '1', '2017-07-27 00:17:06', '2017-07-27 00:17:06', 'ffda2be8-898b-4e3b-b1f9-6accd08e02a9'),
 ('262', '45', '91', NULL, '82', '1', '2017-07-27 00:17:06', '2017-07-27 00:17:06', 'a7c86fe1-ff6d-4c6e-8e5c-d297111b3317'),
 ('263', '45', '91', NULL, '85', '2', '2017-07-27 00:17:06', '2017-07-27 00:17:06', 'd0e7eac2-3017-4d8f-85ba-2defd5b4be26'),
 ('264', '45', '91', NULL, '89', '3', '2017-07-27 00:17:06', '2017-07-27 00:17:06', '6aed60d3-a591-4d74-9866-f5c98adb3975'),
 ('265', '45', '91', NULL, '79', '4', '2017-07-27 00:17:06', '2017-07-27 00:17:06', '1bfd6ea5-a43d-49c8-bb00-4ed7991177f9'),
 ('266', '45', '91', NULL, '81', '5', '2017-07-27 00:17:06', '2017-07-27 00:17:06', 'c952c370-f0b6-42dc-8b58-16d73bc98dda'),
 ('267', '45', '91', NULL, '80', '6', '2017-07-27 00:17:06', '2017-07-27 00:17:06', '33bc712d-e4f6-4255-ac55-2c7b4b32e539'),
 ('268', '45', '91', NULL, '76', '7', '2017-07-27 00:17:06', '2017-07-27 00:17:06', 'f44ac00d-7682-463d-aa73-b0f2344fcf27'),
 ('269', '45', '91', NULL, '90', '8', '2017-07-27 00:17:06', '2017-07-27 00:17:06', '0efea3e3-6198-45c1-8c5e-c3aad4d4fddc'),
 ('270', '45', '91', NULL, '77', '9', '2017-07-27 00:17:06', '2017-07-27 00:17:06', 'd984fccd-9374-4848-9bd6-83bc9389ec76'),
 ('271', '45', '91', NULL, '86', '10', '2017-07-27 00:17:06', '2017-07-27 00:17:06', '3fc8c0cc-269d-4c7e-bc94-cf1c4c98433b'),
 ('272', '45', '91', NULL, '78', '11', '2017-07-27 00:17:06', '2017-07-27 00:17:06', '56fc3a6b-83d7-4703-80fd-35eba9e0ca3b'),
 ('273', '45', '91', NULL, '83', '12', '2017-07-27 00:17:06', '2017-07-27 00:17:06', '94d21f7f-576f-4d7f-a49e-8ae03acb65f3'),
 ('274', '45', '91', NULL, '84', '13', '2017-07-27 00:17:06', '2017-07-27 00:17:06', '46321298-0ec3-4639-810f-4341457dba6b'),
 ('275', '45', '91', NULL, '88', '14', '2017-07-27 00:17:06', '2017-07-27 00:17:06', 'fff56234-e4a8-4b5f-820e-1012c264feb7'),
 ('276', '45', '91', NULL, '87', '15', '2017-07-27 00:17:06', '2017-07-27 00:17:06', '8a5f8d9e-13bb-48c2-830e-696cc1da1957'),
 ('297', '60', '191', NULL, '105', '1', '2017-08-03 17:11:59', '2017-08-03 17:11:59', 'fd183698-d52a-42e1-9b61-06afc1342b70'),
 ('298', '60', '195', NULL, '100', '1', '2017-08-03 17:11:59', '2017-08-03 17:11:59', '0d5f33b9-46c4-4310-8538-d28d6332db8f'),
 ('307', '60', '206', NULL, '100', '1', '2017-08-03 19:02:44', '2017-08-03 19:02:44', '90b3e8f0-52bb-4cb5-a3b9-d97122e71eda'),
 ('308', '60', '207', NULL, '99', '1', '2017-08-03 19:02:44', '2017-08-03 19:02:44', 'd1624043-1c1e-40ea-9999-f4a7ae230b89'),
 ('309', '60', '208', NULL, '160', '1', '2017-08-03 19:02:44', '2017-08-03 19:02:44', '0ab8fd71-8aa0-4233-840c-16d895e67441'),
 ('310', '81', '210', NULL, '152', '1', '2017-08-03 19:02:44', '2017-08-03 19:02:44', '168f4e0f-856e-40dd-beef-abf53dbd1dee'),
 ('311', '75', '210', NULL, '145', '1', '2017-08-03 19:02:44', '2017-08-03 19:02:44', 'cfde25e9-bd5a-4bd3-a314-44f9ca36d8b5'),
 ('312', '81', '211', NULL, '102', '1', '2017-08-03 19:02:44', '2017-08-03 19:02:44', '616f9f34-83c1-49ad-86d4-c3c1d5486723'),
 ('313', '75', '211', NULL, '146', '1', '2017-08-03 19:02:45', '2017-08-03 19:02:45', '82b3ac97-faba-4b53-b441-be2a452ccbcd'),
 ('314', '25', '163', NULL, '141', '1', '2017-08-03 19:02:45', '2017-08-03 19:02:45', '18de5d0f-b30c-4ded-a291-21c086e8526f'),
 ('315', '60', '214', NULL, '101', '1', '2017-08-03 19:02:45', '2017-08-03 19:02:45', '1da2af03-68e2-4f33-938e-f89c42fdd190'),
 ('316', '60', '215', NULL, '157', '1', '2017-08-03 19:02:45', '2017-08-03 19:02:45', '89df207a-4d61-4c1a-b22f-1f5320f68e77'),
 ('317', '60', '216', NULL, '103', '1', '2017-08-03 19:02:45', '2017-08-03 19:02:45', '25734877-27e8-4d1c-b091-7614ac7fb4b9'),
 ('318', '25', '140', NULL, '143', '1', '2017-08-03 19:02:45', '2017-08-03 19:02:45', 'c45693c6-d42b-497b-9e24-40b44f74f75a'),
 ('319', '60', '217', NULL, '159', '1', '2017-08-03 19:02:45', '2017-08-03 19:02:45', '0ee5094e-d6bd-4973-9fbb-abd082432144'),
 ('320', '60', '218', NULL, '151', '1', '2017-08-03 19:02:45', '2017-08-03 19:02:45', '9faeca37-2072-40a3-9363-f4eb956be5b0'),
 ('321', '60', '219', NULL, '161', '1', '2017-08-03 19:02:45', '2017-08-03 19:02:45', '24c1856a-dd3b-4bb9-b563-ee1245ea423d'),
 ('322', '25', '220', NULL, '142', '1', '2017-08-03 19:02:45', '2017-08-03 19:02:45', 'cb11935b-da0a-4828-8251-711242c229a5');



DROP TABLE IF EXISTS `craft_routes`;


--
-- Schema for table `craft_routes`
--
CREATE TABLE `craft_routes` (
  `id` int(11) NOT NULL AUTO_INCREMENT,
  `locale` char(12) COLLATE utf8_unicode_ci DEFAULT NULL,
  `urlParts` varchar(255) COLLATE utf8_unicode_ci NOT NULL,
  `urlPattern` varchar(255) COLLATE utf8_unicode_ci NOT NULL,
  `template` varchar(255) COLLATE utf8_unicode_ci NOT NULL,
  `sortOrder` smallint(6) unsigned DEFAULT NULL,
  `dateCreated` datetime NOT NULL,
  `dateUpdated` datetime NOT NULL,
  `uid` char(36) COLLATE utf8_unicode_ci NOT NULL DEFAULT '0',
  PRIMARY KEY (`id`),
  KEY `craft_routes_locale_idx` (`locale`),
  KEY `craft_routes_urlPattern_idx` (`urlPattern`)
) ENGINE=InnoDB DEFAULT CHARSET=utf8 COLLATE=utf8_unicode_ci;

DROP TABLE IF EXISTS `craft_searchindex`;


--
-- Schema for table `craft_searchindex`
--
CREATE TABLE `craft_searchindex` (
  `elementId` int(11) NOT NULL,
  `attribute` varchar(25) COLLATE utf8_unicode_ci NOT NULL,
  `fieldId` int(11) NOT NULL,
  `locale` char(12) COLLATE utf8_unicode_ci NOT NULL,
  `keywords` text COLLATE utf8_unicode_ci NOT NULL,
  PRIMARY KEY (`elementId`,`attribute`,`fieldId`,`locale`),
  FULLTEXT KEY `craft_searchindex_keywords_idx` (`keywords`)
) ENGINE=MyISAM DEFAULT CHARSET=utf8 COLLATE=utf8_unicode_ci;

--
-- Data for table `craft_searchindex`
--

INSERT INTO `craft_searchindex` (`elementId`, `attribute`, `fieldId`, `locale`, `keywords`) VALUES
 ('1', 'username', '0', 'en_us', ' admin '),
 ('1', 'firstname', '0', 'en_us', ' snapchat '),
 ('1', 'lastname', '0', 'en_us', ' admin '),
 ('1', 'fullname', '0', 'en_us', ' snapchat admin '),
 ('1', 'email', '0', 'en_us', ' mort instrument com '),
 ('1', 'slug', '0', 'en_us', ''),
 ('2', 'slug', '0', 'en_us', ' homepage '),
 ('2', 'title', '0', 'en_us', ' home '),
 ('2', 'field', '1', 'en_us', ' homepage '),
 ('108', 'field', '71', 'en_us', ''),
 ('110', 'field', '58', 'en_us', ' snap ads postmates drive action 2x captivate your audience with full screen snap ads filters geofilter phil phone screen 2x own a place or event with location based filters lenses solutions device 12 invite customers to play and share with lenses '),
 ('206', 'field', '59', 'en_us', ''),
 ('206', 'field', '60', 'en_us', ' postmates drive action 2x '),
 ('206', 'field', '61', 'en_us', ' snap ads '),
 ('206', 'field', '62', 'en_us', ' captivate your audience with full screen snap ads '),
 ('206', 'slug', '0', 'en_us', ''),
 ('162', 'field', '74', 'en_us', ' snap ads are full screen 100% viewable and have audio on by default solutions device 4 devices nav 1 snap ads drive traffic to your pre loaded website with our auto fill feature snapchatters can send you their account email and more by just tapping target ad 2x devices nav 2 web view '),
 ('3', 'field', '1', 'en_us', ' craft is the cms that s powering snapchat craft dev it s beautiful powerful flexible and easy to use and it s made by pixel tonic we can t wait to dive in and see what it s capable of this is even more captivating content which you couldn t see on the news index page because it was entered after a page break and the news index template only likes to show the content on the first page craft a nice alternative to word if you re making a website '),
 ('3', 'field', '2', 'en_us', ''),
 ('3', 'slug', '0', 'en_us', ' we just installed craft '),
 ('3', 'title', '0', 'en_us', ' we just installed craft '),
 ('108', 'field', '18', 'en_us', ''),
 ('108', 'field', '10', 'en_us', ' our ad products are fun and effective for every objective '),
 ('108', 'field', '8', 'en_us', ''),
 ('33', 'field', '41', 'en_us', ' ab inbev '),
 ('33', 'field', '40', 'en_us', ' a91622 '),
 ('8', 'filename', '0', 'en_us', ' snap_ad_reporting_1x png '),
 ('8', 'extension', '0', 'en_us', ' png '),
 ('8', 'kind', '0', 'en_us', ' image '),
 ('8', 'slug', '0', 'en_us', ' snap ad reporting 1x '),
 ('8', 'title', '0', 'en_us', ' snap ad reporting 1x '),
 ('33', 'field', '38', 'en_us', ' ic success logo abinbev 2x '),
 ('14', 'extension', '0', 'en_us', ' png '),
 ('14', 'filename', '0', 'en_us', ' homepage 1 1 png '),
 ('26', 'field', '36', 'en_us', ' custom https businesshelp snapchat com en us support _blank '),
 ('26', 'field', '34', 'en_us', ' entry 98 solutions entry 4 '),
 ('26', 'slug', '0', 'en_us', ''),
 ('33', 'field', '39', 'en_us', ' success story '),
 ('28', 'field', '35', 'en_us', ' entry 4 '),
 ('28', 'slug', '0', 'en_us', ''),
 ('29', 'field', '35', 'en_us', ' entry 98 solutions '),
 ('29', 'slug', '0', 'en_us', ''),
 ('172', 'extension', '0', 'en_us', ' png '),
 ('31', 'field', '37', 'en_us', ' custom https businesshelp snapchat com en us support _blank '),
 ('31', 'slug', '0', 'en_us', ''),
 ('14', 'kind', '0', 'en_us', ' image '),
 ('14', 'slug', '0', 'en_us', ' homepage 1 1 '),
 ('14', 'title', '0', 'en_us', ' homepage 1 1 '),
 ('15', 'filename', '0', 'en_us', ' homepage 1 2 png '),
 ('15', 'extension', '0', 'en_us', ' png '),
 ('15', 'kind', '0', 'en_us', ' image '),
 ('15', 'slug', '0', 'en_us', ' homepage 1 2 '),
 ('15', 'title', '0', 'en_us', ' homepage 1 2 '),
 ('16', 'filename', '0', 'en_us', ' homepage 1 3 png '),
 ('16', 'extension', '0', 'en_us', ' png '),
 ('16', 'kind', '0', 'en_us', ' image '),
 ('16', 'slug', '0', 'en_us', ' homepage 1 3 '),
 ('16', 'title', '0', 'en_us', ' homepage 1 3 '),
 ('33', 'title', '0', 'en_us', ' ab inbev '),
 ('33', 'slug', '0', 'en_us', ' ab inbev '),
 ('33', 'field', '43', 'en_us', ''),
 ('33', 'field', '42', 'en_us', ' on average snapchatters spent 30 seconds playing anheuser busch inbev s bud bowl game in its snap ad web view '),
 ('34', 'field', '23', 'en_us', ' overview '),
 ('34', 'field', '20', 'en_us', ' gray '),
 ('34', 'slug', '0', 'en_us', ''),
 ('35', 'field', '10', 'en_us', ' successful ads drive your business forward '),
 ('35', 'slug', '0', 'en_us', ''),
 ('36', 'field', '8', 'en_us', ' snap ad reporting 1x '),
 ('36', 'field', '9', 'en_us', ' left '),
 ('36', 'field', '10', 'en_us', ' snap ad reporting '),
 ('36', 'field', '11', 'en_us', ' monitor your campaigns in real time identify key performance trends and optimize towards your goals '),
 ('36', 'slug', '0', 'en_us', ''),
 ('210', 'field', '77', 'en_us', ' snap ads are full screen 100% viewable and have audio on by default '),
 ('210', 'field', '76', 'en_us', ' snap ads '),
 ('38', 'filename', '0', 'en_us', ' filter_reporting_2x jpg '),
 ('38', 'extension', '0', 'en_us', ' jpg '),
 ('38', 'kind', '0', 'en_us', ' image '),
 ('38', 'slug', '0', 'en_us', ' filter reporting 2x '),
 ('38', 'title', '0', 'en_us', ' filter reporting 2x '),
 ('39', 'field', '23', 'en_us', ' filter reporting '),
 ('39', 'field', '20', 'en_us', ' white '),
 ('39', 'slug', '0', 'en_us', ''),
 ('40', 'field', '8', 'en_us', ' filter reporting 2x '),
 ('40', 'field', '9', 'en_us', ' right '),
 ('40', 'field', '10', 'en_us', ' filter reporting '),
 ('40', 'field', '11', 'en_us', ' track filter performance and optimize your campaign by location '),
 ('40', 'slug', '0', 'en_us', ''),
 ('210', 'field', '75', 'en_us', ' devices nav 1 '),
 ('42', 'field', '23', 'en_us', ' measurement philosophy '),
 ('42', 'field', '20', 'en_us', ' gray '),
 ('42', 'slug', '0', 'en_us', ''),
 ('43', 'field', '10', 'en_us', ' know exactly how your ads perform '),
 ('43', 'slug', '0', 'en_us', ''),
 ('44', 'field', '24', 'en_us', ''),
 ('44', 'slug', '0', 'en_us', ''),
 ('45', 'filename', '0', 'en_us', ' measurement reach svg '),
 ('45', 'extension', '0', 'en_us', ' svg '),
 ('45', 'kind', '0', 'en_us', ' image '),
 ('45', 'slug', '0', 'en_us', ' measurement reach '),
 ('45', 'title', '0', 'en_us', ' measurement reach ');
INSERT INTO `craft_searchindex` (`elementId`, `attribute`, `fieldId`, `locale`, `keywords`) VALUES
 ('46', 'filename', '0', 'en_us', ' measurement reaction svg '),
 ('46', 'extension', '0', 'en_us', ' svg '),
 ('46', 'kind', '0', 'en_us', ' image '),
 ('46', 'slug', '0', 'en_us', ' measurement reaction '),
 ('46', 'title', '0', 'en_us', ' measurement reaction '),
 ('47', 'filename', '0', 'en_us', ' measurement resonance svg '),
 ('47', 'extension', '0', 'en_us', ' svg '),
 ('47', 'kind', '0', 'en_us', ' image '),
 ('47', 'slug', '0', 'en_us', ' measurement resonance '),
 ('47', 'title', '0', 'en_us', ' measurement resonance '),
 ('48', 'filename', '0', 'en_us', ' measurement snap to svg '),
 ('48', 'extension', '0', 'en_us', ' svg '),
 ('48', 'kind', '0', 'en_us', ' image '),
 ('48', 'slug', '0', 'en_us', ' measurement snap to '),
 ('48', 'title', '0', 'en_us', ' measurement snap to '),
 ('49', 'filename', '0', 'en_us', ' measurement verification svg '),
 ('49', 'extension', '0', 'en_us', ' svg '),
 ('49', 'kind', '0', 'en_us', ' image '),
 ('49', 'slug', '0', 'en_us', ' measurement verification '),
 ('49', 'title', '0', 'en_us', ' measurement verification '),
 ('50', 'filename', '0', 'en_us', ' measurement viewability svg '),
 ('50', 'extension', '0', 'en_us', ' svg '),
 ('50', 'kind', '0', 'en_us', ' image '),
 ('50', 'slug', '0', 'en_us', ' measurement viewability '),
 ('50', 'title', '0', 'en_us', ' measurement viewability '),
 ('214', 'field', '60', 'en_us', ' lga geo filter 2x '),
 ('214', 'field', '59', 'en_us', ''),
 ('68', 'filename', '0', 'en_us', ' snap to store_chillahs_2x png '),
 ('217', 'field', '61', 'en_us', ''),
 ('217', 'field', '59', 'en_us', ''),
 ('217', 'field', '60', 'en_us', ' solutions device 11 '),
 ('216', 'slug', '0', 'en_us', ''),
 ('216', 'field', '61', 'en_us', ''),
 ('216', 'field', '62', 'en_us', ''),
 ('216', 'field', '60', 'en_us', ' warby parker geo filter 2x '),
 ('215', 'field', '61', 'en_us', ''),
 ('215', 'field', '62', 'en_us', ''),
 ('215', 'slug', '0', 'en_us', ''),
 ('216', 'field', '59', 'en_us', ''),
 ('215', 'field', '60', 'en_us', ' solutions device 9 '),
 ('205', 'title', '0', 'en_us', ' site navigation '),
 ('214', 'field', '62', 'en_us', ''),
 ('214', 'slug', '0', 'en_us', ''),
 ('215', 'field', '59', 'en_us', ''),
 ('205', 'slug', '0', 'en_us', ' site navigation '),
 ('61', 'filename', '0', 'en_us', ' snap to store_clock_2x png '),
 ('61', 'extension', '0', 'en_us', ' png '),
 ('61', 'kind', '0', 'en_us', ' image '),
 ('61', 'slug', '0', 'en_us', ' snap to store clock 2x '),
 ('61', 'title', '0', 'en_us', ' snap to store clock 2x '),
 ('63', 'field', '23', 'en_us', ' snap to store '),
 ('63', 'field', '20', 'en_us', ' white '),
 ('63', 'slug', '0', 'en_us', ''),
 ('64', 'slug', '0', 'en_us', ''),
 ('214', 'field', '61', 'en_us', ''),
 ('213', 'slug', '0', 'en_us', ''),
 ('68', 'extension', '0', 'en_us', ' png '),
 ('68', 'kind', '0', 'en_us', ' image '),
 ('68', 'slug', '0', 'en_us', ' snap to store chillahs 2x '),
 ('68', 'title', '0', 'en_us', ' snap to store chillahs 2x '),
 ('69', 'field', '8', 'en_us', ' snap to store chillahs 2x '),
 ('69', 'field', '28', 'en_us', ' wide '),
 ('69', 'slug', '0', 'en_us', ''),
 ('76', 'extension', '0', 'en_us', ' png '),
 ('76', 'filename', '0', 'en_us', ' adjust_2x png '),
 ('71', 'field', '23', 'en_us', ' third party partners '),
 ('71', 'field', '20', 'en_us', ' gray '),
 ('71', 'slug', '0', 'en_us', ''),
 ('72', 'slug', '0', 'en_us', ''),
 ('209', 'field', '71', 'en_us', ''),
 ('209', 'slug', '0', 'en_us', ''),
 ('76', 'kind', '0', 'en_us', ' image '),
 ('76', 'slug', '0', 'en_us', ' adjust 2x '),
 ('76', 'title', '0', 'en_us', ' adjust 2x '),
 ('77', 'filename', '0', 'en_us', ' appsflyer_2x png '),
 ('77', 'extension', '0', 'en_us', ' png '),
 ('77', 'kind', '0', 'en_us', ' image '),
 ('77', 'slug', '0', 'en_us', ' appsflyer 2x '),
 ('77', 'title', '0', 'en_us', ' appsflyer 2x '),
 ('78', 'filename', '0', 'en_us', ' doubleclick_2x png '),
 ('78', 'extension', '0', 'en_us', ' png '),
 ('78', 'kind', '0', 'en_us', ' image '),
 ('78', 'slug', '0', 'en_us', ' doubleclick 2x '),
 ('78', 'title', '0', 'en_us', ' doubleclick 2x '),
 ('79', 'filename', '0', 'en_us', ' innovid_2x png '),
 ('79', 'extension', '0', 'en_us', ' png '),
 ('79', 'kind', '0', 'en_us', ' image '),
 ('79', 'slug', '0', 'en_us', ' innovid 2x '),
 ('79', 'title', '0', 'en_us', ' innovid 2x '),
 ('80', 'filename', '0', 'en_us', ' kochava_2x png '),
 ('80', 'extension', '0', 'en_us', ' png '),
 ('80', 'kind', '0', 'en_us', ' image '),
 ('80', 'slug', '0', 'en_us', ' kochava 2x '),
 ('80', 'title', '0', 'en_us', ' kochava 2x '),
 ('81', 'filename', '0', 'en_us', ' liveramp_2x png '),
 ('81', 'extension', '0', 'en_us', ' png '),
 ('81', 'kind', '0', 'en_us', ' image '),
 ('81', 'slug', '0', 'en_us', ' liveramp 2x '),
 ('81', 'title', '0', 'en_us', ' liveramp 2x '),
 ('82', 'filename', '0', 'en_us', ' millwardbrown_2x png ');
INSERT INTO `craft_searchindex` (`elementId`, `attribute`, `fieldId`, `locale`, `keywords`) VALUES
 ('82', 'extension', '0', 'en_us', ' png '),
 ('82', 'kind', '0', 'en_us', ' image '),
 ('82', 'slug', '0', 'en_us', ' millwardbrown 2x '),
 ('82', 'title', '0', 'en_us', ' millwardbrown 2x '),
 ('83', 'filename', '0', 'en_us', ' moat_2x png '),
 ('83', 'extension', '0', 'en_us', ' png '),
 ('83', 'kind', '0', 'en_us', ' image '),
 ('83', 'slug', '0', 'en_us', ' moat 2x '),
 ('83', 'title', '0', 'en_us', ' moat 2x '),
 ('84', 'filename', '0', 'en_us', ' neustar_2x png '),
 ('84', 'extension', '0', 'en_us', ' png '),
 ('84', 'kind', '0', 'en_us', ' image '),
 ('84', 'slug', '0', 'en_us', ' neustar 2x '),
 ('84', 'title', '0', 'en_us', ' neustar 2x '),
 ('85', 'filename', '0', 'en_us', ' nielsen_2x png '),
 ('85', 'extension', '0', 'en_us', ' png '),
 ('85', 'kind', '0', 'en_us', ' image '),
 ('85', 'slug', '0', 'en_us', ' nielsen 2x '),
 ('85', 'title', '0', 'en_us', ' nielsen 2x '),
 ('86', 'filename', '0', 'en_us', ' oracle_2x png '),
 ('86', 'extension', '0', 'en_us', ' png '),
 ('86', 'kind', '0', 'en_us', ' image '),
 ('86', 'slug', '0', 'en_us', ' oracle 2x '),
 ('86', 'title', '0', 'en_us', ' oracle 2x '),
 ('87', 'filename', '0', 'en_us', ' placed_2x png '),
 ('87', 'extension', '0', 'en_us', ' png '),
 ('87', 'kind', '0', 'en_us', ' image '),
 ('87', 'slug', '0', 'en_us', ' placed 2x '),
 ('87', 'title', '0', 'en_us', ' placed 2x '),
 ('88', 'filename', '0', 'en_us', ' singular_2x png '),
 ('88', 'extension', '0', 'en_us', ' png '),
 ('88', 'kind', '0', 'en_us', ' image '),
 ('88', 'slug', '0', 'en_us', ' singular 2x '),
 ('88', 'title', '0', 'en_us', ' singular 2x '),
 ('89', 'filename', '0', 'en_us', ' sizmek_2x png '),
 ('89', 'extension', '0', 'en_us', ' png '),
 ('89', 'kind', '0', 'en_us', ' image '),
 ('89', 'slug', '0', 'en_us', ' sizmek 2x '),
 ('89', 'title', '0', 'en_us', ' sizmek 2x '),
 ('90', 'filename', '0', 'en_us', ' tune_2x png '),
 ('90', 'extension', '0', 'en_us', ' png '),
 ('90', 'kind', '0', 'en_us', ' image '),
 ('90', 'slug', '0', 'en_us', ' tune 2x '),
 ('90', 'title', '0', 'en_us', ' tune 2x '),
 ('91', 'field', '45', 'en_us', ' millwardbrown 2x nielsen 2x sizmek 2x innovid 2x liveramp 2x kochava 2x adjust 2x tune 2x appsflyer 2x oracle 2x doubleclick 2x moat 2x neustar 2x singular 2x placed 2x '),
 ('91', 'slug', '0', 'en_us', ''),
 ('172', 'filename', '0', 'en_us', ' ad_manager_2x png '),
 ('97', 'filename', '0', 'en_us', ' ic_success_logo_abinbev 2x png '),
 ('97', 'extension', '0', 'en_us', ' png '),
 ('97', 'kind', '0', 'en_us', ' image '),
 ('97', 'slug', '0', 'en_us', ' ic success logo abinbev 2x '),
 ('97', 'title', '0', 'en_us', ' ic success logo abinbev 2x '),
 ('98', 'field', '7', 'en_us', ' solutions '),
 ('98', 'field', '15', 'en_us', ' blue '),
 ('98', 'field', '16', 'en_us', ' 1 '),
 ('98', 'field', '3', 'en_us', ''),
 ('98', 'slug', '0', 'en_us', ' solutions '),
 ('98', 'title', '0', 'en_us', ' solutions '),
 ('99', 'filename', '0', 'en_us', ' geofilter_phil_phone_screen 2x jpg '),
 ('99', 'extension', '0', 'en_us', ' jpg '),
 ('99', 'kind', '0', 'en_us', ' image '),
 ('99', 'slug', '0', 'en_us', ' geofilter phil phone screen 2x '),
 ('99', 'title', '0', 'en_us', ' geofilter phil phone screen 2x '),
 ('100', 'filename', '0', 'en_us', ' postmates_driveaction 2x jpg '),
 ('100', 'extension', '0', 'en_us', ' jpg '),
 ('100', 'kind', '0', 'en_us', ' image '),
 ('100', 'slug', '0', 'en_us', ' postmates drive action 2x '),
 ('100', 'title', '0', 'en_us', ' postmates drive action 2x '),
 ('101', 'filename', '0', 'en_us', ' lga_geofilter_2x jpg '),
 ('101', 'extension', '0', 'en_us', ' jpg '),
 ('101', 'kind', '0', 'en_us', ' image '),
 ('101', 'slug', '0', 'en_us', ' lga geo filter 2x '),
 ('101', 'title', '0', 'en_us', ' lga geo filter 2x '),
 ('102', 'filename', '0', 'en_us', ' target_ad_2x jpg '),
 ('102', 'extension', '0', 'en_us', ' jpg '),
 ('102', 'kind', '0', 'en_us', ' image '),
 ('102', 'slug', '0', 'en_us', ' target ad 2x '),
 ('102', 'title', '0', 'en_us', ' target ad 2x '),
 ('103', 'filename', '0', 'en_us', ' warby_parker_geofilter_2x jpg '),
 ('103', 'extension', '0', 'en_us', ' jpg '),
 ('103', 'kind', '0', 'en_us', ' image '),
 ('103', 'slug', '0', 'en_us', ' warby parker geo filter 2x '),
 ('103', 'title', '0', 'en_us', ' warby parker geo filter 2x '),
 ('104', 'filename', '0', 'en_us', ' weby_parker_geofilter_2x jpg '),
 ('104', 'extension', '0', 'en_us', ' jpg '),
 ('104', 'kind', '0', 'en_us', ' image '),
 ('104', 'slug', '0', 'en_us', ' weby parker geo filter 2x '),
 ('104', 'title', '0', 'en_us', ' weby parker geo filter 2x '),
 ('105', 'filename', '0', 'en_us', ' snapads_gatorade_phone_screen 2x jpg '),
 ('105', 'extension', '0', 'en_us', ' jpg '),
 ('105', 'kind', '0', 'en_us', ' image '),
 ('105', 'slug', '0', 'en_us', ' snap ads gatorade phone screen 2x '),
 ('105', 'title', '0', 'en_us', ' snap ads gatorade phone screen 2x '),
 ('106', 'filename', '0', 'en_us', ' snapads_underarmour_phone_screen 2x jpg '),
 ('106', 'extension', '0', 'en_us', ' jpg '),
 ('106', 'kind', '0', 'en_us', ' image '),
 ('106', 'slug', '0', 'en_us', ' snap ads under armour phone screen 2x '),
 ('106', 'title', '0', 'en_us', ' snap ads under armour phone screen 2x '),
 ('107', 'field', '23', 'en_us', ' overview '),
 ('107', 'field', '20', 'en_us', ' gray ');
INSERT INTO `craft_searchindex` (`elementId`, `attribute`, `fieldId`, `locale`, `keywords`) VALUES
 ('107', 'slug', '0', 'en_us', ''),
 ('108', 'slug', '0', 'en_us', ''),
 ('213', 'field', '73', 'en_us', ' custom https businesshelp snapchat com en us article create geofilter view guidelines _blank '),
 ('212', 'slug', '0', 'en_us', ''),
 ('110', 'slug', '0', 'en_us', ''),
 ('202', 'field', '8', 'en_us', ''),
 ('202', 'field', '10', 'en_us', ' heeeeadline '),
 ('202', 'field', '18', 'en_us', ' suuuuubhead '),
 ('202', 'field', '12', 'en_us', ' entry 2 '),
 ('195', 'field', '62', 'en_us', ' test1 '),
 ('195', 'slug', '0', 'en_us', ''),
 ('217', 'slug', '0', 'en_us', ''),
 ('190', 'field', '24', 'en_us', ''),
 ('190', 'slug', '0', 'en_us', ''),
 ('191', 'field', '59', 'en_us', ''),
 ('191', 'field', '60', 'en_us', ' snap ads gatorade phone screen 2x '),
 ('211', 'field', '81', 'en_us', ' target ad 2x '),
 ('210', 'field', '81', 'en_us', ' solutions device 4 '),
 ('118', 'field', '23', 'en_us', ' filters '),
 ('118', 'field', '20', 'en_us', ' gray '),
 ('118', 'slug', '0', 'en_us', ''),
 ('119', 'slug', '0', 'en_us', ''),
 ('209', 'field', '18', 'en_us', ' the original vertical video ad now with attachments customized for your objectives '),
 ('209', 'field', '8', 'en_us', ''),
 ('209', 'field', '10', 'en_us', ' snap ads '),
 ('208', 'slug', '0', 'en_us', ''),
 ('124', 'slug', '0', 'en_us', ''),
 ('191', 'field', '61', 'en_us', ' headline john '),
 ('191', 'field', '62', 'en_us', ' subhead jogn '),
 ('191', 'slug', '0', 'en_us', ''),
 ('217', 'field', '62', 'en_us', ''),
 ('202', 'slug', '0', 'en_us', ''),
 ('218', 'field', '60', 'en_us', ' solutions device 3 '),
 ('202', 'field', '63', 'en_us', ' great job guys you reeeeeeally did it '),
 ('128', 'field', '23', 'en_us', ' lenses '),
 ('128', 'field', '20', 'en_us', ' white '),
 ('128', 'slug', '0', 'en_us', ''),
 ('129', 'slug', '0', 'en_us', ''),
 ('212', 'field', '72', 'en_us', ' custom https geofilters snapchat com create a filter _blank '),
 ('211', 'field', '75', 'en_us', ' devices nav 2 '),
 ('211', 'field', '76', 'en_us', ' web view '),
 ('211', 'field', '77', 'en_us', ' drive traffic to your pre loaded website with our auto fill feature snapchatters can send you their account email and more by just tapping '),
 ('211', 'slug', '0', 'en_us', ''),
 ('210', 'slug', '0', 'en_us', ''),
 ('132', 'slug', '0', 'en_us', ''),
 ('220', 'field', '25', 'en_us', ' chillah heart eyes '),
 ('219', 'slug', '0', 'en_us', ''),
 ('218', 'field', '59', 'en_us', ''),
 ('195', 'field', '61', 'en_us', ' test1 '),
 ('194', 'field', '58', 'en_us', ' test1 postmates drive action 2x test1 '),
 ('194', 'field', '24', 'en_us', ''),
 ('194', 'slug', '0', 'en_us', ''),
 ('195', 'field', '59', 'en_us', ''),
 ('195', 'field', '60', 'en_us', ' postmates drive action 2x '),
 ('136', 'field', '23', 'en_us', ' video '),
 ('136', 'field', '20', 'en_us', ' gray '),
 ('136', 'slug', '0', 'en_us', ''),
 ('137', 'slug', '0', 'en_us', ''),
 ('145', 'filename', '0', 'en_us', ' devices nav 1 svg '),
 ('110', 'field', '24', 'en_us', ''),
 ('124', 'field', '24', 'en_us', ' chillah hearts topright on average more than a billion snaps with filters are viewed every day 1 '),
 ('140', 'field', '25', 'en_us', ' chillah hearts '),
 ('140', 'field', '26', 'en_us', ' on average more than a billion snaps with filters are viewed every day 1 '),
 ('140', 'field', '27', 'en_us', ' topright '),
 ('140', 'slug', '0', 'en_us', ''),
 ('132', 'field', '24', 'en_us', ' chillah heart eyes topright the best lenses average more than 20 seconds of play time 1 '),
 ('141', 'filename', '0', 'en_us', ' chillah device svg '),
 ('141', 'extension', '0', 'en_us', ' svg '),
 ('141', 'kind', '0', 'en_us', ' image '),
 ('141', 'slug', '0', 'en_us', ' chillah device '),
 ('141', 'title', '0', 'en_us', ' chillah device '),
 ('142', 'filename', '0', 'en_us', ' chillah heart eyes svg '),
 ('142', 'extension', '0', 'en_us', ' svg '),
 ('142', 'kind', '0', 'en_us', ' image '),
 ('142', 'slug', '0', 'en_us', ' chillah heart eyes '),
 ('142', 'title', '0', 'en_us', ' chillah heart eyes '),
 ('143', 'filename', '0', 'en_us', ' chillah hearts svg '),
 ('143', 'extension', '0', 'en_us', ' svg '),
 ('143', 'kind', '0', 'en_us', ' image '),
 ('143', 'slug', '0', 'en_us', ' chillah hearts '),
 ('143', 'title', '0', 'en_us', ' chillah hearts '),
 ('144', 'field', '23', 'en_us', ' snap ads '),
 ('144', 'field', '20', 'en_us', ' white '),
 ('144', 'slug', '0', 'en_us', ''),
 ('145', 'extension', '0', 'en_us', ' svg '),
 ('145', 'kind', '0', 'en_us', ' image '),
 ('145', 'slug', '0', 'en_us', ' devices nav 1 '),
 ('145', 'title', '0', 'en_us', ' devices nav 1 '),
 ('146', 'filename', '0', 'en_us', ' devices nav 2 svg '),
 ('146', 'extension', '0', 'en_us', ' svg '),
 ('146', 'kind', '0', 'en_us', ' image '),
 ('146', 'slug', '0', 'en_us', ' devices nav 2 '),
 ('146', 'title', '0', 'en_us', ' devices nav 2 '),
 ('147', 'filename', '0', 'en_us', ' devices nav 3 svg '),
 ('147', 'extension', '0', 'en_us', ' svg '),
 ('147', 'kind', '0', 'en_us', ' image '),
 ('147', 'slug', '0', 'en_us', ' devices nav 3 '),
 ('147', 'title', '0', 'en_us', ' devices nav 3 '),
 ('148', 'filename', '0', 'en_us', ' devices nav 4 svg '),
 ('148', 'extension', '0', 'en_us', ' svg ');
INSERT INTO `craft_searchindex` (`elementId`, `attribute`, `fieldId`, `locale`, `keywords`) VALUES
 ('148', 'kind', '0', 'en_us', ' image '),
 ('148', 'slug', '0', 'en_us', ' devices nav 4 '),
 ('148', 'title', '0', 'en_us', ' devices nav 4 '),
 ('149', 'filename', '0', 'en_us', ' solutions device 1 jpg '),
 ('149', 'extension', '0', 'en_us', ' jpg '),
 ('149', 'kind', '0', 'en_us', ' image '),
 ('149', 'slug', '0', 'en_us', ' solutions device 1 '),
 ('149', 'title', '0', 'en_us', ' solutions device 1 '),
 ('150', 'filename', '0', 'en_us', ' solutions device 2 jpg '),
 ('150', 'extension', '0', 'en_us', ' jpg '),
 ('150', 'kind', '0', 'en_us', ' image '),
 ('150', 'slug', '0', 'en_us', ' solutions device 2 '),
 ('150', 'title', '0', 'en_us', ' solutions device 2 '),
 ('151', 'filename', '0', 'en_us', ' solutions device 3 jpg '),
 ('151', 'extension', '0', 'en_us', ' jpg '),
 ('151', 'kind', '0', 'en_us', ' image '),
 ('151', 'slug', '0', 'en_us', ' solutions device 3 '),
 ('151', 'title', '0', 'en_us', ' solutions device 3 '),
 ('152', 'filename', '0', 'en_us', ' solutions device 4 jpg '),
 ('152', 'extension', '0', 'en_us', ' jpg '),
 ('152', 'kind', '0', 'en_us', ' image '),
 ('152', 'slug', '0', 'en_us', ' solutions device 4 '),
 ('152', 'title', '0', 'en_us', ' solutions device 4 '),
 ('153', 'filename', '0', 'en_us', ' solutions device 5 jpg '),
 ('153', 'extension', '0', 'en_us', ' jpg '),
 ('153', 'kind', '0', 'en_us', ' image '),
 ('153', 'slug', '0', 'en_us', ' solutions device 5 '),
 ('153', 'title', '0', 'en_us', ' solutions device 5 '),
 ('154', 'filename', '0', 'en_us', ' solutions device 6 jpg '),
 ('154', 'extension', '0', 'en_us', ' jpg '),
 ('154', 'kind', '0', 'en_us', ' image '),
 ('154', 'slug', '0', 'en_us', ' solutions device 6 '),
 ('154', 'title', '0', 'en_us', ' solutions device 6 '),
 ('155', 'filename', '0', 'en_us', ' solutions device 7 jpg '),
 ('155', 'extension', '0', 'en_us', ' jpg '),
 ('155', 'kind', '0', 'en_us', ' image '),
 ('155', 'slug', '0', 'en_us', ' solutions device 7 '),
 ('155', 'title', '0', 'en_us', ' solutions device 7 '),
 ('156', 'filename', '0', 'en_us', ' solutions device 8 jpg '),
 ('156', 'extension', '0', 'en_us', ' jpg '),
 ('156', 'kind', '0', 'en_us', ' image '),
 ('156', 'slug', '0', 'en_us', ' solutions device 8 '),
 ('156', 'title', '0', 'en_us', ' solutions device 8 '),
 ('157', 'filename', '0', 'en_us', ' solutions device 9 jpg '),
 ('157', 'extension', '0', 'en_us', ' jpg '),
 ('157', 'kind', '0', 'en_us', ' image '),
 ('157', 'slug', '0', 'en_us', ' solutions device 9 '),
 ('157', 'title', '0', 'en_us', ' solutions device 9 '),
 ('158', 'filename', '0', 'en_us', ' solutions device 10 jpg '),
 ('158', 'extension', '0', 'en_us', ' jpg '),
 ('158', 'kind', '0', 'en_us', ' image '),
 ('158', 'slug', '0', 'en_us', ' solutions device 10 '),
 ('158', 'title', '0', 'en_us', ' solutions device 10 '),
 ('159', 'filename', '0', 'en_us', ' solutions device 11 jpg '),
 ('159', 'extension', '0', 'en_us', ' jpg '),
 ('159', 'kind', '0', 'en_us', ' image '),
 ('159', 'slug', '0', 'en_us', ' solutions device 11 '),
 ('159', 'title', '0', 'en_us', ' solutions device 11 '),
 ('160', 'filename', '0', 'en_us', ' solutions device 12 jpg '),
 ('160', 'extension', '0', 'en_us', ' jpg '),
 ('160', 'kind', '0', 'en_us', ' image '),
 ('160', 'slug', '0', 'en_us', ' solutions device 12 '),
 ('160', 'title', '0', 'en_us', ' solutions device 12 '),
 ('161', 'filename', '0', 'en_us', ' solutions device 13 jpg '),
 ('161', 'extension', '0', 'en_us', ' jpg '),
 ('161', 'kind', '0', 'en_us', ' image '),
 ('161', 'slug', '0', 'en_us', ' solutions device 13 '),
 ('161', 'title', '0', 'en_us', ' solutions device 13 '),
 ('162', 'field', '24', 'en_us', ' chillah device topleft on average over 10 billion videos are watched on snapchat every day 1 '),
 ('162', 'slug', '0', 'en_us', ''),
 ('163', 'field', '25', 'en_us', ' chillah device '),
 ('163', 'field', '26', 'en_us', ' on average over 10 billion videos are watched on snapchat every day 1 '),
 ('163', 'field', '27', 'en_us', ' topleft '),
 ('163', 'slug', '0', 'en_us', ''),
 ('208', 'field', '62', 'en_us', ' invite customers to play and share with lenses '),
 ('208', 'field', '61', 'en_us', ' lenses '),
 ('208', 'field', '60', 'en_us', ' solutions device 12 '),
 ('208', 'field', '59', 'en_us', ''),
 ('207', 'field', '62', 'en_us', ' own a place or event with location based filters '),
 ('207', 'field', '59', 'en_us', ''),
 ('207', 'field', '60', 'en_us', ' geofilter phil phone screen 2x '),
 ('207', 'field', '61', 'en_us', ' filters '),
 ('137', 'field', '10', 'en_us', ' see where your ads will run on snapchat '),
 ('137', 'field', '8', 'en_us', ''),
 ('129', 'field', '71', 'en_us', ''),
 ('132', 'field', '58', 'en_us', ' solutions device 11 solutions device 3 solutions device 13 '),
 ('129', 'field', '18', 'en_us', ' lenses are the most playful and memorable way to increase awareness on a massive scale with one tap you can invite snapchatters into your world and your story '),
 ('129', 'field', '10', 'en_us', ' lenses '),
 ('129', 'field', '8', 'en_us', ''),
 ('124', 'field', '58', 'en_us', ' lga geo filter 2x solutions device 9 warby parker geo filter 2x '),
 ('119', 'field', '71', 'en_us', ' custom https geofilters snapchat com create a filter _blank custom https businesshelp snapchat com en us article create geofilter view guidelines _blank '),
 ('119', 'field', '18', 'en_us', ' filters allow you to be where your product is bought thought about or consumed create your own filter and drive awareness advocacy and action in one package '),
 ('119', 'field', '10', 'en_us', ' filters '),
 ('119', 'field', '8', 'en_us', ''),
 ('207', 'slug', '0', 'en_us', ''),
 ('137', 'field', '71', 'en_us', ''),
 ('137', 'field', '18', 'en_us', ''),
 ('172', 'title', '0', 'en_us', ' ad manager 2x '),
 ('172', 'slug', '0', 'en_us', ' ad manager 2x '),
 ('172', 'kind', '0', 'en_us', ' image ');
INSERT INTO `craft_searchindex` (`elementId`, `attribute`, `fieldId`, `locale`, `keywords`) VALUES
 ('218', 'field', '61', 'en_us', ''),
 ('218', 'field', '62', 'en_us', ''),
 ('183', 'slug', '0', 'en_us', ''),
 ('219', 'field', '59', 'en_us', ''),
 ('218', 'slug', '0', 'en_us', ''),
 ('219', 'field', '60', 'en_us', ' solutions device 13 '),
 ('219', 'field', '61', 'en_us', ''),
 ('183', 'field', '20', 'en_us', ' gray '),
 ('190', 'field', '58', 'en_us', ' headline john snap ads gatorade phone screen 2x subhead jogn '),
 ('183', 'field', '23', 'en_us', ' overview '),
 ('219', 'field', '62', 'en_us', ''),
 ('220', 'field', '26', 'en_us', ' the best lenses average more than 20 seconds of play time 1 '),
 ('220', 'field', '27', 'en_us', ' topright '),
 ('220', 'slug', '0', 'en_us', ''),
 ('221', 'field', '29', 'en_us', ''),
 ('221', 'field', '28', 'en_us', ' wide '),
 ('221', 'slug', '0', 'en_us', '');



DROP TABLE IF EXISTS `craft_sections`;


--
-- Schema for table `craft_sections`
--
CREATE TABLE `craft_sections` (
  `id` int(11) NOT NULL AUTO_INCREMENT,
  `structureId` int(11) DEFAULT NULL,
  `name` varchar(255) COLLATE utf8_unicode_ci NOT NULL,
  `handle` varchar(255) COLLATE utf8_unicode_ci NOT NULL,
  `type` enum('single','channel','structure') COLLATE utf8_unicode_ci NOT NULL DEFAULT 'channel',
  `hasUrls` tinyint(1) unsigned NOT NULL DEFAULT '1',
  `template` varchar(500) COLLATE utf8_unicode_ci DEFAULT NULL,
  `enableVersioning` tinyint(1) unsigned NOT NULL DEFAULT '0',
  `dateCreated` datetime NOT NULL,
  `dateUpdated` datetime NOT NULL,
  `uid` char(36) COLLATE utf8_unicode_ci NOT NULL DEFAULT '0',
  PRIMARY KEY (`id`),
  UNIQUE KEY `craft_sections_name_unq_idx` (`name`),
  UNIQUE KEY `craft_sections_handle_unq_idx` (`handle`),
  KEY `craft_sections_structureId_fk` (`structureId`)
) ENGINE=InnoDB AUTO_INCREMENT=6 DEFAULT CHARSET=utf8 COLLATE=utf8_unicode_ci;

--
-- Data for table `craft_sections`
--

INSERT INTO `craft_sections` (`id`, `structureId`, `name`, `handle`, `type`, `hasUrls`, `template`, `enableVersioning`, `dateCreated`, `dateUpdated`, `uid`) VALUES
 ('1', NULL, 'Homepage', 'homepage', 'single', '1', 'index', '1', '2017-07-20 17:27:58', '2017-07-20 17:27:58', '92d6a0f1-48aa-4b12-9746-0fb5b018814d'),
 ('2', NULL, 'Blog', 'blog', 'channel', '1', 'blog/_entry', '1', '2017-07-20 17:27:59', '2017-07-20 21:26:42', '022b50f9-06f0-4003-bfe8-9198d930d407'),
 ('3', '1', 'Pages', 'pages', 'structure', '1', 'pages/_entry', '1', '2017-07-20 18:25:45', '2017-07-20 18:25:45', '1c733ed8-ddbf-47b2-8ecb-cf5bf8ccfbd5'),
 ('4', '2', 'Success Stories', 'successStories', 'structure', '0', NULL, '1', '2017-07-20 21:27:22', '2017-07-20 21:27:22', '3b569e27-5319-4ef9-8e3b-7eb2bd41526b'),
 ('5', NULL, 'Site Navigation', 'siteNavigation', 'single', '1', 'site-navigation', '1', '2017-08-03 18:22:50', '2017-08-03 18:22:50', '742219f8-5f5e-4f69-801b-6634eb13eff8');



DROP TABLE IF EXISTS `craft_sections_i18n`;


--
-- Schema for table `craft_sections_i18n`
--
CREATE TABLE `craft_sections_i18n` (
  `id` int(11) NOT NULL AUTO_INCREMENT,
  `sectionId` int(11) NOT NULL,
  `locale` char(12) COLLATE utf8_unicode_ci NOT NULL,
  `enabledByDefault` tinyint(1) unsigned NOT NULL DEFAULT '1',
  `urlFormat` text COLLATE utf8_unicode_ci,
  `nestedUrlFormat` text COLLATE utf8_unicode_ci,
  `dateCreated` datetime NOT NULL,
  `dateUpdated` datetime NOT NULL,
  `uid` char(36) COLLATE utf8_unicode_ci NOT NULL DEFAULT '0',
  PRIMARY KEY (`id`),
  UNIQUE KEY `craft_sections_i18n_sectionId_locale_unq_idx` (`sectionId`,`locale`),
  KEY `craft_sections_i18n_locale_fk` (`locale`)
) ENGINE=InnoDB AUTO_INCREMENT=6 DEFAULT CHARSET=utf8 COLLATE=utf8_unicode_ci;

--
-- Data for table `craft_sections_i18n`
--

INSERT INTO `craft_sections_i18n` (`id`, `sectionId`, `locale`, `enabledByDefault`, `urlFormat`, `nestedUrlFormat`, `dateCreated`, `dateUpdated`, `uid`) VALUES
 ('1', '1', 'en_us', '1', '__home__', NULL, '2017-07-20 17:27:58', '2017-07-20 17:27:58', '57dde1b7-7f2c-4a79-b439-962777fd74f2'),
 ('2', '2', 'en_us', '1', 'blog/{slug}', NULL, '2017-07-20 17:27:59', '2017-07-20 21:26:42', 'aefd676a-658f-4370-8128-4f08db257ba8'),
 ('3', '3', 'en_us', '1', '{slug}', '{parent.uri}/{slug}', '2017-07-20 18:25:45', '2017-07-20 18:25:45', 'dc145741-2a4c-4517-b99d-10103baeae2a'),
 ('4', '4', 'en_us', '1', NULL, NULL, '2017-07-20 21:27:22', '2017-07-20 21:27:22', '2aeafbc6-63e5-4479-8a9b-59dc77f0eee8'),
 ('5', '5', 'en_us', '1', 'site-navigation', NULL, '2017-08-03 18:22:50', '2017-08-03 18:22:50', 'b1a40b7a-dfcb-4bb2-807c-e5bd075f009d');



DROP TABLE IF EXISTS `craft_sessions`;


--
-- Schema for table `craft_sessions`
--
CREATE TABLE `craft_sessions` (
  `id` int(11) NOT NULL AUTO_INCREMENT,
  `userId` int(11) NOT NULL,
  `token` char(100) COLLATE utf8_unicode_ci NOT NULL,
  `dateCreated` datetime NOT NULL,
  `dateUpdated` datetime NOT NULL,
  `uid` char(36) COLLATE utf8_unicode_ci NOT NULL DEFAULT '0',
  PRIMARY KEY (`id`),
  KEY `craft_sessions_uid_idx` (`uid`),
  KEY `craft_sessions_token_idx` (`token`),
  KEY `craft_sessions_dateUpdated_idx` (`dateUpdated`),
  KEY `craft_sessions_userId_fk` (`userId`)
) ENGINE=InnoDB AUTO_INCREMENT=13 DEFAULT CHARSET=utf8 COLLATE=utf8_unicode_ci;

DROP TABLE IF EXISTS `craft_shunnedmessages`;


--
-- Schema for table `craft_shunnedmessages`
--
CREATE TABLE `craft_shunnedmessages` (
  `id` int(11) NOT NULL AUTO_INCREMENT,
  `userId` int(11) NOT NULL,
  `message` varchar(255) COLLATE utf8_unicode_ci NOT NULL,
  `expiryDate` datetime DEFAULT NULL,
  `dateCreated` datetime NOT NULL,
  `dateUpdated` datetime NOT NULL,
  `uid` char(36) COLLATE utf8_unicode_ci NOT NULL DEFAULT '0',
  PRIMARY KEY (`id`),
  UNIQUE KEY `craft_shunnedmessages_userId_message_unq_idx` (`userId`,`message`)
) ENGINE=InnoDB DEFAULT CHARSET=utf8 COLLATE=utf8_unicode_ci;

DROP TABLE IF EXISTS `craft_structureelements`;


--
-- Schema for table `craft_structureelements`
--
CREATE TABLE `craft_structureelements` (
  `id` int(11) NOT NULL AUTO_INCREMENT,
  `structureId` int(11) NOT NULL,
  `elementId` int(11) DEFAULT NULL,
  `root` int(11) unsigned DEFAULT NULL,
  `lft` int(11) unsigned NOT NULL,
  `rgt` int(11) unsigned NOT NULL,
  `level` smallint(6) unsigned NOT NULL,
  `dateCreated` datetime NOT NULL,
  `dateUpdated` datetime NOT NULL,
  `uid` char(36) COLLATE utf8_unicode_ci NOT NULL DEFAULT '0',
  PRIMARY KEY (`id`),
  UNIQUE KEY `craft_structureelements_structureId_elementId_unq_idx` (`structureId`,`elementId`),
  KEY `craft_structureelements_root_idx` (`root`),
  KEY `craft_structureelements_lft_idx` (`lft`),
  KEY `craft_structureelements_rgt_idx` (`rgt`),
  KEY `craft_structureelements_level_idx` (`level`),
  KEY `craft_structureelements_elementId_fk` (`elementId`)
) ENGINE=InnoDB AUTO_INCREMENT=892 DEFAULT CHARSET=utf8 COLLATE=utf8_unicode_ci;

--
-- Data for table `craft_structureelements`
--

INSERT INTO `craft_structureelements` (`id`, `structureId`, `elementId`, `root`, `lft`, `rgt`, `level`, `dateCreated`, `dateUpdated`, `uid`) VALUES
 ('1', '1', NULL, '1', '1', '4', '0', '2017-07-20 21:28:52', '2017-07-20 21:28:52', '374f4ed8-7f03-42d3-a689-92f420cc2a64'),
 ('67', '2', NULL, '67', '1', '4', '0', '2017-07-21 23:29:50', '2017-07-21 23:29:50', 'a8096e0c-260b-46ed-95ab-155a5bf9b715'),
 ('68', '2', '33', '67', '2', '3', '1', '2017-07-21 23:29:50', '2017-07-21 23:29:50', '4f0b903f-c4cb-43a8-8407-4cbaaa7a0f39'),
 ('351', '1', '98', '1', '2', '3', '1', '2017-07-26 22:48:34', '2017-07-26 22:48:34', '83770ad1-71c5-45a2-becc-042de3fbb73e'),
 ('742', '44', NULL, '742', '1', '30', '0', '2017-07-27 00:17:05', '2017-07-27 00:17:05', '85892169-db27-4290-b755-a7788bdcee65'),
 ('743', '44', '34', '742', '2', '7', '1', '2017-07-27 00:17:05', '2017-07-27 00:17:05', '407ebe9f-dcc7-4d7b-9041-1a267b9cab0a'),
 ('744', '44', '35', '742', '3', '4', '2', '2017-07-27 00:17:05', '2017-07-27 00:17:05', '5604196d-d5a7-46b2-9073-5be89d008f15'),
 ('746', '44', '36', '742', '5', '6', '2', '2017-07-27 00:17:05', '2017-07-27 00:17:05', '820f7131-5244-4285-926d-6c0487c52fe8'),
 ('748', '44', '39', '742', '8', '11', '1', '2017-07-27 00:17:05', '2017-07-27 00:17:05', '2700d794-b3dd-4d57-b804-610cef5ba6f5'),
 ('749', '44', '40', '742', '9', '10', '2', '2017-07-27 00:17:05', '2017-07-27 00:17:05', '43877985-edc8-4a7a-9453-10ecdfaba5cd'),
 ('751', '44', '42', '742', '12', '17', '1', '2017-07-27 00:17:05', '2017-07-27 00:17:05', 'f216b884-d572-482b-9eda-7ee09e5034ba'),
 ('752', '44', '43', '742', '13', '14', '2', '2017-07-27 00:17:05', '2017-07-27 00:17:05', '0f02abae-2dcf-4261-9345-d536abfe8686'),
 ('755', '44', '44', '742', '15', '16', '2', '2017-07-27 00:17:06', '2017-07-27 00:17:06', '4aa46200-6d06-4f5e-9944-cf98ed75ecb9'),
 ('763', '44', '63', '742', '18', '23', '1', '2017-07-27 00:17:06', '2017-07-27 00:17:06', '24421dbd-255a-4d83-a065-7aab7ad515af'),
 ('764', '44', '64', '742', '19', '20', '2', '2017-07-27 00:17:06', '2017-07-27 00:17:06', 'd3602a39-0e44-4839-a6fb-e548b960c817'),
 ('768', '44', '69', '742', '21', '22', '2', '2017-07-27 00:17:06', '2017-07-27 00:17:06', '77ca0010-7c99-4e54-a69c-aebe436651b8'),
 ('769', '44', '71', '742', '24', '29', '1', '2017-07-27 00:17:06', '2017-07-27 00:17:06', 'c45caf78-4d86-4fda-8ba2-5c4e18d864f2'),
 ('770', '44', '72', '742', '25', '26', '2', '2017-07-27 00:17:06', '2017-07-27 00:17:06', 'e5f2ada2-e88e-4537-9aae-9f791c7a6138'),
 ('774', '44', '91', '742', '27', '28', '2', '2017-07-27 00:17:06', '2017-07-27 00:17:06', 'e87f3dad-850e-4fe9-be8a-102b9cff5629'),
 ('838', '60', NULL, '838', '1', '10', '0', '2017-08-03 17:11:59', '2017-08-03 17:11:59', '06eef699-cce2-4ec2-963d-ee52979f7f1f'),
 ('839', '60', '183', '838', '2', '9', '1', '2017-08-03 17:11:59', '2017-08-03 17:11:59', 'ccc7cded-9e3a-45fd-94e5-908a316d231c'),
 ('840', '60', '190', '838', '3', '4', '2', '2017-08-03 17:11:59', '2017-08-03 17:11:59', 'c16b17f2-3aa7-41dc-b1af-225e7849c4a3'),
 ('841', '60', '194', '838', '5', '6', '2', '2017-08-03 17:11:59', '2017-08-03 17:11:59', '25bf2d82-d9ef-4d8d-af3b-748231e16324'),
 ('842', '60', '202', '838', '7', '8', '2', '2017-08-03 17:11:59', '2017-08-03 17:11:59', '0c6debfd-d96e-4edb-a19a-538ea6e67add'),
 ('876', '63', NULL, '876', '1', '32', '0', '2017-08-03 19:02:44', '2017-08-03 19:02:44', 'be929b81-badd-4f77-96d8-a55b4d93c20e'),
 ('877', '63', '107', '876', '2', '7', '1', '2017-08-03 19:02:44', '2017-08-03 19:02:44', '3a449dca-adb2-4cdf-99d3-3f4f9cccb0ec'),
 ('878', '63', '108', '876', '3', '4', '2', '2017-08-03 19:02:44', '2017-08-03 19:02:44', '585791d5-d2f7-49e2-92c9-ab95d176a016'),
 ('879', '63', '110', '876', '5', '6', '2', '2017-08-03 19:02:44', '2017-08-03 19:02:44', 'bcd1ead4-edf6-4eb9-a4c9-7c816e1a566c'),
 ('880', '63', '144', '876', '8', '13', '1', '2017-08-03 19:02:44', '2017-08-03 19:02:44', '36ba2ba8-c554-4196-8196-22be620299e5'),
 ('881', '63', '209', '876', '9', '10', '2', '2017-08-03 19:02:44', '2017-08-03 19:02:44', '94e7c111-fa7f-4388-a404-4e3303e0c229'),
 ('882', '63', '162', '876', '11', '12', '2', '2017-08-03 19:02:45', '2017-08-03 19:02:45', '5a763223-2771-4bfc-9942-2fbfce1b155a'),
 ('883', '63', '118', '876', '14', '19', '1', '2017-08-03 19:02:45', '2017-08-03 19:02:45', '9f618549-1427-4061-91e1-be29131c7bfa'),
 ('884', '63', '119', '876', '15', '16', '2', '2017-08-03 19:02:45', '2017-08-03 19:02:45', '4f180f9f-06f1-44e4-a3b8-78a0bb8d9bef'),
 ('885', '63', '124', '876', '17', '18', '2', '2017-08-03 19:02:45', '2017-08-03 19:02:45', '8d623a5c-76bd-42fa-a7f0-5ccb0463eb61'),
 ('886', '63', '128', '876', '20', '25', '1', '2017-08-03 19:02:45', '2017-08-03 19:02:45', 'a07e2168-c45c-4a9e-97a1-0206777ffc3d'),
 ('887', '63', '129', '876', '21', '22', '2', '2017-08-03 19:02:45', '2017-08-03 19:02:45', '31f28910-e6f3-4086-9097-d77824c63cc4'),
 ('888', '63', '132', '876', '23', '24', '2', '2017-08-03 19:02:45', '2017-08-03 19:02:45', 'f783ad11-3e8f-4dc7-8212-22af54b86b98'),
 ('889', '63', '136', '876', '26', '31', '1', '2017-08-03 19:02:45', '2017-08-03 19:02:45', '44285cf7-175b-47dd-8f7a-b773401dee9f'),
 ('890', '63', '137', '876', '27', '28', '2', '2017-08-03 19:02:45', '2017-08-03 19:02:45', '1d18b2dd-0fec-4770-b00e-15944552accd'),
 ('891', '63', '221', '876', '29', '30', '2', '2017-08-03 19:02:45', '2017-08-03 19:02:45', '4a9c6c87-8078-4532-8f0d-d79f5c9377d7');



DROP TABLE IF EXISTS `craft_structures`;


--
-- Schema for table `craft_structures`
--
CREATE TABLE `craft_structures` (
  `id` int(11) NOT NULL AUTO_INCREMENT,
  `maxLevels` smallint(6) unsigned DEFAULT NULL,
  `dateCreated` datetime NOT NULL,
  `dateUpdated` datetime NOT NULL,
  `uid` char(36) COLLATE utf8_unicode_ci NOT NULL DEFAULT '0',
  PRIMARY KEY (`id`)
) ENGINE=InnoDB AUTO_INCREMENT=64 DEFAULT CHARSET=utf8 COLLATE=utf8_unicode_ci;

--
-- Data for table `craft_structures`
--

INSERT INTO `craft_structures` (`id`, `maxLevels`, `dateCreated`, `dateUpdated`, `uid`) VALUES
 ('1', NULL, '2017-07-20 18:25:45', '2017-07-20 18:25:45', 'fff719e3-afb8-43d5-a0a5-acca515dde3b'),
 ('2', NULL, '2017-07-20 21:27:22', '2017-07-20 21:27:22', 'd7da3224-477c-4c8e-a9a2-dc9d963c0512'),
 ('13', NULL, '2017-07-20 23:45:33', '2017-07-20 23:45:33', '69429fef-0364-44de-9c69-b3ceb6b5fbcc'),
 ('44', NULL, '2017-07-27 00:17:05', '2017-07-27 00:17:05', 'd415eec9-b73d-4fcd-823f-1da8af3c478f'),
 ('60', NULL, '2017-08-03 17:11:59', '2017-08-03 17:11:59', 'd4841971-5750-4c0a-a138-da42ba2ecfc5'),
 ('63', NULL, '2017-08-03 19:02:44', '2017-08-03 19:02:44', 'f14c693b-6548-4de0-ba3f-f00c725e6f24');



DROP TABLE IF EXISTS `craft_supertablecontent_cb_elementgrids`;


--
-- Schema for table `craft_supertablecontent_cb_elementgrids`
--
CREATE TABLE `craft_supertablecontent_cb_elementgrids` (
  `id` int(11) NOT NULL AUTO_INCREMENT,
  `elementId` int(11) NOT NULL,
  `locale` char(12) COLLATE utf8_unicode_ci NOT NULL,
  `dateCreated` datetime NOT NULL,
  `dateUpdated` datetime NOT NULL,
  `uid` char(36) COLLATE utf8_unicode_ci NOT NULL DEFAULT '0',
  PRIMARY KEY (`id`),
  UNIQUE KEY `craft_supertablecontent_cb_elementgrids_elementId_locale_unq_idx` (`elementId`,`locale`),
  KEY `craft_supertablecontent_cb_elementgrids_locale_fk` (`locale`)
) ENGINE=InnoDB DEFAULT CHARSET=utf8 COLLATE=utf8_unicode_ci;

DROP TABLE IF EXISTS `craft_systemsettings`;


--
-- Schema for table `craft_systemsettings`
--
CREATE TABLE `craft_systemsettings` (
  `id` int(11) NOT NULL AUTO_INCREMENT,
  `category` varchar(15) COLLATE utf8_unicode_ci NOT NULL,
  `settings` text COLLATE utf8_unicode_ci,
  `dateCreated` datetime NOT NULL,
  `dateUpdated` datetime NOT NULL,
  `uid` char(36) COLLATE utf8_unicode_ci NOT NULL DEFAULT '0',
  PRIMARY KEY (`id`),
  UNIQUE KEY `craft_systemsettings_category_unq_idx` (`category`)
) ENGINE=InnoDB AUTO_INCREMENT=2 DEFAULT CHARSET=utf8 COLLATE=utf8_unicode_ci;

--
-- Data for table `craft_systemsettings`
--

INSERT INTO `craft_systemsettings` (`id`, `category`, `settings`, `dateCreated`, `dateUpdated`, `uid`) VALUES
 ('1', 'email', '{\"protocol\":\"php\",\"emailAddress\":\"mort@instrument.com\",\"senderName\":\"Snapchat Craft\"}', '2017-07-20 17:27:58', '2017-07-20 17:27:58', '8284fafb-9849-42cc-9de1-509248b054ef');



DROP TABLE IF EXISTS `craft_taggroups`;


--
-- Schema for table `craft_taggroups`
--
CREATE TABLE `craft_taggroups` (
  `id` int(11) NOT NULL AUTO_INCREMENT,
  `name` varchar(255) COLLATE utf8_unicode_ci NOT NULL,
  `handle` varchar(255) COLLATE utf8_unicode_ci NOT NULL,
  `fieldLayoutId` int(10) DEFAULT NULL,
  `dateCreated` datetime NOT NULL,
  `dateUpdated` datetime NOT NULL,
  `uid` char(36) COLLATE utf8_unicode_ci NOT NULL DEFAULT '0',
  PRIMARY KEY (`id`),
  UNIQUE KEY `craft_taggroups_name_unq_idx` (`name`),
  UNIQUE KEY `craft_taggroups_handle_unq_idx` (`handle`),
  KEY `craft_taggroups_fieldLayoutId_fk` (`fieldLayoutId`)
) ENGINE=InnoDB AUTO_INCREMENT=2 DEFAULT CHARSET=utf8 COLLATE=utf8_unicode_ci;

--
-- Data for table `craft_taggroups`
--

INSERT INTO `craft_taggroups` (`id`, `name`, `handle`, `fieldLayoutId`, `dateCreated`, `dateUpdated`, `uid`) VALUES
 ('1', 'Default', 'default', '1', '2017-07-20 17:27:58', '2017-07-20 17:27:58', 'ce504d2d-cb72-4acb-ac26-d0f90ac129d8');



DROP TABLE IF EXISTS `craft_tags`;


--
-- Schema for table `craft_tags`
--
CREATE TABLE `craft_tags` (
  `id` int(11) NOT NULL,
  `groupId` int(11) NOT NULL,
  `dateCreated` datetime NOT NULL,
  `dateUpdated` datetime NOT NULL,
  `uid` char(36) COLLATE utf8_unicode_ci NOT NULL DEFAULT '0',
  PRIMARY KEY (`id`),
  KEY `craft_tags_groupId_fk` (`groupId`)
) ENGINE=InnoDB DEFAULT CHARSET=utf8 COLLATE=utf8_unicode_ci;

DROP TABLE IF EXISTS `craft_tasks`;


--
-- Schema for table `craft_tasks`
--
CREATE TABLE `craft_tasks` (
  `id` int(11) NOT NULL AUTO_INCREMENT,
  `root` int(11) unsigned DEFAULT NULL,
  `lft` int(11) unsigned NOT NULL,
  `rgt` int(11) unsigned NOT NULL,
  `level` smallint(6) unsigned NOT NULL,
  `currentStep` int(11) unsigned DEFAULT NULL,
  `totalSteps` int(11) unsigned DEFAULT NULL,
  `status` enum('pending','error','running') COLLATE utf8_unicode_ci DEFAULT NULL,
  `type` varchar(150) COLLATE utf8_unicode_ci NOT NULL,
  `description` varchar(255) COLLATE utf8_unicode_ci DEFAULT NULL,
  `settings` mediumtext COLLATE utf8_unicode_ci,
  `dateCreated` datetime NOT NULL,
  `dateUpdated` datetime NOT NULL,
  `uid` char(36) COLLATE utf8_unicode_ci NOT NULL DEFAULT '0',
  PRIMARY KEY (`id`),
  KEY `craft_tasks_root_idx` (`root`),
  KEY `craft_tasks_lft_idx` (`lft`),
  KEY `craft_tasks_rgt_idx` (`rgt`),
  KEY `craft_tasks_level_idx` (`level`)
) ENGINE=InnoDB AUTO_INCREMENT=41 DEFAULT CHARSET=utf8 COLLATE=utf8_unicode_ci;

DROP TABLE IF EXISTS `craft_templatecachecriteria`;


--
-- Schema for table `craft_templatecachecriteria`
--
CREATE TABLE `craft_templatecachecriteria` (
  `id` int(11) NOT NULL AUTO_INCREMENT,
  `cacheId` int(11) NOT NULL,
  `type` varchar(150) COLLATE utf8_unicode_ci NOT NULL,
  `criteria` text COLLATE utf8_unicode_ci NOT NULL,
  PRIMARY KEY (`id`),
  KEY `craft_templatecachecriteria_cacheId_fk` (`cacheId`),
  KEY `craft_templatecachecriteria_type_idx` (`type`)
) ENGINE=InnoDB DEFAULT CHARSET=utf8 COLLATE=utf8_unicode_ci;

DROP TABLE IF EXISTS `craft_templatecacheelements`;


--
-- Schema for table `craft_templatecacheelements`
--
CREATE TABLE `craft_templatecacheelements` (
  `cacheId` int(11) NOT NULL,
  `elementId` int(11) NOT NULL,
  KEY `craft_templatecacheelements_cacheId_fk` (`cacheId`),
  KEY `craft_templatecacheelements_elementId_fk` (`elementId`)
) ENGINE=InnoDB DEFAULT CHARSET=utf8 COLLATE=utf8_unicode_ci;

DROP TABLE IF EXISTS `craft_templatecaches`;


--
-- Schema for table `craft_templatecaches`
--
CREATE TABLE `craft_templatecaches` (
  `id` int(11) NOT NULL AUTO_INCREMENT,
  `cacheKey` varchar(255) COLLATE utf8_unicode_ci NOT NULL,
  `locale` char(12) COLLATE utf8_unicode_ci NOT NULL,
  `path` varchar(255) COLLATE utf8_unicode_ci DEFAULT NULL,
  `expiryDate` datetime NOT NULL,
  `body` mediumtext COLLATE utf8_unicode_ci NOT NULL,
  PRIMARY KEY (`id`),
  KEY `craft_templatecaches_expiryDate_cacheKey_locale_path_idx` (`expiryDate`,`cacheKey`,`locale`,`path`),
  KEY `craft_templatecaches_locale_fk` (`locale`)
) ENGINE=InnoDB DEFAULT CHARSET=utf8 COLLATE=utf8_unicode_ci;

DROP TABLE IF EXISTS `craft_tokens`;


--
-- Schema for table `craft_tokens`
--
CREATE TABLE `craft_tokens` (
  `id` int(11) NOT NULL AUTO_INCREMENT,
  `token` char(32) COLLATE utf8_unicode_ci NOT NULL,
  `route` text COLLATE utf8_unicode_ci,
  `usageLimit` tinyint(3) unsigned DEFAULT NULL,
  `usageCount` tinyint(3) unsigned DEFAULT NULL,
  `expiryDate` datetime NOT NULL,
  `dateCreated` datetime NOT NULL,
  `dateUpdated` datetime NOT NULL,
  `uid` char(36) COLLATE utf8_unicode_ci NOT NULL DEFAULT '0',
  PRIMARY KEY (`id`),
  UNIQUE KEY `craft_tokens_token_unq_idx` (`token`),
  KEY `craft_tokens_expiryDate_idx` (`expiryDate`)
) ENGINE=InnoDB DEFAULT CHARSET=utf8 COLLATE=utf8_unicode_ci;

DROP TABLE IF EXISTS `craft_usergroups`;


--
-- Schema for table `craft_usergroups`
--
CREATE TABLE `craft_usergroups` (
  `id` int(11) NOT NULL AUTO_INCREMENT,
  `name` varchar(255) COLLATE utf8_unicode_ci NOT NULL,
  `handle` varchar(255) COLLATE utf8_unicode_ci NOT NULL,
  `dateCreated` datetime NOT NULL,
  `dateUpdated` datetime NOT NULL,
  `uid` char(36) COLLATE utf8_unicode_ci NOT NULL DEFAULT '0',
  PRIMARY KEY (`id`),
  UNIQUE KEY `craft_usergroups_name_unq_idx` (`name`),
  UNIQUE KEY `craft_usergroups_handle_unq_idx` (`handle`)
) ENGINE=InnoDB AUTO_INCREMENT=3 DEFAULT CHARSET=utf8 COLLATE=utf8_unicode_ci;

--
-- Data for table `craft_usergroups`
--

INSERT INTO `craft_usergroups` (`id`, `name`, `handle`, `dateCreated`, `dateUpdated`, `uid`) VALUES
 ('1', 'Global Admin', 'globalAdmin', '2017-07-20 17:54:32', '2017-07-20 17:54:32', '82dcebed-a933-4529-a5e8-e3314125faf1'),
 ('2', 'Regional Admin', 'regionalAdmin', '2017-07-20 17:54:54', '2017-07-20 17:54:54', '7a768e2e-83c0-4842-a810-07d5d5cb84f8');



DROP TABLE IF EXISTS `craft_usergroups_users`;


--
-- Schema for table `craft_usergroups_users`
--
CREATE TABLE `craft_usergroups_users` (
  `id` int(11) NOT NULL AUTO_INCREMENT,
  `groupId` int(11) NOT NULL,
  `userId` int(11) NOT NULL,
  `dateCreated` datetime NOT NULL,
  `dateUpdated` datetime NOT NULL,
  `uid` char(36) COLLATE utf8_unicode_ci NOT NULL DEFAULT '0',
  PRIMARY KEY (`id`),
  UNIQUE KEY `craft_usergroups_users_groupId_userId_unq_idx` (`groupId`,`userId`),
  KEY `craft_usergroups_users_userId_fk` (`userId`)
) ENGINE=InnoDB DEFAULT CHARSET=utf8 COLLATE=utf8_unicode_ci;

DROP TABLE IF EXISTS `craft_userpermissions`;


--
-- Schema for table `craft_userpermissions`
--
CREATE TABLE `craft_userpermissions` (
  `id` int(11) NOT NULL AUTO_INCREMENT,
  `name` varchar(255) COLLATE utf8_unicode_ci NOT NULL,
  `dateCreated` datetime NOT NULL,
  `dateUpdated` datetime NOT NULL,
  `uid` char(36) COLLATE utf8_unicode_ci NOT NULL DEFAULT '0',
  PRIMARY KEY (`id`),
  UNIQUE KEY `craft_userpermissions_name_unq_idx` (`name`)
) ENGINE=InnoDB AUTO_INCREMENT=26 DEFAULT CHARSET=utf8 COLLATE=utf8_unicode_ci;

--
-- Data for table `craft_userpermissions`
--

INSERT INTO `craft_userpermissions` (`id`, `name`, `dateCreated`, `dateUpdated`, `uid`) VALUES
 ('1', 'accesssitewhensystemisoff', '2017-07-20 17:54:32', '2017-07-20 17:54:32', '497f4529-cdf6-411b-877a-7e81b977da07'),
 ('2', 'accesscpwhensystemisoff', '2017-07-20 17:54:32', '2017-07-20 17:54:32', '69a414cd-0abb-4436-92d0-8f86f15f9372'),
 ('3', 'performupdates', '2017-07-20 17:54:32', '2017-07-20 17:54:32', '17611eb1-b543-4f98-ae5c-9fb4aa83d418'),
 ('4', 'accesscp', '2017-07-20 17:54:32', '2017-07-20 17:54:32', '6d40c40e-0cc6-462b-8b88-76fa67acf1de'),
 ('5', 'registerusers', '2017-07-20 17:54:32', '2017-07-20 17:54:32', '5d0f9848-05bd-47e3-a337-85d166c80557'),
 ('6', 'assignuserpermissions', '2017-07-20 17:54:32', '2017-07-20 17:54:32', 'e522b228-9d7c-4f23-b77d-a82fb4875f1b'),
 ('7', 'changeuseremails', '2017-07-20 17:54:32', '2017-07-20 17:54:32', '1071c08f-52cd-4ccd-8cb2-dac16c3d1808'),
 ('8', 'administrateusers', '2017-07-20 17:54:32', '2017-07-20 17:54:32', '50ac9b7d-a1f8-4284-acdc-c9786b4c2449'),
 ('9', 'editusers', '2017-07-20 17:54:32', '2017-07-20 17:54:32', '1e6bae15-97e0-4582-9aa9-8204e8f8bec0'),
 ('10', 'deleteusers', '2017-07-20 17:54:32', '2017-07-20 17:54:32', '8ef42943-c02d-4c49-abea-89dc4adda7a6'),
 ('11', 'publishentries:1', '2017-07-20 17:54:32', '2017-07-20 17:54:32', 'f195006d-a67f-4201-8428-3d195f60c8f0'),
 ('12', 'publishpeerentrydrafts:1', '2017-07-20 17:54:32', '2017-07-20 17:54:32', '13c7f58f-1e20-4fbb-84fe-3a04339f2cf5'),
 ('13', 'deletepeerentrydrafts:1', '2017-07-20 17:54:32', '2017-07-20 17:54:32', '5fb24696-54c8-4cf3-a621-cf8ee50bb5ed'),
 ('14', 'editpeerentrydrafts:1', '2017-07-20 17:54:32', '2017-07-20 17:54:32', 'ad014a15-02aa-4aea-862f-da615013b4b2'),
 ('15', 'editentries:1', '2017-07-20 17:54:32', '2017-07-20 17:54:32', '150a63ef-1002-4c4d-966b-7d286999f9a3'),
 ('16', 'createentries:2', '2017-07-20 17:54:32', '2017-07-20 17:54:32', '9e3114d2-842f-472a-8eab-9c601a4950ab'),
 ('17', 'publishentries:2', '2017-07-20 17:54:32', '2017-07-20 17:54:32', 'c0c108b6-313a-4e65-b41a-33999cfeaf7c'),
 ('18', 'deleteentries:2', '2017-07-20 17:54:32', '2017-07-20 17:54:32', '778adf8c-673f-4b11-a44d-e65a3fa31a14'),
 ('19', 'publishpeerentries:2', '2017-07-20 17:54:32', '2017-07-20 17:54:32', '83d6a821-f1f4-4787-9260-abe93b36e804'),
 ('20', 'deletepeerentries:2', '2017-07-20 17:54:32', '2017-07-20 17:54:32', 'f709d89d-5037-4062-9a00-a63bce8d7d8e'),
 ('21', 'editpeerentries:2', '2017-07-20 17:54:32', '2017-07-20 17:54:32', '03042f32-153f-4c6b-a011-037abd07a762'),
 ('22', 'publishpeerentrydrafts:2', '2017-07-20 17:54:32', '2017-07-20 17:54:32', '73cf56d4-d9c6-4484-9d39-c536ddeab0e9'),
 ('23', 'deletepeerentrydrafts:2', '2017-07-20 17:54:32', '2017-07-20 17:54:32', '1d740493-70df-4a3b-8152-0814e9e1577c'),
 ('24', 'editpeerentrydrafts:2', '2017-07-20 17:54:32', '2017-07-20 17:54:32', 'a202092a-ccf3-405c-b5c4-a26ce372c548'),
 ('25', 'editentries:2', '2017-07-20 17:54:32', '2017-07-20 17:54:32', '6e80203a-237a-477c-92cd-9e819e0f539e');



DROP TABLE IF EXISTS `craft_userpermissions_usergroups`;


--
-- Schema for table `craft_userpermissions_usergroups`
--
CREATE TABLE `craft_userpermissions_usergroups` (
  `id` int(11) NOT NULL AUTO_INCREMENT,
  `permissionId` int(11) NOT NULL,
  `groupId` int(11) NOT NULL,
  `dateCreated` datetime NOT NULL,
  `dateUpdated` datetime NOT NULL,
  `uid` char(36) COLLATE utf8_unicode_ci NOT NULL DEFAULT '0',
  PRIMARY KEY (`id`),
  UNIQUE KEY `craft_userpermissions_usergroups_permissionId_groupId_unq_idx` (`permissionId`,`groupId`),
  KEY `craft_userpermissions_usergroups_groupId_fk` (`groupId`)
) ENGINE=InnoDB AUTO_INCREMENT=51 DEFAULT CHARSET=utf8 COLLATE=utf8_unicode_ci;

--
-- Data for table `craft_userpermissions_usergroups`
--

INSERT INTO `craft_userpermissions_usergroups` (`id`, `permissionId`, `groupId`, `dateCreated`, `dateUpdated`, `uid`) VALUES
 ('1', '1', '1', '2017-07-20 17:54:32', '2017-07-20 17:54:32', 'd916a45f-6663-4328-a59d-3c41d67b5dff'),
 ('2', '2', '1', '2017-07-20 17:54:32', '2017-07-20 17:54:32', '42cf081b-0ac8-4cbb-b911-559197445085'),
 ('3', '3', '1', '2017-07-20 17:54:32', '2017-07-20 17:54:32', 'ef974301-230e-4f96-b151-0aadadf38b10'),
 ('4', '4', '1', '2017-07-20 17:54:32', '2017-07-20 17:54:32', '29ce5f6a-eccf-48e4-8d14-190d3fa7d50d'),
 ('5', '5', '1', '2017-07-20 17:54:32', '2017-07-20 17:54:32', '2e05dd32-4936-413b-b8b7-fd267f116716'),
 ('6', '6', '1', '2017-07-20 17:54:32', '2017-07-20 17:54:32', 'd2173876-56da-454f-a1c2-a7da99e8f9b5'),
 ('7', '7', '1', '2017-07-20 17:54:32', '2017-07-20 17:54:32', '9328c47a-0860-4168-8fa3-59a161bfff1c'),
 ('8', '8', '1', '2017-07-20 17:54:32', '2017-07-20 17:54:32', 'b3df1fbf-8cfc-4c56-846e-ba49b535aa69'),
 ('9', '9', '1', '2017-07-20 17:54:32', '2017-07-20 17:54:32', 'c945a3f4-6f2b-4715-ab95-a2ad32c78ce1'),
 ('10', '10', '1', '2017-07-20 17:54:32', '2017-07-20 17:54:32', 'd17feb50-a983-4c82-b6fc-1af4918111df'),
 ('11', '11', '1', '2017-07-20 17:54:32', '2017-07-20 17:54:32', 'd8e39d9f-2729-47ea-9ba6-a75d1a815b4b'),
 ('12', '12', '1', '2017-07-20 17:54:32', '2017-07-20 17:54:32', '0e50beba-d632-4b27-aad7-90fb67f5f5c8'),
 ('13', '13', '1', '2017-07-20 17:54:32', '2017-07-20 17:54:32', '88a82b18-d587-4265-ae99-b741b1e16a49'),
 ('14', '14', '1', '2017-07-20 17:54:32', '2017-07-20 17:54:32', '57da7654-bee7-45fa-a541-de57671d5e0b'),
 ('15', '15', '1', '2017-07-20 17:54:32', '2017-07-20 17:54:32', '8d52c203-6c92-480d-8d15-a8f9707bc13c'),
 ('16', '16', '1', '2017-07-20 17:54:32', '2017-07-20 17:54:32', 'e160f4a5-f428-4633-9e23-d6e335343960'),
 ('17', '17', '1', '2017-07-20 17:54:32', '2017-07-20 17:54:32', 'c085dccd-9750-4996-a446-51a9f627dbed'),
 ('18', '18', '1', '2017-07-20 17:54:32', '2017-07-20 17:54:32', '162223c1-341a-4b93-8d4d-c9b637a7aef7'),
 ('19', '19', '1', '2017-07-20 17:54:32', '2017-07-20 17:54:32', '1ca855cd-2ab5-4d10-a8da-b264c2d1750f'),
 ('20', '20', '1', '2017-07-20 17:54:32', '2017-07-20 17:54:32', 'e8fe7e12-1809-4d2a-87a3-a8ec38f07994'),
 ('21', '21', '1', '2017-07-20 17:54:32', '2017-07-20 17:54:32', '4937c183-e4d9-4c7e-a308-5d34c3c51808'),
 ('22', '22', '1', '2017-07-20 17:54:32', '2017-07-20 17:54:32', '2bc5fb10-ac0f-43de-a8d3-0b6281bb20da'),
 ('23', '23', '1', '2017-07-20 17:54:32', '2017-07-20 17:54:32', 'bfa3d30b-ca8d-4362-9093-262f8477539c'),
 ('24', '24', '1', '2017-07-20 17:54:32', '2017-07-20 17:54:32', '121f8f0f-c1dc-4303-84d4-76c83154615c'),
 ('25', '25', '1', '2017-07-20 17:54:32', '2017-07-20 17:54:32', '8b075bf9-06fc-4977-9850-4d9231bac6bf'),
 ('26', '1', '2', '2017-07-20 17:54:54', '2017-07-20 17:54:54', '678bfd0b-681d-42c2-9dea-bf21355571e2'),
 ('27', '2', '2', '2017-07-20 17:54:54', '2017-07-20 17:54:54', 'c37489bd-872b-44bd-a38a-c2a6cd9e4623'),
 ('28', '3', '2', '2017-07-20 17:54:54', '2017-07-20 17:54:54', '9ae97379-05de-4ca2-b52c-c57df54fcb72'),
 ('29', '4', '2', '2017-07-20 17:54:54', '2017-07-20 17:54:54', '6e92f400-cdd5-439c-abbb-0d0fd336410f'),
 ('30', '5', '2', '2017-07-20 17:54:54', '2017-07-20 17:54:54', '77d67795-f806-4c4d-ac02-e749f215657a'),
 ('31', '6', '2', '2017-07-20 17:54:54', '2017-07-20 17:54:54', '79ba303b-e3f8-4221-81a7-501dcee8f298'),
 ('32', '7', '2', '2017-07-20 17:54:54', '2017-07-20 17:54:54', 'ef14863f-5c28-4ef3-b1fb-566f4be10e5a'),
 ('33', '8', '2', '2017-07-20 17:54:54', '2017-07-20 17:54:54', 'c70b5d65-f1f8-4060-8cb2-3a58b800a2ed'),
 ('34', '9', '2', '2017-07-20 17:54:54', '2017-07-20 17:54:54', 'e54dc168-3b03-4c3b-a023-32f3e69e5441'),
 ('35', '10', '2', '2017-07-20 17:54:54', '2017-07-20 17:54:54', 'bb199c93-0aa5-47be-b346-59fa47b16144'),
 ('36', '11', '2', '2017-07-20 17:54:54', '2017-07-20 17:54:54', '4899d82b-d513-4dad-b93e-1a95b8b0579c'),
 ('37', '12', '2', '2017-07-20 17:54:54', '2017-07-20 17:54:54', 'd2e764b7-56ec-4dd7-8ac4-e127a25c4fec'),
 ('38', '13', '2', '2017-07-20 17:54:54', '2017-07-20 17:54:54', '140c0728-199d-4479-aa94-adc8e47a6929'),
 ('39', '14', '2', '2017-07-20 17:54:54', '2017-07-20 17:54:54', 'd6685e58-906c-4631-90fb-53cb7399426f'),
 ('40', '15', '2', '2017-07-20 17:54:54', '2017-07-20 17:54:54', 'd1408aa2-da88-465d-b6ff-12ff188ce9d7'),
 ('41', '16', '2', '2017-07-20 17:54:54', '2017-07-20 17:54:54', 'e8ff1677-45c3-46a6-aefb-e22a8c095f2f'),
 ('42', '17', '2', '2017-07-20 17:54:54', '2017-07-20 17:54:54', '67d6da06-5f8f-4e53-a884-d9a8a0c14e80'),
 ('43', '18', '2', '2017-07-20 17:54:54', '2017-07-20 17:54:54', '93a4de4d-9ddc-4359-99ce-f0f77a0bd803'),
 ('44', '19', '2', '2017-07-20 17:54:54', '2017-07-20 17:54:54', '46bb7c2b-ba76-4cfb-bd12-c917eb00093b'),
 ('45', '20', '2', '2017-07-20 17:54:54', '2017-07-20 17:54:54', '6b242555-9916-45bc-9296-b57097dd48ff'),
 ('46', '21', '2', '2017-07-20 17:54:54', '2017-07-20 17:54:54', '11d496ab-fd1f-42e3-9b4a-d393f3a35651'),
 ('47', '22', '2', '2017-07-20 17:54:54', '2017-07-20 17:54:54', '911e8ff1-00be-465c-8aa8-71684f2870d7'),
 ('48', '23', '2', '2017-07-20 17:54:54', '2017-07-20 17:54:54', 'ce207e28-b79d-4bbc-bd72-134aef6a6510'),
 ('49', '24', '2', '2017-07-20 17:54:54', '2017-07-20 17:54:54', '78899074-a868-40af-89ae-d96084a9ef5e'),
 ('50', '25', '2', '2017-07-20 17:54:54', '2017-07-20 17:54:54', '660e7d3a-7c59-49c0-ac36-85e17bd415e2');



DROP TABLE IF EXISTS `craft_userpermissions_users`;


--
-- Schema for table `craft_userpermissions_users`
--
CREATE TABLE `craft_userpermissions_users` (
  `id` int(11) NOT NULL AUTO_INCREMENT,
  `permissionId` int(11) NOT NULL,
  `userId` int(11) NOT NULL,
  `dateCreated` datetime NOT NULL,
  `dateUpdated` datetime NOT NULL,
  `uid` char(36) COLLATE utf8_unicode_ci NOT NULL DEFAULT '0',
  PRIMARY KEY (`id`),
  UNIQUE KEY `craft_userpermissions_users_permissionId_userId_unq_idx` (`permissionId`,`userId`),
  KEY `craft_userpermissions_users_userId_fk` (`userId`)
) ENGINE=InnoDB DEFAULT CHARSET=utf8 COLLATE=utf8_unicode_ci;

DROP TABLE IF EXISTS `craft_users`;


--
-- Schema for table `craft_users`
--
CREATE TABLE `craft_users` (
  `id` int(11) NOT NULL,
  `username` varchar(100) COLLATE utf8_unicode_ci NOT NULL,
  `photo` varchar(100) COLLATE utf8_unicode_ci DEFAULT NULL,
  `firstName` varchar(100) COLLATE utf8_unicode_ci DEFAULT NULL,
  `lastName` varchar(100) COLLATE utf8_unicode_ci DEFAULT NULL,
  `email` varchar(255) COLLATE utf8_unicode_ci NOT NULL,
  `password` char(255) COLLATE utf8_unicode_ci DEFAULT NULL,
  `preferredLocale` char(12) COLLATE utf8_unicode_ci DEFAULT NULL,
  `weekStartDay` tinyint(1) unsigned NOT NULL DEFAULT '0',
  `admin` tinyint(1) unsigned NOT NULL DEFAULT '0',
  `client` tinyint(1) unsigned NOT NULL DEFAULT '0',
  `locked` tinyint(1) unsigned NOT NULL DEFAULT '0',
  `suspended` tinyint(1) unsigned NOT NULL DEFAULT '0',
  `pending` tinyint(1) unsigned NOT NULL DEFAULT '0',
  `archived` tinyint(1) unsigned NOT NULL DEFAULT '0',
  `lastLoginDate` datetime DEFAULT NULL,
  `lastLoginAttemptIPAddress` varchar(45) COLLATE utf8_unicode_ci DEFAULT NULL,
  `invalidLoginWindowStart` datetime DEFAULT NULL,
  `invalidLoginCount` tinyint(4) unsigned DEFAULT NULL,
  `lastInvalidLoginDate` datetime DEFAULT NULL,
  `lockoutDate` datetime DEFAULT NULL,
  `verificationCode` char(100) COLLATE utf8_unicode_ci DEFAULT NULL,
  `verificationCodeIssuedDate` datetime DEFAULT NULL,
  `unverifiedEmail` varchar(255) COLLATE utf8_unicode_ci DEFAULT NULL,
  `passwordResetRequired` tinyint(1) unsigned NOT NULL DEFAULT '0',
  `lastPasswordChangeDate` datetime DEFAULT NULL,
  `dateCreated` datetime NOT NULL,
  `dateUpdated` datetime NOT NULL,
  `uid` char(36) COLLATE utf8_unicode_ci NOT NULL DEFAULT '0',
  PRIMARY KEY (`id`),
  UNIQUE KEY `craft_users_username_unq_idx` (`username`),
  UNIQUE KEY `craft_users_email_unq_idx` (`email`),
  KEY `craft_users_verificationCode_idx` (`verificationCode`),
  KEY `craft_users_uid_idx` (`uid`),
  KEY `craft_users_preferredLocale_fk` (`preferredLocale`)
) ENGINE=InnoDB DEFAULT CHARSET=utf8 COLLATE=utf8_unicode_ci;

--
-- Data for table `craft_users`
--

INSERT INTO `craft_users` (`id`, `username`, `photo`, `firstName`, `lastName`, `email`, `password`, `preferredLocale`, `weekStartDay`, `admin`, `client`, `locked`, `suspended`, `pending`, `archived`, `lastLoginDate`, `lastLoginAttemptIPAddress`, `invalidLoginWindowStart`, `invalidLoginCount`, `lastInvalidLoginDate`, `lockoutDate`, `verificationCode`, `verificationCodeIssuedDate`, `unverifiedEmail`, `passwordResetRequired`, `lastPasswordChangeDate`, `dateCreated`, `dateUpdated`, `uid`) VALUES
 ('1', 'admin', NULL, 'Snapchat', 'Admin', 'mort@instrument.com', '$2y$13$spWSKNtSN5KSJchmQR2vpO7GieIJSjdUcqGsTwSEQ2mb/E7cwLJM.', NULL, '1', '1', '0', '0', '0', '0', '0', '2017-08-01 03:28:32', '192.168.10.1', NULL, NULL, '2017-07-26 20:03:10', '2017-07-26 20:03:10', NULL, NULL, NULL, '0', '2017-07-28 21:23:12', '2017-07-20 17:27:58', '2017-08-01 03:28:32', '12ab32bb-93fe-4e7b-94de-58689044e855');



DROP TABLE IF EXISTS `craft_widgets`;


--
-- Schema for table `craft_widgets`
--
CREATE TABLE `craft_widgets` (
  `id` int(11) NOT NULL AUTO_INCREMENT,
  `userId` int(11) NOT NULL,
  `type` varchar(150) COLLATE utf8_unicode_ci NOT NULL,
  `sortOrder` smallint(6) unsigned DEFAULT NULL,
  `colspan` tinyint(4) unsigned DEFAULT NULL,
  `settings` text COLLATE utf8_unicode_ci,
  `enabled` tinyint(1) unsigned NOT NULL DEFAULT '1',
  `dateCreated` datetime NOT NULL,
  `dateUpdated` datetime NOT NULL,
  `uid` char(36) COLLATE utf8_unicode_ci NOT NULL DEFAULT '0',
  PRIMARY KEY (`id`),
  KEY `craft_widgets_userId_fk` (`userId`)
) ENGINE=InnoDB AUTO_INCREMENT=5 DEFAULT CHARSET=utf8 COLLATE=utf8_unicode_ci;

--
-- Data for table `craft_widgets`
--

INSERT INTO `craft_widgets` (`id`, `userId`, `type`, `sortOrder`, `colspan`, `settings`, `enabled`, `dateCreated`, `dateUpdated`, `uid`) VALUES
 ('1', '1', 'RecentEntries', '1', NULL, NULL, '1', '2017-07-20 17:28:13', '2017-07-20 17:28:13', 'd3ea45e2-04d8-4a5f-8622-c8fe5dc9b291'),
 ('2', '1', 'GetHelp', '2', NULL, NULL, '1', '2017-07-20 17:28:13', '2017-07-20 17:28:13', '260ef225-c50b-42b0-903a-a02433bf91de'),
 ('3', '1', 'Updates', '3', NULL, NULL, '1', '2017-07-20 17:28:13', '2017-07-20 17:28:13', '22142cf4-8c50-4f08-927e-d4ac856bd5cd'),
 ('4', '1', 'Feed', '4', NULL, '{\"url\":\"https:\\/\\/craftcms.com\\/news.rss\",\"title\":\"Craft News\"}', '1', '2017-07-20 17:28:13', '2017-07-20 17:28:13', '4db41d4a-72c3-43e2-bf73-36dee07837b8');


--
-- Constraints for tables
--


--
-- Constraints for table `craft_assetfiles`
--
ALTER TABLE `craft_assetfiles`
	ADD CONSTRAINT `craft_assetfiles_folderId_fk` FOREIGN KEY (`folderId`) REFERENCES `craft_assetfolders` (`id`) ON DELETE CASCADE,
	ADD CONSTRAINT `craft_assetfiles_id_fk` FOREIGN KEY (`id`) REFERENCES `craft_elements` (`id`) ON DELETE CASCADE,
	ADD CONSTRAINT `craft_assetfiles_sourceId_fk` FOREIGN KEY (`sourceId`) REFERENCES `craft_assetsources` (`id`) ON DELETE CASCADE;

--
-- Constraints for table `craft_assetfolders`
--
ALTER TABLE `craft_assetfolders`
	ADD CONSTRAINT `craft_assetfolders_parentId_fk` FOREIGN KEY (`parentId`) REFERENCES `craft_assetfolders` (`id`) ON DELETE CASCADE,
	ADD CONSTRAINT `craft_assetfolders_sourceId_fk` FOREIGN KEY (`sourceId`) REFERENCES `craft_assetsources` (`id`) ON DELETE CASCADE;

--
-- Constraints for table `craft_assetindexdata`
--
ALTER TABLE `craft_assetindexdata`
	ADD CONSTRAINT `craft_assetindexdata_sourceId_fk` FOREIGN KEY (`sourceId`) REFERENCES `craft_assetsources` (`id`) ON DELETE CASCADE;

--
-- Constraints for table `craft_assetsources`
--
ALTER TABLE `craft_assetsources`
	ADD CONSTRAINT `craft_assetsources_fieldLayoutId_fk` FOREIGN KEY (`fieldLayoutId`) REFERENCES `craft_fieldlayouts` (`id`) ON DELETE SET NULL;

--
-- Constraints for table `craft_categories`
--
ALTER TABLE `craft_categories`
	ADD CONSTRAINT `craft_categories_groupId_fk` FOREIGN KEY (`groupId`) REFERENCES `craft_categorygroups` (`id`) ON DELETE CASCADE,
	ADD CONSTRAINT `craft_categories_id_fk` FOREIGN KEY (`id`) REFERENCES `craft_elements` (`id`) ON DELETE CASCADE;

--
-- Constraints for table `craft_categorygroups`
--
ALTER TABLE `craft_categorygroups`
	ADD CONSTRAINT `craft_categorygroups_fieldLayoutId_fk` FOREIGN KEY (`fieldLayoutId`) REFERENCES `craft_fieldlayouts` (`id`) ON DELETE SET NULL,
	ADD CONSTRAINT `craft_categorygroups_structureId_fk` FOREIGN KEY (`structureId`) REFERENCES `craft_structures` (`id`) ON DELETE CASCADE;

--
-- Constraints for table `craft_categorygroups_i18n`
--
ALTER TABLE `craft_categorygroups_i18n`
	ADD CONSTRAINT `craft_categorygroups_i18n_groupId_fk` FOREIGN KEY (`groupId`) REFERENCES `craft_categorygroups` (`id`) ON DELETE CASCADE,
	ADD CONSTRAINT `craft_categorygroups_i18n_locale_fk` FOREIGN KEY (`locale`) REFERENCES `craft_locales` (`locale`) ON DELETE CASCADE ON UPDATE CASCADE;

--
-- Constraints for table `craft_content`
--
ALTER TABLE `craft_content`
	ADD CONSTRAINT `craft_content_elementId_fk` FOREIGN KEY (`elementId`) REFERENCES `craft_elements` (`id`) ON DELETE CASCADE,
	ADD CONSTRAINT `craft_content_locale_fk` FOREIGN KEY (`locale`) REFERENCES `craft_locales` (`locale`) ON DELETE CASCADE ON UPDATE CASCADE;

--
-- Constraints for table `craft_elements_i18n`
--
ALTER TABLE `craft_elements_i18n`
	ADD CONSTRAINT `craft_elements_i18n_elementId_fk` FOREIGN KEY (`elementId`) REFERENCES `craft_elements` (`id`) ON DELETE CASCADE,
	ADD CONSTRAINT `craft_elements_i18n_locale_fk` FOREIGN KEY (`locale`) REFERENCES `craft_locales` (`locale`) ON DELETE CASCADE ON UPDATE CASCADE;

--
-- Constraints for table `craft_emailmessages`
--
ALTER TABLE `craft_emailmessages`
	ADD CONSTRAINT `craft_emailmessages_locale_fk` FOREIGN KEY (`locale`) REFERENCES `craft_locales` (`locale`) ON DELETE CASCADE ON UPDATE CASCADE;

--
-- Constraints for table `craft_entries`
--
ALTER TABLE `craft_entries`
	ADD CONSTRAINT `craft_entries_authorId_fk` FOREIGN KEY (`authorId`) REFERENCES `craft_users` (`id`) ON DELETE CASCADE,
	ADD CONSTRAINT `craft_entries_id_fk` FOREIGN KEY (`id`) REFERENCES `craft_elements` (`id`) ON DELETE CASCADE,
	ADD CONSTRAINT `craft_entries_sectionId_fk` FOREIGN KEY (`sectionId`) REFERENCES `craft_sections` (`id`) ON DELETE CASCADE,
	ADD CONSTRAINT `craft_entries_typeId_fk` FOREIGN KEY (`typeId`) REFERENCES `craft_entrytypes` (`id`) ON DELETE CASCADE;

--
-- Constraints for table `craft_entrydrafts`
--
ALTER TABLE `craft_entrydrafts`
	ADD CONSTRAINT `craft_entrydrafts_creatorId_fk` FOREIGN KEY (`creatorId`) REFERENCES `craft_users` (`id`) ON DELETE CASCADE,
	ADD CONSTRAINT `craft_entrydrafts_entryId_fk` FOREIGN KEY (`entryId`) REFERENCES `craft_entries` (`id`) ON DELETE CASCADE,
	ADD CONSTRAINT `craft_entrydrafts_locale_fk` FOREIGN KEY (`locale`) REFERENCES `craft_locales` (`locale`) ON DELETE CASCADE ON UPDATE CASCADE,
	ADD CONSTRAINT `craft_entrydrafts_sectionId_fk` FOREIGN KEY (`sectionId`) REFERENCES `craft_sections` (`id`) ON DELETE CASCADE;

--
-- Constraints for table `craft_entrytypes`
--
ALTER TABLE `craft_entrytypes`
	ADD CONSTRAINT `craft_entrytypes_fieldLayoutId_fk` FOREIGN KEY (`fieldLayoutId`) REFERENCES `craft_fieldlayouts` (`id`) ON DELETE SET NULL,
	ADD CONSTRAINT `craft_entrytypes_sectionId_fk` FOREIGN KEY (`sectionId`) REFERENCES `craft_sections` (`id`) ON DELETE CASCADE;

--
-- Constraints for table `craft_entryversions`
--
ALTER TABLE `craft_entryversions`
	ADD CONSTRAINT `craft_entryversions_creatorId_fk` FOREIGN KEY (`creatorId`) REFERENCES `craft_users` (`id`) ON DELETE SET NULL,
	ADD CONSTRAINT `craft_entryversions_entryId_fk` FOREIGN KEY (`entryId`) REFERENCES `craft_entries` (`id`) ON DELETE CASCADE,
	ADD CONSTRAINT `craft_entryversions_locale_fk` FOREIGN KEY (`locale`) REFERENCES `craft_locales` (`locale`) ON DELETE CASCADE ON UPDATE CASCADE,
	ADD CONSTRAINT `craft_entryversions_sectionId_fk` FOREIGN KEY (`sectionId`) REFERENCES `craft_sections` (`id`) ON DELETE CASCADE;

--
-- Constraints for table `craft_fieldlayoutfields`
--
ALTER TABLE `craft_fieldlayoutfields`
	ADD CONSTRAINT `craft_fieldlayoutfields_fieldId_fk` FOREIGN KEY (`fieldId`) REFERENCES `craft_fields` (`id`) ON DELETE CASCADE,
	ADD CONSTRAINT `craft_fieldlayoutfields_layoutId_fk` FOREIGN KEY (`layoutId`) REFERENCES `craft_fieldlayouts` (`id`) ON DELETE CASCADE,
	ADD CONSTRAINT `craft_fieldlayoutfields_tabId_fk` FOREIGN KEY (`tabId`) REFERENCES `craft_fieldlayouttabs` (`id`) ON DELETE CASCADE;

--
-- Constraints for table `craft_fieldlayouttabs`
--
ALTER TABLE `craft_fieldlayouttabs`
	ADD CONSTRAINT `craft_fieldlayouttabs_layoutId_fk` FOREIGN KEY (`layoutId`) REFERENCES `craft_fieldlayouts` (`id`) ON DELETE CASCADE;

--
-- Constraints for table `craft_fields`
--
ALTER TABLE `craft_fields`
	ADD CONSTRAINT `craft_fields_groupId_fk` FOREIGN KEY (`groupId`) REFERENCES `craft_fieldgroups` (`id`) ON DELETE CASCADE;

--
-- Constraints for table `craft_globalsets`
--
ALTER TABLE `craft_globalsets`
	ADD CONSTRAINT `craft_globalsets_fieldLayoutId_fk` FOREIGN KEY (`fieldLayoutId`) REFERENCES `craft_fieldlayouts` (`id`) ON DELETE SET NULL,
	ADD CONSTRAINT `craft_globalsets_id_fk` FOREIGN KEY (`id`) REFERENCES `craft_elements` (`id`) ON DELETE CASCADE;

--
-- Constraints for table `craft_matrixblocks`
--
ALTER TABLE `craft_matrixblocks`
	ADD CONSTRAINT `craft_matrixblocks_fieldId_fk` FOREIGN KEY (`fieldId`) REFERENCES `craft_fields` (`id`) ON DELETE CASCADE,
	ADD CONSTRAINT `craft_matrixblocks_id_fk` FOREIGN KEY (`id`) REFERENCES `craft_elements` (`id`) ON DELETE CASCADE,
	ADD CONSTRAINT `craft_matrixblocks_ownerId_fk` FOREIGN KEY (`ownerId`) REFERENCES `craft_elements` (`id`) ON DELETE CASCADE,
	ADD CONSTRAINT `craft_matrixblocks_ownerLocale_fk` FOREIGN KEY (`ownerLocale`) REFERENCES `craft_locales` (`locale`) ON DELETE CASCADE ON UPDATE CASCADE,
	ADD CONSTRAINT `craft_matrixblocks_typeId_fk` FOREIGN KEY (`typeId`) REFERENCES `craft_matrixblocktypes` (`id`) ON DELETE CASCADE;

--
-- Constraints for table `craft_matrixblocktypes`
--
ALTER TABLE `craft_matrixblocktypes`
	ADD CONSTRAINT `craft_matrixblocktypes_fieldId_fk` FOREIGN KEY (`fieldId`) REFERENCES `craft_fields` (`id`) ON DELETE CASCADE,
	ADD CONSTRAINT `craft_matrixblocktypes_fieldLayoutId_fk` FOREIGN KEY (`fieldLayoutId`) REFERENCES `craft_fieldlayouts` (`id`) ON DELETE SET NULL;

--
-- Constraints for table `craft_matrixcontent_cb_copylockup`
--
ALTER TABLE `craft_matrixcontent_cb_copylockup`
	ADD CONSTRAINT `craft_matrixcontent_cb_copylockup_elementId_fk` FOREIGN KEY (`elementId`) REFERENCES `craft_elements` (`id`) ON DELETE CASCADE,
	ADD CONSTRAINT `craft_matrixcontent_cb_copylockup_locale_fk` FOREIGN KEY (`locale`) REFERENCES `craft_locales` (`locale`) ON DELETE CASCADE ON UPDATE CASCADE;

--
-- Constraints for table `craft_matrixcontent_chillahtooltip`
--
ALTER TABLE `craft_matrixcontent_chillahtooltip`
	ADD CONSTRAINT `craft_matrixcontent_chillahtooltip_elementId_fk` FOREIGN KEY (`elementId`) REFERENCES `craft_elements` (`id`) ON DELETE CASCADE,
	ADD CONSTRAINT `craft_matrixcontent_chillahtooltip_locale_fk` FOREIGN KEY (`locale`) REFERENCES `craft_locales` (`locale`) ON DELETE CASCADE ON UPDATE CASCADE;

--
-- Constraints for table `craft_matrixcontent_ctabuttons`
--
ALTER TABLE `craft_matrixcontent_ctabuttons`
	ADD CONSTRAINT `craft_matrixcontent_ctabuttons_elementId_fk` FOREIGN KEY (`elementId`) REFERENCES `craft_elements` (`id`) ON DELETE CASCADE,
	ADD CONSTRAINT `craft_matrixcontent_ctabuttons_locale_fk` FOREIGN KEY (`locale`) REFERENCES `craft_locales` (`locale`) ON DELETE CASCADE ON UPDATE CASCADE;

--
-- Constraints for table `craft_matrixcontent_devicetab`
--
ALTER TABLE `craft_matrixcontent_devicetab`
	ADD CONSTRAINT `craft_matrixcontent_devicetab_elementId_fk` FOREIGN KEY (`elementId`) REFERENCES `craft_elements` (`id`) ON DELETE CASCADE,
	ADD CONSTRAINT `craft_matrixcontent_devicetab_locale_fk` FOREIGN KEY (`locale`) REFERENCES `craft_locales` (`locale`) ON DELETE CASCADE ON UPDATE CASCADE;

--
-- Constraints for table `craft_matrixcontent_imagecardrow`
--
ALTER TABLE `craft_matrixcontent_imagecardrow`
	ADD CONSTRAINT `craft_matrixcontent_imagecardrow_elementId_fk` FOREIGN KEY (`elementId`) REFERENCES `craft_elements` (`id`) ON DELETE CASCADE,
	ADD CONSTRAINT `craft_matrixcontent_imagecardrow_locale_fk` FOREIGN KEY (`locale`) REFERENCES `craft_locales` (`locale`) ON DELETE CASCADE ON UPDATE CASCADE;

--
-- Constraints for table `craft_matrixcontent_mobiledevices`
--
ALTER TABLE `craft_matrixcontent_mobiledevices`
	ADD CONSTRAINT `craft_matrixcontent_mobiledevices_elementId_fk` FOREIGN KEY (`elementId`) REFERENCES `craft_elements` (`id`) ON DELETE CASCADE,
	ADD CONSTRAINT `craft_matrixcontent_mobiledevices_locale_fk` FOREIGN KEY (`locale`) REFERENCES `craft_locales` (`locale`) ON DELETE CASCADE ON UPDATE CASCADE;

--
-- Constraints for table `craft_matrixcontent_primarynavigation`
--
ALTER TABLE `craft_matrixcontent_primarynavigation`
	ADD CONSTRAINT `craft_matrixcontent_primarynavigation_elementId_fk` FOREIGN KEY (`elementId`) REFERENCES `craft_elements` (`id`) ON DELETE CASCADE,
	ADD CONSTRAINT `craft_matrixcontent_primarynavigation_locale_fk` FOREIGN KEY (`locale`) REFERENCES `craft_locales` (`locale`) ON DELETE CASCADE ON UPDATE CASCADE;

--
-- Constraints for table `craft_matrixcontent_secondarynavigation`
--
ALTER TABLE `craft_matrixcontent_secondarynavigation`
	ADD CONSTRAINT `craft_matrixcontent_secondarynavigation_elementId_fk` FOREIGN KEY (`elementId`) REFERENCES `craft_elements` (`id`) ON DELETE CASCADE,
	ADD CONSTRAINT `craft_matrixcontent_secondarynavigation_locale_fk` FOREIGN KEY (`locale`) REFERENCES `craft_locales` (`locale`) ON DELETE CASCADE ON UPDATE CASCADE;

--
-- Constraints for table `craft_matrixcontent_videostep`
--
ALTER TABLE `craft_matrixcontent_videostep`
	ADD CONSTRAINT `craft_matrixcontent_videostep_elementId_fk` FOREIGN KEY (`elementId`) REFERENCES `craft_elements` (`id`) ON DELETE CASCADE,
	ADD CONSTRAINT `craft_matrixcontent_videostep_locale_fk` FOREIGN KEY (`locale`) REFERENCES `craft_locales` (`locale`) ON DELETE CASCADE ON UPDATE CASCADE;

--
-- Constraints for table `craft_migrations`
--
ALTER TABLE `craft_migrations`
	ADD CONSTRAINT `craft_migrations_pluginId_fk` FOREIGN KEY (`pluginId`) REFERENCES `craft_plugins` (`id`) ON DELETE CASCADE;

--
-- Constraints for table `craft_neoblocks`
--
ALTER TABLE `craft_neoblocks`
	ADD CONSTRAINT `craft_neoblocks_fieldId_fk` FOREIGN KEY (`fieldId`) REFERENCES `craft_fields` (`id`) ON DELETE CASCADE,
	ADD CONSTRAINT `craft_neoblocks_id_fk` FOREIGN KEY (`id`) REFERENCES `craft_elements` (`id`) ON DELETE CASCADE,
	ADD CONSTRAINT `craft_neoblocks_ownerId_fk` FOREIGN KEY (`ownerId`) REFERENCES `craft_elements` (`id`) ON DELETE CASCADE,
	ADD CONSTRAINT `craft_neoblocks_ownerLocale_fk` FOREIGN KEY (`ownerLocale`) REFERENCES `craft_locales` (`locale`) ON DELETE CASCADE ON UPDATE CASCADE,
	ADD CONSTRAINT `craft_neoblocks_typeId_fk` FOREIGN KEY (`typeId`) REFERENCES `craft_neoblocktypes` (`id`) ON DELETE CASCADE;

--
-- Constraints for table `craft_neoblockstructures`
--
ALTER TABLE `craft_neoblockstructures`
	ADD CONSTRAINT `craft_neoblockstructures_fieldId_fk` FOREIGN KEY (`fieldId`) REFERENCES `craft_fields` (`id`) ON DELETE CASCADE,
	ADD CONSTRAINT `craft_neoblockstructures_ownerId_fk` FOREIGN KEY (`ownerId`) REFERENCES `craft_elements` (`id`) ON DELETE CASCADE,
	ADD CONSTRAINT `craft_neoblockstructures_ownerLocale_fk` FOREIGN KEY (`ownerLocale`) REFERENCES `craft_locales` (`locale`) ON DELETE CASCADE ON UPDATE CASCADE,
	ADD CONSTRAINT `craft_neoblockstructures_structureId_fk` FOREIGN KEY (`structureId`) REFERENCES `craft_structures` (`id`) ON DELETE CASCADE;

--
-- Constraints for table `craft_neoblocktypes`
--
ALTER TABLE `craft_neoblocktypes`
	ADD CONSTRAINT `craft_neoblocktypes_fieldId_fk` FOREIGN KEY (`fieldId`) REFERENCES `craft_fields` (`id`) ON DELETE CASCADE,
	ADD CONSTRAINT `craft_neoblocktypes_fieldLayoutId_fk` FOREIGN KEY (`fieldLayoutId`) REFERENCES `craft_fieldlayouts` (`id`) ON DELETE SET NULL;

--
-- Constraints for table `craft_neogroups`
--
ALTER TABLE `craft_neogroups`
	ADD CONSTRAINT `craft_neogroups_fieldId_fk` FOREIGN KEY (`fieldId`) REFERENCES `craft_fields` (`id`) ON DELETE CASCADE;

--
-- Constraints for table `craft_relations`
--
ALTER TABLE `craft_relations`
	ADD CONSTRAINT `craft_relations_fieldId_fk` FOREIGN KEY (`fieldId`) REFERENCES `craft_fields` (`id`) ON DELETE CASCADE,
	ADD CONSTRAINT `craft_relations_sourceId_fk` FOREIGN KEY (`sourceId`) REFERENCES `craft_elements` (`id`) ON DELETE CASCADE,
	ADD CONSTRAINT `craft_relations_sourceLocale_fk` FOREIGN KEY (`sourceLocale`) REFERENCES `craft_locales` (`locale`) ON DELETE CASCADE ON UPDATE CASCADE,
	ADD CONSTRAINT `craft_relations_targetId_fk` FOREIGN KEY (`targetId`) REFERENCES `craft_elements` (`id`) ON DELETE CASCADE;

--
-- Constraints for table `craft_routes`
--
ALTER TABLE `craft_routes`
	ADD CONSTRAINT `craft_routes_locale_fk` FOREIGN KEY (`locale`) REFERENCES `craft_locales` (`locale`) ON DELETE CASCADE ON UPDATE CASCADE;

--
-- Constraints for table `craft_sections`
--
ALTER TABLE `craft_sections`
	ADD CONSTRAINT `craft_sections_structureId_fk` FOREIGN KEY (`structureId`) REFERENCES `craft_structures` (`id`) ON DELETE SET NULL;

--
-- Constraints for table `craft_sections_i18n`
--
ALTER TABLE `craft_sections_i18n`
	ADD CONSTRAINT `craft_sections_i18n_locale_fk` FOREIGN KEY (`locale`) REFERENCES `craft_locales` (`locale`) ON DELETE CASCADE ON UPDATE CASCADE,
	ADD CONSTRAINT `craft_sections_i18n_sectionId_fk` FOREIGN KEY (`sectionId`) REFERENCES `craft_sections` (`id`) ON DELETE CASCADE;

--
-- Constraints for table `craft_sessions`
--
ALTER TABLE `craft_sessions`
	ADD CONSTRAINT `craft_sessions_userId_fk` FOREIGN KEY (`userId`) REFERENCES `craft_users` (`id`) ON DELETE CASCADE;

--
-- Constraints for table `craft_shunnedmessages`
--
ALTER TABLE `craft_shunnedmessages`
	ADD CONSTRAINT `craft_shunnedmessages_userId_fk` FOREIGN KEY (`userId`) REFERENCES `craft_users` (`id`) ON DELETE CASCADE;

--
-- Constraints for table `craft_structureelements`
--
ALTER TABLE `craft_structureelements`
	ADD CONSTRAINT `craft_structureelements_elementId_fk` FOREIGN KEY (`elementId`) REFERENCES `craft_elements` (`id`) ON DELETE CASCADE,
	ADD CONSTRAINT `craft_structureelements_structureId_fk` FOREIGN KEY (`structureId`) REFERENCES `craft_structures` (`id`) ON DELETE CASCADE;

--
-- Constraints for table `craft_supertablecontent_cb_elementgrids`
--
ALTER TABLE `craft_supertablecontent_cb_elementgrids`
	ADD CONSTRAINT `craft_supertablecontent_cb_elementgrids_elementId_fk` FOREIGN KEY (`elementId`) REFERENCES `craft_elements` (`id`) ON DELETE CASCADE,
	ADD CONSTRAINT `craft_supertablecontent_cb_elementgrids_locale_fk` FOREIGN KEY (`locale`) REFERENCES `craft_locales` (`locale`) ON DELETE CASCADE ON UPDATE CASCADE;

--
-- Constraints for table `craft_taggroups`
--
ALTER TABLE `craft_taggroups`
	ADD CONSTRAINT `craft_taggroups_fieldLayoutId_fk` FOREIGN KEY (`fieldLayoutId`) REFERENCES `craft_fieldlayouts` (`id`) ON DELETE SET NULL;

--
-- Constraints for table `craft_tags`
--
ALTER TABLE `craft_tags`
	ADD CONSTRAINT `craft_tags_groupId_fk` FOREIGN KEY (`groupId`) REFERENCES `craft_taggroups` (`id`) ON DELETE CASCADE,
	ADD CONSTRAINT `craft_tags_id_fk` FOREIGN KEY (`id`) REFERENCES `craft_elements` (`id`) ON DELETE CASCADE;

--
-- Constraints for table `craft_templatecachecriteria`
--
ALTER TABLE `craft_templatecachecriteria`
	ADD CONSTRAINT `craft_templatecachecriteria_cacheId_fk` FOREIGN KEY (`cacheId`) REFERENCES `craft_templatecaches` (`id`) ON DELETE CASCADE;

--
-- Constraints for table `craft_templatecacheelements`
--
ALTER TABLE `craft_templatecacheelements`
	ADD CONSTRAINT `craft_templatecacheelements_cacheId_fk` FOREIGN KEY (`cacheId`) REFERENCES `craft_templatecaches` (`id`) ON DELETE CASCADE,
	ADD CONSTRAINT `craft_templatecacheelements_elementId_fk` FOREIGN KEY (`elementId`) REFERENCES `craft_elements` (`id`) ON DELETE CASCADE;

--
-- Constraints for table `craft_templatecaches`
--
ALTER TABLE `craft_templatecaches`
	ADD CONSTRAINT `craft_templatecaches_locale_fk` FOREIGN KEY (`locale`) REFERENCES `craft_locales` (`locale`) ON DELETE CASCADE ON UPDATE CASCADE;

--
-- Constraints for table `craft_usergroups_users`
--
ALTER TABLE `craft_usergroups_users`
	ADD CONSTRAINT `craft_usergroups_users_groupId_fk` FOREIGN KEY (`groupId`) REFERENCES `craft_usergroups` (`id`) ON DELETE CASCADE,
	ADD CONSTRAINT `craft_usergroups_users_userId_fk` FOREIGN KEY (`userId`) REFERENCES `craft_users` (`id`) ON DELETE CASCADE;

--
-- Constraints for table `craft_userpermissions_usergroups`
--
ALTER TABLE `craft_userpermissions_usergroups`
	ADD CONSTRAINT `craft_userpermissions_usergroups_groupId_fk` FOREIGN KEY (`groupId`) REFERENCES `craft_usergroups` (`id`) ON DELETE CASCADE,
	ADD CONSTRAINT `craft_userpermissions_usergroups_permissionId_fk` FOREIGN KEY (`permissionId`) REFERENCES `craft_userpermissions` (`id`) ON DELETE CASCADE;

--
-- Constraints for table `craft_userpermissions_users`
--
ALTER TABLE `craft_userpermissions_users`
	ADD CONSTRAINT `craft_userpermissions_users_permissionId_fk` FOREIGN KEY (`permissionId`) REFERENCES `craft_userpermissions` (`id`) ON DELETE CASCADE,
	ADD CONSTRAINT `craft_userpermissions_users_userId_fk` FOREIGN KEY (`userId`) REFERENCES `craft_users` (`id`) ON DELETE CASCADE;

--
-- Constraints for table `craft_users`
--
ALTER TABLE `craft_users`
	ADD CONSTRAINT `craft_users_id_fk` FOREIGN KEY (`id`) REFERENCES `craft_elements` (`id`) ON DELETE CASCADE,
	ADD CONSTRAINT `craft_users_preferredLocale_fk` FOREIGN KEY (`preferredLocale`) REFERENCES `craft_locales` (`locale`) ON DELETE SET NULL ON UPDATE CASCADE;

--
-- Constraints for table `craft_widgets`
--
ALTER TABLE `craft_widgets`
	ADD CONSTRAINT `craft_widgets_userId_fk` FOREIGN KEY (`userId`) REFERENCES `craft_users` (`id`) ON DELETE CASCADE;

SET FOREIGN_KEY_CHECKS = 1;
