-- Generated by Craft v2.6.2989 on Sep 7, 2017, 12:07:24 AM.

--
-- Disable foreign key checks and autocommit.
--

SET FOREIGN_KEY_CHECKS = 0;
SET SQL_MODE = "NO_AUTO_VALUE_ON_ZERO";
SET AUTOCOMMIT = 0;
SET NAMES utf8;


DROP TABLE IF EXISTS `craft_assetfiles`;


--
-- Schema for table `craft_assetfiles`
--
CREATE TABLE `craft_assetfiles` (
  `id` int(11) NOT NULL,
  `sourceId` int(11) DEFAULT NULL,
  `folderId` int(11) NOT NULL,
  `filename` varchar(255) COLLATE utf8_unicode_ci NOT NULL,
  `kind` varchar(50) COLLATE utf8_unicode_ci NOT NULL DEFAULT 'unknown',
  `width` int(11) unsigned DEFAULT NULL,
  `height` int(11) unsigned DEFAULT NULL,
  `size` bigint(20) unsigned DEFAULT NULL,
  `dateModified` datetime DEFAULT NULL,
  `dateCreated` datetime NOT NULL,
  `dateUpdated` datetime NOT NULL,
  `uid` char(36) COLLATE utf8_unicode_ci NOT NULL DEFAULT '0',
  PRIMARY KEY (`id`),
  UNIQUE KEY `craft_assetfiles_filename_folderId_unq_idx` (`filename`,`folderId`),
  KEY `craft_assetfiles_sourceId_fk` (`sourceId`),
  KEY `craft_assetfiles_folderId_fk` (`folderId`)
) ENGINE=InnoDB DEFAULT CHARSET=utf8 COLLATE=utf8_unicode_ci;

--
-- Data for table `craft_assetfiles`
--

INSERT INTO `craft_assetfiles` (`id`, `sourceId`, `folderId`, `filename`, `kind`, `width`, `height`, `size`, `dateModified`, `dateCreated`, `dateUpdated`, `uid`) VALUES
 ('8', '1', '1', 'snap_ad_reporting_1x.png', 'image', '634', '373', '66380', '2017-07-27 18:17:46', '2017-07-20 22:19:56', '2017-08-30 21:02:42', '95b41087-efd5-42aa-9ef5-aa79913b640d'),
 ('14', '1', '1', 'homepage-1-1.png', 'image', '197', '163', '16770', '2017-07-27 18:17:46', '2017-07-20 22:49:12', '2017-08-30 21:02:41', '2d2a2927-c37e-4674-be23-571a0cbf4596'),
 ('15', '1', '1', 'homepage-1-2.png', 'image', '192', '159', '14613', '2017-07-27 18:17:46', '2017-07-20 22:49:12', '2017-08-30 21:02:42', '05a962d7-e2d1-4159-ac9f-1e53ecf741e4'),
 ('16', '1', '1', 'homepage-1-3.png', 'image', '208', '150', '7540', '2017-07-27 18:17:46', '2017-07-20 22:49:12', '2017-08-30 21:02:42', '8c549880-48cb-4218-a737-760cf05b4504'),
 ('38', '2', '2', 'filter_reporting_2x.jpg', 'image', '1268', '722', '30553', '2017-07-27 18:17:46', '2017-07-26 21:01:07', '2017-08-30 21:02:35', '40c48100-eb4c-48cb-bad5-21d1125e9e0b'),
 ('45', '1', '1', 'measurement-reach.svg', 'image', '231', '139', '4682', '2017-07-27 18:17:46', '2017-07-26 21:17:47', '2017-08-30 21:02:41', '05cc849e-17e1-4871-9161-3c822384df40'),
 ('46', '1', '1', 'measurement-reaction.svg', 'image', '214', '183', '3390', '2017-07-27 18:17:46', '2017-07-26 21:17:47', '2017-08-30 21:02:42', '22bd4fd7-0bdb-4349-8763-cbb08fe2e5b2'),
 ('47', '1', '1', 'measurement-resonance.svg', 'image', '230', '103', '1061', '2017-07-27 18:17:46', '2017-07-26 21:17:47', '2017-08-30 21:02:42', 'ee675059-e4ae-4f3c-8431-c7bd28755026'),
 ('48', '1', '1', 'measurement-snap-to.svg', 'image', '196', '196', '4554', '2017-07-27 18:17:46', '2017-07-26 21:17:47', '2017-08-30 21:02:42', '2e2855cd-118d-4bc5-845b-d83f65bbe93f'),
 ('49', '1', '1', 'measurement-verification.svg', 'image', '91', '157', '1198', '2017-07-27 18:17:46', '2017-07-26 21:17:47', '2017-08-30 21:02:42', '1304cfce-6f98-4b7a-8330-cc53b4319a4b'),
 ('50', '1', '1', 'measurement-viewability.svg', 'image', '231', '165', '2297', '2017-07-27 18:17:46', '2017-07-26 21:19:01', '2017-08-30 21:02:42', '91ef29a5-2e65-4346-acff-0d3d14fd4ac4'),
 ('61', '2', '2', 'snap-to-store_clock_2x.png', 'image', '392', '392', '28591', '2017-07-27 18:17:46', '2017-07-26 21:26:59', '2017-08-30 21:02:37', '1521eff5-05c7-46e1-9d3d-1ccca44a375f'),
 ('68', '2', '2', 'snap-to-store_chillahs_2x.png', 'image', '1166', '472', '80933', '2017-07-27 18:17:46', '2017-07-26 21:28:10', '2017-08-30 21:02:36', '8945f3be-2533-41c4-a48a-f9df972e30a6'),
 ('76', '2', '9', 'adjust_2x.png', 'image', '164', '52', '7077', '2017-07-27 18:17:46', '2017-07-26 21:58:07', '2017-08-30 21:02:34', 'f2cfaf48-bfce-40ab-bb10-0cfb65d198fa'),
 ('77', '2', '9', 'appsflyer_2x.png', 'image', '236', '70', '9152', '2017-07-27 18:17:46', '2017-07-26 21:58:07', '2017-08-30 21:02:35', '8d78f06f-690f-4826-9ed3-fd865b2777f6'),
 ('78', '2', '9', 'doubleclick_2x.png', 'image', '240', '52', '9269', '2017-07-27 18:17:46', '2017-07-26 21:58:07', '2017-08-30 21:02:35', '71517b06-73ec-4393-8ee7-04677aed120c'),
 ('79', '2', '9', 'innovid_2x.png', 'image', '176', '34', '6767', '2017-07-27 18:17:46', '2017-07-26 21:58:08', '2017-08-30 21:02:35', '3be1305d-56e3-41e4-b31b-9dcb668c3966'),
 ('80', '2', '9', 'kochava_2x.png', 'image', '206', '42', '6126', '2017-07-27 18:17:46', '2017-07-26 21:58:08', '2017-08-30 21:02:36', '7eb8e0e6-b128-4506-855b-fd96eebc204d'),
 ('81', '2', '9', 'liveramp_2x.png', 'image', '212', '44', '9345', '2017-07-27 18:17:46', '2017-07-26 21:58:08', '2017-08-30 21:02:35', 'b3647b59-dd7b-4d06-bb01-afb3680c4ec3'),
 ('82', '2', '9', 'millwardbrown_2x.png', 'image', '256', '56', '11202', '2017-07-27 18:17:46', '2017-07-26 21:58:10', '2017-08-30 21:02:35', '23ea33ef-5e23-4c68-865a-d0ddb89f67e8'),
 ('83', '2', '9', 'moat_2x.png', 'image', '170', '40', '5709', '2017-07-27 18:17:46', '2017-07-26 21:58:11', '2017-08-30 21:02:35', 'bef717fd-46c6-4e1a-bc21-a230caaafb6c'),
 ('84', '2', '9', 'neustar_2x.png', 'image', '218', '44', '8547', '2017-07-27 18:17:46', '2017-07-26 21:58:11', '2017-08-30 21:02:35', 'fdfca102-0b17-4fff-b5b7-18c22158cc4a'),
 ('85', '2', '9', 'nielsen_2x.png', 'image', '168', '54', '6696', '2017-07-27 18:17:46', '2017-07-26 21:58:11', '2017-08-30 21:02:36', 'deddf2ab-1f59-49c0-8e82-eaf5237428d5'),
 ('86', '2', '9', 'oracle_2x.png', 'image', '172', '60', '4194', '2017-07-27 18:17:46', '2017-07-26 21:58:11', '2017-08-30 21:02:36', '9612ec9c-30c0-4c00-9d79-75bca1ec4d7f'),
 ('87', '2', '9', 'placed_2x.png', 'image', '184', '38', '7331', '2017-07-27 18:17:46', '2017-07-26 21:58:11', '2017-08-30 21:02:36', 'e3ba79e9-ac2f-4c52-ae02-73922342b062'),
 ('88', '2', '9', 'singular_2x.png', 'image', '236', '58', '3446', '2017-07-27 18:17:46', '2017-07-26 21:58:12', '2017-08-30 21:02:36', '2e9195e7-6e87-4ce1-8aba-5174799399fa'),
 ('89', '2', '9', 'sizmek_2x.png', 'image', '176', '48', '4933', '2017-07-27 18:17:46', '2017-07-26 21:58:12', '2017-08-30 21:02:36', '5f3f363f-37cc-4a36-85a0-628798baad14'),
 ('90', '2', '9', 'tune_2x.png', 'image', '166', '44', '3662', '2017-07-27 18:17:46', '2017-07-26 21:58:12', '2017-08-30 21:02:36', '69eeb7cc-3ed1-4121-b031-726497df4820'),
 ('97', '2', '10', 'ic_success_logo_abinbev@2x.png', 'image', '420', '336', '5821', '2017-07-27 18:17:46', '2017-07-26 22:25:00', '2017-08-30 21:02:41', '44f82043-0d11-40d7-9c24-32566a2a3c84'),
 ('99', '2', '2', 'Geofilter_Phil_Phone_Screen@2x.jpg', 'image', '530', '942', '543658', '2017-07-27 18:17:46', '2017-07-26 22:54:45', '2017-08-30 21:02:31', '59c76914-8f23-4a07-bd56-d90a50cb6e1f'),
 ('100', '2', '2', 'Postmates_DriveAction@2x.jpg', 'image', '576', '1024', '181487', '2017-07-27 18:17:46', '2017-07-26 22:54:45', '2017-08-30 21:02:32', '2ea56548-1c01-40a8-a9b1-f426c880bb97'),
 ('101', '2', '2', 'LGA_GeoFilter_2x.jpg', 'image', '576', '1024', '210955', '2017-07-27 18:17:46', '2017-07-26 22:54:59', '2017-08-30 21:02:32', '80b95d29-d6f6-4f55-a730-7055fa7d6143'),
 ('102', '2', '2', 'Target_AD_2x.jpg', 'image', '576', '1024', '142256', '2017-07-27 18:17:46', '2017-07-26 22:59:08', '2017-08-30 21:02:32', '4a3f6f3b-875e-4229-9a91-539a7a7c7c77'),
 ('103', '2', '2', 'Warby_Parker_GeoFilter_2x.jpg', 'image', '576', '1024', '284249', '2017-07-27 18:17:46', '2017-07-26 22:59:11', '2017-08-30 21:02:32', '0f4350e3-ca1d-48e6-af8c-cbb4e28586c8'),
 ('104', '2', '2', 'Weby_Parker_GeoFilter_2x.jpg', 'image', '576', '1024', '475476', '2017-07-27 18:17:46', '2017-07-26 23:01:59', '2017-08-30 21:02:33', '4eb72419-b4fb-4cf1-9347-632d3fc33b4d'),
 ('105', '2', '2', 'SnapAds_Gatorade_Phone_Screen@2x.jpg', 'image', '530', '942', '400559', '2017-07-27 18:17:46', '2017-07-26 23:02:27', '2017-08-30 21:02:32', '4b23d3b7-c24b-488d-b171-be46f0dd06e5'),
 ('106', '2', '2', 'SnapAds_UnderArmour_Phone_Screen@2x.jpg', 'image', '530', '942', '393299', '2017-07-27 18:17:46', '2017-07-26 23:02:28', '2017-08-30 21:02:32', '2a3c5709-ed8f-44da-8479-db299cab4200'),
 ('141', '2', '12', 'chillah-device.svg', 'image', '103', '98', '29950', '2017-07-27 18:17:46', '2017-07-26 23:10:18', '2017-08-30 21:02:34', '6473fe5a-53ec-4b9e-865e-bc906aa940fe'),
 ('142', '2', '12', 'chillah-heart-eyes.svg', 'image', '112', '110', '16720', '2017-07-27 18:17:46', '2017-07-26 23:10:18', '2017-08-30 21:02:34', 'a1854370-3eef-4b90-9635-91aff4d201f4'),
 ('143', '2', '12', 'chillah-hearts.svg', 'image', '111', '116', '9404', '2017-07-27 18:17:46', '2017-07-26 23:10:19', '2017-08-30 21:02:34', '7a8301b7-ed7f-4fcb-bcf2-246bc72624e1'),
 ('145', '2', '13', 'devices-nav-1.svg', 'image', '68', '72', '893', '2017-07-27 18:17:46', '2017-07-26 23:31:02', '2017-08-30 21:02:36', '5e260a0e-d2ae-43d7-b1af-8eba2febc111'),
 ('146', '2', '13', 'devices-nav-2.svg', 'image', '68', '71', '1161', '2017-07-27 18:17:46', '2017-07-26 23:31:02', '2017-08-30 21:02:37', '1c64c0e5-eae4-44c6-91b1-c874b9616d29'),
 ('147', '2', '13', 'devices-nav-3.svg', 'image', '68', '72', '1370', '2017-07-27 18:17:46', '2017-07-26 23:31:02', '2017-08-30 21:02:37', '6ca53754-65a1-40a4-8a09-521d5cbc52c0'),
 ('148', '2', '13', 'devices-nav-4.svg', 'image', '68', '71', '1188', '2017-07-27 18:17:46', '2017-07-26 23:31:02', '2017-08-30 21:02:37', 'ca07f2b7-07fa-4da7-9e7e-45c6efdffb60'),
 ('149', '2', '13', 'solutions-device-1.jpg', 'image', '252', '448', '38832', '2017-07-27 18:17:46', '2017-07-26 23:31:07', '2017-08-30 21:02:37', '22a75ec9-7fb1-401d-8d5a-796c649e1c45'),
 ('150', '2', '13', 'solutions-device-2.jpg', 'image', '253', '452', '62897', '2017-07-27 18:17:46', '2017-07-26 23:31:10', '2017-08-30 21:02:38', '9a1a91d4-ee15-437c-8605-9093316d1415'),
 ('151', '2', '13', 'solutions-device-3.jpg', 'image', '253', '455', '51654', '2017-07-27 18:17:46', '2017-07-26 23:31:10', '2017-08-30 21:02:38', '56d5f36d-b7ac-45b4-97fc-d0e30ee47551'),
 ('152', '2', '13', 'solutions-device-4.jpg', 'image', '254', '451', '44054', '2017-07-27 18:17:46', '2017-07-26 23:31:11', '2017-08-30 21:02:38', 'b7cdfff9-adb2-4304-aa3f-67a5ef728f1c'),
 ('153', '2', '13', 'solutions-device-5.jpg', 'image', '254', '449', '34285', '2017-07-27 18:17:46', '2017-07-26 23:31:11', '2017-08-30 21:02:38', '8e945541-bc88-494a-bfa9-397af540cd84'),
 ('154', '2', '13', 'solutions-device-6.jpg', 'image', '254', '450', '13340', '2017-07-27 18:17:46', '2017-07-26 23:31:11', '2017-08-30 21:02:41', 'a5a7e040-40b6-43d8-83a8-45faf9550625'),
 ('155', '2', '13', 'solutions-device-7.jpg', 'image', '254', '450', '33988', '2017-07-27 18:17:46', '2017-07-26 23:31:11', '2017-08-30 21:02:38', '95df794b-03ce-4cde-af0e-48dee18845b4'),
 ('156', '2', '13', 'solutions-device-8.jpg', 'image', '253', '450', '35854', '2017-07-27 18:17:46', '2017-07-26 23:31:11', '2017-08-30 21:02:38', 'd2b08d6e-32fa-45ae-9206-70da127b3f19'),
 ('157', '2', '13', 'solutions-device-9.jpg', 'image', '254', '451', '49559', '2017-07-27 18:17:46', '2017-07-26 23:31:11', '2017-08-30 21:02:39', '996133cf-7abe-4fb4-a5c8-888223219807'),
 ('158', '2', '13', 'solutions-device-10.jpg', 'image', '254', '451', '47688', '2017-07-27 18:17:46', '2017-07-26 23:31:12', '2017-08-30 21:02:37', '3ebf79f2-a4d3-4140-94e5-92410f988331'),
 ('159', '2', '13', 'solutions-device-11.jpg', 'image', '254', '451', '47408', '2017-07-27 18:17:46', '2017-07-26 23:31:12', '2017-08-30 21:02:37', '4a8627aa-025a-4742-b55d-d377d38cf9af'),
 ('160', '2', '13', 'solutions-device-12.jpg', 'image', '253', '450', '36373', '2017-07-27 18:17:46', '2017-07-26 23:31:12', '2017-08-30 21:02:38', '0eb0e231-d8fe-47f3-93ed-7d9e636d9fc4'),
 ('161', '2', '13', 'solutions-device-13.jpg', 'image', '255', '453', '37302', '2017-07-27 18:17:46', '2017-07-26 23:31:12', '2017-08-30 21:02:37', '9245abd9-787a-4302-8ef6-2b95b25df7b3'),
 ('172', '2', '15', 'ad_manager_2x.png', 'image', '1540', '906', '253993', '2017-07-27 18:17:46', '2017-07-27 17:17:05', '2017-08-30 21:02:41', '8a038522-5a87-4d90-91c5-01bf77f6183a'),
 ('288', '2', '12', '404_chillah.svg', 'image', '278', '264', '30651', '2017-08-09 21:13:05', '2017-08-09 17:51:02', '2017-08-30 21:02:34', '88be3afb-4afa-4b59-922d-4708ddcf7c8e'),
 ('364', '2', '25', 'homepage-1-1.png', 'image', '197', '163', '16770', '2017-07-27 18:17:46', '2017-08-30 21:02:32', '2017-08-30 21:02:32', '23494636-3111-448f-9241-10a9518ad09f'),
 ('365', '2', '25', 'homepage-1-2.png', 'image', '192', '159', '14613', '2017-07-27 18:17:46', '2017-08-30 21:02:33', '2017-08-30 21:02:33', '6c94940e-a49b-43db-800a-4bb2cd531a5a'),
 ('366', '2', '25', 'homepage-1-3.png', 'image', '208', '150', '7540', '2017-07-27 18:17:46', '2017-08-30 21:02:33', '2017-08-30 21:02:33', 'c7e4b702-99e4-449b-b3f7-b2b7ec7c5227'),
 ('367', '2', '25', 'measurement-reach.svg', 'image', '231', '139', '4682', '2017-07-27 18:17:46', '2017-08-30 21:02:33', '2017-08-30 21:02:33', '3cbcccf0-27ed-43a6-86b5-347482534a18'),
 ('368', '2', '25', 'measurement-reaction.svg', 'image', '214', '183', '3390', '2017-07-27 18:17:46', '2017-08-30 21:02:33', '2017-08-30 21:02:33', 'b41b1045-4efa-4566-a41c-0acc412c51ea'),
 ('369', '2', '25', 'measurement-resonance.svg', 'image', '230', '103', '1061', '2017-07-27 18:17:46', '2017-08-30 21:02:33', '2017-08-30 21:02:33', 'ed097871-168d-4877-b400-2e94bb9e1b4d'),
 ('370', '2', '25', 'measurement-snap-to.svg', 'image', '196', '196', '4554', '2017-07-27 18:17:46', '2017-08-30 21:02:33', '2017-08-30 21:02:33', 'a0b929da-a2f7-4de7-98e8-8e1659e5b234'),
 ('371', '2', '25', 'measurement-verification.svg', 'image', '91', '157', '1198', '2017-07-27 18:17:46', '2017-08-30 21:02:34', '2017-08-30 21:02:34', '99107592-b515-4f11-a22c-4b1726a69cc2'),
 ('372', '2', '25', 'measurement-viewability.svg', 'image', '231', '165', '2297', '2017-07-27 18:17:46', '2017-08-30 21:02:34', '2017-08-30 21:02:34', '978f9541-8660-404a-a99b-d84baf99012b'),
 ('373', '2', '25', 'snap_ad_reporting_1x.png', 'image', '634', '373', '66380', '2017-07-27 18:17:46', '2017-08-30 21:02:34', '2017-08-30 21:02:34', '37fb08b9-4a71-42e3-82cc-fe29bb34e39c'),
 ('374', '3', '6', '711.mp4', 'video', NULL, NULL, '707533', '2017-08-28 22:37:39', '2017-08-30 21:02:43', '2017-08-30 21:02:43', '2d4218cf-9fae-413b-84a0-37d0a4dd68fa'),
 ('375', '3', '6', '711.webm', 'video', NULL, NULL, '1243343', '2017-08-28 22:37:39', '2017-08-30 21:02:43', '2017-08-30 21:02:43', 'd7be7aca-62b1-4872-9faa-4ad85f42799a'),
 ('376', '3', '6', 'aa.mp4', 'video', NULL, NULL, '406046', '2017-08-28 22:37:39', '2017-08-30 21:02:43', '2017-08-30 21:02:43', '610a2100-ea3b-4d70-b7c5-30052c47ee94'),
 ('377', '3', '6', 'aa.webm', 'video', NULL, NULL, '547969', '2017-08-28 22:37:39', '2017-08-30 21:02:43', '2017-08-30 21:02:43', 'b9ea3342-e36d-4f00-ae1f-8dc05a3a75f6'),
 ('378', '3', '6', 'acorns.mp4', 'video', NULL, NULL, '864759', '2017-08-28 22:37:39', '2017-08-30 21:02:43', '2017-08-30 21:02:43', 'b354abf6-f245-4a29-8cc3-d84585ad4efc'),
 ('379', '3', '6', 'acorns.webm', 'video', NULL, NULL, '1345339', '2017-08-28 22:37:39', '2017-08-30 21:02:43', '2017-08-30 21:02:43', '8ff71ed8-828d-4568-a810-6c9a73c84521'),
 ('380', '3', '6', 'alabamapink.webm', 'video', NULL, NULL, '722959', '2017-08-28 22:37:39', '2017-08-30 21:02:43', '2017-08-30 21:02:43', '8450c909-58a9-486a-952a-e574c35905d4'),
 ('381', '3', '6', 'bloomingdales.mp4', 'video', NULL, NULL, '994487', '2017-08-28 22:37:39', '2017-08-30 21:02:44', '2017-08-30 21:02:44', 'cc46aa57-1256-4c21-b83e-d37f604260a6'),
 ('382', '3', '6', 'bloomingdales.webm', 'video', NULL, NULL, '1456479', '2017-08-28 22:37:39', '2017-08-30 21:02:44', '2017-08-30 21:02:44', 'e9f37dcf-0f4d-443b-9877-88ea921099b6'),
 ('383', '3', '6', 'bumble_v2.mp4', 'video', NULL, NULL, '413995', '2017-08-28 22:37:39', '2017-08-30 21:02:44', '2017-08-30 21:02:44', 'c973fa60-3b8f-4de8-b47a-d7d88ab0905a'),
 ('384', '3', '6', 'bumble_v2.webm', 'video', NULL, NULL, '830383', '2017-08-28 22:37:39', '2017-08-30 21:02:44', '2017-08-30 21:02:44', '6627b95c-993f-4ac5-9b2a-093c3d58e765'),
 ('385', '3', '6', 'alabamapink.mp4', 'video', NULL, NULL, '388943', '2017-08-28 22:37:39', '2017-08-30 21:02:44', '2017-08-30 21:02:44', '2aa8d16e-d726-4485-9f61-d1ce7aec4765'),
 ('386', '3', '6', 'burberry.mp4', 'video', NULL, NULL, '569911', '2017-08-28 22:37:39', '2017-08-30 21:02:44', '2017-08-30 21:02:44', '7a8399d9-7e92-4249-9f31-743904fdf38e'),
 ('387', '3', '6', 'burberry.webm', 'video', NULL, NULL, '512060', '2017-08-28 22:37:39', '2017-08-30 21:02:44', '2017-08-30 21:02:44', '6943cace-6713-4258-8ec6-a1a312c848e5'),
 ('388', '3', '6', 'ellevennightclub.mp4', 'video', NULL, NULL, '347054', '2017-08-28 22:37:39', '2017-08-30 21:02:45', '2017-08-30 21:02:45', 'e52282dc-3a48-4dd2-97ad-70d422d69980'),
 ('389', '3', '6', 'ellevennightclub.webm', 'video', NULL, NULL, '495915', '2017-08-28 22:37:39', '2017-08-30 21:02:45', '2017-08-30 21:02:45', '64c4c95a-9e5a-4944-9069-56cd12acdff2'),
 ('390', '3', '6', 'gametime.mp4', 'video', NULL, NULL, '1845806', '2017-08-28 22:37:39', '2017-08-30 21:02:45', '2017-08-30 21:02:45', '69379002-e18b-457e-aaed-37a5e79fff49'),
 ('391', '3', '6', 'gametime.webm', 'video', NULL, NULL, '2146197', '2017-08-28 22:37:39', '2017-08-30 21:02:45', '2017-08-30 21:02:45', '747c390e-8263-47f6-8496-a6480dc61795'),
 ('392', '3', '6', 'gatorade.mp4', 'video', NULL, NULL, '898909', '2017-08-28 22:37:39', '2017-08-30 21:02:45', '2017-08-30 21:02:45', 'a5987b10-39ae-43e6-bb7c-f17cd3d6ea1f'),
 ('393', '3', '6', 'gatorade.webm', 'video', NULL, NULL, '1052523', '2017-08-28 22:37:39', '2017-08-30 21:02:45', '2017-08-30 21:02:45', '7e6d5a14-b0a5-46a9-a993-49ca96ee3b5f'),
 ('394', '3', '6', 'geofilter.mp4', 'video', NULL, NULL, '1998705', '2017-08-28 22:37:39', '2017-08-30 21:02:45', '2017-08-30 21:02:45', 'b8485dd5-218f-4106-b78a-72704ba75977'),
 ('395', '3', '6', 'geofilter.webm', 'video', NULL, NULL, '1871148', '2017-08-28 22:37:39', '2017-08-30 21:02:46', '2017-08-30 21:02:46', 'c27b134a-7bb0-4f0a-b913-f32d5bdb282b'),
 ('396', '3', '6', 'lakings.mp4', 'video', NULL, NULL, '208054', '2017-08-28 22:37:39', '2017-08-30 21:02:46', '2017-08-30 21:02:46', 'c8c1b2fa-4ee1-4552-9cba-dda623c57150'),
 ('397', '3', '6', 'lakings.webm', 'video', NULL, NULL, '159352', '2017-08-28 22:37:39', '2017-08-30 21:02:46', '2017-08-30 21:02:46', 'efdf1b0c-f4ff-4c51-957b-88d9ab7d7f22'),
 ('398', '3', '6', 'michaelkors.mp4', 'video', NULL, NULL, '1129778', '2017-08-28 22:37:39', '2017-08-30 21:02:46', '2017-08-30 21:02:46', '58d066ec-1322-445b-b863-dc98ef880db5'),
 ('399', '3', '6', 'mtndew.mp4', 'video', NULL, NULL, '3393558', '2017-08-28 22:37:39', '2017-08-30 21:02:46', '2017-08-30 21:02:46', '13eb473c-1ae2-4930-97e5-0c935f3c8d14'),
 ('400', '3', '6', 'michaelkors.webm', 'video', NULL, NULL, '1623124', '2017-08-28 22:37:39', '2017-08-30 21:02:46', '2017-08-30 21:02:46', 'a75ed68d-5a61-4cae-803b-be4a21ac3b26'),
 ('401', '3', '6', 'mtndew.webm', 'video', NULL, NULL, '1263718', '2017-08-28 22:37:39', '2017-08-30 21:02:46', '2017-08-30 21:02:46', '035b0694-3037-46e4-a20b-0f3a6d587059'),
 ('402', '3', '6', 'philsdonuts.mp4', 'video', NULL, NULL, '353395', '2017-08-28 22:37:39', '2017-08-30 21:02:47', '2017-08-30 21:02:47', 'fbf4df86-d1f9-4642-9a79-8ed8ad29462e'),
 ('403', '3', '6', 'postmates.mp4', 'video', NULL, NULL, '1155607', '2017-08-28 22:37:39', '2017-08-30 21:02:47', '2017-08-30 21:02:47', '4870d4e2-4266-4adc-b639-c4372f06aeea'),
 ('404', '3', '6', 'postmates.webm', 'video', NULL, NULL, '1898809', '2017-08-28 22:37:39', '2017-08-30 21:02:47', '2017-08-30 21:02:47', '420f1d8a-4639-401d-bb00-52015418abfc');
INSERT INTO `craft_assetfiles` (`id`, `sourceId`, `folderId`, `filename`, `kind`, `width`, `height`, `size`, `dateModified`, `dateCreated`, `dateUpdated`, `uid`) VALUES
 ('405', '3', '6', 'publisher.mp4', 'video', NULL, NULL, '3074162', '2017-08-28 22:37:39', '2017-08-30 21:02:47', '2017-08-30 21:02:47', '557d08c8-2669-4e33-9301-1cca17924244'),
 ('406', '3', '6', 'publisher.webm', 'video', NULL, NULL, '11851483', '2017-08-28 22:37:39', '2017-08-30 21:02:47', '2017-08-30 21:02:47', '5aa3dac8-7540-44ab-860b-a3245e10715e'),
 ('407', '3', '6', 'redbull.mp4', 'video', NULL, NULL, '1200311', '2017-08-28 22:37:39', '2017-08-30 21:02:47', '2017-08-30 21:02:47', 'b0606a6a-909f-4f7e-b196-b2e0064fc79e'),
 ('408', '3', '6', 'redbull.webm', 'video', NULL, NULL, '1904455', '2017-08-28 22:37:39', '2017-08-30 21:02:47', '2017-08-30 21:02:47', 'b06e7262-1f91-454f-8bca-afa7a0e37610'),
 ('409', '3', '6', 'philsdonuts.webm', 'video', NULL, NULL, '977410', '2017-08-28 22:37:39', '2017-08-30 21:02:48', '2017-08-30 21:02:48', '04532758-2977-461a-9691-da253af38eac'),
 ('410', '3', '6', 'selfserve.mp4', 'video', NULL, NULL, '1750101', '2017-08-28 22:37:39', '2017-08-30 21:02:48', '2017-08-30 21:02:48', 'f2c1341d-6f7c-4763-8901-cccfa797a6b0'),
 ('411', '3', '6', 'selfserve.webm', 'video', NULL, NULL, '1388042', '2017-08-28 22:37:39', '2017-08-30 21:02:48', '2017-08-30 21:02:48', '98e87488-26e4-458a-bfb3-2d6248d7eadc'),
 ('412', '3', '6', 'snapchat.mp4', 'video', NULL, NULL, '5295566', '2017-08-28 22:37:39', '2017-08-30 21:02:48', '2017-08-30 21:02:48', 'ffc3d030-3bd6-4940-a26d-72286aba8ee4'),
 ('413', '3', '6', 'snapchat.webm', 'video', NULL, NULL, '11260144', '2017-08-28 22:37:40', '2017-08-30 21:02:48', '2017-08-30 21:02:48', '98047641-2ff7-481e-905d-c6e6d0e09612'),
 ('414', '3', '6', 'snapchat2.mp4', 'video', NULL, NULL, '5678451', '2017-08-28 22:37:40', '2017-08-30 21:02:48', '2017-08-30 21:02:48', 'be95e18a-951f-43a1-8309-a9887d41346b'),
 ('415', '3', '6', 'snapchat2_vertical.mp4', 'video', NULL, NULL, '4631243', '2017-08-28 22:37:40', '2017-08-30 21:02:48', '2017-08-30 21:02:48', '9923769e-845a-4447-855c-35c9d5120f35'),
 ('416', '3', '6', 'snapchat2.webm', 'video', NULL, NULL, '11185244', '2017-08-28 22:37:40', '2017-08-30 21:02:49', '2017-08-30 21:02:49', 'e5a8f246-77f2-43c6-83ae-d64c49c52002'),
 ('417', '3', '6', 'snapchat2_vertical.webm', 'video', NULL, NULL, '10144982', '2017-08-28 22:37:40', '2017-08-30 21:02:51', '2017-08-30 21:02:51', '683c489b-7138-4b38-9943-4da390bb13ae'),
 ('418', '3', '6', 'snapchat_vertical.mp4', 'video', NULL, NULL, '4535341', '2017-08-28 22:37:40', '2017-08-30 21:02:51', '2017-08-30 21:02:51', '6443a615-6d76-462b-8bd3-87f54a9e3aa3'),
 ('419', '3', '6', 'snapchat_vertical.webm', 'video', NULL, NULL, '9837474', '2017-08-28 22:37:40', '2017-08-30 21:02:51', '2017-08-30 21:02:51', '963d00f1-3b3f-40ba-8344-bb3017f2f436'),
 ('420', '3', '6', 'target.mp4', 'video', NULL, NULL, '925574', '2017-08-28 22:37:40', '2017-08-30 21:02:51', '2017-08-30 21:02:51', '09338adc-1e92-4fb0-9da9-db7d74341650'),
 ('421', '3', '6', 'target.webm', 'video', NULL, NULL, '1186157', '2017-08-28 22:37:40', '2017-08-30 21:02:51', '2017-08-30 21:02:51', '56e8a118-f796-4e60-97b3-3b1c1bc00ff4'),
 ('422', '3', '6', 'tedbaker.webm', 'video', NULL, NULL, '449570', '2017-08-28 22:37:40', '2017-08-30 21:02:52', '2017-08-30 21:02:52', '15a3f1b1-b2dd-4fb2-ab1e-5607f75506f6'),
 ('423', '3', '6', 'warbyparker.mp4', 'video', NULL, NULL, '405337', '2017-08-28 22:37:40', '2017-08-30 21:02:52', '2017-08-30 21:02:52', 'a168aa9e-ae84-43ee-a926-13954dc297c0'),
 ('424', '3', '6', 'warbyparker.webm', 'video', NULL, NULL, '788588', '2017-08-28 22:37:40', '2017-08-30 21:02:52', '2017-08-30 21:02:52', '54633ec3-d0ee-4076-af48-e123b05cd295'),
 ('425', '3', '6', 'tedbaker.mp4', 'video', NULL, NULL, '347037', '2017-08-28 22:37:40', '2017-08-30 21:02:52', '2017-08-30 21:02:52', '3b72a1e2-1c74-48a5-b553-913658a26706');



DROP TABLE IF EXISTS `craft_assetfolders`;


--
-- Schema for table `craft_assetfolders`
--
CREATE TABLE `craft_assetfolders` (
  `id` int(11) NOT NULL AUTO_INCREMENT,
  `parentId` int(11) DEFAULT NULL,
  `sourceId` int(11) DEFAULT NULL,
  `name` varchar(255) COLLATE utf8_unicode_ci NOT NULL,
  `path` varchar(255) COLLATE utf8_unicode_ci DEFAULT NULL,
  `dateCreated` datetime NOT NULL,
  `dateUpdated` datetime NOT NULL,
  `uid` char(36) COLLATE utf8_unicode_ci NOT NULL DEFAULT '0',
  PRIMARY KEY (`id`),
  UNIQUE KEY `craft_assetfolders_name_parentId_sourceId_unq_idx` (`name`,`parentId`,`sourceId`),
  KEY `craft_assetfolders_parentId_fk` (`parentId`),
  KEY `craft_assetfolders_sourceId_fk` (`sourceId`)
) ENGINE=InnoDB AUTO_INCREMENT=27 DEFAULT CHARSET=utf8 COLLATE=utf8_unicode_ci;

--
-- Data for table `craft_assetfolders`
--

INSERT INTO `craft_assetfolders` (`id`, `parentId`, `sourceId`, `name`, `path`, `dateCreated`, `dateUpdated`, `uid`) VALUES
 ('1', NULL, '1', 'Cards', '', '2017-07-20 18:21:52', '2017-07-20 18:21:52', '7760cbab-3023-4910-b715-0e520f0428b4'),
 ('2', NULL, '2', 'Images', '', '2017-07-20 22:17:47', '2017-07-20 22:17:47', 'f023a332-2e9c-4876-9004-f87c07e5bac8'),
 ('3', NULL, NULL, 'Temporary source', NULL, '2017-07-21 21:50:47', '2017-07-21 21:50:47', 'c27c1e04-bb5d-4e97-83c3-5055f5c3bff6'),
 ('4', '3', NULL, 'user_1', 'user_1/', '2017-07-21 21:50:47', '2017-07-21 21:50:47', 'f1435a45-0aef-4bc0-8b7e-4dc81937ca88'),
 ('5', '4', NULL, 'field_25', 'user_1/field_25/', '2017-07-21 21:50:47', '2017-07-21 21:50:47', '2fd68bfe-e32c-401c-a1ff-633f1a236fed'),
 ('6', NULL, '3', 'Videos', '', '2017-07-21 22:08:30', '2017-07-21 22:08:30', '666e6159-6a87-4c76-aa65-68a583e6f8be'),
 ('7', '4', NULL, 'field_38', 'user_1/field_38/', '2017-07-21 23:27:02', '2017-07-21 23:27:02', '9bb5cb44-50d8-4746-a873-ed61a5b7552b'),
 ('8', '4', NULL, 'field_45', 'user_1/field_45/', '2017-07-26 21:50:50', '2017-07-26 21:50:50', '2d603943-62bc-4fbb-b1a9-214d63d9d82d'),
 ('9', '2', '2', 'partners', 'partners/', '2017-07-26 21:56:54', '2017-07-26 21:56:54', '05368b03-24b2-4702-a509-76119cb6c2fd'),
 ('10', '2', '2', 'success-stories', 'success-stories/', '2017-07-26 22:24:53', '2017-07-26 22:24:53', '3e29d47d-8863-495c-8eea-22d3f45b0cc3'),
 ('11', '2', '2', 'stories', 'stories/', '2017-07-26 22:26:19', '2017-07-26 22:26:19', 'f42abb83-92ba-499a-af11-6f55f70dcd7a'),
 ('12', '2', '2', 'chillahs', 'chillahs/', '2017-07-26 23:10:12', '2017-07-26 23:10:12', 'cc1413ca-ccd2-46fe-813e-56de281130cf'),
 ('13', '2', '2', 'solutions', 'solutions/', '2017-07-26 23:30:54', '2017-07-26 23:30:54', 'f08b24f7-7720-41a4-9037-ba90dd2b7c5c'),
 ('14', '4', NULL, 'field_51', 'user_1/field_51/', '2017-07-26 23:33:34', '2017-07-26 23:33:34', '4cabaa5e-f890-475c-8b93-7d80e601d979'),
 ('15', '2', '2', 'tools', 'tools/', '2017-07-27 17:16:55', '2017-07-27 17:16:55', '0f80756d-729a-4d61-843d-5557152a8bda'),
 ('16', '4', NULL, 'field_75', 'user_1/field_75/', '2017-08-03 18:45:24', '2017-08-03 18:45:24', '1847c2c6-41d8-488b-97b3-9515197677e8'),
 ('17', '2', '2', 'tabs', 'tabs/', '2017-08-03 18:50:27', '2017-08-03 18:50:27', '4c7189b5-9d2d-4b33-b1b8-352af51dbd45'),
 ('18', '4', NULL, 'field_124', 'user_1/field_124/', '2017-08-10 21:54:31', '2017-08-10 21:54:31', 'f757a285-1f65-413a-afee-8f74b70a7a43'),
 ('19', '4', NULL, 'field_125', 'user_1/field_125/', '2017-08-10 21:54:31', '2017-08-10 21:54:31', '6fde95e6-9083-4a25-ab44-9562fa6efa10'),
 ('20', '4', NULL, 'field_145', 'user_1/field_145/', '2017-08-21 22:30:17', '2017-08-21 22:30:17', '48ac89a2-a2e6-4f25-adb0-b82dfcecd083'),
 ('22', '3', NULL, 'user_361', 'user_361/', '2017-08-24 18:09:52', '2017-08-24 18:09:52', 'b6b91e07-90d2-4fe4-8c68-8fe6de162323'),
 ('23', '22', NULL, 'field_124', 'user_361/field_124/', '2017-08-24 18:09:52', '2017-08-24 18:09:52', '86f4c0c7-17a9-4d99-a942-d963d90f6ef9'),
 ('24', '22', NULL, 'field_125', 'user_361/field_125/', '2017-08-24 18:09:52', '2017-08-24 18:09:52', '0d60c18d-da60-4e29-a77d-6466554b047d'),
 ('25', '2', '2', 'cards', 'cards/', '2017-08-30 21:02:31', '2017-08-30 21:02:31', 'd9217816-da3d-4f14-ba61-0bd06801e363'),
 ('26', '2', '2', 'posters', 'posters/', '2017-08-30 21:02:31', '2017-08-30 21:02:31', 'a4690fbc-7cdc-47f1-a47d-4a294a93728b');



DROP TABLE IF EXISTS `craft_assetindexdata`;


--
-- Schema for table `craft_assetindexdata`
--
CREATE TABLE `craft_assetindexdata` (
  `id` int(11) NOT NULL AUTO_INCREMENT,
  `sessionId` varchar(36) COLLATE utf8_unicode_ci NOT NULL DEFAULT '',
  `sourceId` int(10) NOT NULL,
  `offset` int(10) NOT NULL,
  `uri` varchar(255) COLLATE utf8_unicode_ci DEFAULT NULL,
  `size` varchar(255) COLLATE utf8_unicode_ci DEFAULT NULL,
  `recordId` int(10) DEFAULT NULL,
  `dateCreated` datetime NOT NULL,
  `dateUpdated` datetime NOT NULL,
  `uid` char(36) COLLATE utf8_unicode_ci NOT NULL DEFAULT '0',
  PRIMARY KEY (`id`),
  UNIQUE KEY `craft_assetindexdata_sessionId_sourceId_offset_unq_idx` (`sessionId`,`sourceId`,`offset`),
  KEY `craft_assetindexdata_sourceId_fk` (`sourceId`)
) ENGINE=InnoDB DEFAULT CHARSET=utf8 COLLATE=utf8_unicode_ci;

DROP TABLE IF EXISTS `craft_assetsources`;


--
-- Schema for table `craft_assetsources`
--
CREATE TABLE `craft_assetsources` (
  `id` int(11) NOT NULL AUTO_INCREMENT,
  `name` varchar(255) COLLATE utf8_unicode_ci NOT NULL,
  `handle` varchar(255) COLLATE utf8_unicode_ci NOT NULL,
  `type` varchar(150) COLLATE utf8_unicode_ci NOT NULL,
  `settings` text COLLATE utf8_unicode_ci,
  `sortOrder` smallint(6) unsigned DEFAULT NULL,
  `fieldLayoutId` int(10) DEFAULT NULL,
  `dateCreated` datetime NOT NULL,
  `dateUpdated` datetime NOT NULL,
  `uid` char(36) COLLATE utf8_unicode_ci NOT NULL DEFAULT '0',
  PRIMARY KEY (`id`),
  UNIQUE KEY `craft_assetsources_name_unq_idx` (`name`),
  UNIQUE KEY `craft_assetsources_handle_unq_idx` (`handle`),
  KEY `craft_assetsources_fieldLayoutId_fk` (`fieldLayoutId`)
) ENGINE=InnoDB AUTO_INCREMENT=4 DEFAULT CHARSET=utf8 COLLATE=utf8_unicode_ci;

--
-- Data for table `craft_assetsources`
--

INSERT INTO `craft_assetsources` (`id`, `name`, `handle`, `type`, `settings`, `sortOrder`, `fieldLayoutId`, `dateCreated`, `dateUpdated`, `uid`) VALUES
 ('1', 'Cards', 'cards', 'Local', '{\"path\":\"assets\\/images\\/cards\\/\",\"publicURLs\":\"1\",\"url\":\"{siteUrl}\\/assets\\/images\\/cards\\/\"}', '1', '1989', '2017-07-20 18:21:52', '2017-08-31 23:07:35', '842178a6-a2bc-483e-bfde-955596b3cfc2'),
 ('2', 'Images', 'images', 'Local', '{\"path\":\"assets\\/images\\/\",\"publicURLs\":\"1\",\"url\":\"{siteUrl}\\/assets\\/images\\/\"}', '2', '1990', '2017-07-20 22:17:47', '2017-08-31 23:17:33', '77f207e4-9d6d-4838-936c-96c760c5e47c'),
 ('3', 'Videos', 'videos', 'Local', '{\"path\":\"assets\\/videos\\/\",\"publicURLs\":\"1\",\"url\":\"{siteUrl}\\/assets\\/videos\\/\"}', '3', '1991', '2017-07-21 22:08:30', '2017-08-31 23:17:41', '8caffb38-19c6-40e3-84e7-45b62f7deb5c');



DROP TABLE IF EXISTS `craft_assettransformindex`;


--
-- Schema for table `craft_assettransformindex`
--
CREATE TABLE `craft_assettransformindex` (
  `id` int(11) NOT NULL AUTO_INCREMENT,
  `fileId` int(11) NOT NULL,
  `filename` varchar(255) COLLATE utf8_unicode_ci DEFAULT NULL,
  `format` varchar(255) COLLATE utf8_unicode_ci DEFAULT NULL,
  `location` varchar(255) COLLATE utf8_unicode_ci NOT NULL,
  `sourceId` int(11) DEFAULT NULL,
  `fileExists` tinyint(1) DEFAULT NULL,
  `inProgress` tinyint(1) DEFAULT NULL,
  `dateIndexed` datetime DEFAULT NULL,
  `dateCreated` datetime NOT NULL,
  `dateUpdated` datetime NOT NULL,
  `uid` char(36) COLLATE utf8_unicode_ci NOT NULL DEFAULT '0',
  PRIMARY KEY (`id`),
  KEY `craft_assettransformindex_sourceId_fileId_location_idx` (`sourceId`,`fileId`,`location`)
) ENGINE=InnoDB DEFAULT CHARSET=utf8 COLLATE=utf8_unicode_ci;

DROP TABLE IF EXISTS `craft_assettransforms`;


--
-- Schema for table `craft_assettransforms`
--
CREATE TABLE `craft_assettransforms` (
  `id` int(11) NOT NULL AUTO_INCREMENT,
  `name` varchar(255) COLLATE utf8_unicode_ci NOT NULL,
  `handle` varchar(255) COLLATE utf8_unicode_ci NOT NULL,
  `mode` enum('stretch','fit','crop') COLLATE utf8_unicode_ci NOT NULL DEFAULT 'crop',
  `position` enum('top-left','top-center','top-right','center-left','center-center','center-right','bottom-left','bottom-center','bottom-right') COLLATE utf8_unicode_ci NOT NULL DEFAULT 'center-center',
  `height` int(10) DEFAULT NULL,
  `width` int(10) DEFAULT NULL,
  `format` varchar(255) COLLATE utf8_unicode_ci DEFAULT NULL,
  `quality` int(10) DEFAULT NULL,
  `dimensionChangeTime` datetime DEFAULT NULL,
  `dateCreated` datetime NOT NULL,
  `dateUpdated` datetime NOT NULL,
  `uid` char(36) COLLATE utf8_unicode_ci NOT NULL DEFAULT '0',
  PRIMARY KEY (`id`),
  UNIQUE KEY `craft_assettransforms_name_unq_idx` (`name`),
  UNIQUE KEY `craft_assettransforms_handle_unq_idx` (`handle`)
) ENGINE=InnoDB DEFAULT CHARSET=utf8 COLLATE=utf8_unicode_ci;

DROP TABLE IF EXISTS `craft_categories`;


--
-- Schema for table `craft_categories`
--
CREATE TABLE `craft_categories` (
  `id` int(11) NOT NULL,
  `groupId` int(11) NOT NULL,
  `dateCreated` datetime NOT NULL,
  `dateUpdated` datetime NOT NULL,
  `uid` char(36) COLLATE utf8_unicode_ci NOT NULL DEFAULT '0',
  PRIMARY KEY (`id`),
  KEY `craft_categories_groupId_fk` (`groupId`)
) ENGINE=InnoDB DEFAULT CHARSET=utf8 COLLATE=utf8_unicode_ci;

--
-- Data for table `craft_categories`
--

INSERT INTO `craft_categories` (`id`, `groupId`, `dateCreated`, `dateUpdated`, `uid`) VALUES
 ('243', '1', '2017-08-07 17:26:03', '2017-08-07 17:26:03', '3a1c809f-b3e2-4a15-90ea-cfc88d40180c'),
 ('244', '1', '2017-08-07 17:26:14', '2017-08-07 17:26:14', '5c889094-2d50-4966-bb70-74c91a016932'),
 ('245', '1', '2017-08-07 17:26:23', '2017-08-07 17:26:23', '2f3bc511-39d3-4906-8cb5-03c508871f7f'),
 ('246', '2', '2017-08-07 17:26:39', '2017-08-07 17:26:39', 'd94f4384-8233-4a2a-9a50-90d052309e14'),
 ('247', '2', '2017-08-07 17:26:50', '2017-08-07 17:26:50', '329fa6a5-32a4-4c35-b53f-8ed6b8ad1d17'),
 ('248', '2', '2017-08-07 17:26:55', '2017-08-07 17:26:55', '56344f6c-eaf7-4d48-96e9-2603f52a7272'),
 ('249', '2', '2017-08-07 17:27:08', '2017-08-07 17:27:08', 'c13cafc8-4230-46b9-9cb0-86b6f3da7667'),
 ('250', '2', '2017-08-07 17:27:17', '2017-08-07 17:27:17', 'b8b43027-a99e-4804-b22e-cf668da37211'),
 ('251', '2', '2017-08-07 17:27:33', '2017-08-07 17:27:33', 'b5b4fa21-2927-4b60-b7a8-c0b2b0cd74db'),
 ('252', '2', '2017-08-07 17:27:40', '2017-08-07 17:27:40', '4867d96e-e3a0-4aae-be2a-b7a3bfc8ace2'),
 ('253', '2', '2017-08-07 17:28:00', '2017-08-07 17:28:00', '50582a4e-9b1c-49c2-ac92-22f46ea1e781'),
 ('254', '2', '2017-08-07 17:28:10', '2017-08-07 17:28:10', 'e6c0cebb-0c14-434f-9a4e-55373d65fbfc'),
 ('255', '2', '2017-08-07 17:28:14', '2017-08-07 17:28:14', 'ac1c82ea-b377-4c7d-bd4b-20006ebfc219'),
 ('256', '3', '2017-08-07 17:31:09', '2017-08-07 17:31:09', '05a878a5-be9d-4765-912c-c5c8a2cdf6dc'),
 ('257', '3', '2017-08-07 17:31:22', '2017-08-07 17:31:22', 'f15077ad-9046-4efb-ae54-de74695e32a8'),
 ('258', '3', '2017-08-07 17:31:27', '2017-08-07 17:31:27', 'be5b0617-1485-431c-a95b-744942b086e8'),
 ('266', '5', '2017-08-07 21:31:59', '2017-08-07 21:31:59', '58ed261b-439e-4875-9036-1a46e8edf450'),
 ('267', '5', '2017-08-07 21:32:21', '2017-08-07 21:32:21', 'f9ff7a67-f6a9-44c6-ae41-45d03ade0ee3'),
 ('350', '6', '2017-08-22 20:53:32', '2017-08-22 20:53:32', '6f19dab3-7b35-4473-baf5-a4750c52af02'),
 ('351', '6', '2017-08-22 20:53:42', '2017-08-22 20:53:42', '5bacea70-71ef-4b89-9de1-26ad9a2c93ee'),
 ('352', '6', '2017-08-22 20:53:58', '2017-08-22 20:53:58', '9f1564cb-3fd6-423b-8468-8e86014269d2'),
 ('353', '6', '2017-08-22 20:54:07', '2017-08-22 20:54:07', '20c36f5a-dfed-4ad6-bae0-ef3d972ce795'),
 ('354', '6', '2017-08-22 20:54:17', '2017-08-22 20:54:17', '29795a1d-e4ff-44df-9dbb-32fcc45cf2ef');



DROP TABLE IF EXISTS `craft_categorygroups`;


--
-- Schema for table `craft_categorygroups`
--
CREATE TABLE `craft_categorygroups` (
  `id` int(11) NOT NULL AUTO_INCREMENT,
  `structureId` int(11) NOT NULL,
  `fieldLayoutId` int(11) DEFAULT NULL,
  `name` varchar(255) COLLATE utf8_unicode_ci NOT NULL,
  `handle` varchar(255) COLLATE utf8_unicode_ci NOT NULL,
  `hasUrls` tinyint(1) unsigned NOT NULL DEFAULT '1',
  `template` varchar(500) COLLATE utf8_unicode_ci DEFAULT NULL,
  `dateCreated` datetime NOT NULL,
  `dateUpdated` datetime NOT NULL,
  `uid` char(36) COLLATE utf8_unicode_ci NOT NULL DEFAULT '0',
  PRIMARY KEY (`id`),
  UNIQUE KEY `craft_categorygroups_name_unq_idx` (`name`),
  UNIQUE KEY `craft_categorygroups_handle_unq_idx` (`handle`),
  KEY `craft_categorygroups_structureId_fk` (`structureId`),
  KEY `craft_categorygroups_fieldLayoutId_fk` (`fieldLayoutId`)
) ENGINE=InnoDB AUTO_INCREMENT=7 DEFAULT CHARSET=utf8 COLLATE=utf8_unicode_ci;

--
-- Data for table `craft_categorygroups`
--

INSERT INTO `craft_categorygroups` (`id`, `structureId`, `fieldLayoutId`, `name`, `handle`, `hasUrls`, `template`, `dateCreated`, `dateUpdated`, `uid`) VALUES
 ('1', '66', '1914', 'Objective', 'objective', '0', NULL, '2017-08-07 17:25:26', '2017-08-22 20:52:00', '1aee45f5-87d5-4190-b109-fe44c628b032'),
 ('2', '67', '1913', 'Industry', 'industry', '0', NULL, '2017-08-07 17:25:37', '2017-08-22 20:49:35', '411dc248-229d-455f-953e-9e102bb502ae'),
 ('3', '68', '1915', 'Product', 'product', '0', NULL, '2017-08-07 17:30:56', '2017-08-22 20:52:13', 'fd363a22-46fd-4eb7-9379-23e9c1d7f87f'),
 ('5', '71', '1715', 'Blog Type', 'blogType', '0', NULL, '2017-08-07 21:31:43', '2017-08-07 21:31:43', '4f50ca58-b5e2-47dd-a37d-6524b8606689'),
 ('6', '90', '1916', 'Region', 'region', '0', NULL, '2017-08-22 20:52:47', '2017-08-22 20:52:47', '7e3adcd0-8e9c-41d1-ba6f-a6a2943ce99e');



DROP TABLE IF EXISTS `craft_categorygroups_i18n`;


--
-- Schema for table `craft_categorygroups_i18n`
--
CREATE TABLE `craft_categorygroups_i18n` (
  `id` int(11) NOT NULL AUTO_INCREMENT,
  `groupId` int(11) NOT NULL,
  `locale` char(12) COLLATE utf8_unicode_ci NOT NULL,
  `urlFormat` text COLLATE utf8_unicode_ci,
  `nestedUrlFormat` text COLLATE utf8_unicode_ci,
  `dateCreated` datetime NOT NULL,
  `dateUpdated` datetime NOT NULL,
  `uid` char(36) COLLATE utf8_unicode_ci NOT NULL DEFAULT '0',
  PRIMARY KEY (`id`),
  UNIQUE KEY `craft_categorygroups_i18n_groupId_locale_unq_idx` (`groupId`,`locale`),
  KEY `craft_categorygroups_i18n_locale_fk` (`locale`)
) ENGINE=InnoDB AUTO_INCREMENT=13 DEFAULT CHARSET=utf8 COLLATE=utf8_unicode_ci;

--
-- Data for table `craft_categorygroups_i18n`
--

INSERT INTO `craft_categorygroups_i18n` (`id`, `groupId`, `locale`, `urlFormat`, `nestedUrlFormat`, `dateCreated`, `dateUpdated`, `uid`) VALUES
 ('1', '1', 'en_us', NULL, NULL, '2017-08-07 17:25:26', '2017-08-07 17:25:26', 'f7fe7b0c-50fd-4d24-a57b-0ba7358dc7d9'),
 ('2', '1', 'de_de', NULL, NULL, '2017-08-07 17:25:26', '2017-08-07 17:25:26', 'f4d956b7-d3dd-4d1b-8a3a-e7d5cfb1998c'),
 ('3', '2', 'en_us', NULL, NULL, '2017-08-07 17:25:37', '2017-08-07 17:25:37', 'ce2e4f20-7898-44e5-a88d-56c83f0bad24'),
 ('4', '2', 'de_de', NULL, NULL, '2017-08-07 17:25:37', '2017-08-07 17:25:37', '5284c0a7-5a2e-46b5-a4f4-f2146d8cfdeb'),
 ('5', '3', 'en_us', NULL, NULL, '2017-08-07 17:30:56', '2017-08-07 17:30:56', 'ec2736a5-150f-4cb1-a8fc-14412f0610e3'),
 ('6', '3', 'de_de', NULL, NULL, '2017-08-07 17:30:56', '2017-08-07 17:30:56', 'c2abd350-76fa-4542-a6cf-91f70bf274d0'),
 ('9', '5', 'en_us', NULL, NULL, '2017-08-07 21:31:43', '2017-08-07 21:31:43', 'ea72dccb-7bdb-43bc-ab9c-57076d20e166'),
 ('10', '5', 'de_de', NULL, NULL, '2017-08-07 21:31:43', '2017-08-07 21:31:43', '09a2b2fd-74ff-46fb-aff8-4831322a9519'),
 ('11', '6', 'en_us', NULL, NULL, '2017-08-22 20:52:47', '2017-08-22 20:52:47', 'fbd95e5d-d4f7-471b-97e1-9dae0ef0f1d1'),
 ('12', '6', 'de_de', NULL, NULL, '2017-08-22 20:52:47', '2017-08-22 20:52:47', 'a913a49a-650f-4bdf-9697-94b656935eca');



DROP TABLE IF EXISTS `craft_content`;


--
-- Schema for table `craft_content`
--
CREATE TABLE `craft_content` (
  `id` int(11) NOT NULL AUTO_INCREMENT,
  `elementId` int(11) NOT NULL,
  `locale` char(12) COLLATE utf8_unicode_ci NOT NULL,
  `title` varchar(255) COLLATE utf8_unicode_ci DEFAULT NULL,
  `field_page_uri` text COLLATE utf8_unicode_ci,
  `field_imageLocation` varchar(255) COLLATE utf8_unicode_ci DEFAULT 'left',
  `field_paragraph_loc` text COLLATE utf8_unicode_ci,
  `field_button` text COLLATE utf8_unicode_ci,
  `field_headline_loc` text COLLATE utf8_unicode_ci,
  `field_page_themeColor` varchar(255) COLLATE utf8_unicode_ci DEFAULT 'blue',
  `field_page_sideNavigation` tinyint(1) unsigned NOT NULL DEFAULT '0',
  `field_buttonStyle` varchar(255) COLLATE utf8_unicode_ci DEFAULT 'primary',
  `field_subhead_loc` text COLLATE utf8_unicode_ci,
  `field_sectionBackgroundColor` varchar(255) COLLATE utf8_unicode_ci DEFAULT 'gray',
  `field_sectionTitle_loc` text COLLATE utf8_unicode_ci,
  `field_assetWidth` varchar(255) COLLATE utf8_unicode_ci DEFAULT 'normal',
  `field_eyebrow_loc` text COLLATE utf8_unicode_ci,
  `field_storyCardColor` varchar(255) COLLATE utf8_unicode_ci DEFAULT NULL,
  `field_companyName` text COLLATE utf8_unicode_ci,
  `field_storySummary_loc` text COLLATE utf8_unicode_ci,
  `field_tabLabel_loc` text COLLATE utf8_unicode_ci,
  `field_tabDescription_loc` text COLLATE utf8_unicode_ci,
  `field_timeCode` decimal(11,1) unsigned DEFAULT '0.0',
  `field_descriptionLabel_loc` text COLLATE utf8_unicode_ci,
  `field_groupTitle_loc` text COLLATE utf8_unicode_ci,
  `field_seoTitle` text COLLATE utf8_unicode_ci,
  `field_seoDescription` text COLLATE utf8_unicode_ci,
  `field_keywords` text COLLATE utf8_unicode_ci,
  `field_ogTitle` text COLLATE utf8_unicode_ci,
  `field_ogDescription` text COLLATE utf8_unicode_ci,
  `field_pageType` varchar(255) COLLATE utf8_unicode_ci DEFAULT 'website',
  `field_mainNavigationCta` text COLLATE utf8_unicode_ci,
  `field_cookiePolicy_loc` text COLLATE utf8_unicode_ci,
  `field_buttonText_loc` text COLLATE utf8_unicode_ci,
  `field_verticalVideoUrl` text COLLATE utf8_unicode_ci,
  `field_imageAltText_loc` text COLLATE utf8_unicode_ci,
  `field_desktopVideoLocation` varchar(255) COLLATE utf8_unicode_ci DEFAULT 'left',
  `field_roundedCorners` tinyint(1) unsigned NOT NULL DEFAULT '0',
  `field_productFilterTitle_loc` text COLLATE utf8_unicode_ci,
  `field_objectiveFilterTitle_loc` text COLLATE utf8_unicode_ci,
  `field_industryFilterTitle_loc` text COLLATE utf8_unicode_ci,
  `field_noResultsText_loc` text COLLATE utf8_unicode_ci,
  `field_autoplay` tinyint(1) unsigned NOT NULL DEFAULT '0',
  `field_videoControls` tinyint(1) unsigned NOT NULL DEFAULT '0',
  `field_cardColor` varchar(255) COLLATE utf8_unicode_ci DEFAULT NULL,
  `field_spotlightDescription_loc` text COLLATE utf8_unicode_ci,
  `field_productUsed_loc` text COLLATE utf8_unicode_ci,
  `field_objective_loc` text COLLATE utf8_unicode_ci,
  `field_title_loc` text COLLATE utf8_unicode_ci,
  `field_regionFilterTitle_loc` text COLLATE utf8_unicode_ci,
  `field_body` text COLLATE utf8_unicode_ci,
  `field_textBlock` text COLLATE utf8_unicode_ci,
  `field_imageCaption_loc` text COLLATE utf8_unicode_ci,
  `field_imageDownloadButton` tinyint(1) unsigned NOT NULL DEFAULT '0',
  `field_wideImage` tinyint(1) unsigned NOT NULL DEFAULT '0',
  `field_lightText` tinyint(1) unsigned NOT NULL DEFAULT '0',
  `field_description_loc` text COLLATE utf8_unicode_ci,
  `field_navItem` text COLLATE utf8_unicode_ci,
  `field_successStoriesTitle_loc` text COLLATE utf8_unicode_ci,
  `field_successStoriesButton` text COLLATE utf8_unicode_ci,
  `field_creativeSpotlightTitle_loc` text COLLATE utf8_unicode_ci,
  `field_creativeSpotlightButton` text COLLATE utf8_unicode_ci,
  `dateCreated` datetime NOT NULL,
  `dateUpdated` datetime NOT NULL,
  `uid` char(36) COLLATE utf8_unicode_ci NOT NULL DEFAULT '0',
  PRIMARY KEY (`id`),
  UNIQUE KEY `craft_content_elementId_locale_unq_idx` (`elementId`,`locale`),
  KEY `craft_content_title_idx` (`title`),
  KEY `craft_content_locale_fk` (`locale`)
) ENGINE=InnoDB AUTO_INCREMENT=527 DEFAULT CHARSET=utf8 COLLATE=utf8_unicode_ci;

--
-- Data for table `craft_content`
--

INSERT INTO `craft_content` (`id`, `elementId`, `locale`, `title`, `field_page_uri`, `field_imageLocation`, `field_paragraph_loc`, `field_button`, `field_headline_loc`, `field_page_themeColor`, `field_page_sideNavigation`, `field_buttonStyle`, `field_subhead_loc`, `field_sectionBackgroundColor`, `field_sectionTitle_loc`, `field_assetWidth`, `field_eyebrow_loc`, `field_storyCardColor`, `field_companyName`, `field_storySummary_loc`, `field_tabLabel_loc`, `field_tabDescription_loc`, `field_timeCode`, `field_descriptionLabel_loc`, `field_groupTitle_loc`, `field_seoTitle`, `field_seoDescription`, `field_keywords`, `field_ogTitle`, `field_ogDescription`, `field_pageType`, `field_mainNavigationCta`, `field_cookiePolicy_loc`, `field_buttonText_loc`, `field_verticalVideoUrl`, `field_imageAltText_loc`, `field_desktopVideoLocation`, `field_roundedCorners`, `field_productFilterTitle_loc`, `field_objectiveFilterTitle_loc`, `field_industryFilterTitle_loc`, `field_noResultsText_loc`, `field_autoplay`, `field_videoControls`, `field_cardColor`, `field_spotlightDescription_loc`, `field_productUsed_loc`, `field_objective_loc`, `field_title_loc`, `field_regionFilterTitle_loc`, `field_body`, `field_textBlock`, `field_imageCaption_loc`, `field_imageDownloadButton`, `field_wideImage`, `field_lightText`, `field_description_loc`, `field_navItem`, `field_successStoriesTitle_loc`, `field_successStoriesButton`, `field_creativeSpotlightTitle_loc`, `field_creativeSpotlightButton`, `dateCreated`, `dateUpdated`, `uid`) VALUES
 ('1', '1', 'en_us', NULL, NULL, 'left', NULL, NULL, NULL, NULL, '0', NULL, NULL, 'white', NULL, 'normal', NULL, NULL, NULL, NULL, NULL, NULL, '0.0', NULL, NULL, NULL, NULL, NULL, NULL, NULL, 'website', NULL, NULL, NULL, NULL, NULL, 'left', '0', NULL, NULL, NULL, NULL, '0', '0', NULL, NULL, NULL, NULL, NULL, NULL, NULL, NULL, NULL, '0', '0', '0', NULL, NULL, NULL, NULL, NULL, NULL, '2017-07-20 17:27:58', '2017-07-28 21:23:12', 'cb2d6955-b22a-4e41-b9f8-fe1801657cba'),
 ('8', '8', 'en_us', 'Snap Ad Reporting 1X', NULL, 'left', NULL, NULL, NULL, 'blue', '0', 'primary', NULL, 'white', NULL, 'normal', NULL, NULL, NULL, NULL, NULL, NULL, '0.0', NULL, NULL, NULL, NULL, NULL, NULL, NULL, 'website', NULL, NULL, NULL, NULL, NULL, 'left', '0', NULL, NULL, NULL, NULL, '0', '0', NULL, NULL, NULL, NULL, NULL, NULL, NULL, NULL, NULL, '0', '0', '0', NULL, NULL, NULL, NULL, NULL, NULL, '2017-07-20 22:19:56', '2017-08-30 21:02:42', 'bb3a0689-aa50-41d7-b13b-ea20a6644d4e'),
 ('14', '14', 'en_us', 'Homepage 1 1', NULL, 'left', NULL, NULL, NULL, 'blue', '0', 'primary', NULL, 'white', NULL, 'normal', NULL, NULL, NULL, NULL, NULL, NULL, '0.0', NULL, NULL, NULL, NULL, NULL, NULL, NULL, 'website', NULL, NULL, NULL, NULL, NULL, 'left', '0', NULL, NULL, NULL, NULL, '0', '0', NULL, NULL, NULL, NULL, NULL, NULL, NULL, NULL, NULL, '0', '0', '0', NULL, NULL, NULL, NULL, NULL, NULL, '2017-07-20 22:49:12', '2017-08-30 21:02:41', '6c738b61-7582-4ca9-a343-575acebeec23'),
 ('15', '15', 'en_us', 'Homepage 1 2', NULL, 'left', NULL, NULL, NULL, 'blue', '0', 'primary', NULL, 'white', NULL, 'normal', NULL, NULL, NULL, NULL, NULL, NULL, '0.0', NULL, NULL, NULL, NULL, NULL, NULL, NULL, 'website', NULL, NULL, NULL, NULL, NULL, 'left', '0', NULL, NULL, NULL, NULL, '0', '0', NULL, NULL, NULL, NULL, NULL, NULL, NULL, NULL, NULL, '0', '0', '0', NULL, NULL, NULL, NULL, NULL, NULL, '2017-07-20 22:49:12', '2017-08-30 21:02:42', '2c1fbe5f-7d82-4b41-9509-b41fe8fee7a3'),
 ('16', '16', 'en_us', 'Homepage 1 3', NULL, 'left', NULL, NULL, NULL, 'blue', '0', 'primary', NULL, 'white', NULL, 'normal', NULL, NULL, NULL, NULL, NULL, NULL, '0.0', NULL, NULL, NULL, NULL, NULL, NULL, NULL, 'website', NULL, NULL, NULL, NULL, NULL, 'left', '0', NULL, NULL, NULL, NULL, '0', '0', NULL, NULL, NULL, NULL, NULL, NULL, NULL, NULL, NULL, '0', '0', '0', NULL, NULL, NULL, NULL, NULL, NULL, '2017-07-20 22:49:12', '2017-08-30 21:02:42', '0239ac22-9f4b-47f6-92a7-0c69581daaa3'),
 ('26', '33', 'en_us', 'Entry 33', NULL, 'left', NULL, NULL, NULL, 'blue', '0', 'primary', NULL, 'white', NULL, 'normal', 'Success Story', '#a91622', 'AB InBev', 'On average, Snapchatters spent 30 seconds playing Anheuser Busch InBev\'s Bud Bowl game in its Snap Ad Web View.', NULL, NULL, '0.0', NULL, NULL, NULL, NULL, NULL, NULL, NULL, 'website', NULL, NULL, NULL, NULL, NULL, 'left', '0', NULL, NULL, NULL, NULL, '0', '0', 'blue', NULL, NULL, NULL, NULL, NULL, NULL, NULL, NULL, '0', '0', '0', NULL, NULL, NULL, NULL, NULL, NULL, '2017-07-21 23:29:50', '2017-09-06 17:56:59', 'ff299240-9851-4b1c-97e4-440dcc9c9682'),
 ('27', '34', 'en_us', NULL, NULL, 'left', NULL, NULL, NULL, 'blue', '0', 'primary', NULL, 'gray', 'Overview', 'normal', NULL, NULL, NULL, NULL, NULL, NULL, '0.0', NULL, NULL, NULL, NULL, NULL, NULL, NULL, 'website', NULL, NULL, NULL, NULL, NULL, 'left', '0', NULL, NULL, NULL, NULL, '0', '0', NULL, NULL, NULL, NULL, NULL, NULL, NULL, NULL, NULL, '0', '0', '0', NULL, NULL, NULL, NULL, NULL, NULL, '2017-07-26 20:51:36', '2017-07-27 00:17:05', '4aeafa8b-581b-4ae7-a015-332630fcaf39'),
 ('28', '35', 'en_us', NULL, NULL, 'left', NULL, NULL, 'Successful ads drive your business forward', 'blue', '0', 'primary', NULL, 'white', NULL, 'normal', NULL, NULL, NULL, NULL, NULL, NULL, '0.0', NULL, NULL, NULL, NULL, NULL, NULL, NULL, 'website', NULL, NULL, NULL, NULL, NULL, 'left', '0', NULL, NULL, NULL, NULL, '0', '0', NULL, NULL, NULL, NULL, NULL, NULL, NULL, NULL, NULL, '0', '0', '0', NULL, NULL, NULL, NULL, NULL, NULL, '2017-07-26 20:51:36', '2017-07-27 00:17:05', '4d39b51a-4298-4558-8080-11dbb1b597e0'),
 ('29', '36', 'en_us', NULL, NULL, 'left', 'Monitor your campaigns in real-time, identify key performance trends, and optimize towards your goals.', NULL, 'Snap Ad Reporting', 'blue', '0', 'primary', NULL, 'white', NULL, 'normal', NULL, NULL, NULL, NULL, NULL, NULL, '0.0', NULL, NULL, NULL, NULL, NULL, NULL, NULL, 'website', NULL, NULL, NULL, NULL, NULL, 'left', '0', NULL, NULL, NULL, NULL, '0', '0', NULL, NULL, NULL, NULL, NULL, NULL, NULL, NULL, NULL, '0', '0', '0', NULL, NULL, NULL, NULL, NULL, NULL, '2017-07-26 20:51:36', '2017-07-27 00:17:05', '183b5243-d299-438d-b3b3-7d4b1b4f42a5'),
 ('31', '38', 'en_us', 'Filter Reporting 2X', NULL, 'left', NULL, NULL, NULL, 'blue', '0', 'primary', NULL, 'white', NULL, 'normal', NULL, NULL, NULL, NULL, NULL, NULL, '0.0', NULL, NULL, NULL, NULL, NULL, NULL, NULL, 'website', NULL, NULL, NULL, NULL, NULL, 'left', '0', NULL, NULL, NULL, NULL, '0', '0', NULL, NULL, NULL, NULL, NULL, NULL, NULL, NULL, NULL, '0', '0', '0', NULL, NULL, NULL, NULL, NULL, NULL, '2017-07-26 21:01:07', '2017-08-30 21:02:35', '1e91ee82-c782-4ebf-a8d1-ad5e09b67ba1'),
 ('32', '39', 'en_us', NULL, NULL, 'left', NULL, NULL, NULL, 'blue', '0', 'primary', NULL, 'white', 'Filter Reporting', 'normal', NULL, NULL, NULL, NULL, NULL, NULL, '0.0', NULL, NULL, NULL, NULL, NULL, NULL, NULL, 'website', NULL, NULL, NULL, NULL, NULL, 'left', '0', NULL, NULL, NULL, NULL, '0', '0', NULL, NULL, NULL, NULL, NULL, NULL, NULL, NULL, NULL, '0', '0', '0', NULL, NULL, NULL, NULL, NULL, NULL, '2017-07-26 21:04:17', '2017-07-27 00:17:05', '5755410d-ef2f-4003-991f-e3c72265d16c'),
 ('33', '40', 'en_us', NULL, NULL, 'right', 'Track filter performance and optimize your campaign by location.', NULL, 'Filter Reporting', 'blue', '0', 'primary', NULL, 'white', NULL, 'normal', NULL, NULL, NULL, NULL, NULL, NULL, '0.0', NULL, NULL, NULL, NULL, NULL, NULL, NULL, 'website', NULL, NULL, NULL, NULL, NULL, 'left', '0', NULL, NULL, NULL, NULL, '0', '0', NULL, NULL, NULL, NULL, NULL, NULL, NULL, NULL, NULL, '0', '0', '0', NULL, NULL, NULL, NULL, NULL, NULL, '2017-07-26 21:04:17', '2017-07-27 00:17:05', 'a07eb50e-e5db-4cf9-9251-11b4a6d0c987'),
 ('35', '42', 'en_us', NULL, NULL, 'left', NULL, NULL, NULL, 'blue', '0', 'primary', NULL, 'gray', 'Measurement Philosophy', 'normal', NULL, NULL, NULL, NULL, NULL, NULL, '0.0', NULL, NULL, NULL, NULL, NULL, NULL, NULL, 'website', NULL, NULL, NULL, NULL, NULL, 'left', '0', NULL, NULL, NULL, NULL, '0', '0', NULL, NULL, NULL, NULL, NULL, NULL, NULL, NULL, NULL, '0', '0', '0', NULL, NULL, NULL, NULL, NULL, NULL, '2017-07-26 21:04:17', '2017-07-27 00:17:05', '2afc97b1-6f11-43c0-a3df-8f7007573dc9'),
 ('36', '43', 'en_us', NULL, NULL, 'left', NULL, NULL, 'Know exactly how your ads perform', 'blue', '0', 'primary', NULL, 'white', NULL, 'normal', NULL, NULL, NULL, NULL, NULL, NULL, '0.0', NULL, NULL, NULL, NULL, NULL, NULL, NULL, 'website', NULL, NULL, NULL, NULL, NULL, 'left', '0', NULL, NULL, NULL, NULL, '0', '0', NULL, NULL, NULL, NULL, NULL, NULL, NULL, NULL, NULL, '0', '0', '0', NULL, NULL, NULL, NULL, NULL, NULL, '2017-07-26 21:04:17', '2017-07-27 00:17:05', 'd8f15d39-810b-47e4-ba1b-f9f432ce1692'),
 ('37', '44', 'en_us', NULL, NULL, 'left', NULL, NULL, NULL, 'blue', '0', 'primary', NULL, 'white', NULL, 'normal', NULL, NULL, NULL, NULL, NULL, NULL, '0.0', NULL, NULL, NULL, NULL, NULL, NULL, NULL, 'website', NULL, NULL, NULL, NULL, NULL, 'left', '0', NULL, NULL, NULL, NULL, '0', '0', NULL, NULL, NULL, NULL, NULL, NULL, NULL, NULL, NULL, '0', '0', '0', NULL, NULL, NULL, NULL, NULL, NULL, '2017-07-26 21:04:17', '2017-07-27 00:17:05', '927f103b-a811-4ea9-b621-ecd3eaf4b976'),
 ('38', '45', 'en_us', 'Measurement Reach', NULL, 'left', NULL, NULL, NULL, 'blue', '0', 'primary', NULL, 'white', NULL, 'normal', NULL, NULL, NULL, NULL, NULL, NULL, '0.0', NULL, NULL, NULL, NULL, NULL, NULL, NULL, 'website', NULL, NULL, NULL, NULL, NULL, 'left', '0', NULL, NULL, NULL, NULL, '0', '0', NULL, NULL, NULL, NULL, NULL, NULL, NULL, NULL, NULL, '0', '0', '0', NULL, NULL, NULL, NULL, NULL, NULL, '2017-07-26 21:17:47', '2017-08-30 21:02:41', '0a94bc86-2ccf-472f-967f-24bbf768e377'),
 ('39', '46', 'en_us', 'Measurement Reaction', NULL, 'left', NULL, NULL, NULL, 'blue', '0', 'primary', NULL, 'white', NULL, 'normal', NULL, NULL, NULL, NULL, NULL, NULL, '0.0', NULL, NULL, NULL, NULL, NULL, NULL, NULL, 'website', NULL, NULL, NULL, NULL, NULL, 'left', '0', NULL, NULL, NULL, NULL, '0', '0', NULL, NULL, NULL, NULL, NULL, NULL, NULL, NULL, NULL, '0', '0', '0', NULL, NULL, NULL, NULL, NULL, NULL, '2017-07-26 21:17:47', '2017-08-30 21:02:42', '13bcf584-e0cb-4a70-ab5a-136428a6212f'),
 ('40', '47', 'en_us', 'Measurement Resonance', NULL, 'left', NULL, NULL, NULL, 'blue', '0', 'primary', NULL, 'white', NULL, 'normal', NULL, NULL, NULL, NULL, NULL, NULL, '0.0', NULL, NULL, NULL, NULL, NULL, NULL, NULL, 'website', NULL, NULL, NULL, NULL, NULL, 'left', '0', NULL, NULL, NULL, NULL, '0', '0', NULL, NULL, NULL, NULL, NULL, NULL, NULL, NULL, NULL, '0', '0', '0', NULL, NULL, NULL, NULL, NULL, NULL, '2017-07-26 21:17:47', '2017-08-30 21:02:42', 'c5d19878-8b2e-48a3-9794-624333e980e5'),
 ('41', '48', 'en_us', 'Measurement Snap To', NULL, 'left', NULL, NULL, NULL, 'blue', '0', 'primary', NULL, 'white', NULL, 'normal', NULL, NULL, NULL, NULL, NULL, NULL, '0.0', NULL, NULL, NULL, NULL, NULL, NULL, NULL, 'website', NULL, NULL, NULL, NULL, NULL, 'left', '0', NULL, NULL, NULL, NULL, '0', '0', NULL, NULL, NULL, NULL, NULL, NULL, NULL, NULL, NULL, '0', '0', '0', NULL, NULL, NULL, NULL, NULL, NULL, '2017-07-26 21:17:47', '2017-08-30 21:02:42', '1da6e46c-7f4d-47cf-80e9-84d341eab08e'),
 ('42', '49', 'en_us', 'Measurement Verification', NULL, 'left', NULL, NULL, NULL, 'blue', '0', 'primary', NULL, 'white', NULL, 'normal', NULL, NULL, NULL, NULL, NULL, NULL, '0.0', NULL, NULL, NULL, NULL, NULL, NULL, NULL, 'website', NULL, NULL, NULL, NULL, NULL, 'left', '0', NULL, NULL, NULL, NULL, '0', '0', NULL, NULL, NULL, NULL, NULL, NULL, NULL, NULL, NULL, '0', '0', '0', NULL, NULL, NULL, NULL, NULL, NULL, '2017-07-26 21:17:47', '2017-08-30 21:02:42', '4e89b922-deb5-412f-ab7e-353529c5159c'),
 ('43', '50', 'en_us', 'Measurement Viewability', NULL, 'left', NULL, NULL, NULL, 'blue', '0', 'primary', NULL, 'white', NULL, 'normal', NULL, NULL, NULL, NULL, NULL, NULL, '0.0', NULL, NULL, NULL, NULL, NULL, NULL, NULL, 'website', NULL, NULL, NULL, NULL, NULL, 'left', '0', NULL, NULL, NULL, NULL, '0', '0', NULL, NULL, NULL, NULL, NULL, NULL, NULL, NULL, NULL, '0', '0', '0', NULL, NULL, NULL, NULL, NULL, NULL, '2017-07-26 21:19:01', '2017-08-30 21:02:42', '6f300093-cf4e-4bf3-bc3e-1a404cda8568'),
 ('54', '61', 'en_us', 'Snap To Store Clock 2X', NULL, 'left', NULL, NULL, NULL, 'blue', '0', 'primary', NULL, 'white', NULL, 'normal', NULL, NULL, NULL, NULL, NULL, NULL, '0.0', NULL, NULL, NULL, NULL, NULL, NULL, NULL, 'website', NULL, NULL, NULL, NULL, NULL, 'left', '0', NULL, NULL, NULL, NULL, '0', '0', NULL, NULL, NULL, NULL, NULL, NULL, NULL, NULL, NULL, '0', '0', '0', NULL, NULL, NULL, NULL, NULL, NULL, '2017-07-26 21:26:59', '2017-08-30 21:02:37', '30b84056-293c-417a-a2ae-1801f4b90374'),
 ('56', '63', 'en_us', NULL, NULL, 'left', NULL, NULL, NULL, 'blue', '0', 'primary', NULL, 'white', 'Snap to Store', 'normal', NULL, NULL, NULL, NULL, NULL, NULL, '0.0', NULL, NULL, NULL, NULL, NULL, NULL, NULL, 'website', NULL, NULL, NULL, NULL, NULL, 'left', '0', NULL, NULL, NULL, NULL, '0', '0', NULL, NULL, NULL, NULL, NULL, NULL, NULL, NULL, NULL, '0', '0', '0', NULL, NULL, NULL, NULL, NULL, NULL, '2017-07-26 21:27:42', '2017-07-27 00:17:06', '6ae4890e-e9e0-4dee-859d-0777abe579b4'),
 ('57', '64', 'en_us', NULL, NULL, 'left', NULL, NULL, NULL, 'blue', '0', 'primary', NULL, 'white', NULL, 'normal', NULL, NULL, NULL, NULL, NULL, NULL, '0.0', NULL, NULL, NULL, NULL, NULL, NULL, NULL, 'website', NULL, NULL, NULL, NULL, NULL, 'left', '0', NULL, NULL, NULL, NULL, '0', '0', NULL, NULL, NULL, NULL, NULL, NULL, NULL, NULL, NULL, '0', '0', '0', NULL, NULL, NULL, NULL, NULL, NULL, '2017-07-26 21:27:42', '2017-07-27 00:17:06', 'ac0e593d-d939-46a9-82c2-e9e33dcc0a0f'),
 ('61', '68', 'en_us', 'Snap To Store Chillahs 2X', NULL, 'left', NULL, NULL, NULL, 'blue', '0', 'primary', NULL, 'white', NULL, 'normal', NULL, NULL, NULL, NULL, NULL, NULL, '0.0', NULL, NULL, NULL, NULL, NULL, NULL, NULL, 'website', NULL, NULL, NULL, NULL, NULL, 'left', '0', NULL, NULL, NULL, NULL, '0', '0', NULL, NULL, NULL, NULL, NULL, NULL, NULL, NULL, NULL, '0', '0', '0', NULL, NULL, NULL, NULL, NULL, NULL, '2017-07-26 21:28:10', '2017-08-30 21:02:36', 'bdb104d1-8580-40f0-82ef-8bf3070ea837'),
 ('62', '69', 'en_us', NULL, NULL, 'left', NULL, NULL, NULL, 'blue', '0', 'primary', NULL, 'white', NULL, 'wide', NULL, NULL, NULL, NULL, NULL, NULL, '0.0', NULL, NULL, NULL, NULL, NULL, NULL, NULL, 'website', NULL, NULL, NULL, NULL, NULL, 'left', '0', NULL, NULL, NULL, NULL, '0', '0', NULL, NULL, NULL, NULL, NULL, NULL, NULL, NULL, NULL, '0', '0', '0', NULL, NULL, NULL, NULL, NULL, NULL, '2017-07-26 21:28:25', '2017-07-27 00:17:06', 'e8a57a5a-1376-486a-a7cd-9ff3e04fa59d'),
 ('64', '71', 'en_us', NULL, NULL, 'left', NULL, NULL, NULL, 'blue', '0', 'primary', NULL, 'gray', 'Third-party Partners', 'normal', NULL, NULL, NULL, NULL, NULL, NULL, '0.0', NULL, NULL, NULL, NULL, NULL, NULL, NULL, 'website', NULL, NULL, NULL, NULL, NULL, 'left', '0', NULL, NULL, NULL, NULL, '0', '0', NULL, NULL, NULL, NULL, NULL, NULL, NULL, NULL, NULL, '0', '0', '0', NULL, NULL, NULL, NULL, NULL, NULL, '2017-07-26 21:48:57', '2017-07-27 00:17:06', 'c87a7dca-afd6-40f7-b1d8-5089eb56213d'),
 ('65', '72', 'en_us', NULL, NULL, 'left', NULL, NULL, NULL, 'blue', '0', 'primary', NULL, 'white', NULL, 'normal', NULL, NULL, NULL, NULL, NULL, NULL, '0.0', NULL, NULL, NULL, NULL, NULL, NULL, NULL, 'website', NULL, NULL, NULL, NULL, NULL, 'left', '0', NULL, NULL, NULL, NULL, '0', '0', NULL, NULL, NULL, NULL, NULL, NULL, NULL, NULL, NULL, '0', '0', '0', NULL, NULL, NULL, NULL, NULL, NULL, '2017-07-26 21:48:57', '2017-07-27 00:17:06', 'adfd069e-98d6-423e-84ef-5dc4e9b69d61'),
 ('69', '76', 'en_us', 'Adjust 2X', NULL, 'left', NULL, NULL, NULL, 'blue', '0', 'primary', NULL, 'white', NULL, 'normal', NULL, NULL, NULL, NULL, NULL, NULL, '0.0', NULL, NULL, NULL, NULL, NULL, NULL, NULL, 'website', NULL, NULL, NULL, NULL, NULL, 'left', '0', NULL, NULL, NULL, NULL, '0', '0', NULL, NULL, NULL, NULL, NULL, NULL, NULL, NULL, NULL, '0', '0', '0', NULL, NULL, NULL, NULL, NULL, NULL, '2017-07-26 21:58:07', '2017-08-30 21:02:34', '35bed11d-4a20-4a0a-8d8a-56a2b9288aff'),
 ('70', '77', 'en_us', 'Appsflyer 2X', NULL, 'left', NULL, NULL, NULL, 'blue', '0', 'primary', NULL, 'white', NULL, 'normal', NULL, NULL, NULL, NULL, NULL, NULL, '0.0', NULL, NULL, NULL, NULL, NULL, NULL, NULL, 'website', NULL, NULL, NULL, NULL, NULL, 'left', '0', NULL, NULL, NULL, NULL, '0', '0', NULL, NULL, NULL, NULL, NULL, NULL, NULL, NULL, NULL, '0', '0', '0', NULL, NULL, NULL, NULL, NULL, NULL, '2017-07-26 21:58:07', '2017-08-30 21:02:35', '0dc5ec3a-e28a-4a7f-b406-46df9d505979'),
 ('71', '78', 'en_us', 'Doubleclick 2X', NULL, 'left', NULL, NULL, NULL, 'blue', '0', 'primary', NULL, 'white', NULL, 'normal', NULL, NULL, NULL, NULL, NULL, NULL, '0.0', NULL, NULL, NULL, NULL, NULL, NULL, NULL, 'website', NULL, NULL, NULL, NULL, NULL, 'left', '0', NULL, NULL, NULL, NULL, '0', '0', NULL, NULL, NULL, NULL, NULL, NULL, NULL, NULL, NULL, '0', '0', '0', NULL, NULL, NULL, NULL, NULL, NULL, '2017-07-26 21:58:07', '2017-08-30 21:02:35', '9a9092bd-f7db-4712-bb08-4046daac7835'),
 ('72', '79', 'en_us', 'Innovid 2X', NULL, 'left', NULL, NULL, NULL, 'blue', '0', 'primary', NULL, 'white', NULL, 'normal', NULL, NULL, NULL, NULL, NULL, NULL, '0.0', NULL, NULL, NULL, NULL, NULL, NULL, NULL, 'website', NULL, NULL, NULL, NULL, NULL, 'left', '0', NULL, NULL, NULL, NULL, '0', '0', NULL, NULL, NULL, NULL, NULL, NULL, NULL, NULL, NULL, '0', '0', '0', NULL, NULL, NULL, NULL, NULL, NULL, '2017-07-26 21:58:08', '2017-08-30 21:02:35', '1afe5344-ba8d-4e8e-80bc-391b5c12df5f'),
 ('73', '80', 'en_us', 'Kochava 2X', NULL, 'left', NULL, NULL, NULL, 'blue', '0', 'primary', NULL, 'white', NULL, 'normal', NULL, NULL, NULL, NULL, NULL, NULL, '0.0', NULL, NULL, NULL, NULL, NULL, NULL, NULL, 'website', NULL, NULL, NULL, NULL, NULL, 'left', '0', NULL, NULL, NULL, NULL, '0', '0', NULL, NULL, NULL, NULL, NULL, NULL, NULL, NULL, NULL, '0', '0', '0', NULL, NULL, NULL, NULL, NULL, NULL, '2017-07-26 21:58:08', '2017-08-30 21:02:36', 'd0790931-6630-4e72-9430-d8725cf3444f'),
 ('74', '81', 'en_us', 'Liveramp 2X', NULL, 'left', NULL, NULL, NULL, 'blue', '0', 'primary', NULL, 'white', NULL, 'normal', NULL, NULL, NULL, NULL, NULL, NULL, '0.0', NULL, NULL, NULL, NULL, NULL, NULL, NULL, 'website', NULL, NULL, NULL, NULL, NULL, 'left', '0', NULL, NULL, NULL, NULL, '0', '0', NULL, NULL, NULL, NULL, NULL, NULL, NULL, NULL, NULL, '0', '0', '0', NULL, NULL, NULL, NULL, NULL, NULL, '2017-07-26 21:58:08', '2017-08-30 21:02:35', 'ed0de6d8-fae9-45fa-a630-d0d04c807328'),
 ('75', '82', 'en_us', 'Millwardbrown 2X', NULL, 'left', NULL, NULL, NULL, 'blue', '0', 'primary', NULL, 'white', NULL, 'normal', NULL, NULL, NULL, NULL, NULL, NULL, '0.0', NULL, NULL, NULL, NULL, NULL, NULL, NULL, 'website', NULL, NULL, NULL, NULL, NULL, 'left', '0', NULL, NULL, NULL, NULL, '0', '0', NULL, NULL, NULL, NULL, NULL, NULL, NULL, NULL, NULL, '0', '0', '0', NULL, NULL, NULL, NULL, NULL, NULL, '2017-07-26 21:58:10', '2017-08-30 21:02:35', 'a81644ae-b7fb-4425-bcb4-79e9630b3f00'),
 ('76', '83', 'en_us', 'Moat 2X', NULL, 'left', NULL, NULL, NULL, 'blue', '0', 'primary', NULL, 'white', NULL, 'normal', NULL, NULL, NULL, NULL, NULL, NULL, '0.0', NULL, NULL, NULL, NULL, NULL, NULL, NULL, 'website', NULL, NULL, NULL, NULL, NULL, 'left', '0', NULL, NULL, NULL, NULL, '0', '0', NULL, NULL, NULL, NULL, NULL, NULL, NULL, NULL, NULL, '0', '0', '0', NULL, NULL, NULL, NULL, NULL, NULL, '2017-07-26 21:58:11', '2017-08-30 21:02:35', '4eb7105a-c369-4ec5-8a4f-63ab6215605d'),
 ('77', '84', 'en_us', 'Neustar 2X', NULL, 'left', NULL, NULL, NULL, 'blue', '0', 'primary', NULL, 'white', NULL, 'normal', NULL, NULL, NULL, NULL, NULL, NULL, '0.0', NULL, NULL, NULL, NULL, NULL, NULL, NULL, 'website', NULL, NULL, NULL, NULL, NULL, 'left', '0', NULL, NULL, NULL, NULL, '0', '0', NULL, NULL, NULL, NULL, NULL, NULL, NULL, NULL, NULL, '0', '0', '0', NULL, NULL, NULL, NULL, NULL, NULL, '2017-07-26 21:58:11', '2017-08-30 21:02:35', '707f0fa9-bb7f-47da-82bb-77242902d435'),
 ('78', '85', 'en_us', 'Nielsen 2X', NULL, 'left', NULL, NULL, NULL, 'blue', '0', 'primary', NULL, 'white', NULL, 'normal', NULL, NULL, NULL, NULL, NULL, NULL, '0.0', NULL, NULL, NULL, NULL, NULL, NULL, NULL, 'website', NULL, NULL, NULL, NULL, NULL, 'left', '0', NULL, NULL, NULL, NULL, '0', '0', NULL, NULL, NULL, NULL, NULL, NULL, NULL, NULL, NULL, '0', '0', '0', NULL, NULL, NULL, NULL, NULL, NULL, '2017-07-26 21:58:11', '2017-08-30 21:02:36', 'd11bb57e-14a1-4cb5-b406-7eb350fa092d'),
 ('79', '86', 'en_us', 'Oracle 2X', NULL, 'left', NULL, NULL, NULL, 'blue', '0', 'primary', NULL, 'white', NULL, 'normal', NULL, NULL, NULL, NULL, NULL, NULL, '0.0', NULL, NULL, NULL, NULL, NULL, NULL, NULL, 'website', NULL, NULL, NULL, NULL, NULL, 'left', '0', NULL, NULL, NULL, NULL, '0', '0', NULL, NULL, NULL, NULL, NULL, NULL, NULL, NULL, NULL, '0', '0', '0', NULL, NULL, NULL, NULL, NULL, NULL, '2017-07-26 21:58:11', '2017-08-30 21:02:36', 'e96df2d1-de4c-49a6-8ab2-f95fee208efd'),
 ('80', '87', 'en_us', 'Placed 2X', NULL, 'left', NULL, NULL, NULL, 'blue', '0', 'primary', NULL, 'white', NULL, 'normal', NULL, NULL, NULL, NULL, NULL, NULL, '0.0', NULL, NULL, NULL, NULL, NULL, NULL, NULL, 'website', NULL, NULL, NULL, NULL, NULL, 'left', '0', NULL, NULL, NULL, NULL, '0', '0', NULL, NULL, NULL, NULL, NULL, NULL, NULL, NULL, NULL, '0', '0', '0', NULL, NULL, NULL, NULL, NULL, NULL, '2017-07-26 21:58:11', '2017-08-30 21:02:36', '1fcebcd3-bdbc-48e2-ae07-0c0b8d81889a'),
 ('81', '88', 'en_us', 'Singular 2X', NULL, 'left', NULL, NULL, NULL, 'blue', '0', 'primary', NULL, 'white', NULL, 'normal', NULL, NULL, NULL, NULL, NULL, NULL, '0.0', NULL, NULL, NULL, NULL, NULL, NULL, NULL, 'website', NULL, NULL, NULL, NULL, NULL, 'left', '0', NULL, NULL, NULL, NULL, '0', '0', NULL, NULL, NULL, NULL, NULL, NULL, NULL, NULL, NULL, '0', '0', '0', NULL, NULL, NULL, NULL, NULL, NULL, '2017-07-26 21:58:12', '2017-08-30 21:02:36', '1bed6e56-7625-4f2f-bf95-38a48864c178'),
 ('82', '89', 'en_us', 'Sizmek 2X', NULL, 'left', NULL, NULL, NULL, 'blue', '0', 'primary', NULL, 'white', NULL, 'normal', NULL, NULL, NULL, NULL, NULL, NULL, '0.0', NULL, NULL, NULL, NULL, NULL, NULL, NULL, 'website', NULL, NULL, NULL, NULL, NULL, 'left', '0', NULL, NULL, NULL, NULL, '0', '0', NULL, NULL, NULL, NULL, NULL, NULL, NULL, NULL, NULL, '0', '0', '0', NULL, NULL, NULL, NULL, NULL, NULL, '2017-07-26 21:58:12', '2017-08-30 21:02:36', '4a0bde4c-fd88-4e02-bef3-30a045d6f355'),
 ('83', '90', 'en_us', 'Tune 2X', NULL, 'left', NULL, NULL, NULL, 'blue', '0', 'primary', NULL, 'white', NULL, 'normal', NULL, NULL, NULL, NULL, NULL, NULL, '0.0', NULL, NULL, NULL, NULL, NULL, NULL, NULL, 'website', NULL, NULL, NULL, NULL, NULL, 'left', '0', NULL, NULL, NULL, NULL, '0', '0', NULL, NULL, NULL, NULL, NULL, NULL, NULL, NULL, NULL, '0', '0', '0', NULL, NULL, NULL, NULL, NULL, NULL, '2017-07-26 21:58:12', '2017-08-30 21:02:36', '1c89796a-c53a-4744-b638-f3d440a3dabe'),
 ('84', '91', 'en_us', NULL, NULL, 'left', NULL, NULL, NULL, 'blue', '0', 'primary', NULL, 'white', NULL, 'normal', NULL, NULL, NULL, NULL, NULL, NULL, '0.0', NULL, NULL, NULL, NULL, NULL, NULL, NULL, 'website', NULL, NULL, NULL, NULL, NULL, 'left', '0', NULL, NULL, NULL, NULL, '0', '0', NULL, NULL, NULL, NULL, NULL, NULL, NULL, NULL, NULL, '0', '0', '0', NULL, NULL, NULL, NULL, NULL, NULL, '2017-07-26 22:00:39', '2017-07-27 00:17:06', 'e20098ba-3631-4229-896a-0236a531e284'),
 ('85', '97', 'en_us', 'Ic Success Logo Abinbev@2X', NULL, 'left', NULL, NULL, NULL, 'blue', '0', 'primary', NULL, 'gray', NULL, 'normal', NULL, NULL, NULL, NULL, NULL, NULL, '0.0', NULL, NULL, NULL, NULL, NULL, NULL, NULL, 'website', NULL, NULL, NULL, NULL, NULL, 'left', '0', NULL, NULL, NULL, NULL, '0', '0', NULL, NULL, NULL, NULL, NULL, NULL, NULL, NULL, NULL, '0', '0', '0', NULL, NULL, NULL, NULL, NULL, NULL, '2017-07-26 22:25:00', '2017-08-30 21:02:41', '8f309ae0-78f2-446a-945c-f9fab8764a62'),
 ('86', '98', 'en_us', 'Ad Products', 'ad-products', 'left', NULL, NULL, NULL, 'blue', '1', 'primary', NULL, 'gray', NULL, 'normal', NULL, NULL, NULL, NULL, NULL, NULL, '0.0', NULL, NULL, '', '', '', '', '', 'website', NULL, NULL, NULL, NULL, NULL, 'left', '0', NULL, NULL, NULL, NULL, '0', '0', NULL, NULL, NULL, NULL, NULL, NULL, NULL, NULL, NULL, '0', '0', '0', NULL, NULL, NULL, NULL, NULL, NULL, '2017-07-26 22:48:34', '2017-08-17 17:52:22', '7887f5cc-a45e-4fae-a365-9f99cce6f4ff'),
 ('87', '99', 'en_us', 'Geofilter Phil Phone Screen@2X', NULL, 'left', NULL, NULL, NULL, 'blue', '0', 'primary', NULL, 'gray', NULL, 'normal', NULL, NULL, NULL, NULL, NULL, NULL, '0.0', NULL, NULL, NULL, NULL, NULL, NULL, NULL, 'website', NULL, NULL, NULL, NULL, NULL, 'left', '0', NULL, NULL, NULL, NULL, '0', '0', NULL, NULL, NULL, NULL, NULL, NULL, NULL, NULL, NULL, '0', '0', '0', NULL, NULL, NULL, NULL, NULL, NULL, '2017-07-26 22:54:45', '2017-08-30 21:02:31', 'c22930d4-b12e-4d7f-928c-bd0c5430e56c'),
 ('88', '100', 'en_us', 'Postmates Drive Action@2X', NULL, 'left', NULL, NULL, NULL, 'blue', '0', 'primary', NULL, 'gray', NULL, 'normal', NULL, NULL, NULL, NULL, NULL, NULL, '0.0', NULL, NULL, NULL, NULL, NULL, NULL, NULL, 'website', NULL, NULL, NULL, NULL, NULL, 'left', '0', NULL, NULL, NULL, NULL, '0', '0', NULL, NULL, NULL, NULL, NULL, NULL, NULL, NULL, NULL, '0', '0', '0', NULL, NULL, NULL, NULL, NULL, NULL, '2017-07-26 22:54:45', '2017-08-30 21:02:32', '6725a755-7e64-4a04-b07f-2cba29cc4072'),
 ('89', '101', 'en_us', 'Lga Geo Filter 2X', NULL, 'left', NULL, NULL, NULL, 'blue', '0', 'primary', NULL, 'gray', NULL, 'normal', NULL, NULL, NULL, NULL, NULL, NULL, '0.0', NULL, NULL, NULL, NULL, NULL, NULL, NULL, 'website', NULL, NULL, NULL, NULL, NULL, 'left', '0', NULL, NULL, NULL, NULL, '0', '0', NULL, NULL, NULL, NULL, NULL, NULL, NULL, NULL, NULL, '0', '0', '0', NULL, NULL, NULL, NULL, NULL, NULL, '2017-07-26 22:54:59', '2017-08-30 21:02:32', 'f45d3914-689c-49fb-9012-756942319412'),
 ('90', '102', 'en_us', 'Target Ad 2X', NULL, 'left', NULL, NULL, NULL, 'blue', '0', 'primary', NULL, 'gray', NULL, 'normal', NULL, NULL, NULL, NULL, NULL, NULL, '0.0', NULL, NULL, NULL, NULL, NULL, NULL, NULL, 'website', NULL, NULL, NULL, NULL, NULL, 'left', '0', NULL, NULL, NULL, NULL, '0', '0', NULL, NULL, NULL, NULL, NULL, NULL, NULL, NULL, NULL, '0', '0', '0', NULL, NULL, NULL, NULL, NULL, NULL, '2017-07-26 22:59:08', '2017-08-30 21:02:32', '13151fc0-5cb3-4851-b542-4103b7dcd286'),
 ('91', '103', 'en_us', 'Warby Parker Geo Filter 2X', NULL, 'left', NULL, NULL, NULL, 'blue', '0', 'primary', NULL, 'gray', NULL, 'normal', NULL, NULL, NULL, NULL, NULL, NULL, '0.0', NULL, NULL, NULL, NULL, NULL, NULL, NULL, 'website', NULL, NULL, NULL, NULL, NULL, 'left', '0', NULL, NULL, NULL, NULL, '0', '0', NULL, NULL, NULL, NULL, NULL, NULL, NULL, NULL, NULL, '0', '0', '0', NULL, NULL, NULL, NULL, NULL, NULL, '2017-07-26 22:59:11', '2017-08-30 21:02:32', '6221be52-b537-49a1-bc8f-a14052950b32'),
 ('92', '104', 'en_us', 'Weby Parker Geo Filter 2X', NULL, 'left', NULL, NULL, NULL, 'blue', '0', 'primary', NULL, 'gray', NULL, 'normal', NULL, NULL, NULL, NULL, NULL, NULL, '0.0', NULL, NULL, NULL, NULL, NULL, NULL, NULL, 'website', NULL, NULL, NULL, NULL, NULL, 'left', '0', NULL, NULL, NULL, NULL, '0', '0', NULL, NULL, NULL, NULL, NULL, NULL, NULL, NULL, NULL, '0', '0', '0', NULL, NULL, NULL, NULL, NULL, NULL, '2017-07-26 23:01:58', '2017-08-30 21:02:33', '878bfdea-dcc4-49cd-824a-cbb5c042af49'),
 ('93', '105', 'en_us', 'Snap Ads Gatorade Phone Screen@2X', NULL, 'left', NULL, NULL, NULL, 'blue', '0', 'primary', NULL, 'gray', NULL, 'normal', NULL, NULL, NULL, NULL, NULL, NULL, '0.0', NULL, NULL, NULL, NULL, NULL, NULL, NULL, 'website', NULL, NULL, NULL, NULL, NULL, 'left', '0', NULL, NULL, NULL, NULL, '0', '0', NULL, NULL, NULL, NULL, NULL, NULL, NULL, NULL, NULL, '0', '0', '0', NULL, NULL, NULL, NULL, NULL, NULL, '2017-07-26 23:02:27', '2017-08-30 21:02:32', '4f006099-efa8-43ce-97aa-2ef29ebae453'),
 ('94', '106', 'en_us', 'Snap Ads Under Armour Phone Screen@2X', NULL, 'left', NULL, NULL, NULL, 'blue', '0', 'primary', NULL, 'gray', NULL, 'normal', NULL, NULL, NULL, NULL, NULL, NULL, '0.0', NULL, NULL, NULL, NULL, NULL, NULL, NULL, 'website', NULL, NULL, NULL, NULL, NULL, 'left', '0', NULL, NULL, NULL, NULL, '0', '0', NULL, NULL, NULL, NULL, NULL, NULL, NULL, NULL, NULL, '0', '0', '0', NULL, NULL, NULL, NULL, NULL, NULL, '2017-07-26 23:02:28', '2017-08-30 21:02:32', '982715c3-7bb9-4ab3-9340-59e5d19212b6'),
 ('95', '107', 'en_us', NULL, NULL, 'left', NULL, NULL, NULL, 'blue', '0', 'primary', NULL, 'gray', 'Overview', 'normal', NULL, NULL, NULL, NULL, NULL, NULL, '0.0', NULL, NULL, NULL, NULL, NULL, NULL, NULL, 'website', NULL, NULL, NULL, NULL, NULL, 'left', '0', NULL, NULL, NULL, NULL, '0', '0', NULL, NULL, NULL, NULL, NULL, NULL, NULL, NULL, NULL, '0', '0', '0', NULL, NULL, NULL, NULL, NULL, NULL, '2017-07-26 23:03:48', '2017-08-17 17:52:22', '5bb85d1a-37af-42eb-a8f2-dff9468aefbd'),
 ('96', '108', 'en_us', NULL, NULL, 'left', NULL, NULL, 'Our ad products are fun and effective, for every objective', 'blue', '0', 'primary', '', 'gray', NULL, 'normal', NULL, NULL, NULL, NULL, NULL, NULL, '0.0', NULL, NULL, NULL, NULL, NULL, NULL, NULL, 'website', NULL, NULL, NULL, NULL, NULL, 'left', '0', NULL, NULL, NULL, NULL, '0', '0', NULL, NULL, NULL, NULL, NULL, NULL, NULL, NULL, NULL, '0', '0', '0', NULL, NULL, NULL, NULL, NULL, NULL, '2017-07-26 23:03:48', '2017-08-17 17:52:22', '7aac4380-552f-482d-82eb-7fe02ae290d5'),
 ('98', '110', 'en_us', NULL, NULL, 'left', NULL, NULL, NULL, 'blue', '0', 'primary', NULL, 'gray', NULL, 'normal', NULL, NULL, NULL, NULL, NULL, NULL, '0.0', NULL, NULL, NULL, NULL, NULL, NULL, NULL, 'website', NULL, NULL, NULL, NULL, NULL, 'left', '0', NULL, NULL, NULL, NULL, '0', '0', NULL, NULL, NULL, NULL, NULL, NULL, NULL, NULL, NULL, '0', '0', '0', NULL, NULL, NULL, NULL, NULL, NULL, '2017-07-26 23:03:48', '2017-08-17 17:52:22', '068bf86a-5a95-498c-a98c-c16fa065687e'),
 ('106', '118', 'en_us', NULL, NULL, 'left', NULL, NULL, NULL, 'blue', '0', 'primary', NULL, 'gray', 'Filters', 'normal', NULL, NULL, NULL, NULL, NULL, NULL, '0.0', NULL, NULL, NULL, NULL, NULL, NULL, NULL, 'website', NULL, NULL, NULL, NULL, NULL, 'left', '0', NULL, NULL, NULL, NULL, '0', '0', NULL, NULL, NULL, NULL, NULL, NULL, NULL, NULL, NULL, '0', '0', '0', NULL, NULL, NULL, NULL, NULL, NULL, '2017-07-26 23:03:48', '2017-08-17 17:52:22', 'dcdd1e3f-7fb9-4ac8-ba37-cb3f8fe6f381'),
 ('107', '119', 'en_us', NULL, NULL, 'left', NULL, NULL, 'Filters', 'blue', '0', 'primary', '<p>Filters allow you to be where your product is bought, thought about, or consumed. Create your own Filter and drive awareness, advocacy, and action in one package.</p>', 'gray', NULL, 'normal', NULL, NULL, NULL, NULL, NULL, NULL, '0.0', NULL, NULL, NULL, NULL, NULL, NULL, NULL, 'website', NULL, NULL, NULL, NULL, NULL, 'left', '0', NULL, NULL, NULL, NULL, '0', '0', NULL, NULL, NULL, NULL, NULL, NULL, NULL, NULL, NULL, '0', '0', '0', NULL, NULL, NULL, NULL, NULL, NULL, '2017-07-26 23:03:48', '2017-08-17 17:52:22', '96514e1e-0242-48af-82e1-3e2445300ba1'),
 ('112', '124', 'en_us', NULL, NULL, 'left', NULL, NULL, NULL, 'blue', '0', 'primary', NULL, 'gray', NULL, 'normal', NULL, NULL, NULL, NULL, NULL, NULL, '0.0', NULL, NULL, NULL, NULL, NULL, NULL, NULL, 'website', NULL, NULL, NULL, NULL, NULL, 'left', '0', NULL, NULL, NULL, NULL, '0', '0', NULL, NULL, NULL, NULL, NULL, NULL, NULL, NULL, NULL, '0', '0', '0', NULL, NULL, NULL, NULL, NULL, NULL, '2017-07-26 23:03:48', '2017-08-17 17:52:22', '21f8ef89-09ff-49eb-a979-48020e807bfa'),
 ('116', '128', 'en_us', NULL, NULL, 'left', NULL, NULL, NULL, 'blue', '0', 'primary', NULL, 'white', 'Lenses', 'normal', NULL, NULL, NULL, NULL, NULL, NULL, '0.0', NULL, NULL, NULL, NULL, NULL, NULL, NULL, 'website', NULL, NULL, NULL, NULL, NULL, 'left', '0', NULL, NULL, NULL, NULL, '0', '0', NULL, NULL, NULL, NULL, NULL, NULL, NULL, NULL, NULL, '0', '0', '0', NULL, NULL, NULL, NULL, NULL, NULL, '2017-07-26 23:03:48', '2017-08-17 17:52:22', '1529ef07-57ae-46ec-8b34-4c386b337773'),
 ('117', '129', 'en_us', NULL, NULL, 'left', NULL, NULL, 'Lenses', 'blue', '0', 'primary', '<p>Lenses are the most playful and memorable way to increase awareness, on a massive scale. With one tap, you can invite Snapchatters into your world  and your story.</p>', 'gray', NULL, 'normal', NULL, NULL, NULL, NULL, NULL, NULL, '0.0', NULL, NULL, NULL, NULL, NULL, NULL, NULL, 'website', NULL, NULL, NULL, NULL, NULL, 'left', '0', NULL, NULL, NULL, NULL, '0', '0', NULL, NULL, NULL, NULL, NULL, NULL, NULL, NULL, NULL, '0', '0', '0', NULL, NULL, NULL, NULL, NULL, NULL, '2017-07-26 23:03:48', '2017-08-17 17:52:22', '0df5d78e-2628-4c15-8206-3a01568f058f'),
 ('120', '132', 'en_us', NULL, NULL, 'left', NULL, NULL, NULL, 'blue', '0', 'primary', NULL, 'gray', NULL, 'normal', NULL, NULL, NULL, NULL, NULL, NULL, '0.0', NULL, NULL, NULL, NULL, NULL, NULL, NULL, 'website', NULL, NULL, NULL, NULL, NULL, 'left', '0', NULL, NULL, NULL, NULL, '0', '0', NULL, NULL, NULL, NULL, NULL, NULL, NULL, NULL, NULL, '0', '0', '0', NULL, NULL, NULL, NULL, NULL, NULL, '2017-07-26 23:03:48', '2017-08-17 17:52:22', '19eb5613-9d7b-4289-9f18-b1df6c7f0246'),
 ('124', '136', 'en_us', NULL, NULL, 'left', NULL, NULL, NULL, 'blue', '0', 'primary', NULL, 'gray', 'Video', 'normal', NULL, NULL, NULL, NULL, NULL, NULL, '0.0', NULL, NULL, NULL, NULL, NULL, NULL, NULL, 'website', NULL, NULL, NULL, NULL, NULL, 'left', '0', NULL, NULL, NULL, NULL, '0', '0', NULL, NULL, NULL, NULL, NULL, NULL, NULL, NULL, NULL, '0', '0', '0', NULL, NULL, NULL, NULL, NULL, NULL, '2017-07-26 23:03:49', '2017-08-17 17:52:22', 'a1c393a8-563e-4235-823f-792273b0ef7e'),
 ('125', '137', 'en_us', NULL, NULL, 'left', NULL, NULL, 'See where your ads will run on Snapchat', 'blue', '0', 'primary', '', 'gray', NULL, 'normal', NULL, NULL, NULL, NULL, NULL, NULL, '0.0', NULL, NULL, NULL, NULL, NULL, NULL, NULL, 'website', NULL, NULL, NULL, NULL, NULL, 'left', '0', NULL, NULL, NULL, NULL, '0', '0', NULL, NULL, NULL, NULL, NULL, NULL, NULL, NULL, NULL, '0', '0', '0', NULL, NULL, NULL, NULL, NULL, NULL, '2017-07-26 23:03:49', '2017-08-17 17:52:22', '29bdeb3a-8372-4df0-9e2c-87597cc489f5'),
 ('128', '141', 'en_us', 'Chillah Device', NULL, 'left', NULL, NULL, NULL, 'blue', '0', 'primary', NULL, 'gray', NULL, 'normal', NULL, NULL, NULL, NULL, NULL, NULL, '0.0', NULL, NULL, NULL, NULL, NULL, NULL, NULL, 'website', NULL, NULL, NULL, NULL, NULL, 'left', '0', NULL, NULL, NULL, NULL, '0', '0', NULL, NULL, NULL, NULL, NULL, NULL, NULL, NULL, NULL, '0', '0', '0', NULL, NULL, NULL, NULL, NULL, NULL, '2017-07-26 23:10:18', '2017-08-30 21:02:34', '59215124-9ca1-4f19-b083-8b271b072ca8'),
 ('129', '142', 'en_us', 'Chillah Heart Eyes', NULL, 'left', NULL, NULL, NULL, 'blue', '0', 'primary', NULL, 'gray', NULL, 'normal', NULL, NULL, NULL, NULL, NULL, NULL, '0.0', NULL, NULL, NULL, NULL, NULL, NULL, NULL, 'website', NULL, NULL, NULL, NULL, NULL, 'left', '0', NULL, NULL, NULL, NULL, '0', '0', NULL, NULL, NULL, NULL, NULL, NULL, NULL, NULL, NULL, '0', '0', '0', NULL, NULL, NULL, NULL, NULL, NULL, '2017-07-26 23:10:18', '2017-08-30 21:02:34', '06adb3ff-3626-46f9-bf31-871ba61d7859'),
 ('130', '143', 'en_us', 'Chillah Hearts', NULL, 'left', NULL, NULL, NULL, 'blue', '0', 'primary', NULL, 'gray', NULL, 'normal', NULL, NULL, NULL, NULL, NULL, NULL, '0.0', NULL, NULL, NULL, NULL, NULL, NULL, NULL, 'website', NULL, NULL, NULL, NULL, NULL, 'left', '0', NULL, NULL, NULL, NULL, '0', '0', NULL, NULL, NULL, NULL, NULL, NULL, NULL, NULL, NULL, '0', '0', '0', NULL, NULL, NULL, NULL, NULL, NULL, '2017-07-26 23:10:19', '2017-08-30 21:02:34', 'd00d7e09-d28b-4076-8a97-0f4eb1baa43d'),
 ('131', '144', 'en_us', NULL, NULL, 'left', NULL, NULL, NULL, 'blue', '0', 'primary', NULL, 'white', 'Snap Ads', 'normal', NULL, NULL, NULL, NULL, NULL, NULL, '0.0', NULL, NULL, NULL, NULL, NULL, NULL, NULL, 'website', NULL, NULL, NULL, NULL, NULL, 'left', '0', NULL, NULL, NULL, NULL, '0', '0', NULL, NULL, NULL, NULL, NULL, NULL, NULL, NULL, NULL, '0', '0', '0', NULL, NULL, NULL, NULL, NULL, NULL, '2017-07-26 23:22:13', '2017-08-17 17:52:22', '88d5e544-d7e4-40c2-8fc3-220f37def7d1'),
 ('132', '145', 'en_us', 'Devices Nav 1', NULL, 'left', NULL, NULL, NULL, 'blue', '0', 'primary', NULL, 'gray', NULL, 'normal', NULL, NULL, NULL, NULL, NULL, NULL, '0.0', NULL, NULL, NULL, NULL, NULL, NULL, NULL, 'website', NULL, NULL, NULL, NULL, NULL, 'left', '0', NULL, NULL, NULL, NULL, '0', '0', NULL, NULL, NULL, NULL, NULL, NULL, NULL, NULL, NULL, '0', '0', '0', NULL, NULL, NULL, NULL, NULL, NULL, '2017-07-26 23:31:02', '2017-08-30 21:02:36', '86b94226-bb67-4d98-8f5e-7327763eb8b7'),
 ('133', '146', 'en_us', 'Devices Nav 2', NULL, 'left', NULL, NULL, NULL, 'blue', '0', 'primary', NULL, 'gray', NULL, 'normal', NULL, NULL, NULL, NULL, NULL, NULL, '0.0', NULL, NULL, NULL, NULL, NULL, NULL, NULL, 'website', NULL, NULL, NULL, NULL, NULL, 'left', '0', NULL, NULL, NULL, NULL, '0', '0', NULL, NULL, NULL, NULL, NULL, NULL, NULL, NULL, NULL, '0', '0', '0', NULL, NULL, NULL, NULL, NULL, NULL, '2017-07-26 23:31:02', '2017-08-30 21:02:37', 'faaedf76-301a-4c01-b756-fdeb495c2b7b'),
 ('134', '147', 'en_us', 'Devices Nav 3', NULL, 'left', NULL, NULL, NULL, 'blue', '0', 'primary', NULL, 'gray', NULL, 'normal', NULL, NULL, NULL, NULL, NULL, NULL, '0.0', NULL, NULL, NULL, NULL, NULL, NULL, NULL, 'website', NULL, NULL, NULL, NULL, NULL, 'left', '0', NULL, NULL, NULL, NULL, '0', '0', NULL, NULL, NULL, NULL, NULL, NULL, NULL, NULL, NULL, '0', '0', '0', NULL, NULL, NULL, NULL, NULL, NULL, '2017-07-26 23:31:02', '2017-08-30 21:02:37', '9a8a39c3-866a-48fd-84bc-95c114b56d00'),
 ('135', '148', 'en_us', 'Devices Nav 4', NULL, 'left', NULL, NULL, NULL, 'blue', '0', 'primary', NULL, 'gray', NULL, 'normal', NULL, NULL, NULL, NULL, NULL, NULL, '0.0', NULL, NULL, NULL, NULL, NULL, NULL, NULL, 'website', NULL, NULL, NULL, NULL, NULL, 'left', '0', NULL, NULL, NULL, NULL, '0', '0', NULL, NULL, NULL, NULL, NULL, NULL, NULL, NULL, NULL, '0', '0', '0', NULL, NULL, NULL, NULL, NULL, NULL, '2017-07-26 23:31:02', '2017-08-30 21:02:37', '39b3f341-c4e5-4901-8005-de80836ae4a3'),
 ('136', '149', 'en_us', 'Solutions Device 1', NULL, 'left', NULL, NULL, NULL, 'blue', '0', 'primary', NULL, 'gray', NULL, 'normal', NULL, NULL, NULL, NULL, NULL, NULL, '0.0', NULL, NULL, NULL, NULL, NULL, NULL, NULL, 'website', NULL, NULL, NULL, NULL, NULL, 'left', '0', NULL, NULL, NULL, NULL, '0', '0', NULL, NULL, NULL, NULL, NULL, NULL, NULL, NULL, NULL, '0', '0', '0', NULL, NULL, NULL, NULL, NULL, NULL, '2017-07-26 23:31:07', '2017-08-30 21:02:37', 'a63ff91a-10fe-40a8-a635-399fcaeec005'),
 ('137', '150', 'en_us', 'Solutions Device 2', NULL, 'left', NULL, NULL, NULL, 'blue', '0', 'primary', NULL, 'gray', NULL, 'normal', NULL, NULL, NULL, NULL, NULL, NULL, '0.0', NULL, NULL, NULL, NULL, NULL, NULL, NULL, 'website', NULL, NULL, NULL, NULL, NULL, 'left', '0', NULL, NULL, NULL, NULL, '0', '0', NULL, NULL, NULL, NULL, NULL, NULL, NULL, NULL, NULL, '0', '0', '0', NULL, NULL, NULL, NULL, NULL, NULL, '2017-07-26 23:31:10', '2017-08-30 21:02:38', '09b3b2ad-2b87-4f77-8681-3b2dd923c7ba'),
 ('138', '151', 'en_us', 'Solutions Device 3', NULL, 'left', NULL, NULL, NULL, 'blue', '0', 'primary', NULL, 'gray', NULL, 'normal', NULL, NULL, NULL, NULL, NULL, NULL, '0.0', NULL, NULL, NULL, NULL, NULL, NULL, NULL, 'website', NULL, NULL, NULL, NULL, NULL, 'left', '0', NULL, NULL, NULL, NULL, '0', '0', NULL, NULL, NULL, NULL, NULL, NULL, NULL, NULL, NULL, '0', '0', '0', NULL, NULL, NULL, NULL, NULL, NULL, '2017-07-26 23:31:10', '2017-08-30 21:02:38', 'b00f9cae-0fe6-42d2-a73e-0505677e24d2'),
 ('139', '152', 'en_us', 'Solutions Device 4', NULL, 'left', NULL, NULL, NULL, 'blue', '0', 'primary', NULL, 'gray', NULL, 'normal', NULL, NULL, NULL, NULL, NULL, NULL, '0.0', NULL, NULL, NULL, NULL, NULL, NULL, NULL, 'website', NULL, NULL, NULL, NULL, NULL, 'left', '0', NULL, NULL, NULL, NULL, '0', '0', NULL, NULL, NULL, NULL, NULL, NULL, NULL, NULL, NULL, '0', '0', '0', NULL, NULL, NULL, NULL, NULL, NULL, '2017-07-26 23:31:11', '2017-08-30 21:02:38', '4d537403-7cc5-4975-9708-eeffc9d4fdfe'),
 ('140', '153', 'en_us', 'Solutions Device 5', NULL, 'left', NULL, NULL, NULL, 'blue', '0', 'primary', NULL, 'gray', NULL, 'normal', NULL, NULL, NULL, NULL, NULL, NULL, '0.0', NULL, NULL, NULL, NULL, NULL, NULL, NULL, 'website', NULL, NULL, NULL, NULL, NULL, 'left', '0', NULL, NULL, NULL, NULL, '0', '0', NULL, NULL, NULL, NULL, NULL, NULL, NULL, NULL, NULL, '0', '0', '0', NULL, NULL, NULL, NULL, NULL, NULL, '2017-07-26 23:31:11', '2017-08-30 21:02:38', 'ad03f9cc-0614-4301-8219-fe9c35fffde6'),
 ('141', '154', 'en_us', 'Solutions Device 6', NULL, 'left', NULL, NULL, NULL, 'blue', '0', 'primary', NULL, 'gray', NULL, 'normal', NULL, NULL, NULL, NULL, NULL, NULL, '0.0', NULL, NULL, NULL, NULL, NULL, NULL, NULL, 'website', NULL, NULL, NULL, NULL, NULL, 'left', '0', NULL, NULL, NULL, NULL, '0', '0', NULL, NULL, NULL, NULL, NULL, NULL, NULL, NULL, NULL, '0', '0', '0', NULL, NULL, NULL, NULL, NULL, NULL, '2017-07-26 23:31:11', '2017-08-30 21:02:41', '22d6abbf-e8ca-43ac-93f9-a443a49cd4ab'),
 ('142', '155', 'en_us', 'Solutions Device 7', NULL, 'left', NULL, NULL, NULL, 'blue', '0', 'primary', NULL, 'gray', NULL, 'normal', NULL, NULL, NULL, NULL, NULL, NULL, '0.0', NULL, NULL, NULL, NULL, NULL, NULL, NULL, 'website', NULL, NULL, NULL, NULL, NULL, 'left', '0', NULL, NULL, NULL, NULL, '0', '0', NULL, NULL, NULL, NULL, NULL, NULL, NULL, NULL, NULL, '0', '0', '0', NULL, NULL, NULL, NULL, NULL, NULL, '2017-07-26 23:31:11', '2017-08-30 21:02:38', '92a63ed4-0b19-4057-8fbf-33b786e1f213'),
 ('143', '156', 'en_us', 'Solutions Device 8', NULL, 'left', NULL, NULL, NULL, 'blue', '0', 'primary', NULL, 'gray', NULL, 'normal', NULL, NULL, NULL, NULL, NULL, NULL, '0.0', NULL, NULL, NULL, NULL, NULL, NULL, NULL, 'website', NULL, NULL, NULL, NULL, NULL, 'left', '0', NULL, NULL, NULL, NULL, '0', '0', NULL, NULL, NULL, NULL, NULL, NULL, NULL, NULL, NULL, '0', '0', '0', NULL, NULL, NULL, NULL, NULL, NULL, '2017-07-26 23:31:11', '2017-08-30 21:02:38', 'dc7c2ad0-5f43-4c57-a24a-de9bec7fc471'),
 ('144', '157', 'en_us', 'Solutions Device 9', NULL, 'left', NULL, NULL, NULL, 'blue', '0', 'primary', NULL, 'gray', NULL, 'normal', NULL, NULL, NULL, NULL, NULL, NULL, '0.0', NULL, NULL, NULL, NULL, NULL, NULL, NULL, 'website', NULL, NULL, NULL, NULL, NULL, 'left', '0', NULL, NULL, NULL, NULL, '0', '0', NULL, NULL, NULL, NULL, NULL, NULL, NULL, NULL, NULL, '0', '0', '0', NULL, NULL, NULL, NULL, NULL, NULL, '2017-07-26 23:31:11', '2017-08-30 21:02:39', '10f8a16f-2369-4b04-918b-01c23ace3299'),
 ('145', '158', 'en_us', 'Solutions Device 10', NULL, 'left', NULL, NULL, NULL, 'blue', '0', 'primary', NULL, 'gray', NULL, 'normal', NULL, NULL, NULL, NULL, NULL, NULL, '0.0', NULL, NULL, NULL, NULL, NULL, NULL, NULL, 'website', NULL, NULL, NULL, NULL, NULL, 'left', '0', NULL, NULL, NULL, NULL, '0', '0', NULL, NULL, NULL, NULL, NULL, NULL, NULL, NULL, NULL, '0', '0', '0', NULL, NULL, NULL, NULL, NULL, NULL, '2017-07-26 23:31:12', '2017-08-30 21:02:37', 'ae6fe380-2461-478d-9908-9bae45e9ad2c'),
 ('146', '159', 'en_us', 'Solutions Device 11', NULL, 'left', NULL, NULL, NULL, 'blue', '0', 'primary', NULL, 'gray', NULL, 'normal', NULL, NULL, NULL, NULL, NULL, NULL, '0.0', NULL, NULL, NULL, NULL, NULL, NULL, NULL, 'website', NULL, NULL, NULL, NULL, NULL, 'left', '0', NULL, NULL, NULL, NULL, '0', '0', NULL, NULL, NULL, NULL, NULL, NULL, NULL, NULL, NULL, '0', '0', '0', NULL, NULL, NULL, NULL, NULL, NULL, '2017-07-26 23:31:12', '2017-08-30 21:02:37', 'afd53a8c-5e4c-4af8-aed0-c7a0136d254c'),
 ('147', '160', 'en_us', 'Solutions Device 12', NULL, 'left', NULL, NULL, NULL, 'blue', '0', 'primary', NULL, 'gray', NULL, 'normal', NULL, NULL, NULL, NULL, NULL, NULL, '0.0', NULL, NULL, NULL, NULL, NULL, NULL, NULL, 'website', NULL, NULL, NULL, NULL, NULL, 'left', '0', NULL, NULL, NULL, NULL, '0', '0', NULL, NULL, NULL, NULL, NULL, NULL, NULL, NULL, NULL, '0', '0', '0', NULL, NULL, NULL, NULL, NULL, NULL, '2017-07-26 23:31:12', '2017-08-30 21:02:38', '9dce6082-930f-4956-813b-a6c9796b8eae'),
 ('148', '161', 'en_us', 'Solutions Device 13', NULL, 'left', NULL, NULL, NULL, 'blue', '0', 'primary', NULL, 'gray', NULL, 'normal', NULL, NULL, NULL, NULL, NULL, NULL, '0.0', NULL, NULL, NULL, NULL, NULL, NULL, NULL, 'website', NULL, NULL, NULL, NULL, NULL, 'left', '0', NULL, NULL, NULL, NULL, '0', '0', NULL, NULL, NULL, NULL, NULL, NULL, NULL, NULL, NULL, '0', '0', '0', NULL, NULL, NULL, NULL, NULL, NULL, '2017-07-26 23:31:12', '2017-08-30 21:02:37', '4ff9524f-9b60-4bd0-84e4-e2b85b1d953d'),
 ('149', '162', 'en_us', NULL, NULL, 'left', NULL, NULL, NULL, 'blue', '0', 'primary', NULL, 'gray', NULL, 'normal', NULL, NULL, NULL, NULL, NULL, NULL, '0.0', NULL, NULL, NULL, NULL, NULL, NULL, NULL, 'website', NULL, NULL, NULL, NULL, NULL, 'left', '0', NULL, NULL, NULL, NULL, '0', '0', NULL, NULL, NULL, NULL, NULL, NULL, NULL, NULL, NULL, '0', '0', '0', NULL, NULL, NULL, NULL, NULL, NULL, '2017-07-26 23:33:33', '2017-08-17 17:52:22', '96704174-f4a8-46aa-96a6-943edf152bf7'),
 ('158', '172', 'en_us', 'Ad Manager 2X', NULL, 'left', NULL, NULL, NULL, 'blue', '0', 'primary', NULL, 'gray', NULL, 'normal', NULL, NULL, NULL, NULL, NULL, NULL, '0.0', NULL, NULL, NULL, NULL, NULL, NULL, NULL, 'website', NULL, NULL, NULL, NULL, NULL, 'left', '0', NULL, NULL, NULL, NULL, '0', '0', NULL, NULL, NULL, NULL, NULL, NULL, NULL, NULL, NULL, '0', '0', '0', NULL, NULL, NULL, NULL, NULL, NULL, '2017-07-27 17:17:05', '2017-08-30 21:02:41', '6d62a38b-ba26-4e96-a989-bcf02a3e4b08'),
 ('167', '183', 'en_us', NULL, NULL, 'left', NULL, NULL, NULL, 'blue', '0', 'primary', NULL, 'gray', 'Overview', 'normal', NULL, NULL, NULL, NULL, NULL, NULL, '0.0', NULL, NULL, NULL, NULL, NULL, NULL, NULL, 'website', NULL, NULL, NULL, NULL, NULL, 'left', '0', NULL, NULL, NULL, NULL, '0', '0', NULL, NULL, NULL, NULL, NULL, NULL, NULL, NULL, NULL, '0', '0', '0', NULL, NULL, NULL, NULL, NULL, NULL, '2017-08-01 20:54:27', '2017-08-03 17:11:59', '834a1e41-2eeb-43ce-a63d-1b307c5b9786'),
 ('170', '190', 'en_us', NULL, NULL, 'left', NULL, NULL, NULL, 'blue', '0', 'primary', NULL, 'gray', NULL, 'normal', NULL, NULL, NULL, NULL, NULL, NULL, '0.0', NULL, NULL, NULL, NULL, NULL, NULL, NULL, 'website', NULL, NULL, NULL, NULL, NULL, 'left', '0', NULL, NULL, NULL, NULL, '0', '0', NULL, NULL, NULL, NULL, NULL, NULL, NULL, NULL, NULL, '0', '0', '0', NULL, NULL, NULL, NULL, NULL, NULL, '2017-08-01 22:35:00', '2017-08-03 17:11:59', '3df032e4-9851-4549-8945-5783663c8270'),
 ('172', '194', 'en_us', NULL, NULL, 'left', NULL, NULL, NULL, 'blue', '0', 'primary', NULL, 'gray', NULL, 'normal', NULL, NULL, NULL, NULL, NULL, NULL, '0.0', NULL, NULL, NULL, NULL, NULL, NULL, NULL, 'website', NULL, NULL, NULL, NULL, NULL, 'left', '0', NULL, NULL, NULL, NULL, '0', '0', NULL, NULL, NULL, NULL, NULL, NULL, NULL, NULL, NULL, '0', '0', '0', NULL, NULL, NULL, NULL, NULL, NULL, '2017-08-02 00:32:52', '2017-08-03 17:11:59', 'a345c131-3f3f-446a-877a-51c4ad166728'),
 ('178', '202', 'en_us', NULL, NULL, 'left', NULL, '{\"type\":\"entry\",\"custom\":\"\",\"entry\":[\"2\"],\"customText\":\"\",\"target\":\"\"}', 'heeeeadline', 'blue', '0', 'primary', 'suuuuubhead', 'gray', NULL, 'normal', NULL, NULL, NULL, NULL, NULL, NULL, '0.0', NULL, NULL, NULL, NULL, NULL, NULL, NULL, 'website', NULL, NULL, NULL, NULL, NULL, 'left', '0', NULL, NULL, NULL, NULL, '0', '0', NULL, NULL, NULL, NULL, NULL, NULL, NULL, NULL, NULL, '0', '0', '0', NULL, NULL, NULL, NULL, NULL, NULL, '2017-08-03 17:08:09', '2017-08-03 17:11:59', '034126f2-2a96-4cf3-a943-cf95757320d9'),
 ('180', '209', 'en_us', NULL, NULL, 'left', NULL, NULL, 'Snap Ads', 'blue', '0', 'primary', '<p>The original vertical video ad  now with attachments customized for your objectives.</p>', 'gray', NULL, 'normal', NULL, NULL, NULL, NULL, NULL, NULL, '0.0', NULL, NULL, NULL, NULL, NULL, NULL, NULL, 'website', NULL, NULL, NULL, NULL, NULL, 'left', '0', NULL, NULL, NULL, NULL, '0', '0', NULL, NULL, NULL, NULL, NULL, NULL, NULL, NULL, NULL, '0', '0', '0', NULL, NULL, NULL, NULL, NULL, NULL, '2017-08-03 18:50:27', '2017-08-17 17:52:22', 'd6a9cba8-ec19-4382-a16f-900263efbe86'),
 ('181', '221', 'en_us', NULL, NULL, 'left', NULL, NULL, NULL, 'blue', '0', 'primary', NULL, 'gray', NULL, 'wide', NULL, NULL, NULL, NULL, NULL, NULL, '0.0', NULL, NULL, NULL, NULL, NULL, NULL, NULL, 'website', NULL, NULL, NULL, NULL, NULL, 'left', '0', NULL, NULL, NULL, NULL, '0', '0', NULL, NULL, NULL, NULL, NULL, NULL, NULL, NULL, NULL, '0', '0', '0', NULL, NULL, NULL, NULL, NULL, NULL, '2017-08-03 19:02:45', '2017-08-17 17:52:22', 'd4ea8453-c40e-4edc-9c12-1ba156590b80'),
 ('183', '223', 'en_us', NULL, NULL, 'left', NULL, NULL, NULL, 'blue', '0', 'primary', NULL, 'gray', NULL, 'normal', NULL, NULL, NULL, NULL, NULL, NULL, '0.0', NULL, 'Company', NULL, NULL, NULL, NULL, NULL, 'website', NULL, NULL, NULL, NULL, NULL, 'left', '0', NULL, NULL, NULL, NULL, '0', '0', NULL, NULL, NULL, NULL, NULL, NULL, NULL, NULL, NULL, '0', '0', '0', NULL, NULL, NULL, NULL, NULL, NULL, '2017-08-03 22:25:09', '2017-08-07 16:49:47', '7a064362-a205-46bf-a7b4-742e7f287a94'),
 ('184', '228', 'en_us', NULL, NULL, 'left', NULL, NULL, NULL, 'blue', '0', 'primary', NULL, 'gray', NULL, 'normal', NULL, NULL, NULL, NULL, NULL, NULL, '0.0', NULL, 'Community', NULL, NULL, NULL, NULL, NULL, 'website', NULL, NULL, NULL, NULL, NULL, 'left', '0', NULL, NULL, NULL, NULL, '0', '0', NULL, NULL, NULL, NULL, NULL, NULL, NULL, NULL, NULL, '0', '0', '0', NULL, NULL, NULL, NULL, NULL, NULL, '2017-08-03 22:33:25', '2017-08-07 16:49:47', 'ce41b433-402e-4da9-a230-06755947d33a'),
 ('185', '232', 'en_us', NULL, NULL, 'left', NULL, NULL, NULL, 'blue', '0', 'primary', NULL, 'gray', NULL, 'normal', NULL, NULL, NULL, NULL, NULL, NULL, '0.0', NULL, 'Advertising', NULL, NULL, NULL, NULL, NULL, 'website', NULL, NULL, NULL, NULL, NULL, 'left', '0', NULL, NULL, NULL, NULL, '0', '0', NULL, NULL, NULL, NULL, NULL, NULL, NULL, NULL, NULL, '0', '0', '0', NULL, NULL, NULL, NULL, NULL, NULL, '2017-08-03 22:33:25', '2017-08-07 16:49:47', '9df2c5c3-5340-479b-975c-d76f7b1bd7f9'),
 ('186', '237', 'en_us', NULL, NULL, 'left', NULL, NULL, NULL, 'blue', '0', 'primary', NULL, 'gray', NULL, 'normal', NULL, NULL, NULL, NULL, NULL, NULL, '0.0', NULL, 'Legal', NULL, NULL, NULL, NULL, NULL, 'website', NULL, NULL, NULL, NULL, NULL, 'left', '0', NULL, NULL, NULL, NULL, '0', '0', NULL, NULL, NULL, NULL, NULL, NULL, NULL, NULL, NULL, '0', '0', '0', NULL, NULL, NULL, NULL, NULL, NULL, '2017-08-03 22:33:26', '2017-08-07 16:49:47', '6a427e50-d394-4e12-bbfc-77d6cbfc14fb'),
 ('187', '8', 'de_de', 'Snap Ad Reporting 1X', NULL, 'left', NULL, NULL, NULL, 'blue', '0', 'primary', NULL, 'white', NULL, 'normal', NULL, NULL, NULL, NULL, NULL, NULL, '0.0', NULL, NULL, NULL, NULL, NULL, NULL, NULL, 'website', NULL, NULL, NULL, NULL, NULL, 'left', '0', NULL, NULL, NULL, NULL, '0', '0', NULL, NULL, NULL, NULL, NULL, NULL, NULL, NULL, NULL, '0', '0', '0', NULL, NULL, NULL, NULL, NULL, NULL, '2017-08-07 16:49:44', '2017-08-07 16:49:44', '34a533ef-83d0-47fd-8e2c-482bcfbc2e78'),
 ('188', '14', 'de_de', 'Homepage 1 1', NULL, 'left', NULL, NULL, NULL, 'blue', '0', 'primary', NULL, 'white', NULL, 'normal', NULL, NULL, NULL, NULL, NULL, NULL, '0.0', NULL, NULL, NULL, NULL, NULL, NULL, NULL, 'website', NULL, NULL, NULL, NULL, NULL, 'left', '0', NULL, NULL, NULL, NULL, '0', '0', NULL, NULL, NULL, NULL, NULL, NULL, NULL, NULL, NULL, '0', '0', '0', NULL, NULL, NULL, NULL, NULL, NULL, '2017-08-07 16:49:44', '2017-08-07 16:49:44', '80fc1291-d8c4-4188-a4d3-d55513b6b2b0');
INSERT INTO `craft_content` (`id`, `elementId`, `locale`, `title`, `field_page_uri`, `field_imageLocation`, `field_paragraph_loc`, `field_button`, `field_headline_loc`, `field_page_themeColor`, `field_page_sideNavigation`, `field_buttonStyle`, `field_subhead_loc`, `field_sectionBackgroundColor`, `field_sectionTitle_loc`, `field_assetWidth`, `field_eyebrow_loc`, `field_storyCardColor`, `field_companyName`, `field_storySummary_loc`, `field_tabLabel_loc`, `field_tabDescription_loc`, `field_timeCode`, `field_descriptionLabel_loc`, `field_groupTitle_loc`, `field_seoTitle`, `field_seoDescription`, `field_keywords`, `field_ogTitle`, `field_ogDescription`, `field_pageType`, `field_mainNavigationCta`, `field_cookiePolicy_loc`, `field_buttonText_loc`, `field_verticalVideoUrl`, `field_imageAltText_loc`, `field_desktopVideoLocation`, `field_roundedCorners`, `field_productFilterTitle_loc`, `field_objectiveFilterTitle_loc`, `field_industryFilterTitle_loc`, `field_noResultsText_loc`, `field_autoplay`, `field_videoControls`, `field_cardColor`, `field_spotlightDescription_loc`, `field_productUsed_loc`, `field_objective_loc`, `field_title_loc`, `field_regionFilterTitle_loc`, `field_body`, `field_textBlock`, `field_imageCaption_loc`, `field_imageDownloadButton`, `field_wideImage`, `field_lightText`, `field_description_loc`, `field_navItem`, `field_successStoriesTitle_loc`, `field_successStoriesButton`, `field_creativeSpotlightTitle_loc`, `field_creativeSpotlightButton`, `dateCreated`, `dateUpdated`, `uid`) VALUES
 ('189', '15', 'de_de', 'Homepage 1 2', NULL, 'left', NULL, NULL, NULL, 'blue', '0', 'primary', NULL, 'white', NULL, 'normal', NULL, NULL, NULL, NULL, NULL, NULL, '0.0', NULL, NULL, NULL, NULL, NULL, NULL, NULL, 'website', NULL, NULL, NULL, NULL, NULL, 'left', '0', NULL, NULL, NULL, NULL, '0', '0', NULL, NULL, NULL, NULL, NULL, NULL, NULL, NULL, NULL, '0', '0', '0', NULL, NULL, NULL, NULL, NULL, NULL, '2017-08-07 16:49:44', '2017-08-07 16:49:44', '250c41d4-2bbe-40e4-b0b3-640e9a1394cd'),
 ('190', '16', 'de_de', 'Homepage 1 3', NULL, 'left', NULL, NULL, NULL, 'blue', '0', 'primary', NULL, 'white', NULL, 'normal', NULL, NULL, NULL, NULL, NULL, NULL, '0.0', NULL, NULL, NULL, NULL, NULL, NULL, NULL, 'website', NULL, NULL, NULL, NULL, NULL, 'left', '0', NULL, NULL, NULL, NULL, '0', '0', NULL, NULL, NULL, NULL, NULL, NULL, NULL, NULL, NULL, '0', '0', '0', NULL, NULL, NULL, NULL, NULL, NULL, '2017-08-07 16:49:44', '2017-08-07 16:49:44', '8a04663a-a91e-4b10-b001-de720a72c98f'),
 ('191', '38', 'de_de', 'Filter Reporting 2X', NULL, 'left', NULL, NULL, NULL, 'blue', '0', 'primary', NULL, 'white', NULL, 'normal', NULL, NULL, NULL, NULL, NULL, NULL, '0.0', NULL, NULL, NULL, NULL, NULL, NULL, NULL, 'website', NULL, NULL, NULL, NULL, NULL, 'left', '0', NULL, NULL, NULL, NULL, '0', '0', NULL, NULL, NULL, NULL, NULL, NULL, NULL, NULL, NULL, '0', '0', '0', NULL, NULL, NULL, NULL, NULL, NULL, '2017-08-07 16:49:44', '2017-08-07 16:49:44', '71bed67a-2514-4890-b37d-5afca51c46e0'),
 ('192', '45', 'de_de', 'Measurement Reach', NULL, 'left', NULL, NULL, NULL, 'blue', '0', 'primary', NULL, 'white', NULL, 'normal', NULL, NULL, NULL, NULL, NULL, NULL, '0.0', NULL, NULL, NULL, NULL, NULL, NULL, NULL, 'website', NULL, NULL, NULL, NULL, NULL, 'left', '0', NULL, NULL, NULL, NULL, '0', '0', NULL, NULL, NULL, NULL, NULL, NULL, NULL, NULL, NULL, '0', '0', '0', NULL, NULL, NULL, NULL, NULL, NULL, '2017-08-07 16:49:44', '2017-08-07 16:49:44', 'dda05145-7e45-4ccb-a4cb-e7bb814538b1'),
 ('193', '46', 'de_de', 'Measurement Reaction', NULL, 'left', NULL, NULL, NULL, 'blue', '0', 'primary', NULL, 'white', NULL, 'normal', NULL, NULL, NULL, NULL, NULL, NULL, '0.0', NULL, NULL, NULL, NULL, NULL, NULL, NULL, 'website', NULL, NULL, NULL, NULL, NULL, 'left', '0', NULL, NULL, NULL, NULL, '0', '0', NULL, NULL, NULL, NULL, NULL, NULL, NULL, NULL, NULL, '0', '0', '0', NULL, NULL, NULL, NULL, NULL, NULL, '2017-08-07 16:49:44', '2017-08-07 16:49:44', '85bf96e8-32ba-4e07-b5ba-07bf957df289'),
 ('194', '47', 'de_de', 'Measurement Resonance', NULL, 'left', NULL, NULL, NULL, 'blue', '0', 'primary', NULL, 'white', NULL, 'normal', NULL, NULL, NULL, NULL, NULL, NULL, '0.0', NULL, NULL, NULL, NULL, NULL, NULL, NULL, 'website', NULL, NULL, NULL, NULL, NULL, 'left', '0', NULL, NULL, NULL, NULL, '0', '0', NULL, NULL, NULL, NULL, NULL, NULL, NULL, NULL, NULL, '0', '0', '0', NULL, NULL, NULL, NULL, NULL, NULL, '2017-08-07 16:49:44', '2017-08-07 16:49:44', '317f4e5a-09fe-4587-b1d5-508848b78e76'),
 ('195', '48', 'de_de', 'Measurement Snap To', NULL, 'left', NULL, NULL, NULL, 'blue', '0', 'primary', NULL, 'white', NULL, 'normal', NULL, NULL, NULL, NULL, NULL, NULL, '0.0', NULL, NULL, NULL, NULL, NULL, NULL, NULL, 'website', NULL, NULL, NULL, NULL, NULL, 'left', '0', NULL, NULL, NULL, NULL, '0', '0', NULL, NULL, NULL, NULL, NULL, NULL, NULL, NULL, NULL, '0', '0', '0', NULL, NULL, NULL, NULL, NULL, NULL, '2017-08-07 16:49:44', '2017-08-07 16:49:44', 'ccee35b8-d630-45dc-8d97-f17e9a72451d'),
 ('196', '49', 'de_de', 'Measurement Verification', NULL, 'left', NULL, NULL, NULL, 'blue', '0', 'primary', NULL, 'white', NULL, 'normal', NULL, NULL, NULL, NULL, NULL, NULL, '0.0', NULL, NULL, NULL, NULL, NULL, NULL, NULL, 'website', NULL, NULL, NULL, NULL, NULL, 'left', '0', NULL, NULL, NULL, NULL, '0', '0', NULL, NULL, NULL, NULL, NULL, NULL, NULL, NULL, NULL, '0', '0', '0', NULL, NULL, NULL, NULL, NULL, NULL, '2017-08-07 16:49:44', '2017-08-07 16:49:44', '279f99df-ae42-466e-820a-cc0dc3d8ec0c'),
 ('197', '50', 'de_de', 'Measurement Viewability', NULL, 'left', NULL, NULL, NULL, 'blue', '0', 'primary', NULL, 'white', NULL, 'normal', NULL, NULL, NULL, NULL, NULL, NULL, '0.0', NULL, NULL, NULL, NULL, NULL, NULL, NULL, 'website', NULL, NULL, NULL, NULL, NULL, 'left', '0', NULL, NULL, NULL, NULL, '0', '0', NULL, NULL, NULL, NULL, NULL, NULL, NULL, NULL, NULL, '0', '0', '0', NULL, NULL, NULL, NULL, NULL, NULL, '2017-08-07 16:49:44', '2017-08-07 16:49:44', 'c3b5d10f-ca56-4f36-af6f-2a4841207086'),
 ('198', '61', 'de_de', 'Snap To Store Clock 2X', NULL, 'left', NULL, NULL, NULL, 'blue', '0', 'primary', NULL, 'white', NULL, 'normal', NULL, NULL, NULL, NULL, NULL, NULL, '0.0', NULL, NULL, NULL, NULL, NULL, NULL, NULL, 'website', NULL, NULL, NULL, NULL, NULL, 'left', '0', NULL, NULL, NULL, NULL, '0', '0', NULL, NULL, NULL, NULL, NULL, NULL, NULL, NULL, NULL, '0', '0', '0', NULL, NULL, NULL, NULL, NULL, NULL, '2017-08-07 16:49:44', '2017-08-07 16:49:44', '15b51fda-dd2e-442e-9144-2e32d70e10c9'),
 ('199', '68', 'de_de', 'Snap To Store Chillahs 2X', NULL, 'left', NULL, NULL, NULL, 'blue', '0', 'primary', NULL, 'white', NULL, 'normal', NULL, NULL, NULL, NULL, NULL, NULL, '0.0', NULL, NULL, NULL, NULL, NULL, NULL, NULL, 'website', NULL, NULL, NULL, NULL, NULL, 'left', '0', NULL, NULL, NULL, NULL, '0', '0', NULL, NULL, NULL, NULL, NULL, NULL, NULL, NULL, NULL, '0', '0', '0', NULL, NULL, NULL, NULL, NULL, NULL, '2017-08-07 16:49:44', '2017-08-07 16:49:44', 'f53a90d0-c4cc-4972-8329-d860f51c7605'),
 ('200', '76', 'de_de', 'Adjust 2X', NULL, 'left', NULL, NULL, NULL, 'blue', '0', 'primary', NULL, 'white', NULL, 'normal', NULL, NULL, NULL, NULL, NULL, NULL, '0.0', NULL, NULL, NULL, NULL, NULL, NULL, NULL, 'website', NULL, NULL, NULL, NULL, NULL, 'left', '0', NULL, NULL, NULL, NULL, '0', '0', NULL, NULL, NULL, NULL, NULL, NULL, NULL, NULL, NULL, '0', '0', '0', NULL, NULL, NULL, NULL, NULL, NULL, '2017-08-07 16:49:44', '2017-08-07 16:49:44', 'db39145a-4d18-4cef-acad-0797d1e08bb9'),
 ('201', '77', 'de_de', 'Appsflyer 2X', NULL, 'left', NULL, NULL, NULL, 'blue', '0', 'primary', NULL, 'white', NULL, 'normal', NULL, NULL, NULL, NULL, NULL, NULL, '0.0', NULL, NULL, NULL, NULL, NULL, NULL, NULL, 'website', NULL, NULL, NULL, NULL, NULL, 'left', '0', NULL, NULL, NULL, NULL, '0', '0', NULL, NULL, NULL, NULL, NULL, NULL, NULL, NULL, NULL, '0', '0', '0', NULL, NULL, NULL, NULL, NULL, NULL, '2017-08-07 16:49:44', '2017-08-07 16:49:44', 'e4de3e00-d4b1-437f-a55b-cf519aeda423'),
 ('202', '78', 'de_de', 'Doubleclick 2X', NULL, 'left', NULL, NULL, NULL, 'blue', '0', 'primary', NULL, 'white', NULL, 'normal', NULL, NULL, NULL, NULL, NULL, NULL, '0.0', NULL, NULL, NULL, NULL, NULL, NULL, NULL, 'website', NULL, NULL, NULL, NULL, NULL, 'left', '0', NULL, NULL, NULL, NULL, '0', '0', NULL, NULL, NULL, NULL, NULL, NULL, NULL, NULL, NULL, '0', '0', '0', NULL, NULL, NULL, NULL, NULL, NULL, '2017-08-07 16:49:44', '2017-08-07 16:49:44', '4a4ad5ef-5b4f-4aa0-a5d1-e9ee9d8d14dd'),
 ('203', '79', 'de_de', 'Innovid 2X', NULL, 'left', NULL, NULL, NULL, 'blue', '0', 'primary', NULL, 'white', NULL, 'normal', NULL, NULL, NULL, NULL, NULL, NULL, '0.0', NULL, NULL, NULL, NULL, NULL, NULL, NULL, 'website', NULL, NULL, NULL, NULL, NULL, 'left', '0', NULL, NULL, NULL, NULL, '0', '0', NULL, NULL, NULL, NULL, NULL, NULL, NULL, NULL, NULL, '0', '0', '0', NULL, NULL, NULL, NULL, NULL, NULL, '2017-08-07 16:49:44', '2017-08-07 16:49:44', 'a14c043c-ea8c-4410-8942-1a1d2c66bd13'),
 ('204', '80', 'de_de', 'Kochava 2X', NULL, 'left', NULL, NULL, NULL, 'blue', '0', 'primary', NULL, 'white', NULL, 'normal', NULL, NULL, NULL, NULL, NULL, NULL, '0.0', NULL, NULL, NULL, NULL, NULL, NULL, NULL, 'website', NULL, NULL, NULL, NULL, NULL, 'left', '0', NULL, NULL, NULL, NULL, '0', '0', NULL, NULL, NULL, NULL, NULL, NULL, NULL, NULL, NULL, '0', '0', '0', NULL, NULL, NULL, NULL, NULL, NULL, '2017-08-07 16:49:44', '2017-08-07 16:49:44', '8055ee67-2039-488a-8210-1d08e8de1eb7'),
 ('205', '81', 'de_de', 'Liveramp 2X', NULL, 'left', NULL, NULL, NULL, 'blue', '0', 'primary', NULL, 'white', NULL, 'normal', NULL, NULL, NULL, NULL, NULL, NULL, '0.0', NULL, NULL, NULL, NULL, NULL, NULL, NULL, 'website', NULL, NULL, NULL, NULL, NULL, 'left', '0', NULL, NULL, NULL, NULL, '0', '0', NULL, NULL, NULL, NULL, NULL, NULL, NULL, NULL, NULL, '0', '0', '0', NULL, NULL, NULL, NULL, NULL, NULL, '2017-08-07 16:49:44', '2017-08-07 16:49:44', '0e8a8ae7-5a2a-4cae-9c89-b82b71021868'),
 ('206', '82', 'de_de', 'Millwardbrown 2X', NULL, 'left', NULL, NULL, NULL, 'blue', '0', 'primary', NULL, 'white', NULL, 'normal', NULL, NULL, NULL, NULL, NULL, NULL, '0.0', NULL, NULL, NULL, NULL, NULL, NULL, NULL, 'website', NULL, NULL, NULL, NULL, NULL, 'left', '0', NULL, NULL, NULL, NULL, '0', '0', NULL, NULL, NULL, NULL, NULL, NULL, NULL, NULL, NULL, '0', '0', '0', NULL, NULL, NULL, NULL, NULL, NULL, '2017-08-07 16:49:44', '2017-08-07 16:49:44', '381af1ee-7a72-43fa-8e1d-073d34f03d4f'),
 ('207', '83', 'de_de', 'Moat 2X', NULL, 'left', NULL, NULL, NULL, 'blue', '0', 'primary', NULL, 'white', NULL, 'normal', NULL, NULL, NULL, NULL, NULL, NULL, '0.0', NULL, NULL, NULL, NULL, NULL, NULL, NULL, 'website', NULL, NULL, NULL, NULL, NULL, 'left', '0', NULL, NULL, NULL, NULL, '0', '0', NULL, NULL, NULL, NULL, NULL, NULL, NULL, NULL, NULL, '0', '0', '0', NULL, NULL, NULL, NULL, NULL, NULL, '2017-08-07 16:49:44', '2017-08-07 16:49:44', '398466a8-605b-43a5-bcbd-738b0aa18cce'),
 ('208', '84', 'de_de', 'Neustar 2X', NULL, 'left', NULL, NULL, NULL, 'blue', '0', 'primary', NULL, 'white', NULL, 'normal', NULL, NULL, NULL, NULL, NULL, NULL, '0.0', NULL, NULL, NULL, NULL, NULL, NULL, NULL, 'website', NULL, NULL, NULL, NULL, NULL, 'left', '0', NULL, NULL, NULL, NULL, '0', '0', NULL, NULL, NULL, NULL, NULL, NULL, NULL, NULL, NULL, '0', '0', '0', NULL, NULL, NULL, NULL, NULL, NULL, '2017-08-07 16:49:44', '2017-08-07 16:49:44', 'def7c29a-64d9-4f01-bba6-7ddb8fc5f430'),
 ('209', '85', 'de_de', 'Nielsen 2X', NULL, 'left', NULL, NULL, NULL, 'blue', '0', 'primary', NULL, 'white', NULL, 'normal', NULL, NULL, NULL, NULL, NULL, NULL, '0.0', NULL, NULL, NULL, NULL, NULL, NULL, NULL, 'website', NULL, NULL, NULL, NULL, NULL, 'left', '0', NULL, NULL, NULL, NULL, '0', '0', NULL, NULL, NULL, NULL, NULL, NULL, NULL, NULL, NULL, '0', '0', '0', NULL, NULL, NULL, NULL, NULL, NULL, '2017-08-07 16:49:44', '2017-08-07 16:49:44', 'a4140c94-0ef0-49d0-a08a-e48a002852f0'),
 ('210', '86', 'de_de', 'Oracle 2X', NULL, 'left', NULL, NULL, NULL, 'blue', '0', 'primary', NULL, 'white', NULL, 'normal', NULL, NULL, NULL, NULL, NULL, NULL, '0.0', NULL, NULL, NULL, NULL, NULL, NULL, NULL, 'website', NULL, NULL, NULL, NULL, NULL, 'left', '0', NULL, NULL, NULL, NULL, '0', '0', NULL, NULL, NULL, NULL, NULL, NULL, NULL, NULL, NULL, '0', '0', '0', NULL, NULL, NULL, NULL, NULL, NULL, '2017-08-07 16:49:44', '2017-08-07 16:49:44', 'e3ec50ab-ddb1-403b-bde5-b7137f450c49'),
 ('211', '87', 'de_de', 'Placed 2X', NULL, 'left', NULL, NULL, NULL, 'blue', '0', 'primary', NULL, 'white', NULL, 'normal', NULL, NULL, NULL, NULL, NULL, NULL, '0.0', NULL, NULL, NULL, NULL, NULL, NULL, NULL, 'website', NULL, NULL, NULL, NULL, NULL, 'left', '0', NULL, NULL, NULL, NULL, '0', '0', NULL, NULL, NULL, NULL, NULL, NULL, NULL, NULL, NULL, '0', '0', '0', NULL, NULL, NULL, NULL, NULL, NULL, '2017-08-07 16:49:44', '2017-08-07 16:49:44', 'd0a0d7fa-a93f-4d22-af29-d4531655b048'),
 ('212', '88', 'de_de', 'Singular 2X', NULL, 'left', NULL, NULL, NULL, 'blue', '0', 'primary', NULL, 'white', NULL, 'normal', NULL, NULL, NULL, NULL, NULL, NULL, '0.0', NULL, NULL, NULL, NULL, NULL, NULL, NULL, 'website', NULL, NULL, NULL, NULL, NULL, 'left', '0', NULL, NULL, NULL, NULL, '0', '0', NULL, NULL, NULL, NULL, NULL, NULL, NULL, NULL, NULL, '0', '0', '0', NULL, NULL, NULL, NULL, NULL, NULL, '2017-08-07 16:49:44', '2017-08-07 16:49:44', '006f6f5e-7bce-4933-877a-d93f689c4328'),
 ('213', '89', 'de_de', 'Sizmek 2X', NULL, 'left', NULL, NULL, NULL, 'blue', '0', 'primary', NULL, 'white', NULL, 'normal', NULL, NULL, NULL, NULL, NULL, NULL, '0.0', NULL, NULL, NULL, NULL, NULL, NULL, NULL, 'website', NULL, NULL, NULL, NULL, NULL, 'left', '0', NULL, NULL, NULL, NULL, '0', '0', NULL, NULL, NULL, NULL, NULL, NULL, NULL, NULL, NULL, '0', '0', '0', NULL, NULL, NULL, NULL, NULL, NULL, '2017-08-07 16:49:44', '2017-08-07 16:49:44', '67629695-ea84-471d-9048-490b1264df35'),
 ('214', '90', 'de_de', 'Tune 2X', NULL, 'left', NULL, NULL, NULL, 'blue', '0', 'primary', NULL, 'white', NULL, 'normal', NULL, NULL, NULL, NULL, NULL, NULL, '0.0', NULL, NULL, NULL, NULL, NULL, NULL, NULL, 'website', NULL, NULL, NULL, NULL, NULL, 'left', '0', NULL, NULL, NULL, NULL, '0', '0', NULL, NULL, NULL, NULL, NULL, NULL, NULL, NULL, NULL, '0', '0', '0', NULL, NULL, NULL, NULL, NULL, NULL, '2017-08-07 16:49:44', '2017-08-07 16:49:44', 'e220b29e-ec27-4510-b556-27b7c8a647e8'),
 ('215', '97', 'de_de', 'Ic Success Logo Abinbev@2X', NULL, 'left', NULL, NULL, NULL, 'blue', '0', 'primary', NULL, 'gray', NULL, 'normal', NULL, NULL, NULL, NULL, NULL, NULL, '0.0', NULL, NULL, NULL, NULL, NULL, NULL, NULL, 'website', NULL, NULL, NULL, NULL, NULL, 'left', '0', NULL, NULL, NULL, NULL, '0', '0', NULL, NULL, NULL, NULL, NULL, NULL, NULL, NULL, NULL, '0', '0', '0', NULL, NULL, NULL, NULL, NULL, NULL, '2017-08-07 16:49:44', '2017-08-07 16:49:44', '2747648d-01c7-4f09-ac23-edea77ed059a'),
 ('216', '99', 'de_de', 'Geofilter Phil Phone Screen@2X', NULL, 'left', NULL, NULL, NULL, 'blue', '0', 'primary', NULL, 'gray', NULL, 'normal', NULL, NULL, NULL, NULL, NULL, NULL, '0.0', NULL, NULL, NULL, NULL, NULL, NULL, NULL, 'website', NULL, NULL, NULL, NULL, NULL, 'left', '0', NULL, NULL, NULL, NULL, '0', '0', NULL, NULL, NULL, NULL, NULL, NULL, NULL, NULL, NULL, '0', '0', '0', NULL, NULL, NULL, NULL, NULL, NULL, '2017-08-07 16:49:44', '2017-08-07 16:49:44', '92a19912-a86e-47b8-bdc5-265df96d2472'),
 ('217', '100', 'de_de', 'Postmates Drive Action@2X', NULL, 'left', NULL, NULL, NULL, 'blue', '0', 'primary', NULL, 'gray', NULL, 'normal', NULL, NULL, NULL, NULL, NULL, NULL, '0.0', NULL, NULL, NULL, NULL, NULL, NULL, NULL, 'website', NULL, NULL, NULL, NULL, NULL, 'left', '0', NULL, NULL, NULL, NULL, '0', '0', NULL, NULL, NULL, NULL, NULL, NULL, NULL, NULL, NULL, '0', '0', '0', NULL, NULL, NULL, NULL, NULL, NULL, '2017-08-07 16:49:44', '2017-08-07 16:49:44', 'df3435c2-ccb9-435e-ad94-cd091ca00303'),
 ('218', '101', 'de_de', 'Lga Geo Filter 2X', NULL, 'left', NULL, NULL, NULL, 'blue', '0', 'primary', NULL, 'gray', NULL, 'normal', NULL, NULL, NULL, NULL, NULL, NULL, '0.0', NULL, NULL, NULL, NULL, NULL, NULL, NULL, 'website', NULL, NULL, NULL, NULL, NULL, 'left', '0', NULL, NULL, NULL, NULL, '0', '0', NULL, NULL, NULL, NULL, NULL, NULL, NULL, NULL, NULL, '0', '0', '0', NULL, NULL, NULL, NULL, NULL, NULL, '2017-08-07 16:49:45', '2017-08-07 16:49:45', '5fcaecc0-4316-409f-a3e9-73ef1b17676e'),
 ('219', '102', 'de_de', 'Target Ad 2X', NULL, 'left', NULL, NULL, NULL, 'blue', '0', 'primary', NULL, 'gray', NULL, 'normal', NULL, NULL, NULL, NULL, NULL, NULL, '0.0', NULL, NULL, NULL, NULL, NULL, NULL, NULL, 'website', NULL, NULL, NULL, NULL, NULL, 'left', '0', NULL, NULL, NULL, NULL, '0', '0', NULL, NULL, NULL, NULL, NULL, NULL, NULL, NULL, NULL, '0', '0', '0', NULL, NULL, NULL, NULL, NULL, NULL, '2017-08-07 16:49:45', '2017-08-07 16:49:45', 'ca170322-e214-40de-9750-1751f670896f'),
 ('220', '103', 'de_de', 'Warby Parker Geo Filter 2X', NULL, 'left', NULL, NULL, NULL, 'blue', '0', 'primary', NULL, 'gray', NULL, 'normal', NULL, NULL, NULL, NULL, NULL, NULL, '0.0', NULL, NULL, NULL, NULL, NULL, NULL, NULL, 'website', NULL, NULL, NULL, NULL, NULL, 'left', '0', NULL, NULL, NULL, NULL, '0', '0', NULL, NULL, NULL, NULL, NULL, NULL, NULL, NULL, NULL, '0', '0', '0', NULL, NULL, NULL, NULL, NULL, NULL, '2017-08-07 16:49:45', '2017-08-07 16:49:45', 'a95eafa4-28e8-47b1-aa70-d769f76d9247'),
 ('221', '104', 'de_de', 'Weby Parker Geo Filter 2X', NULL, 'left', NULL, NULL, NULL, 'blue', '0', 'primary', NULL, 'gray', NULL, 'normal', NULL, NULL, NULL, NULL, NULL, NULL, '0.0', NULL, NULL, NULL, NULL, NULL, NULL, NULL, 'website', NULL, NULL, NULL, NULL, NULL, 'left', '0', NULL, NULL, NULL, NULL, '0', '0', NULL, NULL, NULL, NULL, NULL, NULL, NULL, NULL, NULL, '0', '0', '0', NULL, NULL, NULL, NULL, NULL, NULL, '2017-08-07 16:49:45', '2017-08-07 16:49:45', '31c0d41d-7766-4578-8bbc-452d59830f66'),
 ('222', '105', 'de_de', 'Snap Ads Gatorade Phone Screen@2X', NULL, 'left', NULL, NULL, NULL, 'blue', '0', 'primary', NULL, 'gray', NULL, 'normal', NULL, NULL, NULL, NULL, NULL, NULL, '0.0', NULL, NULL, NULL, NULL, NULL, NULL, NULL, 'website', NULL, NULL, NULL, NULL, NULL, 'left', '0', NULL, NULL, NULL, NULL, '0', '0', NULL, NULL, NULL, NULL, NULL, NULL, NULL, NULL, NULL, '0', '0', '0', NULL, NULL, NULL, NULL, NULL, NULL, '2017-08-07 16:49:45', '2017-08-07 16:49:45', '0036f7bb-7c6b-491e-adf0-cfbca39be90d'),
 ('223', '106', 'de_de', 'Snap Ads Under Armour Phone Screen@2X', NULL, 'left', NULL, NULL, NULL, 'blue', '0', 'primary', NULL, 'gray', NULL, 'normal', NULL, NULL, NULL, NULL, NULL, NULL, '0.0', NULL, NULL, NULL, NULL, NULL, NULL, NULL, 'website', NULL, NULL, NULL, NULL, NULL, 'left', '0', NULL, NULL, NULL, NULL, '0', '0', NULL, NULL, NULL, NULL, NULL, NULL, NULL, NULL, NULL, '0', '0', '0', NULL, NULL, NULL, NULL, NULL, NULL, '2017-08-07 16:49:45', '2017-08-07 16:49:45', '9e10b641-b6b4-44bd-9524-436c847bfde6'),
 ('224', '141', 'de_de', 'Chillah Device', NULL, 'left', NULL, NULL, NULL, 'blue', '0', 'primary', NULL, 'gray', NULL, 'normal', NULL, NULL, NULL, NULL, NULL, NULL, '0.0', NULL, NULL, NULL, NULL, NULL, NULL, NULL, 'website', NULL, NULL, NULL, NULL, NULL, 'left', '0', NULL, NULL, NULL, NULL, '0', '0', NULL, NULL, NULL, NULL, NULL, NULL, NULL, NULL, NULL, '0', '0', '0', NULL, NULL, NULL, NULL, NULL, NULL, '2017-08-07 16:49:45', '2017-08-07 16:49:45', 'bdae37ae-0c80-449c-bfd5-c5dcbbbae016'),
 ('225', '142', 'de_de', 'Chillah Heart Eyes', NULL, 'left', NULL, NULL, NULL, 'blue', '0', 'primary', NULL, 'gray', NULL, 'normal', NULL, NULL, NULL, NULL, NULL, NULL, '0.0', NULL, NULL, NULL, NULL, NULL, NULL, NULL, 'website', NULL, NULL, NULL, NULL, NULL, 'left', '0', NULL, NULL, NULL, NULL, '0', '0', NULL, NULL, NULL, NULL, NULL, NULL, NULL, NULL, NULL, '0', '0', '0', NULL, NULL, NULL, NULL, NULL, NULL, '2017-08-07 16:49:45', '2017-08-07 16:49:45', '3bea6473-2158-4450-b8cd-31556774fb3c'),
 ('226', '143', 'de_de', 'Chillah Hearts', NULL, 'left', NULL, NULL, NULL, 'blue', '0', 'primary', NULL, 'gray', NULL, 'normal', NULL, NULL, NULL, NULL, NULL, NULL, '0.0', NULL, NULL, NULL, NULL, NULL, NULL, NULL, 'website', NULL, NULL, NULL, NULL, NULL, 'left', '0', NULL, NULL, NULL, NULL, '0', '0', NULL, NULL, NULL, NULL, NULL, NULL, NULL, NULL, NULL, '0', '0', '0', NULL, NULL, NULL, NULL, NULL, NULL, '2017-08-07 16:49:45', '2017-08-07 16:49:45', '1fe65ae2-9cd9-4429-9af6-eeab0cbe2ff6'),
 ('227', '145', 'de_de', 'Devices Nav 1', NULL, 'left', NULL, NULL, NULL, 'blue', '0', 'primary', NULL, 'gray', NULL, 'normal', NULL, NULL, NULL, NULL, NULL, NULL, '0.0', NULL, NULL, NULL, NULL, NULL, NULL, NULL, 'website', NULL, NULL, NULL, NULL, NULL, 'left', '0', NULL, NULL, NULL, NULL, '0', '0', NULL, NULL, NULL, NULL, NULL, NULL, NULL, NULL, NULL, '0', '0', '0', NULL, NULL, NULL, NULL, NULL, NULL, '2017-08-07 16:49:45', '2017-08-07 16:49:45', '33a7d9bc-9d8d-4bdb-aa2d-9ce6cdde03bd'),
 ('228', '146', 'de_de', 'Devices Nav 2', NULL, 'left', NULL, NULL, NULL, 'blue', '0', 'primary', NULL, 'gray', NULL, 'normal', NULL, NULL, NULL, NULL, NULL, NULL, '0.0', NULL, NULL, NULL, NULL, NULL, NULL, NULL, 'website', NULL, NULL, NULL, NULL, NULL, 'left', '0', NULL, NULL, NULL, NULL, '0', '0', NULL, NULL, NULL, NULL, NULL, NULL, NULL, NULL, NULL, '0', '0', '0', NULL, NULL, NULL, NULL, NULL, NULL, '2017-08-07 16:49:45', '2017-08-07 16:49:45', '5d6b924b-926f-4fb8-ba7c-06aa06ff4e06'),
 ('229', '147', 'de_de', 'Devices Nav 3', NULL, 'left', NULL, NULL, NULL, 'blue', '0', 'primary', NULL, 'gray', NULL, 'normal', NULL, NULL, NULL, NULL, NULL, NULL, '0.0', NULL, NULL, NULL, NULL, NULL, NULL, NULL, 'website', NULL, NULL, NULL, NULL, NULL, 'left', '0', NULL, NULL, NULL, NULL, '0', '0', NULL, NULL, NULL, NULL, NULL, NULL, NULL, NULL, NULL, '0', '0', '0', NULL, NULL, NULL, NULL, NULL, NULL, '2017-08-07 16:49:45', '2017-08-07 16:49:45', '4bb77eb0-41f0-4658-92e4-6c9f61cef4c2'),
 ('230', '148', 'de_de', 'Devices Nav 4', NULL, 'left', NULL, NULL, NULL, 'blue', '0', 'primary', NULL, 'gray', NULL, 'normal', NULL, NULL, NULL, NULL, NULL, NULL, '0.0', NULL, NULL, NULL, NULL, NULL, NULL, NULL, 'website', NULL, NULL, NULL, NULL, NULL, 'left', '0', NULL, NULL, NULL, NULL, '0', '0', NULL, NULL, NULL, NULL, NULL, NULL, NULL, NULL, NULL, '0', '0', '0', NULL, NULL, NULL, NULL, NULL, NULL, '2017-08-07 16:49:45', '2017-08-07 16:49:45', 'e5360879-eed3-4c7a-a972-57d0b0268467'),
 ('231', '149', 'de_de', 'Solutions Device 1', NULL, 'left', NULL, NULL, NULL, 'blue', '0', 'primary', NULL, 'gray', NULL, 'normal', NULL, NULL, NULL, NULL, NULL, NULL, '0.0', NULL, NULL, NULL, NULL, NULL, NULL, NULL, 'website', NULL, NULL, NULL, NULL, NULL, 'left', '0', NULL, NULL, NULL, NULL, '0', '0', NULL, NULL, NULL, NULL, NULL, NULL, NULL, NULL, NULL, '0', '0', '0', NULL, NULL, NULL, NULL, NULL, NULL, '2017-08-07 16:49:45', '2017-08-07 16:49:45', '3bbac4b7-d7b4-4784-818e-22d7529400d3'),
 ('232', '150', 'de_de', 'Solutions Device 2', NULL, 'left', NULL, NULL, NULL, 'blue', '0', 'primary', NULL, 'gray', NULL, 'normal', NULL, NULL, NULL, NULL, NULL, NULL, '0.0', NULL, NULL, NULL, NULL, NULL, NULL, NULL, 'website', NULL, NULL, NULL, NULL, NULL, 'left', '0', NULL, NULL, NULL, NULL, '0', '0', NULL, NULL, NULL, NULL, NULL, NULL, NULL, NULL, NULL, '0', '0', '0', NULL, NULL, NULL, NULL, NULL, NULL, '2017-08-07 16:49:45', '2017-08-07 16:49:45', '2062753f-83eb-4d53-a9d0-d3dbeaf25b52'),
 ('233', '151', 'de_de', 'Solutions Device 3', NULL, 'left', NULL, NULL, NULL, 'blue', '0', 'primary', NULL, 'gray', NULL, 'normal', NULL, NULL, NULL, NULL, NULL, NULL, '0.0', NULL, NULL, NULL, NULL, NULL, NULL, NULL, 'website', NULL, NULL, NULL, NULL, NULL, 'left', '0', NULL, NULL, NULL, NULL, '0', '0', NULL, NULL, NULL, NULL, NULL, NULL, NULL, NULL, NULL, '0', '0', '0', NULL, NULL, NULL, NULL, NULL, NULL, '2017-08-07 16:49:45', '2017-08-07 16:49:45', 'abd8933d-1f26-474c-9829-cb265e48dd1e'),
 ('234', '152', 'de_de', 'Solutions Device 4', NULL, 'left', NULL, NULL, NULL, 'blue', '0', 'primary', NULL, 'gray', NULL, 'normal', NULL, NULL, NULL, NULL, NULL, NULL, '0.0', NULL, NULL, NULL, NULL, NULL, NULL, NULL, 'website', NULL, NULL, NULL, NULL, NULL, 'left', '0', NULL, NULL, NULL, NULL, '0', '0', NULL, NULL, NULL, NULL, NULL, NULL, NULL, NULL, NULL, '0', '0', '0', NULL, NULL, NULL, NULL, NULL, NULL, '2017-08-07 16:49:45', '2017-08-07 16:49:45', '636ee488-8da5-411e-9a6a-dffff7c666b5'),
 ('235', '153', 'de_de', 'Solutions Device 5', NULL, 'left', NULL, NULL, NULL, 'blue', '0', 'primary', NULL, 'gray', NULL, 'normal', NULL, NULL, NULL, NULL, NULL, NULL, '0.0', NULL, NULL, NULL, NULL, NULL, NULL, NULL, 'website', NULL, NULL, NULL, NULL, NULL, 'left', '0', NULL, NULL, NULL, NULL, '0', '0', NULL, NULL, NULL, NULL, NULL, NULL, NULL, NULL, NULL, '0', '0', '0', NULL, NULL, NULL, NULL, NULL, NULL, '2017-08-07 16:49:45', '2017-08-07 16:49:45', '86ee2014-67f3-4c17-a990-478ad5e799ef'),
 ('236', '154', 'de_de', 'Solutions Device 6', NULL, 'left', NULL, NULL, NULL, 'blue', '0', 'primary', NULL, 'gray', NULL, 'normal', NULL, NULL, NULL, NULL, NULL, NULL, '0.0', NULL, NULL, NULL, NULL, NULL, NULL, NULL, 'website', NULL, NULL, NULL, NULL, NULL, 'left', '0', NULL, NULL, NULL, NULL, '0', '0', NULL, NULL, NULL, NULL, NULL, NULL, NULL, NULL, NULL, '0', '0', '0', NULL, NULL, NULL, NULL, NULL, NULL, '2017-08-07 16:49:45', '2017-08-07 16:49:45', '98439eed-e2c0-46aa-b94a-7a9ed9e1f7e9'),
 ('237', '155', 'de_de', 'Solutions Device 7', NULL, 'left', NULL, NULL, NULL, 'blue', '0', 'primary', NULL, 'gray', NULL, 'normal', NULL, NULL, NULL, NULL, NULL, NULL, '0.0', NULL, NULL, NULL, NULL, NULL, NULL, NULL, 'website', NULL, NULL, NULL, NULL, NULL, 'left', '0', NULL, NULL, NULL, NULL, '0', '0', NULL, NULL, NULL, NULL, NULL, NULL, NULL, NULL, NULL, '0', '0', '0', NULL, NULL, NULL, NULL, NULL, NULL, '2017-08-07 16:49:45', '2017-08-07 16:49:45', '334cbe5d-46fd-4d69-bdc6-119bde9ba95e'),
 ('238', '156', 'de_de', 'Solutions Device 8', NULL, 'left', NULL, NULL, NULL, 'blue', '0', 'primary', NULL, 'gray', NULL, 'normal', NULL, NULL, NULL, NULL, NULL, NULL, '0.0', NULL, NULL, NULL, NULL, NULL, NULL, NULL, 'website', NULL, NULL, NULL, NULL, NULL, 'left', '0', NULL, NULL, NULL, NULL, '0', '0', NULL, NULL, NULL, NULL, NULL, NULL, NULL, NULL, NULL, '0', '0', '0', NULL, NULL, NULL, NULL, NULL, NULL, '2017-08-07 16:49:45', '2017-08-07 16:49:45', 'c836881c-fb00-47e4-942a-1e82a5596981'),
 ('239', '157', 'de_de', 'Solutions Device 9', NULL, 'left', NULL, NULL, NULL, 'blue', '0', 'primary', NULL, 'gray', NULL, 'normal', NULL, NULL, NULL, NULL, NULL, NULL, '0.0', NULL, NULL, NULL, NULL, NULL, NULL, NULL, 'website', NULL, NULL, NULL, NULL, NULL, 'left', '0', NULL, NULL, NULL, NULL, '0', '0', NULL, NULL, NULL, NULL, NULL, NULL, NULL, NULL, NULL, '0', '0', '0', NULL, NULL, NULL, NULL, NULL, NULL, '2017-08-07 16:49:45', '2017-08-07 16:49:45', 'a2153e56-462d-4c09-8409-18550086bbd5'),
 ('240', '158', 'de_de', 'Solutions Device 10', NULL, 'left', NULL, NULL, NULL, 'blue', '0', 'primary', NULL, 'gray', NULL, 'normal', NULL, NULL, NULL, NULL, NULL, NULL, '0.0', NULL, NULL, NULL, NULL, NULL, NULL, NULL, 'website', NULL, NULL, NULL, NULL, NULL, 'left', '0', NULL, NULL, NULL, NULL, '0', '0', NULL, NULL, NULL, NULL, NULL, NULL, NULL, NULL, NULL, '0', '0', '0', NULL, NULL, NULL, NULL, NULL, NULL, '2017-08-07 16:49:45', '2017-08-07 16:49:45', 'e467019c-7a8e-49c1-bf0c-3a9290dbd89f'),
 ('241', '159', 'de_de', 'Solutions Device 11', NULL, 'left', NULL, NULL, NULL, 'blue', '0', 'primary', NULL, 'gray', NULL, 'normal', NULL, NULL, NULL, NULL, NULL, NULL, '0.0', NULL, NULL, NULL, NULL, NULL, NULL, NULL, 'website', NULL, NULL, NULL, NULL, NULL, 'left', '0', NULL, NULL, NULL, NULL, '0', '0', NULL, NULL, NULL, NULL, NULL, NULL, NULL, NULL, NULL, '0', '0', '0', NULL, NULL, NULL, NULL, NULL, NULL, '2017-08-07 16:49:45', '2017-08-07 16:49:45', 'f34362f5-1eb2-46c0-98e1-1ebb5b0cf74f'),
 ('242', '160', 'de_de', 'Solutions Device 12', NULL, 'left', NULL, NULL, NULL, 'blue', '0', 'primary', NULL, 'gray', NULL, 'normal', NULL, NULL, NULL, NULL, NULL, NULL, '0.0', NULL, NULL, NULL, NULL, NULL, NULL, NULL, 'website', NULL, NULL, NULL, NULL, NULL, 'left', '0', NULL, NULL, NULL, NULL, '0', '0', NULL, NULL, NULL, NULL, NULL, NULL, NULL, NULL, NULL, '0', '0', '0', NULL, NULL, NULL, NULL, NULL, NULL, '2017-08-07 16:49:45', '2017-08-07 16:49:45', 'f2353c71-db6b-428e-9dfe-f31833049456'),
 ('243', '161', 'de_de', 'Solutions Device 13', NULL, 'left', NULL, NULL, NULL, 'blue', '0', 'primary', NULL, 'gray', NULL, 'normal', NULL, NULL, NULL, NULL, NULL, NULL, '0.0', NULL, NULL, NULL, NULL, NULL, NULL, NULL, 'website', NULL, NULL, NULL, NULL, NULL, 'left', '0', NULL, NULL, NULL, NULL, '0', '0', NULL, NULL, NULL, NULL, NULL, NULL, NULL, NULL, NULL, '0', '0', '0', NULL, NULL, NULL, NULL, NULL, NULL, '2017-08-07 16:49:45', '2017-08-07 16:49:45', 'f399b2a5-757e-4602-a527-8e9e671e6b33'),
 ('244', '172', 'de_de', 'Ad Manager 2X', NULL, 'left', NULL, NULL, NULL, 'blue', '0', 'primary', NULL, 'gray', NULL, 'normal', NULL, NULL, NULL, NULL, NULL, NULL, '0.0', NULL, NULL, NULL, NULL, NULL, NULL, NULL, 'website', NULL, NULL, NULL, NULL, NULL, 'left', '0', NULL, NULL, NULL, NULL, '0', '0', NULL, NULL, NULL, NULL, NULL, NULL, NULL, NULL, NULL, '0', '0', '0', NULL, NULL, NULL, NULL, NULL, NULL, '2017-08-07 16:49:45', '2017-08-07 16:49:45', '4e1bd33f-2058-4cd5-ac45-7916cbae17d2'),
 ('245', '98', 'de_de', 'Solutions', 'ad-products', 'left', NULL, NULL, NULL, 'blue', '1', 'primary', NULL, 'gray', NULL, 'normal', NULL, NULL, NULL, NULL, NULL, NULL, '0.0', NULL, NULL, NULL, NULL, NULL, NULL, NULL, 'website', NULL, NULL, NULL, NULL, NULL, 'left', '0', NULL, NULL, NULL, NULL, '0', '0', NULL, NULL, NULL, NULL, NULL, NULL, NULL, NULL, NULL, '0', '0', '0', NULL, NULL, NULL, NULL, NULL, NULL, '2017-08-07 16:50:23', '2017-08-17 17:52:22', '7e0278df-f891-473c-afd2-c373d0b4f67d'),
 ('246', '243', 'en_us', 'Awareness', NULL, 'left', NULL, NULL, NULL, 'blue', '0', 'primary', NULL, 'gray', NULL, 'normal', NULL, NULL, NULL, NULL, NULL, NULL, '0.0', NULL, NULL, NULL, NULL, NULL, NULL, NULL, 'website', NULL, NULL, NULL, NULL, NULL, 'left', '0', NULL, NULL, NULL, NULL, '0', '0', NULL, NULL, NULL, NULL, NULL, NULL, NULL, NULL, NULL, '0', '0', '0', NULL, NULL, NULL, NULL, NULL, NULL, '2017-08-07 17:26:03', '2017-08-07 17:26:03', 'afb5a420-0a88-43f6-a8f4-5a7bd831e4ab'),
 ('247', '243', 'de_de', 'Awareness', NULL, 'left', NULL, NULL, NULL, 'blue', '0', 'primary', NULL, 'gray', NULL, 'normal', NULL, NULL, NULL, NULL, NULL, NULL, '0.0', NULL, NULL, NULL, NULL, NULL, NULL, NULL, 'website', NULL, NULL, NULL, NULL, NULL, 'left', '0', NULL, NULL, NULL, NULL, '0', '0', NULL, NULL, NULL, NULL, NULL, NULL, NULL, NULL, NULL, '0', '0', '0', NULL, NULL, NULL, NULL, NULL, NULL, '2017-08-07 17:26:03', '2017-08-07 17:26:03', '9185c006-e45f-41d1-9463-b0ca358bf9f9'),
 ('248', '244', 'en_us', 'Consideration', NULL, 'left', NULL, NULL, NULL, 'blue', '0', 'primary', NULL, 'gray', NULL, 'normal', NULL, NULL, NULL, NULL, NULL, NULL, '0.0', NULL, NULL, NULL, NULL, NULL, NULL, NULL, 'website', NULL, NULL, NULL, NULL, NULL, 'left', '0', NULL, NULL, NULL, NULL, '0', '0', NULL, NULL, NULL, NULL, NULL, NULL, NULL, NULL, NULL, '0', '0', '0', NULL, NULL, NULL, NULL, NULL, NULL, '2017-08-07 17:26:14', '2017-08-07 17:26:14', '005c23b4-b9ee-49b4-a496-7e116891ba88'),
 ('249', '244', 'de_de', 'Consideration', NULL, 'left', NULL, NULL, NULL, 'blue', '0', 'primary', NULL, 'gray', NULL, 'normal', NULL, NULL, NULL, NULL, NULL, NULL, '0.0', NULL, NULL, NULL, NULL, NULL, NULL, NULL, 'website', NULL, NULL, NULL, NULL, NULL, 'left', '0', NULL, NULL, NULL, NULL, '0', '0', NULL, NULL, NULL, NULL, NULL, NULL, NULL, NULL, NULL, '0', '0', '0', NULL, NULL, NULL, NULL, NULL, NULL, '2017-08-07 17:26:14', '2017-08-07 17:26:14', 'e5e12f1f-1a36-4ddd-a050-32fd22c30c0e'),
 ('250', '245', 'en_us', 'Action', NULL, 'left', NULL, NULL, NULL, 'blue', '0', 'primary', NULL, 'gray', NULL, 'normal', NULL, NULL, NULL, NULL, NULL, NULL, '0.0', NULL, NULL, NULL, NULL, NULL, NULL, NULL, 'website', NULL, NULL, NULL, NULL, NULL, 'left', '0', NULL, NULL, NULL, NULL, '0', '0', NULL, NULL, NULL, NULL, NULL, NULL, NULL, NULL, NULL, '0', '0', '0', NULL, NULL, NULL, NULL, NULL, NULL, '2017-08-07 17:26:23', '2017-08-07 17:26:23', 'e4dc517e-5d88-473d-abfc-6908c0cd26be'),
 ('251', '245', 'de_de', 'Action', NULL, 'left', NULL, NULL, NULL, 'blue', '0', 'primary', NULL, 'gray', NULL, 'normal', NULL, NULL, NULL, NULL, NULL, NULL, '0.0', NULL, NULL, NULL, NULL, NULL, NULL, NULL, 'website', NULL, NULL, NULL, NULL, NULL, 'left', '0', NULL, NULL, NULL, NULL, '0', '0', NULL, NULL, NULL, NULL, NULL, NULL, NULL, NULL, NULL, '0', '0', '0', NULL, NULL, NULL, NULL, NULL, NULL, '2017-08-07 17:26:23', '2017-08-07 17:26:23', '3ce87021-dc6b-49fa-9b54-fc0b8637abab'),
 ('252', '246', 'en_us', 'Consumer Goods', NULL, 'left', NULL, NULL, NULL, 'blue', '0', 'primary', NULL, 'gray', NULL, 'normal', NULL, NULL, NULL, NULL, NULL, NULL, '0.0', NULL, NULL, NULL, NULL, NULL, NULL, NULL, 'website', NULL, NULL, NULL, NULL, NULL, 'left', '0', NULL, NULL, NULL, NULL, '0', '0', NULL, NULL, NULL, NULL, NULL, NULL, NULL, NULL, NULL, '0', '0', '0', NULL, NULL, NULL, NULL, NULL, NULL, '2017-08-07 17:26:39', '2017-08-07 17:26:39', '2a843bd9-efd0-4625-b40a-576f99e1508b'),
 ('253', '246', 'de_de', 'Consumer Goods', NULL, 'left', NULL, NULL, NULL, 'blue', '0', 'primary', NULL, 'gray', NULL, 'normal', NULL, NULL, NULL, NULL, NULL, NULL, '0.0', NULL, NULL, NULL, NULL, NULL, NULL, NULL, 'website', NULL, NULL, NULL, NULL, NULL, 'left', '0', NULL, NULL, NULL, NULL, '0', '0', NULL, NULL, NULL, NULL, NULL, NULL, NULL, NULL, NULL, '0', '0', '0', NULL, NULL, NULL, NULL, NULL, NULL, '2017-08-07 17:26:39', '2017-08-07 17:26:39', '6797248f-5f95-4824-93f5-4512a3b80135'),
 ('254', '247', 'en_us', 'Restaurants', NULL, 'left', NULL, NULL, NULL, 'blue', '0', 'primary', NULL, 'gray', NULL, 'normal', NULL, NULL, NULL, NULL, NULL, NULL, '0.0', NULL, NULL, NULL, NULL, NULL, NULL, NULL, 'website', NULL, NULL, NULL, NULL, NULL, 'left', '0', NULL, NULL, NULL, NULL, '0', '0', NULL, NULL, NULL, NULL, NULL, NULL, NULL, NULL, NULL, '0', '0', '0', NULL, NULL, NULL, NULL, NULL, NULL, '2017-08-07 17:26:50', '2017-08-07 17:26:50', 'c085f589-078c-45fa-82bc-0171f729fd3f'),
 ('255', '247', 'de_de', 'Restaurants', NULL, 'left', NULL, NULL, NULL, 'blue', '0', 'primary', NULL, 'gray', NULL, 'normal', NULL, NULL, NULL, NULL, NULL, NULL, '0.0', NULL, NULL, NULL, NULL, NULL, NULL, NULL, 'website', NULL, NULL, NULL, NULL, NULL, 'left', '0', NULL, NULL, NULL, NULL, '0', '0', NULL, NULL, NULL, NULL, NULL, NULL, NULL, NULL, NULL, '0', '0', '0', NULL, NULL, NULL, NULL, NULL, NULL, '2017-08-07 17:26:50', '2017-08-07 17:26:50', '39a79567-5733-45eb-bd3a-0fbb1471e4bd'),
 ('256', '248', 'en_us', 'Retail', NULL, 'left', NULL, NULL, NULL, 'blue', '0', 'primary', NULL, 'gray', NULL, 'normal', NULL, NULL, NULL, NULL, NULL, NULL, '0.0', NULL, NULL, NULL, NULL, NULL, NULL, NULL, 'website', NULL, NULL, NULL, NULL, NULL, 'left', '0', NULL, NULL, NULL, NULL, '0', '0', NULL, NULL, NULL, NULL, NULL, NULL, NULL, NULL, NULL, '0', '0', '0', NULL, NULL, NULL, NULL, NULL, NULL, '2017-08-07 17:26:55', '2017-08-07 17:26:55', '8d790cd2-313d-471a-8c71-9b4738bd5554'),
 ('257', '248', 'de_de', 'Retail', NULL, 'left', NULL, NULL, NULL, 'blue', '0', 'primary', NULL, 'gray', NULL, 'normal', NULL, NULL, NULL, NULL, NULL, NULL, '0.0', NULL, NULL, NULL, NULL, NULL, NULL, NULL, 'website', NULL, NULL, NULL, NULL, NULL, 'left', '0', NULL, NULL, NULL, NULL, '0', '0', NULL, NULL, NULL, NULL, NULL, NULL, NULL, NULL, NULL, '0', '0', '0', NULL, NULL, NULL, NULL, NULL, NULL, '2017-08-07 17:26:55', '2017-08-07 17:26:55', 'c99e7c54-bbef-4d1b-bd70-b7ff460c4ddd'),
 ('258', '249', 'en_us', 'Technology', NULL, 'left', NULL, NULL, NULL, 'blue', '0', 'primary', NULL, 'gray', NULL, 'normal', NULL, NULL, NULL, NULL, NULL, NULL, '0.0', NULL, NULL, NULL, NULL, NULL, NULL, NULL, 'website', NULL, NULL, NULL, NULL, NULL, 'left', '0', NULL, NULL, NULL, NULL, '0', '0', NULL, NULL, NULL, NULL, NULL, NULL, NULL, NULL, NULL, '0', '0', '0', NULL, NULL, NULL, NULL, NULL, NULL, '2017-08-07 17:27:08', '2017-08-07 17:27:08', 'a051b5f8-bee9-42dd-92ca-cfc434f805c4'),
 ('259', '249', 'de_de', 'Technology', NULL, 'left', NULL, NULL, NULL, 'blue', '0', 'primary', NULL, 'gray', NULL, 'normal', NULL, NULL, NULL, NULL, NULL, NULL, '0.0', NULL, NULL, NULL, NULL, NULL, NULL, NULL, 'website', NULL, NULL, NULL, NULL, NULL, 'left', '0', NULL, NULL, NULL, NULL, '0', '0', NULL, NULL, NULL, NULL, NULL, NULL, NULL, NULL, NULL, '0', '0', '0', NULL, NULL, NULL, NULL, NULL, NULL, '2017-08-07 17:27:08', '2017-08-07 17:27:08', '0b4393d4-bd66-4062-b499-9c3d21d4f126'),
 ('260', '250', 'en_us', 'Telecom', NULL, 'left', NULL, NULL, NULL, 'blue', '0', 'primary', NULL, 'gray', NULL, 'normal', NULL, NULL, NULL, NULL, NULL, NULL, '0.0', NULL, NULL, NULL, NULL, NULL, NULL, NULL, 'website', NULL, NULL, NULL, NULL, NULL, 'left', '0', NULL, NULL, NULL, NULL, '0', '0', NULL, NULL, NULL, NULL, NULL, NULL, NULL, NULL, NULL, '0', '0', '0', NULL, NULL, NULL, NULL, NULL, NULL, '2017-08-07 17:27:17', '2017-08-07 17:27:17', '0b0a19d0-745c-48cd-adbb-60d0ec627183'),
 ('261', '250', 'de_de', 'Telecom', NULL, 'left', NULL, NULL, NULL, 'blue', '0', 'primary', NULL, 'gray', NULL, 'normal', NULL, NULL, NULL, NULL, NULL, NULL, '0.0', NULL, NULL, NULL, NULL, NULL, NULL, NULL, 'website', NULL, NULL, NULL, NULL, NULL, 'left', '0', NULL, NULL, NULL, NULL, '0', '0', NULL, NULL, NULL, NULL, NULL, NULL, NULL, NULL, NULL, '0', '0', '0', NULL, NULL, NULL, NULL, NULL, NULL, '2017-08-07 17:27:17', '2017-08-07 17:27:17', 'd6bbbcec-dd6b-4d80-9fa1-52899020730c'),
 ('262', '251', 'en_us', 'Travel', NULL, 'left', NULL, NULL, NULL, 'blue', '0', 'primary', NULL, 'gray', NULL, 'normal', NULL, NULL, NULL, NULL, NULL, NULL, '0.0', NULL, NULL, NULL, NULL, NULL, NULL, NULL, 'website', NULL, NULL, NULL, NULL, NULL, 'left', '0', NULL, NULL, NULL, NULL, '0', '0', NULL, NULL, NULL, NULL, NULL, NULL, NULL, NULL, NULL, '0', '0', '0', NULL, NULL, NULL, NULL, NULL, NULL, '2017-08-07 17:27:33', '2017-08-07 17:27:33', 'e8c84c8d-10b7-4df5-87ac-66735f9421f7'),
 ('263', '251', 'de_de', 'Travel', NULL, 'left', NULL, NULL, NULL, 'blue', '0', 'primary', NULL, 'gray', NULL, 'normal', NULL, NULL, NULL, NULL, NULL, NULL, '0.0', NULL, NULL, NULL, NULL, NULL, NULL, NULL, 'website', NULL, NULL, NULL, NULL, NULL, 'left', '0', NULL, NULL, NULL, NULL, '0', '0', NULL, NULL, NULL, NULL, NULL, NULL, NULL, NULL, NULL, '0', '0', '0', NULL, NULL, NULL, NULL, NULL, NULL, '2017-08-07 17:27:33', '2017-08-07 17:27:33', 'b4fa1a3a-b0f8-4bb8-90fd-9905fb49c850'),
 ('264', '252', 'en_us', 'Financial Services', NULL, 'left', NULL, NULL, NULL, 'blue', '0', 'primary', NULL, 'gray', NULL, 'normal', NULL, NULL, NULL, NULL, NULL, NULL, '0.0', NULL, NULL, NULL, NULL, NULL, NULL, NULL, 'website', NULL, NULL, NULL, NULL, NULL, 'left', '0', NULL, NULL, NULL, NULL, '0', '0', NULL, NULL, NULL, NULL, NULL, NULL, NULL, NULL, NULL, '0', '0', '0', NULL, NULL, NULL, NULL, NULL, NULL, '2017-08-07 17:27:40', '2017-08-07 17:27:40', 'bfa5f95c-394f-4597-8a2d-565241de6dba'),
 ('265', '252', 'de_de', 'Financial Services', NULL, 'left', NULL, NULL, NULL, 'blue', '0', 'primary', NULL, 'gray', NULL, 'normal', NULL, NULL, NULL, NULL, NULL, NULL, '0.0', NULL, NULL, NULL, NULL, NULL, NULL, NULL, 'website', NULL, NULL, NULL, NULL, NULL, 'left', '0', NULL, NULL, NULL, NULL, '0', '0', NULL, NULL, NULL, NULL, NULL, NULL, NULL, NULL, NULL, '0', '0', '0', NULL, NULL, NULL, NULL, NULL, NULL, '2017-08-07 17:27:40', '2017-08-07 17:27:40', '068661ef-5d2e-46b9-be15-ad3c87f01bf1'),
 ('266', '253', 'en_us', 'Media & Entertainment', NULL, 'left', NULL, NULL, NULL, 'blue', '0', 'primary', NULL, 'gray', NULL, 'normal', NULL, NULL, NULL, NULL, NULL, NULL, '0.0', NULL, NULL, NULL, NULL, NULL, NULL, NULL, 'website', NULL, NULL, NULL, NULL, NULL, 'left', '0', NULL, NULL, NULL, NULL, '0', '0', NULL, NULL, NULL, NULL, NULL, NULL, NULL, NULL, NULL, '0', '0', '0', NULL, NULL, NULL, NULL, NULL, NULL, '2017-08-07 17:28:00', '2017-08-07 17:28:00', 'e8f8f1f8-f53e-4859-90fb-af0caa8e667c'),
 ('267', '253', 'de_de', 'Media & Entertainment', NULL, 'left', NULL, NULL, NULL, 'blue', '0', 'primary', NULL, 'gray', NULL, 'normal', NULL, NULL, NULL, NULL, NULL, NULL, '0.0', NULL, NULL, NULL, NULL, NULL, NULL, NULL, 'website', NULL, NULL, NULL, NULL, NULL, 'left', '0', NULL, NULL, NULL, NULL, '0', '0', NULL, NULL, NULL, NULL, NULL, NULL, NULL, NULL, NULL, '0', '0', '0', NULL, NULL, NULL, NULL, NULL, NULL, '2017-08-07 17:28:00', '2017-08-07 17:28:00', '921b5a40-3ff1-4c58-9e16-a1769dd86e5c'),
 ('268', '254', 'en_us', 'Gaming', NULL, 'left', NULL, NULL, NULL, 'blue', '0', 'primary', NULL, 'gray', NULL, 'normal', NULL, NULL, NULL, NULL, NULL, NULL, '0.0', NULL, NULL, NULL, NULL, NULL, NULL, NULL, 'website', NULL, NULL, NULL, NULL, NULL, 'left', '0', NULL, NULL, NULL, NULL, '0', '0', NULL, NULL, NULL, NULL, NULL, NULL, NULL, NULL, NULL, '0', '0', '0', NULL, NULL, NULL, NULL, NULL, NULL, '2017-08-07 17:28:10', '2017-08-07 17:28:10', '1b964a63-e3e7-428a-ac38-55b623c1c2a2'),
 ('269', '254', 'de_de', 'Gaming', NULL, 'left', NULL, NULL, NULL, 'blue', '0', 'primary', NULL, 'gray', NULL, 'normal', NULL, NULL, NULL, NULL, NULL, NULL, '0.0', NULL, NULL, NULL, NULL, NULL, NULL, NULL, 'website', NULL, NULL, NULL, NULL, NULL, 'left', '0', NULL, NULL, NULL, NULL, '0', '0', NULL, NULL, NULL, NULL, NULL, NULL, NULL, NULL, NULL, '0', '0', '0', NULL, NULL, NULL, NULL, NULL, NULL, '2017-08-07 17:28:10', '2017-08-07 17:28:10', '8169630f-2f8d-4735-b77f-0e375f860f37'),
 ('270', '255', 'en_us', 'Other', NULL, 'left', NULL, NULL, NULL, 'blue', '0', 'primary', NULL, 'gray', NULL, 'normal', NULL, NULL, NULL, NULL, NULL, NULL, '0.0', NULL, NULL, NULL, NULL, NULL, NULL, NULL, 'website', NULL, NULL, NULL, NULL, NULL, 'left', '0', NULL, NULL, NULL, NULL, '0', '0', NULL, NULL, NULL, NULL, NULL, NULL, NULL, NULL, NULL, '0', '0', '0', NULL, NULL, NULL, NULL, NULL, NULL, '2017-08-07 17:28:14', '2017-08-07 17:28:14', 'a8434ef5-8fbe-4df7-8351-aa0315f8461d'),
 ('271', '255', 'de_de', 'Other', NULL, 'left', NULL, NULL, NULL, 'blue', '0', 'primary', NULL, 'gray', NULL, 'normal', NULL, NULL, NULL, NULL, NULL, NULL, '0.0', NULL, NULL, NULL, NULL, NULL, NULL, NULL, 'website', NULL, NULL, NULL, NULL, NULL, 'left', '0', NULL, NULL, NULL, NULL, '0', '0', NULL, NULL, NULL, NULL, NULL, NULL, NULL, NULL, NULL, '0', '0', '0', NULL, NULL, NULL, NULL, NULL, NULL, '2017-08-07 17:28:14', '2017-08-07 17:28:14', 'ef7e5d08-2445-44f6-9a55-0c391734af7d'),
 ('272', '256', 'en_us', 'Snap Ads', NULL, 'left', NULL, NULL, NULL, 'blue', '0', 'primary', NULL, 'gray', NULL, 'normal', NULL, NULL, NULL, NULL, NULL, NULL, '0.0', NULL, NULL, NULL, NULL, NULL, NULL, NULL, 'website', NULL, NULL, NULL, NULL, NULL, 'left', '0', NULL, NULL, NULL, NULL, '0', '0', NULL, NULL, NULL, NULL, NULL, NULL, NULL, NULL, NULL, '0', '0', '0', NULL, NULL, NULL, NULL, NULL, NULL, '2017-08-07 17:31:09', '2017-08-07 17:31:09', '444dcc0b-e47d-4a4b-ba55-d8f6df02e7a3'),
 ('273', '256', 'de_de', 'Snap Ads', NULL, 'left', NULL, NULL, NULL, 'blue', '0', 'primary', NULL, 'gray', NULL, 'normal', NULL, NULL, NULL, NULL, NULL, NULL, '0.0', NULL, NULL, NULL, NULL, NULL, NULL, NULL, 'website', NULL, NULL, NULL, NULL, NULL, 'left', '0', NULL, NULL, NULL, NULL, '0', '0', NULL, NULL, NULL, NULL, NULL, NULL, NULL, NULL, NULL, '0', '0', '0', NULL, NULL, NULL, NULL, NULL, NULL, '2017-08-07 17:31:09', '2017-08-07 17:31:09', 'ff4e556a-b35c-4502-a721-b3c5eb96e006'),
 ('274', '257', 'en_us', 'Filters', NULL, 'left', NULL, NULL, NULL, 'blue', '0', 'primary', NULL, 'gray', NULL, 'normal', NULL, NULL, NULL, NULL, NULL, NULL, '0.0', NULL, NULL, NULL, NULL, NULL, NULL, NULL, 'website', NULL, NULL, NULL, NULL, NULL, 'left', '0', NULL, NULL, NULL, NULL, '0', '0', NULL, NULL, NULL, NULL, NULL, NULL, NULL, NULL, NULL, '0', '0', '0', NULL, NULL, NULL, NULL, NULL, NULL, '2017-08-07 17:31:22', '2017-08-07 17:31:22', '28e6b466-23db-4d90-a0c6-2eb6b0dbb935'),
 ('275', '257', 'de_de', 'Filters', NULL, 'left', NULL, NULL, NULL, 'blue', '0', 'primary', NULL, 'gray', NULL, 'normal', NULL, NULL, NULL, NULL, NULL, NULL, '0.0', NULL, NULL, NULL, NULL, NULL, NULL, NULL, 'website', NULL, NULL, NULL, NULL, NULL, 'left', '0', NULL, NULL, NULL, NULL, '0', '0', NULL, NULL, NULL, NULL, NULL, NULL, NULL, NULL, NULL, '0', '0', '0', NULL, NULL, NULL, NULL, NULL, NULL, '2017-08-07 17:31:22', '2017-08-07 17:31:22', '33650cac-16a5-4497-be91-816a62a27f9f'),
 ('276', '258', 'en_us', 'Lenses', NULL, 'left', NULL, NULL, NULL, 'blue', '0', 'primary', NULL, 'gray', NULL, 'normal', NULL, NULL, NULL, NULL, NULL, NULL, '0.0', NULL, NULL, NULL, NULL, NULL, NULL, NULL, 'website', NULL, NULL, NULL, NULL, NULL, 'left', '0', NULL, NULL, NULL, NULL, '0', '0', NULL, NULL, NULL, NULL, NULL, NULL, NULL, NULL, NULL, '0', '0', '0', NULL, NULL, NULL, NULL, NULL, NULL, '2017-08-07 17:31:27', '2017-08-07 17:31:27', 'c8b3701d-2d25-4127-8c7c-8f3e6418eebc'),
 ('277', '258', 'de_de', 'Lenses', NULL, 'left', NULL, NULL, NULL, 'blue', '0', 'primary', NULL, 'gray', NULL, 'normal', NULL, NULL, NULL, NULL, NULL, NULL, '0.0', NULL, NULL, NULL, NULL, NULL, NULL, NULL, 'website', NULL, NULL, NULL, NULL, NULL, 'left', '0', NULL, NULL, NULL, NULL, '0', '0', NULL, NULL, NULL, NULL, NULL, NULL, NULL, NULL, NULL, '0', '0', '0', NULL, NULL, NULL, NULL, NULL, NULL, '2017-08-07 17:31:27', '2017-08-07 17:31:27', 'e2c325a1-91c6-4d4e-a789-a19b16d44116'),
 ('284', '33', 'de_de', 'AB InBev', NULL, 'left', NULL, NULL, NULL, 'blue', '0', 'primary', NULL, 'white', NULL, 'normal', 'Success Story', '#a91622', 'AB InBev', 'On average, Snapchatters spent 30 seconds playing Anheuser Busch InBev\'s Bud Bowl game in its Snap Ad Web View.', NULL, NULL, '0.0', NULL, NULL, NULL, NULL, NULL, NULL, NULL, 'website', NULL, NULL, NULL, NULL, NULL, 'left', '0', NULL, NULL, NULL, NULL, '0', '0', 'blue', NULL, NULL, NULL, NULL, NULL, NULL, NULL, NULL, '0', '0', '0', NULL, NULL, NULL, NULL, NULL, NULL, '2017-08-07 18:41:56', '2017-09-06 17:56:59', '768c19c8-a1ac-49d7-a930-111198a86f25'),
 ('288', '262', 'en_us', NULL, NULL, 'left', NULL, NULL, NULL, 'blue', '0', 'primary', NULL, 'gray', NULL, 'normal', NULL, NULL, NULL, NULL, NULL, NULL, '0.0', NULL, NULL, NULL, NULL, NULL, NULL, NULL, 'website', '{\"type\":\"entry\",\"custom\":\"\",\"entry\":[\"292\"],\"customText\":\"Get Started\",\"target\":\"\"}', NULL, NULL, NULL, NULL, 'left', '0', NULL, NULL, NULL, NULL, '0', '0', NULL, NULL, NULL, NULL, NULL, NULL, NULL, NULL, NULL, '0', '0', '0', NULL, NULL, NULL, NULL, NULL, NULL, '2017-08-07 21:07:07', '2017-09-06 23:00:13', '3ca6cd5f-0785-418e-8b2b-9beec739b544'),
 ('289', '262', 'de_de', NULL, NULL, 'left', NULL, NULL, NULL, 'blue', '0', 'primary', NULL, 'gray', NULL, 'normal', NULL, NULL, NULL, NULL, NULL, NULL, '0.0', NULL, NULL, NULL, NULL, NULL, NULL, NULL, 'website', NULL, NULL, NULL, NULL, NULL, 'left', '0', NULL, NULL, NULL, NULL, '0', '0', NULL, NULL, NULL, NULL, NULL, NULL, NULL, NULL, NULL, '0', '0', '0', NULL, NULL, NULL, NULL, NULL, NULL, '2017-08-07 21:07:07', '2017-08-07 21:07:07', '56d86de3-9d58-4e6a-931f-e074c7dfb8f1'),
 ('290', '263', 'en_us', NULL, NULL, 'left', NULL, NULL, NULL, 'blue', '0', 'primary', NULL, 'gray', NULL, 'normal', NULL, NULL, NULL, NULL, NULL, NULL, '0.0', NULL, NULL, NULL, NULL, NULL, NULL, NULL, 'website', NULL, NULL, NULL, NULL, NULL, 'left', '0', NULL, NULL, NULL, NULL, '0', '0', NULL, NULL, NULL, NULL, NULL, NULL, NULL, NULL, NULL, '0', '0', '0', NULL, NULL, NULL, NULL, NULL, NULL, '2017-08-07 21:07:30', '2017-08-09 20:57:20', '9f085d8f-d4d6-455d-bb42-18f4112be2b1'),
 ('291', '263', 'de_de', NULL, NULL, 'left', NULL, NULL, NULL, 'blue', '0', 'primary', NULL, 'gray', NULL, 'normal', NULL, NULL, NULL, NULL, NULL, NULL, '0.0', NULL, NULL, NULL, NULL, NULL, NULL, NULL, 'website', NULL, NULL, NULL, NULL, NULL, 'left', '0', NULL, NULL, NULL, NULL, '0', '0', NULL, NULL, NULL, NULL, NULL, NULL, NULL, NULL, NULL, '0', '0', '0', NULL, NULL, NULL, NULL, NULL, NULL, '2017-08-07 21:07:30', '2017-08-07 21:07:30', '94859abb-96d3-4b11-8ef8-985ded0c5412'),
 ('292', '264', 'en_us', 'Insights and News', NULL, 'left', NULL, NULL, 'Facts, tips, news, and more to inspire your next campaign', 'blue', '0', 'primary', NULL, 'gray', NULL, 'normal', NULL, NULL, NULL, NULL, NULL, NULL, '0.0', NULL, NULL, NULL, NULL, NULL, NULL, NULL, 'website', NULL, NULL, NULL, NULL, NULL, 'left', '0', NULL, NULL, NULL, NULL, '0', '0', NULL, NULL, NULL, NULL, NULL, NULL, NULL, NULL, NULL, '0', '0', '0', NULL, NULL, NULL, NULL, NULL, NULL, '2017-08-07 21:28:57', '2017-08-22 18:21:04', '3a4b6d4d-8fea-4e63-8fb4-507f509a4522'),
 ('293', '264', 'de_de', 'Blog', NULL, 'left', NULL, NULL, NULL, 'blue', '0', 'primary', NULL, 'gray', NULL, 'normal', NULL, NULL, NULL, NULL, NULL, NULL, '0.0', NULL, NULL, NULL, NULL, NULL, NULL, NULL, 'website', NULL, NULL, NULL, NULL, NULL, 'left', '0', NULL, NULL, NULL, NULL, '0', '0', NULL, NULL, NULL, NULL, NULL, NULL, NULL, NULL, NULL, '0', '0', '0', NULL, NULL, NULL, NULL, NULL, NULL, '2017-08-07 21:28:57', '2017-08-22 18:21:04', '166bd6ca-da8e-45c0-9096-acd590c91a5b'),
 ('296', '266', 'en_us', 'Insights', NULL, 'left', NULL, NULL, NULL, 'blue', '0', 'primary', NULL, 'gray', NULL, 'normal', NULL, NULL, NULL, NULL, NULL, NULL, '0.0', NULL, NULL, NULL, NULL, NULL, NULL, NULL, 'website', NULL, NULL, NULL, NULL, NULL, 'left', '0', NULL, NULL, NULL, NULL, '0', '0', NULL, NULL, NULL, NULL, NULL, NULL, NULL, NULL, NULL, '0', '0', '0', NULL, NULL, NULL, NULL, NULL, NULL, '2017-08-07 21:31:59', '2017-08-07 21:31:59', '16bd3513-2aca-4ba1-8957-ab78a5accbe3'),
 ('297', '266', 'de_de', 'Insights', NULL, 'left', NULL, NULL, NULL, 'blue', '0', 'primary', NULL, 'gray', NULL, 'normal', NULL, NULL, NULL, NULL, NULL, NULL, '0.0', NULL, NULL, NULL, NULL, NULL, NULL, NULL, 'website', NULL, NULL, NULL, NULL, NULL, 'left', '0', NULL, NULL, NULL, NULL, '0', '0', NULL, NULL, NULL, NULL, NULL, NULL, NULL, NULL, NULL, '0', '0', '0', NULL, NULL, NULL, NULL, NULL, NULL, '2017-08-07 21:31:59', '2017-08-07 21:31:59', '71147a86-3041-46c6-b717-1bea7fa0a31a'),
 ('298', '267', 'en_us', 'Announcements', NULL, 'left', NULL, NULL, NULL, 'blue', '0', 'primary', NULL, 'gray', NULL, 'normal', NULL, NULL, NULL, NULL, NULL, NULL, '0.0', NULL, NULL, NULL, NULL, NULL, NULL, NULL, 'website', NULL, NULL, NULL, NULL, NULL, 'left', '0', NULL, NULL, NULL, NULL, '0', '0', NULL, NULL, NULL, NULL, NULL, NULL, NULL, NULL, NULL, '0', '0', '0', NULL, NULL, NULL, NULL, NULL, NULL, '2017-08-07 21:32:21', '2017-08-07 21:32:21', '054205fe-f40b-415e-abaa-273ada37957c'),
 ('299', '267', 'de_de', 'Announcements', NULL, 'left', NULL, NULL, NULL, 'blue', '0', 'primary', NULL, 'gray', NULL, 'normal', NULL, NULL, NULL, NULL, NULL, NULL, '0.0', NULL, NULL, NULL, NULL, NULL, NULL, NULL, 'website', NULL, NULL, NULL, NULL, NULL, 'left', '0', NULL, NULL, NULL, NULL, '0', '0', NULL, NULL, NULL, NULL, NULL, NULL, NULL, NULL, NULL, '0', '0', '0', NULL, NULL, NULL, NULL, NULL, NULL, '2017-08-07 21:32:21', '2017-08-07 21:32:21', 'b1747caa-973e-422c-bbb4-60b7f30e939c');
INSERT INTO `craft_content` (`id`, `elementId`, `locale`, `title`, `field_page_uri`, `field_imageLocation`, `field_paragraph_loc`, `field_button`, `field_headline_loc`, `field_page_themeColor`, `field_page_sideNavigation`, `field_buttonStyle`, `field_subhead_loc`, `field_sectionBackgroundColor`, `field_sectionTitle_loc`, `field_assetWidth`, `field_eyebrow_loc`, `field_storyCardColor`, `field_companyName`, `field_storySummary_loc`, `field_tabLabel_loc`, `field_tabDescription_loc`, `field_timeCode`, `field_descriptionLabel_loc`, `field_groupTitle_loc`, `field_seoTitle`, `field_seoDescription`, `field_keywords`, `field_ogTitle`, `field_ogDescription`, `field_pageType`, `field_mainNavigationCta`, `field_cookiePolicy_loc`, `field_buttonText_loc`, `field_verticalVideoUrl`, `field_imageAltText_loc`, `field_desktopVideoLocation`, `field_roundedCorners`, `field_productFilterTitle_loc`, `field_objectiveFilterTitle_loc`, `field_industryFilterTitle_loc`, `field_noResultsText_loc`, `field_autoplay`, `field_videoControls`, `field_cardColor`, `field_spotlightDescription_loc`, `field_productUsed_loc`, `field_objective_loc`, `field_title_loc`, `field_regionFilterTitle_loc`, `field_body`, `field_textBlock`, `field_imageCaption_loc`, `field_imageDownloadButton`, `field_wideImage`, `field_lightText`, `field_description_loc`, `field_navItem`, `field_successStoriesTitle_loc`, `field_successStoriesButton`, `field_creativeSpotlightTitle_loc`, `field_creativeSpotlightButton`, `dateCreated`, `dateUpdated`, `uid`) VALUES
 ('300', '270', 'en_us', 'Home', NULL, 'left', NULL, NULL, NULL, 'yellow', '1', 'primary', NULL, 'gray', NULL, 'normal', NULL, NULL, NULL, NULL, NULL, NULL, '0.0', NULL, NULL, '', '', '', '', '', 'website', NULL, NULL, NULL, NULL, NULL, 'left', '0', NULL, NULL, NULL, NULL, '0', '0', NULL, NULL, NULL, NULL, NULL, NULL, NULL, NULL, NULL, '0', '0', '0', NULL, NULL, NULL, NULL, NULL, NULL, '2017-08-07 22:23:24', '2017-08-31 21:43:48', '32364cd7-1bc0-4501-b08f-66567c0e6211'),
 ('301', '270', 'de_de', 'home', NULL, 'left', NULL, NULL, NULL, 'yellow', '0', 'primary', NULL, 'gray', NULL, 'normal', NULL, NULL, NULL, NULL, NULL, NULL, '0.0', NULL, NULL, NULL, NULL, NULL, NULL, NULL, 'website', NULL, NULL, NULL, NULL, NULL, 'left', '0', NULL, NULL, NULL, NULL, '0', '0', NULL, NULL, NULL, NULL, NULL, NULL, NULL, NULL, NULL, '0', '0', '0', NULL, NULL, NULL, NULL, NULL, NULL, '2017-08-07 22:23:24', '2017-08-31 21:43:48', '333ab7c1-6b88-48c2-8548-e54ef5897326'),
 ('304', '274', 'en_us', NULL, NULL, 'left', NULL, NULL, NULL, 'blue', '0', 'primary', NULL, 'gray', NULL, 'normal', NULL, NULL, NULL, NULL, NULL, NULL, '0.0', NULL, 'Company', NULL, NULL, NULL, NULL, NULL, 'website', NULL, NULL, NULL, NULL, NULL, 'left', '0', NULL, NULL, NULL, NULL, '0', '0', NULL, NULL, NULL, NULL, NULL, NULL, NULL, NULL, NULL, '0', '0', '0', NULL, NULL, NULL, NULL, NULL, NULL, '2017-08-07 23:13:17', '2017-08-09 20:57:20', 'bf6d2a60-c62e-42b9-a2b6-06c012ce6718'),
 ('305', '283', 'en_us', NULL, NULL, 'left', NULL, NULL, NULL, 'blue', '0', 'primary', NULL, 'gray', NULL, 'normal', NULL, NULL, NULL, NULL, NULL, NULL, '0.0', NULL, NULL, NULL, NULL, NULL, NULL, NULL, 'website', NULL, '<p>Hi! We use cookies on this website to help operate our site and for analytics purposes. For more on how we use cookies and your cookie choices, go <a href=\"https://www.snap.com/en-US/cookie-policy/\" target=\"_blank\" rel=\"noreferrer noopener\">here</a>! By continuing to use our services, you are giving us your consent to use cookies.</p>', NULL, NULL, NULL, 'left', '0', NULL, NULL, NULL, NULL, '0', '0', NULL, NULL, NULL, NULL, NULL, NULL, NULL, NULL, NULL, '0', '0', '0', NULL, NULL, NULL, NULL, NULL, NULL, '2017-08-08 17:41:58', '2017-08-08 17:46:47', 'eecb2bee-49bb-4eba-aeb3-a4060f86eaff'),
 ('306', '283', 'de_de', NULL, NULL, 'left', NULL, NULL, NULL, 'blue', '0', 'primary', NULL, 'gray', NULL, 'normal', NULL, NULL, NULL, NULL, NULL, NULL, '0.0', NULL, NULL, NULL, NULL, NULL, NULL, NULL, 'website', NULL, '<p>Hi! We use cookies on this website to help operate our site and for analytics purposes. For more on how we use cookies and your cookie choices, go <a href=\"https://www.snap.com/en-US/cookie-policy/\" target=\"_blank\" rel=\"noreferrer noopener\">here</a>! By continuing to use our services, you are giving us your consent to use cookies.</p>', NULL, NULL, NULL, 'left', '0', NULL, NULL, NULL, NULL, '0', '0', NULL, NULL, NULL, NULL, NULL, NULL, NULL, NULL, NULL, '0', '0', '0', NULL, NULL, NULL, NULL, NULL, NULL, '2017-08-08 17:41:58', '2017-08-08 17:46:47', '5210a99d-9904-4618-a74b-f315d4ce0294'),
 ('309', '287', 'en_us', NULL, NULL, 'left', NULL, NULL, 'Oh Snap!', 'blue', '0', 'primary', '<p>It appears the page you were looking for doesn\'t exist</p>', 'gray', NULL, 'normal', NULL, NULL, NULL, NULL, NULL, NULL, '0.0', NULL, NULL, NULL, NULL, NULL, NULL, NULL, 'website', NULL, NULL, 'Return to Previous Page', NULL, NULL, 'left', '0', NULL, NULL, NULL, NULL, '0', '0', NULL, NULL, NULL, NULL, NULL, NULL, NULL, NULL, NULL, '0', '0', '0', NULL, NULL, NULL, NULL, NULL, NULL, '2017-08-09 17:45:23', '2017-08-09 17:51:39', '69fba4b5-10c3-4ab9-b0ab-898dfc135266'),
 ('310', '287', 'de_de', NULL, NULL, 'left', NULL, NULL, NULL, 'blue', '0', 'primary', NULL, 'gray', NULL, 'normal', NULL, NULL, NULL, NULL, NULL, NULL, '0.0', NULL, NULL, NULL, NULL, NULL, NULL, NULL, 'website', NULL, NULL, NULL, NULL, NULL, 'left', '0', NULL, NULL, NULL, NULL, '0', '0', NULL, NULL, NULL, NULL, NULL, NULL, NULL, NULL, NULL, '0', '0', '0', NULL, NULL, NULL, NULL, NULL, NULL, '2017-08-09 17:45:23', '2017-08-09 17:45:23', 'b449379d-6f7f-4347-8c43-98f82485f71f'),
 ('311', '288', 'en_us', '404 Chillah', NULL, 'left', NULL, NULL, NULL, 'blue', '0', 'primary', NULL, 'gray', NULL, 'normal', NULL, NULL, NULL, NULL, NULL, NULL, '0.0', NULL, NULL, NULL, NULL, NULL, NULL, NULL, 'website', NULL, NULL, NULL, NULL, NULL, 'left', '0', NULL, NULL, NULL, NULL, '0', '0', NULL, NULL, NULL, NULL, NULL, NULL, NULL, NULL, NULL, '0', '0', '0', NULL, NULL, NULL, NULL, NULL, NULL, '2017-08-09 17:51:02', '2017-08-30 21:02:34', '96b18552-fb0a-4f78-9b47-3e53422e880f'),
 ('312', '288', 'de_de', '404 Chillah', NULL, 'left', NULL, NULL, NULL, 'blue', '0', 'primary', NULL, 'gray', NULL, 'normal', NULL, NULL, NULL, NULL, NULL, NULL, '0.0', NULL, NULL, NULL, NULL, NULL, NULL, NULL, 'website', NULL, NULL, NULL, NULL, NULL, 'left', '0', NULL, NULL, NULL, NULL, '0', '0', NULL, NULL, NULL, NULL, NULL, NULL, NULL, NULL, NULL, '0', '0', '0', NULL, NULL, NULL, NULL, NULL, NULL, '2017-08-09 17:51:02', '2017-08-09 17:51:02', '799dc13b-daf0-4945-a5f8-961e2ddee501'),
 ('315', '290', 'en_us', 'Audiences', 'audiences', 'left', NULL, NULL, NULL, 'purple', '1', 'primary', NULL, 'gray', NULL, 'normal', NULL, NULL, NULL, NULL, NULL, NULL, '0.0', NULL, NULL, '', '', '', '', '', 'website', NULL, NULL, NULL, NULL, NULL, 'left', '0', NULL, NULL, NULL, NULL, '0', '0', NULL, NULL, NULL, NULL, 'Audiences', NULL, NULL, NULL, NULL, '0', '0', '0', NULL, NULL, NULL, NULL, NULL, NULL, '2017-08-09 20:38:27', '2017-08-31 21:10:35', '9ed01c06-7a6f-4d7f-9874-db606f9a100b'),
 ('316', '290', 'de_de', 'Audiences', 'audiences', 'left', NULL, NULL, NULL, 'purple', '1', 'primary', NULL, 'gray', NULL, 'normal', NULL, NULL, NULL, NULL, NULL, NULL, '0.0', NULL, NULL, '', '', '', '', '', 'website', NULL, NULL, NULL, NULL, NULL, 'left', '0', NULL, NULL, NULL, NULL, '0', '0', NULL, NULL, NULL, NULL, NULL, NULL, NULL, NULL, NULL, '0', '0', '0', NULL, NULL, NULL, NULL, NULL, NULL, '2017-08-09 20:38:27', '2017-08-31 21:10:35', 'a7b218f7-4645-44e8-8e39-efa8d7eb692a'),
 ('317', '291', 'en_us', 'Measurement', 'measurement', 'left', NULL, NULL, NULL, 'orange', '1', 'primary', NULL, 'gray', NULL, 'normal', NULL, NULL, NULL, NULL, NULL, NULL, '0.0', NULL, NULL, '', '', '', '', '', 'website', NULL, NULL, NULL, NULL, NULL, 'left', '0', NULL, NULL, NULL, NULL, '0', '0', NULL, NULL, NULL, NULL, NULL, NULL, NULL, NULL, NULL, '0', '0', '0', NULL, NULL, NULL, NULL, NULL, NULL, '2017-08-09 20:39:06', '2017-08-09 20:39:06', 'd272b960-84c5-4649-bfcf-e7f7e1341e24'),
 ('318', '291', 'de_de', 'Measurement', 'measurement', 'left', NULL, NULL, NULL, 'orange', '1', 'primary', NULL, 'gray', NULL, 'normal', NULL, NULL, NULL, NULL, NULL, NULL, '0.0', NULL, NULL, '', '', '', '', '', 'website', NULL, NULL, NULL, NULL, NULL, 'left', '0', NULL, NULL, NULL, NULL, '0', '0', NULL, NULL, NULL, NULL, NULL, NULL, NULL, NULL, NULL, '0', '0', '0', NULL, NULL, NULL, NULL, NULL, NULL, '2017-08-09 20:39:06', '2017-08-09 20:39:06', 'e9435fc4-0bd8-430b-bef1-c2eaf8aee922'),
 ('319', '292', 'en_us', 'Get Started', 'gettingstarted', 'left', NULL, NULL, NULL, 'yellow', '0', 'primary', NULL, 'gray', NULL, 'normal', NULL, NULL, NULL, NULL, NULL, NULL, '0.0', NULL, NULL, '', '', '', '', '', 'website', NULL, NULL, NULL, NULL, NULL, 'left', '0', NULL, NULL, NULL, NULL, '0', '0', NULL, NULL, NULL, NULL, NULL, NULL, NULL, NULL, NULL, '0', '0', '0', NULL, NULL, NULL, NULL, NULL, NULL, '2017-08-09 20:41:34', '2017-08-09 20:41:34', 'ab01a27b-f544-42df-bc5a-cdf500cb62f6'),
 ('320', '292', 'de_de', 'Get Started', 'gettingstarted', 'left', NULL, NULL, NULL, 'yellow', '0', 'primary', NULL, 'gray', NULL, 'normal', NULL, NULL, NULL, NULL, NULL, NULL, '0.0', NULL, NULL, '', '', '', '', '', 'website', NULL, NULL, NULL, NULL, NULL, 'left', '0', NULL, NULL, NULL, NULL, '0', '0', NULL, NULL, NULL, NULL, NULL, NULL, NULL, NULL, NULL, '0', '0', '0', NULL, NULL, NULL, NULL, NULL, NULL, '2017-08-09 20:41:34', '2017-08-09 20:41:34', '02fc26dd-e0d9-4674-b638-4961e6677da3'),
 ('321', '299', 'en_us', NULL, NULL, 'left', NULL, NULL, NULL, 'blue', '0', 'primary', NULL, 'gray', NULL, 'normal', NULL, NULL, NULL, NULL, NULL, NULL, '0.0', NULL, 'Community', NULL, NULL, NULL, NULL, NULL, 'website', NULL, NULL, NULL, NULL, NULL, 'left', '0', NULL, NULL, NULL, NULL, '0', '0', NULL, NULL, NULL, NULL, NULL, NULL, NULL, NULL, NULL, '0', '0', '0', NULL, NULL, NULL, NULL, NULL, NULL, '2017-08-09 20:57:20', '2017-08-09 20:57:20', '75d6b4d4-03e4-4ea1-ba71-251272bc6326'),
 ('322', '303', 'en_us', NULL, NULL, 'left', NULL, NULL, NULL, 'blue', '0', 'primary', NULL, 'gray', NULL, 'normal', NULL, NULL, NULL, NULL, NULL, NULL, '0.0', NULL, 'Advertising', NULL, NULL, NULL, NULL, NULL, 'website', NULL, NULL, NULL, NULL, NULL, 'left', '0', NULL, NULL, NULL, NULL, '0', '0', NULL, NULL, NULL, NULL, NULL, NULL, NULL, NULL, NULL, '0', '0', '0', NULL, NULL, NULL, NULL, NULL, NULL, '2017-08-09 20:57:20', '2017-08-09 20:57:20', 'ebed922b-8b44-4596-bd85-aa5fb158770b'),
 ('323', '308', 'en_us', NULL, NULL, 'left', NULL, NULL, NULL, 'blue', '0', 'primary', NULL, 'gray', NULL, 'normal', NULL, NULL, NULL, NULL, NULL, NULL, '0.0', NULL, 'Legal', NULL, NULL, NULL, NULL, NULL, 'website', NULL, NULL, NULL, NULL, NULL, 'left', '0', NULL, NULL, NULL, NULL, '0', '0', NULL, NULL, NULL, NULL, NULL, NULL, NULL, NULL, NULL, '0', '0', '0', NULL, NULL, NULL, NULL, NULL, NULL, '2017-08-09 20:57:20', '2017-08-09 20:57:20', '41341b3a-520b-4b21-8efc-fde17c11bf27'),
 ('324', '314', 'en_us', 'Everything', 'everything', 'left', NULL, NULL, NULL, 'red', '1', 'primary', NULL, 'gray', NULL, 'normal', NULL, NULL, NULL, NULL, NULL, NULL, '0.0', NULL, NULL, '', '', '', '', '', 'website', NULL, NULL, NULL, NULL, NULL, 'left', '0', NULL, NULL, NULL, NULL, '0', '0', NULL, NULL, NULL, NULL, 'Everything', NULL, NULL, NULL, NULL, '0', '0', '0', NULL, NULL, NULL, NULL, NULL, NULL, '2017-08-10 22:00:29', '2017-08-31 22:08:12', '59f605a7-73c7-461b-ada1-423527987bbd'),
 ('325', '314', 'de_de', 'One With Everything', 'everything', 'left', NULL, NULL, NULL, 'red', '1', 'primary', NULL, 'gray', NULL, 'normal', NULL, NULL, NULL, NULL, NULL, NULL, '0.0', NULL, NULL, '', '', '', '', '', 'website', NULL, NULL, NULL, NULL, NULL, 'left', '0', NULL, NULL, NULL, NULL, '0', '0', NULL, NULL, NULL, NULL, NULL, NULL, NULL, NULL, NULL, '0', '0', '0', NULL, NULL, NULL, NULL, NULL, NULL, '2017-08-10 22:00:29', '2017-08-31 22:08:12', 'f29463d2-7847-4698-8e3a-53b98e562820'),
 ('326', '317', 'en_us', NULL, NULL, 'left', NULL, NULL, NULL, 'blue', '0', 'primary', NULL, 'gray', 'Element Grids', 'normal', NULL, NULL, NULL, NULL, NULL, NULL, '0.0', NULL, NULL, NULL, NULL, NULL, NULL, NULL, 'website', NULL, NULL, NULL, NULL, NULL, 'left', '0', NULL, NULL, NULL, NULL, '0', '0', NULL, NULL, NULL, NULL, NULL, NULL, NULL, NULL, NULL, '0', '0', '0', NULL, NULL, NULL, NULL, NULL, NULL, '2017-08-10 22:00:29', '2017-08-31 22:08:12', '6dec4aea-893b-42d0-b9fc-a6319d4fdd15'),
 ('327', '318', 'en_us', NULL, NULL, 'left', NULL, NULL, NULL, 'blue', '0', 'primary', NULL, 'gray', NULL, 'normal', NULL, NULL, NULL, NULL, NULL, NULL, '0.0', NULL, NULL, NULL, NULL, NULL, NULL, NULL, 'website', NULL, NULL, NULL, NULL, NULL, 'left', '0', NULL, NULL, NULL, NULL, '0', '0', NULL, NULL, NULL, NULL, NULL, NULL, NULL, NULL, NULL, '0', '0', '0', NULL, NULL, NULL, NULL, NULL, NULL, '2017-08-10 22:00:29', '2017-08-31 22:08:12', 'fcb09e78-dc21-4d20-8b8e-2641a6268a79'),
 ('328', '322', 'en_us', NULL, NULL, 'left', NULL, NULL, NULL, 'blue', '0', 'primary', NULL, 'gray', NULL, 'normal', NULL, NULL, NULL, NULL, NULL, NULL, '0.0', NULL, NULL, NULL, NULL, NULL, NULL, NULL, 'website', NULL, NULL, NULL, NULL, NULL, 'left', '0', NULL, NULL, NULL, NULL, '0', '0', NULL, NULL, NULL, NULL, NULL, NULL, NULL, NULL, NULL, '0', '0', '0', NULL, NULL, NULL, NULL, NULL, NULL, '2017-08-10 22:00:29', '2017-08-31 22:08:12', 'cb6ccb7e-7b78-4618-bf25-2672d72123a3'),
 ('329', '326', 'en_us', NULL, NULL, 'left', NULL, NULL, NULL, 'blue', '0', 'primary', NULL, 'gray', NULL, 'normal', NULL, NULL, NULL, NULL, NULL, NULL, '0.0', NULL, NULL, NULL, NULL, NULL, NULL, NULL, 'website', NULL, NULL, NULL, NULL, NULL, 'left', '0', NULL, NULL, NULL, NULL, '0', '0', NULL, NULL, NULL, NULL, NULL, NULL, NULL, NULL, NULL, '0', '0', '0', NULL, NULL, NULL, NULL, NULL, NULL, '2017-08-10 22:00:29', '2017-08-31 22:08:12', 'cf67eb77-14ab-4a9f-b9af-4f773f8c5a52'),
 ('330', '330', 'en_us', NULL, NULL, 'left', NULL, NULL, NULL, 'blue', '0', 'primary', NULL, 'white', 'Text & Images', 'normal', NULL, NULL, NULL, NULL, NULL, NULL, '0.0', NULL, NULL, NULL, NULL, NULL, NULL, NULL, 'website', NULL, NULL, NULL, NULL, NULL, 'left', '0', NULL, NULL, NULL, NULL, '0', '0', NULL, NULL, NULL, NULL, NULL, NULL, NULL, NULL, NULL, '0', '0', '0', NULL, NULL, NULL, NULL, NULL, NULL, '2017-08-10 22:11:49', '2017-08-31 22:08:12', '5a7e78f1-58b2-4edc-8864-d055b980c517'),
 ('331', '331', 'en_us', NULL, NULL, 'left', NULL, NULL, 'Centered Text Lockup', 'blue', '0', 'primary', '<p>Quam diu etiam furor iste tuus nos eludet? Plura mihi bona sunt, inclinet, amari petere vellent.</p>', 'gray', NULL, 'normal', NULL, NULL, NULL, NULL, NULL, NULL, '0.0', NULL, NULL, NULL, NULL, NULL, NULL, NULL, 'website', NULL, NULL, NULL, NULL, NULL, 'left', '0', NULL, NULL, NULL, NULL, '0', '0', NULL, NULL, NULL, NULL, NULL, NULL, NULL, NULL, NULL, '0', '0', '0', NULL, NULL, NULL, NULL, NULL, NULL, '2017-08-10 22:11:49', '2017-08-31 22:08:12', 'e3ec3bd8-2a4a-46a6-9c26-1ded8f07bb91'),
 ('332', '335', 'en_us', NULL, NULL, 'left', '<p>Curabitur blandit tempus ardua ridiculus sed magna. Integer legentibus erat a ante historiarum dapibus. Vivamus sagittis lacus vel augue laoreet rutrum faucibus. Morbi fringilla convallis sapien, id pulvinar odio volutpat. Tu quoque, Brute, fili mi, nihil timor populi, nihil!</p>', NULL, 'Image Beside Text', 'blue', '0', 'primary', NULL, 'gray', NULL, 'normal', NULL, NULL, NULL, NULL, NULL, NULL, '0.0', NULL, NULL, NULL, NULL, NULL, NULL, NULL, 'website', NULL, NULL, NULL, NULL, NULL, 'left', '0', NULL, NULL, NULL, NULL, '0', '0', NULL, NULL, NULL, NULL, NULL, NULL, NULL, NULL, NULL, '0', '0', '0', NULL, NULL, NULL, NULL, NULL, NULL, '2017-08-10 22:11:49', '2017-08-31 22:08:12', 'd2c87c1f-b060-4619-8c9a-e28fcf235c1c'),
 ('333', '339', 'en_us', NULL, NULL, 'left', NULL, NULL, NULL, 'blue', '0', 'primary', NULL, 'gray', 'Images Alone', 'normal', NULL, NULL, NULL, NULL, NULL, NULL, '0.0', NULL, NULL, NULL, NULL, NULL, NULL, NULL, 'website', NULL, NULL, NULL, NULL, NULL, 'left', '0', NULL, NULL, NULL, NULL, '0', '0', NULL, NULL, NULL, NULL, NULL, NULL, NULL, NULL, NULL, '0', '0', '0', NULL, NULL, NULL, NULL, NULL, NULL, '2017-08-10 22:11:49', '2017-08-31 22:08:13', '6524b18e-e3ea-4c9a-895c-c7bf84a6b1ae'),
 ('334', '340', 'en_us', NULL, NULL, 'left', NULL, NULL, NULL, 'blue', '0', 'primary', NULL, 'gray', NULL, 'normal', NULL, NULL, NULL, NULL, NULL, NULL, '0.0', NULL, NULL, NULL, NULL, NULL, NULL, NULL, 'website', NULL, NULL, NULL, NULL, 'Centered Image with round corners', 'left', '1', NULL, NULL, NULL, NULL, '0', '0', NULL, NULL, NULL, NULL, NULL, NULL, NULL, NULL, NULL, '0', '0', '0', NULL, NULL, NULL, NULL, NULL, NULL, '2017-08-10 22:11:49', '2017-08-31 22:08:13', '019cb673-bb9b-4fd0-b73a-74e32c4eaff8'),
 ('335', '341', 'en_us', NULL, NULL, 'left', NULL, NULL, NULL, 'blue', '0', 'primary', NULL, 'gray', NULL, 'full', NULL, NULL, NULL, NULL, NULL, NULL, '0.0', NULL, NULL, NULL, NULL, NULL, NULL, NULL, 'website', NULL, NULL, NULL, NULL, 'Full centered image', 'left', '0', NULL, NULL, NULL, NULL, '0', '0', NULL, NULL, NULL, NULL, NULL, NULL, NULL, NULL, NULL, '0', '0', '0', NULL, NULL, NULL, NULL, NULL, NULL, '2017-08-10 22:11:49', '2017-08-31 22:08:13', '7155c810-b998-4eb5-ae8c-0ef90ad1c63f'),
 ('337', '343', 'en_us', NULL, NULL, 'left', NULL, NULL, NULL, 'blue', '0', 'primary', NULL, 'gray', NULL, 'wide', NULL, NULL, NULL, NULL, NULL, NULL, '0.0', NULL, NULL, NULL, NULL, NULL, NULL, NULL, 'website', NULL, NULL, NULL, NULL, 'Wide centered image', 'left', '0', NULL, NULL, NULL, NULL, '0', '0', NULL, NULL, NULL, NULL, NULL, NULL, NULL, NULL, NULL, '0', '0', '0', NULL, NULL, NULL, NULL, NULL, NULL, '2017-08-10 22:14:42', '2017-08-31 22:08:13', 'cf2f2700-a3e3-480a-874b-ad3357b41939'),
 ('340', '345', 'en_us', NULL, NULL, 'left', NULL, NULL, NULL, 'blue', '0', 'primary', NULL, 'gray', 'Section 1', 'normal', NULL, NULL, NULL, NULL, NULL, NULL, '0.0', NULL, NULL, NULL, NULL, NULL, NULL, NULL, 'website', NULL, NULL, NULL, NULL, NULL, 'left', '0', NULL, NULL, NULL, NULL, '0', '0', NULL, NULL, NULL, NULL, NULL, NULL, NULL, NULL, NULL, '0', '0', '0', NULL, NULL, NULL, NULL, NULL, NULL, '2017-08-17 23:14:09', '2017-08-17 23:14:09', '75e0f2af-041b-4323-a89c-d73863a385a8'),
 ('341', '346', 'en_us', NULL, NULL, 'left', NULL, NULL, 'This is a headline', 'blue', '0', 'primary', '<p>This is copy for the subhead right here.</p>', 'gray', NULL, 'normal', NULL, NULL, NULL, NULL, NULL, NULL, '0.0', NULL, NULL, NULL, NULL, NULL, NULL, NULL, 'website', NULL, NULL, NULL, NULL, NULL, 'left', '0', NULL, NULL, NULL, NULL, '0', '0', NULL, NULL, NULL, NULL, NULL, NULL, NULL, NULL, NULL, '0', '0', '0', NULL, NULL, NULL, NULL, NULL, NULL, '2017-08-17 23:14:09', '2017-08-17 23:14:09', 'b8a17812-d5e6-428c-81ac-ac6dae5c07fd'),
 ('344', '348', 'en_us', 'Insights Entry', NULL, 'left', NULL, NULL, NULL, 'blue', '0', 'primary', NULL, 'gray', NULL, 'normal', NULL, NULL, NULL, NULL, NULL, NULL, '0.0', NULL, NULL, '', '', '', '', '', 'website', NULL, NULL, NULL, NULL, NULL, 'left', '0', NULL, NULL, NULL, NULL, '0', '0', 'blue', NULL, NULL, NULL, NULL, NULL, NULL, NULL, NULL, '0', '0', '0', NULL, NULL, NULL, NULL, NULL, NULL, '2017-08-21 22:32:03', '2017-08-23 17:52:37', '69ec83e7-76bf-4e7a-ac19-1f1afa475833'),
 ('345', '348', 'de_de', 'Test Blog Entry', NULL, 'left', NULL, NULL, NULL, 'blue', '0', 'primary', NULL, 'gray', NULL, 'normal', NULL, NULL, NULL, NULL, NULL, NULL, '0.0', NULL, NULL, '', '', '', '', '', 'website', NULL, NULL, NULL, NULL, NULL, 'left', '0', NULL, NULL, NULL, NULL, '0', '0', 'blue', NULL, NULL, NULL, NULL, NULL, NULL, NULL, NULL, '0', '0', '0', NULL, NULL, NULL, NULL, NULL, NULL, '2017-08-21 22:32:03', '2017-08-23 17:52:37', '7ad21d45-46a7-4a97-a83e-fc82f1aedfeb'),
 ('346', '349', 'en_us', NULL, NULL, 'left', NULL, NULL, NULL, 'blue', '0', 'primary', NULL, 'gray', NULL, 'normal', NULL, NULL, NULL, NULL, NULL, NULL, '0.0', NULL, NULL, NULL, NULL, NULL, NULL, NULL, 'website', NULL, NULL, NULL, NULL, 'Image alt text', 'left', '0', NULL, NULL, NULL, NULL, '0', '0', NULL, NULL, NULL, NULL, NULL, NULL, NULL, NULL, NULL, '0', '0', '0', NULL, NULL, NULL, NULL, NULL, NULL, '2017-08-21 22:32:03', '2017-08-23 17:52:37', '475ab1a6-3f04-4c76-9733-38c6a5774003'),
 ('347', '349', 'de_de', NULL, NULL, 'left', NULL, NULL, NULL, 'blue', '0', 'primary', NULL, 'gray', NULL, 'normal', NULL, NULL, NULL, NULL, NULL, NULL, '0.0', NULL, NULL, NULL, NULL, NULL, NULL, NULL, 'website', NULL, NULL, NULL, NULL, 'Image alt text', 'left', '0', NULL, NULL, NULL, NULL, '0', '0', NULL, NULL, NULL, NULL, NULL, NULL, NULL, NULL, NULL, '0', '0', '0', NULL, NULL, NULL, NULL, NULL, NULL, '2017-08-21 22:32:03', '2017-08-21 22:32:03', '02298f2a-ccc7-4ffc-81e9-96fb8b0969ba'),
 ('348', '350', 'en_us', 'North America', NULL, 'left', NULL, NULL, NULL, 'blue', '0', 'primary', NULL, 'gray', NULL, 'normal', NULL, NULL, NULL, NULL, NULL, NULL, '0.0', NULL, NULL, NULL, NULL, NULL, NULL, NULL, 'website', NULL, NULL, NULL, NULL, NULL, 'left', '0', NULL, NULL, NULL, NULL, '0', '0', NULL, NULL, NULL, NULL, NULL, NULL, NULL, NULL, NULL, '0', '0', '0', NULL, NULL, NULL, NULL, NULL, NULL, '2017-08-22 20:53:32', '2017-08-22 20:53:32', '22ac347b-fd60-4e7e-ab37-ea0ea2de380f'),
 ('349', '350', 'de_de', 'North America', NULL, 'left', NULL, NULL, NULL, 'blue', '0', 'primary', NULL, 'gray', NULL, 'normal', NULL, NULL, NULL, NULL, NULL, NULL, '0.0', NULL, NULL, NULL, NULL, NULL, NULL, NULL, 'website', NULL, NULL, NULL, NULL, NULL, 'left', '0', NULL, NULL, NULL, NULL, '0', '0', NULL, NULL, NULL, NULL, NULL, NULL, NULL, NULL, NULL, '0', '0', '0', NULL, NULL, NULL, NULL, NULL, NULL, '2017-08-22 20:53:32', '2017-08-22 20:53:32', 'c08867c0-0c78-4862-8d64-9dd70ec6e923'),
 ('350', '351', 'en_us', 'North America (Canada)', NULL, 'left', NULL, NULL, NULL, 'blue', '0', 'primary', NULL, 'gray', NULL, 'normal', NULL, NULL, NULL, NULL, NULL, NULL, '0.0', NULL, NULL, NULL, NULL, NULL, NULL, NULL, 'website', NULL, NULL, NULL, NULL, NULL, 'left', '0', NULL, NULL, NULL, NULL, '0', '0', NULL, NULL, NULL, NULL, NULL, NULL, NULL, NULL, NULL, '0', '0', '0', NULL, NULL, NULL, NULL, NULL, NULL, '2017-08-22 20:53:42', '2017-08-22 20:53:42', 'b55d88cf-4484-4f2b-a77f-cc533b3124a5'),
 ('351', '351', 'de_de', 'North America (Canada)', NULL, 'left', NULL, NULL, NULL, 'blue', '0', 'primary', NULL, 'gray', NULL, 'normal', NULL, NULL, NULL, NULL, NULL, NULL, '0.0', NULL, NULL, NULL, NULL, NULL, NULL, NULL, 'website', NULL, NULL, NULL, NULL, NULL, 'left', '0', NULL, NULL, NULL, NULL, '0', '0', NULL, NULL, NULL, NULL, NULL, NULL, NULL, NULL, NULL, '0', '0', '0', NULL, NULL, NULL, NULL, NULL, NULL, '2017-08-22 20:53:42', '2017-08-22 20:53:42', '393252d6-b0a0-41ce-a0cd-73caabce0882'),
 ('352', '352', 'en_us', 'Europe, Middle East & Africa', NULL, 'left', NULL, NULL, NULL, 'blue', '0', 'primary', NULL, 'gray', NULL, 'normal', NULL, NULL, NULL, NULL, NULL, NULL, '0.0', NULL, NULL, NULL, NULL, NULL, NULL, NULL, 'website', NULL, NULL, NULL, NULL, NULL, 'left', '0', NULL, NULL, NULL, NULL, '0', '0', NULL, NULL, NULL, NULL, NULL, NULL, NULL, NULL, NULL, '0', '0', '0', NULL, NULL, NULL, NULL, NULL, NULL, '2017-08-22 20:53:58', '2017-08-22 20:53:58', 'd8303a9d-d064-4d4e-b921-a313bb455843'),
 ('353', '352', 'de_de', 'Europe, Middle East & Africa', NULL, 'left', NULL, NULL, NULL, 'blue', '0', 'primary', NULL, 'gray', NULL, 'normal', NULL, NULL, NULL, NULL, NULL, NULL, '0.0', NULL, NULL, NULL, NULL, NULL, NULL, NULL, 'website', NULL, NULL, NULL, NULL, NULL, 'left', '0', NULL, NULL, NULL, NULL, '0', '0', NULL, NULL, NULL, NULL, NULL, NULL, NULL, NULL, NULL, '0', '0', '0', NULL, NULL, NULL, NULL, NULL, NULL, '2017-08-22 20:53:58', '2017-08-22 20:53:58', 'c3967083-ec5a-42a4-af3c-8d6c36489105'),
 ('354', '353', 'en_us', 'Asia Pacific', NULL, 'left', NULL, NULL, NULL, 'blue', '0', 'primary', NULL, 'gray', NULL, 'normal', NULL, NULL, NULL, NULL, NULL, NULL, '0.0', NULL, NULL, NULL, NULL, NULL, NULL, NULL, 'website', NULL, NULL, NULL, NULL, NULL, 'left', '0', NULL, NULL, NULL, NULL, '0', '0', NULL, NULL, NULL, NULL, NULL, NULL, NULL, NULL, NULL, '0', '0', '0', NULL, NULL, NULL, NULL, NULL, NULL, '2017-08-22 20:54:07', '2017-08-22 20:54:07', 'b39f396f-2d7e-422b-b189-351c17844545'),
 ('355', '353', 'de_de', 'Asia Pacific', NULL, 'left', NULL, NULL, NULL, 'blue', '0', 'primary', NULL, 'gray', NULL, 'normal', NULL, NULL, NULL, NULL, NULL, NULL, '0.0', NULL, NULL, NULL, NULL, NULL, NULL, NULL, 'website', NULL, NULL, NULL, NULL, NULL, 'left', '0', NULL, NULL, NULL, NULL, '0', '0', NULL, NULL, NULL, NULL, NULL, NULL, NULL, NULL, NULL, '0', '0', '0', NULL, NULL, NULL, NULL, NULL, NULL, '2017-08-22 20:54:07', '2017-08-22 20:54:07', 'c1fd77d1-1007-4c77-842f-ed2877dbcbb5'),
 ('356', '354', 'en_us', 'Latin America', NULL, 'left', NULL, NULL, NULL, 'blue', '0', 'primary', NULL, 'gray', NULL, 'normal', NULL, NULL, NULL, NULL, NULL, NULL, '0.0', NULL, NULL, NULL, NULL, NULL, NULL, NULL, 'website', NULL, NULL, NULL, NULL, NULL, 'left', '0', NULL, NULL, NULL, NULL, '0', '0', NULL, NULL, NULL, NULL, NULL, NULL, NULL, NULL, NULL, '0', '0', '0', NULL, NULL, NULL, NULL, NULL, NULL, '2017-08-22 20:54:17', '2017-08-22 20:54:17', 'eec72132-946c-429b-bf24-ddb089c425a6'),
 ('357', '354', 'de_de', 'Latin America', NULL, 'left', NULL, NULL, NULL, 'blue', '0', 'primary', NULL, 'gray', NULL, 'normal', NULL, NULL, NULL, NULL, NULL, NULL, '0.0', NULL, NULL, NULL, NULL, NULL, NULL, NULL, 'website', NULL, NULL, NULL, NULL, NULL, 'left', '0', NULL, NULL, NULL, NULL, '0', '0', NULL, NULL, NULL, NULL, NULL, NULL, NULL, NULL, NULL, '0', '0', '0', NULL, NULL, NULL, NULL, NULL, NULL, '2017-08-22 20:54:17', '2017-08-22 20:54:17', '82ed7e0c-e5ac-4b3b-86e6-88e40fda1204'),
 ('358', '355', 'en_us', NULL, NULL, 'left', NULL, NULL, 'Headline text', 'blue', '0', 'primary', NULL, 'gray', NULL, 'normal', NULL, NULL, NULL, NULL, NULL, NULL, '0.0', NULL, NULL, NULL, NULL, NULL, NULL, NULL, 'website', NULL, NULL, NULL, NULL, NULL, 'left', '0', NULL, NULL, NULL, NULL, '0', '0', NULL, NULL, NULL, NULL, NULL, NULL, NULL, NULL, NULL, '0', '0', '0', NULL, NULL, NULL, NULL, NULL, NULL, '2017-08-23 17:52:38', '2017-08-23 17:52:38', 'a7957ba2-4a91-4328-9135-bf84f2c72a65'),
 ('359', '355', 'de_de', NULL, NULL, 'left', NULL, NULL, 'Headline text', 'blue', '0', 'primary', NULL, 'gray', NULL, 'normal', NULL, NULL, NULL, NULL, NULL, NULL, '0.0', NULL, NULL, NULL, NULL, NULL, NULL, NULL, 'website', NULL, NULL, NULL, NULL, NULL, 'left', '0', NULL, NULL, NULL, NULL, '0', '0', NULL, NULL, NULL, NULL, NULL, NULL, NULL, NULL, NULL, '0', '0', '0', NULL, NULL, NULL, NULL, NULL, NULL, '2017-08-23 17:52:38', '2017-08-23 17:52:38', 'af6cc0d6-1329-414b-8840-548d9b0edb5c'),
 ('360', '356', 'en_us', 'Localized News Entry', NULL, 'left', NULL, NULL, NULL, 'blue', '0', 'primary', NULL, 'gray', NULL, 'normal', NULL, NULL, NULL, NULL, NULL, NULL, '0.0', NULL, NULL, '', '', '', '', '', 'website', NULL, NULL, NULL, NULL, NULL, 'left', '0', NULL, NULL, NULL, NULL, '0', '0', NULL, NULL, NULL, NULL, 'Localized News Entry', NULL, NULL, NULL, NULL, '0', '0', '0', NULL, NULL, NULL, NULL, NULL, NULL, '2017-08-23 17:53:42', '2017-08-23 21:53:03', '7957cefe-ad37-450d-b16c-2c350e04ff95'),
 ('361', '356', 'de_de', 'News Entry', NULL, 'left', NULL, NULL, NULL, 'blue', '0', 'primary', NULL, 'gray', NULL, 'normal', NULL, NULL, NULL, NULL, NULL, NULL, '0.0', NULL, NULL, '', '', '', '', '', 'website', NULL, NULL, NULL, NULL, NULL, 'left', '0', NULL, NULL, NULL, NULL, '0', '0', NULL, NULL, NULL, NULL, NULL, NULL, NULL, NULL, NULL, '0', '0', '0', NULL, NULL, NULL, NULL, NULL, NULL, '2017-08-23 17:53:42', '2017-08-23 21:53:03', '33256bad-e98c-49a2-addc-54c4220d98b0'),
 ('362', '357', 'en_us', NULL, NULL, 'left', NULL, NULL, 'News entry headline', 'blue', '0', 'primary', NULL, 'gray', NULL, 'normal', NULL, NULL, NULL, NULL, NULL, NULL, '0.0', NULL, NULL, NULL, NULL, NULL, NULL, NULL, 'website', NULL, NULL, NULL, NULL, NULL, 'left', '0', NULL, NULL, NULL, NULL, '0', '0', NULL, NULL, NULL, NULL, NULL, NULL, NULL, NULL, NULL, '0', '0', '0', NULL, NULL, NULL, NULL, NULL, NULL, '2017-08-23 17:53:42', '2017-08-23 21:53:03', '44c2bffc-65f1-4c82-b924-193739370fa7'),
 ('363', '357', 'de_de', NULL, NULL, 'left', NULL, NULL, 'News entry headline', 'blue', '0', 'primary', NULL, 'gray', NULL, 'normal', NULL, NULL, NULL, NULL, NULL, NULL, '0.0', NULL, NULL, NULL, NULL, NULL, NULL, NULL, 'website', NULL, NULL, NULL, NULL, NULL, 'left', '0', NULL, NULL, NULL, NULL, '0', '0', NULL, NULL, NULL, NULL, NULL, NULL, NULL, NULL, NULL, '0', '0', '0', NULL, NULL, NULL, NULL, NULL, NULL, '2017-08-23 17:53:42', '2017-08-23 17:53:42', '945a26d8-8dcb-4a8e-883f-2131cdc3799d'),
 ('364', '358', 'en_us', 'Entry 358', NULL, 'left', NULL, NULL, NULL, 'blue', '0', 'primary', NULL, 'gray', NULL, 'normal', NULL, NULL, NULL, 'Success story summary text Quae vero auctorem tractata ab fiducia dicuntur.', NULL, NULL, '0.0', NULL, NULL, '', '', '', '', '', 'website', NULL, NULL, NULL, NULL, NULL, 'left', '0', NULL, NULL, NULL, NULL, '0', '0', 'green', NULL, NULL, NULL, NULL, NULL, NULL, NULL, NULL, '0', '0', '0', NULL, NULL, NULL, NULL, NULL, NULL, '2017-08-23 17:56:29', '2017-09-06 17:56:59', '183a26fd-44e8-462d-88e6-2dedb95d269a'),
 ('365', '358', 'de_de', 'Success Story Entry', NULL, 'left', NULL, NULL, NULL, 'blue', '0', 'primary', NULL, 'gray', NULL, 'normal', NULL, NULL, NULL, 'Success story summary text Quae vero auctorem tractata ab fiducia dicuntur.', NULL, NULL, '0.0', NULL, NULL, '', '', '', '', '', 'website', NULL, NULL, NULL, NULL, NULL, 'left', '0', NULL, NULL, NULL, NULL, '0', '0', 'green', NULL, NULL, NULL, NULL, NULL, NULL, NULL, NULL, '0', '0', '0', NULL, NULL, NULL, NULL, NULL, NULL, '2017-08-23 17:56:29', '2017-09-06 17:56:59', '994efe0d-71c4-4060-b11d-77b8a300465e'),
 ('370', '361', 'en_us', NULL, NULL, 'left', NULL, NULL, NULL, 'blue', '0', 'primary', NULL, 'gray', NULL, 'normal', NULL, NULL, NULL, NULL, NULL, NULL, '0.0', NULL, NULL, NULL, NULL, NULL, NULL, NULL, 'website', NULL, NULL, NULL, NULL, NULL, 'left', '0', NULL, NULL, NULL, NULL, '0', '0', NULL, NULL, NULL, NULL, NULL, NULL, NULL, NULL, NULL, '0', '0', '0', NULL, NULL, NULL, NULL, NULL, NULL, '2017-08-23 18:14:23', '2017-08-23 18:17:34', '8514356f-7d15-4e4f-9c10-fe7bd1910a6d'),
 ('371', '362', 'en_us', 'Creative Spotlight', NULL, 'left', NULL, NULL, NULL, 'blue', '0', 'primary', NULL, 'gray', NULL, 'normal', NULL, NULL, NULL, NULL, NULL, NULL, '0.0', NULL, NULL, NULL, NULL, NULL, NULL, NULL, 'website', NULL, NULL, NULL, NULL, NULL, 'left', '0', NULL, NULL, NULL, NULL, '0', '0', NULL, NULL, NULL, NULL, NULL, NULL, NULL, NULL, NULL, '0', '0', '0', NULL, NULL, NULL, NULL, NULL, NULL, '2017-08-24 20:53:17', '2017-08-24 20:53:17', '3bdbe7a9-be43-4a01-b317-ca4febd05963'),
 ('372', '362', 'de_de', 'Creative Spotlight', NULL, 'left', NULL, NULL, NULL, 'blue', '0', 'primary', NULL, 'gray', NULL, 'normal', NULL, NULL, NULL, NULL, NULL, NULL, '0.0', NULL, NULL, NULL, NULL, NULL, NULL, NULL, 'website', NULL, NULL, NULL, NULL, NULL, 'left', '0', NULL, NULL, NULL, NULL, '0', '0', NULL, NULL, NULL, NULL, NULL, NULL, NULL, NULL, NULL, '0', '0', '0', NULL, NULL, NULL, NULL, NULL, NULL, '2017-08-24 20:53:17', '2017-08-24 20:53:17', 'fdae18ad-326f-4bb2-b81b-a294c05514bf'),
 ('373', '363', 'en_us', 'Success Stories', NULL, 'left', NULL, NULL, NULL, 'blue', '0', 'primary', NULL, 'gray', NULL, 'normal', NULL, NULL, NULL, NULL, NULL, NULL, '0.0', NULL, NULL, NULL, NULL, NULL, NULL, NULL, 'website', NULL, NULL, NULL, NULL, NULL, 'left', '0', NULL, NULL, NULL, NULL, '0', '0', NULL, NULL, NULL, NULL, NULL, NULL, NULL, NULL, NULL, '0', '0', '0', NULL, NULL, NULL, NULL, NULL, NULL, '2017-08-24 20:55:06', '2017-08-24 20:55:06', '80a95c77-9488-40f3-bc3b-2d2ceefed8e6'),
 ('374', '363', 'de_de', 'Success Stories', NULL, 'left', NULL, NULL, NULL, 'blue', '0', 'primary', NULL, 'gray', NULL, 'normal', NULL, NULL, NULL, NULL, NULL, NULL, '0.0', NULL, NULL, NULL, NULL, NULL, NULL, NULL, 'website', NULL, NULL, NULL, NULL, NULL, 'left', '0', NULL, NULL, NULL, NULL, '0', '0', NULL, NULL, NULL, NULL, NULL, NULL, NULL, NULL, NULL, '0', '0', '0', NULL, NULL, NULL, NULL, NULL, NULL, '2017-08-24 20:55:06', '2017-08-24 20:55:06', 'abc375db-fd56-4c0c-86ce-bce1af60f28b'),
 ('375', '364', 'en_us', 'Homepage 1 1', NULL, 'left', NULL, NULL, NULL, 'blue', '0', 'primary', NULL, 'gray', NULL, 'normal', NULL, NULL, NULL, NULL, NULL, NULL, '0.0', NULL, NULL, NULL, NULL, NULL, NULL, NULL, 'website', NULL, NULL, NULL, NULL, NULL, 'left', '0', NULL, NULL, NULL, NULL, '0', '0', NULL, NULL, NULL, NULL, NULL, NULL, NULL, NULL, NULL, '0', '0', '0', NULL, NULL, NULL, NULL, NULL, NULL, '2017-08-30 21:02:32', '2017-08-30 21:02:32', '87124712-ce89-4d7e-90e2-4199b0f87919'),
 ('376', '364', 'de_de', 'Homepage 1 1', NULL, 'left', NULL, NULL, NULL, 'blue', '0', 'primary', NULL, 'gray', NULL, 'normal', NULL, NULL, NULL, NULL, NULL, NULL, '0.0', NULL, NULL, NULL, NULL, NULL, NULL, NULL, 'website', NULL, NULL, NULL, NULL, NULL, 'left', '0', NULL, NULL, NULL, NULL, '0', '0', NULL, NULL, NULL, NULL, NULL, NULL, NULL, NULL, NULL, '0', '0', '0', NULL, NULL, NULL, NULL, NULL, NULL, '2017-08-30 21:02:32', '2017-08-30 21:02:32', '5b3bfb03-b763-413e-b03e-61ffab627cc2'),
 ('377', '365', 'en_us', 'Homepage 1 2', NULL, 'left', NULL, NULL, NULL, 'blue', '0', 'primary', NULL, 'gray', NULL, 'normal', NULL, NULL, NULL, NULL, NULL, NULL, '0.0', NULL, NULL, NULL, NULL, NULL, NULL, NULL, 'website', NULL, NULL, NULL, NULL, NULL, 'left', '0', NULL, NULL, NULL, NULL, '0', '0', NULL, NULL, NULL, NULL, NULL, NULL, NULL, NULL, NULL, '0', '0', '0', NULL, NULL, NULL, NULL, NULL, NULL, '2017-08-30 21:02:33', '2017-08-30 21:02:33', '633d6bac-5882-4d7a-acf1-2d73bc76b8cc'),
 ('378', '365', 'de_de', 'Homepage 1 2', NULL, 'left', NULL, NULL, NULL, 'blue', '0', 'primary', NULL, 'gray', NULL, 'normal', NULL, NULL, NULL, NULL, NULL, NULL, '0.0', NULL, NULL, NULL, NULL, NULL, NULL, NULL, 'website', NULL, NULL, NULL, NULL, NULL, 'left', '0', NULL, NULL, NULL, NULL, '0', '0', NULL, NULL, NULL, NULL, NULL, NULL, NULL, NULL, NULL, '0', '0', '0', NULL, NULL, NULL, NULL, NULL, NULL, '2017-08-30 21:02:33', '2017-08-30 21:02:33', 'f4442b23-4367-426a-91af-1f29d1675bc9'),
 ('379', '366', 'en_us', 'Homepage 1 3', NULL, 'left', NULL, NULL, NULL, 'blue', '0', 'primary', NULL, 'gray', NULL, 'normal', NULL, NULL, NULL, NULL, NULL, NULL, '0.0', NULL, NULL, NULL, NULL, NULL, NULL, NULL, 'website', NULL, NULL, NULL, NULL, NULL, 'left', '0', NULL, NULL, NULL, NULL, '0', '0', NULL, NULL, NULL, NULL, NULL, NULL, NULL, NULL, NULL, '0', '0', '0', NULL, NULL, NULL, NULL, NULL, NULL, '2017-08-30 21:02:33', '2017-08-30 21:02:33', 'c213c5b0-173a-42f4-962e-ba34616a25b7'),
 ('380', '366', 'de_de', 'Homepage 1 3', NULL, 'left', NULL, NULL, NULL, 'blue', '0', 'primary', NULL, 'gray', NULL, 'normal', NULL, NULL, NULL, NULL, NULL, NULL, '0.0', NULL, NULL, NULL, NULL, NULL, NULL, NULL, 'website', NULL, NULL, NULL, NULL, NULL, 'left', '0', NULL, NULL, NULL, NULL, '0', '0', NULL, NULL, NULL, NULL, NULL, NULL, NULL, NULL, NULL, '0', '0', '0', NULL, NULL, NULL, NULL, NULL, NULL, '2017-08-30 21:02:33', '2017-08-30 21:02:33', '2c515481-b4f1-4c50-9f8e-1ed0b3857e46'),
 ('381', '367', 'en_us', 'Measurement Reach', NULL, 'left', NULL, NULL, NULL, 'blue', '0', 'primary', NULL, 'gray', NULL, 'normal', NULL, NULL, NULL, NULL, NULL, NULL, '0.0', NULL, NULL, NULL, NULL, NULL, NULL, NULL, 'website', NULL, NULL, NULL, NULL, NULL, 'left', '0', NULL, NULL, NULL, NULL, '0', '0', NULL, NULL, NULL, NULL, NULL, NULL, NULL, NULL, NULL, '0', '0', '0', NULL, NULL, NULL, NULL, NULL, NULL, '2017-08-30 21:02:33', '2017-08-30 21:02:33', 'dbfd666a-1d5f-46ec-8efa-824d8d708b01'),
 ('382', '367', 'de_de', 'Measurement Reach', NULL, 'left', NULL, NULL, NULL, 'blue', '0', 'primary', NULL, 'gray', NULL, 'normal', NULL, NULL, NULL, NULL, NULL, NULL, '0.0', NULL, NULL, NULL, NULL, NULL, NULL, NULL, 'website', NULL, NULL, NULL, NULL, NULL, 'left', '0', NULL, NULL, NULL, NULL, '0', '0', NULL, NULL, NULL, NULL, NULL, NULL, NULL, NULL, NULL, '0', '0', '0', NULL, NULL, NULL, NULL, NULL, NULL, '2017-08-30 21:02:33', '2017-08-30 21:02:33', 'b4344656-02db-4929-89e7-4d2c2f6bbb84'),
 ('383', '368', 'en_us', 'Measurement Reaction', NULL, 'left', NULL, NULL, NULL, 'blue', '0', 'primary', NULL, 'gray', NULL, 'normal', NULL, NULL, NULL, NULL, NULL, NULL, '0.0', NULL, NULL, NULL, NULL, NULL, NULL, NULL, 'website', NULL, NULL, NULL, NULL, NULL, 'left', '0', NULL, NULL, NULL, NULL, '0', '0', NULL, NULL, NULL, NULL, NULL, NULL, NULL, NULL, NULL, '0', '0', '0', NULL, NULL, NULL, NULL, NULL, NULL, '2017-08-30 21:02:33', '2017-08-30 21:02:33', '28b081b5-c9b7-4d89-b6f1-83980a8a114a'),
 ('384', '368', 'de_de', 'Measurement Reaction', NULL, 'left', NULL, NULL, NULL, 'blue', '0', 'primary', NULL, 'gray', NULL, 'normal', NULL, NULL, NULL, NULL, NULL, NULL, '0.0', NULL, NULL, NULL, NULL, NULL, NULL, NULL, 'website', NULL, NULL, NULL, NULL, NULL, 'left', '0', NULL, NULL, NULL, NULL, '0', '0', NULL, NULL, NULL, NULL, NULL, NULL, NULL, NULL, NULL, '0', '0', '0', NULL, NULL, NULL, NULL, NULL, NULL, '2017-08-30 21:02:33', '2017-08-30 21:02:33', 'ef7353b9-213a-465d-9ce0-5bf16476d633'),
 ('385', '369', 'en_us', 'Measurement Resonance', NULL, 'left', NULL, NULL, NULL, 'blue', '0', 'primary', NULL, 'gray', NULL, 'normal', NULL, NULL, NULL, NULL, NULL, NULL, '0.0', NULL, NULL, NULL, NULL, NULL, NULL, NULL, 'website', NULL, NULL, NULL, NULL, NULL, 'left', '0', NULL, NULL, NULL, NULL, '0', '0', NULL, NULL, NULL, NULL, NULL, NULL, NULL, NULL, NULL, '0', '0', '0', NULL, NULL, NULL, NULL, NULL, NULL, '2017-08-30 21:02:33', '2017-08-30 21:02:33', '931cb83b-4327-4256-891b-eecb8cdab7ee'),
 ('386', '369', 'de_de', 'Measurement Resonance', NULL, 'left', NULL, NULL, NULL, 'blue', '0', 'primary', NULL, 'gray', NULL, 'normal', NULL, NULL, NULL, NULL, NULL, NULL, '0.0', NULL, NULL, NULL, NULL, NULL, NULL, NULL, 'website', NULL, NULL, NULL, NULL, NULL, 'left', '0', NULL, NULL, NULL, NULL, '0', '0', NULL, NULL, NULL, NULL, NULL, NULL, NULL, NULL, NULL, '0', '0', '0', NULL, NULL, NULL, NULL, NULL, NULL, '2017-08-30 21:02:33', '2017-08-30 21:02:33', '560a68a8-170e-4e3e-9995-d3154c2477e2'),
 ('387', '370', 'en_us', 'Measurement Snap To', NULL, 'left', NULL, NULL, NULL, 'blue', '0', 'primary', NULL, 'gray', NULL, 'normal', NULL, NULL, NULL, NULL, NULL, NULL, '0.0', NULL, NULL, NULL, NULL, NULL, NULL, NULL, 'website', NULL, NULL, NULL, NULL, NULL, 'left', '0', NULL, NULL, NULL, NULL, '0', '0', NULL, NULL, NULL, NULL, NULL, NULL, NULL, NULL, NULL, '0', '0', '0', NULL, NULL, NULL, NULL, NULL, NULL, '2017-08-30 21:02:33', '2017-08-30 21:02:33', '6f7f1a6f-d65d-4dd8-a6f1-e70987ad8edf'),
 ('388', '370', 'de_de', 'Measurement Snap To', NULL, 'left', NULL, NULL, NULL, 'blue', '0', 'primary', NULL, 'gray', NULL, 'normal', NULL, NULL, NULL, NULL, NULL, NULL, '0.0', NULL, NULL, NULL, NULL, NULL, NULL, NULL, 'website', NULL, NULL, NULL, NULL, NULL, 'left', '0', NULL, NULL, NULL, NULL, '0', '0', NULL, NULL, NULL, NULL, NULL, NULL, NULL, NULL, NULL, '0', '0', '0', NULL, NULL, NULL, NULL, NULL, NULL, '2017-08-30 21:02:33', '2017-08-30 21:02:33', 'f82c3d73-6480-460d-8c8b-7c7a95125183'),
 ('389', '371', 'en_us', 'Measurement Verification', NULL, 'left', NULL, NULL, NULL, 'blue', '0', 'primary', NULL, 'gray', NULL, 'normal', NULL, NULL, NULL, NULL, NULL, NULL, '0.0', NULL, NULL, NULL, NULL, NULL, NULL, NULL, 'website', NULL, NULL, NULL, NULL, NULL, 'left', '0', NULL, NULL, NULL, NULL, '0', '0', NULL, NULL, NULL, NULL, NULL, NULL, NULL, NULL, NULL, '0', '0', '0', NULL, NULL, NULL, NULL, NULL, NULL, '2017-08-30 21:02:33', '2017-08-30 21:02:34', '63bffaeb-ce82-479b-888b-4dea51e9266c'),
 ('390', '371', 'de_de', 'Measurement Verification', NULL, 'left', NULL, NULL, NULL, 'blue', '0', 'primary', NULL, 'gray', NULL, 'normal', NULL, NULL, NULL, NULL, NULL, NULL, '0.0', NULL, NULL, NULL, NULL, NULL, NULL, NULL, 'website', NULL, NULL, NULL, NULL, NULL, 'left', '0', NULL, NULL, NULL, NULL, '0', '0', NULL, NULL, NULL, NULL, NULL, NULL, NULL, NULL, NULL, '0', '0', '0', NULL, NULL, NULL, NULL, NULL, NULL, '2017-08-30 21:02:34', '2017-08-30 21:02:34', 'dfe05e74-e4da-49fd-b579-33cdb5a43a93'),
 ('391', '372', 'en_us', 'Measurement Viewability', NULL, 'left', NULL, NULL, NULL, 'blue', '0', 'primary', NULL, 'gray', NULL, 'normal', NULL, NULL, NULL, NULL, NULL, NULL, '0.0', NULL, NULL, NULL, NULL, NULL, NULL, NULL, 'website', NULL, NULL, NULL, NULL, NULL, 'left', '0', NULL, NULL, NULL, NULL, '0', '0', NULL, NULL, NULL, NULL, NULL, NULL, NULL, NULL, NULL, '0', '0', '0', NULL, NULL, NULL, NULL, NULL, NULL, '2017-08-30 21:02:34', '2017-08-30 21:02:34', '0786ab07-0391-4d8b-9b21-8ca043556cc2'),
 ('392', '372', 'de_de', 'Measurement Viewability', NULL, 'left', NULL, NULL, NULL, 'blue', '0', 'primary', NULL, 'gray', NULL, 'normal', NULL, NULL, NULL, NULL, NULL, NULL, '0.0', NULL, NULL, NULL, NULL, NULL, NULL, NULL, 'website', NULL, NULL, NULL, NULL, NULL, 'left', '0', NULL, NULL, NULL, NULL, '0', '0', NULL, NULL, NULL, NULL, NULL, NULL, NULL, NULL, NULL, '0', '0', '0', NULL, NULL, NULL, NULL, NULL, NULL, '2017-08-30 21:02:34', '2017-08-30 21:02:34', '6cebcb04-2c94-4cd4-8394-73c76ed64dff'),
 ('393', '373', 'en_us', 'Snap Ad Reporting 1X', NULL, 'left', NULL, NULL, NULL, 'blue', '0', 'primary', NULL, 'gray', NULL, 'normal', NULL, NULL, NULL, NULL, NULL, NULL, '0.0', NULL, NULL, NULL, NULL, NULL, NULL, NULL, 'website', NULL, NULL, NULL, NULL, NULL, 'left', '0', NULL, NULL, NULL, NULL, '0', '0', NULL, NULL, NULL, NULL, NULL, NULL, NULL, NULL, NULL, '0', '0', '0', NULL, NULL, NULL, NULL, NULL, NULL, '2017-08-30 21:02:34', '2017-08-30 21:02:34', '17dad075-79fc-4a0a-aa1c-fcffdfec7b82'),
 ('394', '373', 'de_de', 'Snap Ad Reporting 1X', NULL, 'left', NULL, NULL, NULL, 'blue', '0', 'primary', NULL, 'gray', NULL, 'normal', NULL, NULL, NULL, NULL, NULL, NULL, '0.0', NULL, NULL, NULL, NULL, NULL, NULL, NULL, 'website', NULL, NULL, NULL, NULL, NULL, 'left', '0', NULL, NULL, NULL, NULL, '0', '0', NULL, NULL, NULL, NULL, NULL, NULL, NULL, NULL, NULL, '0', '0', '0', NULL, NULL, NULL, NULL, NULL, NULL, '2017-08-30 21:02:34', '2017-08-30 21:02:34', '053203af-c02f-4836-8be3-dccbe7e3ce41'),
 ('395', '374', 'en_us', '711', NULL, 'left', NULL, NULL, NULL, 'blue', '0', 'primary', NULL, 'gray', NULL, 'normal', NULL, NULL, NULL, NULL, NULL, NULL, '0.0', NULL, NULL, NULL, NULL, NULL, NULL, NULL, 'website', NULL, NULL, NULL, NULL, NULL, 'left', '0', NULL, NULL, NULL, NULL, '0', '0', NULL, NULL, NULL, NULL, NULL, NULL, NULL, NULL, NULL, '0', '0', '0', NULL, NULL, NULL, NULL, NULL, NULL, '2017-08-30 21:02:43', '2017-08-30 21:02:43', '4041aa2a-9713-4bde-8401-1309116516d3'),
 ('396', '374', 'de_de', '711', NULL, 'left', NULL, NULL, NULL, 'blue', '0', 'primary', NULL, 'gray', NULL, 'normal', NULL, NULL, NULL, NULL, NULL, NULL, '0.0', NULL, NULL, NULL, NULL, NULL, NULL, NULL, 'website', NULL, NULL, NULL, NULL, NULL, 'left', '0', NULL, NULL, NULL, NULL, '0', '0', NULL, NULL, NULL, NULL, NULL, NULL, NULL, NULL, NULL, '0', '0', '0', NULL, NULL, NULL, NULL, NULL, NULL, '2017-08-30 21:02:43', '2017-08-30 21:02:43', 'e5b15201-77d3-49a1-8838-96c5914d61ea'),
 ('397', '375', 'en_us', '711', NULL, 'left', NULL, NULL, NULL, 'blue', '0', 'primary', NULL, 'gray', NULL, 'normal', NULL, NULL, NULL, NULL, NULL, NULL, '0.0', NULL, NULL, NULL, NULL, NULL, NULL, NULL, 'website', NULL, NULL, NULL, NULL, NULL, 'left', '0', NULL, NULL, NULL, NULL, '0', '0', NULL, NULL, NULL, NULL, NULL, NULL, NULL, NULL, NULL, '0', '0', '0', NULL, NULL, NULL, NULL, NULL, NULL, '2017-08-30 21:02:43', '2017-08-30 21:02:43', 'd4ddb4c4-2939-44a3-82f7-1e4902cf3308'),
 ('398', '375', 'de_de', '711', NULL, 'left', NULL, NULL, NULL, 'blue', '0', 'primary', NULL, 'gray', NULL, 'normal', NULL, NULL, NULL, NULL, NULL, NULL, '0.0', NULL, NULL, NULL, NULL, NULL, NULL, NULL, 'website', NULL, NULL, NULL, NULL, NULL, 'left', '0', NULL, NULL, NULL, NULL, '0', '0', NULL, NULL, NULL, NULL, NULL, NULL, NULL, NULL, NULL, '0', '0', '0', NULL, NULL, NULL, NULL, NULL, NULL, '2017-08-30 21:02:43', '2017-08-30 21:02:43', '718e3621-927a-4adb-b758-dc5ffa4f93b1'),
 ('399', '376', 'en_us', 'Aa', NULL, 'left', NULL, NULL, NULL, 'blue', '0', 'primary', NULL, 'gray', NULL, 'normal', NULL, NULL, NULL, NULL, NULL, NULL, '0.0', NULL, NULL, NULL, NULL, NULL, NULL, NULL, 'website', NULL, NULL, NULL, NULL, NULL, 'left', '0', NULL, NULL, NULL, NULL, '0', '0', NULL, NULL, NULL, NULL, NULL, NULL, NULL, NULL, NULL, '0', '0', '0', NULL, NULL, NULL, NULL, NULL, NULL, '2017-08-30 21:02:43', '2017-08-30 21:02:43', '84b6a91c-8066-41af-8cca-8a5af645ac2f'),
 ('400', '376', 'de_de', 'Aa', NULL, 'left', NULL, NULL, NULL, 'blue', '0', 'primary', NULL, 'gray', NULL, 'normal', NULL, NULL, NULL, NULL, NULL, NULL, '0.0', NULL, NULL, NULL, NULL, NULL, NULL, NULL, 'website', NULL, NULL, NULL, NULL, NULL, 'left', '0', NULL, NULL, NULL, NULL, '0', '0', NULL, NULL, NULL, NULL, NULL, NULL, NULL, NULL, NULL, '0', '0', '0', NULL, NULL, NULL, NULL, NULL, NULL, '2017-08-30 21:02:43', '2017-08-30 21:02:43', '450639c7-d3d3-48aa-b427-7d8024ce32b3'),
 ('401', '377', 'en_us', 'Aa', NULL, 'left', NULL, NULL, NULL, 'blue', '0', 'primary', NULL, 'gray', NULL, 'normal', NULL, NULL, NULL, NULL, NULL, NULL, '0.0', NULL, NULL, NULL, NULL, NULL, NULL, NULL, 'website', NULL, NULL, NULL, NULL, NULL, 'left', '0', NULL, NULL, NULL, NULL, '0', '0', NULL, NULL, NULL, NULL, NULL, NULL, NULL, NULL, NULL, '0', '0', '0', NULL, NULL, NULL, NULL, NULL, NULL, '2017-08-30 21:02:43', '2017-08-30 21:02:43', 'ae234fcd-4b65-4010-837f-d6813de07d54'),
 ('402', '377', 'de_de', 'Aa', NULL, 'left', NULL, NULL, NULL, 'blue', '0', 'primary', NULL, 'gray', NULL, 'normal', NULL, NULL, NULL, NULL, NULL, NULL, '0.0', NULL, NULL, NULL, NULL, NULL, NULL, NULL, 'website', NULL, NULL, NULL, NULL, NULL, 'left', '0', NULL, NULL, NULL, NULL, '0', '0', NULL, NULL, NULL, NULL, NULL, NULL, NULL, NULL, NULL, '0', '0', '0', NULL, NULL, NULL, NULL, NULL, NULL, '2017-08-30 21:02:43', '2017-08-30 21:02:43', 'b12e07a1-c031-4d5b-bd5a-34c391974d25'),
 ('403', '378', 'en_us', 'Acorns', NULL, 'left', NULL, NULL, NULL, 'blue', '0', 'primary', NULL, 'gray', NULL, 'normal', NULL, NULL, NULL, NULL, NULL, NULL, '0.0', NULL, NULL, NULL, NULL, NULL, NULL, NULL, 'website', NULL, NULL, NULL, NULL, NULL, 'left', '0', NULL, NULL, NULL, NULL, '0', '0', NULL, NULL, NULL, NULL, NULL, NULL, NULL, NULL, NULL, '0', '0', '0', NULL, NULL, NULL, NULL, NULL, NULL, '2017-08-30 21:02:43', '2017-08-30 21:02:43', '471db98f-dc5b-4b71-b274-2ca8b006d7d0'),
 ('404', '378', 'de_de', 'Acorns', NULL, 'left', NULL, NULL, NULL, 'blue', '0', 'primary', NULL, 'gray', NULL, 'normal', NULL, NULL, NULL, NULL, NULL, NULL, '0.0', NULL, NULL, NULL, NULL, NULL, NULL, NULL, 'website', NULL, NULL, NULL, NULL, NULL, 'left', '0', NULL, NULL, NULL, NULL, '0', '0', NULL, NULL, NULL, NULL, NULL, NULL, NULL, NULL, NULL, '0', '0', '0', NULL, NULL, NULL, NULL, NULL, NULL, '2017-08-30 21:02:43', '2017-08-30 21:02:43', 'b4624db8-bc03-4e20-a9c9-14762b35e920'),
 ('405', '379', 'en_us', 'Acorns', NULL, 'left', NULL, NULL, NULL, 'blue', '0', 'primary', NULL, 'gray', NULL, 'normal', NULL, NULL, NULL, NULL, NULL, NULL, '0.0', NULL, NULL, NULL, NULL, NULL, NULL, NULL, 'website', NULL, NULL, NULL, NULL, NULL, 'left', '0', NULL, NULL, NULL, NULL, '0', '0', NULL, NULL, NULL, NULL, NULL, NULL, NULL, NULL, NULL, '0', '0', '0', NULL, NULL, NULL, NULL, NULL, NULL, '2017-08-30 21:02:43', '2017-08-30 21:02:43', 'e797c70b-1360-4b3d-ad80-605024589bc0'),
 ('406', '379', 'de_de', 'Acorns', NULL, 'left', NULL, NULL, NULL, 'blue', '0', 'primary', NULL, 'gray', NULL, 'normal', NULL, NULL, NULL, NULL, NULL, NULL, '0.0', NULL, NULL, NULL, NULL, NULL, NULL, NULL, 'website', NULL, NULL, NULL, NULL, NULL, 'left', '0', NULL, NULL, NULL, NULL, '0', '0', NULL, NULL, NULL, NULL, NULL, NULL, NULL, NULL, NULL, '0', '0', '0', NULL, NULL, NULL, NULL, NULL, NULL, '2017-08-30 21:02:43', '2017-08-30 21:02:43', 'a2213165-8f2d-4e5e-ab36-038ddefb9968'),
 ('407', '380', 'en_us', 'Alabamapink', NULL, 'left', NULL, NULL, NULL, 'blue', '0', 'primary', NULL, 'gray', NULL, 'normal', NULL, NULL, NULL, NULL, NULL, NULL, '0.0', NULL, NULL, NULL, NULL, NULL, NULL, NULL, 'website', NULL, NULL, NULL, NULL, NULL, 'left', '0', NULL, NULL, NULL, NULL, '0', '0', NULL, NULL, NULL, NULL, NULL, NULL, NULL, NULL, NULL, '0', '0', '0', NULL, NULL, NULL, NULL, NULL, NULL, '2017-08-30 21:02:43', '2017-08-30 21:02:43', '19a0c8ca-5f8c-49c1-b3fa-70fa3d46c8fb'),
 ('408', '380', 'de_de', 'Alabamapink', NULL, 'left', NULL, NULL, NULL, 'blue', '0', 'primary', NULL, 'gray', NULL, 'normal', NULL, NULL, NULL, NULL, NULL, NULL, '0.0', NULL, NULL, NULL, NULL, NULL, NULL, NULL, 'website', NULL, NULL, NULL, NULL, NULL, 'left', '0', NULL, NULL, NULL, NULL, '0', '0', NULL, NULL, NULL, NULL, NULL, NULL, NULL, NULL, NULL, '0', '0', '0', NULL, NULL, NULL, NULL, NULL, NULL, '2017-08-30 21:02:43', '2017-08-30 21:02:43', '253e93e3-bdf7-4940-b4e6-563f1b42ea43'),
 ('409', '381', 'en_us', 'Bloomingdales', NULL, 'left', NULL, NULL, NULL, 'blue', '0', 'primary', NULL, 'gray', NULL, 'normal', NULL, NULL, NULL, NULL, NULL, NULL, '0.0', NULL, NULL, NULL, NULL, NULL, NULL, NULL, 'website', NULL, NULL, NULL, NULL, NULL, 'left', '0', NULL, NULL, NULL, NULL, '0', '0', NULL, NULL, NULL, NULL, NULL, NULL, NULL, NULL, NULL, '0', '0', '0', NULL, NULL, NULL, NULL, NULL, NULL, '2017-08-30 21:02:44', '2017-08-30 21:02:44', 'a6717016-f3b4-4a3a-8ba3-bdef37f3d5fc'),
 ('410', '381', 'de_de', 'Bloomingdales', NULL, 'left', NULL, NULL, NULL, 'blue', '0', 'primary', NULL, 'gray', NULL, 'normal', NULL, NULL, NULL, NULL, NULL, NULL, '0.0', NULL, NULL, NULL, NULL, NULL, NULL, NULL, 'website', NULL, NULL, NULL, NULL, NULL, 'left', '0', NULL, NULL, NULL, NULL, '0', '0', NULL, NULL, NULL, NULL, NULL, NULL, NULL, NULL, NULL, '0', '0', '0', NULL, NULL, NULL, NULL, NULL, NULL, '2017-08-30 21:02:44', '2017-08-30 21:02:44', '71dd6334-986e-4e16-ad52-38fc91945b95'),
 ('411', '382', 'en_us', 'Bloomingdales', NULL, 'left', NULL, NULL, NULL, 'blue', '0', 'primary', NULL, 'gray', NULL, 'normal', NULL, NULL, NULL, NULL, NULL, NULL, '0.0', NULL, NULL, NULL, NULL, NULL, NULL, NULL, 'website', NULL, NULL, NULL, NULL, NULL, 'left', '0', NULL, NULL, NULL, NULL, '0', '0', NULL, NULL, NULL, NULL, NULL, NULL, NULL, NULL, NULL, '0', '0', '0', NULL, NULL, NULL, NULL, NULL, NULL, '2017-08-30 21:02:44', '2017-08-30 21:02:44', '6ab86a94-f1eb-41f9-a0fe-7e6453633cf8'),
 ('412', '382', 'de_de', 'Bloomingdales', NULL, 'left', NULL, NULL, NULL, 'blue', '0', 'primary', NULL, 'gray', NULL, 'normal', NULL, NULL, NULL, NULL, NULL, NULL, '0.0', NULL, NULL, NULL, NULL, NULL, NULL, NULL, 'website', NULL, NULL, NULL, NULL, NULL, 'left', '0', NULL, NULL, NULL, NULL, '0', '0', NULL, NULL, NULL, NULL, NULL, NULL, NULL, NULL, NULL, '0', '0', '0', NULL, NULL, NULL, NULL, NULL, NULL, '2017-08-30 21:02:44', '2017-08-30 21:02:44', '19b6514e-a717-4b4d-8888-6f4f972cebd2'),
 ('413', '383', 'en_us', 'Bumble V2', NULL, 'left', NULL, NULL, NULL, 'blue', '0', 'primary', NULL, 'gray', NULL, 'normal', NULL, NULL, NULL, NULL, NULL, NULL, '0.0', NULL, NULL, NULL, NULL, NULL, NULL, NULL, 'website', NULL, NULL, NULL, NULL, NULL, 'left', '0', NULL, NULL, NULL, NULL, '0', '0', NULL, NULL, NULL, NULL, NULL, NULL, NULL, NULL, NULL, '0', '0', '0', NULL, NULL, NULL, NULL, NULL, NULL, '2017-08-30 21:02:44', '2017-08-30 21:02:44', '6160c751-efa9-4e03-8d9c-cfa1f9bd16bf'),
 ('414', '383', 'de_de', 'Bumble V2', NULL, 'left', NULL, NULL, NULL, 'blue', '0', 'primary', NULL, 'gray', NULL, 'normal', NULL, NULL, NULL, NULL, NULL, NULL, '0.0', NULL, NULL, NULL, NULL, NULL, NULL, NULL, 'website', NULL, NULL, NULL, NULL, NULL, 'left', '0', NULL, NULL, NULL, NULL, '0', '0', NULL, NULL, NULL, NULL, NULL, NULL, NULL, NULL, NULL, '0', '0', '0', NULL, NULL, NULL, NULL, NULL, NULL, '2017-08-30 21:02:44', '2017-08-30 21:02:44', '76a25241-2f97-4037-a0a7-30d367ab7843');
INSERT INTO `craft_content` (`id`, `elementId`, `locale`, `title`, `field_page_uri`, `field_imageLocation`, `field_paragraph_loc`, `field_button`, `field_headline_loc`, `field_page_themeColor`, `field_page_sideNavigation`, `field_buttonStyle`, `field_subhead_loc`, `field_sectionBackgroundColor`, `field_sectionTitle_loc`, `field_assetWidth`, `field_eyebrow_loc`, `field_storyCardColor`, `field_companyName`, `field_storySummary_loc`, `field_tabLabel_loc`, `field_tabDescription_loc`, `field_timeCode`, `field_descriptionLabel_loc`, `field_groupTitle_loc`, `field_seoTitle`, `field_seoDescription`, `field_keywords`, `field_ogTitle`, `field_ogDescription`, `field_pageType`, `field_mainNavigationCta`, `field_cookiePolicy_loc`, `field_buttonText_loc`, `field_verticalVideoUrl`, `field_imageAltText_loc`, `field_desktopVideoLocation`, `field_roundedCorners`, `field_productFilterTitle_loc`, `field_objectiveFilterTitle_loc`, `field_industryFilterTitle_loc`, `field_noResultsText_loc`, `field_autoplay`, `field_videoControls`, `field_cardColor`, `field_spotlightDescription_loc`, `field_productUsed_loc`, `field_objective_loc`, `field_title_loc`, `field_regionFilterTitle_loc`, `field_body`, `field_textBlock`, `field_imageCaption_loc`, `field_imageDownloadButton`, `field_wideImage`, `field_lightText`, `field_description_loc`, `field_navItem`, `field_successStoriesTitle_loc`, `field_successStoriesButton`, `field_creativeSpotlightTitle_loc`, `field_creativeSpotlightButton`, `dateCreated`, `dateUpdated`, `uid`) VALUES
 ('415', '384', 'en_us', 'Bumble V2', NULL, 'left', NULL, NULL, NULL, 'blue', '0', 'primary', NULL, 'gray', NULL, 'normal', NULL, NULL, NULL, NULL, NULL, NULL, '0.0', NULL, NULL, NULL, NULL, NULL, NULL, NULL, 'website', NULL, NULL, NULL, NULL, NULL, 'left', '0', NULL, NULL, NULL, NULL, '0', '0', NULL, NULL, NULL, NULL, NULL, NULL, NULL, NULL, NULL, '0', '0', '0', NULL, NULL, NULL, NULL, NULL, NULL, '2017-08-30 21:02:44', '2017-08-30 21:02:44', 'e818b9ba-10c0-435d-8b47-3c50bcd5f5b7'),
 ('416', '384', 'de_de', 'Bumble V2', NULL, 'left', NULL, NULL, NULL, 'blue', '0', 'primary', NULL, 'gray', NULL, 'normal', NULL, NULL, NULL, NULL, NULL, NULL, '0.0', NULL, NULL, NULL, NULL, NULL, NULL, NULL, 'website', NULL, NULL, NULL, NULL, NULL, 'left', '0', NULL, NULL, NULL, NULL, '0', '0', NULL, NULL, NULL, NULL, NULL, NULL, NULL, NULL, NULL, '0', '0', '0', NULL, NULL, NULL, NULL, NULL, NULL, '2017-08-30 21:02:44', '2017-08-30 21:02:44', '6fff5a47-d720-428f-9e0d-dd1d63b1f51e'),
 ('417', '385', 'en_us', 'Alabamapink', NULL, 'left', NULL, NULL, NULL, 'blue', '0', 'primary', NULL, 'gray', NULL, 'normal', NULL, NULL, NULL, NULL, NULL, NULL, '0.0', NULL, NULL, NULL, NULL, NULL, NULL, NULL, 'website', NULL, NULL, NULL, NULL, NULL, 'left', '0', NULL, NULL, NULL, NULL, '0', '0', NULL, NULL, NULL, NULL, NULL, NULL, NULL, NULL, NULL, '0', '0', '0', NULL, NULL, NULL, NULL, NULL, NULL, '2017-08-30 21:02:44', '2017-08-30 21:02:44', '2b8b417f-c850-4352-bf86-4be447108720'),
 ('418', '385', 'de_de', 'Alabamapink', NULL, 'left', NULL, NULL, NULL, 'blue', '0', 'primary', NULL, 'gray', NULL, 'normal', NULL, NULL, NULL, NULL, NULL, NULL, '0.0', NULL, NULL, NULL, NULL, NULL, NULL, NULL, 'website', NULL, NULL, NULL, NULL, NULL, 'left', '0', NULL, NULL, NULL, NULL, '0', '0', NULL, NULL, NULL, NULL, NULL, NULL, NULL, NULL, NULL, '0', '0', '0', NULL, NULL, NULL, NULL, NULL, NULL, '2017-08-30 21:02:44', '2017-08-30 21:02:44', 'c939c842-69e3-4129-a8e2-03c297fb90a2'),
 ('419', '386', 'en_us', 'Burberry', NULL, 'left', NULL, NULL, NULL, 'blue', '0', 'primary', NULL, 'gray', NULL, 'normal', NULL, NULL, NULL, NULL, NULL, NULL, '0.0', NULL, NULL, NULL, NULL, NULL, NULL, NULL, 'website', NULL, NULL, NULL, NULL, NULL, 'left', '0', NULL, NULL, NULL, NULL, '0', '0', NULL, NULL, NULL, NULL, NULL, NULL, NULL, NULL, NULL, '0', '0', '0', NULL, NULL, NULL, NULL, NULL, NULL, '2017-08-30 21:02:44', '2017-08-30 21:02:44', '8a1a38d0-ba07-468f-89ad-e781cffcf4fe'),
 ('420', '386', 'de_de', 'Burberry', NULL, 'left', NULL, NULL, NULL, 'blue', '0', 'primary', NULL, 'gray', NULL, 'normal', NULL, NULL, NULL, NULL, NULL, NULL, '0.0', NULL, NULL, NULL, NULL, NULL, NULL, NULL, 'website', NULL, NULL, NULL, NULL, NULL, 'left', '0', NULL, NULL, NULL, NULL, '0', '0', NULL, NULL, NULL, NULL, NULL, NULL, NULL, NULL, NULL, '0', '0', '0', NULL, NULL, NULL, NULL, NULL, NULL, '2017-08-30 21:02:44', '2017-08-30 21:02:44', '66f787be-a63c-4f4e-aff7-7bb1faa6e460'),
 ('421', '387', 'en_us', 'Burberry', NULL, 'left', NULL, NULL, NULL, 'blue', '0', 'primary', NULL, 'gray', NULL, 'normal', NULL, NULL, NULL, NULL, NULL, NULL, '0.0', NULL, NULL, NULL, NULL, NULL, NULL, NULL, 'website', NULL, NULL, NULL, NULL, NULL, 'left', '0', NULL, NULL, NULL, NULL, '0', '0', NULL, NULL, NULL, NULL, NULL, NULL, NULL, NULL, NULL, '0', '0', '0', NULL, NULL, NULL, NULL, NULL, NULL, '2017-08-30 21:02:44', '2017-08-30 21:02:44', '511e31d9-37d2-4804-ab36-f9c8ded5ecf7'),
 ('422', '387', 'de_de', 'Burberry', NULL, 'left', NULL, NULL, NULL, 'blue', '0', 'primary', NULL, 'gray', NULL, 'normal', NULL, NULL, NULL, NULL, NULL, NULL, '0.0', NULL, NULL, NULL, NULL, NULL, NULL, NULL, 'website', NULL, NULL, NULL, NULL, NULL, 'left', '0', NULL, NULL, NULL, NULL, '0', '0', NULL, NULL, NULL, NULL, NULL, NULL, NULL, NULL, NULL, '0', '0', '0', NULL, NULL, NULL, NULL, NULL, NULL, '2017-08-30 21:02:44', '2017-08-30 21:02:44', '20d054c8-6448-4c44-8627-bccee280a57c'),
 ('423', '388', 'en_us', 'Ellevennightclub', NULL, 'left', NULL, NULL, NULL, 'blue', '0', 'primary', NULL, 'gray', NULL, 'normal', NULL, NULL, NULL, NULL, NULL, NULL, '0.0', NULL, NULL, NULL, NULL, NULL, NULL, NULL, 'website', NULL, NULL, NULL, NULL, NULL, 'left', '0', NULL, NULL, NULL, NULL, '0', '0', NULL, NULL, NULL, NULL, NULL, NULL, NULL, NULL, NULL, '0', '0', '0', NULL, NULL, NULL, NULL, NULL, NULL, '2017-08-30 21:02:45', '2017-08-30 21:02:45', '8574db6a-bebb-4da0-9ba2-3d693c7c7191'),
 ('424', '388', 'de_de', 'Ellevennightclub', NULL, 'left', NULL, NULL, NULL, 'blue', '0', 'primary', NULL, 'gray', NULL, 'normal', NULL, NULL, NULL, NULL, NULL, NULL, '0.0', NULL, NULL, NULL, NULL, NULL, NULL, NULL, 'website', NULL, NULL, NULL, NULL, NULL, 'left', '0', NULL, NULL, NULL, NULL, '0', '0', NULL, NULL, NULL, NULL, NULL, NULL, NULL, NULL, NULL, '0', '0', '0', NULL, NULL, NULL, NULL, NULL, NULL, '2017-08-30 21:02:45', '2017-08-30 21:02:45', '9e7b81de-35f8-4aae-b414-1aa7c336c548'),
 ('425', '389', 'en_us', 'Ellevennightclub', NULL, 'left', NULL, NULL, NULL, 'blue', '0', 'primary', NULL, 'gray', NULL, 'normal', NULL, NULL, NULL, NULL, NULL, NULL, '0.0', NULL, NULL, NULL, NULL, NULL, NULL, NULL, 'website', NULL, NULL, NULL, NULL, NULL, 'left', '0', NULL, NULL, NULL, NULL, '0', '0', NULL, NULL, NULL, NULL, NULL, NULL, NULL, NULL, NULL, '0', '0', '0', NULL, NULL, NULL, NULL, NULL, NULL, '2017-08-30 21:02:45', '2017-08-30 21:02:45', 'fd5fe351-039d-4f53-85e4-115e34dfee41'),
 ('426', '389', 'de_de', 'Ellevennightclub', NULL, 'left', NULL, NULL, NULL, 'blue', '0', 'primary', NULL, 'gray', NULL, 'normal', NULL, NULL, NULL, NULL, NULL, NULL, '0.0', NULL, NULL, NULL, NULL, NULL, NULL, NULL, 'website', NULL, NULL, NULL, NULL, NULL, 'left', '0', NULL, NULL, NULL, NULL, '0', '0', NULL, NULL, NULL, NULL, NULL, NULL, NULL, NULL, NULL, '0', '0', '0', NULL, NULL, NULL, NULL, NULL, NULL, '2017-08-30 21:02:45', '2017-08-30 21:02:45', '1e61a32e-3fef-4749-abcb-9df41570f0f4'),
 ('427', '390', 'en_us', 'Gametime', NULL, 'left', NULL, NULL, NULL, 'blue', '0', 'primary', NULL, 'gray', NULL, 'normal', NULL, NULL, NULL, NULL, NULL, NULL, '0.0', NULL, NULL, NULL, NULL, NULL, NULL, NULL, 'website', NULL, NULL, NULL, NULL, NULL, 'left', '0', NULL, NULL, NULL, NULL, '0', '0', NULL, NULL, NULL, NULL, NULL, NULL, NULL, NULL, NULL, '0', '0', '0', NULL, NULL, NULL, NULL, NULL, NULL, '2017-08-30 21:02:45', '2017-08-30 21:02:45', 'f8ccc506-3c97-45a2-802f-f13979b6e736'),
 ('428', '390', 'de_de', 'Gametime', NULL, 'left', NULL, NULL, NULL, 'blue', '0', 'primary', NULL, 'gray', NULL, 'normal', NULL, NULL, NULL, NULL, NULL, NULL, '0.0', NULL, NULL, NULL, NULL, NULL, NULL, NULL, 'website', NULL, NULL, NULL, NULL, NULL, 'left', '0', NULL, NULL, NULL, NULL, '0', '0', NULL, NULL, NULL, NULL, NULL, NULL, NULL, NULL, NULL, '0', '0', '0', NULL, NULL, NULL, NULL, NULL, NULL, '2017-08-30 21:02:45', '2017-08-30 21:02:45', 'f9913513-5fdf-448e-b16d-8089892626d4'),
 ('429', '391', 'en_us', 'Gametime', NULL, 'left', NULL, NULL, NULL, 'blue', '0', 'primary', NULL, 'gray', NULL, 'normal', NULL, NULL, NULL, NULL, NULL, NULL, '0.0', NULL, NULL, NULL, NULL, NULL, NULL, NULL, 'website', NULL, NULL, NULL, NULL, NULL, 'left', '0', NULL, NULL, NULL, NULL, '0', '0', NULL, NULL, NULL, NULL, NULL, NULL, NULL, NULL, NULL, '0', '0', '0', NULL, NULL, NULL, NULL, NULL, NULL, '2017-08-30 21:02:45', '2017-08-30 21:02:45', 'f3a52c7b-732b-4884-89fd-8f692a47a050'),
 ('430', '391', 'de_de', 'Gametime', NULL, 'left', NULL, NULL, NULL, 'blue', '0', 'primary', NULL, 'gray', NULL, 'normal', NULL, NULL, NULL, NULL, NULL, NULL, '0.0', NULL, NULL, NULL, NULL, NULL, NULL, NULL, 'website', NULL, NULL, NULL, NULL, NULL, 'left', '0', NULL, NULL, NULL, NULL, '0', '0', NULL, NULL, NULL, NULL, NULL, NULL, NULL, NULL, NULL, '0', '0', '0', NULL, NULL, NULL, NULL, NULL, NULL, '2017-08-30 21:02:45', '2017-08-30 21:02:45', '3868a094-fd2b-464a-9e44-888024549659'),
 ('431', '392', 'en_us', 'Gatorade', NULL, 'left', NULL, NULL, NULL, 'blue', '0', 'primary', NULL, 'gray', NULL, 'normal', NULL, NULL, NULL, NULL, NULL, NULL, '0.0', NULL, NULL, NULL, NULL, NULL, NULL, NULL, 'website', NULL, NULL, NULL, NULL, NULL, 'left', '0', NULL, NULL, NULL, NULL, '0', '0', NULL, NULL, NULL, NULL, NULL, NULL, NULL, NULL, NULL, '0', '0', '0', NULL, NULL, NULL, NULL, NULL, NULL, '2017-08-30 21:02:45', '2017-08-30 21:02:45', 'be698e02-2bff-4ae8-9007-42ed67ef3431'),
 ('432', '392', 'de_de', 'Gatorade', NULL, 'left', NULL, NULL, NULL, 'blue', '0', 'primary', NULL, 'gray', NULL, 'normal', NULL, NULL, NULL, NULL, NULL, NULL, '0.0', NULL, NULL, NULL, NULL, NULL, NULL, NULL, 'website', NULL, NULL, NULL, NULL, NULL, 'left', '0', NULL, NULL, NULL, NULL, '0', '0', NULL, NULL, NULL, NULL, NULL, NULL, NULL, NULL, NULL, '0', '0', '0', NULL, NULL, NULL, NULL, NULL, NULL, '2017-08-30 21:02:45', '2017-08-30 21:02:45', '69ccc4c0-74ba-4f83-bf75-844d7bb32acb'),
 ('433', '393', 'en_us', 'Gatorade', NULL, 'left', NULL, NULL, NULL, 'blue', '0', 'primary', NULL, 'gray', NULL, 'normal', NULL, NULL, NULL, NULL, NULL, NULL, '0.0', NULL, NULL, NULL, NULL, NULL, NULL, NULL, 'website', NULL, NULL, NULL, NULL, NULL, 'left', '0', NULL, NULL, NULL, NULL, '0', '0', NULL, NULL, NULL, NULL, NULL, NULL, NULL, NULL, NULL, '0', '0', '0', NULL, NULL, NULL, NULL, NULL, NULL, '2017-08-30 21:02:45', '2017-08-30 21:02:45', '6544e745-bda5-42fa-b3e7-f298c5cf854e'),
 ('434', '393', 'de_de', 'Gatorade', NULL, 'left', NULL, NULL, NULL, 'blue', '0', 'primary', NULL, 'gray', NULL, 'normal', NULL, NULL, NULL, NULL, NULL, NULL, '0.0', NULL, NULL, NULL, NULL, NULL, NULL, NULL, 'website', NULL, NULL, NULL, NULL, NULL, 'left', '0', NULL, NULL, NULL, NULL, '0', '0', NULL, NULL, NULL, NULL, NULL, NULL, NULL, NULL, NULL, '0', '0', '0', NULL, NULL, NULL, NULL, NULL, NULL, '2017-08-30 21:02:45', '2017-08-30 21:02:45', '89e4b47c-a0b0-4d78-aa8e-96711be70e8f'),
 ('435', '394', 'en_us', 'Geofilter', NULL, 'left', NULL, NULL, NULL, 'blue', '0', 'primary', NULL, 'gray', NULL, 'normal', NULL, NULL, NULL, NULL, NULL, NULL, '0.0', NULL, NULL, NULL, NULL, NULL, NULL, NULL, 'website', NULL, NULL, NULL, NULL, NULL, 'left', '0', NULL, NULL, NULL, NULL, '0', '0', NULL, NULL, NULL, NULL, NULL, NULL, NULL, NULL, NULL, '0', '0', '0', NULL, NULL, NULL, NULL, NULL, NULL, '2017-08-30 21:02:45', '2017-08-30 21:02:45', 'c0e3be22-555b-4f53-a9c1-23ab56591f48'),
 ('436', '394', 'de_de', 'Geofilter', NULL, 'left', NULL, NULL, NULL, 'blue', '0', 'primary', NULL, 'gray', NULL, 'normal', NULL, NULL, NULL, NULL, NULL, NULL, '0.0', NULL, NULL, NULL, NULL, NULL, NULL, NULL, 'website', NULL, NULL, NULL, NULL, NULL, 'left', '0', NULL, NULL, NULL, NULL, '0', '0', NULL, NULL, NULL, NULL, NULL, NULL, NULL, NULL, NULL, '0', '0', '0', NULL, NULL, NULL, NULL, NULL, NULL, '2017-08-30 21:02:45', '2017-08-30 21:02:45', 'ba3071f6-f9ba-4d2d-b86c-3c2169a86a3d'),
 ('437', '395', 'en_us', 'Geofilter', NULL, 'left', NULL, NULL, NULL, 'blue', '0', 'primary', NULL, 'gray', NULL, 'normal', NULL, NULL, NULL, NULL, NULL, NULL, '0.0', NULL, NULL, NULL, NULL, NULL, NULL, NULL, 'website', NULL, NULL, NULL, NULL, NULL, 'left', '0', NULL, NULL, NULL, NULL, '0', '0', NULL, NULL, NULL, NULL, NULL, NULL, NULL, NULL, NULL, '0', '0', '0', NULL, NULL, NULL, NULL, NULL, NULL, '2017-08-30 21:02:45', '2017-08-30 21:02:46', '66182382-e5cd-46a5-9257-5446a337454d'),
 ('438', '395', 'de_de', 'Geofilter', NULL, 'left', NULL, NULL, NULL, 'blue', '0', 'primary', NULL, 'gray', NULL, 'normal', NULL, NULL, NULL, NULL, NULL, NULL, '0.0', NULL, NULL, NULL, NULL, NULL, NULL, NULL, 'website', NULL, NULL, NULL, NULL, NULL, 'left', '0', NULL, NULL, NULL, NULL, '0', '0', NULL, NULL, NULL, NULL, NULL, NULL, NULL, NULL, NULL, '0', '0', '0', NULL, NULL, NULL, NULL, NULL, NULL, '2017-08-30 21:02:46', '2017-08-30 21:02:46', '9f41693e-15e6-4ad3-8077-90654ef6e829'),
 ('439', '396', 'en_us', 'Lakings', NULL, 'left', NULL, NULL, NULL, 'blue', '0', 'primary', NULL, 'gray', NULL, 'normal', NULL, NULL, NULL, NULL, NULL, NULL, '0.0', NULL, NULL, NULL, NULL, NULL, NULL, NULL, 'website', NULL, NULL, NULL, NULL, NULL, 'left', '0', NULL, NULL, NULL, NULL, '0', '0', NULL, NULL, NULL, NULL, NULL, NULL, NULL, NULL, NULL, '0', '0', '0', NULL, NULL, NULL, NULL, NULL, NULL, '2017-08-30 21:02:46', '2017-08-30 21:02:46', 'a3d3f83a-4ab4-4f38-905e-36b8d9af6da5'),
 ('440', '396', 'de_de', 'Lakings', NULL, 'left', NULL, NULL, NULL, 'blue', '0', 'primary', NULL, 'gray', NULL, 'normal', NULL, NULL, NULL, NULL, NULL, NULL, '0.0', NULL, NULL, NULL, NULL, NULL, NULL, NULL, 'website', NULL, NULL, NULL, NULL, NULL, 'left', '0', NULL, NULL, NULL, NULL, '0', '0', NULL, NULL, NULL, NULL, NULL, NULL, NULL, NULL, NULL, '0', '0', '0', NULL, NULL, NULL, NULL, NULL, NULL, '2017-08-30 21:02:46', '2017-08-30 21:02:46', 'cbdde823-8f13-4898-b599-105822e378cb'),
 ('441', '397', 'en_us', 'Lakings', NULL, 'left', NULL, NULL, NULL, 'blue', '0', 'primary', NULL, 'gray', NULL, 'normal', NULL, NULL, NULL, NULL, NULL, NULL, '0.0', NULL, NULL, NULL, NULL, NULL, NULL, NULL, 'website', NULL, NULL, NULL, NULL, NULL, 'left', '0', NULL, NULL, NULL, NULL, '0', '0', NULL, NULL, NULL, NULL, NULL, NULL, NULL, NULL, NULL, '0', '0', '0', NULL, NULL, NULL, NULL, NULL, NULL, '2017-08-30 21:02:46', '2017-08-30 21:02:46', '2b5abefb-e703-498a-810e-7c7492952826'),
 ('442', '397', 'de_de', 'Lakings', NULL, 'left', NULL, NULL, NULL, 'blue', '0', 'primary', NULL, 'gray', NULL, 'normal', NULL, NULL, NULL, NULL, NULL, NULL, '0.0', NULL, NULL, NULL, NULL, NULL, NULL, NULL, 'website', NULL, NULL, NULL, NULL, NULL, 'left', '0', NULL, NULL, NULL, NULL, '0', '0', NULL, NULL, NULL, NULL, NULL, NULL, NULL, NULL, NULL, '0', '0', '0', NULL, NULL, NULL, NULL, NULL, NULL, '2017-08-30 21:02:46', '2017-08-30 21:02:46', '58dbc494-694e-4291-a959-4e0c4f7f0b36'),
 ('443', '398', 'en_us', 'Michaelkors', NULL, 'left', NULL, NULL, NULL, 'blue', '0', 'primary', NULL, 'gray', NULL, 'normal', NULL, NULL, NULL, NULL, NULL, NULL, '0.0', NULL, NULL, NULL, NULL, NULL, NULL, NULL, 'website', NULL, NULL, NULL, NULL, NULL, 'left', '0', NULL, NULL, NULL, NULL, '0', '0', NULL, NULL, NULL, NULL, NULL, NULL, NULL, NULL, NULL, '0', '0', '0', NULL, NULL, NULL, NULL, NULL, NULL, '2017-08-30 21:02:46', '2017-08-30 21:02:46', '51c0fdc0-daa2-47be-8e54-f17fa0c33aa1'),
 ('444', '398', 'de_de', 'Michaelkors', NULL, 'left', NULL, NULL, NULL, 'blue', '0', 'primary', NULL, 'gray', NULL, 'normal', NULL, NULL, NULL, NULL, NULL, NULL, '0.0', NULL, NULL, NULL, NULL, NULL, NULL, NULL, 'website', NULL, NULL, NULL, NULL, NULL, 'left', '0', NULL, NULL, NULL, NULL, '0', '0', NULL, NULL, NULL, NULL, NULL, NULL, NULL, NULL, NULL, '0', '0', '0', NULL, NULL, NULL, NULL, NULL, NULL, '2017-08-30 21:02:46', '2017-08-30 21:02:46', '944ee280-4433-4ac9-914d-78ffdbf9c856'),
 ('445', '399', 'en_us', 'Mtndew', NULL, 'left', NULL, NULL, NULL, 'blue', '0', 'primary', NULL, 'gray', NULL, 'normal', NULL, NULL, NULL, NULL, NULL, NULL, '0.0', NULL, NULL, NULL, NULL, NULL, NULL, NULL, 'website', NULL, NULL, NULL, NULL, NULL, 'left', '0', NULL, NULL, NULL, NULL, '0', '0', NULL, NULL, NULL, NULL, NULL, NULL, NULL, NULL, NULL, '0', '0', '0', NULL, NULL, NULL, NULL, NULL, NULL, '2017-08-30 21:02:46', '2017-08-30 21:02:46', 'b1c2853f-16eb-474d-89eb-7fc39f47d28e'),
 ('446', '399', 'de_de', 'Mtndew', NULL, 'left', NULL, NULL, NULL, 'blue', '0', 'primary', NULL, 'gray', NULL, 'normal', NULL, NULL, NULL, NULL, NULL, NULL, '0.0', NULL, NULL, NULL, NULL, NULL, NULL, NULL, 'website', NULL, NULL, NULL, NULL, NULL, 'left', '0', NULL, NULL, NULL, NULL, '0', '0', NULL, NULL, NULL, NULL, NULL, NULL, NULL, NULL, NULL, '0', '0', '0', NULL, NULL, NULL, NULL, NULL, NULL, '2017-08-30 21:02:46', '2017-08-30 21:02:46', '685ed5a6-8474-4978-bef9-b7b096a02257'),
 ('447', '400', 'en_us', 'Michaelkors', NULL, 'left', NULL, NULL, NULL, 'blue', '0', 'primary', NULL, 'gray', NULL, 'normal', NULL, NULL, NULL, NULL, NULL, NULL, '0.0', NULL, NULL, NULL, NULL, NULL, NULL, NULL, 'website', NULL, NULL, NULL, NULL, NULL, 'left', '0', NULL, NULL, NULL, NULL, '0', '0', NULL, NULL, NULL, NULL, NULL, NULL, NULL, NULL, NULL, '0', '0', '0', NULL, NULL, NULL, NULL, NULL, NULL, '2017-08-30 21:02:46', '2017-08-30 21:02:46', 'd0406aa0-31ad-438f-b6fd-68260227a915'),
 ('448', '400', 'de_de', 'Michaelkors', NULL, 'left', NULL, NULL, NULL, 'blue', '0', 'primary', NULL, 'gray', NULL, 'normal', NULL, NULL, NULL, NULL, NULL, NULL, '0.0', NULL, NULL, NULL, NULL, NULL, NULL, NULL, 'website', NULL, NULL, NULL, NULL, NULL, 'left', '0', NULL, NULL, NULL, NULL, '0', '0', NULL, NULL, NULL, NULL, NULL, NULL, NULL, NULL, NULL, '0', '0', '0', NULL, NULL, NULL, NULL, NULL, NULL, '2017-08-30 21:02:46', '2017-08-30 21:02:46', '20f73136-04ed-4db6-a752-73ba3c31f248'),
 ('449', '401', 'en_us', 'Mtndew', NULL, 'left', NULL, NULL, NULL, 'blue', '0', 'primary', NULL, 'gray', NULL, 'normal', NULL, NULL, NULL, NULL, NULL, NULL, '0.0', NULL, NULL, NULL, NULL, NULL, NULL, NULL, 'website', NULL, NULL, NULL, NULL, NULL, 'left', '0', NULL, NULL, NULL, NULL, '0', '0', NULL, NULL, NULL, NULL, NULL, NULL, NULL, NULL, NULL, '0', '0', '0', NULL, NULL, NULL, NULL, NULL, NULL, '2017-08-30 21:02:46', '2017-08-30 21:02:46', 'cad92017-eb0f-4830-8983-d2c28c2baae9'),
 ('450', '401', 'de_de', 'Mtndew', NULL, 'left', NULL, NULL, NULL, 'blue', '0', 'primary', NULL, 'gray', NULL, 'normal', NULL, NULL, NULL, NULL, NULL, NULL, '0.0', NULL, NULL, NULL, NULL, NULL, NULL, NULL, 'website', NULL, NULL, NULL, NULL, NULL, 'left', '0', NULL, NULL, NULL, NULL, '0', '0', NULL, NULL, NULL, NULL, NULL, NULL, NULL, NULL, NULL, '0', '0', '0', NULL, NULL, NULL, NULL, NULL, NULL, '2017-08-30 21:02:46', '2017-08-30 21:02:46', 'd36cd431-baa6-4788-8d92-5c965c050fac'),
 ('451', '402', 'en_us', 'Philsdonuts', NULL, 'left', NULL, NULL, NULL, 'blue', '0', 'primary', NULL, 'gray', NULL, 'normal', NULL, NULL, NULL, NULL, NULL, NULL, '0.0', NULL, NULL, NULL, NULL, NULL, NULL, NULL, 'website', NULL, NULL, NULL, NULL, NULL, 'left', '0', NULL, NULL, NULL, NULL, '0', '0', NULL, NULL, NULL, NULL, NULL, NULL, NULL, NULL, NULL, '0', '0', '0', NULL, NULL, NULL, NULL, NULL, NULL, '2017-08-30 21:02:47', '2017-08-30 21:02:47', '2cd46928-82fb-4310-80a9-6d13e4f91592'),
 ('452', '402', 'de_de', 'Philsdonuts', NULL, 'left', NULL, NULL, NULL, 'blue', '0', 'primary', NULL, 'gray', NULL, 'normal', NULL, NULL, NULL, NULL, NULL, NULL, '0.0', NULL, NULL, NULL, NULL, NULL, NULL, NULL, 'website', NULL, NULL, NULL, NULL, NULL, 'left', '0', NULL, NULL, NULL, NULL, '0', '0', NULL, NULL, NULL, NULL, NULL, NULL, NULL, NULL, NULL, '0', '0', '0', NULL, NULL, NULL, NULL, NULL, NULL, '2017-08-30 21:02:47', '2017-08-30 21:02:47', '59fedfcd-bb5a-47e1-b127-06f3a57c9e98'),
 ('453', '403', 'en_us', 'Postmates', NULL, 'left', NULL, NULL, NULL, 'blue', '0', 'primary', NULL, 'gray', NULL, 'normal', NULL, NULL, NULL, NULL, NULL, NULL, '0.0', NULL, NULL, NULL, NULL, NULL, NULL, NULL, 'website', NULL, NULL, NULL, NULL, NULL, 'left', '0', NULL, NULL, NULL, NULL, '0', '0', NULL, NULL, NULL, NULL, NULL, NULL, NULL, NULL, NULL, '0', '0', '0', NULL, NULL, NULL, NULL, NULL, NULL, '2017-08-30 21:02:47', '2017-08-30 21:02:47', '373ea093-b5e3-4a50-9c85-074d692730b4'),
 ('454', '403', 'de_de', 'Postmates', NULL, 'left', NULL, NULL, NULL, 'blue', '0', 'primary', NULL, 'gray', NULL, 'normal', NULL, NULL, NULL, NULL, NULL, NULL, '0.0', NULL, NULL, NULL, NULL, NULL, NULL, NULL, 'website', NULL, NULL, NULL, NULL, NULL, 'left', '0', NULL, NULL, NULL, NULL, '0', '0', NULL, NULL, NULL, NULL, NULL, NULL, NULL, NULL, NULL, '0', '0', '0', NULL, NULL, NULL, NULL, NULL, NULL, '2017-08-30 21:02:47', '2017-08-30 21:02:47', '545397ca-fb32-47cf-8392-bcf5bdff2a58'),
 ('455', '404', 'en_us', 'Postmates', NULL, 'left', NULL, NULL, NULL, 'blue', '0', 'primary', NULL, 'gray', NULL, 'normal', NULL, NULL, NULL, NULL, NULL, NULL, '0.0', NULL, NULL, NULL, NULL, NULL, NULL, NULL, 'website', NULL, NULL, NULL, NULL, NULL, 'left', '0', NULL, NULL, NULL, NULL, '0', '0', NULL, NULL, NULL, NULL, NULL, NULL, NULL, NULL, NULL, '0', '0', '0', NULL, NULL, NULL, NULL, NULL, NULL, '2017-08-30 21:02:47', '2017-08-30 21:02:47', '6a7567f0-18f4-4cb0-bbb3-c922200f780d'),
 ('456', '404', 'de_de', 'Postmates', NULL, 'left', NULL, NULL, NULL, 'blue', '0', 'primary', NULL, 'gray', NULL, 'normal', NULL, NULL, NULL, NULL, NULL, NULL, '0.0', NULL, NULL, NULL, NULL, NULL, NULL, NULL, 'website', NULL, NULL, NULL, NULL, NULL, 'left', '0', NULL, NULL, NULL, NULL, '0', '0', NULL, NULL, NULL, NULL, NULL, NULL, NULL, NULL, NULL, '0', '0', '0', NULL, NULL, NULL, NULL, NULL, NULL, '2017-08-30 21:02:47', '2017-08-30 21:02:47', 'bb1a1757-2f3b-44a4-9096-7d74ce3cd758'),
 ('457', '405', 'en_us', 'Publisher', NULL, 'left', NULL, NULL, NULL, 'blue', '0', 'primary', NULL, 'gray', NULL, 'normal', NULL, NULL, NULL, NULL, NULL, NULL, '0.0', NULL, NULL, NULL, NULL, NULL, NULL, NULL, 'website', NULL, NULL, NULL, NULL, NULL, 'left', '0', NULL, NULL, NULL, NULL, '0', '0', NULL, NULL, NULL, NULL, NULL, NULL, NULL, NULL, NULL, '0', '0', '0', NULL, NULL, NULL, NULL, NULL, NULL, '2017-08-30 21:02:47', '2017-08-30 21:02:47', '1b572e3e-feae-43d3-9322-2ed7b83ec330'),
 ('458', '405', 'de_de', 'Publisher', NULL, 'left', NULL, NULL, NULL, 'blue', '0', 'primary', NULL, 'gray', NULL, 'normal', NULL, NULL, NULL, NULL, NULL, NULL, '0.0', NULL, NULL, NULL, NULL, NULL, NULL, NULL, 'website', NULL, NULL, NULL, NULL, NULL, 'left', '0', NULL, NULL, NULL, NULL, '0', '0', NULL, NULL, NULL, NULL, NULL, NULL, NULL, NULL, NULL, '0', '0', '0', NULL, NULL, NULL, NULL, NULL, NULL, '2017-08-30 21:02:47', '2017-08-30 21:02:47', 'a9c3ca73-59a0-489a-be31-1c4867934b16'),
 ('459', '406', 'en_us', 'Publisher', NULL, 'left', NULL, NULL, NULL, 'blue', '0', 'primary', NULL, 'gray', NULL, 'normal', NULL, NULL, NULL, NULL, NULL, NULL, '0.0', NULL, NULL, NULL, NULL, NULL, NULL, NULL, 'website', NULL, NULL, NULL, NULL, NULL, 'left', '0', NULL, NULL, NULL, NULL, '0', '0', NULL, NULL, NULL, NULL, NULL, NULL, NULL, NULL, NULL, '0', '0', '0', NULL, NULL, NULL, NULL, NULL, NULL, '2017-08-30 21:02:47', '2017-08-30 21:02:47', 'b8eed8c9-7c50-4883-bf2a-d4eee04bab2a'),
 ('460', '406', 'de_de', 'Publisher', NULL, 'left', NULL, NULL, NULL, 'blue', '0', 'primary', NULL, 'gray', NULL, 'normal', NULL, NULL, NULL, NULL, NULL, NULL, '0.0', NULL, NULL, NULL, NULL, NULL, NULL, NULL, 'website', NULL, NULL, NULL, NULL, NULL, 'left', '0', NULL, NULL, NULL, NULL, '0', '0', NULL, NULL, NULL, NULL, NULL, NULL, NULL, NULL, NULL, '0', '0', '0', NULL, NULL, NULL, NULL, NULL, NULL, '2017-08-30 21:02:47', '2017-08-30 21:02:47', '4e9503c0-db87-4b9e-a6d1-08a1d3871185'),
 ('461', '407', 'en_us', 'Redbull', NULL, 'left', NULL, NULL, NULL, 'blue', '0', 'primary', NULL, 'gray', NULL, 'normal', NULL, NULL, NULL, NULL, NULL, NULL, '0.0', NULL, NULL, NULL, NULL, NULL, NULL, NULL, 'website', NULL, NULL, NULL, NULL, NULL, 'left', '0', NULL, NULL, NULL, NULL, '0', '0', NULL, NULL, NULL, NULL, NULL, NULL, NULL, NULL, NULL, '0', '0', '0', NULL, NULL, NULL, NULL, NULL, NULL, '2017-08-30 21:02:47', '2017-08-30 21:02:47', '2a333358-c6c8-455c-95c3-58a47e54eddb'),
 ('462', '407', 'de_de', 'Redbull', NULL, 'left', NULL, NULL, NULL, 'blue', '0', 'primary', NULL, 'gray', NULL, 'normal', NULL, NULL, NULL, NULL, NULL, NULL, '0.0', NULL, NULL, NULL, NULL, NULL, NULL, NULL, 'website', NULL, NULL, NULL, NULL, NULL, 'left', '0', NULL, NULL, NULL, NULL, '0', '0', NULL, NULL, NULL, NULL, NULL, NULL, NULL, NULL, NULL, '0', '0', '0', NULL, NULL, NULL, NULL, NULL, NULL, '2017-08-30 21:02:47', '2017-08-30 21:02:47', 'acb01b69-34cf-4cc3-b9c9-165e0fac7b38'),
 ('463', '408', 'en_us', 'Redbull', NULL, 'left', NULL, NULL, NULL, 'blue', '0', 'primary', NULL, 'gray', NULL, 'normal', NULL, NULL, NULL, NULL, NULL, NULL, '0.0', NULL, NULL, NULL, NULL, NULL, NULL, NULL, 'website', NULL, NULL, NULL, NULL, NULL, 'left', '0', NULL, NULL, NULL, NULL, '0', '0', NULL, NULL, NULL, NULL, NULL, NULL, NULL, NULL, NULL, '0', '0', '0', NULL, NULL, NULL, NULL, NULL, NULL, '2017-08-30 21:02:47', '2017-08-30 21:02:47', 'b487ec29-e9d3-4f2f-82e1-20c0910a04f3'),
 ('464', '408', 'de_de', 'Redbull', NULL, 'left', NULL, NULL, NULL, 'blue', '0', 'primary', NULL, 'gray', NULL, 'normal', NULL, NULL, NULL, NULL, NULL, NULL, '0.0', NULL, NULL, NULL, NULL, NULL, NULL, NULL, 'website', NULL, NULL, NULL, NULL, NULL, 'left', '0', NULL, NULL, NULL, NULL, '0', '0', NULL, NULL, NULL, NULL, NULL, NULL, NULL, NULL, NULL, '0', '0', '0', NULL, NULL, NULL, NULL, NULL, NULL, '2017-08-30 21:02:47', '2017-08-30 21:02:47', 'eda4507b-b30f-4285-a11b-00ee1a355e76'),
 ('465', '409', 'en_us', 'Philsdonuts', NULL, 'left', NULL, NULL, NULL, 'blue', '0', 'primary', NULL, 'gray', NULL, 'normal', NULL, NULL, NULL, NULL, NULL, NULL, '0.0', NULL, NULL, NULL, NULL, NULL, NULL, NULL, 'website', NULL, NULL, NULL, NULL, NULL, 'left', '0', NULL, NULL, NULL, NULL, '0', '0', NULL, NULL, NULL, NULL, NULL, NULL, NULL, NULL, NULL, '0', '0', '0', NULL, NULL, NULL, NULL, NULL, NULL, '2017-08-30 21:02:48', '2017-08-30 21:02:48', '8946ae78-a377-4c81-b5b1-564e9e08f494'),
 ('466', '409', 'de_de', 'Philsdonuts', NULL, 'left', NULL, NULL, NULL, 'blue', '0', 'primary', NULL, 'gray', NULL, 'normal', NULL, NULL, NULL, NULL, NULL, NULL, '0.0', NULL, NULL, NULL, NULL, NULL, NULL, NULL, 'website', NULL, NULL, NULL, NULL, NULL, 'left', '0', NULL, NULL, NULL, NULL, '0', '0', NULL, NULL, NULL, NULL, NULL, NULL, NULL, NULL, NULL, '0', '0', '0', NULL, NULL, NULL, NULL, NULL, NULL, '2017-08-30 21:02:48', '2017-08-30 21:02:48', 'c139e031-3b4b-482a-b244-c3bef4c44796'),
 ('467', '410', 'en_us', 'Selfserve', NULL, 'left', NULL, NULL, NULL, 'blue', '0', 'primary', NULL, 'gray', NULL, 'normal', NULL, NULL, NULL, NULL, NULL, NULL, '0.0', NULL, NULL, NULL, NULL, NULL, NULL, NULL, 'website', NULL, NULL, NULL, NULL, NULL, 'left', '0', NULL, NULL, NULL, NULL, '0', '0', NULL, NULL, NULL, NULL, NULL, NULL, NULL, NULL, NULL, '0', '0', '0', NULL, NULL, NULL, NULL, NULL, NULL, '2017-08-30 21:02:48', '2017-08-30 21:02:48', '8593c0f9-eab5-4449-bdc1-5ba162259e99'),
 ('468', '410', 'de_de', 'Selfserve', NULL, 'left', NULL, NULL, NULL, 'blue', '0', 'primary', NULL, 'gray', NULL, 'normal', NULL, NULL, NULL, NULL, NULL, NULL, '0.0', NULL, NULL, NULL, NULL, NULL, NULL, NULL, 'website', NULL, NULL, NULL, NULL, NULL, 'left', '0', NULL, NULL, NULL, NULL, '0', '0', NULL, NULL, NULL, NULL, NULL, NULL, NULL, NULL, NULL, '0', '0', '0', NULL, NULL, NULL, NULL, NULL, NULL, '2017-08-30 21:02:48', '2017-08-30 21:02:48', 'cb9078f3-1396-44d5-821b-6505bc2fe230'),
 ('469', '411', 'en_us', 'Selfserve', NULL, 'left', NULL, NULL, NULL, 'blue', '0', 'primary', NULL, 'gray', NULL, 'normal', NULL, NULL, NULL, NULL, NULL, NULL, '0.0', NULL, NULL, NULL, NULL, NULL, NULL, NULL, 'website', NULL, NULL, NULL, NULL, NULL, 'left', '0', NULL, NULL, NULL, NULL, '0', '0', NULL, NULL, NULL, NULL, NULL, NULL, NULL, NULL, NULL, '0', '0', '0', NULL, NULL, NULL, NULL, NULL, NULL, '2017-08-30 21:02:48', '2017-08-30 21:02:48', '88bf0e94-4e13-4b34-85c3-91e9f31a56fe'),
 ('470', '411', 'de_de', 'Selfserve', NULL, 'left', NULL, NULL, NULL, 'blue', '0', 'primary', NULL, 'gray', NULL, 'normal', NULL, NULL, NULL, NULL, NULL, NULL, '0.0', NULL, NULL, NULL, NULL, NULL, NULL, NULL, 'website', NULL, NULL, NULL, NULL, NULL, 'left', '0', NULL, NULL, NULL, NULL, '0', '0', NULL, NULL, NULL, NULL, NULL, NULL, NULL, NULL, NULL, '0', '0', '0', NULL, NULL, NULL, NULL, NULL, NULL, '2017-08-30 21:02:48', '2017-08-30 21:02:48', '27bc7fac-826b-4922-9e6f-7a784b71ff47'),
 ('471', '412', 'en_us', 'Snapchat', NULL, 'left', NULL, NULL, NULL, 'blue', '0', 'primary', NULL, 'gray', NULL, 'normal', NULL, NULL, NULL, NULL, NULL, NULL, '0.0', NULL, NULL, NULL, NULL, NULL, NULL, NULL, 'website', NULL, NULL, NULL, NULL, NULL, 'left', '0', NULL, NULL, NULL, NULL, '0', '0', NULL, NULL, NULL, NULL, NULL, NULL, NULL, NULL, NULL, '0', '0', '0', NULL, NULL, NULL, NULL, NULL, NULL, '2017-08-30 21:02:48', '2017-08-30 21:02:48', 'b40b883d-758a-450b-8211-77b6a137384c'),
 ('472', '412', 'de_de', 'Snapchat', NULL, 'left', NULL, NULL, NULL, 'blue', '0', 'primary', NULL, 'gray', NULL, 'normal', NULL, NULL, NULL, NULL, NULL, NULL, '0.0', NULL, NULL, NULL, NULL, NULL, NULL, NULL, 'website', NULL, NULL, NULL, NULL, NULL, 'left', '0', NULL, NULL, NULL, NULL, '0', '0', NULL, NULL, NULL, NULL, NULL, NULL, NULL, NULL, NULL, '0', '0', '0', NULL, NULL, NULL, NULL, NULL, NULL, '2017-08-30 21:02:48', '2017-08-30 21:02:48', '6dbc1750-bfc2-46c8-8563-f130d7c407e1'),
 ('473', '413', 'en_us', 'Snapchat', NULL, 'left', NULL, NULL, NULL, 'blue', '0', 'primary', NULL, 'gray', NULL, 'normal', NULL, NULL, NULL, NULL, NULL, NULL, '0.0', NULL, NULL, NULL, NULL, NULL, NULL, NULL, 'website', NULL, NULL, NULL, NULL, NULL, 'left', '0', NULL, NULL, NULL, NULL, '0', '0', NULL, NULL, NULL, NULL, NULL, NULL, NULL, NULL, NULL, '0', '0', '0', NULL, NULL, NULL, NULL, NULL, NULL, '2017-08-30 21:02:48', '2017-08-30 21:02:48', 'd5046437-f688-44ca-a005-a23856aff27a'),
 ('474', '413', 'de_de', 'Snapchat', NULL, 'left', NULL, NULL, NULL, 'blue', '0', 'primary', NULL, 'gray', NULL, 'normal', NULL, NULL, NULL, NULL, NULL, NULL, '0.0', NULL, NULL, NULL, NULL, NULL, NULL, NULL, 'website', NULL, NULL, NULL, NULL, NULL, 'left', '0', NULL, NULL, NULL, NULL, '0', '0', NULL, NULL, NULL, NULL, NULL, NULL, NULL, NULL, NULL, '0', '0', '0', NULL, NULL, NULL, NULL, NULL, NULL, '2017-08-30 21:02:48', '2017-08-30 21:02:48', 'ec974326-03f2-49d6-9d06-42e735832f44'),
 ('475', '414', 'en_us', 'Snapchat2', NULL, 'left', NULL, NULL, NULL, 'blue', '0', 'primary', NULL, 'gray', NULL, 'normal', NULL, NULL, NULL, NULL, NULL, NULL, '0.0', NULL, NULL, NULL, NULL, NULL, NULL, NULL, 'website', NULL, NULL, NULL, NULL, NULL, 'left', '0', NULL, NULL, NULL, NULL, '0', '0', NULL, NULL, NULL, NULL, NULL, NULL, NULL, NULL, NULL, '0', '0', '0', NULL, NULL, NULL, NULL, NULL, NULL, '2017-08-30 21:02:48', '2017-08-30 21:02:48', 'be253f96-a878-43ba-8ec2-bc41aacd3264'),
 ('476', '414', 'de_de', 'Snapchat2', NULL, 'left', NULL, NULL, NULL, 'blue', '0', 'primary', NULL, 'gray', NULL, 'normal', NULL, NULL, NULL, NULL, NULL, NULL, '0.0', NULL, NULL, NULL, NULL, NULL, NULL, NULL, 'website', NULL, NULL, NULL, NULL, NULL, 'left', '0', NULL, NULL, NULL, NULL, '0', '0', NULL, NULL, NULL, NULL, NULL, NULL, NULL, NULL, NULL, '0', '0', '0', NULL, NULL, NULL, NULL, NULL, NULL, '2017-08-30 21:02:48', '2017-08-30 21:02:48', 'ac8fc8e2-2662-47e0-bf16-847f86e66a17'),
 ('477', '415', 'en_us', 'Snapchat2 Vertical', NULL, 'left', NULL, NULL, NULL, 'blue', '0', 'primary', NULL, 'gray', NULL, 'normal', NULL, NULL, NULL, NULL, NULL, NULL, '0.0', NULL, NULL, NULL, NULL, NULL, NULL, NULL, 'website', NULL, NULL, NULL, NULL, NULL, 'left', '0', NULL, NULL, NULL, NULL, '0', '0', NULL, NULL, NULL, NULL, NULL, NULL, NULL, NULL, NULL, '0', '0', '0', NULL, NULL, NULL, NULL, NULL, NULL, '2017-08-30 21:02:48', '2017-08-30 21:02:48', 'fe46a3fa-4671-4be4-9cfb-64a74f558a73'),
 ('478', '415', 'de_de', 'Snapchat2 Vertical', NULL, 'left', NULL, NULL, NULL, 'blue', '0', 'primary', NULL, 'gray', NULL, 'normal', NULL, NULL, NULL, NULL, NULL, NULL, '0.0', NULL, NULL, NULL, NULL, NULL, NULL, NULL, 'website', NULL, NULL, NULL, NULL, NULL, 'left', '0', NULL, NULL, NULL, NULL, '0', '0', NULL, NULL, NULL, NULL, NULL, NULL, NULL, NULL, NULL, '0', '0', '0', NULL, NULL, NULL, NULL, NULL, NULL, '2017-08-30 21:02:48', '2017-08-30 21:02:48', 'ad67fda1-5460-4947-9730-c188ef0dc578'),
 ('479', '416', 'en_us', 'Snapchat2', NULL, 'left', NULL, NULL, NULL, 'blue', '0', 'primary', NULL, 'gray', NULL, 'normal', NULL, NULL, NULL, NULL, NULL, NULL, '0.0', NULL, NULL, NULL, NULL, NULL, NULL, NULL, 'website', NULL, NULL, NULL, NULL, NULL, 'left', '0', NULL, NULL, NULL, NULL, '0', '0', NULL, NULL, NULL, NULL, NULL, NULL, NULL, NULL, NULL, '0', '0', '0', NULL, NULL, NULL, NULL, NULL, NULL, '2017-08-30 21:02:49', '2017-08-30 21:02:49', '8ab194fa-a0f0-4cb8-a061-82aa45141e23'),
 ('480', '416', 'de_de', 'Snapchat2', NULL, 'left', NULL, NULL, NULL, 'blue', '0', 'primary', NULL, 'gray', NULL, 'normal', NULL, NULL, NULL, NULL, NULL, NULL, '0.0', NULL, NULL, NULL, NULL, NULL, NULL, NULL, 'website', NULL, NULL, NULL, NULL, NULL, 'left', '0', NULL, NULL, NULL, NULL, '0', '0', NULL, NULL, NULL, NULL, NULL, NULL, NULL, NULL, NULL, '0', '0', '0', NULL, NULL, NULL, NULL, NULL, NULL, '2017-08-30 21:02:49', '2017-08-30 21:02:49', 'b615a692-5a4f-43eb-b181-cadf777a4bed'),
 ('481', '417', 'en_us', 'Snapchat2 Vertical', NULL, 'left', NULL, NULL, NULL, 'blue', '0', 'primary', NULL, 'gray', NULL, 'normal', NULL, NULL, NULL, NULL, NULL, NULL, '0.0', NULL, NULL, NULL, NULL, NULL, NULL, NULL, 'website', NULL, NULL, NULL, NULL, NULL, 'left', '0', NULL, NULL, NULL, NULL, '0', '0', NULL, NULL, NULL, NULL, NULL, NULL, NULL, NULL, NULL, '0', '0', '0', NULL, NULL, NULL, NULL, NULL, NULL, '2017-08-30 21:02:51', '2017-08-30 21:02:51', '468ff92b-153b-4783-a6af-9d23e24b734d'),
 ('482', '417', 'de_de', 'Snapchat2 Vertical', NULL, 'left', NULL, NULL, NULL, 'blue', '0', 'primary', NULL, 'gray', NULL, 'normal', NULL, NULL, NULL, NULL, NULL, NULL, '0.0', NULL, NULL, NULL, NULL, NULL, NULL, NULL, 'website', NULL, NULL, NULL, NULL, NULL, 'left', '0', NULL, NULL, NULL, NULL, '0', '0', NULL, NULL, NULL, NULL, NULL, NULL, NULL, NULL, NULL, '0', '0', '0', NULL, NULL, NULL, NULL, NULL, NULL, '2017-08-30 21:02:51', '2017-08-30 21:02:51', 'b19415a8-198f-4a02-9e3e-dabfa7a78d62'),
 ('483', '418', 'en_us', 'Snapchat Vertical', NULL, 'left', NULL, NULL, NULL, 'blue', '0', 'primary', NULL, 'gray', NULL, 'normal', NULL, NULL, NULL, NULL, NULL, NULL, '0.0', NULL, NULL, NULL, NULL, NULL, NULL, NULL, 'website', NULL, NULL, NULL, NULL, NULL, 'left', '0', NULL, NULL, NULL, NULL, '0', '0', NULL, NULL, NULL, NULL, NULL, NULL, NULL, NULL, NULL, '0', '0', '0', NULL, NULL, NULL, NULL, NULL, NULL, '2017-08-30 21:02:51', '2017-08-30 21:02:51', '2eb2dfbb-d91d-4f05-88d6-668c0d9edf84'),
 ('484', '418', 'de_de', 'Snapchat Vertical', NULL, 'left', NULL, NULL, NULL, 'blue', '0', 'primary', NULL, 'gray', NULL, 'normal', NULL, NULL, NULL, NULL, NULL, NULL, '0.0', NULL, NULL, NULL, NULL, NULL, NULL, NULL, 'website', NULL, NULL, NULL, NULL, NULL, 'left', '0', NULL, NULL, NULL, NULL, '0', '0', NULL, NULL, NULL, NULL, NULL, NULL, NULL, NULL, NULL, '0', '0', '0', NULL, NULL, NULL, NULL, NULL, NULL, '2017-08-30 21:02:51', '2017-08-30 21:02:51', 'b0b0c0d3-c7a7-44b6-9633-9ac8264335e7'),
 ('485', '419', 'en_us', 'Snapchat Vertical', NULL, 'left', NULL, NULL, NULL, 'blue', '0', 'primary', NULL, 'gray', NULL, 'normal', NULL, NULL, NULL, NULL, NULL, NULL, '0.0', NULL, NULL, NULL, NULL, NULL, NULL, NULL, 'website', NULL, NULL, NULL, NULL, NULL, 'left', '0', NULL, NULL, NULL, NULL, '0', '0', NULL, NULL, NULL, NULL, NULL, NULL, NULL, NULL, NULL, '0', '0', '0', NULL, NULL, NULL, NULL, NULL, NULL, '2017-08-30 21:02:51', '2017-08-30 21:02:51', 'f414b9d3-e964-4aca-833e-84c495758a3d'),
 ('486', '419', 'de_de', 'Snapchat Vertical', NULL, 'left', NULL, NULL, NULL, 'blue', '0', 'primary', NULL, 'gray', NULL, 'normal', NULL, NULL, NULL, NULL, NULL, NULL, '0.0', NULL, NULL, NULL, NULL, NULL, NULL, NULL, 'website', NULL, NULL, NULL, NULL, NULL, 'left', '0', NULL, NULL, NULL, NULL, '0', '0', NULL, NULL, NULL, NULL, NULL, NULL, NULL, NULL, NULL, '0', '0', '0', NULL, NULL, NULL, NULL, NULL, NULL, '2017-08-30 21:02:51', '2017-08-30 21:02:51', '9bfcf773-ab53-4ea2-bd92-69cc007c8c12'),
 ('487', '420', 'en_us', 'Target', NULL, 'left', NULL, NULL, NULL, 'blue', '0', 'primary', NULL, 'gray', NULL, 'normal', NULL, NULL, NULL, NULL, NULL, NULL, '0.0', NULL, NULL, NULL, NULL, NULL, NULL, NULL, 'website', NULL, NULL, NULL, NULL, NULL, 'left', '0', NULL, NULL, NULL, NULL, '0', '0', NULL, NULL, NULL, NULL, NULL, NULL, NULL, NULL, NULL, '0', '0', '0', NULL, NULL, NULL, NULL, NULL, NULL, '2017-08-30 21:02:51', '2017-08-30 21:02:51', '3b0ad326-627b-466e-b605-f3efb69de770'),
 ('488', '420', 'de_de', 'Target', NULL, 'left', NULL, NULL, NULL, 'blue', '0', 'primary', NULL, 'gray', NULL, 'normal', NULL, NULL, NULL, NULL, NULL, NULL, '0.0', NULL, NULL, NULL, NULL, NULL, NULL, NULL, 'website', NULL, NULL, NULL, NULL, NULL, 'left', '0', NULL, NULL, NULL, NULL, '0', '0', NULL, NULL, NULL, NULL, NULL, NULL, NULL, NULL, NULL, '0', '0', '0', NULL, NULL, NULL, NULL, NULL, NULL, '2017-08-30 21:02:51', '2017-08-30 21:02:51', 'c306cee6-f4ee-4440-81c3-ab8e9d3e1b28'),
 ('489', '421', 'en_us', 'Target', NULL, 'left', NULL, NULL, NULL, 'blue', '0', 'primary', NULL, 'gray', NULL, 'normal', NULL, NULL, NULL, NULL, NULL, NULL, '0.0', NULL, NULL, NULL, NULL, NULL, NULL, NULL, 'website', NULL, NULL, NULL, NULL, NULL, 'left', '0', NULL, NULL, NULL, NULL, '0', '0', NULL, NULL, NULL, NULL, NULL, NULL, NULL, NULL, NULL, '0', '0', '0', NULL, NULL, NULL, NULL, NULL, NULL, '2017-08-30 21:02:51', '2017-08-30 21:02:51', '62c79612-647b-4465-aad3-d755d6e4c154'),
 ('490', '421', 'de_de', 'Target', NULL, 'left', NULL, NULL, NULL, 'blue', '0', 'primary', NULL, 'gray', NULL, 'normal', NULL, NULL, NULL, NULL, NULL, NULL, '0.0', NULL, NULL, NULL, NULL, NULL, NULL, NULL, 'website', NULL, NULL, NULL, NULL, NULL, 'left', '0', NULL, NULL, NULL, NULL, '0', '0', NULL, NULL, NULL, NULL, NULL, NULL, NULL, NULL, NULL, '0', '0', '0', NULL, NULL, NULL, NULL, NULL, NULL, '2017-08-30 21:02:51', '2017-08-30 21:02:51', 'ec0d1aed-0e91-4c15-bbc7-f3f5a66a4462'),
 ('491', '422', 'en_us', 'Tedbaker', NULL, 'left', NULL, NULL, NULL, 'blue', '0', 'primary', NULL, 'gray', NULL, 'normal', NULL, NULL, NULL, NULL, NULL, NULL, '0.0', NULL, NULL, NULL, NULL, NULL, NULL, NULL, 'website', NULL, NULL, NULL, NULL, NULL, 'left', '0', NULL, NULL, NULL, NULL, '0', '0', NULL, NULL, NULL, NULL, NULL, NULL, NULL, NULL, NULL, '0', '0', '0', NULL, NULL, NULL, NULL, NULL, NULL, '2017-08-30 21:02:52', '2017-08-30 21:02:52', '838a1560-3d28-4e3e-a578-e2275e9e86b7'),
 ('492', '422', 'de_de', 'Tedbaker', NULL, 'left', NULL, NULL, NULL, 'blue', '0', 'primary', NULL, 'gray', NULL, 'normal', NULL, NULL, NULL, NULL, NULL, NULL, '0.0', NULL, NULL, NULL, NULL, NULL, NULL, NULL, 'website', NULL, NULL, NULL, NULL, NULL, 'left', '0', NULL, NULL, NULL, NULL, '0', '0', NULL, NULL, NULL, NULL, NULL, NULL, NULL, NULL, NULL, '0', '0', '0', NULL, NULL, NULL, NULL, NULL, NULL, '2017-08-30 21:02:52', '2017-08-30 21:02:52', 'df4c77b8-a6e1-46dd-ba41-ef5107173303'),
 ('493', '423', 'en_us', 'Warbyparker', NULL, 'left', NULL, NULL, NULL, 'blue', '0', 'primary', NULL, 'gray', NULL, 'normal', NULL, NULL, NULL, NULL, NULL, NULL, '0.0', NULL, NULL, NULL, NULL, NULL, NULL, NULL, 'website', NULL, NULL, NULL, NULL, NULL, 'left', '0', NULL, NULL, NULL, NULL, '0', '0', NULL, NULL, NULL, NULL, NULL, NULL, NULL, NULL, NULL, '0', '0', '0', NULL, NULL, NULL, NULL, NULL, NULL, '2017-08-30 21:02:52', '2017-08-30 21:02:52', '8ede5885-fa94-42ff-8e92-6d43e668eeae'),
 ('494', '423', 'de_de', 'Warbyparker', NULL, 'left', NULL, NULL, NULL, 'blue', '0', 'primary', NULL, 'gray', NULL, 'normal', NULL, NULL, NULL, NULL, NULL, NULL, '0.0', NULL, NULL, NULL, NULL, NULL, NULL, NULL, 'website', NULL, NULL, NULL, NULL, NULL, 'left', '0', NULL, NULL, NULL, NULL, '0', '0', NULL, NULL, NULL, NULL, NULL, NULL, NULL, NULL, NULL, '0', '0', '0', NULL, NULL, NULL, NULL, NULL, NULL, '2017-08-30 21:02:52', '2017-08-30 21:02:52', 'cf688b76-1550-43b8-bbaf-c7a0ff7bee36'),
 ('495', '424', 'en_us', 'Warbyparker', NULL, 'left', NULL, NULL, NULL, 'blue', '0', 'primary', NULL, 'gray', NULL, 'normal', NULL, NULL, NULL, NULL, NULL, NULL, '0.0', NULL, NULL, NULL, NULL, NULL, NULL, NULL, 'website', NULL, NULL, NULL, NULL, NULL, 'left', '0', NULL, NULL, NULL, NULL, '0', '0', NULL, NULL, NULL, NULL, NULL, NULL, NULL, NULL, NULL, '0', '0', '0', NULL, NULL, NULL, NULL, NULL, NULL, '2017-08-30 21:02:52', '2017-08-30 21:02:52', '65025a47-1b45-4007-b746-2a54208a2874'),
 ('496', '424', 'de_de', 'Warbyparker', NULL, 'left', NULL, NULL, NULL, 'blue', '0', 'primary', NULL, 'gray', NULL, 'normal', NULL, NULL, NULL, NULL, NULL, NULL, '0.0', NULL, NULL, NULL, NULL, NULL, NULL, NULL, 'website', NULL, NULL, NULL, NULL, NULL, 'left', '0', NULL, NULL, NULL, NULL, '0', '0', NULL, NULL, NULL, NULL, NULL, NULL, NULL, NULL, NULL, '0', '0', '0', NULL, NULL, NULL, NULL, NULL, NULL, '2017-08-30 21:02:52', '2017-08-30 21:02:52', 'd0d1847a-278d-4293-b879-7aba4ad01932'),
 ('497', '425', 'en_us', 'Tedbaker', NULL, 'left', NULL, NULL, NULL, 'blue', '0', 'primary', NULL, 'gray', NULL, 'normal', NULL, NULL, NULL, NULL, NULL, NULL, '0.0', NULL, NULL, NULL, NULL, NULL, NULL, NULL, 'website', NULL, NULL, NULL, NULL, NULL, 'left', '0', NULL, NULL, NULL, NULL, '0', '0', NULL, NULL, NULL, NULL, NULL, NULL, NULL, NULL, NULL, '0', '0', '0', NULL, NULL, NULL, NULL, NULL, NULL, '2017-08-30 21:02:52', '2017-08-30 21:02:52', '1f22e357-ba7f-4afa-b6e6-ce09f9c48319'),
 ('498', '425', 'de_de', 'Tedbaker', NULL, 'left', NULL, NULL, NULL, 'blue', '0', 'primary', NULL, 'gray', NULL, 'normal', NULL, NULL, NULL, NULL, NULL, NULL, '0.0', NULL, NULL, NULL, NULL, NULL, NULL, NULL, 'website', NULL, NULL, NULL, NULL, NULL, 'left', '0', NULL, NULL, NULL, NULL, '0', '0', NULL, NULL, NULL, NULL, NULL, NULL, NULL, NULL, NULL, '0', '0', '0', NULL, NULL, NULL, NULL, NULL, NULL, '2017-08-30 21:02:52', '2017-08-30 21:02:52', 'ec175dcf-16aa-4007-9a5c-4e21254e1c96'),
 ('499', '426', 'en_us', NULL, NULL, 'left', NULL, NULL, NULL, 'blue', '0', 'primary', NULL, 'gray', 'Video stuff', 'normal', NULL, NULL, NULL, NULL, NULL, NULL, '0.0', NULL, NULL, NULL, NULL, NULL, NULL, NULL, 'website', NULL, NULL, NULL, NULL, NULL, 'left', '0', NULL, NULL, NULL, NULL, '0', '0', NULL, NULL, NULL, NULL, NULL, NULL, NULL, NULL, NULL, '0', '0', '0', NULL, NULL, NULL, NULL, NULL, NULL, '2017-08-30 22:28:57', '2017-08-31 22:08:13', 'b472a73d-e867-4f91-a34e-7cb85b506145'),
 ('500', '427', 'en_us', NULL, NULL, 'left', NULL, NULL, NULL, 'blue', '0', 'primary', NULL, 'gray', NULL, 'normal', NULL, NULL, NULL, NULL, NULL, NULL, '0.0', NULL, NULL, NULL, NULL, NULL, NULL, NULL, 'website', NULL, NULL, NULL, NULL, NULL, 'left', '1', NULL, NULL, NULL, NULL, '0', '1', NULL, NULL, NULL, NULL, NULL, NULL, NULL, NULL, NULL, '0', '0', '0', NULL, NULL, NULL, NULL, NULL, NULL, '2017-08-30 22:28:57', '2017-08-31 22:08:13', '0d5b1d93-4458-43aa-b704-cfa06138c943'),
 ('501', '428', 'en_us', NULL, NULL, 'left', NULL, NULL, NULL, 'blue', '0', 'primary', NULL, 'white', 'Side by side', 'normal', NULL, NULL, NULL, NULL, NULL, NULL, '0.0', NULL, NULL, NULL, NULL, NULL, NULL, NULL, 'website', NULL, NULL, NULL, NULL, NULL, 'left', '0', NULL, NULL, NULL, NULL, '0', '0', NULL, NULL, NULL, NULL, NULL, NULL, NULL, NULL, NULL, '0', '0', '0', NULL, NULL, NULL, NULL, NULL, NULL, '2017-08-30 22:28:57', '2017-08-31 22:08:13', 'a160172d-66df-4819-aff1-23528a89f0b6'),
 ('502', '429', 'en_us', NULL, NULL, 'left', '<p>Gallia est omnis divisa in partes tres, quarum. Contra legem facit qui id facit quod lex prohibet. Tu quoque, Brute, fili mi, nihil timor populi, nihil! Nec dubitamus multa iter quae et nos invenerat. Nihil hic munitissimus habendi senatus locus, nihil horum? Idque Caesaris facere voluntate liceret: sese habere.</p>', NULL, 'Image left of text', 'blue', '0', 'primary', NULL, 'gray', NULL, 'normal', NULL, NULL, NULL, NULL, NULL, NULL, '0.0', NULL, NULL, NULL, NULL, NULL, NULL, NULL, 'website', NULL, NULL, NULL, NULL, NULL, 'left', '0', NULL, NULL, NULL, NULL, '0', '0', NULL, NULL, NULL, NULL, NULL, NULL, NULL, NULL, NULL, '0', '0', '0', NULL, NULL, NULL, NULL, NULL, NULL, '2017-08-30 22:28:57', '2017-08-31 22:08:13', '19987b09-7506-42a2-95b4-e77db1882ac8'),
 ('503', '431', 'en_us', NULL, NULL, 'right', '<p>Gallia est omnis divisa in partes tres, quarum. Contra legem facit qui id facit quod lex prohibet. Tu quoque, Brute, fili mi, nihil timor populi, nihil! Nec dubitamus multa iter quae et nos invenerat. Nihil hic munitissimus habendi senatus locus, nihil horum? Idque Caesaris facere voluntate liceret: sese habere.</p>', NULL, 'Image to the RIGHT of text', 'blue', '0', 'primary', NULL, 'gray', NULL, 'normal', NULL, NULL, NULL, NULL, NULL, NULL, '0.0', NULL, NULL, NULL, NULL, NULL, NULL, NULL, 'website', NULL, NULL, NULL, NULL, NULL, 'left', '0', NULL, NULL, NULL, NULL, '0', '0', NULL, NULL, NULL, NULL, NULL, NULL, NULL, NULL, NULL, '0', '0', '0', NULL, NULL, NULL, NULL, NULL, NULL, '2017-08-30 22:28:57', '2017-08-31 22:08:13', '367751ca-79df-4d67-926a-8f8e2d12cd6b'),
 ('504', '433', 'en_us', NULL, NULL, 'left', '<p>Gallia est omnis divisa in partes tres, quarum. Contra legem facit qui id facit quod lex prohibet. Tu quoque, Brute, fili mi, nihil timor populi, nihil! Nec dubitamus multa iter quae et nos invenerat. Nihil hic munitissimus habendi senatus locus, nihil horum? Idque Caesaris facere voluntate liceret: sese habere.</p>', NULL, 'Video to the left of this text', 'blue', '0', 'primary', NULL, 'gray', NULL, 'normal', NULL, NULL, NULL, NULL, NULL, NULL, '0.0', NULL, NULL, NULL, NULL, NULL, NULL, NULL, 'website', NULL, NULL, NULL, NULL, NULL, 'left', '0', NULL, NULL, NULL, NULL, '0', '0', NULL, NULL, NULL, NULL, NULL, NULL, NULL, NULL, NULL, '0', '0', '0', NULL, NULL, NULL, NULL, NULL, NULL, '2017-08-30 22:28:57', '2017-08-31 22:08:13', 'b207b4d7-efd9-469d-a957-c1edd2731d14'),
 ('505', '438', 'en_us', NULL, NULL, 'left', NULL, NULL, NULL, 'blue', '0', 'primary', NULL, 'gray', 'First Section', 'normal', NULL, NULL, NULL, NULL, NULL, NULL, '0.0', NULL, NULL, NULL, NULL, NULL, NULL, NULL, 'website', NULL, NULL, NULL, NULL, NULL, 'left', '0', NULL, NULL, NULL, NULL, '0', '0', NULL, NULL, NULL, NULL, NULL, NULL, NULL, NULL, NULL, '0', '0', '0', NULL, NULL, NULL, NULL, NULL, NULL, '2017-08-31 18:46:00', '2017-08-31 21:43:48', '9a928336-7e5b-411d-ba72-a3a1334e5ba8'),
 ('506', '439', 'en_us', NULL, NULL, 'left', NULL, NULL, NULL, 'blue', '0', 'primary', NULL, 'gray', NULL, 'normal', NULL, NULL, NULL, NULL, NULL, NULL, '0.0', NULL, NULL, NULL, NULL, NULL, NULL, NULL, 'website', NULL, NULL, NULL, NULL, 'Cool image', 'left', '1', NULL, NULL, NULL, NULL, '0', '0', NULL, NULL, NULL, NULL, NULL, NULL, NULL, NULL, NULL, '0', '0', '0', NULL, NULL, NULL, NULL, NULL, NULL, '2017-08-31 18:46:00', '2017-08-31 21:43:48', '31625d91-4740-48bc-8130-9381aed42ede'),
 ('507', '440', 'en_us', NULL, NULL, 'left', NULL, NULL, NULL, 'blue', '0', 'primary', NULL, 'gray', 'intro', 'normal', NULL, NULL, NULL, NULL, NULL, NULL, '0.0', NULL, NULL, NULL, NULL, NULL, NULL, NULL, 'website', NULL, NULL, NULL, NULL, NULL, 'left', '0', NULL, NULL, NULL, NULL, '0', '0', NULL, NULL, NULL, NULL, NULL, NULL, NULL, NULL, NULL, '0', '0', '0', NULL, NULL, NULL, NULL, NULL, NULL, '2017-08-31 20:48:20', '2017-08-31 21:10:35', '6e9d79be-eae2-49a0-b93d-9a67a9e7c012'),
 ('508', '441', 'en_us', NULL, NULL, 'left', NULL, NULL, NULL, 'blue', '0', 'primary', NULL, 'gray', NULL, 'normal', NULL, NULL, NULL, NULL, NULL, NULL, '0.0', NULL, NULL, NULL, NULL, NULL, NULL, NULL, 'website', NULL, NULL, NULL, NULL, 'kjh', 'left', '0', NULL, NULL, NULL, NULL, '0', '0', NULL, NULL, NULL, NULL, NULL, NULL, NULL, NULL, NULL, '0', '0', '0', NULL, NULL, NULL, NULL, NULL, NULL, '2017-08-31 20:48:20', '2017-08-31 21:10:35', '74d5b7d8-ff03-4256-851f-09a29a3e662f'),
 ('509', '444', 'en_us', 'Inspiration', 'inspiration', 'left', NULL, NULL, 'Get inspired by results-driven and world-class creative', 'yellow', '0', 'primary', NULL, 'gray', NULL, 'normal', NULL, NULL, NULL, NULL, NULL, NULL, '0.0', NULL, NULL, '', '', '', '', '', 'website', NULL, NULL, NULL, NULL, NULL, 'left', '0', NULL, NULL, NULL, NULL, '0', '0', NULL, NULL, NULL, NULL, 'Inspiration', NULL, NULL, NULL, NULL, '0', '0', '0', NULL, NULL, 'Latest Success Stories', '{\"type\":\"entry\",\"entry\":[\"363\"],\"customText\":\"View All\"}', 'Creative Spotlight', '{\"type\":\"entry\",\"entry\":[\"362\"],\"customText\":\"View All\"}', '2017-09-06 21:26:36', '2017-09-06 23:17:09', 'a0a05580-5f90-4d64-920b-40aed8874885'),
 ('510', '444', 'de_de', 'Inspiration', 'inspiration', 'left', NULL, NULL, NULL, 'yellow', '0', 'primary', NULL, 'gray', NULL, 'normal', NULL, NULL, NULL, NULL, NULL, NULL, '0.0', NULL, NULL, NULL, NULL, NULL, NULL, NULL, 'website', NULL, NULL, NULL, NULL, NULL, 'left', '0', NULL, NULL, NULL, NULL, '0', '0', NULL, NULL, NULL, NULL, NULL, NULL, NULL, NULL, NULL, '0', '0', '0', NULL, NULL, 'Latest Success Stories', '{\"type\":\"entry\",\"entry\":[\"363\"],\"customText\":\"View All\"}', 'Creative Spotlight', '{\"type\":\"entry\",\"entry\":[\"362\"],\"customText\":\"View All\"}', '2017-09-06 21:26:36', '2017-09-06 23:17:09', '45efd945-fe30-4d83-ba1d-d18946c931a4'),
 ('511', '445', 'en_us', NULL, NULL, 'left', NULL, NULL, NULL, 'blue', '0', 'primary', NULL, 'gray', NULL, 'normal', NULL, NULL, NULL, NULL, NULL, NULL, '0.0', NULL, NULL, NULL, NULL, NULL, NULL, NULL, 'website', NULL, NULL, NULL, NULL, NULL, 'left', '0', NULL, NULL, NULL, NULL, '0', '0', NULL, NULL, NULL, NULL, NULL, NULL, NULL, NULL, NULL, '0', '0', '0', NULL, '{\"type\":\"entry\",\"custom\":\"\",\"entry\":[\"98\"],\"customText\":\"Ad Products\",\"target\":\"\"}', NULL, NULL, NULL, NULL, '2017-09-06 22:52:59', '2017-09-06 23:00:13', '6a66b893-1085-4a04-8710-cf55fd083808'),
 ('512', '445', 'de_de', NULL, NULL, 'left', NULL, NULL, NULL, 'blue', '0', 'primary', NULL, 'gray', NULL, 'normal', NULL, NULL, NULL, NULL, NULL, NULL, '0.0', NULL, NULL, NULL, NULL, NULL, NULL, NULL, 'website', NULL, NULL, NULL, NULL, NULL, 'left', '0', NULL, NULL, NULL, NULL, '0', '0', NULL, NULL, NULL, NULL, NULL, NULL, NULL, NULL, NULL, '0', '0', '0', NULL, '{\"type\":\"entry\",\"custom\":\"\",\"entry\":[\"98\"],\"customText\":\"Ad Products\",\"target\":\"\"}', NULL, NULL, NULL, NULL, '2017-09-06 22:52:59', '2017-09-06 22:52:59', 'fd675cfa-b850-44da-aa78-4305c143f34f'),
 ('515', '447', 'en_us', NULL, NULL, 'left', NULL, NULL, NULL, 'blue', '0', 'primary', NULL, 'gray', NULL, 'normal', NULL, NULL, NULL, NULL, NULL, NULL, '0.0', NULL, NULL, NULL, NULL, NULL, NULL, NULL, 'website', NULL, NULL, NULL, NULL, NULL, 'left', '0', NULL, NULL, NULL, NULL, '0', '0', NULL, NULL, NULL, NULL, NULL, NULL, NULL, NULL, NULL, '0', '0', '0', NULL, '{\"type\":\"entry\",\"custom\":\"\",\"entry\":[\"264\"],\"customText\":\"Insights & News\",\"target\":\"\"}', NULL, NULL, NULL, NULL, '2017-09-06 22:52:59', '2017-09-06 23:00:13', 'a3d60cdf-fb72-4be4-b660-7125469055c7'),
 ('516', '447', 'de_de', NULL, NULL, 'left', NULL, NULL, NULL, 'blue', '0', 'primary', NULL, 'gray', NULL, 'normal', NULL, NULL, NULL, NULL, NULL, NULL, '0.0', NULL, NULL, NULL, NULL, NULL, NULL, NULL, 'website', NULL, NULL, NULL, NULL, NULL, 'left', '0', NULL, NULL, NULL, NULL, '0', '0', NULL, NULL, NULL, NULL, NULL, NULL, NULL, NULL, NULL, '0', '0', '0', NULL, '{\"type\":\"entry\",\"custom\":\"\",\"entry\":[\"264\"],\"customText\":\"Insights & News\",\"target\":\"\"}', NULL, NULL, NULL, NULL, '2017-09-06 22:52:59', '2017-09-06 22:52:59', '8ea1ad1e-0036-4671-8251-168b1fe76577');
INSERT INTO `craft_content` (`id`, `elementId`, `locale`, `title`, `field_page_uri`, `field_imageLocation`, `field_paragraph_loc`, `field_button`, `field_headline_loc`, `field_page_themeColor`, `field_page_sideNavigation`, `field_buttonStyle`, `field_subhead_loc`, `field_sectionBackgroundColor`, `field_sectionTitle_loc`, `field_assetWidth`, `field_eyebrow_loc`, `field_storyCardColor`, `field_companyName`, `field_storySummary_loc`, `field_tabLabel_loc`, `field_tabDescription_loc`, `field_timeCode`, `field_descriptionLabel_loc`, `field_groupTitle_loc`, `field_seoTitle`, `field_seoDescription`, `field_keywords`, `field_ogTitle`, `field_ogDescription`, `field_pageType`, `field_mainNavigationCta`, `field_cookiePolicy_loc`, `field_buttonText_loc`, `field_verticalVideoUrl`, `field_imageAltText_loc`, `field_desktopVideoLocation`, `field_roundedCorners`, `field_productFilterTitle_loc`, `field_objectiveFilterTitle_loc`, `field_industryFilterTitle_loc`, `field_noResultsText_loc`, `field_autoplay`, `field_videoControls`, `field_cardColor`, `field_spotlightDescription_loc`, `field_productUsed_loc`, `field_objective_loc`, `field_title_loc`, `field_regionFilterTitle_loc`, `field_body`, `field_textBlock`, `field_imageCaption_loc`, `field_imageDownloadButton`, `field_wideImage`, `field_lightText`, `field_description_loc`, `field_navItem`, `field_successStoriesTitle_loc`, `field_successStoriesButton`, `field_creativeSpotlightTitle_loc`, `field_creativeSpotlightButton`, `dateCreated`, `dateUpdated`, `uid`) VALUES
 ('521', '450', 'en_us', NULL, NULL, 'left', NULL, NULL, NULL, 'blue', '0', 'primary', NULL, 'gray', NULL, 'normal', NULL, NULL, NULL, NULL, NULL, NULL, '0.0', NULL, NULL, NULL, NULL, NULL, NULL, NULL, 'website', NULL, NULL, NULL, NULL, NULL, 'left', '0', NULL, NULL, NULL, NULL, '0', '0', NULL, NULL, NULL, NULL, NULL, NULL, NULL, NULL, NULL, '0', '0', '0', NULL, '{\"type\":\"entry\",\"custom\":\"\",\"entry\":[\"290\"],\"customText\":\"Audiences\",\"target\":\"\"}', NULL, NULL, NULL, NULL, '2017-09-06 22:52:59', '2017-09-06 23:00:13', '1ecb84c3-77b6-4e13-9b9a-59d6addb8404'),
 ('522', '450', 'de_de', NULL, NULL, 'left', NULL, NULL, NULL, 'blue', '0', 'primary', NULL, 'gray', NULL, 'normal', NULL, NULL, NULL, NULL, NULL, NULL, '0.0', NULL, NULL, NULL, NULL, NULL, NULL, NULL, 'website', NULL, NULL, NULL, NULL, NULL, 'left', '0', NULL, NULL, NULL, NULL, '0', '0', NULL, NULL, NULL, NULL, NULL, NULL, NULL, NULL, NULL, '0', '0', '0', NULL, '{\"type\":\"entry\",\"custom\":\"\",\"entry\":[\"290\"],\"customText\":\"Audiences\",\"target\":\"\"}', NULL, NULL, NULL, NULL, '2017-09-06 22:52:59', '2017-09-06 22:52:59', '4f75d4d6-97c6-4859-b2bf-74048ee235ad'),
 ('523', '451', 'en_us', NULL, NULL, 'left', NULL, NULL, NULL, 'blue', '0', 'primary', NULL, 'gray', NULL, 'normal', NULL, NULL, NULL, NULL, NULL, NULL, '0.0', NULL, NULL, NULL, NULL, NULL, NULL, NULL, 'website', NULL, NULL, NULL, NULL, NULL, 'left', '0', NULL, NULL, NULL, NULL, '0', '0', NULL, NULL, NULL, NULL, NULL, NULL, NULL, NULL, NULL, '0', '0', '0', NULL, '{\"type\":\"entry\",\"custom\":\"\",\"entry\":[\"291\"],\"customText\":\"Measurement\",\"target\":\"\"}', NULL, NULL, NULL, NULL, '2017-09-06 22:52:59', '2017-09-06 23:00:13', '825fb1f7-a39e-494e-8ab1-ce2c0a8d5226'),
 ('524', '451', 'de_de', NULL, NULL, 'left', NULL, NULL, NULL, 'blue', '0', 'primary', NULL, 'gray', NULL, 'normal', NULL, NULL, NULL, NULL, NULL, NULL, '0.0', NULL, NULL, NULL, NULL, NULL, NULL, NULL, 'website', NULL, NULL, NULL, NULL, NULL, 'left', '0', NULL, NULL, NULL, NULL, '0', '0', NULL, NULL, NULL, NULL, NULL, NULL, NULL, NULL, NULL, '0', '0', '0', NULL, '{\"type\":\"entry\",\"custom\":\"\",\"entry\":[\"291\"],\"customText\":\"Measurement\",\"target\":\"\"}', NULL, NULL, NULL, NULL, '2017-09-06 22:52:59', '2017-09-06 22:52:59', 'e8b9a84d-47e9-4295-bc66-6c010428ff8e'),
 ('525', '454', 'en_us', NULL, NULL, 'left', NULL, NULL, NULL, 'blue', '0', 'primary', NULL, 'gray', NULL, 'normal', NULL, NULL, NULL, NULL, NULL, NULL, '0.0', NULL, NULL, NULL, NULL, NULL, NULL, NULL, 'website', NULL, NULL, NULL, NULL, NULL, 'left', '0', NULL, NULL, NULL, NULL, '0', '0', NULL, NULL, NULL, NULL, NULL, NULL, NULL, NULL, NULL, '0', '0', '0', NULL, '{\"type\":\"entry\",\"custom\":\"\",\"entry\":[\"444\"],\"customText\":\"Inspiration\",\"target\":\"\"}', NULL, NULL, NULL, NULL, '2017-09-06 22:59:39', '2017-09-06 23:00:13', '514589cb-8cf3-4beb-b270-472dc48e84bd'),
 ('526', '454', 'de_de', NULL, NULL, 'left', NULL, NULL, NULL, 'blue', '0', 'primary', NULL, 'gray', NULL, 'normal', NULL, NULL, NULL, NULL, NULL, NULL, '0.0', NULL, NULL, NULL, NULL, NULL, NULL, NULL, 'website', NULL, NULL, NULL, NULL, NULL, 'left', '0', NULL, NULL, NULL, NULL, '0', '0', NULL, NULL, NULL, NULL, NULL, NULL, NULL, NULL, NULL, '0', '0', '0', NULL, '{\"type\":\"entry\",\"custom\":\"\",\"entry\":[\"444\"],\"customText\":\"Inspiration\",\"target\":\"\"}', NULL, NULL, NULL, NULL, '2017-09-06 22:59:39', '2017-09-06 22:59:39', 'f2692909-9d6d-47ea-9c8b-133d69a2c76d');



DROP TABLE IF EXISTS `craft_deprecationerrors`;


--
-- Schema for table `craft_deprecationerrors`
--
CREATE TABLE `craft_deprecationerrors` (
  `id` int(11) NOT NULL AUTO_INCREMENT,
  `key` varchar(255) COLLATE utf8_unicode_ci NOT NULL,
  `fingerprint` varchar(255) COLLATE utf8_unicode_ci NOT NULL,
  `lastOccurrence` datetime NOT NULL,
  `file` varchar(255) COLLATE utf8_unicode_ci NOT NULL,
  `line` smallint(6) unsigned NOT NULL,
  `class` varchar(255) COLLATE utf8_unicode_ci DEFAULT NULL,
  `method` varchar(255) COLLATE utf8_unicode_ci DEFAULT NULL,
  `template` varchar(255) COLLATE utf8_unicode_ci DEFAULT NULL,
  `templateLine` smallint(6) unsigned DEFAULT NULL,
  `message` varchar(255) COLLATE utf8_unicode_ci DEFAULT NULL,
  `traces` text COLLATE utf8_unicode_ci,
  `dateCreated` datetime NOT NULL,
  `dateUpdated` datetime NOT NULL,
  `uid` char(36) COLLATE utf8_unicode_ci NOT NULL DEFAULT '0',
  PRIMARY KEY (`id`),
  UNIQUE KEY `craft_deprecationerrors_key_fingerprint_unq_idx` (`key`,`fingerprint`)
) ENGINE=InnoDB DEFAULT CHARSET=utf8 COLLATE=utf8_unicode_ci;

DROP TABLE IF EXISTS `craft_elementindexsettings`;


--
-- Schema for table `craft_elementindexsettings`
--
CREATE TABLE `craft_elementindexsettings` (
  `id` int(11) NOT NULL AUTO_INCREMENT,
  `type` varchar(150) COLLATE utf8_unicode_ci NOT NULL,
  `settings` text COLLATE utf8_unicode_ci,
  `dateCreated` datetime NOT NULL,
  `dateUpdated` datetime NOT NULL,
  `uid` char(36) COLLATE utf8_unicode_ci NOT NULL DEFAULT '0',
  PRIMARY KEY (`id`),
  UNIQUE KEY `craft_elementindexsettings_type_unq_idx` (`type`)
) ENGINE=InnoDB AUTO_INCREMENT=3 DEFAULT CHARSET=utf8 COLLATE=utf8_unicode_ci;

--
-- Data for table `craft_elementindexsettings`
--

INSERT INTO `craft_elementindexsettings` (`id`, `type`, `settings`, `dateCreated`, `dateUpdated`, `uid`) VALUES
 ('1', 'Entry', '{\"sourceOrder\":[[\"key\",\"*\"],[\"key\",\"singles\"],[\"key\",\"section:3\"],[\"key\",\"section:2\"],[\"key\",\"section:4\"],[\"key\",\"section:10\"]],\"sources\":{\"section:3\":{\"tableAttributes\":{\"1\":\"postDate\",\"2\":\"expiryDate\",\"3\":\"author\",\"4\":\"link\"}},\"*\":{\"tableAttributes\":{\"1\":\"section\",\"2\":\"postDate\",\"3\":\"expiryDate\",\"4\":\"author\",\"5\":\"link\",\"6\":\"slug\"}},\"singles\":{\"tableAttributes\":{\"1\":\"author\",\"2\":\"link\",\"3\":\"slug\"}},\"section:2\":{\"tableAttributes\":{\"1\":\"postDate\",\"2\":\"expiryDate\",\"3\":\"author\",\"4\":\"link\",\"5\":\"type\"}},\"section:4\":{\"tableAttributes\":{\"1\":\"postDate\",\"2\":\"expiryDate\",\"3\":\"author\",\"4\":\"link\",\"5\":\"type\"}},\"section:10\":{\"tableAttributes\":{\"1\":\"postDate\",\"2\":\"expiryDate\",\"3\":\"author\",\"4\":\"link\"}}}}', '2017-07-20 21:25:57', '2017-09-06 21:11:51', 'bfa1f50b-98ce-4373-ae00-6ec376dcc6a8');



DROP TABLE IF EXISTS `craft_elements`;


--
-- Schema for table `craft_elements`
--
CREATE TABLE `craft_elements` (
  `id` int(11) NOT NULL AUTO_INCREMENT,
  `type` varchar(150) COLLATE utf8_unicode_ci NOT NULL,
  `enabled` tinyint(1) unsigned NOT NULL DEFAULT '1',
  `archived` tinyint(1) unsigned NOT NULL DEFAULT '0',
  `dateCreated` datetime NOT NULL,
  `dateUpdated` datetime NOT NULL,
  `uid` char(36) COLLATE utf8_unicode_ci NOT NULL DEFAULT '0',
  PRIMARY KEY (`id`),
  KEY `craft_elements_type_idx` (`type`),
  KEY `craft_elements_enabled_idx` (`enabled`),
  KEY `craft_elements_archived_dateCreated_idx` (`archived`,`dateCreated`)
) ENGINE=InnoDB AUTO_INCREMENT=457 DEFAULT CHARSET=utf8 COLLATE=utf8_unicode_ci;

--
-- Data for table `craft_elements`
--

INSERT INTO `craft_elements` (`id`, `type`, `enabled`, `archived`, `dateCreated`, `dateUpdated`, `uid`) VALUES
 ('1', 'User', '1', '0', '2017-07-20 17:27:58', '2017-07-28 21:23:12', '6d4428d4-0a00-435c-a598-147c9fd3efdb'),
 ('8', 'Asset', '1', '0', '2017-07-20 22:19:56', '2017-08-30 21:02:42', 'cefb37f8-4894-421a-909e-792c429c1e63'),
 ('14', 'Asset', '1', '0', '2017-07-20 22:49:12', '2017-08-30 21:02:41', '0ebe6b71-5acd-4531-976f-b10e1b50dede'),
 ('15', 'Asset', '1', '0', '2017-07-20 22:49:12', '2017-08-30 21:02:42', '63ced460-aca3-41d5-b21b-7e1b860d93ff'),
 ('16', 'Asset', '1', '0', '2017-07-20 22:49:12', '2017-08-30 21:02:42', 'e492ce25-f7c9-4db4-ab90-d1e4301c527e'),
 ('33', 'Entry', '1', '0', '2017-07-21 23:29:50', '2017-09-06 17:56:59', 'e7041aba-157d-43ec-aba2-0592b2469563'),
 ('34', 'Neo_Block', '1', '0', '2017-07-26 20:51:36', '2017-07-27 00:17:05', '2445894d-9d85-4202-b576-95130db0432b'),
 ('35', 'Neo_Block', '1', '0', '2017-07-26 20:51:36', '2017-07-27 00:17:05', 'c48f927b-8d23-4f76-a230-594540cf2b42'),
 ('36', 'Neo_Block', '1', '0', '2017-07-26 20:51:36', '2017-07-27 00:17:05', 'ec7ffbd5-a9fc-43ae-afbf-e4648e508039'),
 ('38', 'Asset', '1', '0', '2017-07-26 21:01:07', '2017-08-30 21:02:35', '4cfc8412-f87b-43bf-ab6d-5016bfa685ea'),
 ('39', 'Neo_Block', '1', '0', '2017-07-26 21:04:17', '2017-07-27 00:17:05', 'b7081961-af09-4cc6-a112-fa9e0f57b7b5'),
 ('40', 'Neo_Block', '1', '0', '2017-07-26 21:04:17', '2017-07-27 00:17:05', '8d943664-82ed-4751-b1f0-806344cd425f'),
 ('42', 'Neo_Block', '1', '0', '2017-07-26 21:04:17', '2017-07-27 00:17:05', '5611230c-ad7f-48cf-8184-a89b6f508c25'),
 ('43', 'Neo_Block', '1', '0', '2017-07-26 21:04:17', '2017-07-27 00:17:05', '75c00219-0424-4a66-a767-e8f4934f4fbe'),
 ('44', 'Neo_Block', '1', '0', '2017-07-26 21:04:17', '2017-07-27 00:17:05', '04c61613-a219-4783-b8f7-ff142dd2e94f'),
 ('45', 'Asset', '1', '0', '2017-07-26 21:17:47', '2017-08-30 21:02:41', 'ca7a0ac6-d5dc-44a1-98eb-1a0dbf13b8ff'),
 ('46', 'Asset', '1', '0', '2017-07-26 21:17:47', '2017-08-30 21:02:42', '38b84f21-558f-4e36-a9e5-db2a976f563d'),
 ('47', 'Asset', '1', '0', '2017-07-26 21:17:47', '2017-08-30 21:02:42', '953c2d1a-b979-43f4-844c-db4a044cb37e'),
 ('48', 'Asset', '1', '0', '2017-07-26 21:17:47', '2017-08-30 21:02:42', 'a7dc6d80-4466-43bc-9298-c5e6fa1406b0'),
 ('49', 'Asset', '1', '0', '2017-07-26 21:17:47', '2017-08-30 21:02:42', '0dcd21f9-e47d-4444-88e9-dc54ad5de145'),
 ('50', 'Asset', '1', '0', '2017-07-26 21:19:01', '2017-08-30 21:02:42', '485cea7e-61d1-4b98-b835-58c553d39d23'),
 ('61', 'Asset', '1', '0', '2017-07-26 21:26:59', '2017-08-30 21:02:37', '8e73837a-3a5d-42e4-a6f0-e08f1152ca37'),
 ('63', 'Neo_Block', '1', '0', '2017-07-26 21:27:42', '2017-07-27 00:17:06', 'c5c39038-2ba2-4c6f-8a71-5838b2719262'),
 ('64', 'Neo_Block', '1', '0', '2017-07-26 21:27:42', '2017-07-27 00:17:06', '04ae531b-0948-41db-9eea-1ecc676741f2'),
 ('68', 'Asset', '1', '0', '2017-07-26 21:28:10', '2017-08-30 21:02:36', '4e623dee-6add-4c6d-8ee8-ee4b9dd1381c'),
 ('69', 'Neo_Block', '1', '0', '2017-07-26 21:28:25', '2017-07-27 00:17:06', 'd23a71e6-1737-4b0b-bedc-a17c3ead3c46'),
 ('71', 'Neo_Block', '1', '0', '2017-07-26 21:48:57', '2017-07-27 00:17:06', '244a7b26-8d21-4300-b6c7-2e985031f87f'),
 ('72', 'Neo_Block', '1', '0', '2017-07-26 21:48:57', '2017-07-27 00:17:06', 'd2d1ed7a-229d-4578-8b6c-f3ae46609e7d'),
 ('76', 'Asset', '1', '0', '2017-07-26 21:58:07', '2017-08-30 21:02:34', '389ba287-673b-4b35-8267-640f20a96bfe'),
 ('77', 'Asset', '1', '0', '2017-07-26 21:58:07', '2017-08-30 21:02:35', 'd86a5bb2-39be-4831-b0c6-0cdef0d0155d'),
 ('78', 'Asset', '1', '0', '2017-07-26 21:58:07', '2017-08-30 21:02:35', '553bc198-4f3b-4e58-8580-f6cd1450b431'),
 ('79', 'Asset', '1', '0', '2017-07-26 21:58:08', '2017-08-30 21:02:35', '42134a42-2263-49df-8377-3b2aad20f630'),
 ('80', 'Asset', '1', '0', '2017-07-26 21:58:08', '2017-08-30 21:02:36', 'ff2b24e7-526f-4d8d-8516-143ae655387a'),
 ('81', 'Asset', '1', '0', '2017-07-26 21:58:08', '2017-08-30 21:02:35', '39308f15-6f5d-42bf-adac-e2bfee2189aa'),
 ('82', 'Asset', '1', '0', '2017-07-26 21:58:10', '2017-08-30 21:02:35', '8a04fc0e-4105-4660-bde0-2045057d16ed'),
 ('83', 'Asset', '1', '0', '2017-07-26 21:58:11', '2017-08-30 21:02:35', 'd7d0f249-d041-4f4d-839d-f5763ad02b68'),
 ('84', 'Asset', '1', '0', '2017-07-26 21:58:11', '2017-08-30 21:02:35', 'c25ec772-c8b0-4617-ab62-66acd03ea3a2'),
 ('85', 'Asset', '1', '0', '2017-07-26 21:58:11', '2017-08-30 21:02:35', '55a446c5-54d2-4e84-b940-5c9c57e64c00'),
 ('86', 'Asset', '1', '0', '2017-07-26 21:58:11', '2017-08-30 21:02:36', '77966c7f-9818-4669-b582-2cc3a21c86d7'),
 ('87', 'Asset', '1', '0', '2017-07-26 21:58:11', '2017-08-30 21:02:36', 'ebff4e88-e9d5-4cb4-9b97-89226aa74e41'),
 ('88', 'Asset', '1', '0', '2017-07-26 21:58:12', '2017-08-30 21:02:36', 'fce7dc4e-eaa9-4a5a-baa9-60bbfac69c48'),
 ('89', 'Asset', '1', '0', '2017-07-26 21:58:12', '2017-08-30 21:02:36', '4c1c4c49-6cff-4248-99c2-8fd5f1caf51a'),
 ('90', 'Asset', '1', '0', '2017-07-26 21:58:12', '2017-08-30 21:02:36', '83e2cd40-9280-427b-b59a-a7f1cba08311'),
 ('91', 'Neo_Block', '1', '0', '2017-07-26 22:00:39', '2017-07-27 00:17:06', '48a6c126-e621-427b-9f06-5e8a17129382'),
 ('97', 'Asset', '1', '0', '2017-07-26 22:25:00', '2017-08-30 21:02:41', '35fbc39d-c252-43cc-bad0-9f580a3db1d0'),
 ('98', 'Entry', '1', '0', '2017-07-26 22:48:34', '2017-08-17 17:52:22', 'cdfd6ac0-aeb0-4919-92c7-1fc770f9976c'),
 ('99', 'Asset', '1', '0', '2017-07-26 22:54:45', '2017-08-30 21:02:31', '1fc8b8df-d573-4535-a743-1229faff25b2'),
 ('100', 'Asset', '1', '0', '2017-07-26 22:54:45', '2017-08-30 21:02:32', '8f08aeb8-1c78-4c9e-8afe-06b598189319'),
 ('101', 'Asset', '1', '0', '2017-07-26 22:54:59', '2017-08-30 21:02:32', 'b5a311ee-3baf-4c42-8fdf-f549ec56d4ec'),
 ('102', 'Asset', '1', '0', '2017-07-26 22:59:08', '2017-08-30 21:02:32', '9cee0047-2d94-4250-9886-22f03a834d07'),
 ('103', 'Asset', '1', '0', '2017-07-26 22:59:11', '2017-08-30 21:02:32', '70b1de08-a6b3-4901-9c25-d43cd5fae26d'),
 ('104', 'Asset', '1', '0', '2017-07-26 23:01:58', '2017-08-30 21:02:33', '59ccc9ee-38ae-4d4b-ace0-80bf3e8be0fc'),
 ('105', 'Asset', '1', '0', '2017-07-26 23:02:27', '2017-08-30 21:02:32', '6846a6e8-22af-4779-b846-5deb549391d5'),
 ('106', 'Asset', '1', '0', '2017-07-26 23:02:28', '2017-08-30 21:02:32', '0472ec88-8eb4-478e-90b6-0a48d11c1073'),
 ('107', 'Neo_Block', '1', '0', '2017-07-26 23:03:48', '2017-08-17 17:52:22', 'caa826fb-1e24-4b22-990b-c620b0ff5fda'),
 ('108', 'Neo_Block', '1', '0', '2017-07-26 23:03:48', '2017-08-17 17:52:22', 'f7728b78-65a9-434e-be5b-b9947822bc45'),
 ('110', 'Neo_Block', '1', '0', '2017-07-26 23:03:48', '2017-08-17 17:52:22', '58d3f7f4-3ca5-4b93-a0a4-c21cfa1f7f34'),
 ('118', 'Neo_Block', '1', '0', '2017-07-26 23:03:48', '2017-08-17 17:52:22', '525cfc9f-08ff-42fc-b7a7-d8bc86b0e9c2'),
 ('119', 'Neo_Block', '1', '0', '2017-07-26 23:03:48', '2017-08-17 17:52:22', 'da13e7c5-41a0-4508-bca8-7984eaf0e647'),
 ('124', 'Neo_Block', '1', '0', '2017-07-26 23:03:48', '2017-08-17 17:52:22', '859f4b33-96af-4910-8aa8-210b37f38e89'),
 ('128', 'Neo_Block', '1', '0', '2017-07-26 23:03:48', '2017-08-17 17:52:22', '62b0b11f-737f-4a2b-8ce9-8b882e32b158'),
 ('129', 'Neo_Block', '1', '0', '2017-07-26 23:03:48', '2017-08-17 17:52:22', 'dc566cfa-a68f-46c6-bdaf-5b6b8357ffa9'),
 ('132', 'Neo_Block', '1', '0', '2017-07-26 23:03:48', '2017-08-17 17:52:22', '04749b20-ed38-474f-8a07-ada1b08fdd9b'),
 ('136', 'Neo_Block', '1', '0', '2017-07-26 23:03:49', '2017-08-17 17:52:22', 'e46626ab-43fc-469a-ae1a-a17c4d299529'),
 ('137', 'Neo_Block', '1', '0', '2017-07-26 23:03:49', '2017-08-17 17:52:22', '078a13af-85b2-43ea-b558-2e9fe150b812'),
 ('140', 'MatrixBlock', '1', '0', '2017-07-26 23:08:57', '2017-08-17 17:52:22', '11c9797b-6676-4bc7-8f4f-9657c6c620ad'),
 ('141', 'Asset', '1', '0', '2017-07-26 23:10:18', '2017-08-30 21:02:34', '7193d9f4-9246-4b38-bb80-972a472d1f3a'),
 ('142', 'Asset', '1', '0', '2017-07-26 23:10:18', '2017-08-30 21:02:34', '1ca1b3fe-df3a-4da1-b178-5d073ed4ba00'),
 ('143', 'Asset', '1', '0', '2017-07-26 23:10:19', '2017-08-30 21:02:34', '789c058a-7ea3-48df-a774-0961c3f3c9f6'),
 ('144', 'Neo_Block', '1', '0', '2017-07-26 23:22:13', '2017-08-17 17:52:22', 'c95a11ed-38c6-43b5-9c6c-1a9bdd6e086c'),
 ('145', 'Asset', '1', '0', '2017-07-26 23:31:02', '2017-08-30 21:02:36', 'e7e25a72-e67d-4206-b9c9-4777dc025676'),
 ('146', 'Asset', '1', '0', '2017-07-26 23:31:02', '2017-08-30 21:02:37', 'bcabab6f-4d06-43ad-8f1e-f28c30da3fe0'),
 ('147', 'Asset', '1', '0', '2017-07-26 23:31:02', '2017-08-30 21:02:37', '459de366-154a-4ed4-a5fe-40f170627cbd'),
 ('148', 'Asset', '1', '0', '2017-07-26 23:31:02', '2017-08-30 21:02:37', '5bcccc85-a27a-4434-b6e8-c31bb39b9efa'),
 ('149', 'Asset', '1', '0', '2017-07-26 23:31:07', '2017-08-30 21:02:37', '5f5f2944-5cd5-442a-b6e1-dfdbaa44e6da'),
 ('150', 'Asset', '1', '0', '2017-07-26 23:31:10', '2017-08-30 21:02:38', '5c8ffda8-5891-4636-b215-c57cc66c51a9'),
 ('151', 'Asset', '1', '0', '2017-07-26 23:31:10', '2017-08-30 21:02:38', '54001580-c650-4fb0-8aff-39413b8e9ab2'),
 ('152', 'Asset', '1', '0', '2017-07-26 23:31:11', '2017-08-30 21:02:38', 'e163fc52-17d3-43b5-8fd1-bffdeb57e7c9'),
 ('153', 'Asset', '1', '0', '2017-07-26 23:31:11', '2017-08-30 21:02:38', '193be06d-dec9-4133-99d9-c14ef22b8d13'),
 ('154', 'Asset', '1', '0', '2017-07-26 23:31:11', '2017-08-30 21:02:41', 'fec4713b-882c-4075-a6ff-30c8d7ce565c'),
 ('155', 'Asset', '1', '0', '2017-07-26 23:31:11', '2017-08-30 21:02:38', 'f66bac66-8bd6-402d-b0c4-e6c2d4fdccb1'),
 ('156', 'Asset', '1', '0', '2017-07-26 23:31:11', '2017-08-30 21:02:38', 'a924c08d-2fda-4336-a402-700b49378ff8'),
 ('157', 'Asset', '1', '0', '2017-07-26 23:31:11', '2017-08-30 21:02:39', 'f37f4fae-c400-4cc3-891c-0197bfb316e8'),
 ('158', 'Asset', '1', '0', '2017-07-26 23:31:12', '2017-08-30 21:02:37', '3d4dd6ac-dca9-46a4-bbdf-27c80fbe0d1f'),
 ('159', 'Asset', '1', '0', '2017-07-26 23:31:12', '2017-08-30 21:02:37', '1fdcc260-4bdf-4917-a142-1bd179446494'),
 ('160', 'Asset', '1', '0', '2017-07-26 23:31:12', '2017-08-30 21:02:38', 'a900ea5f-cedc-419d-bc62-7ff1b2835093'),
 ('161', 'Asset', '1', '0', '2017-07-26 23:31:12', '2017-08-30 21:02:37', '4a61d64a-18dc-40f9-bd7b-4897743ee711'),
 ('162', 'Neo_Block', '1', '0', '2017-07-26 23:33:33', '2017-08-17 17:52:22', 'c46b5d3c-58ca-4a78-87c0-b6c62eef9b5a'),
 ('163', 'MatrixBlock', '1', '0', '2017-07-26 23:33:33', '2017-08-17 17:52:22', '9677f6cc-fc81-47c2-a9e7-28b3640fc056'),
 ('172', 'Asset', '1', '0', '2017-07-27 17:17:05', '2017-08-30 21:02:41', 'd92b5beb-d00f-4431-84b0-a855d7b27a50'),
 ('183', 'Neo_Block', '1', '0', '2017-08-01 20:54:27', '2017-08-03 17:11:59', '5b6a01b5-d489-4fc8-a53f-bff0b5a752ff'),
 ('190', 'Neo_Block', '1', '0', '2017-08-01 22:35:00', '2017-08-03 17:11:59', 'e4fcd5cd-9bbe-4d41-be80-30aa601bf95b'),
 ('191', 'MatrixBlock', '1', '0', '2017-08-01 22:35:00', '2017-08-07 16:49:46', '39e732ef-40e4-493b-b75e-300d50fac727'),
 ('194', 'Neo_Block', '1', '0', '2017-08-02 00:32:52', '2017-08-03 17:11:59', 'c1bec2fc-01a1-49a8-8128-4567057c1549'),
 ('195', 'MatrixBlock', '1', '0', '2017-08-02 00:32:52', '2017-08-07 16:49:46', '65517de9-5784-41b1-8fbc-29083014feff'),
 ('202', 'Neo_Block', '1', '0', '2017-08-03 17:08:09', '2017-08-03 17:11:59', '32196194-b340-4df4-bc6d-2a481e9f3b41'),
 ('206', 'MatrixBlock', '1', '0', '2017-08-03 18:46:17', '2017-08-17 17:52:22', '19b03a22-2705-4cd1-a801-f5f1391d1e0d'),
 ('207', 'MatrixBlock', '1', '0', '2017-08-03 18:50:27', '2017-08-17 17:52:22', 'bcd66011-fb3d-4e81-b20c-ae7abe78d609'),
 ('208', 'MatrixBlock', '1', '0', '2017-08-03 18:50:27', '2017-08-17 17:52:22', '40fbac97-9435-48c3-a945-1789749a7cad'),
 ('209', 'Neo_Block', '1', '0', '2017-08-03 18:50:27', '2017-08-17 17:52:22', 'aa4c3edb-f77c-4234-a288-806bd262df08');
INSERT INTO `craft_elements` (`id`, `type`, `enabled`, `archived`, `dateCreated`, `dateUpdated`, `uid`) VALUES
 ('210', 'MatrixBlock', '1', '0', '2017-08-03 18:50:27', '2017-08-17 17:52:22', '495301b6-89a3-4bba-bc19-fa7b5e1849c7'),
 ('211', 'MatrixBlock', '1', '0', '2017-08-03 18:50:27', '2017-08-17 17:52:22', '3ce83380-b26b-448d-8964-80740053abd2'),
 ('212', 'MatrixBlock', '1', '0', '2017-08-03 19:02:45', '2017-08-17 17:52:22', 'c0502a9a-ddad-4b4c-912e-9ab7d481a137'),
 ('213', 'MatrixBlock', '1', '0', '2017-08-03 19:02:45', '2017-08-17 17:52:22', '79f19057-9af2-4dc8-817e-2a04644ecd3e'),
 ('214', 'MatrixBlock', '1', '0', '2017-08-03 19:02:45', '2017-08-17 17:52:22', '63f852c0-9d7b-4d2c-a003-f24583bb07f0'),
 ('215', 'MatrixBlock', '1', '0', '2017-08-03 19:02:45', '2017-08-17 17:52:22', '43ddc58b-39b8-4598-b065-f76458d1cd5f'),
 ('216', 'MatrixBlock', '1', '0', '2017-08-03 19:02:45', '2017-08-17 17:52:22', '7f70439b-7680-4616-886f-5fc90d6eb395'),
 ('217', 'MatrixBlock', '1', '0', '2017-08-03 19:02:45', '2017-08-17 17:52:22', 'f1c4a657-49af-493f-9d32-56daab51a344'),
 ('218', 'MatrixBlock', '1', '0', '2017-08-03 19:02:45', '2017-08-17 17:52:22', 'a630aa23-3f9f-4a91-87a2-49982cf84a19'),
 ('219', 'MatrixBlock', '1', '0', '2017-08-03 19:02:45', '2017-08-17 17:52:22', 'b6e3434a-a62a-4357-b081-0af0a306da4e'),
 ('220', 'MatrixBlock', '1', '0', '2017-08-03 19:02:45', '2017-08-17 17:52:22', '5c25fcdb-92cf-43ba-9226-90dcde38cdda'),
 ('221', 'Neo_Block', '1', '0', '2017-08-03 19:02:45', '2017-08-17 17:52:22', '243438ef-8a2b-4554-b134-4530c91bb4fa'),
 ('223', 'Neo_Block', '1', '0', '2017-08-03 22:25:09', '2017-08-07 16:49:47', 'c4861895-839e-4b6c-a7db-27a5a5b70da0'),
 ('224', 'MatrixBlock', '1', '0', '2017-08-03 22:25:09', '2017-08-07 16:49:46', 'be4077e1-ab6c-41e0-8f11-f7d606411860'),
 ('225', 'MatrixBlock', '1', '0', '2017-08-03 22:33:25', '2017-08-07 16:49:46', 'bb360be0-998c-4861-8b0d-04bde61f9304'),
 ('226', 'MatrixBlock', '1', '0', '2017-08-03 22:33:25', '2017-08-07 16:49:46', '6162ae07-6185-4fff-a1d4-9af2da508a75'),
 ('227', 'MatrixBlock', '1', '0', '2017-08-03 22:33:25', '2017-08-07 16:49:46', '27d84e99-fdf3-405b-a410-192e6be60ae0'),
 ('228', 'Neo_Block', '1', '0', '2017-08-03 22:33:25', '2017-08-07 16:49:47', '786795f5-9cfb-4f43-993c-dbe548890550'),
 ('229', 'MatrixBlock', '1', '0', '2017-08-03 22:33:25', '2017-08-07 16:49:46', 'bc96962d-f2d5-41fe-bee7-737ff38fcaba'),
 ('230', 'MatrixBlock', '1', '0', '2017-08-03 22:33:25', '2017-08-07 16:49:46', 'f1168699-d9c5-48ad-8c7d-169af98862fe'),
 ('231', 'MatrixBlock', '1', '0', '2017-08-03 22:33:25', '2017-08-07 16:49:46', '5bac09fe-a7c0-4871-958f-17c42abd42c8'),
 ('232', 'Neo_Block', '1', '0', '2017-08-03 22:33:25', '2017-08-07 16:49:47', 'd066ff95-56bc-4ca2-ba7e-4f44b19ac75d'),
 ('233', 'MatrixBlock', '1', '0', '2017-08-03 22:33:25', '2017-08-07 16:49:46', 'c95fb425-6bec-47aa-baac-42f11a8c6384'),
 ('234', 'MatrixBlock', '1', '0', '2017-08-03 22:33:26', '2017-08-07 16:49:46', '51e8c748-0bd4-495e-bb1e-57feac6f6a87'),
 ('235', 'MatrixBlock', '1', '0', '2017-08-03 22:33:26', '2017-08-07 16:49:47', 'e0164669-34e2-46de-8398-c466109e703b'),
 ('236', 'MatrixBlock', '1', '0', '2017-08-03 22:33:26', '2017-08-07 16:49:47', 'ee6f6503-810b-432b-be2a-1b76c605f684'),
 ('237', 'Neo_Block', '1', '0', '2017-08-03 22:33:26', '2017-08-07 16:49:47', '5e2d930a-52ab-4353-a25a-129f1fbf7670'),
 ('238', 'MatrixBlock', '1', '0', '2017-08-03 22:33:26', '2017-08-07 16:49:47', 'b0ebd381-4377-45a1-81a9-9aaf51981d86'),
 ('239', 'MatrixBlock', '1', '0', '2017-08-03 22:33:26', '2017-08-07 16:49:47', 'f63e0553-8b1d-4205-8908-31a54010a9ff'),
 ('240', 'MatrixBlock', '1', '0', '2017-08-03 22:33:26', '2017-08-07 16:49:47', '0c124d2e-37c0-4bf9-ad8f-77ed60a5419a'),
 ('241', 'MatrixBlock', '1', '0', '2017-08-03 22:33:26', '2017-08-07 16:49:47', '571c7575-86a9-42a7-9496-691427e070d8'),
 ('242', 'MatrixBlock', '1', '0', '2017-08-03 22:33:26', '2017-08-07 16:49:47', '91b78577-3c37-4176-9952-b40ad6159627'),
 ('243', 'Category', '1', '0', '2017-08-07 17:26:03', '2017-08-07 17:26:03', '623f9ee2-3320-4d12-93b3-31636f9e5045'),
 ('244', 'Category', '1', '0', '2017-08-07 17:26:14', '2017-08-07 17:26:14', '4abda02b-afbe-4da7-9c79-4d2456c5166b'),
 ('245', 'Category', '1', '0', '2017-08-07 17:26:23', '2017-08-07 17:26:23', 'c732a27e-50e5-491b-bbd3-27ad5b8aa4cb'),
 ('246', 'Category', '1', '0', '2017-08-07 17:26:39', '2017-08-07 17:26:39', 'cba1a7c7-dff6-406d-a7cc-15423a688cd3'),
 ('247', 'Category', '1', '0', '2017-08-07 17:26:50', '2017-08-07 17:26:50', '6d862fd3-5da8-4aca-896f-838ddeb5e58a'),
 ('248', 'Category', '1', '0', '2017-08-07 17:26:55', '2017-08-07 17:26:55', '9c22544c-cb6b-4828-8176-e043fcaa5783'),
 ('249', 'Category', '1', '0', '2017-08-07 17:27:08', '2017-08-07 17:27:08', '6fbe84ad-9741-4426-a504-bf0478f91905'),
 ('250', 'Category', '1', '0', '2017-08-07 17:27:17', '2017-08-07 17:27:17', 'a3cf19c5-79c0-46f7-8751-4af8c3895599'),
 ('251', 'Category', '1', '0', '2017-08-07 17:27:33', '2017-08-07 17:27:33', '12344c0e-bb29-4d8c-8678-d6b8688bd451'),
 ('252', 'Category', '1', '0', '2017-08-07 17:27:40', '2017-08-07 17:27:40', '6701d6b2-2ed6-40ea-97d0-c7ffe0c3f9ec'),
 ('253', 'Category', '1', '0', '2017-08-07 17:28:00', '2017-08-07 17:28:00', '1edeb8d6-0323-47d9-b2b6-185bbff0eb7c'),
 ('254', 'Category', '1', '0', '2017-08-07 17:28:10', '2017-08-07 17:28:10', 'ce28fce7-2cdc-4763-a71f-ea58985aa6a4'),
 ('255', 'Category', '1', '0', '2017-08-07 17:28:14', '2017-08-07 17:28:14', '5474b6bb-1937-4dec-ad65-3942ce831756'),
 ('256', 'Category', '1', '0', '2017-08-07 17:31:09', '2017-08-07 17:31:09', 'db8dda4f-0879-49b3-9717-5ab9eb742c22'),
 ('257', 'Category', '1', '0', '2017-08-07 17:31:22', '2017-08-07 17:31:22', '84bea8e6-6bc5-44b1-958a-c23bc749a2c9'),
 ('258', 'Category', '1', '0', '2017-08-07 17:31:27', '2017-08-07 17:31:27', 'bfe67251-89bf-4a9a-8b96-a338ddc1c8cc'),
 ('262', 'GlobalSet', '1', '0', '2017-08-07 21:07:07', '2017-09-06 23:00:13', '11679368-21c2-4629-ac07-4a4587c07aeb'),
 ('263', 'GlobalSet', '1', '0', '2017-08-07 21:07:30', '2017-08-09 20:57:20', '33234b17-2ad0-4c0c-89bc-f33319f45818'),
 ('264', 'Entry', '1', '0', '2017-08-07 21:28:57', '2017-08-22 18:21:04', '18b30d92-d9df-4359-93fc-526f712e5d94'),
 ('266', 'Category', '1', '0', '2017-08-07 21:31:59', '2017-08-07 21:31:59', 'f07a5ce4-bb0a-4104-9419-2312fc5df877'),
 ('267', 'Category', '1', '0', '2017-08-07 21:32:21', '2017-08-07 21:32:21', '230fa7f3-50ed-41fb-869c-3776fb6dce82'),
 ('268', 'MatrixBlock', '1', '0', '2017-08-07 21:48:31', '2017-09-06 20:51:17', '3ccec3c7-a3b3-4513-9551-59fb98d40570'),
 ('269', 'MatrixBlock', '1', '0', '2017-08-07 21:48:31', '2017-09-06 20:51:17', '0e6f0177-1bf0-4b9e-9446-9ba3f452548e'),
 ('270', 'Entry', '1', '0', '2017-08-07 22:23:24', '2017-08-31 21:43:48', '616b8a58-f7b3-42e5-b756-6b06888501b8'),
 ('272', 'MatrixBlock', '1', '0', '2017-08-07 23:13:17', '2017-08-09 20:57:20', 'a9068c05-8421-485b-a195-7ea154e56a0a'),
 ('273', 'MatrixBlock', '1', '0', '2017-08-07 23:13:17', '2017-08-09 20:57:20', 'cbeeb28a-b08c-48da-bafc-1b9b7f3f87e2'),
 ('274', 'Neo_Block', '1', '0', '2017-08-07 23:13:17', '2017-08-09 20:57:20', 'a447da14-81bc-410b-a424-9236f8a89950'),
 ('275', 'MatrixBlock', '1', '0', '2017-08-07 23:13:17', '2017-08-07 23:39:40', 'c3bb4a07-4c8c-4ec1-9ae4-11f1c0b08c8a'),
 ('276', 'MatrixBlock', '1', '0', '2017-08-07 23:13:17', '2017-08-07 23:39:40', 'b5dd8ea1-aa0f-498e-bc94-c46792babde0'),
 ('277', 'MatrixBlock', '1', '0', '2017-08-07 23:39:40', '2017-08-09 20:57:20', 'c45600e6-7ee1-4044-98bc-339b0f06d5e8'),
 ('278', 'MatrixBlock', '1', '0', '2017-08-07 23:39:40', '2017-08-09 20:57:20', 'e282fadc-a96d-482e-afd0-7b410b9e5075'),
 ('279', 'MatrixBlock', '1', '0', '2017-08-07 23:39:40', '2017-08-09 20:57:20', '8720e31c-3561-4b50-b33c-fbfb0ccf6f97'),
 ('280', 'MatrixBlock', '1', '0', '2017-08-07 23:39:40', '2017-08-09 20:57:20', '7742a9e3-1b58-46d2-9533-be106a57e564'),
 ('282', 'MatrixBlock', '1', '0', '2017-08-07 23:46:45', '2017-09-06 23:00:13', '8be18c7b-ce52-44d3-a625-65a1c8da9f04'),
 ('283', 'GlobalSet', '1', '0', '2017-08-08 17:41:58', '2017-08-08 17:46:47', '79f0a226-337f-428d-9cb8-0158fa2530f9'),
 ('284', 'MatrixBlock', '1', '0', '2017-08-08 17:46:27', '2017-08-08 17:46:47', 'ffa828c6-93c5-414c-9205-1dbdfc887908'),
 ('285', 'MatrixBlock', '1', '0', '2017-08-08 17:46:27', '2017-08-08 17:46:47', 'a363e51c-8e59-4b9e-8f62-c7ca772346ef'),
 ('287', 'GlobalSet', '1', '0', '2017-08-09 17:45:23', '2017-08-09 17:51:39', 'd9478e88-9953-4653-bca1-4cbae7a4d709'),
 ('288', 'Asset', '1', '0', '2017-08-09 17:51:02', '2017-08-30 21:02:34', '5c84c6e8-8073-47cb-a9e7-47a0dbfb038c'),
 ('290', 'Entry', '1', '0', '2017-08-09 20:38:27', '2017-08-31 21:10:35', '49bdac73-66d7-401f-af3e-de1ff0514316'),
 ('291', 'Entry', '1', '0', '2017-08-09 20:39:06', '2017-08-09 20:39:06', '8c437ac5-8952-4e58-aeaf-e6d0229ee87a'),
 ('292', 'Entry', '1', '0', '2017-08-09 20:41:34', '2017-08-09 20:41:34', 'e7516be7-e3a3-498c-90fc-668578697e77'),
 ('293', 'MatrixBlock', '1', '0', '2017-08-09 20:50:51', '2017-09-06 20:51:17', '886a1fae-9f51-414d-bb75-96ede3b96089'),
 ('294', 'MatrixBlock', '1', '0', '2017-08-09 20:50:51', '2017-09-06 20:51:17', 'ad3d2ca5-eb13-47e2-ba5c-3eea77e5a498'),
 ('297', 'MatrixBlock', '1', '0', '2017-08-09 20:50:51', '2017-09-06 23:00:13', 'c9f0e5af-2a6b-4d1f-80fd-78e80a07016e'),
 ('298', 'MatrixBlock', '1', '0', '2017-08-09 20:50:51', '2017-09-06 23:00:13', '3295f361-9588-4466-aa54-410d191f4578'),
 ('299', 'Neo_Block', '1', '0', '2017-08-09 20:57:20', '2017-08-09 20:57:20', '7d3153b6-62a9-49f9-a0e6-b0257ae05c2a'),
 ('300', 'MatrixBlock', '1', '0', '2017-08-09 20:57:20', '2017-08-09 20:57:20', 'a297cf6e-c865-4e80-a33c-862f96ed6b69'),
 ('301', 'MatrixBlock', '1', '0', '2017-08-09 20:57:20', '2017-08-09 20:57:20', 'fc520cc6-0d7e-48d3-b947-8ed38386dfd5'),
 ('302', 'MatrixBlock', '1', '0', '2017-08-09 20:57:20', '2017-08-09 20:57:20', '67f668c4-9bf7-4a39-9db9-55eae9479c38'),
 ('303', 'Neo_Block', '1', '0', '2017-08-09 20:57:20', '2017-08-09 20:57:20', 'd9407896-201b-40eb-9be7-49b03adad6b0'),
 ('304', 'MatrixBlock', '1', '0', '2017-08-09 20:57:20', '2017-08-09 20:57:20', '9d467c4c-196c-4013-9901-ae5d10ab9b00'),
 ('305', 'MatrixBlock', '1', '0', '2017-08-09 20:57:20', '2017-08-09 20:57:20', 'e9c36a82-cd81-4d3f-a597-3f0b1cd27ccf'),
 ('306', 'MatrixBlock', '1', '0', '2017-08-09 20:57:20', '2017-08-09 20:57:20', '6ffbd33c-14aa-4d64-aa16-04f9f4d26b31'),
 ('307', 'MatrixBlock', '1', '0', '2017-08-09 20:57:20', '2017-08-09 20:57:20', '51188cf4-5eec-4fa2-ac6a-fde6f0f4dfbe'),
 ('308', 'Neo_Block', '1', '0', '2017-08-09 20:57:20', '2017-08-09 20:57:20', 'bad43803-a3d5-4058-be1a-c519b3aa6ed6'),
 ('309', 'MatrixBlock', '1', '0', '2017-08-09 20:57:20', '2017-08-09 20:57:20', '06a0aad2-4137-4e35-a181-9a3cc09df7ec'),
 ('310', 'MatrixBlock', '1', '0', '2017-08-09 20:57:20', '2017-08-09 20:57:20', '3d9065f2-d2e3-4fd0-8ae3-dfbf02859d3c'),
 ('311', 'MatrixBlock', '1', '0', '2017-08-09 20:57:20', '2017-08-09 20:57:20', 'c9a42e8b-ac36-410e-afc7-918ea86afce8'),
 ('312', 'MatrixBlock', '1', '0', '2017-08-09 20:57:20', '2017-08-09 20:57:20', '400c4306-a2b7-4f36-bfaf-d258759f3332'),
 ('313', 'MatrixBlock', '1', '0', '2017-08-09 20:57:20', '2017-08-09 20:57:20', 'be68c69e-1aae-4580-99ee-24ce051472c9'),
 ('314', 'Entry', '1', '0', '2017-08-10 22:00:29', '2017-08-31 22:08:12', '0f1231d4-b73e-4817-9998-4aa20bfcc959'),
 ('315', 'MatrixBlock', '1', '0', '2017-08-10 22:00:29', '2017-08-31 22:08:12', 'f13e3f7d-2c4a-4996-ab0c-477b901d5e68'),
 ('316', 'MatrixBlock', '1', '0', '2017-08-10 22:00:29', '2017-08-31 22:08:12', 'f88372b3-60ae-4ffd-80c3-47511b01e153'),
 ('317', 'Neo_Block', '1', '0', '2017-08-10 22:00:29', '2017-08-31 22:08:12', 'f6725166-7fd0-4daf-891b-7a8bb491fe77'),
 ('318', 'Neo_Block', '1', '0', '2017-08-10 22:00:29', '2017-08-31 22:08:12', 'e4ee62d0-e432-4b05-99d5-bed1cd621c39'),
 ('319', 'MatrixBlock', '1', '0', '2017-08-10 22:00:29', '2017-08-31 22:08:12', '693575f0-b54d-428d-b009-ffe9d19111f3'),
 ('320', 'MatrixBlock', '1', '0', '2017-08-10 22:00:29', '2017-08-31 22:08:12', 'e8ede041-c0e4-4b44-bee4-b11b92e535f6');
INSERT INTO `craft_elements` (`id`, `type`, `enabled`, `archived`, `dateCreated`, `dateUpdated`, `uid`) VALUES
 ('321', 'MatrixBlock', '1', '0', '2017-08-10 22:00:29', '2017-08-31 22:08:12', 'c086a639-41dd-44ee-bc4d-f8148e5cae42'),
 ('322', 'Neo_Block', '1', '0', '2017-08-10 22:00:29', '2017-08-31 22:08:12', '19f2165b-671e-4e2b-b499-2b8fdca5edae'),
 ('323', 'MatrixBlock', '1', '0', '2017-08-10 22:00:29', '2017-08-31 22:08:12', 'ee1826cc-9f0e-4cbf-8c27-d203be9be442'),
 ('324', 'MatrixBlock', '1', '0', '2017-08-10 22:00:29', '2017-08-31 22:08:12', '85d66be6-0f6c-4c0e-a7d8-748a49ee5f94'),
 ('325', 'MatrixBlock', '1', '0', '2017-08-10 22:00:29', '2017-08-31 22:08:12', '67b76cb5-a702-4775-9227-a90d5f5739ab'),
 ('326', 'Neo_Block', '1', '0', '2017-08-10 22:00:29', '2017-08-31 22:08:12', '5033110f-a7cc-4a60-b58f-6dfcbceecfe9'),
 ('327', 'MatrixBlock', '1', '0', '2017-08-10 22:00:29', '2017-08-31 22:08:12', '7cf9e13b-413a-4109-9f48-7cb268012b83'),
 ('328', 'MatrixBlock', '1', '0', '2017-08-10 22:11:49', '2017-08-31 22:08:12', 'e4431929-e509-4ac2-ad2c-fb668416a193'),
 ('329', 'MatrixBlock', '1', '0', '2017-08-10 22:11:49', '2017-08-31 22:08:12', 'ca7fe4ce-1e13-4019-9443-c27c644ea7fd'),
 ('330', 'Neo_Block', '1', '0', '2017-08-10 22:11:49', '2017-08-31 22:08:12', 'd5084b07-9549-4ce6-b632-2a4ebe160146'),
 ('331', 'Neo_Block', '1', '0', '2017-08-10 22:11:49', '2017-08-31 22:08:12', '4a3cc40a-f0bf-4cad-a063-078e71fa57dc'),
 ('332', 'MatrixBlock', '1', '0', '2017-08-10 22:11:49', '2017-08-31 22:08:12', '6cd995ee-4e8d-44d3-8bcd-25566194c37e'),
 ('333', 'MatrixBlock', '1', '0', '2017-08-10 22:11:49', '2017-08-31 22:08:12', '27dc48f9-fd0f-4219-806e-bd0d209a4682'),
 ('334', 'MatrixBlock', '1', '0', '2017-08-10 22:11:49', '2017-08-31 22:08:12', '847404a0-655f-4eb4-89a9-8c987876ecdc'),
 ('335', 'Neo_Block', '1', '0', '2017-08-10 22:11:49', '2017-08-31 22:08:12', '2e5eaa82-8ea1-4a78-9574-2dcf39df7cd9'),
 ('336', 'MatrixBlock', '1', '0', '2017-08-10 22:11:49', '2017-08-31 22:08:13', 'edb5fd40-b49f-4728-9b42-2e1b74352455'),
 ('337', 'MatrixBlock', '1', '0', '2017-08-10 22:11:49', '2017-08-31 22:08:13', '9f84c833-89ac-4b32-bd9a-b3b0c5ef2743'),
 ('338', 'MatrixBlock', '1', '0', '2017-08-10 22:11:49', '2017-08-31 22:08:13', 'cff97159-6ad7-4c12-b91c-2e3c6c1566f9'),
 ('339', 'Neo_Block', '1', '0', '2017-08-10 22:11:49', '2017-08-31 22:08:13', '2a9b2cb6-f118-443a-b7ce-62e673a36ce6'),
 ('340', 'Neo_Block', '1', '0', '2017-08-10 22:11:49', '2017-08-31 22:08:13', 'f7d86b8e-a91a-4508-b5bf-ca9de1f638e5'),
 ('341', 'Neo_Block', '1', '0', '2017-08-10 22:11:49', '2017-08-31 22:08:13', '386d7804-709f-47d8-9518-3c072f42671e'),
 ('343', 'Neo_Block', '1', '0', '2017-08-10 22:14:42', '2017-08-31 22:08:13', '8bbf2e48-c6b6-47b8-b1d4-991b35bb75f8'),
 ('345', 'Neo_Block', '1', '0', '2017-08-17 23:14:09', '2017-08-17 23:14:09', 'e4eab2e2-08cb-47a3-97ec-cd7a00f8e166'),
 ('346', 'Neo_Block', '1', '0', '2017-08-17 23:14:09', '2017-08-17 23:14:09', 'c5400d97-3fbf-48a7-ab7a-74b77c484e9a'),
 ('348', 'Entry', '1', '0', '2017-08-21 22:32:03', '2017-08-23 17:52:37', '3a9f6ffa-35be-4277-b068-55569510ea03'),
 ('349', 'Neo_Block', '1', '0', '2017-08-21 22:32:03', '2017-08-23 17:52:37', 'a7f17c1c-781f-4e74-9b85-aff9b81ce2bb'),
 ('350', 'Category', '1', '0', '2017-08-22 20:53:32', '2017-08-22 20:53:32', '5c3e36b0-d493-43fe-b6bd-34095ff34721'),
 ('351', 'Category', '1', '0', '2017-08-22 20:53:42', '2017-08-22 20:53:42', 'a3afc8f9-5fab-45cd-9f36-40819784435b'),
 ('352', 'Category', '1', '0', '2017-08-22 20:53:58', '2017-08-22 20:53:58', '12c4d8ab-69d2-408c-8fb6-673a8bff0cab'),
 ('353', 'Category', '1', '0', '2017-08-22 20:54:07', '2017-08-22 20:54:07', '5e86f787-1f3e-4c05-83f2-89adb9fee3bd'),
 ('354', 'Category', '1', '0', '2017-08-22 20:54:17', '2017-08-22 20:54:17', '1dc5fd5c-321c-427d-ac6b-422184f5f66c'),
 ('355', 'Neo_Block', '1', '0', '2017-08-23 17:52:38', '2017-08-23 17:52:38', '43bf88d8-bc43-460d-b602-54e1b2fcb186'),
 ('356', 'Entry', '1', '0', '2017-08-23 17:53:42', '2017-08-23 21:53:03', '7b387590-5eac-4b44-af0c-d700e209a7eb'),
 ('357', 'Neo_Block', '1', '0', '2017-08-23 17:53:42', '2017-08-23 21:53:03', '8a392884-9216-4e46-9ddd-3ac4aa8c8d9f'),
 ('358', 'Entry', '1', '0', '2017-08-23 17:56:29', '2017-09-06 17:56:59', 'f43143bf-afbb-4c40-aaf1-15e2d3ab0a6b'),
 ('361', 'User', '1', '0', '2017-08-23 18:14:23', '2017-08-23 18:17:34', 'c2f6c5e9-83bc-47f8-a3b2-557f22abd3a1'),
 ('362', 'Entry', '1', '0', '2017-08-24 20:53:17', '2017-08-24 20:53:17', 'cb58a79c-7668-4f0e-a577-23fbe4fe3286'),
 ('363', 'Entry', '1', '0', '2017-08-24 20:55:06', '2017-08-24 20:55:06', 'e01cb78c-8bc3-4bcc-94e2-92e56b2e6945'),
 ('364', 'Asset', '1', '0', '2017-08-30 21:02:32', '2017-08-30 21:02:32', 'a093d175-0bf0-4bc9-8963-a4aec44cb63b'),
 ('365', 'Asset', '1', '0', '2017-08-30 21:02:33', '2017-08-30 21:02:33', 'b15b1e52-a0cc-45c1-a349-c679596702e3'),
 ('366', 'Asset', '1', '0', '2017-08-30 21:02:33', '2017-08-30 21:02:33', 'dbd17910-0ab1-401b-9308-b53f4b9db6b9'),
 ('367', 'Asset', '1', '0', '2017-08-30 21:02:33', '2017-08-30 21:02:33', '08e762e0-8745-4abd-b46b-86555d02e6fa'),
 ('368', 'Asset', '1', '0', '2017-08-30 21:02:33', '2017-08-30 21:02:33', 'e64d7ab9-56cb-4ab9-8119-8c0fdd1b9021'),
 ('369', 'Asset', '1', '0', '2017-08-30 21:02:33', '2017-08-30 21:02:33', '94120905-fbc3-4a04-a18b-e0c54c51141c'),
 ('370', 'Asset', '1', '0', '2017-08-30 21:02:33', '2017-08-30 21:02:33', 'de4e17e8-51db-48e3-add2-89dad7f61d51'),
 ('371', 'Asset', '1', '0', '2017-08-30 21:02:33', '2017-08-30 21:02:34', '01ec8f15-4910-439a-9c29-c5dff72bc676'),
 ('372', 'Asset', '1', '0', '2017-08-30 21:02:34', '2017-08-30 21:02:34', '3bce7c85-311f-44f2-b359-e7cd66a7401a'),
 ('373', 'Asset', '1', '0', '2017-08-30 21:02:34', '2017-08-30 21:02:34', '63270fab-f2f9-4555-a4b0-e0274f8013ac'),
 ('374', 'Asset', '1', '0', '2017-08-30 21:02:43', '2017-08-30 21:02:43', '449b6d04-4d34-4706-941d-050fd7a86bef'),
 ('375', 'Asset', '1', '0', '2017-08-30 21:02:43', '2017-08-30 21:02:43', 'a07cba33-22dd-4288-8c9e-21f390eeee13'),
 ('376', 'Asset', '1', '0', '2017-08-30 21:02:43', '2017-08-30 21:02:43', '75acf631-72bd-477f-b5ed-51f514b99dda'),
 ('377', 'Asset', '1', '0', '2017-08-30 21:02:43', '2017-08-30 21:02:43', '71a30bf7-9f95-44de-bb56-8857171606f6'),
 ('378', 'Asset', '1', '0', '2017-08-30 21:02:43', '2017-08-30 21:02:43', '3bb4262d-f06c-4c08-b69e-8751ce4e9c2a'),
 ('379', 'Asset', '1', '0', '2017-08-30 21:02:43', '2017-08-30 21:02:43', '80b6388b-971d-4938-9b24-1d64d1c7043d'),
 ('380', 'Asset', '1', '0', '2017-08-30 21:02:43', '2017-08-30 21:02:43', 'cb4138ac-e332-4255-9412-d89ef989c89d'),
 ('381', 'Asset', '1', '0', '2017-08-30 21:02:44', '2017-08-30 21:02:44', '65421ba8-08ad-4776-ad38-17af3ea43bd1'),
 ('382', 'Asset', '1', '0', '2017-08-30 21:02:44', '2017-08-30 21:02:44', '96f7bbd0-400d-4001-8cac-70c8fc8be6d8'),
 ('383', 'Asset', '1', '0', '2017-08-30 21:02:44', '2017-08-30 21:02:44', '4124221c-7251-4225-ae6f-911d775acc8b'),
 ('384', 'Asset', '1', '0', '2017-08-30 21:02:44', '2017-08-30 21:02:44', '540a65c6-ee8d-4df5-863f-d76704a5bb46'),
 ('385', 'Asset', '1', '0', '2017-08-30 21:02:44', '2017-08-30 21:02:44', '02007142-0778-4c19-829e-e9c26f32a314'),
 ('386', 'Asset', '1', '0', '2017-08-30 21:02:44', '2017-08-30 21:02:44', '975acf0e-01b7-4601-88d8-a91fa67ad10f'),
 ('387', 'Asset', '1', '0', '2017-08-30 21:02:44', '2017-08-30 21:02:44', '69dcf88e-f85e-40a2-a141-4d0b50b53649'),
 ('388', 'Asset', '1', '0', '2017-08-30 21:02:45', '2017-08-30 21:02:45', '5fdd5f82-e91d-4634-b922-bcbc79f3cdce'),
 ('389', 'Asset', '1', '0', '2017-08-30 21:02:45', '2017-08-30 21:02:45', '1ad6d339-3862-468d-b619-e670882ae85b'),
 ('390', 'Asset', '1', '0', '2017-08-30 21:02:45', '2017-08-30 21:02:45', 'dc783ed4-c6f6-46c3-a27c-8e7ed25d6f0b'),
 ('391', 'Asset', '1', '0', '2017-08-30 21:02:45', '2017-08-30 21:02:45', '969807e0-39af-4764-bf89-c73dcc67cb0b'),
 ('392', 'Asset', '1', '0', '2017-08-30 21:02:45', '2017-08-30 21:02:45', '25c97e06-b5ad-4acb-86f9-d77007549b33'),
 ('393', 'Asset', '1', '0', '2017-08-30 21:02:45', '2017-08-30 21:02:45', '8b4db50e-e844-40c9-8f35-0a9980a527e6'),
 ('394', 'Asset', '1', '0', '2017-08-30 21:02:45', '2017-08-30 21:02:45', '4d0fe851-c752-4924-bdc8-549e0391c0e1'),
 ('395', 'Asset', '1', '0', '2017-08-30 21:02:45', '2017-08-30 21:02:46', 'd2773ce6-f9b2-4875-95ba-65809d383fca'),
 ('396', 'Asset', '1', '0', '2017-08-30 21:02:46', '2017-08-30 21:02:46', '012cb5f7-7f03-4bfc-8c28-8204e66c449a'),
 ('397', 'Asset', '1', '0', '2017-08-30 21:02:46', '2017-08-30 21:02:46', 'e22fd405-6d9a-4c5a-a099-206b479650b6'),
 ('398', 'Asset', '1', '0', '2017-08-30 21:02:46', '2017-08-30 21:02:46', '4dbbd9e3-20c3-44b8-80b2-144441f508df'),
 ('399', 'Asset', '1', '0', '2017-08-30 21:02:46', '2017-08-30 21:02:46', '5c848893-4d05-44c3-8e02-56fb3e22ba99'),
 ('400', 'Asset', '1', '0', '2017-08-30 21:02:46', '2017-08-30 21:02:46', '44835737-06ff-49bf-9563-b4da3d3e0fcd'),
 ('401', 'Asset', '1', '0', '2017-08-30 21:02:46', '2017-08-30 21:02:46', '842b1c08-4bf0-4ede-8da6-906d3a133e68'),
 ('402', 'Asset', '1', '0', '2017-08-30 21:02:46', '2017-08-30 21:02:47', '1b44268f-a475-4051-a6ad-3547a75ebee3'),
 ('403', 'Asset', '1', '0', '2017-08-30 21:02:47', '2017-08-30 21:02:47', 'd58ee8f3-fb58-4e1e-a829-653d01c3d451'),
 ('404', 'Asset', '1', '0', '2017-08-30 21:02:47', '2017-08-30 21:02:47', 'a78bf0d5-4fad-4134-9110-cbcd1c31da28'),
 ('405', 'Asset', '1', '0', '2017-08-30 21:02:47', '2017-08-30 21:02:47', '1a503019-b56e-4240-ac83-4dbd7697ee24'),
 ('406', 'Asset', '1', '0', '2017-08-30 21:02:47', '2017-08-30 21:02:47', 'ff118b3a-1d94-43ed-a75f-e61023f08690'),
 ('407', 'Asset', '1', '0', '2017-08-30 21:02:47', '2017-08-30 21:02:47', 'da30268c-9949-4578-93a2-8e14e4cbb504'),
 ('408', 'Asset', '1', '0', '2017-08-30 21:02:47', '2017-08-30 21:02:47', '08ec2d90-8bbc-43d6-93b3-68ff25480f6c'),
 ('409', 'Asset', '1', '0', '2017-08-30 21:02:48', '2017-08-30 21:02:48', '89708f7d-1839-43ba-8b69-9d45a03b0b9f'),
 ('410', 'Asset', '1', '0', '2017-08-30 21:02:48', '2017-08-30 21:02:48', '83d1cbae-89ea-4e65-b9f4-72c4cbbd495f'),
 ('411', 'Asset', '1', '0', '2017-08-30 21:02:48', '2017-08-30 21:02:48', '0b41df78-fe78-4ee3-8020-32923f8ec3bf'),
 ('412', 'Asset', '1', '0', '2017-08-30 21:02:48', '2017-08-30 21:02:48', 'd457dd87-13fd-4dbf-88b0-f1065e41e310'),
 ('413', 'Asset', '1', '0', '2017-08-30 21:02:48', '2017-08-30 21:02:48', 'd5ba7b3c-74df-45ae-889c-cb4115a21a9b'),
 ('414', 'Asset', '1', '0', '2017-08-30 21:02:48', '2017-08-30 21:02:48', '03d0b293-1210-4a95-b7bb-359a1d85be66'),
 ('415', 'Asset', '1', '0', '2017-08-30 21:02:48', '2017-08-30 21:02:48', '131d6491-288b-4a63-9208-60a48963644d'),
 ('416', 'Asset', '1', '0', '2017-08-30 21:02:49', '2017-08-30 21:02:49', 'a5383896-3b26-40b9-a4a4-97702602da23'),
 ('417', 'Asset', '1', '0', '2017-08-30 21:02:51', '2017-08-30 21:02:51', '6bed5e75-83ed-40dd-81ed-47b3085f0986'),
 ('418', 'Asset', '1', '0', '2017-08-30 21:02:51', '2017-08-30 21:02:51', 'bd541364-55d4-44e2-a28e-4337c64f49eb'),
 ('419', 'Asset', '1', '0', '2017-08-30 21:02:51', '2017-08-30 21:02:51', 'bcb55933-fc2c-496d-b343-bc98ba490136'),
 ('420', 'Asset', '1', '0', '2017-08-30 21:02:51', '2017-08-30 21:02:51', '64c16193-ee2f-4abe-9198-f90299208857'),
 ('421', 'Asset', '1', '0', '2017-08-30 21:02:51', '2017-08-30 21:02:51', '98efb5a4-0c8a-4f74-a8b7-b15cfcd1eeb5'),
 ('422', 'Asset', '1', '0', '2017-08-30 21:02:52', '2017-08-30 21:02:52', 'a02391fb-99da-46a4-999c-2c95533f418e'),
 ('423', 'Asset', '1', '0', '2017-08-30 21:02:52', '2017-08-30 21:02:52', '0fa21860-fbca-4dae-b598-ae4cd33c0d44'),
 ('424', 'Asset', '1', '0', '2017-08-30 21:02:52', '2017-08-30 21:02:52', 'cdd2e1cc-30c7-455f-925f-89a11649e462'),
 ('425', 'Asset', '1', '0', '2017-08-30 21:02:52', '2017-08-30 21:02:52', '02f975b7-3c7a-4080-a90f-39822c5bb0ef');
INSERT INTO `craft_elements` (`id`, `type`, `enabled`, `archived`, `dateCreated`, `dateUpdated`, `uid`) VALUES
 ('426', 'Neo_Block', '1', '0', '2017-08-30 22:28:57', '2017-08-31 22:08:13', 'a8c27213-feb3-42eb-b0e5-a1c14c76a348'),
 ('427', 'Neo_Block', '1', '0', '2017-08-30 22:28:57', '2017-08-31 22:08:13', '1c9aabc5-cbac-469c-a0ae-af389b48a952'),
 ('428', 'Neo_Block', '1', '0', '2017-08-30 22:28:57', '2017-08-31 22:08:13', '5516f014-a577-4b4c-9dd4-1201df6e9000'),
 ('429', 'Neo_Block', '1', '0', '2017-08-30 22:28:57', '2017-08-31 22:08:13', '438d5aee-77f5-40ab-92b1-9df19d34edd7'),
 ('430', 'MatrixBlock', '1', '0', '2017-08-30 22:28:57', '2017-08-31 22:08:13', '08521881-3fd5-4993-9886-90ac25f5ce93'),
 ('431', 'Neo_Block', '1', '0', '2017-08-30 22:28:57', '2017-08-31 22:08:13', '152e9008-a2c7-459f-9f27-38a0674801ea'),
 ('432', 'MatrixBlock', '1', '0', '2017-08-30 22:28:57', '2017-08-31 22:08:13', 'fcc27e0e-a01a-489b-b4d3-67281d29d736'),
 ('433', 'Neo_Block', '1', '0', '2017-08-30 22:28:57', '2017-08-31 22:08:13', '6520c35f-c82f-4508-ab8e-0c32e2417cc7'),
 ('434', 'MatrixBlock', '1', '0', '2017-08-30 22:28:57', '2017-08-31 22:08:13', '4b3cc7e4-f02f-494a-ba2d-cfc3050b931b'),
 ('438', 'Neo_Block', '1', '0', '2017-08-31 18:46:00', '2017-08-31 21:43:48', 'f102c204-0202-45ea-95ea-d58e2db0f390'),
 ('439', 'Neo_Block', '1', '0', '2017-08-31 18:46:00', '2017-08-31 21:43:48', '7cd4f5f9-312c-48da-a661-a25f5dcc2f05'),
 ('440', 'Neo_Block', '1', '0', '2017-08-31 20:48:20', '2017-08-31 21:10:35', 'ea19c377-198c-44a8-ab67-a429aa59e018'),
 ('441', 'Neo_Block', '1', '0', '2017-08-31 20:48:20', '2017-08-31 21:10:35', '785bfa8c-8b3f-4c39-8ca1-a1fc10861ef9'),
 ('442', 'MatrixBlock', '1', '0', '2017-08-31 21:30:07', '2017-08-31 21:43:48', '1d8c7dcf-724d-425a-9ae8-11abfcf426c9'),
 ('443', 'MatrixBlock', '1', '0', '2017-08-31 22:08:13', '2017-08-31 22:08:13', '011fef78-1703-4951-9066-7329d3aa1abd'),
 ('444', 'Entry', '1', '0', '2017-09-06 21:26:36', '2017-09-06 23:17:09', '81d9cae2-23d3-4887-97b6-0f576eaff76a'),
 ('445', 'Neo_Block', '1', '0', '2017-09-06 22:52:59', '2017-09-06 23:00:13', '51f00198-4f44-4f49-b169-2528a02e38bb'),
 ('447', 'Neo_Block', '1', '0', '2017-09-06 22:52:59', '2017-09-06 23:00:13', 'c90928d8-e780-4e4c-ba78-d4a3c6aea2a3'),
 ('450', 'Neo_Block', '1', '0', '2017-09-06 22:52:59', '2017-09-06 23:00:13', '0199c44b-902f-4e84-8925-a78c3c6305e8'),
 ('451', 'Neo_Block', '1', '0', '2017-09-06 22:52:59', '2017-09-06 23:00:13', '9214e0c6-be04-4921-bccd-15403ad13f00'),
 ('452', 'MatrixBlock', '1', '0', '2017-09-06 22:56:51', '2017-09-06 22:56:51', 'e4b64672-94c0-486b-bede-629e5d0321d9'),
 ('453', 'MatrixBlock', '1', '0', '2017-09-06 22:56:51', '2017-09-06 22:56:51', '110e7325-bdd8-4c1c-b443-eda7c334a96f'),
 ('454', 'Neo_Block', '1', '0', '2017-09-06 22:59:39', '2017-09-06 23:00:13', '4deea838-98d6-45f9-8299-4af68dde1247'),
 ('455', 'MatrixBlock', '1', '0', '2017-09-06 22:59:39', '2017-09-06 23:00:13', '40ff73b7-3908-4c53-875e-35bcf28a2d0b'),
 ('456', 'MatrixBlock', '1', '0', '2017-09-06 22:59:39', '2017-09-06 23:00:13', 'bd068a54-c611-4c9a-8b81-3e44b5097207');



DROP TABLE IF EXISTS `craft_elements_i18n`;


--
-- Schema for table `craft_elements_i18n`
--
CREATE TABLE `craft_elements_i18n` (
  `id` int(11) NOT NULL AUTO_INCREMENT,
  `elementId` int(11) NOT NULL,
  `locale` char(12) COLLATE utf8_unicode_ci NOT NULL,
  `slug` varchar(255) COLLATE utf8_unicode_ci DEFAULT NULL,
  `uri` varchar(255) COLLATE utf8_unicode_ci DEFAULT NULL,
  `enabled` tinyint(1) unsigned NOT NULL DEFAULT '1',
  `dateCreated` datetime NOT NULL,
  `dateUpdated` datetime NOT NULL,
  `uid` char(36) COLLATE utf8_unicode_ci NOT NULL DEFAULT '0',
  PRIMARY KEY (`id`),
  UNIQUE KEY `craft_elements_i18n_elementId_locale_unq_idx` (`elementId`,`locale`),
  UNIQUE KEY `craft_elements_i18n_uri_locale_unq_idx` (`uri`,`locale`),
  KEY `craft_elements_i18n_slug_locale_idx` (`slug`,`locale`),
  KEY `craft_elements_i18n_enabled_idx` (`enabled`),
  KEY `craft_elements_i18n_locale_fk` (`locale`)
) ENGINE=InnoDB AUTO_INCREMENT=648 DEFAULT CHARSET=utf8 COLLATE=utf8_unicode_ci;

--
-- Data for table `craft_elements_i18n`
--

INSERT INTO `craft_elements_i18n` (`id`, `elementId`, `locale`, `slug`, `uri`, `enabled`, `dateCreated`, `dateUpdated`, `uid`) VALUES
 ('1', '1', 'en_us', '', NULL, '1', '2017-07-20 17:27:58', '2017-07-28 21:23:12', '646a5a0f-a379-4bbc-9e3e-b726ad17cfb0'),
 ('8', '8', 'en_us', 'snap-ad-reporting-1x', NULL, '1', '2017-07-20 22:19:56', '2017-08-30 21:02:42', 'f95c3c38-9cc9-4561-aab7-f23b1af16237'),
 ('14', '14', 'en_us', 'homepage-1-1', NULL, '1', '2017-07-20 22:49:12', '2017-08-30 21:02:41', '5bb84152-63fa-4dd5-bc91-dee5fae44c82'),
 ('15', '15', 'en_us', 'homepage-1-2', NULL, '1', '2017-07-20 22:49:12', '2017-08-30 21:02:42', 'b8c791fc-e8c3-4d62-8f5d-dfe4eb3025bd'),
 ('16', '16', 'en_us', 'homepage-1-3', NULL, '1', '2017-07-20 22:49:12', '2017-08-30 21:02:42', '00917649-5774-4626-9d9a-73c49d0c4072'),
 ('33', '33', 'en_us', 'ab-inbev', NULL, '1', '2017-07-21 23:29:50', '2017-09-06 17:56:59', 'e7f5fb63-3d7d-4973-9aca-c36d679d3d69'),
 ('34', '34', 'en_us', '', NULL, '1', '2017-07-26 20:51:36', '2017-07-27 00:17:05', '14819375-8eb4-4c31-8e55-c71f1a6cd8bc'),
 ('35', '35', 'en_us', '', NULL, '1', '2017-07-26 20:51:36', '2017-07-27 00:17:05', '29a2393c-3ddd-4030-8020-87ff0e7e2731'),
 ('36', '36', 'en_us', '', NULL, '1', '2017-07-26 20:51:36', '2017-07-27 00:17:05', 'dd499ad7-6d3f-4580-8e17-471a918a6db5'),
 ('38', '38', 'en_us', 'filter-reporting-2x', NULL, '1', '2017-07-26 21:01:07', '2017-08-30 21:02:35', 'a6709715-9918-45e8-bae3-99c39d384cb9'),
 ('39', '39', 'en_us', '', NULL, '1', '2017-07-26 21:04:17', '2017-07-27 00:17:05', '5b479155-156c-4ab3-9a92-8cedf766528f'),
 ('40', '40', 'en_us', '', NULL, '1', '2017-07-26 21:04:17', '2017-07-27 00:17:05', '83408a0a-048e-4de5-8dc1-ec7319652a8d'),
 ('42', '42', 'en_us', '', NULL, '1', '2017-07-26 21:04:17', '2017-07-27 00:17:05', '898c8718-a8f8-4744-b5f2-60e84b52395b'),
 ('43', '43', 'en_us', '', NULL, '1', '2017-07-26 21:04:17', '2017-07-27 00:17:05', '845eb1a9-6251-4fef-a943-ce64ad4023e3'),
 ('44', '44', 'en_us', '', NULL, '1', '2017-07-26 21:04:17', '2017-07-27 00:17:05', 'e7e8fc49-e706-4d25-9392-dda9a9c2e99e'),
 ('45', '45', 'en_us', 'measurement-reach', NULL, '1', '2017-07-26 21:17:47', '2017-08-30 21:02:41', '0d64aa3a-4986-49c8-bf24-4b88db92e356'),
 ('46', '46', 'en_us', 'measurement-reaction', NULL, '1', '2017-07-26 21:17:47', '2017-08-30 21:02:42', 'e8f16743-5d76-44c5-8ca3-7ef430f9213f'),
 ('47', '47', 'en_us', 'measurement-resonance', NULL, '1', '2017-07-26 21:17:47', '2017-08-30 21:02:42', '10f3f4cc-e8a8-4cb3-b43b-27adeff1820e'),
 ('48', '48', 'en_us', 'measurement-snap-to', NULL, '1', '2017-07-26 21:17:47', '2017-08-30 21:02:42', '3c7a3589-340c-4381-8daf-0871663279b0'),
 ('49', '49', 'en_us', 'measurement-verification', NULL, '1', '2017-07-26 21:17:47', '2017-08-30 21:02:42', '3731eb78-e4d2-412b-b05c-90980e973c36'),
 ('50', '50', 'en_us', 'measurement-viewability', NULL, '1', '2017-07-26 21:19:01', '2017-08-30 21:02:42', 'dca6de2c-bd6b-4923-86c3-dcca01de1e3b'),
 ('61', '61', 'en_us', 'snap-to-store-clock-2x', NULL, '1', '2017-07-26 21:26:59', '2017-08-30 21:02:37', 'b5c2c05a-7a9a-499b-9e1f-a270ac46d511'),
 ('63', '63', 'en_us', '', NULL, '1', '2017-07-26 21:27:42', '2017-07-27 00:17:06', '00915c2f-f603-4b94-b381-2e00635cb69e'),
 ('64', '64', 'en_us', '', NULL, '1', '2017-07-26 21:27:42', '2017-07-27 00:17:06', '6fbf5edd-6d7c-4791-b0b9-4a10a39bd76b'),
 ('68', '68', 'en_us', 'snap-to-store-chillahs-2x', NULL, '1', '2017-07-26 21:28:10', '2017-08-30 21:02:36', 'c8e418f8-94c0-4106-89e9-5418f36e6c09'),
 ('69', '69', 'en_us', '', NULL, '1', '2017-07-26 21:28:25', '2017-07-27 00:17:06', 'c948fa23-0c4a-469e-96c7-5fe1213e66c2'),
 ('71', '71', 'en_us', '', NULL, '1', '2017-07-26 21:48:57', '2017-07-27 00:17:06', '64b96c15-721e-40ea-b800-90b0c4eb59e0'),
 ('72', '72', 'en_us', '', NULL, '1', '2017-07-26 21:48:57', '2017-07-27 00:17:06', '8dc54004-d75c-48e7-ada4-fb2d022f646a'),
 ('76', '76', 'en_us', 'adjust-2x', NULL, '1', '2017-07-26 21:58:07', '2017-08-30 21:02:34', 'c5df39a0-1135-4b11-831c-41ac37283dd3'),
 ('77', '77', 'en_us', 'appsflyer-2x', NULL, '1', '2017-07-26 21:58:07', '2017-08-30 21:02:35', '76c42a58-808b-4849-b6bd-e057a8cef317'),
 ('78', '78', 'en_us', 'doubleclick-2x', NULL, '1', '2017-07-26 21:58:07', '2017-08-30 21:02:35', 'ebcff039-74a8-4195-a1af-00f1fc9d7b20'),
 ('79', '79', 'en_us', 'innovid-2x', NULL, '1', '2017-07-26 21:58:08', '2017-08-30 21:02:35', 'e7972c9d-c926-42e4-9eb8-cc620a05d2c5'),
 ('80', '80', 'en_us', 'kochava-2x', NULL, '1', '2017-07-26 21:58:08', '2017-08-30 21:02:36', 'd0f818af-cb71-4dc7-8ad5-5923f0e01a57'),
 ('81', '81', 'en_us', 'liveramp-2x', NULL, '1', '2017-07-26 21:58:08', '2017-08-30 21:02:35', '5c06bb8b-c56d-4fa5-991f-c7ca89cc6df6'),
 ('82', '82', 'en_us', 'millwardbrown-2x', NULL, '1', '2017-07-26 21:58:10', '2017-08-30 21:02:35', 'ea3f17ea-84c2-4a8a-a509-cbe47ab2819f'),
 ('83', '83', 'en_us', 'moat-2x', NULL, '1', '2017-07-26 21:58:11', '2017-08-30 21:02:35', '44dbf440-5acc-49c3-8a77-d16f7da0b502'),
 ('84', '84', 'en_us', 'neustar-2x', NULL, '1', '2017-07-26 21:58:11', '2017-08-30 21:02:35', '4d6e59c6-8658-47fb-b0ad-a907b6192511'),
 ('85', '85', 'en_us', 'nielsen-2x', NULL, '1', '2017-07-26 21:58:11', '2017-08-30 21:02:36', '6d1066a4-fc0e-4d45-be15-3c7b98b828a4'),
 ('86', '86', 'en_us', 'oracle-2x', NULL, '1', '2017-07-26 21:58:11', '2017-08-30 21:02:36', '3fc49d82-35bc-419f-b60d-0f9a6b93c8b5'),
 ('87', '87', 'en_us', 'placed-2x', NULL, '1', '2017-07-26 21:58:11', '2017-08-30 21:02:36', 'ed1d0daf-6dd5-450a-8725-1000b5f9e4f3'),
 ('88', '88', 'en_us', 'singular-2x', NULL, '1', '2017-07-26 21:58:12', '2017-08-30 21:02:36', 'd37b2669-516b-47ce-b31e-18567f34e044'),
 ('89', '89', 'en_us', 'sizmek-2x', NULL, '1', '2017-07-26 21:58:12', '2017-08-30 21:02:36', '52ffda3a-508d-4575-a33a-f75ee5b87657'),
 ('90', '90', 'en_us', 'tune-2x', NULL, '1', '2017-07-26 21:58:12', '2017-08-30 21:02:36', '7827d0b9-3195-4038-a840-10126a4c31a7'),
 ('91', '91', 'en_us', '', NULL, '1', '2017-07-26 22:00:39', '2017-07-27 00:17:06', '1cc7d9da-537e-4009-9561-e76ecab6c1a1'),
 ('97', '97', 'en_us', 'ic-success-logo-abinbev-2x', NULL, '1', '2017-07-26 22:25:00', '2017-08-30 21:02:41', '02274e07-13ad-4036-a727-fc26df649fc7'),
 ('98', '98', 'en_us', 'solutions', 'solutions', '1', '2017-07-26 22:48:34', '2017-08-17 17:52:22', '6caa7dc2-d64a-4c8a-a14e-1f8e8e289c1c'),
 ('99', '99', 'en_us', 'geofilter-phil-phone-screen-2x', NULL, '1', '2017-07-26 22:54:45', '2017-08-30 21:02:31', '0714658d-d3e4-4da3-ad11-0b625d60d2c7'),
 ('100', '100', 'en_us', 'postmates-drive-action-2x', NULL, '1', '2017-07-26 22:54:45', '2017-08-30 21:02:32', 'd5f1c205-3154-47ee-8124-c7d9354362a0'),
 ('101', '101', 'en_us', 'lga-geo-filter-2x', NULL, '1', '2017-07-26 22:54:59', '2017-08-30 21:02:32', '77e3c2ad-1ac2-4394-9a5f-80a22290fb60'),
 ('102', '102', 'en_us', 'target-ad-2x', NULL, '1', '2017-07-26 22:59:08', '2017-08-30 21:02:32', '4816cc97-4340-49df-977c-123f828b04d2'),
 ('103', '103', 'en_us', 'warby-parker-geo-filter-2x', NULL, '1', '2017-07-26 22:59:11', '2017-08-30 21:02:32', 'd0648850-0dd2-4da6-b400-60ad07c9dd6c'),
 ('104', '104', 'en_us', 'weby-parker-geo-filter-2x', NULL, '1', '2017-07-26 23:01:59', '2017-08-30 21:02:33', '59038851-8ff6-4041-a011-632a56ae3c48'),
 ('105', '105', 'en_us', 'snap-ads-gatorade-phone-screen-2x', NULL, '1', '2017-07-26 23:02:27', '2017-08-30 21:02:32', '4570e22a-2686-4a32-9cd7-72e536a3c374'),
 ('106', '106', 'en_us', 'snap-ads-under-armour-phone-screen-2x', NULL, '1', '2017-07-26 23:02:28', '2017-08-30 21:02:32', 'f4d6f3b0-a136-44a0-9272-6df121388dbf'),
 ('107', '107', 'en_us', '', NULL, '1', '2017-07-26 23:03:48', '2017-08-17 17:52:22', '70ec214a-bb55-4bfa-97e8-2fe344cc74af'),
 ('108', '108', 'en_us', '', NULL, '1', '2017-07-26 23:03:48', '2017-08-17 17:52:22', '2116f6fb-febb-4531-b4db-c00f8c1bd42e'),
 ('110', '110', 'en_us', '', NULL, '1', '2017-07-26 23:03:48', '2017-08-17 17:52:22', '4936e01b-c5ee-4114-825d-5f18ae5651e8'),
 ('118', '118', 'en_us', '', NULL, '1', '2017-07-26 23:03:48', '2017-08-17 17:52:22', '41604ce6-e969-43c5-bbff-846b228ad7cf'),
 ('119', '119', 'en_us', '', NULL, '1', '2017-07-26 23:03:48', '2017-08-17 17:52:22', '6a0aa390-a18b-4e56-933e-a32d945b3b3c'),
 ('124', '124', 'en_us', '', NULL, '1', '2017-07-26 23:03:48', '2017-08-17 17:52:22', '3c0348e8-1b94-4350-8e63-ef2022137444'),
 ('128', '128', 'en_us', '', NULL, '1', '2017-07-26 23:03:48', '2017-08-17 17:52:22', 'ee1d7dc1-9907-47fe-ad51-7e5c9b2e51fd'),
 ('129', '129', 'en_us', '', NULL, '1', '2017-07-26 23:03:48', '2017-08-17 17:52:22', 'e695dfdd-da15-4995-a2b8-987ff084a27f'),
 ('132', '132', 'en_us', '', NULL, '1', '2017-07-26 23:03:48', '2017-08-17 17:52:22', '07fc6f1f-c028-4190-b194-50f0b5a2c519'),
 ('136', '136', 'en_us', '', NULL, '1', '2017-07-26 23:03:49', '2017-08-17 17:52:22', '92f11554-6cd6-49d7-9409-b75fef87103d'),
 ('137', '137', 'en_us', '', NULL, '1', '2017-07-26 23:03:49', '2017-08-17 17:52:22', '7dda3e2d-1a51-4726-be56-be42db78c64b'),
 ('140', '140', 'en_us', '', NULL, '1', '2017-07-26 23:08:57', '2017-08-17 17:52:22', '02e9766b-a282-444b-a94f-7dab88f9a861'),
 ('141', '141', 'en_us', 'chillah-device', NULL, '1', '2017-07-26 23:10:18', '2017-08-30 21:02:34', 'e4586c4b-42d5-4de6-aac6-e86027db6ff3'),
 ('142', '142', 'en_us', 'chillah-heart-eyes', NULL, '1', '2017-07-26 23:10:18', '2017-08-30 21:02:34', '6579e58f-6662-4729-8629-0da56980ed6f'),
 ('143', '143', 'en_us', 'chillah-hearts', NULL, '1', '2017-07-26 23:10:19', '2017-08-30 21:02:34', 'fab52d17-891c-4a49-acda-16326dfb15a5'),
 ('144', '144', 'en_us', '', NULL, '1', '2017-07-26 23:22:13', '2017-08-17 17:52:22', 'c5f87add-dc87-4d9a-8a10-743785972a45'),
 ('145', '145', 'en_us', 'devices-nav-1', NULL, '1', '2017-07-26 23:31:02', '2017-08-30 21:02:36', '34ccdc47-94d6-4182-8a0b-959e598c57ff'),
 ('146', '146', 'en_us', 'devices-nav-2', NULL, '1', '2017-07-26 23:31:02', '2017-08-30 21:02:37', '0238a2c7-27a9-44d0-b812-c707a6ad9ef4'),
 ('147', '147', 'en_us', 'devices-nav-3', NULL, '1', '2017-07-26 23:31:02', '2017-08-30 21:02:37', '61e2a987-032a-403c-84b4-7a5cfdd19ff6'),
 ('148', '148', 'en_us', 'devices-nav-4', NULL, '1', '2017-07-26 23:31:02', '2017-08-30 21:02:37', 'adc5d4aa-fb43-4bc3-a937-201c3a3fcfcb'),
 ('149', '149', 'en_us', 'solutions-device-1', NULL, '1', '2017-07-26 23:31:07', '2017-08-30 21:02:37', '1a7a7070-d05c-4495-8b1c-cf354abdd0f7'),
 ('150', '150', 'en_us', 'solutions-device-2', NULL, '1', '2017-07-26 23:31:10', '2017-08-30 21:02:38', 'c0244eea-0002-4e81-80f1-88d430e73d23'),
 ('151', '151', 'en_us', 'solutions-device-3', NULL, '1', '2017-07-26 23:31:10', '2017-08-30 21:02:38', 'c0f6eec9-bfa9-4a64-b198-c4f9c9a25c9f'),
 ('152', '152', 'en_us', 'solutions-device-4', NULL, '1', '2017-07-26 23:31:11', '2017-08-30 21:02:38', 'ed48af0d-a0c7-4791-872b-0cd2479c92cd'),
 ('153', '153', 'en_us', 'solutions-device-5', NULL, '1', '2017-07-26 23:31:11', '2017-08-30 21:02:38', '7876d546-f391-48a6-b315-fcdf4c329c2d'),
 ('154', '154', 'en_us', 'solutions-device-6', NULL, '1', '2017-07-26 23:31:11', '2017-08-30 21:02:41', 'df6360a7-26f8-494e-811b-ba3786966361'),
 ('155', '155', 'en_us', 'solutions-device-7', NULL, '1', '2017-07-26 23:31:11', '2017-08-30 21:02:38', '69f6e8b8-816c-4b86-9ac4-4bf4d180a079'),
 ('156', '156', 'en_us', 'solutions-device-8', NULL, '1', '2017-07-26 23:31:11', '2017-08-30 21:02:38', 'ed253e8f-3136-4f32-99cd-e925c19b026e'),
 ('157', '157', 'en_us', 'solutions-device-9', NULL, '1', '2017-07-26 23:31:11', '2017-08-30 21:02:39', '715548d7-ac3b-4ec5-8d42-5d1d581e0fba'),
 ('158', '158', 'en_us', 'solutions-device-10', NULL, '1', '2017-07-26 23:31:12', '2017-08-30 21:02:37', 'd40abb3c-950e-454e-84b3-5a33a73e97bc'),
 ('159', '159', 'en_us', 'solutions-device-11', NULL, '1', '2017-07-26 23:31:12', '2017-08-30 21:02:37', '4275d4dd-737f-4711-a09a-91b4efff17f9'),
 ('160', '160', 'en_us', 'solutions-device-12', NULL, '1', '2017-07-26 23:31:12', '2017-08-30 21:02:38', 'ba19a74b-537a-496f-af4b-2d95d850ef69'),
 ('161', '161', 'en_us', 'solutions-device-13', NULL, '1', '2017-07-26 23:31:12', '2017-08-30 21:02:37', '19951487-5781-497c-9316-5ccc860e9c86'),
 ('162', '162', 'en_us', '', NULL, '1', '2017-07-26 23:33:33', '2017-08-17 17:52:22', 'dee723b5-2809-42b4-9ad8-e87cd7b71a3f'),
 ('163', '163', 'en_us', '', NULL, '1', '2017-07-26 23:33:33', '2017-08-17 17:52:22', '269fa33d-8875-411b-9ba3-5760cfe227ca'),
 ('172', '172', 'en_us', 'ad-manager-2x', NULL, '1', '2017-07-27 17:17:05', '2017-08-30 21:02:41', '348177fc-bcbb-47ac-8678-3e036c62b857'),
 ('183', '183', 'en_us', '', NULL, '1', '2017-08-01 20:54:27', '2017-08-03 17:11:59', '90761dc1-e7ab-429c-9057-4f55ef57a58e'),
 ('190', '190', 'en_us', '', NULL, '1', '2017-08-01 22:35:00', '2017-08-03 17:11:59', '72294b14-cd6e-40bd-b798-9123ed6998cc'),
 ('191', '191', 'en_us', '', NULL, '1', '2017-08-01 22:35:00', '2017-08-07 16:49:46', '76fb3a0b-cadf-4cad-95a3-8c6416f88b48'),
 ('194', '194', 'en_us', '', NULL, '1', '2017-08-02 00:32:52', '2017-08-03 17:11:59', 'b8104966-fe56-4965-9c29-af1baefa67f7'),
 ('195', '195', 'en_us', '', NULL, '1', '2017-08-02 00:32:52', '2017-08-07 16:49:46', '650e2762-fb7a-4943-9794-b098761a9297'),
 ('202', '202', 'en_us', '', NULL, '1', '2017-08-03 17:08:09', '2017-08-03 17:11:59', '2c51d4ef-de6b-4040-a6da-a8c2a7e87048'),
 ('206', '206', 'en_us', '', NULL, '1', '2017-08-03 18:46:17', '2017-08-17 17:52:22', '41dade5a-1d74-401a-90bb-1575140fd463'),
 ('207', '207', 'en_us', '', NULL, '1', '2017-08-03 18:50:27', '2017-08-17 17:52:22', 'a950744d-c321-48ec-8604-c33c212770d2'),
 ('208', '208', 'en_us', '', NULL, '1', '2017-08-03 18:50:27', '2017-08-17 17:52:22', '1c5970c2-e7c1-4ab5-99dc-04c345e46190'),
 ('209', '209', 'en_us', '', NULL, '1', '2017-08-03 18:50:27', '2017-08-17 17:52:22', '11a3024f-0bd9-427c-9a62-375e2a6b6832');
INSERT INTO `craft_elements_i18n` (`id`, `elementId`, `locale`, `slug`, `uri`, `enabled`, `dateCreated`, `dateUpdated`, `uid`) VALUES
 ('210', '210', 'en_us', '', NULL, '1', '2017-08-03 18:50:27', '2017-08-17 17:52:22', '2bd0580c-54ed-41a3-99da-ca91e6147896'),
 ('211', '211', 'en_us', '', NULL, '1', '2017-08-03 18:50:27', '2017-08-17 17:52:22', '5b6aee85-474b-471e-ab53-cc27c066061c'),
 ('212', '212', 'en_us', '', NULL, '1', '2017-08-03 19:02:45', '2017-08-17 17:52:22', 'decd3905-02fc-4492-970f-c4283f11a9be'),
 ('213', '213', 'en_us', '', NULL, '1', '2017-08-03 19:02:45', '2017-08-17 17:52:22', '8418ccb8-14c9-4a79-9285-1baf0224f231'),
 ('214', '214', 'en_us', '', NULL, '1', '2017-08-03 19:02:45', '2017-08-17 17:52:22', '4a8b2b4d-49df-4c45-978d-876df0ede0ef'),
 ('215', '215', 'en_us', '', NULL, '1', '2017-08-03 19:02:45', '2017-08-17 17:52:22', '3ac1d2fe-b2f7-46b9-8f9b-4d469e808366'),
 ('216', '216', 'en_us', '', NULL, '1', '2017-08-03 19:02:45', '2017-08-17 17:52:22', '1bb73191-bf5e-4500-930f-8f0596ccf1d6'),
 ('217', '217', 'en_us', '', NULL, '1', '2017-08-03 19:02:45', '2017-08-17 17:52:22', '331b6690-c031-4d2d-bc1e-c2b6df88187f'),
 ('218', '218', 'en_us', '', NULL, '1', '2017-08-03 19:02:45', '2017-08-17 17:52:22', '24e608d5-0860-40cd-a00c-3aec7f13fc91'),
 ('219', '219', 'en_us', '', NULL, '1', '2017-08-03 19:02:45', '2017-08-17 17:52:22', '30a3481b-9867-4fc6-a7b0-73ec41219ca7'),
 ('220', '220', 'en_us', '', NULL, '1', '2017-08-03 19:02:45', '2017-08-17 17:52:22', '8ea55081-3cae-4a7f-81bc-c02d12aeebd4'),
 ('221', '221', 'en_us', '', NULL, '1', '2017-08-03 19:02:45', '2017-08-17 17:52:22', 'af0dbbd6-0f75-4d23-9d0e-dd2d3d96c7af'),
 ('223', '223', 'en_us', '', NULL, '1', '2017-08-03 22:25:09', '2017-08-07 16:49:47', '4693b767-ab81-42a3-be66-12e92bc59c34'),
 ('224', '224', 'en_us', '', NULL, '1', '2017-08-03 22:25:09', '2017-08-07 16:49:46', '87c2569d-31c0-47c9-bbb6-55c41f89037b'),
 ('225', '225', 'en_us', '', NULL, '1', '2017-08-03 22:33:25', '2017-08-07 16:49:46', '7eee6358-0afa-48d7-8d0c-9c07c0e73160'),
 ('226', '226', 'en_us', '', NULL, '1', '2017-08-03 22:33:25', '2017-08-07 16:49:46', '5c054265-c755-46fe-accb-17d0ae55c07b'),
 ('227', '227', 'en_us', '', NULL, '1', '2017-08-03 22:33:25', '2017-08-07 16:49:46', 'f7e47359-a3ce-4bbd-919a-541665d0e02e'),
 ('228', '228', 'en_us', '', NULL, '1', '2017-08-03 22:33:25', '2017-08-07 16:49:47', '1ba15f39-7a86-4271-ba2b-172ba082b071'),
 ('229', '229', 'en_us', '', NULL, '1', '2017-08-03 22:33:25', '2017-08-07 16:49:46', '57f2d6b6-ef6e-4fe3-8596-427bd054c9c6'),
 ('230', '230', 'en_us', '', NULL, '1', '2017-08-03 22:33:25', '2017-08-07 16:49:46', '419ecba3-74be-4d6b-b677-45d72125c601'),
 ('231', '231', 'en_us', '', NULL, '1', '2017-08-03 22:33:25', '2017-08-07 16:49:46', 'c2ce97ac-abdc-4e46-8c91-9c00719994d8'),
 ('232', '232', 'en_us', '', NULL, '1', '2017-08-03 22:33:25', '2017-08-07 16:49:47', '398aa42d-a971-4e20-b8cc-55f589f6ee9b'),
 ('233', '233', 'en_us', '', NULL, '1', '2017-08-03 22:33:25', '2017-08-07 16:49:46', 'dbe809a7-aa2f-436a-8230-3246937973a8'),
 ('234', '234', 'en_us', '', NULL, '1', '2017-08-03 22:33:26', '2017-08-07 16:49:47', '697ece5c-d1b5-48c1-b358-e7ae4788e0f9'),
 ('235', '235', 'en_us', '', NULL, '1', '2017-08-03 22:33:26', '2017-08-07 16:49:47', '0de69bf7-675f-4f6e-96d4-67417a5ccf4f'),
 ('236', '236', 'en_us', '', NULL, '1', '2017-08-03 22:33:26', '2017-08-07 16:49:47', '7c69d73c-b288-4b25-b5d4-580e15a6f424'),
 ('237', '237', 'en_us', '', NULL, '1', '2017-08-03 22:33:26', '2017-08-07 16:49:47', '7e8b4009-ccde-4d18-bee7-5b78a2f9e52e'),
 ('238', '238', 'en_us', '', NULL, '1', '2017-08-03 22:33:26', '2017-08-07 16:49:47', '7f5fdc2b-19f4-4331-b139-0562b5f72dd2'),
 ('239', '239', 'en_us', '', NULL, '1', '2017-08-03 22:33:26', '2017-08-07 16:49:47', '5711c0b4-013d-4dbf-87e5-82171dea7e34'),
 ('240', '240', 'en_us', '', NULL, '1', '2017-08-03 22:33:26', '2017-08-07 16:49:47', 'ad5f6f9c-9a48-4dba-9ae9-c596ca3eab11'),
 ('241', '241', 'en_us', '', NULL, '1', '2017-08-03 22:33:26', '2017-08-07 16:49:47', '2215a065-e011-40ae-a54a-f5b75e45b82a'),
 ('242', '242', 'en_us', '', NULL, '1', '2017-08-03 22:33:26', '2017-08-07 16:49:47', '4b3c6205-6b2e-4d5a-b7be-aac4d08f498a'),
 ('243', '8', 'de_de', 'snap-ad-reporting-1x', NULL, '1', '2017-08-07 16:49:44', '2017-08-30 21:02:42', '32eb4373-3098-434a-ba41-fdff7853526d'),
 ('244', '14', 'de_de', 'homepage-1-1', NULL, '1', '2017-08-07 16:49:44', '2017-08-30 21:02:41', '71e724cc-c930-403d-af62-0470aae38fb5'),
 ('245', '15', 'de_de', 'homepage-1-2', NULL, '1', '2017-08-07 16:49:44', '2017-08-30 21:02:42', 'f2d1bbfc-ada1-4ffc-960c-0701ed910377'),
 ('246', '16', 'de_de', 'homepage-1-3', NULL, '1', '2017-08-07 16:49:44', '2017-08-30 21:02:42', '0e770140-f384-4a55-a2f7-dc2cbf7a856c'),
 ('247', '38', 'de_de', 'filter-reporting-2x', NULL, '1', '2017-08-07 16:49:44', '2017-08-30 21:02:35', 'f7f3090b-551a-4574-983f-58b700c5022a'),
 ('248', '45', 'de_de', 'measurement-reach', NULL, '1', '2017-08-07 16:49:44', '2017-08-30 21:02:41', 'd38d9ba3-7947-46b4-a839-58d2e1cd7b0e'),
 ('249', '46', 'de_de', 'measurement-reaction', NULL, '1', '2017-08-07 16:49:44', '2017-08-30 21:02:42', '288b4ec4-679a-47c1-b978-29805ff5e235'),
 ('250', '47', 'de_de', 'measurement-resonance', NULL, '1', '2017-08-07 16:49:44', '2017-08-30 21:02:42', 'd722bb90-34de-4989-a3ef-e1daed48c71d'),
 ('251', '48', 'de_de', 'measurement-snap-to', NULL, '1', '2017-08-07 16:49:44', '2017-08-30 21:02:42', 'db2bd845-6e11-401b-b5c8-ff8fd4f1133a'),
 ('252', '49', 'de_de', 'measurement-verification', NULL, '1', '2017-08-07 16:49:44', '2017-08-30 21:02:42', '8ded8460-a2fb-4147-8f69-63055d385a1e'),
 ('253', '50', 'de_de', 'measurement-viewability', NULL, '1', '2017-08-07 16:49:44', '2017-08-30 21:02:42', '299ba150-ae09-4033-b234-52a8bae46bd3'),
 ('254', '61', 'de_de', 'snap-to-store-clock-2x', NULL, '1', '2017-08-07 16:49:44', '2017-08-30 21:02:37', 'f607e783-10e4-42a4-add9-f7b3a971a641'),
 ('255', '68', 'de_de', 'snap-to-store-chillahs-2x', NULL, '1', '2017-08-07 16:49:44', '2017-08-30 21:02:36', '23b4c921-aec1-4df5-8c86-3cf4f611ca9d'),
 ('256', '76', 'de_de', 'adjust-2x', NULL, '1', '2017-08-07 16:49:44', '2017-08-30 21:02:34', '4022ff1d-97ea-4d1f-933b-1b710f3be1dd'),
 ('257', '77', 'de_de', 'appsflyer-2x', NULL, '1', '2017-08-07 16:49:44', '2017-08-30 21:02:35', '4ff8d28a-d302-465b-83c4-45ac4827d1ed'),
 ('258', '78', 'de_de', 'doubleclick-2x', NULL, '1', '2017-08-07 16:49:44', '2017-08-30 21:02:35', '899c3151-82dc-445d-855a-05d49ea707b9'),
 ('259', '79', 'de_de', 'innovid-2x', NULL, '1', '2017-08-07 16:49:44', '2017-08-30 21:02:35', 'dac4b805-4750-4195-8e72-e59f694e57c8'),
 ('260', '80', 'de_de', 'kochava-2x', NULL, '1', '2017-08-07 16:49:44', '2017-08-30 21:02:36', 'fcf9732a-24f4-4749-8b4f-9598772ff38d'),
 ('261', '81', 'de_de', 'liveramp-2x', NULL, '1', '2017-08-07 16:49:44', '2017-08-30 21:02:35', '4aceffe1-024d-498d-8f3d-1efb1659ccbb'),
 ('262', '82', 'de_de', 'millwardbrown-2x', NULL, '1', '2017-08-07 16:49:44', '2017-08-30 21:02:35', '287f6d7b-f3ec-49b1-a6cf-d4c50cb53e06'),
 ('263', '83', 'de_de', 'moat-2x', NULL, '1', '2017-08-07 16:49:44', '2017-08-30 21:02:35', '7c9b203a-4afc-4666-b02e-65389dcfcea1'),
 ('264', '84', 'de_de', 'neustar-2x', NULL, '1', '2017-08-07 16:49:44', '2017-08-30 21:02:35', '96da4b2f-acfc-49cd-81fb-3371a8a5efe7'),
 ('265', '85', 'de_de', 'nielsen-2x', NULL, '1', '2017-08-07 16:49:44', '2017-08-30 21:02:36', '4f98206e-aee4-4c29-ad7c-b22577664e95'),
 ('266', '86', 'de_de', 'oracle-2x', NULL, '1', '2017-08-07 16:49:44', '2017-08-30 21:02:36', 'e5575574-0212-4ed3-8227-bb8d960562f1'),
 ('267', '87', 'de_de', 'placed-2x', NULL, '1', '2017-08-07 16:49:44', '2017-08-30 21:02:36', '9395278c-443f-4f52-a595-242d1762e085'),
 ('268', '88', 'de_de', 'singular-2x', NULL, '1', '2017-08-07 16:49:44', '2017-08-30 21:02:36', 'fd40b244-369f-4273-bcd8-ce3978693f3b'),
 ('269', '89', 'de_de', 'sizmek-2x', NULL, '1', '2017-08-07 16:49:44', '2017-08-30 21:02:36', 'cad8b1d1-1db6-4a9f-8dd5-1134f1cbb05c'),
 ('270', '90', 'de_de', 'tune-2x', NULL, '1', '2017-08-07 16:49:44', '2017-08-30 21:02:36', '1e5f797b-a33e-44c4-95e5-9907ed32d261'),
 ('271', '97', 'de_de', 'ic-success-logo-abinbev-2x', NULL, '1', '2017-08-07 16:49:44', '2017-08-30 21:02:41', 'e13372fb-26db-4e1f-965e-87e87160d5c9'),
 ('272', '99', 'de_de', 'geofilter-phil-phone-screen-2x', NULL, '1', '2017-08-07 16:49:44', '2017-08-30 21:02:31', 'badf4838-36ac-4561-8520-93438671ddf7'),
 ('273', '100', 'de_de', 'postmates-drive-action-2x', NULL, '1', '2017-08-07 16:49:45', '2017-08-30 21:02:32', '777192be-9c84-4660-a045-4f77d7d0d9d2'),
 ('274', '101', 'de_de', 'lga-geo-filter-2x', NULL, '1', '2017-08-07 16:49:45', '2017-08-30 21:02:32', '68dca76a-8ef2-4b2f-9225-a82eadd44f9a'),
 ('275', '102', 'de_de', 'target-ad-2x', NULL, '1', '2017-08-07 16:49:45', '2017-08-30 21:02:32', 'abbadfd0-58b6-4d7f-b9e1-5336fbdbc012'),
 ('276', '103', 'de_de', 'warby-parker-geo-filter-2x', NULL, '1', '2017-08-07 16:49:45', '2017-08-30 21:02:32', '092f04ac-af71-4738-ab66-a8fee7f2d811'),
 ('277', '104', 'de_de', 'weby-parker-geo-filter-2x', NULL, '1', '2017-08-07 16:49:45', '2017-08-30 21:02:33', 'e6025476-4b0d-4520-afe6-408b74006fb8'),
 ('278', '105', 'de_de', 'snap-ads-gatorade-phone-screen-2x', NULL, '1', '2017-08-07 16:49:45', '2017-08-30 21:02:32', 'b07aaf87-560b-483b-91e0-06aa8a839a71'),
 ('279', '106', 'de_de', 'snap-ads-under-armour-phone-screen-2x', NULL, '1', '2017-08-07 16:49:45', '2017-08-30 21:02:32', '3547c2c4-b23f-4e74-bcb7-31d955990699'),
 ('280', '141', 'de_de', 'chillah-device', NULL, '1', '2017-08-07 16:49:45', '2017-08-30 21:02:34', '866aa7d4-4968-4a88-b073-fd0dcc8d3d99'),
 ('281', '142', 'de_de', 'chillah-heart-eyes', NULL, '1', '2017-08-07 16:49:45', '2017-08-30 21:02:34', 'e221a22f-da11-45ee-94be-e81e21f9f23b'),
 ('282', '143', 'de_de', 'chillah-hearts', NULL, '1', '2017-08-07 16:49:45', '2017-08-30 21:02:34', '3839bb36-3bbd-46b8-9c3b-65d3e7e81734'),
 ('283', '145', 'de_de', 'devices-nav-1', NULL, '1', '2017-08-07 16:49:45', '2017-08-30 21:02:36', '090e32a7-0c62-4140-8761-e7cac55c7327'),
 ('284', '146', 'de_de', 'devices-nav-2', NULL, '1', '2017-08-07 16:49:45', '2017-08-30 21:02:37', '4db5132e-693b-4e0f-a54a-563779afcdeb'),
 ('285', '147', 'de_de', 'devices-nav-3', NULL, '1', '2017-08-07 16:49:45', '2017-08-30 21:02:37', '5f0328c5-524a-476b-a995-189129b37681'),
 ('286', '148', 'de_de', 'devices-nav-4', NULL, '1', '2017-08-07 16:49:45', '2017-08-30 21:02:37', 'ac214168-064b-4b6d-ba08-67d7e85a9cc4'),
 ('287', '149', 'de_de', 'solutions-device-1', NULL, '1', '2017-08-07 16:49:45', '2017-08-30 21:02:37', '377d77f7-62b4-4609-81d3-c119621a1282'),
 ('288', '150', 'de_de', 'solutions-device-2', NULL, '1', '2017-08-07 16:49:45', '2017-08-30 21:02:38', '4557aacb-7e54-4f08-9028-e9b5bbb11760'),
 ('289', '151', 'de_de', 'solutions-device-3', NULL, '1', '2017-08-07 16:49:45', '2017-08-30 21:02:38', 'db4c1aa4-80c8-4189-a9aa-dce52b694fa7'),
 ('290', '152', 'de_de', 'solutions-device-4', NULL, '1', '2017-08-07 16:49:45', '2017-08-30 21:02:38', '63ff91cf-dd51-4e38-a547-a64f6e0c64fc'),
 ('291', '153', 'de_de', 'solutions-device-5', NULL, '1', '2017-08-07 16:49:45', '2017-08-30 21:02:38', 'e65802c2-9d5f-47c2-9df7-7f099b6ef1c5'),
 ('292', '154', 'de_de', 'solutions-device-6', NULL, '1', '2017-08-07 16:49:45', '2017-08-30 21:02:41', '81d9b681-d4c7-49a2-9cc8-b7ce612e4ee5'),
 ('293', '155', 'de_de', 'solutions-device-7', NULL, '1', '2017-08-07 16:49:45', '2017-08-30 21:02:38', 'ef3b7363-ec32-4d19-bd59-01570e95be36'),
 ('294', '156', 'de_de', 'solutions-device-8', NULL, '1', '2017-08-07 16:49:45', '2017-08-30 21:02:38', '6cf1e682-5895-4de5-9fd0-869a048973cc'),
 ('295', '157', 'de_de', 'solutions-device-9', NULL, '1', '2017-08-07 16:49:45', '2017-08-30 21:02:39', 'e28de1b7-d005-40b1-bac5-372f03407256'),
 ('296', '158', 'de_de', 'solutions-device-10', NULL, '1', '2017-08-07 16:49:45', '2017-08-30 21:02:37', 'd11660b5-2f87-45d6-9e83-ec8681d2faf9'),
 ('297', '159', 'de_de', 'solutions-device-11', NULL, '1', '2017-08-07 16:49:45', '2017-08-30 21:02:37', 'd183c0ce-33fa-40b9-8661-6e112ae0b712'),
 ('298', '160', 'de_de', 'solutions-device-12', NULL, '1', '2017-08-07 16:49:45', '2017-08-30 21:02:38', '5703969f-605a-46f5-9a10-f7f4d6db342c'),
 ('299', '161', 'de_de', 'solutions-device-13', NULL, '1', '2017-08-07 16:49:45', '2017-08-30 21:02:37', '26d73268-130e-45f7-82b3-7217fa7dd58e'),
 ('300', '172', 'de_de', 'ad-manager-2x', NULL, '1', '2017-08-07 16:49:45', '2017-08-30 21:02:41', '393214af-6fcf-4ff4-9fb0-6d3cb7a4069d'),
 ('301', '98', 'de_de', 'solutions', 'solutions', '1', '2017-08-07 16:50:23', '2017-08-17 17:52:22', '31fe87fc-a761-4e00-b3cc-6f22f4388623'),
 ('302', '243', 'en_us', 'awareness', NULL, '1', '2017-08-07 17:26:03', '2017-08-07 17:26:03', 'fed6a022-396a-4d77-b026-5362e968d87a'),
 ('303', '243', 'de_de', 'awareness', NULL, '1', '2017-08-07 17:26:03', '2017-08-07 17:26:03', 'b1666396-2b76-4bff-acec-af7453caf0ad'),
 ('304', '244', 'en_us', 'consideration', NULL, '1', '2017-08-07 17:26:14', '2017-08-07 17:26:14', '5a846af2-a65d-41c2-bc4e-884a58b9906b'),
 ('305', '244', 'de_de', 'consideration', NULL, '1', '2017-08-07 17:26:14', '2017-08-07 17:26:14', '74a3f79d-a1ce-4055-8f3b-b6fd3beaf114'),
 ('306', '245', 'en_us', 'action', NULL, '1', '2017-08-07 17:26:23', '2017-08-07 18:06:51', 'a2d5f158-11ed-4009-ae34-b3cadfea78fe'),
 ('307', '245', 'de_de', 'action', NULL, '1', '2017-08-07 17:26:23', '2017-08-07 18:06:51', '6226f27d-a372-4e6b-899c-5e6848827ef5'),
 ('308', '246', 'en_us', 'consumer-goods', NULL, '1', '2017-08-07 17:26:39', '2017-08-07 17:26:40', '4f953066-f28e-44e0-8809-979987bcae94'),
 ('309', '246', 'de_de', 'consumer-goods', NULL, '1', '2017-08-07 17:26:39', '2017-08-07 17:26:40', '91c07b37-4dec-4da6-b117-2b25acb88e8a'),
 ('310', '247', 'en_us', 'restaurants', NULL, '1', '2017-08-07 17:26:50', '2017-08-07 17:26:51', 'faefb6f7-2ec9-4638-948c-3ef502c988fd');
INSERT INTO `craft_elements_i18n` (`id`, `elementId`, `locale`, `slug`, `uri`, `enabled`, `dateCreated`, `dateUpdated`, `uid`) VALUES
 ('311', '247', 'de_de', 'restaurants', NULL, '1', '2017-08-07 17:26:50', '2017-08-07 17:26:51', '0fc23515-d332-4d5c-989f-7b20e2c15bdf'),
 ('312', '248', 'en_us', 'retail', NULL, '1', '2017-08-07 17:26:55', '2017-08-07 17:26:55', '5fce4ed5-f7de-4d9e-8ab2-3161918f69ad'),
 ('313', '248', 'de_de', 'retail', NULL, '1', '2017-08-07 17:26:55', '2017-08-07 17:26:55', 'e448312b-b0b0-4031-a87d-133902323853'),
 ('314', '249', 'en_us', 'technology', NULL, '1', '2017-08-07 17:27:08', '2017-08-07 17:27:09', '2639f88b-2238-4eff-a123-920ef538c562'),
 ('315', '249', 'de_de', 'technology', NULL, '1', '2017-08-07 17:27:08', '2017-08-07 17:27:09', '5ed3c6fd-ce69-48a1-afa8-dae3ae2b929b'),
 ('316', '250', 'en_us', 'telecom', NULL, '1', '2017-08-07 17:27:17', '2017-08-07 17:27:18', 'e68e522c-f883-4f2b-bbf5-8144adfe3451'),
 ('317', '250', 'de_de', 'telecom', NULL, '1', '2017-08-07 17:27:17', '2017-08-07 17:27:18', 'e5c7eb2b-ecd6-4122-8ff9-32d4f08971ac'),
 ('318', '251', 'en_us', 'travel', NULL, '1', '2017-08-07 17:27:33', '2017-08-07 17:27:33', 'f2c55e54-0df0-4643-bc35-ace6616d63d4'),
 ('319', '251', 'de_de', 'travel', NULL, '1', '2017-08-07 17:27:33', '2017-08-07 17:27:33', '0830343a-b56e-4d95-b32d-fc7250e01da3'),
 ('320', '252', 'en_us', 'financial-services', NULL, '1', '2017-08-07 17:27:40', '2017-08-07 18:06:11', '2588cb97-51dd-4e22-9232-46be85f53c52'),
 ('321', '252', 'de_de', 'financial-services', NULL, '1', '2017-08-07 17:27:40', '2017-08-07 18:06:11', '9560c1ba-1c0e-40a5-835e-17a7b52349b5'),
 ('322', '253', 'en_us', 'media-entertainment', NULL, '1', '2017-08-07 17:28:00', '2017-08-07 18:06:14', '5ba93b4e-6ad1-43f2-8635-b5f29e455c3f'),
 ('323', '253', 'de_de', 'media-entertainment', NULL, '1', '2017-08-07 17:28:00', '2017-08-07 18:06:14', 'fd54b3e7-d982-4c87-a9f9-79f9258c2f4d'),
 ('324', '254', 'en_us', 'gaming', NULL, '1', '2017-08-07 17:28:10', '2017-08-07 18:06:16', '53d57731-5f6d-4a3b-9248-fe0e942ed7c9'),
 ('325', '254', 'de_de', 'gaming', NULL, '1', '2017-08-07 17:28:10', '2017-08-07 18:06:16', '780aa91a-da7c-4775-b30d-0ab9264d461c'),
 ('326', '255', 'en_us', 'other', NULL, '1', '2017-08-07 17:28:14', '2017-08-07 17:28:14', '59fc88ae-6f3a-4826-b920-f39ee1db416c'),
 ('327', '255', 'de_de', 'other', NULL, '1', '2017-08-07 17:28:14', '2017-08-07 17:28:14', '477018b9-f18b-4636-8902-1a37b4a8b4ed'),
 ('328', '256', 'en_us', 'snap-ads', NULL, '1', '2017-08-07 17:31:09', '2017-08-07 17:31:10', '496f3d9a-4506-4d0f-a234-6f14a50a6dcf'),
 ('329', '256', 'de_de', 'snap-ads', NULL, '1', '2017-08-07 17:31:09', '2017-08-07 17:31:10', '60a9322c-9c74-4020-83c7-bfb82373a0ff'),
 ('330', '257', 'en_us', 'filters', NULL, '1', '2017-08-07 17:31:22', '2017-08-07 17:31:23', '0fbd0635-41d0-4754-acc1-6ff1db4ff06d'),
 ('331', '257', 'de_de', 'filters', NULL, '1', '2017-08-07 17:31:22', '2017-08-07 17:31:23', 'd79d264e-690b-4208-8399-967199e70c46'),
 ('332', '258', 'en_us', 'lenses', NULL, '1', '2017-08-07 17:31:27', '2017-08-07 17:31:27', 'e2328b79-0ef3-4b72-afdf-b5976fa3f30e'),
 ('333', '258', 'de_de', 'lenses', NULL, '1', '2017-08-07 17:31:27', '2017-08-07 17:31:27', '98d605ba-718a-4d42-8b8d-32074e896159'),
 ('340', '33', 'de_de', 'ab-inbev', NULL, '1', '2017-08-07 18:41:56', '2017-09-06 17:56:59', 'aefd49b7-7827-4990-b5f2-eb947e793b14'),
 ('344', '262', 'en_us', '', NULL, '1', '2017-08-07 21:07:07', '2017-09-06 23:00:13', '620b8360-65f5-4b66-881a-6f6eb52534df'),
 ('345', '262', 'de_de', '', NULL, '1', '2017-08-07 21:07:07', '2017-09-06 23:00:13', 'd388d999-f2fe-46c5-95f5-6bc1b974a8f6'),
 ('346', '263', 'en_us', '', NULL, '1', '2017-08-07 21:07:30', '2017-08-09 20:57:20', 'dac11c31-be6c-41b3-8af0-a8ef37e59ca3'),
 ('347', '263', 'de_de', '', NULL, '1', '2017-08-07 21:07:30', '2017-08-09 20:57:20', '90a640e9-55cd-44f3-9365-08740268b995'),
 ('348', '264', 'en_us', 'blog', 'blog', '1', '2017-08-07 21:28:57', '2017-08-22 18:21:04', '6ef10fdf-046c-45b4-9b5f-3913d162a891'),
 ('349', '264', 'de_de', 'blog', 'blog', '1', '2017-08-07 21:28:57', '2017-08-22 18:21:04', '3d2750a3-5a11-4657-8b27-a444c944f608'),
 ('352', '266', 'en_us', 'insights', NULL, '1', '2017-08-07 21:31:59', '2017-08-07 21:32:00', 'df6cc25d-c72a-46d1-84fe-e1ff73f14b3a'),
 ('353', '266', 'de_de', 'insights', NULL, '1', '2017-08-07 21:31:59', '2017-08-07 21:32:00', 'c52d5f57-5d4d-4364-b44b-9324bdc2315f'),
 ('354', '267', 'en_us', 'announcements', NULL, '1', '2017-08-07 21:32:21', '2017-08-07 21:32:22', 'bba54527-68e7-4c62-bddf-c4a303926e21'),
 ('355', '267', 'de_de', 'announcements', NULL, '1', '2017-08-07 21:32:21', '2017-08-07 21:32:22', '3bc5363e-6f48-4c59-a1f4-2c8e40611c9e'),
 ('356', '268', 'en_us', '', NULL, '1', '2017-08-07 21:48:31', '2017-09-06 20:51:17', '9d36b851-7745-4f22-8191-51775594f96d'),
 ('357', '269', 'en_us', '', NULL, '1', '2017-08-07 21:48:31', '2017-09-06 20:51:17', '9732a11e-e9e8-4197-a98f-ef7c972f2ce3'),
 ('358', '270', 'en_us', 'home', '__home__', '1', '2017-08-07 22:23:24', '2017-08-31 21:43:48', 'eb27c573-5850-41ae-ba02-112e226745b9'),
 ('359', '270', 'de_de', 'home', '__home__', '1', '2017-08-07 22:23:24', '2017-08-31 21:43:48', '97158556-5c3b-4562-bcf2-1830a5625ea7'),
 ('362', '272', 'en_us', '', NULL, '1', '2017-08-07 23:13:17', '2017-08-09 20:57:20', 'f3670643-7da9-4dec-bcf0-ca4e76c8621c'),
 ('363', '273', 'en_us', '', NULL, '1', '2017-08-07 23:13:17', '2017-08-09 20:57:20', '0cc10dea-0319-44ee-ad70-73509de67fd8'),
 ('364', '274', 'en_us', '', NULL, '1', '2017-08-07 23:13:17', '2017-08-09 20:57:20', '602e5561-f410-4bcd-8708-ccf866f9557f'),
 ('365', '275', 'en_us', '', NULL, '1', '2017-08-07 23:13:17', '2017-08-07 23:39:40', 'c5be089b-0462-4c7c-9345-0d09d80830f6'),
 ('366', '276', 'en_us', '', NULL, '1', '2017-08-07 23:13:17', '2017-08-07 23:39:40', '06707bed-6dcc-4e80-ab83-c0ffc2368a82'),
 ('367', '277', 'en_us', '', NULL, '1', '2017-08-07 23:39:40', '2017-08-09 20:57:20', '6a20200e-5f7b-48fc-a24a-2c5fd981278d'),
 ('368', '278', 'en_us', '', NULL, '1', '2017-08-07 23:39:40', '2017-08-09 20:57:20', 'b3110a0d-140b-41d5-a44b-6a935ca575f8'),
 ('369', '279', 'en_us', '', NULL, '1', '2017-08-07 23:39:40', '2017-08-09 20:57:20', '9644164e-de00-497b-8d7b-37177d6eadc3'),
 ('370', '280', 'en_us', '', NULL, '1', '2017-08-07 23:39:40', '2017-08-09 20:57:20', '152643cc-fc93-4eed-a763-130ee95bc17c'),
 ('372', '282', 'en_us', '', NULL, '1', '2017-08-07 23:46:45', '2017-09-06 23:00:13', '282e501f-1eb5-4e54-af67-0a3d0636b3d6'),
 ('373', '283', 'en_us', '', NULL, '1', '2017-08-08 17:41:58', '2017-08-08 17:46:47', '46c442cf-4e93-42ec-af6f-91dac25e6852'),
 ('374', '283', 'de_de', '', NULL, '1', '2017-08-08 17:41:58', '2017-08-08 17:46:47', 'c4138c31-db97-4f87-8dc0-4ed0df25cd24'),
 ('375', '284', 'en_us', '', NULL, '1', '2017-08-08 17:46:27', '2017-08-08 17:46:47', 'dfd12b76-aef6-4a24-abe7-899664398c31'),
 ('376', '285', 'en_us', '', NULL, '1', '2017-08-08 17:46:27', '2017-08-08 17:46:47', '7d857bd8-4276-47b7-9438-13268112b22c'),
 ('379', '287', 'en_us', '', NULL, '1', '2017-08-09 17:45:23', '2017-08-09 17:51:39', '3b62090d-4f45-421b-9212-bb8c3909c3b2'),
 ('380', '287', 'de_de', '', NULL, '1', '2017-08-09 17:45:23', '2017-08-09 17:51:39', 'b46ecdc6-0f97-4035-92f6-96cc44d2162d'),
 ('381', '288', 'en_us', '404-chillah', NULL, '1', '2017-08-09 17:51:02', '2017-08-30 21:02:34', 'fd133d28-58e9-4080-8ed6-b5512efdd358'),
 ('382', '288', 'de_de', '404-chillah', NULL, '1', '2017-08-09 17:51:02', '2017-08-30 21:02:34', '5b668780-acb2-41ff-86f9-5d4963755546'),
 ('385', '290', 'en_us', 'audiences', 'audiences', '1', '2017-08-09 20:38:27', '2017-08-31 21:10:35', '51beb91a-f1dd-4be6-8565-99d1d0c4cd8e'),
 ('386', '290', 'de_de', 'audiences', 'audiences', '1', '2017-08-09 20:38:27', '2017-08-31 21:10:35', '60743342-b3ed-482c-94e4-67a954195bc3'),
 ('387', '291', 'en_us', 'measurement', 'measurement', '1', '2017-08-09 20:39:06', '2017-08-09 20:39:06', 'addb2828-5930-4e6e-9f1d-06a13d89efc4'),
 ('388', '291', 'de_de', 'measurement', 'measurement', '1', '2017-08-09 20:39:06', '2017-08-09 20:39:06', '15f53033-4438-44ab-a988-d8fdcb147c43'),
 ('389', '292', 'en_us', 'get-started', 'get-started', '1', '2017-08-09 20:41:34', '2017-08-09 20:41:35', 'c9c8c2ee-3fda-4d99-8298-4c860e125e2e'),
 ('390', '292', 'de_de', 'get-started', 'get-started', '1', '2017-08-09 20:41:34', '2017-08-09 20:41:35', '9d60d638-5d2d-447e-a8f2-fc7fec61d483'),
 ('391', '293', 'en_us', '', NULL, '1', '2017-08-09 20:50:51', '2017-09-06 20:51:17', 'e28bb012-6de8-4054-a6c6-27edef60cc0f'),
 ('392', '294', 'en_us', '', NULL, '1', '2017-08-09 20:50:51', '2017-09-06 20:51:17', 'e2a67d3f-645d-4661-a275-9ef2531249e0'),
 ('395', '297', 'en_us', '', NULL, '1', '2017-08-09 20:50:51', '2017-09-06 23:00:13', '753f161c-4adc-4e30-b656-04969ecf35c7'),
 ('396', '298', 'en_us', '', NULL, '1', '2017-08-09 20:50:51', '2017-09-06 23:00:13', '7c54face-3994-406d-b834-17c1431d0fd7'),
 ('397', '299', 'en_us', '', NULL, '1', '2017-08-09 20:57:20', '2017-08-09 20:57:20', '3bdb506b-cdeb-4c10-821b-0815ce3b52e6'),
 ('398', '300', 'en_us', '', NULL, '1', '2017-08-09 20:57:20', '2017-08-09 20:57:20', '437a1ec4-0675-4555-bc72-079b80159d88'),
 ('399', '301', 'en_us', '', NULL, '1', '2017-08-09 20:57:20', '2017-08-09 20:57:20', '5f68c7f8-73ac-44f1-90fb-332ac42ecde6'),
 ('400', '302', 'en_us', '', NULL, '1', '2017-08-09 20:57:20', '2017-08-09 20:57:20', '3fac293a-cb46-459e-b981-3c65176c1f19'),
 ('401', '303', 'en_us', '', NULL, '1', '2017-08-09 20:57:20', '2017-08-09 20:57:20', 'dab47d7f-804f-4e2d-9650-272bc34f148e'),
 ('402', '304', 'en_us', '', NULL, '1', '2017-08-09 20:57:20', '2017-08-09 20:57:20', '2d25775a-c695-45cb-a77a-cc12deda21a5'),
 ('403', '305', 'en_us', '', NULL, '1', '2017-08-09 20:57:20', '2017-08-09 20:57:20', '9a52c64e-5ee0-4d08-8416-7dfad8f0fa29'),
 ('404', '306', 'en_us', '', NULL, '1', '2017-08-09 20:57:20', '2017-08-09 20:57:20', '3a4fc7c8-2a1d-4a74-9be0-ff9bb5c6ef83'),
 ('405', '307', 'en_us', '', NULL, '1', '2017-08-09 20:57:20', '2017-08-09 20:57:20', '99b3bc47-b319-45bb-a95f-ade38d976146'),
 ('406', '308', 'en_us', '', NULL, '1', '2017-08-09 20:57:20', '2017-08-09 20:57:20', '04da5930-47e2-45ce-b06f-fca343108e4c'),
 ('407', '309', 'en_us', '', NULL, '1', '2017-08-09 20:57:20', '2017-08-09 20:57:20', 'ff77171c-c046-474a-bfe6-97557aae1423'),
 ('408', '310', 'en_us', '', NULL, '1', '2017-08-09 20:57:20', '2017-08-09 20:57:20', 'cecfaf51-b640-4cb1-8d9a-a2140a2b95d5'),
 ('409', '311', 'en_us', '', NULL, '1', '2017-08-09 20:57:20', '2017-08-09 20:57:20', '9b96e47b-face-44e2-8ea9-692cba173140'),
 ('410', '312', 'en_us', '', NULL, '1', '2017-08-09 20:57:20', '2017-08-09 20:57:20', 'f8f77aa7-bdb0-4b91-9227-35774ca566d4'),
 ('411', '313', 'en_us', '', NULL, '1', '2017-08-09 20:57:20', '2017-08-09 20:57:20', '403d440e-0fa2-4efe-9be8-51bc2b9d43b5'),
 ('412', '314', 'en_us', 'everything', 'everything', '1', '2017-08-10 22:00:29', '2017-08-31 22:08:12', '4867f377-683d-4cc5-bf32-eb47351339f1'),
 ('413', '314', 'de_de', 'one-with-everything', 'one-with-everything', '1', '2017-08-10 22:00:29', '2017-08-31 22:08:12', '6be40652-a177-43ce-976e-660aaf71d45b'),
 ('414', '315', 'en_us', '', NULL, '1', '2017-08-10 22:00:29', '2017-08-31 22:08:12', '127fabac-5f88-4638-bafc-dd0446fa4fd6'),
 ('415', '316', 'en_us', '', NULL, '1', '2017-08-10 22:00:29', '2017-08-31 22:08:12', '0cfb74df-3933-4520-b2b7-b00b4c58d7c0'),
 ('416', '317', 'en_us', '', NULL, '1', '2017-08-10 22:00:29', '2017-08-31 22:08:12', '71734976-d160-43c1-86a1-180ea3733362'),
 ('417', '318', 'en_us', '', NULL, '1', '2017-08-10 22:00:29', '2017-08-31 22:08:12', 'abbd2274-a0e9-4b44-9148-ac1b8fcfe552'),
 ('418', '319', 'en_us', '', NULL, '1', '2017-08-10 22:00:29', '2017-08-31 22:08:12', '99e5f30c-1178-4519-9f1b-1fcc4af765bf'),
 ('419', '320', 'en_us', '', NULL, '1', '2017-08-10 22:00:29', '2017-08-31 22:08:12', '9c829624-fc2c-4c69-bfb4-77780d5bea75'),
 ('420', '321', 'en_us', '', NULL, '1', '2017-08-10 22:00:29', '2017-08-31 22:08:12', 'ce47ebc8-ac2c-4786-a5e9-eb0ecc0842dc'),
 ('421', '322', 'en_us', '', NULL, '1', '2017-08-10 22:00:29', '2017-08-31 22:08:12', 'f2ea2e04-3c0f-4c5a-833a-0a7c3b374b76'),
 ('422', '323', 'en_us', '', NULL, '1', '2017-08-10 22:00:29', '2017-08-31 22:08:12', 'cd8f573d-3dee-4e51-8b08-144871b6308c'),
 ('423', '324', 'en_us', '', NULL, '1', '2017-08-10 22:00:29', '2017-08-31 22:08:12', '6770a498-9f09-4a3b-948c-809a282439f5'),
 ('424', '325', 'en_us', '', NULL, '1', '2017-08-10 22:00:29', '2017-08-31 22:08:12', '1906b25f-1ed6-46e3-9ac1-18ac4629d79d'),
 ('425', '326', 'en_us', '', NULL, '1', '2017-08-10 22:00:29', '2017-08-31 22:08:12', '86528b22-175f-4198-a84e-b52316882283'),
 ('426', '327', 'en_us', '', NULL, '1', '2017-08-10 22:00:29', '2017-08-31 22:08:12', 'b7978ccf-692b-4487-9a44-8edda1937a5e'),
 ('427', '328', 'en_us', '', NULL, '1', '2017-08-10 22:11:49', '2017-08-31 22:08:12', '39b501be-22d2-49b7-b8f6-95a1720fee7c'),
 ('428', '329', 'en_us', '', NULL, '1', '2017-08-10 22:11:49', '2017-08-31 22:08:12', '0ff3fbde-5169-4ec1-8fb6-987fb9d5c3c7'),
 ('429', '330', 'en_us', '', NULL, '1', '2017-08-10 22:11:49', '2017-08-31 22:08:12', 'fca96ba4-070a-43e9-99bc-26ca09d83008'),
 ('430', '331', 'en_us', '', NULL, '1', '2017-08-10 22:11:49', '2017-08-31 22:08:12', '2f4ddee6-960d-4345-bc6e-f5207c1775c6');
INSERT INTO `craft_elements_i18n` (`id`, `elementId`, `locale`, `slug`, `uri`, `enabled`, `dateCreated`, `dateUpdated`, `uid`) VALUES
 ('431', '332', 'en_us', '', NULL, '1', '2017-08-10 22:11:49', '2017-08-31 22:08:12', '858376a0-b700-4249-a6a5-879d86d92f93'),
 ('432', '333', 'en_us', '', NULL, '1', '2017-08-10 22:11:49', '2017-08-31 22:08:12', '9c28b834-bc57-46f0-955b-35722fc36928'),
 ('433', '334', 'en_us', '', NULL, '1', '2017-08-10 22:11:49', '2017-08-31 22:08:12', '9796f3b0-c58a-47f8-a12e-266e5ae543b4'),
 ('434', '335', 'en_us', '', NULL, '1', '2017-08-10 22:11:49', '2017-08-31 22:08:12', '324d26ec-87f5-4e3e-90a8-1e370b6bcbb3'),
 ('435', '336', 'en_us', '', NULL, '1', '2017-08-10 22:11:49', '2017-08-31 22:08:13', '0a3a7f80-ef3f-49e7-bb72-63c5e189dc88'),
 ('436', '337', 'en_us', '', NULL, '1', '2017-08-10 22:11:49', '2017-08-31 22:08:13', 'a5ce2b44-cc1f-46a7-8a62-c2b45ccce5e7'),
 ('437', '338', 'en_us', '', NULL, '1', '2017-08-10 22:11:49', '2017-08-31 22:08:13', '23b86804-5da9-49a9-ac27-865bac033686'),
 ('438', '339', 'en_us', '', NULL, '1', '2017-08-10 22:11:49', '2017-08-31 22:08:13', 'a689e4cd-93c0-495c-820f-64922d755e7e'),
 ('439', '340', 'en_us', '', NULL, '1', '2017-08-10 22:11:49', '2017-08-31 22:08:13', 'eb0ddea2-6c7c-4c31-8eec-8b663c45829c'),
 ('440', '341', 'en_us', '', NULL, '1', '2017-08-10 22:11:49', '2017-08-31 22:08:13', '98f47f8a-b497-47a1-94e2-9b14c268e736'),
 ('442', '343', 'en_us', '', NULL, '1', '2017-08-10 22:14:42', '2017-08-31 22:08:13', 'c7f95f1b-2d07-45ed-8b3f-2963be35fb15'),
 ('445', '345', 'en_us', '', NULL, '1', '2017-08-17 23:14:09', '2017-08-17 23:14:09', '257a833f-7bf1-455c-9541-7914ca1ca37f'),
 ('446', '346', 'en_us', '', NULL, '1', '2017-08-17 23:14:09', '2017-08-17 23:14:09', 'e867db5b-2778-4320-a56c-3078e9bad6e9'),
 ('449', '348', 'en_us', 'test-blog-entry', 'blog/test-blog-entry', '1', '2017-08-21 22:32:03', '2017-08-23 17:52:37', 'b66be70c-afbb-48db-a61e-6b71f04ff80a'),
 ('450', '348', 'de_de', 'test-blog-entry', 'blog/test-blog-entry', '1', '2017-08-21 22:32:03', '2017-08-23 17:52:37', '187086e5-1654-4cf8-8dbf-75661a1053ba'),
 ('451', '349', 'en_us', '', NULL, '1', '2017-08-21 22:32:03', '2017-08-23 17:52:37', 'd87ac6a9-c595-4e94-9774-7d4337aa55b6'),
 ('452', '349', 'de_de', '', NULL, '1', '2017-08-21 22:32:03', '2017-08-23 17:52:37', 'd4839856-42de-4b1d-9f86-a4a4b93164ac'),
 ('453', '350', 'en_us', 'north-america', NULL, '1', '2017-08-22 20:53:32', '2017-08-22 20:53:33', 'db5ea225-a718-4fe5-a7e5-07d42dfae55a'),
 ('454', '350', 'de_de', 'north-america', NULL, '1', '2017-08-22 20:53:32', '2017-08-22 20:53:33', '02e2808d-9601-43a2-b312-51fe5fe7b692'),
 ('455', '351', 'en_us', 'north-america-canada', NULL, '1', '2017-08-22 20:53:42', '2017-08-22 20:53:47', 'f5bbca77-ff24-4cd4-9447-51f43617c65d'),
 ('456', '351', 'de_de', 'north-america-canada', NULL, '1', '2017-08-22 20:53:42', '2017-08-22 20:53:47', 'c01e112e-eada-4a76-89f0-66d954b22b24'),
 ('457', '352', 'en_us', 'europe-middle-east-africa', NULL, '1', '2017-08-22 20:53:58', '2017-08-22 20:54:00', 'f1dd888e-f18b-488f-96e7-43560c51c01a'),
 ('458', '352', 'de_de', 'europe-middle-east-africa', NULL, '1', '2017-08-22 20:53:58', '2017-08-22 20:54:00', 'c05fd5f8-6caf-45fe-93c3-7b856f028e17'),
 ('459', '353', 'en_us', 'asia-pacific', NULL, '1', '2017-08-22 20:54:07', '2017-08-22 20:54:08', 'b08122d4-4043-4fe4-a296-86a6b3694176'),
 ('460', '353', 'de_de', 'asia-pacific', NULL, '1', '2017-08-22 20:54:07', '2017-08-22 20:54:08', '87cbb953-6464-468d-b7ad-22b6bc6e7d08'),
 ('461', '354', 'en_us', 'latin-america', NULL, '1', '2017-08-22 20:54:17', '2017-08-22 20:54:17', '287abdb5-0716-4167-8d7c-f75ae5445b60'),
 ('462', '354', 'de_de', 'latin-america', NULL, '1', '2017-08-22 20:54:17', '2017-08-22 20:54:18', 'e1127970-5aba-43e8-a6f2-43b841630bac'),
 ('463', '355', 'en_us', '', NULL, '1', '2017-08-23 17:52:38', '2017-08-23 17:52:38', '5a4e9652-d6a9-4cc8-b5fb-c69d5393d099'),
 ('464', '355', 'de_de', '', NULL, '1', '2017-08-23 17:52:38', '2017-08-23 17:52:38', '6f7905e0-47a7-4150-afa8-088fa9152da4'),
 ('465', '356', 'en_us', 'news-entry', 'blog/news-entry', '1', '2017-08-23 17:53:42', '2017-08-23 21:53:03', '3eb1d6b2-b675-47e9-9d7e-b21467bf5d1e'),
 ('466', '356', 'de_de', 'news-entry', 'blog/news-entry', '1', '2017-08-23 17:53:42', '2017-08-23 21:53:03', '177ea038-9431-4ef3-a630-9068a984f0f7'),
 ('467', '357', 'en_us', '', NULL, '1', '2017-08-23 17:53:42', '2017-08-23 21:53:03', 'd75f2999-0941-402f-b9a6-0ff0673444f8'),
 ('468', '357', 'de_de', '', NULL, '1', '2017-08-23 17:53:42', '2017-08-23 21:53:03', 'bda5a089-7d19-40e6-a895-428a8896c5ab'),
 ('469', '358', 'en_us', 'success-story-entry', NULL, '1', '2017-08-23 17:56:29', '2017-09-06 17:57:00', 'da485824-bfd4-4a57-a93c-a86191e98e76'),
 ('470', '358', 'de_de', 'success-story-entry', NULL, '1', '2017-08-23 17:56:29', '2017-09-06 17:57:00', 'd71d3c8e-85a1-45b7-a27e-20230e165185'),
 ('475', '361', 'en_us', '', NULL, '1', '2017-08-23 18:14:23', '2017-08-23 18:17:34', '4282c89e-68a6-4614-ad66-2bce206e97b6'),
 ('476', '362', 'en_us', 'creative-spotlight', 'creative-spotlight', '1', '2017-08-24 20:53:17', '2017-08-24 20:53:17', '1152636a-87d0-47f4-a05f-ed640ec2bddc'),
 ('477', '362', 'de_de', 'creative-spotlight', 'creative-spotlight', '1', '2017-08-24 20:53:17', '2017-08-24 20:53:17', '9e79f4f1-8666-40f8-9f84-8bdeb2501edf'),
 ('478', '363', 'en_us', 'success-stories', 'success-stories', '1', '2017-08-24 20:55:06', '2017-08-24 20:55:06', '97cee449-8f7e-4b37-bd88-0d6d4d62daa9'),
 ('479', '363', 'de_de', 'success-stories', 'success-stories', '1', '2017-08-24 20:55:06', '2017-08-24 20:55:06', '02c4dc74-a205-49d8-8623-4179076b619e'),
 ('480', '364', 'en_us', 'homepage-1-1', NULL, '1', '2017-08-30 21:02:32', '2017-08-30 21:02:32', '35df1b33-6ed1-4aef-bfec-4889b3a90c58'),
 ('481', '364', 'de_de', 'homepage-1-1', NULL, '1', '2017-08-30 21:02:32', '2017-08-30 21:02:32', '8a3d23e7-c783-445a-9dd0-d63770948d64'),
 ('482', '365', 'en_us', 'homepage-1-2', NULL, '1', '2017-08-30 21:02:33', '2017-08-30 21:02:33', '192a88f8-9fe9-4573-8868-51f07c5d6bff'),
 ('483', '365', 'de_de', 'homepage-1-2', NULL, '1', '2017-08-30 21:02:33', '2017-08-30 21:02:33', '131fe874-59dd-4634-96eb-301b6673ff56'),
 ('484', '366', 'en_us', 'homepage-1-3', NULL, '1', '2017-08-30 21:02:33', '2017-08-30 21:02:33', '5f2f76f1-68c6-4ecf-9f75-46cb7cb8597a'),
 ('485', '366', 'de_de', 'homepage-1-3', NULL, '1', '2017-08-30 21:02:33', '2017-08-30 21:02:33', '843d3432-627f-4b95-a24e-27bfa475ff5b'),
 ('486', '367', 'en_us', 'measurement-reach', NULL, '1', '2017-08-30 21:02:33', '2017-08-30 21:02:33', 'f53d355d-5d8a-4616-ba36-4583f4ffce13'),
 ('487', '367', 'de_de', 'measurement-reach', NULL, '1', '2017-08-30 21:02:33', '2017-08-30 21:02:33', 'cc64d6fb-8e77-4d62-9861-6d01a8619a78'),
 ('488', '368', 'en_us', 'measurement-reaction', NULL, '1', '2017-08-30 21:02:33', '2017-08-30 21:02:33', 'e76db67f-d0f8-4007-bad9-44942882f13d'),
 ('489', '368', 'de_de', 'measurement-reaction', NULL, '1', '2017-08-30 21:02:33', '2017-08-30 21:02:33', '99882fc0-8e38-47ac-a11e-591b208d2f24'),
 ('490', '369', 'en_us', 'measurement-resonance', NULL, '1', '2017-08-30 21:02:33', '2017-08-30 21:02:33', '03a63329-2046-46a8-9f16-5abdf77dfba7'),
 ('491', '369', 'de_de', 'measurement-resonance', NULL, '1', '2017-08-30 21:02:33', '2017-08-30 21:02:33', '6dbd1e29-8c7e-4533-bcd0-a34cbbc25f38'),
 ('492', '370', 'en_us', 'measurement-snap-to', NULL, '1', '2017-08-30 21:02:33', '2017-08-30 21:02:33', 'f90c3b7e-0897-4a8e-94d9-fd7587fe7584'),
 ('493', '370', 'de_de', 'measurement-snap-to', NULL, '1', '2017-08-30 21:02:33', '2017-08-30 21:02:33', '29d16e78-3b25-4686-a073-dedb7698fd58'),
 ('494', '371', 'en_us', 'measurement-verification', NULL, '1', '2017-08-30 21:02:34', '2017-08-30 21:02:34', 'f434940f-c258-4edd-b66c-fc0a94a796b8'),
 ('495', '371', 'de_de', 'measurement-verification', NULL, '1', '2017-08-30 21:02:34', '2017-08-30 21:02:34', '0b037e7c-f448-4663-a54c-98a6215fd5bb'),
 ('496', '372', 'en_us', 'measurement-viewability', NULL, '1', '2017-08-30 21:02:34', '2017-08-30 21:02:34', '69e2b846-16a4-4a69-bf23-94263f273ee2'),
 ('497', '372', 'de_de', 'measurement-viewability', NULL, '1', '2017-08-30 21:02:34', '2017-08-30 21:02:34', '1c09711b-c86c-4cd5-a3f9-0afefbe5be72'),
 ('498', '373', 'en_us', 'snap-ad-reporting-1x', NULL, '1', '2017-08-30 21:02:34', '2017-08-30 21:02:34', '1730a0ce-5065-4d21-a6f0-f1a1557bc52e'),
 ('499', '373', 'de_de', 'snap-ad-reporting-1x', NULL, '1', '2017-08-30 21:02:34', '2017-08-30 21:02:34', '2183a479-21ae-4beb-aa17-8e67a3885595'),
 ('500', '374', 'en_us', '711', NULL, '1', '2017-08-30 21:02:43', '2017-08-30 21:02:43', '4f4036ee-fa43-4e19-b096-87f67aa968b8'),
 ('501', '374', 'de_de', '711', NULL, '1', '2017-08-30 21:02:43', '2017-08-30 21:02:43', '1063228f-765b-4927-ac4a-a56af8426605'),
 ('502', '375', 'en_us', '711', NULL, '1', '2017-08-30 21:02:43', '2017-08-30 21:02:43', 'c3c7c055-5623-45dd-ae09-01759cba45be'),
 ('503', '375', 'de_de', '711', NULL, '1', '2017-08-30 21:02:43', '2017-08-30 21:02:43', '8c1bf461-ffc9-45eb-b238-bb3fbd35bd37'),
 ('504', '376', 'en_us', 'aa', NULL, '1', '2017-08-30 21:02:43', '2017-08-30 21:02:43', '5180ad70-2167-40e5-8315-65c6668f68c5'),
 ('505', '376', 'de_de', 'aa', NULL, '1', '2017-08-30 21:02:43', '2017-08-30 21:02:43', '1065ab20-1a83-4f04-ad0f-bc3ebf1dde29'),
 ('506', '377', 'en_us', 'aa', NULL, '1', '2017-08-30 21:02:43', '2017-08-30 21:02:43', 'a6a30e21-827b-4985-abfb-4a16c89d649b'),
 ('507', '377', 'de_de', 'aa', NULL, '1', '2017-08-30 21:02:43', '2017-08-30 21:02:43', '9afc1494-6e3b-463a-8a49-81341806c9fd'),
 ('508', '378', 'en_us', 'acorns', NULL, '1', '2017-08-30 21:02:43', '2017-08-30 21:02:43', '261b0ad7-7a1d-4b5a-9482-bef8171bc92a'),
 ('509', '378', 'de_de', 'acorns', NULL, '1', '2017-08-30 21:02:43', '2017-08-30 21:02:43', '9fe5cf47-838f-4bdb-94a8-8931c546de99'),
 ('510', '379', 'en_us', 'acorns', NULL, '1', '2017-08-30 21:02:43', '2017-08-30 21:02:43', '3633c005-0804-4129-bd83-bf1c6bc338dd'),
 ('511', '379', 'de_de', 'acorns', NULL, '1', '2017-08-30 21:02:43', '2017-08-30 21:02:43', '80c34541-07ac-4650-9e46-65304fd178de'),
 ('512', '380', 'en_us', 'alabamapink', NULL, '1', '2017-08-30 21:02:43', '2017-08-30 21:02:43', '161d36f5-5e2d-478c-b7db-eb83d014c4e5'),
 ('513', '380', 'de_de', 'alabamapink', NULL, '1', '2017-08-30 21:02:43', '2017-08-30 21:02:43', '334c031f-9e30-4863-9f25-54fca720c6dc'),
 ('514', '381', 'en_us', 'bloomingdales', NULL, '1', '2017-08-30 21:02:44', '2017-08-30 21:02:44', 'b9fdde0f-303c-41d2-a607-5bb4c6c0ce04'),
 ('515', '381', 'de_de', 'bloomingdales', NULL, '1', '2017-08-30 21:02:44', '2017-08-30 21:02:44', '9c906496-bdcf-49d4-8450-ad05e03b01ec'),
 ('516', '382', 'en_us', 'bloomingdales', NULL, '1', '2017-08-30 21:02:44', '2017-08-30 21:02:44', 'eec07cbe-3a65-4a82-93c1-ff6c3c45b6f1'),
 ('517', '382', 'de_de', 'bloomingdales', NULL, '1', '2017-08-30 21:02:44', '2017-08-30 21:02:44', 'dc3ca81d-1de3-4c20-842d-096a6cf487e4'),
 ('518', '383', 'en_us', 'bumble-v2', NULL, '1', '2017-08-30 21:02:44', '2017-08-30 21:02:44', '0da34ae7-d262-4d1a-a44c-c4c22162cc39'),
 ('519', '383', 'de_de', 'bumble-v2', NULL, '1', '2017-08-30 21:02:44', '2017-08-30 21:02:44', '68c33452-0d42-4a43-862e-2ac9b025f04a'),
 ('520', '384', 'en_us', 'bumble-v2', NULL, '1', '2017-08-30 21:02:44', '2017-08-30 21:02:44', 'f014166f-97da-49ac-a6b3-5a147110199f'),
 ('521', '384', 'de_de', 'bumble-v2', NULL, '1', '2017-08-30 21:02:44', '2017-08-30 21:02:44', 'e7c5f800-9dfd-4b60-9756-547b6714fd8a'),
 ('522', '385', 'en_us', 'alabamapink', NULL, '1', '2017-08-30 21:02:44', '2017-08-30 21:02:44', '3c24dc2e-f0ea-479e-a1b4-fc62992a717f'),
 ('523', '385', 'de_de', 'alabamapink', NULL, '1', '2017-08-30 21:02:44', '2017-08-30 21:02:44', '4cad9853-26e1-4689-aefc-f5946a2f7575'),
 ('524', '386', 'en_us', 'burberry', NULL, '1', '2017-08-30 21:02:44', '2017-08-30 21:02:44', '0373e049-5aa2-4fa0-8584-6b65e131cd9c'),
 ('525', '386', 'de_de', 'burberry', NULL, '1', '2017-08-30 21:02:44', '2017-08-30 21:02:44', '9b11e7df-aa8e-4c93-a656-bf638569d710'),
 ('526', '387', 'en_us', 'burberry', NULL, '1', '2017-08-30 21:02:44', '2017-08-30 21:02:44', '0f965427-0877-4d32-9e40-8420e9f5137b'),
 ('527', '387', 'de_de', 'burberry', NULL, '1', '2017-08-30 21:02:44', '2017-08-30 21:02:44', 'dc4581fa-730f-4a91-a413-ecae941e9745'),
 ('528', '388', 'en_us', 'ellevennightclub', NULL, '1', '2017-08-30 21:02:45', '2017-08-30 21:02:45', 'c9aa051e-f8f9-433a-a4f8-6370ba7dc4da'),
 ('529', '388', 'de_de', 'ellevennightclub', NULL, '1', '2017-08-30 21:02:45', '2017-08-30 21:02:45', '50c8f44f-2410-48e7-b659-75ea5383b5a1'),
 ('530', '389', 'en_us', 'ellevennightclub', NULL, '1', '2017-08-30 21:02:45', '2017-08-30 21:02:45', 'baf45175-746c-4e7c-a74b-5bf12d750703'),
 ('531', '389', 'de_de', 'ellevennightclub', NULL, '1', '2017-08-30 21:02:45', '2017-08-30 21:02:45', 'e0f24c59-2b20-40c7-82c3-0de647a48667'),
 ('532', '390', 'en_us', 'gametime', NULL, '1', '2017-08-30 21:02:45', '2017-08-30 21:02:45', '0e91f2c0-ec11-4717-9e0a-fbd632e2d866'),
 ('533', '390', 'de_de', 'gametime', NULL, '1', '2017-08-30 21:02:45', '2017-08-30 21:02:45', '4f81d182-eb48-43aa-a9cb-6bdc92d815f6'),
 ('534', '391', 'en_us', 'gametime', NULL, '1', '2017-08-30 21:02:45', '2017-08-30 21:02:45', 'e575244b-e31e-4bf4-9c6c-68a4b8254140'),
 ('535', '391', 'de_de', 'gametime', NULL, '1', '2017-08-30 21:02:45', '2017-08-30 21:02:45', '32f9936d-f144-4e38-b18c-c2e956d0003f'),
 ('536', '392', 'en_us', 'gatorade', NULL, '1', '2017-08-30 21:02:45', '2017-08-30 21:02:45', '7d4ec3a5-0252-496a-8ebc-83304d74fba2'),
 ('537', '392', 'de_de', 'gatorade', NULL, '1', '2017-08-30 21:02:45', '2017-08-30 21:02:45', '7f97e2fd-67fc-4595-9cba-1729b39eb270'),
 ('538', '393', 'en_us', 'gatorade', NULL, '1', '2017-08-30 21:02:45', '2017-08-30 21:02:45', '30bdf10e-929b-461d-ae1d-e539c9067b1c'),
 ('539', '393', 'de_de', 'gatorade', NULL, '1', '2017-08-30 21:02:45', '2017-08-30 21:02:45', '8eb30649-2a18-45c1-987b-2405a92da227');
INSERT INTO `craft_elements_i18n` (`id`, `elementId`, `locale`, `slug`, `uri`, `enabled`, `dateCreated`, `dateUpdated`, `uid`) VALUES
 ('540', '394', 'en_us', 'geofilter', NULL, '1', '2017-08-30 21:02:45', '2017-08-30 21:02:45', '93865b99-b102-44fb-b862-1038b88a6547'),
 ('541', '394', 'de_de', 'geofilter', NULL, '1', '2017-08-30 21:02:45', '2017-08-30 21:02:45', '78f4437b-bdd9-42f5-9f54-e5e58273da4c'),
 ('542', '395', 'en_us', 'geofilter', NULL, '1', '2017-08-30 21:02:46', '2017-08-30 21:02:46', '75f7c71f-f780-4751-b313-9d9c12808af1'),
 ('543', '395', 'de_de', 'geofilter', NULL, '1', '2017-08-30 21:02:46', '2017-08-30 21:02:46', 'fba83db5-6c15-42d9-bcdb-2745bd63c2b6'),
 ('544', '396', 'en_us', 'lakings', NULL, '1', '2017-08-30 21:02:46', '2017-08-30 21:02:46', '1eb2f734-f8ad-4a21-8927-3e89f7a838a8'),
 ('545', '396', 'de_de', 'lakings', NULL, '1', '2017-08-30 21:02:46', '2017-08-30 21:02:46', '56461539-6885-4d09-93bc-74f3bdcba951'),
 ('546', '397', 'en_us', 'lakings', NULL, '1', '2017-08-30 21:02:46', '2017-08-30 21:02:46', '92ac9dad-b020-41a1-8664-ae2909dc2384'),
 ('547', '397', 'de_de', 'lakings', NULL, '1', '2017-08-30 21:02:46', '2017-08-30 21:02:46', '7c26efcf-ddb1-462d-9328-474a66a5553e'),
 ('548', '398', 'en_us', 'michaelkors', NULL, '1', '2017-08-30 21:02:46', '2017-08-30 21:02:46', '446f828a-e417-42d5-850a-42c10e44a6c2'),
 ('549', '398', 'de_de', 'michaelkors', NULL, '1', '2017-08-30 21:02:46', '2017-08-30 21:02:46', 'a4328e24-949d-46ac-be18-f2f62aed5a68'),
 ('550', '399', 'en_us', 'mtndew', NULL, '1', '2017-08-30 21:02:46', '2017-08-30 21:02:46', 'edf4d0ea-5a61-4ff9-aa9d-0239860f4811'),
 ('551', '399', 'de_de', 'mtndew', NULL, '1', '2017-08-30 21:02:46', '2017-08-30 21:02:46', 'c09d32dd-9e96-4a65-a8cb-1dc52748d9ae'),
 ('552', '400', 'en_us', 'michaelkors', NULL, '1', '2017-08-30 21:02:46', '2017-08-30 21:02:46', '1a20556d-4429-4509-8054-0782d7f16b84'),
 ('553', '400', 'de_de', 'michaelkors', NULL, '1', '2017-08-30 21:02:46', '2017-08-30 21:02:46', '07b1dccb-dc14-4c1d-9faf-690be0d6b738'),
 ('554', '401', 'en_us', 'mtndew', NULL, '1', '2017-08-30 21:02:46', '2017-08-30 21:02:46', '8f711ba2-260e-4735-a6f4-676f068531f6'),
 ('555', '401', 'de_de', 'mtndew', NULL, '1', '2017-08-30 21:02:46', '2017-08-30 21:02:46', '9bbee0f9-1b2a-4be2-aae3-d060cac09f30'),
 ('556', '402', 'en_us', 'philsdonuts', NULL, '1', '2017-08-30 21:02:47', '2017-08-30 21:02:47', '6faea134-1bb8-40a2-a71f-9af76a182898'),
 ('557', '402', 'de_de', 'philsdonuts', NULL, '1', '2017-08-30 21:02:47', '2017-08-30 21:02:47', '6cde7caf-f4c4-4331-8204-65a39ce09ad0'),
 ('558', '403', 'en_us', 'postmates', NULL, '1', '2017-08-30 21:02:47', '2017-08-30 21:02:47', '9fc2f8d1-a66c-42ac-b903-6eaa4872ae1c'),
 ('559', '403', 'de_de', 'postmates', NULL, '1', '2017-08-30 21:02:47', '2017-08-30 21:02:47', '368405f2-6bad-4edc-8e10-b8a279423aa2'),
 ('560', '404', 'en_us', 'postmates', NULL, '1', '2017-08-30 21:02:47', '2017-08-30 21:02:47', '8768c04b-0db1-42db-bd46-f3619749d2a7'),
 ('561', '404', 'de_de', 'postmates', NULL, '1', '2017-08-30 21:02:47', '2017-08-30 21:02:47', '016cf9fc-461f-4276-a218-1f5ec252a3ea'),
 ('562', '405', 'en_us', 'publisher', NULL, '1', '2017-08-30 21:02:47', '2017-08-30 21:02:47', '008af896-0d0e-4d41-a1ba-b17e4d6c6023'),
 ('563', '405', 'de_de', 'publisher', NULL, '1', '2017-08-30 21:02:47', '2017-08-30 21:02:47', 'cdd48fbe-4e3d-43e9-b38d-535142bf1215'),
 ('564', '406', 'en_us', 'publisher', NULL, '1', '2017-08-30 21:02:47', '2017-08-30 21:02:47', 'ee396b86-eb9a-47b7-98d5-9f9451c634f0'),
 ('565', '406', 'de_de', 'publisher', NULL, '1', '2017-08-30 21:02:47', '2017-08-30 21:02:47', '772cda4e-4679-4d92-8945-c85b70d76155'),
 ('566', '407', 'en_us', 'redbull', NULL, '1', '2017-08-30 21:02:47', '2017-08-30 21:02:47', 'f6d5423d-c1d6-4e2a-bf56-3b386f1ffe90'),
 ('567', '407', 'de_de', 'redbull', NULL, '1', '2017-08-30 21:02:47', '2017-08-30 21:02:47', 'd3254956-3050-40dc-8b67-f96e4ab36b0e'),
 ('568', '408', 'en_us', 'redbull', NULL, '1', '2017-08-30 21:02:47', '2017-08-30 21:02:47', 'b802f979-1efc-4ece-8007-821142f04436'),
 ('569', '408', 'de_de', 'redbull', NULL, '1', '2017-08-30 21:02:47', '2017-08-30 21:02:47', '94d1cd16-3f7e-4856-82b7-d359feec482e'),
 ('570', '409', 'en_us', 'philsdonuts', NULL, '1', '2017-08-30 21:02:48', '2017-08-30 21:02:48', 'a8182fcd-3afa-4080-8f96-677433b4f083'),
 ('571', '409', 'de_de', 'philsdonuts', NULL, '1', '2017-08-30 21:02:48', '2017-08-30 21:02:48', 'b60acc47-95c8-46dc-ad71-20701d9456d0'),
 ('572', '410', 'en_us', 'selfserve', NULL, '1', '2017-08-30 21:02:48', '2017-08-30 21:02:48', '79b9f2ec-f225-463d-9241-c112fbed1244'),
 ('573', '410', 'de_de', 'selfserve', NULL, '1', '2017-08-30 21:02:48', '2017-08-30 21:02:48', 'e4640130-adef-48db-b104-facd6b511225'),
 ('574', '411', 'en_us', 'selfserve', NULL, '1', '2017-08-30 21:02:48', '2017-08-30 21:02:48', '3318de5d-d4ca-4790-adda-64df1ded1b03'),
 ('575', '411', 'de_de', 'selfserve', NULL, '1', '2017-08-30 21:02:48', '2017-08-30 21:02:48', 'd0ab5594-c148-41c1-ae03-d75d0e577b48'),
 ('576', '412', 'en_us', 'snapchat', NULL, '1', '2017-08-30 21:02:48', '2017-08-30 21:02:48', 'ff5645ee-2818-4d09-97a3-fea2d2625cd1'),
 ('577', '412', 'de_de', 'snapchat', NULL, '1', '2017-08-30 21:02:48', '2017-08-30 21:02:48', 'aed5a599-7155-483d-b4c0-f8ddabb47626'),
 ('578', '413', 'en_us', 'snapchat', NULL, '1', '2017-08-30 21:02:48', '2017-08-30 21:02:48', '8bd50a9f-d310-45b4-a08d-939c2ebdd739'),
 ('579', '413', 'de_de', 'snapchat', NULL, '1', '2017-08-30 21:02:48', '2017-08-30 21:02:48', '20736021-80af-4376-8c5a-22a04265cbf1'),
 ('580', '414', 'en_us', 'snapchat2', NULL, '1', '2017-08-30 21:02:48', '2017-08-30 21:02:48', 'c109e85f-b8ac-4597-bdcf-77b5c98d8d8d'),
 ('581', '414', 'de_de', 'snapchat2', NULL, '1', '2017-08-30 21:02:48', '2017-08-30 21:02:48', '20bd0ef7-edd5-447a-8d35-597185b14150'),
 ('582', '415', 'en_us', 'snapchat2-vertical', NULL, '1', '2017-08-30 21:02:48', '2017-08-30 21:02:48', '6eeeeb0e-6391-496e-af29-a751199ed786'),
 ('583', '415', 'de_de', 'snapchat2-vertical', NULL, '1', '2017-08-30 21:02:48', '2017-08-30 21:02:48', 'e45bcfc3-d72f-4faf-b199-2e2b7b38ade5'),
 ('584', '416', 'en_us', 'snapchat2', NULL, '1', '2017-08-30 21:02:49', '2017-08-30 21:02:49', '5ac0b141-e182-4726-bf12-b1dfd9a4a4aa'),
 ('585', '416', 'de_de', 'snapchat2', NULL, '1', '2017-08-30 21:02:49', '2017-08-30 21:02:49', '41ee0621-57a2-4ca9-aa00-bd41c565b22d'),
 ('586', '417', 'en_us', 'snapchat2-vertical', NULL, '1', '2017-08-30 21:02:51', '2017-08-30 21:02:51', '574afa9c-77b0-4063-bebe-c3a4bcdb5b6e'),
 ('587', '417', 'de_de', 'snapchat2-vertical', NULL, '1', '2017-08-30 21:02:51', '2017-08-30 21:02:51', 'd37be333-e863-4a3b-8939-5a9bdfab57c3'),
 ('588', '418', 'en_us', 'snapchat-vertical', NULL, '1', '2017-08-30 21:02:51', '2017-08-30 21:02:51', '1732086c-70b7-4790-8f1b-af47eb571057'),
 ('589', '418', 'de_de', 'snapchat-vertical', NULL, '1', '2017-08-30 21:02:51', '2017-08-30 21:02:51', 'b6e07e5f-b1c6-428d-9d09-df201c1c5bf2'),
 ('590', '419', 'en_us', 'snapchat-vertical', NULL, '1', '2017-08-30 21:02:51', '2017-08-30 21:02:51', '3f3fc094-0e9c-4e69-8216-6ec7b9c2996c'),
 ('591', '419', 'de_de', 'snapchat-vertical', NULL, '1', '2017-08-30 21:02:51', '2017-08-30 21:02:51', 'bac58462-7436-445e-834c-eba0878ce6f5'),
 ('592', '420', 'en_us', 'target', NULL, '1', '2017-08-30 21:02:51', '2017-08-30 21:02:51', '4129dd9c-fbda-4a2a-9e84-5cb082f1d03f'),
 ('593', '420', 'de_de', 'target', NULL, '1', '2017-08-30 21:02:51', '2017-08-30 21:02:51', '07d104a8-c725-4a29-946a-33014c615cbb'),
 ('594', '421', 'en_us', 'target', NULL, '1', '2017-08-30 21:02:51', '2017-08-30 21:02:51', '8dfbf1dd-88ef-4ac1-85e1-e112e432145c'),
 ('595', '421', 'de_de', 'target', NULL, '1', '2017-08-30 21:02:51', '2017-08-30 21:02:51', 'dbb4d74f-7f7d-4997-9d98-241e93977058'),
 ('596', '422', 'en_us', 'tedbaker', NULL, '1', '2017-08-30 21:02:52', '2017-08-30 21:02:52', '342b7c93-2408-4d6b-ac86-1573ee002962'),
 ('597', '422', 'de_de', 'tedbaker', NULL, '1', '2017-08-30 21:02:52', '2017-08-30 21:02:52', 'ac66ec9e-2335-4604-93ec-9e1ea29a6898'),
 ('598', '423', 'en_us', 'warbyparker', NULL, '1', '2017-08-30 21:02:52', '2017-08-30 21:02:52', 'cf76915a-e209-4b6f-81c2-b4db8e63a5f5'),
 ('599', '423', 'de_de', 'warbyparker', NULL, '1', '2017-08-30 21:02:52', '2017-08-30 21:02:52', '642021e9-9e49-4b0a-bd7c-5bca95ca187f'),
 ('600', '424', 'en_us', 'warbyparker', NULL, '1', '2017-08-30 21:02:52', '2017-08-30 21:02:52', '1fbe063a-4914-4246-aeca-bd06e688dcc4'),
 ('601', '424', 'de_de', 'warbyparker', NULL, '1', '2017-08-30 21:02:52', '2017-08-30 21:02:52', 'b1849144-f7e0-497f-a1e5-c2d26bb60863'),
 ('602', '425', 'en_us', 'tedbaker', NULL, '1', '2017-08-30 21:02:52', '2017-08-30 21:02:52', 'c930bf4b-bd0f-4540-93ab-4ee192bcd2bf'),
 ('603', '425', 'de_de', 'tedbaker', NULL, '1', '2017-08-30 21:02:52', '2017-08-30 21:02:52', 'b5a47d41-d160-4f15-b32e-09014b4c7d30'),
 ('604', '426', 'en_us', '', NULL, '1', '2017-08-30 22:28:57', '2017-08-31 22:08:13', '705e4f8a-497b-4e8e-a8a8-ce0e13bad023'),
 ('605', '427', 'en_us', '', NULL, '1', '2017-08-30 22:28:57', '2017-08-31 22:08:13', '861da259-d667-47fb-a042-a847f4824605'),
 ('606', '428', 'en_us', '', NULL, '1', '2017-08-30 22:28:57', '2017-08-31 22:08:13', '2195b8c8-35c2-46ac-8e0a-78d60e58cd7d'),
 ('607', '429', 'en_us', '', NULL, '1', '2017-08-30 22:28:57', '2017-08-31 22:08:13', '051a09dd-65f7-418c-abb9-9444e9b4c2cf'),
 ('608', '430', 'en_us', '', NULL, '1', '2017-08-30 22:28:57', '2017-08-31 22:08:13', 'f8de0491-2fed-4b02-af63-8c6beb26a3ac'),
 ('609', '431', 'en_us', '', NULL, '1', '2017-08-30 22:28:57', '2017-08-31 22:08:13', 'ebb9198d-9b0b-4917-a6e5-aef6c33284a5'),
 ('610', '432', 'en_us', '', NULL, '1', '2017-08-30 22:28:57', '2017-08-31 22:08:13', '23a5a92d-32b8-4e62-b219-20a35dd068ed'),
 ('611', '433', 'en_us', '', NULL, '1', '2017-08-30 22:28:57', '2017-08-31 22:08:13', '2aadbc0d-3a44-433f-a5b1-2085e3c9c37d'),
 ('612', '434', 'en_us', '', NULL, '1', '2017-08-30 22:28:57', '2017-08-31 22:08:13', 'cd400a9c-89f8-4204-8ff1-8d2efda39d37'),
 ('616', '438', 'en_us', '', NULL, '1', '2017-08-31 18:46:00', '2017-08-31 21:43:48', '6458eacc-31dd-4135-a7a4-9697fd76c700'),
 ('617', '439', 'en_us', '', NULL, '1', '2017-08-31 18:46:00', '2017-08-31 21:43:48', '15aa8c57-90b9-4db4-8b7d-7dc0eb38f548'),
 ('618', '440', 'en_us', '', NULL, '1', '2017-08-31 20:48:20', '2017-08-31 21:10:35', 'a257e956-358d-4e95-b6da-f49caa7fad9e'),
 ('619', '441', 'en_us', '', NULL, '1', '2017-08-31 20:48:20', '2017-08-31 21:10:35', 'b579e9af-a42c-49a1-8867-d4cc98397908'),
 ('620', '442', 'en_us', '', NULL, '1', '2017-08-31 21:30:07', '2017-08-31 21:43:48', '96fe6c54-9ba3-4e95-a36e-e46e310d2c4f'),
 ('621', '443', 'en_us', '', NULL, '1', '2017-08-31 22:08:13', '2017-08-31 22:08:13', 'd08576ff-3c70-46ba-bf4c-c140d8ac660c'),
 ('622', '444', 'en_us', 'inspiration', 'inspiration', '1', '2017-09-06 21:26:36', '2017-09-06 23:17:09', '9da5b9bd-b274-494b-9047-135f20b96ae1'),
 ('623', '444', 'de_de', 'inspiration', 'inspiration', '1', '2017-09-06 21:26:36', '2017-09-06 23:17:09', '827ac931-58a7-4d7b-a083-198cf1655c18'),
 ('624', '445', 'en_us', '', NULL, '1', '2017-09-06 22:52:59', '2017-09-06 23:00:13', '4c7acab1-8d96-4425-a48c-17ac50172d41'),
 ('625', '445', 'de_de', '', NULL, '1', '2017-09-06 22:52:59', '2017-09-06 23:00:13', 'aa600035-e095-441a-8c53-0c66f86ea0f2'),
 ('628', '447', 'en_us', '', NULL, '1', '2017-09-06 22:52:59', '2017-09-06 23:00:13', '97f36ea6-d069-4107-a37a-ca9112d4bb9d'),
 ('629', '447', 'de_de', '', NULL, '1', '2017-09-06 22:52:59', '2017-09-06 23:00:13', '3195f5c7-fb5d-40cb-88ae-a15cb0a286f9'),
 ('634', '450', 'en_us', '', NULL, '1', '2017-09-06 22:52:59', '2017-09-06 23:00:13', '0aeb64bc-0365-49b8-b7ab-c4a950e0b1eb'),
 ('635', '450', 'de_de', '', NULL, '1', '2017-09-06 22:52:59', '2017-09-06 23:00:13', '400bf655-266a-49d6-9b82-a6941f06ddc1'),
 ('636', '451', 'en_us', '', NULL, '1', '2017-09-06 22:52:59', '2017-09-06 23:00:13', '9812d101-3d0f-457e-9adb-0b17163f5862'),
 ('637', '451', 'de_de', '', NULL, '1', '2017-09-06 22:52:59', '2017-09-06 23:00:13', '4b286eb3-b06f-451e-9f9c-f4495122e30b'),
 ('638', '452', 'en_us', '', NULL, '1', '2017-09-06 22:56:51', '2017-09-06 22:56:51', 'ab45add1-0eec-4379-87c9-c17278bc7b29'),
 ('639', '452', 'de_de', '', NULL, '1', '2017-09-06 22:56:51', '2017-09-06 22:56:51', 'be27ec60-042e-46f5-9682-cbfea3d26945'),
 ('640', '453', 'en_us', '', NULL, '1', '2017-09-06 22:56:51', '2017-09-06 22:56:51', 'd3e2f3c9-e203-450c-a850-d7cbe73cd214'),
 ('641', '453', 'de_de', '', NULL, '1', '2017-09-06 22:56:51', '2017-09-06 22:56:51', '1ce36e04-de22-46af-96fa-3f73297b0e73'),
 ('642', '454', 'en_us', '', NULL, '1', '2017-09-06 22:59:39', '2017-09-06 23:00:13', 'abd96c60-1324-492f-9edc-36dbe35bfc6c'),
 ('643', '454', 'de_de', '', NULL, '1', '2017-09-06 22:59:39', '2017-09-06 23:00:13', '93621763-d5af-4766-93cf-d49dbc755eab'),
 ('644', '455', 'en_us', '', NULL, '1', '2017-09-06 22:59:39', '2017-09-06 23:00:13', '15acdfde-3f0d-447c-a3e8-4f1a372ab570'),
 ('645', '455', 'de_de', '', NULL, '1', '2017-09-06 22:59:39', '2017-09-06 23:00:13', 'c30e5c02-5b04-4603-b434-2a9ae18b45d7'),
 ('646', '456', 'en_us', '', NULL, '1', '2017-09-06 22:59:39', '2017-09-06 23:00:13', 'f2324732-5d30-446a-969b-c404d6642e80'),
 ('647', '456', 'de_de', '', NULL, '1', '2017-09-06 22:59:39', '2017-09-06 23:00:13', '960ad075-45f5-4629-a640-2298fe9ac06a');



DROP TABLE IF EXISTS `craft_emailmessages`;


--
-- Schema for table `craft_emailmessages`
--
CREATE TABLE `craft_emailmessages` (
  `id` int(11) NOT NULL AUTO_INCREMENT,
  `key` char(150) COLLATE utf8_unicode_ci NOT NULL,
  `locale` char(12) COLLATE utf8_unicode_ci NOT NULL,
  `subject` varchar(1000) COLLATE utf8_unicode_ci NOT NULL,
  `body` text COLLATE utf8_unicode_ci NOT NULL,
  `dateCreated` datetime NOT NULL,
  `dateUpdated` datetime NOT NULL,
  `uid` char(36) COLLATE utf8_unicode_ci NOT NULL DEFAULT '0',
  PRIMARY KEY (`id`),
  UNIQUE KEY `craft_emailmessages_key_locale_unq_idx` (`key`,`locale`),
  KEY `craft_emailmessages_locale_fk` (`locale`)
) ENGINE=InnoDB DEFAULT CHARSET=utf8 COLLATE=utf8_unicode_ci;

DROP TABLE IF EXISTS `craft_entries`;


--
-- Schema for table `craft_entries`
--
CREATE TABLE `craft_entries` (
  `id` int(11) NOT NULL,
  `sectionId` int(11) NOT NULL,
  `typeId` int(11) DEFAULT NULL,
  `authorId` int(11) DEFAULT NULL,
  `postDate` datetime DEFAULT NULL,
  `expiryDate` datetime DEFAULT NULL,
  `dateCreated` datetime NOT NULL,
  `dateUpdated` datetime NOT NULL,
  `uid` char(36) COLLATE utf8_unicode_ci NOT NULL DEFAULT '0',
  PRIMARY KEY (`id`),
  KEY `craft_entries_sectionId_idx` (`sectionId`),
  KEY `craft_entries_typeId_idx` (`typeId`),
  KEY `craft_entries_postDate_idx` (`postDate`),
  KEY `craft_entries_expiryDate_idx` (`expiryDate`),
  KEY `craft_entries_authorId_fk` (`authorId`)
) ENGINE=InnoDB DEFAULT CHARSET=utf8 COLLATE=utf8_unicode_ci;

--
-- Data for table `craft_entries`
--

INSERT INTO `craft_entries` (`id`, `sectionId`, `typeId`, `authorId`, `postDate`, `expiryDate`, `dateCreated`, `dateUpdated`, `uid`) VALUES
 ('33', '4', '4', '1', '2017-07-21 23:29:00', NULL, '2017-07-21 23:29:50', '2017-08-23 17:54:03', '5653874d-adc6-47ad-9dd5-7a4600ce03ff'),
 ('98', '3', '3', '1', '2017-07-26 22:48:00', NULL, '2017-07-26 22:48:34', '2017-08-17 17:52:23', '98d04410-caf4-45b1-a997-5209496ca436'),
 ('264', '8', '8', NULL, '2017-08-22 18:21:03', NULL, '2017-08-07 21:28:57', '2017-08-22 18:21:03', 'c40b6619-7758-45de-8580-8d5443ee4c36'),
 ('270', '9', '9', NULL, '2017-08-31 21:23:17', NULL, '2017-08-07 22:23:24', '2017-08-31 21:43:48', 'd32c39f7-d09a-40b7-9ce9-9946b94b8882'),
 ('290', '3', '3', '1', '2017-08-09 20:38:00', NULL, '2017-08-09 20:38:27', '2017-08-31 21:10:35', '98d90ef9-947e-4094-980d-829bd1d3f43c'),
 ('291', '3', '3', '1', '2017-08-09 20:39:06', NULL, '2017-08-09 20:39:06', '2017-08-09 20:39:06', '4184b2f3-df89-41ca-b76f-cd3589dde290'),
 ('292', '3', '3', '1', '2017-08-09 20:41:34', NULL, '2017-08-09 20:41:34', '2017-08-09 20:41:34', 'd0a600b2-2c1e-4bc7-8591-06107675b3c0'),
 ('314', '3', '3', '1', '2017-08-10 22:00:00', NULL, '2017-08-10 22:00:29', '2017-08-31 22:08:13', '9baa8728-a569-4107-82d5-63c723f0790a'),
 ('348', '2', '2', '1', '2017-08-21 22:31:00', NULL, '2017-08-21 22:32:03', '2017-08-23 17:52:38', '2ca2be6b-75d8-4226-9e11-fcab11fa8a16'),
 ('356', '2', '10', '1', '2017-08-23 17:53:00', NULL, '2017-08-23 17:53:42', '2017-08-23 21:53:03', '1c3bd7a5-f232-4600-ad50-60799d2b8ddb'),
 ('358', '4', '12', '1', '2017-08-23 17:56:29', NULL, '2017-08-23 17:56:29', '2017-08-23 17:56:29', 'cd1f9f97-f05c-4b77-b71d-502d92b4baab'),
 ('362', '11', NULL, NULL, '2017-08-24 20:53:17', NULL, '2017-08-24 20:53:17', '2017-08-24 20:53:17', '20de5e58-d1b3-4022-befb-364881766cff'),
 ('363', '12', NULL, NULL, '2017-08-24 20:55:06', NULL, '2017-08-24 20:55:06', '2017-08-24 20:55:06', 'dfac6307-0377-44c2-987a-f7f31efc7f2d'),
 ('444', '13', NULL, NULL, '2017-09-06 21:26:36', NULL, '2017-09-06 21:26:36', '2017-09-06 23:17:09', '5ed8493e-88c5-424b-81c1-3074cfd6bc52');



DROP TABLE IF EXISTS `craft_entrydrafts`;


--
-- Schema for table `craft_entrydrafts`
--
CREATE TABLE `craft_entrydrafts` (
  `id` int(11) NOT NULL AUTO_INCREMENT,
  `entryId` int(11) NOT NULL,
  `sectionId` int(11) NOT NULL,
  `creatorId` int(11) NOT NULL,
  `locale` char(12) COLLATE utf8_unicode_ci NOT NULL,
  `name` varchar(255) COLLATE utf8_unicode_ci NOT NULL,
  `notes` tinytext COLLATE utf8_unicode_ci,
  `data` mediumtext COLLATE utf8_unicode_ci NOT NULL,
  `dateCreated` datetime NOT NULL,
  `dateUpdated` datetime NOT NULL,
  `uid` char(36) COLLATE utf8_unicode_ci NOT NULL DEFAULT '0',
  PRIMARY KEY (`id`),
  KEY `craft_entrydrafts_entryId_locale_idx` (`entryId`,`locale`),
  KEY `craft_entrydrafts_sectionId_fk` (`sectionId`),
  KEY `craft_entrydrafts_creatorId_fk` (`creatorId`),
  KEY `craft_entrydrafts_locale_fk` (`locale`)
) ENGINE=InnoDB DEFAULT CHARSET=utf8 COLLATE=utf8_unicode_ci;

DROP TABLE IF EXISTS `craft_entrytypes`;


--
-- Schema for table `craft_entrytypes`
--
CREATE TABLE `craft_entrytypes` (
  `id` int(11) NOT NULL AUTO_INCREMENT,
  `sectionId` int(11) NOT NULL,
  `fieldLayoutId` int(11) DEFAULT NULL,
  `name` varchar(255) COLLATE utf8_unicode_ci NOT NULL,
  `handle` varchar(255) COLLATE utf8_unicode_ci NOT NULL,
  `hasTitleField` tinyint(1) unsigned NOT NULL DEFAULT '1',
  `titleLabel` varchar(255) COLLATE utf8_unicode_ci DEFAULT 'Title',
  `titleFormat` varchar(255) COLLATE utf8_unicode_ci DEFAULT NULL,
  `sortOrder` smallint(6) unsigned DEFAULT NULL,
  `dateCreated` datetime NOT NULL,
  `dateUpdated` datetime NOT NULL,
  `uid` char(36) COLLATE utf8_unicode_ci NOT NULL DEFAULT '0',
  PRIMARY KEY (`id`),
  UNIQUE KEY `craft_entrytypes_name_sectionId_unq_idx` (`name`,`sectionId`),
  UNIQUE KEY `craft_entrytypes_handle_sectionId_unq_idx` (`handle`,`sectionId`),
  KEY `craft_entrytypes_sectionId_fk` (`sectionId`),
  KEY `craft_entrytypes_fieldLayoutId_fk` (`fieldLayoutId`)
) ENGINE=InnoDB AUTO_INCREMENT=17 DEFAULT CHARSET=utf8 COLLATE=utf8_unicode_ci;

--
-- Data for table `craft_entrytypes`
--

INSERT INTO `craft_entrytypes` (`id`, `sectionId`, `fieldLayoutId`, `name`, `handle`, `hasTitleField`, `titleLabel`, `titleFormat`, `sortOrder`, `dateCreated`, `dateUpdated`, `uid`) VALUES
 ('2', '2', '2023', 'Insights', 'insightsEntry', '0', NULL, '{title_loc}', '1', '2017-07-20 17:27:59', '2017-09-05 23:42:11', '98644a11-403a-4abc-97e6-0a0c8e025204'),
 ('3', '3', '2171', 'Page', 'page', '0', NULL, '{title_loc}', '1', '2017-07-20 18:25:45', '2017-09-06 21:29:36', 'b1827d62-a45c-4559-8375-0fcf090b1ff6'),
 ('4', '4', '2196', 'Success Story PDF', 'successStoryPDF', '0', NULL, '{title_loc}', '2', '2017-07-20 21:27:22', '2017-09-06 23:07:56', '38eeec90-6df3-4dea-bd34-97e314e40646'),
 ('8', '8', '2200', 'Insights and News', 'blog', '0', NULL, '{title_loc}', '1', '2017-08-07 21:28:57', '2017-09-07 00:06:45', '958bfd95-57c3-490e-9f74-da3eaaced523'),
 ('9', '9', '1876', 'Home', 'home', '0', NULL, '{section.name|raw}', '1', '2017-08-07 22:23:23', '2017-08-31 21:23:17', 'aac3a6d9-f4cc-453b-b712-3e553386f61e'),
 ('10', '2', '2022', 'News', 'newsEntry', '0', NULL, '{title_loc}', '2', '2017-08-22 18:17:59', '2017-09-05 23:41:58', '815bb529-168a-465b-82cb-66c6d414d0a2'),
 ('12', '4', '2195', 'Success Story', 'successStory', '0', NULL, '{title_loc}', '1', '2017-08-22 23:20:41', '2017-09-06 23:07:52', '8fd54954-5f3a-4dce-a49b-0128ec7bf67e'),
 ('13', '10', '2126', 'Creative Spotlight Entry', 'creativeSpotlightEntry', '0', NULL, '{title_loc}', '1', '2017-08-23 23:10:29', '2017-09-06 17:51:30', 'cbca0c96-b5ae-45ea-bbf3-c8bb94481dd7'),
 ('14', '11', '2169', 'Creative Spotlight', 'creativeSpotlight', '0', NULL, '{section.name|raw}', '1', '2017-08-24 20:53:17', '2017-09-06 21:28:17', '9365bdc1-86fd-494d-9187-7a8c96a514bc'),
 ('15', '12', '1972', 'Success Stories', 'successStories', '0', NULL, '{section.name|raw}', '1', '2017-08-24 20:55:06', '2017-08-29 20:58:48', 'fbb09b62-69f3-4350-937f-8029cc352966'),
 ('16', '13', '2199', 'Inspiration', 'inspiration', '0', NULL, '{section.name|raw}', '1', '2017-09-06 21:26:36', '2017-09-06 23:15:26', 'f2d3151e-8792-4151-bc9b-9387011f8c5d');



DROP TABLE IF EXISTS `craft_entryversions`;


--
-- Schema for table `craft_entryversions`
--
CREATE TABLE `craft_entryversions` (
  `id` int(11) NOT NULL AUTO_INCREMENT,
  `entryId` int(11) NOT NULL,
  `sectionId` int(11) NOT NULL,
  `creatorId` int(11) DEFAULT NULL,
  `locale` char(12) COLLATE utf8_unicode_ci NOT NULL,
  `num` smallint(6) unsigned NOT NULL,
  `notes` tinytext COLLATE utf8_unicode_ci,
  `data` mediumtext COLLATE utf8_unicode_ci NOT NULL,
  `dateCreated` datetime NOT NULL,
  `dateUpdated` datetime NOT NULL,
  `uid` char(36) COLLATE utf8_unicode_ci NOT NULL DEFAULT '0',
  PRIMARY KEY (`id`),
  KEY `craft_entryversions_entryId_locale_idx` (`entryId`,`locale`),
  KEY `craft_entryversions_sectionId_fk` (`sectionId`),
  KEY `craft_entryversions_creatorId_fk` (`creatorId`),
  KEY `craft_entryversions_locale_fk` (`locale`)
) ENGINE=InnoDB AUTO_INCREMENT=133 DEFAULT CHARSET=utf8 COLLATE=utf8_unicode_ci;

--
-- Data for table `craft_entryversions`
--

INSERT INTO `craft_entryversions` (`id`, `entryId`, `sectionId`, `creatorId`, `locale`, `num`, `notes`, `data`, `dateCreated`, `dateUpdated`, `uid`) VALUES
 ('24', '33', '4', '1', 'en_us', '1', '', '{\"typeId\":null,\"authorId\":\"1\",\"title\":\"AB InBev\",\"slug\":\"ab-inbev\",\"postDate\":1500679790,\"expiryDate\":null,\"enabled\":1,\"parentId\":\"\",\"fields\":{\"41\":\"AB InBev\",\"39\":\"Success Story\",\"40\":\"#a91622\",\"38\":\"\",\"43\":\"\",\"42\":\"On average, Snapchatters spent 30 seconds playing Anheuser Busch InBev\'s Bud Bowl game in its Snap Ad Web View.\"}}', '2017-07-21 23:29:50', '2017-07-21 23:29:50', '5c5266c9-0106-4f5d-b9c9-9c34b9a5ea28'),
 ('36', '33', '4', '1', 'en_us', '2', '', '{\"typeId\":\"4\",\"authorId\":\"1\",\"title\":\"AB InBev\",\"slug\":\"ab-inbev\",\"postDate\":1500679740,\"expiryDate\":null,\"enabled\":1,\"parentId\":\"\",\"fields\":{\"41\":\"AB InBev\",\"39\":\"Success Story\",\"40\":\"#a91622\",\"38\":[\"97\"],\"43\":\"\",\"42\":\"On average, Snapchatters spent 30 seconds playing Anheuser Busch InBev\'s Bud Bowl game in its Snap Ad Web View.\"}}', '2017-07-26 22:26:19', '2017-07-26 22:26:19', 'a2a02e1d-dbb5-43ab-b241-8dd77577bd83'),
 ('37', '98', '3', '1', 'en_us', '1', '', '{\"typeId\":\"3\",\"authorId\":\"1\",\"title\":\"Solutions\",\"slug\":\"solutions\",\"postDate\":1501109314,\"expiryDate\":null,\"enabled\":1,\"parentId\":\"\",\"fields\":{\"3\":\"\",\"16\":\"1\",\"15\":\"blue\",\"7\":\"solutions\"}}', '2017-07-26 22:48:34', '2017-07-26 22:48:34', '31c7ecc0-26d2-483e-b78d-438edef745e4'),
 ('38', '98', '3', '1', 'en_us', '2', '', '{\"typeId\":\"3\",\"authorId\":\"1\",\"title\":\"Solutions\",\"slug\":\"solutions\",\"postDate\":1501109280,\"expiryDate\":null,\"enabled\":1,\"parentId\":\"\",\"fields\":{\"3\":{\"new0\":{\"modified\":\"1\",\"type\":\"cb_section\",\"enabled\":\"1\",\"collapsed\":\"0\",\"level\":\"0\",\"fields\":{\"cb_sectionTitle\":\"Overview\",\"cb_sectionBackgroundColor\":\"gray\"}},\"new1\":{\"modified\":\"1\",\"type\":\"centeredTextLockup\",\"enabled\":\"1\",\"collapsed\":\"0\",\"level\":\"1\"},\"new2\":{\"modified\":\"1\",\"type\":\"headline\",\"enabled\":\"1\",\"collapsed\":\"0\",\"level\":\"2\",\"fields\":{\"cb_headline\":\"Our ad products are fun and effective, for every objective\"}},\"new3\":{\"modified\":\"1\",\"type\":\"mobileDeviceGrid\",\"enabled\":\"1\",\"collapsed\":\"0\",\"level\":\"1\"},\"new4\":{\"modified\":\"1\",\"type\":\"device\",\"enabled\":\"1\",\"collapsed\":\"0\",\"level\":\"2\",\"fields\":{\"cb_deviceImage\":[\"100\"],\"cb_deviceVideo\":\"\",\"cb_deviceHeadline\":\"Snap Ads\",\"cb_deviceBody\":\"Captivate your audience with full-screen Snap Ads.\"}},\"new5\":{\"modified\":\"1\",\"type\":\"device\",\"enabled\":\"1\",\"collapsed\":\"0\",\"level\":\"2\",\"fields\":{\"cb_deviceImage\":[\"99\"],\"cb_deviceVideo\":\"\",\"cb_deviceHeadline\":\"Filters\",\"cb_deviceBody\":\"Own a place or event with location-based Filters.\"}},\"new6\":{\"modified\":\"1\",\"type\":\"device\",\"enabled\":\"1\",\"collapsed\":\"0\",\"level\":\"2\",\"fields\":{\"cb_deviceImage\":[\"101\"],\"cb_deviceVideo\":\"\",\"cb_deviceHeadline\":\"Lenses\",\"cb_deviceBody\":\"Invite customers to play and share with Lenses.\"}},\"new7\":{\"modified\":\"1\",\"type\":\"cb_section\",\"enabled\":\"1\",\"collapsed\":\"0\",\"level\":\"0\",\"fields\":{\"cb_sectionTitle\":\"Snap Ads\",\"cb_sectionBackgroundColor\":\"white\"}},\"new8\":{\"modified\":\"1\",\"type\":\"centeredTextLockup\",\"enabled\":\"1\",\"collapsed\":\"0\",\"level\":\"1\"},\"new9\":{\"modified\":\"1\",\"type\":\"headline\",\"enabled\":\"1\",\"collapsed\":\"0\",\"level\":\"2\",\"fields\":{\"cb_headline\":\"Snap Ads\"}},\"new10\":{\"modified\":\"1\",\"type\":\"subhead\",\"enabled\":\"1\",\"collapsed\":\"0\",\"level\":\"2\",\"fields\":{\"cb_subhead\":\"The original vertical video ad \\u2014 now with attachments customized for your objectives.\"}},\"new11\":{\"modified\":\"1\",\"type\":\"cb_section\",\"enabled\":\"1\",\"collapsed\":\"0\",\"level\":\"0\",\"fields\":{\"cb_sectionTitle\":\"Filters\",\"cb_sectionBackgroundColor\":\"gray\"}},\"new12\":{\"modified\":\"1\",\"type\":\"centeredTextLockup\",\"enabled\":\"1\",\"collapsed\":\"0\",\"level\":\"1\"},\"new13\":{\"modified\":\"1\",\"type\":\"headline\",\"enabled\":\"1\",\"collapsed\":\"0\",\"level\":\"2\",\"fields\":{\"cb_headline\":\"Filters\"}},\"new14\":{\"modified\":\"1\",\"type\":\"subhead\",\"enabled\":\"1\",\"collapsed\":\"0\",\"level\":\"2\",\"fields\":{\"cb_subhead\":\"Filters allow you to be where your product is bought, thought about, or consumed. Create your own Filter and drive awareness, advocacy, and action in one package.\"}},\"new15\":{\"modified\":\"1\",\"type\":\"primaryButton\",\"enabled\":\"1\",\"collapsed\":\"0\",\"level\":\"2\",\"fields\":{\"cb_button\":{\"type\":\"custom\",\"custom\":\"http:\\/\\/geofilters.snapchat.com\",\"entry\":\"\",\"customText\":\"Create A Filter\",\"target\":\"_blank\"}}},\"new16\":{\"modified\":\"1\",\"type\":\"secondaryButton\",\"enabled\":\"1\",\"collapsed\":\"0\",\"level\":\"2\",\"fields\":{\"cb_button\":{\"type\":\"custom\",\"custom\":\"https:\\/\\/businesshelp.snapchat.com\\/en-US\\/article\\/create-geofilter\",\"entry\":\"\",\"customText\":\"View Guidelines\",\"target\":\"\"}}},\"new17\":{\"modified\":\"1\",\"type\":\"mobileDeviceGrid\",\"enabled\":\"1\",\"collapsed\":\"0\",\"level\":\"1\"},\"new18\":{\"modified\":\"1\",\"type\":\"device\",\"enabled\":\"1\",\"collapsed\":\"0\",\"level\":\"2\",\"fields\":{\"cb_deviceImage\":[\"101\"],\"cb_deviceVideo\":\"\",\"cb_deviceHeadline\":\"\",\"cb_deviceBody\":\"\"}},\"new19\":{\"modified\":\"1\",\"type\":\"device\",\"enabled\":\"1\",\"collapsed\":\"0\",\"level\":\"2\",\"fields\":{\"cb_deviceImage\":[\"102\"],\"cb_deviceVideo\":\"\",\"cb_deviceHeadline\":\"\",\"cb_deviceBody\":\"\"}},\"new20\":{\"modified\":\"1\",\"type\":\"device\",\"enabled\":\"1\",\"collapsed\":\"0\",\"level\":\"2\",\"fields\":{\"cb_deviceImage\":[\"103\"],\"cb_deviceVideo\":\"\",\"cb_deviceHeadline\":\"\",\"cb_deviceBody\":\"\"}},\"new21\":{\"modified\":\"1\",\"type\":\"cb_section\",\"enabled\":\"1\",\"collapsed\":\"0\",\"level\":\"0\",\"fields\":{\"cb_sectionTitle\":\"Lenses\",\"cb_sectionBackgroundColor\":\"white\"}},\"new22\":{\"modified\":\"1\",\"type\":\"centeredTextLockup\",\"enabled\":\"1\",\"collapsed\":\"0\",\"level\":\"1\"},\"new23\":{\"modified\":\"1\",\"type\":\"headline\",\"enabled\":\"1\",\"collapsed\":\"0\",\"level\":\"2\",\"fields\":{\"cb_headline\":\"Lenses\"}},\"new24\":{\"modified\":\"1\",\"type\":\"subhead\",\"enabled\":\"1\",\"collapsed\":\"0\",\"level\":\"2\",\"fields\":{\"cb_subhead\":\"Lenses are the most playful and memorable way to increase awareness, on a massive scale. With one tap, you can invite Snapchatters into your world \\u2014 and your story.\"}},\"new26\":{\"modified\":\"1\",\"type\":\"mobileDeviceGrid\",\"enabled\":\"1\",\"collapsed\":\"0\",\"level\":\"1\"},\"new27\":{\"modified\":\"1\",\"type\":\"device\",\"enabled\":\"1\",\"collapsed\":\"0\",\"level\":\"2\",\"fields\":{\"cb_deviceImage\":[\"104\"],\"cb_deviceVideo\":\"\",\"cb_deviceHeadline\":\"\",\"cb_deviceBody\":\"\"}},\"new28\":{\"modified\":\"1\",\"type\":\"device\",\"enabled\":\"1\",\"collapsed\":\"0\",\"level\":\"2\",\"fields\":{\"cb_deviceImage\":[\"105\"],\"cb_deviceVideo\":\"\",\"cb_deviceHeadline\":\"\",\"cb_deviceBody\":\"\"}},\"new29\":{\"modified\":\"1\",\"type\":\"device\",\"enabled\":\"1\",\"collapsed\":\"0\",\"level\":\"2\",\"fields\":{\"cb_deviceImage\":[\"106\"],\"cb_deviceVideo\":\"\",\"cb_deviceHeadline\":\"\",\"cb_deviceBody\":\"\"}},\"new30\":{\"modified\":\"1\",\"type\":\"cb_section\",\"enabled\":\"1\",\"collapsed\":\"0\",\"level\":\"0\",\"fields\":{\"cb_sectionTitle\":\"Video\",\"cb_sectionBackgroundColor\":\"gray\"}},\"new31\":{\"modified\":\"1\",\"type\":\"centeredTextLockup\",\"enabled\":\"1\",\"collapsed\":\"0\",\"level\":\"1\"},\"new32\":{\"modified\":\"1\",\"type\":\"headline\",\"enabled\":\"1\",\"collapsed\":\"0\",\"level\":\"2\",\"fields\":{\"cb_headline\":\"See where your ads will run on Snapchat\"}},\"new33\":{\"modified\":\"1\",\"type\":\"cb_centeredVideo\",\"enabled\":\"1\",\"collapsed\":\"0\",\"level\":\"1\",\"fields\":{\"cb_video\":\"\",\"cb_assetWidth\":\"wide\"}}},\"16\":\"1\",\"15\":\"blue\",\"7\":\"solutions\"}}', '2017-07-26 23:03:49', '2017-07-26 23:03:49', '08b16baf-23c0-44a4-95b5-4aeee2818ad7'),
 ('39', '98', '3', '1', 'en_us', '3', '', '{\"typeId\":\"3\",\"authorId\":\"1\",\"title\":\"Solutions\",\"slug\":\"solutions\",\"postDate\":1501109280,\"expiryDate\":null,\"enabled\":1,\"parentId\":\"\",\"fields\":{\"3\":{\"107\":{\"modified\":\"1\",\"type\":\"cb_section\",\"enabled\":\"1\",\"collapsed\":\"0\",\"level\":\"0\",\"fields\":{\"cb_sectionTitle\":\"Overview\",\"cb_sectionBackgroundColor\":\"gray\"}},\"108\":{\"modified\":\"1\",\"type\":\"centeredTextLockup\",\"enabled\":\"1\",\"collapsed\":\"0\",\"level\":\"1\"},\"109\":{\"modified\":\"1\",\"type\":\"headline\",\"enabled\":\"1\",\"collapsed\":\"0\",\"level\":\"2\",\"fields\":{\"cb_headline\":\"Our ad products are fun and effective, for every objective\"}},\"110\":{\"modified\":\"1\",\"type\":\"mobileDeviceGrid\",\"enabled\":\"1\",\"collapsed\":\"0\",\"level\":\"1\",\"fields\":{\"cb_chillahTooltip\":\"\"}},\"111\":{\"modified\":\"1\",\"type\":\"device\",\"enabled\":\"1\",\"collapsed\":\"0\",\"level\":\"2\",\"fields\":{\"cb_deviceImage\":[\"100\"],\"cb_deviceVideo\":\"\",\"cb_deviceHeadline\":\"Snap Ads\",\"cb_deviceBody\":\"Captivate your audience with full-screen Snap Ads.\"}},\"112\":{\"modified\":\"1\",\"type\":\"device\",\"enabled\":\"1\",\"collapsed\":\"0\",\"level\":\"2\",\"fields\":{\"cb_deviceImage\":[\"99\"],\"cb_deviceVideo\":\"\",\"cb_deviceHeadline\":\"Filters\",\"cb_deviceBody\":\"Own a place or event with location-based Filters.\"}},\"113\":{\"modified\":\"1\",\"type\":\"device\",\"enabled\":\"1\",\"collapsed\":\"0\",\"level\":\"2\",\"fields\":{\"cb_deviceImage\":[\"101\"],\"cb_deviceVideo\":\"\",\"cb_deviceHeadline\":\"Lenses\",\"cb_deviceBody\":\"Invite customers to play and share with Lenses.\"}},\"114\":{\"modified\":\"1\",\"type\":\"cb_section\",\"enabled\":\"1\",\"collapsed\":\"0\",\"level\":\"0\",\"fields\":{\"cb_sectionTitle\":\"Snap Ads\",\"cb_sectionBackgroundColor\":\"white\"}},\"115\":{\"modified\":\"1\",\"type\":\"centeredTextLockup\",\"enabled\":\"1\",\"collapsed\":\"0\",\"level\":\"1\"},\"116\":{\"modified\":\"1\",\"type\":\"headline\",\"enabled\":\"1\",\"collapsed\":\"0\",\"level\":\"2\",\"fields\":{\"cb_headline\":\"Snap Ads\"}},\"117\":{\"modified\":\"1\",\"type\":\"subhead\",\"enabled\":\"1\",\"collapsed\":\"0\",\"level\":\"2\",\"fields\":{\"cb_subhead\":\"The original vertical video ad \\u2014 now with attachments customized for your objectives.\"}},\"118\":{\"modified\":\"1\",\"type\":\"cb_section\",\"enabled\":\"1\",\"collapsed\":\"0\",\"level\":\"0\",\"fields\":{\"cb_sectionTitle\":\"Filters\",\"cb_sectionBackgroundColor\":\"gray\"}},\"119\":{\"modified\":\"1\",\"type\":\"centeredTextLockup\",\"enabled\":\"1\",\"collapsed\":\"0\",\"level\":\"1\"},\"120\":{\"modified\":\"1\",\"type\":\"headline\",\"enabled\":\"1\",\"collapsed\":\"0\",\"level\":\"2\",\"fields\":{\"cb_headline\":\"Filters\"}},\"121\":{\"modified\":\"1\",\"type\":\"subhead\",\"enabled\":\"1\",\"collapsed\":\"0\",\"level\":\"2\",\"fields\":{\"cb_subhead\":\"Filters allow you to be where your product is bought, thought about, or consumed. Create your own Filter and drive awareness, advocacy, and action in one package.\"}},\"122\":{\"modified\":\"1\",\"type\":\"primaryButton\",\"enabled\":\"1\",\"collapsed\":\"0\",\"level\":\"2\",\"fields\":{\"cb_button\":{\"type\":\"custom\",\"custom\":\"http:\\/\\/geofilters.snapchat.com\",\"entry\":\"\",\"customText\":\"Create A Filter\",\"target\":\"_blank\"}}},\"123\":{\"modified\":\"1\",\"type\":\"secondaryButton\",\"enabled\":\"1\",\"collapsed\":\"0\",\"level\":\"2\",\"fields\":{\"cb_button\":{\"type\":\"custom\",\"custom\":\"https:\\/\\/businesshelp.snapchat.com\\/en-US\\/article\\/create-geofilter\",\"entry\":\"\",\"customText\":\"View Guidelines\",\"target\":\"\"}}},\"124\":{\"modified\":\"1\",\"type\":\"mobileDeviceGrid\",\"enabled\":\"1\",\"collapsed\":\"0\",\"level\":\"1\",\"fields\":{\"cb_chillahTooltip\":{\"new1\":{\"type\":\"tooltip\",\"enabled\":\"1\",\"fields\":{\"chillah\":\"\",\"tooltipText\":\"<p>On average, more than a billion Snaps with Filters are viewed every day.<sup>1<\\/sup><\\/p>\",\"location\":\"topRight\"}}}}},\"125\":{\"modified\":\"1\",\"type\":\"device\",\"enabled\":\"1\",\"collapsed\":\"0\",\"level\":\"2\",\"fields\":{\"cb_deviceImage\":[\"101\"],\"cb_deviceVideo\":\"\",\"cb_deviceHeadline\":\"\",\"cb_deviceBody\":\"\"}},\"126\":{\"modified\":\"1\",\"type\":\"device\",\"enabled\":\"1\",\"collapsed\":\"0\",\"level\":\"2\",\"fields\":{\"cb_deviceImage\":[\"102\"],\"cb_deviceVideo\":\"\",\"cb_deviceHeadline\":\"\",\"cb_deviceBody\":\"\"}},\"127\":{\"modified\":\"1\",\"type\":\"device\",\"enabled\":\"1\",\"collapsed\":\"0\",\"level\":\"2\",\"fields\":{\"cb_deviceImage\":[\"103\"],\"cb_deviceVideo\":\"\",\"cb_deviceHeadline\":\"\",\"cb_deviceBody\":\"\"}},\"128\":{\"modified\":\"1\",\"type\":\"cb_section\",\"enabled\":\"1\",\"collapsed\":\"0\",\"level\":\"0\",\"fields\":{\"cb_sectionTitle\":\"Lenses\",\"cb_sectionBackgroundColor\":\"white\"}},\"129\":{\"modified\":\"1\",\"type\":\"centeredTextLockup\",\"enabled\":\"1\",\"collapsed\":\"0\",\"level\":\"1\"},\"130\":{\"modified\":\"1\",\"type\":\"headline\",\"enabled\":\"1\",\"collapsed\":\"0\",\"level\":\"2\",\"fields\":{\"cb_headline\":\"Lenses\"}},\"131\":{\"modified\":\"1\",\"type\":\"subhead\",\"enabled\":\"1\",\"collapsed\":\"0\",\"level\":\"2\",\"fields\":{\"cb_subhead\":\"Lenses are the most playful and memorable way to increase awareness, on a massive scale. With one tap, you can invite Snapchatters into your world \\u2014 and your story.\"}},\"132\":{\"modified\":\"1\",\"type\":\"mobileDeviceGrid\",\"enabled\":\"1\",\"collapsed\":\"0\",\"level\":\"1\",\"fields\":{\"cb_chillahTooltip\":\"\"}},\"133\":{\"modified\":\"1\",\"type\":\"device\",\"enabled\":\"1\",\"collapsed\":\"0\",\"level\":\"2\",\"fields\":{\"cb_deviceImage\":[\"104\"],\"cb_deviceVideo\":\"\",\"cb_deviceHeadline\":\"\",\"cb_deviceBody\":\"\"}},\"134\":{\"modified\":\"1\",\"type\":\"device\",\"enabled\":\"1\",\"collapsed\":\"0\",\"level\":\"2\",\"fields\":{\"cb_deviceImage\":[\"105\"],\"cb_deviceVideo\":\"\",\"cb_deviceHeadline\":\"\",\"cb_deviceBody\":\"\"}},\"135\":{\"modified\":\"1\",\"type\":\"device\",\"enabled\":\"1\",\"collapsed\":\"0\",\"level\":\"2\",\"fields\":{\"cb_deviceImage\":[\"106\"],\"cb_deviceVideo\":\"\",\"cb_deviceHeadline\":\"\",\"cb_deviceBody\":\"\"}},\"136\":{\"modified\":\"1\",\"type\":\"cb_section\",\"enabled\":\"1\",\"collapsed\":\"0\",\"level\":\"0\",\"fields\":{\"cb_sectionTitle\":\"Video\",\"cb_sectionBackgroundColor\":\"gray\"}},\"137\":{\"modified\":\"1\",\"type\":\"centeredTextLockup\",\"enabled\":\"1\",\"collapsed\":\"0\",\"level\":\"1\"},\"138\":{\"modified\":\"1\",\"type\":\"headline\",\"enabled\":\"1\",\"collapsed\":\"0\",\"level\":\"2\",\"fields\":{\"cb_headline\":\"See where your ads will run on Snapchat\"}},\"139\":{\"modified\":\"1\",\"type\":\"cb_centeredVideo\",\"enabled\":\"1\",\"collapsed\":\"0\",\"level\":\"1\",\"fields\":{\"cb_video\":\"\",\"cb_assetWidth\":\"wide\"}}},\"16\":\"1\",\"15\":\"blue\",\"7\":\"solutions\"}}', '2017-07-26 23:08:57', '2017-07-26 23:08:57', '6e4901a8-6732-4bc8-a195-ddcbd3156e1e'),
 ('40', '98', '3', '1', 'en_us', '4', '', '{\"typeId\":\"3\",\"authorId\":\"1\",\"title\":\"Solutions\",\"slug\":\"solutions\",\"postDate\":1501109280,\"expiryDate\":null,\"enabled\":1,\"parentId\":\"\",\"fields\":{\"3\":{\"107\":{\"modified\":\"1\",\"type\":\"cb_section\",\"enabled\":\"1\",\"collapsed\":\"0\",\"level\":\"0\",\"fields\":{\"cb_sectionTitle\":\"Overview\",\"cb_sectionBackgroundColor\":\"gray\"}},\"108\":{\"modified\":\"1\",\"type\":\"centeredTextLockup\",\"enabled\":\"1\",\"collapsed\":\"0\",\"level\":\"1\"},\"109\":{\"modified\":\"1\",\"type\":\"headline\",\"enabled\":\"1\",\"collapsed\":\"0\",\"level\":\"2\",\"fields\":{\"cb_headline\":\"Our ad products are fun and effective, for every objective\"}},\"110\":{\"modified\":\"1\",\"type\":\"mobileDeviceGrid\",\"enabled\":\"1\",\"collapsed\":\"0\",\"level\":\"1\",\"fields\":{\"cb_chillahTooltip\":\"\"}},\"111\":{\"modified\":\"1\",\"type\":\"device\",\"enabled\":\"1\",\"collapsed\":\"0\",\"level\":\"2\",\"fields\":{\"cb_deviceImage\":[\"100\"],\"cb_deviceVideo\":\"\",\"cb_deviceHeadline\":\"Snap Ads\",\"cb_deviceBody\":\"Captivate your audience with full-screen Snap Ads.\"}},\"112\":{\"modified\":\"1\",\"type\":\"device\",\"enabled\":\"1\",\"collapsed\":\"0\",\"level\":\"2\",\"fields\":{\"cb_deviceImage\":[\"99\"],\"cb_deviceVideo\":\"\",\"cb_deviceHeadline\":\"Filters\",\"cb_deviceBody\":\"Own a place or event with location-based Filters.\"}},\"113\":{\"modified\":\"1\",\"type\":\"device\",\"enabled\":\"1\",\"collapsed\":\"0\",\"level\":\"2\",\"fields\":{\"cb_deviceImage\":[\"101\"],\"cb_deviceVideo\":\"\",\"cb_deviceHeadline\":\"Lenses\",\"cb_deviceBody\":\"Invite customers to play and share with Lenses.\"}},\"114\":{\"modified\":\"1\",\"type\":\"cb_section\",\"enabled\":\"1\",\"collapsed\":\"0\",\"level\":\"0\",\"fields\":{\"cb_sectionTitle\":\"Snap Ads\",\"cb_sectionBackgroundColor\":\"white\"}},\"115\":{\"modified\":\"1\",\"type\":\"centeredTextLockup\",\"enabled\":\"1\",\"collapsed\":\"0\",\"level\":\"1\"},\"116\":{\"modified\":\"1\",\"type\":\"headline\",\"enabled\":\"1\",\"collapsed\":\"0\",\"level\":\"2\",\"fields\":{\"cb_headline\":\"Snap Ads\"}},\"117\":{\"modified\":\"1\",\"type\":\"subhead\",\"enabled\":\"1\",\"collapsed\":\"0\",\"level\":\"2\",\"fields\":{\"cb_subhead\":\"The original vertical video ad \\u2014 now with attachments customized for your objectives.\"}},\"118\":{\"modified\":\"1\",\"type\":\"cb_section\",\"enabled\":\"1\",\"collapsed\":\"0\",\"level\":\"0\",\"fields\":{\"cb_sectionTitle\":\"Filters\",\"cb_sectionBackgroundColor\":\"gray\"}},\"119\":{\"modified\":\"1\",\"type\":\"centeredTextLockup\",\"enabled\":\"1\",\"collapsed\":\"0\",\"level\":\"1\"},\"120\":{\"modified\":\"1\",\"type\":\"headline\",\"enabled\":\"1\",\"collapsed\":\"0\",\"level\":\"2\",\"fields\":{\"cb_headline\":\"Filters\"}},\"121\":{\"modified\":\"1\",\"type\":\"subhead\",\"enabled\":\"1\",\"collapsed\":\"0\",\"level\":\"2\",\"fields\":{\"cb_subhead\":\"Filters allow you to be where your product is bought, thought about, or consumed. Create your own Filter and drive awareness, advocacy, and action in one package.\"}},\"122\":{\"modified\":\"1\",\"type\":\"primaryButton\",\"enabled\":\"1\",\"collapsed\":\"0\",\"level\":\"2\",\"fields\":{\"cb_button\":{\"type\":\"custom\",\"custom\":\"http:\\/\\/geofilters.snapchat.com\",\"entry\":\"\",\"customText\":\"Create A Filter\",\"target\":\"_blank\"}}},\"123\":{\"modified\":\"1\",\"type\":\"secondaryButton\",\"enabled\":\"1\",\"collapsed\":\"0\",\"level\":\"2\",\"fields\":{\"cb_button\":{\"type\":\"custom\",\"custom\":\"https:\\/\\/businesshelp.snapchat.com\\/en-US\\/article\\/create-geofilter\",\"entry\":\"\",\"customText\":\"View Guidelines\",\"target\":\"\"}}},\"124\":{\"modified\":\"1\",\"type\":\"mobileDeviceGrid\",\"enabled\":\"1\",\"collapsed\":\"0\",\"level\":\"1\",\"fields\":{\"cb_chillahTooltip\":{\"140\":{\"type\":\"tooltip\",\"enabled\":\"1\",\"fields\":{\"chillah\":\"\",\"tooltipText\":\"<p>On average, more than a billion Snaps with Filters are viewed every day.<sup>1<\\/sup><\\/p>\",\"location\":\"topRight\"}}}}},\"125\":{\"modified\":\"1\",\"type\":\"device\",\"enabled\":\"1\",\"collapsed\":\"0\",\"level\":\"2\",\"fields\":{\"cb_deviceImage\":[\"101\"],\"cb_deviceVideo\":\"\",\"cb_deviceHeadline\":\"\",\"cb_deviceBody\":\"\"}},\"126\":{\"modified\":\"1\",\"type\":\"device\",\"enabled\":\"1\",\"collapsed\":\"0\",\"level\":\"2\",\"fields\":{\"cb_deviceImage\":[\"102\"],\"cb_deviceVideo\":\"\",\"cb_deviceHeadline\":\"\",\"cb_deviceBody\":\"\"}},\"127\":{\"modified\":\"1\",\"type\":\"device\",\"enabled\":\"1\",\"collapsed\":\"0\",\"level\":\"2\",\"fields\":{\"cb_deviceImage\":[\"103\"],\"cb_deviceVideo\":\"\",\"cb_deviceHeadline\":\"\",\"cb_deviceBody\":\"\"}},\"128\":{\"modified\":\"1\",\"type\":\"cb_section\",\"enabled\":\"1\",\"collapsed\":\"0\",\"level\":\"0\",\"fields\":{\"cb_sectionTitle\":\"Lenses\",\"cb_sectionBackgroundColor\":\"white\"}},\"129\":{\"modified\":\"1\",\"type\":\"centeredTextLockup\",\"enabled\":\"1\",\"collapsed\":\"0\",\"level\":\"1\"},\"130\":{\"modified\":\"1\",\"type\":\"headline\",\"enabled\":\"1\",\"collapsed\":\"0\",\"level\":\"2\",\"fields\":{\"cb_headline\":\"Lenses\"}},\"131\":{\"modified\":\"1\",\"type\":\"subhead\",\"enabled\":\"1\",\"collapsed\":\"0\",\"level\":\"2\",\"fields\":{\"cb_subhead\":\"Lenses are the most playful and memorable way to increase awareness, on a massive scale. With one tap, you can invite Snapchatters into your world \\u2014 and your story.\"}},\"132\":{\"modified\":\"1\",\"type\":\"mobileDeviceGrid\",\"enabled\":\"1\",\"collapsed\":\"0\",\"level\":\"1\",\"fields\":{\"cb_chillahTooltip\":\"\"}},\"133\":{\"modified\":\"1\",\"type\":\"device\",\"enabled\":\"1\",\"collapsed\":\"0\",\"level\":\"2\",\"fields\":{\"cb_deviceImage\":[\"104\"],\"cb_deviceVideo\":\"\",\"cb_deviceHeadline\":\"\",\"cb_deviceBody\":\"\"}},\"134\":{\"modified\":\"1\",\"type\":\"device\",\"enabled\":\"1\",\"collapsed\":\"0\",\"level\":\"2\",\"fields\":{\"cb_deviceImage\":[\"105\"],\"cb_deviceVideo\":\"\",\"cb_deviceHeadline\":\"\",\"cb_deviceBody\":\"\"}},\"135\":{\"modified\":\"1\",\"type\":\"device\",\"enabled\":\"1\",\"collapsed\":\"0\",\"level\":\"2\",\"fields\":{\"cb_deviceImage\":[\"106\"],\"cb_deviceVideo\":\"\",\"cb_deviceHeadline\":\"\",\"cb_deviceBody\":\"\"}},\"136\":{\"modified\":\"1\",\"type\":\"cb_section\",\"enabled\":\"1\",\"collapsed\":\"0\",\"level\":\"0\",\"fields\":{\"cb_sectionTitle\":\"Video\",\"cb_sectionBackgroundColor\":\"gray\"}},\"137\":{\"modified\":\"1\",\"type\":\"centeredTextLockup\",\"enabled\":\"1\",\"collapsed\":\"0\",\"level\":\"1\"},\"138\":{\"modified\":\"1\",\"type\":\"headline\",\"enabled\":\"1\",\"collapsed\":\"0\",\"level\":\"2\",\"fields\":{\"cb_headline\":\"See where your ads will run on Snapchat\"}},\"139\":{\"modified\":\"1\",\"type\":\"cb_centeredVideo\",\"enabled\":\"1\",\"collapsed\":\"0\",\"level\":\"1\",\"fields\":{\"cb_video\":\"\",\"cb_assetWidth\":\"wide\"}}},\"16\":\"1\",\"15\":\"blue\",\"7\":\"solutions\"}}', '2017-07-26 23:09:21', '2017-07-26 23:09:21', '3b0a0d0f-d3ab-4178-897f-0db0578803c5'),
 ('41', '98', '3', '1', 'en_us', '5', '', '{\"typeId\":\"3\",\"authorId\":\"1\",\"title\":\"Solutions\",\"slug\":\"solutions\",\"postDate\":1501109280,\"expiryDate\":null,\"enabled\":1,\"parentId\":\"\",\"fields\":{\"3\":{\"107\":{\"modified\":\"1\",\"type\":\"cb_section\",\"enabled\":\"1\",\"collapsed\":\"0\",\"level\":\"0\",\"fields\":{\"cb_sectionTitle\":\"Overview\",\"cb_sectionBackgroundColor\":\"gray\"}},\"108\":{\"modified\":\"1\",\"type\":\"centeredTextLockup\",\"enabled\":\"1\",\"collapsed\":\"0\",\"level\":\"1\"},\"109\":{\"modified\":\"1\",\"type\":\"headline\",\"enabled\":\"1\",\"collapsed\":\"0\",\"level\":\"2\",\"fields\":{\"cb_headline\":\"Our ad products are fun and effective, for every objective\"}},\"110\":{\"modified\":\"1\",\"type\":\"mobileDeviceGrid\",\"enabled\":\"1\",\"collapsed\":\"0\",\"level\":\"1\",\"fields\":{\"cb_chillahTooltip\":\"\"}},\"111\":{\"modified\":\"1\",\"type\":\"device\",\"enabled\":\"1\",\"collapsed\":\"0\",\"level\":\"2\",\"fields\":{\"cb_deviceImage\":[\"100\"],\"cb_deviceVideo\":\"\",\"cb_deviceHeadline\":\"Snap Ads\",\"cb_deviceBody\":\"Captivate your audience with full-screen Snap Ads.\"}},\"112\":{\"modified\":\"1\",\"type\":\"device\",\"enabled\":\"1\",\"collapsed\":\"0\",\"level\":\"2\",\"fields\":{\"cb_deviceImage\":[\"99\"],\"cb_deviceVideo\":\"\",\"cb_deviceHeadline\":\"Filters\",\"cb_deviceBody\":\"Own a place or event with location-based Filters.\"}},\"113\":{\"modified\":\"1\",\"type\":\"device\",\"enabled\":\"1\",\"collapsed\":\"0\",\"level\":\"2\",\"fields\":{\"cb_deviceImage\":[\"101\"],\"cb_deviceVideo\":\"\",\"cb_deviceHeadline\":\"Lenses\",\"cb_deviceBody\":\"Invite customers to play and share with Lenses.\"}},\"new0\":{\"modified\":\"1\",\"type\":\"cb_section\",\"enabled\":\"1\",\"collapsed\":\"0\",\"level\":\"0\",\"fields\":{\"cb_sectionTitle\":\"Snap Ads\",\"cb_sectionBackgroundColor\":\"white\"}},\"114\":{\"modified\":\"1\",\"type\":\"cb_section\",\"enabled\":\"1\",\"collapsed\":\"0\",\"level\":\"0\",\"fields\":{\"cb_sectionTitle\":\"Snap Ads\",\"cb_sectionBackgroundColor\":\"white\"}},\"115\":{\"modified\":\"1\",\"type\":\"centeredTextLockup\",\"enabled\":\"1\",\"collapsed\":\"0\",\"level\":\"1\"},\"116\":{\"modified\":\"1\",\"type\":\"headline\",\"enabled\":\"1\",\"collapsed\":\"0\",\"level\":\"2\",\"fields\":{\"cb_headline\":\"Snap Ads\"}},\"117\":{\"modified\":\"1\",\"type\":\"subhead\",\"enabled\":\"1\",\"collapsed\":\"0\",\"level\":\"2\",\"fields\":{\"cb_subhead\":\"The original vertical video ad \\u2014 now with attachments customized for your objectives.\"}},\"118\":{\"modified\":\"1\",\"type\":\"cb_section\",\"enabled\":\"1\",\"collapsed\":\"0\",\"level\":\"0\",\"fields\":{\"cb_sectionTitle\":\"Filters\",\"cb_sectionBackgroundColor\":\"gray\"}},\"119\":{\"modified\":\"1\",\"type\":\"centeredTextLockup\",\"enabled\":\"1\",\"collapsed\":\"0\",\"level\":\"1\"},\"120\":{\"modified\":\"1\",\"type\":\"headline\",\"enabled\":\"1\",\"collapsed\":\"0\",\"level\":\"2\",\"fields\":{\"cb_headline\":\"Filters\"}},\"121\":{\"modified\":\"1\",\"type\":\"subhead\",\"enabled\":\"1\",\"collapsed\":\"0\",\"level\":\"2\",\"fields\":{\"cb_subhead\":\"Filters allow you to be where your product is bought, thought about, or consumed. Create your own Filter and drive awareness, advocacy, and action in one package.\"}},\"122\":{\"modified\":\"1\",\"type\":\"primaryButton\",\"enabled\":\"1\",\"collapsed\":\"0\",\"level\":\"2\",\"fields\":{\"cb_button\":{\"type\":\"custom\",\"custom\":\"http:\\/\\/geofilters.snapchat.com\",\"entry\":\"\",\"customText\":\"Create A Filter\",\"target\":\"_blank\"}}},\"123\":{\"modified\":\"1\",\"type\":\"secondaryButton\",\"enabled\":\"1\",\"collapsed\":\"0\",\"level\":\"2\",\"fields\":{\"cb_button\":{\"type\":\"custom\",\"custom\":\"https:\\/\\/businesshelp.snapchat.com\\/en-US\\/article\\/create-geofilter\",\"entry\":\"\",\"customText\":\"View Guidelines\",\"target\":\"\"}}},\"124\":{\"modified\":\"1\",\"type\":\"mobileDeviceGrid\",\"enabled\":\"1\",\"collapsed\":\"0\",\"level\":\"1\",\"fields\":{\"cb_chillahTooltip\":{\"140\":{\"type\":\"tooltip\",\"enabled\":\"1\",\"fields\":{\"chillah\":[\"143\"],\"tooltipText\":\"<p>On average, more than a billion Snaps with Filters are viewed every day.<sup>1<\\/sup><\\/p>\",\"location\":\"topRight\"}}}}},\"125\":{\"modified\":\"1\",\"type\":\"device\",\"enabled\":\"1\",\"collapsed\":\"0\",\"level\":\"2\",\"fields\":{\"cb_deviceImage\":[\"101\"],\"cb_deviceVideo\":\"\",\"cb_deviceHeadline\":\"\",\"cb_deviceBody\":\"\"}},\"126\":{\"modified\":\"1\",\"type\":\"device\",\"enabled\":\"1\",\"collapsed\":\"0\",\"level\":\"2\",\"fields\":{\"cb_deviceImage\":[\"102\"],\"cb_deviceVideo\":\"\",\"cb_deviceHeadline\":\"\",\"cb_deviceBody\":\"\"}},\"127\":{\"modified\":\"1\",\"type\":\"device\",\"enabled\":\"1\",\"collapsed\":\"0\",\"level\":\"2\",\"fields\":{\"cb_deviceImage\":[\"103\"],\"cb_deviceVideo\":\"\",\"cb_deviceHeadline\":\"\",\"cb_deviceBody\":\"\"}},\"128\":{\"modified\":\"1\",\"type\":\"cb_section\",\"enabled\":\"1\",\"collapsed\":\"0\",\"level\":\"0\",\"fields\":{\"cb_sectionTitle\":\"Lenses\",\"cb_sectionBackgroundColor\":\"white\"}},\"129\":{\"modified\":\"1\",\"type\":\"centeredTextLockup\",\"enabled\":\"1\",\"collapsed\":\"0\",\"level\":\"1\"},\"130\":{\"modified\":\"1\",\"type\":\"headline\",\"enabled\":\"1\",\"collapsed\":\"0\",\"level\":\"2\",\"fields\":{\"cb_headline\":\"Lenses\"}},\"131\":{\"modified\":\"1\",\"type\":\"subhead\",\"enabled\":\"1\",\"collapsed\":\"0\",\"level\":\"2\",\"fields\":{\"cb_subhead\":\"Lenses are the most playful and memorable way to increase awareness, on a massive scale. With one tap, you can invite Snapchatters into your world \\u2014 and your story.\"}},\"132\":{\"modified\":\"1\",\"type\":\"mobileDeviceGrid\",\"enabled\":\"1\",\"collapsed\":\"0\",\"level\":\"1\",\"fields\":{\"cb_chillahTooltip\":\"\"}},\"133\":{\"modified\":\"1\",\"type\":\"device\",\"enabled\":\"1\",\"collapsed\":\"0\",\"level\":\"2\",\"fields\":{\"cb_deviceImage\":[\"104\"],\"cb_deviceVideo\":\"\",\"cb_deviceHeadline\":\"\",\"cb_deviceBody\":\"\"}},\"134\":{\"modified\":\"1\",\"type\":\"device\",\"enabled\":\"1\",\"collapsed\":\"0\",\"level\":\"2\",\"fields\":{\"cb_deviceImage\":[\"105\"],\"cb_deviceVideo\":\"\",\"cb_deviceHeadline\":\"\",\"cb_deviceBody\":\"\"}},\"135\":{\"modified\":\"1\",\"type\":\"device\",\"enabled\":\"1\",\"collapsed\":\"0\",\"level\":\"2\",\"fields\":{\"cb_deviceImage\":[\"106\"],\"cb_deviceVideo\":\"\",\"cb_deviceHeadline\":\"\",\"cb_deviceBody\":\"\"}},\"136\":{\"modified\":\"1\",\"type\":\"cb_section\",\"enabled\":\"1\",\"collapsed\":\"0\",\"level\":\"0\",\"fields\":{\"cb_sectionTitle\":\"Video\",\"cb_sectionBackgroundColor\":\"gray\"}},\"137\":{\"modified\":\"1\",\"type\":\"centeredTextLockup\",\"enabled\":\"1\",\"collapsed\":\"0\",\"level\":\"1\"},\"138\":{\"modified\":\"1\",\"type\":\"headline\",\"enabled\":\"1\",\"collapsed\":\"0\",\"level\":\"2\",\"fields\":{\"cb_headline\":\"See where your ads will run on Snapchat\"}},\"139\":{\"modified\":\"1\",\"type\":\"cb_centeredVideo\",\"enabled\":\"1\",\"collapsed\":\"0\",\"level\":\"1\",\"fields\":{\"cb_video\":\"\",\"cb_assetWidth\":\"wide\"}}},\"16\":\"1\",\"15\":\"blue\",\"7\":\"solutions\"}}', '2017-07-26 23:22:14', '2017-07-26 23:22:14', '2cd6341a-17aa-4115-abfa-b1feed7ae0a8'),
 ('42', '98', '3', '1', 'en_us', '6', '', '{\"typeId\":\"3\",\"authorId\":\"1\",\"title\":\"Solutions\",\"slug\":\"solutions\",\"postDate\":1501109280,\"expiryDate\":null,\"enabled\":1,\"parentId\":\"\",\"fields\":{\"3\":{\"107\":{\"modified\":\"1\",\"type\":\"cb_section\",\"enabled\":\"1\",\"collapsed\":\"0\",\"level\":\"0\",\"fields\":{\"cb_sectionTitle\":\"Overview\",\"cb_sectionBackgroundColor\":\"gray\"}},\"108\":{\"modified\":\"1\",\"type\":\"centeredTextLockup\",\"enabled\":\"1\",\"collapsed\":\"0\",\"level\":\"1\"},\"109\":{\"modified\":\"1\",\"type\":\"headline\",\"enabled\":\"1\",\"collapsed\":\"0\",\"level\":\"2\",\"fields\":{\"cb_headline\":\"Our ad products are fun and effective, for every objective\"}},\"110\":{\"modified\":\"1\",\"type\":\"mobileDeviceGrid\",\"enabled\":\"1\",\"collapsed\":\"0\",\"level\":\"1\",\"fields\":{\"cb_chillahTooltip\":\"\"}},\"111\":{\"modified\":\"1\",\"type\":\"device\",\"enabled\":\"1\",\"collapsed\":\"0\",\"level\":\"2\",\"fields\":{\"cb_deviceImage\":[\"100\"],\"cb_deviceVideo\":\"\",\"cb_deviceHeadline\":\"Snap Ads\",\"cb_deviceBody\":\"Captivate your audience with full-screen Snap Ads.\"}},\"112\":{\"modified\":\"1\",\"type\":\"device\",\"enabled\":\"1\",\"collapsed\":\"0\",\"level\":\"2\",\"fields\":{\"cb_deviceImage\":[\"99\"],\"cb_deviceVideo\":\"\",\"cb_deviceHeadline\":\"Filters\",\"cb_deviceBody\":\"Own a place or event with location-based Filters.\"}},\"113\":{\"modified\":\"1\",\"type\":\"device\",\"enabled\":\"1\",\"collapsed\":\"0\",\"level\":\"2\",\"fields\":{\"cb_deviceImage\":[\"101\"],\"cb_deviceVideo\":\"\",\"cb_deviceHeadline\":\"Lenses\",\"cb_deviceBody\":\"Invite customers to play and share with Lenses.\"}},\"144\":{\"modified\":\"1\",\"type\":\"cb_section\",\"enabled\":\"1\",\"collapsed\":\"0\",\"level\":\"0\",\"fields\":{\"cb_sectionTitle\":\"Snap Ads\",\"cb_sectionBackgroundColor\":\"white\"}},\"new0\":{\"modified\":\"1\",\"type\":\"deviceTabs\",\"enabled\":\"1\",\"collapsed\":\"0\",\"level\":\"1\",\"fields\":{\"cb_chillahTooltip\":{\"new1\":{\"type\":\"tooltip\",\"enabled\":\"1\",\"fields\":{\"chillah\":[\"141\"],\"tooltipText\":\"<p>On average, over 10 billion videos are watched on Snapchat every day.<sup>1<\\/sup><\\/p>\",\"location\":\"topLeft\"}}}}},\"new1\":{\"modified\":\"1\",\"type\":\"deviceTab\",\"enabled\":\"1\",\"collapsed\":\"0\",\"level\":\"2\",\"fields\":{\"cb_tabImage\":[\"145\"],\"tabLabel\":\"Snap Ads\",\"cb_tabDescription\":\"Snap Ads are full-screen, 100% viewable, and have audio on by default.\",\"tabVideo\":\"\"}},\"new2\":{\"modified\":\"1\",\"type\":\"deviceTab\",\"enabled\":\"1\",\"collapsed\":\"0\",\"level\":\"2\",\"fields\":{\"cb_tabImage\":\"\",\"tabLabel\":\"+ Web View\",\"cb_tabDescription\":\"Drive traffic to your pre-loaded website. With our Auto-Fill feature, Snapchatters can send you their account email and more by just tapping.\",\"tabVideo\":\"\"}},\"new3\":{\"modified\":\"1\",\"type\":\"deviceTab\",\"enabled\":\"1\",\"collapsed\":\"0\",\"level\":\"2\",\"fields\":{\"cb_tabImage\":\"\",\"tabLabel\":\"\",\"cb_tabDescription\":\"\",\"tabVideo\":\"\"}},\"new4\":{\"modified\":\"1\",\"type\":\"deviceTab\",\"enabled\":\"1\",\"collapsed\":\"0\",\"level\":\"2\",\"fields\":{\"cb_tabImage\":\"\",\"tabLabel\":\"\",\"cb_tabDescription\":\"\",\"tabVideo\":\"\"}},\"114\":{\"modified\":\"1\",\"type\":\"cb_section\",\"enabled\":\"1\",\"collapsed\":\"0\",\"level\":\"0\",\"fields\":{\"cb_sectionTitle\":\"Snap Ads\",\"cb_sectionBackgroundColor\":\"white\"}},\"115\":{\"modified\":\"1\",\"type\":\"centeredTextLockup\",\"enabled\":\"1\",\"collapsed\":\"0\",\"level\":\"1\"},\"116\":{\"modified\":\"1\",\"type\":\"headline\",\"enabled\":\"1\",\"collapsed\":\"0\",\"level\":\"2\",\"fields\":{\"cb_headline\":\"Snap Ads\"}},\"117\":{\"modified\":\"1\",\"type\":\"subhead\",\"enabled\":\"1\",\"collapsed\":\"0\",\"level\":\"2\",\"fields\":{\"cb_subhead\":\"The original vertical video ad \\u2014 now with attachments customized for your objectives.\"}},\"118\":{\"modified\":\"1\",\"type\":\"cb_section\",\"enabled\":\"1\",\"collapsed\":\"0\",\"level\":\"0\",\"fields\":{\"cb_sectionTitle\":\"Filters\",\"cb_sectionBackgroundColor\":\"gray\"}},\"119\":{\"modified\":\"1\",\"type\":\"centeredTextLockup\",\"enabled\":\"1\",\"collapsed\":\"0\",\"level\":\"1\"},\"120\":{\"modified\":\"1\",\"type\":\"headline\",\"enabled\":\"1\",\"collapsed\":\"0\",\"level\":\"2\",\"fields\":{\"cb_headline\":\"Filters\"}},\"121\":{\"modified\":\"1\",\"type\":\"subhead\",\"enabled\":\"1\",\"collapsed\":\"0\",\"level\":\"2\",\"fields\":{\"cb_subhead\":\"Filters allow you to be where your product is bought, thought about, or consumed. Create your own Filter and drive awareness, advocacy, and action in one package.\"}},\"122\":{\"modified\":\"1\",\"type\":\"primaryButton\",\"enabled\":\"1\",\"collapsed\":\"0\",\"level\":\"2\",\"fields\":{\"cb_button\":{\"type\":\"custom\",\"custom\":\"http:\\/\\/geofilters.snapchat.com\",\"entry\":\"\",\"customText\":\"Create A Filter\",\"target\":\"_blank\"}}},\"123\":{\"modified\":\"1\",\"type\":\"secondaryButton\",\"enabled\":\"1\",\"collapsed\":\"0\",\"level\":\"2\",\"fields\":{\"cb_button\":{\"type\":\"custom\",\"custom\":\"https:\\/\\/businesshelp.snapchat.com\\/en-US\\/article\\/create-geofilter\",\"entry\":\"\",\"customText\":\"View Guidelines\",\"target\":\"\"}}},\"124\":{\"modified\":\"1\",\"type\":\"mobileDeviceGrid\",\"enabled\":\"1\",\"collapsed\":\"0\",\"level\":\"1\",\"fields\":{\"cb_chillahTooltip\":{\"140\":{\"type\":\"tooltip\",\"enabled\":\"1\",\"fields\":{\"chillah\":[\"143\"],\"tooltipText\":\"<p>On average, more than a billion Snaps with Filters are viewed every day.<sup>1<\\/sup><\\/p>\",\"location\":\"topRight\"}}}}},\"125\":{\"modified\":\"1\",\"type\":\"device\",\"enabled\":\"1\",\"collapsed\":\"0\",\"level\":\"2\",\"fields\":{\"cb_deviceImage\":[\"101\"],\"cb_deviceVideo\":\"\",\"cb_deviceHeadline\":\"\",\"cb_deviceBody\":\"\"}},\"126\":{\"modified\":\"1\",\"type\":\"device\",\"enabled\":\"1\",\"collapsed\":\"0\",\"level\":\"2\",\"fields\":{\"cb_deviceImage\":[\"102\"],\"cb_deviceVideo\":\"\",\"cb_deviceHeadline\":\"\",\"cb_deviceBody\":\"\"}},\"127\":{\"modified\":\"1\",\"type\":\"device\",\"enabled\":\"1\",\"collapsed\":\"0\",\"level\":\"2\",\"fields\":{\"cb_deviceImage\":[\"103\"],\"cb_deviceVideo\":\"\",\"cb_deviceHeadline\":\"\",\"cb_deviceBody\":\"\"}},\"128\":{\"modified\":\"1\",\"type\":\"cb_section\",\"enabled\":\"1\",\"collapsed\":\"0\",\"level\":\"0\",\"fields\":{\"cb_sectionTitle\":\"Lenses\",\"cb_sectionBackgroundColor\":\"white\"}},\"129\":{\"modified\":\"1\",\"type\":\"centeredTextLockup\",\"enabled\":\"1\",\"collapsed\":\"0\",\"level\":\"1\"},\"130\":{\"modified\":\"1\",\"type\":\"headline\",\"enabled\":\"1\",\"collapsed\":\"0\",\"level\":\"2\",\"fields\":{\"cb_headline\":\"Lenses\"}},\"131\":{\"modified\":\"1\",\"type\":\"subhead\",\"enabled\":\"1\",\"collapsed\":\"0\",\"level\":\"2\",\"fields\":{\"cb_subhead\":\"Lenses are the most playful and memorable way to increase awareness, on a massive scale. With one tap, you can invite Snapchatters into your world \\u2014 and your story.\"}},\"132\":{\"modified\":\"1\",\"type\":\"mobileDeviceGrid\",\"enabled\":\"1\",\"collapsed\":\"0\",\"level\":\"1\",\"fields\":{\"cb_chillahTooltip\":\"\"}},\"133\":{\"modified\":\"1\",\"type\":\"device\",\"enabled\":\"1\",\"collapsed\":\"0\",\"level\":\"2\",\"fields\":{\"cb_deviceImage\":[\"104\"],\"cb_deviceVideo\":\"\",\"cb_deviceHeadline\":\"\",\"cb_deviceBody\":\"\"}},\"134\":{\"modified\":\"1\",\"type\":\"device\",\"enabled\":\"1\",\"collapsed\":\"0\",\"level\":\"2\",\"fields\":{\"cb_deviceImage\":[\"105\"],\"cb_deviceVideo\":\"\",\"cb_deviceHeadline\":\"\",\"cb_deviceBody\":\"\"}},\"135\":{\"modified\":\"1\",\"type\":\"device\",\"enabled\":\"1\",\"collapsed\":\"0\",\"level\":\"2\",\"fields\":{\"cb_deviceImage\":[\"106\"],\"cb_deviceVideo\":\"\",\"cb_deviceHeadline\":\"\",\"cb_deviceBody\":\"\"}},\"136\":{\"modified\":\"1\",\"type\":\"cb_section\",\"enabled\":\"1\",\"collapsed\":\"0\",\"level\":\"0\",\"fields\":{\"cb_sectionTitle\":\"Video\",\"cb_sectionBackgroundColor\":\"gray\"}},\"137\":{\"modified\":\"1\",\"type\":\"centeredTextLockup\",\"enabled\":\"1\",\"collapsed\":\"0\",\"level\":\"1\"},\"138\":{\"modified\":\"1\",\"type\":\"headline\",\"enabled\":\"1\",\"collapsed\":\"0\",\"level\":\"2\",\"fields\":{\"cb_headline\":\"See where your ads will run on Snapchat\"}}},\"16\":\"1\",\"15\":\"blue\",\"7\":\"solutions\"}}', '2017-07-26 23:33:33', '2017-07-26 23:33:33', '46e4c353-7c13-45d2-b922-a7f90f98072f'),
 ('43', '98', '3', '1', 'en_us', '7', '', '{\"typeId\":\"3\",\"authorId\":\"1\",\"title\":\"Solutions\",\"slug\":\"solutions\",\"postDate\":1501109280,\"expiryDate\":null,\"enabled\":1,\"parentId\":\"\",\"fields\":{\"3\":{\"107\":{\"modified\":\"1\",\"type\":\"cb_section\",\"enabled\":\"1\",\"collapsed\":\"0\",\"level\":\"0\",\"fields\":{\"cb_sectionTitle\":\"Overview\",\"cb_sectionBackgroundColor\":\"gray\"}},\"108\":{\"modified\":\"1\",\"type\":\"centeredTextLockup\",\"enabled\":\"1\",\"collapsed\":\"0\",\"level\":\"1\"},\"109\":{\"modified\":\"1\",\"type\":\"headline\",\"enabled\":\"1\",\"collapsed\":\"0\",\"level\":\"2\",\"fields\":{\"cb_headline\":\"Our ad products are fun and effective, for every objective\"}},\"110\":{\"modified\":\"1\",\"type\":\"mobileDeviceGrid\",\"enabled\":\"1\",\"collapsed\":\"0\",\"level\":\"1\",\"fields\":{\"cb_chillahTooltip\":\"\"}},\"111\":{\"modified\":\"1\",\"type\":\"device\",\"enabled\":\"1\",\"collapsed\":\"0\",\"level\":\"2\",\"fields\":{\"cb_deviceImage\":[\"100\"],\"cb_deviceVideo\":\"\",\"cb_deviceHeadline\":\"Snap Ads\",\"cb_deviceBody\":\"Captivate your audience with full-screen Snap Ads.\"}},\"112\":{\"modified\":\"1\",\"type\":\"device\",\"enabled\":\"1\",\"collapsed\":\"0\",\"level\":\"2\",\"fields\":{\"cb_deviceImage\":[\"99\"],\"cb_deviceVideo\":\"\",\"cb_deviceHeadline\":\"Filters\",\"cb_deviceBody\":\"Own a place or event with location-based Filters.\"}},\"113\":{\"modified\":\"1\",\"type\":\"device\",\"enabled\":\"1\",\"collapsed\":\"0\",\"level\":\"2\",\"fields\":{\"cb_deviceImage\":[\"160\"],\"cb_deviceVideo\":\"\",\"cb_deviceHeadline\":\"Lenses\",\"cb_deviceBody\":\"Invite customers to play and share with Lenses.\"}},\"144\":{\"modified\":\"1\",\"type\":\"cb_section\",\"enabled\":\"1\",\"collapsed\":\"0\",\"level\":\"0\",\"fields\":{\"cb_sectionTitle\":\"Snap Ads\",\"cb_sectionBackgroundColor\":\"white\"}},\"162\":{\"modified\":\"1\",\"type\":\"deviceTabs\",\"enabled\":\"1\",\"collapsed\":\"0\",\"level\":\"1\",\"fields\":{\"cb_chillahTooltip\":{\"163\":{\"type\":\"tooltip\",\"enabled\":\"1\",\"fields\":{\"chillah\":[\"141\"],\"tooltipText\":\"<p>On average, over 10 billion videos are watched on Snapchat every day.<sup>1<\\/sup><\\/p>\",\"location\":\"topLeft\"}}}}},\"164\":{\"modified\":\"1\",\"type\":\"deviceTab\",\"enabled\":\"1\",\"collapsed\":\"0\",\"level\":\"2\",\"fields\":{\"cb_tabImage\":[\"145\"],\"tabLabel\":\"Snap Ads\",\"cb_tabDescription\":\"Snap Ads are full-screen, 100% viewable, and have audio on by default.\",\"tabPosterImage\":[\"152\"],\"tabVideo\":\"\"}},\"165\":{\"modified\":\"1\",\"type\":\"deviceTab\",\"enabled\":\"1\",\"collapsed\":\"0\",\"level\":\"2\",\"fields\":{\"cb_tabImage\":[\"146\"],\"tabLabel\":\"+ Web View\",\"cb_tabDescription\":\"Drive traffic to your pre-loaded website. With our Auto-Fill feature, Snapchatters can send you their account email and more by just tapping.\",\"tabPosterImage\":[\"102\"],\"tabVideo\":\"\"}},\"166\":{\"modified\":\"1\",\"type\":\"deviceTab\",\"enabled\":\"1\",\"collapsed\":\"0\",\"level\":\"2\",\"fields\":{\"cb_tabImage\":[\"147\"],\"tabLabel\":\"+ App Install\",\"cb_tabDescription\":\"Drive installs for your app with a swipe and a tap. Snapchatters can even install your app without leaving ours.\",\"tabPosterImage\":[\"154\"],\"tabVideo\":\"\"}},\"167\":{\"modified\":\"1\",\"type\":\"deviceTab\",\"enabled\":\"1\",\"collapsed\":\"0\",\"level\":\"2\",\"fields\":{\"cb_tabImage\":[\"148\"],\"tabLabel\":\"+ Long Form Video\",\"cb_tabDescription\":\"Drive views for your trailer, short film, how-to, or any other video.\",\"tabPosterImage\":[\"105\"],\"tabVideo\":\"\"}},\"114\":{\"modified\":\"1\",\"type\":\"cb_section\",\"enabled\":\"1\",\"collapsed\":\"0\",\"level\":\"0\",\"fields\":{\"cb_sectionTitle\":\"Snap Ads\",\"cb_sectionBackgroundColor\":\"white\"}},\"115\":{\"modified\":\"1\",\"type\":\"centeredTextLockup\",\"enabled\":\"1\",\"collapsed\":\"0\",\"level\":\"1\"},\"116\":{\"modified\":\"1\",\"type\":\"headline\",\"enabled\":\"1\",\"collapsed\":\"0\",\"level\":\"2\",\"fields\":{\"cb_headline\":\"Snap Ads\"}},\"117\":{\"modified\":\"1\",\"type\":\"subhead\",\"enabled\":\"1\",\"collapsed\":\"0\",\"level\":\"2\",\"fields\":{\"cb_subhead\":\"The original vertical video ad \\u2014 now with attachments customized for your objectives.\"}},\"118\":{\"modified\":\"1\",\"type\":\"cb_section\",\"enabled\":\"1\",\"collapsed\":\"0\",\"level\":\"0\",\"fields\":{\"cb_sectionTitle\":\"Filters\",\"cb_sectionBackgroundColor\":\"gray\"}},\"119\":{\"modified\":\"1\",\"type\":\"centeredTextLockup\",\"enabled\":\"1\",\"collapsed\":\"0\",\"level\":\"1\"},\"120\":{\"modified\":\"1\",\"type\":\"headline\",\"enabled\":\"1\",\"collapsed\":\"0\",\"level\":\"2\",\"fields\":{\"cb_headline\":\"Filters\"}},\"121\":{\"modified\":\"1\",\"type\":\"subhead\",\"enabled\":\"1\",\"collapsed\":\"0\",\"level\":\"2\",\"fields\":{\"cb_subhead\":\"Filters allow you to be where your product is bought, thought about, or consumed. Create your own Filter and drive awareness, advocacy, and action in one package.\"}},\"122\":{\"modified\":\"1\",\"type\":\"primaryButton\",\"enabled\":\"1\",\"collapsed\":\"0\",\"level\":\"2\",\"fields\":{\"cb_button\":{\"type\":\"custom\",\"custom\":\"http:\\/\\/geofilters.snapchat.com\",\"entry\":\"\",\"customText\":\"Create A Filter\",\"target\":\"_blank\"}}},\"123\":{\"modified\":\"1\",\"type\":\"secondaryButton\",\"enabled\":\"1\",\"collapsed\":\"0\",\"level\":\"2\",\"fields\":{\"cb_button\":{\"type\":\"custom\",\"custom\":\"https:\\/\\/businesshelp.snapchat.com\\/en-US\\/article\\/create-geofilter\",\"entry\":\"\",\"customText\":\"View Guidelines\",\"target\":\"\"}}},\"124\":{\"modified\":\"1\",\"type\":\"mobileDeviceGrid\",\"enabled\":\"1\",\"collapsed\":\"0\",\"level\":\"1\",\"fields\":{\"cb_chillahTooltip\":{\"140\":{\"type\":\"tooltip\",\"enabled\":\"1\",\"fields\":{\"chillah\":[\"143\"],\"tooltipText\":\"<p>On average, more than a billion Snaps with Filters are viewed every day.<sup>1<\\/sup><\\/p>\",\"location\":\"topRight\"}}}}},\"125\":{\"modified\":\"1\",\"type\":\"device\",\"enabled\":\"1\",\"collapsed\":\"0\",\"level\":\"2\",\"fields\":{\"cb_deviceImage\":[\"101\"],\"cb_deviceVideo\":\"\",\"cb_deviceHeadline\":\"\",\"cb_deviceBody\":\"\"}},\"126\":{\"modified\":\"1\",\"type\":\"device\",\"enabled\":\"1\",\"collapsed\":\"0\",\"level\":\"2\",\"fields\":{\"cb_deviceImage\":[\"157\"],\"cb_deviceVideo\":\"\",\"cb_deviceHeadline\":\"\",\"cb_deviceBody\":\"\"}},\"127\":{\"modified\":\"1\",\"type\":\"device\",\"enabled\":\"1\",\"collapsed\":\"0\",\"level\":\"2\",\"fields\":{\"cb_deviceImage\":[\"103\"],\"cb_deviceVideo\":\"\",\"cb_deviceHeadline\":\"\",\"cb_deviceBody\":\"\"}},\"128\":{\"modified\":\"1\",\"type\":\"cb_section\",\"enabled\":\"1\",\"collapsed\":\"0\",\"level\":\"0\",\"fields\":{\"cb_sectionTitle\":\"Lenses\",\"cb_sectionBackgroundColor\":\"white\"}},\"129\":{\"modified\":\"1\",\"type\":\"centeredTextLockup\",\"enabled\":\"1\",\"collapsed\":\"0\",\"level\":\"1\"},\"130\":{\"modified\":\"1\",\"type\":\"headline\",\"enabled\":\"1\",\"collapsed\":\"0\",\"level\":\"2\",\"fields\":{\"cb_headline\":\"Lenses\"}},\"131\":{\"modified\":\"1\",\"type\":\"subhead\",\"enabled\":\"1\",\"collapsed\":\"0\",\"level\":\"2\",\"fields\":{\"cb_subhead\":\"Lenses are the most playful and memorable way to increase awareness, on a massive scale. With one tap, you can invite Snapchatters into your world \\u2014 and your story.\"}},\"132\":{\"modified\":\"1\",\"type\":\"mobileDeviceGrid\",\"enabled\":\"1\",\"collapsed\":\"0\",\"level\":\"1\",\"fields\":{\"cb_chillahTooltip\":\"\"}},\"133\":{\"modified\":\"1\",\"type\":\"device\",\"enabled\":\"1\",\"collapsed\":\"0\",\"level\":\"2\",\"fields\":{\"cb_deviceImage\":[\"159\"],\"cb_deviceVideo\":\"\",\"cb_deviceHeadline\":\"\",\"cb_deviceBody\":\"\"}},\"134\":{\"modified\":\"1\",\"type\":\"device\",\"enabled\":\"1\",\"collapsed\":\"0\",\"level\":\"2\",\"fields\":{\"cb_deviceImage\":[\"151\"],\"cb_deviceVideo\":\"\",\"cb_deviceHeadline\":\"\",\"cb_deviceBody\":\"\"}},\"135\":{\"modified\":\"1\",\"type\":\"device\",\"enabled\":\"1\",\"collapsed\":\"0\",\"level\":\"2\",\"fields\":{\"cb_deviceImage\":[\"161\"],\"cb_deviceVideo\":\"\",\"cb_deviceHeadline\":\"\",\"cb_deviceBody\":\"\"}},\"136\":{\"modified\":\"1\",\"type\":\"cb_section\",\"enabled\":\"1\",\"collapsed\":\"0\",\"level\":\"0\",\"fields\":{\"cb_sectionTitle\":\"Video\",\"cb_sectionBackgroundColor\":\"gray\"}},\"137\":{\"modified\":\"1\",\"type\":\"centeredTextLockup\",\"enabled\":\"1\",\"collapsed\":\"0\",\"level\":\"1\"},\"138\":{\"modified\":\"1\",\"type\":\"headline\",\"enabled\":\"1\",\"collapsed\":\"0\",\"level\":\"2\",\"fields\":{\"cb_headline\":\"See where your ads will run on Snapchat\"}}},\"16\":\"1\",\"15\":\"blue\",\"7\":\"solutions\"}}', '2017-07-26 23:40:25', '2017-07-26 23:40:25', '14fcc0f8-c909-4b8f-abec-384f0b68fd63'),
 ('44', '98', '3', '1', 'en_us', '8', '', '{\"typeId\":\"3\",\"authorId\":\"1\",\"title\":\"Solutions\",\"slug\":\"solutions\",\"postDate\":1501109280,\"expiryDate\":null,\"enabled\":1,\"parentId\":\"\",\"fields\":{\"3\":{\"107\":{\"modified\":\"1\",\"type\":\"cb_section\",\"enabled\":\"1\",\"collapsed\":\"0\",\"level\":\"0\",\"fields\":{\"cb_sectionTitle\":\"Overview\",\"cb_sectionBackgroundColor\":\"gray\"}},\"108\":{\"modified\":\"1\",\"type\":\"centeredTextLockup\",\"enabled\":\"1\",\"collapsed\":\"0\",\"level\":\"1\"},\"109\":{\"modified\":\"1\",\"type\":\"headline\",\"enabled\":\"1\",\"collapsed\":\"0\",\"level\":\"2\",\"fields\":{\"cb_headline\":\"Our ad products are fun and effective, for every objective\"}},\"110\":{\"modified\":\"1\",\"type\":\"mobileDeviceGrid\",\"enabled\":\"1\",\"collapsed\":\"0\",\"level\":\"1\",\"fields\":{\"cb_chillahTooltip\":\"\"}},\"111\":{\"modified\":\"1\",\"type\":\"device\",\"enabled\":\"1\",\"collapsed\":\"0\",\"level\":\"2\",\"fields\":{\"cb_deviceImage\":[\"100\"],\"cb_deviceVideo\":\"\",\"cb_deviceHeadline\":\"Snap Ads\",\"cb_deviceBody\":\"Captivate your audience with full-screen Snap Ads.\"}},\"112\":{\"modified\":\"1\",\"type\":\"device\",\"enabled\":\"1\",\"collapsed\":\"0\",\"level\":\"2\",\"fields\":{\"cb_deviceImage\":[\"99\"],\"cb_deviceVideo\":\"\",\"cb_deviceHeadline\":\"Filters\",\"cb_deviceBody\":\"Own a place or event with location-based Filters.\"}},\"113\":{\"modified\":\"1\",\"type\":\"device\",\"enabled\":\"1\",\"collapsed\":\"0\",\"level\":\"2\",\"fields\":{\"cb_deviceImage\":[\"160\"],\"cb_deviceVideo\":\"\",\"cb_deviceHeadline\":\"Lenses\",\"cb_deviceBody\":\"Invite customers to play and share with Lenses.\"}},\"144\":{\"modified\":\"1\",\"type\":\"cb_section\",\"enabled\":\"1\",\"collapsed\":\"0\",\"level\":\"0\",\"fields\":{\"cb_sectionTitle\":\"Snap Ads\",\"cb_sectionBackgroundColor\":\"white\"}},\"162\":{\"modified\":\"1\",\"type\":\"deviceTabs\",\"enabled\":\"1\",\"collapsed\":\"0\",\"level\":\"1\",\"fields\":{\"cb_chillahTooltip\":{\"163\":{\"type\":\"tooltip\",\"enabled\":\"1\",\"fields\":{\"chillah\":[\"141\"],\"tooltipText\":\"<p>On average, over 10 billion videos are watched on Snapchat every day.<sup>1<\\/sup><\\/p>\",\"location\":\"topLeft\"}}}}},\"164\":{\"modified\":\"1\",\"type\":\"deviceTab\",\"enabled\":\"1\",\"collapsed\":\"0\",\"level\":\"2\",\"fields\":{\"cb_tabImage\":[\"145\"],\"tabLabel\":\"Snap Ads\",\"cb_tabDescription\":\"Snap Ads are full-screen, 100% viewable, and have audio on by default.\",\"tabPosterImage\":[\"152\"],\"tabVideo\":\"\"}},\"165\":{\"modified\":\"1\",\"type\":\"deviceTab\",\"enabled\":\"1\",\"collapsed\":\"0\",\"level\":\"2\",\"fields\":{\"cb_tabImage\":[\"146\"],\"tabLabel\":\"+ Web View\",\"cb_tabDescription\":\"Drive traffic to your pre-loaded website. With our Auto-Fill feature, Snapchatters can send you their account email and more by just tapping.\",\"tabPosterImage\":[\"102\"],\"tabVideo\":\"\"}},\"166\":{\"modified\":\"1\",\"type\":\"deviceTab\",\"enabled\":\"1\",\"collapsed\":\"0\",\"level\":\"2\",\"fields\":{\"cb_tabImage\":[\"147\"],\"tabLabel\":\"+ App Install\",\"cb_tabDescription\":\"Drive installs for your app with a swipe and a tap. Snapchatters can even install your app without leaving ours.\",\"tabPosterImage\":[\"154\"],\"tabVideo\":\"\"}},\"167\":{\"modified\":\"1\",\"type\":\"deviceTab\",\"enabled\":\"1\",\"collapsed\":\"0\",\"level\":\"2\",\"fields\":{\"cb_tabImage\":[\"148\"],\"tabLabel\":\"+ Long Form Video\",\"cb_tabDescription\":\"Drive views for your trailer, short film, how-to, or any other video.\",\"tabPosterImage\":[\"105\"],\"tabVideo\":\"\"}},\"114\":{\"modified\":\"1\",\"type\":\"cb_section\",\"enabled\":\"1\",\"collapsed\":\"0\",\"level\":\"0\",\"fields\":{\"cb_sectionTitle\":\"Snap Ads\",\"cb_sectionBackgroundColor\":\"white\"}},\"115\":{\"modified\":\"1\",\"type\":\"centeredTextLockup\",\"enabled\":\"1\",\"collapsed\":\"0\",\"level\":\"1\"},\"116\":{\"modified\":\"1\",\"type\":\"headline\",\"enabled\":\"1\",\"collapsed\":\"0\",\"level\":\"2\",\"fields\":{\"cb_headline\":\"Snap Ads\"}},\"117\":{\"modified\":\"1\",\"type\":\"subhead\",\"enabled\":\"1\",\"collapsed\":\"0\",\"level\":\"2\",\"fields\":{\"cb_subhead\":\"The original vertical video ad \\u2014 now with attachments customized for your objectives.\"}},\"118\":{\"modified\":\"1\",\"type\":\"cb_section\",\"enabled\":\"1\",\"collapsed\":\"0\",\"level\":\"0\",\"fields\":{\"cb_sectionTitle\":\"Filters\",\"cb_sectionBackgroundColor\":\"gray\"}},\"119\":{\"modified\":\"1\",\"type\":\"centeredTextLockup\",\"enabled\":\"1\",\"collapsed\":\"0\",\"level\":\"1\"},\"120\":{\"modified\":\"1\",\"type\":\"headline\",\"enabled\":\"1\",\"collapsed\":\"0\",\"level\":\"2\",\"fields\":{\"cb_headline\":\"Filters\"}},\"121\":{\"modified\":\"1\",\"type\":\"subhead\",\"enabled\":\"1\",\"collapsed\":\"0\",\"level\":\"2\",\"fields\":{\"cb_subhead\":\"Filters allow you to be where your product is bought, thought about, or consumed. Create your own Filter and drive awareness, advocacy, and action in one package.\"}},\"122\":{\"modified\":\"1\",\"type\":\"primaryButton\",\"enabled\":\"1\",\"collapsed\":\"0\",\"level\":\"2\",\"fields\":{\"cb_button\":{\"type\":\"custom\",\"custom\":\"http:\\/\\/geofilters.snapchat.com\",\"entry\":\"\",\"customText\":\"Create A Filter\",\"target\":\"_blank\"}}},\"123\":{\"modified\":\"1\",\"type\":\"secondaryButton\",\"enabled\":\"1\",\"collapsed\":\"0\",\"level\":\"2\",\"fields\":{\"cb_button\":{\"type\":\"custom\",\"custom\":\"https:\\/\\/businesshelp.snapchat.com\\/en-US\\/article\\/create-geofilter\",\"entry\":\"\",\"customText\":\"View Guidelines\",\"target\":\"\"}}},\"124\":{\"modified\":\"1\",\"type\":\"mobileDeviceGrid\",\"enabled\":\"1\",\"collapsed\":\"0\",\"level\":\"1\",\"fields\":{\"cb_chillahTooltip\":{\"140\":{\"type\":\"tooltip\",\"enabled\":\"1\",\"fields\":{\"chillah\":[\"143\"],\"tooltipText\":\"<p>On average, more than a billion Snaps with Filters are viewed every day.<sup>1<\\/sup><\\/p>\",\"location\":\"topRight\"}}}}},\"125\":{\"modified\":\"1\",\"type\":\"device\",\"enabled\":\"1\",\"collapsed\":\"0\",\"level\":\"2\",\"fields\":{\"cb_deviceImage\":[\"101\"],\"cb_deviceVideo\":\"\",\"cb_deviceHeadline\":\"\",\"cb_deviceBody\":\"\"}},\"126\":{\"modified\":\"1\",\"type\":\"device\",\"enabled\":\"1\",\"collapsed\":\"0\",\"level\":\"2\",\"fields\":{\"cb_deviceImage\":[\"157\"],\"cb_deviceVideo\":\"\",\"cb_deviceHeadline\":\"\",\"cb_deviceBody\":\"\"}},\"127\":{\"modified\":\"1\",\"type\":\"device\",\"enabled\":\"1\",\"collapsed\":\"0\",\"level\":\"2\",\"fields\":{\"cb_deviceImage\":[\"103\"],\"cb_deviceVideo\":\"\",\"cb_deviceHeadline\":\"\",\"cb_deviceBody\":\"\"}},\"128\":{\"modified\":\"1\",\"type\":\"cb_section\",\"enabled\":\"1\",\"collapsed\":\"0\",\"level\":\"0\",\"fields\":{\"cb_sectionTitle\":\"Lenses\",\"cb_sectionBackgroundColor\":\"white\"}},\"129\":{\"modified\":\"1\",\"type\":\"centeredTextLockup\",\"enabled\":\"1\",\"collapsed\":\"0\",\"level\":\"1\"},\"130\":{\"modified\":\"1\",\"type\":\"headline\",\"enabled\":\"1\",\"collapsed\":\"0\",\"level\":\"2\",\"fields\":{\"cb_headline\":\"Lenses\"}},\"131\":{\"modified\":\"1\",\"type\":\"subhead\",\"enabled\":\"1\",\"collapsed\":\"0\",\"level\":\"2\",\"fields\":{\"cb_subhead\":\"Lenses are the most playful and memorable way to increase awareness, on a massive scale. With one tap, you can invite Snapchatters into your world \\u2014 and your story.\"}},\"132\":{\"modified\":\"1\",\"type\":\"mobileDeviceGrid\",\"enabled\":\"1\",\"collapsed\":\"0\",\"level\":\"1\",\"fields\":{\"cb_chillahTooltip\":\"\"}},\"133\":{\"modified\":\"1\",\"type\":\"device\",\"enabled\":\"1\",\"collapsed\":\"0\",\"level\":\"2\",\"fields\":{\"cb_deviceImage\":[\"159\"],\"cb_deviceVideo\":\"\",\"cb_deviceHeadline\":\"\",\"cb_deviceBody\":\"\"}},\"134\":{\"modified\":\"1\",\"type\":\"device\",\"enabled\":\"1\",\"collapsed\":\"0\",\"level\":\"2\",\"fields\":{\"cb_deviceImage\":[\"151\"],\"cb_deviceVideo\":\"\",\"cb_deviceHeadline\":\"\",\"cb_deviceBody\":\"\"}},\"135\":{\"modified\":\"1\",\"type\":\"device\",\"enabled\":\"1\",\"collapsed\":\"0\",\"level\":\"2\",\"fields\":{\"cb_deviceImage\":[\"161\"],\"cb_deviceVideo\":\"\",\"cb_deviceHeadline\":\"\",\"cb_deviceBody\":\"\"}},\"136\":{\"modified\":\"1\",\"type\":\"cb_section\",\"enabled\":\"1\",\"collapsed\":\"0\",\"level\":\"0\",\"fields\":{\"cb_sectionTitle\":\"Video\",\"cb_sectionBackgroundColor\":\"gray\"}},\"137\":{\"modified\":\"1\",\"type\":\"centeredTextLockup\",\"enabled\":\"1\",\"collapsed\":\"0\",\"level\":\"1\"},\"138\":{\"modified\":\"1\",\"type\":\"headline\",\"enabled\":\"1\",\"collapsed\":\"0\",\"level\":\"2\",\"fields\":{\"cb_headline\":\"See where your ads will run on Snapchat\"}}},\"16\":\"1\",\"15\":\"blue\",\"7\":\"solutions\"}}', '2017-07-26 23:40:35', '2017-07-26 23:40:35', '19e2068e-7dee-4bed-9ca5-c3ca91d0de15'),
 ('45', '98', '3', '1', 'en_us', '9', '', '{\"typeId\":\"3\",\"authorId\":\"1\",\"title\":\"Solutions\",\"slug\":\"solutions\",\"postDate\":1501109280,\"expiryDate\":null,\"enabled\":1,\"parentId\":\"\",\"fields\":{\"3\":{\"107\":{\"modified\":\"1\",\"type\":\"cb_section\",\"enabled\":\"1\",\"collapsed\":\"0\",\"level\":\"0\",\"fields\":{\"cb_sectionTitle\":\"Overview\",\"cb_sectionBackgroundColor\":\"gray\"}},\"108\":{\"modified\":\"1\",\"type\":\"centeredTextLockup\",\"enabled\":\"1\",\"collapsed\":\"0\",\"level\":\"1\"},\"109\":{\"modified\":\"1\",\"type\":\"headline\",\"enabled\":\"1\",\"collapsed\":\"0\",\"level\":\"2\",\"fields\":{\"cb_headline\":\"Our ad products are fun and effective, for every objective\"}},\"110\":{\"modified\":\"1\",\"type\":\"mobileDeviceGrid\",\"enabled\":\"1\",\"collapsed\":\"0\",\"level\":\"1\",\"fields\":{\"cb_chillahTooltip\":\"\"}},\"111\":{\"modified\":\"1\",\"type\":\"device\",\"enabled\":\"1\",\"collapsed\":\"0\",\"level\":\"2\",\"fields\":{\"cb_deviceImage\":[\"100\"],\"cb_deviceVideo\":\"\",\"cb_deviceHeadline\":\"Snap Ads\",\"cb_deviceBody\":\"Captivate your audience with full-screen Snap Ads.\"}},\"new0\":{\"modified\":\"1\",\"type\":\"deviceText\",\"enabled\":\"1\",\"collapsed\":\"0\",\"level\":\"3\",\"fields\":{\"cb_headline\":\"Snap Ads\",\"cb_subhead\":\"Captivate your audience with full-screen Snap Ads.\"}},\"112\":{\"modified\":\"1\",\"type\":\"device\",\"enabled\":\"1\",\"collapsed\":\"0\",\"level\":\"2\",\"fields\":{\"cb_deviceImage\":[\"99\"],\"cb_deviceVideo\":\"\",\"cb_deviceHeadline\":\"Filters\",\"cb_deviceBody\":\"Own a place or event with location-based Filters.\"}},\"new1\":{\"modified\":\"1\",\"type\":\"deviceText\",\"enabled\":\"1\",\"collapsed\":\"0\",\"level\":\"3\",\"fields\":{\"cb_headline\":\"Filters\",\"cb_subhead\":\"Own a place or event with location-based Filters.\"}},\"113\":{\"modified\":\"1\",\"type\":\"device\",\"enabled\":\"1\",\"collapsed\":\"0\",\"level\":\"2\",\"fields\":{\"cb_deviceImage\":[\"160\"],\"cb_deviceVideo\":\"\",\"cb_deviceHeadline\":\"Lenses\",\"cb_deviceBody\":\"Invite customers to play and share with Lenses.\"}},\"new2\":{\"modified\":\"1\",\"type\":\"deviceText\",\"enabled\":\"1\",\"collapsed\":\"0\",\"level\":\"3\",\"fields\":{\"cb_headline\":\"Lenses\",\"cb_subhead\":\"Invite customers to play and share with Lenses.\"}},\"144\":{\"modified\":\"1\",\"type\":\"cb_section\",\"enabled\":\"1\",\"collapsed\":\"0\",\"level\":\"0\",\"fields\":{\"cb_sectionTitle\":\"Snap Ads\",\"cb_sectionBackgroundColor\":\"white\"}},\"162\":{\"modified\":\"1\",\"type\":\"deviceTabs\",\"enabled\":\"1\",\"collapsed\":\"0\",\"level\":\"1\",\"fields\":{\"cb_chillahTooltip\":{\"163\":{\"type\":\"tooltip\",\"enabled\":\"1\",\"fields\":{\"chillah\":[\"141\"],\"tooltipText\":\"<p>On average, over 10 billion videos are watched on Snapchat every day.<sup>1<\\/sup><\\/p>\",\"location\":\"topLeft\"}}}}},\"164\":{\"modified\":\"1\",\"type\":\"deviceTab\",\"enabled\":\"1\",\"collapsed\":\"0\",\"level\":\"2\",\"fields\":{\"cb_tabImage\":[\"145\"],\"tabLabel\":\"Snap Ads\",\"cb_tabDescription\":\"Snap Ads are full-screen, 100% viewable, and have audio on by default.\",\"tabPosterImage\":[\"152\"],\"tabVideo\":\"\"}},\"165\":{\"modified\":\"1\",\"type\":\"deviceTab\",\"enabled\":\"1\",\"collapsed\":\"0\",\"level\":\"2\",\"fields\":{\"cb_tabImage\":[\"146\"],\"tabLabel\":\"+ Web View\",\"cb_tabDescription\":\"Drive traffic to your pre-loaded website. With our Auto-Fill feature, Snapchatters can send you their account email and more by just tapping.\",\"tabPosterImage\":[\"102\"],\"tabVideo\":\"\"}},\"166\":{\"modified\":\"1\",\"type\":\"deviceTab\",\"enabled\":\"1\",\"collapsed\":\"0\",\"level\":\"2\",\"fields\":{\"cb_tabImage\":[\"147\"],\"tabLabel\":\"+ App Install\",\"cb_tabDescription\":\"Drive installs for your app with a swipe and a tap. Snapchatters can even install your app without leaving ours.\",\"tabPosterImage\":[\"154\"],\"tabVideo\":\"\"}},\"167\":{\"modified\":\"1\",\"type\":\"deviceTab\",\"enabled\":\"1\",\"collapsed\":\"0\",\"level\":\"2\",\"fields\":{\"cb_tabImage\":[\"148\"],\"tabLabel\":\"+ Long Form Video\",\"cb_tabDescription\":\"Drive views for your trailer, short film, how-to, or any other video.\",\"tabPosterImage\":[\"105\"],\"tabVideo\":\"\"}},\"114\":{\"modified\":\"1\",\"type\":\"cb_section\",\"enabled\":\"1\",\"collapsed\":\"0\",\"level\":\"0\",\"fields\":{\"cb_sectionTitle\":\"Snap Ads\",\"cb_sectionBackgroundColor\":\"white\"}},\"115\":{\"modified\":\"1\",\"type\":\"centeredTextLockup\",\"enabled\":\"1\",\"collapsed\":\"0\",\"level\":\"1\"},\"116\":{\"modified\":\"1\",\"type\":\"headline\",\"enabled\":\"1\",\"collapsed\":\"0\",\"level\":\"2\",\"fields\":{\"cb_headline\":\"Snap Ads\"}},\"117\":{\"modified\":\"1\",\"type\":\"subhead\",\"enabled\":\"1\",\"collapsed\":\"0\",\"level\":\"2\",\"fields\":{\"cb_subhead\":\"The original vertical video ad \\u2014 now with attachments customized for your objectives.\"}},\"118\":{\"modified\":\"1\",\"type\":\"cb_section\",\"enabled\":\"1\",\"collapsed\":\"0\",\"level\":\"0\",\"fields\":{\"cb_sectionTitle\":\"Filters\",\"cb_sectionBackgroundColor\":\"gray\"}},\"119\":{\"modified\":\"1\",\"type\":\"centeredTextLockup\",\"enabled\":\"1\",\"collapsed\":\"0\",\"level\":\"1\"},\"120\":{\"modified\":\"1\",\"type\":\"headline\",\"enabled\":\"1\",\"collapsed\":\"0\",\"level\":\"2\",\"fields\":{\"cb_headline\":\"Filters\"}},\"121\":{\"modified\":\"1\",\"type\":\"subhead\",\"enabled\":\"1\",\"collapsed\":\"0\",\"level\":\"2\",\"fields\":{\"cb_subhead\":\"Filters allow you to be where your product is bought, thought about, or consumed. Create your own Filter and drive awareness, advocacy, and action in one package.\"}},\"122\":{\"modified\":\"1\",\"type\":\"primaryButton\",\"enabled\":\"1\",\"collapsed\":\"0\",\"level\":\"2\",\"fields\":{\"cb_button\":{\"type\":\"custom\",\"custom\":\"http:\\/\\/geofilters.snapchat.com\",\"entry\":\"\",\"customText\":\"Create A Filter\",\"target\":\"_blank\"}}},\"123\":{\"modified\":\"1\",\"type\":\"secondaryButton\",\"enabled\":\"1\",\"collapsed\":\"0\",\"level\":\"2\",\"fields\":{\"cb_button\":{\"type\":\"custom\",\"custom\":\"https:\\/\\/businesshelp.snapchat.com\\/en-US\\/article\\/create-geofilter\",\"entry\":\"\",\"customText\":\"View Guidelines\",\"target\":\"\"}}},\"124\":{\"modified\":\"1\",\"type\":\"mobileDeviceGrid\",\"enabled\":\"1\",\"collapsed\":\"0\",\"level\":\"1\",\"fields\":{\"cb_chillahTooltip\":{\"140\":{\"type\":\"tooltip\",\"enabled\":\"1\",\"fields\":{\"chillah\":[\"143\"],\"tooltipText\":\"<p>On average, more than a billion Snaps with Filters are viewed every day.<sup>1<\\/sup><\\/p>\",\"location\":\"topRight\"}}}}},\"125\":{\"modified\":\"1\",\"type\":\"device\",\"enabled\":\"1\",\"collapsed\":\"0\",\"level\":\"2\",\"fields\":{\"cb_deviceImage\":[\"101\"],\"cb_deviceVideo\":\"\",\"cb_deviceHeadline\":\"\",\"cb_deviceBody\":\"\"}},\"126\":{\"modified\":\"1\",\"type\":\"device\",\"enabled\":\"1\",\"collapsed\":\"0\",\"level\":\"2\",\"fields\":{\"cb_deviceImage\":[\"157\"],\"cb_deviceVideo\":\"\",\"cb_deviceHeadline\":\"\",\"cb_deviceBody\":\"\"}},\"127\":{\"modified\":\"1\",\"type\":\"device\",\"enabled\":\"1\",\"collapsed\":\"0\",\"level\":\"2\",\"fields\":{\"cb_deviceImage\":[\"103\"],\"cb_deviceVideo\":\"\",\"cb_deviceHeadline\":\"\",\"cb_deviceBody\":\"\"}},\"128\":{\"modified\":\"1\",\"type\":\"cb_section\",\"enabled\":\"1\",\"collapsed\":\"0\",\"level\":\"0\",\"fields\":{\"cb_sectionTitle\":\"Lenses\",\"cb_sectionBackgroundColor\":\"white\"}},\"129\":{\"modified\":\"1\",\"type\":\"centeredTextLockup\",\"enabled\":\"1\",\"collapsed\":\"0\",\"level\":\"1\"},\"130\":{\"modified\":\"1\",\"type\":\"headline\",\"enabled\":\"1\",\"collapsed\":\"0\",\"level\":\"2\",\"fields\":{\"cb_headline\":\"Lenses\"}},\"131\":{\"modified\":\"1\",\"type\":\"subhead\",\"enabled\":\"1\",\"collapsed\":\"0\",\"level\":\"2\",\"fields\":{\"cb_subhead\":\"Lenses are the most playful and memorable way to increase awareness, on a massive scale. With one tap, you can invite Snapchatters into your world \\u2014 and your story.\"}},\"132\":{\"modified\":\"1\",\"type\":\"mobileDeviceGrid\",\"enabled\":\"1\",\"collapsed\":\"0\",\"level\":\"1\",\"fields\":{\"cb_chillahTooltip\":\"\"}},\"133\":{\"modified\":\"1\",\"type\":\"device\",\"enabled\":\"1\",\"collapsed\":\"0\",\"level\":\"2\",\"fields\":{\"cb_deviceImage\":[\"159\"],\"cb_deviceVideo\":\"\",\"cb_deviceHeadline\":\"\",\"cb_deviceBody\":\"\"}},\"134\":{\"modified\":\"1\",\"type\":\"device\",\"enabled\":\"1\",\"collapsed\":\"0\",\"level\":\"2\",\"fields\":{\"cb_deviceImage\":[\"151\"],\"cb_deviceVideo\":\"\",\"cb_deviceHeadline\":\"\",\"cb_deviceBody\":\"\"}},\"135\":{\"modified\":\"1\",\"type\":\"device\",\"enabled\":\"1\",\"collapsed\":\"0\",\"level\":\"2\",\"fields\":{\"cb_deviceImage\":[\"161\"],\"cb_deviceVideo\":\"\",\"cb_deviceHeadline\":\"\",\"cb_deviceBody\":\"\"}},\"136\":{\"modified\":\"1\",\"type\":\"cb_section\",\"enabled\":\"1\",\"collapsed\":\"0\",\"level\":\"0\",\"fields\":{\"cb_sectionTitle\":\"Video\",\"cb_sectionBackgroundColor\":\"gray\"}},\"137\":{\"modified\":\"1\",\"type\":\"centeredTextLockup\",\"enabled\":\"1\",\"collapsed\":\"0\",\"level\":\"1\"},\"138\":{\"modified\":\"1\",\"type\":\"headline\",\"enabled\":\"1\",\"collapsed\":\"0\",\"level\":\"2\",\"fields\":{\"cb_headline\":\"See where your ads will run on Snapchat\"}}},\"16\":\"1\",\"15\":\"blue\",\"7\":\"solutions\"}}', '2017-07-26 23:45:50', '2017-07-26 23:45:50', '9b03ee54-b609-4eb2-829d-ebad9a8b52ee'),
 ('46', '98', '3', '1', 'en_us', '10', '', '{\"typeId\":\"3\",\"authorId\":\"1\",\"title\":\"Solutions\",\"slug\":\"solutions\",\"postDate\":1501109280,\"expiryDate\":null,\"enabled\":1,\"parentId\":\"\",\"fields\":{\"3\":{\"107\":{\"modified\":\"1\",\"type\":\"cb_section\",\"enabled\":\"1\",\"collapsed\":\"0\",\"level\":\"0\",\"fields\":{\"cb_sectionTitle\":\"Overview\",\"cb_sectionBackgroundColor\":\"gray\"}},\"108\":{\"modified\":\"1\",\"type\":\"centeredTextLockup\",\"enabled\":\"1\",\"collapsed\":\"0\",\"level\":\"1\"},\"109\":{\"modified\":\"1\",\"type\":\"headline\",\"enabled\":\"1\",\"collapsed\":\"0\",\"level\":\"2\",\"fields\":{\"cb_headline\":\"Our ad products are fun and effective, for every objective\"}},\"110\":{\"modified\":\"1\",\"type\":\"mobileDeviceGrid\",\"enabled\":\"1\",\"collapsed\":\"0\",\"level\":\"1\",\"fields\":{\"cb_chillahTooltip\":\"\"}},\"111\":{\"modified\":\"1\",\"type\":\"device\",\"enabled\":\"1\",\"collapsed\":\"0\",\"level\":\"2\",\"fields\":{\"cb_deviceImage\":[\"100\"],\"cb_deviceVideo\":\"\",\"cb_deviceHeadline\":\"Snap Ads\",\"cb_deviceBody\":\"Captivate your audience with full-screen Snap Ads.\"}},\"168\":{\"modified\":\"1\",\"type\":\"deviceText\",\"enabled\":\"1\",\"collapsed\":\"0\",\"level\":\"3\",\"fields\":{\"cb_headline\":\"Snap Ads\",\"cb_subhead\":\"Captivate your audience with full-screen Snap Ads.\"}},\"112\":{\"modified\":\"1\",\"type\":\"device\",\"enabled\":\"1\",\"collapsed\":\"0\",\"level\":\"2\",\"fields\":{\"cb_deviceImage\":[\"99\"],\"cb_deviceVideo\":\"\",\"cb_deviceHeadline\":\"Filters\",\"cb_deviceBody\":\"Own a place or event with location-based Filters.\"}},\"169\":{\"modified\":\"1\",\"type\":\"deviceText\",\"enabled\":\"1\",\"collapsed\":\"0\",\"level\":\"3\",\"fields\":{\"cb_headline\":\"Filters\",\"cb_subhead\":\"Own a place or event with location-based Filters.\"}},\"113\":{\"modified\":\"1\",\"type\":\"device\",\"enabled\":\"1\",\"collapsed\":\"0\",\"level\":\"2\",\"fields\":{\"cb_deviceImage\":[\"160\"],\"cb_deviceVideo\":\"\",\"cb_deviceHeadline\":\"Lenses\",\"cb_deviceBody\":\"Invite customers to play and share with Lenses.\"}},\"170\":{\"modified\":\"1\",\"type\":\"deviceText\",\"enabled\":\"1\",\"collapsed\":\"0\",\"level\":\"3\",\"fields\":{\"cb_headline\":\"Lenses\",\"cb_subhead\":\"Invite customers to play and share with Lenses.\"}},\"144\":{\"modified\":\"1\",\"type\":\"cb_section\",\"enabled\":\"1\",\"collapsed\":\"0\",\"level\":\"0\",\"fields\":{\"cb_sectionTitle\":\"Snap Ads\",\"cb_sectionBackgroundColor\":\"white\"}},\"162\":{\"modified\":\"1\",\"type\":\"deviceTabs\",\"enabled\":\"1\",\"collapsed\":\"0\",\"level\":\"1\",\"fields\":{\"cb_chillahTooltip\":{\"163\":{\"type\":\"tooltip\",\"enabled\":\"1\",\"fields\":{\"chillah\":[\"141\"],\"tooltipText\":\"<p>On average, over 10 billion videos are watched on Snapchat every day.<sup>1<\\/sup><\\/p>\",\"location\":\"topLeft\"}}}}},\"164\":{\"modified\":\"1\",\"type\":\"deviceTab\",\"enabled\":\"1\",\"collapsed\":\"0\",\"level\":\"2\",\"fields\":{\"cb_tabImage\":[\"145\"],\"tabLabel\":\"Snap Ads\",\"cb_tabDescription\":\"Snap Ads are full-screen, 100% viewable, and have audio on by default.\",\"tabPosterImage\":[\"152\"],\"tabVideo\":\"\"}},\"165\":{\"modified\":\"1\",\"type\":\"deviceTab\",\"enabled\":\"1\",\"collapsed\":\"0\",\"level\":\"2\",\"fields\":{\"cb_tabImage\":[\"146\"],\"tabLabel\":\"+ Web View\",\"cb_tabDescription\":\"Drive traffic to your pre-loaded website. With our Auto-Fill feature, Snapchatters can send you their account email and more by just tapping.\",\"tabPosterImage\":[\"102\"],\"tabVideo\":\"\"}},\"166\":{\"modified\":\"1\",\"type\":\"deviceTab\",\"enabled\":\"1\",\"collapsed\":\"0\",\"level\":\"2\",\"fields\":{\"cb_tabImage\":[\"147\"],\"tabLabel\":\"+ App Install\",\"cb_tabDescription\":\"Drive installs for your app with a swipe and a tap. Snapchatters can even install your app without leaving ours.\",\"tabPosterImage\":[\"154\"],\"tabVideo\":\"\"}},\"167\":{\"modified\":\"1\",\"type\":\"deviceTab\",\"enabled\":\"1\",\"collapsed\":\"0\",\"level\":\"2\",\"fields\":{\"cb_tabImage\":[\"148\"],\"tabLabel\":\"+ Long Form Video\",\"cb_tabDescription\":\"Drive views for your trailer, short film, how-to, or any other video.\",\"tabPosterImage\":[\"105\"],\"tabVideo\":\"\"}},\"114\":{\"modified\":\"1\",\"type\":\"cb_section\",\"enabled\":\"1\",\"collapsed\":\"0\",\"level\":\"0\",\"fields\":{\"cb_sectionTitle\":\"Snap Ads\",\"cb_sectionBackgroundColor\":\"white\"}},\"115\":{\"modified\":\"1\",\"type\":\"centeredTextLockup\",\"enabled\":\"1\",\"collapsed\":\"0\",\"level\":\"1\"},\"116\":{\"modified\":\"1\",\"type\":\"headline\",\"enabled\":\"1\",\"collapsed\":\"0\",\"level\":\"2\",\"fields\":{\"cb_headline\":\"Snap Ads\"}},\"117\":{\"modified\":\"1\",\"type\":\"subhead\",\"enabled\":\"1\",\"collapsed\":\"0\",\"level\":\"2\",\"fields\":{\"cb_subhead\":\"The original vertical video ad \\u2014 now with attachments customized for your objectives.\"}},\"118\":{\"modified\":\"1\",\"type\":\"cb_section\",\"enabled\":\"1\",\"collapsed\":\"0\",\"level\":\"0\",\"fields\":{\"cb_sectionTitle\":\"Filters\",\"cb_sectionBackgroundColor\":\"gray\"}},\"119\":{\"modified\":\"1\",\"type\":\"centeredTextLockup\",\"enabled\":\"1\",\"collapsed\":\"0\",\"level\":\"1\"},\"120\":{\"modified\":\"1\",\"type\":\"headline\",\"enabled\":\"1\",\"collapsed\":\"0\",\"level\":\"2\",\"fields\":{\"cb_headline\":\"Filters\"}},\"121\":{\"modified\":\"1\",\"type\":\"subhead\",\"enabled\":\"1\",\"collapsed\":\"0\",\"level\":\"2\",\"fields\":{\"cb_subhead\":\"Filters allow you to be where your product is bought, thought about, or consumed. Create your own Filter and drive awareness, advocacy, and action in one package.\"}},\"122\":{\"modified\":\"1\",\"type\":\"primaryButton\",\"enabled\":\"1\",\"collapsed\":\"0\",\"level\":\"2\",\"fields\":{\"cb_button\":{\"type\":\"custom\",\"custom\":\"http:\\/\\/geofilters.snapchat.com\",\"entry\":\"\",\"customText\":\"Create A Filter\",\"target\":\"_blank\"}}},\"123\":{\"modified\":\"1\",\"type\":\"secondaryButton\",\"enabled\":\"1\",\"collapsed\":\"0\",\"level\":\"2\",\"fields\":{\"cb_button\":{\"type\":\"custom\",\"custom\":\"https:\\/\\/businesshelp.snapchat.com\\/en-US\\/article\\/create-geofilter\",\"entry\":\"\",\"customText\":\"View Guidelines\",\"target\":\"\"}}},\"124\":{\"modified\":\"1\",\"type\":\"mobileDeviceGrid\",\"enabled\":\"1\",\"collapsed\":\"0\",\"level\":\"1\",\"fields\":{\"cb_chillahTooltip\":{\"140\":{\"type\":\"tooltip\",\"enabled\":\"1\",\"fields\":{\"chillah\":[\"143\"],\"tooltipText\":\"<p>On average, more than a billion Snaps with Filters are viewed every day.<sup>1<\\/sup><\\/p>\",\"location\":\"topRight\"}}}}},\"125\":{\"modified\":\"1\",\"type\":\"device\",\"enabled\":\"1\",\"collapsed\":\"0\",\"level\":\"2\",\"fields\":{\"cb_deviceImage\":[\"101\"],\"cb_deviceVideo\":\"\",\"cb_deviceHeadline\":\"\",\"cb_deviceBody\":\"\"}},\"126\":{\"modified\":\"1\",\"type\":\"device\",\"enabled\":\"1\",\"collapsed\":\"0\",\"level\":\"2\",\"fields\":{\"cb_deviceImage\":[\"157\"],\"cb_deviceVideo\":\"\",\"cb_deviceHeadline\":\"\",\"cb_deviceBody\":\"\"}},\"127\":{\"modified\":\"1\",\"type\":\"device\",\"enabled\":\"1\",\"collapsed\":\"0\",\"level\":\"2\",\"fields\":{\"cb_deviceImage\":[\"103\"],\"cb_deviceVideo\":\"\",\"cb_deviceHeadline\":\"\",\"cb_deviceBody\":\"\"}},\"128\":{\"modified\":\"1\",\"type\":\"cb_section\",\"enabled\":\"1\",\"collapsed\":\"0\",\"level\":\"0\",\"fields\":{\"cb_sectionTitle\":\"Lenses\",\"cb_sectionBackgroundColor\":\"white\"}},\"129\":{\"modified\":\"1\",\"type\":\"centeredTextLockup\",\"enabled\":\"1\",\"collapsed\":\"0\",\"level\":\"1\"},\"130\":{\"modified\":\"1\",\"type\":\"headline\",\"enabled\":\"1\",\"collapsed\":\"0\",\"level\":\"2\",\"fields\":{\"cb_headline\":\"Lenses\"}},\"131\":{\"modified\":\"1\",\"type\":\"subhead\",\"enabled\":\"1\",\"collapsed\":\"0\",\"level\":\"2\",\"fields\":{\"cb_subhead\":\"Lenses are the most playful and memorable way to increase awareness, on a massive scale. With one tap, you can invite Snapchatters into your world \\u2014 and your story.\"}},\"132\":{\"modified\":\"1\",\"type\":\"mobileDeviceGrid\",\"enabled\":\"1\",\"collapsed\":\"0\",\"level\":\"1\",\"fields\":{\"cb_chillahTooltip\":\"\"}},\"133\":{\"modified\":\"1\",\"type\":\"device\",\"enabled\":\"1\",\"collapsed\":\"0\",\"level\":\"2\",\"fields\":{\"cb_deviceImage\":[\"159\"],\"cb_deviceVideo\":\"\",\"cb_deviceHeadline\":\"\",\"cb_deviceBody\":\"\"}},\"134\":{\"modified\":\"1\",\"type\":\"device\",\"enabled\":\"1\",\"collapsed\":\"0\",\"level\":\"2\",\"fields\":{\"cb_deviceImage\":[\"151\"],\"cb_deviceVideo\":\"\",\"cb_deviceHeadline\":\"\",\"cb_deviceBody\":\"\"}},\"135\":{\"modified\":\"1\",\"type\":\"device\",\"enabled\":\"1\",\"collapsed\":\"0\",\"level\":\"2\",\"fields\":{\"cb_deviceImage\":[\"161\"],\"cb_deviceVideo\":\"\",\"cb_deviceHeadline\":\"\",\"cb_deviceBody\":\"\"}},\"136\":{\"modified\":\"1\",\"type\":\"cb_section\",\"enabled\":\"1\",\"collapsed\":\"0\",\"level\":\"0\",\"fields\":{\"cb_sectionTitle\":\"Video\",\"cb_sectionBackgroundColor\":\"gray\"}},\"137\":{\"modified\":\"1\",\"type\":\"centeredTextLockup\",\"enabled\":\"1\",\"collapsed\":\"0\",\"level\":\"1\"},\"138\":{\"modified\":\"1\",\"type\":\"headline\",\"enabled\":\"1\",\"collapsed\":\"0\",\"level\":\"2\",\"fields\":{\"cb_headline\":\"See where your ads will run on Snapchat\"}}},\"16\":\"1\",\"15\":\"blue\",\"7\":\"solutions\"}}', '2017-07-26 23:47:16', '2017-07-26 23:47:16', '6440cb5e-0e49-46a1-a6d2-8db19d9564b9'),
 ('47', '98', '3', '1', 'en_us', '11', '', '{\"typeId\":\"3\",\"authorId\":\"1\",\"title\":\"Solutions\",\"slug\":\"solutions\",\"postDate\":1501109280,\"expiryDate\":null,\"enabled\":1,\"parentId\":\"\",\"fields\":{\"3\":{\"107\":{\"modified\":\"1\",\"type\":\"cb_section\",\"enabled\":\"1\",\"collapsed\":\"0\",\"level\":\"0\",\"fields\":{\"cb_sectionTitle\":\"Overview\",\"cb_sectionBackgroundColor\":\"gray\"}},\"108\":{\"modified\":\"1\",\"type\":\"centeredTextLockup\",\"enabled\":\"1\",\"collapsed\":\"0\",\"level\":\"1\"},\"109\":{\"modified\":\"1\",\"type\":\"headline\",\"enabled\":\"1\",\"collapsed\":\"0\",\"level\":\"2\",\"fields\":{\"cb_headline\":\"Our ad products are fun and effective, for every objective\"}},\"110\":{\"modified\":\"1\",\"type\":\"mobileDeviceGrid\",\"enabled\":\"1\",\"collapsed\":\"0\",\"level\":\"1\",\"fields\":{\"cb_chillahTooltip\":\"\"}},\"111\":{\"modified\":\"1\",\"type\":\"device\",\"enabled\":\"1\",\"collapsed\":\"0\",\"level\":\"2\",\"fields\":{\"cb_devicePosterImage\":[\"100\"],\"cb_deviceVideo\":\"\"}},\"168\":{\"modified\":\"1\",\"type\":\"deviceText\",\"enabled\":\"1\",\"collapsed\":\"0\",\"level\":\"3\",\"fields\":{\"cb_headline\":\"Snap Ads\",\"cb_subhead\":\"Captivate your audience with full-screen Snap Ads.\"}},\"112\":{\"modified\":\"1\",\"type\":\"device\",\"enabled\":\"1\",\"collapsed\":\"0\",\"level\":\"2\",\"fields\":{\"cb_devicePosterImage\":[\"99\"],\"cb_deviceVideo\":\"\"}},\"169\":{\"modified\":\"1\",\"type\":\"deviceText\",\"enabled\":\"1\",\"collapsed\":\"0\",\"level\":\"3\",\"fields\":{\"cb_headline\":\"Filters\",\"cb_subhead\":\"Own a place or event with location-based Filters.\"}},\"113\":{\"modified\":\"1\",\"type\":\"device\",\"enabled\":\"1\",\"collapsed\":\"0\",\"level\":\"2\",\"fields\":{\"cb_devicePosterImage\":[\"160\"],\"cb_deviceVideo\":\"\"}},\"170\":{\"modified\":\"1\",\"type\":\"deviceText\",\"enabled\":\"1\",\"collapsed\":\"0\",\"level\":\"3\",\"fields\":{\"cb_headline\":\"Lenses\",\"cb_subhead\":\"Invite customers to play and share with Lenses.\"}},\"144\":{\"modified\":\"1\",\"type\":\"cb_section\",\"enabled\":\"1\",\"collapsed\":\"0\",\"level\":\"0\",\"fields\":{\"cb_sectionTitle\":\"Snap Ads\",\"cb_sectionBackgroundColor\":\"white\"}},\"162\":{\"modified\":\"1\",\"type\":\"deviceTabs\",\"enabled\":\"1\",\"collapsed\":\"0\",\"level\":\"1\",\"fields\":{\"cb_chillahTooltip\":{\"163\":{\"type\":\"tooltip\",\"enabled\":\"1\",\"fields\":{\"chillah\":[\"141\"],\"tooltipText\":\"<p>On average, over 10 billion videos are watched on Snapchat every day.<sup>1<\\/sup><\\/p>\",\"location\":\"topLeft\"}}}}},\"164\":{\"modified\":\"1\",\"type\":\"deviceTab\",\"enabled\":\"1\",\"collapsed\":\"0\",\"level\":\"2\",\"fields\":{\"cb_tabImage\":[\"145\"],\"tabLabel\":\"Snap Ads\",\"cb_tabDescription\":\"Snap Ads are full-screen, 100% viewable, and have audio on by default.\",\"cb_devicePosterImage\":[\"152\"],\"cb_deviceVideo\":\"\"}},\"165\":{\"modified\":\"1\",\"type\":\"deviceTab\",\"enabled\":\"1\",\"collapsed\":\"0\",\"level\":\"2\",\"fields\":{\"cb_tabImage\":[\"146\"],\"tabLabel\":\"+ Web View\",\"cb_tabDescription\":\"Drive traffic to your pre-loaded website. With our Auto-Fill feature, Snapchatters can send you their account email and more by just tapping.\",\"cb_devicePosterImage\":[\"102\"],\"cb_deviceVideo\":\"\"}},\"166\":{\"modified\":\"1\",\"type\":\"deviceTab\",\"enabled\":\"1\",\"collapsed\":\"0\",\"level\":\"2\",\"fields\":{\"cb_tabImage\":[\"147\"],\"tabLabel\":\"+ App Install\",\"cb_tabDescription\":\"Drive installs for your app with a swipe and a tap. Snapchatters can even install your app without leaving ours.\",\"cb_devicePosterImage\":[\"154\"],\"cb_deviceVideo\":\"\"}},\"167\":{\"modified\":\"1\",\"type\":\"deviceTab\",\"enabled\":\"1\",\"collapsed\":\"0\",\"level\":\"2\",\"fields\":{\"cb_tabImage\":[\"148\"],\"tabLabel\":\"+ Long Form Video\",\"cb_tabDescription\":\"Drive views for your trailer, short film, how-to, or any other video.\",\"cb_devicePosterImage\":[\"105\"],\"cb_deviceVideo\":\"\"}},\"114\":{\"modified\":\"1\",\"type\":\"cb_section\",\"enabled\":\"1\",\"collapsed\":\"0\",\"level\":\"0\",\"fields\":{\"cb_sectionTitle\":\"Snap Ads\",\"cb_sectionBackgroundColor\":\"white\"}},\"115\":{\"modified\":\"1\",\"type\":\"centeredTextLockup\",\"enabled\":\"1\",\"collapsed\":\"0\",\"level\":\"1\"},\"116\":{\"modified\":\"1\",\"type\":\"headline\",\"enabled\":\"1\",\"collapsed\":\"0\",\"level\":\"2\",\"fields\":{\"cb_headline\":\"Snap Ads\"}},\"117\":{\"modified\":\"1\",\"type\":\"subhead\",\"enabled\":\"1\",\"collapsed\":\"0\",\"level\":\"2\",\"fields\":{\"cb_subhead\":\"The original vertical video ad \\u2014 now with attachments customized for your objectives.\"}},\"118\":{\"modified\":\"1\",\"type\":\"cb_section\",\"enabled\":\"1\",\"collapsed\":\"0\",\"level\":\"0\",\"fields\":{\"cb_sectionTitle\":\"Filters\",\"cb_sectionBackgroundColor\":\"gray\"}},\"119\":{\"modified\":\"1\",\"type\":\"centeredTextLockup\",\"enabled\":\"1\",\"collapsed\":\"0\",\"level\":\"1\"},\"120\":{\"modified\":\"1\",\"type\":\"headline\",\"enabled\":\"1\",\"collapsed\":\"0\",\"level\":\"2\",\"fields\":{\"cb_headline\":\"Filters\"}},\"121\":{\"modified\":\"1\",\"type\":\"subhead\",\"enabled\":\"1\",\"collapsed\":\"0\",\"level\":\"2\",\"fields\":{\"cb_subhead\":\"Filters allow you to be where your product is bought, thought about, or consumed. Create your own Filter and drive awareness, advocacy, and action in one package.\"}},\"122\":{\"modified\":\"1\",\"type\":\"primaryButton\",\"enabled\":\"1\",\"collapsed\":\"0\",\"level\":\"2\",\"fields\":{\"cb_button\":{\"type\":\"custom\",\"custom\":\"http:\\/\\/geofilters.snapchat.com\",\"entry\":\"\",\"customText\":\"Create A Filter\",\"target\":\"_blank\"}}},\"123\":{\"modified\":\"1\",\"type\":\"secondaryButton\",\"enabled\":\"1\",\"collapsed\":\"0\",\"level\":\"2\",\"fields\":{\"cb_button\":{\"type\":\"custom\",\"custom\":\"https:\\/\\/businesshelp.snapchat.com\\/en-US\\/article\\/create-geofilter\",\"entry\":\"\",\"customText\":\"View Guidelines\",\"target\":\"\"}}},\"124\":{\"modified\":\"1\",\"type\":\"mobileDeviceGrid\",\"enabled\":\"1\",\"collapsed\":\"0\",\"level\":\"1\",\"fields\":{\"cb_chillahTooltip\":{\"140\":{\"type\":\"tooltip\",\"enabled\":\"1\",\"fields\":{\"chillah\":[\"143\"],\"tooltipText\":\"<p>On average, more than a billion Snaps with Filters are viewed every day.<sup>1<\\/sup><\\/p>\",\"location\":\"topRight\"}}}}},\"125\":{\"modified\":\"1\",\"type\":\"device\",\"enabled\":\"1\",\"collapsed\":\"0\",\"level\":\"2\",\"fields\":{\"cb_devicePosterImage\":[\"101\"],\"cb_deviceVideo\":\"\"}},\"126\":{\"modified\":\"1\",\"type\":\"device\",\"enabled\":\"1\",\"collapsed\":\"0\",\"level\":\"2\",\"fields\":{\"cb_devicePosterImage\":[\"157\"],\"cb_deviceVideo\":\"\"}},\"127\":{\"modified\":\"1\",\"type\":\"device\",\"enabled\":\"1\",\"collapsed\":\"0\",\"level\":\"2\",\"fields\":{\"cb_devicePosterImage\":[\"103\"],\"cb_deviceVideo\":\"\"}},\"128\":{\"modified\":\"1\",\"type\":\"cb_section\",\"enabled\":\"1\",\"collapsed\":\"0\",\"level\":\"0\",\"fields\":{\"cb_sectionTitle\":\"Lenses\",\"cb_sectionBackgroundColor\":\"white\"}},\"129\":{\"modified\":\"1\",\"type\":\"centeredTextLockup\",\"enabled\":\"1\",\"collapsed\":\"0\",\"level\":\"1\"},\"130\":{\"modified\":\"1\",\"type\":\"headline\",\"enabled\":\"1\",\"collapsed\":\"0\",\"level\":\"2\",\"fields\":{\"cb_headline\":\"Lenses\"}},\"131\":{\"modified\":\"1\",\"type\":\"subhead\",\"enabled\":\"1\",\"collapsed\":\"0\",\"level\":\"2\",\"fields\":{\"cb_subhead\":\"Lenses are the most playful and memorable way to increase awareness, on a massive scale. With one tap, you can invite Snapchatters into your world \\u2014 and your story.\"}},\"132\":{\"modified\":\"1\",\"type\":\"mobileDeviceGrid\",\"enabled\":\"1\",\"collapsed\":\"0\",\"level\":\"1\",\"fields\":{\"cb_chillahTooltip\":\"\"}},\"133\":{\"modified\":\"1\",\"type\":\"device\",\"enabled\":\"1\",\"collapsed\":\"0\",\"level\":\"2\",\"fields\":{\"cb_devicePosterImage\":[\"159\"],\"cb_deviceVideo\":\"\"}},\"134\":{\"modified\":\"1\",\"type\":\"device\",\"enabled\":\"1\",\"collapsed\":\"0\",\"level\":\"2\",\"fields\":{\"cb_devicePosterImage\":[\"151\"],\"cb_deviceVideo\":\"\"}},\"135\":{\"modified\":\"1\",\"type\":\"device\",\"enabled\":\"1\",\"collapsed\":\"0\",\"level\":\"2\",\"fields\":{\"cb_devicePosterImage\":[\"161\"],\"cb_deviceVideo\":\"\"}},\"136\":{\"modified\":\"1\",\"type\":\"cb_section\",\"enabled\":\"1\",\"collapsed\":\"0\",\"level\":\"0\",\"fields\":{\"cb_sectionTitle\":\"Video\",\"cb_sectionBackgroundColor\":\"gray\"}},\"137\":{\"modified\":\"1\",\"type\":\"centeredTextLockup\",\"enabled\":\"1\",\"collapsed\":\"0\",\"level\":\"1\"},\"138\":{\"modified\":\"1\",\"type\":\"headline\",\"enabled\":\"1\",\"collapsed\":\"0\",\"level\":\"2\",\"fields\":{\"cb_headline\":\"See where your ads will run on Snapchat\"}}},\"16\":\"1\",\"15\":\"blue\",\"7\":\"solutions\"}}', '2017-07-26 23:52:20', '2017-07-26 23:52:20', '9fae9c83-a9b7-4e24-aaa2-054514ba7760'),
 ('69', '98', '3', '1', 'en_us', '12', '', '{\"typeId\":\"3\",\"authorId\":\"1\",\"title\":\"Solutions\",\"slug\":\"solutions\",\"postDate\":1501109280,\"expiryDate\":null,\"enabled\":1,\"parentId\":\"\",\"fields\":{\"3\":{\"107\":{\"modified\":\"1\",\"type\":\"newSection\",\"enabled\":\"1\",\"collapsed\":\"0\",\"level\":\"0\",\"fields\":{\"sectionTitle\":\"Overview\",\"sectionBackgroundColor\":\"gray\"}},\"108\":{\"modified\":\"1\",\"type\":\"centeredTextLockup\",\"enabled\":\"1\",\"collapsed\":\"0\",\"level\":\"1\",\"fields\":{\"image\":\"\",\"headline\":\"Our ad products are fun and effective, for every objective\",\"subhead\":\"\",\"ctaButtons\":\"\"}},\"110\":{\"modified\":\"1\",\"type\":\"mobileDeviceGrid\",\"enabled\":\"1\",\"collapsed\":\"0\",\"level\":\"1\",\"fields\":{\"mobileDevices\":{\"new1\":{\"type\":\"device\",\"enabled\":\"1\",\"fields\":{\"video\":\"\",\"posterImage\":\"\",\"headline\":\"\",\"subhead\":\"\"}}},\"chillahTooltip\":\"\"}},\"144\":{\"modified\":\"1\",\"type\":\"newSection\",\"enabled\":\"1\",\"collapsed\":\"0\",\"level\":\"0\",\"fields\":{\"sectionTitle\":\"Snap Ads\",\"sectionBackgroundColor\":\"white\"}},\"162\":{\"modified\":\"1\",\"type\":\"deviceTabs\",\"enabled\":\"1\",\"collapsed\":\"0\",\"level\":\"1\",\"fields\":{\"deviceTab\":\"\",\"chillahTooltip\":{\"163\":{\"type\":\"tooltip\",\"enabled\":\"1\",\"fields\":{\"chillah\":[\"141\"],\"tooltipText\":\"<p>On average, over 10 billion videos are watched on Snapchat every day.<sup>1<\\/sup><\\/p>\",\"location\":\"topLeft\"}}}}},\"114\":{\"modified\":\"1\",\"type\":\"newSection\",\"enabled\":\"1\",\"collapsed\":\"0\",\"level\":\"0\",\"fields\":{\"sectionTitle\":\"Snap Ads\",\"sectionBackgroundColor\":\"white\"}},\"115\":{\"modified\":\"1\",\"type\":\"centeredTextLockup\",\"enabled\":\"1\",\"collapsed\":\"0\",\"level\":\"1\",\"fields\":{\"image\":\"\",\"headline\":\"\",\"subhead\":\"\",\"ctaButtons\":\"\"}},\"118\":{\"modified\":\"1\",\"type\":\"newSection\",\"enabled\":\"1\",\"collapsed\":\"0\",\"level\":\"0\",\"fields\":{\"sectionTitle\":\"Filters\",\"sectionBackgroundColor\":\"gray\"}},\"119\":{\"modified\":\"1\",\"type\":\"centeredTextLockup\",\"enabled\":\"1\",\"collapsed\":\"0\",\"level\":\"1\",\"fields\":{\"image\":\"\",\"headline\":\"\",\"subhead\":\"\",\"ctaButtons\":\"\"}},\"124\":{\"modified\":\"1\",\"type\":\"mobileDeviceGrid\",\"enabled\":\"1\",\"collapsed\":\"0\",\"level\":\"1\",\"fields\":{\"mobileDevices\":\"\",\"chillahTooltip\":{\"140\":{\"type\":\"tooltip\",\"enabled\":\"1\",\"fields\":{\"chillah\":[\"143\"],\"tooltipText\":\"<p>On average, more than a billion Snaps with Filters are viewed every day.<sup>1<\\/sup><\\/p>\",\"location\":\"topRight\"}}}}},\"128\":{\"modified\":\"1\",\"type\":\"newSection\",\"enabled\":\"1\",\"collapsed\":\"0\",\"level\":\"0\",\"fields\":{\"sectionTitle\":\"Lenses\",\"sectionBackgroundColor\":\"white\"}},\"129\":{\"modified\":\"1\",\"type\":\"centeredTextLockup\",\"enabled\":\"1\",\"collapsed\":\"0\",\"level\":\"1\",\"fields\":{\"image\":\"\",\"headline\":\"\",\"subhead\":\"\",\"ctaButtons\":\"\"}},\"132\":{\"modified\":\"1\",\"type\":\"mobileDeviceGrid\",\"enabled\":\"1\",\"collapsed\":\"0\",\"level\":\"1\",\"fields\":{\"mobileDevices\":\"\",\"chillahTooltip\":\"\"}},\"136\":{\"modified\":\"1\",\"type\":\"newSection\",\"enabled\":\"1\",\"collapsed\":\"0\",\"level\":\"0\",\"fields\":{\"sectionTitle\":\"Video\",\"sectionBackgroundColor\":\"gray\"}},\"137\":{\"modified\":\"1\",\"type\":\"centeredTextLockup\",\"enabled\":\"1\",\"collapsed\":\"0\",\"level\":\"1\",\"fields\":{\"image\":\"\",\"headline\":\"\",\"subhead\":\"\",\"ctaButtons\":\"\"}}},\"16\":\"1\",\"15\":\"blue\",\"7\":\"solutions\"}}', '2017-08-03 18:46:17', '2017-08-03 18:46:17', '9d8c69c2-723b-452c-b9d1-1d74257d9dc2'),
 ('70', '98', '3', '1', 'en_us', '13', '', '{\"typeId\":\"3\",\"authorId\":\"1\",\"title\":\"Solutions\",\"slug\":\"solutions\",\"postDate\":1501109280,\"expiryDate\":null,\"enabled\":1,\"parentId\":\"\",\"fields\":{\"3\":{\"107\":{\"modified\":\"1\",\"type\":\"newSection\",\"enabled\":\"1\",\"collapsed\":\"0\",\"level\":\"0\",\"fields\":{\"sectionTitle\":\"Overview\",\"sectionBackgroundColor\":\"gray\"}},\"108\":{\"modified\":\"1\",\"type\":\"centeredTextLockup\",\"enabled\":\"1\",\"collapsed\":\"0\",\"level\":\"1\",\"fields\":{\"image\":\"\",\"headline\":\"Our ad products are fun and effective, for every objective\",\"subhead\":\"\",\"ctaButtons\":\"\"}},\"110\":{\"modified\":\"1\",\"type\":\"mobileDeviceGrid\",\"enabled\":\"1\",\"collapsed\":\"0\",\"level\":\"1\",\"fields\":{\"mobileDevices\":{\"206\":{\"type\":\"device\",\"enabled\":\"1\",\"fields\":{\"video\":\"\",\"posterImage\":[\"100\"],\"headline\":\"Snap Ads\",\"subhead\":\"Captivate your audience with full-screen Snap Ads.\"}},\"new1\":{\"type\":\"device\",\"enabled\":\"1\",\"fields\":{\"video\":\"\",\"posterImage\":[\"99\"],\"headline\":\"Filters\",\"subhead\":\"Own a place or event with location-based Filters.\"}},\"new2\":{\"type\":\"device\",\"enabled\":\"1\",\"fields\":{\"video\":\"\",\"posterImage\":[\"160\"],\"headline\":\"Lenses\",\"subhead\":\"Invite customers to play and share with Lenses.\"}}},\"chillahTooltip\":\"\"}},\"144\":{\"modified\":\"1\",\"type\":\"newSection\",\"enabled\":\"1\",\"collapsed\":\"0\",\"level\":\"0\",\"fields\":{\"sectionTitle\":\"Snap Ads\",\"sectionBackgroundColor\":\"white\"}},\"new0\":{\"modified\":\"1\",\"type\":\"centeredTextLockup\",\"enabled\":\"1\",\"collapsed\":\"0\",\"level\":\"1\",\"fields\":{\"image\":\"\",\"headline\":\"Snap Ads\",\"subhead\":\"The original vertical video ad \\u2014 now with attachments customized for your objectives.\",\"ctaButtons\":\"\"}},\"162\":{\"modified\":\"1\",\"type\":\"deviceTabs\",\"enabled\":\"1\",\"collapsed\":\"0\",\"level\":\"1\",\"fields\":{\"deviceTab\":{\"new1\":{\"type\":\"tab\",\"enabled\":\"1\",\"fields\":{\"image\":[\"152\"],\"label\":\"Snap ads\",\"description\":\"Snap Ads are full-screen, 100% viewable, and have audio on by default.\"}},\"new2\":{\"type\":\"tab\",\"enabled\":\"1\",\"fields\":{\"image\":\"\",\"label\":\"+ Web View\",\"description\":\"\"}}},\"chillahTooltip\":{\"163\":{\"type\":\"tooltip\",\"enabled\":\"1\",\"fields\":{\"chillah\":[\"141\"],\"tooltipText\":\"<p>On average, over 10 billion videos are watched on Snapchat every day.<sup>1<\\/sup><\\/p>\",\"location\":\"topLeft\"}}}}},\"114\":{\"modified\":\"1\",\"type\":\"newSection\",\"enabled\":\"1\",\"collapsed\":\"0\",\"level\":\"0\",\"fields\":{\"sectionTitle\":\"Snap Ads\",\"sectionBackgroundColor\":\"white\"}},\"115\":{\"modified\":\"1\",\"type\":\"centeredTextLockup\",\"enabled\":\"1\",\"collapsed\":\"0\",\"level\":\"1\",\"fields\":{\"image\":\"\",\"headline\":\"\",\"subhead\":\"\",\"ctaButtons\":\"\"}},\"118\":{\"modified\":\"1\",\"type\":\"newSection\",\"enabled\":\"1\",\"collapsed\":\"0\",\"level\":\"0\",\"fields\":{\"sectionTitle\":\"Filters\",\"sectionBackgroundColor\":\"gray\"}},\"119\":{\"modified\":\"1\",\"type\":\"centeredTextLockup\",\"enabled\":\"1\",\"collapsed\":\"0\",\"level\":\"1\",\"fields\":{\"image\":\"\",\"headline\":\"\",\"subhead\":\"\",\"ctaButtons\":\"\"}},\"124\":{\"modified\":\"1\",\"type\":\"mobileDeviceGrid\",\"enabled\":\"1\",\"collapsed\":\"0\",\"level\":\"1\",\"fields\":{\"mobileDevices\":\"\",\"chillahTooltip\":{\"140\":{\"type\":\"tooltip\",\"enabled\":\"1\",\"fields\":{\"chillah\":[\"143\"],\"tooltipText\":\"<p>On average, more than a billion Snaps with Filters are viewed every day.<sup>1<\\/sup><\\/p>\",\"location\":\"topRight\"}}}}},\"128\":{\"modified\":\"1\",\"type\":\"newSection\",\"enabled\":\"1\",\"collapsed\":\"0\",\"level\":\"0\",\"fields\":{\"sectionTitle\":\"Lenses\",\"sectionBackgroundColor\":\"white\"}},\"129\":{\"modified\":\"1\",\"type\":\"centeredTextLockup\",\"enabled\":\"1\",\"collapsed\":\"0\",\"level\":\"1\",\"fields\":{\"image\":\"\",\"headline\":\"\",\"subhead\":\"\",\"ctaButtons\":\"\"}},\"132\":{\"modified\":\"1\",\"type\":\"mobileDeviceGrid\",\"enabled\":\"1\",\"collapsed\":\"0\",\"level\":\"1\",\"fields\":{\"mobileDevices\":\"\",\"chillahTooltip\":\"\"}},\"136\":{\"modified\":\"1\",\"type\":\"newSection\",\"enabled\":\"1\",\"collapsed\":\"0\",\"level\":\"0\",\"fields\":{\"sectionTitle\":\"Video\",\"sectionBackgroundColor\":\"gray\"}},\"137\":{\"modified\":\"1\",\"type\":\"centeredTextLockup\",\"enabled\":\"1\",\"collapsed\":\"0\",\"level\":\"1\",\"fields\":{\"image\":\"\",\"headline\":\"\",\"subhead\":\"\",\"ctaButtons\":\"\"}}},\"16\":\"1\",\"15\":\"blue\",\"7\":\"solutions\"}}', '2017-08-03 18:50:27', '2017-08-03 18:50:27', '021e60e7-d6c1-4529-b4a3-bdf541b70b1b'),
 ('71', '98', '3', '1', 'en_us', '14', '', '{\"typeId\":\"3\",\"authorId\":\"1\",\"title\":\"Solutions\",\"slug\":\"solutions\",\"postDate\":1501109280,\"expiryDate\":null,\"enabled\":1,\"parentId\":\"\",\"fields\":{\"3\":{\"107\":{\"modified\":\"1\",\"type\":\"newSection\",\"enabled\":\"1\",\"collapsed\":\"0\",\"level\":\"0\",\"fields\":{\"sectionTitle\":\"Overview\",\"sectionBackgroundColor\":\"gray\"}},\"108\":{\"modified\":\"1\",\"type\":\"centeredTextLockup\",\"enabled\":\"1\",\"collapsed\":\"0\",\"level\":\"1\",\"fields\":{\"image\":\"\",\"headline\":\"Our ad products are fun and effective, for every objective\",\"subhead\":\"\",\"ctaButtons\":\"\"}},\"110\":{\"modified\":\"1\",\"type\":\"mobileDeviceGrid\",\"enabled\":\"1\",\"collapsed\":\"0\",\"level\":\"1\",\"fields\":{\"mobileDevices\":{\"206\":{\"type\":\"device\",\"enabled\":\"1\",\"fields\":{\"video\":\"\",\"posterImage\":[\"100\"],\"headline\":\"Snap Ads\",\"subhead\":\"Captivate your audience with full-screen Snap Ads.\"}},\"207\":{\"type\":\"device\",\"enabled\":\"1\",\"fields\":{\"video\":\"\",\"posterImage\":[\"99\"],\"headline\":\"Filters\",\"subhead\":\"Own a place or event with location-based Filters.\"}},\"208\":{\"type\":\"device\",\"enabled\":\"1\",\"fields\":{\"video\":\"\",\"posterImage\":[\"160\"],\"headline\":\"Lenses\",\"subhead\":\"Invite customers to play and share with Lenses.\"}}},\"chillahTooltip\":\"\"}},\"144\":{\"modified\":\"1\",\"type\":\"newSection\",\"enabled\":\"1\",\"collapsed\":\"0\",\"level\":\"0\",\"fields\":{\"sectionTitle\":\"Snap Ads\",\"sectionBackgroundColor\":\"white\"}},\"209\":{\"modified\":\"1\",\"type\":\"centeredTextLockup\",\"enabled\":\"1\",\"collapsed\":\"0\",\"level\":\"1\",\"fields\":{\"image\":\"\",\"headline\":\"Snap Ads\",\"subhead\":\"The original vertical video ad \\u2014 now with attachments customized for your objectives.\",\"ctaButtons\":\"\"}},\"162\":{\"modified\":\"1\",\"type\":\"deviceTabs\",\"enabled\":\"1\",\"collapsed\":\"0\",\"level\":\"1\",\"fields\":{\"deviceTab\":{\"210\":{\"type\":\"tab\",\"enabled\":\"1\",\"fields\":{\"deviceAsset\":[\"152\"],\"tabImage\":[\"145\"],\"tabLabel\":\"Snap ads\",\"description\":\"Snap Ads are full-screen, 100% viewable, and have audio on by default.\"}},\"211\":{\"type\":\"tab\",\"enabled\":\"1\",\"fields\":{\"deviceAsset\":[\"102\"],\"tabImage\":[\"146\"],\"tabLabel\":\"+ Web View\",\"description\":\"Drive traffic to your pre-loaded website. With our Auto-Fill feature, Snapchatters can send you their account email and more by just tapping.\"}}},\"chillahTooltip\":{\"163\":{\"type\":\"tooltip\",\"enabled\":\"1\",\"fields\":{\"chillah\":[\"141\"],\"tooltipText\":\"<p>On average, over 10 billion videos are watched on Snapchat every day.<sup>1<\\/sup><\\/p>\",\"location\":\"topLeft\"}}}}},\"118\":{\"modified\":\"1\",\"type\":\"newSection\",\"enabled\":\"1\",\"collapsed\":\"0\",\"level\":\"0\",\"fields\":{\"sectionTitle\":\"Filters\",\"sectionBackgroundColor\":\"gray\"}},\"119\":{\"modified\":\"1\",\"type\":\"centeredTextLockup\",\"enabled\":\"1\",\"collapsed\":\"0\",\"level\":\"1\",\"fields\":{\"image\":\"\",\"headline\":\"Filters\",\"subhead\":\"Filters allow you to be where your product is bought, thought about, or consumed. Create your own Filter and drive awareness, advocacy, and action in one package.\",\"ctaButtons\":{\"new1\":{\"type\":\"primaryButton\",\"enabled\":\"1\",\"fields\":{\"button\":{\"type\":\"custom\",\"custom\":\"https:\\/\\/geofilters.snapchat.com\",\"entry\":\"\",\"customText\":\"Create A Filter\",\"target\":\"_blank\"}}},\"new2\":{\"type\":\"secondaryButton\",\"enabled\":\"1\",\"fields\":{\"button\":{\"type\":\"custom\",\"custom\":\"https:\\/\\/businesshelp.snapchat.com\\/en-US\\/article\\/create-geofilter\",\"entry\":\"\",\"customText\":\"View Guidelines\",\"target\":\"_blank\"}}}}}},\"124\":{\"modified\":\"1\",\"type\":\"mobileDeviceGrid\",\"enabled\":\"1\",\"collapsed\":\"0\",\"level\":\"1\",\"fields\":{\"mobileDevices\":{\"new1\":{\"type\":\"device\",\"enabled\":\"1\",\"fields\":{\"video\":\"\",\"posterImage\":[\"101\"],\"headline\":\"\",\"subhead\":\"\"}},\"new2\":{\"type\":\"device\",\"enabled\":\"1\",\"fields\":{\"video\":\"\",\"posterImage\":[\"157\"],\"headline\":\"\",\"subhead\":\"\"}},\"new3\":{\"type\":\"device\",\"enabled\":\"1\",\"fields\":{\"video\":\"\",\"posterImage\":[\"103\"],\"headline\":\"\",\"subhead\":\"\"}}},\"chillahTooltip\":{\"140\":{\"type\":\"tooltip\",\"enabled\":\"1\",\"fields\":{\"chillah\":[\"143\"],\"tooltipText\":\"<p>On average, more than a billion Snaps with Filters are viewed every day.<sup>1<\\/sup><\\/p>\",\"location\":\"topRight\"}}}}},\"128\":{\"modified\":\"1\",\"type\":\"newSection\",\"enabled\":\"1\",\"collapsed\":\"0\",\"level\":\"0\",\"fields\":{\"sectionTitle\":\"Lenses\",\"sectionBackgroundColor\":\"white\"}},\"129\":{\"modified\":\"1\",\"type\":\"centeredTextLockup\",\"enabled\":\"1\",\"collapsed\":\"0\",\"level\":\"1\",\"fields\":{\"image\":\"\",\"headline\":\"Lenses\",\"subhead\":\"Lenses are the most playful and memorable way to increase awareness, on a massive scale. With one tap, you can invite Snapchatters into your world \\u2014 and your story.\",\"ctaButtons\":\"\"}},\"132\":{\"modified\":\"1\",\"type\":\"mobileDeviceGrid\",\"enabled\":\"1\",\"collapsed\":\"0\",\"level\":\"1\",\"fields\":{\"mobileDevices\":{\"new1\":{\"type\":\"device\",\"enabled\":\"1\",\"fields\":{\"video\":\"\",\"posterImage\":[\"159\"],\"headline\":\"\",\"subhead\":\"\"}},\"new2\":{\"type\":\"device\",\"enabled\":\"1\",\"fields\":{\"video\":\"\",\"posterImage\":[\"151\"],\"headline\":\"\",\"subhead\":\"\"}},\"new3\":{\"type\":\"device\",\"enabled\":\"1\",\"fields\":{\"video\":\"\",\"posterImage\":[\"161\"],\"headline\":\"\",\"subhead\":\"\"}}},\"chillahTooltip\":{\"new1\":{\"type\":\"tooltip\",\"enabled\":\"1\",\"fields\":{\"chillah\":[\"142\"],\"tooltipText\":\"<p>The best lenses average more than 20 seconds of play time!<sup>1<\\/sup><\\/p>\",\"location\":\"topRight\"}}}}},\"136\":{\"modified\":\"1\",\"type\":\"newSection\",\"enabled\":\"1\",\"collapsed\":\"0\",\"level\":\"0\",\"fields\":{\"sectionTitle\":\"Video\",\"sectionBackgroundColor\":\"gray\"}},\"137\":{\"modified\":\"1\",\"type\":\"centeredTextLockup\",\"enabled\":\"1\",\"collapsed\":\"0\",\"level\":\"1\",\"fields\":{\"image\":\"\",\"headline\":\"See where your ads will run on Snapchat\",\"subhead\":\"\",\"ctaButtons\":\"\"}},\"new1\":{\"modified\":\"1\",\"type\":\"centeredVideo\",\"enabled\":\"1\",\"collapsed\":\"0\",\"level\":\"1\",\"fields\":{\"video\":\"\",\"assetWidth\":\"wide\"}}},\"16\":\"1\",\"15\":\"blue\",\"7\":\"solutions\"}}', '2017-08-03 19:02:45', '2017-08-03 19:02:45', 'e306d9d1-1fc9-4034-baee-92e4f7d9ea60'),
 ('75', '33', '4', '1', 'en_us', '3', '', '{\"typeId\":\"4\",\"authorId\":\"1\",\"title\":\"AB InBev\",\"slug\":\"ab-inbev\",\"postDate\":1500679740,\"expiryDate\":null,\"enabled\":1,\"parentId\":\"\",\"fields\":{\"41\":\"AB InBev\",\"39\":\"Success Story\",\"86\":[\"246\"],\"87\":[\"245\"],\"88\":[\"256\"],\"40\":\"#a91622\",\"38\":[\"97\"],\"43\":\"\",\"42\":\"On average, Snapchatters spent 30 seconds playing Anheuser Busch InBev\'s Bud Bowl game in its Snap Ad Web View.\"}}', '2017-08-07 17:40:39', '2017-08-07 17:40:39', 'e6c62afc-e174-44e8-8296-4565b0e61a2f'),
 ('76', '33', '4', '1', 'en_us', '4', '', '{\"typeId\":\"4\",\"authorId\":\"1\",\"title\":\"AB InBev\",\"slug\":\"ab-inbev\",\"postDate\":1500679740,\"expiryDate\":null,\"enabled\":1,\"parentId\":\"\",\"fields\":{\"41\":\"AB InBev\",\"39\":\"Success Story\",\"86\":[\"246\"],\"87\":[\"245\"],\"88\":[\"256\"],\"40\":\"#a91622\",\"38\":[\"97\"],\"43\":\"\",\"42\":\"On average, Snapchatters spent 30 seconds playing Anheuser Busch InBev\'s Bud Bowl game in its Snap Ad Web View.\"}}', '2017-08-07 17:52:09', '2017-08-07 17:52:09', 'bf5d8e9c-d0bf-4088-bf17-a9bbddce631f'),
 ('79', '98', '3', '1', 'en_us', '15', '', '{\"typeId\":\"3\",\"authorId\":\"1\",\"title\":\"Solutions\",\"slug\":\"solutions\",\"postDate\":1501109280,\"expiryDate\":null,\"enabled\":1,\"parentId\":\"\",\"fields\":{\"3\":{\"107\":{\"modified\":\"1\",\"type\":\"newSection\",\"enabled\":\"1\",\"collapsed\":\"0\",\"level\":\"0\",\"fields\":{\"sectionTitle\":\"Overview\",\"sectionBackgroundColor\":\"gray\"}},\"108\":{\"modified\":\"1\",\"type\":\"centeredTextLockup\",\"enabled\":\"1\",\"collapsed\":\"0\",\"level\":\"1\",\"fields\":{\"image\":\"\",\"headline\":\"Our ad products are fun and effective, for every objective\",\"subhead\":\"\",\"ctaButtons\":\"\"}},\"110\":{\"modified\":\"1\",\"type\":\"mobileDeviceGrid\",\"enabled\":\"1\",\"collapsed\":\"0\",\"level\":\"1\",\"fields\":{\"mobileDevices\":{\"206\":{\"type\":\"device\",\"enabled\":\"1\",\"fields\":{\"videoUrl\":\"https:\\/\\/storage.googleapis.com\\/snapchat-web\\/marketing\\/solutions\\/product-examples\\/postmates.mp4\",\"posterImage\":[\"100\"],\"headline\":\"Snap Ads\",\"subhead\":\"Captivate your audience with full-screen Snap Ads.\"}},\"207\":{\"type\":\"device\",\"enabled\":\"1\",\"fields\":{\"videoUrl\":\"https:\\/\\/storage.googleapis.com\\/snapchat-web\\/marketing\\/solutions\\/product-examples\\/philsdonuts.mp4\",\"posterImage\":[\"99\"],\"headline\":\"Filters\",\"subhead\":\"Own a place or event with location-based Filters.\"}},\"208\":{\"type\":\"device\",\"enabled\":\"1\",\"fields\":{\"videoUrl\":\"https:\\/\\/storage.googleapis.com\\/snapchat-web\\/marketing\\/solutions\\/product-examples\\/bloomingdales.mp4\",\"posterImage\":[\"160\"],\"headline\":\"Lenses\",\"subhead\":\"Invite customers to play and share with Lenses.\"}}},\"chillahTooltip\":\"\"}},\"144\":{\"modified\":\"1\",\"type\":\"newSection\",\"enabled\":\"1\",\"collapsed\":\"0\",\"level\":\"0\",\"fields\":{\"sectionTitle\":\"Snap Ads\",\"sectionBackgroundColor\":\"white\"}},\"209\":{\"modified\":\"1\",\"type\":\"centeredTextLockup\",\"enabled\":\"1\",\"collapsed\":\"0\",\"level\":\"1\",\"fields\":{\"image\":\"\",\"headline\":\"Snap Ads\",\"subhead\":\"The original vertical video ad \\u2014 now with attachments customized for your objectives.\",\"ctaButtons\":\"\"}},\"162\":{\"modified\":\"1\",\"type\":\"deviceTabs\",\"enabled\":\"1\",\"collapsed\":\"0\",\"level\":\"1\",\"fields\":{\"deviceTab\":{\"210\":{\"type\":\"tab\",\"enabled\":\"1\",\"fields\":{\"deviceVideo\":\"\",\"tabImage\":[\"145\"],\"tabLabel\":\"Snap ads\",\"description\":\"Snap Ads are full-screen, 100% viewable, and have audio on by default.\"}},\"211\":{\"type\":\"tab\",\"enabled\":\"1\",\"fields\":{\"deviceVideo\":\"\",\"tabImage\":[\"146\"],\"tabLabel\":\"+ Web View\",\"description\":\"Drive traffic to your pre-loaded website. With our Auto-Fill feature, Snapchatters can send you their account email and more by just tapping.\"}}},\"chillahTooltip\":{\"163\":{\"type\":\"tooltip\",\"enabled\":\"1\",\"fields\":{\"chillah\":[\"141\"],\"tooltipText\":\"<p>On average, over 10 billion videos are watched on Snapchat every day.<sup>1<\\/sup><\\/p>\",\"location\":\"topLeft\"}}}}},\"118\":{\"modified\":\"1\",\"type\":\"newSection\",\"enabled\":\"1\",\"collapsed\":\"0\",\"level\":\"0\",\"fields\":{\"sectionTitle\":\"Filters\",\"sectionBackgroundColor\":\"gray\"}},\"119\":{\"modified\":\"1\",\"type\":\"centeredTextLockup\",\"enabled\":\"1\",\"collapsed\":\"0\",\"level\":\"1\",\"fields\":{\"image\":\"\",\"headline\":\"Filters\",\"subhead\":\"Filters allow you to be where your product is bought, thought about, or consumed. Create your own Filter and drive awareness, advocacy, and action in one package.\",\"ctaButtons\":{\"212\":{\"type\":\"primaryButton\",\"enabled\":\"1\",\"fields\":{\"button\":{\"type\":\"custom\",\"custom\":\"https:\\/\\/geofilters.snapchat.com\",\"entry\":\"\",\"customText\":\"Create A Filter\",\"target\":\"_blank\"}}},\"213\":{\"type\":\"secondaryButton\",\"enabled\":\"1\",\"fields\":{\"button\":{\"type\":\"custom\",\"custom\":\"https:\\/\\/businesshelp.snapchat.com\\/en-US\\/article\\/create-geofilter\",\"entry\":\"\",\"customText\":\"View Guidelines\",\"target\":\"_blank\"}}}}}},\"124\":{\"modified\":\"1\",\"type\":\"mobileDeviceGrid\",\"enabled\":\"1\",\"collapsed\":\"0\",\"level\":\"1\",\"fields\":{\"mobileDevices\":{\"214\":{\"type\":\"device\",\"enabled\":\"1\",\"fields\":{\"videoUrl\":\"\",\"posterImage\":[\"101\"],\"headline\":\"\",\"subhead\":\"\"}},\"215\":{\"type\":\"device\",\"enabled\":\"1\",\"fields\":{\"videoUrl\":\"\",\"posterImage\":[\"157\"],\"headline\":\"\",\"subhead\":\"\"}},\"216\":{\"type\":\"device\",\"enabled\":\"1\",\"fields\":{\"videoUrl\":\"\",\"posterImage\":[\"103\"],\"headline\":\"\",\"subhead\":\"\"}}},\"chillahTooltip\":{\"140\":{\"type\":\"tooltip\",\"enabled\":\"1\",\"fields\":{\"chillah\":[\"143\"],\"tooltipText\":\"<p>On average, more than a billion Snaps with Filters are viewed every day.<sup>1<\\/sup><\\/p>\",\"location\":\"topRight\"}}}}},\"128\":{\"modified\":\"1\",\"type\":\"newSection\",\"enabled\":\"1\",\"collapsed\":\"0\",\"level\":\"0\",\"fields\":{\"sectionTitle\":\"Lenses\",\"sectionBackgroundColor\":\"white\"}},\"129\":{\"modified\":\"1\",\"type\":\"centeredTextLockup\",\"enabled\":\"1\",\"collapsed\":\"0\",\"level\":\"1\",\"fields\":{\"image\":\"\",\"headline\":\"Lenses\",\"subhead\":\"Lenses are the most playful and memorable way to increase awareness, on a massive scale. With one tap, you can invite Snapchatters into your world \\u2014 and your story.\",\"ctaButtons\":\"\"}},\"132\":{\"modified\":\"1\",\"type\":\"mobileDeviceGrid\",\"enabled\":\"1\",\"collapsed\":\"0\",\"level\":\"1\",\"fields\":{\"mobileDevices\":{\"217\":{\"type\":\"device\",\"enabled\":\"1\",\"fields\":{\"videoUrl\":\"\",\"posterImage\":[\"159\"],\"headline\":\"\",\"subhead\":\"\"}},\"218\":{\"type\":\"device\",\"enabled\":\"1\",\"fields\":{\"videoUrl\":\"\",\"posterImage\":[\"151\"],\"headline\":\"\",\"subhead\":\"\"}},\"219\":{\"type\":\"device\",\"enabled\":\"1\",\"fields\":{\"videoUrl\":\"\",\"posterImage\":[\"161\"],\"headline\":\"\",\"subhead\":\"\"}}},\"chillahTooltip\":{\"220\":{\"type\":\"tooltip\",\"enabled\":\"1\",\"fields\":{\"chillah\":[\"142\"],\"tooltipText\":\"<p>The best lenses average more than 20 seconds of play time!<sup>1<\\/sup><\\/p>\",\"location\":\"topRight\"}}}}},\"136\":{\"modified\":\"1\",\"type\":\"newSection\",\"enabled\":\"1\",\"collapsed\":\"0\",\"level\":\"0\",\"fields\":{\"sectionTitle\":\"Video\",\"sectionBackgroundColor\":\"gray\"}},\"137\":{\"modified\":\"1\",\"type\":\"centeredTextLockup\",\"enabled\":\"1\",\"collapsed\":\"0\",\"level\":\"1\",\"fields\":{\"image\":\"\",\"headline\":\"See where your ads will run on Snapchat\",\"subhead\":\"\",\"ctaButtons\":\"\"}},\"221\":{\"modified\":\"1\",\"type\":\"centeredVideo\",\"enabled\":\"1\",\"collapsed\":\"0\",\"level\":\"1\",\"fields\":{\"videoUrl\":\"\",\"assetWidth\":\"wide\"}}},\"16\":\"1\",\"15\":\"blue\",\"7\":\"solutions\"}}', '2017-08-07 18:20:21', '2017-08-07 18:20:21', '1348e9c7-343a-4c8c-a92c-2499b1144258'),
 ('80', '264', '8', '1', 'en_us', '1', NULL, '{\"typeId\":\"8\",\"authorId\":null,\"title\":\"Blog\",\"slug\":\"blog\",\"postDate\":1502141337,\"expiryDate\":null,\"enabled\":1,\"parentId\":null,\"fields\":[]}', '2017-08-07 21:28:57', '2017-08-07 21:28:57', '78897f0c-16b7-4eeb-a3a1-f48f82610870'),
 ('81', '264', '8', '1', 'en_us', '2', '', '{\"typeId\":null,\"authorId\":null,\"title\":\"Blog\",\"slug\":\"blog\",\"postDate\":1502141337,\"expiryDate\":null,\"enabled\":1,\"parentId\":null,\"fields\":{\"10\":\"Facts, tips, news, and more to inspire your next campaign\"}}', '2017-08-07 21:30:59', '2017-08-07 21:30:59', '77e47081-7a9c-48c4-a7ef-dfba6a974de4'),
 ('82', '98', '3', '1', 'en_us', '16', '', '{\"typeId\":\"3\",\"authorId\":\"1\",\"title\":\"Ad Products\",\"slug\":\"solutions\",\"postDate\":1501109280,\"expiryDate\":null,\"enabled\":1,\"parentId\":\"\",\"fields\":{\"3\":{\"107\":{\"modified\":\"1\",\"type\":\"newSection\",\"enabled\":\"1\",\"collapsed\":\"0\",\"level\":\"0\",\"fields\":{\"sectionTitle\":\"Overview\",\"sectionBackgroundColor\":\"gray\"}},\"108\":{\"modified\":\"1\",\"type\":\"centeredTextLockup\",\"enabled\":\"1\",\"collapsed\":\"0\",\"level\":\"1\",\"fields\":{\"image\":\"\",\"headline\":\"Our ad products are fun and effective, for every objective\",\"subhead\":\"\",\"ctaButtons\":\"\"}},\"110\":{\"modified\":\"1\",\"type\":\"mobileDeviceGrid\",\"enabled\":\"1\",\"collapsed\":\"0\",\"level\":\"1\",\"fields\":{\"mobileDevices\":{\"206\":{\"type\":\"device\",\"enabled\":\"1\",\"fields\":{\"videoUrl\":\"https:\\/\\/storage.googleapis.com\\/snapchat-web\\/marketing\\/solutions\\/product-examples\\/postmates.mp4\",\"posterImage\":[\"100\"],\"headline\":\"Snap Ads\",\"subhead\":\"Captivate your audience with full-screen Snap Ads.\"}},\"207\":{\"type\":\"device\",\"enabled\":\"1\",\"fields\":{\"videoUrl\":\"https:\\/\\/storage.googleapis.com\\/snapchat-web\\/marketing\\/solutions\\/product-examples\\/philsdonuts.mp4\",\"posterImage\":[\"99\"],\"headline\":\"Filters\",\"subhead\":\"Own a place or event with location-based Filters.\"}},\"208\":{\"type\":\"device\",\"enabled\":\"1\",\"fields\":{\"videoUrl\":\"https:\\/\\/storage.googleapis.com\\/snapchat-web\\/marketing\\/solutions\\/product-examples\\/bloomingdales.mp4\",\"posterImage\":[\"160\"],\"headline\":\"Lenses\",\"subhead\":\"Invite customers to play and share with Lenses.\"}}},\"chillahTooltip\":\"\"}},\"144\":{\"modified\":\"1\",\"type\":\"newSection\",\"enabled\":\"1\",\"collapsed\":\"0\",\"level\":\"0\",\"fields\":{\"sectionTitle\":\"Snap Ads\",\"sectionBackgroundColor\":\"white\"}},\"209\":{\"modified\":\"1\",\"type\":\"centeredTextLockup\",\"enabled\":\"1\",\"collapsed\":\"0\",\"level\":\"1\",\"fields\":{\"image\":\"\",\"headline\":\"Snap Ads\",\"subhead\":\"The original vertical video ad \\u2014 now with attachments customized for your objectives.\",\"ctaButtons\":\"\"}},\"162\":{\"modified\":\"1\",\"type\":\"deviceTabs\",\"enabled\":\"1\",\"collapsed\":\"0\",\"level\":\"1\",\"fields\":{\"deviceTab\":{\"210\":{\"type\":\"tab\",\"enabled\":\"1\",\"fields\":{\"deviceVideo\":\"\",\"tabImage\":[\"145\"],\"tabLabel\":\"Snap ads\",\"description\":\"Snap Ads are full-screen, 100% viewable, and have audio on by default.\"}},\"211\":{\"type\":\"tab\",\"enabled\":\"1\",\"fields\":{\"deviceVideo\":\"\",\"tabImage\":[\"146\"],\"tabLabel\":\"+ Web View\",\"description\":\"Drive traffic to your pre-loaded website. With our Auto-Fill feature, Snapchatters can send you their account email and more by just tapping.\"}}},\"chillahTooltip\":{\"163\":{\"type\":\"tooltip\",\"enabled\":\"1\",\"fields\":{\"chillah\":[\"141\"],\"tooltipText\":\"<p>On average, over 10 billion videos are watched on Snapchat every day.<sup>1<\\/sup><\\/p>\",\"location\":\"topLeft\"}}}}},\"118\":{\"modified\":\"1\",\"type\":\"newSection\",\"enabled\":\"1\",\"collapsed\":\"0\",\"level\":\"0\",\"fields\":{\"sectionTitle\":\"Filters\",\"sectionBackgroundColor\":\"gray\"}},\"119\":{\"modified\":\"1\",\"type\":\"centeredTextLockup\",\"enabled\":\"1\",\"collapsed\":\"0\",\"level\":\"1\",\"fields\":{\"image\":\"\",\"headline\":\"Filters\",\"subhead\":\"Filters allow you to be where your product is bought, thought about, or consumed. Create your own Filter and drive awareness, advocacy, and action in one package.\",\"ctaButtons\":{\"212\":{\"type\":\"primaryButton\",\"enabled\":\"1\",\"fields\":{\"button\":{\"type\":\"custom\",\"custom\":\"https:\\/\\/geofilters.snapchat.com\",\"entry\":\"\",\"customText\":\"Create A Filter\",\"target\":\"_blank\"}}},\"213\":{\"type\":\"secondaryButton\",\"enabled\":\"1\",\"fields\":{\"button\":{\"type\":\"custom\",\"custom\":\"https:\\/\\/businesshelp.snapchat.com\\/en-US\\/article\\/create-geofilter\",\"entry\":\"\",\"customText\":\"View Guidelines\",\"target\":\"_blank\"}}}}}},\"124\":{\"modified\":\"1\",\"type\":\"mobileDeviceGrid\",\"enabled\":\"1\",\"collapsed\":\"0\",\"level\":\"1\",\"fields\":{\"mobileDevices\":{\"214\":{\"type\":\"device\",\"enabled\":\"1\",\"fields\":{\"videoUrl\":\"\",\"posterImage\":[\"101\"],\"headline\":\"\",\"subhead\":\"\"}},\"215\":{\"type\":\"device\",\"enabled\":\"1\",\"fields\":{\"videoUrl\":\"\",\"posterImage\":[\"157\"],\"headline\":\"\",\"subhead\":\"\"}},\"216\":{\"type\":\"device\",\"enabled\":\"1\",\"fields\":{\"videoUrl\":\"\",\"posterImage\":[\"103\"],\"headline\":\"\",\"subhead\":\"\"}}},\"chillahTooltip\":{\"140\":{\"type\":\"tooltip\",\"enabled\":\"1\",\"fields\":{\"chillah\":[\"143\"],\"tooltipText\":\"<p>On average, more than a billion Snaps with Filters are viewed every day.<sup>1<\\/sup><\\/p>\",\"location\":\"topRight\"}}}}},\"128\":{\"modified\":\"1\",\"type\":\"newSection\",\"enabled\":\"1\",\"collapsed\":\"0\",\"level\":\"0\",\"fields\":{\"sectionTitle\":\"Lenses\",\"sectionBackgroundColor\":\"white\"}},\"129\":{\"modified\":\"1\",\"type\":\"centeredTextLockup\",\"enabled\":\"1\",\"collapsed\":\"0\",\"level\":\"1\",\"fields\":{\"image\":\"\",\"headline\":\"Lenses\",\"subhead\":\"Lenses are the most playful and memorable way to increase awareness, on a massive scale. With one tap, you can invite Snapchatters into your world \\u2014 and your story.\",\"ctaButtons\":\"\"}},\"132\":{\"modified\":\"1\",\"type\":\"mobileDeviceGrid\",\"enabled\":\"1\",\"collapsed\":\"0\",\"level\":\"1\",\"fields\":{\"mobileDevices\":{\"217\":{\"type\":\"device\",\"enabled\":\"1\",\"fields\":{\"videoUrl\":\"\",\"posterImage\":[\"159\"],\"headline\":\"\",\"subhead\":\"\"}},\"218\":{\"type\":\"device\",\"enabled\":\"1\",\"fields\":{\"videoUrl\":\"\",\"posterImage\":[\"151\"],\"headline\":\"\",\"subhead\":\"\"}},\"219\":{\"type\":\"device\",\"enabled\":\"1\",\"fields\":{\"videoUrl\":\"\",\"posterImage\":[\"161\"],\"headline\":\"\",\"subhead\":\"\"}}},\"chillahTooltip\":{\"220\":{\"type\":\"tooltip\",\"enabled\":\"1\",\"fields\":{\"chillah\":[\"142\"],\"tooltipText\":\"<p>The best lenses average more than 20 seconds of play time!<sup>1<\\/sup><\\/p>\",\"location\":\"topRight\"}}}}},\"136\":{\"modified\":\"1\",\"type\":\"newSection\",\"enabled\":\"1\",\"collapsed\":\"0\",\"level\":\"0\",\"fields\":{\"sectionTitle\":\"Video\",\"sectionBackgroundColor\":\"gray\"}},\"137\":{\"modified\":\"1\",\"type\":\"centeredTextLockup\",\"enabled\":\"1\",\"collapsed\":\"0\",\"level\":\"1\",\"fields\":{\"image\":\"\",\"headline\":\"See where your ads will run on Snapchat\",\"subhead\":\"\",\"ctaButtons\":\"\"}},\"221\":{\"modified\":\"1\",\"type\":\"centeredVideo\",\"enabled\":\"1\",\"collapsed\":\"0\",\"level\":\"1\",\"fields\":{\"videoUrl\":\"\",\"assetWidth\":\"wide\"}}},\"16\":\"1\",\"15\":\"blue\",\"7\":\"ad-products\"}}', '2017-08-07 21:49:07', '2017-08-07 21:49:07', '577a17a8-5033-4ac4-8d59-b754d6d76cc3'),
 ('83', '270', '9', '1', 'en_us', '1', NULL, '{\"typeId\":\"9\",\"authorId\":null,\"title\":\"home\",\"slug\":\"home\",\"postDate\":1502144603,\"expiryDate\":null,\"enabled\":1,\"parentId\":null,\"fields\":[]}', '2017-08-07 22:23:24', '2017-08-07 22:23:24', '5294300c-3e50-43cf-ac74-2e4b1f60f5b6'),
 ('86', '290', '3', '1', 'en_us', '1', '', '{\"typeId\":null,\"authorId\":\"1\",\"title\":\"Audiences\",\"slug\":\"audiences\",\"postDate\":1502311107,\"expiryDate\":null,\"enabled\":1,\"parentId\":\"\",\"fields\":{\"103\":\"\",\"106\":\"\",\"105\":\"\",\"89\":\"\",\"3\":\"\",\"107\":\"website\",\"102\":\"\",\"104\":\"\",\"101\":\"\",\"16\":\"1\",\"15\":\"blue\",\"7\":\"audiences\"}}', '2017-08-09 20:38:27', '2017-08-09 20:38:27', '6b00425a-a2e0-4abb-8bb9-e473eaa59f49'),
 ('88', '290', '3', '1', 'en_us', '2', '', '{\"typeId\":\"3\",\"authorId\":\"1\",\"title\":\"Audiences\",\"slug\":\"audiences\",\"postDate\":1502311080,\"expiryDate\":null,\"enabled\":1,\"parentId\":\"\",\"fields\":{\"103\":\"\",\"106\":\"\",\"105\":\"\",\"89\":\"\",\"3\":\"\",\"107\":\"website\",\"102\":\"\",\"104\":\"\",\"101\":\"\",\"16\":\"1\",\"15\":\"purple\",\"7\":\"audiences\"}}', '2017-08-09 20:38:46', '2017-08-09 20:38:46', 'f6e67ea6-8fc5-4daf-b83a-2c8fc0eef35b'),
 ('89', '291', '3', '1', 'en_us', '1', '', '{\"typeId\":null,\"authorId\":\"1\",\"title\":\"Measurement\",\"slug\":\"measurement\",\"postDate\":1502311146,\"expiryDate\":null,\"enabled\":1,\"parentId\":\"\",\"fields\":{\"103\":\"\",\"106\":\"\",\"105\":\"\",\"89\":\"\",\"3\":\"\",\"107\":\"website\",\"102\":\"\",\"104\":\"\",\"101\":\"\",\"16\":\"1\",\"15\":\"orange\",\"7\":\"measurement\"}}', '2017-08-09 20:39:06', '2017-08-09 20:39:06', 'f6d59679-6dee-40a7-bc13-118aab8e178c'),
 ('90', '292', '3', '1', 'en_us', '1', '', '{\"typeId\":null,\"authorId\":\"1\",\"title\":\"Get Started\",\"slug\":\"get-started\",\"postDate\":1502311294,\"expiryDate\":null,\"enabled\":1,\"parentId\":\"\",\"fields\":{\"103\":\"\",\"106\":\"\",\"105\":\"\",\"89\":\"\",\"3\":\"\",\"107\":\"website\",\"102\":\"\",\"104\":\"\",\"101\":\"\",\"16\":\"\",\"15\":\"yellow\",\"7\":\"gettingstarted\"}}', '2017-08-09 20:41:34', '2017-08-09 20:41:34', '436b6585-b19a-4382-bd2d-2e146e0966d3'),
 ('91', '314', '3', '1', 'en_us', '1', '', '{\"typeId\":null,\"authorId\":\"1\",\"title\":\"One With Everything\",\"slug\":\"one-with-everything\",\"postDate\":1502402428,\"expiryDate\":null,\"enabled\":1,\"parentId\":\"\",\"fields\":{\"103\":\"\",\"106\":\"\",\"105\":\"\",\"89\":{\"new1\":{\"type\":\"annotation\",\"enabled\":\"1\",\"fields\":{\"number\":\"1\",\"text\":\"Cool annotation bro.\"}},\"new2\":{\"type\":\"annotation\",\"enabled\":\"1\",\"fields\":{\"number\":\"2\",\"text\":\"Great job annotating this.\"}}},\"3\":{\"new0\":{\"modified\":\"1\",\"type\":\"newSection\",\"enabled\":\"1\",\"collapsed\":\"0\",\"level\":\"0\",\"fields\":{\"sectionTitle\":\"Element Grids\",\"sectionBackgroundColor\":\"gray\"}},\"new1\":{\"modified\":\"1\",\"type\":\"imageCardGrid\",\"enabled\":\"1\",\"collapsed\":\"0\",\"level\":\"1\",\"fields\":{\"imageCardRow\":{\"new1\":{\"type\":\"imageCard\",\"enabled\":\"1\",\"fields\":{\"cardImage\":[\"14\"],\"headline\":\"Card 1 Headline\",\"body\":\"<p>Card 1 body text<\\/p>\"}},\"new2\":{\"type\":\"imageCard\",\"enabled\":\"1\",\"fields\":{\"cardImage\":[\"15\"],\"headline\":\"Card 2 Headline\",\"body\":\"<p>Card 2 body text goes right here.<\\/p>\"}},\"new3\":{\"type\":\"imageCard\",\"enabled\":\"1\",\"fields\":{\"cardImage\":[\"16\"],\"headline\":\"Card 3 Headline\",\"body\":\"<p>Card 3 body looks like this.<\\/p>\"}}},\"chillahTooltip\":\"\"}},\"new2\":{\"modified\":\"1\",\"type\":\"logoGrid\",\"enabled\":\"1\",\"collapsed\":\"0\",\"level\":\"1\",\"fields\":{\"logos\":{\"new1\":{\"type\":\"logo\",\"enabled\":\"1\",\"fields\":{\"image\":[\"76\"],\"imageAltText\":\"Adjust logo\",\"imageLinkUrl\":\"https:\\/\\/snapchat.com\"}},\"new2\":{\"type\":\"logo\",\"enabled\":\"1\",\"fields\":{\"image\":[\"77\"],\"imageAltText\":\"Appsflyer logo\",\"imageLinkUrl\":\"https:\\/\\/snapchat.com\"}},\"new3\":{\"type\":\"logo\",\"enabled\":\"1\",\"fields\":{\"image\":[\"78\"],\"imageAltText\":\"Double Click logo\",\"imageLinkUrl\":\"https:\\/\\/snapchat.com\"}}}}},\"new3\":{\"modified\":\"1\",\"type\":\"mobileDeviceGrid\",\"enabled\":\"1\",\"collapsed\":\"0\",\"level\":\"1\",\"fields\":{\"mobileDevices\":{\"new1\":{\"type\":\"device\",\"enabled\":\"1\",\"fields\":{\"videoUrl\":\"\",\"posterImage\":\"\",\"headline\":\"\",\"subhead\":\"\"}}},\"chillahTooltip\":\"\"}}},\"107\":\"website\",\"102\":\"\",\"104\":\"\",\"101\":\"\",\"16\":\"1\",\"15\":\"red\",\"7\":\"one-with-everything\"}}', '2017-08-10 22:00:29', '2017-08-10 22:00:29', '76848690-b01c-402f-9b83-24d53bbf1998'),
 ('92', '314', '3', '1', 'en_us', '2', '', '{\"typeId\":\"3\",\"authorId\":\"1\",\"title\":\"One With Everything\",\"slug\":\"one-with-everything\",\"postDate\":1502402400,\"expiryDate\":null,\"enabled\":1,\"parentId\":\"\",\"fields\":{\"103\":\"\",\"106\":\"\",\"105\":\"\",\"89\":{\"315\":{\"type\":\"annotation\",\"enabled\":\"1\",\"fields\":{\"number\":\"1\",\"text\":\"Cool annotation bro.\"}},\"316\":{\"type\":\"annotation\",\"enabled\":\"1\",\"fields\":{\"number\":\"2\",\"text\":\"Great job annotating this.\"}}},\"3\":{\"317\":{\"modified\":\"1\",\"type\":\"newSection\",\"enabled\":\"1\",\"collapsed\":\"0\",\"level\":\"0\",\"fields\":{\"sectionTitle\":\"Element Grids\",\"sectionBackgroundColor\":\"gray\"}},\"318\":{\"modified\":\"1\",\"type\":\"imageCardGrid\",\"enabled\":\"1\",\"collapsed\":\"0\",\"level\":\"1\",\"fields\":{\"imageCardRow\":{\"319\":{\"type\":\"imageCard\",\"enabled\":\"1\",\"fields\":{\"cardImage\":[\"14\"],\"headline\":\"Card 1 Headline\",\"body\":\"<p>Card 1 body text<\\/p>\"}},\"320\":{\"type\":\"imageCard\",\"enabled\":\"1\",\"fields\":{\"cardImage\":[\"15\"],\"headline\":\"Card 2 Headline\",\"body\":\"<p>Card 2 body text goes right here.<\\/p>\"}},\"321\":{\"type\":\"imageCard\",\"enabled\":\"1\",\"fields\":{\"cardImage\":[\"16\"],\"headline\":\"Card 3 Headline\",\"body\":\"<p>Card 3 body looks like this.<\\/p>\"}}},\"chillahTooltip\":\"\"}},\"322\":{\"modified\":\"1\",\"type\":\"logoGrid\",\"enabled\":\"1\",\"collapsed\":\"0\",\"level\":\"1\",\"fields\":{\"logos\":{\"323\":{\"type\":\"logo\",\"enabled\":\"1\",\"fields\":{\"image\":[\"76\"],\"imageAltText\":\"Adjust logo\",\"imageLinkUrl\":\"https:\\/\\/forbusiness.snapchat.com\"}},\"324\":{\"type\":\"logo\",\"enabled\":\"1\",\"fields\":{\"image\":[\"77\"],\"imageAltText\":\"Appsflyer logo\",\"imageLinkUrl\":\"https:\\/\\/forbusiness.snapchat.com\"}},\"325\":{\"type\":\"logo\",\"enabled\":\"1\",\"fields\":{\"image\":[\"78\"],\"imageAltText\":\"Double Click logo\",\"imageLinkUrl\":\"https:\\/\\/forbusiness.snapchat.com\"}}}}},\"326\":{\"modified\":\"1\",\"type\":\"mobileDeviceGrid\",\"enabled\":\"1\",\"collapsed\":\"0\",\"level\":\"1\",\"fields\":{\"mobileDevices\":{\"327\":{\"type\":\"device\",\"enabled\":\"1\",\"fields\":{\"video\":\"\",\"posterImage\":[\"160\"],\"headline\":\"Device 1 headline\",\"subhead\":\"<p>Quam diu etiam furor iste tuus nos eludet? Plura mihi bona sunt, inclinet, amari petere vellent.<\\/p>\"}},\"new1\":{\"type\":\"device\",\"enabled\":\"1\",\"fields\":{\"video\":\"\",\"posterImage\":[\"159\"],\"headline\":\"Device 2 Headline\",\"subhead\":\"<p>Quam diu etiam furor iste tuus nos eludet? Plura mihi bona sunt, inclinet, amari petere vellent.<\\/p>\"}},\"new2\":{\"type\":\"device\",\"enabled\":\"1\",\"fields\":{\"video\":\"\",\"posterImage\":[\"150\"],\"headline\":\"Device 3 Headline\",\"subhead\":\"<p>Quam diu etiam furor iste tuus nos eludet? Plura mihi bona sunt, inclinet, amari petere vellent.<\\/p>\"}}},\"chillahTooltip\":\"\"}},\"new0\":{\"modified\":\"1\",\"type\":\"newSection\",\"enabled\":\"1\",\"collapsed\":\"0\",\"level\":\"0\",\"fields\":{\"sectionTitle\":\"Text & Images\",\"sectionBackgroundColor\":\"white\"}},\"new1\":{\"modified\":\"1\",\"type\":\"centeredTextLockup\",\"enabled\":\"1\",\"collapsed\":\"0\",\"level\":\"1\",\"fields\":{\"image\":[\"288\"],\"headline\":\"Centered Text Lockup\",\"subhead\":\"<p>Quam diu etiam furor iste tuus nos eludet? Plura mihi bona sunt, inclinet, amari petere vellent.<\\/p>\",\"ctaButtons\":{\"new1\":{\"type\":\"primaryButton\",\"enabled\":\"1\",\"fields\":{\"button\":{\"type\":\"custom\",\"custom\":\"forbusiness.snapchat.com\",\"entry\":\"\",\"customText\":\"Primary Button Outlined\",\"target\":\"_blank\"},\"outline\":\"1\"}},\"new3\":{\"type\":\"primaryButton\",\"enabled\":\"1\",\"fields\":{\"button\":{\"type\":\"custom\",\"custom\":\"forbusiness.snapchat.com\",\"entry\":\"\",\"customText\":\"Primary Button Filled\",\"target\":\"_blank\"},\"outline\":\"\"}},\"new2\":{\"type\":\"secondaryButton\",\"enabled\":\"1\",\"fields\":{\"button\":{\"type\":\"custom\",\"custom\":\"forbusiness.snapchat.com\",\"entry\":\"\",\"customText\":\"Secondary Button\",\"target\":\"_blank\"}}}}}},\"new2\":{\"modified\":\"1\",\"type\":\"imageBesideText\",\"enabled\":\"1\",\"collapsed\":\"0\",\"level\":\"1\",\"fields\":{\"image\":[\"38\"],\"imageLocation\":\"left\",\"headline\":\"Image Beside Text\",\"paragraph\":\"<p>Curabitur blandit tempus ardua ridiculus sed magna. Integer legentibus erat a ante historiarum dapibus. Vivamus sagittis lacus vel augue laoreet rutrum faucibus. Morbi fringilla convallis sapien, id pulvinar odio volutpat. Tu quoque, Brute, fili mi, nihil timor populi, nihil!<\\/p>\",\"ctaButtons\":{\"new1\":{\"type\":\"primaryButton\",\"enabled\":\"1\",\"fields\":{\"button\":{\"type\":\"custom\",\"custom\":\"forbusiness.snapchat.com\",\"entry\":\"\",\"customText\":\"Primary Button Outlined\",\"target\":\"_blank\"},\"outline\":\"1\"}},\"new3\":{\"type\":\"primaryButton\",\"enabled\":\"1\",\"fields\":{\"button\":{\"type\":\"custom\",\"custom\":\"forbusiness.snapchat.com\",\"entry\":\"\",\"customText\":\"Primary Button Filled\",\"target\":\"\"},\"outline\":\"\"}},\"new2\":{\"type\":\"secondaryButton\",\"enabled\":\"1\",\"fields\":{\"button\":{\"type\":\"custom\",\"custom\":\"snapchat.com\",\"entry\":\"\",\"customText\":\"Secondary Button\",\"target\":\"_blank\"}}}}}},\"new3\":{\"modified\":\"1\",\"type\":\"newSection\",\"enabled\":\"1\",\"collapsed\":\"0\",\"level\":\"0\",\"fields\":{\"sectionTitle\":\"Images & Video\",\"sectionBackgroundColor\":\"gray\"}},\"new4\":{\"modified\":\"1\",\"type\":\"centeredImage\",\"enabled\":\"1\",\"collapsed\":\"0\",\"level\":\"1\",\"fields\":{\"image\":[\"38\"],\"imageAltText\":\"Centered Image\",\"assetWidth\":\"normal\",\"roundedCorners\":\"1\",\"mobileImage\":[\"100\"]}},\"new7\":{\"modified\":\"1\",\"type\":\"centeredImage\",\"enabled\":\"1\",\"collapsed\":\"0\",\"level\":\"1\",\"fields\":{\"image\":\"\",\"imageAltText\":\"\",\"assetWidth\":\"normal\",\"roundedCorners\":\"\",\"mobileImage\":\"\"}},\"new6\":{\"modified\":\"1\",\"type\":\"newSection\",\"enabled\":\"1\",\"collapsed\":\"0\",\"level\":\"0\",\"fields\":{\"sectionTitle\":\"\",\"sectionBackgroundColor\":\"gray\"}}},\"107\":\"website\",\"102\":\"\",\"104\":\"\",\"101\":\"\",\"16\":\"1\",\"15\":\"red\",\"7\":\"one-with-everything\"}}', '2017-08-10 22:11:49', '2017-08-10 22:11:49', 'f077f083-6351-4f4b-be3d-8c704d3a740f'),
 ('93', '314', '3', '1', 'en_us', '3', '', '{\"typeId\":\"3\",\"authorId\":\"1\",\"title\":\"One With Everything\",\"slug\":\"one-with-everything\",\"postDate\":1502402400,\"expiryDate\":null,\"enabled\":1,\"parentId\":\"\",\"fields\":{\"103\":\"\",\"106\":\"\",\"105\":\"\",\"89\":{\"315\":{\"type\":\"annotation\",\"enabled\":\"1\",\"fields\":{\"number\":\"1\",\"text\":\"Cool annotation bro.\"}},\"316\":{\"type\":\"annotation\",\"enabled\":\"1\",\"fields\":{\"number\":\"2\",\"text\":\"Great job annotating this.\"}}},\"3\":{\"317\":{\"modified\":\"1\",\"type\":\"newSection\",\"enabled\":\"1\",\"collapsed\":\"0\",\"level\":\"0\",\"fields\":{\"sectionTitle\":\"Element Grids\",\"sectionBackgroundColor\":\"gray\"}},\"318\":{\"modified\":\"1\",\"type\":\"imageCardGrid\",\"enabled\":\"1\",\"collapsed\":\"0\",\"level\":\"1\",\"fields\":{\"imageCardRow\":{\"319\":{\"type\":\"imageCard\",\"enabled\":\"1\",\"fields\":{\"cardImage\":[\"14\"],\"headline\":\"Card 1 Headline\",\"body\":\"<p>Card 1 body text<\\/p>\"}},\"320\":{\"type\":\"imageCard\",\"enabled\":\"1\",\"fields\":{\"cardImage\":[\"15\"],\"headline\":\"Card 2 Headline\",\"body\":\"<p>Card 2 body text goes right here.<\\/p>\"}},\"321\":{\"type\":\"imageCard\",\"enabled\":\"1\",\"fields\":{\"cardImage\":[\"16\"],\"headline\":\"Card 3 Headline\",\"body\":\"<p>Card 3 body looks like this.<\\/p>\"}}},\"chillahTooltip\":\"\"}},\"322\":{\"modified\":\"1\",\"type\":\"logoGrid\",\"enabled\":\"1\",\"collapsed\":\"0\",\"level\":\"1\",\"fields\":{\"logos\":{\"323\":{\"type\":\"logo\",\"enabled\":\"1\",\"fields\":{\"image\":[\"76\"],\"imageAltText\":\"Adjust logo\",\"imageLinkUrl\":\"https:\\/\\/forbusiness.snapchat.com\"}},\"324\":{\"type\":\"logo\",\"enabled\":\"1\",\"fields\":{\"image\":[\"77\"],\"imageAltText\":\"Appsflyer logo\",\"imageLinkUrl\":\"https:\\/\\/forbusiness.snapchat.com\"}},\"325\":{\"type\":\"logo\",\"enabled\":\"1\",\"fields\":{\"image\":[\"78\"],\"imageAltText\":\"Double Click logo\",\"imageLinkUrl\":\"https:\\/\\/forbusiness.snapchat.com\"}}}}},\"326\":{\"modified\":\"1\",\"type\":\"mobileDeviceGrid\",\"enabled\":\"1\",\"collapsed\":\"0\",\"level\":\"1\",\"fields\":{\"mobileDevices\":{\"327\":{\"type\":\"device\",\"enabled\":\"1\",\"fields\":{\"video\":\"\",\"posterImage\":[\"160\"],\"headline\":\"Device 1 headline\",\"subhead\":\"<p>Quam diu etiam furor iste tuus nos eludet? Plura mihi bona sunt, inclinet, amari petere vellent.<\\/p>\"}},\"328\":{\"type\":\"device\",\"enabled\":\"1\",\"fields\":{\"video\":\"\",\"posterImage\":[\"159\"],\"headline\":\"Device 2 Headline\",\"subhead\":\"<p>Quam diu etiam furor iste tuus nos eludet? Plura mihi bona sunt, inclinet, amari petere vellent.<\\/p>\"}},\"329\":{\"type\":\"device\",\"enabled\":\"1\",\"fields\":{\"video\":\"\",\"posterImage\":[\"150\"],\"headline\":\"Device 3 Headline\",\"subhead\":\"<p>Quam diu etiam furor iste tuus nos eludet? Plura mihi bona sunt, inclinet, amari petere vellent.<\\/p>\"}}},\"chillahTooltip\":\"\"}},\"330\":{\"modified\":\"1\",\"type\":\"newSection\",\"enabled\":\"1\",\"collapsed\":\"0\",\"level\":\"0\",\"fields\":{\"sectionTitle\":\"Text & Images\",\"sectionBackgroundColor\":\"white\"}},\"331\":{\"modified\":\"1\",\"type\":\"centeredTextLockup\",\"enabled\":\"1\",\"collapsed\":\"0\",\"level\":\"1\",\"fields\":{\"image\":[\"288\"],\"headline\":\"Centered Text Lockup\",\"subhead\":\"<p>Quam diu etiam furor iste tuus nos eludet? Plura mihi bona sunt, inclinet, amari petere vellent.<\\/p>\",\"ctaButtons\":{\"332\":{\"type\":\"primaryButton\",\"enabled\":\"1\",\"fields\":{\"button\":{\"type\":\"custom\",\"custom\":\"forbusiness.snapchat.com\",\"entry\":\"\",\"customText\":\"Primary Button Outlined\",\"target\":\"_blank\"},\"outline\":\"1\"}},\"333\":{\"type\":\"primaryButton\",\"enabled\":\"1\",\"fields\":{\"button\":{\"type\":\"custom\",\"custom\":\"forbusiness.snapchat.com\",\"entry\":\"\",\"customText\":\"Primary Button Filled\",\"target\":\"_blank\"},\"outline\":\"\"}},\"334\":{\"type\":\"secondaryButton\",\"enabled\":\"1\",\"fields\":{\"button\":{\"type\":\"custom\",\"custom\":\"forbusiness.snapchat.com\",\"entry\":\"\",\"customText\":\"Secondary Button\",\"target\":\"_blank\"}}}}}},\"335\":{\"modified\":\"1\",\"type\":\"imageBesideText\",\"enabled\":\"1\",\"collapsed\":\"0\",\"level\":\"1\",\"fields\":{\"image\":[\"38\"],\"imageLocation\":\"left\",\"headline\":\"Image Beside Text\",\"paragraph\":\"<p>Curabitur blandit tempus ardua ridiculus sed magna. Integer legentibus erat a ante historiarum dapibus. Vivamus sagittis lacus vel augue laoreet rutrum faucibus. Morbi fringilla convallis sapien, id pulvinar odio volutpat. Tu quoque, Brute, fili mi, nihil timor populi, nihil!<\\/p>\",\"ctaButtons\":{\"336\":{\"type\":\"primaryButton\",\"enabled\":\"1\",\"fields\":{\"button\":{\"type\":\"custom\",\"custom\":\"forbusiness.snapchat.com\",\"entry\":\"\",\"customText\":\"Primary Button Outlined\",\"target\":\"_blank\"},\"outline\":\"1\"}},\"337\":{\"type\":\"primaryButton\",\"enabled\":\"1\",\"fields\":{\"button\":{\"type\":\"custom\",\"custom\":\"forbusiness.snapchat.com\",\"entry\":\"\",\"customText\":\"Primary Button Filled\",\"target\":\"\"},\"outline\":\"\"}},\"338\":{\"type\":\"secondaryButton\",\"enabled\":\"1\",\"fields\":{\"button\":{\"type\":\"custom\",\"custom\":\"snapchat.com\",\"entry\":\"\",\"customText\":\"Secondary Button\",\"target\":\"_blank\"}}}}}},\"339\":{\"modified\":\"1\",\"type\":\"newSection\",\"enabled\":\"1\",\"collapsed\":\"0\",\"level\":\"0\",\"fields\":{\"sectionTitle\":\"Images Alone\",\"sectionBackgroundColor\":\"gray\"}},\"340\":{\"modified\":\"1\",\"type\":\"centeredImage\",\"enabled\":\"1\",\"collapsed\":\"0\",\"level\":\"1\",\"fields\":{\"image\":[\"38\"],\"imageAltText\":\"Centered Image\",\"assetWidth\":\"normal\",\"roundedCorners\":\"1\",\"mobileImage\":[\"100\"]}},\"new0\":{\"modified\":\"1\",\"type\":\"centeredImage\",\"enabled\":\"1\",\"collapsed\":\"0\",\"level\":\"1\",\"fields\":{\"image\":[\"172\"],\"imageAltText\":\"Wide centered image\",\"assetWidth\":\"wide\",\"roundedCorners\":\"\",\"mobileImage\":\"\"}},\"341\":{\"modified\":\"1\",\"type\":\"centeredImage\",\"enabled\":\"1\",\"collapsed\":\"0\",\"level\":\"1\",\"fields\":{\"image\":[\"68\"],\"imageAltText\":\"Full centered image\",\"assetWidth\":\"full\",\"roundedCorners\":\"\",\"mobileImage\":\"\"}},\"342\":{\"modified\":\"1\",\"type\":\"newSection\",\"enabled\":\"1\",\"collapsed\":\"0\",\"level\":\"0\",\"fields\":{\"sectionTitle\":\"Interactive\",\"sectionBackgroundColor\":\"white\"}},\"new1\":{\"modified\":\"1\",\"type\":\"deviceTabs\",\"enabled\":\"1\",\"collapsed\":\"0\",\"level\":\"1\",\"fields\":{\"deviceTab\":\"\",\"chillahTooltip\":\"\"}}},\"107\":\"website\",\"102\":\"\",\"104\":\"\",\"101\":\"\",\"16\":\"1\",\"15\":\"red\",\"7\":\"one-with-everything\"}}', '2017-08-10 22:14:42', '2017-08-10 22:14:42', '73eb3581-69a5-4653-b574-d64ac3e503aa'),
 ('94', '314', '3', '1', 'en_us', '4', '', '{\"typeId\":\"3\",\"authorId\":\"1\",\"title\":\"One With Everything\",\"slug\":\"one-with-everything\",\"postDate\":1502402400,\"expiryDate\":null,\"enabled\":1,\"parentId\":\"\",\"fields\":{\"103\":\"\",\"106\":\"\",\"105\":\"\",\"89\":{\"315\":{\"type\":\"annotation\",\"enabled\":\"1\",\"fields\":{\"number\":\"1\",\"text\":\"Cool annotation bro.\"}},\"316\":{\"type\":\"annotation\",\"enabled\":\"1\",\"fields\":{\"number\":\"2\",\"text\":\"Great job annotating this.\"}}},\"3\":{\"317\":{\"modified\":\"1\",\"type\":\"newSection\",\"enabled\":\"1\",\"collapsed\":\"0\",\"level\":\"0\",\"fields\":{\"sectionTitle\":\"Element Grids\",\"sectionBackgroundColor\":\"gray\"}},\"318\":{\"modified\":\"1\",\"type\":\"imageCardGrid\",\"enabled\":\"1\",\"collapsed\":\"0\",\"level\":\"1\",\"fields\":{\"imageCardRow\":{\"319\":{\"type\":\"imageCard\",\"enabled\":\"1\",\"fields\":{\"cardImage\":[\"14\"],\"headline\":\"Card 1 Headline\",\"body\":\"<p>Card 1 body text<\\/p>\"}},\"320\":{\"type\":\"imageCard\",\"enabled\":\"1\",\"fields\":{\"cardImage\":[\"15\"],\"headline\":\"Card 2 Headline\",\"body\":\"<p>Card 2 body text goes right here.<\\/p>\"}},\"321\":{\"type\":\"imageCard\",\"enabled\":\"1\",\"fields\":{\"cardImage\":[\"16\"],\"headline\":\"Card 3 Headline\",\"body\":\"<p>Card 3 body looks like this.<\\/p>\"}}},\"chillahTooltip\":\"\"}},\"322\":{\"modified\":\"1\",\"type\":\"logoGrid\",\"enabled\":\"1\",\"collapsed\":\"0\",\"level\":\"1\",\"fields\":{\"logos\":{\"323\":{\"type\":\"logo\",\"enabled\":\"1\",\"fields\":{\"image\":[\"76\"],\"imageAltText\":\"Adjust logo\",\"imageLinkUrl\":\"https:\\/\\/forbusiness.snapchat.com\"}},\"324\":{\"type\":\"logo\",\"enabled\":\"1\",\"fields\":{\"image\":[\"77\"],\"imageAltText\":\"Appsflyer logo\",\"imageLinkUrl\":\"https:\\/\\/forbusiness.snapchat.com\"}},\"325\":{\"type\":\"logo\",\"enabled\":\"1\",\"fields\":{\"image\":[\"78\"],\"imageAltText\":\"Double Click logo\",\"imageLinkUrl\":\"https:\\/\\/forbusiness.snapchat.com\"}}}}},\"326\":{\"modified\":\"1\",\"type\":\"mobileDeviceGrid\",\"enabled\":\"1\",\"collapsed\":\"0\",\"level\":\"1\",\"fields\":{\"mobileDevices\":{\"327\":{\"type\":\"device\",\"enabled\":\"1\",\"fields\":{\"video\":\"\",\"posterImage\":[\"160\"],\"headline\":\"Device 1 headline\",\"subhead\":\"<p>Quam diu etiam furor iste tuus nos eludet? Plura mihi bona sunt, inclinet, amari petere vellent.<\\/p>\"}},\"328\":{\"type\":\"device\",\"enabled\":\"1\",\"fields\":{\"video\":\"\",\"posterImage\":[\"159\"],\"headline\":\"Device 2 Headline\",\"subhead\":\"<p>Quam diu etiam furor iste tuus nos eludet? Plura mihi bona sunt, inclinet, amari petere vellent.<\\/p>\"}},\"329\":{\"type\":\"device\",\"enabled\":\"1\",\"fields\":{\"video\":\"\",\"posterImage\":[\"150\"],\"headline\":\"Device 3 Headline\",\"subhead\":\"<p>Quam diu etiam furor iste tuus nos eludet? Plura mihi bona sunt, inclinet, amari petere vellent.<\\/p>\"}}},\"chillahTooltip\":\"\"}},\"330\":{\"modified\":\"1\",\"type\":\"newSection\",\"enabled\":\"1\",\"collapsed\":\"0\",\"level\":\"0\",\"fields\":{\"sectionTitle\":\"Text & Images\",\"sectionBackgroundColor\":\"white\"}},\"331\":{\"modified\":\"1\",\"type\":\"centeredTextLockup\",\"enabled\":\"1\",\"collapsed\":\"0\",\"level\":\"1\",\"fields\":{\"image\":[\"288\"],\"headline\":\"Centered Text Lockup\",\"subhead\":\"<p>Quam diu etiam furor iste tuus nos eludet? Plura mihi bona sunt, inclinet, amari petere vellent.<\\/p>\",\"ctaButtons\":{\"332\":{\"type\":\"primaryButton\",\"enabled\":\"1\",\"fields\":{\"button\":{\"type\":\"custom\",\"custom\":\"forbusiness.snapchat.com\",\"entry\":\"\",\"customText\":\"Primary Button Outlined\",\"target\":\"_blank\"},\"outline\":\"1\"}},\"333\":{\"type\":\"primaryButton\",\"enabled\":\"1\",\"fields\":{\"button\":{\"type\":\"custom\",\"custom\":\"forbusiness.snapchat.com\",\"entry\":\"\",\"customText\":\"Primary Button Filled\",\"target\":\"_blank\"},\"outline\":\"\"}},\"334\":{\"type\":\"secondaryButton\",\"enabled\":\"1\",\"fields\":{\"button\":{\"type\":\"custom\",\"custom\":\"forbusiness.snapchat.com\",\"entry\":\"\",\"customText\":\"Secondary Button\",\"target\":\"_blank\"}}}}}},\"335\":{\"modified\":\"1\",\"type\":\"imageBesideText\",\"enabled\":\"1\",\"collapsed\":\"0\",\"level\":\"1\",\"fields\":{\"image\":[\"38\"],\"imageLocation\":\"left\",\"headline\":\"Image Beside Text\",\"paragraph\":\"<p>Curabitur blandit tempus ardua ridiculus sed magna. Integer legentibus erat a ante historiarum dapibus. Vivamus sagittis lacus vel augue laoreet rutrum faucibus. Morbi fringilla convallis sapien, id pulvinar odio volutpat. Tu quoque, Brute, fili mi, nihil timor populi, nihil!<\\/p>\",\"ctaButtons\":{\"336\":{\"type\":\"primaryButton\",\"enabled\":\"1\",\"fields\":{\"button\":{\"type\":\"custom\",\"custom\":\"forbusiness.snapchat.com\",\"entry\":\"\",\"customText\":\"Primary Button Outlined\",\"target\":\"_blank\"},\"outline\":\"1\"}},\"337\":{\"type\":\"primaryButton\",\"enabled\":\"1\",\"fields\":{\"button\":{\"type\":\"custom\",\"custom\":\"forbusiness.snapchat.com\",\"entry\":\"\",\"customText\":\"Primary Button Filled\",\"target\":\"\"},\"outline\":\"\"}},\"338\":{\"type\":\"secondaryButton\",\"enabled\":\"1\",\"fields\":{\"button\":{\"type\":\"custom\",\"custom\":\"snapchat.com\",\"entry\":\"\",\"customText\":\"Secondary Button\",\"target\":\"_blank\"}}}}}},\"339\":{\"modified\":\"1\",\"type\":\"newSection\",\"enabled\":\"1\",\"collapsed\":\"0\",\"level\":\"0\",\"fields\":{\"sectionTitle\":\"Images Alone\",\"sectionBackgroundColor\":\"gray\"}},\"340\":{\"modified\":\"1\",\"type\":\"centeredImage\",\"enabled\":\"1\",\"collapsed\":\"0\",\"level\":\"1\",\"fields\":{\"image\":[\"38\"],\"imageAltText\":\"Centered Image\",\"assetWidth\":\"normal\",\"roundedCorners\":\"1\",\"mobileImage\":[\"100\"]}},\"343\":{\"modified\":\"1\",\"type\":\"centeredImage\",\"enabled\":\"1\",\"collapsed\":\"0\",\"level\":\"1\",\"fields\":{\"image\":[\"172\"],\"imageAltText\":\"Wide centered image\",\"assetWidth\":\"wide\",\"roundedCorners\":\"\",\"mobileImage\":\"\"}},\"341\":{\"modified\":\"1\",\"type\":\"centeredImage\",\"enabled\":\"1\",\"collapsed\":\"0\",\"level\":\"1\",\"fields\":{\"image\":[\"68\"],\"imageAltText\":\"Full centered image\",\"assetWidth\":\"full\",\"roundedCorners\":\"\",\"mobileImage\":\"\"}}},\"107\":\"website\",\"102\":\"\",\"104\":\"\",\"101\":\"\",\"16\":\"1\",\"15\":\"red\",\"7\":\"one-with-everything\"}}', '2017-08-10 22:29:35', '2017-08-10 22:29:35', 'c0d637cb-0f71-4d36-bc09-04c308469652'),
 ('95', '314', '3', '1', 'en_us', '5', '', '{\"typeId\":\"3\",\"authorId\":\"1\",\"title\":\"One With Everything\",\"slug\":\"one-with-everything\",\"postDate\":1502402400,\"expiryDate\":null,\"enabled\":1,\"parentId\":\"\",\"fields\":{\"103\":\"\",\"106\":\"\",\"105\":\"\",\"89\":{\"315\":{\"type\":\"annotation\",\"enabled\":\"1\",\"fields\":{\"number\":\"1\",\"text\":\"Cool annotation bro.\"}},\"316\":{\"type\":\"annotation\",\"enabled\":\"1\",\"fields\":{\"number\":\"2\",\"text\":\"Great job annotating this.\"}}},\"3\":{\"317\":{\"modified\":\"1\",\"type\":\"newSection\",\"enabled\":\"1\",\"collapsed\":\"0\",\"level\":\"0\",\"fields\":{\"sectionTitle\":\"Element Grids\",\"sectionBackgroundColor\":\"gray\"}},\"318\":{\"modified\":\"1\",\"type\":\"imageCardGrid\",\"enabled\":\"1\",\"collapsed\":\"0\",\"level\":\"1\",\"fields\":{\"imageCardRow\":{\"319\":{\"type\":\"imageCard\",\"enabled\":\"1\",\"fields\":{\"cardImage\":[\"14\"],\"headline\":\"Card 1 Headline\",\"body\":\"<p>Card 1 body text<\\/p>\"}},\"320\":{\"type\":\"imageCard\",\"enabled\":\"1\",\"fields\":{\"cardImage\":[\"15\"],\"headline\":\"Card 2 Headline\",\"body\":\"<p>Card 2 body text goes right here.<\\/p>\"}},\"321\":{\"type\":\"imageCard\",\"enabled\":\"1\",\"fields\":{\"cardImage\":[\"16\"],\"headline\":\"Card 3 Headline\",\"body\":\"<p>Card 3 body looks like this.<\\/p>\"}}},\"chillahTooltip\":\"\"}},\"322\":{\"modified\":\"1\",\"type\":\"logoGrid\",\"enabled\":\"1\",\"collapsed\":\"0\",\"level\":\"1\",\"fields\":{\"logos\":{\"323\":{\"type\":\"logo\",\"enabled\":\"1\",\"fields\":{\"image\":[\"76\"],\"imageAltText\":\"Adjust logo\",\"imageLinkUrl\":\"https:\\/\\/forbusiness.snapchat.com\"}},\"324\":{\"type\":\"logo\",\"enabled\":\"1\",\"fields\":{\"image\":[\"77\"],\"imageAltText\":\"Appsflyer logo\",\"imageLinkUrl\":\"https:\\/\\/forbusiness.snapchat.com\"}},\"325\":{\"type\":\"logo\",\"enabled\":\"1\",\"fields\":{\"image\":[\"78\"],\"imageAltText\":\"Double Click logo\",\"imageLinkUrl\":\"https:\\/\\/forbusiness.snapchat.com\"}}}}},\"326\":{\"modified\":\"1\",\"type\":\"mobileDeviceGrid\",\"enabled\":\"1\",\"collapsed\":\"0\",\"level\":\"1\",\"fields\":{\"mobileDevices\":{\"327\":{\"type\":\"device\",\"enabled\":\"1\",\"fields\":{\"video\":\"\",\"posterImage\":[\"160\"],\"headline\":\"Device 1 headline\",\"subhead\":\"<p>Quam diu etiam furor iste tuus nos eludet? Plura mihi bona sunt, inclinet, amari petere vellent.<\\/p>\"}},\"328\":{\"type\":\"device\",\"enabled\":\"1\",\"fields\":{\"video\":\"\",\"posterImage\":[\"159\"],\"headline\":\"Device 2 Headline\",\"subhead\":\"<p>Quam diu etiam furor iste tuus nos eludet? Plura mihi bona sunt, inclinet, amari petere vellent.<\\/p>\"}},\"329\":{\"type\":\"device\",\"enabled\":\"1\",\"fields\":{\"video\":\"\",\"posterImage\":[\"150\"],\"headline\":\"Device 3 Headline\",\"subhead\":\"<p>Quam diu etiam furor iste tuus nos eludet? Plura mihi bona sunt, inclinet, amari petere vellent.<\\/p>\"}}},\"chillahTooltip\":\"\"}},\"330\":{\"modified\":\"1\",\"type\":\"newSection\",\"enabled\":\"1\",\"collapsed\":\"0\",\"level\":\"0\",\"fields\":{\"sectionTitle\":\"Text & Images\",\"sectionBackgroundColor\":\"white\"}},\"331\":{\"modified\":\"1\",\"type\":\"centeredTextLockup\",\"enabled\":\"1\",\"collapsed\":\"0\",\"level\":\"1\",\"fields\":{\"image\":[\"288\"],\"headline\":\"Centered Text Lockup\",\"subhead\":\"<p>Quam diu etiam furor iste tuus nos eludet? Plura mihi bona sunt, inclinet, amari petere vellent.<\\/p>\",\"ctaButtons\":{\"332\":{\"type\":\"primaryButton\",\"enabled\":\"1\",\"fields\":{\"button\":{\"type\":\"custom\",\"custom\":\"forbusiness.snapchat.com\",\"entry\":\"\",\"customText\":\"Primary Button Outlined\",\"target\":\"_blank\"},\"outline\":\"1\"}},\"333\":{\"type\":\"primaryButton\",\"enabled\":\"1\",\"fields\":{\"button\":{\"type\":\"custom\",\"custom\":\"forbusiness.snapchat.com\",\"entry\":\"\",\"customText\":\"Primary Button Filled\",\"target\":\"_blank\"},\"outline\":\"\"}},\"334\":{\"type\":\"secondaryButton\",\"enabled\":\"1\",\"fields\":{\"button\":{\"type\":\"custom\",\"custom\":\"forbusiness.snapchat.com\",\"entry\":\"\",\"customText\":\"Secondary Button\",\"target\":\"_blank\"}}}}}},\"335\":{\"modified\":\"1\",\"type\":\"imageBesideText\",\"enabled\":\"1\",\"collapsed\":\"0\",\"level\":\"1\",\"fields\":{\"image\":[\"38\"],\"imageLocation\":\"left\",\"headline\":\"Image Beside Text\",\"paragraph\":\"<p>Curabitur blandit tempus ardua ridiculus sed magna. Integer legentibus erat a ante historiarum dapibus. Vivamus sagittis lacus vel augue laoreet rutrum faucibus. Morbi fringilla convallis sapien, id pulvinar odio volutpat. Tu quoque, Brute, fili mi, nihil timor populi, nihil!<\\/p>\",\"ctaButtons\":{\"336\":{\"type\":\"primaryButton\",\"enabled\":\"1\",\"fields\":{\"button\":{\"type\":\"custom\",\"custom\":\"forbusiness.snapchat.com\",\"entry\":\"\",\"customText\":\"Primary Button Outlined\",\"target\":\"_blank\"},\"outline\":\"1\"}},\"337\":{\"type\":\"primaryButton\",\"enabled\":\"1\",\"fields\":{\"button\":{\"type\":\"custom\",\"custom\":\"forbusiness.snapchat.com\",\"entry\":\"\",\"customText\":\"Primary Button Filled\",\"target\":\"\"},\"outline\":\"\"}},\"338\":{\"type\":\"secondaryButton\",\"enabled\":\"1\",\"fields\":{\"button\":{\"type\":\"custom\",\"custom\":\"snapchat.com\",\"entry\":\"\",\"customText\":\"Secondary Button\",\"target\":\"_blank\"}}}}}},\"339\":{\"modified\":\"1\",\"type\":\"newSection\",\"enabled\":\"1\",\"collapsed\":\"0\",\"level\":\"0\",\"fields\":{\"sectionTitle\":\"Images Alone\",\"sectionBackgroundColor\":\"gray\"}},\"340\":{\"modified\":\"1\",\"type\":\"centeredImage\",\"enabled\":\"1\",\"collapsed\":\"0\",\"level\":\"1\",\"fields\":{\"image\":[\"38\"],\"imageAltText\":\"Centered Image\",\"assetWidth\":\"normal\",\"roundedCorners\":\"1\",\"mobileImage\":[\"100\"]}},\"343\":{\"modified\":\"1\",\"type\":\"centeredImage\",\"enabled\":\"1\",\"collapsed\":\"0\",\"level\":\"1\",\"fields\":{\"image\":[\"172\"],\"imageAltText\":\"Wide centered image\",\"assetWidth\":\"wide\",\"roundedCorners\":\"\",\"mobileImage\":\"\"}},\"341\":{\"modified\":\"1\",\"type\":\"centeredImage\",\"enabled\":\"1\",\"collapsed\":\"0\",\"level\":\"1\",\"fields\":{\"image\":[\"68\"],\"imageAltText\":\"Full centered image\",\"assetWidth\":\"full\",\"roundedCorners\":\"\",\"mobileImage\":\"\"}}},\"107\":\"website\",\"102\":\"\",\"104\":\"\",\"101\":\"\",\"16\":\"1\",\"15\":\"red\",\"7\":\"one-with-everything\"}}', '2017-08-10 23:07:52', '2017-08-10 23:07:52', '19f54aa8-de1e-4aa1-ae85-6a1187d766d2'),
 ('96', '98', '3', '1', 'en_us', '17', '', '{\"typeId\":\"3\",\"authorId\":\"1\",\"title\":\"Ad Products\",\"slug\":\"solutions\",\"postDate\":1501109280,\"expiryDate\":null,\"enabled\":1,\"parentId\":\"\",\"fields\":{\"103\":\"\",\"106\":\"\",\"105\":\"\",\"89\":\"\",\"3\":{\"107\":{\"modified\":\"1\",\"type\":\"newSection\",\"enabled\":\"1\",\"collapsed\":\"0\",\"level\":\"0\",\"fields\":{\"sectionTitle\":\"Overview\",\"sectionBackgroundColor\":\"gray\"}},\"108\":{\"modified\":\"1\",\"type\":\"centeredTextLockup\",\"enabled\":\"1\",\"collapsed\":\"0\",\"level\":\"1\",\"fields\":{\"image\":\"\",\"headline\":\"Our ad products are fun and effective, for every objective\",\"subhead\":\"\",\"ctaButtons\":\"\"}},\"110\":{\"modified\":\"1\",\"type\":\"mobileDeviceGrid\",\"enabled\":\"1\",\"collapsed\":\"0\",\"level\":\"1\",\"fields\":{\"mobileDevices\":{\"206\":{\"type\":\"device\",\"enabled\":\"1\",\"fields\":{\"video\":\"\",\"posterImage\":[\"100\"],\"headline\":\"Snap Ads\",\"subhead\":\"<p>Captivate your audience with full-screen Snap Ads.<\\/p>\"}},\"207\":{\"type\":\"device\",\"enabled\":\"1\",\"fields\":{\"video\":\"\",\"posterImage\":[\"99\"],\"headline\":\"Filters\",\"subhead\":\"<p>Own a place or event with location-based Filters.<\\/p>\"}},\"208\":{\"type\":\"device\",\"enabled\":\"1\",\"fields\":{\"video\":\"\",\"posterImage\":[\"160\"],\"headline\":\"Lenses\",\"subhead\":\"<p>Invite customers to play and share with Lenses.<\\/p>\"}}},\"chillahTooltip\":\"\"}},\"144\":{\"modified\":\"1\",\"type\":\"newSection\",\"enabled\":\"1\",\"collapsed\":\"0\",\"level\":\"0\",\"fields\":{\"sectionTitle\":\"Snap Ads\",\"sectionBackgroundColor\":\"white\"}},\"209\":{\"modified\":\"1\",\"type\":\"centeredTextLockup\",\"enabled\":\"1\",\"collapsed\":\"0\",\"level\":\"1\",\"fields\":{\"image\":\"\",\"headline\":\"Snap Ads\",\"subhead\":\"<p>The original vertical video ad &mdash; now with attachments customized for your objectives.<\\/p>\",\"ctaButtons\":\"\"}},\"162\":{\"modified\":\"1\",\"type\":\"deviceTabs\",\"enabled\":\"1\",\"collapsed\":\"0\",\"level\":\"1\",\"fields\":{\"deviceTab\":{\"210\":{\"type\":\"tab\",\"enabled\":\"1\",\"fields\":{\"deviceVideo\":\"\",\"deviceImage\":\"\",\"tabImage\":[\"145\"],\"tabLabel\":\"Snap ads\",\"descriptionTitle\":\"\",\"description\":\"<p>Snap Ads are full-screen, 100% viewable, and have audio on by default.<\\/p>\",\"primaryCta\":{\"type\":\"\",\"custom\":\"\",\"entry\":\"\",\"customText\":\"\",\"target\":\"\"},\"secondaryLink\":{\"type\":\"\",\"custom\":\"\",\"entry\":\"\",\"customText\":\"\",\"target\":\"\"}}},\"211\":{\"type\":\"tab\",\"enabled\":\"1\",\"fields\":{\"deviceVideo\":\"\",\"deviceImage\":\"\",\"tabImage\":[\"146\"],\"tabLabel\":\"+ Web View\",\"descriptionTitle\":\"\",\"description\":\"<p>Drive traffic to your pre-loaded website. With our Auto-Fill feature, Snapchatters can send you their account email and more by just tapping.<\\/p>\",\"primaryCta\":{\"type\":\"\",\"custom\":\"\",\"entry\":\"\",\"customText\":\"\",\"target\":\"\"},\"secondaryLink\":{\"type\":\"\",\"custom\":\"\",\"entry\":\"\",\"customText\":\"\",\"target\":\"\"}}}},\"chillahTooltip\":{\"163\":{\"type\":\"tooltip\",\"enabled\":\"1\",\"fields\":{\"chillah\":[\"141\"],\"tooltipText\":\"<p>On average, over 10 billion videos are watched on Snapchat every day.<sup>1<\\/sup><\\/p>\",\"location\":\"topLeft\"}}}}},\"118\":{\"modified\":\"1\",\"type\":\"newSection\",\"enabled\":\"1\",\"collapsed\":\"0\",\"level\":\"0\",\"fields\":{\"sectionTitle\":\"Filters\",\"sectionBackgroundColor\":\"gray\"}},\"119\":{\"modified\":\"1\",\"type\":\"centeredTextLockup\",\"enabled\":\"1\",\"collapsed\":\"0\",\"level\":\"1\",\"fields\":{\"image\":\"\",\"headline\":\"Filters\",\"subhead\":\"<p>Filters allow you to be where your product is bought, thought about, or consumed. Create your own Filter and drive awareness, advocacy, and action in one package.<\\/p>\",\"ctaButtons\":{\"212\":{\"type\":\"primaryButton\",\"enabled\":\"1\",\"fields\":{\"button\":{\"type\":\"custom\",\"custom\":\"https:\\/\\/geofilters.snapchat.com\",\"entry\":\"\",\"customText\":\"Create A Filter\",\"target\":\"_blank\"},\"outline\":\"\",\"buttonType\":\"normal\"}},\"213\":{\"type\":\"secondaryButton\",\"enabled\":\"1\",\"fields\":{\"button\":{\"type\":\"custom\",\"custom\":\"https:\\/\\/businesshelp.snapchat.com\\/en-US\\/article\\/create-geofilter\",\"entry\":\"\",\"customText\":\"View Guidelines\",\"target\":\"_blank\"}}}}}},\"124\":{\"modified\":\"1\",\"type\":\"mobileDeviceGrid\",\"enabled\":\"1\",\"collapsed\":\"0\",\"level\":\"1\",\"fields\":{\"mobileDevices\":{\"214\":{\"type\":\"device\",\"enabled\":\"1\",\"fields\":{\"video\":\"\",\"posterImage\":[\"101\"],\"headline\":\"\",\"subhead\":\"\"}},\"215\":{\"type\":\"device\",\"enabled\":\"1\",\"fields\":{\"video\":\"\",\"posterImage\":[\"157\"],\"headline\":\"\",\"subhead\":\"\"}},\"216\":{\"type\":\"device\",\"enabled\":\"1\",\"fields\":{\"video\":\"\",\"posterImage\":[\"103\"],\"headline\":\"\",\"subhead\":\"\"}}},\"chillahTooltip\":{\"140\":{\"type\":\"tooltip\",\"enabled\":\"1\",\"fields\":{\"chillah\":[\"143\"],\"tooltipText\":\"<p>On average, more than a billion Snaps with Filters are viewed every day.<sup>1<\\/sup><\\/p>\",\"location\":\"topRight\"}}}}},\"128\":{\"modified\":\"1\",\"type\":\"newSection\",\"enabled\":\"1\",\"collapsed\":\"0\",\"level\":\"0\",\"fields\":{\"sectionTitle\":\"Lenses\",\"sectionBackgroundColor\":\"white\"}},\"129\":{\"modified\":\"1\",\"type\":\"centeredTextLockup\",\"enabled\":\"1\",\"collapsed\":\"0\",\"level\":\"1\",\"fields\":{\"image\":\"\",\"headline\":\"Lenses\",\"subhead\":\"<p>Lenses are the most playful and memorable way to increase awareness, on a massive scale. With one tap, you can invite Snapchatters into your world &mdash; and your story.<\\/p>\",\"ctaButtons\":\"\"}},\"132\":{\"modified\":\"1\",\"type\":\"mobileDeviceGrid\",\"enabled\":\"1\",\"collapsed\":\"0\",\"level\":\"1\",\"fields\":{\"mobileDevices\":{\"217\":{\"type\":\"device\",\"enabled\":\"1\",\"fields\":{\"video\":\"\",\"posterImage\":[\"159\"],\"headline\":\"\",\"subhead\":\"\"}},\"218\":{\"type\":\"device\",\"enabled\":\"1\",\"fields\":{\"video\":\"\",\"posterImage\":[\"151\"],\"headline\":\"\",\"subhead\":\"\"}},\"219\":{\"type\":\"device\",\"enabled\":\"1\",\"fields\":{\"video\":\"\",\"posterImage\":[\"161\"],\"headline\":\"\",\"subhead\":\"\"}}},\"chillahTooltip\":{\"220\":{\"type\":\"tooltip\",\"enabled\":\"1\",\"fields\":{\"chillah\":[\"142\"],\"tooltipText\":\"<p>The best lenses average more than 20 seconds of play time!<sup>1<\\/sup><\\/p>\",\"location\":\"topRight\"}}}}},\"136\":{\"modified\":\"1\",\"type\":\"newSection\",\"enabled\":\"1\",\"collapsed\":\"0\",\"level\":\"0\",\"fields\":{\"sectionTitle\":\"Video\",\"sectionBackgroundColor\":\"gray\"}},\"137\":{\"modified\":\"1\",\"type\":\"centeredTextLockup\",\"enabled\":\"1\",\"collapsed\":\"0\",\"level\":\"1\",\"fields\":{\"image\":\"\",\"headline\":\"See where your ads will run on Snapchat\",\"subhead\":\"\",\"ctaButtons\":\"\"}},\"221\":{\"modified\":\"1\",\"type\":\"centeredVideo\",\"enabled\":\"1\",\"collapsed\":\"0\",\"level\":\"1\",\"fields\":{\"horizontalVideo\":\"\",\"horizontalPosterImage\":\"\",\"verticalVideo\":\"\",\"verticalPosterImage\":\"\",\"videoControls\":\"\",\"roundedCorners\":\"\",\"autoplay\":\"\"}}},\"107\":\"website\",\"102\":\"\",\"104\":\"\",\"101\":\"\",\"16\":\"1\",\"15\":\"blue\",\"7\":\"ad-products\"}}', '2017-08-17 17:52:23', '2017-08-17 17:52:23', 'd75a607b-1a0c-422c-b001-86cb9646228a'),
 ('98', '348', '2', '1', 'en_us', '1', '', '{\"typeId\":null,\"authorId\":\"1\",\"title\":\"Test Blog Entry\",\"slug\":\"test-blog-entry\",\"postDate\":1503354660,\"expiryDate\":null,\"enabled\":1,\"parentId\":null,\"fields\":{\"144\":{\"new0\":{\"modified\":\"1\",\"type\":\"centeredImage\",\"enabled\":\"1\",\"collapsed\":\"0\",\"level\":\"0\",\"fields\":{\"image\":[\"8\"],\"imageAltText\":\"Image alt text\"}}},\"145\":[\"347\"],\"103\":\"\",\"106\":\"\",\"105\":\"\",\"107\":\"website\",\"102\":\"\",\"104\":\"\",\"101\":\"\"}}', '2017-08-21 22:32:03', '2017-08-21 22:32:03', '0e8cc68d-5e07-478c-9c77-7a5927b37c9d'),
 ('100', '348', '2', '1', 'en_us', '2', '', '{\"typeId\":\"2\",\"authorId\":\"1\",\"title\":\"Test Blog Entry\",\"slug\":\"test-blog-entry\",\"postDate\":1503354660,\"expiryDate\":null,\"enabled\":1,\"parentId\":null,\"fields\":{\"146\":\"blue\",\"149\":\"\",\"144\":{\"349\":{\"modified\":\"1\",\"type\":\"centeredImage\",\"enabled\":\"1\",\"collapsed\":\"0\",\"level\":\"0\",\"fields\":{\"image\":[\"8\"],\"imageAltText\":\"Image alt text\"}}},\"147\":\"\",\"148\":\"\",\"145\":\"\",\"103\":\"\",\"106\":\"\",\"105\":\"\",\"107\":\"website\",\"102\":\"\",\"104\":\"\",\"101\":\"\"}}', '2017-08-23 17:51:21', '2017-08-23 17:51:21', 'a5823903-d23f-41b3-8c96-81876c0f7084'),
 ('101', '348', '2', '1', 'en_us', '3', '', '{\"typeId\":\"2\",\"authorId\":\"1\",\"title\":\"Insights Entry\",\"slug\":\"test-blog-entry\",\"postDate\":1503354660,\"expiryDate\":null,\"enabled\":1,\"parentId\":null,\"fields\":{\"146\":\"blue\",\"149\":\"\",\"144\":{\"349\":{\"modified\":\"1\",\"type\":\"centeredImage\",\"enabled\":\"1\",\"collapsed\":\"0\",\"level\":\"0\",\"fields\":{\"image\":[\"8\"],\"imageAltText\":\"Image alt text\"}},\"new0\":{\"modified\":\"1\",\"type\":\"headline\",\"enabled\":\"1\",\"collapsed\":\"0\",\"level\":\"0\",\"fields\":{\"headline\":\"Headline text\"}}},\"147\":[\"246\"],\"148\":[\"350\"],\"145\":\"\",\"103\":\"\",\"106\":\"\",\"105\":\"\",\"107\":\"website\",\"102\":\"\",\"104\":\"\",\"101\":\"\"}}', '2017-08-23 17:52:38', '2017-08-23 17:52:38', '7b1829d1-4a25-42ae-9cb4-ced6222d4ed5'),
 ('102', '356', '2', '1', 'en_us', '1', '', '{\"typeId\":\"10\",\"authorId\":\"1\",\"title\":\"News Entry\",\"slug\":\"news-entry\",\"postDate\":1503510822,\"expiryDate\":null,\"enabled\":1,\"parentId\":null,\"fields\":{\"149\":\"\",\"144\":{\"new0\":{\"modified\":\"1\",\"type\":\"headline\",\"enabled\":\"1\",\"collapsed\":\"0\",\"level\":\"0\",\"fields\":{\"headline\":\"News entry headline\"}}},\"147\":[\"252\"],\"148\":[\"351\"],\"145\":\"\",\"103\":\"\",\"106\":\"\",\"105\":\"\",\"107\":\"website\",\"102\":\"\",\"104\":\"\",\"101\":\"\"}}', '2017-08-23 17:53:42', '2017-08-23 17:53:42', '821b84d6-a716-40f4-a3be-43eeeb06475c'),
 ('103', '33', '4', '1', 'en_us', '5', '', '{\"typeId\":\"4\",\"authorId\":\"1\",\"title\":\"AB InBev\",\"slug\":\"ab-inbev\",\"postDate\":1500679740,\"expiryDate\":null,\"enabled\":1,\"parentId\":\"\",\"fields\":{\"146\":\"blue\",\"38\":[\"97\"],\"39\":\"Success Story\",\"88\":[\"256\"],\"86\":[\"246\"],\"87\":[\"245\"],\"43\":\"\",\"42\":\"On average, Snapchatters spent 30 seconds playing Anheuser Busch InBev\'s Bud Bowl game in its Snap Ad Web View.\"}}', '2017-08-23 17:54:03', '2017-08-23 17:54:03', 'e161ef88-14ba-4b43-8b34-ab2330efa2e5'),
 ('104', '358', '4', '1', 'en_us', '1', '', '{\"typeId\":\"12\",\"authorId\":\"1\",\"title\":\"Success Story Entry\",\"slug\":\"success-story-entry\",\"postDate\":1503510989,\"expiryDate\":null,\"enabled\":1,\"parentId\":\"\",\"fields\":{\"151\":\"\",\"146\":\"green\",\"38\":[\"97\"],\"150\":\"\",\"144\":{\"new0\":{\"modified\":\"1\",\"type\":\"subhead\",\"enabled\":\"1\",\"collapsed\":\"0\",\"level\":\"0\",\"fields\":{\"subhead\":\"<p>Quo usque tandem abutere, Catilina, patientia nostra? Petierunt uti sibi concilium totius Galliae in diem certam indicere. Qui ipsorum lingua Celtae, nostra Galli appellantur.<\\/p>\"}}},\"103\":\"\",\"106\":\"\",\"105\":\"\",\"107\":\"website\",\"102\":\"\",\"104\":\"\",\"101\":\"\",\"42\":\"Success story summary text Quae vero auctorem tractata ab fiducia dicuntur.\"}}', '2017-08-23 17:56:29', '2017-08-23 17:56:29', '4b35b701-7c60-4c38-9307-53be6d16a63d'),
 ('107', '356', '2', '361', 'en_us', '2', '', '{\"typeId\":\"10\",\"authorId\":\"1\",\"title\":\"Localized News Entry\",\"slug\":\"news-entry\",\"postDate\":1503510780,\"expiryDate\":null,\"enabled\":1,\"parentId\":null,\"fields\":{\"149\":\"\",\"144\":{\"357\":{\"modified\":\"1\",\"type\":\"headline\",\"enabled\":\"1\",\"collapsed\":\"0\",\"level\":\"0\",\"fields\":{\"headline\":\"News entry headline\"}}},\"147\":[\"252\"],\"148\":[\"351\"],\"145\":\"\",\"103\":\"\",\"155\":\"Localized News Entry\",\"106\":\"\",\"105\":\"\",\"107\":\"website\",\"102\":\"\",\"104\":\"\",\"101\":\"\"}}', '2017-08-23 21:53:03', '2017-08-23 21:53:03', '4c73c92c-4de5-4690-a597-01bd4b5d3c13'),
 ('108', '362', '11', '361', 'en_us', '1', NULL, '{\"typeId\":\"14\",\"authorId\":null,\"title\":\"Creative Spotlight\",\"slug\":\"creative-spotlight\",\"postDate\":1503607997,\"expiryDate\":null,\"enabled\":1,\"parentId\":null,\"fields\":[]}', '2017-08-24 20:53:17', '2017-08-24 20:53:17', '34dbba13-64cd-4e2e-8a65-1466cf2d451e'),
 ('109', '363', '12', '361', 'en_us', '1', NULL, '{\"typeId\":\"15\",\"authorId\":null,\"title\":\"Success Stories\",\"slug\":\"success-stories\",\"postDate\":1503608106,\"expiryDate\":null,\"enabled\":1,\"parentId\":null,\"fields\":[]}', '2017-08-24 20:55:06', '2017-08-24 20:55:06', 'f1a9d19c-61dd-4bab-b7dd-3884ec9e1e84'),
 ('111', '314', '3', '1', 'en_us', '6', '', '{\"typeId\":\"3\",\"authorId\":\"1\",\"title\":\"One With Everything\",\"slug\":\"one-with-everything\",\"postDate\":1502402400,\"expiryDate\":null,\"enabled\":1,\"parentId\":\"\",\"fields\":{\"103\":\"\",\"106\":\"\",\"105\":\"\",\"89\":{\"315\":{\"type\":\"annotation\",\"enabled\":\"1\",\"fields\":{\"number\":\"1\",\"text_loc\":\"Cool annotation bro.\"}},\"316\":{\"type\":\"annotation\",\"enabled\":\"1\",\"fields\":{\"number\":\"2\",\"text_loc\":\"Great job annotating this.\"}}},\"3\":{\"317\":{\"modified\":\"1\",\"type\":\"newSection\",\"enabled\":\"1\",\"collapsed\":\"0\",\"level\":\"0\",\"fields\":{\"sectionTitle_loc\":\"Element Grids\",\"sectionBackgroundColor\":\"gray\"}},\"318\":{\"modified\":\"1\",\"type\":\"imageCardGrid\",\"enabled\":\"1\",\"collapsed\":\"0\",\"level\":\"1\",\"fields\":{\"imageCardRow\":{\"319\":{\"type\":\"imageCard\",\"enabled\":\"1\",\"fields\":{\"cardImage\":[\"14\"],\"headline_loc\":\"Card 1 Headline\",\"body_loc\":\"<p>Card 1 body text<\\/p>\"}},\"320\":{\"type\":\"imageCard\",\"enabled\":\"1\",\"fields\":{\"cardImage\":[\"15\"],\"headline_loc\":\"Card 2 Headline\",\"body_loc\":\"<p>Card 2 body text goes right here.<\\/p>\"}},\"321\":{\"type\":\"imageCard\",\"enabled\":\"1\",\"fields\":{\"cardImage\":[\"16\"],\"headline_loc\":\"Card 3 Headline\",\"body_loc\":\"<p>Card 3 body looks like this.<\\/p>\"}}},\"chillahTooltip\":\"\"}},\"322\":{\"modified\":\"1\",\"type\":\"logoGrid\",\"enabled\":\"1\",\"collapsed\":\"0\",\"level\":\"1\",\"fields\":{\"logos\":{\"323\":{\"type\":\"logo\",\"enabled\":\"1\",\"fields\":{\"image\":[\"76\"],\"imageAltText_loc\":\"Adjust logo\",\"imageLinkUrl\":\"https:\\/\\/forbusiness.snapchat.com\"}},\"324\":{\"type\":\"logo\",\"enabled\":\"1\",\"fields\":{\"image\":[\"77\"],\"imageAltText_loc\":\"Appsflyer logo\",\"imageLinkUrl\":\"https:\\/\\/forbusiness.snapchat.com\"}},\"325\":{\"type\":\"logo\",\"enabled\":\"1\",\"fields\":{\"image\":[\"78\"],\"imageAltText_loc\":\"Double Click logo\",\"imageLinkUrl\":\"https:\\/\\/forbusiness.snapchat.com\"}}}}},\"326\":{\"modified\":\"1\",\"type\":\"mobileDeviceGrid\",\"enabled\":\"1\",\"collapsed\":\"0\",\"level\":\"1\",\"fields\":{\"mobileDevices\":{\"327\":{\"type\":\"device\",\"enabled\":\"1\",\"fields\":{\"video\":\"\",\"posterImage\":[\"160\"],\"headline_loc\":\"Device 1 headline\",\"subhead_loc\":\"<p>Quam diu etiam furor iste tuus nos eludet? Plura mihi bona sunt, inclinet, amari petere vellent.<\\/p>\"}},\"328\":{\"type\":\"device\",\"enabled\":\"1\",\"fields\":{\"video\":\"\",\"posterImage\":[\"159\"],\"headline_loc\":\"Device 2 Headline\",\"subhead_loc\":\"<p>Quam diu etiam furor iste tuus nos eludet? Plura mihi bona sunt, inclinet, amari petere vellent.<\\/p>\"}},\"329\":{\"type\":\"device\",\"enabled\":\"1\",\"fields\":{\"video\":\"\",\"posterImage\":[\"150\"],\"headline_loc\":\"Device 3 Headline\",\"subhead_loc\":\"<p>Quam diu etiam furor iste tuus nos eludet? Plura mihi bona sunt, inclinet, amari petere vellent.<\\/p>\"}}},\"chillahTooltip\":\"\"}},\"330\":{\"modified\":\"1\",\"type\":\"newSection\",\"enabled\":\"1\",\"collapsed\":\"0\",\"level\":\"0\",\"fields\":{\"sectionTitle_loc\":\"Text & Images\",\"sectionBackgroundColor\":\"white\"}},\"331\":{\"modified\":\"1\",\"type\":\"centeredTextLockup\",\"enabled\":\"1\",\"collapsed\":\"0\",\"level\":\"1\",\"fields\":{\"image\":[\"288\"],\"headline_loc\":\"Centered Text Lockup\",\"subhead_loc\":\"<p>Quam diu etiam furor iste tuus nos eludet? Plura mihi bona sunt, inclinet, amari petere vellent.<\\/p>\",\"ctaButtons\":{\"332\":{\"type\":\"primaryButton\",\"enabled\":\"1\",\"fields\":{\"button\":{\"type\":\"custom\",\"custom\":\"forbusiness.snapchat.com\",\"entry\":\"\",\"customText\":\"Primary Button Outlined\",\"target\":\"_blank\"},\"outline\":\"1\",\"buttonType\":\"normal\"}},\"333\":{\"type\":\"primaryButton\",\"enabled\":\"1\",\"fields\":{\"button\":{\"type\":\"custom\",\"custom\":\"forbusiness.snapchat.com\",\"entry\":\"\",\"customText\":\"Primary Button Filled\",\"target\":\"_blank\"},\"outline\":\"\",\"buttonType\":\"normal\"}},\"334\":{\"type\":\"secondaryButton\",\"enabled\":\"1\",\"fields\":{\"button\":{\"type\":\"custom\",\"custom\":\"forbusiness.snapchat.com\",\"entry\":\"\",\"customText\":\"Secondary Button\",\"target\":\"_blank\"}}}}}},\"335\":{\"modified\":\"1\",\"type\":\"imageBesideText\",\"enabled\":\"1\",\"collapsed\":\"0\",\"level\":\"1\",\"fields\":{\"image\":[\"38\"],\"imageLocation\":\"left\",\"headline_loc\":\"Image Beside Text\",\"paragraph_loc\":\"<p>Curabitur blandit tempus ardua ridiculus sed magna. Integer legentibus erat a ante historiarum dapibus. Vivamus sagittis lacus vel augue laoreet rutrum faucibus. Morbi fringilla convallis sapien, id pulvinar odio volutpat. Tu quoque, Brute, fili mi, nihil timor populi, nihil!<\\/p>\",\"ctaButtons\":{\"336\":{\"type\":\"primaryButton\",\"enabled\":\"1\",\"fields\":{\"button\":{\"type\":\"custom\",\"custom\":\"forbusiness.snapchat.com\",\"entry\":\"\",\"customText\":\"Primary Button Outlined\",\"target\":\"_blank\"},\"outline\":\"1\",\"buttonType\":\"normal\"}},\"337\":{\"type\":\"primaryButton\",\"enabled\":\"1\",\"fields\":{\"button\":{\"type\":\"custom\",\"custom\":\"forbusiness.snapchat.com\",\"entry\":\"\",\"customText\":\"Primary Button Filled\",\"target\":\"\"},\"outline\":\"\",\"buttonType\":\"normal\"}},\"338\":{\"type\":\"secondaryButton\",\"enabled\":\"1\",\"fields\":{\"button\":{\"type\":\"custom\",\"custom\":\"snapchat.com\",\"entry\":\"\",\"customText\":\"Secondary Button\",\"target\":\"_blank\"}}}}}},\"339\":{\"modified\":\"1\",\"type\":\"newSection\",\"enabled\":\"1\",\"collapsed\":\"0\",\"level\":\"0\",\"fields\":{\"sectionTitle_loc\":\"Images Alone\",\"sectionBackgroundColor\":\"gray\"}},\"340\":{\"modified\":\"1\",\"type\":\"centeredImage\",\"enabled\":\"1\",\"collapsed\":\"0\",\"level\":\"1\",\"fields\":{\"image\":[\"38\"],\"imageAltText_loc\":\"Centered Image\",\"assetWidth\":\"normal\",\"roundedCorners\":\"1\",\"mobileImage\":[\"100\"]}},\"343\":{\"modified\":\"1\",\"type\":\"centeredImage\",\"enabled\":\"1\",\"collapsed\":\"0\",\"level\":\"1\",\"fields\":{\"image\":[\"172\"],\"imageAltText_loc\":\"Wide centered image\",\"assetWidth\":\"wide\",\"roundedCorners\":\"\",\"mobileImage\":\"\"}},\"341\":{\"modified\":\"1\",\"type\":\"centeredImage\",\"enabled\":\"1\",\"collapsed\":\"0\",\"level\":\"1\",\"fields\":{\"image\":[\"68\"],\"imageAltText_loc\":\"Full centered image\",\"assetWidth\":\"full\",\"roundedCorners\":\"\",\"mobileImage\":\"\"}}},\"107\":\"website\",\"102\":\"\",\"104\":\"\",\"101\":\"\",\"16\":\"1\",\"15\":\"red\",\"155\":\"One With Everything\",\"7\":\"one-with-everything\"}}', '2017-08-30 21:02:13', '2017-08-30 21:02:13', 'f1c546d3-0b02-478f-9a80-53455b68b1f2'),
 ('112', '314', '3', '1', 'en_us', '7', '', '{\"typeId\":\"3\",\"authorId\":\"1\",\"title\":\"One With Everything\",\"slug\":\"one-with-everything\",\"postDate\":1502402400,\"expiryDate\":null,\"enabled\":1,\"parentId\":\"\",\"fields\":{\"103\":\"\",\"106\":\"\",\"105\":\"\",\"89\":{\"315\":{\"type\":\"annotation\",\"enabled\":\"1\",\"fields\":{\"number\":\"1\",\"text_loc\":\"Cool annotation bro.\"}},\"316\":{\"type\":\"annotation\",\"enabled\":\"1\",\"fields\":{\"number\":\"2\",\"text_loc\":\"Great job annotating this.\"}}},\"3\":{\"317\":{\"modified\":\"1\",\"type\":\"newSection\",\"enabled\":\"1\",\"collapsed\":\"0\",\"level\":\"0\",\"fields\":{\"sectionTitle_loc\":\"Element Grids\",\"sectionBackgroundColor\":\"gray\"}},\"318\":{\"modified\":\"1\",\"type\":\"imageCardGrid\",\"enabled\":\"1\",\"collapsed\":\"0\",\"level\":\"1\",\"fields\":{\"imageCardRow\":{\"319\":{\"type\":\"imageCard\",\"enabled\":\"1\",\"fields\":{\"cardImage\":[\"14\"],\"headline_loc\":\"Card 1 Headline\",\"body_loc\":\"<p>Card 1 body text<\\/p>\"}},\"320\":{\"type\":\"imageCard\",\"enabled\":\"1\",\"fields\":{\"cardImage\":[\"15\"],\"headline_loc\":\"Card 2 Headline\",\"body_loc\":\"<p>Card 2 body text goes right here.<\\/p>\"}},\"321\":{\"type\":\"imageCard\",\"enabled\":\"1\",\"fields\":{\"cardImage\":[\"16\"],\"headline_loc\":\"Card 3 Headline\",\"body_loc\":\"<p>Card 3 body looks like this.<\\/p>\"}}},\"chillahTooltip\":\"\"}},\"322\":{\"modified\":\"1\",\"type\":\"logoGrid\",\"enabled\":\"1\",\"collapsed\":\"0\",\"level\":\"1\",\"fields\":{\"logos\":{\"323\":{\"type\":\"logo\",\"enabled\":\"1\",\"fields\":{\"image\":[\"76\"],\"imageAltText_loc\":\"Adjust logo\",\"imageLinkUrl\":\"https:\\/\\/forbusiness.snapchat.com\"}},\"324\":{\"type\":\"logo\",\"enabled\":\"1\",\"fields\":{\"image\":[\"77\"],\"imageAltText_loc\":\"Appsflyer logo\",\"imageLinkUrl\":\"https:\\/\\/forbusiness.snapchat.com\"}},\"325\":{\"type\":\"logo\",\"enabled\":\"1\",\"fields\":{\"image\":[\"78\"],\"imageAltText_loc\":\"Double Click logo\",\"imageLinkUrl\":\"https:\\/\\/forbusiness.snapchat.com\"}}}}},\"326\":{\"modified\":\"1\",\"type\":\"mobileDeviceGrid\",\"enabled\":\"1\",\"collapsed\":\"0\",\"level\":\"1\",\"fields\":{\"mobileDevices\":{\"327\":{\"type\":\"device\",\"enabled\":\"1\",\"fields\":{\"video\":[\"381\"],\"posterImage\":[\"160\"],\"headline_loc\":\"Device 1 headline\",\"subhead_loc\":\"<p>Quam diu etiam furor iste tuus nos eludet? Plura mihi bona sunt, inclinet, amari petere vellent.<\\/p>\"}},\"328\":{\"type\":\"device\",\"enabled\":\"1\",\"fields\":{\"video\":[\"407\"],\"posterImage\":[\"159\"],\"headline_loc\":\"Device 2 Headline\",\"subhead_loc\":\"<p>Quam diu etiam furor iste tuus nos eludet? Plura mihi bona sunt, inclinet, amari petere vellent.<\\/p>\"}},\"329\":{\"type\":\"device\",\"enabled\":\"1\",\"fields\":{\"video\":[\"402\"],\"posterImage\":[\"150\"],\"headline_loc\":\"Device 3 Headline\",\"subhead_loc\":\"<p>Quam diu etiam furor iste tuus nos eludet? Plura mihi bona sunt, inclinet, amari petere vellent.<\\/p>\"}}},\"chillahTooltip\":\"\"}},\"330\":{\"modified\":\"1\",\"type\":\"newSection\",\"enabled\":\"1\",\"collapsed\":\"0\",\"level\":\"0\",\"fields\":{\"sectionTitle_loc\":\"Text & Images\",\"sectionBackgroundColor\":\"white\"}},\"331\":{\"modified\":\"1\",\"type\":\"centeredTextLockup\",\"enabled\":\"1\",\"collapsed\":\"0\",\"level\":\"1\",\"fields\":{\"image\":[\"288\"],\"headline_loc\":\"Centered Text Lockup\",\"subhead_loc\":\"<p>Quam diu etiam furor iste tuus nos eludet? Plura mihi bona sunt, inclinet, amari petere vellent.<\\/p>\",\"ctaButtons\":{\"332\":{\"type\":\"primaryButton\",\"enabled\":\"1\",\"fields\":{\"button\":{\"type\":\"custom\",\"custom\":\"forbusiness.snapchat.com\",\"entry\":\"\",\"customText\":\"Primary Button Outlined\",\"target\":\"_blank\"},\"outline\":\"1\",\"buttonType\":\"normal\"}},\"333\":{\"type\":\"primaryButton\",\"enabled\":\"1\",\"fields\":{\"button\":{\"type\":\"custom\",\"custom\":\"forbusiness.snapchat.com\",\"entry\":\"\",\"customText\":\"Primary Button Filled\",\"target\":\"_blank\"},\"outline\":\"\",\"buttonType\":\"normal\"}},\"334\":{\"type\":\"secondaryButton\",\"enabled\":\"1\",\"fields\":{\"button\":{\"type\":\"custom\",\"custom\":\"forbusiness.snapchat.com\",\"entry\":\"\",\"customText\":\"Secondary Button\",\"target\":\"_blank\"}}}}}},\"335\":{\"modified\":\"1\",\"type\":\"imageBesideText\",\"enabled\":\"1\",\"collapsed\":\"0\",\"level\":\"1\",\"fields\":{\"image\":[\"38\"],\"imageLocation\":\"left\",\"headline_loc\":\"Image Beside Text\",\"paragraph_loc\":\"<p>Curabitur blandit tempus ardua ridiculus sed magna. Integer legentibus erat a ante historiarum dapibus. Vivamus sagittis lacus vel augue laoreet rutrum faucibus. Morbi fringilla convallis sapien, id pulvinar odio volutpat. Tu quoque, Brute, fili mi, nihil timor populi, nihil!<\\/p>\",\"ctaButtons\":{\"336\":{\"type\":\"primaryButton\",\"enabled\":\"1\",\"fields\":{\"button\":{\"type\":\"custom\",\"custom\":\"forbusiness.snapchat.com\",\"entry\":\"\",\"customText\":\"Primary Button Outlined\",\"target\":\"_blank\"},\"outline\":\"1\",\"buttonType\":\"normal\"}},\"337\":{\"type\":\"primaryButton\",\"enabled\":\"1\",\"fields\":{\"button\":{\"type\":\"custom\",\"custom\":\"forbusiness.snapchat.com\",\"entry\":\"\",\"customText\":\"Primary Button Filled\",\"target\":\"\"},\"outline\":\"\",\"buttonType\":\"normal\"}},\"338\":{\"type\":\"secondaryButton\",\"enabled\":\"1\",\"fields\":{\"button\":{\"type\":\"custom\",\"custom\":\"snapchat.com\",\"entry\":\"\",\"customText\":\"Secondary Button\",\"target\":\"_blank\"}}}}}},\"339\":{\"modified\":\"1\",\"type\":\"newSection\",\"enabled\":\"1\",\"collapsed\":\"0\",\"level\":\"0\",\"fields\":{\"sectionTitle_loc\":\"Images Alone\",\"sectionBackgroundColor\":\"gray\"}},\"340\":{\"modified\":\"1\",\"type\":\"centeredImage\",\"enabled\":\"1\",\"collapsed\":\"0\",\"level\":\"1\",\"fields\":{\"image\":[\"38\"],\"imageAltText_loc\":\"Centered Image with round corners\",\"assetWidth\":\"normal\",\"roundedCorners\":\"1\",\"mobileImage\":[\"100\"]}},\"343\":{\"modified\":\"1\",\"type\":\"centeredImage\",\"enabled\":\"1\",\"collapsed\":\"0\",\"level\":\"1\",\"fields\":{\"image\":[\"172\"],\"imageAltText_loc\":\"Wide centered image\",\"assetWidth\":\"wide\",\"roundedCorners\":\"\",\"mobileImage\":\"\"}},\"341\":{\"modified\":\"1\",\"type\":\"centeredImage\",\"enabled\":\"1\",\"collapsed\":\"0\",\"level\":\"1\",\"fields\":{\"image\":[\"68\"],\"imageAltText_loc\":\"Full centered image\",\"assetWidth\":\"full\",\"roundedCorners\":\"\",\"mobileImage\":\"\"}},\"new0\":{\"modified\":\"1\",\"type\":\"newSection\",\"enabled\":\"1\",\"collapsed\":\"0\",\"level\":\"0\",\"fields\":{\"sectionTitle_loc\":\"Video stuff\",\"sectionBackgroundColor\":\"gray\"}},\"new1\":{\"modified\":\"1\",\"type\":\"centeredVideo\",\"enabled\":\"1\",\"collapsed\":\"0\",\"level\":\"1\",\"fields\":{\"horizontalVideo\":[\"394\"],\"horizontalPosterImage\":[\"38\"],\"verticalVideo\":[\"374\"],\"verticalPosterImage\":[\"152\"],\"videoControls\":\"1\",\"roundedCorners\":\"1\",\"autoplay\":\"\"}},\"new2\":{\"modified\":\"1\",\"type\":\"newSection\",\"enabled\":\"1\",\"collapsed\":\"0\",\"level\":\"0\",\"fields\":{\"sectionTitle_loc\":\"Side by side\",\"sectionBackgroundColor\":\"white\"}},\"new3\":{\"modified\":\"1\",\"type\":\"imageBesideText\",\"enabled\":\"1\",\"collapsed\":\"0\",\"level\":\"1\",\"fields\":{\"image\":[\"8\"],\"imageLocation\":\"left\",\"headline_loc\":\"Image left of text\",\"paragraph_loc\":\"<p>Gallia est omnis divisa in partes tres, quarum. Contra legem facit qui id facit quod lex prohibet. Tu quoque, Brute, fili mi, nihil timor populi, nihil! Nec dubitamus multa iter quae et nos invenerat. Nihil hic munitissimus habendi senatus locus, nihil horum? Idque Caesaris facere voluntate liceret: sese habere.<\\/p>\",\"ctaButtons\":{\"new1\":{\"type\":\"primaryButton\",\"enabled\":\"1\",\"fields\":{\"button\":{\"type\":\"custom\",\"custom\":\"http:\\/\\/snapchat.com\",\"entry\":\"\",\"customText\":\"CTA Button\",\"target\":\"_blank\"},\"outline\":\"1\",\"buttonType\":\"normal\"}}}}},\"new4\":{\"modified\":\"1\",\"type\":\"imageBesideText\",\"enabled\":\"1\",\"collapsed\":\"0\",\"level\":\"1\",\"fields\":{\"image\":[\"38\"],\"imageLocation\":\"right\",\"headline_loc\":\"Image to the RIGHT of text\",\"paragraph_loc\":\"<p>Gallia est omnis divisa in partes tres, quarum. Contra legem facit qui id facit quod lex prohibet. Tu quoque, Brute, fili mi, nihil timor populi, nihil! Nec dubitamus multa iter quae et nos invenerat. Nihil hic munitissimus habendi senatus locus, nihil horum? Idque Caesaris facere voluntate liceret: sese habere.<\\/p>\",\"ctaButtons\":{\"new1\":{\"type\":\"primaryButton\",\"enabled\":\"1\",\"fields\":{\"button\":{\"type\":\"custom\",\"custom\":\"http:\\/\\/snapchat.com\",\"entry\":\"\",\"customText\":\"CTA Button\",\"target\":\"\"},\"outline\":\"\",\"buttonType\":\"normal\"}}}}},\"new5\":{\"modified\":\"1\",\"type\":\"videoBesideText\",\"enabled\":\"1\",\"collapsed\":\"0\",\"level\":\"1\",\"fields\":{\"video\":{\"new1\":{\"type\":\"videoAttributes\",\"enabled\":\"1\",\"fields\":{\"videoFile\":[\"392\"],\"posterImage\":[\"155\"]}}},\"desktopVideoLocation\":\"left\",\"headline_loc\":\"Video to the left of this text\",\"paragraph_loc\":\"<p>Gallia est omnis divisa in partes tres, quarum. Contra legem facit qui id facit quod lex prohibet. Tu quoque, Brute, fili mi, nihil timor populi, nihil! Nec dubitamus multa iter quae et nos invenerat. Nihil hic munitissimus habendi senatus locus, nihil horum? Idque Caesaris facere voluntate liceret: sese habere.<\\/p>\",\"ctaButtons\":{\"new1\":{\"type\":\"primaryButton\",\"enabled\":\"1\",\"fields\":{\"button\":{\"type\":\"\",\"custom\":\"\",\"entry\":\"\",\"customText\":\"\",\"target\":\"\"},\"outline\":\"1\",\"buttonType\":\"normal\"}},\"new2\":{\"type\":\"secondaryButton\",\"enabled\":\"1\",\"fields\":{\"button\":{\"type\":\"\",\"custom\":\"\",\"entry\":\"\",\"customText\":\"\",\"target\":\"\"}}}}}}},\"107\":\"website\",\"102\":\"\",\"104\":\"\",\"101\":\"\",\"16\":\"1\",\"15\":\"red\",\"155\":\"One With Everything\",\"7\":\"one-with-everything\"}}', '2017-08-30 22:28:57', '2017-08-30 22:28:57', '69fa75ad-b496-4119-89f5-978d125a901b'),
 ('113', '314', '3', '1', 'en_us', '8', '', '{\"typeId\":\"3\",\"authorId\":\"1\",\"title\":\"One With Everything\",\"slug\":\"one-with-everything\",\"postDate\":1502402400,\"expiryDate\":null,\"enabled\":1,\"parentId\":\"\",\"fields\":{\"103\":\"\",\"106\":\"\",\"105\":\"\",\"89\":{\"315\":{\"type\":\"annotation\",\"enabled\":\"1\",\"fields\":{\"number\":\"1\",\"text_loc\":\"Cool annotation bro.\"}},\"316\":{\"type\":\"annotation\",\"enabled\":\"1\",\"fields\":{\"number\":\"2\",\"text_loc\":\"Great job annotating this.\"}}},\"3\":{\"317\":{\"modified\":\"1\",\"type\":\"newSection\",\"enabled\":\"1\",\"collapsed\":\"0\",\"level\":\"0\",\"fields\":{\"sectionTitle_loc\":\"Element Grids\",\"sectionBackgroundColor\":\"gray\"}},\"318\":{\"modified\":\"1\",\"type\":\"imageCardGrid\",\"enabled\":\"1\",\"collapsed\":\"0\",\"level\":\"1\",\"fields\":{\"imageCardRow\":{\"319\":{\"type\":\"imageCard\",\"enabled\":\"1\",\"fields\":{\"cardImage\":[\"14\"],\"headline_loc\":\"Card 1 Headline\",\"body_loc\":\"<p>Card 1 body text<\\/p>\"}},\"320\":{\"type\":\"imageCard\",\"enabled\":\"1\",\"fields\":{\"cardImage\":[\"15\"],\"headline_loc\":\"Card 2 Headline\",\"body_loc\":\"<p>Card 2 body text goes right here.<\\/p>\"}},\"321\":{\"type\":\"imageCard\",\"enabled\":\"1\",\"fields\":{\"cardImage\":[\"16\"],\"headline_loc\":\"Card 3 Headline\",\"body_loc\":\"<p>Card 3 body looks like this.<\\/p>\"}}},\"chillahTooltip\":\"\"}},\"322\":{\"modified\":\"1\",\"type\":\"logoGrid\",\"enabled\":\"1\",\"collapsed\":\"0\",\"level\":\"1\",\"fields\":{\"logos\":{\"323\":{\"type\":\"logo\",\"enabled\":\"1\",\"fields\":{\"image\":[\"76\"],\"imageAltText_loc\":\"Adjust logo\",\"imageLinkUrl\":\"https:\\/\\/forbusiness.snapchat.com\"}},\"324\":{\"type\":\"logo\",\"enabled\":\"1\",\"fields\":{\"image\":[\"77\"],\"imageAltText_loc\":\"Appsflyer logo\",\"imageLinkUrl\":\"https:\\/\\/forbusiness.snapchat.com\"}},\"325\":{\"type\":\"logo\",\"enabled\":\"1\",\"fields\":{\"image\":[\"78\"],\"imageAltText_loc\":\"Double Click logo\",\"imageLinkUrl\":\"https:\\/\\/forbusiness.snapchat.com\"}}}}},\"326\":{\"modified\":\"1\",\"type\":\"mobileDeviceGrid\",\"enabled\":\"1\",\"collapsed\":\"0\",\"level\":\"1\",\"fields\":{\"mobileDevices\":{\"327\":{\"type\":\"device\",\"enabled\":\"1\",\"fields\":{\"video\":[\"381\"],\"posterImage\":[\"160\"],\"headline_loc\":\"Device 1 headline\",\"subhead_loc\":\"<p>Quam diu etiam furor iste tuus nos eludet? Plura mihi bona sunt, inclinet, amari petere vellent.<\\/p>\"}},\"328\":{\"type\":\"device\",\"enabled\":\"1\",\"fields\":{\"video\":[\"407\"],\"posterImage\":[\"159\"],\"headline_loc\":\"Device 2 Headline\",\"subhead_loc\":\"<p>Quam diu etiam furor iste tuus nos eludet? Plura mihi bona sunt, inclinet, amari petere vellent.<\\/p>\"}},\"329\":{\"type\":\"device\",\"enabled\":\"1\",\"fields\":{\"video\":[\"402\"],\"posterImage\":[\"150\"],\"headline_loc\":\"Device 3 Headline\",\"subhead_loc\":\"<p>Quam diu etiam furor iste tuus nos eludet? Plura mihi bona sunt, inclinet, amari petere vellent.<\\/p>\"}}},\"chillahTooltip\":\"\"}},\"330\":{\"modified\":\"1\",\"type\":\"newSection\",\"enabled\":\"1\",\"collapsed\":\"0\",\"level\":\"0\",\"fields\":{\"sectionTitle_loc\":\"Text & Images\",\"sectionBackgroundColor\":\"white\"}},\"331\":{\"modified\":\"1\",\"type\":\"centeredTextLockup\",\"enabled\":\"1\",\"collapsed\":\"0\",\"level\":\"1\",\"fields\":{\"image\":[\"288\"],\"headline_loc\":\"Centered Text Lockup\",\"subhead_loc\":\"<p>Quam diu etiam furor iste tuus nos eludet? Plura mihi bona sunt, inclinet, amari petere vellent.<\\/p>\",\"ctaButtons\":{\"332\":{\"type\":\"primaryButton\",\"enabled\":\"1\",\"fields\":{\"button\":{\"type\":\"custom\",\"custom\":\"forbusiness.snapchat.com\",\"entry\":\"\",\"customText\":\"Primary Button Outlined\",\"target\":\"_blank\"},\"outline\":\"1\",\"buttonType\":\"normal\"}},\"333\":{\"type\":\"primaryButton\",\"enabled\":\"1\",\"fields\":{\"button\":{\"type\":\"custom\",\"custom\":\"forbusiness.snapchat.com\",\"entry\":\"\",\"customText\":\"Primary Button Filled\",\"target\":\"_blank\"},\"outline\":\"\",\"buttonType\":\"normal\"}},\"334\":{\"type\":\"secondaryButton\",\"enabled\":\"1\",\"fields\":{\"button\":{\"type\":\"custom\",\"custom\":\"forbusiness.snapchat.com\",\"entry\":\"\",\"customText\":\"Secondary Button\",\"target\":\"_blank\"}}}}}},\"335\":{\"modified\":\"1\",\"type\":\"imageBesideText\",\"enabled\":\"1\",\"collapsed\":\"0\",\"level\":\"1\",\"fields\":{\"image\":[\"38\"],\"imageLocation\":\"left\",\"headline_loc\":\"Image Beside Text\",\"paragraph_loc\":\"<p>Curabitur blandit tempus ardua ridiculus sed magna. Integer legentibus erat a ante historiarum dapibus. Vivamus sagittis lacus vel augue laoreet rutrum faucibus. Morbi fringilla convallis sapien, id pulvinar odio volutpat. Tu quoque, Brute, fili mi, nihil timor populi, nihil!<\\/p>\",\"ctaButtons\":{\"336\":{\"type\":\"primaryButton\",\"enabled\":\"1\",\"fields\":{\"button\":{\"type\":\"custom\",\"custom\":\"forbusiness.snapchat.com\",\"entry\":\"\",\"customText\":\"Primary Button Outlined\",\"target\":\"_blank\"},\"outline\":\"1\",\"buttonType\":\"normal\"}},\"337\":{\"type\":\"primaryButton\",\"enabled\":\"1\",\"fields\":{\"button\":{\"type\":\"custom\",\"custom\":\"forbusiness.snapchat.com\",\"entry\":\"\",\"customText\":\"Primary Button Filled\",\"target\":\"\"},\"outline\":\"\",\"buttonType\":\"normal\"}},\"338\":{\"type\":\"secondaryButton\",\"enabled\":\"1\",\"fields\":{\"button\":{\"type\":\"custom\",\"custom\":\"snapchat.com\",\"entry\":\"\",\"customText\":\"Secondary Button\",\"target\":\"_blank\"}}}}}},\"339\":{\"modified\":\"1\",\"type\":\"newSection\",\"enabled\":\"1\",\"collapsed\":\"0\",\"level\":\"0\",\"fields\":{\"sectionTitle_loc\":\"Images Alone\",\"sectionBackgroundColor\":\"gray\"}},\"340\":{\"modified\":\"1\",\"type\":\"centeredImage\",\"enabled\":\"1\",\"collapsed\":\"0\",\"level\":\"1\",\"fields\":{\"image\":[\"38\"],\"imageAltText_loc\":\"Centered Image with round corners\",\"assetWidth\":\"normal\",\"roundedCorners\":\"1\",\"mobileImage\":[\"100\"]}},\"343\":{\"modified\":\"1\",\"type\":\"centeredImage\",\"enabled\":\"1\",\"collapsed\":\"0\",\"level\":\"1\",\"fields\":{\"image\":[\"172\"],\"imageAltText_loc\":\"Wide centered image\",\"assetWidth\":\"wide\",\"roundedCorners\":\"\",\"mobileImage\":\"\"}},\"341\":{\"modified\":\"1\",\"type\":\"centeredImage\",\"enabled\":\"1\",\"collapsed\":\"0\",\"level\":\"1\",\"fields\":{\"image\":[\"68\"],\"imageAltText_loc\":\"Full centered image\",\"assetWidth\":\"full\",\"roundedCorners\":\"\",\"mobileImage\":\"\"}},\"426\":{\"modified\":\"1\",\"type\":\"newSection\",\"enabled\":\"1\",\"collapsed\":\"0\",\"level\":\"0\",\"fields\":{\"sectionTitle_loc\":\"Video stuff\",\"sectionBackgroundColor\":\"gray\"}},\"427\":{\"modified\":\"1\",\"type\":\"centeredVideo\",\"enabled\":\"1\",\"collapsed\":\"0\",\"level\":\"1\",\"fields\":{\"horizontalVideo\":[\"394\"],\"horizontalPosterImage\":[\"38\"],\"verticalVideo\":[\"374\"],\"verticalPosterImage\":[\"152\"],\"videoControls\":\"1\",\"roundedCorners\":\"1\",\"autoplay\":\"\"}},\"428\":{\"modified\":\"1\",\"type\":\"newSection\",\"enabled\":\"1\",\"collapsed\":\"0\",\"level\":\"0\",\"fields\":{\"sectionTitle_loc\":\"Side by side\",\"sectionBackgroundColor\":\"white\"}},\"429\":{\"modified\":\"1\",\"type\":\"imageBesideText\",\"enabled\":\"1\",\"collapsed\":\"0\",\"level\":\"1\",\"fields\":{\"image\":[\"8\"],\"imageLocation\":\"left\",\"headline_loc\":\"Image left of text\",\"paragraph_loc\":\"<p>Gallia est omnis divisa in partes tres, quarum. Contra legem facit qui id facit quod lex prohibet. Tu quoque, Brute, fili mi, nihil timor populi, nihil! Nec dubitamus multa iter quae et nos invenerat. Nihil hic munitissimus habendi senatus locus, nihil horum? Idque Caesaris facere voluntate liceret: sese habere.<\\/p>\",\"ctaButtons\":{\"430\":{\"type\":\"primaryButton\",\"enabled\":\"1\",\"fields\":{\"button\":{\"type\":\"custom\",\"custom\":\"http:\\/\\/snapchat.com\",\"entry\":\"\",\"customText\":\"CTA Button\",\"target\":\"_blank\"},\"outline\":\"1\",\"buttonType\":\"normal\"}}}}},\"431\":{\"modified\":\"1\",\"type\":\"imageBesideText\",\"enabled\":\"1\",\"collapsed\":\"0\",\"level\":\"1\",\"fields\":{\"image\":[\"38\"],\"imageLocation\":\"right\",\"headline_loc\":\"Image to the RIGHT of text\",\"paragraph_loc\":\"<p>Gallia est omnis divisa in partes tres, quarum. Contra legem facit qui id facit quod lex prohibet. Tu quoque, Brute, fili mi, nihil timor populi, nihil! Nec dubitamus multa iter quae et nos invenerat. Nihil hic munitissimus habendi senatus locus, nihil horum? Idque Caesaris facere voluntate liceret: sese habere.<\\/p>\",\"ctaButtons\":{\"432\":{\"type\":\"primaryButton\",\"enabled\":\"1\",\"fields\":{\"button\":{\"type\":\"custom\",\"custom\":\"http:\\/\\/snapchat.com\",\"entry\":\"\",\"customText\":\"CTA Button\",\"target\":\"\"},\"outline\":\"\",\"buttonType\":\"normal\"}}}}},\"433\":{\"modified\":\"1\",\"type\":\"videoBesideText\",\"enabled\":\"1\",\"collapsed\":\"0\",\"level\":\"1\",\"fields\":{\"video\":{\"434\":{\"type\":\"videoAttributes\",\"enabled\":\"1\",\"fields\":{\"videoFile\":[\"392\"],\"posterImage\":[\"155\"]}}},\"desktopVideoLocation\":\"left\",\"headline_loc\":\"Video to the left of this text\",\"paragraph_loc\":\"<p>Gallia est omnis divisa in partes tres, quarum. Contra legem facit qui id facit quod lex prohibet. Tu quoque, Brute, fili mi, nihil timor populi, nihil! Nec dubitamus multa iter quae et nos invenerat. Nihil hic munitissimus habendi senatus locus, nihil horum? Idque Caesaris facere voluntate liceret: sese habere.<\\/p>\",\"ctaButtons\":{\"435\":{\"type\":\"primaryButton\",\"enabled\":\"1\",\"fields\":{\"button\":{\"type\":\"\",\"custom\":\"\",\"entry\":\"\",\"customText\":\"\",\"target\":\"\"},\"outline\":\"1\",\"buttonType\":\"normal\"}},\"436\":{\"type\":\"secondaryButton\",\"enabled\":\"1\",\"fields\":{\"button\":{\"type\":\"\",\"custom\":\"\",\"entry\":\"\",\"customText\":\"\",\"target\":\"\"}}}}}}},\"107\":\"website\",\"102\":\"\",\"104\":\"\",\"101\":\"\",\"16\":\"1\",\"15\":\"red\",\"155\":\"One With Everything\",\"7\":\"everything\"}}', '2017-08-31 18:28:55', '2017-08-31 18:28:55', '7317594b-09d5-4483-9b22-9b94ef205244'),
 ('114', '314', '3', '1', 'en_us', '9', '', '{\"typeId\":\"3\",\"authorId\":\"1\",\"title\":\"One With Everything\",\"slug\":\"one-with-everything\",\"postDate\":1502402400,\"expiryDate\":null,\"enabled\":1,\"parentId\":\"\",\"fields\":{\"103\":\"\",\"106\":\"\",\"105\":\"\",\"89\":{\"315\":{\"type\":\"annotation\",\"enabled\":\"1\",\"fields\":{\"number\":\"1\",\"text_loc\":\"Cool annotation bro.\"}},\"316\":{\"type\":\"annotation\",\"enabled\":\"1\",\"fields\":{\"number\":\"2\",\"text_loc\":\"Great job annotating this.\"}}},\"3\":{\"317\":{\"modified\":\"1\",\"type\":\"newSection\",\"enabled\":\"1\",\"collapsed\":\"0\",\"level\":\"0\",\"fields\":{\"sectionTitle_loc\":\"Element Grids\",\"sectionBackgroundColor\":\"gray\"}},\"318\":{\"modified\":\"1\",\"type\":\"imageCardGrid\",\"enabled\":\"1\",\"collapsed\":\"0\",\"level\":\"1\",\"fields\":{\"imageCardRow\":{\"319\":{\"type\":\"imageCard\",\"enabled\":\"1\",\"fields\":{\"cardImage\":[\"14\"],\"headline_loc\":\"Card 1 Headline\",\"body_loc\":\"<p>Card 1 body text<\\/p>\"}},\"320\":{\"type\":\"imageCard\",\"enabled\":\"1\",\"fields\":{\"cardImage\":[\"15\"],\"headline_loc\":\"Card 2 Headline\",\"body_loc\":\"<p>Card 2 body text goes right here.<\\/p>\"}},\"321\":{\"type\":\"imageCard\",\"enabled\":\"1\",\"fields\":{\"cardImage\":[\"16\"],\"headline_loc\":\"Card 3 Headline\",\"body_loc\":\"<p>Card 3 body looks like this.<\\/p>\"}}},\"chillahTooltip\":\"\"}},\"322\":{\"modified\":\"1\",\"type\":\"logoGrid\",\"enabled\":\"1\",\"collapsed\":\"0\",\"level\":\"1\",\"fields\":{\"logos\":{\"323\":{\"type\":\"logo\",\"enabled\":\"1\",\"fields\":{\"image\":[\"76\"],\"imageAltText_loc\":\"Adjust logo\",\"imageLinkUrl\":\"https:\\/\\/forbusiness.snapchat.com\"}},\"324\":{\"type\":\"logo\",\"enabled\":\"1\",\"fields\":{\"image\":[\"77\"],\"imageAltText_loc\":\"Appsflyer logo\",\"imageLinkUrl\":\"https:\\/\\/forbusiness.snapchat.com\"}},\"325\":{\"type\":\"logo\",\"enabled\":\"1\",\"fields\":{\"image\":[\"78\"],\"imageAltText_loc\":\"Double Click logo\",\"imageLinkUrl\":\"https:\\/\\/forbusiness.snapchat.com\"}}}}},\"326\":{\"modified\":\"1\",\"type\":\"mobileDeviceGrid\",\"enabled\":\"1\",\"collapsed\":\"0\",\"level\":\"1\",\"fields\":{\"mobileDevices\":{\"327\":{\"type\":\"device\",\"enabled\":\"1\",\"fields\":{\"video\":[\"381\"],\"posterImage\":[\"160\"],\"headline_loc\":\"Device 1 headline\",\"subhead_loc\":\"<p>Quam diu etiam furor iste tuus nos eludet? Plura mihi bona sunt, inclinet, amari petere vellent.<\\/p>\"}},\"328\":{\"type\":\"device\",\"enabled\":\"1\",\"fields\":{\"video\":[\"407\"],\"posterImage\":[\"159\"],\"headline_loc\":\"Device 2 Headline\",\"subhead_loc\":\"<p>Quam diu etiam furor iste tuus nos eludet? Plura mihi bona sunt, inclinet, amari petere vellent.<\\/p>\"}},\"329\":{\"type\":\"device\",\"enabled\":\"1\",\"fields\":{\"video\":[\"402\"],\"posterImage\":[\"150\"],\"headline_loc\":\"Device 3 Headline\",\"subhead_loc\":\"<p>Quam diu etiam furor iste tuus nos eludet? Plura mihi bona sunt, inclinet, amari petere vellent.<\\/p>\"}}},\"chillahTooltip\":\"\"}},\"330\":{\"modified\":\"1\",\"type\":\"newSection\",\"enabled\":\"1\",\"collapsed\":\"0\",\"level\":\"0\",\"fields\":{\"sectionTitle_loc\":\"Text & Images\",\"sectionBackgroundColor\":\"white\"}},\"331\":{\"modified\":\"1\",\"type\":\"centeredTextLockup\",\"enabled\":\"1\",\"collapsed\":\"0\",\"level\":\"1\",\"fields\":{\"image\":[\"288\"],\"headline_loc\":\"Centered Text Lockup\",\"subhead_loc\":\"<p>Quam diu etiam furor iste tuus nos eludet? Plura mihi bona sunt, inclinet, amari petere vellent.<\\/p>\",\"ctaButtons\":{\"332\":{\"type\":\"primaryButton\",\"enabled\":\"1\",\"fields\":{\"button\":{\"type\":\"custom\",\"custom\":\"forbusiness.snapchat.com\",\"entry\":\"\",\"customText\":\"Primary Button Outlined\",\"target\":\"_blank\"},\"outline\":\"1\",\"buttonType\":\"normal\"}},\"333\":{\"type\":\"primaryButton\",\"enabled\":\"1\",\"fields\":{\"button\":{\"type\":\"custom\",\"custom\":\"forbusiness.snapchat.com\",\"entry\":\"\",\"customText\":\"Primary Button Filled\",\"target\":\"_blank\"},\"outline\":\"\",\"buttonType\":\"normal\"}},\"334\":{\"type\":\"secondaryButton\",\"enabled\":\"1\",\"fields\":{\"button\":{\"type\":\"custom\",\"custom\":\"forbusiness.snapchat.com\",\"entry\":\"\",\"customText\":\"Secondary Button\",\"target\":\"_blank\"}}}}}},\"335\":{\"modified\":\"1\",\"type\":\"imageBesideText\",\"enabled\":\"1\",\"collapsed\":\"0\",\"level\":\"1\",\"fields\":{\"image\":[\"38\"],\"imageLocation\":\"left\",\"headline_loc\":\"Image Beside Text\",\"paragraph_loc\":\"<p>Curabitur blandit tempus ardua ridiculus sed magna. Integer legentibus erat a ante historiarum dapibus. Vivamus sagittis lacus vel augue laoreet rutrum faucibus. Morbi fringilla convallis sapien, id pulvinar odio volutpat. Tu quoque, Brute, fili mi, nihil timor populi, nihil!<\\/p>\",\"ctaButtons\":{\"336\":{\"type\":\"primaryButton\",\"enabled\":\"1\",\"fields\":{\"button\":{\"type\":\"custom\",\"custom\":\"forbusiness.snapchat.com\",\"entry\":\"\",\"customText\":\"Primary Button Outlined\",\"target\":\"_blank\"},\"outline\":\"1\",\"buttonType\":\"normal\"}},\"337\":{\"type\":\"primaryButton\",\"enabled\":\"1\",\"fields\":{\"button\":{\"type\":\"custom\",\"custom\":\"forbusiness.snapchat.com\",\"entry\":\"\",\"customText\":\"Primary Button Filled\",\"target\":\"\"},\"outline\":\"\",\"buttonType\":\"normal\"}},\"338\":{\"type\":\"secondaryButton\",\"enabled\":\"1\",\"fields\":{\"button\":{\"type\":\"custom\",\"custom\":\"snapchat.com\",\"entry\":\"\",\"customText\":\"Secondary Button\",\"target\":\"_blank\"}}}}}},\"339\":{\"modified\":\"1\",\"type\":\"newSection\",\"enabled\":\"1\",\"collapsed\":\"0\",\"level\":\"0\",\"fields\":{\"sectionTitle_loc\":\"Images Alone\",\"sectionBackgroundColor\":\"gray\"}},\"340\":{\"modified\":\"1\",\"type\":\"centeredImage\",\"enabled\":\"1\",\"collapsed\":\"0\",\"level\":\"1\",\"fields\":{\"image\":[\"38\"],\"imageAltText_loc\":\"Centered Image with round corners\",\"assetWidth\":\"normal\",\"roundedCorners\":\"1\",\"mobileImage\":[\"100\"]}},\"343\":{\"modified\":\"1\",\"type\":\"centeredImage\",\"enabled\":\"1\",\"collapsed\":\"0\",\"level\":\"1\",\"fields\":{\"image\":[\"172\"],\"imageAltText_loc\":\"Wide centered image\",\"assetWidth\":\"wide\",\"roundedCorners\":\"\",\"mobileImage\":\"\"}},\"341\":{\"modified\":\"1\",\"type\":\"centeredImage\",\"enabled\":\"1\",\"collapsed\":\"0\",\"level\":\"1\",\"fields\":{\"image\":[\"68\"],\"imageAltText_loc\":\"Full centered image\",\"assetWidth\":\"full\",\"roundedCorners\":\"\",\"mobileImage\":\"\"}},\"426\":{\"modified\":\"1\",\"type\":\"newSection\",\"enabled\":\"1\",\"collapsed\":\"0\",\"level\":\"0\",\"fields\":{\"sectionTitle_loc\":\"Video stuff\",\"sectionBackgroundColor\":\"gray\"}},\"427\":{\"modified\":\"1\",\"type\":\"centeredVideo\",\"enabled\":\"1\",\"collapsed\":\"0\",\"level\":\"1\",\"fields\":{\"horizontalVideo\":[\"394\"],\"horizontalPosterImage\":[\"38\"],\"verticalVideo\":[\"374\"],\"verticalPosterImage\":[\"152\"],\"videoControls\":\"1\",\"roundedCorners\":\"1\",\"autoplay\":\"\"}},\"428\":{\"modified\":\"1\",\"type\":\"newSection\",\"enabled\":\"1\",\"collapsed\":\"0\",\"level\":\"0\",\"fields\":{\"sectionTitle_loc\":\"Side by side\",\"sectionBackgroundColor\":\"white\"}},\"429\":{\"modified\":\"1\",\"type\":\"imageBesideText\",\"enabled\":\"1\",\"collapsed\":\"0\",\"level\":\"1\",\"fields\":{\"image\":[\"8\"],\"imageLocation\":\"left\",\"headline_loc\":\"Image left of text\",\"paragraph_loc\":\"<p>Gallia est omnis divisa in partes tres, quarum. Contra legem facit qui id facit quod lex prohibet. Tu quoque, Brute, fili mi, nihil timor populi, nihil! Nec dubitamus multa iter quae et nos invenerat. Nihil hic munitissimus habendi senatus locus, nihil horum? Idque Caesaris facere voluntate liceret: sese habere.<\\/p>\",\"ctaButtons\":{\"430\":{\"type\":\"primaryButton\",\"enabled\":\"1\",\"fields\":{\"button\":{\"type\":\"custom\",\"custom\":\"http:\\/\\/snapchat.com\",\"entry\":\"\",\"customText\":\"CTA Button\",\"target\":\"_blank\"},\"outline\":\"1\",\"buttonType\":\"normal\"}}}}},\"431\":{\"modified\":\"1\",\"type\":\"imageBesideText\",\"enabled\":\"1\",\"collapsed\":\"0\",\"level\":\"1\",\"fields\":{\"image\":[\"38\"],\"imageLocation\":\"right\",\"headline_loc\":\"Image to the RIGHT of text\",\"paragraph_loc\":\"<p>Gallia est omnis divisa in partes tres, quarum. Contra legem facit qui id facit quod lex prohibet. Tu quoque, Brute, fili mi, nihil timor populi, nihil! Nec dubitamus multa iter quae et nos invenerat. Nihil hic munitissimus habendi senatus locus, nihil horum? Idque Caesaris facere voluntate liceret: sese habere.<\\/p>\",\"ctaButtons\":{\"432\":{\"type\":\"primaryButton\",\"enabled\":\"1\",\"fields\":{\"button\":{\"type\":\"custom\",\"custom\":\"http:\\/\\/snapchat.com\",\"entry\":\"\",\"customText\":\"CTA Button\",\"target\":\"\"},\"outline\":\"\",\"buttonType\":\"normal\"}}}}},\"433\":{\"modified\":\"1\",\"type\":\"videoBesideText\",\"enabled\":\"1\",\"collapsed\":\"0\",\"level\":\"1\",\"fields\":{\"video\":{\"434\":{\"type\":\"videoAttributes\",\"enabled\":\"1\",\"fields\":{\"videoFile\":[\"392\"],\"posterImage\":[\"155\"]}}},\"desktopVideoLocation\":\"left\",\"headline_loc\":\"Video to the left of this text\",\"paragraph_loc\":\"<p>Gallia est omnis divisa in partes tres, quarum. Contra legem facit qui id facit quod lex prohibet. Tu quoque, Brute, fili mi, nihil timor populi, nihil! Nec dubitamus multa iter quae et nos invenerat. Nihil hic munitissimus habendi senatus locus, nihil horum? Idque Caesaris facere voluntate liceret: sese habere.<\\/p>\",\"ctaButtons\":{\"435\":{\"type\":\"primaryButton\",\"enabled\":\"1\",\"fields\":{\"button\":{\"type\":\"\",\"custom\":\"\",\"entry\":\"\",\"customText\":\"\",\"target\":\"\"},\"outline\":\"1\",\"buttonType\":\"normal\"}},\"436\":{\"type\":\"secondaryButton\",\"enabled\":\"1\",\"fields\":{\"button\":{\"type\":\"\",\"custom\":\"\",\"entry\":\"\",\"customText\":\"\",\"target\":\"\"}}}}}}},\"107\":\"website\",\"102\":\"\",\"104\":\"\",\"101\":\"\",\"16\":\"1\",\"15\":\"red\",\"155\":\"One With Everything\",\"7\":\"everything\"}}', '2017-08-31 18:33:40', '2017-08-31 18:33:40', '73fb3ae9-b1f1-4b95-8a6d-9a0571777e09'),
 ('115', '314', '3', '1', 'en_us', '10', '', '{\"typeId\":\"3\",\"authorId\":\"1\",\"title\":\"One With Everything\",\"slug\":\"everything\",\"postDate\":1502402400,\"expiryDate\":null,\"enabled\":1,\"parentId\":\"\",\"fields\":{\"103\":\"\",\"106\":\"\",\"105\":\"\",\"89\":{\"315\":{\"type\":\"annotation\",\"enabled\":\"1\",\"fields\":{\"number\":\"1\",\"text_loc\":\"Cool annotation bro.\"}},\"316\":{\"type\":\"annotation\",\"enabled\":\"1\",\"fields\":{\"number\":\"2\",\"text_loc\":\"Great job annotating this.\"}}},\"3\":{\"317\":{\"modified\":\"1\",\"type\":\"newSection\",\"enabled\":\"1\",\"collapsed\":\"0\",\"level\":\"0\",\"fields\":{\"sectionTitle_loc\":\"Element Grids\",\"sectionBackgroundColor\":\"gray\"}},\"318\":{\"modified\":\"1\",\"type\":\"imageCardGrid\",\"enabled\":\"1\",\"collapsed\":\"0\",\"level\":\"1\",\"fields\":{\"imageCardRow\":{\"319\":{\"type\":\"imageCard\",\"enabled\":\"1\",\"fields\":{\"cardImage\":[\"14\"],\"headline_loc\":\"Card 1 Headline\",\"body_loc\":\"<p>Card 1 body text<\\/p>\"}},\"320\":{\"type\":\"imageCard\",\"enabled\":\"1\",\"fields\":{\"cardImage\":[\"15\"],\"headline_loc\":\"Card 2 Headline\",\"body_loc\":\"<p>Card 2 body text goes right here.<\\/p>\"}},\"321\":{\"type\":\"imageCard\",\"enabled\":\"1\",\"fields\":{\"cardImage\":[\"16\"],\"headline_loc\":\"Card 3 Headline\",\"body_loc\":\"<p>Card 3 body looks like this.<\\/p>\"}}},\"chillahTooltip\":\"\"}},\"322\":{\"modified\":\"1\",\"type\":\"logoGrid\",\"enabled\":\"1\",\"collapsed\":\"0\",\"level\":\"1\",\"fields\":{\"logos\":{\"323\":{\"type\":\"logo\",\"enabled\":\"1\",\"fields\":{\"image\":[\"76\"],\"imageAltText_loc\":\"Adjust logo\",\"imageLinkUrl\":\"https:\\/\\/forbusiness.snapchat.com\"}},\"324\":{\"type\":\"logo\",\"enabled\":\"1\",\"fields\":{\"image\":[\"77\"],\"imageAltText_loc\":\"Appsflyer logo\",\"imageLinkUrl\":\"https:\\/\\/forbusiness.snapchat.com\"}},\"325\":{\"type\":\"logo\",\"enabled\":\"1\",\"fields\":{\"image\":[\"78\"],\"imageAltText_loc\":\"Double Click logo\",\"imageLinkUrl\":\"https:\\/\\/forbusiness.snapchat.com\"}}}}},\"326\":{\"modified\":\"1\",\"type\":\"mobileDeviceGrid\",\"enabled\":\"1\",\"collapsed\":\"0\",\"level\":\"1\",\"fields\":{\"mobileDevices\":{\"327\":{\"type\":\"device\",\"enabled\":\"1\",\"fields\":{\"video\":[\"381\"],\"posterImage\":[\"160\"],\"headline_loc\":\"Device 1 headline\",\"subhead_loc\":\"<p>Quam diu etiam furor iste tuus nos eludet? Plura mihi bona sunt, inclinet, amari petere vellent.<\\/p>\"}},\"328\":{\"type\":\"device\",\"enabled\":\"1\",\"fields\":{\"video\":[\"407\"],\"posterImage\":[\"159\"],\"headline_loc\":\"Device 2 Headline\",\"subhead_loc\":\"<p>Quam diu etiam furor iste tuus nos eludet? Plura mihi bona sunt, inclinet, amari petere vellent.<\\/p>\"}},\"329\":{\"type\":\"device\",\"enabled\":\"1\",\"fields\":{\"video\":[\"402\"],\"posterImage\":[\"150\"],\"headline_loc\":\"Device 3 Headline\",\"subhead_loc\":\"<p>Quam diu etiam furor iste tuus nos eludet? Plura mihi bona sunt, inclinet, amari petere vellent.<\\/p>\"}}},\"chillahTooltip\":\"\"}},\"330\":{\"modified\":\"1\",\"type\":\"newSection\",\"enabled\":\"1\",\"collapsed\":\"0\",\"level\":\"0\",\"fields\":{\"sectionTitle_loc\":\"Text & Images\",\"sectionBackgroundColor\":\"white\"}},\"331\":{\"modified\":\"1\",\"type\":\"centeredTextLockup\",\"enabled\":\"1\",\"collapsed\":\"0\",\"level\":\"1\",\"fields\":{\"image\":[\"288\"],\"headline_loc\":\"Centered Text Lockup\",\"subhead_loc\":\"<p>Quam diu etiam furor iste tuus nos eludet? Plura mihi bona sunt, inclinet, amari petere vellent.<\\/p>\",\"ctaButtons\":{\"332\":{\"type\":\"primaryButton\",\"enabled\":\"1\",\"fields\":{\"button\":{\"type\":\"custom\",\"custom\":\"forbusiness.snapchat.com\",\"entry\":\"\",\"customText\":\"Primary Button Outlined\",\"target\":\"_blank\"},\"outline\":\"1\",\"buttonType\":\"normal\"}},\"333\":{\"type\":\"primaryButton\",\"enabled\":\"1\",\"fields\":{\"button\":{\"type\":\"custom\",\"custom\":\"forbusiness.snapchat.com\",\"entry\":\"\",\"customText\":\"Primary Button Filled\",\"target\":\"_blank\"},\"outline\":\"\",\"buttonType\":\"normal\"}},\"334\":{\"type\":\"secondaryButton\",\"enabled\":\"1\",\"fields\":{\"button\":{\"type\":\"custom\",\"custom\":\"forbusiness.snapchat.com\",\"entry\":\"\",\"customText\":\"Secondary Button\",\"target\":\"_blank\"}}}}}},\"335\":{\"modified\":\"1\",\"type\":\"imageBesideText\",\"enabled\":\"1\",\"collapsed\":\"0\",\"level\":\"1\",\"fields\":{\"image\":[\"38\"],\"imageLocation\":\"left\",\"headline_loc\":\"Image Beside Text\",\"paragraph_loc\":\"<p>Curabitur blandit tempus ardua ridiculus sed magna. Integer legentibus erat a ante historiarum dapibus. Vivamus sagittis lacus vel augue laoreet rutrum faucibus. Morbi fringilla convallis sapien, id pulvinar odio volutpat. Tu quoque, Brute, fili mi, nihil timor populi, nihil!<\\/p>\",\"ctaButtons\":{\"336\":{\"type\":\"primaryButton\",\"enabled\":\"1\",\"fields\":{\"button\":{\"type\":\"custom\",\"custom\":\"forbusiness.snapchat.com\",\"entry\":\"\",\"customText\":\"Primary Button Outlined\",\"target\":\"_blank\"},\"outline\":\"1\",\"buttonType\":\"normal\"}},\"337\":{\"type\":\"primaryButton\",\"enabled\":\"1\",\"fields\":{\"button\":{\"type\":\"custom\",\"custom\":\"forbusiness.snapchat.com\",\"entry\":\"\",\"customText\":\"Primary Button Filled\",\"target\":\"\"},\"outline\":\"\",\"buttonType\":\"normal\"}},\"338\":{\"type\":\"secondaryButton\",\"enabled\":\"1\",\"fields\":{\"button\":{\"type\":\"custom\",\"custom\":\"snapchat.com\",\"entry\":\"\",\"customText\":\"Secondary Button\",\"target\":\"_blank\"}}}}}},\"339\":{\"modified\":\"1\",\"type\":\"newSection\",\"enabled\":\"1\",\"collapsed\":\"0\",\"level\":\"0\",\"fields\":{\"sectionTitle_loc\":\"Images Alone\",\"sectionBackgroundColor\":\"gray\"}},\"340\":{\"modified\":\"1\",\"type\":\"centeredImage\",\"enabled\":\"1\",\"collapsed\":\"0\",\"level\":\"1\",\"fields\":{\"image\":[\"38\"],\"imageAltText_loc\":\"Centered Image with round corners\",\"assetWidth\":\"normal\",\"roundedCorners\":\"1\",\"mobileImage\":[\"100\"]}},\"343\":{\"modified\":\"1\",\"type\":\"centeredImage\",\"enabled\":\"1\",\"collapsed\":\"0\",\"level\":\"1\",\"fields\":{\"image\":[\"172\"],\"imageAltText_loc\":\"Wide centered image\",\"assetWidth\":\"wide\",\"roundedCorners\":\"\",\"mobileImage\":\"\"}},\"341\":{\"modified\":\"1\",\"type\":\"centeredImage\",\"enabled\":\"1\",\"collapsed\":\"0\",\"level\":\"1\",\"fields\":{\"image\":[\"68\"],\"imageAltText_loc\":\"Full centered image\",\"assetWidth\":\"full\",\"roundedCorners\":\"\",\"mobileImage\":\"\"}},\"426\":{\"modified\":\"1\",\"type\":\"newSection\",\"enabled\":\"1\",\"collapsed\":\"0\",\"level\":\"0\",\"fields\":{\"sectionTitle_loc\":\"Video stuff\",\"sectionBackgroundColor\":\"gray\"}},\"427\":{\"modified\":\"1\",\"type\":\"centeredVideo\",\"enabled\":\"1\",\"collapsed\":\"0\",\"level\":\"1\",\"fields\":{\"horizontalVideo\":[\"394\"],\"horizontalPosterImage\":[\"38\"],\"verticalVideo\":[\"374\"],\"verticalPosterImage\":[\"152\"],\"videoControls\":\"1\",\"roundedCorners\":\"1\",\"autoplay\":\"\"}},\"428\":{\"modified\":\"1\",\"type\":\"newSection\",\"enabled\":\"1\",\"collapsed\":\"0\",\"level\":\"0\",\"fields\":{\"sectionTitle_loc\":\"Side by side\",\"sectionBackgroundColor\":\"white\"}},\"429\":{\"modified\":\"1\",\"type\":\"imageBesideText\",\"enabled\":\"1\",\"collapsed\":\"0\",\"level\":\"1\",\"fields\":{\"image\":[\"8\"],\"imageLocation\":\"left\",\"headline_loc\":\"Image left of text\",\"paragraph_loc\":\"<p>Gallia est omnis divisa in partes tres, quarum. Contra legem facit qui id facit quod lex prohibet. Tu quoque, Brute, fili mi, nihil timor populi, nihil! Nec dubitamus multa iter quae et nos invenerat. Nihil hic munitissimus habendi senatus locus, nihil horum? Idque Caesaris facere voluntate liceret: sese habere.<\\/p>\",\"ctaButtons\":{\"430\":{\"type\":\"primaryButton\",\"enabled\":\"1\",\"fields\":{\"button\":{\"type\":\"custom\",\"custom\":\"http:\\/\\/snapchat.com\",\"entry\":\"\",\"customText\":\"CTA Button\",\"target\":\"_blank\"},\"outline\":\"1\",\"buttonType\":\"normal\"}}}}},\"431\":{\"modified\":\"1\",\"type\":\"imageBesideText\",\"enabled\":\"1\",\"collapsed\":\"0\",\"level\":\"1\",\"fields\":{\"image\":[\"38\"],\"imageLocation\":\"right\",\"headline_loc\":\"Image to the RIGHT of text\",\"paragraph_loc\":\"<p>Gallia est omnis divisa in partes tres, quarum. Contra legem facit qui id facit quod lex prohibet. Tu quoque, Brute, fili mi, nihil timor populi, nihil! Nec dubitamus multa iter quae et nos invenerat. Nihil hic munitissimus habendi senatus locus, nihil horum? Idque Caesaris facere voluntate liceret: sese habere.<\\/p>\",\"ctaButtons\":{\"432\":{\"type\":\"primaryButton\",\"enabled\":\"1\",\"fields\":{\"button\":{\"type\":\"custom\",\"custom\":\"http:\\/\\/snapchat.com\",\"entry\":\"\",\"customText\":\"CTA Button\",\"target\":\"\"},\"outline\":\"\",\"buttonType\":\"normal\"}}}}},\"433\":{\"modified\":\"1\",\"type\":\"videoBesideText\",\"enabled\":\"1\",\"collapsed\":\"0\",\"level\":\"1\",\"fields\":{\"video\":{\"434\":{\"type\":\"videoAttributes\",\"enabled\":\"1\",\"fields\":{\"videoFile\":[\"392\"],\"posterImage\":[\"155\"]}}},\"desktopVideoLocation\":\"left\",\"headline_loc\":\"Video to the left of this text\",\"paragraph_loc\":\"<p>Gallia est omnis divisa in partes tres, quarum. Contra legem facit qui id facit quod lex prohibet. Tu quoque, Brute, fili mi, nihil timor populi, nihil! Nec dubitamus multa iter quae et nos invenerat. Nihil hic munitissimus habendi senatus locus, nihil horum? Idque Caesaris facere voluntate liceret: sese habere.<\\/p>\",\"ctaButtons\":{\"435\":{\"type\":\"primaryButton\",\"enabled\":\"1\",\"fields\":{\"button\":{\"type\":\"\",\"custom\":\"\",\"entry\":\"\",\"customText\":\"\",\"target\":\"\"},\"outline\":\"1\",\"buttonType\":\"normal\"}},\"436\":{\"type\":\"secondaryButton\",\"enabled\":\"1\",\"fields\":{\"button\":{\"type\":\"\",\"custom\":\"\",\"entry\":\"\",\"customText\":\"\",\"target\":\"\"}}}}}}},\"107\":\"website\",\"102\":\"\",\"104\":\"\",\"101\":\"\",\"16\":\"1\",\"15\":\"red\",\"155\":\"One With Everything\",\"7\":\"everything\"}}', '2017-08-31 18:34:20', '2017-08-31 18:34:20', '6d88c190-fd4c-41a0-80e6-b3b2c7b09cb4'),
 ('116', '314', '3', '1', 'en_us', '11', '', '{\"typeId\":\"3\",\"authorId\":\"1\",\"title\":\"One With Everything\",\"slug\":\"everything\",\"postDate\":1502402400,\"expiryDate\":null,\"enabled\":1,\"parentId\":\"\",\"fields\":{\"103\":\"\",\"106\":\"\",\"105\":\"\",\"89\":{\"315\":{\"type\":\"annotation\",\"enabled\":\"1\",\"fields\":{\"number\":\"1\",\"text_loc\":\"Cool annotation bro.\"}},\"316\":{\"type\":\"annotation\",\"enabled\":\"1\",\"fields\":{\"number\":\"2\",\"text_loc\":\"Great job annotating this.\"}}},\"3\":{\"317\":{\"modified\":\"1\",\"type\":\"newSection\",\"enabled\":\"1\",\"collapsed\":\"0\",\"level\":\"0\",\"fields\":{\"sectionTitle_loc\":\"Element Grids\",\"sectionBackgroundColor\":\"gray\"}},\"318\":{\"modified\":\"1\",\"type\":\"imageCardGrid\",\"enabled\":\"1\",\"collapsed\":\"0\",\"level\":\"1\",\"fields\":{\"imageCardRow\":{\"319\":{\"type\":\"imageCard\",\"enabled\":\"1\",\"fields\":{\"cardImage\":[\"14\"],\"headline_loc\":\"Card 1 Headline\",\"body_loc\":\"<p>Card 1 body text<\\/p>\"}},\"320\":{\"type\":\"imageCard\",\"enabled\":\"1\",\"fields\":{\"cardImage\":[\"15\"],\"headline_loc\":\"Card 2 Headline\",\"body_loc\":\"<p>Card 2 body text goes right here.<\\/p>\"}},\"321\":{\"type\":\"imageCard\",\"enabled\":\"1\",\"fields\":{\"cardImage\":[\"16\"],\"headline_loc\":\"Card 3 Headline\",\"body_loc\":\"<p>Card 3 body looks like this.<\\/p>\"}}},\"chillahTooltip\":\"\"}},\"322\":{\"modified\":\"1\",\"type\":\"logoGrid\",\"enabled\":\"1\",\"collapsed\":\"0\",\"level\":\"1\",\"fields\":{\"logos\":{\"323\":{\"type\":\"logo\",\"enabled\":\"1\",\"fields\":{\"image\":[\"76\"],\"imageAltText_loc\":\"Adjust logo\",\"imageLinkUrl\":\"https:\\/\\/forbusiness.snapchat.com\"}},\"324\":{\"type\":\"logo\",\"enabled\":\"1\",\"fields\":{\"image\":[\"77\"],\"imageAltText_loc\":\"Appsflyer logo\",\"imageLinkUrl\":\"https:\\/\\/forbusiness.snapchat.com\"}},\"325\":{\"type\":\"logo\",\"enabled\":\"1\",\"fields\":{\"image\":[\"78\"],\"imageAltText_loc\":\"Double Click logo\",\"imageLinkUrl\":\"https:\\/\\/forbusiness.snapchat.com\"}}}}},\"326\":{\"modified\":\"1\",\"type\":\"mobileDeviceGrid\",\"enabled\":\"1\",\"collapsed\":\"0\",\"level\":\"1\",\"fields\":{\"mobileDevices\":{\"327\":{\"type\":\"device\",\"enabled\":\"1\",\"fields\":{\"video\":[\"381\"],\"posterImage\":[\"160\"],\"headline_loc\":\"Device 1 headline\",\"subhead_loc\":\"<p>Quam diu etiam furor iste tuus nos eludet? Plura mihi bona sunt, inclinet, amari petere vellent.<\\/p>\"}},\"328\":{\"type\":\"device\",\"enabled\":\"1\",\"fields\":{\"video\":[\"407\"],\"posterImage\":[\"159\"],\"headline_loc\":\"Device 2 Headline\",\"subhead_loc\":\"<p>Quam diu etiam furor iste tuus nos eludet? Plura mihi bona sunt, inclinet, amari petere vellent.<\\/p>\"}},\"329\":{\"type\":\"device\",\"enabled\":\"1\",\"fields\":{\"video\":[\"402\"],\"posterImage\":[\"150\"],\"headline_loc\":\"Device 3 Headline\",\"subhead_loc\":\"<p>Quam diu etiam furor iste tuus nos eludet? Plura mihi bona sunt, inclinet, amari petere vellent.<\\/p>\"}}},\"chillahTooltip\":\"\"}},\"330\":{\"modified\":\"1\",\"type\":\"newSection\",\"enabled\":\"1\",\"collapsed\":\"0\",\"level\":\"0\",\"fields\":{\"sectionTitle_loc\":\"Text & Images\",\"sectionBackgroundColor\":\"white\"}},\"331\":{\"modified\":\"1\",\"type\":\"centeredTextLockup\",\"enabled\":\"1\",\"collapsed\":\"0\",\"level\":\"1\",\"fields\":{\"image\":[\"288\"],\"headline_loc\":\"Centered Text Lockup\",\"subhead_loc\":\"<p>Quam diu etiam furor iste tuus nos eludet? Plura mihi bona sunt, inclinet, amari petere vellent.<\\/p>\",\"ctaButtons\":{\"332\":{\"type\":\"primaryButton\",\"enabled\":\"1\",\"fields\":{\"button\":{\"type\":\"custom\",\"custom\":\"forbusiness.snapchat.com\",\"entry\":\"\",\"customText\":\"Primary Button Outlined\",\"target\":\"_blank\"},\"outline\":\"1\",\"buttonType\":\"normal\"}},\"333\":{\"type\":\"primaryButton\",\"enabled\":\"1\",\"fields\":{\"button\":{\"type\":\"custom\",\"custom\":\"forbusiness.snapchat.com\",\"entry\":\"\",\"customText\":\"Primary Button Filled\",\"target\":\"_blank\"},\"outline\":\"\",\"buttonType\":\"normal\"}},\"334\":{\"type\":\"secondaryButton\",\"enabled\":\"1\",\"fields\":{\"button\":{\"type\":\"custom\",\"custom\":\"forbusiness.snapchat.com\",\"entry\":\"\",\"customText\":\"Secondary Button\",\"target\":\"_blank\"}}}}}},\"335\":{\"modified\":\"1\",\"type\":\"imageBesideText\",\"enabled\":\"1\",\"collapsed\":\"0\",\"level\":\"1\",\"fields\":{\"image\":[\"38\"],\"imageLocation\":\"left\",\"headline_loc\":\"Image Beside Text\",\"paragraph_loc\":\"<p>Curabitur blandit tempus ardua ridiculus sed magna. Integer legentibus erat a ante historiarum dapibus. Vivamus sagittis lacus vel augue laoreet rutrum faucibus. Morbi fringilla convallis sapien, id pulvinar odio volutpat. Tu quoque, Brute, fili mi, nihil timor populi, nihil!<\\/p>\",\"ctaButtons\":{\"336\":{\"type\":\"primaryButton\",\"enabled\":\"1\",\"fields\":{\"button\":{\"type\":\"custom\",\"custom\":\"forbusiness.snapchat.com\",\"entry\":\"\",\"customText\":\"Primary Button Outlined\",\"target\":\"_blank\"},\"outline\":\"1\",\"buttonType\":\"normal\"}},\"337\":{\"type\":\"primaryButton\",\"enabled\":\"1\",\"fields\":{\"button\":{\"type\":\"custom\",\"custom\":\"forbusiness.snapchat.com\",\"entry\":\"\",\"customText\":\"Primary Button Filled\",\"target\":\"\"},\"outline\":\"\",\"buttonType\":\"normal\"}},\"338\":{\"type\":\"secondaryButton\",\"enabled\":\"1\",\"fields\":{\"button\":{\"type\":\"custom\",\"custom\":\"snapchat.com\",\"entry\":\"\",\"customText\":\"Secondary Button\",\"target\":\"_blank\"}}}}}},\"339\":{\"modified\":\"1\",\"type\":\"newSection\",\"enabled\":\"1\",\"collapsed\":\"0\",\"level\":\"0\",\"fields\":{\"sectionTitle_loc\":\"Images Alone\",\"sectionBackgroundColor\":\"gray\"}},\"340\":{\"modified\":\"1\",\"type\":\"centeredImage\",\"enabled\":\"1\",\"collapsed\":\"0\",\"level\":\"1\",\"fields\":{\"image\":[\"38\"],\"imageAltText_loc\":\"Centered Image with round corners\",\"assetWidth\":\"normal\",\"roundedCorners\":\"1\",\"mobileImage\":[\"100\"]}},\"343\":{\"modified\":\"1\",\"type\":\"centeredImage\",\"enabled\":\"1\",\"collapsed\":\"0\",\"level\":\"1\",\"fields\":{\"image\":[\"172\"],\"imageAltText_loc\":\"Wide centered image\",\"assetWidth\":\"wide\",\"roundedCorners\":\"\",\"mobileImage\":\"\"}},\"341\":{\"modified\":\"1\",\"type\":\"centeredImage\",\"enabled\":\"1\",\"collapsed\":\"0\",\"level\":\"1\",\"fields\":{\"image\":[\"68\"],\"imageAltText_loc\":\"Full centered image\",\"assetWidth\":\"full\",\"roundedCorners\":\"\",\"mobileImage\":\"\"}},\"426\":{\"modified\":\"1\",\"type\":\"newSection\",\"enabled\":\"1\",\"collapsed\":\"0\",\"level\":\"0\",\"fields\":{\"sectionTitle_loc\":\"Video stuff\",\"sectionBackgroundColor\":\"gray\"}},\"427\":{\"modified\":\"1\",\"type\":\"centeredVideo\",\"enabled\":\"1\",\"collapsed\":\"0\",\"level\":\"1\",\"fields\":{\"horizontalVideo\":[\"394\"],\"horizontalPosterImage\":[\"38\"],\"verticalVideo\":[\"374\"],\"verticalPosterImage\":[\"152\"],\"videoControls\":\"1\",\"roundedCorners\":\"1\",\"autoplay\":\"\"}},\"428\":{\"modified\":\"1\",\"type\":\"newSection\",\"enabled\":\"1\",\"collapsed\":\"0\",\"level\":\"0\",\"fields\":{\"sectionTitle_loc\":\"Side by side\",\"sectionBackgroundColor\":\"white\"}},\"429\":{\"modified\":\"1\",\"type\":\"imageBesideText\",\"enabled\":\"1\",\"collapsed\":\"0\",\"level\":\"1\",\"fields\":{\"image\":[\"8\"],\"imageLocation\":\"left\",\"headline_loc\":\"Image left of text\",\"paragraph_loc\":\"<p>Gallia est omnis divisa in partes tres, quarum. Contra legem facit qui id facit quod lex prohibet. Tu quoque, Brute, fili mi, nihil timor populi, nihil! Nec dubitamus multa iter quae et nos invenerat. Nihil hic munitissimus habendi senatus locus, nihil horum? Idque Caesaris facere voluntate liceret: sese habere.<\\/p>\",\"ctaButtons\":{\"430\":{\"type\":\"primaryButton\",\"enabled\":\"1\",\"fields\":{\"button\":{\"type\":\"custom\",\"custom\":\"http:\\/\\/snapchat.com\",\"entry\":\"\",\"customText\":\"CTA Button\",\"target\":\"_blank\"},\"outline\":\"1\",\"buttonType\":\"normal\"}}}}},\"431\":{\"modified\":\"1\",\"type\":\"imageBesideText\",\"enabled\":\"1\",\"collapsed\":\"0\",\"level\":\"1\",\"fields\":{\"image\":[\"38\"],\"imageLocation\":\"right\",\"headline_loc\":\"Image to the RIGHT of text\",\"paragraph_loc\":\"<p>Gallia est omnis divisa in partes tres, quarum. Contra legem facit qui id facit quod lex prohibet. Tu quoque, Brute, fili mi, nihil timor populi, nihil! Nec dubitamus multa iter quae et nos invenerat. Nihil hic munitissimus habendi senatus locus, nihil horum? Idque Caesaris facere voluntate liceret: sese habere.<\\/p>\",\"ctaButtons\":{\"432\":{\"type\":\"primaryButton\",\"enabled\":\"1\",\"fields\":{\"button\":{\"type\":\"custom\",\"custom\":\"http:\\/\\/snapchat.com\",\"entry\":\"\",\"customText\":\"CTA Button\",\"target\":\"\"},\"outline\":\"\",\"buttonType\":\"normal\"}}}}},\"433\":{\"modified\":\"1\",\"type\":\"videoBesideText\",\"enabled\":\"1\",\"collapsed\":\"0\",\"level\":\"1\",\"fields\":{\"video\":{\"434\":{\"type\":\"videoAttributes\",\"enabled\":\"1\",\"fields\":{\"videoFile\":[\"392\"],\"posterImage\":[\"155\"]}}},\"desktopVideoLocation\":\"left\",\"headline_loc\":\"Video to the left of this text\",\"paragraph_loc\":\"<p>Gallia est omnis divisa in partes tres, quarum. Contra legem facit qui id facit quod lex prohibet. Tu quoque, Brute, fili mi, nihil timor populi, nihil! Nec dubitamus multa iter quae et nos invenerat. Nihil hic munitissimus habendi senatus locus, nihil horum? Idque Caesaris facere voluntate liceret: sese habere.<\\/p>\",\"ctaButtons\":{\"435\":{\"type\":\"primaryButton\",\"enabled\":\"1\",\"fields\":{\"button\":{\"type\":\"\",\"custom\":\"\",\"entry\":\"\",\"customText\":\"\",\"target\":\"\"},\"outline\":\"1\",\"buttonType\":\"normal\"}},\"436\":{\"type\":\"secondaryButton\",\"enabled\":\"1\",\"fields\":{\"button\":{\"type\":\"\",\"custom\":\"\",\"entry\":\"\",\"customText\":\"\",\"target\":\"\"}}}}}}},\"107\":\"website\",\"102\":\"\",\"104\":\"\",\"101\":\"\",\"16\":\"1\",\"15\":\"red\",\"155\":\"One With Everything\",\"7\":\"everything\"}}', '2017-08-31 18:34:22', '2017-08-31 18:34:22', '06cbc93d-2cee-4731-902d-04bde67b1d96'),
 ('117', '314', '3', '1', 'en_us', '12', '', '{\"typeId\":\"3\",\"authorId\":\"1\",\"title\":\"Everything\",\"slug\":\"everything\",\"postDate\":1502402400,\"expiryDate\":null,\"enabled\":1,\"parentId\":\"\",\"fields\":{\"103\":\"\",\"106\":\"\",\"105\":\"\",\"89\":{\"315\":{\"type\":\"annotation\",\"enabled\":\"1\",\"fields\":{\"number\":\"1\",\"text_loc\":\"Cool annotation bro.\"}},\"316\":{\"type\":\"annotation\",\"enabled\":\"1\",\"fields\":{\"number\":\"2\",\"text_loc\":\"Great job annotating this.\"}}},\"3\":{\"317\":{\"modified\":\"1\",\"type\":\"newSection\",\"enabled\":\"1\",\"collapsed\":\"0\",\"level\":\"0\",\"fields\":{\"sectionTitle_loc\":\"Element Grids\",\"sectionBackgroundColor\":\"gray\"}},\"318\":{\"modified\":\"1\",\"type\":\"imageCardGrid\",\"enabled\":\"1\",\"collapsed\":\"0\",\"level\":\"1\",\"fields\":{\"imageCardRow\":{\"319\":{\"type\":\"imageCard\",\"enabled\":\"1\",\"fields\":{\"cardImage\":[\"14\"],\"headline_loc\":\"Card 1 Headline\",\"body_loc\":\"<p>Card 1 body text<\\/p>\"}},\"320\":{\"type\":\"imageCard\",\"enabled\":\"1\",\"fields\":{\"cardImage\":[\"15\"],\"headline_loc\":\"Card 2 Headline\",\"body_loc\":\"<p>Card 2 body text goes right here.<\\/p>\"}},\"321\":{\"type\":\"imageCard\",\"enabled\":\"1\",\"fields\":{\"cardImage\":[\"16\"],\"headline_loc\":\"Card 3 Headline\",\"body_loc\":\"<p>Card 3 body looks like this.<\\/p>\"}}},\"chillahTooltip\":\"\"}},\"322\":{\"modified\":\"1\",\"type\":\"logoGrid\",\"enabled\":\"1\",\"collapsed\":\"0\",\"level\":\"1\",\"fields\":{\"logos\":{\"323\":{\"type\":\"logo\",\"enabled\":\"1\",\"fields\":{\"image\":[\"76\"],\"imageAltText_loc\":\"Adjust logo\",\"imageLinkUrl\":\"https:\\/\\/forbusiness.snapchat.com\"}},\"324\":{\"type\":\"logo\",\"enabled\":\"1\",\"fields\":{\"image\":[\"77\"],\"imageAltText_loc\":\"Appsflyer logo\",\"imageLinkUrl\":\"https:\\/\\/forbusiness.snapchat.com\"}},\"325\":{\"type\":\"logo\",\"enabled\":\"1\",\"fields\":{\"image\":[\"78\"],\"imageAltText_loc\":\"Double Click logo\",\"imageLinkUrl\":\"https:\\/\\/forbusiness.snapchat.com\"}}}}},\"326\":{\"modified\":\"1\",\"type\":\"mobileDeviceGrid\",\"enabled\":\"1\",\"collapsed\":\"0\",\"level\":\"1\",\"fields\":{\"mobileDevices\":{\"327\":{\"type\":\"device\",\"enabled\":\"1\",\"fields\":{\"video\":[\"381\"],\"posterImage\":[\"160\"],\"headline_loc\":\"Device 1 headline\",\"subhead_loc\":\"<p>Quam diu etiam furor iste tuus nos eludet? Plura mihi bona sunt, inclinet, amari petere vellent.<\\/p>\"}},\"328\":{\"type\":\"device\",\"enabled\":\"1\",\"fields\":{\"video\":[\"407\"],\"posterImage\":[\"159\"],\"headline_loc\":\"Device 2 Headline\",\"subhead_loc\":\"<p>Quam diu etiam furor iste tuus nos eludet? Plura mihi bona sunt, inclinet, amari petere vellent.<\\/p>\"}},\"329\":{\"type\":\"device\",\"enabled\":\"1\",\"fields\":{\"video\":[\"402\"],\"posterImage\":[\"150\"],\"headline_loc\":\"Device 3 Headline\",\"subhead_loc\":\"<p>Quam diu etiam furor iste tuus nos eludet? Plura mihi bona sunt, inclinet, amari petere vellent.<\\/p>\"}}},\"chillahTooltip\":\"\"}},\"330\":{\"modified\":\"1\",\"type\":\"newSection\",\"enabled\":\"1\",\"collapsed\":\"0\",\"level\":\"0\",\"fields\":{\"sectionTitle_loc\":\"Text & Images\",\"sectionBackgroundColor\":\"white\"}},\"331\":{\"modified\":\"1\",\"type\":\"centeredTextLockup\",\"enabled\":\"1\",\"collapsed\":\"0\",\"level\":\"1\",\"fields\":{\"image\":[\"288\"],\"headline_loc\":\"Centered Text Lockup\",\"subhead_loc\":\"<p>Quam diu etiam furor iste tuus nos eludet? Plura mihi bona sunt, inclinet, amari petere vellent.<\\/p>\",\"ctaButtons\":{\"332\":{\"type\":\"primaryButton\",\"enabled\":\"1\",\"fields\":{\"button\":{\"type\":\"custom\",\"custom\":\"forbusiness.snapchat.com\",\"entry\":\"\",\"customText\":\"Primary Button Outlined\",\"target\":\"_blank\"},\"outline\":\"1\",\"buttonType\":\"normal\"}},\"333\":{\"type\":\"primaryButton\",\"enabled\":\"1\",\"fields\":{\"button\":{\"type\":\"custom\",\"custom\":\"forbusiness.snapchat.com\",\"entry\":\"\",\"customText\":\"Primary Button Filled\",\"target\":\"_blank\"},\"outline\":\"\",\"buttonType\":\"normal\"}},\"334\":{\"type\":\"secondaryButton\",\"enabled\":\"1\",\"fields\":{\"button\":{\"type\":\"custom\",\"custom\":\"forbusiness.snapchat.com\",\"entry\":\"\",\"customText\":\"Secondary Button\",\"target\":\"_blank\"}}}}}},\"335\":{\"modified\":\"1\",\"type\":\"imageBesideText\",\"enabled\":\"1\",\"collapsed\":\"0\",\"level\":\"1\",\"fields\":{\"image\":[\"38\"],\"imageLocation\":\"left\",\"headline_loc\":\"Image Beside Text\",\"paragraph_loc\":\"<p>Curabitur blandit tempus ardua ridiculus sed magna. Integer legentibus erat a ante historiarum dapibus. Vivamus sagittis lacus vel augue laoreet rutrum faucibus. Morbi fringilla convallis sapien, id pulvinar odio volutpat. Tu quoque, Brute, fili mi, nihil timor populi, nihil!<\\/p>\",\"ctaButtons\":{\"336\":{\"type\":\"primaryButton\",\"enabled\":\"1\",\"fields\":{\"button\":{\"type\":\"custom\",\"custom\":\"forbusiness.snapchat.com\",\"entry\":\"\",\"customText\":\"Primary Button Outlined\",\"target\":\"_blank\"},\"outline\":\"1\",\"buttonType\":\"normal\"}},\"337\":{\"type\":\"primaryButton\",\"enabled\":\"1\",\"fields\":{\"button\":{\"type\":\"custom\",\"custom\":\"forbusiness.snapchat.com\",\"entry\":\"\",\"customText\":\"Primary Button Filled\",\"target\":\"\"},\"outline\":\"\",\"buttonType\":\"normal\"}},\"338\":{\"type\":\"secondaryButton\",\"enabled\":\"1\",\"fields\":{\"button\":{\"type\":\"custom\",\"custom\":\"snapchat.com\",\"entry\":\"\",\"customText\":\"Secondary Button\",\"target\":\"_blank\"}}}}}},\"339\":{\"modified\":\"1\",\"type\":\"newSection\",\"enabled\":\"1\",\"collapsed\":\"0\",\"level\":\"0\",\"fields\":{\"sectionTitle_loc\":\"Images Alone\",\"sectionBackgroundColor\":\"gray\"}},\"340\":{\"modified\":\"1\",\"type\":\"centeredImage\",\"enabled\":\"1\",\"collapsed\":\"0\",\"level\":\"1\",\"fields\":{\"image\":[\"38\"],\"imageAltText_loc\":\"Centered Image with round corners\",\"assetWidth\":\"normal\",\"roundedCorners\":\"1\",\"mobileImage\":[\"100\"]}},\"343\":{\"modified\":\"1\",\"type\":\"centeredImage\",\"enabled\":\"1\",\"collapsed\":\"0\",\"level\":\"1\",\"fields\":{\"image\":[\"172\"],\"imageAltText_loc\":\"Wide centered image\",\"assetWidth\":\"wide\",\"roundedCorners\":\"\",\"mobileImage\":\"\"}},\"341\":{\"modified\":\"1\",\"type\":\"centeredImage\",\"enabled\":\"1\",\"collapsed\":\"0\",\"level\":\"1\",\"fields\":{\"image\":[\"68\"],\"imageAltText_loc\":\"Full centered image\",\"assetWidth\":\"full\",\"roundedCorners\":\"\",\"mobileImage\":\"\"}},\"426\":{\"modified\":\"1\",\"type\":\"newSection\",\"enabled\":\"1\",\"collapsed\":\"0\",\"level\":\"0\",\"fields\":{\"sectionTitle_loc\":\"Video stuff\",\"sectionBackgroundColor\":\"gray\"}},\"427\":{\"modified\":\"1\",\"type\":\"centeredVideo\",\"enabled\":\"1\",\"collapsed\":\"0\",\"level\":\"1\",\"fields\":{\"horizontalVideo\":[\"394\"],\"horizontalPosterImage\":[\"38\"],\"verticalVideo\":[\"374\"],\"verticalPosterImage\":[\"152\"],\"videoControls\":\"1\",\"roundedCorners\":\"1\",\"autoplay\":\"\"}},\"428\":{\"modified\":\"1\",\"type\":\"newSection\",\"enabled\":\"1\",\"collapsed\":\"0\",\"level\":\"0\",\"fields\":{\"sectionTitle_loc\":\"Side by side\",\"sectionBackgroundColor\":\"white\"}},\"429\":{\"modified\":\"1\",\"type\":\"imageBesideText\",\"enabled\":\"1\",\"collapsed\":\"0\",\"level\":\"1\",\"fields\":{\"image\":[\"8\"],\"imageLocation\":\"left\",\"headline_loc\":\"Image left of text\",\"paragraph_loc\":\"<p>Gallia est omnis divisa in partes tres, quarum. Contra legem facit qui id facit quod lex prohibet. Tu quoque, Brute, fili mi, nihil timor populi, nihil! Nec dubitamus multa iter quae et nos invenerat. Nihil hic munitissimus habendi senatus locus, nihil horum? Idque Caesaris facere voluntate liceret: sese habere.<\\/p>\",\"ctaButtons\":{\"430\":{\"type\":\"primaryButton\",\"enabled\":\"1\",\"fields\":{\"button\":{\"type\":\"custom\",\"custom\":\"http:\\/\\/snapchat.com\",\"entry\":\"\",\"customText\":\"CTA Button\",\"target\":\"_blank\"},\"outline\":\"1\",\"buttonType\":\"normal\"}}}}},\"431\":{\"modified\":\"1\",\"type\":\"imageBesideText\",\"enabled\":\"1\",\"collapsed\":\"0\",\"level\":\"1\",\"fields\":{\"image\":[\"38\"],\"imageLocation\":\"right\",\"headline_loc\":\"Image to the RIGHT of text\",\"paragraph_loc\":\"<p>Gallia est omnis divisa in partes tres, quarum. Contra legem facit qui id facit quod lex prohibet. Tu quoque, Brute, fili mi, nihil timor populi, nihil! Nec dubitamus multa iter quae et nos invenerat. Nihil hic munitissimus habendi senatus locus, nihil horum? Idque Caesaris facere voluntate liceret: sese habere.<\\/p>\",\"ctaButtons\":{\"432\":{\"type\":\"primaryButton\",\"enabled\":\"1\",\"fields\":{\"button\":{\"type\":\"custom\",\"custom\":\"http:\\/\\/snapchat.com\",\"entry\":\"\",\"customText\":\"CTA Button\",\"target\":\"\"},\"outline\":\"\",\"buttonType\":\"normal\"}}}}},\"433\":{\"modified\":\"1\",\"type\":\"videoBesideText\",\"enabled\":\"1\",\"collapsed\":\"0\",\"level\":\"1\",\"fields\":{\"video\":{\"434\":{\"type\":\"videoAttributes\",\"enabled\":\"1\",\"fields\":{\"videoFile\":[\"392\"],\"posterImage\":[\"155\"]}}},\"desktopVideoLocation\":\"left\",\"headline_loc\":\"Video to the left of this text\",\"paragraph_loc\":\"<p>Gallia est omnis divisa in partes tres, quarum. Contra legem facit qui id facit quod lex prohibet. Tu quoque, Brute, fili mi, nihil timor populi, nihil! Nec dubitamus multa iter quae et nos invenerat. Nihil hic munitissimus habendi senatus locus, nihil horum? Idque Caesaris facere voluntate liceret: sese habere.<\\/p>\",\"ctaButtons\":{\"435\":{\"type\":\"primaryButton\",\"enabled\":\"1\",\"fields\":{\"button\":{\"type\":\"\",\"custom\":\"\",\"entry\":\"\",\"customText\":\"\",\"target\":\"\"},\"outline\":\"1\",\"buttonType\":\"normal\"}},\"436\":{\"type\":\"secondaryButton\",\"enabled\":\"1\",\"fields\":{\"button\":{\"type\":\"\",\"custom\":\"\",\"entry\":\"\",\"customText\":\"\",\"target\":\"\"}}}}}}},\"107\":\"website\",\"102\":\"\",\"104\":\"\",\"101\":\"\",\"16\":\"1\",\"15\":\"red\",\"155\":\"Everything\",\"7\":\"everything\"}}', '2017-08-31 18:35:46', '2017-08-31 18:35:46', 'de23b86d-3f50-44ea-8e58-9a310e62df5a'),
 ('118', '270', '9', '1', 'en_us', '2', '', '{\"typeId\":\"9\",\"authorId\":null,\"title\":\"Home\",\"slug\":\"home\",\"postDate\":1502144969,\"expiryDate\":null,\"enabled\":1,\"parentId\":null,\"fields\":{\"112\":{\"new1\":{\"type\":\"hero\",\"enabled\":\"1\",\"fields\":{\"headline_loc\":\"Home Hero headline right here looking awesome.\",\"button\":{\"type\":\"entry\",\"custom\":\"\",\"entry\":[\"270\"],\"customText\":\"Link to home\",\"target\":\"\"},\"buttonOutline\":\"1\",\"sectionTitle_loc\":\"Introduction\"}}},\"103\":\"\",\"106\":\"\",\"105\":\"\",\"89\":\"\",\"3\":\"\",\"107\":\"website\",\"102\":\"\",\"104\":\"\",\"101\":\"\",\"16\":\"1\",\"15\":\"yellow\"}}', '2017-08-31 18:41:38', '2017-08-31 18:41:38', '4c041e67-1bd9-4858-a26e-f80487371124'),
 ('119', '270', '9', '1', 'en_us', '3', '', '{\"typeId\":\"9\",\"authorId\":null,\"title\":\"Home\",\"slug\":\"home\",\"postDate\":1502144969,\"expiryDate\":null,\"enabled\":1,\"parentId\":null,\"fields\":{\"112\":{\"437\":{\"type\":\"hero\",\"enabled\":\"1\",\"fields\":{\"headline_loc\":\"Home Hero headline right here looking awesome.\",\"button\":{\"type\":\"entry\",\"custom\":\"\",\"entry\":[\"270\"],\"customText\":\"Link to home\",\"target\":\"\"},\"buttonOutline\":\"1\",\"sectionTitle_loc\":\"Introduction\"}}},\"103\":\"\",\"106\":\"\",\"105\":\"\",\"89\":\"\",\"3\":\"\",\"107\":\"website\",\"102\":\"\",\"104\":\"\",\"101\":\"\",\"16\":\"1\",\"15\":\"yellow\"}}', '2017-08-31 18:42:31', '2017-08-31 18:42:31', '91d5bdb0-af63-4389-ac35-1c26363bcc1e'),
 ('120', '270', '9', '1', 'en_us', '4', '', '{\"typeId\":\"9\",\"authorId\":null,\"title\":\"Home\",\"slug\":\"home\",\"postDate\":1502144969,\"expiryDate\":null,\"enabled\":1,\"parentId\":null,\"fields\":{\"112\":\"\",\"103\":\"\",\"106\":\"\",\"105\":\"\",\"89\":\"\",\"3\":{\"new0\":{\"modified\":\"1\",\"type\":\"newSection\",\"enabled\":\"1\",\"collapsed\":\"0\",\"level\":\"0\",\"fields\":{\"sectionTitle_loc\":\"First Section\",\"sectionBackgroundColor\":\"gray\"}},\"new1\":{\"modified\":\"1\",\"type\":\"centeredImage\",\"enabled\":\"1\",\"collapsed\":\"0\",\"level\":\"1\",\"fields\":{\"image\":[\"38\"],\"imageAltText_loc\":\"Cool image\",\"assetWidth\":\"normal\",\"roundedCorners\":\"1\",\"mobileImage\":\"\"}}},\"107\":\"website\",\"102\":\"\",\"104\":\"\",\"101\":\"\",\"16\":\"1\",\"15\":\"yellow\"}}', '2017-08-31 18:46:00', '2017-08-31 18:46:00', 'a949d014-eda1-43b3-a020-2c2a5b548979'),
 ('121', '290', '3', '1', 'en_us', '3', '', '{\"typeId\":\"3\",\"authorId\":\"1\",\"title\":\"Audiences\",\"slug\":\"audiences\",\"postDate\":1502311080,\"expiryDate\":null,\"enabled\":1,\"parentId\":\"\",\"fields\":{\"103\":\"\",\"106\":\"\",\"105\":\"\",\"89\":\"\",\"3\":{\"new0\":{\"modified\":\"1\",\"type\":\"newSection\",\"enabled\":\"1\",\"collapsed\":\"0\",\"level\":\"0\",\"fields\":{\"sectionTitle_loc\":\"intro\",\"sectionBackgroundColor\":\"gray\"}},\"new1\":{\"modified\":\"1\",\"type\":\"centeredImage\",\"enabled\":\"1\",\"collapsed\":\"0\",\"level\":\"1\",\"fields\":{\"image\":[\"38\"],\"imageAltText_loc\":\"kjh\",\"assetWidth\":\"normal\",\"roundedCorners\":\"\",\"mobileImage\":\"\"}}},\"107\":\"website\",\"102\":\"\",\"104\":\"\",\"101\":\"\",\"16\":\"1\",\"15\":\"purple\",\"155\":\"Audiences\",\"7\":\"audiences\"}}', '2017-08-31 20:48:20', '2017-08-31 20:48:20', 'c5342e45-c054-4e39-9f74-3273fad85e99'),
 ('122', '270', '9', '1', 'en_us', '5', '', '{\"typeId\":\"9\",\"authorId\":null,\"title\":\"Home\",\"slug\":\"home\",\"postDate\":1502144969,\"expiryDate\":null,\"enabled\":1,\"parentId\":null,\"fields\":{\"112\":\"\",\"103\":\"\",\"106\":\"\",\"105\":\"\",\"89\":\"\",\"3\":{\"438\":{\"modified\":\"1\",\"type\":\"newSection\",\"enabled\":\"1\",\"collapsed\":\"0\",\"level\":\"0\",\"fields\":{\"sectionTitle_loc\":\"First Section\",\"sectionBackgroundColor\":\"gray\"}},\"439\":{\"modified\":\"1\",\"type\":\"centeredImage\",\"enabled\":\"1\",\"collapsed\":\"0\",\"level\":\"1\",\"fields\":{\"image\":[\"38\"],\"imageAltText_loc\":\"Cool image\",\"assetWidth\":\"normal\",\"roundedCorners\":\"1\",\"mobileImage\":\"\"}}},\"107\":\"website\",\"102\":\"\",\"104\":\"\",\"101\":\"\",\"16\":\"1\",\"15\":\"green\"}}', '2017-08-31 20:54:14', '2017-08-31 20:54:14', 'ded08e26-1fa4-40dd-a9cf-8c846cff8a9f'),
 ('123', '270', '9', '1', 'en_us', '6', '', '{\"typeId\":\"9\",\"authorId\":null,\"title\":\"Home\",\"slug\":\"home\",\"postDate\":1502144969,\"expiryDate\":null,\"enabled\":1,\"parentId\":null,\"fields\":{\"112\":\"\",\"103\":\"\",\"106\":\"\",\"105\":\"\",\"89\":\"\",\"3\":{\"438\":{\"modified\":\"1\",\"type\":\"newSection\",\"enabled\":\"1\",\"collapsed\":\"0\",\"level\":\"0\",\"fields\":{\"sectionTitle_loc\":\"First Section\",\"sectionBackgroundColor\":\"gray\"}},\"439\":{\"modified\":\"1\",\"type\":\"centeredImage\",\"enabled\":\"1\",\"collapsed\":\"0\",\"level\":\"1\",\"fields\":{\"image\":[\"38\"],\"imageAltText_loc\":\"Cool image\",\"assetWidth\":\"normal\",\"roundedCorners\":\"1\",\"mobileImage\":\"\"}}},\"107\":\"website\",\"102\":\"\",\"104\":\"\",\"101\":\"\",\"16\":\"1\",\"15\":\"yellow\"}}', '2017-08-31 20:54:24', '2017-08-31 20:54:24', '384d86b5-5c25-4a23-bff1-a75397125a55'),
 ('124', '290', '3', '1', 'en_us', '4', '', '{\"typeId\":\"3\",\"authorId\":\"1\",\"title\":\"Audiences\",\"slug\":\"audiences\",\"postDate\":1502311080,\"expiryDate\":null,\"enabled\":1,\"parentId\":\"\",\"fields\":{\"103\":\"\",\"106\":\"\",\"105\":\"\",\"89\":\"\",\"3\":{\"440\":{\"modified\":\"1\",\"type\":\"newSection\",\"enabled\":\"1\",\"collapsed\":\"0\",\"level\":\"0\",\"fields\":{\"sectionTitle_loc\":\"intro\",\"sectionBackgroundColor\":\"gray\"}},\"441\":{\"modified\":\"1\",\"type\":\"centeredImage\",\"enabled\":\"1\",\"collapsed\":\"0\",\"level\":\"1\",\"fields\":{\"image\":[\"38\"],\"imageAltText_loc\":\"kjh\",\"assetWidth\":\"normal\",\"roundedCorners\":\"\",\"mobileImage\":\"\"}}},\"107\":\"website\",\"102\":\"\",\"104\":\"\",\"101\":\"\",\"16\":\"1\",\"15\":\"blue\",\"155\":\"Audiences\",\"7\":\"audiences\"}}', '2017-08-31 21:05:59', '2017-08-31 21:05:59', '61f797b1-058f-4af5-9a6d-17fd4a770be4'),
 ('125', '290', '3', '1', 'en_us', '5', '', '{\"typeId\":\"3\",\"authorId\":\"1\",\"title\":\"Audiences\",\"slug\":\"audiences\",\"postDate\":1502311080,\"expiryDate\":null,\"enabled\":1,\"parentId\":\"\",\"fields\":{\"103\":\"\",\"106\":\"\",\"105\":\"\",\"89\":\"\",\"3\":{\"440\":{\"modified\":\"1\",\"type\":\"newSection\",\"enabled\":\"1\",\"collapsed\":\"0\",\"level\":\"0\",\"fields\":{\"sectionTitle_loc\":\"intro\",\"sectionBackgroundColor\":\"gray\"}},\"441\":{\"modified\":\"1\",\"type\":\"centeredImage\",\"enabled\":\"1\",\"collapsed\":\"0\",\"level\":\"1\",\"fields\":{\"image\":[\"38\"],\"imageAltText_loc\":\"kjh\",\"assetWidth\":\"normal\",\"roundedCorners\":\"\",\"mobileImage\":\"\"}}},\"107\":\"website\",\"102\":\"\",\"104\":\"\",\"101\":\"\",\"16\":\"1\",\"15\":\"blue\",\"155\":\"Audiences\",\"7\":\"audiences\"}}', '2017-08-31 21:06:00', '2017-08-31 21:06:00', 'ff2ab684-7ee5-4bca-9fb2-169dbcf50af5'),
 ('126', '290', '3', '1', 'en_us', '6', '', '{\"typeId\":\"3\",\"authorId\":\"1\",\"title\":\"Audiences\",\"slug\":\"audiences\",\"postDate\":1502311080,\"expiryDate\":null,\"enabled\":1,\"parentId\":\"\",\"fields\":{\"103\":\"\",\"106\":\"\",\"105\":\"\",\"89\":\"\",\"3\":{\"440\":{\"modified\":\"1\",\"type\":\"newSection\",\"enabled\":\"1\",\"collapsed\":\"0\",\"level\":\"0\",\"fields\":{\"sectionTitle_loc\":\"intro\",\"sectionBackgroundColor\":\"gray\"}},\"441\":{\"modified\":\"1\",\"type\":\"centeredImage\",\"enabled\":\"1\",\"collapsed\":\"0\",\"level\":\"1\",\"fields\":{\"image\":[\"38\"],\"imageAltText_loc\":\"kjh\",\"assetWidth\":\"normal\",\"roundedCorners\":\"\",\"mobileImage\":\"\"}}},\"107\":\"website\",\"102\":\"\",\"104\":\"\",\"101\":\"\",\"16\":\"1\",\"15\":\"purple\",\"155\":\"Audiences\",\"7\":\"audiences\"}}', '2017-08-31 21:07:27', '2017-08-31 21:07:27', 'ad512d50-07d1-4d84-a26e-ae6925d299b7'),
 ('127', '290', '3', '1', 'en_us', '7', '', '{\"typeId\":\"3\",\"authorId\":\"1\",\"title\":\"Audiences\",\"slug\":\"audiences\",\"postDate\":1502311080,\"expiryDate\":null,\"enabled\":1,\"parentId\":\"\",\"fields\":{\"103\":\"\",\"106\":\"\",\"105\":\"\",\"89\":\"\",\"3\":{\"440\":{\"modified\":\"1\",\"type\":\"newSection\",\"enabled\":\"1\",\"collapsed\":\"0\",\"level\":\"0\",\"fields\":{\"sectionTitle_loc\":\"intro\",\"sectionBackgroundColor\":\"gray\"}},\"441\":{\"modified\":\"1\",\"type\":\"centeredImage\",\"enabled\":\"1\",\"collapsed\":\"0\",\"level\":\"1\",\"fields\":{\"image\":[\"38\"],\"imageAltText_loc\":\"kjh\",\"assetWidth\":\"normal\",\"roundedCorners\":\"\",\"mobileImage\":\"\"}}},\"107\":\"website\",\"102\":\"\",\"104\":\"\",\"101\":\"\",\"16\":\"1\",\"15\":\"purple\",\"155\":\"Audiences\",\"7\":\"audiences\"}}', '2017-08-31 21:10:35', '2017-08-31 21:10:35', 'e545d82f-ad24-4701-9d7d-a65d73ade1b3'),
 ('128', '270', '9', '1', 'en_us', '7', '', '{\"typeId\":\"9\",\"authorId\":null,\"title\":\"Home\",\"slug\":\"home\",\"postDate\":1504214597,\"expiryDate\":null,\"enabled\":1,\"parentId\":null,\"fields\":{\"112\":{\"new1\":{\"type\":\"hero\",\"enabled\":\"1\",\"fields\":{\"headline_loc\":\"This is the hero headline\",\"button\":{\"type\":\"custom\",\"custom\":\"snapchat.com\",\"entry\":\"\",\"customText\":\"I\'m a button\",\"target\":\"_blank\"},\"buttonOutline\":\"\",\"sectionTitle_loc\":\"Intro to home\"}}},\"103\":\"\",\"106\":\"\",\"105\":\"\",\"89\":\"\",\"3\":{\"438\":{\"modified\":\"1\",\"type\":\"newSection\",\"enabled\":\"1\",\"collapsed\":\"0\",\"level\":\"0\",\"fields\":{\"sectionTitle_loc\":\"First Section\",\"sectionBackgroundColor\":\"gray\"}},\"439\":{\"modified\":\"1\",\"type\":\"centeredImage\",\"enabled\":\"1\",\"collapsed\":\"0\",\"level\":\"1\",\"fields\":{\"image\":[\"38\"],\"imageAltText_loc\":\"Cool image\",\"assetWidth\":\"normal\",\"roundedCorners\":\"1\",\"mobileImage\":\"\"}}},\"107\":\"website\",\"102\":\"\",\"104\":\"\",\"101\":\"\",\"16\":\"1\",\"15\":\"yellow\"}}', '2017-08-31 21:30:07', '2017-08-31 21:30:07', '48d38927-cdf5-4211-af33-4c2fdd95089f'),
 ('129', '270', '9', '1', 'en_us', '8', '', '{\"typeId\":\"9\",\"authorId\":null,\"title\":\"Home\",\"slug\":\"home\",\"postDate\":1504214597,\"expiryDate\":null,\"enabled\":1,\"parentId\":null,\"fields\":{\"112\":{\"442\":{\"type\":\"hero\",\"enabled\":\"1\",\"fields\":{\"headline_loc\":\"This is the hero headline\",\"button\":{\"type\":\"custom\",\"custom\":\"snapchat.com\",\"entry\":\"\",\"customText\":\"I\'m a button\",\"target\":\"_blank\"},\"buttonOutline\":\"\",\"sectionTitle_loc\":\"Intro to home\"}}},\"103\":\"\",\"106\":\"\",\"105\":\"\",\"89\":\"\",\"3\":{\"438\":{\"modified\":\"1\",\"type\":\"newSection\",\"enabled\":\"1\",\"collapsed\":\"0\",\"level\":\"0\",\"fields\":{\"sectionTitle_loc\":\"First Section\",\"sectionBackgroundColor\":\"gray\"}},\"439\":{\"modified\":\"1\",\"type\":\"centeredImage\",\"enabled\":\"1\",\"collapsed\":\"0\",\"level\":\"1\",\"fields\":{\"image\":[\"38\"],\"imageAltText_loc\":\"Cool image\",\"assetWidth\":\"normal\",\"roundedCorners\":\"1\",\"mobileImage\":\"\"}}},\"107\":\"website\",\"102\":\"\",\"104\":\"\",\"101\":\"\",\"16\":\"1\",\"15\":\"yellow\"}}', '2017-08-31 21:43:48', '2017-08-31 21:43:48', '0f988cea-7351-4990-9612-12e1c03fa32d'),
 ('130', '314', '3', '1', 'en_us', '13', '', '{\"typeId\":\"3\",\"authorId\":\"1\",\"title\":\"Everything\",\"slug\":\"everything\",\"postDate\":1502402400,\"expiryDate\":null,\"enabled\":1,\"parentId\":\"\",\"fields\":{\"103\":\"\",\"106\":\"\",\"105\":\"\",\"89\":{\"315\":{\"type\":\"annotation\",\"enabled\":\"1\",\"fields\":{\"number\":\"1\",\"text_loc\":\"Cool annotation bro.\"}},\"316\":{\"type\":\"annotation\",\"enabled\":\"1\",\"fields\":{\"number\":\"2\",\"text_loc\":\"Great job annotating this.\"}}},\"3\":{\"317\":{\"modified\":\"1\",\"type\":\"newSection\",\"enabled\":\"1\",\"collapsed\":\"0\",\"level\":\"0\",\"fields\":{\"sectionTitle_loc\":\"Element Grids\",\"sectionBackgroundColor\":\"gray\"}},\"318\":{\"modified\":\"1\",\"type\":\"imageCardGrid\",\"enabled\":\"1\",\"collapsed\":\"0\",\"level\":\"1\",\"fields\":{\"imageCardRow\":{\"319\":{\"type\":\"imageCard\",\"enabled\":\"1\",\"fields\":{\"cardImage\":[\"14\"],\"headline_loc\":\"Card 1 Headline\",\"body_loc\":\"<p>Card 1 body text<\\/p>\"}},\"320\":{\"type\":\"imageCard\",\"enabled\":\"1\",\"fields\":{\"cardImage\":[\"15\"],\"headline_loc\":\"Card 2 Headline\",\"body_loc\":\"<p>Card 2 body text goes right here.<\\/p>\"}},\"321\":{\"type\":\"imageCard\",\"enabled\":\"1\",\"fields\":{\"cardImage\":[\"16\"],\"headline_loc\":\"Card 3 Headline\",\"body_loc\":\"<p>Card 3 body looks like this.<\\/p>\"}}},\"chillahTooltip\":\"\"}},\"322\":{\"modified\":\"1\",\"type\":\"logoGrid\",\"enabled\":\"1\",\"collapsed\":\"0\",\"level\":\"1\",\"fields\":{\"logos\":{\"323\":{\"type\":\"logo\",\"enabled\":\"1\",\"fields\":{\"image\":[\"76\"],\"imageAltText_loc\":\"Adjust logo\",\"imageLinkUrl\":\"https:\\/\\/forbusiness.snapchat.com\"}},\"324\":{\"type\":\"logo\",\"enabled\":\"1\",\"fields\":{\"image\":[\"77\"],\"imageAltText_loc\":\"Appsflyer logo\",\"imageLinkUrl\":\"https:\\/\\/forbusiness.snapchat.com\"}},\"325\":{\"type\":\"logo\",\"enabled\":\"1\",\"fields\":{\"image\":[\"78\"],\"imageAltText_loc\":\"Double Click logo\",\"imageLinkUrl\":\"https:\\/\\/forbusiness.snapchat.com\"}}}}},\"326\":{\"modified\":\"1\",\"type\":\"mobileDeviceGrid\",\"enabled\":\"1\",\"collapsed\":\"0\",\"level\":\"1\",\"fields\":{\"mobileDevices\":{\"327\":{\"type\":\"device\",\"enabled\":\"1\",\"fields\":{\"video\":[\"381\"],\"posterImage\":[\"160\"],\"headline_loc\":\"Device 1 headline\",\"subhead_loc\":\"<p>Quam diu etiam furor iste tuus nos eludet? Plura mihi bona sunt, inclinet, amari petere vellent.<\\/p>\"}},\"328\":{\"type\":\"device\",\"enabled\":\"1\",\"fields\":{\"video\":[\"407\"],\"posterImage\":[\"159\"],\"headline_loc\":\"Device 2 Headline\",\"subhead_loc\":\"<p>Quam diu etiam furor iste tuus nos eludet? Plura mihi bona sunt, inclinet, amari petere vellent.<\\/p>\"}},\"329\":{\"type\":\"device\",\"enabled\":\"1\",\"fields\":{\"video\":[\"402\"],\"posterImage\":[\"150\"],\"headline_loc\":\"Device 3 Headline\",\"subhead_loc\":\"<p>Quam diu etiam furor iste tuus nos eludet? Plura mihi bona sunt, inclinet, amari petere vellent.<\\/p>\"}}},\"chillahTooltip\":\"\"}},\"330\":{\"modified\":\"1\",\"type\":\"newSection\",\"enabled\":\"1\",\"collapsed\":\"0\",\"level\":\"0\",\"fields\":{\"sectionTitle_loc\":\"Text & Images\",\"sectionBackgroundColor\":\"white\"}},\"331\":{\"modified\":\"1\",\"type\":\"centeredTextLockup\",\"enabled\":\"1\",\"collapsed\":\"0\",\"level\":\"1\",\"fields\":{\"image\":[\"288\"],\"headline_loc\":\"Centered Text Lockup\",\"subhead_loc\":\"<p>Quam diu etiam furor iste tuus nos eludet? Plura mihi bona sunt, inclinet, amari petere vellent.<\\/p>\",\"ctaButtons\":{\"332\":{\"type\":\"primaryButton\",\"enabled\":\"1\",\"fields\":{\"button\":{\"type\":\"custom\",\"custom\":\"forbusiness.snapchat.com\",\"entry\":\"\",\"customText\":\"Primary Button Outlined\",\"target\":\"_blank\"},\"outline\":\"1\",\"buttonType\":\"normal\"}},\"333\":{\"type\":\"primaryButton\",\"enabled\":\"1\",\"fields\":{\"button\":{\"type\":\"custom\",\"custom\":\"forbusiness.snapchat.com\",\"entry\":\"\",\"customText\":\"Primary Button Filled\",\"target\":\"_blank\"},\"outline\":\"\",\"buttonType\":\"normal\"}},\"334\":{\"type\":\"secondaryButton\",\"enabled\":\"1\",\"fields\":{\"button\":{\"type\":\"custom\",\"custom\":\"forbusiness.snapchat.com\",\"entry\":\"\",\"customText\":\"Secondary Button\",\"target\":\"_blank\"}}}}}},\"335\":{\"modified\":\"1\",\"type\":\"imageBesideText\",\"enabled\":\"1\",\"collapsed\":\"0\",\"level\":\"1\",\"fields\":{\"image\":[\"38\"],\"imageLocation\":\"left\",\"headline_loc\":\"Image Beside Text\",\"paragraph_loc\":\"<p>Curabitur blandit tempus ardua ridiculus sed magna. Integer legentibus erat a ante historiarum dapibus. Vivamus sagittis lacus vel augue laoreet rutrum faucibus. Morbi fringilla convallis sapien, id pulvinar odio volutpat. Tu quoque, Brute, fili mi, nihil timor populi, nihil!<\\/p>\",\"ctaButtons\":{\"336\":{\"type\":\"primaryButton\",\"enabled\":\"1\",\"fields\":{\"button\":{\"type\":\"custom\",\"custom\":\"forbusiness.snapchat.com\",\"entry\":\"\",\"customText\":\"Primary Button Outlined\",\"target\":\"_blank\"},\"outline\":\"1\",\"buttonType\":\"normal\"}},\"337\":{\"type\":\"primaryButton\",\"enabled\":\"1\",\"fields\":{\"button\":{\"type\":\"custom\",\"custom\":\"forbusiness.snapchat.com\",\"entry\":\"\",\"customText\":\"Primary Button Filled\",\"target\":\"\"},\"outline\":\"\",\"buttonType\":\"normal\"}},\"338\":{\"type\":\"secondaryButton\",\"enabled\":\"1\",\"fields\":{\"button\":{\"type\":\"custom\",\"custom\":\"snapchat.com\",\"entry\":\"\",\"customText\":\"Secondary Button\",\"target\":\"_blank\"}}}}}},\"339\":{\"modified\":\"1\",\"type\":\"newSection\",\"enabled\":\"1\",\"collapsed\":\"0\",\"level\":\"0\",\"fields\":{\"sectionTitle_loc\":\"Images Alone\",\"sectionBackgroundColor\":\"gray\"}},\"340\":{\"modified\":\"1\",\"type\":\"centeredImage\",\"enabled\":\"1\",\"collapsed\":\"0\",\"level\":\"1\",\"fields\":{\"image\":[\"38\"],\"imageAltText_loc\":\"Centered Image with round corners\",\"assetWidth\":\"normal\",\"roundedCorners\":\"1\",\"mobileImage\":[\"100\"]}},\"343\":{\"modified\":\"1\",\"type\":\"centeredImage\",\"enabled\":\"1\",\"collapsed\":\"0\",\"level\":\"1\",\"fields\":{\"image\":[\"172\"],\"imageAltText_loc\":\"Wide centered image\",\"assetWidth\":\"wide\",\"roundedCorners\":\"\",\"mobileImage\":\"\"}},\"341\":{\"modified\":\"1\",\"type\":\"centeredImage\",\"enabled\":\"1\",\"collapsed\":\"0\",\"level\":\"1\",\"fields\":{\"image\":[\"68\"],\"imageAltText_loc\":\"Full centered image\",\"assetWidth\":\"full\",\"roundedCorners\":\"\",\"mobileImage\":\"\"}},\"426\":{\"modified\":\"1\",\"type\":\"newSection\",\"enabled\":\"1\",\"collapsed\":\"0\",\"level\":\"0\",\"fields\":{\"sectionTitle_loc\":\"Video stuff\",\"sectionBackgroundColor\":\"gray\"}},\"427\":{\"modified\":\"1\",\"type\":\"centeredVideo\",\"enabled\":\"1\",\"collapsed\":\"0\",\"level\":\"1\",\"fields\":{\"horizontalVideo\":[\"394\"],\"horizontalPosterImage\":[\"38\"],\"verticalVideo\":[\"374\"],\"verticalPosterImage\":[\"152\"],\"videoControls\":\"1\",\"roundedCorners\":\"1\",\"autoplay\":\"\"}},\"428\":{\"modified\":\"1\",\"type\":\"newSection\",\"enabled\":\"1\",\"collapsed\":\"0\",\"level\":\"0\",\"fields\":{\"sectionTitle_loc\":\"Side by side\",\"sectionBackgroundColor\":\"white\"}},\"429\":{\"modified\":\"1\",\"type\":\"imageBesideText\",\"enabled\":\"1\",\"collapsed\":\"0\",\"level\":\"1\",\"fields\":{\"image\":[\"8\"],\"imageLocation\":\"left\",\"headline_loc\":\"Image left of text\",\"paragraph_loc\":\"<p>Gallia est omnis divisa in partes tres, quarum. Contra legem facit qui id facit quod lex prohibet. Tu quoque, Brute, fili mi, nihil timor populi, nihil! Nec dubitamus multa iter quae et nos invenerat. Nihil hic munitissimus habendi senatus locus, nihil horum? Idque Caesaris facere voluntate liceret: sese habere.<\\/p>\",\"ctaButtons\":{\"430\":{\"type\":\"primaryButton\",\"enabled\":\"1\",\"fields\":{\"button\":{\"type\":\"custom\",\"custom\":\"http:\\/\\/snapchat.com\",\"entry\":\"\",\"customText\":\"CTA Button\",\"target\":\"_blank\"},\"outline\":\"1\",\"buttonType\":\"normal\"}}}}},\"431\":{\"modified\":\"1\",\"type\":\"imageBesideText\",\"enabled\":\"1\",\"collapsed\":\"0\",\"level\":\"1\",\"fields\":{\"image\":[\"38\"],\"imageLocation\":\"right\",\"headline_loc\":\"Image to the RIGHT of text\",\"paragraph_loc\":\"<p>Gallia est omnis divisa in partes tres, quarum. Contra legem facit qui id facit quod lex prohibet. Tu quoque, Brute, fili mi, nihil timor populi, nihil! Nec dubitamus multa iter quae et nos invenerat. Nihil hic munitissimus habendi senatus locus, nihil horum? Idque Caesaris facere voluntate liceret: sese habere.<\\/p>\",\"ctaButtons\":{\"432\":{\"type\":\"primaryButton\",\"enabled\":\"1\",\"fields\":{\"button\":{\"type\":\"custom\",\"custom\":\"http:\\/\\/snapchat.com\",\"entry\":\"\",\"customText\":\"CTA Button\",\"target\":\"\"},\"outline\":\"\",\"buttonType\":\"normal\"}}}}},\"433\":{\"modified\":\"1\",\"type\":\"videoBesideText\",\"enabled\":\"1\",\"collapsed\":\"0\",\"level\":\"1\",\"fields\":{\"video\":{\"434\":{\"type\":\"videoAttributes\",\"enabled\":\"1\",\"fields\":{\"videoFile\":[\"392\"],\"posterImage\":[\"155\"]}}},\"desktopVideoLocation\":\"left\",\"headline_loc\":\"Video to the left of this text\",\"paragraph_loc\":\"<p>Gallia est omnis divisa in partes tres, quarum. Contra legem facit qui id facit quod lex prohibet. Tu quoque, Brute, fili mi, nihil timor populi, nihil! Nec dubitamus multa iter quae et nos invenerat. Nihil hic munitissimus habendi senatus locus, nihil horum? Idque Caesaris facere voluntate liceret: sese habere.<\\/p>\",\"ctaButtons\":{\"new1\":{\"type\":\"primaryButton\",\"enabled\":\"1\",\"fields\":{\"button\":{\"type\":\"custom\",\"custom\":\"http:\\/\\/google.com\",\"entry\":\"\",\"customText\":\"Test\",\"target\":\"\"},\"outline\":\"1\",\"buttonType\":\"normal\"}}}}}},\"107\":\"website\",\"102\":\"\",\"104\":\"\",\"101\":\"\",\"16\":\"1\",\"15\":\"red\",\"155\":\"Everything\",\"7\":\"everything\"}}', '2017-08-31 22:08:13', '2017-08-31 22:08:13', '7e3bfaca-d95d-4b52-ac3b-418c5d4c6f6d'),
 ('131', '444', '13', '1', 'en_us', '1', NULL, '{\"typeId\":\"16\",\"authorId\":null,\"title\":\"Inspiration\",\"slug\":\"inspiration\",\"postDate\":1504733196,\"expiryDate\":null,\"enabled\":1,\"parentId\":null,\"fields\":[]}', '2017-09-06 21:26:36', '2017-09-06 21:26:36', 'ccefeff5-8cef-43eb-b880-ffe8c04f987a'),
 ('132', '444', '13', '1', 'en_us', '2', '', '{\"typeId\":null,\"authorId\":null,\"title\":\"Inspiration\",\"slug\":\"inspiration\",\"postDate\":1504733196,\"expiryDate\":null,\"enabled\":1,\"parentId\":null,\"fields\":{\"195\":{\"type\":\"entry\",\"entry\":[\"362\"],\"customText\":\"View All\"},\"193\":\"Creative Spotlight\",\"10\":\"Get inspired by results-driven and world-class creative\",\"103\":\"\",\"106\":\"\",\"105\":\"\",\"89\":\"\",\"107\":\"website\",\"102\":\"\",\"104\":\"\",\"101\":\"\",\"192\":{\"type\":\"entry\",\"entry\":[\"363\"],\"customText\":\"View All\"},\"191\":\"Latest Success Stories\",\"15\":\"yellow\",\"155\":\"Inspiration\",\"7\":\"inspiration\"}}', '2017-09-06 23:17:09', '2017-09-06 23:17:09', '92d4ad58-a23c-40e5-8b00-4aa9951ac4f7');



DROP TABLE IF EXISTS `craft_fieldgroups`;


--
-- Schema for table `craft_fieldgroups`
--
CREATE TABLE `craft_fieldgroups` (
  `id` int(11) NOT NULL AUTO_INCREMENT,
  `name` varchar(255) COLLATE utf8_unicode_ci NOT NULL,
  `dateCreated` datetime NOT NULL,
  `dateUpdated` datetime NOT NULL,
  `uid` char(36) COLLATE utf8_unicode_ci NOT NULL DEFAULT '0',
  PRIMARY KEY (`id`),
  UNIQUE KEY `craft_fieldgroups_name_unq_idx` (`name`)
) ENGINE=InnoDB AUTO_INCREMENT=9 DEFAULT CHARSET=utf8 COLLATE=utf8_unicode_ci;

--
-- Data for table `craft_fieldgroups`
--

INSERT INTO `craft_fieldgroups` (`id`, `name`, `dateCreated`, `dateUpdated`, `uid`) VALUES
 ('2', 'Page Builder', '2017-07-20 17:56:22', '2017-08-22 19:32:19', '85906d6e-0c88-4ade-b0dc-ccd9377288c8'),
 ('3', 'Pages', '2017-07-20 18:28:53', '2017-07-20 18:28:53', '56d3472b-b560-4b25-9fd1-d9f69deae029'),
 ('4', 'Global', '2017-07-21 23:07:44', '2017-07-21 23:07:44', '3bd7462c-23b3-47e5-9c9e-e6a0cc78f489'),
 ('5', 'Inspiration', '2017-07-21 23:18:42', '2017-08-22 21:18:19', '5e22c3b1-1eba-4cd2-b670-bfb2336f0cf6'),
 ('6', 'SEO', '2017-08-07 23:16:43', '2017-08-07 23:16:43', '12832f2e-ea20-4281-85a4-cb51e08a216a'),
 ('7', 'Insights & News', '2017-08-21 20:54:24', '2017-08-22 19:31:54', '7fae07d9-287f-4761-8777-6ba017673ac5'),
 ('8', 'Default', '2017-08-24 21:20:44', '2017-08-24 21:20:44', '7bcb76eb-0182-4e75-9af1-0f2166879961');



DROP TABLE IF EXISTS `craft_fieldlayoutfields`;


--
-- Schema for table `craft_fieldlayoutfields`
--
CREATE TABLE `craft_fieldlayoutfields` (
  `id` int(11) NOT NULL AUTO_INCREMENT,
  `layoutId` int(11) NOT NULL,
  `tabId` int(11) NOT NULL,
  `fieldId` int(11) NOT NULL,
  `required` tinyint(1) unsigned NOT NULL DEFAULT '0',
  `sortOrder` smallint(6) unsigned DEFAULT NULL,
  `dateCreated` datetime NOT NULL,
  `dateUpdated` datetime NOT NULL,
  `uid` char(36) COLLATE utf8_unicode_ci NOT NULL DEFAULT '0',
  PRIMARY KEY (`id`),
  UNIQUE KEY `craft_fieldlayoutfields_layoutId_fieldId_unq_idx` (`layoutId`,`fieldId`),
  KEY `craft_fieldlayoutfields_sortOrder_idx` (`sortOrder`),
  KEY `craft_fieldlayoutfields_tabId_fk` (`tabId`),
  KEY `craft_fieldlayoutfields_fieldId_fk` (`fieldId`)
) ENGINE=InnoDB AUTO_INCREMENT=4438 DEFAULT CHARSET=utf8 COLLATE=utf8_unicode_ci;

--
-- Data for table `craft_fieldlayoutfields`
--

INSERT INTO `craft_fieldlayoutfields` (`id`, `layoutId`, `tabId`, `fieldId`, `required`, `sortOrder`, `dateCreated`, `dateUpdated`, `uid`) VALUES
 ('105', '79', '80', '13', '0', '1', '2017-07-20 20:18:09', '2017-07-20 20:18:09', 'a4d92aaa-0746-4ad5-a476-9e9dfc2867ba'),
 ('106', '79', '80', '14', '0', '2', '2017-07-20 20:18:09', '2017-07-20 20:18:09', 'cf292443-825e-470a-a206-bfab046c544a'),
 ('1809', '1168', '1107', '56', '0', '1', '2017-08-01 17:05:51', '2017-08-01 17:05:51', 'c31a8c59-a86d-4337-9887-f059fe65020b'),
 ('1810', '1168', '1107', '57', '0', '2', '2017-08-01 17:05:51', '2017-08-01 17:05:51', '71a6c150-bde1-48b4-ba72-5c4739bbd06c'),
 ('1811', '1169', '1108', '55', '0', '1', '2017-08-01 17:05:51', '2017-08-01 17:05:51', '72f24f05-0d8c-43b7-96b2-39b9ebe4f67b'),
 ('2884', '1739', '1694', '109', '0', '1', '2017-08-08 17:41:58', '2017-08-08 17:41:58', '5fe58be1-d2f8-4801-bd26-eada3a452bd6'),
 ('2885', '1739', '1694', '99', '0', '2', '2017-08-08 17:41:58', '2017-08-08 17:41:58', '3fdc5ff2-7332-421a-b4fa-bb73602d2c38'),
 ('2886', '1740', '1695', '92', '0', '1', '2017-08-08 17:46:42', '2017-08-08 17:46:42', 'c64fdc2b-3222-479d-bbed-0a8ba056f37a'),
 ('2887', '1740', '1695', '96', '0', '2', '2017-08-08 17:46:42', '2017-08-08 17:46:42', '4fd7c02b-816b-44e8-b387-76ca340b080b'),
 ('2888', '1740', '1695', '82', '0', '3', '2017-08-08 17:46:42', '2017-08-08 17:46:42', '817d0bd6-82ef-4e09-9118-877004fb1429'),
 ('2903', '1748', '1702', '8', '0', '1', '2017-08-09 17:48:15', '2017-08-09 17:48:15', '58af5f0f-23b5-46cc-bb74-9b1b0aff616e'),
 ('2904', '1748', '1702', '10', '0', '2', '2017-08-09 17:48:15', '2017-08-09 17:48:15', '5ca70786-0e0e-43bd-ba27-bfe2782f4160'),
 ('2905', '1748', '1702', '18', '0', '3', '2017-08-09 17:48:15', '2017-08-09 17:48:15', 'fab490c2-4a09-46a2-8168-c287f5a64879'),
 ('2906', '1748', '1702', '111', '0', '4', '2017-08-09 17:48:15', '2017-08-09 17:48:15', 'e8136b64-1205-4e7a-9d74-e57e495d4aba'),
 ('3339', '1876', '1868', '15', '0', '1', '2017-08-15 23:36:03', '2017-08-15 23:36:03', '8ec5ed25-d296-486b-92ec-f5c1ef0137d3'),
 ('3340', '1876', '1868', '16', '0', '2', '2017-08-15 23:36:03', '2017-08-15 23:36:03', 'd7618299-e554-4d17-ac1e-42beebaa2589'),
 ('3341', '1876', '1868', '89', '0', '3', '2017-08-15 23:36:03', '2017-08-15 23:36:03', '69248695-7c04-4f24-a0e9-dbdc2a8b077b'),
 ('3342', '1876', '1869', '112', '0', '1', '2017-08-15 23:36:03', '2017-08-15 23:36:03', '3e8fcd6d-cf84-4cfd-86ed-9a0cf82dd657'),
 ('3343', '1876', '1869', '3', '0', '2', '2017-08-15 23:36:03', '2017-08-15 23:36:03', '3aaf6287-734f-4b24-a491-31d82a9d165c'),
 ('3344', '1876', '1870', '101', '0', '1', '2017-08-15 23:36:03', '2017-08-15 23:36:03', 'c7dcb694-e379-4100-af3e-e918da1b9fcc'),
 ('3345', '1876', '1870', '102', '0', '2', '2017-08-15 23:36:03', '2017-08-15 23:36:03', '6aac59df-0b0d-45b2-8c2d-49bf43e5abcb'),
 ('3346', '1876', '1870', '104', '0', '3', '2017-08-15 23:36:03', '2017-08-15 23:36:03', '08181d08-02a7-484c-b7d5-aa55debbaf69'),
 ('3347', '1876', '1870', '107', '0', '4', '2017-08-15 23:36:03', '2017-08-15 23:36:03', 'ab32bbc2-3fab-4859-b78b-538facae3c2b'),
 ('3348', '1876', '1870', '103', '0', '5', '2017-08-15 23:36:03', '2017-08-15 23:36:03', '2af51dcc-23e9-4641-9f75-2592862a09e6'),
 ('3349', '1876', '1870', '105', '0', '6', '2017-08-15 23:36:03', '2017-08-15 23:36:03', '738bbe4f-94f1-451a-ab93-b4cb29c8388f'),
 ('3350', '1876', '1870', '106', '0', '7', '2017-08-15 23:36:03', '2017-08-15 23:36:03', '7872e375-97ac-41b6-b97a-8bec7f76482c'),
 ('3398', '1892', '1889', '128', '1', '1', '2017-08-17 23:32:26', '2017-08-17 23:32:26', '2454abb1-28b8-4fc6-a2df-41ca73d6b766'),
 ('3399', '1892', '1889', '129', '0', '2', '2017-08-17 23:32:26', '2017-08-17 23:32:26', '5acd8c64-4dad-40d7-b327-3d53d7ecebcb'),
 ('3728', '1955', '1974', '140', '0', '1', '2017-08-24 21:18:16', '2017-08-24 21:18:16', '828b1c01-57b9-44f9-bec0-1e86a16b6d3c'),
 ('3729', '1955', '1974', '93', '0', '2', '2017-08-24 21:18:16', '2017-08-24 21:18:16', '8cdfc63f-a824-4e97-b0c2-b4e3491963a9'),
 ('3730', '1955', '1974', '94', '0', '3', '2017-08-24 21:18:16', '2017-08-24 21:18:16', '1a1d972a-2438-4c1b-b776-451232459e0f'),
 ('3731', '1955', '1974', '95', '0', '4', '2017-08-24 21:18:16', '2017-08-24 21:18:16', '6d6c1d7f-f5ff-4ad5-aebb-6ed29c8fb710'),
 ('3738', '1959', '1978', '90', '0', '1', '2017-08-24 21:25:18', '2017-08-24 21:25:18', 'ed5552ba-cfde-4539-a721-883c5fc8a207'),
 ('3739', '1959', '1978', '91', '0', '2', '2017-08-24 21:25:18', '2017-08-24 21:25:18', 'b58fdbe6-9c4a-49d8-b502-c710e166e029'),
 ('3755', '1964', '1983', '68', '0', '1', '2017-08-24 21:30:03', '2017-08-24 21:30:03', '912c7a7f-d5cb-4562-ad20-5a46c27f1fd1'),
 ('3756', '1964', '1983', '69', '0', '2', '2017-08-24 21:30:03', '2017-08-24 21:30:03', 'e18abe77-17e3-449d-ac22-d500b41d5b4d'),
 ('3757', '1964', '1983', '70', '0', '3', '2017-08-24 21:30:03', '2017-08-24 21:30:03', 'db012aaf-58f7-458c-afb7-c0c1f272bfcc'),
 ('3761', '1966', '1985', '118', '1', '1', '2017-08-24 21:31:39', '2017-08-24 21:31:39', '33b290b3-cf72-4b56-ac54-b6af39dd5b63'),
 ('3762', '1966', '1985', '119', '0', '2', '2017-08-24 21:31:39', '2017-08-24 21:31:39', '53d29a4e-e548-4e17-9784-f979e3ab7899'),
 ('3763', '1966', '1985', '120', '0', '3', '2017-08-24 21:31:39', '2017-08-24 21:31:39', 'f95adb7d-00e9-43c1-9aaf-ad9c54917aec'),
 ('3764', '1967', '1986', '59', '0', '1', '2017-08-24 21:31:54', '2017-08-24 21:31:54', '70426c67-eb8a-4793-b72d-50cb8689b600'),
 ('3765', '1967', '1986', '60', '0', '2', '2017-08-24 21:31:54', '2017-08-24 21:31:54', 'b0770df7-2c4b-4672-8d1f-1534c793f229'),
 ('3766', '1967', '1986', '61', '0', '3', '2017-08-24 21:31:54', '2017-08-24 21:31:54', '3f7984db-994f-4623-8ce9-6bdbb588e57f'),
 ('3767', '1967', '1986', '62', '0', '4', '2017-08-24 21:31:54', '2017-08-24 21:31:54', 'aecbed2f-8ead-439f-b604-39cf07b7a6fc'),
 ('3768', '1968', '1987', '79', '0', '1', '2017-08-24 21:34:21', '2017-08-24 21:34:21', '31dd15ce-9868-4d41-a171-22e1d294172b'),
 ('3769', '1968', '1987', '80', '0', '2', '2017-08-24 21:34:21', '2017-08-24 21:34:21', 'b768de47-a78a-46c0-afbe-ae6cbbebe6ae'),
 ('3780', '1972', '1991', '15', '0', '1', '2017-08-29 20:58:48', '2017-08-29 20:58:48', '35dd510a-78e7-4be2-81db-65c48eda7e6d'),
 ('3781', '1972', '1991', '10', '0', '2', '2017-08-29 20:58:48', '2017-08-29 20:58:48', '2b17b9e1-d137-4ff3-8076-e819505ee782'),
 ('3782', '1972', '1991', '136', '0', '3', '2017-08-29 20:58:48', '2017-08-29 20:58:48', '4568d615-0855-41b3-bd96-e9e7584fefcc'),
 ('3783', '1972', '1991', '137', '0', '4', '2017-08-29 20:58:48', '2017-08-29 20:58:48', '63a154ff-18a2-4689-bfda-6fa327e094a8'),
 ('3784', '1972', '1991', '138', '0', '5', '2017-08-29 20:58:48', '2017-08-29 20:58:48', '63aa316b-eada-4de7-9585-b5a13d699dd2'),
 ('3785', '1972', '1991', '156', '0', '6', '2017-08-29 20:58:48', '2017-08-29 20:58:48', '395d0907-1148-458e-ab7f-afc1e37ac6ab'),
 ('3786', '1972', '1991', '89', '0', '7', '2017-08-29 20:58:48', '2017-08-29 20:58:48', '379facc5-fe23-4a33-9a76-2518a6cc486b'),
 ('3787', '1973', '1992', '37', '0', '1', '2017-08-29 21:50:41', '2017-08-29 21:50:41', 'e1e1be48-0ef6-4723-ace9-e5c2d6acdb00'),
 ('3789', '1975', '1994', '100', '0', '1', '2017-08-29 21:51:06', '2017-08-29 21:51:06', '696a8c36-822b-4f06-b8b9-9bf545e07158'),
 ('3791', '1977', '1996', '85', '0', '1', '2017-08-29 21:53:18', '2017-08-29 21:53:18', '53aab405-d962-4bb5-9755-2c98b116af83'),
 ('3792', '1978', '1997', '83', '0', '1', '2017-08-29 21:53:33', '2017-08-29 21:53:33', 'e52b7dba-0cef-4aed-b726-e3046bc58ea8'),
 ('3793', '1978', '1997', '84', '0', '2', '2017-08-29 21:53:33', '2017-08-29 21:53:33', 'ab6fc172-9f96-4dc6-a4bd-04f86bda4710'),
 ('3794', '1979', '1998', '97', '0', '1', '2017-08-29 21:53:48', '2017-08-29 21:53:48', 'adfebf62-cf59-439e-a3a9-ad69083bf10d'),
 ('3795', '1979', '1998', '98', '0', '2', '2017-08-29 21:53:48', '2017-08-29 21:53:48', 'a555243f-4ded-4a60-a175-fdd9ce1c72e0'),
 ('3796', '1980', '1999', '25', '0', '1', '2017-08-29 21:54:09', '2017-08-29 21:54:09', 'd21e7417-31f8-4b44-bcdf-f96adb980c4e'),
 ('3797', '1980', '1999', '26', '0', '2', '2017-08-29 21:54:09', '2017-08-29 21:54:09', 'fecae623-0a58-4422-b9e7-7a3cc20cd446'),
 ('3798', '1980', '1999', '27', '0', '3', '2017-08-29 21:54:09', '2017-08-29 21:54:09', 'b66d4a35-3d5d-48f4-8eff-4640c46ff55b'),
 ('3811', '1983', '2002', '113', '0', '1', '2017-08-31 18:42:03', '2017-08-31 18:42:03', 'e239e831-99f1-4142-bfae-0322d42f8a92'),
 ('3812', '1983', '2002', '114', '0', '2', '2017-08-31 18:42:03', '2017-08-31 18:42:03', 'fa1a1d03-e36d-441a-8a9f-671db52652b9'),
 ('3813', '1983', '2002', '115', '0', '3', '2017-08-31 18:42:03', '2017-08-31 18:42:03', '323a9bdf-577b-4814-aa50-6dcf84112bd3'),
 ('3814', '1983', '2002', '141', '0', '4', '2017-08-31 18:42:03', '2017-08-31 18:42:03', '730fa69b-e33d-43b6-b676-f537cb6eb7d2'),
 ('3815', '1992', '2003', '158', '1', '1', '2017-09-05 21:24:49', '2017-09-05 21:24:49', 'b7e57be7-b6be-432d-baae-36ad77f3ab6f'),
 ('3816', '1992', '2003', '159', '0', '2', '2017-09-05 21:24:49', '2017-09-05 21:24:49', '548fb277-4dea-44a1-862b-7be9f82fc615'),
 ('3838', '2010', '2018', '162', '0', '1', '2017-09-05 23:37:50', '2017-09-05 23:37:50', '9011b16f-8ab6-4e82-a2cd-4d320718cd6a'),
 ('3839', '2010', '2018', '163', '0', '2', '2017-09-05 23:37:50', '2017-09-05 23:37:50', 'dbf34ba6-7259-4093-b695-d1900db0ba39'),
 ('3869', '2022', '2032', '155', '0', '1', '2017-09-05 23:41:58', '2017-09-05 23:41:58', 'ac16944f-5ab7-4b93-a0f1-a836ae55300e'),
 ('3870', '2022', '2032', '149', '0', '2', '2017-09-05 23:41:58', '2017-09-05 23:41:58', '84ed5360-6acc-4256-8865-a42bb4975ff5'),
 ('3871', '2022', '2032', '147', '0', '3', '2017-09-05 23:41:58', '2017-09-05 23:41:58', '3addf72d-99ff-4b28-954a-ce3ba12e23c8'),
 ('3872', '2022', '2032', '148', '0', '4', '2017-09-05 23:41:58', '2017-09-05 23:41:58', '143c4413-16c6-4ba3-9e0f-60e1b5d61252'),
 ('3873', '2022', '2033', '145', '0', '1', '2017-09-05 23:41:58', '2017-09-05 23:41:58', 'a366d46c-47dd-4dd5-8bb3-b59e5f8bf08c'),
 ('3874', '2022', '2033', '144', '0', '2', '2017-09-05 23:41:58', '2017-09-05 23:41:58', 'b1ffe780-d672-4593-a356-9fd923f7c9ec'),
 ('3875', '2022', '2034', '101', '0', '1', '2017-09-05 23:41:58', '2017-09-05 23:41:58', 'cb31acc2-c1a2-4a03-859b-f0569bb08c73'),
 ('3876', '2022', '2034', '102', '0', '2', '2017-09-05 23:41:58', '2017-09-05 23:41:58', '7ef4fab8-8169-4631-82d3-ff63c1632081'),
 ('3877', '2022', '2034', '104', '0', '3', '2017-09-05 23:41:58', '2017-09-05 23:41:58', 'd7cc9c7f-a1fd-4586-8d72-e58b1a6ecbf7'),
 ('3878', '2022', '2034', '107', '0', '4', '2017-09-05 23:41:58', '2017-09-05 23:41:58', 'fb768bfa-a8a7-4b9c-b91f-f09152499bb1'),
 ('3879', '2022', '2034', '103', '0', '5', '2017-09-05 23:41:58', '2017-09-05 23:41:58', '44a39908-12c5-48c6-a212-a7e52474f54d'),
 ('3880', '2022', '2034', '105', '0', '6', '2017-09-05 23:41:58', '2017-09-05 23:41:58', '86b738ca-33ed-490b-b35f-78cbf00d85ef'),
 ('3881', '2022', '2034', '106', '0', '7', '2017-09-05 23:41:58', '2017-09-05 23:41:58', '55b9b510-ba24-4d08-b665-cb95515fef93'),
 ('3882', '2023', '2035', '155', '0', '1', '2017-09-05 23:42:11', '2017-09-05 23:42:11', '6ae26d45-e4bb-47aa-a1e6-0c18a3759ca6'),
 ('3883', '2023', '2035', '149', '0', '2', '2017-09-05 23:42:11', '2017-09-05 23:42:11', '65438247-c097-4c80-b5cb-684cdc307348'),
 ('3884', '2023', '2035', '146', '0', '3', '2017-09-05 23:42:11', '2017-09-05 23:42:11', 'e2707f66-7827-4bdf-9548-6f2b9c977146'),
 ('3885', '2023', '2035', '147', '0', '4', '2017-09-05 23:42:11', '2017-09-05 23:42:11', 'dc762387-ebd9-413d-a651-a2b0acc0c207'),
 ('3886', '2023', '2035', '148', '0', '5', '2017-09-05 23:42:11', '2017-09-05 23:42:11', '4db1e63c-385e-44f6-b4d8-52ec5667e769'),
 ('3887', '2023', '2036', '145', '0', '1', '2017-09-05 23:42:11', '2017-09-05 23:42:11', '653bc5ef-2bdf-4b13-af35-fe2c4a9d332d'),
 ('3888', '2023', '2036', '144', '0', '2', '2017-09-05 23:42:11', '2017-09-05 23:42:11', 'dc21ed2f-75bd-4287-a1c1-0d25753dc72e'),
 ('3889', '2023', '2037', '101', '0', '1', '2017-09-05 23:42:11', '2017-09-05 23:42:11', '63a88f69-6671-436c-a1bc-8295720ec454'),
 ('3890', '2023', '2037', '102', '0', '2', '2017-09-05 23:42:11', '2017-09-05 23:42:11', '344ebdb5-f884-4d3d-937c-b04cb0a07356'),
 ('3891', '2023', '2037', '104', '0', '3', '2017-09-05 23:42:11', '2017-09-05 23:42:11', '5ee4a2bc-2916-44e4-af89-a6efc7f8f5d0'),
 ('3892', '2023', '2037', '103', '0', '4', '2017-09-05 23:42:11', '2017-09-05 23:42:11', 'a4e51238-d838-4b5e-a69a-e8b81a41a6d5'),
 ('3893', '2023', '2037', '107', '0', '5', '2017-09-05 23:42:11', '2017-09-05 23:42:11', '3e418d06-23d5-4714-a061-d778a6fc9a2d'),
 ('3894', '2023', '2037', '105', '0', '6', '2017-09-05 23:42:11', '2017-09-05 23:42:11', 'ef329fb9-1675-447e-a3bb-b24f701df206'),
 ('3895', '2023', '2037', '106', '0', '7', '2017-09-05 23:42:11', '2017-09-05 23:42:11', 'b8dbd014-a5d2-4924-befe-990bd17f2626'),
 ('3904', '2030', '2044', '165', '0', '1', '2017-09-05 23:48:17', '2017-09-05 23:48:17', '99121cb5-b7df-4eb6-8fac-bcab534e60fa'),
 ('3905', '2030', '2044', '166', '0', '2', '2017-09-05 23:48:17', '2017-09-05 23:48:17', 'e7d44a60-5189-4763-bfd0-5cfb3b99b0d3');
INSERT INTO `craft_fieldlayoutfields` (`id`, `layoutId`, `tabId`, `fieldId`, `required`, `sortOrder`, `dateCreated`, `dateUpdated`, `uid`) VALUES
 ('3906', '2030', '2044', '167', '0', '3', '2017-09-05 23:48:17', '2017-09-05 23:48:17', 'f1e66540-bbbf-4c02-aaf3-0620b487595a'),
 ('3997', '2082', '2094', '10', '0', '1', '2017-09-06 00:06:57', '2017-09-06 00:06:57', '53914de1-f9dc-40ae-aff1-bb2b7195aa51'),
 ('3998', '2083', '2095', '160', '0', '1', '2017-09-06 00:06:57', '2017-09-06 00:06:57', '8b188cff-6b6f-4f4e-b26b-8cac979e52ef'),
 ('3999', '2084', '2096', '8', '0', '1', '2017-09-06 00:06:57', '2017-09-06 00:06:57', 'a2457a55-ab48-4468-8d1f-5c591fd9b549'),
 ('4000', '2084', '2096', '126', '0', '2', '2017-09-06 00:06:57', '2017-09-06 00:06:57', '59805da2-bdd7-46fd-bd92-e413659d768b'),
 ('4001', '2084', '2096', '168', '0', '3', '2017-09-06 00:06:57', '2017-09-06 00:06:57', '12ab55ff-debf-43cf-b020-575adf5681c6'),
 ('4002', '2084', '2096', '169', '0', '4', '2017-09-06 00:06:57', '2017-09-06 00:06:57', '3ead9e23-2bd4-4333-8dc3-f40f936d93d5'),
 ('4003', '2084', '2096', '170', '0', '5', '2017-09-06 00:06:57', '2017-09-06 00:06:57', 'ded1c711-9495-4eb7-bc2d-358704eac9d3'),
 ('4004', '2085', '2097', '161', '0', '1', '2017-09-06 00:06:57', '2017-09-06 00:06:57', '3742831f-bd68-4943-8010-d1b7aac0c8bd'),
 ('4005', '2086', '2098', '8', '0', '1', '2017-09-06 00:06:57', '2017-09-06 00:06:57', '327a0849-75d7-45bb-81ba-785762553e6a'),
 ('4006', '2086', '2098', '126', '0', '2', '2017-09-06 00:06:57', '2017-09-06 00:06:57', '6699745f-e947-43ae-94d0-78bd81dd49c9'),
 ('4007', '2086', '2098', '161', '0', '3', '2017-09-06 00:06:57', '2017-09-06 00:06:57', '5daf7117-56da-4d54-93d4-4ea1ec2437d7'),
 ('4008', '2087', '2099', '164', '0', '1', '2017-09-06 00:06:57', '2017-09-06 00:06:57', '3af50e08-c5ff-4631-8378-a48e3a6aa1be'),
 ('4009', '2088', '2100', '171', '0', '1', '2017-09-06 00:06:57', '2017-09-06 00:06:57', '50d363bb-97a3-4ceb-9a4e-2c81b1c1d9ab'),
 ('4076', '2106', '2121', '81', '0', '1', '2017-09-06 00:15:21', '2017-09-06 00:15:21', 'eee24478-7f18-4dc7-a420-56483c6b9538'),
 ('4077', '2106', '2121', '133', '0', '2', '2017-09-06 00:15:21', '2017-09-06 00:15:21', '6400375d-d82f-451e-816e-56cf7300726c'),
 ('4078', '2106', '2121', '75', '0', '3', '2017-09-06 00:15:21', '2017-09-06 00:15:21', 'aab1af27-011f-4865-a2b0-cfa78b612571'),
 ('4079', '2106', '2121', '76', '0', '4', '2017-09-06 00:15:21', '2017-09-06 00:15:21', '530d1c33-e5e6-4703-ae59-ced0aabda595'),
 ('4080', '2106', '2121', '130', '0', '5', '2017-09-06 00:15:21', '2017-09-06 00:15:21', 'ed099192-1340-4b15-b82e-085f8fb1a844'),
 ('4081', '2106', '2121', '77', '0', '6', '2017-09-06 00:15:21', '2017-09-06 00:15:21', '1365aec1-5b73-4689-b7ed-efd248d39238'),
 ('4082', '2106', '2121', '116', '0', '7', '2017-09-06 00:15:21', '2017-09-06 00:15:21', '29100f2c-7329-4e68-a7da-67d8fa2a18c9'),
 ('4083', '2106', '2121', '117', '0', '8', '2017-09-06 00:15:21', '2017-09-06 00:15:21', '2793450d-8566-4369-a788-fad9e1bcdb0f'),
 ('4084', '2107', '2122', '175', '0', '1', '2017-09-06 00:18:08', '2017-09-06 00:18:08', '3127322d-e0f1-4c98-8854-7a62180d891e'),
 ('4085', '2107', '2122', '176', '0', '2', '2017-09-06 00:18:08', '2017-09-06 00:18:08', 'e1d1dab4-72bf-4401-a76e-fac60ce91980'),
 ('4086', '2108', '2123', '23', '0', '1', '2017-09-06 00:18:45', '2017-09-06 00:18:45', '84264d55-6edd-4c8a-92ec-476848911282'),
 ('4087', '2108', '2123', '20', '0', '2', '2017-09-06 00:18:45', '2017-09-06 00:18:45', '5a674680-26d0-46c0-848e-b0b5508f77e1'),
 ('4088', '2109', '2124', '67', '0', '1', '2017-09-06 00:18:45', '2017-09-06 00:18:45', 'df56e3f4-372a-4f10-ab17-b4403bc3da63'),
 ('4089', '2109', '2125', '24', '0', '1', '2017-09-06 00:18:45', '2017-09-06 00:18:45', 'f01c0cc4-0baf-4551-8521-02c007d7a79c'),
 ('4090', '2110', '2126', '45', '0', '1', '2017-09-06 00:18:45', '2017-09-06 00:18:45', '9a304672-dafe-4f94-b80c-c2215a4ac830'),
 ('4091', '2111', '2127', '58', '0', '1', '2017-09-06 00:18:45', '2017-09-06 00:18:45', '60b05466-cea0-4344-a9db-5ec51505333e'),
 ('4092', '2111', '2128', '24', '0', '1', '2017-09-06 00:18:45', '2017-09-06 00:18:45', 'd9071bd0-62ab-454b-8a37-3036025556d8'),
 ('4093', '2112', '2129', '174', '0', '1', '2017-09-06 00:18:45', '2017-09-06 00:18:45', 'fcfa1c7b-eccf-44d1-8dff-945c49990f25'),
 ('4094', '2112', '2129', '10', '0', '2', '2017-09-06 00:18:45', '2017-09-06 00:18:45', 'feb26cc2-0969-4c34-8bc5-160dcbeac013'),
 ('4095', '2112', '2129', '18', '0', '3', '2017-09-06 00:18:45', '2017-09-06 00:18:45', '7b8000e1-9631-4b6a-a3ce-bf1752c17644'),
 ('4096', '2112', '2129', '71', '0', '4', '2017-09-06 00:18:45', '2017-09-06 00:18:45', 'd437ebf8-2d74-42e4-98c6-4315d932230d'),
 ('4097', '2113', '2130', '8', '0', '1', '2017-09-06 00:18:45', '2017-09-06 00:18:45', 'dd302702-3580-447b-b7d9-6479a1724de7'),
 ('4098', '2113', '2130', '126', '0', '2', '2017-09-06 00:18:45', '2017-09-06 00:18:45', '3c92ea36-24ce-4641-800a-e00ee84ad855'),
 ('4099', '2113', '2130', '28', '0', '3', '2017-09-06 00:18:45', '2017-09-06 00:18:45', '430c4703-0247-4a0b-8ebd-b525fb9b63bd'),
 ('4100', '2113', '2130', '132', '0', '4', '2017-09-06 00:18:45', '2017-09-06 00:18:45', '036dcbee-d2ee-4536-8323-d13cf611ce47'),
 ('4101', '2113', '2130', '127', '0', '5', '2017-09-06 00:18:45', '2017-09-06 00:18:45', '7e98b7ac-545f-4ee1-bfc3-841857ebf8ad'),
 ('4102', '2114', '2131', '122', '0', '1', '2017-09-06 00:18:45', '2017-09-06 00:18:45', '09d61d68-9bb0-4359-8c56-2328fa68ece1'),
 ('4103', '2114', '2131', '124', '0', '2', '2017-09-06 00:18:45', '2017-09-06 00:18:45', '48927db8-a817-449c-a7ab-369482663ab6'),
 ('4104', '2114', '2131', '123', '0', '3', '2017-09-06 00:18:45', '2017-09-06 00:18:45', '2bea8b36-7729-4c3e-b6db-dfd50b094384'),
 ('4105', '2114', '2131', '125', '0', '4', '2017-09-06 00:18:45', '2017-09-06 00:18:45', '79fe009d-4838-4750-8ab1-bfe203550aad'),
 ('4106', '2114', '2131', '143', '0', '5', '2017-09-06 00:18:45', '2017-09-06 00:18:45', '9164de6d-a356-46e0-a037-5240571e70ec'),
 ('4107', '2114', '2131', '132', '0', '6', '2017-09-06 00:18:45', '2017-09-06 00:18:45', 'ebbfa0e4-cf10-4309-a8dd-688030db7772'),
 ('4108', '2114', '2131', '142', '0', '7', '2017-09-06 00:18:45', '2017-09-06 00:18:45', '891a500d-3d48-4aba-b7b0-a7381b51ab5b'),
 ('4109', '2115', '2132', '12', '0', '1', '2017-09-06 00:18:45', '2017-09-06 00:18:45', '67a279e6-e081-49b2-bfdc-05249c84b610'),
 ('4110', '2116', '2133', '8', '0', '1', '2017-09-06 00:18:45', '2017-09-06 00:18:45', 'c79fc394-8344-4e93-812c-293a78dc516a'),
 ('4111', '2116', '2133', '9', '0', '2', '2017-09-06 00:18:45', '2017-09-06 00:18:45', '05651df8-35f5-4ec7-960c-a7e43f5ec1bd'),
 ('4112', '2116', '2133', '10', '0', '3', '2017-09-06 00:18:45', '2017-09-06 00:18:45', '949ba11a-7609-4c8e-9e2c-3fcb38190192'),
 ('4113', '2116', '2133', '11', '0', '4', '2017-09-06 00:18:45', '2017-09-06 00:18:45', '1e4bb0c6-1bf6-4261-8642-9b74d6193fb9'),
 ('4114', '2116', '2133', '71', '0', '5', '2017-09-06 00:18:45', '2017-09-06 00:18:45', 'd8162c84-f55d-4983-81b8-ef35e99f5110'),
 ('4115', '2117', '2134', '29', '0', '1', '2017-09-06 00:18:45', '2017-09-06 00:18:45', '92bb8f6d-a113-4872-91f2-e0a26a7da05d'),
 ('4116', '2117', '2134', '131', '0', '2', '2017-09-06 00:18:45', '2017-09-06 00:18:45', '329aa2d7-5cfc-4d02-95cf-622498e23619'),
 ('4117', '2117', '2134', '10', '0', '3', '2017-09-06 00:18:45', '2017-09-06 00:18:45', 'e075fbe2-c6d0-4af7-a231-85d5919ee1bb'),
 ('4118', '2117', '2134', '11', '0', '4', '2017-09-06 00:18:45', '2017-09-06 00:18:45', '8637449b-192f-4a90-97f6-2fe61dc0507f'),
 ('4119', '2117', '2134', '71', '0', '5', '2017-09-06 00:18:45', '2017-09-06 00:18:45', 'a7cf3a34-2b2a-476b-9286-2137a333ee2a'),
 ('4120', '2118', '2135', '24', '0', '1', '2017-09-06 00:18:45', '2017-09-06 00:18:45', '872eb92e-d285-4b32-ab5c-f5293fdcb6b5'),
 ('4121', '2119', '2136', '74', '0', '1', '2017-09-06 00:18:45', '2017-09-06 00:18:45', 'f0c932a0-daad-4cb6-a981-78abb487343a'),
 ('4122', '2119', '2137', '24', '0', '1', '2017-09-06 00:18:45', '2017-09-06 00:18:45', 'c82728ae-ad82-4f11-add7-154831e84157'),
 ('4123', '2120', '2138', '29', '0', '1', '2017-09-06 00:18:45', '2017-09-06 00:18:45', '800b6fcb-3998-43c9-90d8-12d808a2795e'),
 ('4124', '2120', '2138', '78', '0', '2', '2017-09-06 00:18:45', '2017-09-06 00:18:45', '33207f17-0db3-48ca-889b-c3034d2fb5d0'),
 ('4129', '2123', '2141', '72', '0', '1', '2017-09-06 00:19:26', '2017-09-06 00:19:26', '42b448a2-b714-473d-a37e-169dce65d8d9'),
 ('4130', '2123', '2141', '110', '0', '2', '2017-09-06 00:19:26', '2017-09-06 00:19:26', 'f0dfb561-0c71-4dab-9d45-7f309455865f'),
 ('4131', '2123', '2141', '135', '0', '3', '2017-09-06 00:19:26', '2017-09-06 00:19:26', '10801b1d-c02a-4a64-bfc9-fc7f6e68d8ba'),
 ('4132', '2124', '2142', '73', '0', '1', '2017-09-06 00:19:26', '2017-09-06 00:19:26', '7e9604e3-0963-4821-a407-c49f361c5d15'),
 ('4140', '2126', '2144', '155', '0', '1', '2017-09-06 17:51:30', '2017-09-06 17:51:30', 'e32703a5-c1d4-4302-ac23-3499a4d6fea0'),
 ('4141', '2126', '2144', '150', '0', '2', '2017-09-06 17:51:30', '2017-09-06 17:51:30', '560b86a7-b338-4744-8a29-5369180dcfd4'),
 ('4142', '2126', '2144', '146', '0', '3', '2017-09-06 17:51:30', '2017-09-06 17:51:30', '51d65411-b066-48e0-8cf7-2c765ed64a86'),
 ('4143', '2126', '2145', '8', '0', '1', '2017-09-06 17:51:30', '2017-09-06 17:51:30', 'bab7199c-7ce5-4e65-adfc-8009aaceaf22'),
 ('4144', '2126', '2145', '152', '0', '2', '2017-09-06 17:51:30', '2017-09-06 17:51:30', '18f384df-ea8a-47fe-92de-f17a439ed002'),
 ('4145', '2126', '2145', '153', '0', '3', '2017-09-06 17:51:30', '2017-09-06 17:51:30', '4fef211d-e3e8-4a15-85a6-2844fd7a8dcd'),
 ('4146', '2126', '2145', '154', '0', '4', '2017-09-06 17:51:30', '2017-09-06 17:51:30', '04db22fd-54fd-4e40-9927-1ed1aec07e59'),
 ('4202', '2153', '2169', '185', '0', '1', '2017-09-06 20:48:13', '2017-09-06 20:48:13', 'fd849c0a-94f6-4d91-8e35-5d77792cbeb4'),
 ('4203', '2153', '2169', '186', '0', '2', '2017-09-06 20:48:13', '2017-09-06 20:48:13', 'a0308280-3edf-40f7-8708-97432165b789'),
 ('4212', '2159', '2174', '160', '0', '1', '2017-09-06 20:53:52', '2017-09-06 20:53:52', '5e4489be-3a6a-4630-9cbe-68cd6e851275'),
 ('4213', '2160', '2175', '10', '0', '1', '2017-09-06 20:53:52', '2017-09-06 20:53:52', '527c4d8a-02b0-406b-bee7-855c920c4df1'),
 ('4214', '2160', '2175', '11', '0', '2', '2017-09-06 20:53:52', '2017-09-06 20:53:52', '756bb342-e6a0-486b-8219-b3c13fa5fbc4'),
 ('4215', '2160', '2175', '184', '0', '3', '2017-09-06 20:53:52', '2017-09-06 20:53:52', '5da73c4b-63a3-4ddd-973f-368af5063f9d'),
 ('4216', '2161', '2176', '180', '0', '1', '2017-09-06 20:53:52', '2017-09-06 20:53:52', 'a5972f4e-c0ed-47d2-a975-ec3a2159c6b4'),
 ('4217', '2161', '2176', '181', '0', '2', '2017-09-06 20:53:52', '2017-09-06 20:53:52', '40bbc522-e912-4c1c-ba9d-c4f45b813f4e'),
 ('4218', '2161', '2176', '10', '0', '3', '2017-09-06 20:53:52', '2017-09-06 20:53:52', '67f14d09-0bc4-4168-bda7-b85e17e8efb2'),
 ('4219', '2163', '2177', '187', '0', '1', '2017-09-06 20:53:52', '2017-09-06 20:53:52', '9e2b90d2-21d3-4f1e-a34e-999c54c22935'),
 ('4220', '2163', '2177', '43', '0', '2', '2017-09-06 20:53:52', '2017-09-06 20:53:52', '2fcefc82-4138-4e86-b008-2a50d3df4b9c'),
 ('4273', '2169', '2187', '7', '1', '1', '2017-09-06 21:28:17', '2017-09-06 21:28:17', 'a1208505-b9f9-4b3a-842b-428ef02cd565'),
 ('4274', '2169', '2187', '15', '0', '2', '2017-09-06 21:28:17', '2017-09-06 21:28:17', '3821d8f1-9e39-4d46-a273-305946ccc5ca'),
 ('4275', '2169', '2187', '10', '0', '3', '2017-09-06 21:28:17', '2017-09-06 21:28:17', '0443f10a-efbf-4a6a-aa23-c73d86f0c1b4'),
 ('4276', '2169', '2187', '136', '0', '4', '2017-09-06 21:28:17', '2017-09-06 21:28:17', 'fb6ae7b5-0f26-4d8f-b504-dc54cab742f1'),
 ('4277', '2169', '2187', '137', '0', '5', '2017-09-06 21:28:17', '2017-09-06 21:28:17', '19919506-8a67-43bf-9e93-913839940fe1'),
 ('4278', '2169', '2187', '138', '0', '6', '2017-09-06 21:28:17', '2017-09-06 21:28:17', '8c925051-c2e2-4314-ae9c-f002fb3085a5'),
 ('4279', '2169', '2187', '156', '0', '7', '2017-09-06 21:28:17', '2017-09-06 21:28:17', '09b566a9-d421-4640-acf4-3753761b388b'),
 ('4291', '2171', '2190', '155', '0', '1', '2017-09-06 21:29:36', '2017-09-06 21:29:36', '3eb03d1c-a43c-433b-99c6-c25129d1152b'),
 ('4292', '2171', '2190', '7', '1', '2', '2017-09-06 21:29:36', '2017-09-06 21:29:36', '67f4c404-f2d5-4f1d-996e-e673d011dccd'),
 ('4293', '2171', '2190', '15', '0', '3', '2017-09-06 21:29:36', '2017-09-06 21:29:36', '7affc663-0283-4eba-a14b-71c5f4ccd44a'),
 ('4294', '2171', '2190', '16', '0', '4', '2017-09-06 21:29:36', '2017-09-06 21:29:36', '17b3e241-0364-4923-8918-3cf18a01e4f7'),
 ('4295', '2171', '2190', '89', '0', '5', '2017-09-06 21:29:36', '2017-09-06 21:29:36', 'cec962a8-81e4-44a5-bebc-62b0d5720854'),
 ('4296', '2171', '2191', '3', '0', '1', '2017-09-06 21:29:36', '2017-09-06 21:29:36', '375ed2a6-9526-4b2f-aa6b-b6b44696008f'),
 ('4297', '2171', '2192', '101', '0', '1', '2017-09-06 21:29:36', '2017-09-06 21:29:36', 'c7a161ff-2d31-4f94-ad48-dfd97e52bec7'),
 ('4298', '2171', '2192', '102', '0', '2', '2017-09-06 21:29:36', '2017-09-06 21:29:36', 'a1a53a5e-7684-4c70-821c-775775937b92');
INSERT INTO `craft_fieldlayoutfields` (`id`, `layoutId`, `tabId`, `fieldId`, `required`, `sortOrder`, `dateCreated`, `dateUpdated`, `uid`) VALUES
 ('4299', '2171', '2192', '104', '0', '3', '2017-09-06 21:29:36', '2017-09-06 21:29:36', '444d258e-5f50-48df-8ec3-779793718a6d'),
 ('4300', '2171', '2192', '107', '0', '4', '2017-09-06 21:29:36', '2017-09-06 21:29:36', 'fe5e61ad-fa6d-4f2f-a122-283a03119856'),
 ('4301', '2171', '2192', '103', '0', '5', '2017-09-06 21:29:36', '2017-09-06 21:29:36', 'c7ceff09-2bc0-4f7a-b3b1-10e24430fb9a'),
 ('4302', '2171', '2192', '105', '0', '6', '2017-09-06 21:29:36', '2017-09-06 21:29:36', '6bded729-e568-46f6-9a13-c8da91d79d74'),
 ('4303', '2171', '2192', '106', '0', '7', '2017-09-06 21:29:36', '2017-09-06 21:29:36', 'd489f397-4edc-46b0-9b65-03fa3843610b'),
 ('4305', '2173', '2194', '172', '0', '1', '2017-09-06 22:37:59', '2017-09-06 22:37:59', 'b4928d36-cba9-4997-b90d-4b107610a5ce'),
 ('4306', '2173', '2194', '173', '0', '2', '2017-09-06 22:37:59', '2017-09-06 22:37:59', '1e097a35-01cf-405d-a5d8-f9604d396fd9'),
 ('4310', '2179', '2200', '35', '0', '1', '2017-09-06 22:47:43', '2017-09-06 22:47:43', '271d9998-b9ef-4e14-822c-12068fdc5535'),
 ('4311', '2180', '2201', '190', '0', '1', '2017-09-06 22:47:55', '2017-09-06 22:47:55', 'fff7a185-bd5c-4da3-bc4d-6446c1610eb7'),
 ('4314', '2185', '2206', '108', '0', '1', '2017-09-06 22:49:54', '2017-09-06 22:49:54', '436bb8e4-5fbe-4419-9d5a-a9827b3e7af4'),
 ('4315', '2185', '2206', '188', '0', '2', '2017-09-06 22:49:54', '2017-09-06 22:49:54', '1fb3a13f-611f-4bf6-b7ff-032c6738b63a'),
 ('4316', '2185', '2206', '36', '0', '3', '2017-09-06 22:49:54', '2017-09-06 22:49:54', '09b98f18-4a85-49de-ab8f-0c61a3eafc36'),
 ('4324', '2191', '2212', '34', '1', '1', '2017-09-06 23:01:26', '2017-09-06 23:01:26', 'eae1b5dd-4afe-40b6-97fc-9b3d174f33de'),
 ('4325', '2192', '2213', '34', '1', '1', '2017-09-06 23:01:26', '2017-09-06 23:01:26', 'a16c9c9e-bb50-4b17-a2d8-11058f882034'),
 ('4326', '2192', '2213', '189', '1', '2', '2017-09-06 23:01:26', '2017-09-06 23:01:26', '1368aeb1-02d4-4332-9d00-b2d412466219'),
 ('4362', '2195', '2220', '155', '0', '1', '2017-09-06 23:07:52', '2017-09-06 23:07:52', '16d87f1a-8cca-43c7-8064-b2aafcee13f7'),
 ('4363', '2195', '2220', '38', '0', '2', '2017-09-06 23:07:52', '2017-09-06 23:07:52', '713d5f79-33ff-478a-8d10-c0e0504050ea'),
 ('4364', '2195', '2220', '42', '0', '3', '2017-09-06 23:07:52', '2017-09-06 23:07:52', 'bfd90274-fc41-4f6e-9ada-43199095375f'),
 ('4365', '2195', '2220', '151', '0', '4', '2017-09-06 23:07:52', '2017-09-06 23:07:52', '03d9066d-8b93-400b-b34d-c6ad13b64b91'),
 ('4366', '2195', '2220', '40', '0', '5', '2017-09-06 23:07:52', '2017-09-06 23:07:52', '683d97bf-9f0d-4866-9e45-3a6e6a6ae7d3'),
 ('4367', '2195', '2220', '177', '0', '6', '2017-09-06 23:07:52', '2017-09-06 23:07:52', '55ca59c1-e502-464e-a71a-5065ce30d31f'),
 ('4368', '2195', '2220', '88', '0', '7', '2017-09-06 23:07:52', '2017-09-06 23:07:52', '5cf24bfc-3f6c-47ab-9a52-a32d8172370d'),
 ('4369', '2195', '2220', '87', '0', '8', '2017-09-06 23:07:52', '2017-09-06 23:07:52', 'c7d1196d-96dc-4404-a4c5-69b96c32d951'),
 ('4370', '2195', '2220', '86', '0', '9', '2017-09-06 23:07:52', '2017-09-06 23:07:52', 'e66221d5-87bf-4e06-9ef2-8da9e9063c49'),
 ('4371', '2195', '2221', '145', '0', '1', '2017-09-06 23:07:52', '2017-09-06 23:07:52', '44f5f771-9205-49b2-8627-eb359b8baa09'),
 ('4372', '2195', '2221', '126', '0', '2', '2017-09-06 23:07:52', '2017-09-06 23:07:52', 'c65251f8-653d-4677-b3c7-e5e7095e01c5'),
 ('4373', '2195', '2221', '179', '0', '3', '2017-09-06 23:07:52', '2017-09-06 23:07:52', '9c74c99e-5301-4439-93ae-c78310f59f8a'),
 ('4374', '2195', '2222', '101', '0', '1', '2017-09-06 23:07:52', '2017-09-06 23:07:52', '67a77c15-2568-439c-9aff-89b9d7cc9839'),
 ('4375', '2195', '2222', '104', '0', '2', '2017-09-06 23:07:52', '2017-09-06 23:07:52', '7b0656e9-4aa4-4ac2-be41-138274da5c0b'),
 ('4376', '2195', '2222', '102', '0', '3', '2017-09-06 23:07:52', '2017-09-06 23:07:52', '608a6072-20b0-4214-8865-6d09103be669'),
 ('4377', '2195', '2222', '107', '0', '4', '2017-09-06 23:07:52', '2017-09-06 23:07:52', '7eba7866-a279-48b4-a96b-72623edb14ed'),
 ('4378', '2195', '2222', '103', '0', '5', '2017-09-06 23:07:52', '2017-09-06 23:07:52', '62b78920-ac1a-45e8-b492-6a792136e2da'),
 ('4379', '2195', '2222', '105', '0', '6', '2017-09-06 23:07:52', '2017-09-06 23:07:52', '1f7b9449-cf14-4ea2-b142-fa5777ba60a0'),
 ('4380', '2195', '2222', '106', '0', '7', '2017-09-06 23:07:52', '2017-09-06 23:07:52', '3e7a4888-e2fd-49a2-b0c7-df30a134f8f6'),
 ('4381', '2196', '2223', '155', '0', '1', '2017-09-06 23:07:56', '2017-09-06 23:07:56', '7148778a-a5f6-4fe8-8146-8cbf5ac17026'),
 ('4382', '2196', '2223', '38', '0', '2', '2017-09-06 23:07:56', '2017-09-06 23:07:56', '83b5420d-85a5-4ad5-9520-4888340f31a9'),
 ('4383', '2196', '2223', '42', '0', '3', '2017-09-06 23:07:56', '2017-09-06 23:07:56', 'aa3f26a6-116b-40ba-b89b-cdb9dc188986'),
 ('4384', '2196', '2223', '151', '0', '4', '2017-09-06 23:07:56', '2017-09-06 23:07:56', '7045f29a-1b4b-414c-a288-29135f732386'),
 ('4385', '2196', '2223', '40', '0', '5', '2017-09-06 23:07:56', '2017-09-06 23:07:56', '7ed762ab-c503-4d8e-b52d-f3fd263e2ace'),
 ('4386', '2196', '2223', '177', '0', '6', '2017-09-06 23:07:56', '2017-09-06 23:07:56', '7bc6c80c-d6ad-4cc3-b31c-68c9142b4ada'),
 ('4387', '2196', '2223', '187', '0', '7', '2017-09-06 23:07:56', '2017-09-06 23:07:56', '7af23691-5c95-4e17-bced-96ef013791df'),
 ('4388', '2196', '2223', '43', '0', '8', '2017-09-06 23:07:56', '2017-09-06 23:07:56', 'b8c1b094-6cbb-41d1-8d76-630dbe0f3206'),
 ('4389', '2196', '2224', '88', '0', '1', '2017-09-06 23:07:56', '2017-09-06 23:07:56', '455c7e91-14cb-4962-92a3-4b664d25d10f'),
 ('4390', '2196', '2224', '87', '0', '2', '2017-09-06 23:07:56', '2017-09-06 23:07:56', '4c3c89cf-f69a-4e6f-9f34-136d64f5baae'),
 ('4391', '2196', '2224', '86', '0', '3', '2017-09-06 23:07:56', '2017-09-06 23:07:56', '7979d27a-96da-4bd2-aba7-bb02eac9d921'),
 ('4408', '2199', '2227', '155', '0', '1', '2017-09-06 23:15:26', '2017-09-06 23:15:26', '43ad3596-838d-4ff3-aca9-8f70615fe08a'),
 ('4409', '2199', '2227', '7', '1', '2', '2017-09-06 23:15:26', '2017-09-06 23:15:26', 'fa9906fd-0688-4203-a122-8b18691aaaa8'),
 ('4410', '2199', '2227', '15', '0', '3', '2017-09-06 23:15:26', '2017-09-06 23:15:26', 'beee9b24-c00c-459e-a489-4d7ec2a3a3c7'),
 ('4411', '2199', '2227', '10', '0', '4', '2017-09-06 23:15:26', '2017-09-06 23:15:26', 'c45cacc2-9ea5-4581-846a-b1d459d5f106'),
 ('4412', '2199', '2227', '191', '0', '5', '2017-09-06 23:15:26', '2017-09-06 23:15:26', '2e1fb3f2-4ff9-45a2-9587-f17ae2501e47'),
 ('4413', '2199', '2227', '192', '0', '6', '2017-09-06 23:15:26', '2017-09-06 23:15:26', '991fbea4-0404-468b-ab61-3020b103535d'),
 ('4414', '2199', '2227', '193', '0', '7', '2017-09-06 23:15:26', '2017-09-06 23:15:26', '7e0fc8eb-c248-4455-8094-410f2de654b2'),
 ('4415', '2199', '2227', '195', '0', '8', '2017-09-06 23:15:26', '2017-09-06 23:15:26', '6fb6634f-dba2-4393-b2b7-986a6de3e30c'),
 ('4416', '2199', '2227', '89', '0', '9', '2017-09-06 23:15:26', '2017-09-06 23:15:26', '3d8f07e7-106c-4268-8172-b8bb4282aff0'),
 ('4417', '2199', '2228', '103', '0', '1', '2017-09-06 23:15:26', '2017-09-06 23:15:26', '797d1356-ca93-4083-812b-576e808885e6'),
 ('4418', '2199', '2228', '106', '0', '2', '2017-09-06 23:15:26', '2017-09-06 23:15:26', '4b0f983b-f1ab-4ab8-a2ef-d5bb8d59ffd2'),
 ('4419', '2199', '2228', '105', '0', '3', '2017-09-06 23:15:26', '2017-09-06 23:15:26', 'c0f1a93f-6609-471e-b010-e93f3b466987'),
 ('4420', '2199', '2228', '107', '0', '4', '2017-09-06 23:15:26', '2017-09-06 23:15:26', '56880516-efc7-440c-9fc1-f4fa36db0386'),
 ('4421', '2199', '2228', '102', '0', '5', '2017-09-06 23:15:26', '2017-09-06 23:15:26', 'eeb7b4b9-9631-4893-ad77-20836d7c6a43'),
 ('4422', '2199', '2228', '104', '0', '6', '2017-09-06 23:15:26', '2017-09-06 23:15:26', '21d4f968-3eac-4a0f-8c65-f3d4484d817e'),
 ('4423', '2199', '2228', '101', '0', '7', '2017-09-06 23:15:26', '2017-09-06 23:15:26', 'c97f104f-8a26-4bcd-b937-149b79b83364'),
 ('4424', '2200', '2229', '155', '0', '1', '2017-09-07 00:06:45', '2017-09-07 00:06:45', 'bcafc250-21f3-43e1-bf2c-4e23ce9c5d8b'),
 ('4425', '2200', '2229', '15', '0', '2', '2017-09-07 00:06:45', '2017-09-07 00:06:45', 'f6073db9-332d-43bf-8361-27b78b4e217a'),
 ('4426', '2200', '2229', '10', '0', '3', '2017-09-07 00:06:45', '2017-09-07 00:06:45', 'bef1daaa-881d-413f-ae3e-d549a64aae90'),
 ('4427', '2200', '2229', '136', '0', '4', '2017-09-07 00:06:45', '2017-09-07 00:06:45', '7f9c47e2-b31a-481d-ab0d-c6bcfcbaacc4'),
 ('4428', '2200', '2229', '137', '0', '5', '2017-09-07 00:06:45', '2017-09-07 00:06:45', '1b1cb56e-6e50-470c-a7f3-0214736686cf'),
 ('4429', '2200', '2229', '138', '0', '6', '2017-09-07 00:06:45', '2017-09-07 00:06:45', '40e59833-ac08-44b7-8f8f-ad5497728d8d'),
 ('4430', '2200', '2229', '89', '0', '7', '2017-09-07 00:06:45', '2017-09-07 00:06:45', '84ab0bce-f3bc-4c37-8677-9335a39d761d'),
 ('4431', '2200', '2230', '101', '0', '1', '2017-09-07 00:06:45', '2017-09-07 00:06:45', 'c74128f3-2509-419d-9a19-7e3425276818'),
 ('4432', '2200', '2230', '102', '0', '2', '2017-09-07 00:06:45', '2017-09-07 00:06:45', '7e139a1a-dee4-496e-bb8c-e7dae27b9935'),
 ('4433', '2200', '2230', '104', '0', '3', '2017-09-07 00:06:45', '2017-09-07 00:06:45', '29f6a311-0e97-4bc4-bc9a-7be6b2516ad4'),
 ('4434', '2200', '2230', '103', '0', '4', '2017-09-07 00:06:45', '2017-09-07 00:06:45', '29c7be7c-7335-4d71-8c49-f6b16d4abec6'),
 ('4435', '2200', '2230', '107', '0', '5', '2017-09-07 00:06:45', '2017-09-07 00:06:45', 'f46c0bbd-e014-4a79-8418-ea771ab78dc0'),
 ('4436', '2200', '2230', '105', '0', '6', '2017-09-07 00:06:45', '2017-09-07 00:06:45', 'b8fef65b-5127-4b7f-9997-d4357b8df535'),
 ('4437', '2200', '2230', '106', '0', '7', '2017-09-07 00:06:45', '2017-09-07 00:06:45', '5372a538-31ba-4af8-aa1d-dec4da2a9158');



DROP TABLE IF EXISTS `craft_fieldlayouts`;


--
-- Schema for table `craft_fieldlayouts`
--
CREATE TABLE `craft_fieldlayouts` (
  `id` int(11) NOT NULL AUTO_INCREMENT,
  `type` varchar(150) COLLATE utf8_unicode_ci NOT NULL,
  `dateCreated` datetime NOT NULL,
  `dateUpdated` datetime NOT NULL,
  `uid` char(36) COLLATE utf8_unicode_ci NOT NULL DEFAULT '0',
  PRIMARY KEY (`id`),
  KEY `craft_fieldlayouts_type_idx` (`type`)
) ENGINE=InnoDB AUTO_INCREMENT=2201 DEFAULT CHARSET=utf8 COLLATE=utf8_unicode_ci;

--
-- Data for table `craft_fieldlayouts`
--

INSERT INTO `craft_fieldlayouts` (`id`, `type`, `dateCreated`, `dateUpdated`, `uid`) VALUES
 ('1', 'Tag', '2017-07-20 17:27:58', '2017-07-20 17:27:58', '2e0ffb99-db70-4d30-a521-199785e74613'),
 ('79', 'MatrixBlock', '2017-07-20 20:18:09', '2017-07-20 20:18:09', 'cbbffd58-9566-4358-9be9-43ba0f2e3ef2'),
 ('1168', 'MatrixBlock', '2017-08-01 17:05:51', '2017-08-01 17:05:51', '52c1d875-27db-4575-b71f-ebb42983793e'),
 ('1169', 'SuperTable_Block', '2017-08-01 17:05:51', '2017-08-01 17:05:51', '47ebc690-acfb-44c7-bf31-6e87db999d00'),
 ('1715', 'Category', '2017-08-07 21:31:43', '2017-08-07 21:31:43', 'f41fcf65-e31e-4c9a-893e-948ee4573e1c'),
 ('1739', 'GlobalSet', '2017-08-08 17:41:58', '2017-08-08 17:41:58', 'da1b99f2-1cda-4487-bd6d-d4be10a3d19c'),
 ('1740', 'GlobalSet', '2017-08-08 17:46:42', '2017-08-08 17:46:42', '6bd48392-3782-412d-b04e-8e3c8a28c54c'),
 ('1748', 'GlobalSet', '2017-08-09 17:48:15', '2017-08-09 17:48:15', '72feb5fb-51ed-4eb5-8776-3573481f61cf'),
 ('1876', 'Entry', '2017-08-15 23:36:03', '2017-08-15 23:36:03', 'e6b438d8-46a0-4372-994d-699c0203806a'),
 ('1892', 'MatrixBlock', '2017-08-17 23:32:26', '2017-08-17 23:32:26', '2aa3fa0a-e9c5-4e38-9e58-4c01b5255ff9'),
 ('1913', 'Category', '2017-08-22 20:49:35', '2017-08-22 20:49:35', '577f972f-2229-419f-9772-d9558df97f7c'),
 ('1914', 'Category', '2017-08-22 20:52:00', '2017-08-22 20:52:00', 'f50d55cb-8d1e-49e5-a49b-face69fe35d1'),
 ('1915', 'Category', '2017-08-22 20:52:13', '2017-08-22 20:52:13', '00d2a762-b315-4eff-b094-77b5eb3280ea'),
 ('1916', 'Category', '2017-08-22 20:52:47', '2017-08-22 20:52:47', 'd25922e3-53d6-46d0-a76a-46564246e2cd'),
 ('1955', 'MatrixBlock', '2017-08-24 21:18:16', '2017-08-24 21:18:16', '7d3a0d13-e656-4015-bed1-ec06f70ed6f8'),
 ('1959', 'MatrixBlock', '2017-08-24 21:25:18', '2017-08-24 21:25:18', '37611dca-da92-44a4-ba12-b538098b529a'),
 ('1964', 'MatrixBlock', '2017-08-24 21:30:03', '2017-08-24 21:30:03', 'f3c289c4-97bc-4cc0-9ef6-ea0961939bf6'),
 ('1966', 'MatrixBlock', '2017-08-24 21:31:39', '2017-08-24 21:31:39', 'eb009f14-209a-44a4-b81c-6a5efe48179b'),
 ('1967', 'MatrixBlock', '2017-08-24 21:31:54', '2017-08-24 21:31:54', 'de121aa8-cdab-42d2-8444-d1c94974d45c'),
 ('1968', 'MatrixBlock', '2017-08-24 21:34:21', '2017-08-24 21:34:21', '2603810f-065f-4c7c-a5f1-6220e687f003'),
 ('1972', 'Entry', '2017-08-29 20:58:48', '2017-08-29 20:58:48', '37f82d0b-e9ff-470d-b9e7-3f2de7b8fa90'),
 ('1973', 'MatrixBlock', '2017-08-29 21:50:41', '2017-08-29 21:50:41', 'e30e33ea-2903-49f9-96f8-ccade55a8dbe'),
 ('1975', 'MatrixBlock', '2017-08-29 21:51:06', '2017-08-29 21:51:06', '5abef0c0-d88d-46ad-8ea8-9e07b1f790c2'),
 ('1977', 'MatrixBlock', '2017-08-29 21:53:18', '2017-08-29 21:53:18', '9a928a1d-ced2-49d1-b00e-6ba4be9fa9ef'),
 ('1978', 'Neo_Block', '2017-08-29 21:53:33', '2017-08-29 21:53:33', 'd510d127-c7ca-4378-b25e-2aa22601a760'),
 ('1979', 'MatrixBlock', '2017-08-29 21:53:48', '2017-08-29 21:53:48', 'ffe13eda-ee97-42a1-9f32-955572dbc88f'),
 ('1980', 'MatrixBlock', '2017-08-29 21:54:09', '2017-08-29 21:54:09', '40545b07-7f3f-48f1-b662-a093b4a9b81a'),
 ('1983', 'MatrixBlock', '2017-08-31 18:42:03', '2017-08-31 18:42:03', 'fc98eeef-bd21-4753-ab3d-b31d8077d8c9'),
 ('1989', 'Asset', '2017-08-31 23:07:35', '2017-08-31 23:07:35', 'de80579c-9945-4e94-9981-fd38256e0d22'),
 ('1990', 'Asset', '2017-08-31 23:17:33', '2017-08-31 23:17:33', 'c1021e34-3c3d-449e-b0d9-836287d4d8a6'),
 ('1991', 'Asset', '2017-08-31 23:17:41', '2017-08-31 23:17:41', '19946fec-688b-4c11-9a60-adc62654fc92'),
 ('1992', 'MatrixBlock', '2017-09-05 21:24:44', '2017-09-05 21:24:44', 'c15ee9f3-9b9b-4255-84de-aa6fa999472e'),
 ('2010', 'MatrixBlock', '2017-09-05 23:37:50', '2017-09-05 23:37:50', '79ce2b1b-c005-4090-b76a-bef0917e4c2a'),
 ('2022', 'Entry', '2017-09-05 23:41:58', '2017-09-05 23:41:58', '9088a15e-4347-4f2b-a90d-7eaa21f5e516'),
 ('2023', 'Entry', '2017-09-05 23:42:11', '2017-09-05 23:42:11', '67f76ef3-e140-481f-9919-2ebed65c462b'),
 ('2030', 'MatrixBlock', '2017-09-05 23:48:17', '2017-09-05 23:48:17', 'f19aba20-b1af-4114-9c42-e7d156bfc285'),
 ('2082', 'Neo_Block', '2017-09-06 00:06:57', '2017-09-06 00:06:57', '971140ba-ac3e-4491-adfb-e0e0e1ef08c1'),
 ('2083', 'Neo_Block', '2017-09-06 00:06:57', '2017-09-06 00:06:57', '9f4fa997-4fb5-4ba3-82a1-b39286a84520'),
 ('2084', 'Neo_Block', '2017-09-06 00:06:57', '2017-09-06 00:06:57', '81857572-03ee-47b4-a282-1ed28ebdefaf'),
 ('2085', 'Neo_Block', '2017-09-06 00:06:57', '2017-09-06 00:06:57', 'ced96ad6-20c3-4a16-b4dd-a04e0ecde9ea'),
 ('2086', 'Neo_Block', '2017-09-06 00:06:57', '2017-09-06 00:06:57', 'bc75857f-54fa-4632-bb2a-3a41abdd9752'),
 ('2087', 'Neo_Block', '2017-09-06 00:06:57', '2017-09-06 00:06:57', '793d20cd-2771-4bf5-a856-452cc766f3df'),
 ('2088', 'Neo_Block', '2017-09-06 00:06:57', '2017-09-06 00:06:57', 'c95b3ff9-d452-42bc-8f4e-67c5cec8b648'),
 ('2106', 'MatrixBlock', '2017-09-06 00:15:21', '2017-09-06 00:15:21', '5b15e9d8-22ea-418d-a6f9-426d64a5c73e'),
 ('2107', 'MatrixBlock', '2017-09-06 00:18:08', '2017-09-06 00:18:08', '75e8b99a-acc9-4f47-8945-44736b3c72ad'),
 ('2108', 'Neo_Block', '2017-09-06 00:18:45', '2017-09-06 00:18:45', 'c29c7cc8-f4f0-480b-a007-7092d634c051'),
 ('2109', 'Neo_Block', '2017-09-06 00:18:45', '2017-09-06 00:18:45', '19cbb438-a22c-4be4-860f-8d86ddf074f6'),
 ('2110', 'Neo_Block', '2017-09-06 00:18:45', '2017-09-06 00:18:45', 'b7049e50-6a61-4678-b5f3-e6576d6d4f68'),
 ('2111', 'Neo_Block', '2017-09-06 00:18:45', '2017-09-06 00:18:45', '16b9eda8-9d1c-45b7-88c3-69e8d96b47b8'),
 ('2112', 'Neo_Block', '2017-09-06 00:18:45', '2017-09-06 00:18:45', '158495fc-9419-4fdf-915e-e960437d39cf'),
 ('2113', 'Neo_Block', '2017-09-06 00:18:45', '2017-09-06 00:18:45', '37cf2840-c7f1-4503-b83b-998a86cd42dd'),
 ('2114', 'Neo_Block', '2017-09-06 00:18:45', '2017-09-06 00:18:45', '86e20cda-4d5b-43b3-9800-c7865d959e87'),
 ('2115', 'Neo_Block', '2017-09-06 00:18:45', '2017-09-06 00:18:45', 'df58075e-1649-4522-a788-8b7a44662fbb'),
 ('2116', 'Neo_Block', '2017-09-06 00:18:45', '2017-09-06 00:18:45', 'bc7bf431-4f03-4d02-82ce-be84756c4aa0'),
 ('2117', 'Neo_Block', '2017-09-06 00:18:45', '2017-09-06 00:18:45', '8fabf50c-1ed4-4621-89b7-5fa1bfa3c9f8'),
 ('2118', 'Neo_Block', '2017-09-06 00:18:45', '2017-09-06 00:18:45', '56e8d356-9025-4074-bf42-d47f554bcbaa'),
 ('2119', 'Neo_Block', '2017-09-06 00:18:45', '2017-09-06 00:18:45', '43333710-33b0-453f-97ad-d517042cdab3'),
 ('2120', 'Neo_Block', '2017-09-06 00:18:45', '2017-09-06 00:18:45', '913fc559-eefc-4ba8-8051-78ca58adfe69'),
 ('2123', 'MatrixBlock', '2017-09-06 00:19:26', '2017-09-06 00:19:26', '80e123bc-78b0-443c-8540-8930a1afde8e'),
 ('2124', 'MatrixBlock', '2017-09-06 00:19:26', '2017-09-06 00:19:26', '17060e2c-339d-4106-9d3d-d2ccdd63bafd'),
 ('2126', 'Entry', '2017-09-06 17:51:30', '2017-09-06 17:51:30', '062216fb-bd0b-49f0-af98-09aa0d998456'),
 ('2153', 'MatrixBlock', '2017-09-06 20:48:13', '2017-09-06 20:48:13', 'f503f2a7-fe2c-4ba5-acda-8584450e27c7'),
 ('2159', 'Neo_Block', '2017-09-06 20:53:52', '2017-09-06 20:53:52', '9c0f2936-06d1-447a-aabc-62c0989b707c'),
 ('2160', 'Neo_Block', '2017-09-06 20:53:52', '2017-09-06 20:53:52', 'c14c5b1c-0ed6-4f77-a83f-82eb622aa6ea'),
 ('2161', 'Neo_Block', '2017-09-06 20:53:52', '2017-09-06 20:53:52', '906c1246-9153-4bc5-b165-46e3cd148591'),
 ('2162', 'Neo_Block', '2017-09-06 20:53:52', '2017-09-06 20:53:52', '1ff064b1-33ac-468b-9ef7-4016d6f637c6'),
 ('2163', 'Neo_Block', '2017-09-06 20:53:52', '2017-09-06 20:53:52', 'edc1579c-95c6-4725-98aa-59e7a549d3c8'),
 ('2169', 'Entry', '2017-09-06 21:28:17', '2017-09-06 21:28:17', 'ce5ed1fa-cd10-48fa-8b05-70851ce0cae9'),
 ('2171', 'Entry', '2017-09-06 21:29:36', '2017-09-06 21:29:36', 'f7ebc040-c992-4ec3-8e9d-9fc4fae3b227'),
 ('2173', 'MatrixBlock', '2017-09-06 22:37:59', '2017-09-06 22:37:59', '05a402f8-eee6-49ca-b67e-3460babcd9b2'),
 ('2179', 'MatrixBlock', '2017-09-06 22:47:43', '2017-09-06 22:47:43', 'a3f1eaee-077a-4413-bda3-233d680938ba'),
 ('2180', 'MatrixBlock', '2017-09-06 22:47:55', '2017-09-06 22:47:55', 'd95fb4fa-77cd-4760-8b38-210054b45182'),
 ('2185', 'GlobalSet', '2017-09-06 22:49:54', '2017-09-06 22:49:54', '7e494836-f81b-4854-8916-15e43c205433'),
 ('2191', 'Neo_Block', '2017-09-06 23:01:26', '2017-09-06 23:01:26', '06e1ec52-6ecb-450d-ae01-7ee31517fb5c'),
 ('2192', 'Neo_Block', '2017-09-06 23:01:26', '2017-09-06 23:01:26', '4bc83e91-3b0c-4248-95c6-e98d5a217e33'),
 ('2195', 'Entry', '2017-09-06 23:07:52', '2017-09-06 23:07:52', 'b4e1ea58-f7df-4479-943b-d6aea0c9e638'),
 ('2196', 'Entry', '2017-09-06 23:07:56', '2017-09-06 23:07:56', '93403419-c3af-4b8f-b41e-66c30810c593'),
 ('2199', 'Entry', '2017-09-06 23:15:26', '2017-09-06 23:15:26', '91586f20-34a5-4012-9eca-c7f9e2e6bdd3'),
 ('2200', 'Entry', '2017-09-07 00:06:45', '2017-09-07 00:06:45', '3c000092-406a-4a1b-b08c-6fe5217e028d');



DROP TABLE IF EXISTS `craft_fieldlayouttabs`;


--
-- Schema for table `craft_fieldlayouttabs`
--
CREATE TABLE `craft_fieldlayouttabs` (
  `id` int(11) NOT NULL AUTO_INCREMENT,
  `layoutId` int(11) NOT NULL,
  `name` varchar(255) COLLATE utf8_unicode_ci NOT NULL,
  `sortOrder` smallint(6) unsigned DEFAULT NULL,
  `dateCreated` datetime NOT NULL,
  `dateUpdated` datetime NOT NULL,
  `uid` char(36) COLLATE utf8_unicode_ci NOT NULL DEFAULT '0',
  PRIMARY KEY (`id`),
  KEY `craft_fieldlayouttabs_sortOrder_idx` (`sortOrder`),
  KEY `craft_fieldlayouttabs_layoutId_fk` (`layoutId`)
) ENGINE=InnoDB AUTO_INCREMENT=2231 DEFAULT CHARSET=utf8 COLLATE=utf8_unicode_ci;

--
-- Data for table `craft_fieldlayouttabs`
--

INSERT INTO `craft_fieldlayouttabs` (`id`, `layoutId`, `name`, `sortOrder`, `dateCreated`, `dateUpdated`, `uid`) VALUES
 ('80', '79', 'Content', '1', '2017-07-20 20:18:09', '2017-07-20 20:18:09', '7371d629-718b-435c-92e7-92b2de579e20'),
 ('1107', '1168', 'Content', '1', '2017-08-01 17:05:51', '2017-08-01 17:05:51', 'a7b65300-ab3e-4c29-ad65-bd69b30832db'),
 ('1108', '1169', 'Content', '1', '2017-08-01 17:05:51', '2017-08-01 17:05:51', '48375463-366c-45ec-9ff5-a04b81fcf696'),
 ('1694', '1739', 'Content', '1', '2017-08-08 17:41:58', '2017-08-08 17:41:58', 'c00e836c-6533-451d-a4fc-a9ff836c79f9'),
 ('1695', '1740', 'Content', '1', '2017-08-08 17:46:42', '2017-08-08 17:46:42', '0775b0ae-aa78-4127-999c-7c6c79adc2b4'),
 ('1702', '1748', 'Content', '1', '2017-08-09 17:48:15', '2017-08-09 17:48:15', '155f8e51-35ce-4b3f-9085-ce3f9c6f1f53'),
 ('1868', '1876', 'Page Info', '1', '2017-08-15 23:36:03', '2017-08-15 23:36:03', '98d4ea2e-521e-440b-b7f1-dd4eac6848ea'),
 ('1869', '1876', 'Content', '2', '2017-08-15 23:36:03', '2017-08-15 23:36:03', '5632670d-e873-4b2b-8755-5a03504750a3'),
 ('1870', '1876', 'SEO', '3', '2017-08-15 23:36:03', '2017-08-15 23:36:03', '5c238737-b848-4282-b6aa-a25a86f33991'),
 ('1889', '1892', 'Content', '1', '2017-08-17 23:32:26', '2017-08-17 23:32:26', '237ad62e-c668-48bd-8a93-c8591fdff1d8'),
 ('1974', '1955', 'Content', '1', '2017-08-24 21:18:16', '2017-08-24 21:18:16', 'c1c6c872-846e-408c-b748-d5bc67c44670'),
 ('1978', '1959', 'Content', '1', '2017-08-24 21:25:18', '2017-08-24 21:25:18', '19d35209-adde-405d-9191-e5d985b62687'),
 ('1983', '1964', 'Content', '1', '2017-08-24 21:30:03', '2017-08-24 21:30:03', '664c9064-633f-4b8d-bfec-d393faeb86e1'),
 ('1985', '1966', 'Content', '1', '2017-08-24 21:31:39', '2017-08-24 21:31:39', 'a4be841c-c17f-4c76-8dfd-e680a29032fa'),
 ('1986', '1967', 'Content', '1', '2017-08-24 21:31:54', '2017-08-24 21:31:54', 'b304498b-7919-49ca-8789-cc07eaeebd10'),
 ('1987', '1968', 'Content', '1', '2017-08-24 21:34:21', '2017-08-24 21:34:21', 'a55319c2-9daa-47e1-b7cd-c1c5673c055e'),
 ('1991', '1972', 'Content', '1', '2017-08-29 20:58:48', '2017-08-29 20:58:48', '0627c21f-a431-485e-9f73-2d9d57596b3c'),
 ('1992', '1973', 'Content', '1', '2017-08-29 21:50:41', '2017-08-29 21:50:41', '00ab10d5-e884-4503-b69f-58aec496c385'),
 ('1994', '1975', 'Content', '1', '2017-08-29 21:51:06', '2017-08-29 21:51:06', '3cd21712-3dc8-4b4d-bacc-787170aaf79c'),
 ('1996', '1977', 'Content', '1', '2017-08-29 21:53:18', '2017-08-29 21:53:18', '1ee2988f-cab0-4b5d-a5b2-8069263e190d'),
 ('1997', '1978', 'Content', '1', '2017-08-29 21:53:33', '2017-08-29 21:53:33', '42c3a395-542a-435e-bacb-ad0599d7456d'),
 ('1998', '1979', 'Content', '1', '2017-08-29 21:53:48', '2017-08-29 21:53:48', 'f7215862-3b1f-4ebf-9347-68305156f5c5'),
 ('1999', '1980', 'Content', '1', '2017-08-29 21:54:09', '2017-08-29 21:54:09', '63c73b89-cf3b-46ae-8409-9d7a4dadf003'),
 ('2002', '1983', 'Content', '1', '2017-08-31 18:42:03', '2017-08-31 18:42:03', 'c0102575-ee88-4c3e-8d9f-70be114d655a'),
 ('2003', '1992', 'Content', '1', '2017-09-05 21:24:49', '2017-09-05 21:24:49', 'dfae6966-ff10-4079-99c5-4bc8491c3ebd'),
 ('2018', '2010', 'Content', '1', '2017-09-05 23:37:50', '2017-09-05 23:37:50', 'af236531-460c-4acf-8cc9-28dacd673165'),
 ('2032', '2022', 'Entry Card', '1', '2017-09-05 23:41:58', '2017-09-05 23:41:58', 'f6446081-448e-441a-83e8-ba14e8799bfe'),
 ('2033', '2022', 'Entry Content', '2', '2017-09-05 23:41:58', '2017-09-05 23:41:58', 'e56556d5-3f65-47d8-9082-d56abb9bc0ef'),
 ('2034', '2022', 'SEO', '3', '2017-09-05 23:41:58', '2017-09-05 23:41:58', '87287db7-b150-46ec-913e-cada5d514eef'),
 ('2035', '2023', 'Entry Card', '1', '2017-09-05 23:42:11', '2017-09-05 23:42:11', 'adced89b-eeef-4e0e-8e15-25b2a686831b'),
 ('2036', '2023', 'Entry Content', '2', '2017-09-05 23:42:11', '2017-09-05 23:42:11', 'c01ad20a-8319-47e7-9971-30f798d3b2e4'),
 ('2037', '2023', 'SEO', '3', '2017-09-05 23:42:11', '2017-09-05 23:42:11', 'b77a5689-6cbf-4767-84ac-ddd9f2ca75f9'),
 ('2044', '2030', 'Content', '1', '2017-09-05 23:48:17', '2017-09-05 23:48:17', 'f551a0c8-033a-4708-93b1-5c03c5e260d0'),
 ('2094', '2082', 'Content', '1', '2017-09-06 00:06:57', '2017-09-06 00:06:57', 'd7f8e605-0d2a-45ed-928e-f55b8f3b7858'),
 ('2095', '2083', 'Content', '1', '2017-09-06 00:06:57', '2017-09-06 00:06:57', '468c5fd6-1e83-4ea3-acda-4452f8b0a5b0'),
 ('2096', '2084', 'Content', '1', '2017-09-06 00:06:57', '2017-09-06 00:06:57', 'ce726564-52a8-4a41-8592-8c1e02bf5f6e'),
 ('2097', '2085', 'Content', '1', '2017-09-06 00:06:57', '2017-09-06 00:06:57', '02711eaf-c53e-4bfe-958a-c3b41e678616'),
 ('2098', '2086', 'Content', '1', '2017-09-06 00:06:57', '2017-09-06 00:06:57', '4c2e9559-9af2-4460-8929-47ee7afdb8f7'),
 ('2099', '2087', 'Content', '1', '2017-09-06 00:06:57', '2017-09-06 00:06:57', '6112edcc-6ba3-452b-baac-12d385c799ff'),
 ('2100', '2088', 'Content', '1', '2017-09-06 00:06:57', '2017-09-06 00:06:57', '1e73833a-8e32-4333-803c-7f3f8257ef4e'),
 ('2121', '2106', 'Content', '1', '2017-09-06 00:15:21', '2017-09-06 00:15:21', '2fead474-2ee5-44ec-b678-8382040399ec'),
 ('2122', '2107', 'Content', '1', '2017-09-06 00:18:08', '2017-09-06 00:18:08', '0b7aa812-e663-41ca-a2dd-95c3a0ba2580'),
 ('2123', '2108', 'Section Info', '1', '2017-09-06 00:18:45', '2017-09-06 00:18:45', 'a152e8f7-88fe-4639-8ef8-b15cd9726d23'),
 ('2124', '2109', 'Content', '1', '2017-09-06 00:18:45', '2017-09-06 00:18:45', '463fd7ee-aa93-41ee-848c-b2abecfe3770'),
 ('2125', '2109', 'Chillah', '2', '2017-09-06 00:18:45', '2017-09-06 00:18:45', 'eab3a3bf-812b-4966-bc0c-1749096f4170'),
 ('2126', '2110', 'Content', '1', '2017-09-06 00:18:45', '2017-09-06 00:18:45', 'cab4c95a-4d23-4414-bcab-b901bd884e6a'),
 ('2127', '2111', 'Content', '1', '2017-09-06 00:18:45', '2017-09-06 00:18:45', 'cdee1994-8c23-4e7d-87c7-dad2e63afc05'),
 ('2128', '2111', 'Chillah', '2', '2017-09-06 00:18:45', '2017-09-06 00:18:45', '3988dc1d-740c-4463-bde2-ef0cbd724a07'),
 ('2129', '2112', 'Content', '1', '2017-09-06 00:18:45', '2017-09-06 00:18:45', 'be6232ca-8710-4022-bc1d-5d00b3f34f83'),
 ('2130', '2113', 'Content', '1', '2017-09-06 00:18:45', '2017-09-06 00:18:45', 'c9feb778-7a9b-46fe-a088-dcbf21ed558d'),
 ('2131', '2114', 'Content', '1', '2017-09-06 00:18:45', '2017-09-06 00:18:45', '84378ed4-f1b2-449c-95cf-0235ce0edf5a'),
 ('2132', '2115', 'Content', '1', '2017-09-06 00:18:45', '2017-09-06 00:18:45', 'edfb9615-231f-413f-946d-a4438fc5d0a9'),
 ('2133', '2116', 'Content', '1', '2017-09-06 00:18:45', '2017-09-06 00:18:45', '32827588-6e6f-4a2e-a81d-4388487b70d5'),
 ('2134', '2117', 'Content', '1', '2017-09-06 00:18:45', '2017-09-06 00:18:45', '008a6e3e-4213-4b7c-94f1-2e2e21f0d2e9'),
 ('2135', '2118', 'Content', '1', '2017-09-06 00:18:45', '2017-09-06 00:18:45', 'e26e1e18-6de5-4abe-8de9-d9896eae7cf3'),
 ('2136', '2119', 'Content', '1', '2017-09-06 00:18:45', '2017-09-06 00:18:45', 'c23f7133-3728-4fb5-957d-23348ada0e3a'),
 ('2137', '2119', 'Chillah', '2', '2017-09-06 00:18:45', '2017-09-06 00:18:45', 'a41b886f-af27-486b-bde8-0562c7b08545'),
 ('2138', '2120', 'Tab 1', '1', '2017-09-06 00:18:45', '2017-09-06 00:18:45', 'a8a0081c-fbed-4baa-9493-042355eec156'),
 ('2141', '2123', 'Content', '1', '2017-09-06 00:19:26', '2017-09-06 00:19:26', '33e79eb8-f97b-48cb-b605-2bbe317c85c2'),
 ('2142', '2124', 'Content', '1', '2017-09-06 00:19:26', '2017-09-06 00:19:26', 'af2c8864-bd71-4de3-b0d5-ce6f08ebe49f'),
 ('2144', '2126', 'Entry Card', '1', '2017-09-06 17:51:30', '2017-09-06 17:51:30', '32ac4121-89be-4c02-9f42-dfe8d4e8546e'),
 ('2145', '2126', 'Modal Content', '2', '2017-09-06 17:51:30', '2017-09-06 17:51:30', 'ec2159f6-b0fa-4064-b2b6-26656d9a4e31'),
 ('2169', '2153', 'Content', '1', '2017-09-06 20:48:13', '2017-09-06 20:48:13', 'c635c1a9-4cec-415f-be0a-cb3b82d9af7b'),
 ('2174', '2159', 'Content', '1', '2017-09-06 20:53:52', '2017-09-06 20:53:52', 'd7df4b22-0f6f-4a4d-a88c-fd5ce8dc40f2'),
 ('2175', '2160', 'Content', '1', '2017-09-06 20:53:52', '2017-09-06 20:53:52', '7f092c1d-e742-41ed-a828-8e9aa716aeba'),
 ('2176', '2161', 'Content', '1', '2017-09-06 20:53:52', '2017-09-06 20:53:52', '761a3590-dca6-44f8-8c3f-22ae0d94c425'),
 ('2177', '2163', 'Content', '1', '2017-09-06 20:53:52', '2017-09-06 20:53:52', 'f0b20ed3-b998-4b78-9ffe-a4e22cd8ac43'),
 ('2187', '2169', 'Content', '1', '2017-09-06 21:28:17', '2017-09-06 21:28:17', 'df65d955-c97b-4ec2-ae25-c77593d66f8b'),
 ('2190', '2171', 'Page Info', '1', '2017-09-06 21:29:36', '2017-09-06 21:29:36', '7dee3688-9028-45db-8783-7671fe100dec'),
 ('2191', '2171', 'Page Content', '2', '2017-09-06 21:29:36', '2017-09-06 21:29:36', '217754c3-1852-4c16-a425-527fc3624204'),
 ('2192', '2171', 'SEO', '3', '2017-09-06 21:29:36', '2017-09-06 21:29:36', '5b685dff-fdde-46ec-bf36-79b9bc28119f'),
 ('2194', '2173', 'Content', '1', '2017-09-06 22:37:59', '2017-09-06 22:37:59', '2d0d1062-3f65-4dce-bfa8-1e2cf420d315'),
 ('2200', '2179', 'Content', '1', '2017-09-06 22:47:43', '2017-09-06 22:47:43', '1bba0f74-a86d-4476-92ee-6d8647e3bec8'),
 ('2201', '2180', 'Content', '1', '2017-09-06 22:47:55', '2017-09-06 22:47:55', 'fdbbef6c-2a27-4333-9764-1d2533fb138f'),
 ('2206', '2185', 'Content', '1', '2017-09-06 22:49:54', '2017-09-06 22:49:54', '22abcca3-000e-4386-b427-f523e20a2b83'),
 ('2212', '2191', 'Content', '1', '2017-09-06 23:01:26', '2017-09-06 23:01:26', 'ac0d117f-c9e2-4087-a9f0-8da88dff2287'),
 ('2213', '2192', 'Content', '1', '2017-09-06 23:01:26', '2017-09-06 23:01:26', 'dd6df08b-0c17-4e1d-ae44-ee9f5a5fba17'),
 ('2220', '2195', 'Entry Card', '1', '2017-09-06 23:07:52', '2017-09-06 23:07:52', '7a51e2a6-b9b1-4ec9-acf5-3bec4a603b03'),
 ('2221', '2195', 'Entry Content', '2', '2017-09-06 23:07:52', '2017-09-06 23:07:52', 'e26cd4d8-3b72-4e74-9cee-dcae524951c6'),
 ('2222', '2195', 'SEO', '3', '2017-09-06 23:07:52', '2017-09-06 23:07:52', '1da4ac34-01cf-4ce4-9c36-2709ba8f1b19'),
 ('2223', '2196', 'Entry Card', '1', '2017-09-06 23:07:56', '2017-09-06 23:07:56', '2e6e95d3-2065-422e-9afb-dfc36f0892b9'),
 ('2224', '2196', 'Categories', '2', '2017-09-06 23:07:56', '2017-09-06 23:07:56', 'aa557c00-d6b2-4d03-a572-bb26ff87c4c8'),
 ('2227', '2199', 'Page Content', '1', '2017-09-06 23:15:26', '2017-09-06 23:15:26', 'fa14deb8-5bdf-4ee2-93f8-84fc106ed53f'),
 ('2228', '2199', 'SEO', '2', '2017-09-06 23:15:26', '2017-09-06 23:15:26', 'd9ecbb48-328e-4294-b813-dd1a40a8c944'),
 ('2229', '2200', 'Content', '1', '2017-09-07 00:06:45', '2017-09-07 00:06:45', '4ba8d2a2-5276-406e-bc61-6599c285cab0'),
 ('2230', '2200', 'SEO', '2', '2017-09-07 00:06:45', '2017-09-07 00:06:45', '21d341a0-9970-48ce-95cb-03451d087fbc');



DROP TABLE IF EXISTS `craft_fields`;


--
-- Schema for table `craft_fields`
--
CREATE TABLE `craft_fields` (
  `id` int(11) NOT NULL AUTO_INCREMENT,
  `groupId` int(11) DEFAULT NULL,
  `name` varchar(255) COLLATE utf8_unicode_ci NOT NULL,
  `handle` varchar(58) COLLATE utf8_unicode_ci NOT NULL,
  `context` varchar(255) COLLATE utf8_unicode_ci NOT NULL DEFAULT 'global',
  `instructions` text COLLATE utf8_unicode_ci,
  `translatable` tinyint(1) unsigned NOT NULL DEFAULT '0',
  `type` varchar(150) COLLATE utf8_unicode_ci NOT NULL,
  `settings` text COLLATE utf8_unicode_ci,
  `dateCreated` datetime NOT NULL,
  `dateUpdated` datetime NOT NULL,
  `uid` char(36) COLLATE utf8_unicode_ci NOT NULL DEFAULT '0',
  PRIMARY KEY (`id`),
  UNIQUE KEY `craft_fields_handle_context_unq_idx` (`handle`,`context`),
  KEY `craft_fields_context_idx` (`context`),
  KEY `craft_fields_groupId_fk` (`groupId`)
) ENGINE=InnoDB AUTO_INCREMENT=196 DEFAULT CHARSET=utf8 COLLATE=utf8_unicode_ci;

--
-- Data for table `craft_fields`
--

INSERT INTO `craft_fields` (`id`, `groupId`, `name`, `handle`, `context`, `instructions`, `translatable`, `type`, `settings`, `dateCreated`, `dateUpdated`, `uid`) VALUES
 ('3', '2', 'Page Sections', 'pageSections', 'global', '', '1', 'Neo', '{\"maxBlocks\":null}', '2017-07-20 18:17:35', '2017-09-06 00:18:45', '0e458475-6557-422c-8593-97467634c5d0'),
 ('7', '3', 'URI', 'page_uri', 'global', 'Example: \"`about-us`\" would create a page at \"`http://forbusiness.snapchat.com/about-us`\"', '0', 'PlainText', '{\"placeholder\":\"(optional: defaults to `lowercase-hyphenated-version-of-title`)\",\"maxLength\":\"\",\"multiline\":\"\",\"initialRows\":\"4\"}', '2017-07-20 18:33:25', '2017-09-06 17:53:18', 'e8128201-0ee4-4177-b0a5-4b6ad89ddfe8'),
 ('8', '2', 'Image', 'image', 'global', '', '1', 'Assets', '{\"useSingleFolder\":\"\",\"sources\":\"*\",\"defaultUploadLocationSource\":\"2\",\"defaultUploadLocationSubpath\":\"\",\"singleUploadLocationSource\":\"1\",\"singleUploadLocationSubpath\":\"\",\"restrictFiles\":\"1\",\"allowedKinds\":[\"image\"],\"targetLocale\":\"\",\"limit\":\"1\",\"viewMode\":\"large\",\"selectionLabel\":\"\"}', '2017-07-20 18:40:39', '2017-08-07 16:53:17', 'a83da0b3-49f1-4f06-acac-1a9d1fab0f5e'),
 ('9', '2', 'Desktop Image Location', 'imageLocation', 'global', '', '0', 'Dropdown', '{\"options\":[{\"label\":\"Left\",\"value\":\"left\",\"default\":\"1\"},{\"label\":\"Right\",\"value\":\"right\",\"default\":\"\"}]}', '2017-07-20 18:42:05', '2017-08-03 18:06:58', '7d321da6-f4b0-495c-a1ff-c6585cbd6a94'),
 ('10', '2', 'Headline', 'headline_loc', 'global', '', '1', 'PlainText', '{\"placeholder\":\"\",\"maxLength\":\"\",\"multiline\":\"\",\"initialRows\":\"4\"}', '2017-07-20 18:42:50', '2017-08-24 21:29:27', '8d50c79c-34b9-4ea9-b2b8-53f9984ec920'),
 ('11', '2', 'Paragraph', 'paragraph_loc', 'global', '', '0', 'RichText', '{\"configFile\":\"Simple.json\",\"availableAssetSources\":\"*\",\"availableTransforms\":\"*\",\"cleanupHtml\":\"1\",\"purifyHtml\":\"1\",\"purifierConfig\":\"\",\"columnType\":\"text\"}', '2017-07-20 18:43:18', '2017-08-24 21:32:44', 'd74a20fb-d041-43a7-a1a2-6e237c26b1cc'),
 ('12', '2', 'Button', 'button', 'global', '', '1', 'FruitLinkIt', '{\"types\":[\"custom\",\"entry\"],\"defaultText\":\"\",\"allowCustomText\":\"1\",\"allowTarget\":\"1\",\"entrySources\":\"*\",\"entrySelectionLabel\":\"Select a page\",\"assetSources\":\"*\",\"assetSelectionLabel\":\"Select an asset\",\"categorySources\":\"*\",\"categorySelectionLabel\":\"Select a category\"}', '2017-07-20 18:44:26', '2017-08-29 16:30:54', 'c044c12a-246d-421a-a144-fb188ea4b8cf'),
 ('13', NULL, 'Headline', 'headline', 'matrixBlockType:1', '', '0', 'PlainText', '{\"placeholder\":\"\",\"maxLength\":\"\",\"multiline\":\"\",\"initialRows\":\"4\"}', '2017-07-20 20:18:09', '2017-07-20 20:18:09', 'f734e931-d195-4b9a-864f-52abaf20408e'),
 ('14', NULL, 'Paragraph', 'paragraph', 'matrixBlockType:1', '', '0', 'PlainText', '{\"placeholder\":\"\",\"maxLength\":\"\",\"multiline\":\"\",\"initialRows\":\"4\"}', '2017-07-20 20:18:09', '2017-07-20 20:18:09', '1c406294-8a49-4d7e-b04e-eddc75f936ee'),
 ('15', '3', 'Theme Color', 'page_themeColor', 'global', 'Define the color gradient of the header for this page as well as the buttons and section full-color backgrounds.', '0', 'ButtonBox_Colours', '{\"options\":[{\"label\":\"Blue\",\"value\":\"blue\",\"cssColour\":\"#5CC8FF\",\"default\":\"\"},{\"label\":\"Green\",\"value\":\"green\",\"cssColour\":\"#53D1B6\",\"default\":\"\"},{\"label\":\"Orange\",\"value\":\"orange\",\"cssColour\":\"#FFB34D\",\"default\":\"\"},{\"label\":\"Purple\",\"value\":\"purple\",\"cssColour\":\"#C293E0\",\"default\":\"\"},{\"label\":\"Red\",\"value\":\"red\",\"cssColour\":\"#FD6F5F\",\"default\":\"\"},{\"label\":\"Yellow\",\"value\":\"yellow\",\"cssColour\":\"#FFFC00\",\"default\":\"\"}]}', '2017-07-20 21:02:11', '2017-08-07 22:44:13', 'ac129492-62c2-44b4-8ac3-1f1221400c3f'),
 ('16', '3', 'Side Navigation', 'page_sideNavigation', 'global', 'Enable the dot navigation on the left side of the page.', '1', 'Lightswitch', '{\"default\":\"\"}', '2017-07-20 21:02:49', '2017-08-07 16:50:58', 'e056e5c6-2b3d-4b7e-b5c3-6f88cb21bfbe'),
 ('17', '2', 'Button Style', 'buttonStyle', 'global', '', '0', 'Dropdown', '{\"options\":[{\"label\":\"Primary (outline)\",\"value\":\"primary\",\"default\":\"1\"},{\"label\":\"Secondary\",\"value\":\"secondary\",\"default\":\"\"}]}', '2017-07-20 21:53:39', '2017-08-03 18:04:09', '65a36955-274f-42f7-8ac7-dfc2170866cb'),
 ('18', '2', 'Subhead', 'subhead_loc', 'global', '', '1', 'RichText', '{\"configFile\":\"Simple.json\",\"availableAssetSources\":\"*\",\"availableTransforms\":\"*\",\"cleanupHtml\":\"1\",\"purifyHtml\":\"1\",\"purifierConfig\":\"\",\"columnType\":\"text\"}', '2017-07-20 22:05:08', '2017-08-24 21:32:56', 'bf586fba-4e98-45f4-b795-79e22f45c325'),
 ('20', '2', 'Section Background Color', 'sectionBackgroundColor', 'global', '', '1', 'Dropdown', '{\"options\":[{\"label\":\"Gray\",\"value\":\"gray\",\"default\":\"1\"},{\"label\":\"White\",\"value\":\"white\",\"default\":\"\"}]}', '2017-07-20 22:34:39', '2017-08-07 16:54:46', '03d60a1b-7bd5-46b8-9c93-bbc78b394a52'),
 ('23', '2', 'Section Title', 'sectionTitle_loc', 'global', 'Used for side navigation', '1', 'PlainText', '{\"placeholder\":\"\",\"maxLength\":\"\",\"multiline\":\"\",\"initialRows\":\"4\"}', '2017-07-21 20:42:50', '2017-08-24 21:32:52', '40504ea0-de0f-43b2-8ed9-bbe6cce5234d'),
 ('24', '2', 'Chillah Tooltip', 'chillahTooltip', 'global', '(optional)', '1', 'Matrix', '{\"maxBlocks\":\"1\"}', '2017-07-21 21:26:05', '2017-08-29 21:54:09', '79170d95-16a0-4730-b085-47bd285430a9'),
 ('25', NULL, 'Chillah', 'chillah', 'matrixBlockType:2', '', '0', 'Assets', '{\"useSingleFolder\":\"\",\"sources\":\"*\",\"defaultUploadLocationSource\":\"2\",\"defaultUploadLocationSubpath\":\"chillahs\",\"singleUploadLocationSource\":\"1\",\"singleUploadLocationSubpath\":\"\",\"restrictFiles\":\"1\",\"allowedKinds\":[\"image\"],\"targetLocale\":\"\",\"limit\":\"1\",\"viewMode\":\"large\",\"selectionLabel\":\"\"}', '2017-07-21 21:26:05', '2017-08-29 21:54:09', '70d21636-dbcd-4c62-970d-094afa2bb20d'),
 ('26', NULL, 'Tooltip Text', 'tooltipText_loc', 'matrixBlockType:2', '', '0', 'RichText', '{\"configFile\":\"Tooltip.json\",\"availableAssetSources\":\"*\",\"availableTransforms\":\"*\",\"cleanupHtml\":\"1\",\"purifyHtml\":\"1\",\"purifierConfig\":\"\",\"columnType\":\"text\"}', '2017-07-21 21:26:05', '2017-08-29 21:54:09', '3129b543-ef6f-4d5a-956b-0d7c626b3d5f'),
 ('27', NULL, 'Location', 'location', 'matrixBlockType:2', '', '0', 'Dropdown', '{\"options\":[{\"label\":\"Top Left\",\"value\":\"topLeft\",\"default\":\"1\"},{\"label\":\"Top Right\",\"value\":\"topRight\",\"default\":\"\"}]}', '2017-07-21 21:26:05', '2017-08-29 21:54:09', '00dd4acb-f0ad-46ca-9349-e9474464d654'),
 ('28', '2', 'Asset Width', 'assetWidth', 'global', '', '0', 'Dropdown', '{\"options\":[{\"label\":\"Normal\",\"value\":\"normal\",\"default\":\"1\"},{\"label\":\"Wide\",\"value\":\"wide\",\"default\":\"\"},{\"label\":\"Full\",\"value\":\"full\",\"default\":\"\"}]}', '2017-07-21 22:01:02', '2017-08-10 21:54:15', 'd3fac9f9-8be8-4183-88a3-3dae9fa7cb0e'),
 ('29', '2', 'Video', 'video', 'global', '', '0', 'Matrix', '{\"maxBlocks\":\"1\"}', '2017-07-21 22:06:02', '2017-08-17 23:32:26', '6db5d1d0-e611-4c23-9beb-4a44c0278888'),
 ('34', '4', 'Nav Item', 'navItem', 'global', '', '1', 'FruitLinkIt', '{\"types\":[\"custom\",\"entry\"],\"defaultText\":\"\",\"allowCustomText\":\"1\",\"allowTarget\":\"1\",\"entrySources\":\"*\",\"entrySelectionLabel\":\"Select an entry\",\"assetSources\":\"\",\"assetSelectionLabel\":\"Select an asset\",\"categorySources\":\"\",\"categorySelectionLabel\":\"Select a category\"}', '2017-07-21 23:09:34', '2017-09-06 22:48:59', 'e5969a63-c298-4b00-8a59-d9cd49346107'),
 ('35', NULL, 'Link Info', 'linkInfo', 'matrixBlockType:3', '', '0', 'FruitLinkIt', '{\"types\":[\"custom\",\"entry\"],\"defaultText\":\"\",\"allowCustomText\":\"1\",\"allowTarget\":\"1\",\"entrySources\":\"*\",\"entrySelectionLabel\":\"Select a page\",\"assetSources\":\"*\",\"assetSelectionLabel\":\"Select an asset\",\"categorySources\":\"*\",\"categorySelectionLabel\":\"Select a category\"}', '2017-07-21 23:09:34', '2017-09-06 22:47:43', 'f865cd72-d1d6-4522-8433-66775e678a40'),
 ('36', '4', 'Secondary Navigation', 'secondaryNavigation', 'global', '', '1', 'Matrix', '{\"maxBlocks\":null}', '2017-07-21 23:10:13', '2017-08-29 21:50:41', '4b69a483-812e-470d-9feb-ad8fa06cbd97'),
 ('37', NULL, 'Link Info', 'linkInfo', 'matrixBlockType:4', '', '0', 'FruitLinkIt', '{\"types\":[\"custom\",\"entry\"],\"defaultText\":\"\",\"allowCustomText\":\"1\",\"allowTarget\":\"1\",\"entrySources\":\"*\",\"entrySelectionLabel\":\"Select an entry\",\"assetSources\":\"*\",\"assetSelectionLabel\":\"Select an asset\",\"categorySources\":\"*\",\"categorySelectionLabel\":\"Select a category\"}', '2017-07-21 23:10:13', '2017-08-29 21:50:41', '4ec2db37-17c6-4d73-8ff4-e737100d1b80'),
 ('38', '5', 'Company Logo', 'companyLogo', 'global', '', '0', 'Assets', '{\"useSingleFolder\":\"\",\"sources\":[\"folder:2\"],\"defaultUploadLocationSource\":\"2\",\"defaultUploadLocationSubpath\":\"stories\",\"singleUploadLocationSource\":\"1\",\"singleUploadLocationSubpath\":\"\",\"restrictFiles\":\"1\",\"allowedKinds\":[\"image\"],\"targetLocale\":\"\",\"limit\":\"1\",\"viewMode\":\"large\",\"selectionLabel\":\"\"}', '2017-07-21 23:19:35', '2017-08-22 23:01:21', '0163a356-be92-47ae-a790-a1b264137aae'),
 ('39', '5', 'Eyebrow', 'eyebrow_loc', 'global', '', '1', 'PlainText', '{\"placeholder\":\"\",\"maxLength\":\"\",\"multiline\":\"\",\"initialRows\":\"4\"}', '2017-07-21 23:19:59', '2017-08-24 21:21:24', 'de8787c4-069b-450e-9cf0-68d48789e7fb'),
 ('40', '5', 'Story Card Color', 'storyCardColor', 'global', '', '0', 'Hue', '{\"defaultColor\":\"\"}', '2017-07-21 23:23:21', '2017-08-07 18:41:40', '3e3b1e52-875c-49ea-bfa7-84c0c70a5834'),
 ('41', '5', 'Company Name', 'companyName', 'global', '', '0', 'PlainText', '{\"placeholder\":\"\",\"maxLength\":\"\",\"multiline\":\"\",\"initialRows\":\"4\"}', '2017-07-21 23:24:05', '2017-08-24 21:21:16', '349a2af3-848b-4bc0-9273-22f0eef2eb70'),
 ('42', '5', 'Story Summary', 'storySummary_loc', 'global', '', '1', 'PlainText', '{\"placeholder\":\"\",\"maxLength\":\"\",\"multiline\":\"1\",\"initialRows\":\"2\"}', '2017-07-21 23:24:52', '2017-08-24 21:24:17', '01f5d04e-9424-4f30-8a4c-55a99efdb606'),
 ('43', '5', 'PDF File', 'pdfFile', 'global', '', '0', 'Assets', '{\"useSingleFolder\":\"\",\"sources\":\"*\",\"defaultUploadLocationSource\":\"2\",\"defaultUploadLocationSubpath\":\"\",\"singleUploadLocationSource\":\"1\",\"singleUploadLocationSubpath\":\"\",\"restrictFiles\":\"1\",\"allowedKinds\":[\"image\",\"pdf\"],\"targetLocale\":\"\",\"limit\":\"1\",\"viewMode\":\"large\",\"selectionLabel\":\"\"}', '2017-07-21 23:26:19', '2017-09-06 20:53:23', 'f46f135c-fb21-4bc7-9afc-c191c744d7b4'),
 ('45', '2', 'Logos', 'logos', 'global', '', '0', 'Matrix', '{\"maxBlocks\":null}', '2017-07-26 21:48:22', '2017-08-24 21:31:39', 'c362955e-d30e-4ad2-a088-9764060ddf13'),
 ('47', '2', 'Tab Image', 'tabImage', 'global', '', '0', 'Assets', '{\"useSingleFolder\":\"\",\"sources\":[\"folder:2\"],\"defaultUploadLocationSource\":\"2\",\"defaultUploadLocationSubpath\":\"\",\"singleUploadLocationSource\":\"1\",\"singleUploadLocationSubpath\":\"\",\"restrictFiles\":\"1\",\"allowedKinds\":[\"image\"],\"limit\":\"1\",\"viewMode\":\"large\",\"selectionLabel\":\"\"}', '2017-07-26 23:18:22', '2017-08-03 18:11:10', '467cc32d-386d-4a59-977b-064e5b37c3b9'),
 ('48', '2', 'Tab Label', 'tabLabel_loc', 'global', '', '0', 'PlainText', '{\"placeholder\":\"\",\"maxLength\":\"\",\"multiline\":\"\",\"initialRows\":\"4\"}', '2017-07-26 23:18:50', '2017-08-24 21:33:06', '74cef22c-9772-4cc7-9b4d-b5d5ba0594c7'),
 ('49', '2', 'Tab Description', 'tabDescription_loc', 'global', '', '0', 'RichText', '{\"configFile\":\"Simple.json\",\"availableAssetSources\":\"*\",\"availableTransforms\":\"*\",\"cleanupHtml\":\"1\",\"purifyHtml\":\"1\",\"purifierConfig\":\"\",\"columnType\":\"text\"}', '2017-07-26 23:20:06', '2017-08-24 21:33:01', '5b966594-4a5b-4808-a292-8310fdd629a2'),
 ('50', '2', 'Tab Video', 'tabVideo', 'global', '', '0', 'Assets', '{\"useSingleFolder\":\"\",\"sources\":[\"folder:2\",\"folder:6\"],\"defaultUploadLocationSource\":\"2\",\"defaultUploadLocationSubpath\":\"\",\"singleUploadLocationSource\":\"1\",\"singleUploadLocationSubpath\":\"\",\"restrictFiles\":\"1\",\"allowedKinds\":[\"video\"],\"targetLocale\":\"\",\"limit\":\"1\",\"viewMode\":\"large\",\"selectionLabel\":\"\"}', '2017-07-26 23:23:28', '2017-08-24 21:33:25', '32782dd2-6157-45e0-aa3d-9722e06a55e4'),
 ('51', '2', 'Tab Poster Image', 'tabPosterImage', 'global', '', '0', 'Assets', '{\"useSingleFolder\":\"\",\"sources\":[\"folder:2\"],\"defaultUploadLocationSource\":\"2\",\"defaultUploadLocationSubpath\":\"\",\"singleUploadLocationSource\":\"1\",\"singleUploadLocationSubpath\":\"\",\"restrictFiles\":\"1\",\"allowedKinds\":[\"image\"],\"limit\":\"1\",\"viewMode\":\"large\",\"selectionLabel\":\"\"}', '2017-07-26 23:32:44', '2017-08-03 18:11:25', 'c0782223-812f-4b11-8254-6243b3fd1b3b'),
 ('52', '2', 'Time Code', 'timeCode', 'global', 'Time in seconds where you want the step to start', '0', 'Number', '{\"min\":\"0\",\"max\":\"\",\"decimals\":\"1\"}', '2017-07-27 16:46:52', '2017-08-03 18:11:37', '4556fed4-40ca-495c-90fe-9742ba7f2a41'),
 ('53', '2', 'Description Label', 'descriptionLabel_loc', 'global', '', '1', 'PlainText', '{\"placeholder\":\"\",\"maxLength\":\"\",\"multiline\":\"\",\"initialRows\":\"4\"}', '2017-07-27 16:47:48', '2017-08-24 21:28:47', 'cc2248ce-955e-4666-b1f7-f1c72c384327'),
 ('55', NULL, 'Device Grid', 'deviceGrid', 'superTableBlockType:1', '', '0', 'Matrix', '{\"maxBlocks\":null}', '2017-08-01 17:05:51', '2017-08-01 17:05:51', '62fbe648-3cd2-4b49-8b6d-9dd7bcac5003'),
 ('56', NULL, 'Video', 'video', 'matrixBlockType:5', '', '0', 'Assets', '{\"useSingleFolder\":\"\",\"sources\":\"*\",\"defaultUploadLocationSource\":\"1\",\"defaultUploadLocationSubpath\":\"\",\"singleUploadLocationSource\":\"1\",\"singleUploadLocationSubpath\":\"\",\"restrictFiles\":\"\",\"limit\":\"\",\"viewMode\":\"list\",\"selectionLabel\":\"\"}', '2017-08-01 17:05:51', '2017-08-01 17:05:51', 'b023cc72-fdee-404a-a393-1dd7eb75c7af'),
 ('57', NULL, 'Poster Image', 'posterImage', 'matrixBlockType:5', '', '0', 'Assets', '{\"useSingleFolder\":\"\",\"sources\":\"*\",\"defaultUploadLocationSource\":\"1\",\"defaultUploadLocationSubpath\":\"\",\"singleUploadLocationSource\":\"1\",\"singleUploadLocationSubpath\":\"\",\"restrictFiles\":\"\",\"limit\":\"\",\"viewMode\":\"list\",\"selectionLabel\":\"\"}', '2017-08-01 17:05:51', '2017-08-01 17:05:51', '001dffe9-4948-4c70-8a3a-661dc3fefe91'),
 ('58', '2', 'Mobile Devices', 'mobileDevices', 'global', '', '0', 'Matrix', '{\"maxBlocks\":\"3\"}', '2017-08-01 20:47:10', '2017-08-24 21:31:54', 'ffe08390-1432-46ab-a9fe-8cfb7b4a2513'),
 ('59', NULL, 'Video', 'video', 'matrixBlockType:6', '', '0', 'Assets', '{\"useSingleFolder\":\"\",\"sources\":[\"folder:6\"],\"defaultUploadLocationSource\":\"3\",\"defaultUploadLocationSubpath\":\"\",\"singleUploadLocationSource\":\"1\",\"singleUploadLocationSubpath\":\"\",\"restrictFiles\":\"1\",\"allowedKinds\":[\"video\"],\"targetLocale\":\"\",\"limit\":\"1\",\"viewMode\":\"large\",\"selectionLabel\":\"\"}', '2017-08-01 20:47:10', '2017-08-24 21:31:54', '70923ff1-1640-4583-aa7e-bd2f979f9c12'),
 ('60', NULL, 'Poster Image', 'posterImage', 'matrixBlockType:6', '', '0', 'Assets', '{\"useSingleFolder\":\"\",\"sources\":[\"folder:2\"],\"defaultUploadLocationSource\":\"2\",\"defaultUploadLocationSubpath\":\"\",\"singleUploadLocationSource\":\"1\",\"singleUploadLocationSubpath\":\"\",\"restrictFiles\":\"1\",\"allowedKinds\":[\"image\"],\"targetLocale\":\"\",\"limit\":\"1\",\"viewMode\":\"large\",\"selectionLabel\":\"\"}', '2017-08-01 20:47:10', '2017-08-24 21:31:54', 'a1284253-3b4c-43a4-b49e-b2be7c86a89e'),
 ('61', NULL, 'Headline', 'headline_loc', 'matrixBlockType:6', '', '0', 'PlainText', '{\"placeholder\":\"\",\"maxLength\":\"\",\"multiline\":\"\",\"initialRows\":\"4\"}', '2017-08-01 20:47:10', '2017-08-24 21:31:54', '34e72d73-9fb0-4454-b38b-036ac72c070c'),
 ('62', NULL, 'Subhead', 'subhead_loc', 'matrixBlockType:6', '', '0', 'RichText', '{\"configFile\":\"Simple.json\",\"availableAssetSources\":\"*\",\"availableTransforms\":\"*\",\"cleanupHtml\":\"1\",\"purifyHtml\":\"1\",\"purifierConfig\":\"\",\"columnType\":\"text\"}', '2017-08-01 20:47:10', '2017-08-24 21:31:54', 'e6b50d39-3f3d-4ba0-8298-9c67d7d3dc10'),
 ('67', '2', 'Image Card Row', 'imageCardRow', 'global', '', '1', 'Matrix', '{\"maxBlocks\":\"3\"}', '2017-08-03 17:57:36', '2017-08-24 21:30:03', 'f5ee95f1-e20e-423e-8f9c-13705b5edb37'),
 ('68', NULL, 'Card Image', 'cardImage', 'matrixBlockType:10', '', '0', 'Assets', '{\"useSingleFolder\":\"\",\"sources\":[\"folder:1\"],\"defaultUploadLocationSource\":\"1\",\"defaultUploadLocationSubpath\":\"\",\"singleUploadLocationSource\":\"1\",\"singleUploadLocationSubpath\":\"\",\"restrictFiles\":\"1\",\"allowedKinds\":[\"image\"],\"targetLocale\":\"\",\"limit\":\"1\",\"viewMode\":\"large\",\"selectionLabel\":\"\"}', '2017-08-03 17:57:36', '2017-08-24 21:30:03', '18b2b995-3e06-48b9-bdaa-89f7c3674428'),
 ('69', NULL, 'Headline', 'headline_loc', 'matrixBlockType:10', '', '0', 'PlainText', '{\"placeholder\":\"\",\"maxLength\":\"\",\"multiline\":\"\",\"initialRows\":\"4\"}', '2017-08-03 17:57:36', '2017-08-24 21:30:03', '382ec30b-0a1d-48cc-b56c-5bbcd7643f63'),
 ('70', NULL, 'Body', 'body_loc', 'matrixBlockType:10', '', '0', 'RichText', '{\"configFile\":\"Simple.json\",\"availableAssetSources\":\"*\",\"availableTransforms\":\"*\",\"cleanupHtml\":\"1\",\"purifyHtml\":\"1\",\"purifierConfig\":\"\",\"columnType\":\"text\"}', '2017-08-03 17:57:36', '2017-08-24 21:30:03', 'f3bd9aca-8939-4ec7-8c7c-748742793860'),
 ('71', '2', 'CTA Buttons', 'ctaButtons', 'global', '', '1', 'Matrix', '{\"maxBlocks\":\"2\"}', '2017-08-03 18:14:16', '2017-09-06 00:19:26', '9142ce2f-4685-4a7a-b819-3329fcf1350a'),
 ('72', NULL, 'Button', 'button', 'matrixBlockType:11', '', '0', 'FruitLinkIt', '{\"types\":[\"custom\",\"entry\"],\"defaultText\":\"\",\"allowCustomText\":\"1\",\"allowTarget\":\"1\",\"entrySources\":\"*\",\"entrySelectionLabel\":\"Select an entry\",\"assetSources\":\"*\",\"assetSelectionLabel\":\"Select an asset\",\"categorySources\":\"*\",\"categorySelectionLabel\":\"Select a category\"}', '2017-08-03 18:14:16', '2017-09-06 00:19:26', '533a8d21-c867-46a7-9ccf-88cbe4b52d7d'),
 ('73', NULL, 'Button', 'button', 'matrixBlockType:12', '', '0', 'FruitLinkIt', '{\"types\":[\"custom\",\"entry\"],\"defaultText\":\"\",\"allowCustomText\":\"1\",\"allowTarget\":\"1\",\"entrySources\":\"*\",\"entrySelectionLabel\":\"Select an entry\",\"assetSources\":\"*\",\"assetSelectionLabel\":\"Select an asset\",\"categorySources\":\"*\",\"categorySelectionLabel\":\"Select a category\"}', '2017-08-03 18:14:16', '2017-09-06 00:19:26', '75117115-67fe-4d48-bcbe-53d25c5f5ec2'),
 ('74', '2', 'Device Tab', 'deviceTab', 'global', '', '1', 'Matrix', '{\"maxBlocks\":null}', '2017-08-03 18:33:03', '2017-09-06 00:15:21', '1f6d1a00-5642-41c5-80aa-b061a84cb6a2'),
 ('75', NULL, 'Tab Image', 'tabImage', 'matrixBlockType:13', '', '0', 'Assets', '{\"useSingleFolder\":\"\",\"sources\":[\"folder:2\"],\"defaultUploadLocationSource\":\"2\",\"defaultUploadLocationSubpath\":\"tabs\",\"singleUploadLocationSource\":\"1\",\"singleUploadLocationSubpath\":\"\",\"restrictFiles\":\"1\",\"allowedKinds\":[\"image\"],\"targetLocale\":\"\",\"limit\":\"1\",\"viewMode\":\"large\",\"selectionLabel\":\"\"}', '2017-08-03 18:33:03', '2017-09-06 00:15:21', '859f1bc0-c5c1-4d33-b205-0e9d178ce169'),
 ('76', NULL, 'Tab Label', 'tabLabel_loc', 'matrixBlockType:13', '', '0', 'PlainText', '{\"placeholder\":\"\",\"maxLength\":\"\",\"multiline\":\"\",\"initialRows\":\"4\"}', '2017-08-03 18:33:03', '2017-09-06 00:15:21', '78b909d4-a8cb-43c7-afa3-617f847b6116'),
 ('77', NULL, 'Description Body', 'description_loc', 'matrixBlockType:13', '', '0', 'RichText', '{\"configFile\":\"Simple.json\",\"availableAssetSources\":\"*\",\"availableTransforms\":\"*\",\"cleanupHtml\":\"1\",\"purifyHtml\":\"1\",\"purifierConfig\":\"\",\"columnType\":\"text\"}', '2017-08-03 18:33:03', '2017-09-06 00:15:21', '0a07a29e-ec3c-4c28-bf5f-cd13748ff1a2'),
 ('78', '2', 'Video Step', 'videoStep', 'global', '', '0', 'Matrix', '{\"maxBlocks\":null}', '2017-08-03 18:36:28', '2017-08-24 21:34:21', 'db5cfce9-a9bc-40f2-8a2c-caef324ba3fe'),
 ('79', NULL, 'Time Code', 'timeCode', 'matrixBlockType:14', '', '0', 'Number', '{\"min\":\"0\",\"max\":\"\",\"decimals\":\"1\"}', '2017-08-03 18:36:28', '2017-08-24 21:34:21', '1a8814fd-36d4-4423-945f-a5a7a8d4e49a'),
 ('80', NULL, 'Description Label', 'descriptionLabel_loc', 'matrixBlockType:14', '', '0', 'PlainText', '{\"placeholder\":\"\",\"maxLength\":\"\",\"multiline\":\"\",\"initialRows\":\"4\"}', '2017-08-03 18:36:28', '2017-08-24 21:34:21', 'a9ab1e84-78a2-48be-8f71-3b6765dabdd3'),
 ('81', NULL, 'Device Video', 'deviceVideo', 'matrixBlockType:13', '', '0', 'Assets', '{\"useSingleFolder\":\"\",\"sources\":[\"folder:6\"],\"defaultUploadLocationSource\":\"3\",\"defaultUploadLocationSubpath\":\"\",\"singleUploadLocationSource\":\"1\",\"singleUploadLocationSubpath\":\"\",\"restrictFiles\":\"1\",\"allowedKinds\":[\"video\"],\"targetLocale\":\"\",\"limit\":\"1\",\"viewMode\":\"list\",\"selectionLabel\":\"\"}', '2017-08-03 18:52:25', '2017-09-06 00:15:21', 'ad21f048-0291-4792-9820-8e4189d0941f'),
 ('82', '4', 'Footer Links', 'footerLinks', 'global', '', '1', 'Neo', '{\"maxBlocks\":null}', '2017-08-03 22:16:07', '2017-08-29 21:53:33', '634a3094-5da7-44ba-8dfa-bb14026bc0b4'),
 ('83', '4', 'Group Title', 'groupTitle_loc', 'global', '', '1', 'PlainText', '{\"placeholder\":\"\",\"maxLength\":\"\",\"multiline\":\"\",\"initialRows\":\"4\"}', '2017-08-03 22:16:43', '2017-08-24 21:09:15', '4bc083fb-03b0-4a20-96af-9510f0b6166c'),
 ('84', '4', 'Group Links', 'groupLinks', 'global', '', '1', 'Matrix', '{\"maxBlocks\":null}', '2017-08-03 22:18:12', '2017-08-29 21:53:18', 'dbcd7f40-4bbc-45f5-bf3b-0359df0a63a9'),
 ('85', NULL, 'Footer Link', 'footerLink', 'matrixBlockType:15', '', '0', 'FruitLinkIt', '{\"types\":[\"custom\",\"entry\"],\"defaultText\":\"\",\"allowCustomText\":\"1\",\"allowTarget\":\"1\",\"entrySources\":\"*\",\"entrySelectionLabel\":\"Select an entry\",\"assetSources\":\"*\",\"assetSelectionLabel\":\"Select an asset\",\"categorySources\":\"*\",\"categorySelectionLabel\":\"Select a category\"}', '2017-08-03 22:18:12', '2017-08-29 21:53:18', '9867647f-a4d0-45ea-958f-c52e8789f720'),
 ('86', '5', 'Story Industry', 'storyIndustry', 'global', '', '0', 'Categories', '{\"source\":\"group:2\",\"targetLocale\":\"\",\"limit\":\"\",\"selectionLabel\":\"Add an Industry\"}', '2017-08-07 17:29:00', '2017-08-22 20:48:43', 'fe40dba3-578c-4911-8fc5-115dee10853f'),
 ('87', '5', 'Story Objective', 'storyObjective', 'global', '', '0', 'Categories', '{\"source\":\"group:1\",\"targetLocale\":\"\",\"limit\":\"\",\"selectionLabel\":\"\"}', '2017-08-07 17:29:23', '2017-08-22 21:04:22', 'ab47f487-3168-4fbf-96e5-7aeef60f95d3'),
 ('88', '5', 'Snap Product', 'snapProduct', 'global', '', '0', 'Categories', '{\"source\":\"group:3\",\"targetLocale\":\"\",\"limit\":\"\",\"selectionLabel\":\"\"}', '2017-08-07 17:32:23', '2017-08-07 18:17:45', '8c9b775a-7793-4c5b-aedf-d3989ed8ed75'),
 ('89', '3', 'Page Annotations', 'pageAnnotations', 'global', '', '1', 'Matrix', '{\"maxBlocks\":null}', '2017-08-07 22:10:30', '2017-08-24 21:25:18', 'ebf855ee-91c1-441d-9235-1787d701c526'),
 ('90', NULL, 'Number', 'number', 'matrixBlockType:16', '', '0', 'Number', '{\"min\":\"0\",\"max\":\"\",\"decimals\":\"0\"}', '2017-08-07 22:10:30', '2017-08-24 21:25:18', '39c28e57-6640-4882-b607-fce60cffbb62'),
 ('91', NULL, 'Text', 'text_loc', 'matrixBlockType:16', '', '0', 'PlainText', '{\"placeholder\":\"\",\"maxLength\":\"\",\"multiline\":\"\",\"initialRows\":\"4\"}', '2017-08-07 22:10:30', '2017-08-24 21:25:18', '82c1a4a2-6b52-4a7c-a376-15d859c5fc28'),
 ('92', '4', 'Pre Footer', 'preFooterHeadline', 'global', '', '1', 'Matrix', '{\"maxBlocks\":\"1\"}', '2017-08-07 22:51:53', '2017-08-24 21:18:16', '51d13546-5448-4054-bd67-33eeedf7921c'),
 ('93', NULL, 'Background Color', 'backgroundColor', 'matrixBlockType:17', '', '0', 'Hue', '{\"defaultColor\":\"#FFFC00\"}', '2017-08-07 22:56:53', '2017-08-24 21:18:16', '1ea7e135-6b86-409d-98c6-886f0f551b38'),
 ('94', NULL, 'Headline', 'headline_loc', 'matrixBlockType:17', '', '0', 'PlainText', '{\"placeholder\":\"\",\"maxLength\":\"\",\"multiline\":\"\",\"initialRows\":\"4\"}', '2017-08-07 22:56:53', '2017-08-24 21:18:16', '9b022967-f2fe-4f04-8061-7bd7d1ce9ff0'),
 ('95', NULL, 'CTA Button', 'ctaButton', 'matrixBlockType:17', '', '0', 'FruitLinkIt', '{\"types\":[\"custom\",\"entry\"],\"defaultText\":\"\",\"allowCustomText\":\"1\",\"allowTarget\":\"1\",\"entrySources\":\"*\",\"entrySelectionLabel\":\"Select an entry\",\"assetSources\":\"*\",\"assetSelectionLabel\":\"Select an asset\",\"categorySources\":\"*\",\"categorySelectionLabel\":\"Select a category\"}', '2017-08-07 22:56:53', '2017-08-24 21:18:16', '2d096325-a549-44b9-8005-3d6a85fe91c7'),
 ('96', '4', 'Ad Manager', 'adManager', 'global', '', '1', 'Matrix', '{\"maxBlocks\":\"1\"}', '2017-08-07 22:58:56', '2017-08-29 21:53:48', 'f4e33ddb-e2b0-4574-8b1a-baa74c596d7b'),
 ('97', NULL, 'Text', 'text_loc', 'matrixBlockType:18', '', '0', 'PlainText', '{\"placeholder\":\"\",\"maxLength\":\"\",\"multiline\":\"\",\"initialRows\":\"4\"}', '2017-08-07 22:58:56', '2017-08-29 21:53:48', '9c3163a4-f4cb-4fcc-9905-60494e19faa2'),
 ('98', NULL, 'Login Link', 'loginLink', 'matrixBlockType:18', '', '0', 'FruitLinkIt', '{\"types\":[\"custom\",\"entry\"],\"defaultText\":\"\",\"allowCustomText\":\"1\",\"allowTarget\":\"1\",\"entrySources\":\"*\",\"entrySelectionLabel\":\"Select an entry\",\"assetSources\":\"*\",\"assetSelectionLabel\":\"Select an asset\",\"categorySources\":\"*\",\"categorySelectionLabel\":\"Select a category\"}', '2017-08-07 22:58:56', '2017-08-29 21:53:48', 'e1068166-e2b3-4cda-9cd5-c1c3817a4467'),
 ('99', '4', 'Legal Links', 'legalLinks', 'global', '', '1', 'Matrix', '{\"maxBlocks\":null}', '2017-08-07 23:00:59', '2017-08-29 21:51:06', '31dac4de-36b9-43ad-b72c-21ca688e755e'),
 ('100', NULL, 'Link Info', 'linkInfo', 'matrixBlockType:19', '', '1', 'FruitLinkIt', '{\"types\":[\"custom\",\"entry\"],\"defaultText\":\"\",\"allowCustomText\":\"1\",\"allowTarget\":\"1\",\"entrySources\":\"*\",\"entrySelectionLabel\":\"Select an entry\",\"assetSources\":\"*\",\"assetSelectionLabel\":\"Select an asset\",\"categorySources\":\"*\",\"categorySelectionLabel\":\"Select a category\"}', '2017-08-07 23:00:59', '2017-08-29 21:51:06', '17542e01-d8ae-43eb-9e1d-c5460402d5c2'),
 ('101', '6', 'SEO Title', 'seoTitle', 'global', '', '1', 'PlainText', '{\"placeholder\":\"\",\"maxLength\":\"\",\"multiline\":\"\",\"initialRows\":\"4\"}', '2017-08-07 23:17:12', '2017-08-07 23:20:40', 'b483ee63-6943-496d-b0c4-12ef340a5241'),
 ('102', '6', 'SEO Description', 'seoDescription', 'global', '', '1', 'PlainText', '{\"placeholder\":\"\",\"maxLength\":\"\",\"multiline\":\"1\",\"initialRows\":\"2\"}', '2017-08-07 23:17:28', '2017-08-07 23:24:02', '3d8c75e3-1336-4c14-93fe-05588979ebda'),
 ('103', '6', 'Keywords', 'keywords', 'global', '', '1', 'PlainText', '{\"placeholder\":\"comma, separated, keywords\",\"maxLength\":\"\",\"multiline\":\"\",\"initialRows\":\"4\"}', '2017-08-07 23:18:49', '2017-08-07 23:18:49', '1140d567-8749-48f5-80e8-83e5b3228768'),
 ('104', '6', 'SEO Image', 'seoImage', 'global', '', '0', 'Assets', '{\"useSingleFolder\":\"\",\"sources\":[\"folder:2\"],\"defaultUploadLocationSource\":\"2\",\"defaultUploadLocationSubpath\":\"\",\"singleUploadLocationSource\":\"1\",\"singleUploadLocationSubpath\":\"\",\"restrictFiles\":\"1\",\"allowedKinds\":[\"image\"],\"targetLocale\":\"\",\"limit\":\"1\",\"viewMode\":\"large\",\"selectionLabel\":\"\"}', '2017-08-07 23:19:45', '2017-08-07 23:19:45', 'cc3ab067-b85e-45aa-a3a7-6fc16cb515db'),
 ('105', '6', 'OG Title', 'ogTitle', 'global', '', '1', 'PlainText', '{\"placeholder\":\"\",\"maxLength\":\"\",\"multiline\":\"\",\"initialRows\":\"4\"}', '2017-08-07 23:20:23', '2017-08-07 23:20:46', 'f3674a2f-9a42-4d42-bf22-652043be8077'),
 ('106', '6', 'OG Description', 'ogDescription', 'global', '', '1', 'PlainText', '{\"placeholder\":\"\",\"maxLength\":\"300\",\"multiline\":\"1\",\"initialRows\":\"2\"}', '2017-08-07 23:21:27', '2017-08-07 23:21:27', '69dcdf7d-5026-4ed6-81d1-beafb9264652'),
 ('107', '6', 'Page Type', 'pageType', 'global', '', '0', 'Dropdown', '{\"options\":[{\"label\":\"blog\",\"value\":\"blog\",\"default\":\"\"},{\"label\":\"website\",\"value\":\"website\",\"default\":\"1\"}]}', '2017-08-07 23:22:46', '2017-08-07 23:22:46', '79127a02-8117-4855-a01a-ef69796cac92'),
 ('108', '4', 'Main Navigation CTA', 'mainNavigationCta', 'global', '', '1', 'FruitLinkIt', '{\"types\":[\"custom\",\"entry\"],\"defaultText\":\"\",\"allowCustomText\":\"1\",\"allowTarget\":\"1\",\"entrySources\":\"*\",\"entrySelectionLabel\":\"Select an entry\",\"assetSources\":\"*\",\"assetSelectionLabel\":\"Select an asset\",\"categorySources\":\"*\",\"categorySelectionLabel\":\"Select a category\"}', '2017-08-07 23:32:53', '2017-08-29 21:50:24', '94b0c5ec-397a-438e-99f1-f7242a90b827'),
 ('109', '4', 'Cookie Policy', 'cookiePolicy_loc', 'global', '', '0', 'RichText', '{\"configFile\":\"Link.json\",\"availableAssetSources\":\"*\",\"availableTransforms\":\"*\",\"cleanupHtml\":\"1\",\"purifyHtml\":\"1\",\"purifierConfig\":\"\",\"columnType\":\"text\"}', '2017-08-08 17:36:49', '2017-08-24 21:08:33', '37a3806b-3283-46f7-bbfb-269653e98a5d'),
 ('110', NULL, 'Outlined', 'outline', 'matrixBlockType:11', '', '0', 'Lightswitch', '{\"default\":\"1\"}', '2017-08-08 23:53:11', '2017-09-06 00:19:26', '03def7e2-59b1-4749-aa98-47b6a6f62181'),
 ('111', '4', 'Button Text', 'buttonText_loc', 'global', 'This button takes the user to their previous page, unless there wasn\'t one. In which case, it takes them to the home page.', '1', 'PlainText', '{\"placeholder\":\"\",\"maxLength\":\"\",\"multiline\":\"\",\"initialRows\":\"4\"}', '2017-08-09 17:47:55', '2017-08-24 21:08:23', 'e415b8ee-7ef1-4dc6-9dea-513d087da52a'),
 ('112', '3', 'Home Hero', 'homeHero', 'global', '', '1', 'Matrix', '{\"maxBlocks\":\"1\"}', '2017-08-09 18:18:34', '2017-08-31 18:42:03', 'fbfab34a-fae9-4482-9b94-cc54cc3f52d8'),
 ('113', NULL, 'Headline', 'headline_loc', 'matrixBlockType:20', '', '1', 'PlainText', '{\"placeholder\":\"\",\"maxLength\":\"\",\"multiline\":\"\",\"initialRows\":\"4\"}', '2017-08-09 18:18:34', '2017-08-31 18:42:03', 'f7f9d6b7-c1aa-4d6a-b9fa-d9252e57b936'),
 ('114', NULL, 'Button', 'button', 'matrixBlockType:20', '', '1', 'FruitLinkIt', '{\"types\":[\"custom\",\"entry\"],\"defaultText\":\"\",\"allowCustomText\":\"1\",\"allowTarget\":\"1\",\"entrySources\":\"*\",\"entrySelectionLabel\":\"Select an entry\",\"assetSources\":\"*\",\"assetSelectionLabel\":\"Select an asset\",\"categorySources\":\"*\",\"categorySelectionLabel\":\"Select a category\"}', '2017-08-09 18:18:34', '2017-08-31 18:42:03', '8a1e2243-cf0c-4b29-9b7c-d3f29d7c7caa'),
 ('115', NULL, 'Button Outline', 'buttonOutline', 'matrixBlockType:20', '', '0', 'Lightswitch', '{\"default\":\"1\"}', '2017-08-09 18:18:34', '2017-08-31 18:42:03', 'a7e55199-d081-46f3-8197-25e983dcff0b'),
 ('116', NULL, 'Primary CTA', 'primaryCta', 'matrixBlockType:13', '', '0', 'FruitLinkIt', '{\"types\":[\"custom\",\"entry\"],\"defaultText\":\"\",\"allowCustomText\":\"1\",\"allowTarget\":\"1\",\"entrySources\":\"*\",\"entrySelectionLabel\":\"Select an entry\",\"assetSources\":\"*\",\"assetSelectionLabel\":\"Select an asset\",\"categorySources\":\"*\",\"categorySelectionLabel\":\"Select a category\"}', '2017-08-09 20:36:40', '2017-09-06 00:15:21', '49ed5d2d-9c06-437d-87c3-d13e9fbab766'),
 ('117', NULL, 'Secondary Link', 'secondaryLink', 'matrixBlockType:13', '', '0', 'FruitLinkIt', '{\"types\":[\"custom\",\"entry\"],\"defaultText\":\"\",\"allowCustomText\":\"1\",\"allowTarget\":\"1\",\"entrySources\":\"*\",\"entrySelectionLabel\":\"Select an entry\",\"assetSources\":\"*\",\"assetSelectionLabel\":\"Select an asset\",\"categorySources\":\"*\",\"categorySelectionLabel\":\"Select a category\"}', '2017-08-09 20:36:40', '2017-09-06 00:15:21', '97bb0187-6a1d-46e5-b973-3566d44ebba7'),
 ('118', NULL, 'Image', 'image', 'matrixBlockType:21', '', '0', 'Assets', '{\"useSingleFolder\":\"\",\"sources\":[\"folder:2\"],\"defaultUploadLocationSource\":\"2\",\"defaultUploadLocationSubpath\":\"\\/partners\",\"singleUploadLocationSource\":\"1\",\"singleUploadLocationSubpath\":\"\",\"restrictFiles\":\"\",\"targetLocale\":\"\",\"limit\":\"1\",\"viewMode\":\"large\",\"selectionLabel\":\"\"}', '2017-08-10 16:55:47', '2017-08-24 21:31:39', 'a7638b1c-2499-4c1c-9c3f-1ba1066dd79a'),
 ('119', NULL, 'Image Alt Text', 'imageAltText_loc', 'matrixBlockType:21', '', '0', 'PlainText', '{\"placeholder\":\"\",\"maxLength\":\"\",\"multiline\":\"\",\"initialRows\":\"4\"}', '2017-08-10 16:55:47', '2017-08-24 21:31:39', '5b2f1ef6-bf1a-4ea9-97a5-ca0f688bbf20');
INSERT INTO `craft_fields` (`id`, `groupId`, `name`, `handle`, `context`, `instructions`, `translatable`, `type`, `settings`, `dateCreated`, `dateUpdated`, `uid`) VALUES
 ('120', NULL, 'Image Link Url', 'imageLinkUrl', 'matrixBlockType:21', '', '0', 'PlainText', '{\"placeholder\":\"https:\\/\\/logowebsite.com\",\"maxLength\":\"\",\"multiline\":\"\",\"initialRows\":\"4\"}', '2017-08-10 16:55:47', '2017-08-24 21:31:39', '85cca3f0-f06c-4a26-bbb9-eee7389d95a8'),
 ('121', '2', 'Vertical Video Url', 'verticalVideoUrl', 'global', '', '0', 'PlainText', '{\"placeholder\":\"\",\"maxLength\":\"\",\"multiline\":\"\",\"initialRows\":\"4\"}', '2017-08-10 17:03:38', '2017-08-24 21:33:49', 'a4b4e511-4503-4bfe-91f2-d4f3628cf2c2'),
 ('122', '2', 'Horizontal Video', 'horizontalVideo', 'global', '', '0', 'Assets', '{\"useSingleFolder\":\"\",\"sources\":[\"folder:6\"],\"defaultUploadLocationSource\":\"3\",\"defaultUploadLocationSubpath\":\"\",\"singleUploadLocationSource\":\"1\",\"singleUploadLocationSubpath\":\"\",\"restrictFiles\":\"1\",\"allowedKinds\":[\"video\"],\"targetLocale\":\"\",\"limit\":\"1\",\"viewMode\":\"large\",\"selectionLabel\":\"\"}', '2017-08-10 17:12:08', '2017-08-10 17:12:08', '37095f02-c453-4bf8-942f-a411163406da'),
 ('123', '2', 'Vertical Video', 'verticalVideo', 'global', '', '0', 'Assets', '{\"useSingleFolder\":\"\",\"sources\":[\"folder:6\"],\"defaultUploadLocationSource\":\"3\",\"defaultUploadLocationSubpath\":\"\",\"singleUploadLocationSource\":\"1\",\"singleUploadLocationSubpath\":\"\",\"restrictFiles\":\"1\",\"allowedKinds\":[\"video\"],\"targetLocale\":\"\",\"limit\":\"1\",\"viewMode\":\"large\",\"selectionLabel\":\"\"}', '2017-08-10 17:12:46', '2017-08-10 17:12:46', '5591aa23-6714-4106-9693-da674a32bcb8'),
 ('124', '2', 'Horizontal Poster Image', 'horizontalPosterImage', 'global', 'Poster Image for the Horizontal Video', '0', 'Assets', '{\"useSingleFolder\":\"\",\"sources\":[\"folder:2\"],\"defaultUploadLocationSource\":\"2\",\"defaultUploadLocationSubpath\":\"posters\",\"singleUploadLocationSource\":\"1\",\"singleUploadLocationSubpath\":\"\",\"restrictFiles\":\"1\",\"allowedKinds\":[\"image\"],\"targetLocale\":\"\",\"limit\":\"1\",\"viewMode\":\"large\",\"selectionLabel\":\"\"}', '2017-08-10 17:17:51', '2017-08-10 17:17:51', '6cd469ec-80e3-47ec-a477-7af448642a75'),
 ('125', '2', 'Vertical Poster Image', 'verticalPosterImage', 'global', 'Poster Image for the Vertical Video', '0', 'Assets', '{\"useSingleFolder\":\"\",\"sources\":[\"folder:2\"],\"defaultUploadLocationSource\":\"2\",\"defaultUploadLocationSubpath\":\"posters\",\"singleUploadLocationSource\":\"1\",\"singleUploadLocationSubpath\":\"\",\"restrictFiles\":\"\",\"targetLocale\":\"\",\"limit\":\"1\",\"viewMode\":\"large\",\"selectionLabel\":\"\"}', '2017-08-10 17:18:33', '2017-08-10 17:18:33', 'c8cf62ba-e877-4c82-ac20-374f86f940c7'),
 ('126', '2', 'Image Alt Text', 'imageAltText_loc', 'global', '', '1', 'PlainText', '{\"placeholder\":\"\",\"maxLength\":\"\",\"multiline\":\"\",\"initialRows\":\"4\"}', '2017-08-10 20:22:31', '2017-08-24 21:29:39', 'c4f90e58-2ac9-4c12-83e9-9198eb971be9'),
 ('127', '2', 'Mobile Image', 'mobileImage', 'global', 'Optional  only use if there is a different image needed for mobile.', '0', 'Assets', '{\"useSingleFolder\":\"\",\"sources\":[\"folder:2\"],\"defaultUploadLocationSource\":\"2\",\"defaultUploadLocationSubpath\":\"\",\"singleUploadLocationSource\":\"1\",\"singleUploadLocationSubpath\":\"\",\"restrictFiles\":\"1\",\"allowedKinds\":[\"image\"],\"targetLocale\":\"\",\"limit\":\"1\",\"viewMode\":\"large\",\"selectionLabel\":\"\"}', '2017-08-10 20:23:58', '2017-08-10 20:27:40', '92316498-c45b-4692-a2e6-337b09d9686e'),
 ('128', NULL, 'Video File', 'videoFile', 'matrixBlockType:22', '', '0', 'Assets', '{\"useSingleFolder\":\"\",\"sources\":[\"folder:6\"],\"defaultUploadLocationSource\":\"3\",\"defaultUploadLocationSubpath\":\"\",\"singleUploadLocationSource\":\"1\",\"singleUploadLocationSubpath\":\"\",\"restrictFiles\":\"1\",\"allowedKinds\":[\"video\"],\"targetLocale\":\"\",\"limit\":\"1\",\"viewMode\":\"large\",\"selectionLabel\":\"\"}', '2017-08-10 21:46:15', '2017-08-17 23:32:26', '8fdb0efa-cf47-49e2-b321-83df4c824b2d'),
 ('129', NULL, 'Poster Image', 'posterImage', 'matrixBlockType:22', '', '0', 'Assets', '{\"useSingleFolder\":\"\",\"sources\":[\"folder:2\"],\"defaultUploadLocationSource\":\"2\",\"defaultUploadLocationSubpath\":\"\",\"singleUploadLocationSource\":\"1\",\"singleUploadLocationSubpath\":\"\",\"restrictFiles\":\"\",\"targetLocale\":\"\",\"limit\":\"1\",\"viewMode\":\"large\",\"selectionLabel\":\"\"}', '2017-08-10 21:46:15', '2017-08-17 23:32:26', '681ac01a-8bef-4667-ba03-1ade4aff1eae'),
 ('130', NULL, 'Description Title', 'descriptionTitle_loc', 'matrixBlockType:13', '', '0', 'PlainText', '{\"placeholder\":\"\",\"maxLength\":\"\",\"multiline\":\"\",\"initialRows\":\"4\"}', '2017-08-10 21:47:58', '2017-09-06 00:15:21', '30d571cf-6501-427c-8463-22ae9b98546f'),
 ('131', '2', 'Desktop Video Location', 'desktopVideoLocation', 'global', '', '0', 'Dropdown', '{\"options\":[{\"label\":\"Left\",\"value\":\"left\",\"default\":\"1\"},{\"label\":\"Right\",\"value\":\"right\",\"default\":\"\"}]}', '2017-08-10 21:51:07', '2017-08-10 21:51:07', 'e82ca392-db97-402e-a073-69194499bcc4'),
 ('132', '2', 'Rounded Corners', 'roundedCorners', 'global', '', '0', 'Lightswitch', '{\"default\":\"\"}', '2017-08-10 21:53:08', '2017-08-10 21:53:08', 'b3c75bb9-33e1-48c3-9a71-5969cad10051'),
 ('133', NULL, 'Device Image', 'deviceImage', 'matrixBlockType:13', 'Poster Image for video or stand-alone image', '0', 'Assets', '{\"useSingleFolder\":\"\",\"sources\":[\"folder:2\"],\"defaultUploadLocationSource\":\"2\",\"defaultUploadLocationSubpath\":\"\",\"singleUploadLocationSource\":\"1\",\"singleUploadLocationSubpath\":\"\",\"restrictFiles\":\"1\",\"allowedKinds\":[\"image\"],\"targetLocale\":\"\",\"limit\":\"1\",\"viewMode\":\"large\",\"selectionLabel\":\"\"}', '2017-08-10 22:06:49', '2017-09-06 00:15:21', 'f96c929f-189b-4a2f-838b-aee45816f748'),
 ('135', NULL, 'Button Type', 'buttonType', 'matrixBlockType:11', 'For tracking specific button cases.', '0', 'Dropdown', '{\"options\":[{\"label\":\"Normal\",\"value\":\"normal\",\"default\":\"1\"},{\"label\":\"Getting Started\",\"value\":\"gettingStarted\",\"default\":\"\"},{\"label\":\"Sign Up\",\"value\":\"signUp\",\"default\":\"\"}]}', '2017-08-10 23:29:47', '2017-09-06 00:19:26', '36050d13-8a23-4a9b-b00e-1317754b2d67'),
 ('136', '5', 'Product Filter Title', 'productFilterTitle_loc', 'global', '', '1', 'PlainText', '{\"placeholder\":\"\",\"maxLength\":\"\",\"multiline\":\"\",\"initialRows\":\"4\"}', '2017-08-10 23:31:57', '2017-08-24 21:22:23', '589f2185-9c12-43bb-8efb-237df6ddb6db'),
 ('137', '5', 'Objective Filter Title', 'objectiveFilterTitle_loc', 'global', '', '1', 'PlainText', '{\"placeholder\":\"\",\"maxLength\":\"\",\"multiline\":\"\",\"initialRows\":\"4\"}', '2017-08-10 23:32:15', '2017-08-24 21:22:17', '68bcd39a-2d0f-440a-9e99-c4d149d401d6'),
 ('138', '5', 'Industry Filter Title', 'industryFilterTitle_loc', 'global', '', '1', 'PlainText', '{\"placeholder\":\"\",\"maxLength\":\"\",\"multiline\":\"\",\"initialRows\":\"4\"}', '2017-08-10 23:32:29', '2017-08-24 21:21:38', '1fc78120-cf9e-4a28-94ec-6ae28319db90'),
 ('139', '5', 'No Results Text', 'noResultsText_loc', 'global', 'Translatable text for an empty results return.', '1', 'PlainText', '{\"placeholder\":\"\",\"maxLength\":\"\",\"multiline\":\"\",\"initialRows\":\"4\"}', '2017-08-10 23:36:39', '2017-08-24 21:22:03', 'a09f0f92-e3db-4d86-a29b-cebeef3cfa77'),
 ('140', NULL, 'Section Title', 'sectionTitle_loc', 'matrixBlockType:17', 'Used for side navigation', '0', 'PlainText', '{\"placeholder\":\"\",\"maxLength\":\"\",\"multiline\":\"\",\"initialRows\":\"4\"}', '2017-08-15 23:37:53', '2017-08-24 21:18:16', 'cabeda5e-777f-46c7-ac4a-edf3186e9373'),
 ('141', NULL, 'Section Title', 'sectionTitle_loc', 'matrixBlockType:20', 'Used for side navigation', '0', 'PlainText', '{\"placeholder\":\"\",\"maxLength\":\"\",\"multiline\":\"\",\"initialRows\":\"4\"}', '2017-08-15 23:38:32', '2017-08-31 18:42:03', '3a4d930b-7b1b-4229-8537-de570e4d8472'),
 ('142', '2', 'Autoplay', 'autoplay', 'global', 'When autoplay is enabled, the video will default to muted audio.', '0', 'Lightswitch', '{\"default\":\"\"}', '2017-08-16 18:28:00', '2017-08-29 17:07:24', 'ad4833c3-007f-45ed-bff7-c86231926ab4'),
 ('143', '2', 'Video Controls', 'videoControls', 'global', '', '0', 'Lightswitch', '{\"default\":\"\"}', '2017-08-16 18:28:16', '2017-08-16 18:28:16', 'd158f4cb-8774-434d-9db6-0b76f7329a0f'),
 ('144', '7', 'Entry Builder', 'entryBuilder', 'global', '', '0', 'Neo', '{\"maxBlocks\":null}', '2017-08-21 21:04:13', '2017-09-06 00:06:57', '83db318b-d2e2-45c0-a2fd-9b808ab80287'),
 ('145', '7', 'Hero Image', 'heroImage', 'global', '', '0', 'Matrix', '{\"maxBlocks\":\"1\"}', '2017-08-21 22:24:22', '2017-09-05 21:24:44', '5d765144-8a3f-4887-b34d-0d9e25d84ffe'),
 ('146', '7', 'Card Color', 'cardColor', 'global', '', '0', 'Dropdown', '{\"options\":[{\"label\":\"blue\",\"value\":\"blue\",\"default\":\"\"},{\"label\":\"light blue\",\"value\":\"lightBlue\",\"default\":\"\"},{\"label\":\"green\",\"value\":\"green\",\"default\":\"\"},{\"label\":\"light green\",\"value\":\"lightGreen\",\"default\":\"\"},{\"label\":\"purple\",\"value\":\"purple\",\"default\":\"\"},{\"label\":\"light purple\",\"value\":\"lightPurple\",\"default\":\"\"},{\"label\":\"yellow\",\"value\":\"yellow\",\"default\":\"\"},{\"label\":\"orange\",\"value\":\"orange\",\"default\":\"\"},{\"label\":\"light orange\",\"value\":\"lightOrange\",\"default\":\"\"},{\"label\":\"red\",\"value\":\"red\",\"default\":\"\"},{\"label\":\"light red\",\"value\":\"lightRed\",\"default\":\"\"}]}', '2017-08-22 18:19:36', '2017-08-22 22:33:35', 'c99ccfe0-971c-4d5b-a163-2b6f723f39a0'),
 ('147', '7', 'Entry Industry', 'entryIndustry', 'global', '', '0', 'Categories', '{\"source\":\"group:2\",\"targetLocale\":\"\",\"limit\":\"\",\"selectionLabel\":\"\"}', '2017-08-22 21:11:49', '2017-08-22 21:17:38', 'a2d749d2-9f4e-4aea-a4fc-30c0f0338c33'),
 ('148', '7', 'Entry Region', 'entryRegion', 'global', '', '0', 'Categories', '{\"source\":\"group:6\",\"targetLocale\":\"\",\"limit\":\"\",\"selectionLabel\":\"\"}', '2017-08-22 21:12:51', '2017-08-22 21:17:50', 'eeb1f641-73e5-4ff2-b2ef-d129f97cf7cb'),
 ('149', '7', 'Card Image', 'cardImage', 'global', '', '0', 'Assets', '{\"useSingleFolder\":\"\",\"sources\":[\"folder:2\"],\"defaultUploadLocationSource\":\"2\",\"defaultUploadLocationSubpath\":\"\",\"singleUploadLocationSource\":\"1\",\"singleUploadLocationSubpath\":\"\",\"restrictFiles\":\"1\",\"allowedKinds\":[\"image\"],\"targetLocale\":\"\",\"limit\":\"1\",\"viewMode\":\"large\",\"selectionLabel\":\"\"}', '2017-08-22 21:13:46', '2017-08-22 21:13:46', 'db2c2c76-2d1d-4ba4-b8f5-ff2351b4f10c'),
 ('150', '5', 'Hero Device Image', 'heroDeviceImage', 'global', 'Should be straight-on device (non-angled).', '0', 'Assets', '{\"useSingleFolder\":\"\",\"sources\":\"*\",\"defaultUploadLocationSource\":\"2\",\"defaultUploadLocationSubpath\":\"\",\"singleUploadLocationSource\":\"1\",\"singleUploadLocationSubpath\":\"\",\"restrictFiles\":\"1\",\"allowedKinds\":[\"image\"],\"targetLocale\":\"\",\"limit\":\"1\",\"viewMode\":\"large\",\"selectionLabel\":\"\"}', '2017-08-22 23:05:13', '2017-09-06 18:14:36', '6dffb3fe-1a4c-41da-a921-6802a82da144'),
 ('151', '5', 'Card Device Image', 'cardDeviceImage', 'global', 'Should be the angled version.', '0', 'Assets', '{\"useSingleFolder\":\"\",\"sources\":\"*\",\"defaultUploadLocationSource\":\"2\",\"defaultUploadLocationSubpath\":\"\",\"singleUploadLocationSource\":\"1\",\"singleUploadLocationSubpath\":\"\",\"restrictFiles\":\"1\",\"allowedKinds\":[\"image\"],\"targetLocale\":\"\",\"limit\":\"1\",\"viewMode\":\"large\",\"selectionLabel\":\"\"}', '2017-08-22 23:05:41', '2017-09-06 18:14:01', '8cbfd3eb-f630-4986-ad96-651c9f7eb1f9'),
 ('152', '5', 'Spotlight Description', 'spotlightDescription_loc', 'global', '', '0', 'PlainText', '{\"placeholder\":\"\",\"maxLength\":\"\",\"multiline\":\"\",\"initialRows\":\"4\"}', '2017-08-23 17:58:37', '2017-08-24 21:23:55', '9f0959ba-d485-465d-b7fb-1ff8cc6bb23b'),
 ('153', '5', 'Product Used', 'productUsed_loc', 'global', '', '0', 'PlainText', '{\"placeholder\":\"\",\"maxLength\":\"\",\"multiline\":\"\",\"initialRows\":\"4\"}', '2017-08-23 17:58:52', '2017-08-24 21:22:29', '5ff7f054-adbf-41a5-a3c7-592c43ff50e1'),
 ('154', '5', 'Objective', 'objective_loc', 'global', '', '0', 'PlainText', '{\"placeholder\":\"\",\"maxLength\":\"\",\"multiline\":\"\",\"initialRows\":\"4\"}', '2017-08-23 17:58:59', '2017-08-24 21:22:09', '4ea1dd4a-f5a7-4ec4-b58b-1390bed0ae61'),
 ('155', '4', 'Title', 'title_loc', 'global', '', '1', 'PlainText', '{\"placeholder\":\"\",\"maxLength\":\"\",\"multiline\":\"\",\"initialRows\":\"4\"}', '2017-08-23 21:50:48', '2017-08-23 22:32:50', '69639a7a-196b-4861-bb47-e305bf621346'),
 ('156', '5', 'Region Filter Title', 'regionFilterTitle_loc', 'global', '', '0', 'PlainText', '{\"placeholder\":\"\",\"maxLength\":\"\",\"multiline\":\"\",\"initialRows\":\"4\"}', '2017-08-24 20:59:30', '2017-08-24 21:22:38', '0e8e518f-71a4-4fa7-9bb6-fb905cee7df0'),
 ('157', '8', 'Body', 'body', 'global', '', '0', 'RichText', '{\"configFile\":\"Link.json\",\"availableAssetSources\":\"*\",\"availableTransforms\":\"*\",\"cleanupHtml\":\"1\",\"purifyHtml\":\"1\",\"purifierConfig\":\"\",\"columnType\":\"text\"}', '2017-08-24 21:20:59', '2017-08-24 21:20:59', '7e9afd91-c555-4d76-b8c0-cff87931de14'),
 ('158', NULL, 'Image', 'image', 'matrixBlockType:23', '', '0', 'Assets', '{\"useSingleFolder\":\"\",\"sources\":[\"folder:2\"],\"defaultUploadLocationSource\":\"2\",\"defaultUploadLocationSubpath\":\"\",\"singleUploadLocationSource\":\"1\",\"singleUploadLocationSubpath\":\"\",\"restrictFiles\":\"1\",\"allowedKinds\":[\"image\"],\"targetLocale\":\"\",\"limit\":\"1\",\"viewMode\":\"large\",\"selectionLabel\":\"\"}', '2017-09-05 21:24:44', '2017-09-05 21:24:44', '5daca863-4279-48c0-8c5c-252ef879ddcd'),
 ('159', NULL, 'Alt Text', 'altText', 'matrixBlockType:23', '', '0', 'PlainText', '{\"placeholder\":\"\",\"maxLength\":\"\",\"multiline\":\"\",\"initialRows\":\"4\"}', '2017-09-05 21:24:44', '2017-09-05 21:24:44', '7d89c83f-1385-4309-a6a4-a161e10c3ebe'),
 ('160', '7', 'Text Block', 'textBlock', 'global', '', '0', 'RichText', '{\"configFile\":\"Simple.json\",\"availableAssetSources\":\"\",\"availableTransforms\":\"\",\"cleanupHtml\":\"1\",\"purifyHtml\":\"1\",\"purifierConfig\":\"\",\"columnType\":\"text\"}', '2017-09-05 22:18:06', '2017-09-05 22:18:06', '66cc709b-86a3-4b8d-9b91-81888b7c4569'),
 ('161', '7', 'Block Quote', 'blockQuote', 'global', '', '0', 'Matrix', '{\"maxBlocks\":\"1\"}', '2017-09-05 22:45:02', '2017-09-05 23:37:50', 'e4eb6ab9-3fcd-40ff-a54d-17905278286c'),
 ('162', NULL, 'Quote Text', 'quoteText_loc', 'matrixBlockType:24', '', '1', 'PlainText', '{\"placeholder\":\"\",\"maxLength\":\"\",\"multiline\":\"\",\"initialRows\":\"4\"}', '2017-09-05 22:45:02', '2017-09-05 23:37:50', 'b7fef297-ba5e-49cc-92e6-edca972581b7'),
 ('163', NULL, 'Attribution', 'attribution_loc', 'matrixBlockType:24', 'Adding attribution automatically adds quote marks to block quote.', '1', 'PlainText', '{\"placeholder\":\"(optional)\",\"maxLength\":\"\",\"multiline\":\"\",\"initialRows\":\"4\"}', '2017-09-05 22:45:02', '2017-09-05 23:37:50', '64a14907-af03-4e0a-8e08-fe3fc5d59d11'),
 ('164', '7', 'Takeaway Grid', 'takeawayGrid', 'global', '', '0', 'Matrix', '{\"maxBlocks\":\"3\"}', '2017-09-05 23:48:17', '2017-09-05 23:48:17', '88c1303c-1090-4854-ac3f-98fdbf8fba66'),
 ('165', NULL, 'Image', 'image', 'matrixBlockType:25', '', '0', 'Assets', '{\"useSingleFolder\":\"\",\"sources\":[\"folder:1\"],\"defaultUploadLocationSource\":\"1\",\"defaultUploadLocationSubpath\":\"\",\"singleUploadLocationSource\":\"1\",\"singleUploadLocationSubpath\":\"\",\"restrictFiles\":\"1\",\"allowedKinds\":[\"image\"],\"targetLocale\":\"\",\"limit\":\"1\",\"viewMode\":\"large\",\"selectionLabel\":\"\"}', '2017-09-05 23:48:17', '2017-09-05 23:48:17', 'fe51d9c0-2d6c-4f79-b30c-4ed50114a25d'),
 ('166', NULL, 'Image Alt', 'imageAlt_loc', 'matrixBlockType:25', '', '1', 'PlainText', '{\"placeholder\":\"\",\"maxLength\":\"\",\"multiline\":\"\",\"initialRows\":\"4\"}', '2017-09-05 23:48:17', '2017-09-05 23:48:17', 'cf7c72db-07a1-42e4-915c-1f9eeeb0d551'),
 ('167', NULL, 'Card Body', 'cardBody_loc', 'matrixBlockType:25', '', '1', 'RichText', '{\"configFile\":\"Tooltip.json\",\"availableAssetSources\":\"\",\"availableTransforms\":\"\",\"cleanupHtml\":\"1\",\"purifyHtml\":\"1\",\"purifierConfig\":\"\",\"columnType\":\"text\"}', '2017-09-05 23:48:17', '2017-09-05 23:48:17', '15bb76b2-0a91-46a0-83c6-7dc3a0a44186'),
 ('168', '2', 'Image Caption', 'imageCaption_loc', 'global', '', '1', 'PlainText', '{\"placeholder\":\"(optional)\",\"maxLength\":\"\",\"multiline\":\"\",\"initialRows\":\"4\"}', '2017-09-05 23:51:35', '2017-09-05 23:52:01', 'e2779407-87b2-4b59-b857-bf5edd547f5c'),
 ('169', '7', 'Image Download Button', 'imageDownloadButton', 'global', '', '0', 'Lightswitch', '{\"default\":\"\"}', '2017-09-05 23:53:26', '2017-09-05 23:53:26', '8a830c9e-c246-41f0-8685-18c00c3cc8a2'),
 ('170', '7', 'wide image', 'wideImage', 'global', '', '0', 'Lightswitch', '{\"default\":\"\"}', '2017-09-06 00:03:24', '2017-09-06 00:03:24', '36f40572-c302-4815-9f73-247c4269f677'),
 ('171', '7', 'Stat Cards', 'statCards', 'global', '', '0', 'Matrix', '{\"maxBlocks\":\"4\"}', '2017-09-06 00:06:37', '2017-09-06 22:37:59', 'a875cfff-2932-4348-802f-3278b11fd340'),
 ('172', NULL, 'Large Number', 'largeNumber', 'matrixBlockType:26', '', '0', 'PlainText', '{\"placeholder\":\"\",\"maxLength\":\"\",\"multiline\":\"\",\"initialRows\":\"4\"}', '2017-09-06 00:06:37', '2017-09-06 22:37:59', '2f692511-3a84-41de-8601-aa8c525f6822'),
 ('173', NULL, 'Small Text', 'smallText', 'matrixBlockType:26', '', '1', 'RichText', '{\"configFile\":\"Tooltip.json\",\"availableAssetSources\":\"*\",\"availableTransforms\":\"*\",\"cleanupHtml\":\"1\",\"purifyHtml\":\"1\",\"purifierConfig\":\"\",\"columnType\":\"text\"}', '2017-09-06 00:06:37', '2017-09-06 22:37:59', '9f60e25d-23bc-47ca-bbae-778c4e88a2c9'),
 ('174', '2', 'Image With Alt', 'imageWithAlt', 'global', '', '0', 'Matrix', '{\"maxBlocks\":null}', '2017-09-06 00:18:08', '2017-09-06 00:18:08', 'c740a8ec-6410-435e-923d-11be534d2e31'),
 ('175', NULL, 'Asset', 'asset', 'matrixBlockType:27', '', '0', 'Assets', '{\"useSingleFolder\":\"\",\"sources\":[\"folder:2\"],\"defaultUploadLocationSource\":\"2\",\"defaultUploadLocationSubpath\":\"\",\"singleUploadLocationSource\":\"1\",\"singleUploadLocationSubpath\":\"\",\"restrictFiles\":\"1\",\"allowedKinds\":[\"image\"],\"targetLocale\":\"\",\"limit\":\"1\",\"viewMode\":\"large\",\"selectionLabel\":\"\"}', '2017-09-06 00:18:08', '2017-09-06 00:18:08', '4451fcfc-367e-4a45-9d3a-c80aa74c3256'),
 ('176', NULL, 'Alt Text', 'altText_loc', 'matrixBlockType:27', '', '1', 'PlainText', '{\"placeholder\":\"\",\"maxLength\":\"\",\"multiline\":\"\",\"initialRows\":\"4\"}', '2017-09-06 00:18:08', '2017-09-06 00:18:08', 'c4c97519-3b7a-42e9-bde3-67683e78f519'),
 ('177', '5', 'Light Text', 'lightText', 'global', '', '0', 'Lightswitch', '{\"default\":\"\"}', '2017-09-06 18:00:48', '2017-09-06 18:00:48', 'cd20f956-8921-47a1-b57d-a900a5587afb'),
 ('179', '5', 'Story Builder', 'storyBuilder', 'global', '', '0', 'Neo', '{\"maxBlocks\":null}', '2017-09-06 20:16:26', '2017-09-06 20:53:52', '1fe91a14-414a-4871-920b-83bb7162f052'),
 ('180', '5', 'Video Asset', 'videoAsset', 'global', '', '0', 'Assets', '{\"useSingleFolder\":\"\",\"sources\":[\"folder:6\"],\"defaultUploadLocationSource\":\"3\",\"defaultUploadLocationSubpath\":\"\",\"singleUploadLocationSource\":\"1\",\"singleUploadLocationSubpath\":\"\",\"restrictFiles\":\"1\",\"allowedKinds\":[\"video\"],\"targetLocale\":\"\",\"limit\":\"1\",\"viewMode\":\"list\",\"selectionLabel\":\"\"}', '2017-09-06 20:35:50', '2017-09-06 20:35:50', 'ffd8e093-612f-4b30-8efc-adbac0c66976'),
 ('181', '5', 'Poster Image', 'posterImage', 'global', '', '0', 'Assets', '{\"useSingleFolder\":\"\",\"sources\":[\"folder:2\"],\"defaultUploadLocationSource\":\"2\",\"defaultUploadLocationSubpath\":\"\",\"singleUploadLocationSource\":\"1\",\"singleUploadLocationSubpath\":\"\",\"restrictFiles\":\"1\",\"allowedKinds\":[\"image\"],\"targetLocale\":\"\",\"limit\":\"1\",\"viewMode\":\"list\",\"selectionLabel\":\"\"}', '2017-09-06 20:36:55', '2017-09-06 20:36:55', '0e6885f1-0ef2-4023-a716-fbda6b6f6bca'),
 ('182', '5', 'Description', 'description_loc', 'global', '', '1', 'RichText', '{\"configFile\":\"Tooltip.json\",\"availableAssetSources\":\"\",\"availableTransforms\":\"\",\"cleanupHtml\":\"1\",\"purifyHtml\":\"1\",\"purifierConfig\":\"\",\"columnType\":\"text\"}', '2017-09-06 20:41:11', '2017-09-06 20:41:11', 'e1737f3c-36b1-4bbd-af8f-c054690cadc2'),
 ('183', '5', 'Image Asset', 'imageAsset', 'global', '', '0', 'Assets', '{\"useSingleFolder\":\"\",\"sources\":[\"folder:2\"],\"defaultUploadLocationSource\":\"2\",\"defaultUploadLocationSubpath\":\"\",\"singleUploadLocationSource\":\"1\",\"singleUploadLocationSubpath\":\"\",\"restrictFiles\":\"\",\"targetLocale\":\"\",\"limit\":\"1\",\"viewMode\":\"list\",\"selectionLabel\":\"\"}', '2017-09-06 20:42:34', '2017-09-06 20:42:34', 'adff7867-a376-4b17-81c1-e8d4c2a38ffb'),
 ('184', '5', 'Story Metrics', 'storyMetrics', 'global', '', '0', 'Matrix', '{\"maxBlocks\":\"2\"}', '2017-09-06 20:48:13', '2017-09-06 20:48:13', '4c4a3205-9743-4393-902c-956f5a1b4b76'),
 ('185', NULL, 'Large Number', 'largeNumber_loc', 'matrixBlockType:28', '', '1', 'PlainText', '{\"placeholder\":\"\",\"maxLength\":\"\",\"multiline\":\"\",\"initialRows\":\"4\"}', '2017-09-06 20:48:13', '2017-09-06 20:48:13', '03fa1347-ab08-4bb7-af0c-c1c19360810a'),
 ('186', NULL, 'Small Text', 'smallText_loc', 'matrixBlockType:28', '', '1', 'PlainText', '{\"placeholder\":\"\",\"maxLength\":\"\",\"multiline\":\"\",\"initialRows\":\"4\"}', '2017-09-06 20:48:13', '2017-09-06 20:48:13', 'a959f0a0-e3ad-4d4f-b569-d634fd468aaf'),
 ('187', '5', 'PDF Image', 'pdfImage', 'global', '', '0', 'Assets', '{\"useSingleFolder\":\"\",\"sources\":[\"folder:2\"],\"defaultUploadLocationSource\":\"2\",\"defaultUploadLocationSubpath\":\"\",\"singleUploadLocationSource\":\"1\",\"singleUploadLocationSubpath\":\"\",\"restrictFiles\":\"\",\"targetLocale\":\"\",\"limit\":\"1\",\"viewMode\":\"list\",\"selectionLabel\":\"\"}', '2017-09-06 20:52:41', '2017-09-06 20:52:41', '5ef7724c-3f59-43c6-aa1e-4ad3a556bb3b'),
 ('188', '4', 'Primary Navigation', 'primaryNavigation', 'global', '', '0', 'Neo', '{\"maxBlocks\":\"5\"}', '2017-09-06 22:45:21', '2017-09-06 23:01:26', 'cdc6614a-b5bf-43c8-b30a-2e6bac5f678b'),
 ('189', '4', 'Subnav Items', 'subnavItems', 'global', '', '0', 'Matrix', '{\"maxBlocks\":null}', '2017-09-06 22:47:32', '2017-09-06 22:47:55', 'e43ae94c-3013-4faa-b8bb-87647981015d'),
 ('190', NULL, 'Link Info', 'linkInfo', 'matrixBlockType:29', '', '0', 'FruitLinkIt', '{\"types\":[\"custom\",\"entry\"],\"defaultText\":\"\",\"allowCustomText\":\"1\",\"allowTarget\":\"1\",\"entrySources\":\"*\",\"entrySelectionLabel\":\"Select an entry\",\"assetSources\":\"*\",\"assetSelectionLabel\":\"Select an asset\",\"categorySources\":\"*\",\"categorySelectionLabel\":\"Select a category\"}', '2017-09-06 22:47:32', '2017-09-06 22:47:55', '558ded19-bbcc-4446-b8df-cafa2f5f492b'),
 ('191', '5', 'Success Stories Title', 'successStoriesTitle_loc', 'global', '', '1', 'PlainText', '{\"placeholder\":\"\",\"maxLength\":\"\",\"multiline\":\"\",\"initialRows\":\"4\"}', '2017-09-06 23:10:35', '2017-09-06 23:19:54', 'e1b56156-158e-4678-934f-a311b866575e'),
 ('192', '5', 'Success Stories Button', 'successStoriesButton', 'global', '', '0', 'FruitLinkIt', '{\"types\":[\"entry\"],\"defaultText\":\"\",\"allowCustomText\":\"1\",\"allowTarget\":\"\",\"entrySources\":\"*\",\"entrySelectionLabel\":\"Select an entry\",\"assetSources\":\"\",\"assetSelectionLabel\":\"Select an asset\",\"categorySources\":\"\",\"categorySelectionLabel\":\"Select a category\"}', '2017-09-06 23:11:15', '2017-09-06 23:11:15', 'd48b0ef7-dd52-401b-86e5-8bd6491858ac'),
 ('193', '5', 'Creative Spotlight Title', 'creativeSpotlightTitle_loc', 'global', '', '1', 'PlainText', '{\"placeholder\":\"\",\"maxLength\":\"\",\"multiline\":\"\",\"initialRows\":\"4\"}', '2017-09-06 23:11:37', '2017-09-06 23:19:49', '1cfb597d-fcba-4e4d-9645-02313b7c436d'),
 ('195', '5', 'Creative Spotlight Button', 'creativeSpotlightButton', 'global', '', '0', 'FruitLinkIt', '{\"types\":[\"entry\"],\"defaultText\":\"\",\"allowCustomText\":\"1\",\"allowTarget\":\"\",\"entrySources\":\"*\",\"entrySelectionLabel\":\"Select an entry\",\"assetSources\":\"\",\"assetSelectionLabel\":\"Select an asset\",\"categorySources\":\"\",\"categorySelectionLabel\":\"Select a category\"}', '2017-09-06 23:14:45', '2017-09-06 23:14:45', '80f7b8dc-f9e3-435e-80f4-f738a18dd640');



DROP TABLE IF EXISTS `craft_globalsets`;


--
-- Schema for table `craft_globalsets`
--
CREATE TABLE `craft_globalsets` (
  `id` int(11) NOT NULL,
  `name` varchar(255) COLLATE utf8_unicode_ci NOT NULL,
  `handle` varchar(255) COLLATE utf8_unicode_ci NOT NULL,
  `fieldLayoutId` int(10) DEFAULT NULL,
  `dateCreated` datetime NOT NULL,
  `dateUpdated` datetime NOT NULL,
  `uid` char(36) COLLATE utf8_unicode_ci NOT NULL DEFAULT '0',
  PRIMARY KEY (`id`),
  UNIQUE KEY `craft_globalsets_name_unq_idx` (`name`),
  UNIQUE KEY `craft_globalsets_handle_unq_idx` (`handle`),
  KEY `craft_globalsets_fieldLayoutId_fk` (`fieldLayoutId`)
) ENGINE=InnoDB DEFAULT CHARSET=utf8 COLLATE=utf8_unicode_ci;

--
-- Data for table `craft_globalsets`
--

INSERT INTO `craft_globalsets` (`id`, `name`, `handle`, `fieldLayoutId`, `dateCreated`, `dateUpdated`, `uid`) VALUES
 ('262', 'Header Navigation', 'headerNavigation', '2185', '2017-08-07 21:07:07', '2017-09-06 22:49:54', '8da608e6-b284-4f19-b32d-c91380d30baa'),
 ('263', 'Footer', 'footer', '1740', '2017-08-07 21:07:30', '2017-08-08 17:46:42', '123b4547-a497-446a-915a-ebee552691bd'),
 ('283', 'Legal', 'legal', '1739', '2017-08-08 17:41:58', '2017-08-08 17:41:58', '4175aae5-9dd8-4b2b-88d0-9b54a0638924'),
 ('287', '404', 'error404', '1748', '2017-08-09 17:45:23', '2017-08-09 17:48:15', '02f42d24-fc04-4e70-99eb-5ff0812d1dc4');



DROP TABLE IF EXISTS `craft_info`;


--
-- Schema for table `craft_info`
--
CREATE TABLE `craft_info` (
  `id` int(11) NOT NULL AUTO_INCREMENT,
  `version` varchar(50) COLLATE utf8_unicode_ci NOT NULL,
  `schemaVersion` varchar(15) COLLATE utf8_unicode_ci NOT NULL,
  `edition` tinyint(1) unsigned NOT NULL DEFAULT '0',
  `siteName` varchar(100) COLLATE utf8_unicode_ci NOT NULL,
  `siteUrl` varchar(255) COLLATE utf8_unicode_ci NOT NULL,
  `timezone` varchar(30) COLLATE utf8_unicode_ci DEFAULT NULL,
  `on` tinyint(1) unsigned NOT NULL DEFAULT '0',
  `maintenance` tinyint(1) unsigned NOT NULL DEFAULT '0',
  `dateCreated` datetime NOT NULL,
  `dateUpdated` datetime NOT NULL,
  `uid` char(36) COLLATE utf8_unicode_ci NOT NULL DEFAULT '0',
  PRIMARY KEY (`id`)
) ENGINE=InnoDB AUTO_INCREMENT=2 DEFAULT CHARSET=utf8 COLLATE=utf8_unicode_ci;

--
-- Data for table `craft_info`
--

INSERT INTO `craft_info` (`id`, `version`, `schemaVersion`, `edition`, `siteName`, `siteUrl`, `timezone`, `on`, `maintenance`, `dateCreated`, `dateUpdated`, `uid`) VALUES
 ('1', '2.6.2989', '2.6.10', '2', 'Snapchat Craft', 'http://snapchat.craft.dev', 'America/Los_Angeles', '1', '0', '2017-07-20 17:27:57', '2017-08-16 18:29:45', 'fa51eaf6-9525-4d27-a16b-917e5f67ede4');



DROP TABLE IF EXISTS `craft_locales`;


--
-- Schema for table `craft_locales`
--
CREATE TABLE `craft_locales` (
  `locale` char(12) COLLATE utf8_unicode_ci NOT NULL,
  `sortOrder` smallint(6) unsigned DEFAULT NULL,
  `dateCreated` datetime NOT NULL,
  `dateUpdated` datetime NOT NULL,
  `uid` char(36) COLLATE utf8_unicode_ci NOT NULL DEFAULT '0',
  PRIMARY KEY (`locale`),
  KEY `craft_locales_sortOrder_idx` (`sortOrder`)
) ENGINE=InnoDB DEFAULT CHARSET=utf8 COLLATE=utf8_unicode_ci;

--
-- Data for table `craft_locales`
--

INSERT INTO `craft_locales` (`locale`, `sortOrder`, `dateCreated`, `dateUpdated`, `uid`) VALUES
 ('de_de', '2', '2017-08-07 16:49:39', '2017-08-07 16:49:39', '20861f0e-49ff-4792-a376-ee13c1eeeeed'),
 ('en_us', '1', '2017-07-20 17:27:57', '2017-07-20 17:27:57', '136db553-895a-4d57-93a3-5d0fef9a25fa');



DROP TABLE IF EXISTS `craft_matrixblocks`;


--
-- Schema for table `craft_matrixblocks`
--
CREATE TABLE `craft_matrixblocks` (
  `id` int(11) NOT NULL,
  `ownerId` int(11) NOT NULL,
  `fieldId` int(11) NOT NULL,
  `typeId` int(11) DEFAULT NULL,
  `sortOrder` smallint(6) unsigned DEFAULT NULL,
  `ownerLocale` char(12) COLLATE utf8_unicode_ci DEFAULT NULL,
  `dateCreated` datetime NOT NULL,
  `dateUpdated` datetime NOT NULL,
  `uid` char(36) COLLATE utf8_unicode_ci NOT NULL DEFAULT '0',
  PRIMARY KEY (`id`),
  KEY `craft_matrixblocks_ownerId_idx` (`ownerId`),
  KEY `craft_matrixblocks_fieldId_idx` (`fieldId`),
  KEY `craft_matrixblocks_typeId_idx` (`typeId`),
  KEY `craft_matrixblocks_sortOrder_idx` (`sortOrder`),
  KEY `craft_matrixblocks_ownerLocale_fk` (`ownerLocale`)
) ENGINE=InnoDB DEFAULT CHARSET=utf8 COLLATE=utf8_unicode_ci;

--
-- Data for table `craft_matrixblocks`
--

INSERT INTO `craft_matrixblocks` (`id`, `ownerId`, `fieldId`, `typeId`, `sortOrder`, `ownerLocale`, `dateCreated`, `dateUpdated`, `uid`) VALUES
 ('140', '124', '24', '2', '1', 'en_us', '2017-07-26 23:08:57', '2017-08-17 17:52:22', 'd05cc701-504a-4989-9232-6835474cab84'),
 ('163', '162', '24', '2', '1', 'en_us', '2017-07-26 23:33:33', '2017-08-17 17:52:22', '77053482-2f6e-42ac-a2d5-ca6d8b93bd26'),
 ('191', '190', '58', '6', '1', NULL, '2017-08-01 22:35:00', '2017-08-03 17:11:59', '134b6ed7-b570-4c0c-9e75-429b65a92c31'),
 ('195', '194', '58', '6', '1', NULL, '2017-08-02 00:32:53', '2017-08-03 17:11:59', '16bb9c44-d8a3-4592-b1c2-ad6927310691'),
 ('206', '110', '58', '6', '1', NULL, '2017-08-03 18:46:17', '2017-08-17 17:52:22', 'a80a4c24-a105-447e-8215-7f35bf38370a'),
 ('207', '110', '58', '6', '2', NULL, '2017-08-03 18:50:27', '2017-08-17 17:52:22', '080ce05d-a57d-4da1-b488-408a5a4f58e4'),
 ('208', '110', '58', '6', '3', NULL, '2017-08-03 18:50:27', '2017-08-17 17:52:22', '8aa169d6-18e6-4942-b70c-bfe0601734cb'),
 ('210', '162', '74', '13', '1', 'en_us', '2017-08-03 18:50:27', '2017-08-17 17:52:22', 'f6e60aa8-dfa8-469b-b2b8-0eef6c9ac866'),
 ('211', '162', '74', '13', '2', 'en_us', '2017-08-03 18:50:27', '2017-08-17 17:52:22', '9c4dbd7f-9a76-49a4-a17e-3a325da29c6c'),
 ('212', '119', '71', '11', '1', 'en_us', '2017-08-03 19:02:45', '2017-08-17 17:52:22', '2f0124e8-977e-4b90-ac30-791b785da88f'),
 ('213', '119', '71', '12', '2', 'en_us', '2017-08-03 19:02:45', '2017-08-17 17:52:22', '91794776-eb38-42c7-b66a-c911a8504072'),
 ('214', '124', '58', '6', '1', NULL, '2017-08-03 19:02:45', '2017-08-17 17:52:22', '1c61bf23-fda0-42db-94e2-bb72eaac4c35'),
 ('215', '124', '58', '6', '2', NULL, '2017-08-03 19:02:45', '2017-08-17 17:52:22', 'ff050ea7-bbce-4aa6-b613-970867d506a0'),
 ('216', '124', '58', '6', '3', NULL, '2017-08-03 19:02:45', '2017-08-17 17:52:22', 'c65d2a44-ed93-4984-a05b-f45f36edc29a'),
 ('217', '132', '58', '6', '1', NULL, '2017-08-03 19:02:45', '2017-08-17 17:52:22', '2a927fc4-9ab6-415f-8301-59ba5f1ce7eb'),
 ('218', '132', '58', '6', '2', NULL, '2017-08-03 19:02:45', '2017-08-17 17:52:22', '3abef23a-c476-4d09-877f-d089230a4112'),
 ('219', '132', '58', '6', '3', NULL, '2017-08-03 19:02:45', '2017-08-17 17:52:22', 'a51ea6e1-e230-4469-9f92-13360935c9f2'),
 ('220', '132', '24', '2', '1', 'en_us', '2017-08-03 19:02:45', '2017-08-17 17:52:22', '9f32b9a3-291b-4240-8e83-bc8cfa8f2e16'),
 ('224', '223', '84', '15', '1', NULL, '2017-08-03 22:25:09', '2017-08-03 22:33:25', 'da397990-f746-4965-bb3a-8e3bf49b0c4c'),
 ('225', '223', '84', '15', '2', NULL, '2017-08-03 22:33:25', '2017-08-03 22:33:25', 'b6ac75fc-a10c-4c9e-853a-3e4e1319ae69'),
 ('226', '223', '84', '15', '3', NULL, '2017-08-03 22:33:25', '2017-08-03 22:33:25', 'e13ab477-ba2f-43c3-817a-30d06f0ca1f7'),
 ('227', '223', '84', '15', '4', NULL, '2017-08-03 22:33:25', '2017-08-03 22:33:25', '165ee16a-237a-4c21-ad3d-dab5ce8036af'),
 ('229', '228', '84', '15', '1', NULL, '2017-08-03 22:33:25', '2017-08-03 22:33:25', '82bfe89c-dc31-4669-9d22-8056078885a7'),
 ('230', '228', '84', '15', '2', NULL, '2017-08-03 22:33:25', '2017-08-03 22:33:25', '090575fa-cf88-473b-9f7d-f63d2b786a27'),
 ('231', '228', '84', '15', '3', NULL, '2017-08-03 22:33:25', '2017-08-03 22:33:25', '91063f01-c71f-4762-a1a0-16bf48a2dc45'),
 ('233', '232', '84', '15', '1', NULL, '2017-08-03 22:33:26', '2017-08-03 22:33:26', '3374e180-3f2f-44f2-9004-6d81530c717d'),
 ('234', '232', '84', '15', '2', NULL, '2017-08-03 22:33:26', '2017-08-03 22:33:26', '22f8cc7b-c250-4e00-91ae-bf0a562d5e24'),
 ('235', '232', '84', '15', '3', NULL, '2017-08-03 22:33:26', '2017-08-03 22:33:26', '946df1e1-946c-444d-a2b8-fbe09a9a68cb'),
 ('236', '232', '84', '15', '4', NULL, '2017-08-03 22:33:26', '2017-08-03 22:33:26', 'd9cd155d-8b91-4c1b-8f25-372d4b65835a'),
 ('238', '237', '84', '15', '1', NULL, '2017-08-03 22:33:26', '2017-08-03 22:33:26', 'e284b323-e9a6-4852-8532-f861750f3c86'),
 ('239', '237', '84', '15', '2', NULL, '2017-08-03 22:33:26', '2017-08-03 22:33:26', 'd7f33753-3a5f-47a4-8f63-954b7045c9dc'),
 ('240', '237', '84', '15', '3', NULL, '2017-08-03 22:33:26', '2017-08-03 22:33:26', '6bd433bc-228b-4461-aed8-44e7335d0d20'),
 ('241', '237', '84', '15', '4', NULL, '2017-08-03 22:33:26', '2017-08-03 22:33:26', 'b9830cde-7b99-461d-bc46-35dbbb536579'),
 ('242', '237', '84', '15', '5', NULL, '2017-08-03 22:33:26', '2017-08-03 22:33:26', 'fbcd6cc5-11a9-41da-8eb0-b0a779dc86fd'),
 ('268', '262', '34', '3', '1', 'en_us', '2017-08-07 21:48:31', '2017-09-06 20:51:17', 'f2899f96-8d96-4b5a-9bb8-788a49823353'),
 ('269', '262', '34', '3', '4', 'en_us', '2017-08-07 21:48:31', '2017-09-06 20:51:17', '5eb27354-ec0c-4140-8842-3a3f14046986'),
 ('272', '263', '92', '17', '1', 'en_us', '2017-08-07 23:13:17', '2017-08-09 20:57:20', '9acc6e70-11bc-4ff2-b5c0-e12262caf748'),
 ('273', '263', '96', '18', '1', 'en_us', '2017-08-07 23:13:17', '2017-08-09 20:57:20', '7a2f437f-9bd8-4401-9ffa-a9d5d93382dd'),
 ('275', '263', '99', '19', '1', 'en_us', '2017-08-07 23:13:17', '2017-08-07 23:39:40', '391c64f2-a785-444a-beee-145598a1a174'),
 ('276', '263', '99', '19', '2', 'en_us', '2017-08-07 23:13:17', '2017-08-07 23:39:40', 'b335f538-47ba-4e36-b274-77d86a1f5edc'),
 ('277', '274', '84', '15', '1', 'en_us', '2017-08-07 23:39:40', '2017-08-09 20:57:20', 'd4acc118-4279-4899-af17-5aee608e8d27'),
 ('278', '274', '84', '15', '2', 'en_us', '2017-08-07 23:39:40', '2017-08-09 20:57:20', '1d382981-3c11-4c63-83b8-ffadbae390ac'),
 ('279', '274', '84', '15', '3', 'en_us', '2017-08-07 23:39:40', '2017-08-09 20:57:20', '86634209-8846-4dff-9df7-e2afb05f64a5'),
 ('280', '274', '84', '15', '4', 'en_us', '2017-08-07 23:39:40', '2017-08-09 20:57:20', '8c625660-30c6-4838-9392-29137c763573'),
 ('282', '262', '36', '4', '1', 'en_us', '2017-08-07 23:46:45', '2017-09-06 23:00:13', 'c597c093-05bd-4ba8-b14c-847207dc702a'),
 ('284', '283', '99', '19', '1', 'en_us', '2017-08-08 17:46:27', '2017-08-08 17:46:47', '36860201-7106-4381-8372-2a17d8add60f'),
 ('285', '283', '99', '19', '2', 'en_us', '2017-08-08 17:46:27', '2017-08-08 17:46:47', '071d5230-30a3-4e46-b392-431810ba0ef6'),
 ('293', '262', '34', '3', '2', 'en_us', '2017-08-09 20:50:51', '2017-09-06 20:51:17', 'bafe3696-79f6-428b-91a0-c7bb6907f435'),
 ('294', '262', '34', '3', '3', 'en_us', '2017-08-09 20:50:51', '2017-09-06 20:51:17', '14c557f6-39b0-4ac0-946b-4e44707aafeb'),
 ('297', '262', '36', '4', '2', 'en_us', '2017-08-09 20:50:51', '2017-09-06 23:00:13', '93a2d327-f2da-41cb-987a-38c5eed8dfb7'),
 ('298', '262', '36', '4', '3', 'en_us', '2017-08-09 20:50:51', '2017-09-06 23:00:13', 'b2554af3-1019-469f-b059-30d8a6bf556b'),
 ('300', '299', '84', '15', '1', 'en_us', '2017-08-09 20:57:20', '2017-08-09 20:57:20', '998f0496-9862-414a-9261-75652c9cc5c6'),
 ('301', '299', '84', '15', '2', 'en_us', '2017-08-09 20:57:20', '2017-08-09 20:57:20', '759c3be6-b9fe-4f8b-aee0-6ac468f2a07e'),
 ('302', '299', '84', '15', '3', 'en_us', '2017-08-09 20:57:20', '2017-08-09 20:57:20', 'a1927e64-520e-475b-9331-7b3728da37f3'),
 ('304', '303', '84', '15', '1', 'en_us', '2017-08-09 20:57:20', '2017-08-09 20:57:20', 'e7a06aac-11c0-47ab-8e7e-4f96734832ee'),
 ('305', '303', '84', '15', '2', 'en_us', '2017-08-09 20:57:20', '2017-08-09 20:57:20', 'b6309041-130f-4786-bc75-531595cd4d7f'),
 ('306', '303', '84', '15', '3', 'en_us', '2017-08-09 20:57:20', '2017-08-09 20:57:20', '2e292e31-7326-4194-8aeb-592fbbc37804'),
 ('307', '303', '84', '15', '4', 'en_us', '2017-08-09 20:57:20', '2017-08-09 20:57:20', '91446fd3-7a11-464b-be8c-a988d07f638d'),
 ('309', '308', '84', '15', '1', 'en_us', '2017-08-09 20:57:20', '2017-08-09 20:57:20', '60a427a9-b51e-429c-8a8e-b53606de0941'),
 ('310', '308', '84', '15', '2', 'en_us', '2017-08-09 20:57:20', '2017-08-09 20:57:20', '41fc9d75-deb9-4d79-9a95-8f956b52efa9'),
 ('311', '308', '84', '15', '3', 'en_us', '2017-08-09 20:57:20', '2017-08-09 20:57:20', 'ef52bfc4-a1fb-4d68-95c2-c998b842125f'),
 ('312', '308', '84', '15', '4', 'en_us', '2017-08-09 20:57:20', '2017-08-09 20:57:20', 'd12719ae-d9bf-43b5-ac06-1030286c9f69'),
 ('313', '308', '84', '15', '5', 'en_us', '2017-08-09 20:57:20', '2017-08-09 20:57:20', 'e5bb86aa-3748-4a0f-a797-d7391b175c57'),
 ('315', '314', '89', '16', '1', 'en_us', '2017-08-10 22:00:29', '2017-08-31 22:08:12', 'af7c7a1c-8501-4b40-bc35-465f036f23f9'),
 ('316', '314', '89', '16', '2', 'en_us', '2017-08-10 22:00:29', '2017-08-31 22:08:12', 'a62adb27-9b3c-40ed-955c-3efb33f63e0e'),
 ('319', '318', '67', '10', '1', 'en_us', '2017-08-10 22:00:29', '2017-08-31 22:08:12', '0e9573d1-5020-4f98-834a-e6b631d5c248'),
 ('320', '318', '67', '10', '2', 'en_us', '2017-08-10 22:00:29', '2017-08-31 22:08:12', 'c50d2337-d093-42a7-8263-7b003d01acde'),
 ('321', '318', '67', '10', '3', 'en_us', '2017-08-10 22:00:29', '2017-08-31 22:08:12', '939d5695-1754-4824-8299-8c320b62ab73'),
 ('323', '322', '45', '21', '1', NULL, '2017-08-10 22:00:29', '2017-08-31 22:08:12', '91ab01b0-4fa7-4832-8253-bf579e288c58'),
 ('324', '322', '45', '21', '2', NULL, '2017-08-10 22:00:29', '2017-08-31 22:08:12', '227e8646-c5f1-4e23-9f1a-5bbb813bfa36'),
 ('325', '322', '45', '21', '3', NULL, '2017-08-10 22:00:29', '2017-08-31 22:08:12', '2e3b7654-473e-4fa3-ac09-d4f056466980'),
 ('327', '326', '58', '6', '1', NULL, '2017-08-10 22:00:29', '2017-08-31 22:08:12', '75ee204b-52dc-4df7-8b0f-dae957dc7bc9'),
 ('328', '326', '58', '6', '2', NULL, '2017-08-10 22:11:49', '2017-08-31 22:08:12', '8376f7d8-d4f3-470e-a96a-ea34b8992da8'),
 ('329', '326', '58', '6', '3', NULL, '2017-08-10 22:11:49', '2017-08-31 22:08:12', 'b93dee75-ea1c-4936-96dc-74c716987f2e'),
 ('332', '331', '71', '11', '1', 'en_us', '2017-08-10 22:11:49', '2017-08-31 22:08:12', '3fe4092f-c1ef-4bb1-b313-f61908c46ab8'),
 ('333', '331', '71', '11', '2', 'en_us', '2017-08-10 22:11:49', '2017-08-31 22:08:12', '50b5d2ec-e8f3-4344-ae44-1296f117bf57'),
 ('334', '331', '71', '12', '3', 'en_us', '2017-08-10 22:11:49', '2017-08-31 22:08:12', '04b7f4d8-26c5-4991-92fa-b5bd7fd8af83'),
 ('336', '335', '71', '11', '1', 'en_us', '2017-08-10 22:11:49', '2017-08-31 22:08:13', 'f7b11afa-d5d5-4fe7-b54f-8bf768360c45'),
 ('337', '335', '71', '11', '2', 'en_us', '2017-08-10 22:11:49', '2017-08-31 22:08:13', '4d018278-e3af-4045-a3bb-695b7817a408'),
 ('338', '335', '71', '12', '3', 'en_us', '2017-08-10 22:11:49', '2017-08-31 22:08:13', 'b94a53ca-4994-4dc4-86a3-7c0a7647f580'),
 ('430', '429', '71', '11', '1', 'en_us', '2017-08-30 22:28:57', '2017-08-31 22:08:13', 'b1facd29-262e-41be-b796-7cefa287d94b'),
 ('432', '431', '71', '11', '1', 'en_us', '2017-08-30 22:28:57', '2017-08-31 22:08:13', '3f3a6703-5be6-4dcf-8ee3-6f17b7d53537'),
 ('434', '433', '29', '22', '1', NULL, '2017-08-30 22:28:57', '2017-08-31 22:08:13', 'd46778a2-9bef-4ad6-8033-a8c0142d8e10'),
 ('442', '270', '112', '20', '1', 'en_us', '2017-08-31 21:30:07', '2017-08-31 21:43:48', '82c306e9-9839-41f7-aca2-78681d3209e4'),
 ('443', '433', '71', '11', '1', 'en_us', '2017-08-31 22:08:13', '2017-08-31 22:08:13', 'a672ba87-5de0-493f-ab0a-4b48a48cd9c9'),
 ('452', '447', '189', '29', '1', NULL, '2017-09-06 22:56:51', '2017-09-06 22:56:51', '9019b48a-f89e-451e-b24d-6655ee6b4b9a'),
 ('453', '447', '189', '29', '2', NULL, '2017-09-06 22:56:51', '2017-09-06 22:56:51', '7723db7a-e6dc-446f-a037-83e67f510209'),
 ('455', '454', '189', '29', '1', NULL, '2017-09-06 22:59:39', '2017-09-06 23:00:13', '0eff84f3-c992-4b5f-9aa5-0acfbe46bdd3'),
 ('456', '454', '189', '29', '2', NULL, '2017-09-06 22:59:39', '2017-09-06 23:00:13', 'a41b7635-5251-4fa7-973f-b5cfa8735d24');



DROP TABLE IF EXISTS `craft_matrixblocktypes`;


--
-- Schema for table `craft_matrixblocktypes`
--
CREATE TABLE `craft_matrixblocktypes` (
  `id` int(11) NOT NULL AUTO_INCREMENT,
  `fieldId` int(11) NOT NULL,
  `fieldLayoutId` int(11) DEFAULT NULL,
  `name` varchar(255) COLLATE utf8_unicode_ci NOT NULL,
  `handle` varchar(255) COLLATE utf8_unicode_ci NOT NULL,
  `sortOrder` smallint(6) unsigned DEFAULT NULL,
  `dateCreated` datetime NOT NULL,
  `dateUpdated` datetime NOT NULL,
  `uid` char(36) COLLATE utf8_unicode_ci NOT NULL DEFAULT '0',
  PRIMARY KEY (`id`),
  UNIQUE KEY `craft_matrixblocktypes_name_fieldId_unq_idx` (`name`,`fieldId`),
  UNIQUE KEY `craft_matrixblocktypes_handle_fieldId_unq_idx` (`handle`,`fieldId`),
  KEY `craft_matrixblocktypes_fieldId_fk` (`fieldId`),
  KEY `craft_matrixblocktypes_fieldLayoutId_fk` (`fieldLayoutId`)
) ENGINE=InnoDB AUTO_INCREMENT=30 DEFAULT CHARSET=utf8 COLLATE=utf8_unicode_ci;

--
-- Data for table `craft_matrixblocktypes`
--

INSERT INTO `craft_matrixblocktypes` (`id`, `fieldId`, `fieldLayoutId`, `name`, `handle`, `sortOrder`, `dateCreated`, `dateUpdated`, `uid`) VALUES
 ('1', '10', '79', 'copy', 'copy', '1', '2017-07-20 20:18:09', '2017-07-20 20:18:09', 'd9024681-3fef-45a5-909d-9188e3267d1e'),
 ('2', '24', '1980', 'tooltip', 'tooltip', '1', '2017-07-21 21:26:05', '2017-08-29 21:54:09', 'ff10a70c-3d90-4dd3-b7af-df100be5c150'),
 ('3', '34', '2179', 'Nav Item', 'navItem', '1', '2017-07-21 23:09:34', '2017-09-06 22:47:43', 'a472d260-0711-41a1-b637-4b4eb1e268f8'),
 ('4', '36', '1973', 'Nav Item', 'navItem', '1', '2017-07-21 23:10:13', '2017-08-29 21:50:41', 'd6681651-3e00-4d4b-b6f8-b5217f987ddc'),
 ('5', '55', '1168', 'Device', 'device', '1', '2017-08-01 17:05:51', '2017-08-01 17:05:51', '782834b1-153b-4dde-a94f-75f36df2f989'),
 ('6', '58', '1967', 'Device', 'device', '1', '2017-08-01 20:47:10', '2017-08-24 21:31:54', '03260055-f663-454e-9e8e-7023481dcceb'),
 ('10', '67', '1964', 'Image Card', 'imageCard', '1', '2017-08-03 17:57:36', '2017-08-24 21:30:03', '81e0b783-ec63-4a54-99e8-0293b4a443bb'),
 ('11', '71', '2123', 'Primary Button', 'primaryButton', '1', '2017-08-03 18:14:16', '2017-09-06 00:19:26', 'c7ab1968-0e66-4c61-9914-e73cc9c28548'),
 ('12', '71', '2124', 'Secondary Button', 'secondaryButton', '2', '2017-08-03 18:14:16', '2017-09-06 00:19:26', '2819a98e-d51d-4a14-b62e-9713bac9e68e'),
 ('13', '74', '2106', 'Tab', 'tab', '1', '2017-08-03 18:33:03', '2017-09-06 00:15:21', '24693de1-e4f9-4ba5-9f1b-22694a511b9c'),
 ('14', '78', '1968', 'Step', 'step', '1', '2017-08-03 18:36:28', '2017-08-24 21:34:21', '6a266812-30bd-46ca-9b88-1dd8dcfd2e49'),
 ('15', '84', '1977', 'Link', 'link', '1', '2017-08-03 22:18:12', '2017-08-29 21:53:18', '4be83893-c18d-407d-874e-9dedb424745a'),
 ('16', '89', '1959', 'Annotation', 'annotation', '1', '2017-08-07 22:10:30', '2017-08-24 21:25:18', '953391f5-5deb-44a2-a0bc-9daeab96eda6'),
 ('17', '92', '1955', 'Pre Footer Component', 'preFooterComponent', '1', '2017-08-07 22:56:53', '2017-08-24 21:18:16', 'f16a4347-3758-4bdc-972b-73534daf142a'),
 ('18', '96', '1979', 'Ad Manger Component', 'adMangerComponent', '1', '2017-08-07 22:58:56', '2017-08-29 21:53:48', 'b8456be9-da35-429c-b214-1a8da9b1c0f7'),
 ('19', '99', '1975', 'Legal Link', 'legalLink', '1', '2017-08-07 23:00:59', '2017-08-29 21:51:06', '0a0d6390-55cb-4203-9583-b45e33effd94'),
 ('20', '112', '1983', 'hero', 'hero', '1', '2017-08-09 18:18:34', '2017-08-31 18:42:03', '41345ca3-55ac-4bd6-9154-38f355fb47ea'),
 ('21', '45', '1966', 'logo', 'logo', '1', '2017-08-10 16:55:47', '2017-08-24 21:31:39', '99b4f145-c4b4-4b35-aa0c-6a86b0047f62'),
 ('22', '29', '1892', 'Video Attributes', 'videoAttributes', '1', '2017-08-10 21:46:15', '2017-08-17 23:32:26', 'b06c3887-a2f5-497c-935b-ab173e12e927'),
 ('23', '145', '1992', 'Hero', 'hero', '1', '2017-09-05 21:24:44', '2017-09-05 21:24:49', '76f4901d-3e00-40e2-8f7f-74e48a5cf174'),
 ('24', '161', '2010', 'Quote Content', 'quoteContent', '1', '2017-09-05 22:45:02', '2017-09-05 23:37:50', '18fffe1a-1469-4360-93e5-2f2d63275e4a'),
 ('25', '164', '2030', 'Card', 'card', '1', '2017-09-05 23:48:17', '2017-09-05 23:48:17', 'd4283fb0-8c9c-423a-afd4-1c453c3c4dfa'),
 ('26', '171', '2173', 'Stat Card', 'statCard', '1', '2017-09-06 00:06:37', '2017-09-06 22:37:59', '969690cc-9692-46af-ae3d-031e45c56430'),
 ('27', '174', '2107', 'Image', 'image', '1', '2017-09-06 00:18:08', '2017-09-06 00:18:08', '7ce222f0-ccb5-4205-bd67-fefee0481ec4'),
 ('28', '184', '2153', 'Metric', 'metric', '1', '2017-09-06 20:48:13', '2017-09-06 20:48:13', '7b1961d3-8d0e-4395-93c8-5061a98e8986'),
 ('29', '189', '2180', 'Subnav Item', 'subnavItem', '1', '2017-09-06 22:47:32', '2017-09-06 22:47:55', '52ead2a5-53b3-4f93-8357-0c730a351bca');



DROP TABLE IF EXISTS `craft_matrixcontent_admanager`;


--
-- Schema for table `craft_matrixcontent_admanager`
--
CREATE TABLE `craft_matrixcontent_admanager` (
  `id` int(11) NOT NULL AUTO_INCREMENT,
  `elementId` int(11) NOT NULL,
  `locale` char(12) COLLATE utf8_unicode_ci NOT NULL,
  `field_adMangerComponent_text_loc` text COLLATE utf8_unicode_ci,
  `field_adMangerComponent_loginLink` text COLLATE utf8_unicode_ci,
  `dateCreated` datetime NOT NULL,
  `dateUpdated` datetime NOT NULL,
  `uid` char(36) COLLATE utf8_unicode_ci NOT NULL DEFAULT '0',
  PRIMARY KEY (`id`),
  UNIQUE KEY `craft_matrixcontent_admanager_elementId_locale_unq_idx` (`elementId`,`locale`),
  KEY `craft_matrixcontent_admanager_locale_idx` (`locale`)
) ENGINE=InnoDB AUTO_INCREMENT=2 DEFAULT CHARSET=utf8 COLLATE=utf8_unicode_ci;

--
-- Data for table `craft_matrixcontent_admanager`
--

INSERT INTO `craft_matrixcontent_admanager` (`id`, `elementId`, `locale`, `field_adMangerComponent_text_loc`, `field_adMangerComponent_loginLink`, `dateCreated`, `dateUpdated`, `uid`) VALUES
 ('1', '273', 'en_us', 'Already have an account?', '{\"type\":\"custom\",\"custom\":\"https:\\/\\/business.snapchat.com\",\"entry\":\"\",\"customText\":\"Log in to Ad Manager\",\"target\":\"_blank\"}', '2017-08-07 23:13:17', '2017-08-09 20:57:20', '434d88a7-f69a-400f-a2c3-f84319b12a7a');



DROP TABLE IF EXISTS `craft_matrixcontent_blockquote`;


--
-- Schema for table `craft_matrixcontent_blockquote`
--
CREATE TABLE `craft_matrixcontent_blockquote` (
  `id` int(11) NOT NULL AUTO_INCREMENT,
  `elementId` int(11) NOT NULL,
  `locale` char(12) COLLATE utf8_unicode_ci NOT NULL,
  `field_quoteContent_quoteText_loc` text COLLATE utf8_unicode_ci,
  `field_quoteContent_attribution_loc` text COLLATE utf8_unicode_ci,
  `dateCreated` datetime NOT NULL,
  `dateUpdated` datetime NOT NULL,
  `uid` char(36) COLLATE utf8_unicode_ci NOT NULL DEFAULT '0',
  PRIMARY KEY (`id`),
  UNIQUE KEY `craft_matrixcontent_blockquote_elementId_locale_unq_idx` (`elementId`,`locale`),
  KEY `craft_matrixcontent_blockquote_locale_fk` (`locale`)
) ENGINE=InnoDB DEFAULT CHARSET=utf8 COLLATE=utf8_unicode_ci;

DROP TABLE IF EXISTS `craft_matrixcontent_cb_copylockup`;


--
-- Schema for table `craft_matrixcontent_cb_copylockup`
--
CREATE TABLE `craft_matrixcontent_cb_copylockup` (
  `id` int(11) NOT NULL AUTO_INCREMENT,
  `elementId` int(11) NOT NULL,
  `locale` char(12) COLLATE utf8_unicode_ci NOT NULL,
  `field_copy_headline` text COLLATE utf8_unicode_ci,
  `field_copy_paragraph` text COLLATE utf8_unicode_ci,
  `dateCreated` datetime NOT NULL,
  `dateUpdated` datetime NOT NULL,
  `uid` char(36) COLLATE utf8_unicode_ci NOT NULL DEFAULT '0',
  PRIMARY KEY (`id`),
  UNIQUE KEY `craft_matrixcontent_cb_copylockup_elementId_locale_unq_idx` (`elementId`,`locale`),
  KEY `craft_matrixcontent_cb_copylockup_locale_fk` (`locale`)
) ENGINE=InnoDB DEFAULT CHARSET=utf8 COLLATE=utf8_unicode_ci;

DROP TABLE IF EXISTS `craft_matrixcontent_chillahtooltip`;


--
-- Schema for table `craft_matrixcontent_chillahtooltip`
--
CREATE TABLE `craft_matrixcontent_chillahtooltip` (
  `id` int(11) NOT NULL AUTO_INCREMENT,
  `elementId` int(11) NOT NULL,
  `locale` char(12) COLLATE utf8_unicode_ci NOT NULL,
  `field_tooltip_tooltipText_loc` text COLLATE utf8_unicode_ci,
  `field_tooltip_location` varchar(255) COLLATE utf8_unicode_ci DEFAULT 'topLeft',
  `dateCreated` datetime NOT NULL,
  `dateUpdated` datetime NOT NULL,
  `uid` char(36) COLLATE utf8_unicode_ci NOT NULL DEFAULT '0',
  PRIMARY KEY (`id`),
  UNIQUE KEY `craft_matrixcontent_chillahtooltip_elementId_locale_unq_idx` (`elementId`,`locale`),
  KEY `craft_matrixcontent_chillahtooltip_locale_idx` (`locale`)
) ENGINE=InnoDB AUTO_INCREMENT=4 DEFAULT CHARSET=utf8 COLLATE=utf8_unicode_ci;

--
-- Data for table `craft_matrixcontent_chillahtooltip`
--

INSERT INTO `craft_matrixcontent_chillahtooltip` (`id`, `elementId`, `locale`, `field_tooltip_tooltipText_loc`, `field_tooltip_location`, `dateCreated`, `dateUpdated`, `uid`) VALUES
 ('1', '140', 'en_us', '<p>On average, more than a billion Snaps with Filters are viewed every day.<sup>1</sup></p>', 'topRight', '2017-07-26 23:08:57', '2017-08-17 17:52:22', 'b2ceb556-d5a2-430b-b068-716436ebd058'),
 ('2', '163', 'en_us', '<p>On average, over 10 billion videos are watched on Snapchat every day.<sup>1</sup></p>', 'topLeft', '2017-07-26 23:33:33', '2017-08-17 17:52:22', '1f102d6b-6197-4348-8e8d-06f38b2daaf8'),
 ('3', '220', 'en_us', '<p>The best lenses average more than 20 seconds of play time!<sup>1</sup></p>', 'topRight', '2017-08-03 19:02:45', '2017-08-17 17:52:22', '4ccdb544-6b3f-465f-9281-ae9fe5257776');



DROP TABLE IF EXISTS `craft_matrixcontent_ctabuttons`;


--
-- Schema for table `craft_matrixcontent_ctabuttons`
--
CREATE TABLE `craft_matrixcontent_ctabuttons` (
  `id` int(11) NOT NULL AUTO_INCREMENT,
  `elementId` int(11) NOT NULL,
  `locale` char(12) COLLATE utf8_unicode_ci NOT NULL,
  `field_primaryButton_button` text COLLATE utf8_unicode_ci,
  `field_secondaryButton_button` text COLLATE utf8_unicode_ci,
  `field_primaryButton_outline` tinyint(1) unsigned NOT NULL DEFAULT '0',
  `field_primaryButton_buttonType` varchar(255) COLLATE utf8_unicode_ci DEFAULT 'normal',
  `dateCreated` datetime NOT NULL,
  `dateUpdated` datetime NOT NULL,
  `uid` char(36) COLLATE utf8_unicode_ci NOT NULL DEFAULT '0',
  PRIMARY KEY (`id`),
  UNIQUE KEY `craft_matrixcontent_ctabuttons_elementId_locale_unq_idx` (`elementId`,`locale`),
  KEY `craft_matrixcontent_ctabuttons_locale_fk` (`locale`)
) ENGINE=InnoDB AUTO_INCREMENT=14 DEFAULT CHARSET=utf8 COLLATE=utf8_unicode_ci;

--
-- Data for table `craft_matrixcontent_ctabuttons`
--

INSERT INTO `craft_matrixcontent_ctabuttons` (`id`, `elementId`, `locale`, `field_primaryButton_button`, `field_secondaryButton_button`, `field_primaryButton_outline`, `field_primaryButton_buttonType`, `dateCreated`, `dateUpdated`, `uid`) VALUES
 ('1', '212', 'en_us', '{\"type\":\"custom\",\"custom\":\"https:\\/\\/geofilters.snapchat.com\",\"entry\":\"\",\"customText\":\"Create A Filter\",\"target\":\"_blank\"}', NULL, '0', 'normal', '2017-08-03 19:02:45', '2017-08-17 17:52:22', 'ebc95ab3-8cfb-4b00-88d6-098887cb6a13'),
 ('2', '213', 'en_us', NULL, '{\"type\":\"custom\",\"custom\":\"https:\\/\\/businesshelp.snapchat.com\\/en-US\\/article\\/create-geofilter\",\"entry\":\"\",\"customText\":\"View Guidelines\",\"target\":\"_blank\"}', '0', NULL, '2017-08-03 19:02:45', '2017-08-17 17:52:22', '2b4927d3-023a-419f-95e7-ebfc91bf02be'),
 ('3', '332', 'en_us', '{\"type\":\"custom\",\"custom\":\"forbusiness.snapchat.com\",\"entry\":\"\",\"customText\":\"Primary Button Outlined\",\"target\":\"_blank\"}', NULL, '1', 'normal', '2017-08-10 22:11:49', '2017-08-31 22:08:12', '615c1f1f-9669-4cac-a4ba-2ab4153d91df'),
 ('4', '333', 'en_us', '{\"type\":\"custom\",\"custom\":\"forbusiness.snapchat.com\",\"entry\":\"\",\"customText\":\"Primary Button Filled\",\"target\":\"_blank\"}', NULL, '0', 'normal', '2017-08-10 22:11:49', '2017-08-31 22:08:12', 'cbc61320-bf09-423e-a38f-213f5c51d868'),
 ('5', '334', 'en_us', NULL, '{\"type\":\"custom\",\"custom\":\"forbusiness.snapchat.com\",\"entry\":\"\",\"customText\":\"Secondary Button\",\"target\":\"_blank\"}', '0', NULL, '2017-08-10 22:11:49', '2017-08-31 22:08:12', '3803cce5-bfa5-4b71-ac92-e506750c9660'),
 ('6', '336', 'en_us', '{\"type\":\"custom\",\"custom\":\"forbusiness.snapchat.com\",\"entry\":\"\",\"customText\":\"Primary Button Outlined\",\"target\":\"_blank\"}', NULL, '1', 'normal', '2017-08-10 22:11:49', '2017-08-31 22:08:13', 'bdcff621-730d-4287-b189-c69a54ccfa4d'),
 ('7', '337', 'en_us', '{\"type\":\"custom\",\"custom\":\"forbusiness.snapchat.com\",\"entry\":\"\",\"customText\":\"Primary Button Filled\",\"target\":\"\"}', NULL, '0', 'normal', '2017-08-10 22:11:49', '2017-08-31 22:08:13', 'adf77909-196e-4730-a045-2ea74e2e8da3'),
 ('8', '338', 'en_us', NULL, '{\"type\":\"custom\",\"custom\":\"snapchat.com\",\"entry\":\"\",\"customText\":\"Secondary Button\",\"target\":\"_blank\"}', '0', NULL, '2017-08-10 22:11:49', '2017-08-31 22:08:13', '7ad6c1de-d485-4481-a0ef-91457b028e94'),
 ('9', '430', 'en_us', '{\"type\":\"custom\",\"custom\":\"http:\\/\\/snapchat.com\",\"entry\":\"\",\"customText\":\"CTA Button\",\"target\":\"_blank\"}', NULL, '1', 'normal', '2017-08-30 22:28:57', '2017-08-31 22:08:13', '53b977bf-d828-4bc7-921b-6383a6e40891'),
 ('10', '432', 'en_us', '{\"type\":\"custom\",\"custom\":\"http:\\/\\/snapchat.com\",\"entry\":\"\",\"customText\":\"CTA Button\",\"target\":\"\"}', NULL, '0', 'normal', '2017-08-30 22:28:57', '2017-08-31 22:08:13', '0c171dd5-4f78-4e19-8b7d-b825b69f3c86'),
 ('13', '443', 'en_us', '{\"type\":\"custom\",\"custom\":\"http:\\/\\/google.com\",\"entry\":\"\",\"customText\":\"Test\",\"target\":\"\"}', NULL, '1', 'normal', '2017-08-31 22:08:13', '2017-08-31 22:08:13', 'ecd13cb3-8424-4337-8469-ee89e05fee51');



DROP TABLE IF EXISTS `craft_matrixcontent_devicetab`;


--
-- Schema for table `craft_matrixcontent_devicetab`
--
CREATE TABLE `craft_matrixcontent_devicetab` (
  `id` int(11) NOT NULL AUTO_INCREMENT,
  `elementId` int(11) NOT NULL,
  `locale` char(12) COLLATE utf8_unicode_ci NOT NULL,
  `field_tab_tabLabel_loc` text COLLATE utf8_unicode_ci,
  `field_tab_description_loc` text COLLATE utf8_unicode_ci,
  `field_tab_primaryCta` text COLLATE utf8_unicode_ci,
  `field_tab_secondaryLink` text COLLATE utf8_unicode_ci,
  `field_tab_descriptionTitle_loc` text COLLATE utf8_unicode_ci,
  `dateCreated` datetime NOT NULL,
  `dateUpdated` datetime NOT NULL,
  `uid` char(36) COLLATE utf8_unicode_ci NOT NULL DEFAULT '0',
  PRIMARY KEY (`id`),
  UNIQUE KEY `craft_matrixcontent_devicetab_elementId_locale_unq_idx` (`elementId`,`locale`),
  KEY `craft_matrixcontent_devicetab_locale_fk` (`locale`)
) ENGINE=InnoDB AUTO_INCREMENT=3 DEFAULT CHARSET=utf8 COLLATE=utf8_unicode_ci;

--
-- Data for table `craft_matrixcontent_devicetab`
--

INSERT INTO `craft_matrixcontent_devicetab` (`id`, `elementId`, `locale`, `field_tab_tabLabel_loc`, `field_tab_description_loc`, `field_tab_primaryCta`, `field_tab_secondaryLink`, `field_tab_descriptionTitle_loc`, `dateCreated`, `dateUpdated`, `uid`) VALUES
 ('1', '210', 'en_us', 'Snap ads', '<p>Snap Ads are full-screen, 100% viewable, and have audio on by default.</p>', '', '', '', '2017-08-03 18:50:27', '2017-08-17 17:52:22', '682c560c-d401-46ce-98f1-19537b3c8e9f'),
 ('2', '211', 'en_us', '+ Web View', '<p>Drive traffic to your pre-loaded website. With our Auto-Fill feature, Snapchatters can send you their account email and more by just tapping.</p>', '', '', '', '2017-08-03 18:50:27', '2017-08-17 17:52:22', '93a0977b-ac50-45ae-b0f7-19283267131e');



DROP TABLE IF EXISTS `craft_matrixcontent_grouplinks`;


--
-- Schema for table `craft_matrixcontent_grouplinks`
--
CREATE TABLE `craft_matrixcontent_grouplinks` (
  `id` int(11) NOT NULL AUTO_INCREMENT,
  `elementId` int(11) NOT NULL,
  `locale` char(12) COLLATE utf8_unicode_ci NOT NULL,
  `field_link_footerLink` text COLLATE utf8_unicode_ci,
  `dateCreated` datetime NOT NULL,
  `dateUpdated` datetime NOT NULL,
  `uid` char(36) COLLATE utf8_unicode_ci NOT NULL DEFAULT '0',
  PRIMARY KEY (`id`),
  UNIQUE KEY `craft_matrixcontent_grouplinks_elementId_locale_unq_idx` (`elementId`,`locale`),
  KEY `craft_matrixcontent_grouplinks_locale_idx` (`locale`)
) ENGINE=InnoDB AUTO_INCREMENT=33 DEFAULT CHARSET=utf8 COLLATE=utf8_unicode_ci;

--
-- Data for table `craft_matrixcontent_grouplinks`
--

INSERT INTO `craft_matrixcontent_grouplinks` (`id`, `elementId`, `locale`, `field_link_footerLink`, `dateCreated`, `dateUpdated`, `uid`) VALUES
 ('1', '224', 'en_us', '{\"type\":\"custom\",\"custom\":\"https:\\/\\/www.snap.com\\/en-US\\/\",\"entry\":\"\",\"customText\":\"Snap Inc.\",\"target\":\"_blank\"}', '2017-08-03 22:25:09', '2017-08-07 16:49:46', 'b870245d-1029-4e0b-a20d-30f140aeda34'),
 ('2', '225', 'en_us', '{\"type\":\"custom\",\"custom\":\"https:\\/\\/www.snapchat.com\\/\",\"entry\":\"\",\"customText\":\"Snapchat\",\"target\":\"_blank\"}', '2017-08-03 22:33:25', '2017-08-07 16:49:46', 'ef3a7a60-05f4-4367-b908-513daa8fb063'),
 ('3', '226', 'en_us', '{\"type\":\"custom\",\"custom\":\"https:\\/\\/www.snap.com\\/en-US\\/jobs\\/\",\"entry\":\"\",\"customText\":\"Jobs\",\"target\":\"_blank\"}', '2017-08-03 22:33:25', '2017-08-07 16:49:46', 'a5caa3f6-4b92-43dd-bf27-12e1322ecc7b'),
 ('4', '227', 'en_us', '{\"type\":\"custom\",\"custom\":\"https:\\/\\/www.snap.com\\/en-US\\/news\\/\",\"entry\":\"\",\"customText\":\"News\",\"target\":\"_blank\"}', '2017-08-03 22:33:25', '2017-08-07 16:49:46', 'b7fa59c0-64dc-4f1d-a810-239526caf436'),
 ('5', '229', 'en_us', '{\"type\":\"custom\",\"custom\":\"https:\\/\\/support.snapchat.com\",\"entry\":\"\",\"customText\":\"Support\",\"target\":\"_blank\"}', '2017-08-03 22:33:25', '2017-08-07 16:49:46', '79f8be87-a659-4051-a901-b7483e54bec7'),
 ('6', '230', 'en_us', '{\"type\":\"custom\",\"custom\":\"https:\\/\\/support.snapchat.com\\/en-US\\/a\\/guidelines\",\"entry\":\"\",\"customText\":\"Community Guidelines\",\"target\":\"_blank\"}', '2017-08-03 22:33:25', '2017-08-07 16:49:46', 'a1513d0c-4582-452a-bfde-0d9d70168fce'),
 ('7', '231', 'en_us', '{\"type\":\"custom\",\"custom\":\"https:\\/\\/www.snapchat.com\\/safety\",\"entry\":\"\",\"customText\":\"Safety Center\",\"target\":\"_blank\"}', '2017-08-03 22:33:25', '2017-08-07 16:49:46', '29527e7a-c2fe-44ca-bea6-320141d9efcd'),
 ('8', '233', 'en_us', '{\"type\":\"custom\",\"custom\":\"https:\\/\\/ads.snapchat.com\\/getstarted\",\"entry\":\"\",\"customText\":\"Buy Ads\",\"target\":\"_blank\"}', '2017-08-03 22:33:25', '2017-08-07 16:49:46', 'd65202f6-6570-4b2a-9084-ba7953ff8c71'),
 ('9', '234', 'en_us', '{\"type\":\"custom\",\"custom\":\"https:\\/\\/www.snap.com\\/en-US\\/ad-policies\\/\",\"entry\":\"\",\"customText\":\"Advertising Policies\",\"target\":\"_blank\"}', '2017-08-03 22:33:26', '2017-08-07 16:49:46', '554f11d9-5621-409f-88e9-bc86d27d3597'),
 ('10', '235', 'en_us', '{\"type\":\"custom\",\"custom\":\"https:\\/\\/www.snap.com\\/en-US\\/brand-guidelines\\/\",\"entry\":\"\",\"customText\":\"Brand Guidelines\",\"target\":\"_blank\"}', '2017-08-03 22:33:26', '2017-08-07 16:49:47', 'b55526c6-ee13-4292-853c-ad1e8cf3a2d5'),
 ('11', '236', 'en_us', '{\"type\":\"custom\",\"custom\":\"https:\\/\\/support.snapchat.com\\/en-US\\/a\\/promotions-rules\",\"entry\":\"\",\"customText\":\"Pormotions Rules\",\"target\":\"_blank\"}', '2017-08-03 22:33:26', '2017-08-07 16:49:47', 'e1ed5e43-29ce-4aa4-a6bf-1f88e1da0779'),
 ('12', '238', 'en_us', '{\"type\":\"custom\",\"custom\":\"https:\\/\\/www.snap.com\\/en-US\\/privacy\\/privacy-center\\/\",\"entry\":\"\",\"customText\":\"Privacy Center\",\"target\":\"_blank\"}', '2017-08-03 22:33:26', '2017-08-07 16:49:47', '6cccb752-c57c-473a-913c-7c0255c894ca'),
 ('13', '239', 'en_us', '{\"type\":\"custom\",\"custom\":\"https:\\/\\/www.snap.com\\/en-US\\/cookie-policy\\/\",\"entry\":\"\",\"customText\":\"Cookie Policy\",\"target\":\"_blank\"}', '2017-08-03 22:33:26', '2017-08-07 16:49:47', '59d39cf3-df9e-4aa6-9d88-64d10c287e40'),
 ('14', '240', 'en_us', '{\"type\":\"custom\",\"custom\":\"https:\\/\\/support.snapchat.com\\/en-US\\/co\\/report-copyright\",\"entry\":\"\",\"customText\":\"Copyright\",\"target\":\"_blank\"}', '2017-08-03 22:33:26', '2017-08-07 16:49:47', '7e728541-d56e-41bd-a7ae-dc6ad0b65654'),
 ('15', '241', 'en_us', '{\"type\":\"custom\",\"custom\":\"https:\\/\\/www.snap.com\\/en-US\\/terms\\/on-demand-geofilters\\/\",\"entry\":\"\",\"customText\":\"On-Demand Geofilter Terms and Conditions\",\"target\":\"_blank\"}', '2017-08-03 22:33:26', '2017-08-07 16:49:47', '4a2b1ca7-152a-4f0d-b283-413ccba473c3'),
 ('16', '242', 'en_us', '{\"type\":\"custom\",\"custom\":\"https:\\/\\/www.snapchat.com\\/geofilters\\/terms.html\",\"entry\":\"\",\"customText\":\"Community Filter Terms and Conditions\",\"target\":\"_blank\"}', '2017-08-03 22:33:26', '2017-08-07 16:49:47', 'd7390a38-0558-4fff-bbe1-11a301c60f0b'),
 ('17', '277', 'en_us', '{\"type\":\"custom\",\"custom\":\"https:\\/\\/www.snap.com\\/\",\"entry\":\"\",\"customText\":\"Snap Inc.\",\"target\":\"_blank\"}', '2017-08-07 23:39:40', '2017-08-09 20:57:20', '09dd432b-4887-4bbd-be9e-72c797c39309'),
 ('18', '278', 'en_us', '{\"type\":\"custom\",\"custom\":\"https:\\/\\/www.snapchat.com\",\"entry\":\"\",\"customText\":\"Snapchat\",\"target\":\"_blank\"}', '2017-08-07 23:39:40', '2017-08-09 20:57:20', '080c1567-9e8a-4ad7-b69e-f805485fbedf'),
 ('19', '279', 'en_us', '{\"type\":\"custom\",\"custom\":\"https:\\/\\/www.snap.com\\/jobs\\/\",\"entry\":\"\",\"customText\":\"Jobs\",\"target\":\"_blank\"}', '2017-08-07 23:39:40', '2017-08-09 20:57:20', '0a8d1b5e-847b-4055-9e65-16d3909ecec2'),
 ('20', '280', 'en_us', '{\"type\":\"custom\",\"custom\":\"https:\\/\\/www.snap.com\\/news\\/\",\"entry\":\"\",\"customText\":\"News\",\"target\":\"_blank\"}', '2017-08-07 23:39:40', '2017-08-09 20:57:20', '6ffa34d4-5cda-4414-a4ad-1eee0f25c21f'),
 ('21', '300', 'en_us', '{\"type\":\"custom\",\"custom\":\"https:\\/\\/support.snapchat.com\",\"entry\":\"\",\"customText\":\"Support\",\"target\":\"_blank\"}', '2017-08-09 20:57:20', '2017-08-09 20:57:20', '7f6892fd-1725-4e02-bb7e-c3cca59a83b0'),
 ('22', '301', 'en_us', '{\"type\":\"custom\",\"custom\":\"https:\\/\\/support.snapchat.com\",\"entry\":\"\",\"customText\":\"Community Guidelines\",\"target\":\"_blank\"}', '2017-08-09 20:57:20', '2017-08-09 20:57:20', '6f78a193-7b12-4c6f-ba20-f8931cc96592'),
 ('23', '302', 'en_us', '{\"type\":\"custom\",\"custom\":\"https:\\/\\/www.snapchat.com\\/safety\",\"entry\":\"\",\"customText\":\"Safety Center\",\"target\":\"_blank\"}', '2017-08-09 20:57:20', '2017-08-09 20:57:20', 'fc8b55a1-27fe-41b3-961c-e0a71ca01806'),
 ('24', '304', 'en_us', '{\"type\":\"custom\",\"custom\":\"https:\\/\\/ads.snapchat.com\\/getstarted\",\"entry\":\"\",\"customText\":\"Buy Ads\",\"target\":\"_blank\"}', '2017-08-09 20:57:20', '2017-08-09 20:57:20', '3405eaef-abbe-4299-b5d9-7d2425f5fc9e'),
 ('25', '305', 'en_us', '{\"type\":\"custom\",\"custom\":\"https:\\/\\/www.snap.com\\/en-US\\/ad-policies\\/\",\"entry\":\"\",\"customText\":\"Advertising Policies\",\"target\":\"_blank\"}', '2017-08-09 20:57:20', '2017-08-09 20:57:20', '244ac2f8-3df5-4596-b6af-355e555c6afc'),
 ('26', '306', 'en_us', '{\"type\":\"custom\",\"custom\":\"https:\\/\\/www.snap.com\\/en-US\\/brand-guidelines\\/\",\"entry\":\"\",\"customText\":\"Brand Guidelines\",\"target\":\"_blank\"}', '2017-08-09 20:57:20', '2017-08-09 20:57:20', '7ea008fc-9b11-402c-ad72-43a806ef3049'),
 ('27', '307', 'en_us', '{\"type\":\"custom\",\"custom\":\"https:\\/\\/support.snapchat.com\\/en-US\\/a\\/promotions-rules\",\"entry\":\"\",\"customText\":\"Promotions Rules\",\"target\":\"_blank\"}', '2017-08-09 20:57:20', '2017-08-09 20:57:20', '339d4503-3be6-455a-a659-5357aff32b30'),
 ('28', '309', 'en_us', '{\"type\":\"custom\",\"custom\":\"https:\\/\\/www.snap.com\\/en-US\\/privacy\\/privacy-center\\/\",\"entry\":\"\",\"customText\":\"Privacy Center\",\"target\":\"_blank\"}', '2017-08-09 20:57:20', '2017-08-09 20:57:20', 'b634539b-f5dd-4766-bf65-acdb70221958'),
 ('29', '310', 'en_us', '{\"type\":\"custom\",\"custom\":\"https:\\/\\/www.snap.com\\/en-US\\/cookie-policy\\/\",\"entry\":\"\",\"customText\":\"Cookie Policy\",\"target\":\"_blank\"}', '2017-08-09 20:57:20', '2017-08-09 20:57:20', '64b0e983-932f-4614-8c0f-2409a5ef4418'),
 ('30', '311', 'en_us', '{\"type\":\"custom\",\"custom\":\"https:\\/\\/support.snapchat.com\\/en-US\\/co\\/report-copyright\",\"entry\":\"\",\"customText\":\"Copyright\",\"target\":\"_blank\"}', '2017-08-09 20:57:20', '2017-08-09 20:57:20', '1d979de5-72e9-48d7-b777-6e5e70de8d34'),
 ('31', '312', 'en_us', '{\"type\":\"custom\",\"custom\":\"https:\\/\\/www.snap.com\\/en-US\\/terms\\/on-demand-geofilters\\/\",\"entry\":\"\",\"customText\":\"On-Demand Geofilter Terms and Conditions\",\"target\":\"_blank\"}', '2017-08-09 20:57:20', '2017-08-09 20:57:20', '306dfd30-0d67-4018-a40a-be069a921b4c'),
 ('32', '313', 'en_us', '{\"type\":\"custom\",\"custom\":\"https:\\/\\/www.snapchat.com\\/geofilters\\/terms.html\",\"entry\":\"\",\"customText\":\"Community Filter Terms and Conditions\",\"target\":\"_blank\"}', '2017-08-09 20:57:20', '2017-08-09 20:57:20', 'f7cbf4b4-d188-4dd3-9965-ec418cc5a3fb');



DROP TABLE IF EXISTS `craft_matrixcontent_heroimage`;


--
-- Schema for table `craft_matrixcontent_heroimage`
--
CREATE TABLE `craft_matrixcontent_heroimage` (
  `id` int(11) NOT NULL AUTO_INCREMENT,
  `elementId` int(11) NOT NULL,
  `locale` char(12) COLLATE utf8_unicode_ci NOT NULL,
  `field_hero_altText` text COLLATE utf8_unicode_ci,
  `dateCreated` datetime NOT NULL,
  `dateUpdated` datetime NOT NULL,
  `uid` char(36) COLLATE utf8_unicode_ci NOT NULL DEFAULT '0',
  PRIMARY KEY (`id`),
  UNIQUE KEY `craft_matrixcontent_heroimage_elementId_locale_unq_idx` (`elementId`,`locale`),
  KEY `craft_matrixcontent_heroimage_locale_fk` (`locale`)
) ENGINE=InnoDB DEFAULT CHARSET=utf8 COLLATE=utf8_unicode_ci;

DROP TABLE IF EXISTS `craft_matrixcontent_homehero`;


--
-- Schema for table `craft_matrixcontent_homehero`
--
CREATE TABLE `craft_matrixcontent_homehero` (
  `id` int(11) NOT NULL AUTO_INCREMENT,
  `elementId` int(11) NOT NULL,
  `locale` char(12) COLLATE utf8_unicode_ci NOT NULL,
  `field_hero_headline_loc` text COLLATE utf8_unicode_ci,
  `field_hero_button` text COLLATE utf8_unicode_ci,
  `field_hero_buttonOutline` tinyint(1) unsigned NOT NULL DEFAULT '0',
  `field_hero_sectionTitle_loc` text COLLATE utf8_unicode_ci,
  `dateCreated` datetime NOT NULL,
  `dateUpdated` datetime NOT NULL,
  `uid` char(36) COLLATE utf8_unicode_ci NOT NULL DEFAULT '0',
  PRIMARY KEY (`id`),
  UNIQUE KEY `craft_matrixcontent_homehero_elementId_locale_unq_idx` (`elementId`,`locale`),
  KEY `craft_matrixcontent_homehero_locale_fk` (`locale`)
) ENGINE=InnoDB AUTO_INCREMENT=3 DEFAULT CHARSET=utf8 COLLATE=utf8_unicode_ci;

--
-- Data for table `craft_matrixcontent_homehero`
--

INSERT INTO `craft_matrixcontent_homehero` (`id`, `elementId`, `locale`, `field_hero_headline_loc`, `field_hero_button`, `field_hero_buttonOutline`, `field_hero_sectionTitle_loc`, `dateCreated`, `dateUpdated`, `uid`) VALUES
 ('2', '442', 'en_us', 'This is the hero headline', '{\"type\":\"custom\",\"custom\":\"snapchat.com\",\"entry\":\"\",\"customText\":\"I\'m a button\",\"target\":\"_blank\"}', '0', 'Intro to home', '2017-08-31 21:30:07', '2017-08-31 21:43:48', 'd8d154be-2982-428b-8f37-840178a62e36');



DROP TABLE IF EXISTS `craft_matrixcontent_imagecardrow`;


--
-- Schema for table `craft_matrixcontent_imagecardrow`
--
CREATE TABLE `craft_matrixcontent_imagecardrow` (
  `id` int(11) NOT NULL AUTO_INCREMENT,
  `elementId` int(11) NOT NULL,
  `locale` char(12) COLLATE utf8_unicode_ci NOT NULL,
  `field_imageCard_headline_loc` text COLLATE utf8_unicode_ci,
  `field_imageCard_body_loc` text COLLATE utf8_unicode_ci,
  `dateCreated` datetime NOT NULL,
  `dateUpdated` datetime NOT NULL,
  `uid` char(36) COLLATE utf8_unicode_ci NOT NULL DEFAULT '0',
  PRIMARY KEY (`id`),
  UNIQUE KEY `craft_matrixcontent_imagecardrow_elementId_locale_unq_idx` (`elementId`,`locale`),
  KEY `craft_matrixcontent_imagecardrow_locale_fk` (`locale`)
) ENGINE=InnoDB AUTO_INCREMENT=4 DEFAULT CHARSET=utf8 COLLATE=utf8_unicode_ci;

--
-- Data for table `craft_matrixcontent_imagecardrow`
--

INSERT INTO `craft_matrixcontent_imagecardrow` (`id`, `elementId`, `locale`, `field_imageCard_headline_loc`, `field_imageCard_body_loc`, `dateCreated`, `dateUpdated`, `uid`) VALUES
 ('1', '319', 'en_us', 'Card 1 Headline', '<p>Card 1 body text</p>', '2017-08-10 22:00:29', '2017-08-31 22:08:12', 'f0fcca3e-b84e-4144-a4e8-c7c5350c0a76'),
 ('2', '320', 'en_us', 'Card 2 Headline', '<p>Card 2 body text goes right here.</p>', '2017-08-10 22:00:29', '2017-08-31 22:08:12', '1f6f161f-137c-4fd5-a99d-119b0fa72902'),
 ('3', '321', 'en_us', 'Card 3 Headline', '<p>Card 3 body looks like this.</p>', '2017-08-10 22:00:29', '2017-08-31 22:08:12', '183cb3bc-e2d2-40a1-9f83-8f7d9cd99413');



DROP TABLE IF EXISTS `craft_matrixcontent_imagewithalt`;


--
-- Schema for table `craft_matrixcontent_imagewithalt`
--
CREATE TABLE `craft_matrixcontent_imagewithalt` (
  `id` int(11) NOT NULL AUTO_INCREMENT,
  `elementId` int(11) NOT NULL,
  `locale` char(12) COLLATE utf8_unicode_ci NOT NULL,
  `field_image_altText_loc` text COLLATE utf8_unicode_ci,
  `dateCreated` datetime NOT NULL,
  `dateUpdated` datetime NOT NULL,
  `uid` char(36) COLLATE utf8_unicode_ci NOT NULL DEFAULT '0',
  PRIMARY KEY (`id`),
  UNIQUE KEY `craft_matrixcontent_imagewithalt_elementId_locale_unq_idx` (`elementId`,`locale`),
  KEY `craft_matrixcontent_imagewithalt_locale_fk` (`locale`)
) ENGINE=InnoDB DEFAULT CHARSET=utf8 COLLATE=utf8_unicode_ci;

DROP TABLE IF EXISTS `craft_matrixcontent_legallinks`;


--
-- Schema for table `craft_matrixcontent_legallinks`
--
CREATE TABLE `craft_matrixcontent_legallinks` (
  `id` int(11) NOT NULL AUTO_INCREMENT,
  `elementId` int(11) NOT NULL,
  `locale` char(12) COLLATE utf8_unicode_ci NOT NULL,
  `field_legalLink_linkInfo` text COLLATE utf8_unicode_ci,
  `dateCreated` datetime NOT NULL,
  `dateUpdated` datetime NOT NULL,
  `uid` char(36) COLLATE utf8_unicode_ci NOT NULL DEFAULT '0',
  PRIMARY KEY (`id`),
  UNIQUE KEY `craft_matrixcontent_legallinks_elementId_locale_unq_idx` (`elementId`,`locale`),
  KEY `craft_matrixcontent_legallinks_locale_idx` (`locale`)
) ENGINE=InnoDB AUTO_INCREMENT=5 DEFAULT CHARSET=utf8 COLLATE=utf8_unicode_ci;

--
-- Data for table `craft_matrixcontent_legallinks`
--

INSERT INTO `craft_matrixcontent_legallinks` (`id`, `elementId`, `locale`, `field_legalLink_linkInfo`, `dateCreated`, `dateUpdated`, `uid`) VALUES
 ('1', '275', 'en_us', '{\"type\":\"custom\",\"custom\":\"https:\\/\\/www.snap.com\\/en-US\\/privacy\\/privacy-policy\\/\",\"entry\":\"\",\"customText\":\"Privacy Policy\",\"target\":\"_blank\"}', '2017-08-07 23:13:17', '2017-08-07 23:39:40', '1a828335-e74e-49ff-86fb-8d38498579af'),
 ('2', '276', 'en_us', '{\"type\":\"custom\",\"custom\":\"https:\\/\\/www.snap.com\\/en-US\\/terms\\/\",\"entry\":\"\",\"customText\":\"Terms of Service\",\"target\":\"_blank\"}', '2017-08-07 23:13:17', '2017-08-07 23:39:40', 'b804b62a-7fd9-40a6-8d9b-b2f240f93160'),
 ('3', '284', 'en_us', '{\"type\":\"custom\",\"custom\":\"https:\\/\\/www.snap.com\\/en-US\\/privacy\\/privacy-policy\\/\",\"entry\":\"\",\"customText\":\"Privacy Policy\",\"target\":\"_blank\"}', '2017-08-08 17:46:27', '2017-08-08 17:46:47', '2c458b34-1e8d-452e-aaf9-b4b706088f96'),
 ('4', '285', 'en_us', '{\"type\":\"custom\",\"custom\":\"https:\\/\\/www.snap.com\\/en-US\\/terms\\/\",\"entry\":\"\",\"customText\":\"Terms of Service\",\"target\":\"_blank\"}', '2017-08-08 17:46:27', '2017-08-08 17:46:47', '4de022ac-7371-4317-a276-b185be98c0eb');



DROP TABLE IF EXISTS `craft_matrixcontent_logos`;


--
-- Schema for table `craft_matrixcontent_logos`
--
CREATE TABLE `craft_matrixcontent_logos` (
  `id` int(11) NOT NULL AUTO_INCREMENT,
  `elementId` int(11) NOT NULL,
  `locale` char(12) COLLATE utf8_unicode_ci NOT NULL,
  `field_logo_imageAltText_loc` text COLLATE utf8_unicode_ci,
  `field_logo_imageLinkUrl` text COLLATE utf8_unicode_ci,
  `dateCreated` datetime NOT NULL,
  `dateUpdated` datetime NOT NULL,
  `uid` char(36) COLLATE utf8_unicode_ci NOT NULL DEFAULT '0',
  PRIMARY KEY (`id`),
  UNIQUE KEY `craft_matrixcontent_logos_elementId_locale_unq_idx` (`elementId`,`locale`),
  KEY `craft_matrixcontent_logos_locale_fk` (`locale`)
) ENGINE=InnoDB AUTO_INCREMENT=4 DEFAULT CHARSET=utf8 COLLATE=utf8_unicode_ci;

--
-- Data for table `craft_matrixcontent_logos`
--

INSERT INTO `craft_matrixcontent_logos` (`id`, `elementId`, `locale`, `field_logo_imageAltText_loc`, `field_logo_imageLinkUrl`, `dateCreated`, `dateUpdated`, `uid`) VALUES
 ('1', '323', 'en_us', 'Adjust logo', 'https://forbusiness.snapchat.com', '2017-08-10 22:00:29', '2017-08-31 22:08:12', '925d7917-44c3-45d0-aa05-187d510a36ad'),
 ('2', '324', 'en_us', 'Appsflyer logo', 'https://forbusiness.snapchat.com', '2017-08-10 22:00:29', '2017-08-31 22:08:12', 'd16feb2a-9089-4683-8cbf-8c20675c1a47'),
 ('3', '325', 'en_us', 'Double Click logo', 'https://forbusiness.snapchat.com', '2017-08-10 22:00:29', '2017-08-31 22:08:12', '3a8d5e2d-a620-4afa-a6a5-0801c1f222c4');



DROP TABLE IF EXISTS `craft_matrixcontent_mobiledevices`;


--
-- Schema for table `craft_matrixcontent_mobiledevices`
--
CREATE TABLE `craft_matrixcontent_mobiledevices` (
  `id` int(11) NOT NULL AUTO_INCREMENT,
  `elementId` int(11) NOT NULL,
  `locale` char(12) COLLATE utf8_unicode_ci NOT NULL,
  `field_device_headline_loc` text COLLATE utf8_unicode_ci,
  `field_device_subhead_loc` text COLLATE utf8_unicode_ci,
  `dateCreated` datetime NOT NULL,
  `dateUpdated` datetime NOT NULL,
  `uid` char(36) COLLATE utf8_unicode_ci NOT NULL DEFAULT '0',
  PRIMARY KEY (`id`),
  UNIQUE KEY `craft_matrixcontent_mobiledevices_elementId_locale_unq_idx` (`elementId`,`locale`),
  KEY `craft_matrixcontent_mobiledevices_locale_fk` (`locale`)
) ENGINE=InnoDB AUTO_INCREMENT=21 DEFAULT CHARSET=utf8 COLLATE=utf8_unicode_ci;

--
-- Data for table `craft_matrixcontent_mobiledevices`
--

INSERT INTO `craft_matrixcontent_mobiledevices` (`id`, `elementId`, `locale`, `field_device_headline_loc`, `field_device_subhead_loc`, `dateCreated`, `dateUpdated`, `uid`) VALUES
 ('5', '191', 'en_us', 'Headline john', 'subhead jogn', '2017-08-01 22:35:00', '2017-08-07 16:49:46', '3d4f5e30-bd9d-4b60-9768-0ad402827125'),
 ('7', '195', 'en_us', 'test1', 'test1', '2017-08-02 00:32:52', '2017-08-07 16:49:46', 'e97ebff3-6edb-4d85-8402-77db2f700dfd'),
 ('9', '206', 'en_us', 'Snap Ads', '<p>Captivate your audience with full-screen Snap Ads.</p>', '2017-08-03 18:46:17', '2017-08-17 17:52:22', '51b7444e-c78b-446e-8da4-34bebbe3eff8'),
 ('10', '207', 'en_us', 'Filters', '<p>Own a place or event with location-based Filters.</p>', '2017-08-03 18:50:27', '2017-08-17 17:52:22', '25bc1107-e2d2-43b9-9868-5d37a31c43e6'),
 ('11', '208', 'en_us', 'Lenses', '<p>Invite customers to play and share with Lenses.</p>', '2017-08-03 18:50:27', '2017-08-17 17:52:22', '8ea433a4-d707-4c08-8d68-69a01ea5dba1'),
 ('12', '214', 'en_us', '', '', '2017-08-03 19:02:45', '2017-08-17 17:52:22', '65a44a8a-5752-4a62-8bff-0fb123c63ef9'),
 ('13', '215', 'en_us', '', '', '2017-08-03 19:02:45', '2017-08-17 17:52:22', '82988cbc-5c2b-42be-a24d-26dde265824e'),
 ('14', '216', 'en_us', '', '', '2017-08-03 19:02:45', '2017-08-17 17:52:22', '7a56102c-5f6d-4be9-b2b1-bd0007ff69b3'),
 ('15', '217', 'en_us', '', '', '2017-08-03 19:02:45', '2017-08-17 17:52:22', 'fc208643-ec52-4829-8f16-43efc2b4c1a5'),
 ('16', '218', 'en_us', '', '', '2017-08-03 19:02:45', '2017-08-17 17:52:22', '6cb68dbf-6a75-4ae1-9260-6bf84c6c4cbd'),
 ('17', '219', 'en_us', '', '', '2017-08-03 19:02:45', '2017-08-17 17:52:22', '11c8ef04-1092-44c5-9933-065e21dd512d'),
 ('18', '327', 'en_us', 'Device 1 headline', '<p>Quam diu etiam furor iste tuus nos eludet? Plura mihi bona sunt, inclinet, amari petere vellent.</p>', '2017-08-10 22:00:29', '2017-08-31 22:08:12', 'f0fdde0e-e5fb-420b-b547-aded6a095801'),
 ('19', '328', 'en_us', 'Device 2 Headline', '<p>Quam diu etiam furor iste tuus nos eludet? Plura mihi bona sunt, inclinet, amari petere vellent.</p>', '2017-08-10 22:11:49', '2017-08-31 22:08:12', '83255f0e-218e-4ed4-a447-0d0eb174ef87'),
 ('20', '329', 'en_us', 'Device 3 Headline', '<p>Quam diu etiam furor iste tuus nos eludet? Plura mihi bona sunt, inclinet, amari petere vellent.</p>', '2017-08-10 22:11:49', '2017-08-31 22:08:12', 'f04de447-e110-4edd-a87b-da4b99c8cdf1');



DROP TABLE IF EXISTS `craft_matrixcontent_navitems`;


--
-- Schema for table `craft_matrixcontent_navitems`
--
CREATE TABLE `craft_matrixcontent_navitems` (
  `id` int(11) NOT NULL AUTO_INCREMENT,
  `elementId` int(11) NOT NULL,
  `locale` char(12) COLLATE utf8_unicode_ci NOT NULL,
  `field_navItem_linkInfo` text COLLATE utf8_unicode_ci,
  `dateCreated` datetime NOT NULL,
  `dateUpdated` datetime NOT NULL,
  `uid` char(36) COLLATE utf8_unicode_ci NOT NULL DEFAULT '0',
  PRIMARY KEY (`id`),
  UNIQUE KEY `craft_matrixcontent_navitems_elementId_locale_unq_idx` (`elementId`,`locale`),
  KEY `craft_matrixcontent_navitems_locale_idx` (`locale`)
) ENGINE=InnoDB AUTO_INCREMENT=5 DEFAULT CHARSET=utf8 COLLATE=utf8_unicode_ci;

--
-- Data for table `craft_matrixcontent_navitems`
--

INSERT INTO `craft_matrixcontent_navitems` (`id`, `elementId`, `locale`, `field_navItem_linkInfo`, `dateCreated`, `dateUpdated`, `uid`) VALUES
 ('1', '268', 'en_us', '{\"type\":\"entry\",\"custom\":\"\",\"entry\":[\"98\"],\"customText\":\"Ad Products\",\"target\":\"\"}', '2017-08-07 21:48:31', '2017-09-06 20:51:17', 'b6380389-5bec-442d-bcdf-6364ae69e5d7'),
 ('2', '269', 'en_us', '{\"type\":\"entry\",\"custom\":\"\",\"entry\":[\"264\"],\"customText\":\"Blog\",\"target\":\"\"}', '2017-08-07 21:48:31', '2017-09-06 20:51:17', '6342c0b8-1e9e-4744-a8aa-7798cfe66427'),
 ('3', '293', 'en_us', '{\"type\":\"entry\",\"custom\":\"\",\"entry\":[\"290\"],\"customText\":\"Audiences\",\"target\":\"\"}', '2017-08-09 20:50:51', '2017-09-06 20:51:17', '33d70c58-67e5-4ce9-b60e-16284ecbaf05'),
 ('4', '294', 'en_us', '{\"type\":\"entry\",\"custom\":\"\",\"entry\":[\"291\"],\"customText\":\"\",\"target\":\"\"}', '2017-08-09 20:50:51', '2017-09-06 20:51:17', 'c827f119-c6e8-4d0b-baa4-fe7a8808bbbd');



DROP TABLE IF EXISTS `craft_matrixcontent_pageannotations`;


--
-- Schema for table `craft_matrixcontent_pageannotations`
--
CREATE TABLE `craft_matrixcontent_pageannotations` (
  `id` int(11) NOT NULL AUTO_INCREMENT,
  `elementId` int(11) NOT NULL,
  `locale` char(12) COLLATE utf8_unicode_ci NOT NULL,
  `field_annotation_number` int(10) unsigned DEFAULT '0',
  `field_annotation_text_loc` text COLLATE utf8_unicode_ci,
  `dateCreated` datetime NOT NULL,
  `dateUpdated` datetime NOT NULL,
  `uid` char(36) COLLATE utf8_unicode_ci NOT NULL DEFAULT '0',
  PRIMARY KEY (`id`),
  UNIQUE KEY `craft_matrixcontent_pageannotations_elementId_locale_unq_idx` (`elementId`,`locale`),
  KEY `craft_matrixcontent_pageannotations_locale_fk` (`locale`)
) ENGINE=InnoDB AUTO_INCREMENT=3 DEFAULT CHARSET=utf8 COLLATE=utf8_unicode_ci;

--
-- Data for table `craft_matrixcontent_pageannotations`
--

INSERT INTO `craft_matrixcontent_pageannotations` (`id`, `elementId`, `locale`, `field_annotation_number`, `field_annotation_text_loc`, `dateCreated`, `dateUpdated`, `uid`) VALUES
 ('1', '315', 'en_us', '1', 'Cool annotation bro.', '2017-08-10 22:00:29', '2017-08-31 22:08:12', '5b457a96-7b41-412a-9f95-defe579398de'),
 ('2', '316', 'en_us', '2', 'Great job annotating this.', '2017-08-10 22:00:29', '2017-08-31 22:08:12', 'd7c07f4c-5f36-4afe-bb40-c29d74a11936');



DROP TABLE IF EXISTS `craft_matrixcontent_prefooterheadline`;


--
-- Schema for table `craft_matrixcontent_prefooterheadline`
--
CREATE TABLE `craft_matrixcontent_prefooterheadline` (
  `id` int(11) NOT NULL AUTO_INCREMENT,
  `elementId` int(11) NOT NULL,
  `locale` char(12) COLLATE utf8_unicode_ci NOT NULL,
  `field_preFooterComponent_backgroundColor` varchar(255) COLLATE utf8_unicode_ci DEFAULT NULL,
  `field_preFooterComponent_headline_loc` text COLLATE utf8_unicode_ci,
  `field_preFooterComponent_ctaButton` text COLLATE utf8_unicode_ci,
  `field_preFooterComponent_sectionTitle_loc` text COLLATE utf8_unicode_ci,
  `dateCreated` datetime NOT NULL,
  `dateUpdated` datetime NOT NULL,
  `uid` char(36) COLLATE utf8_unicode_ci NOT NULL DEFAULT '0',
  PRIMARY KEY (`id`),
  UNIQUE KEY `craft_matrixcontent_prefooterheadline_elementId_locale_unq_idx` (`elementId`,`locale`),
  KEY `craft_matrixcontent_prefooterheadline_locale_idx` (`locale`)
) ENGINE=InnoDB AUTO_INCREMENT=2 DEFAULT CHARSET=utf8 COLLATE=utf8_unicode_ci;

--
-- Data for table `craft_matrixcontent_prefooterheadline`
--

INSERT INTO `craft_matrixcontent_prefooterheadline` (`id`, `elementId`, `locale`, `field_preFooterComponent_backgroundColor`, `field_preFooterComponent_headline_loc`, `field_preFooterComponent_ctaButton`, `field_preFooterComponent_sectionTitle_loc`, `dateCreated`, `dateUpdated`, `uid`) VALUES
 ('1', '272', 'en_us', '#FFFC00', 'Its easy to create and manage campaigns on Snapchat', '{\"type\":\"custom\",\"custom\":\"snapchat.com\",\"entry\":\"\",\"customText\":\"Get Started\",\"target\":\"\"}', NULL, '2017-08-07 23:13:17', '2017-08-09 20:57:20', 'a2b77577-e3f2-4770-913e-23e0c096380f');



DROP TABLE IF EXISTS `craft_matrixcontent_secondarynavigation`;


--
-- Schema for table `craft_matrixcontent_secondarynavigation`
--
CREATE TABLE `craft_matrixcontent_secondarynavigation` (
  `id` int(11) NOT NULL AUTO_INCREMENT,
  `elementId` int(11) NOT NULL,
  `locale` char(12) COLLATE utf8_unicode_ci NOT NULL,
  `field_navItem_linkInfo` text COLLATE utf8_unicode_ci,
  `dateCreated` datetime NOT NULL,
  `dateUpdated` datetime NOT NULL,
  `uid` char(36) COLLATE utf8_unicode_ci NOT NULL DEFAULT '0',
  PRIMARY KEY (`id`),
  UNIQUE KEY `craft_matrixcontent_secondarynavigation_elementId_locale_unq_idx` (`elementId`,`locale`),
  KEY `craft_matrixcontent_secondarynavigation_locale_fk` (`locale`)
) ENGINE=InnoDB AUTO_INCREMENT=7 DEFAULT CHARSET=utf8 COLLATE=utf8_unicode_ci;

--
-- Data for table `craft_matrixcontent_secondarynavigation`
--

INSERT INTO `craft_matrixcontent_secondarynavigation` (`id`, `elementId`, `locale`, `field_navItem_linkInfo`, `dateCreated`, `dateUpdated`, `uid`) VALUES
 ('2', '282', 'en_us', '{\"type\":\"custom\",\"custom\":\"https:\\/\\/businesshelp.snapchat.com\\/\",\"entry\":\"\",\"customText\":\"Support\",\"target\":\"_blank\"}', '2017-08-07 23:46:45', '2017-09-06 23:00:13', '65d4cba4-426a-4a0e-8d28-1362fab47a07'),
 ('5', '297', 'en_us', '{\"type\":\"custom\",\"custom\":\"https:\\/\\/developers.snapchat.com\\/ads\\/partners\\/\",\"entry\":\"\",\"customText\":\"Partners\",\"target\":\"\"}', '2017-08-09 20:50:51', '2017-09-06 23:00:13', 'd12c058e-d11f-435a-8d31-16c2c40452f5'),
 ('6', '298', 'en_us', '{\"type\":\"custom\",\"custom\":\"https:\\/\\/accounts.snapchat.com\",\"entry\":\"\",\"customText\":\"Log In\",\"target\":\"\"}', '2017-08-09 20:50:51', '2017-09-06 23:00:13', 'd508789b-3c92-4c21-87c2-c66619bde18f');



DROP TABLE IF EXISTS `craft_matrixcontent_statcards`;


--
-- Schema for table `craft_matrixcontent_statcards`
--
CREATE TABLE `craft_matrixcontent_statcards` (
  `id` int(11) NOT NULL AUTO_INCREMENT,
  `elementId` int(11) NOT NULL,
  `locale` char(12) COLLATE utf8_unicode_ci NOT NULL,
  `field_statCard_largeNumber` text COLLATE utf8_unicode_ci,
  `field_statCard_smallText` text COLLATE utf8_unicode_ci,
  `dateCreated` datetime NOT NULL,
  `dateUpdated` datetime NOT NULL,
  `uid` char(36) COLLATE utf8_unicode_ci NOT NULL DEFAULT '0',
  PRIMARY KEY (`id`),
  UNIQUE KEY `craft_matrixcontent_statcards_elementId_locale_unq_idx` (`elementId`,`locale`),
  KEY `craft_matrixcontent_statcards_locale_fk` (`locale`)
) ENGINE=InnoDB DEFAULT CHARSET=utf8 COLLATE=utf8_unicode_ci;

DROP TABLE IF EXISTS `craft_matrixcontent_storymetrics`;


--
-- Schema for table `craft_matrixcontent_storymetrics`
--
CREATE TABLE `craft_matrixcontent_storymetrics` (
  `id` int(11) NOT NULL AUTO_INCREMENT,
  `elementId` int(11) NOT NULL,
  `locale` char(12) COLLATE utf8_unicode_ci NOT NULL,
  `field_metric_largeNumber_loc` text COLLATE utf8_unicode_ci,
  `field_metric_smallText_loc` text COLLATE utf8_unicode_ci,
  `dateCreated` datetime NOT NULL,
  `dateUpdated` datetime NOT NULL,
  `uid` char(36) COLLATE utf8_unicode_ci NOT NULL DEFAULT '0',
  PRIMARY KEY (`id`),
  UNIQUE KEY `craft_matrixcontent_storymetrics_elementId_locale_unq_idx` (`elementId`,`locale`),
  KEY `craft_matrixcontent_storymetrics_locale_fk` (`locale`)
) ENGINE=InnoDB DEFAULT CHARSET=utf8 COLLATE=utf8_unicode_ci;

DROP TABLE IF EXISTS `craft_matrixcontent_subnavitems`;


--
-- Schema for table `craft_matrixcontent_subnavitems`
--
CREATE TABLE `craft_matrixcontent_subnavitems` (
  `id` int(11) NOT NULL AUTO_INCREMENT,
  `elementId` int(11) NOT NULL,
  `locale` char(12) COLLATE utf8_unicode_ci NOT NULL,
  `field_subnavItem_linkInfo` text COLLATE utf8_unicode_ci,
  `dateCreated` datetime NOT NULL,
  `dateUpdated` datetime NOT NULL,
  `uid` char(36) COLLATE utf8_unicode_ci NOT NULL DEFAULT '0',
  PRIMARY KEY (`id`),
  UNIQUE KEY `craft_matrixcontent_subnavitems_elementId_locale_unq_idx` (`elementId`,`locale`),
  KEY `craft_matrixcontent_subnavitems_locale_fk` (`locale`)
) ENGINE=InnoDB AUTO_INCREMENT=9 DEFAULT CHARSET=utf8 COLLATE=utf8_unicode_ci;

--
-- Data for table `craft_matrixcontent_subnavitems`
--

INSERT INTO `craft_matrixcontent_subnavitems` (`id`, `elementId`, `locale`, `field_subnavItem_linkInfo`, `dateCreated`, `dateUpdated`, `uid`) VALUES
 ('1', '452', 'en_us', '{\"type\":\"entry\",\"custom\":\"\",\"entry\":[\"363\"],\"customText\":\"Success Stories\",\"target\":\"\"}', '2017-09-06 22:56:51', '2017-09-06 22:56:51', '3996f269-084f-47c5-a4da-adbe5c1fafe3'),
 ('2', '452', 'de_de', '{\"type\":\"entry\",\"custom\":\"\",\"entry\":[\"363\"],\"customText\":\"Success Stories\",\"target\":\"\"}', '2017-09-06 22:56:51', '2017-09-06 22:56:51', '992a11cd-7c70-45e0-b507-069ab89a5a9f'),
 ('3', '453', 'en_us', '{\"type\":\"entry\",\"custom\":\"\",\"entry\":[\"362\"],\"customText\":\"Creative Spotlight\",\"target\":\"\"}', '2017-09-06 22:56:51', '2017-09-06 22:56:51', 'f4f1f872-6474-45e8-9fe7-19f8cd1429c9'),
 ('4', '453', 'de_de', '{\"type\":\"entry\",\"custom\":\"\",\"entry\":[\"362\"],\"customText\":\"Creative Spotlight\",\"target\":\"\"}', '2017-09-06 22:56:51', '2017-09-06 22:56:51', '62a26c93-7d10-41cc-8ae4-34b8402a5084'),
 ('5', '455', 'en_us', '{\"type\":\"entry\",\"custom\":\"\",\"entry\":[\"363\"],\"customText\":\"Success Stories\",\"target\":\"\"}', '2017-09-06 22:59:39', '2017-09-06 23:00:13', '089e9b5d-21dc-497d-a51b-c286d68209e6'),
 ('6', '455', 'de_de', '{\"type\":\"entry\",\"custom\":\"\",\"entry\":[\"363\"],\"customText\":\"Success Stories\",\"target\":\"\"}', '2017-09-06 22:59:39', '2017-09-06 23:00:13', '5ab166d4-73d6-4513-b7ed-6273a354f352'),
 ('7', '456', 'en_us', '{\"type\":\"entry\",\"custom\":\"\",\"entry\":[\"362\"],\"customText\":\"Creative Spotlight\",\"target\":\"\"}', '2017-09-06 22:59:39', '2017-09-06 23:00:13', 'b97c780a-3a3c-48e8-91f2-5ee64827e378'),
 ('8', '456', 'de_de', '{\"type\":\"entry\",\"custom\":\"\",\"entry\":[\"362\"],\"customText\":\"Creative Spotlight\",\"target\":\"\"}', '2017-09-06 22:59:39', '2017-09-06 23:00:13', '83311ad3-6310-4f47-a688-3e0bf365e7b6');



DROP TABLE IF EXISTS `craft_matrixcontent_takeawaygrid`;


--
-- Schema for table `craft_matrixcontent_takeawaygrid`
--
CREATE TABLE `craft_matrixcontent_takeawaygrid` (
  `id` int(11) NOT NULL AUTO_INCREMENT,
  `elementId` int(11) NOT NULL,
  `locale` char(12) COLLATE utf8_unicode_ci NOT NULL,
  `field_card_imageAlt_loc` text COLLATE utf8_unicode_ci,
  `field_card_cardBody_loc` text COLLATE utf8_unicode_ci,
  `dateCreated` datetime NOT NULL,
  `dateUpdated` datetime NOT NULL,
  `uid` char(36) COLLATE utf8_unicode_ci NOT NULL DEFAULT '0',
  PRIMARY KEY (`id`),
  UNIQUE KEY `craft_matrixcontent_takeawaygrid_elementId_locale_unq_idx` (`elementId`,`locale`),
  KEY `craft_matrixcontent_takeawaygrid_locale_fk` (`locale`)
) ENGINE=InnoDB DEFAULT CHARSET=utf8 COLLATE=utf8_unicode_ci;

DROP TABLE IF EXISTS `craft_matrixcontent_video`;


--
-- Schema for table `craft_matrixcontent_video`
--
CREATE TABLE `craft_matrixcontent_video` (
  `id` int(11) NOT NULL AUTO_INCREMENT,
  `elementId` int(11) NOT NULL,
  `locale` char(12) COLLATE utf8_unicode_ci NOT NULL,
  `dateCreated` datetime NOT NULL,
  `dateUpdated` datetime NOT NULL,
  `uid` char(36) COLLATE utf8_unicode_ci NOT NULL DEFAULT '0',
  PRIMARY KEY (`id`),
  UNIQUE KEY `craft_matrixcontent_video_elementId_locale_unq_idx` (`elementId`,`locale`),
  KEY `craft_matrixcontent_video_locale_fk` (`locale`)
) ENGINE=InnoDB AUTO_INCREMENT=2 DEFAULT CHARSET=utf8 COLLATE=utf8_unicode_ci;

--
-- Data for table `craft_matrixcontent_video`
--

INSERT INTO `craft_matrixcontent_video` (`id`, `elementId`, `locale`, `dateCreated`, `dateUpdated`, `uid`) VALUES
 ('1', '434', 'en_us', '2017-08-30 22:28:57', '2017-08-31 22:08:13', '3bd3f71d-467e-4b13-8112-bd762677ed98');



DROP TABLE IF EXISTS `craft_matrixcontent_videostep`;


--
-- Schema for table `craft_matrixcontent_videostep`
--
CREATE TABLE `craft_matrixcontent_videostep` (
  `id` int(11) NOT NULL AUTO_INCREMENT,
  `elementId` int(11) NOT NULL,
  `locale` char(12) COLLATE utf8_unicode_ci NOT NULL,
  `field_step_timeCode` decimal(11,1) unsigned DEFAULT '0.0',
  `field_step_descriptionLabel_loc` text COLLATE utf8_unicode_ci,
  `dateCreated` datetime NOT NULL,
  `dateUpdated` datetime NOT NULL,
  `uid` char(36) COLLATE utf8_unicode_ci NOT NULL DEFAULT '0',
  PRIMARY KEY (`id`),
  UNIQUE KEY `craft_matrixcontent_videostep_elementId_locale_unq_idx` (`elementId`,`locale`),
  KEY `craft_matrixcontent_videostep_locale_fk` (`locale`)
) ENGINE=InnoDB DEFAULT CHARSET=utf8 COLLATE=utf8_unicode_ci;

DROP TABLE IF EXISTS `craft_migrations`;


--
-- Schema for table `craft_migrations`
--
CREATE TABLE `craft_migrations` (
  `id` int(11) NOT NULL AUTO_INCREMENT,
  `pluginId` int(11) DEFAULT NULL,
  `version` varchar(255) COLLATE utf8_unicode_ci NOT NULL,
  `applyTime` datetime NOT NULL,
  `dateCreated` datetime NOT NULL,
  `dateUpdated` datetime NOT NULL,
  `uid` char(36) COLLATE utf8_unicode_ci NOT NULL DEFAULT '0',
  PRIMARY KEY (`id`),
  UNIQUE KEY `craft_migrations_version_unq_idx` (`version`),
  KEY `craft_migrations_pluginId_fk` (`pluginId`)
) ENGINE=InnoDB AUTO_INCREMENT=46 DEFAULT CHARSET=utf8 COLLATE=utf8_unicode_ci;

--
-- Data for table `craft_migrations`
--

INSERT INTO `craft_migrations` (`id`, `pluginId`, `version`, `applyTime`, `dateCreated`, `dateUpdated`, `uid`) VALUES
 ('1', NULL, 'm000000_000000_base', '2017-07-20 17:27:57', '2017-07-20 17:27:57', '2017-07-20 17:27:57', 'efe2d07e-f3c1-4fde-91dc-23427e2c85d7'),
 ('2', NULL, 'm140730_000001_add_filename_and_format_to_transformindex', '2017-07-20 17:27:57', '2017-07-20 17:27:57', '2017-07-20 17:27:57', '345547ee-c45a-495d-a3c8-3ffa9efc5177'),
 ('3', NULL, 'm140815_000001_add_format_to_transforms', '2017-07-20 17:27:57', '2017-07-20 17:27:57', '2017-07-20 17:27:57', '16ce6a9f-c104-4798-8b14-e4262cd278f4'),
 ('4', NULL, 'm140822_000001_allow_more_than_128_items_per_field', '2017-07-20 17:27:57', '2017-07-20 17:27:57', '2017-07-20 17:27:57', 'eb88a8e9-67bb-435c-bf6d-ea96fba0990e'),
 ('5', NULL, 'm140829_000001_single_title_formats', '2017-07-20 17:27:57', '2017-07-20 17:27:57', '2017-07-20 17:27:57', '137b4cc7-40ac-4b6b-8a5b-aa61f6293e5c'),
 ('6', NULL, 'm140831_000001_extended_cache_keys', '2017-07-20 17:27:57', '2017-07-20 17:27:57', '2017-07-20 17:27:57', 'e17e659f-185f-4b0d-a5ac-1edca0ceee94'),
 ('7', NULL, 'm140922_000001_delete_orphaned_matrix_blocks', '2017-07-20 17:27:57', '2017-07-20 17:27:57', '2017-07-20 17:27:57', '10847926-412e-4149-96a7-620eae4bfcae'),
 ('8', NULL, 'm141008_000001_elements_index_tune', '2017-07-20 17:27:57', '2017-07-20 17:27:57', '2017-07-20 17:27:57', 'e80676ce-3a77-4185-808c-645a32273ab6'),
 ('9', NULL, 'm141009_000001_assets_source_handle', '2017-07-20 17:27:57', '2017-07-20 17:27:57', '2017-07-20 17:27:57', 'caa41901-1469-49b0-890b-f06f3f78204e'),
 ('10', NULL, 'm141024_000001_field_layout_tabs', '2017-07-20 17:27:57', '2017-07-20 17:27:57', '2017-07-20 17:27:57', '948e4331-6a60-47ed-ae26-a333d9258f97'),
 ('11', NULL, 'm141030_000000_plugin_schema_versions', '2017-07-20 17:27:57', '2017-07-20 17:27:57', '2017-07-20 17:27:57', '46b49a3f-ed05-4aa2-8a4e-025ec3bfb274'),
 ('12', NULL, 'm141030_000001_drop_structure_move_permission', '2017-07-20 17:27:57', '2017-07-20 17:27:57', '2017-07-20 17:27:57', '4c35154b-80ce-4985-a215-aff84268c6df'),
 ('13', NULL, 'm141103_000001_tag_titles', '2017-07-20 17:27:57', '2017-07-20 17:27:57', '2017-07-20 17:27:57', 'e4a8ad51-c356-430f-bbad-5c3498a5eaf7'),
 ('14', NULL, 'm141109_000001_user_status_shuffle', '2017-07-20 17:27:57', '2017-07-20 17:27:57', '2017-07-20 17:27:57', '9e5a07ea-6b45-4c5c-902e-e949ddcc2996'),
 ('15', NULL, 'm141126_000001_user_week_start_day', '2017-07-20 17:27:57', '2017-07-20 17:27:57', '2017-07-20 17:27:57', '6c3adfa2-1a6f-4a27-910e-bcf82dad17cc'),
 ('16', NULL, 'm150210_000001_adjust_user_photo_size', '2017-07-20 17:27:57', '2017-07-20 17:27:57', '2017-07-20 17:27:57', '2e4ce147-9d77-46f1-a937-20736ca47f1f'),
 ('17', NULL, 'm150724_000001_adjust_quality_settings', '2017-07-20 17:27:57', '2017-07-20 17:27:57', '2017-07-20 17:27:57', '41901dad-f62d-4e3f-bdc6-6867989386a8'),
 ('18', NULL, 'm150827_000000_element_index_settings', '2017-07-20 17:27:57', '2017-07-20 17:27:57', '2017-07-20 17:27:57', '5cb3cdc0-d1be-428d-a4db-7503547bc526'),
 ('19', NULL, 'm150918_000001_add_colspan_to_widgets', '2017-07-20 17:27:57', '2017-07-20 17:27:57', '2017-07-20 17:27:57', 'b93d37a0-ca8a-4133-9b03-017c780c6cf2'),
 ('20', NULL, 'm151007_000000_clear_asset_caches', '2017-07-20 17:27:57', '2017-07-20 17:27:57', '2017-07-20 17:27:57', 'e8553fbc-d628-41de-b450-23988562f4b8'),
 ('21', NULL, 'm151109_000000_text_url_formats', '2017-07-20 17:27:57', '2017-07-20 17:27:57', '2017-07-20 17:27:57', 'fafa5a1e-bc9a-4226-8a9a-d1b3b8977697'),
 ('22', NULL, 'm151110_000000_move_logo', '2017-07-20 17:27:57', '2017-07-20 17:27:57', '2017-07-20 17:27:57', '3c182eff-23db-4c2d-9444-a97e1d99a1ef'),
 ('23', NULL, 'm151117_000000_adjust_image_widthheight', '2017-07-20 17:27:57', '2017-07-20 17:27:57', '2017-07-20 17:27:57', 'e9b38d15-059b-4ebe-bdd9-af994e2b6e77'),
 ('24', NULL, 'm151127_000000_clear_license_key_status', '2017-07-20 17:27:57', '2017-07-20 17:27:57', '2017-07-20 17:27:57', '138eb436-06b6-4b9e-8601-faf1416390f5'),
 ('25', NULL, 'm151127_000000_plugin_license_keys', '2017-07-20 17:27:57', '2017-07-20 17:27:57', '2017-07-20 17:27:57', '4c894a6d-f5f7-48be-a392-024444eb51c3'),
 ('26', NULL, 'm151130_000000_update_pt_widget_feeds', '2017-07-20 17:27:57', '2017-07-20 17:27:57', '2017-07-20 17:27:57', '1a5713c1-89ca-456e-a43c-6545391191e6'),
 ('27', NULL, 'm160114_000000_asset_sources_public_url_default_true', '2017-07-20 17:27:57', '2017-07-20 17:27:57', '2017-07-20 17:27:57', '9bd28ef8-1b47-4c22-8f05-e09820bb8c56'),
 ('28', NULL, 'm160223_000000_sortorder_to_smallint', '2017-07-20 17:27:57', '2017-07-20 17:27:57', '2017-07-20 17:27:57', '2774aa51-03f4-4ccb-92d7-f9701f8d4045'),
 ('29', NULL, 'm160229_000000_set_default_entry_statuses', '2017-07-20 17:27:57', '2017-07-20 17:27:57', '2017-07-20 17:27:57', '892e5cd0-2a13-49f3-863d-a153a1e73952'),
 ('30', NULL, 'm160304_000000_client_permissions', '2017-07-20 17:27:57', '2017-07-20 17:27:57', '2017-07-20 17:27:57', '8a517f9e-9465-428a-9493-2f0f80ed110c'),
 ('31', NULL, 'm160322_000000_asset_filesize', '2017-07-20 17:27:57', '2017-07-20 17:27:57', '2017-07-20 17:27:57', '1b714e6a-085d-4228-a357-871cc99fbf61'),
 ('32', NULL, 'm160503_000000_orphaned_fieldlayouts', '2017-07-20 17:27:57', '2017-07-20 17:27:57', '2017-07-20 17:27:57', '5a3c33d5-fed0-42c7-80a5-f0552a6b04c0'),
 ('33', NULL, 'm160510_000000_tasksettings', '2017-07-20 17:27:57', '2017-07-20 17:27:57', '2017-07-20 17:27:57', '4efebc0a-45aa-4cdb-90d5-128da73708a5'),
 ('34', NULL, 'm160829_000000_pending_user_content_cleanup', '2017-07-20 17:27:57', '2017-07-20 17:27:57', '2017-07-20 17:27:57', 'b78a8313-53e3-4f17-aed4-ed3ac1800d13'),
 ('35', NULL, 'm160830_000000_asset_index_uri_increase', '2017-07-20 17:27:57', '2017-07-20 17:27:57', '2017-07-20 17:27:57', '3056d019-2ff2-4217-a4f1-56bcdac48a82'),
 ('36', NULL, 'm160919_000000_usergroup_handle_title_unique', '2017-07-20 17:27:57', '2017-07-20 17:27:57', '2017-07-20 17:27:57', '288fd53a-8412-4bd4-ba3e-b4ad34e14011'),
 ('37', NULL, 'm161108_000000_new_version_format', '2017-07-20 17:27:57', '2017-07-20 17:27:57', '2017-07-20 17:27:57', '23c9ed46-7c8c-4793-93f9-f1c7fdfcb465'),
 ('38', NULL, 'm161109_000000_index_shuffle', '2017-07-20 17:27:57', '2017-07-20 17:27:57', '2017-07-20 17:27:57', '8b4219a1-cc1f-4173-b873-063bc7df55ff'),
 ('39', NULL, 'm170612_000000_route_index_shuffle', '2017-07-20 17:27:57', '2017-07-20 17:27:57', '2017-07-20 17:27:57', '1bcf337b-c17d-4fc2-8f0f-6c4cc4949cc2'),
 ('40', '1', 'm160428_202308_Neo_UpdateBlockLevels', '2017-07-20 17:32:06', '2017-07-20 17:32:06', '2017-07-20 17:32:06', 'bd6e1460-52fb-4e8f-965c-0fb22c29ce0b'),
 ('41', '1', 'm160515_005002_Neo_UpdateBlockStructure', '2017-07-20 17:32:06', '2017-07-20 17:32:06', '2017-07-20 17:32:06', 'c7df5320-0e77-4eba-8ded-bfd92a96af8a'),
 ('42', '1', 'm160605_191540_Neo_UpdateBlockStructureLocales', '2017-07-20 17:32:06', '2017-07-20 17:32:06', '2017-07-20 17:32:06', '39377eef-c60a-41c0-9b08-b2022cd95262'),
 ('43', '1', 'm161029_230849_Neo_AddMaxChildBlocksSetting', '2017-07-20 17:32:06', '2017-07-20 17:32:06', '2017-07-20 17:32:06', '431657ce-9d11-47e3-8c54-482aa21fe6ed'),
 ('44', '2', 'm160208_010101_FruitLinkIt_UpdateExistingLinkItFields', '2017-07-20 17:36:24', '2017-07-20 17:36:24', '2017-07-20 17:36:24', '83607e0a-ee60-4352-897e-043bc73930ec'),
 ('45', '8', 'm140516_000000_cpCss_changeSettingsFieldName', '2017-08-23 22:58:12', '2017-08-23 22:58:12', '2017-08-23 22:58:12', '4563e5e6-1013-416d-916d-dc930bc08cb6');



DROP TABLE IF EXISTS `craft_neoblocks`;


--
-- Schema for table `craft_neoblocks`
--
CREATE TABLE `craft_neoblocks` (
  `id` int(11) NOT NULL,
  `ownerId` int(11) NOT NULL,
  `fieldId` int(11) NOT NULL,
  `typeId` int(11) DEFAULT NULL,
  `collapsed` tinyint(1) unsigned NOT NULL DEFAULT '0',
  `ownerLocale` char(12) COLLATE utf8_unicode_ci DEFAULT NULL,
  `dateCreated` datetime NOT NULL,
  `dateUpdated` datetime NOT NULL,
  `uid` char(36) COLLATE utf8_unicode_ci NOT NULL DEFAULT '0',
  PRIMARY KEY (`id`),
  KEY `craft_neoblocks_ownerId_idx` (`ownerId`),
  KEY `craft_neoblocks_fieldId_idx` (`fieldId`),
  KEY `craft_neoblocks_typeId_idx` (`typeId`),
  KEY `craft_neoblocks_collapsed_idx` (`collapsed`),
  KEY `craft_neoblocks_ownerLocale_fk` (`ownerLocale`)
) ENGINE=InnoDB DEFAULT CHARSET=utf8 COLLATE=utf8_unicode_ci;

--
-- Data for table `craft_neoblocks`
--

INSERT INTO `craft_neoblocks` (`id`, `ownerId`, `fieldId`, `typeId`, `collapsed`, `ownerLocale`, `dateCreated`, `dateUpdated`, `uid`) VALUES
 ('107', '98', '3', '15', '0', 'en_us', '2017-07-26 23:03:48', '2017-08-17 17:52:22', '64613ea5-6d78-4daf-9e5b-d085219c5a2d'),
 ('108', '98', '3', '16', '0', 'en_us', '2017-07-26 23:03:48', '2017-08-17 17:52:22', '2eb81aa8-539f-4814-9495-ae64ced9975d'),
 ('110', '98', '3', '20', '0', 'en_us', '2017-07-26 23:03:48', '2017-08-17 17:52:22', 'd5ad295d-a480-4fc0-83f6-e626134fdcb5'),
 ('118', '98', '3', '15', '0', 'en_us', '2017-07-26 23:03:48', '2017-08-17 17:52:22', 'c8adfa79-f940-488f-88a9-b5c1e956cd08'),
 ('119', '98', '3', '16', '0', 'en_us', '2017-07-26 23:03:48', '2017-08-17 17:52:22', 'cb610f61-a0b7-4583-a150-b8ba9c8c0eee'),
 ('124', '98', '3', '20', '0', 'en_us', '2017-07-26 23:03:48', '2017-08-17 17:52:22', '7e6caf60-40e8-4bcc-ab31-332efda1a66a'),
 ('128', '98', '3', '15', '0', 'en_us', '2017-07-26 23:03:48', '2017-08-17 17:52:22', '455e81ea-5e88-4cfd-a17e-8664ce0b49c2'),
 ('129', '98', '3', '16', '0', 'en_us', '2017-07-26 23:03:48', '2017-08-17 17:52:22', '8f112cca-9d42-4b9c-a727-91c6986df35c'),
 ('132', '98', '3', '20', '0', 'en_us', '2017-07-26 23:03:48', '2017-08-17 17:52:22', 'be32215a-acdd-421f-a471-9002c71fd6da'),
 ('136', '98', '3', '15', '0', 'en_us', '2017-07-26 23:03:49', '2017-08-17 17:52:22', '43191ff0-4ff3-4372-9734-7202091dba8d'),
 ('137', '98', '3', '16', '0', 'en_us', '2017-07-26 23:03:49', '2017-08-17 17:52:22', '3af39da9-495c-4fee-bfea-9146e6ae56f7'),
 ('144', '98', '3', '15', '0', 'en_us', '2017-07-26 23:22:13', '2017-08-17 17:52:22', 'd57c99bc-c668-4195-ac6b-6be305226e06'),
 ('162', '98', '3', '26', '0', 'en_us', '2017-07-26 23:33:33', '2017-08-17 17:52:22', 'cb727fbd-3759-48be-ac58-50e62fb83dee'),
 ('209', '98', '3', '16', '0', 'en_us', '2017-08-03 18:50:27', '2017-08-17 17:52:22', '8f32c2fe-e9b4-4814-a589-18315e2b4072'),
 ('221', '98', '3', '19', '0', 'en_us', '2017-08-03 19:02:45', '2017-08-17 17:52:23', '4888cfeb-ae43-4742-a19a-1d53b75e45a8'),
 ('274', '263', '82', '31', '0', 'en_us', '2017-08-07 23:13:17', '2017-08-09 20:57:20', 'a8cad148-cabe-4fdd-b28a-2a7bf317c799'),
 ('299', '263', '82', '31', '0', 'en_us', '2017-08-09 20:57:20', '2017-08-09 20:57:20', '6b964f19-7ece-4d6d-933c-50f6ce0acd46'),
 ('303', '263', '82', '31', '0', 'en_us', '2017-08-09 20:57:20', '2017-08-09 20:57:20', 'b7ccf693-9814-482d-841a-547da542f3e4'),
 ('308', '263', '82', '31', '0', 'en_us', '2017-08-09 20:57:20', '2017-08-09 20:57:20', '1a73855d-a71e-4029-a4f3-516e801341a4'),
 ('317', '314', '3', '15', '0', 'en_us', '2017-08-10 22:00:29', '2017-08-31 22:08:12', '78464344-ebb1-4132-a222-73981916fd4b'),
 ('318', '314', '3', '1', '0', 'en_us', '2017-08-10 22:00:29', '2017-08-31 22:08:12', '1ebfd6ef-1ed3-4a7e-8bf8-6aefa87311b2'),
 ('322', '314', '3', '24', '0', 'en_us', '2017-08-10 22:00:29', '2017-08-31 22:08:12', 'c8cd8809-e938-4570-ae96-1dc310dcdeb2'),
 ('326', '314', '3', '20', '0', 'en_us', '2017-08-10 22:00:29', '2017-08-31 22:08:12', '3b42a167-18fe-48c2-bcf0-84a5b15a47ef'),
 ('330', '314', '3', '15', '0', 'en_us', '2017-08-10 22:11:49', '2017-08-31 22:08:12', 'bcba92fe-6da1-4427-960d-330e384592e8'),
 ('331', '314', '3', '16', '0', 'en_us', '2017-08-10 22:11:49', '2017-08-31 22:08:12', '22741398-64d9-4109-aaf7-a2c490a7491f'),
 ('335', '314', '3', '3', '0', 'en_us', '2017-08-10 22:11:49', '2017-08-31 22:08:13', '80ca16a0-a417-40b1-8388-0027a97fd5f0'),
 ('339', '314', '3', '15', '0', 'en_us', '2017-08-10 22:11:49', '2017-08-31 22:08:13', '9cd916cb-6345-4e05-835f-84c4ebb52ebd'),
 ('340', '314', '3', '17', '0', 'en_us', '2017-08-10 22:11:49', '2017-08-31 22:08:13', '45588d1a-aa63-46fe-8098-3eee353d89e7'),
 ('341', '314', '3', '17', '0', 'en_us', '2017-08-10 22:11:49', '2017-08-31 22:08:13', '508acf15-3e9c-493d-972e-cca7687ed33b'),
 ('343', '314', '3', '17', '0', 'en_us', '2017-08-10 22:14:42', '2017-08-31 22:08:13', '6c76f654-96b8-4314-99c9-f297dd5819d2'),
 ('349', '348', '144', '37', '0', NULL, '2017-08-21 22:32:03', '2017-08-23 17:52:37', 'cf6e58af-48cc-4cd7-88b7-cb917aab196c'),
 ('355', '348', '144', '34', '0', NULL, '2017-08-23 17:52:38', '2017-08-23 17:52:38', 'c490ab55-b35d-4c4a-a210-0eb6798ce731'),
 ('357', '356', '144', '34', '0', NULL, '2017-08-23 17:53:42', '2017-08-23 21:53:03', 'fb3822a9-1b32-4f1d-baf7-3ded8817f448'),
 ('426', '314', '3', '15', '0', 'en_us', '2017-08-30 22:28:57', '2017-08-31 22:08:13', '4d707972-924e-47bb-a231-124e0ea35c9c'),
 ('427', '314', '3', '19', '0', 'en_us', '2017-08-30 22:28:57', '2017-08-31 22:08:13', 'f6105304-a01c-40d9-b62d-d1b49d600d55'),
 ('428', '314', '3', '15', '0', 'en_us', '2017-08-30 22:28:57', '2017-08-31 22:08:13', '0e9a7887-dd37-4911-afa7-7bdcc1d2c35f'),
 ('429', '314', '3', '3', '0', 'en_us', '2017-08-30 22:28:57', '2017-08-31 22:08:13', '6189e069-611d-46f4-a473-95e7092cdbd0'),
 ('431', '314', '3', '3', '0', 'en_us', '2017-08-30 22:28:57', '2017-08-31 22:08:13', '2825b78a-c9b0-4cd2-9e23-5d7882e57de9'),
 ('433', '314', '3', '32', '0', 'en_us', '2017-08-30 22:28:57', '2017-08-31 22:08:13', '7fbfbbfb-fef3-4962-be3a-d945ce2f640b'),
 ('438', '270', '3', '15', '0', 'en_us', '2017-08-31 18:46:00', '2017-08-31 21:43:48', 'c891024a-cc59-42dd-af68-50072cf8eb2f'),
 ('439', '270', '3', '17', '0', 'en_us', '2017-08-31 18:46:00', '2017-08-31 21:43:48', '301df322-1977-4dab-80d6-d99f3ff2e5e9'),
 ('440', '290', '3', '15', '0', 'en_us', '2017-08-31 20:48:20', '2017-08-31 21:10:35', 'a07730ce-f00d-44d8-9765-1926742ae9a5'),
 ('441', '290', '3', '17', '0', 'en_us', '2017-08-31 20:48:20', '2017-08-31 21:10:35', 'a36f0d66-efd2-4432-80c7-a0388cf5bfe0'),
 ('445', '262', '188', '53', '0', NULL, '2017-09-06 22:52:59', '2017-09-06 23:00:13', '6815b9c6-755b-483c-951c-63a6b2e0368a'),
 ('447', '262', '188', '53', '0', NULL, '2017-09-06 22:52:59', '2017-09-06 23:00:13', 'e1febc5e-4ae9-42ea-91c2-7ad64bebdf4d'),
 ('450', '262', '188', '53', '0', NULL, '2017-09-06 22:52:59', '2017-09-06 23:00:13', '31da3a69-a597-46cb-92ee-dd5a556bc6a3'),
 ('451', '262', '188', '53', '0', NULL, '2017-09-06 22:52:59', '2017-09-06 23:00:13', 'c8e16248-7e25-408f-aefa-2a6cc060cef6'),
 ('454', '262', '188', '55', '0', NULL, '2017-09-06 22:59:39', '2017-09-06 23:00:13', 'a404a0fd-4348-4dc6-9e89-5a8ad2abb0a7');



DROP TABLE IF EXISTS `craft_neoblockstructures`;


--
-- Schema for table `craft_neoblockstructures`
--
CREATE TABLE `craft_neoblockstructures` (
  `id` int(11) NOT NULL AUTO_INCREMENT,
  `structureId` int(11) NOT NULL,
  `ownerId` int(11) NOT NULL,
  `fieldId` int(11) NOT NULL,
  `ownerLocale` char(12) COLLATE utf8_unicode_ci DEFAULT NULL,
  `dateCreated` datetime NOT NULL,
  `dateUpdated` datetime NOT NULL,
  `uid` char(36) COLLATE utf8_unicode_ci NOT NULL DEFAULT '0',
  PRIMARY KEY (`id`),
  KEY `craft_neoblockstructures_structureId_idx` (`structureId`),
  KEY `craft_neoblockstructures_ownerId_idx` (`ownerId`),
  KEY `craft_neoblockstructures_fieldId_idx` (`fieldId`),
  KEY `craft_neoblockstructures_ownerLocale_fk` (`ownerLocale`)
) ENGINE=InnoDB AUTO_INCREMENT=114 DEFAULT CHARSET=utf8 COLLATE=utf8_unicode_ci;

--
-- Data for table `craft_neoblockstructures`
--

INSERT INTO `craft_neoblockstructures` (`id`, `structureId`, `ownerId`, `fieldId`, `ownerLocale`, `dateCreated`, `dateUpdated`, `uid`) VALUES
 ('72', '79', '291', '3', 'en_us', '2017-08-09 20:39:06', '2017-08-09 20:39:06', '88807b7d-d44d-46ee-8e75-3ee155b5bea9'),
 ('73', '80', '292', '3', 'en_us', '2017-08-09 20:41:34', '2017-08-09 20:41:34', '0e6a182a-1f98-4016-9eb4-cf7a1f93ce4e'),
 ('74', '81', '263', '82', 'en_us', '2017-08-09 20:57:20', '2017-08-09 20:57:20', 'd89cf8aa-d662-49c9-b68a-71c85df339ea'),
 ('80', '87', '98', '3', 'en_us', '2017-08-17 17:52:22', '2017-08-17 17:52:22', 'b3c4586c-8203-4bbd-8d9b-d034c2a328c7'),
 ('85', '93', '348', '144', NULL, '2017-08-23 17:52:37', '2017-08-23 17:52:37', '76049171-fbef-4d96-8d57-ef4bc8ba3744'),
 ('87', '95', '358', '144', NULL, '2017-08-23 17:56:29', '2017-08-23 17:56:29', '25f6cb68-7ef3-4ab5-9053-3017b734c7d1'),
 ('88', '96', '356', '144', NULL, '2017-08-23 21:53:03', '2017-08-23 21:53:03', '64696222-d387-4554-a67c-d9ba70abd5c3'),
 ('105', '114', '290', '3', 'en_us', '2017-08-31 21:10:35', '2017-08-31 21:10:35', '0f1459c8-5cdf-427c-9a87-10fa4e94ae33'),
 ('107', '116', '270', '3', 'en_us', '2017-08-31 21:43:48', '2017-08-31 21:43:48', '738a66f4-a19a-40d5-96bf-9cb0317249bc'),
 ('108', '117', '314', '3', 'en_us', '2017-08-31 22:08:12', '2017-08-31 22:08:12', '2d657231-8f8e-42ba-85c9-d074138a02ca'),
 ('113', '122', '262', '188', NULL, '2017-09-06 23:00:13', '2017-09-06 23:00:13', '27b48d27-6fa4-48ad-a29e-a398f9730b65');



DROP TABLE IF EXISTS `craft_neoblocktypes`;


--
-- Schema for table `craft_neoblocktypes`
--
CREATE TABLE `craft_neoblocktypes` (
  `id` int(11) NOT NULL AUTO_INCREMENT,
  `fieldId` int(11) NOT NULL,
  `fieldLayoutId` int(11) DEFAULT NULL,
  `name` varchar(255) COLLATE utf8_unicode_ci NOT NULL,
  `handle` varchar(255) COLLATE utf8_unicode_ci NOT NULL,
  `maxBlocks` int(10) DEFAULT '0',
  `maxChildBlocks` int(10) DEFAULT '0',
  `childBlocks` text COLLATE utf8_unicode_ci,
  `topLevel` tinyint(1) unsigned NOT NULL DEFAULT '1',
  `sortOrder` smallint(6) unsigned DEFAULT NULL,
  `dateCreated` datetime NOT NULL,
  `dateUpdated` datetime NOT NULL,
  `uid` char(36) COLLATE utf8_unicode_ci NOT NULL DEFAULT '0',
  PRIMARY KEY (`id`),
  UNIQUE KEY `craft_neoblocktypes_name_fieldId_unq_idx` (`name`,`fieldId`),
  UNIQUE KEY `craft_neoblocktypes_handle_fieldId_unq_idx` (`handle`,`fieldId`),
  KEY `craft_neoblocktypes_fieldId_fk` (`fieldId`),
  KEY `craft_neoblocktypes_fieldLayoutId_fk` (`fieldLayoutId`)
) ENGINE=InnoDB AUTO_INCREMENT=56 DEFAULT CHARSET=utf8 COLLATE=utf8_unicode_ci;

--
-- Data for table `craft_neoblocktypes`
--

INSERT INTO `craft_neoblocktypes` (`id`, `fieldId`, `fieldLayoutId`, `name`, `handle`, `maxBlocks`, `maxChildBlocks`, `childBlocks`, `topLevel`, `sortOrder`, `dateCreated`, `dateUpdated`, `uid`) VALUES
 ('1', '3', '2109', 'Image Card Grid', 'imageCardGrid', NULL, NULL, '', '0', '4', '2017-07-20 18:17:35', '2017-09-06 00:18:45', '7b7a7615-e616-4597-96d6-c79f7b806ae0'),
 ('3', '3', '2116', 'Image Beside Text', 'imageBesideText', NULL, '2', '', '0', '12', '2017-07-20 18:47:31', '2017-09-06 00:18:45', '7ce0bed2-0dbe-4ce4-9f47-41841c7cd592'),
 ('15', '3', '2108', 'New Section', 'newSection', NULL, NULL, '[\"imageCardGrid\",\"logoGrid\",\"mobileDeviceGrid\",\"centeredTextLockup\",\"centeredImage\",\"centeredVideo\",\"button\",\"imageBesideText\",\"videoBesideText\",\"deviceTabs\",\"progressiveVideo\"]', '1', '2', '2017-07-21 20:42:23', '2017-09-06 00:18:45', '79ad8aad-b1ae-4bb5-a7b3-640af9a0692f'),
 ('16', '3', '2112', 'Centered Text Lockup', 'centeredTextLockup', NULL, NULL, '', '0', '8', '2017-07-21 20:50:02', '2017-09-06 00:18:45', '74b48f3c-956b-4ce3-890d-554014c11858'),
 ('17', '3', '2113', 'Centered Image', 'centeredImage', NULL, NULL, '', '0', '9', '2017-07-21 20:50:02', '2017-09-06 00:18:45', '7b09f799-dc5b-4daa-99fc-f249b93e9484'),
 ('18', '3', '2118', 'Chillah Tooltip', 'chillahTooltip', NULL, NULL, '', '0', '14', '2017-07-21 21:50:46', '2017-09-06 00:18:45', '41647005-dd23-44df-aed5-2b39c3e3856a'),
 ('19', '3', '2114', 'Centered Video', 'centeredVideo', NULL, NULL, '', '0', '10', '2017-07-21 22:07:54', '2017-09-06 00:18:45', 'c9becd96-b1a7-46ce-b33e-a183c9416dc8'),
 ('20', '3', '2111', 'Mobile Device Grid', 'mobileDeviceGrid', NULL, '3', '', '0', '6', '2017-07-21 22:39:53', '2017-09-06 00:18:45', '0031a068-c0c5-4fc4-a205-d231407baee8'),
 ('24', '3', '2110', 'Logo Grid', 'logoGrid', NULL, NULL, '', '0', '5', '2017-07-26 21:47:04', '2017-09-06 00:18:45', 'e040563a-4d2a-4f64-a724-18a9c6c5830b'),
 ('26', '3', '2119', 'Device Tabs', 'deviceTabs', NULL, '4', '', '0', '16', '2017-07-26 23:17:32', '2017-09-06 00:18:45', '350e8255-057a-4f5a-a308-f0a5df31c5a9'),
 ('29', '3', '2120', 'Progressive Video', 'progressiveVideo', NULL, '5', '', '0', '17', '2017-07-27 16:42:28', '2017-09-06 00:18:45', '1c66066d-09d6-4752-9524-3f7a8003ad7f'),
 ('31', '82', '1978', 'Footer Group', 'footerGroup', '4', NULL, '', '1', '1', '2017-08-03 22:16:07', '2017-08-29 21:53:33', '529194b3-8af4-4e30-9304-2b419ebf655a'),
 ('32', '3', '2117', 'Video Beside Text', 'videoBesideText', NULL, NULL, '', '0', '13', '2017-08-10 21:51:08', '2017-09-06 00:18:45', '6c1a720c-85eb-44d8-aeee-b271c3839cc2'),
 ('33', '3', '2115', 'Button', 'button', NULL, NULL, '', '0', '11', '2017-08-10 23:41:06', '2017-09-06 00:18:45', 'b0519e82-e82b-4710-8933-738ffbc41b00'),
 ('34', '144', '2082', 'Large Headline', 'largeHeadline', NULL, NULL, '', '1', '2', '2017-08-21 21:04:55', '2017-09-06 00:06:57', '1329cf02-058d-4848-9d01-841b2ba5936f'),
 ('37', '144', '2084', 'Centered Image', 'centeredImage', NULL, NULL, '', '1', '5', '2017-08-21 21:16:21', '2017-09-06 00:06:57', '579b3b4e-502b-428e-b75e-760b10df7c6a'),
 ('38', '144', '2083', 'Text Block', 'textBlock', '1', NULL, '', '1', '3', '2017-09-05 22:19:03', '2017-09-06 00:06:57', '045dee4d-c10a-49a4-bda1-d05d52b88c01'),
 ('39', '144', '2086', 'Block Quote with Image', 'blockQuoteWithImage', NULL, NULL, '', '1', '8', '2017-09-05 22:35:00', '2017-09-06 00:06:57', '266e1210-04ba-4a52-9e06-b6bf5ad35431'),
 ('40', '144', '2085', 'Block Quote', 'blockQuote', NULL, NULL, '', '1', '7', '2017-09-05 22:35:00', '2017-09-06 00:06:57', '62b1694a-ccb7-40d7-b301-53ef3e915e77'),
 ('41', '144', '2087', 'Key Takeaways', 'keyTakeaways', NULL, NULL, '', '1', '10', '2017-09-05 23:44:34', '2017-09-06 00:06:57', 'e484dbd8-9fb6-4b8d-9a3e-ea7992ad690e'),
 ('43', '144', '2088', 'Stat Cards', 'statCards', NULL, NULL, '', '1', '11', '2017-09-06 00:05:53', '2017-09-06 00:06:57', 'fd108a1d-9ae8-41ad-94de-e3d11c8332b4'),
 ('48', '179', '2159', 'Text Bock', 'textBock', NULL, NULL, '', '1', '2', '2017-09-06 20:16:26', '2017-09-06 20:53:52', '58ac9ea8-875c-405e-836a-cbb5ae37bdda'),
 ('49', '179', '2160', 'Text Beside Examples', 'textBesideExamples', NULL, '2', '[\"videoExample\",\"imageExample\"]', '1', '3', '2017-09-06 20:16:26', '2017-09-06 20:53:52', '7912f6cf-fb16-4ea1-accf-1dcda60da29d'),
 ('50', '179', '2161', 'Video Example', 'videoExample', NULL, NULL, '', '0', '4', '2017-09-06 20:16:26', '2017-09-06 20:53:52', '7c2975b2-38d9-45bc-99d6-fd95ab3dbc81'),
 ('51', '179', '2162', 'Image Example', 'imageExample', NULL, NULL, '', '0', '5', '2017-09-06 20:16:26', '2017-09-06 20:53:52', 'add55751-6deb-401f-9c6e-01af37aba318'),
 ('52', '179', '2163', 'PDF', 'pdf', NULL, NULL, '', '1', '7', '2017-09-06 20:16:26', '2017-09-06 20:53:52', 'a8b28f83-e73c-4261-877a-5f5780c5f60d'),
 ('53', '188', '2191', 'Nav Item', 'navItem', NULL, NULL, '', '1', '1', '2017-09-06 22:45:21', '2017-09-06 23:01:26', 'ade263a3-0a4c-4f26-827b-d4c1cd88aa3e'),
 ('55', '188', '2192', 'Nav Item with Subnav', 'navItemWithSubnav', NULL, NULL, '', '1', '2', '2017-09-06 22:58:08', '2017-09-06 23:01:26', '0e0be1c8-994b-4a5d-8e6f-c2b123b7ccbb');



DROP TABLE IF EXISTS `craft_neogroups`;


--
-- Schema for table `craft_neogroups`
--
CREATE TABLE `craft_neogroups` (
  `id` int(11) NOT NULL AUTO_INCREMENT,
  `fieldId` int(11) NOT NULL,
  `name` varchar(255) COLLATE utf8_unicode_ci DEFAULT NULL,
  `sortOrder` smallint(6) unsigned DEFAULT NULL,
  `dateCreated` datetime NOT NULL,
  `dateUpdated` datetime NOT NULL,
  `uid` char(36) COLLATE utf8_unicode_ci NOT NULL DEFAULT '0',
  PRIMARY KEY (`id`),
  KEY `craft_neogroups_fieldId_fk` (`fieldId`)
) ENGINE=InnoDB AUTO_INCREMENT=613 DEFAULT CHARSET=utf8 COLLATE=utf8_unicode_ci;

--
-- Data for table `craft_neogroups`
--

INSERT INTO `craft_neogroups` (`id`, `fieldId`, `name`, `sortOrder`, `dateCreated`, `dateUpdated`, `uid`) VALUES
 ('587', '144', 'Text', '1', '2017-09-06 00:06:57', '2017-09-06 00:06:57', 'd9795c3a-ad44-4408-b158-fd369f6d3aac'),
 ('588', '144', 'Images', '4', '2017-09-06 00:06:57', '2017-09-06 00:06:57', '5aaeac79-46ca-454b-83d7-9229ea21e651'),
 ('589', '144', 'Block Quotes', '6', '2017-09-06 00:06:57', '2017-09-06 00:06:57', '52c101d8-bc41-4736-81f3-f60ff75e5188'),
 ('590', '144', 'Metrics', '9', '2017-09-06 00:06:57', '2017-09-06 00:06:57', '12b800c2-08c2-48a9-9797-40cb3d0dcc73'),
 ('595', '3', 'Section', '1', '2017-09-06 00:18:45', '2017-09-06 00:18:45', 'bd5e4bd8-e702-4d85-b1ab-da2616b2bd5a'),
 ('596', '3', 'Element Grids', '3', '2017-09-06 00:18:45', '2017-09-06 00:18:45', 'f9c7ee68-aa76-4433-9b4a-00afe2b3c5dd'),
 ('597', '3', 'Text / Images / Video', '7', '2017-09-06 00:18:45', '2017-09-06 00:18:45', '7c8657c2-a3ed-4d01-a847-cdcbdefb4261'),
 ('598', '3', 'Interactive', '15', '2017-09-06 00:18:45', '2017-09-06 00:18:45', '626d63f3-78f3-46f6-8c46-93e6c3dbf11f'),
 ('611', '179', 'Text & Images', '1', '2017-09-06 20:53:52', '2017-09-06 20:53:52', 'adfee327-a1dc-40bd-a8f7-f812a1bd0bae'),
 ('612', '179', 'Downloads', '6', '2017-09-06 20:53:52', '2017-09-06 20:53:52', '24d01345-ab51-4f51-9abc-39eb3cabbd82');



DROP TABLE IF EXISTS `craft_plugins`;


--
-- Schema for table `craft_plugins`
--
CREATE TABLE `craft_plugins` (
  `id` int(11) NOT NULL AUTO_INCREMENT,
  `class` varchar(150) COLLATE utf8_unicode_ci NOT NULL,
  `version` varchar(15) COLLATE utf8_unicode_ci NOT NULL,
  `schemaVersion` varchar(15) COLLATE utf8_unicode_ci DEFAULT NULL,
  `licenseKey` char(24) COLLATE utf8_unicode_ci DEFAULT NULL,
  `licenseKeyStatus` enum('valid','invalid','mismatched','unknown') COLLATE utf8_unicode_ci NOT NULL DEFAULT 'unknown',
  `enabled` tinyint(1) unsigned NOT NULL DEFAULT '0',
  `settings` text COLLATE utf8_unicode_ci,
  `installDate` datetime NOT NULL,
  `dateCreated` datetime NOT NULL,
  `dateUpdated` datetime NOT NULL,
  `uid` char(36) COLLATE utf8_unicode_ci NOT NULL DEFAULT '0',
  PRIMARY KEY (`id`)
) ENGINE=InnoDB AUTO_INCREMENT=10 DEFAULT CHARSET=utf8 COLLATE=utf8_unicode_ci;

--
-- Data for table `craft_plugins`
--

INSERT INTO `craft_plugins` (`id`, `class`, `version`, `schemaVersion`, `licenseKey`, `licenseKeyStatus`, `enabled`, `settings`, `installDate`, `dateCreated`, `dateUpdated`, `uid`) VALUES
 ('1', 'Neo', '1.4.1', '1.4.1', NULL, 'unknown', '1', NULL, '2017-07-20 17:32:06', '2017-07-20 17:32:06', '2017-09-06 16:54:29', 'f62939cb-94c4-4a82-b8fc-b9cfd5785e9a'),
 ('2', 'FruitLinkIt', '2.3.4', '2.3.0', NULL, 'unknown', '1', NULL, '2017-07-20 17:36:24', '2017-07-20 17:36:24', '2017-09-06 16:54:29', 'f89571c1-b4a7-4b72-af95-ecadce627765'),
 ('3', 'ButtonBox', '1.3.2', NULL, NULL, 'unknown', '1', NULL, '2017-07-20 21:14:51', '2017-07-20 21:14:51', '2017-09-06 16:54:29', 'b57c5bbd-32fd-428d-ad00-720ffd4bff96'),
 ('4', 'redactorExtras', '1.3.2', NULL, NULL, 'unknown', '1', '{\"scriptButtons\":\"1\",\"counter\":\"\",\"alignment\":\"\",\"properties\":\"\",\"definedlinks\":\"\",\"limiter\":\"1\",\"extraPluginJs\":\"\",\"extraPluginCss\":\"\"}', '2017-07-21 21:26:12', '2017-07-21 21:26:12', '2017-09-06 16:54:29', 'c6964b37-2134-4c41-88b3-3937c98f423b'),
 ('5', 'Hue', '1.1.1', '0.0.0.0', NULL, 'unknown', '1', NULL, '2017-07-21 23:22:41', '2017-07-21 23:22:41', '2017-09-06 16:54:29', '5fcf4f47-fc06-4673-b966-3a6c4cbe9423'),
 ('6', 'ElementApi', '1.6.0', '1.0.0', NULL, 'unknown', '1', NULL, '2017-07-31 18:50:15', '2017-07-31 18:50:15', '2017-09-06 16:54:29', '69587eba-28d1-45ff-b4bc-7a7fa8f7fb2e'),
 ('7', 'SimpleApi', '1.0.0', NULL, NULL, 'unknown', '1', NULL, '2017-08-17 23:19:24', '2017-08-17 23:19:24', '2017-09-06 16:54:29', 'fffe3b07-74fb-443c-9210-059ae663ec5f'),
 ('8', 'CpCss', '1.1.1', '1.1.0', NULL, 'unknown', '1', NULL, '2017-08-23 22:58:12', '2017-08-23 22:58:12', '2017-09-06 16:54:29', '5a520aea-5367-4a92-ba12-cf78e800c40e'),
 ('9', 'CpJs', '1.1.0', '1.1.0', NULL, 'unknown', '1', NULL, '2017-08-23 22:58:13', '2017-08-23 22:58:13', '2017-09-06 16:54:29', '3d0bbd2f-e7e9-40ee-aeb4-6649218d5f5a');



DROP TABLE IF EXISTS `craft_rackspaceaccess`;


--
-- Schema for table `craft_rackspaceaccess`
--
CREATE TABLE `craft_rackspaceaccess` (
  `id` int(11) NOT NULL AUTO_INCREMENT,
  `connectionKey` varchar(255) COLLATE utf8_unicode_ci NOT NULL,
  `token` varchar(255) COLLATE utf8_unicode_ci NOT NULL,
  `storageUrl` varchar(255) COLLATE utf8_unicode_ci NOT NULL,
  `cdnUrl` varchar(255) COLLATE utf8_unicode_ci NOT NULL,
  `dateCreated` datetime NOT NULL,
  `dateUpdated` datetime NOT NULL,
  `uid` char(36) COLLATE utf8_unicode_ci NOT NULL DEFAULT '0',
  PRIMARY KEY (`id`),
  UNIQUE KEY `craft_rackspaceaccess_connectionKey_unq_idx` (`connectionKey`)
) ENGINE=InnoDB DEFAULT CHARSET=utf8 COLLATE=utf8_unicode_ci;

DROP TABLE IF EXISTS `craft_relations`;


--
-- Schema for table `craft_relations`
--
CREATE TABLE `craft_relations` (
  `id` int(11) NOT NULL AUTO_INCREMENT,
  `fieldId` int(11) NOT NULL,
  `sourceId` int(11) NOT NULL,
  `sourceLocale` char(12) COLLATE utf8_unicode_ci DEFAULT NULL,
  `targetId` int(11) NOT NULL,
  `sortOrder` smallint(6) DEFAULT NULL,
  `dateCreated` datetime NOT NULL,
  `dateUpdated` datetime NOT NULL,
  `uid` char(36) COLLATE utf8_unicode_ci NOT NULL DEFAULT '0',
  PRIMARY KEY (`id`),
  UNIQUE KEY `craft_relations_fieldId_sourceId_sourceLocale_targetId_unq_idx` (`fieldId`,`sourceId`,`sourceLocale`,`targetId`),
  KEY `craft_relations_sourceId_fk` (`sourceId`),
  KEY `craft_relations_sourceLocale_fk` (`sourceLocale`),
  KEY `craft_relations_targetId_fk` (`targetId`)
) ENGINE=InnoDB AUTO_INCREMENT=664 DEFAULT CHARSET=utf8 COLLATE=utf8_unicode_ci;

--
-- Data for table `craft_relations`
--

INSERT INTO `craft_relations` (`id`, `fieldId`, `sourceId`, `sourceLocale`, `targetId`, `sortOrder`, `dateCreated`, `dateUpdated`, `uid`) VALUES
 ('253', '8', '36', 'en_us', '8', '1', '2017-07-27 00:17:05', '2017-08-07 16:53:17', 'd557eaa1-64c8-4be2-996e-55cade52b765'),
 ('254', '8', '40', 'en_us', '38', '1', '2017-07-27 00:17:05', '2017-08-07 16:53:17', '3507b921-5a40-4cf1-84e2-a68cb7908583'),
 ('261', '8', '69', 'en_us', '68', '1', '2017-07-27 00:17:06', '2017-08-07 16:53:17', 'ffda2be8-898b-4e3b-b1f9-6accd08e02a9'),
 ('262', '45', '91', NULL, '82', '1', '2017-07-27 00:17:06', '2017-07-27 00:17:06', 'a7c86fe1-ff6d-4c6e-8e5c-d297111b3317'),
 ('263', '45', '91', NULL, '85', '2', '2017-07-27 00:17:06', '2017-07-27 00:17:06', 'd0e7eac2-3017-4d8f-85ba-2defd5b4be26'),
 ('264', '45', '91', NULL, '89', '3', '2017-07-27 00:17:06', '2017-07-27 00:17:06', '6aed60d3-a591-4d74-9866-f5c98adb3975'),
 ('265', '45', '91', NULL, '79', '4', '2017-07-27 00:17:06', '2017-07-27 00:17:06', '1bfd6ea5-a43d-49c8-bb00-4ed7991177f9'),
 ('266', '45', '91', NULL, '81', '5', '2017-07-27 00:17:06', '2017-07-27 00:17:06', 'c952c370-f0b6-42dc-8b58-16d73bc98dda'),
 ('267', '45', '91', NULL, '80', '6', '2017-07-27 00:17:06', '2017-07-27 00:17:06', '33bc712d-e4f6-4255-ac55-2c7b4b32e539'),
 ('268', '45', '91', NULL, '76', '7', '2017-07-27 00:17:06', '2017-07-27 00:17:06', 'f44ac00d-7682-463d-aa73-b0f2344fcf27'),
 ('269', '45', '91', NULL, '90', '8', '2017-07-27 00:17:06', '2017-07-27 00:17:06', '0efea3e3-6198-45c1-8c5e-c3aad4d4fddc'),
 ('270', '45', '91', NULL, '77', '9', '2017-07-27 00:17:06', '2017-07-27 00:17:06', 'd984fccd-9374-4848-9bd6-83bc9389ec76'),
 ('271', '45', '91', NULL, '86', '10', '2017-07-27 00:17:06', '2017-07-27 00:17:06', '3fc8c0cc-269d-4c7e-bc94-cf1c4c98433b'),
 ('272', '45', '91', NULL, '78', '11', '2017-07-27 00:17:06', '2017-07-27 00:17:06', '56fc3a6b-83d7-4703-80fd-35eba9e0ca3b'),
 ('273', '45', '91', NULL, '83', '12', '2017-07-27 00:17:06', '2017-07-27 00:17:06', '94d21f7f-576f-4d7f-a49e-8ae03acb65f3'),
 ('274', '45', '91', NULL, '84', '13', '2017-07-27 00:17:06', '2017-07-27 00:17:06', '46321298-0ec3-4639-810f-4341457dba6b'),
 ('275', '45', '91', NULL, '88', '14', '2017-07-27 00:17:06', '2017-07-27 00:17:06', 'fff56234-e4a8-4b5f-820e-1012c264feb7'),
 ('276', '45', '91', NULL, '87', '15', '2017-07-27 00:17:06', '2017-07-27 00:17:06', '8a5f8d9e-13bb-48c2-830e-696cc1da1957'),
 ('297', '60', '191', NULL, '105', '1', '2017-08-03 17:11:59', '2017-08-03 17:11:59', 'fd183698-d52a-42e1-9b61-06afc1342b70'),
 ('298', '60', '195', NULL, '100', '1', '2017-08-03 17:11:59', '2017-08-03 17:11:59', '0d5f33b9-46c4-4310-8538-d28d6332db8f'),
 ('310', '81', '210', NULL, '152', '1', '2017-08-03 19:02:44', '2017-08-03 19:02:44', '168f4e0f-856e-40dd-beef-abf53dbd1dee'),
 ('312', '81', '211', NULL, '102', '1', '2017-08-03 19:02:44', '2017-08-03 19:02:44', '616f9f34-83c1-49ad-86d4-c3c1d5486723'),
 ('323', '8', '36', 'de_de', '8', '1', '2017-08-07 16:53:17', '2017-08-07 16:53:17', 'b74f26cb-930f-4c38-abd7-ebc54f8667d0'),
 ('324', '8', '40', 'de_de', '38', '1', '2017-08-07 16:53:17', '2017-08-07 16:53:17', '9f7527cd-4320-4673-a103-706b1167b797'),
 ('325', '8', '69', 'de_de', '68', '1', '2017-08-07 16:53:17', '2017-08-07 16:53:17', '11e3c756-e394-4d87-b2ab-f034e608a773'),
 ('362', '8', '287', 'en_us', '288', '1', '2017-08-09 17:51:39', '2017-08-09 17:51:39', 'edc821b3-bac9-4cfc-a568-484b6e2284ba'),
 ('427', '60', '206', NULL, '100', '1', '2017-08-17 17:52:22', '2017-08-17 17:52:22', '3d68429b-97a9-4557-9a18-486ea3c826e3'),
 ('428', '60', '207', NULL, '99', '1', '2017-08-17 17:52:22', '2017-08-17 17:52:22', 'a77c4b7b-39ac-4af3-b0a1-c712b5900571'),
 ('429', '60', '208', NULL, '160', '1', '2017-08-17 17:52:22', '2017-08-17 17:52:22', '468c31ce-9f5c-44bd-a349-ab52757122bb'),
 ('430', '75', '210', NULL, '145', '1', '2017-08-17 17:52:22', '2017-08-17 17:52:22', 'b44371f2-021b-4b55-ad38-d65909a7c71d'),
 ('431', '75', '211', NULL, '146', '1', '2017-08-17 17:52:22', '2017-08-17 17:52:22', 'd2484b6c-4eec-4ba3-9e56-cb27d68800b5'),
 ('432', '25', '163', NULL, '141', '1', '2017-08-17 17:52:22', '2017-08-17 17:52:22', '689c041a-e054-4d63-b799-df93e69553e5'),
 ('433', '60', '214', NULL, '101', '1', '2017-08-17 17:52:22', '2017-08-17 17:52:22', 'b08195b6-29cc-4784-a43f-b3868a521d66'),
 ('434', '60', '215', NULL, '157', '1', '2017-08-17 17:52:22', '2017-08-17 17:52:22', 'ba6af729-fb40-40f5-a34c-6287963e9b9e'),
 ('435', '60', '216', NULL, '103', '1', '2017-08-17 17:52:22', '2017-08-17 17:52:22', '2e5ec987-5a43-452d-bb51-3ce58a3a2edd'),
 ('436', '25', '140', NULL, '143', '1', '2017-08-17 17:52:22', '2017-08-17 17:52:22', '29dc4e9b-9694-4d33-9a2b-162c004b9a6a'),
 ('437', '60', '217', NULL, '159', '1', '2017-08-17 17:52:22', '2017-08-17 17:52:22', '5bf56a98-cc57-4a40-87f1-2035f6f8d792'),
 ('438', '60', '218', NULL, '151', '1', '2017-08-17 17:52:22', '2017-08-17 17:52:22', 'dc1a689c-76f0-4ee3-bf5f-174ab58bdffc'),
 ('439', '60', '219', NULL, '161', '1', '2017-08-17 17:52:22', '2017-08-17 17:52:22', '5aec7162-b87a-45a1-a47f-feb566f99725'),
 ('440', '25', '220', NULL, '142', '1', '2017-08-17 17:52:22', '2017-08-17 17:52:22', '854ab9bd-786a-4005-bb80-435831826c9c'),
 ('441', '8', '346', 'en_us', '143', '1', '2017-08-17 23:14:09', '2017-08-17 23:14:09', 'ecaf9872-32c2-4359-aba0-099aba8975b5'),
 ('445', '147', '348', NULL, '246', '1', '2017-08-23 17:52:37', '2017-08-23 17:52:37', '319e8d16-0f40-4e2d-a9da-5f7345a1cdfa'),
 ('446', '148', '348', NULL, '350', '1', '2017-08-23 17:52:37', '2017-08-23 17:52:37', '545cb107-23dc-4781-b1d2-1b61aba76411'),
 ('447', '8', '349', 'en_us', '8', '1', '2017-08-23 17:52:37', '2017-08-23 17:52:37', 'bdcddcb1-2757-4de0-b217-33be5db4e8e5'),
 ('450', '38', '33', NULL, '97', '1', '2017-08-23 17:54:03', '2017-08-23 17:54:03', 'b7ea1500-8e3e-4914-ada9-f99223e4ed2a'),
 ('451', '88', '33', NULL, '256', '1', '2017-08-23 17:54:03', '2017-08-23 17:54:03', '3f790576-7bde-4a28-a002-0c5dc97fbe35'),
 ('452', '87', '33', NULL, '245', '1', '2017-08-23 17:54:03', '2017-08-23 17:54:03', '6922c942-a799-44dd-b52b-a3cd3071c2f1'),
 ('453', '86', '33', NULL, '246', '1', '2017-08-23 17:54:03', '2017-08-23 17:54:03', 'ba27ee75-db9f-4ab5-aa3c-b0380efbb265'),
 ('454', '38', '358', NULL, '97', '1', '2017-08-23 17:56:29', '2017-08-23 17:56:29', '94da0e93-4af4-48ff-8494-341b5bbbf060'),
 ('455', '147', '356', NULL, '252', '1', '2017-08-23 21:53:03', '2017-08-23 21:53:03', '84856c23-0fdc-4060-b931-d82c6b20a4c1'),
 ('456', '148', '356', NULL, '351', '1', '2017-08-23 21:53:03', '2017-08-23 21:53:03', '84881faf-d299-4c46-b969-dbed1f2db4a9'),
 ('635', '8', '441', 'en_us', '38', '1', '2017-08-31 21:10:35', '2017-08-31 21:10:35', '5500fe8c-4a27-4c40-b7e6-3e63ca999a1c'),
 ('637', '8', '439', 'en_us', '38', '1', '2017-08-31 21:43:48', '2017-08-31 21:43:48', '2fbc585b-9637-46e7-af39-f2e8dac8d388'),
 ('638', '68', '319', NULL, '14', '1', '2017-08-31 22:08:12', '2017-08-31 22:08:12', '0c3d3c44-783a-4d8d-a601-62a0b948fcfc'),
 ('639', '68', '320', NULL, '15', '1', '2017-08-31 22:08:12', '2017-08-31 22:08:12', '497f8a48-7046-4ad8-9334-e3efb2b47439'),
 ('640', '68', '321', NULL, '16', '1', '2017-08-31 22:08:12', '2017-08-31 22:08:12', 'ac30be0a-5d90-4bd7-b2a4-ccf215f78ff9'),
 ('641', '118', '323', NULL, '76', '1', '2017-08-31 22:08:12', '2017-08-31 22:08:12', 'dbc67cfe-e08b-4a7b-8629-5616a895b3ca'),
 ('642', '118', '324', NULL, '77', '1', '2017-08-31 22:08:12', '2017-08-31 22:08:12', '611e3b10-d2f9-44de-9331-1b04a10d9076'),
 ('643', '118', '325', NULL, '78', '1', '2017-08-31 22:08:12', '2017-08-31 22:08:12', '62c2dd2f-ca8c-40cd-a26a-6a240f0869d7'),
 ('644', '59', '327', NULL, '381', '1', '2017-08-31 22:08:12', '2017-08-31 22:08:12', '600d42eb-f1d7-4fbd-88f4-7bb79d6de1e9'),
 ('645', '60', '327', NULL, '160', '1', '2017-08-31 22:08:12', '2017-08-31 22:08:12', 'b29d6709-5c33-4c9d-b91a-ccc9cf0f174c'),
 ('646', '59', '328', NULL, '407', '1', '2017-08-31 22:08:12', '2017-08-31 22:08:12', 'e4cbb37f-f05b-4430-8cdb-a7fcdb1b4e89'),
 ('647', '60', '328', NULL, '159', '1', '2017-08-31 22:08:12', '2017-08-31 22:08:12', 'b8e86b84-3cd9-4410-a247-50b3ab438ac3'),
 ('648', '59', '329', NULL, '402', '1', '2017-08-31 22:08:12', '2017-08-31 22:08:12', '16b7615c-5216-43a6-bd65-7aa1f3051e77'),
 ('649', '60', '329', NULL, '150', '1', '2017-08-31 22:08:12', '2017-08-31 22:08:12', '519dff23-c47e-4ead-af68-fbeee05ff484'),
 ('650', '8', '331', 'en_us', '288', '1', '2017-08-31 22:08:12', '2017-08-31 22:08:12', '6cc7c4f6-9b74-471c-867f-ebf263d13d89'),
 ('651', '8', '335', 'en_us', '38', '1', '2017-08-31 22:08:13', '2017-08-31 22:08:13', '833a6f8e-b111-40a6-87b6-40d1cd034c8a'),
 ('652', '8', '340', 'en_us', '38', '1', '2017-08-31 22:08:13', '2017-08-31 22:08:13', '8471c565-03f3-481a-9b10-a8a2d9bc3a6d'),
 ('653', '127', '340', NULL, '100', '1', '2017-08-31 22:08:13', '2017-08-31 22:08:13', '49ef3bf8-2edb-4cfd-b004-a0a8ea66989d'),
 ('654', '8', '343', 'en_us', '172', '1', '2017-08-31 22:08:13', '2017-08-31 22:08:13', 'd17c89cc-a930-4d6b-abbe-0123aee21426'),
 ('655', '8', '341', 'en_us', '68', '1', '2017-08-31 22:08:13', '2017-08-31 22:08:13', 'cd68a102-653b-44b7-a9d1-1bbae69af1c9'),
 ('656', '122', '427', NULL, '394', '1', '2017-08-31 22:08:13', '2017-08-31 22:08:13', 'e504a6a9-868e-492f-b09b-7bcbba6638e4'),
 ('657', '124', '427', NULL, '38', '1', '2017-08-31 22:08:13', '2017-08-31 22:08:13', 'a3bfc058-3a95-4502-85b0-48bc48092086'),
 ('658', '123', '427', NULL, '374', '1', '2017-08-31 22:08:13', '2017-08-31 22:08:13', '7b5e9e4b-c4c1-4918-a9c1-3721253acaf0'),
 ('659', '125', '427', NULL, '152', '1', '2017-08-31 22:08:13', '2017-08-31 22:08:13', 'a0d173af-1c2d-4cb6-8260-6f098a140348'),
 ('660', '8', '429', 'en_us', '8', '1', '2017-08-31 22:08:13', '2017-08-31 22:08:13', '3de0163d-dca1-488e-ae45-15e3d984bf39'),
 ('661', '8', '431', 'en_us', '38', '1', '2017-08-31 22:08:13', '2017-08-31 22:08:13', 'de4dc297-cd07-4d98-99df-ebf0e9440411'),
 ('662', '128', '434', NULL, '392', '1', '2017-08-31 22:08:13', '2017-08-31 22:08:13', '0939de52-8401-44e4-90ff-b35a61eace52'),
 ('663', '129', '434', NULL, '155', '1', '2017-08-31 22:08:13', '2017-08-31 22:08:13', '23c9f9d9-4fe6-462f-92f3-284aba142db3');



DROP TABLE IF EXISTS `craft_routes`;


--
-- Schema for table `craft_routes`
--
CREATE TABLE `craft_routes` (
  `id` int(11) NOT NULL AUTO_INCREMENT,
  `locale` char(12) COLLATE utf8_unicode_ci DEFAULT NULL,
  `urlParts` varchar(255) COLLATE utf8_unicode_ci NOT NULL,
  `urlPattern` varchar(255) COLLATE utf8_unicode_ci NOT NULL,
  `template` varchar(255) COLLATE utf8_unicode_ci NOT NULL,
  `sortOrder` smallint(6) unsigned DEFAULT NULL,
  `dateCreated` datetime NOT NULL,
  `dateUpdated` datetime NOT NULL,
  `uid` char(36) COLLATE utf8_unicode_ci NOT NULL DEFAULT '0',
  PRIMARY KEY (`id`),
  KEY `craft_routes_locale_idx` (`locale`),
  KEY `craft_routes_urlPattern_idx` (`urlPattern`)
) ENGINE=InnoDB DEFAULT CHARSET=utf8 COLLATE=utf8_unicode_ci;

DROP TABLE IF EXISTS `craft_searchindex`;


--
-- Schema for table `craft_searchindex`
--
CREATE TABLE `craft_searchindex` (
  `elementId` int(11) NOT NULL,
  `attribute` varchar(25) COLLATE utf8_unicode_ci NOT NULL,
  `fieldId` int(11) NOT NULL,
  `locale` char(12) COLLATE utf8_unicode_ci NOT NULL,
  `keywords` text COLLATE utf8_unicode_ci NOT NULL,
  PRIMARY KEY (`elementId`,`attribute`,`fieldId`,`locale`),
  FULLTEXT KEY `craft_searchindex_keywords_idx` (`keywords`)
) ENGINE=MyISAM DEFAULT CHARSET=utf8 COLLATE=utf8_unicode_ci;

--
-- Data for table `craft_searchindex`
--

INSERT INTO `craft_searchindex` (`elementId`, `attribute`, `fieldId`, `locale`, `keywords`) VALUES
 ('1', 'username', '0', 'en_us', ' admin '),
 ('1', 'firstname', '0', 'en_us', ' snapchat '),
 ('1', 'lastname', '0', 'en_us', ' admin '),
 ('1', 'fullname', '0', 'en_us', ' snapchat admin '),
 ('1', 'email', '0', 'en_us', ' mort instrument com '),
 ('1', 'slug', '0', 'en_us', ''),
 ('264', 'title', '0', 'de_de', ' blog '),
 ('264', 'slug', '0', 'de_de', ' blog '),
 ('264', 'slug', '0', 'en_us', ' blog '),
 ('264', 'title', '0', 'en_us', ' insights and news '),
 ('108', 'field', '71', 'en_us', ''),
 ('110', 'field', '58', 'en_us', ' snap ads postmates drive action 2x captivate your audience with full screen snap ads filters geofilter phil phone screen 2x own a place or event with location based filters lenses solutions device 12 invite customers to play and share with lenses '),
 ('206', 'field', '59', 'en_us', ''),
 ('206', 'field', '60', 'en_us', ' postmates drive action 2x '),
 ('206', 'field', '61', 'en_us', ' snap ads '),
 ('206', 'field', '62', 'en_us', ' captivate your audience with full screen snap ads '),
 ('206', 'slug', '0', 'en_us', ''),
 ('162', 'field', '74', 'en_us', ' snap ads are full screen 100% viewable and have audio on by default devices nav 1 snap ads drive traffic to your pre loaded website with our auto fill feature snapchatters can send you their account email and more by just tapping devices nav 2 web view '),
 ('355', 'slug', '0', 'de_de', ''),
 ('356', 'field', '149', 'en_us', ''),
 ('356', 'field', '147', 'en_us', ' financial services '),
 ('356', 'field', '148', 'en_us', ' north america canada '),
 ('356', 'field', '145', 'en_us', ''),
 ('356', 'field', '144', 'en_us', ''),
 ('356', 'field', '101', 'en_us', ''),
 ('356', 'field', '102', 'en_us', ''),
 ('356', 'field', '104', 'en_us', ''),
 ('356', 'field', '107', 'en_us', ' website '),
 ('355', 'slug', '0', 'en_us', ''),
 ('348', 'field', '146', 'en_us', ' blue '),
 ('348', 'field', '149', 'en_us', ''),
 ('108', 'field', '18', 'en_us', ''),
 ('108', 'field', '10', 'en_us', ' our ad products are fun and effective for every objective '),
 ('108', 'field', '8', 'en_us', ''),
 ('33', 'field', '41', 'en_us', ' ab inbev '),
 ('33', 'field', '40', 'en_us', ' a91622 '),
 ('8', 'filename', '0', 'en_us', ' snap_ad_reporting_1x png '),
 ('8', 'extension', '0', 'en_us', ' png '),
 ('8', 'kind', '0', 'en_us', ' image '),
 ('8', 'slug', '0', 'en_us', ' snap ad reporting 1x '),
 ('8', 'title', '0', 'en_us', ' snap ad reporting 1x '),
 ('33', 'field', '38', 'en_us', ' ic success logo abinbev 2x '),
 ('14', 'extension', '0', 'en_us', ' png '),
 ('14', 'filename', '0', 'en_us', ' homepage 1 1 png '),
 ('223', 'field', '84', 'en_us', ' custom https www snap com en us snap inc _blank custom https www snapchat com snapchat _blank custom https www snap com en us jobs jobs _blank custom https www snap com en us news news _blank '),
 ('223', 'slug', '0', 'en_us', ''),
 ('223', 'field', '83', 'en_us', ' company '),
 ('33', 'field', '39', 'en_us', ' success story '),
 ('172', 'extension', '0', 'en_us', ' png '),
 ('224', 'slug', '0', 'en_us', ''),
 ('224', 'field', '85', 'en_us', ' custom https www snap com en us snap inc _blank '),
 ('14', 'kind', '0', 'en_us', ' image '),
 ('14', 'slug', '0', 'en_us', ' homepage 1 1 '),
 ('14', 'title', '0', 'en_us', ' homepage 1 1 '),
 ('15', 'filename', '0', 'en_us', ' homepage 1 2 png '),
 ('15', 'extension', '0', 'en_us', ' png '),
 ('15', 'kind', '0', 'en_us', ' image '),
 ('15', 'slug', '0', 'en_us', ' homepage 1 2 '),
 ('15', 'title', '0', 'en_us', ' homepage 1 2 '),
 ('16', 'filename', '0', 'en_us', ' homepage 1 3 png '),
 ('16', 'extension', '0', 'en_us', ' png '),
 ('16', 'kind', '0', 'en_us', ' image '),
 ('16', 'slug', '0', 'en_us', ' homepage 1 3 '),
 ('16', 'title', '0', 'en_us', ' homepage 1 3 '),
 ('33', 'title', '0', 'en_us', ' entry 33 '),
 ('33', 'slug', '0', 'en_us', ' ab inbev '),
 ('33', 'field', '43', 'en_us', ''),
 ('33', 'field', '42', 'en_us', ' on average snapchatters spent 30 seconds playing anheuser busch inbev s bud bowl game in its snap ad web view '),
 ('34', 'field', '23', 'en_us', ' overview '),
 ('34', 'field', '20', 'en_us', ' gray '),
 ('34', 'slug', '0', 'en_us', ''),
 ('35', 'field', '10', 'en_us', ' successful ads drive your business forward '),
 ('35', 'slug', '0', 'en_us', ''),
 ('36', 'field', '8', 'en_us', ' snap ad reporting 1x '),
 ('36', 'field', '9', 'en_us', ' left '),
 ('36', 'field', '10', 'en_us', ' snap ad reporting '),
 ('36', 'field', '11', 'en_us', ' monitor your campaigns in real time identify key performance trends and optimize towards your goals '),
 ('36', 'slug', '0', 'en_us', ''),
 ('210', 'field', '77', 'en_us', ' snap ads are full screen 100% viewable and have audio on by default '),
 ('210', 'field', '76', 'en_us', ' snap ads '),
 ('38', 'filename', '0', 'en_us', ' filter_reporting_2x jpg '),
 ('38', 'extension', '0', 'en_us', ' jpg '),
 ('38', 'kind', '0', 'en_us', ' image '),
 ('38', 'slug', '0', 'en_us', ' filter reporting 2x '),
 ('38', 'title', '0', 'en_us', ' filter reporting 2x '),
 ('39', 'field', '23', 'en_us', ' filter reporting '),
 ('39', 'field', '20', 'en_us', ' white '),
 ('39', 'slug', '0', 'en_us', ''),
 ('40', 'field', '8', 'en_us', ' filter reporting 2x '),
 ('40', 'field', '9', 'en_us', ' right '),
 ('40', 'field', '10', 'en_us', ' filter reporting '),
 ('40', 'field', '11', 'en_us', ' track filter performance and optimize your campaign by location '),
 ('40', 'slug', '0', 'en_us', ''),
 ('210', 'field', '75', 'en_us', ' devices nav 1 '),
 ('42', 'field', '23', 'en_us', ' measurement philosophy '),
 ('42', 'field', '20', 'en_us', ' gray '),
 ('42', 'slug', '0', 'en_us', ''),
 ('43', 'field', '10', 'en_us', ' know exactly how your ads perform '),
 ('43', 'slug', '0', 'en_us', ''),
 ('44', 'field', '24', 'en_us', '');
INSERT INTO `craft_searchindex` (`elementId`, `attribute`, `fieldId`, `locale`, `keywords`) VALUES
 ('44', 'slug', '0', 'en_us', ''),
 ('45', 'filename', '0', 'en_us', ' measurement reach svg '),
 ('45', 'extension', '0', 'en_us', ' svg '),
 ('45', 'kind', '0', 'en_us', ' image '),
 ('45', 'slug', '0', 'en_us', ' measurement reach '),
 ('45', 'title', '0', 'en_us', ' measurement reach '),
 ('46', 'filename', '0', 'en_us', ' measurement reaction svg '),
 ('46', 'extension', '0', 'en_us', ' svg '),
 ('46', 'kind', '0', 'en_us', ' image '),
 ('46', 'slug', '0', 'en_us', ' measurement reaction '),
 ('46', 'title', '0', 'en_us', ' measurement reaction '),
 ('47', 'filename', '0', 'en_us', ' measurement resonance svg '),
 ('47', 'extension', '0', 'en_us', ' svg '),
 ('47', 'kind', '0', 'en_us', ' image '),
 ('47', 'slug', '0', 'en_us', ' measurement resonance '),
 ('47', 'title', '0', 'en_us', ' measurement resonance '),
 ('48', 'filename', '0', 'en_us', ' measurement snap to svg '),
 ('48', 'extension', '0', 'en_us', ' svg '),
 ('48', 'kind', '0', 'en_us', ' image '),
 ('48', 'slug', '0', 'en_us', ' measurement snap to '),
 ('48', 'title', '0', 'en_us', ' measurement snap to '),
 ('49', 'filename', '0', 'en_us', ' measurement verification svg '),
 ('49', 'extension', '0', 'en_us', ' svg '),
 ('49', 'kind', '0', 'en_us', ' image '),
 ('49', 'slug', '0', 'en_us', ' measurement verification '),
 ('49', 'title', '0', 'en_us', ' measurement verification '),
 ('50', 'filename', '0', 'en_us', ' measurement viewability svg '),
 ('50', 'extension', '0', 'en_us', ' svg '),
 ('50', 'kind', '0', 'en_us', ' image '),
 ('50', 'slug', '0', 'en_us', ' measurement viewability '),
 ('50', 'title', '0', 'en_us', ' measurement viewability '),
 ('214', 'field', '60', 'en_us', ' lga geo filter 2x '),
 ('214', 'field', '59', 'en_us', ''),
 ('68', 'filename', '0', 'en_us', ' snap to store_chillahs_2x png '),
 ('217', 'field', '61', 'en_us', ''),
 ('217', 'field', '59', 'en_us', ''),
 ('217', 'field', '60', 'en_us', ' solutions device 11 '),
 ('216', 'slug', '0', 'en_us', ''),
 ('216', 'field', '61', 'en_us', ''),
 ('216', 'field', '62', 'en_us', ''),
 ('216', 'field', '60', 'en_us', ' warby parker geo filter 2x '),
 ('215', 'field', '61', 'en_us', ''),
 ('215', 'field', '62', 'en_us', ''),
 ('215', 'slug', '0', 'en_us', ''),
 ('216', 'field', '59', 'en_us', ''),
 ('215', 'field', '60', 'en_us', ' solutions device 9 '),
 ('214', 'field', '62', 'en_us', ''),
 ('214', 'slug', '0', 'en_us', ''),
 ('215', 'field', '59', 'en_us', ''),
 ('61', 'filename', '0', 'en_us', ' snap to store_clock_2x png '),
 ('61', 'extension', '0', 'en_us', ' png '),
 ('61', 'kind', '0', 'en_us', ' image '),
 ('61', 'slug', '0', 'en_us', ' snap to store clock 2x '),
 ('61', 'title', '0', 'en_us', ' snap to store clock 2x '),
 ('63', 'field', '23', 'en_us', ' snap to store '),
 ('63', 'field', '20', 'en_us', ' white '),
 ('63', 'slug', '0', 'en_us', ''),
 ('64', 'slug', '0', 'en_us', ''),
 ('214', 'field', '61', 'en_us', ''),
 ('213', 'slug', '0', 'en_us', ''),
 ('68', 'extension', '0', 'en_us', ' png '),
 ('68', 'kind', '0', 'en_us', ' image '),
 ('68', 'slug', '0', 'en_us', ' snap to store chillahs 2x '),
 ('68', 'title', '0', 'en_us', ' snap to store chillahs 2x '),
 ('69', 'field', '8', 'en_us', ' snap to store chillahs 2x '),
 ('69', 'field', '28', 'en_us', ' wide '),
 ('69', 'slug', '0', 'en_us', ''),
 ('76', 'extension', '0', 'en_us', ' png '),
 ('76', 'filename', '0', 'en_us', ' adjust_2x png '),
 ('71', 'field', '23', 'en_us', ' third party partners '),
 ('71', 'field', '20', 'en_us', ' gray '),
 ('71', 'slug', '0', 'en_us', ''),
 ('72', 'slug', '0', 'en_us', ''),
 ('209', 'field', '71', 'en_us', ''),
 ('209', 'slug', '0', 'en_us', ''),
 ('76', 'kind', '0', 'en_us', ' image '),
 ('76', 'slug', '0', 'en_us', ' adjust 2x '),
 ('76', 'title', '0', 'en_us', ' adjust 2x '),
 ('77', 'filename', '0', 'en_us', ' appsflyer_2x png '),
 ('77', 'extension', '0', 'en_us', ' png '),
 ('77', 'kind', '0', 'en_us', ' image '),
 ('77', 'slug', '0', 'en_us', ' appsflyer 2x '),
 ('77', 'title', '0', 'en_us', ' appsflyer 2x '),
 ('78', 'filename', '0', 'en_us', ' doubleclick_2x png '),
 ('78', 'extension', '0', 'en_us', ' png '),
 ('78', 'kind', '0', 'en_us', ' image '),
 ('78', 'slug', '0', 'en_us', ' doubleclick 2x '),
 ('78', 'title', '0', 'en_us', ' doubleclick 2x '),
 ('79', 'filename', '0', 'en_us', ' innovid_2x png '),
 ('79', 'extension', '0', 'en_us', ' png '),
 ('79', 'kind', '0', 'en_us', ' image '),
 ('79', 'slug', '0', 'en_us', ' innovid 2x '),
 ('79', 'title', '0', 'en_us', ' innovid 2x '),
 ('80', 'filename', '0', 'en_us', ' kochava_2x png '),
 ('80', 'extension', '0', 'en_us', ' png '),
 ('80', 'kind', '0', 'en_us', ' image '),
 ('80', 'slug', '0', 'en_us', ' kochava 2x '),
 ('80', 'title', '0', 'en_us', ' kochava 2x '),
 ('81', 'filename', '0', 'en_us', ' liveramp_2x png '),
 ('81', 'extension', '0', 'en_us', ' png ');
INSERT INTO `craft_searchindex` (`elementId`, `attribute`, `fieldId`, `locale`, `keywords`) VALUES
 ('81', 'kind', '0', 'en_us', ' image '),
 ('81', 'slug', '0', 'en_us', ' liveramp 2x '),
 ('81', 'title', '0', 'en_us', ' liveramp 2x '),
 ('82', 'filename', '0', 'en_us', ' millwardbrown_2x png '),
 ('82', 'extension', '0', 'en_us', ' png '),
 ('82', 'kind', '0', 'en_us', ' image '),
 ('82', 'slug', '0', 'en_us', ' millwardbrown 2x '),
 ('82', 'title', '0', 'en_us', ' millwardbrown 2x '),
 ('83', 'filename', '0', 'en_us', ' moat_2x png '),
 ('83', 'extension', '0', 'en_us', ' png '),
 ('83', 'kind', '0', 'en_us', ' image '),
 ('83', 'slug', '0', 'en_us', ' moat 2x '),
 ('83', 'title', '0', 'en_us', ' moat 2x '),
 ('84', 'filename', '0', 'en_us', ' neustar_2x png '),
 ('84', 'extension', '0', 'en_us', ' png '),
 ('84', 'kind', '0', 'en_us', ' image '),
 ('84', 'slug', '0', 'en_us', ' neustar 2x '),
 ('84', 'title', '0', 'en_us', ' neustar 2x '),
 ('85', 'filename', '0', 'en_us', ' nielsen_2x png '),
 ('85', 'extension', '0', 'en_us', ' png '),
 ('85', 'kind', '0', 'en_us', ' image '),
 ('85', 'slug', '0', 'en_us', ' nielsen 2x '),
 ('85', 'title', '0', 'en_us', ' nielsen 2x '),
 ('86', 'filename', '0', 'en_us', ' oracle_2x png '),
 ('86', 'extension', '0', 'en_us', ' png '),
 ('86', 'kind', '0', 'en_us', ' image '),
 ('86', 'slug', '0', 'en_us', ' oracle 2x '),
 ('86', 'title', '0', 'en_us', ' oracle 2x '),
 ('87', 'filename', '0', 'en_us', ' placed_2x png '),
 ('87', 'extension', '0', 'en_us', ' png '),
 ('87', 'kind', '0', 'en_us', ' image '),
 ('87', 'slug', '0', 'en_us', ' placed 2x '),
 ('87', 'title', '0', 'en_us', ' placed 2x '),
 ('88', 'filename', '0', 'en_us', ' singular_2x png '),
 ('88', 'extension', '0', 'en_us', ' png '),
 ('88', 'kind', '0', 'en_us', ' image '),
 ('88', 'slug', '0', 'en_us', ' singular 2x '),
 ('88', 'title', '0', 'en_us', ' singular 2x '),
 ('89', 'filename', '0', 'en_us', ' sizmek_2x png '),
 ('89', 'extension', '0', 'en_us', ' png '),
 ('89', 'kind', '0', 'en_us', ' image '),
 ('89', 'slug', '0', 'en_us', ' sizmek 2x '),
 ('89', 'title', '0', 'en_us', ' sizmek 2x '),
 ('90', 'filename', '0', 'en_us', ' tune_2x png '),
 ('90', 'extension', '0', 'en_us', ' png '),
 ('90', 'kind', '0', 'en_us', ' image '),
 ('90', 'slug', '0', 'en_us', ' tune 2x '),
 ('90', 'title', '0', 'en_us', ' tune 2x '),
 ('91', 'field', '45', 'en_us', ' millwardbrown 2x nielsen 2x sizmek 2x innovid 2x liveramp 2x kochava 2x adjust 2x tune 2x appsflyer 2x oracle 2x doubleclick 2x moat 2x neustar 2x singular 2x placed 2x '),
 ('91', 'slug', '0', 'en_us', ''),
 ('172', 'filename', '0', 'en_us', ' ad_manager_2x png '),
 ('97', 'filename', '0', 'en_us', ' ic_success_logo_abinbev 2x png '),
 ('97', 'extension', '0', 'en_us', ' png '),
 ('97', 'kind', '0', 'en_us', ' image '),
 ('97', 'slug', '0', 'en_us', ' ic success logo abinbev 2x '),
 ('97', 'title', '0', 'en_us', ' ic success logo abinbev 2x '),
 ('98', 'field', '7', 'en_us', ' ad products '),
 ('98', 'field', '15', 'en_us', ' blue '),
 ('98', 'field', '16', 'en_us', ' 1 '),
 ('98', 'field', '3', 'en_us', ' normal 0 primary left left website 0 gray overview 0 blue 0 0 0 normal 0 primary left left our ad products are fun and effective for every objective website 0 gray 0 blue 0 0 0 normal 0 primary left left snap ads postmates drive action 2x captivate your audience with full screen snap ads filters geofilter phil phone screen 2x own a place or event with location based filters lenses solutions device 12 invite customers to play and share with lenses website 0 gray 0 blue 0 0 0 normal 0 primary left left website 0 white snap ads 0 blue 0 0 0 normal 0 primary left left snap ads website 0 gray 0 the original vertical video ad now with attachments customized for your objectives blue 0 0 0 normal 0 primary chillah device topleft on average over 10 billion videos are watched on snapchat every day 1 left left snap ads are full screen 100% viewable and have audio on by default devices nav 1 snap ads drive traffic to your pre loaded website with our auto fill feature snapchatters can send you their account email and more by just tapping devices nav 2 web view website 0 gray 0 blue 0 0 0 normal 0 primary left left website 0 gray filters 0 blue 0 0 0 normal 0 primary custom https geofilters snapchat com create a filter _blank normal 0 custom https businesshelp snapchat com en us article create geofilter view guidelines _blank left left filters website 0 gray 0 filters allow you to be where your product is bought thought about or consumed create your own filter and drive awareness advocacy and action in one package blue 0 0 0 normal 0 primary chillah hearts topright on average more than a billion snaps with filters are viewed every day 1 left left lga geo filter 2x solutions device 9 warby parker geo filter 2x website 0 gray 0 blue 0 0 0 normal 0 primary left left website 0 white lenses 0 blue 0 0 0 normal 0 primary left left lenses website 0 gray 0 lenses are the most playful and memorable way to increase awareness on a massive scale with one tap you can invite snapchatters into your world and your story blue 0 0 0 normal 0 primary chillah heart eyes topright the best lenses average more than 20 seconds of play time 1 left left solutions device 11 solutions device 3 solutions device 13 website 0 gray 0 blue 0 0 0 normal 0 primary left left website 0 gray video 0 blue 0 0 0 normal 0 primary left left see where your ads will run on snapchat website 0 gray 0 blue 0 0 0 wide 0 primary left left website 0 gray 0 blue 0 0 0 '),
 ('98', 'slug', '0', 'en_us', ' solutions '),
 ('98', 'title', '0', 'en_us', ' ad products '),
 ('99', 'filename', '0', 'en_us', ' geofilter_phil_phone_screen 2x jpg '),
 ('99', 'extension', '0', 'en_us', ' jpg '),
 ('99', 'kind', '0', 'en_us', ' image '),
 ('99', 'slug', '0', 'en_us', ' geofilter phil phone screen 2x '),
 ('99', 'title', '0', 'en_us', ' geofilter phil phone screen 2x '),
 ('100', 'filename', '0', 'en_us', ' postmates_driveaction 2x jpg '),
 ('100', 'extension', '0', 'en_us', ' jpg '),
 ('100', 'kind', '0', 'en_us', ' image '),
 ('100', 'slug', '0', 'en_us', ' postmates drive action 2x '),
 ('100', 'title', '0', 'en_us', ' postmates drive action 2x '),
 ('101', 'filename', '0', 'en_us', ' lga_geofilter_2x jpg '),
 ('101', 'extension', '0', 'en_us', ' jpg '),
 ('101', 'kind', '0', 'en_us', ' image '),
 ('101', 'slug', '0', 'en_us', ' lga geo filter 2x '),
 ('101', 'title', '0', 'en_us', ' lga geo filter 2x '),
 ('102', 'filename', '0', 'en_us', ' target_ad_2x jpg '),
 ('102', 'extension', '0', 'en_us', ' jpg '),
 ('102', 'kind', '0', 'en_us', ' image '),
 ('102', 'slug', '0', 'en_us', ' target ad 2x '),
 ('102', 'title', '0', 'en_us', ' target ad 2x '),
 ('103', 'filename', '0', 'en_us', ' warby_parker_geofilter_2x jpg '),
 ('103', 'extension', '0', 'en_us', ' jpg '),
 ('103', 'kind', '0', 'en_us', ' image '),
 ('103', 'slug', '0', 'en_us', ' warby parker geo filter 2x '),
 ('103', 'title', '0', 'en_us', ' warby parker geo filter 2x '),
 ('104', 'filename', '0', 'en_us', ' weby_parker_geofilter_2x jpg '),
 ('104', 'extension', '0', 'en_us', ' jpg '),
 ('104', 'kind', '0', 'en_us', ' image '),
 ('104', 'slug', '0', 'en_us', ' weby parker geo filter 2x '),
 ('104', 'title', '0', 'en_us', ' weby parker geo filter 2x '),
 ('105', 'filename', '0', 'en_us', ' snapads_gatorade_phone_screen 2x jpg '),
 ('105', 'extension', '0', 'en_us', ' jpg '),
 ('105', 'kind', '0', 'en_us', ' image '),
 ('105', 'slug', '0', 'en_us', ' snap ads gatorade phone screen 2x '),
 ('105', 'title', '0', 'en_us', ' snap ads gatorade phone screen 2x '),
 ('106', 'filename', '0', 'en_us', ' snapads_underarmour_phone_screen 2x jpg '),
 ('106', 'extension', '0', 'en_us', ' jpg '),
 ('106', 'kind', '0', 'en_us', ' image ');
INSERT INTO `craft_searchindex` (`elementId`, `attribute`, `fieldId`, `locale`, `keywords`) VALUES
 ('106', 'slug', '0', 'en_us', ' snap ads under armour phone screen 2x '),
 ('106', 'title', '0', 'en_us', ' snap ads under armour phone screen 2x '),
 ('107', 'field', '23', 'en_us', ' overview '),
 ('107', 'field', '20', 'en_us', ' gray '),
 ('107', 'slug', '0', 'en_us', ''),
 ('108', 'slug', '0', 'en_us', ''),
 ('213', 'field', '73', 'en_us', ' custom https businesshelp snapchat com en us article create geofilter view guidelines _blank '),
 ('212', 'slug', '0', 'en_us', ''),
 ('110', 'slug', '0', 'en_us', ''),
 ('202', 'field', '8', 'en_us', ''),
 ('202', 'field', '10', 'en_us', ' heeeeadline '),
 ('202', 'field', '18', 'en_us', ' suuuuubhead '),
 ('202', 'field', '12', 'en_us', ' entry 2 '),
 ('195', 'field', '62', 'en_us', ' test1 '),
 ('195', 'slug', '0', 'en_us', ''),
 ('217', 'slug', '0', 'en_us', ''),
 ('190', 'field', '24', 'en_us', ''),
 ('190', 'slug', '0', 'en_us', ''),
 ('191', 'field', '59', 'en_us', ''),
 ('191', 'field', '60', 'en_us', ' snap ads gatorade phone screen 2x '),
 ('226', 'slug', '0', 'en_us', ''),
 ('225', 'field', '85', 'en_us', ' custom https www snapchat com snapchat _blank '),
 ('211', 'field', '81', 'en_us', ''),
 ('210', 'field', '81', 'en_us', ''),
 ('118', 'field', '23', 'en_us', ' filters '),
 ('118', 'field', '20', 'en_us', ' gray '),
 ('118', 'slug', '0', 'en_us', ''),
 ('119', 'slug', '0', 'en_us', ''),
 ('209', 'field', '18', 'en_us', ' the original vertical video ad now with attachments customized for your objectives '),
 ('209', 'field', '8', 'en_us', ''),
 ('209', 'field', '10', 'en_us', ' snap ads '),
 ('208', 'slug', '0', 'en_us', ''),
 ('124', 'slug', '0', 'en_us', ''),
 ('191', 'field', '61', 'en_us', ' headline john '),
 ('191', 'field', '62', 'en_us', ' subhead jogn '),
 ('191', 'slug', '0', 'en_us', ''),
 ('217', 'field', '62', 'en_us', ''),
 ('202', 'slug', '0', 'en_us', ''),
 ('218', 'field', '60', 'en_us', ' solutions device 3 '),
 ('202', 'field', '63', 'en_us', ' great job guys you reeeeeeally did it '),
 ('128', 'field', '23', 'en_us', ' lenses '),
 ('128', 'field', '20', 'en_us', ' white '),
 ('128', 'slug', '0', 'en_us', ''),
 ('129', 'slug', '0', 'en_us', ''),
 ('212', 'field', '72', 'en_us', ' custom https geofilters snapchat com create a filter _blank '),
 ('211', 'field', '75', 'en_us', ' devices nav 2 '),
 ('211', 'field', '76', 'en_us', ' web view '),
 ('211', 'field', '77', 'en_us', ' drive traffic to your pre loaded website with our auto fill feature snapchatters can send you their account email and more by just tapping '),
 ('211', 'slug', '0', 'en_us', ''),
 ('210', 'slug', '0', 'en_us', ''),
 ('132', 'slug', '0', 'en_us', ''),
 ('220', 'field', '25', 'en_us', ' chillah heart eyes '),
 ('219', 'slug', '0', 'en_us', ''),
 ('218', 'field', '59', 'en_us', ''),
 ('195', 'field', '61', 'en_us', ' test1 '),
 ('194', 'field', '58', 'en_us', ' test1 postmates drive action 2x test1 '),
 ('194', 'field', '24', 'en_us', ''),
 ('194', 'slug', '0', 'en_us', ''),
 ('195', 'field', '59', 'en_us', ''),
 ('195', 'field', '60', 'en_us', ' postmates drive action 2x '),
 ('136', 'field', '23', 'en_us', ' video '),
 ('136', 'field', '20', 'en_us', ' gray '),
 ('136', 'slug', '0', 'en_us', ''),
 ('137', 'slug', '0', 'en_us', ''),
 ('145', 'filename', '0', 'en_us', ' devices nav 1 svg '),
 ('110', 'field', '24', 'en_us', ''),
 ('124', 'field', '24', 'en_us', ' chillah hearts topright on average more than a billion snaps with filters are viewed every day 1 '),
 ('140', 'field', '25', 'en_us', ' chillah hearts '),
 ('140', 'field', '26', 'en_us', ' on average more than a billion snaps with filters are viewed every day 1 '),
 ('140', 'field', '27', 'en_us', ' topright '),
 ('140', 'slug', '0', 'en_us', ''),
 ('132', 'field', '24', 'en_us', ' chillah heart eyes topright the best lenses average more than 20 seconds of play time 1 '),
 ('141', 'filename', '0', 'en_us', ' chillah device svg '),
 ('141', 'extension', '0', 'en_us', ' svg '),
 ('141', 'kind', '0', 'en_us', ' image '),
 ('141', 'slug', '0', 'en_us', ' chillah device '),
 ('141', 'title', '0', 'en_us', ' chillah device '),
 ('142', 'filename', '0', 'en_us', ' chillah heart eyes svg '),
 ('142', 'extension', '0', 'en_us', ' svg '),
 ('142', 'kind', '0', 'en_us', ' image '),
 ('142', 'slug', '0', 'en_us', ' chillah heart eyes '),
 ('142', 'title', '0', 'en_us', ' chillah heart eyes '),
 ('143', 'filename', '0', 'en_us', ' chillah hearts svg '),
 ('143', 'extension', '0', 'en_us', ' svg '),
 ('143', 'kind', '0', 'en_us', ' image '),
 ('143', 'slug', '0', 'en_us', ' chillah hearts '),
 ('143', 'title', '0', 'en_us', ' chillah hearts '),
 ('144', 'field', '23', 'en_us', ' snap ads '),
 ('144', 'field', '20', 'en_us', ' white '),
 ('144', 'slug', '0', 'en_us', ''),
 ('145', 'extension', '0', 'en_us', ' svg '),
 ('145', 'kind', '0', 'en_us', ' image '),
 ('145', 'slug', '0', 'en_us', ' devices nav 1 '),
 ('145', 'title', '0', 'en_us', ' devices nav 1 '),
 ('146', 'filename', '0', 'en_us', ' devices nav 2 svg '),
 ('146', 'extension', '0', 'en_us', ' svg '),
 ('146', 'kind', '0', 'en_us', ' image '),
 ('146', 'slug', '0', 'en_us', ' devices nav 2 '),
 ('146', 'title', '0', 'en_us', ' devices nav 2 '),
 ('147', 'filename', '0', 'en_us', ' devices nav 3 svg ');
INSERT INTO `craft_searchindex` (`elementId`, `attribute`, `fieldId`, `locale`, `keywords`) VALUES
 ('147', 'extension', '0', 'en_us', ' svg '),
 ('147', 'kind', '0', 'en_us', ' image '),
 ('147', 'slug', '0', 'en_us', ' devices nav 3 '),
 ('147', 'title', '0', 'en_us', ' devices nav 3 '),
 ('148', 'filename', '0', 'en_us', ' devices nav 4 svg '),
 ('148', 'extension', '0', 'en_us', ' svg '),
 ('148', 'kind', '0', 'en_us', ' image '),
 ('148', 'slug', '0', 'en_us', ' devices nav 4 '),
 ('148', 'title', '0', 'en_us', ' devices nav 4 '),
 ('149', 'filename', '0', 'en_us', ' solutions device 1 jpg '),
 ('149', 'extension', '0', 'en_us', ' jpg '),
 ('149', 'kind', '0', 'en_us', ' image '),
 ('149', 'slug', '0', 'en_us', ' solutions device 1 '),
 ('149', 'title', '0', 'en_us', ' solutions device 1 '),
 ('150', 'filename', '0', 'en_us', ' solutions device 2 jpg '),
 ('150', 'extension', '0', 'en_us', ' jpg '),
 ('150', 'kind', '0', 'en_us', ' image '),
 ('150', 'slug', '0', 'en_us', ' solutions device 2 '),
 ('150', 'title', '0', 'en_us', ' solutions device 2 '),
 ('151', 'filename', '0', 'en_us', ' solutions device 3 jpg '),
 ('151', 'extension', '0', 'en_us', ' jpg '),
 ('151', 'kind', '0', 'en_us', ' image '),
 ('151', 'slug', '0', 'en_us', ' solutions device 3 '),
 ('151', 'title', '0', 'en_us', ' solutions device 3 '),
 ('152', 'filename', '0', 'en_us', ' solutions device 4 jpg '),
 ('152', 'extension', '0', 'en_us', ' jpg '),
 ('152', 'kind', '0', 'en_us', ' image '),
 ('152', 'slug', '0', 'en_us', ' solutions device 4 '),
 ('152', 'title', '0', 'en_us', ' solutions device 4 '),
 ('153', 'filename', '0', 'en_us', ' solutions device 5 jpg '),
 ('153', 'extension', '0', 'en_us', ' jpg '),
 ('153', 'kind', '0', 'en_us', ' image '),
 ('153', 'slug', '0', 'en_us', ' solutions device 5 '),
 ('153', 'title', '0', 'en_us', ' solutions device 5 '),
 ('154', 'filename', '0', 'en_us', ' solutions device 6 jpg '),
 ('154', 'extension', '0', 'en_us', ' jpg '),
 ('154', 'kind', '0', 'en_us', ' image '),
 ('154', 'slug', '0', 'en_us', ' solutions device 6 '),
 ('154', 'title', '0', 'en_us', ' solutions device 6 '),
 ('155', 'filename', '0', 'en_us', ' solutions device 7 jpg '),
 ('155', 'extension', '0', 'en_us', ' jpg '),
 ('155', 'kind', '0', 'en_us', ' image '),
 ('155', 'slug', '0', 'en_us', ' solutions device 7 '),
 ('155', 'title', '0', 'en_us', ' solutions device 7 '),
 ('156', 'filename', '0', 'en_us', ' solutions device 8 jpg '),
 ('156', 'extension', '0', 'en_us', ' jpg '),
 ('156', 'kind', '0', 'en_us', ' image '),
 ('156', 'slug', '0', 'en_us', ' solutions device 8 '),
 ('156', 'title', '0', 'en_us', ' solutions device 8 '),
 ('157', 'filename', '0', 'en_us', ' solutions device 9 jpg '),
 ('157', 'extension', '0', 'en_us', ' jpg '),
 ('157', 'kind', '0', 'en_us', ' image '),
 ('157', 'slug', '0', 'en_us', ' solutions device 9 '),
 ('157', 'title', '0', 'en_us', ' solutions device 9 '),
 ('158', 'filename', '0', 'en_us', ' solutions device 10 jpg '),
 ('158', 'extension', '0', 'en_us', ' jpg '),
 ('158', 'kind', '0', 'en_us', ' image '),
 ('158', 'slug', '0', 'en_us', ' solutions device 10 '),
 ('158', 'title', '0', 'en_us', ' solutions device 10 '),
 ('159', 'filename', '0', 'en_us', ' solutions device 11 jpg '),
 ('159', 'extension', '0', 'en_us', ' jpg '),
 ('159', 'kind', '0', 'en_us', ' image '),
 ('159', 'slug', '0', 'en_us', ' solutions device 11 '),
 ('159', 'title', '0', 'en_us', ' solutions device 11 '),
 ('160', 'filename', '0', 'en_us', ' solutions device 12 jpg '),
 ('160', 'extension', '0', 'en_us', ' jpg '),
 ('160', 'kind', '0', 'en_us', ' image '),
 ('160', 'slug', '0', 'en_us', ' solutions device 12 '),
 ('160', 'title', '0', 'en_us', ' solutions device 12 '),
 ('161', 'filename', '0', 'en_us', ' solutions device 13 jpg '),
 ('161', 'extension', '0', 'en_us', ' jpg '),
 ('161', 'kind', '0', 'en_us', ' image '),
 ('161', 'slug', '0', 'en_us', ' solutions device 13 '),
 ('161', 'title', '0', 'en_us', ' solutions device 13 '),
 ('162', 'field', '24', 'en_us', ' chillah device topleft on average over 10 billion videos are watched on snapchat every day 1 '),
 ('162', 'slug', '0', 'en_us', ''),
 ('163', 'field', '25', 'en_us', ' chillah device '),
 ('163', 'field', '26', 'en_us', ' on average over 10 billion videos are watched on snapchat every day 1 '),
 ('163', 'field', '27', 'en_us', ' topleft '),
 ('163', 'slug', '0', 'en_us', ''),
 ('208', 'field', '62', 'en_us', ' invite customers to play and share with lenses '),
 ('208', 'field', '61', 'en_us', ' lenses '),
 ('208', 'field', '60', 'en_us', ' solutions device 12 '),
 ('208', 'field', '59', 'en_us', ''),
 ('207', 'field', '62', 'en_us', ' own a place or event with location based filters '),
 ('207', 'field', '59', 'en_us', ''),
 ('207', 'field', '60', 'en_us', ' geofilter phil phone screen 2x '),
 ('207', 'field', '61', 'en_us', ' filters '),
 ('137', 'field', '10', 'en_us', ' see where your ads will run on snapchat '),
 ('137', 'field', '8', 'en_us', ''),
 ('129', 'field', '71', 'en_us', ''),
 ('132', 'field', '58', 'en_us', ' solutions device 11 solutions device 3 solutions device 13 '),
 ('129', 'field', '18', 'en_us', ' lenses are the most playful and memorable way to increase awareness on a massive scale with one tap you can invite snapchatters into your world and your story '),
 ('129', 'field', '10', 'en_us', ' lenses '),
 ('129', 'field', '8', 'en_us', ''),
 ('124', 'field', '58', 'en_us', ' lga geo filter 2x solutions device 9 warby parker geo filter 2x '),
 ('119', 'field', '71', 'en_us', ' custom https geofilters snapchat com create a filter _blank normal 0 custom https businesshelp snapchat com en us article create geofilter view guidelines _blank '),
 ('119', 'field', '18', 'en_us', ' filters allow you to be where your product is bought thought about or consumed create your own filter and drive awareness advocacy and action in one package '),
 ('119', 'field', '10', 'en_us', ' filters '),
 ('119', 'field', '8', 'en_us', '');
INSERT INTO `craft_searchindex` (`elementId`, `attribute`, `fieldId`, `locale`, `keywords`) VALUES
 ('225', 'slug', '0', 'en_us', ''),
 ('226', 'field', '85', 'en_us', ' custom https www snap com en us jobs jobs _blank '),
 ('207', 'slug', '0', 'en_us', ''),
 ('137', 'field', '71', 'en_us', ''),
 ('137', 'field', '18', 'en_us', ''),
 ('172', 'title', '0', 'en_us', ' ad manager 2x '),
 ('172', 'slug', '0', 'en_us', ' ad manager 2x '),
 ('172', 'kind', '0', 'en_us', ' image '),
 ('218', 'field', '61', 'en_us', ''),
 ('218', 'field', '62', 'en_us', ''),
 ('183', 'slug', '0', 'en_us', ''),
 ('219', 'field', '59', 'en_us', ''),
 ('218', 'slug', '0', 'en_us', ''),
 ('219', 'field', '60', 'en_us', ' solutions device 13 '),
 ('219', 'field', '61', 'en_us', ''),
 ('183', 'field', '20', 'en_us', ' gray '),
 ('190', 'field', '58', 'en_us', ' headline john snap ads gatorade phone screen 2x subhead jogn '),
 ('183', 'field', '23', 'en_us', ' overview '),
 ('219', 'field', '62', 'en_us', ''),
 ('220', 'field', '26', 'en_us', ' the best lenses average more than 20 seconds of play time 1 '),
 ('220', 'field', '27', 'en_us', ' topright '),
 ('220', 'slug', '0', 'en_us', ''),
 ('221', 'field', '29', 'en_us', ''),
 ('221', 'field', '28', 'en_us', ' wide '),
 ('221', 'slug', '0', 'en_us', ''),
 ('227', 'field', '85', 'en_us', ' custom https www snap com en us news news _blank '),
 ('227', 'slug', '0', 'en_us', ''),
 ('228', 'field', '83', 'en_us', ' community '),
 ('228', 'field', '84', 'en_us', ' custom https support snapchat com support _blank custom https support snapchat com en us a guidelines community guidelines _blank custom https www snapchat com safety safety center _blank '),
 ('228', 'slug', '0', 'en_us', ''),
 ('229', 'field', '85', 'en_us', ' custom https support snapchat com support _blank '),
 ('229', 'slug', '0', 'en_us', ''),
 ('230', 'field', '85', 'en_us', ' custom https support snapchat com en us a guidelines community guidelines _blank '),
 ('230', 'slug', '0', 'en_us', ''),
 ('231', 'field', '85', 'en_us', ' custom https www snapchat com safety safety center _blank '),
 ('231', 'slug', '0', 'en_us', ''),
 ('232', 'field', '83', 'en_us', ' advertising '),
 ('232', 'field', '84', 'en_us', ' custom https ads snapchat com getstarted buy ads _blank custom https www snap com en us ad policies advertising policies _blank custom https www snap com en us brand guidelines brand guidelines _blank custom https support snapchat com en us a promotions rules pormotions rules _blank '),
 ('232', 'slug', '0', 'en_us', ''),
 ('233', 'field', '85', 'en_us', ' custom https ads snapchat com getstarted buy ads _blank '),
 ('233', 'slug', '0', 'en_us', ''),
 ('234', 'field', '85', 'en_us', ' custom https www snap com en us ad policies advertising policies _blank '),
 ('234', 'slug', '0', 'en_us', ''),
 ('235', 'field', '85', 'en_us', ' custom https www snap com en us brand guidelines brand guidelines _blank '),
 ('235', 'slug', '0', 'en_us', ''),
 ('236', 'field', '85', 'en_us', ' custom https support snapchat com en us a promotions rules pormotions rules _blank '),
 ('236', 'slug', '0', 'en_us', ''),
 ('237', 'field', '83', 'en_us', ' legal '),
 ('237', 'field', '84', 'en_us', ' custom https www snap com en us privacy privacy center privacy center _blank custom https www snap com en us cookie policy cookie policy _blank custom https support snapchat com en us co report copyright copyright _blank custom https www snap com en us terms on demand geofilters on demand geofilter terms and conditions _blank custom https www snapchat com geofilters terms html community filter terms and conditions _blank '),
 ('237', 'slug', '0', 'en_us', ''),
 ('238', 'field', '85', 'en_us', ' custom https www snap com en us privacy privacy center privacy center _blank '),
 ('238', 'slug', '0', 'en_us', ''),
 ('239', 'field', '85', 'en_us', ' custom https www snap com en us cookie policy cookie policy _blank '),
 ('239', 'slug', '0', 'en_us', ''),
 ('240', 'field', '85', 'en_us', ' custom https support snapchat com en us co report copyright copyright _blank '),
 ('240', 'slug', '0', 'en_us', ''),
 ('241', 'field', '85', 'en_us', ' custom https www snap com en us terms on demand geofilters on demand geofilter terms and conditions _blank '),
 ('241', 'slug', '0', 'en_us', ''),
 ('242', 'field', '85', 'en_us', ' custom https www snapchat com geofilters terms html community filter terms and conditions _blank '),
 ('242', 'slug', '0', 'en_us', ''),
 ('98', 'field', '7', 'de_de', ' ad products '),
 ('98', 'field', '15', 'de_de', ' blue '),
 ('98', 'field', '16', 'de_de', ' 1 '),
 ('98', 'field', '3', 'de_de', ''),
 ('243', 'slug', '0', 'en_us', ' awareness '),
 ('243', 'title', '0', 'en_us', ' awareness '),
 ('243', 'slug', '0', 'de_de', ' awareness '),
 ('243', 'title', '0', 'de_de', ' awareness '),
 ('244', 'slug', '0', 'en_us', ' consideration '),
 ('244', 'title', '0', 'en_us', ' consideration '),
 ('244', 'slug', '0', 'de_de', ' consideration '),
 ('244', 'title', '0', 'de_de', ' consideration '),
 ('245', 'slug', '0', 'en_us', ' action '),
 ('245', 'title', '0', 'en_us', ' action '),
 ('245', 'slug', '0', 'de_de', ' action '),
 ('245', 'title', '0', 'de_de', ' action '),
 ('246', 'slug', '0', 'en_us', ' consumer goods '),
 ('246', 'title', '0', 'en_us', ' consumer goods '),
 ('246', 'slug', '0', 'de_de', ' consumer goods '),
 ('246', 'title', '0', 'de_de', ' consumer goods '),
 ('247', 'slug', '0', 'en_us', ' restaurants '),
 ('247', 'title', '0', 'en_us', ' restaurants '),
 ('247', 'slug', '0', 'de_de', ' restaurants '),
 ('247', 'title', '0', 'de_de', ' restaurants '),
 ('248', 'slug', '0', 'en_us', ' retail '),
 ('248', 'title', '0', 'en_us', ' retail '),
 ('248', 'slug', '0', 'de_de', ' retail '),
 ('248', 'title', '0', 'de_de', ' retail '),
 ('249', 'slug', '0', 'en_us', ' technology '),
 ('249', 'title', '0', 'en_us', ' technology '),
 ('249', 'slug', '0', 'de_de', ' technology '),
 ('249', 'title', '0', 'de_de', ' technology '),
 ('250', 'slug', '0', 'en_us', ' telecom '),
 ('250', 'title', '0', 'en_us', ' telecom '),
 ('250', 'slug', '0', 'de_de', ' telecom '),
 ('250', 'title', '0', 'de_de', ' telecom '),
 ('251', 'slug', '0', 'en_us', ' travel '),
 ('251', 'title', '0', 'en_us', ' travel '),
 ('251', 'slug', '0', 'de_de', ' travel '),
 ('251', 'title', '0', 'de_de', ' travel ');
INSERT INTO `craft_searchindex` (`elementId`, `attribute`, `fieldId`, `locale`, `keywords`) VALUES
 ('252', 'slug', '0', 'en_us', ' financial services '),
 ('252', 'title', '0', 'en_us', ' financial services '),
 ('252', 'slug', '0', 'de_de', ' financial services '),
 ('252', 'title', '0', 'de_de', ' financial services '),
 ('253', 'slug', '0', 'en_us', ' media entertainment '),
 ('253', 'title', '0', 'en_us', ' media entertainment '),
 ('253', 'slug', '0', 'de_de', ' media entertainment '),
 ('253', 'title', '0', 'de_de', ' media entertainment '),
 ('254', 'slug', '0', 'en_us', ' gaming '),
 ('254', 'title', '0', 'en_us', ' gaming '),
 ('254', 'slug', '0', 'de_de', ' gaming '),
 ('254', 'title', '0', 'de_de', ' gaming '),
 ('255', 'slug', '0', 'en_us', ' other '),
 ('255', 'title', '0', 'en_us', ' other '),
 ('255', 'slug', '0', 'de_de', ' other '),
 ('255', 'title', '0', 'de_de', ' other '),
 ('256', 'slug', '0', 'en_us', ' snap ads '),
 ('256', 'title', '0', 'en_us', ' snap ads '),
 ('256', 'slug', '0', 'de_de', ' snap ads '),
 ('256', 'title', '0', 'de_de', ' snap ads '),
 ('257', 'slug', '0', 'en_us', ' filters '),
 ('257', 'title', '0', 'en_us', ' filters '),
 ('257', 'slug', '0', 'de_de', ' filters '),
 ('257', 'title', '0', 'de_de', ' filters '),
 ('258', 'slug', '0', 'en_us', ' lenses '),
 ('258', 'title', '0', 'en_us', ' lenses '),
 ('258', 'slug', '0', 'de_de', ' lenses '),
 ('258', 'title', '0', 'de_de', ' lenses '),
 ('33', 'field', '88', 'en_us', ' snap ads '),
 ('33', 'field', '86', 'en_us', ' consumer goods '),
 ('33', 'field', '87', 'en_us', ' action '),
 ('262', 'field', '188', 'en_us', ''),
 ('444', 'slug', '0', 'en_us', ' inspiration '),
 ('444', 'title', '0', 'en_us', ' inspiration '),
 ('444', 'slug', '0', 'de_de', ' inspiration '),
 ('444', 'title', '0', 'de_de', ' inspiration '),
 ('211', 'field', '117', 'en_us', ''),
 ('212', 'field', '110', 'en_us', ' 0 '),
 ('212', 'field', '135', 'en_us', ' normal '),
 ('221', 'field', '122', 'en_us', ''),
 ('221', 'field', '124', 'en_us', ''),
 ('221', 'field', '123', 'en_us', ''),
 ('211', 'field', '116', 'en_us', ''),
 ('211', 'field', '133', 'en_us', ''),
 ('211', 'field', '130', 'en_us', ''),
 ('210', 'field', '116', 'en_us', ''),
 ('210', 'field', '117', 'en_us', ''),
 ('210', 'field', '133', 'en_us', ''),
 ('210', 'field', '130', 'en_us', ''),
 ('98', 'field', '101', 'en_us', ''),
 ('98', 'field', '102', 'en_us', ''),
 ('98', 'field', '104', 'en_us', ''),
 ('98', 'field', '107', 'en_us', ' website '),
 ('98', 'field', '103', 'en_us', ''),
 ('98', 'field', '105', 'en_us', ''),
 ('98', 'field', '106', 'en_us', ''),
 ('98', 'field', '107', 'de_de', ' website '),
 ('221', 'field', '125', 'en_us', ''),
 ('221', 'field', '143', 'en_us', ' 0 '),
 ('221', 'field', '132', 'en_us', ' 0 '),
 ('221', 'field', '142', 'en_us', ' 0 '),
 ('33', 'field', '38', 'de_de', ' ic success logo abinbev 2x '),
 ('33', 'field', '40', 'de_de', ' a91622 '),
 ('33', 'field', '39', 'de_de', ' success story '),
 ('33', 'field', '41', 'de_de', ' ab inbev '),
 ('33', 'field', '42', 'de_de', ' on average snapchatters spent 30 seconds playing anheuser busch inbev s bud bowl game in its snap ad web view '),
 ('33', 'field', '43', 'de_de', ''),
 ('33', 'field', '88', 'de_de', ' snap ads '),
 ('33', 'field', '87', 'de_de', ' action '),
 ('33', 'field', '86', 'de_de', ' consumer goods '),
 ('267', 'slug', '0', 'de_de', ' announcements '),
 ('267', 'slug', '0', 'en_us', ' announcements '),
 ('264', 'field', '10', 'en_us', ' facts tips news and more to inspire your next campaign '),
 ('356', 'field', '103', 'en_us', ''),
 ('356', 'field', '105', 'en_us', ''),
 ('356', 'field', '106', 'en_us', ''),
 ('356', 'slug', '0', 'en_us', ' news entry '),
 ('356', 'title', '0', 'en_us', ' localized news entry '),
 ('356', 'field', '149', 'de_de', ''),
 ('356', 'field', '147', 'de_de', ' financial services '),
 ('356', 'field', '148', 'de_de', ' north america canada '),
 ('356', 'field', '145', 'de_de', ''),
 ('355', 'field', '10', 'de_de', ' headline text '),
 ('262', 'field', '34', 'en_us', ' entry 98 ad products entry 290 audiences entry 291 entry 264 blog '),
 ('262', 'field', '36', 'en_us', ' custom https businesshelp snapchat com support _blank custom https developers snapchat com ads partners partners custom https accounts snapchat com log in '),
 ('445', 'field', '34', 'en_us', ' entry 98 ad products '),
 ('262', 'slug', '0', 'en_us', ''),
 ('262', 'slug', '0', 'de_de', ''),
 ('263', 'field', '82', 'en_us', ' normal primary left custom https www snap com snap inc _blank custom https www snapchat com snapchat _blank custom https www snap com jobs jobs _blank custom https www snap com news news _blank company website gray 0 blue 0 0 normal primary left custom https support snapchat com support _blank custom https support snapchat com community guidelines _blank custom https www snapchat com safety safety center _blank community website gray 0 blue 0 0 normal primary left custom https ads snapchat com getstarted buy ads _blank custom https www snap com en us ad policies advertising policies _blank custom https www snap com en us brand guidelines brand guidelines _blank custom https support snapchat com en us a promotions rules promotions rules _blank advertising website gray 0 blue 0 0 normal primary left custom https www snap com en us privacy privacy center privacy center _blank custom https www snap com en us cookie policy cookie policy _blank custom https support snapchat com en us co report copyright copyright _blank custom https www snap com en us terms on demand geofilters on demand geofilter terms and conditions _blank custom https www snapchat com geofilters terms html community filter terms and conditions _blank legal website gray 0 blue 0 0 '),
 ('263', 'slug', '0', 'en_us', ''),
 ('263', 'slug', '0', 'de_de', ''),
 ('267', 'title', '0', 'en_us', ' announcements '),
 ('266', 'slug', '0', 'en_us', ' insights '),
 ('266', 'title', '0', 'en_us', ' insights '),
 ('266', 'slug', '0', 'de_de', ' insights '),
 ('266', 'title', '0', 'de_de', ' insights '),
 ('267', 'title', '0', 'de_de', ' announcements '),
 ('268', 'field', '35', 'en_us', ' entry 98 ad products '),
 ('268', 'slug', '0', 'en_us', ''),
 ('269', 'field', '35', 'en_us', ' entry 264 blog ');
INSERT INTO `craft_searchindex` (`elementId`, `attribute`, `fieldId`, `locale`, `keywords`) VALUES
 ('269', 'slug', '0', 'en_us', ''),
 ('270', 'slug', '0', 'en_us', ' home '),
 ('270', 'title', '0', 'en_us', ' home '),
 ('270', 'slug', '0', 'de_de', ' home '),
 ('270', 'title', '0', 'de_de', ' home '),
 ('272', 'field', '93', 'en_us', ' fffc00 '),
 ('263', 'field', '96', 'en_us', ' custom https business snapchat com log in to ad manager _blank already have an account '),
 ('263', 'field', '92', 'en_us', ' fffc00 custom snapchat com get started it s easy to create and manage campaigns on snapchat '),
 ('263', 'field', '99', 'en_us', ' custom https www snap com en us privacy privacy policy privacy policy _blank custom https www snap com en us terms terms of service _blank '),
 ('272', 'field', '94', 'en_us', ' it s easy to create and manage campaigns on snapchat '),
 ('272', 'field', '95', 'en_us', ' custom snapchat com get started '),
 ('272', 'slug', '0', 'en_us', ''),
 ('273', 'field', '97', 'en_us', ' already have an account '),
 ('273', 'field', '98', 'en_us', ' custom https business snapchat com log in to ad manager _blank '),
 ('273', 'slug', '0', 'en_us', ''),
 ('274', 'field', '83', 'en_us', ' company '),
 ('274', 'field', '84', 'en_us', ' custom https www snap com snap inc _blank custom https www snapchat com snapchat _blank custom https www snap com jobs jobs _blank custom https www snap com news news _blank '),
 ('274', 'slug', '0', 'en_us', ''),
 ('275', 'field', '100', 'en_us', ' custom https www snap com en us privacy privacy policy privacy policy _blank '),
 ('275', 'slug', '0', 'en_us', ''),
 ('276', 'field', '100', 'en_us', ' custom https www snap com en us terms terms of service _blank '),
 ('276', 'slug', '0', 'en_us', ''),
 ('262', 'field', '108', 'en_us', ' entry 292 get started '),
 ('277', 'field', '85', 'en_us', ' custom https www snap com snap inc _blank '),
 ('277', 'slug', '0', 'en_us', ''),
 ('278', 'field', '85', 'en_us', ' custom https www snapchat com snapchat _blank '),
 ('278', 'slug', '0', 'en_us', ''),
 ('279', 'field', '85', 'en_us', ' custom https www snap com jobs jobs _blank '),
 ('279', 'slug', '0', 'en_us', ''),
 ('280', 'field', '85', 'en_us', ' custom https www snap com news news _blank '),
 ('280', 'slug', '0', 'en_us', ''),
 ('287', 'field', '8', 'en_us', ' 404 chillah '),
 ('282', 'field', '37', 'en_us', ' custom https businesshelp snapchat com support _blank '),
 ('282', 'slug', '0', 'en_us', ''),
 ('283', 'field', '109', 'en_us', ' hi we use cookies on this website to help operate our site and for analytics purposes for more on how we use cookies and your cookie choices go here by continuing to use our services you are giving us your consent to use cookies '),
 ('283', 'field', '99', 'en_us', ' custom https www snap com en us privacy privacy policy privacy policy _blank custom https www snap com en us terms terms of service _blank '),
 ('283', 'slug', '0', 'en_us', ''),
 ('283', 'slug', '0', 'de_de', ''),
 ('283', 'field', '109', 'de_de', ' hi we use cookies on this website to help operate our site and for analytics purposes for more on how we use cookies and your cookie choices go here by continuing to use our services you are giving us your consent to use cookies '),
 ('284', 'field', '100', 'en_us', ' custom https www snap com en us privacy privacy policy privacy policy _blank '),
 ('284', 'slug', '0', 'en_us', ''),
 ('285', 'field', '100', 'en_us', ' custom https www snap com en us terms terms of service _blank '),
 ('285', 'slug', '0', 'en_us', ''),
 ('287', 'field', '18', 'en_us', ' it appears the page you were looking for doesn t exist '),
 ('287', 'field', '10', 'en_us', ' oh snap '),
 ('287', 'field', '12', 'en_us', ''),
 ('287', 'slug', '0', 'en_us', ''),
 ('287', 'slug', '0', 'de_de', ''),
 ('287', 'field', '111', 'en_us', ' return to previous page '),
 ('288', 'filename', '0', 'en_us', ' 404_chillah svg '),
 ('288', 'extension', '0', 'en_us', ' svg '),
 ('288', 'kind', '0', 'en_us', ' image '),
 ('288', 'slug', '0', 'en_us', ' 404 chillah '),
 ('288', 'title', '0', 'en_us', ' 404 chillah '),
 ('288', 'filename', '0', 'de_de', ' 404_chillah svg '),
 ('288', 'extension', '0', 'de_de', ' svg '),
 ('288', 'kind', '0', 'de_de', ' image '),
 ('288', 'slug', '0', 'de_de', ' 404 chillah '),
 ('288', 'title', '0', 'de_de', ' 404 chillah '),
 ('361', 'email', '0', 'en_us', ' snapchat instrument com '),
 ('356', 'field', '155', 'en_us', ' localized news entry '),
 ('361', 'fullname', '0', 'en_us', ' snapchat admin '),
 ('361', 'firstname', '0', 'en_us', ' snapchat '),
 ('361', 'slug', '0', 'en_us', ''),
 ('361', 'lastname', '0', 'en_us', ' admin '),
 ('290', 'field', '7', 'en_us', ' audiences '),
 ('290', 'field', '15', 'en_us', ' purple '),
 ('290', 'field', '16', 'en_us', ' 1 '),
 ('290', 'field', '89', 'en_us', ''),
 ('290', 'field', '3', 'en_us', ' normal 0 primary left left website 0 gray intro 0 blue 0 0 0 normal 0 primary left left filter reporting 2x kjh website 0 gray 0 blue 0 0 0 '),
 ('290', 'field', '101', 'en_us', ''),
 ('290', 'field', '102', 'en_us', ''),
 ('290', 'field', '104', 'en_us', ''),
 ('290', 'field', '107', 'en_us', ' website '),
 ('290', 'field', '103', 'en_us', ''),
 ('290', 'field', '105', 'en_us', ''),
 ('290', 'field', '106', 'en_us', ''),
 ('290', 'slug', '0', 'en_us', ' audiences '),
 ('290', 'title', '0', 'en_us', ' audiences '),
 ('290', 'field', '7', 'de_de', ' audiences '),
 ('290', 'field', '15', 'de_de', ' purple '),
 ('290', 'field', '16', 'de_de', ' 1 '),
 ('290', 'field', '89', 'de_de', ''),
 ('290', 'field', '3', 'de_de', ''),
 ('290', 'field', '101', 'de_de', ''),
 ('290', 'field', '102', 'de_de', ''),
 ('290', 'field', '104', 'de_de', ''),
 ('290', 'field', '107', 'de_de', ' website '),
 ('290', 'field', '103', 'de_de', ''),
 ('290', 'field', '105', 'de_de', ''),
 ('290', 'field', '106', 'de_de', ''),
 ('290', 'slug', '0', 'de_de', ' audiences '),
 ('290', 'title', '0', 'de_de', ' audiences '),
 ('291', 'field', '7', 'en_us', ' measurement '),
 ('291', 'field', '15', 'en_us', ' orange '),
 ('291', 'field', '16', 'en_us', ' 1 '),
 ('291', 'field', '89', 'en_us', ''),
 ('291', 'field', '3', 'en_us', ''),
 ('291', 'field', '101', 'en_us', ''),
 ('291', 'field', '102', 'en_us', '');
INSERT INTO `craft_searchindex` (`elementId`, `attribute`, `fieldId`, `locale`, `keywords`) VALUES
 ('291', 'field', '104', 'en_us', ''),
 ('291', 'field', '107', 'en_us', ' website '),
 ('291', 'field', '103', 'en_us', ''),
 ('291', 'field', '105', 'en_us', ''),
 ('291', 'field', '106', 'en_us', ''),
 ('291', 'slug', '0', 'en_us', ' measurement '),
 ('291', 'title', '0', 'en_us', ' measurement '),
 ('291', 'field', '7', 'de_de', ' measurement '),
 ('291', 'field', '15', 'de_de', ' orange '),
 ('291', 'field', '16', 'de_de', ' 1 '),
 ('291', 'field', '89', 'de_de', ''),
 ('291', 'field', '3', 'de_de', ''),
 ('291', 'field', '101', 'de_de', ''),
 ('291', 'field', '102', 'de_de', ''),
 ('291', 'field', '104', 'de_de', ''),
 ('291', 'field', '107', 'de_de', ' website '),
 ('291', 'field', '103', 'de_de', ''),
 ('291', 'field', '105', 'de_de', ''),
 ('291', 'field', '106', 'de_de', ''),
 ('291', 'slug', '0', 'de_de', ' measurement '),
 ('291', 'title', '0', 'de_de', ' measurement '),
 ('292', 'field', '7', 'en_us', ' gettingstarted '),
 ('292', 'field', '15', 'en_us', ' yellow '),
 ('292', 'field', '16', 'en_us', ' 0 '),
 ('292', 'field', '89', 'en_us', ''),
 ('292', 'field', '3', 'en_us', ''),
 ('292', 'field', '101', 'en_us', ''),
 ('292', 'field', '102', 'en_us', ''),
 ('292', 'field', '104', 'en_us', ''),
 ('292', 'field', '107', 'en_us', ' website '),
 ('292', 'field', '103', 'en_us', ''),
 ('292', 'field', '105', 'en_us', ''),
 ('292', 'field', '106', 'en_us', ''),
 ('292', 'slug', '0', 'en_us', ' get started '),
 ('292', 'title', '0', 'en_us', ' get started '),
 ('292', 'field', '7', 'de_de', ' gettingstarted '),
 ('292', 'field', '15', 'de_de', ' yellow '),
 ('292', 'field', '16', 'de_de', ' 0 '),
 ('292', 'field', '89', 'de_de', ''),
 ('292', 'field', '3', 'de_de', ''),
 ('292', 'field', '101', 'de_de', ''),
 ('292', 'field', '102', 'de_de', ''),
 ('292', 'field', '104', 'de_de', ''),
 ('292', 'field', '107', 'de_de', ' website '),
 ('292', 'field', '103', 'de_de', ''),
 ('292', 'field', '105', 'de_de', ''),
 ('292', 'field', '106', 'de_de', ''),
 ('292', 'slug', '0', 'de_de', ' get started '),
 ('292', 'title', '0', 'de_de', ' get started '),
 ('293', 'field', '35', 'en_us', ' entry 290 audiences '),
 ('293', 'slug', '0', 'en_us', ''),
 ('294', 'field', '35', 'en_us', ' entry 291 '),
 ('294', 'slug', '0', 'en_us', ''),
 ('451', 'field', '189', 'en_us', ''),
 ('297', 'field', '37', 'en_us', ' custom https developers snapchat com ads partners partners '),
 ('297', 'slug', '0', 'en_us', ''),
 ('298', 'field', '37', 'en_us', ' custom https accounts snapchat com log in '),
 ('298', 'slug', '0', 'en_us', ''),
 ('299', 'field', '83', 'en_us', ' community '),
 ('299', 'field', '84', 'en_us', ' custom https support snapchat com support _blank custom https support snapchat com community guidelines _blank custom https www snapchat com safety safety center _blank '),
 ('299', 'slug', '0', 'en_us', ''),
 ('300', 'field', '85', 'en_us', ' custom https support snapchat com support _blank '),
 ('300', 'slug', '0', 'en_us', ''),
 ('301', 'field', '85', 'en_us', ' custom https support snapchat com community guidelines _blank '),
 ('301', 'slug', '0', 'en_us', ''),
 ('302', 'field', '85', 'en_us', ' custom https www snapchat com safety safety center _blank '),
 ('302', 'slug', '0', 'en_us', ''),
 ('303', 'field', '83', 'en_us', ' advertising '),
 ('303', 'field', '84', 'en_us', ' custom https ads snapchat com getstarted buy ads _blank custom https www snap com en us ad policies advertising policies _blank custom https www snap com en us brand guidelines brand guidelines _blank custom https support snapchat com en us a promotions rules promotions rules _blank '),
 ('303', 'slug', '0', 'en_us', ''),
 ('304', 'field', '85', 'en_us', ' custom https ads snapchat com getstarted buy ads _blank '),
 ('304', 'slug', '0', 'en_us', ''),
 ('305', 'field', '85', 'en_us', ' custom https www snap com en us ad policies advertising policies _blank '),
 ('305', 'slug', '0', 'en_us', ''),
 ('306', 'field', '85', 'en_us', ' custom https www snap com en us brand guidelines brand guidelines _blank '),
 ('306', 'slug', '0', 'en_us', ''),
 ('307', 'field', '85', 'en_us', ' custom https support snapchat com en us a promotions rules promotions rules _blank '),
 ('307', 'slug', '0', 'en_us', ''),
 ('308', 'field', '83', 'en_us', ' legal '),
 ('308', 'field', '84', 'en_us', ' custom https www snap com en us privacy privacy center privacy center _blank custom https www snap com en us cookie policy cookie policy _blank custom https support snapchat com en us co report copyright copyright _blank custom https www snap com en us terms on demand geofilters on demand geofilter terms and conditions _blank custom https www snapchat com geofilters terms html community filter terms and conditions _blank '),
 ('308', 'slug', '0', 'en_us', ''),
 ('309', 'field', '85', 'en_us', ' custom https www snap com en us privacy privacy center privacy center _blank '),
 ('309', 'slug', '0', 'en_us', ''),
 ('310', 'field', '85', 'en_us', ' custom https www snap com en us cookie policy cookie policy _blank '),
 ('310', 'slug', '0', 'en_us', ''),
 ('311', 'field', '85', 'en_us', ' custom https support snapchat com en us co report copyright copyright _blank '),
 ('311', 'slug', '0', 'en_us', ''),
 ('312', 'field', '85', 'en_us', ' custom https www snap com en us terms on demand geofilters on demand geofilter terms and conditions _blank '),
 ('312', 'slug', '0', 'en_us', ''),
 ('313', 'field', '85', 'en_us', ' custom https www snapchat com geofilters terms html community filter terms and conditions _blank '),
 ('313', 'slug', '0', 'en_us', ''),
 ('314', 'field', '7', 'en_us', ' everything '),
 ('314', 'field', '15', 'en_us', ' red '),
 ('314', 'field', '16', 'en_us', ' 1 '),
 ('314', 'field', '89', 'en_us', ' 1 cool annotation bro 2 great job annotating this '),
 ('314', 'field', '3', 'en_us', ' normal 0 primary left left website 0 gray element grids 0 blue 0 0 0 normal 0 primary left left card 1 body text homepage 1 1 card 1 headline card 2 body text goes right here homepage 1 2 card 2 headline card 3 body looks like this homepage 1 3 card 3 headline website 0 gray 0 blue 0 0 0 normal 0 primary left left adjust 2x adjust logo https forbusiness snapchat com appsflyer 2x appsflyer logo https forbusiness snapchat com doubleclick 2x double click logo https forbusiness snapchat com website 0 gray 0 blue 0 0 0 normal 0 primary left left device 1 headline solutions device 12 quam diu etiam furor iste tuus nos eludet plura mihi bona sunt inclinet amari petere vellent bloomingdales device 2 headline solutions device 11 quam diu etiam furor iste tuus nos eludet plura mihi bona sunt inclinet amari petere vellent redbull device 3 headline solutions device 2 quam diu etiam furor iste tuus nos eludet plura mihi bona sunt inclinet amari petere vellent philsdonuts website 0 gray 0 blue 0 0 0 normal 0 primary left left website 0 white text images 0 blue 0 0 0 normal 0 primary custom forbusiness snapchat com primary button outlined _blank normal 1 custom forbusiness snapchat com primary button filled _blank normal 0 custom forbusiness snapchat com secondary button _blank left left centered text lockup 404 chillah website 0 gray 0 quam diu etiam furor iste tuus nos eludet plura mihi bona sunt inclinet amari petere vellent blue 0 0 0 normal 0 primary custom forbusiness snapchat com primary button outlined _blank normal 1 custom forbusiness snapchat com primary button filled normal 0 custom snapchat com secondary button _blank left left image beside text filter reporting 2x website curabitur blandit tempus ardua ridiculus sed magna integer legentibus erat a ante historiarum dapibus vivamus sagittis lacus vel augue laoreet rutrum faucibus morbi fringilla convallis sapien id pulvinar odio volutpat tu quoque brute fili mi nihil timor populi nihil 0 gray 0 blue 0 0 0 normal 0 primary left left website 0 gray images alone 0 blue 0 0 0 normal 0 primary left left filter reporting 2x centered image with round corners postmates drive action 2x website 1 gray 0 blue 0 0 0 wide 0 primary left left ad manager 2x wide centered image website 0 gray 0 blue 0 0 0 full 0 primary left left snap to store chillahs 2x full centered image website 0 gray 0 blue 0 0 0 normal 0 primary left left website 0 gray video stuff 0 blue 0 0 0 normal 0 primary left left filter reporting 2x geofilter website 1 gray 0 blue 0 0 solutions device 4 711 1 normal 0 primary left left website 0 white side by side 0 blue 0 0 0 normal 0 primary custom http snapchat com cta button _blank normal 1 left left image left of text snap ad reporting 1x website gallia est omnis divisa in partes tres quarum contra legem facit qui id facit quod lex prohibet tu quoque brute fili mi nihil timor populi nihil nec dubitamus multa iter quae et nos invenerat nihil hic munitissimus habendi senatus locus nihil horum idque caesaris facere voluntate liceret sese habere 0 gray 0 blue 0 0 0 normal 0 primary custom http snapchat com cta button normal 0 right left image to the right of text filter reporting 2x website gallia est omnis divisa in partes tres quarum contra legem facit qui id facit quod lex prohibet tu quoque brute fili mi nihil timor populi nihil nec dubitamus multa iter quae et nos invenerat nihil hic munitissimus habendi senatus locus nihil horum idque caesaris facere voluntate liceret sese habere 0 gray 0 blue 0 0 0 normal 0 primary custom http google com test normal 1 left left video to the left of this text website gallia est omnis divisa in partes tres quarum contra legem facit qui id facit quod lex prohibet tu quoque brute fili mi nihil timor populi nihil nec dubitamus multa iter quae et nos invenerat nihil hic munitissimus habendi senatus locus nihil horum idque caesaris facere voluntate liceret sese habere 0 gray 0 blue 0 0 solutions device 7 gatorade 0 '),
 ('443', 'field', '72', 'en_us', ' custom http google com test '),
 ('443', 'field', '110', 'en_us', ' 1 '),
 ('443', 'field', '135', 'en_us', ' normal '),
 ('443', 'slug', '0', 'en_us', '');
INSERT INTO `craft_searchindex` (`elementId`, `attribute`, `fieldId`, `locale`, `keywords`) VALUES
 ('332', 'field', '135', 'en_us', ' normal '),
 ('333', 'field', '135', 'en_us', ' normal '),
 ('336', 'field', '135', 'en_us', ' normal '),
 ('337', 'field', '135', 'en_us', ' normal '),
 ('427', 'field', '122', 'en_us', ' geofilter '),
 ('427', 'field', '124', 'en_us', ' filter reporting 2x '),
 ('427', 'field', '123', 'en_us', ' 711 '),
 ('427', 'field', '125', 'en_us', ' solutions device 4 '),
 ('427', 'field', '143', 'en_us', ' 1 '),
 ('427', 'field', '132', 'en_us', ' 1 '),
 ('427', 'field', '142', 'en_us', ' 0 '),
 ('427', 'slug', '0', 'en_us', ''),
 ('428', 'field', '23', 'en_us', ' side by side '),
 ('428', 'field', '20', 'en_us', ' white '),
 ('428', 'slug', '0', 'en_us', ''),
 ('429', 'field', '8', 'en_us', ' snap ad reporting 1x '),
 ('429', 'field', '9', 'en_us', ' left '),
 ('429', 'field', '10', 'en_us', ' image left of text '),
 ('429', 'field', '11', 'en_us', ' gallia est omnis divisa in partes tres quarum contra legem facit qui id facit quod lex prohibet tu quoque brute fili mi nihil timor populi nihil nec dubitamus multa iter quae et nos invenerat nihil hic munitissimus habendi senatus locus nihil horum idque caesaris facere voluntate liceret sese habere '),
 ('429', 'field', '71', 'en_us', ' custom http snapchat com cta button _blank normal 1 '),
 ('429', 'slug', '0', 'en_us', ''),
 ('430', 'field', '72', 'en_us', ' custom http snapchat com cta button _blank '),
 ('430', 'field', '110', 'en_us', ' 1 '),
 ('430', 'field', '135', 'en_us', ' normal '),
 ('430', 'slug', '0', 'en_us', ''),
 ('431', 'field', '8', 'en_us', ' filter reporting 2x '),
 ('431', 'field', '9', 'en_us', ' right '),
 ('431', 'field', '10', 'en_us', ' image to the right of text '),
 ('431', 'field', '11', 'en_us', ' gallia est omnis divisa in partes tres quarum contra legem facit qui id facit quod lex prohibet tu quoque brute fili mi nihil timor populi nihil nec dubitamus multa iter quae et nos invenerat nihil hic munitissimus habendi senatus locus nihil horum idque caesaris facere voluntate liceret sese habere '),
 ('431', 'field', '71', 'en_us', ' custom http snapchat com cta button normal 0 '),
 ('314', 'field', '101', 'en_us', ''),
 ('314', 'field', '102', 'en_us', ''),
 ('314', 'field', '104', 'en_us', ''),
 ('314', 'field', '107', 'en_us', ' website '),
 ('314', 'field', '103', 'en_us', ''),
 ('314', 'field', '105', 'en_us', ''),
 ('314', 'field', '106', 'en_us', ''),
 ('314', 'slug', '0', 'en_us', ' everything '),
 ('314', 'title', '0', 'en_us', ' everything '),
 ('314', 'field', '7', 'de_de', ' everything '),
 ('314', 'field', '15', 'de_de', ' red '),
 ('314', 'field', '16', 'de_de', ' 1 '),
 ('314', 'field', '89', 'de_de', ' 1 cool annotation bro 2 great job annotating this '),
 ('314', 'field', '3', 'de_de', ' normal primary left left website 0 gray element grids 0 blue 0 normal primary left left card 1 body text homepage 1 1 card 1 headline card 2 body text goes right here homepage 1 2 card 2 headline card 3 body looks like this homepage 1 3 card 3 headline website 0 gray 0 blue 0 normal primary left left adjust 2x adjust logo https snapchat com appsflyer 2x appsflyer logo https snapchat com doubleclick 2x double click logo https snapchat com website 0 gray 0 blue 0 normal primary left left website 0 gray 0 blue 0 '),
 ('314', 'field', '101', 'de_de', ''),
 ('314', 'field', '102', 'de_de', ''),
 ('314', 'field', '104', 'de_de', ''),
 ('314', 'field', '107', 'de_de', ' website '),
 ('314', 'field', '103', 'de_de', ''),
 ('314', 'field', '105', 'de_de', ''),
 ('314', 'field', '106', 'de_de', ''),
 ('314', 'slug', '0', 'de_de', ' one with everything '),
 ('314', 'title', '0', 'de_de', ' one with everything '),
 ('315', 'field', '90', 'en_us', ' 1 '),
 ('315', 'field', '91', 'en_us', ' cool annotation bro '),
 ('315', 'slug', '0', 'en_us', ''),
 ('316', 'field', '90', 'en_us', ' 2 '),
 ('316', 'field', '91', 'en_us', ' great job annotating this '),
 ('316', 'slug', '0', 'en_us', ''),
 ('317', 'field', '23', 'en_us', ' element grids '),
 ('317', 'field', '20', 'en_us', ' gray '),
 ('317', 'slug', '0', 'en_us', ''),
 ('318', 'field', '67', 'en_us', ' card 1 body text homepage 1 1 card 1 headline card 2 body text goes right here homepage 1 2 card 2 headline card 3 body looks like this homepage 1 3 card 3 headline '),
 ('318', 'field', '24', 'en_us', ''),
 ('318', 'slug', '0', 'en_us', ''),
 ('319', 'field', '68', 'en_us', ' homepage 1 1 '),
 ('319', 'field', '69', 'en_us', ' card 1 headline '),
 ('319', 'field', '70', 'en_us', ' card 1 body text '),
 ('319', 'slug', '0', 'en_us', ''),
 ('320', 'field', '68', 'en_us', ' homepage 1 2 '),
 ('320', 'field', '69', 'en_us', ' card 2 headline '),
 ('320', 'field', '70', 'en_us', ' card 2 body text goes right here '),
 ('320', 'slug', '0', 'en_us', ''),
 ('321', 'field', '68', 'en_us', ' homepage 1 3 '),
 ('321', 'field', '69', 'en_us', ' card 3 headline '),
 ('321', 'field', '70', 'en_us', ' card 3 body looks like this '),
 ('321', 'slug', '0', 'en_us', ''),
 ('322', 'field', '45', 'en_us', ' adjust 2x adjust logo https forbusiness snapchat com appsflyer 2x appsflyer logo https forbusiness snapchat com doubleclick 2x double click logo https forbusiness snapchat com '),
 ('322', 'slug', '0', 'en_us', ''),
 ('323', 'field', '118', 'en_us', ' adjust 2x '),
 ('323', 'field', '119', 'en_us', ' adjust logo '),
 ('323', 'field', '120', 'en_us', ' https forbusiness snapchat com '),
 ('323', 'slug', '0', 'en_us', ''),
 ('324', 'field', '118', 'en_us', ' appsflyer 2x '),
 ('324', 'field', '119', 'en_us', ' appsflyer logo '),
 ('324', 'field', '120', 'en_us', ' https forbusiness snapchat com '),
 ('324', 'slug', '0', 'en_us', ''),
 ('325', 'field', '118', 'en_us', ' doubleclick 2x '),
 ('325', 'field', '119', 'en_us', ' double click logo '),
 ('325', 'field', '120', 'en_us', ' https forbusiness snapchat com '),
 ('325', 'slug', '0', 'en_us', ''),
 ('326', 'field', '58', 'en_us', ' device 1 headline solutions device 12 quam diu etiam furor iste tuus nos eludet plura mihi bona sunt inclinet amari petere vellent bloomingdales device 2 headline solutions device 11 quam diu etiam furor iste tuus nos eludet plura mihi bona sunt inclinet amari petere vellent redbull device 3 headline solutions device 2 quam diu etiam furor iste tuus nos eludet plura mihi bona sunt inclinet amari petere vellent philsdonuts '),
 ('326', 'field', '24', 'en_us', ''),
 ('326', 'slug', '0', 'en_us', ''),
 ('327', 'field', '59', 'en_us', ' bloomingdales '),
 ('327', 'field', '60', 'en_us', ' solutions device 12 '),
 ('327', 'field', '61', 'en_us', ' device 1 headline '),
 ('327', 'field', '62', 'en_us', ' quam diu etiam furor iste tuus nos eludet plura mihi bona sunt inclinet amari petere vellent '),
 ('327', 'slug', '0', 'en_us', ''),
 ('328', 'field', '59', 'en_us', ' redbull ');
INSERT INTO `craft_searchindex` (`elementId`, `attribute`, `fieldId`, `locale`, `keywords`) VALUES
 ('328', 'field', '60', 'en_us', ' solutions device 11 '),
 ('328', 'field', '61', 'en_us', ' device 2 headline '),
 ('328', 'field', '62', 'en_us', ' quam diu etiam furor iste tuus nos eludet plura mihi bona sunt inclinet amari petere vellent '),
 ('328', 'slug', '0', 'en_us', ''),
 ('329', 'field', '59', 'en_us', ' philsdonuts '),
 ('329', 'field', '60', 'en_us', ' solutions device 2 '),
 ('329', 'field', '61', 'en_us', ' device 3 headline '),
 ('329', 'field', '62', 'en_us', ' quam diu etiam furor iste tuus nos eludet plura mihi bona sunt inclinet amari petere vellent '),
 ('329', 'slug', '0', 'en_us', ''),
 ('330', 'field', '23', 'en_us', ' text images '),
 ('330', 'field', '20', 'en_us', ' white '),
 ('330', 'slug', '0', 'en_us', ''),
 ('331', 'field', '8', 'en_us', ' 404 chillah '),
 ('331', 'field', '10', 'en_us', ' centered text lockup '),
 ('331', 'field', '18', 'en_us', ' quam diu etiam furor iste tuus nos eludet plura mihi bona sunt inclinet amari petere vellent '),
 ('331', 'field', '71', 'en_us', ' custom forbusiness snapchat com primary button outlined _blank normal 1 custom forbusiness snapchat com primary button filled _blank normal 0 custom forbusiness snapchat com secondary button _blank '),
 ('331', 'slug', '0', 'en_us', ''),
 ('332', 'field', '72', 'en_us', ' custom forbusiness snapchat com primary button outlined _blank '),
 ('332', 'field', '110', 'en_us', ' 1 '),
 ('332', 'slug', '0', 'en_us', ''),
 ('333', 'field', '72', 'en_us', ' custom forbusiness snapchat com primary button filled _blank '),
 ('333', 'field', '110', 'en_us', ' 0 '),
 ('333', 'slug', '0', 'en_us', ''),
 ('334', 'field', '73', 'en_us', ' custom forbusiness snapchat com secondary button _blank '),
 ('334', 'slug', '0', 'en_us', ''),
 ('335', 'field', '8', 'en_us', ' filter reporting 2x '),
 ('335', 'field', '9', 'en_us', ' left '),
 ('335', 'field', '10', 'en_us', ' image beside text '),
 ('335', 'field', '11', 'en_us', ' curabitur blandit tempus ardua ridiculus sed magna integer legentibus erat a ante historiarum dapibus vivamus sagittis lacus vel augue laoreet rutrum faucibus morbi fringilla convallis sapien id pulvinar odio volutpat tu quoque brute fili mi nihil timor populi nihil '),
 ('335', 'field', '71', 'en_us', ' custom forbusiness snapchat com primary button outlined _blank normal 1 custom forbusiness snapchat com primary button filled normal 0 custom snapchat com secondary button _blank '),
 ('335', 'slug', '0', 'en_us', ''),
 ('336', 'field', '72', 'en_us', ' custom forbusiness snapchat com primary button outlined _blank '),
 ('336', 'field', '110', 'en_us', ' 1 '),
 ('336', 'slug', '0', 'en_us', ''),
 ('337', 'field', '72', 'en_us', ' custom forbusiness snapchat com primary button filled '),
 ('337', 'field', '110', 'en_us', ' 0 '),
 ('337', 'slug', '0', 'en_us', ''),
 ('338', 'field', '73', 'en_us', ' custom snapchat com secondary button _blank '),
 ('338', 'slug', '0', 'en_us', ''),
 ('339', 'field', '23', 'en_us', ' images alone '),
 ('339', 'field', '20', 'en_us', ' gray '),
 ('339', 'slug', '0', 'en_us', ''),
 ('340', 'field', '8', 'en_us', ' filter reporting 2x '),
 ('340', 'field', '126', 'en_us', ' centered image with round corners '),
 ('340', 'field', '28', 'en_us', ' normal '),
 ('340', 'field', '132', 'en_us', ' 1 '),
 ('340', 'field', '127', 'en_us', ' postmates drive action 2x '),
 ('340', 'slug', '0', 'en_us', ''),
 ('341', 'field', '8', 'en_us', ' snap to store chillahs 2x '),
 ('341', 'field', '126', 'en_us', ' full centered image '),
 ('341', 'field', '28', 'en_us', ' full '),
 ('341', 'field', '132', 'en_us', ' 0 '),
 ('341', 'field', '127', 'en_us', ''),
 ('341', 'slug', '0', 'en_us', ''),
 ('343', 'field', '8', 'en_us', ' ad manager 2x '),
 ('343', 'field', '126', 'en_us', ' wide centered image '),
 ('343', 'field', '28', 'en_us', ' wide '),
 ('343', 'field', '132', 'en_us', ' 0 '),
 ('343', 'field', '127', 'en_us', ''),
 ('343', 'slug', '0', 'en_us', ''),
 ('98', 'field', '89', 'en_us', ''),
 ('358', 'field', '144', 'en_us', ''),
 ('358', 'field', '146', 'en_us', ' green '),
 ('358', 'field', '151', 'en_us', ''),
 ('358', 'field', '38', 'en_us', ' ic success logo abinbev 2x '),
 ('358', 'field', '42', 'en_us', ' success story summary text quae vero auctorem tractata ab fiducia dicuntur '),
 ('358', 'field', '150', 'en_us', ''),
 ('33', 'field', '146', 'de_de', ' blue '),
 ('357', 'field', '10', 'de_de', ' news entry headline '),
 ('33', 'field', '146', 'en_us', ' blue '),
 ('357', 'slug', '0', 'de_de', ''),
 ('357', 'slug', '0', 'en_us', ''),
 ('361', 'username', '0', 'en_us', ' snapadmin '),
 ('356', 'field', '144', 'de_de', ' normal 0 primary left left news entry headline website 0 gray 0 blue 0 0 '),
 ('356', 'field', '101', 'de_de', ''),
 ('356', 'field', '102', 'de_de', ''),
 ('356', 'field', '104', 'de_de', ''),
 ('356', 'field', '107', 'de_de', ' website '),
 ('356', 'field', '103', 'de_de', ''),
 ('356', 'field', '105', 'de_de', ''),
 ('356', 'field', '106', 'de_de', ''),
 ('356', 'slug', '0', 'de_de', ' news entry '),
 ('356', 'title', '0', 'de_de', ' news entry '),
 ('357', 'field', '10', 'en_us', ' news entry headline '),
 ('345', 'field', '23', 'en_us', ' section 1 '),
 ('345', 'field', '20', 'en_us', ' gray '),
 ('345', 'slug', '0', 'en_us', ''),
 ('346', 'field', '8', 'en_us', ' chillah hearts '),
 ('346', 'field', '10', 'en_us', ' this is a headline '),
 ('346', 'field', '18', 'en_us', ' this is copy for the subhead right here '),
 ('346', 'field', '71', 'en_us', ''),
 ('346', 'slug', '0', 'en_us', ''),
 ('433', 'field', '29', 'en_us', ' solutions device 7 gatorade '),
 ('432', 'slug', '0', 'en_us', ''),
 ('431', 'slug', '0', 'en_us', ''),
 ('432', 'field', '72', 'en_us', ' custom http snapchat com cta button '),
 ('432', 'field', '110', 'en_us', ' 0 '),
 ('432', 'field', '135', 'en_us', ' normal '),
 ('348', 'field', '145', 'en_us', ''),
 ('348', 'field', '144', 'en_us', '');
INSERT INTO `craft_searchindex` (`elementId`, `attribute`, `fieldId`, `locale`, `keywords`) VALUES
 ('348', 'field', '101', 'en_us', ''),
 ('348', 'field', '102', 'en_us', ''),
 ('348', 'field', '104', 'en_us', ''),
 ('348', 'field', '103', 'en_us', ''),
 ('348', 'field', '107', 'en_us', ' website '),
 ('348', 'field', '105', 'en_us', ''),
 ('348', 'field', '106', 'en_us', ''),
 ('348', 'slug', '0', 'en_us', ' test blog entry '),
 ('348', 'title', '0', 'en_us', ' insights entry '),
 ('348', 'field', '145', 'de_de', ' filter reporting 2x '),
 ('348', 'field', '144', 'de_de', ' normal 0 primary left left snap ad reporting 1x image alt text website 0 gray 0 blue 0 0 '),
 ('348', 'field', '101', 'de_de', ''),
 ('348', 'field', '102', 'de_de', ''),
 ('348', 'field', '104', 'de_de', ''),
 ('348', 'field', '103', 'de_de', ''),
 ('348', 'field', '107', 'de_de', ' website '),
 ('348', 'field', '105', 'de_de', ''),
 ('348', 'field', '106', 'de_de', ''),
 ('348', 'slug', '0', 'de_de', ' test blog entry '),
 ('348', 'title', '0', 'de_de', ' test blog entry '),
 ('349', 'field', '8', 'en_us', ' snap ad reporting 1x '),
 ('349', 'field', '126', 'en_us', ' image alt text '),
 ('349', 'slug', '0', 'en_us', ''),
 ('349', 'field', '8', 'de_de', ' snap ad reporting 1x '),
 ('349', 'field', '126', 'de_de', ' image alt text '),
 ('349', 'slug', '0', 'de_de', ''),
 ('264', 'field', '15', 'en_us', ' blue '),
 ('264', 'field', '89', 'en_us', ''),
 ('264', 'field', '101', 'en_us', ''),
 ('264', 'field', '102', 'en_us', ''),
 ('264', 'field', '104', 'en_us', ''),
 ('264', 'field', '103', 'en_us', ''),
 ('264', 'field', '107', 'en_us', ' website '),
 ('264', 'field', '105', 'en_us', ''),
 ('264', 'field', '106', 'en_us', ''),
 ('264', 'field', '15', 'de_de', ' blue '),
 ('264', 'field', '107', 'de_de', ' website '),
 ('348', 'field', '147', 'en_us', ' consumer goods '),
 ('348', 'field', '148', 'en_us', ' north america '),
 ('348', 'field', '146', 'de_de', ' blue '),
 ('355', 'field', '10', 'en_us', ' headline text '),
 ('350', 'slug', '0', 'en_us', ' north america '),
 ('350', 'title', '0', 'en_us', ' north america '),
 ('350', 'slug', '0', 'de_de', ' north america '),
 ('350', 'title', '0', 'de_de', ' north america '),
 ('351', 'slug', '0', 'en_us', ' north america canada '),
 ('351', 'title', '0', 'en_us', ' north america canada '),
 ('351', 'slug', '0', 'de_de', ' north america canada '),
 ('351', 'title', '0', 'de_de', ' north america canada '),
 ('352', 'slug', '0', 'en_us', ' europe middle east africa '),
 ('352', 'title', '0', 'en_us', ' europe middle east africa '),
 ('352', 'slug', '0', 'de_de', ' europe middle east africa '),
 ('352', 'title', '0', 'de_de', ' europe middle east africa '),
 ('353', 'slug', '0', 'en_us', ' asia pacific '),
 ('353', 'title', '0', 'en_us', ' asia pacific '),
 ('353', 'slug', '0', 'de_de', ' asia pacific '),
 ('353', 'title', '0', 'de_de', ' asia pacific '),
 ('354', 'slug', '0', 'en_us', ' latin america '),
 ('354', 'title', '0', 'en_us', ' latin america '),
 ('354', 'slug', '0', 'de_de', ' latin america '),
 ('354', 'title', '0', 'de_de', ' latin america '),
 ('447', 'field', '34', 'en_us', ' entry 264 insights news '),
 ('444', 'field', '10', 'en_us', ' get inspired by results driven and world class creative '),
 ('445', 'field', '34', 'de_de', ' entry 98 ad products '),
 ('445', 'slug', '0', 'en_us', ''),
 ('444', 'field', '155', 'en_us', ' inspiration '),
 ('445', 'slug', '0', 'de_de', ''),
 ('444', 'field', '7', 'en_us', ' inspiration '),
 ('358', 'field', '101', 'en_us', ''),
 ('358', 'field', '104', 'en_us', ''),
 ('358', 'field', '102', 'en_us', ''),
 ('358', 'field', '107', 'en_us', ' website '),
 ('358', 'field', '103', 'en_us', ''),
 ('358', 'field', '105', 'en_us', ''),
 ('358', 'field', '106', 'en_us', ''),
 ('358', 'slug', '0', 'en_us', ' success story entry '),
 ('358', 'title', '0', 'en_us', ' entry 358 '),
 ('358', 'field', '38', 'de_de', ' ic success logo abinbev 2x '),
 ('358', 'field', '42', 'de_de', ' success story summary text quae vero auctorem tractata ab fiducia dicuntur '),
 ('358', 'field', '150', 'de_de', ''),
 ('358', 'field', '151', 'de_de', ''),
 ('358', 'field', '146', 'de_de', ' green '),
 ('358', 'field', '144', 'de_de', ' normal 0 primary left left website 0 gray 0 quo usque tandem abutere catilina patientia nostra petierunt uti sibi concilium totius galliae in diem certam indicere qui ipsorum lingua celtae nostra galli appellantur blue 0 0 '),
 ('358', 'field', '101', 'de_de', ''),
 ('358', 'field', '104', 'de_de', ''),
 ('358', 'field', '102', 'de_de', ''),
 ('358', 'field', '107', 'de_de', ' website '),
 ('358', 'field', '103', 'de_de', ''),
 ('358', 'field', '105', 'de_de', ''),
 ('358', 'field', '106', 'de_de', ''),
 ('358', 'slug', '0', 'de_de', ' success story entry '),
 ('358', 'title', '0', 'de_de', ' success story entry '),
 ('447', 'field', '189', 'en_us', ' entry 363 success stories entry 362 creative spotlight '),
 ('450', 'field', '189', 'en_us', ''),
 ('445', 'field', '189', 'en_us', ''),
 ('444', 'field', '15', 'en_us', ' yellow '),
 ('450', 'field', '34', 'en_us', ' entry 290 audiences '),
 ('33', 'field', '155', 'en_us', ''),
 ('358', 'field', '155', 'en_us', ''),
 ('447', 'slug', '0', 'en_us', '');
INSERT INTO `craft_searchindex` (`elementId`, `attribute`, `fieldId`, `locale`, `keywords`) VALUES
 ('447', 'field', '34', 'de_de', ' entry 264 insights news '),
 ('447', 'slug', '0', 'de_de', ''),
 ('362', 'slug', '0', 'en_us', ' creative spotlight '),
 ('362', 'title', '0', 'en_us', ' creative spotlight '),
 ('362', 'slug', '0', 'de_de', ' creative spotlight '),
 ('362', 'title', '0', 'de_de', ' creative spotlight '),
 ('363', 'slug', '0', 'en_us', ' success stories '),
 ('363', 'title', '0', 'en_us', ' success stories '),
 ('363', 'slug', '0', 'de_de', ' success stories '),
 ('363', 'title', '0', 'de_de', ' success stories '),
 ('314', 'field', '155', 'en_us', ' everything '),
 ('426', 'field', '23', 'en_us', ' video stuff '),
 ('426', 'field', '20', 'en_us', ' gray '),
 ('426', 'slug', '0', 'en_us', ''),
 ('364', 'filename', '0', 'en_us', ' homepage 1 1 png '),
 ('364', 'extension', '0', 'en_us', ' png '),
 ('364', 'kind', '0', 'en_us', ' image '),
 ('364', 'slug', '0', 'en_us', ' homepage 1 1 '),
 ('364', 'title', '0', 'en_us', ' homepage 1 1 '),
 ('364', 'filename', '0', 'de_de', ' homepage 1 1 png '),
 ('364', 'extension', '0', 'de_de', ' png '),
 ('364', 'kind', '0', 'de_de', ' image '),
 ('364', 'slug', '0', 'de_de', ' homepage 1 1 '),
 ('364', 'title', '0', 'de_de', ' homepage 1 1 '),
 ('365', 'filename', '0', 'en_us', ' homepage 1 2 png '),
 ('365', 'extension', '0', 'en_us', ' png '),
 ('365', 'kind', '0', 'en_us', ' image '),
 ('365', 'slug', '0', 'en_us', ' homepage 1 2 '),
 ('365', 'title', '0', 'en_us', ' homepage 1 2 '),
 ('365', 'filename', '0', 'de_de', ' homepage 1 2 png '),
 ('365', 'extension', '0', 'de_de', ' png '),
 ('365', 'kind', '0', 'de_de', ' image '),
 ('365', 'slug', '0', 'de_de', ' homepage 1 2 '),
 ('365', 'title', '0', 'de_de', ' homepage 1 2 '),
 ('366', 'filename', '0', 'en_us', ' homepage 1 3 png '),
 ('366', 'extension', '0', 'en_us', ' png '),
 ('366', 'kind', '0', 'en_us', ' image '),
 ('366', 'slug', '0', 'en_us', ' homepage 1 3 '),
 ('366', 'title', '0', 'en_us', ' homepage 1 3 '),
 ('366', 'filename', '0', 'de_de', ' homepage 1 3 png '),
 ('366', 'extension', '0', 'de_de', ' png '),
 ('366', 'kind', '0', 'de_de', ' image '),
 ('366', 'slug', '0', 'de_de', ' homepage 1 3 '),
 ('366', 'title', '0', 'de_de', ' homepage 1 3 '),
 ('367', 'filename', '0', 'en_us', ' measurement reach svg '),
 ('367', 'extension', '0', 'en_us', ' svg '),
 ('367', 'kind', '0', 'en_us', ' image '),
 ('367', 'slug', '0', 'en_us', ' measurement reach '),
 ('367', 'title', '0', 'en_us', ' measurement reach '),
 ('367', 'filename', '0', 'de_de', ' measurement reach svg '),
 ('367', 'extension', '0', 'de_de', ' svg '),
 ('367', 'kind', '0', 'de_de', ' image '),
 ('367', 'slug', '0', 'de_de', ' measurement reach '),
 ('367', 'title', '0', 'de_de', ' measurement reach '),
 ('368', 'filename', '0', 'en_us', ' measurement reaction svg '),
 ('368', 'extension', '0', 'en_us', ' svg '),
 ('368', 'kind', '0', 'en_us', ' image '),
 ('368', 'slug', '0', 'en_us', ' measurement reaction '),
 ('368', 'title', '0', 'en_us', ' measurement reaction '),
 ('368', 'filename', '0', 'de_de', ' measurement reaction svg '),
 ('368', 'extension', '0', 'de_de', ' svg '),
 ('368', 'kind', '0', 'de_de', ' image '),
 ('368', 'slug', '0', 'de_de', ' measurement reaction '),
 ('368', 'title', '0', 'de_de', ' measurement reaction '),
 ('369', 'filename', '0', 'en_us', ' measurement resonance svg '),
 ('369', 'extension', '0', 'en_us', ' svg '),
 ('369', 'kind', '0', 'en_us', ' image '),
 ('369', 'slug', '0', 'en_us', ' measurement resonance '),
 ('369', 'title', '0', 'en_us', ' measurement resonance '),
 ('369', 'filename', '0', 'de_de', ' measurement resonance svg '),
 ('369', 'extension', '0', 'de_de', ' svg '),
 ('369', 'kind', '0', 'de_de', ' image '),
 ('369', 'slug', '0', 'de_de', ' measurement resonance '),
 ('369', 'title', '0', 'de_de', ' measurement resonance '),
 ('370', 'filename', '0', 'en_us', ' measurement snap to svg '),
 ('370', 'extension', '0', 'en_us', ' svg '),
 ('370', 'kind', '0', 'en_us', ' image '),
 ('370', 'slug', '0', 'en_us', ' measurement snap to '),
 ('370', 'title', '0', 'en_us', ' measurement snap to '),
 ('370', 'filename', '0', 'de_de', ' measurement snap to svg '),
 ('370', 'extension', '0', 'de_de', ' svg '),
 ('370', 'kind', '0', 'de_de', ' image '),
 ('370', 'slug', '0', 'de_de', ' measurement snap to '),
 ('370', 'title', '0', 'de_de', ' measurement snap to '),
 ('371', 'filename', '0', 'en_us', ' measurement verification svg '),
 ('371', 'extension', '0', 'en_us', ' svg '),
 ('371', 'kind', '0', 'en_us', ' image '),
 ('371', 'slug', '0', 'en_us', ' measurement verification '),
 ('371', 'title', '0', 'en_us', ' measurement verification '),
 ('371', 'filename', '0', 'de_de', ' measurement verification svg '),
 ('371', 'extension', '0', 'de_de', ' svg '),
 ('371', 'kind', '0', 'de_de', ' image '),
 ('371', 'slug', '0', 'de_de', ' measurement verification '),
 ('371', 'title', '0', 'de_de', ' measurement verification '),
 ('372', 'filename', '0', 'en_us', ' measurement viewability svg '),
 ('372', 'extension', '0', 'en_us', ' svg '),
 ('372', 'kind', '0', 'en_us', ' image '),
 ('372', 'slug', '0', 'en_us', ' measurement viewability '),
 ('372', 'title', '0', 'en_us', ' measurement viewability '),
 ('372', 'filename', '0', 'de_de', ' measurement viewability svg ');
INSERT INTO `craft_searchindex` (`elementId`, `attribute`, `fieldId`, `locale`, `keywords`) VALUES
 ('372', 'extension', '0', 'de_de', ' svg '),
 ('372', 'kind', '0', 'de_de', ' image '),
 ('372', 'slug', '0', 'de_de', ' measurement viewability '),
 ('372', 'title', '0', 'de_de', ' measurement viewability '),
 ('373', 'filename', '0', 'en_us', ' snap_ad_reporting_1x png '),
 ('373', 'extension', '0', 'en_us', ' png '),
 ('373', 'kind', '0', 'en_us', ' image '),
 ('373', 'slug', '0', 'en_us', ' snap ad reporting 1x '),
 ('373', 'title', '0', 'en_us', ' snap ad reporting 1x '),
 ('373', 'filename', '0', 'de_de', ' snap_ad_reporting_1x png '),
 ('373', 'extension', '0', 'de_de', ' png '),
 ('373', 'kind', '0', 'de_de', ' image '),
 ('373', 'slug', '0', 'de_de', ' snap ad reporting 1x '),
 ('373', 'title', '0', 'de_de', ' snap ad reporting 1x '),
 ('374', 'filename', '0', 'en_us', ' 711 mp4 '),
 ('374', 'extension', '0', 'en_us', ' mp4 '),
 ('374', 'kind', '0', 'en_us', ' video '),
 ('374', 'slug', '0', 'en_us', ' 711 '),
 ('374', 'title', '0', 'en_us', ' 711 '),
 ('374', 'filename', '0', 'de_de', ' 711 mp4 '),
 ('374', 'extension', '0', 'de_de', ' mp4 '),
 ('374', 'kind', '0', 'de_de', ' video '),
 ('374', 'slug', '0', 'de_de', ' 711 '),
 ('374', 'title', '0', 'de_de', ' 711 '),
 ('375', 'filename', '0', 'en_us', ' 711 webm '),
 ('375', 'extension', '0', 'en_us', ' webm '),
 ('375', 'kind', '0', 'en_us', ' video '),
 ('375', 'slug', '0', 'en_us', ' 711 '),
 ('375', 'title', '0', 'en_us', ' 711 '),
 ('375', 'filename', '0', 'de_de', ' 711 webm '),
 ('375', 'extension', '0', 'de_de', ' webm '),
 ('375', 'kind', '0', 'de_de', ' video '),
 ('375', 'slug', '0', 'de_de', ' 711 '),
 ('375', 'title', '0', 'de_de', ' 711 '),
 ('376', 'filename', '0', 'en_us', ' aa mp4 '),
 ('376', 'extension', '0', 'en_us', ' mp4 '),
 ('376', 'kind', '0', 'en_us', ' video '),
 ('376', 'slug', '0', 'en_us', ' aa '),
 ('376', 'title', '0', 'en_us', ' aa '),
 ('376', 'filename', '0', 'de_de', ' aa mp4 '),
 ('376', 'extension', '0', 'de_de', ' mp4 '),
 ('376', 'kind', '0', 'de_de', ' video '),
 ('376', 'slug', '0', 'de_de', ' aa '),
 ('376', 'title', '0', 'de_de', ' aa '),
 ('377', 'filename', '0', 'en_us', ' aa webm '),
 ('377', 'extension', '0', 'en_us', ' webm '),
 ('377', 'kind', '0', 'en_us', ' video '),
 ('377', 'slug', '0', 'en_us', ' aa '),
 ('377', 'title', '0', 'en_us', ' aa '),
 ('377', 'filename', '0', 'de_de', ' aa webm '),
 ('377', 'extension', '0', 'de_de', ' webm '),
 ('377', 'kind', '0', 'de_de', ' video '),
 ('377', 'slug', '0', 'de_de', ' aa '),
 ('377', 'title', '0', 'de_de', ' aa '),
 ('378', 'filename', '0', 'en_us', ' acorns mp4 '),
 ('378', 'extension', '0', 'en_us', ' mp4 '),
 ('378', 'kind', '0', 'en_us', ' video '),
 ('378', 'slug', '0', 'en_us', ' acorns '),
 ('378', 'title', '0', 'en_us', ' acorns '),
 ('378', 'filename', '0', 'de_de', ' acorns mp4 '),
 ('378', 'extension', '0', 'de_de', ' mp4 '),
 ('378', 'kind', '0', 'de_de', ' video '),
 ('378', 'slug', '0', 'de_de', ' acorns '),
 ('378', 'title', '0', 'de_de', ' acorns '),
 ('379', 'filename', '0', 'en_us', ' acorns webm '),
 ('379', 'extension', '0', 'en_us', ' webm '),
 ('379', 'kind', '0', 'en_us', ' video '),
 ('379', 'slug', '0', 'en_us', ' acorns '),
 ('379', 'title', '0', 'en_us', ' acorns '),
 ('379', 'filename', '0', 'de_de', ' acorns webm '),
 ('379', 'extension', '0', 'de_de', ' webm '),
 ('379', 'kind', '0', 'de_de', ' video '),
 ('379', 'slug', '0', 'de_de', ' acorns '),
 ('379', 'title', '0', 'de_de', ' acorns '),
 ('380', 'filename', '0', 'en_us', ' alabamapink webm '),
 ('380', 'extension', '0', 'en_us', ' webm '),
 ('380', 'kind', '0', 'en_us', ' video '),
 ('380', 'slug', '0', 'en_us', ' alabamapink '),
 ('380', 'title', '0', 'en_us', ' alabamapink '),
 ('380', 'filename', '0', 'de_de', ' alabamapink webm '),
 ('380', 'extension', '0', 'de_de', ' webm '),
 ('380', 'kind', '0', 'de_de', ' video '),
 ('380', 'slug', '0', 'de_de', ' alabamapink '),
 ('380', 'title', '0', 'de_de', ' alabamapink '),
 ('381', 'filename', '0', 'en_us', ' bloomingdales mp4 '),
 ('381', 'extension', '0', 'en_us', ' mp4 '),
 ('381', 'kind', '0', 'en_us', ' video '),
 ('381', 'slug', '0', 'en_us', ' bloomingdales '),
 ('381', 'title', '0', 'en_us', ' bloomingdales '),
 ('381', 'filename', '0', 'de_de', ' bloomingdales mp4 '),
 ('381', 'extension', '0', 'de_de', ' mp4 '),
 ('381', 'kind', '0', 'de_de', ' video '),
 ('381', 'slug', '0', 'de_de', ' bloomingdales '),
 ('381', 'title', '0', 'de_de', ' bloomingdales '),
 ('382', 'filename', '0', 'en_us', ' bloomingdales webm '),
 ('382', 'extension', '0', 'en_us', ' webm '),
 ('382', 'kind', '0', 'en_us', ' video '),
 ('382', 'slug', '0', 'en_us', ' bloomingdales '),
 ('382', 'title', '0', 'en_us', ' bloomingdales '),
 ('382', 'filename', '0', 'de_de', ' bloomingdales webm ');
INSERT INTO `craft_searchindex` (`elementId`, `attribute`, `fieldId`, `locale`, `keywords`) VALUES
 ('382', 'extension', '0', 'de_de', ' webm '),
 ('382', 'kind', '0', 'de_de', ' video '),
 ('382', 'slug', '0', 'de_de', ' bloomingdales '),
 ('382', 'title', '0', 'de_de', ' bloomingdales '),
 ('383', 'filename', '0', 'en_us', ' bumble_v2 mp4 '),
 ('383', 'extension', '0', 'en_us', ' mp4 '),
 ('383', 'kind', '0', 'en_us', ' video '),
 ('383', 'slug', '0', 'en_us', ' bumble v2 '),
 ('383', 'title', '0', 'en_us', ' bumble v2 '),
 ('383', 'filename', '0', 'de_de', ' bumble_v2 mp4 '),
 ('383', 'extension', '0', 'de_de', ' mp4 '),
 ('383', 'kind', '0', 'de_de', ' video '),
 ('383', 'slug', '0', 'de_de', ' bumble v2 '),
 ('383', 'title', '0', 'de_de', ' bumble v2 '),
 ('384', 'filename', '0', 'en_us', ' bumble_v2 webm '),
 ('384', 'extension', '0', 'en_us', ' webm '),
 ('384', 'kind', '0', 'en_us', ' video '),
 ('384', 'slug', '0', 'en_us', ' bumble v2 '),
 ('384', 'title', '0', 'en_us', ' bumble v2 '),
 ('384', 'filename', '0', 'de_de', ' bumble_v2 webm '),
 ('384', 'extension', '0', 'de_de', ' webm '),
 ('384', 'kind', '0', 'de_de', ' video '),
 ('384', 'slug', '0', 'de_de', ' bumble v2 '),
 ('384', 'title', '0', 'de_de', ' bumble v2 '),
 ('385', 'filename', '0', 'en_us', ' alabamapink mp4 '),
 ('385', 'extension', '0', 'en_us', ' mp4 '),
 ('385', 'kind', '0', 'en_us', ' video '),
 ('385', 'slug', '0', 'en_us', ' alabamapink '),
 ('385', 'title', '0', 'en_us', ' alabamapink '),
 ('385', 'filename', '0', 'de_de', ' alabamapink mp4 '),
 ('385', 'extension', '0', 'de_de', ' mp4 '),
 ('385', 'kind', '0', 'de_de', ' video '),
 ('385', 'slug', '0', 'de_de', ' alabamapink '),
 ('385', 'title', '0', 'de_de', ' alabamapink '),
 ('386', 'filename', '0', 'en_us', ' burberry mp4 '),
 ('386', 'extension', '0', 'en_us', ' mp4 '),
 ('386', 'kind', '0', 'en_us', ' video '),
 ('386', 'slug', '0', 'en_us', ' burberry '),
 ('386', 'title', '0', 'en_us', ' burberry '),
 ('386', 'filename', '0', 'de_de', ' burberry mp4 '),
 ('386', 'extension', '0', 'de_de', ' mp4 '),
 ('386', 'kind', '0', 'de_de', ' video '),
 ('386', 'slug', '0', 'de_de', ' burberry '),
 ('386', 'title', '0', 'de_de', ' burberry '),
 ('387', 'filename', '0', 'en_us', ' burberry webm '),
 ('387', 'extension', '0', 'en_us', ' webm '),
 ('387', 'kind', '0', 'en_us', ' video '),
 ('387', 'slug', '0', 'en_us', ' burberry '),
 ('387', 'title', '0', 'en_us', ' burberry '),
 ('387', 'filename', '0', 'de_de', ' burberry webm '),
 ('387', 'extension', '0', 'de_de', ' webm '),
 ('387', 'kind', '0', 'de_de', ' video '),
 ('387', 'slug', '0', 'de_de', ' burberry '),
 ('387', 'title', '0', 'de_de', ' burberry '),
 ('388', 'filename', '0', 'en_us', ' ellevennightclub mp4 '),
 ('388', 'extension', '0', 'en_us', ' mp4 '),
 ('388', 'kind', '0', 'en_us', ' video '),
 ('388', 'slug', '0', 'en_us', ' ellevennightclub '),
 ('388', 'title', '0', 'en_us', ' ellevennightclub '),
 ('388', 'filename', '0', 'de_de', ' ellevennightclub mp4 '),
 ('388', 'extension', '0', 'de_de', ' mp4 '),
 ('388', 'kind', '0', 'de_de', ' video '),
 ('388', 'slug', '0', 'de_de', ' ellevennightclub '),
 ('388', 'title', '0', 'de_de', ' ellevennightclub '),
 ('389', 'filename', '0', 'en_us', ' ellevennightclub webm '),
 ('389', 'extension', '0', 'en_us', ' webm '),
 ('389', 'kind', '0', 'en_us', ' video '),
 ('389', 'slug', '0', 'en_us', ' ellevennightclub '),
 ('389', 'title', '0', 'en_us', ' ellevennightclub '),
 ('389', 'filename', '0', 'de_de', ' ellevennightclub webm '),
 ('389', 'extension', '0', 'de_de', ' webm '),
 ('389', 'kind', '0', 'de_de', ' video '),
 ('389', 'slug', '0', 'de_de', ' ellevennightclub '),
 ('389', 'title', '0', 'de_de', ' ellevennightclub '),
 ('390', 'filename', '0', 'en_us', ' gametime mp4 '),
 ('390', 'extension', '0', 'en_us', ' mp4 '),
 ('390', 'kind', '0', 'en_us', ' video '),
 ('390', 'slug', '0', 'en_us', ' gametime '),
 ('390', 'title', '0', 'en_us', ' gametime '),
 ('390', 'filename', '0', 'de_de', ' gametime mp4 '),
 ('390', 'extension', '0', 'de_de', ' mp4 '),
 ('390', 'kind', '0', 'de_de', ' video '),
 ('390', 'slug', '0', 'de_de', ' gametime '),
 ('390', 'title', '0', 'de_de', ' gametime '),
 ('391', 'filename', '0', 'en_us', ' gametime webm '),
 ('391', 'extension', '0', 'en_us', ' webm '),
 ('391', 'kind', '0', 'en_us', ' video '),
 ('391', 'slug', '0', 'en_us', ' gametime '),
 ('391', 'title', '0', 'en_us', ' gametime '),
 ('391', 'filename', '0', 'de_de', ' gametime webm '),
 ('391', 'extension', '0', 'de_de', ' webm '),
 ('391', 'kind', '0', 'de_de', ' video '),
 ('391', 'slug', '0', 'de_de', ' gametime '),
 ('391', 'title', '0', 'de_de', ' gametime '),
 ('392', 'filename', '0', 'en_us', ' gatorade mp4 '),
 ('392', 'extension', '0', 'en_us', ' mp4 '),
 ('392', 'kind', '0', 'en_us', ' video '),
 ('392', 'slug', '0', 'en_us', ' gatorade '),
 ('392', 'title', '0', 'en_us', ' gatorade '),
 ('392', 'filename', '0', 'de_de', ' gatorade mp4 ');
INSERT INTO `craft_searchindex` (`elementId`, `attribute`, `fieldId`, `locale`, `keywords`) VALUES
 ('392', 'extension', '0', 'de_de', ' mp4 '),
 ('392', 'kind', '0', 'de_de', ' video '),
 ('392', 'slug', '0', 'de_de', ' gatorade '),
 ('392', 'title', '0', 'de_de', ' gatorade '),
 ('393', 'filename', '0', 'en_us', ' gatorade webm '),
 ('393', 'extension', '0', 'en_us', ' webm '),
 ('393', 'kind', '0', 'en_us', ' video '),
 ('393', 'slug', '0', 'en_us', ' gatorade '),
 ('393', 'title', '0', 'en_us', ' gatorade '),
 ('393', 'filename', '0', 'de_de', ' gatorade webm '),
 ('393', 'extension', '0', 'de_de', ' webm '),
 ('393', 'kind', '0', 'de_de', ' video '),
 ('393', 'slug', '0', 'de_de', ' gatorade '),
 ('393', 'title', '0', 'de_de', ' gatorade '),
 ('394', 'filename', '0', 'en_us', ' geofilter mp4 '),
 ('394', 'extension', '0', 'en_us', ' mp4 '),
 ('394', 'kind', '0', 'en_us', ' video '),
 ('394', 'slug', '0', 'en_us', ' geofilter '),
 ('394', 'title', '0', 'en_us', ' geofilter '),
 ('394', 'filename', '0', 'de_de', ' geofilter mp4 '),
 ('394', 'extension', '0', 'de_de', ' mp4 '),
 ('394', 'kind', '0', 'de_de', ' video '),
 ('394', 'slug', '0', 'de_de', ' geofilter '),
 ('394', 'title', '0', 'de_de', ' geofilter '),
 ('395', 'filename', '0', 'en_us', ' geofilter webm '),
 ('395', 'extension', '0', 'en_us', ' webm '),
 ('395', 'kind', '0', 'en_us', ' video '),
 ('395', 'slug', '0', 'en_us', ' geofilter '),
 ('395', 'title', '0', 'en_us', ' geofilter '),
 ('395', 'filename', '0', 'de_de', ' geofilter webm '),
 ('395', 'extension', '0', 'de_de', ' webm '),
 ('395', 'kind', '0', 'de_de', ' video '),
 ('395', 'slug', '0', 'de_de', ' geofilter '),
 ('395', 'title', '0', 'de_de', ' geofilter '),
 ('396', 'filename', '0', 'en_us', ' lakings mp4 '),
 ('396', 'extension', '0', 'en_us', ' mp4 '),
 ('396', 'kind', '0', 'en_us', ' video '),
 ('396', 'slug', '0', 'en_us', ' lakings '),
 ('396', 'title', '0', 'en_us', ' lakings '),
 ('396', 'filename', '0', 'de_de', ' lakings mp4 '),
 ('396', 'extension', '0', 'de_de', ' mp4 '),
 ('396', 'kind', '0', 'de_de', ' video '),
 ('396', 'slug', '0', 'de_de', ' lakings '),
 ('396', 'title', '0', 'de_de', ' lakings '),
 ('397', 'filename', '0', 'en_us', ' lakings webm '),
 ('397', 'extension', '0', 'en_us', ' webm '),
 ('397', 'kind', '0', 'en_us', ' video '),
 ('397', 'slug', '0', 'en_us', ' lakings '),
 ('397', 'title', '0', 'en_us', ' lakings '),
 ('397', 'filename', '0', 'de_de', ' lakings webm '),
 ('397', 'extension', '0', 'de_de', ' webm '),
 ('397', 'kind', '0', 'de_de', ' video '),
 ('397', 'slug', '0', 'de_de', ' lakings '),
 ('397', 'title', '0', 'de_de', ' lakings '),
 ('398', 'filename', '0', 'en_us', ' michaelkors mp4 '),
 ('398', 'extension', '0', 'en_us', ' mp4 '),
 ('398', 'kind', '0', 'en_us', ' video '),
 ('398', 'slug', '0', 'en_us', ' michaelkors '),
 ('398', 'title', '0', 'en_us', ' michaelkors '),
 ('398', 'filename', '0', 'de_de', ' michaelkors mp4 '),
 ('398', 'extension', '0', 'de_de', ' mp4 '),
 ('398', 'kind', '0', 'de_de', ' video '),
 ('398', 'slug', '0', 'de_de', ' michaelkors '),
 ('398', 'title', '0', 'de_de', ' michaelkors '),
 ('399', 'filename', '0', 'en_us', ' mtndew mp4 '),
 ('399', 'extension', '0', 'en_us', ' mp4 '),
 ('399', 'kind', '0', 'en_us', ' video '),
 ('399', 'slug', '0', 'en_us', ' mtndew '),
 ('399', 'title', '0', 'en_us', ' mtndew '),
 ('399', 'filename', '0', 'de_de', ' mtndew mp4 '),
 ('399', 'extension', '0', 'de_de', ' mp4 '),
 ('399', 'kind', '0', 'de_de', ' video '),
 ('399', 'slug', '0', 'de_de', ' mtndew '),
 ('399', 'title', '0', 'de_de', ' mtndew '),
 ('400', 'filename', '0', 'en_us', ' michaelkors webm '),
 ('400', 'extension', '0', 'en_us', ' webm '),
 ('400', 'kind', '0', 'en_us', ' video '),
 ('400', 'slug', '0', 'en_us', ' michaelkors '),
 ('400', 'title', '0', 'en_us', ' michaelkors '),
 ('400', 'filename', '0', 'de_de', ' michaelkors webm '),
 ('400', 'extension', '0', 'de_de', ' webm '),
 ('400', 'kind', '0', 'de_de', ' video '),
 ('400', 'slug', '0', 'de_de', ' michaelkors '),
 ('400', 'title', '0', 'de_de', ' michaelkors '),
 ('401', 'filename', '0', 'en_us', ' mtndew webm '),
 ('401', 'extension', '0', 'en_us', ' webm '),
 ('401', 'kind', '0', 'en_us', ' video '),
 ('401', 'slug', '0', 'en_us', ' mtndew '),
 ('401', 'title', '0', 'en_us', ' mtndew '),
 ('401', 'filename', '0', 'de_de', ' mtndew webm '),
 ('401', 'extension', '0', 'de_de', ' webm '),
 ('401', 'kind', '0', 'de_de', ' video '),
 ('401', 'slug', '0', 'de_de', ' mtndew '),
 ('401', 'title', '0', 'de_de', ' mtndew '),
 ('402', 'filename', '0', 'en_us', ' philsdonuts mp4 '),
 ('402', 'extension', '0', 'en_us', ' mp4 '),
 ('402', 'kind', '0', 'en_us', ' video '),
 ('402', 'slug', '0', 'en_us', ' philsdonuts '),
 ('402', 'title', '0', 'en_us', ' philsdonuts '),
 ('402', 'filename', '0', 'de_de', ' philsdonuts mp4 ');
INSERT INTO `craft_searchindex` (`elementId`, `attribute`, `fieldId`, `locale`, `keywords`) VALUES
 ('402', 'extension', '0', 'de_de', ' mp4 '),
 ('402', 'kind', '0', 'de_de', ' video '),
 ('402', 'slug', '0', 'de_de', ' philsdonuts '),
 ('402', 'title', '0', 'de_de', ' philsdonuts '),
 ('403', 'filename', '0', 'en_us', ' postmates mp4 '),
 ('403', 'extension', '0', 'en_us', ' mp4 '),
 ('403', 'kind', '0', 'en_us', ' video '),
 ('403', 'slug', '0', 'en_us', ' postmates '),
 ('403', 'title', '0', 'en_us', ' postmates '),
 ('403', 'filename', '0', 'de_de', ' postmates mp4 '),
 ('403', 'extension', '0', 'de_de', ' mp4 '),
 ('403', 'kind', '0', 'de_de', ' video '),
 ('403', 'slug', '0', 'de_de', ' postmates '),
 ('403', 'title', '0', 'de_de', ' postmates '),
 ('404', 'filename', '0', 'en_us', ' postmates webm '),
 ('404', 'extension', '0', 'en_us', ' webm '),
 ('404', 'kind', '0', 'en_us', ' video '),
 ('404', 'slug', '0', 'en_us', ' postmates '),
 ('404', 'title', '0', 'en_us', ' postmates '),
 ('404', 'filename', '0', 'de_de', ' postmates webm '),
 ('404', 'extension', '0', 'de_de', ' webm '),
 ('404', 'kind', '0', 'de_de', ' video '),
 ('404', 'slug', '0', 'de_de', ' postmates '),
 ('404', 'title', '0', 'de_de', ' postmates '),
 ('405', 'filename', '0', 'en_us', ' publisher mp4 '),
 ('405', 'extension', '0', 'en_us', ' mp4 '),
 ('405', 'kind', '0', 'en_us', ' video '),
 ('405', 'slug', '0', 'en_us', ' publisher '),
 ('405', 'title', '0', 'en_us', ' publisher '),
 ('405', 'filename', '0', 'de_de', ' publisher mp4 '),
 ('405', 'extension', '0', 'de_de', ' mp4 '),
 ('405', 'kind', '0', 'de_de', ' video '),
 ('405', 'slug', '0', 'de_de', ' publisher '),
 ('405', 'title', '0', 'de_de', ' publisher '),
 ('406', 'filename', '0', 'en_us', ' publisher webm '),
 ('406', 'extension', '0', 'en_us', ' webm '),
 ('406', 'kind', '0', 'en_us', ' video '),
 ('406', 'slug', '0', 'en_us', ' publisher '),
 ('406', 'title', '0', 'en_us', ' publisher '),
 ('406', 'filename', '0', 'de_de', ' publisher webm '),
 ('406', 'extension', '0', 'de_de', ' webm '),
 ('406', 'kind', '0', 'de_de', ' video '),
 ('406', 'slug', '0', 'de_de', ' publisher '),
 ('406', 'title', '0', 'de_de', ' publisher '),
 ('407', 'filename', '0', 'en_us', ' redbull mp4 '),
 ('407', 'extension', '0', 'en_us', ' mp4 '),
 ('407', 'kind', '0', 'en_us', ' video '),
 ('407', 'slug', '0', 'en_us', ' redbull '),
 ('407', 'title', '0', 'en_us', ' redbull '),
 ('407', 'filename', '0', 'de_de', ' redbull mp4 '),
 ('407', 'extension', '0', 'de_de', ' mp4 '),
 ('407', 'kind', '0', 'de_de', ' video '),
 ('407', 'slug', '0', 'de_de', ' redbull '),
 ('407', 'title', '0', 'de_de', ' redbull '),
 ('408', 'filename', '0', 'en_us', ' redbull webm '),
 ('408', 'extension', '0', 'en_us', ' webm '),
 ('408', 'kind', '0', 'en_us', ' video '),
 ('408', 'slug', '0', 'en_us', ' redbull '),
 ('408', 'title', '0', 'en_us', ' redbull '),
 ('408', 'filename', '0', 'de_de', ' redbull webm '),
 ('408', 'extension', '0', 'de_de', ' webm '),
 ('408', 'kind', '0', 'de_de', ' video '),
 ('408', 'slug', '0', 'de_de', ' redbull '),
 ('408', 'title', '0', 'de_de', ' redbull '),
 ('409', 'filename', '0', 'en_us', ' philsdonuts webm '),
 ('409', 'extension', '0', 'en_us', ' webm '),
 ('409', 'kind', '0', 'en_us', ' video '),
 ('409', 'slug', '0', 'en_us', ' philsdonuts '),
 ('409', 'title', '0', 'en_us', ' philsdonuts '),
 ('409', 'filename', '0', 'de_de', ' philsdonuts webm '),
 ('409', 'extension', '0', 'de_de', ' webm '),
 ('409', 'kind', '0', 'de_de', ' video '),
 ('409', 'slug', '0', 'de_de', ' philsdonuts '),
 ('409', 'title', '0', 'de_de', ' philsdonuts '),
 ('410', 'filename', '0', 'en_us', ' selfserve mp4 '),
 ('410', 'extension', '0', 'en_us', ' mp4 '),
 ('410', 'kind', '0', 'en_us', ' video '),
 ('410', 'slug', '0', 'en_us', ' selfserve '),
 ('410', 'title', '0', 'en_us', ' selfserve '),
 ('410', 'filename', '0', 'de_de', ' selfserve mp4 '),
 ('410', 'extension', '0', 'de_de', ' mp4 '),
 ('410', 'kind', '0', 'de_de', ' video '),
 ('410', 'slug', '0', 'de_de', ' selfserve '),
 ('410', 'title', '0', 'de_de', ' selfserve '),
 ('411', 'filename', '0', 'en_us', ' selfserve webm '),
 ('411', 'extension', '0', 'en_us', ' webm '),
 ('411', 'kind', '0', 'en_us', ' video '),
 ('411', 'slug', '0', 'en_us', ' selfserve '),
 ('411', 'title', '0', 'en_us', ' selfserve '),
 ('411', 'filename', '0', 'de_de', ' selfserve webm '),
 ('411', 'extension', '0', 'de_de', ' webm '),
 ('411', 'kind', '0', 'de_de', ' video '),
 ('411', 'slug', '0', 'de_de', ' selfserve '),
 ('411', 'title', '0', 'de_de', ' selfserve '),
 ('412', 'filename', '0', 'en_us', ' snapchat mp4 '),
 ('412', 'extension', '0', 'en_us', ' mp4 '),
 ('412', 'kind', '0', 'en_us', ' video '),
 ('412', 'slug', '0', 'en_us', ' snapchat '),
 ('412', 'title', '0', 'en_us', ' snapchat '),
 ('412', 'filename', '0', 'de_de', ' snapchat mp4 ');
INSERT INTO `craft_searchindex` (`elementId`, `attribute`, `fieldId`, `locale`, `keywords`) VALUES
 ('412', 'extension', '0', 'de_de', ' mp4 '),
 ('412', 'kind', '0', 'de_de', ' video '),
 ('412', 'slug', '0', 'de_de', ' snapchat '),
 ('412', 'title', '0', 'de_de', ' snapchat '),
 ('413', 'filename', '0', 'en_us', ' snapchat webm '),
 ('413', 'extension', '0', 'en_us', ' webm '),
 ('413', 'kind', '0', 'en_us', ' video '),
 ('413', 'slug', '0', 'en_us', ' snapchat '),
 ('413', 'title', '0', 'en_us', ' snapchat '),
 ('413', 'filename', '0', 'de_de', ' snapchat webm '),
 ('413', 'extension', '0', 'de_de', ' webm '),
 ('413', 'kind', '0', 'de_de', ' video '),
 ('413', 'slug', '0', 'de_de', ' snapchat '),
 ('413', 'title', '0', 'de_de', ' snapchat '),
 ('414', 'filename', '0', 'en_us', ' snapchat2 mp4 '),
 ('414', 'extension', '0', 'en_us', ' mp4 '),
 ('414', 'kind', '0', 'en_us', ' video '),
 ('414', 'slug', '0', 'en_us', ' snapchat2 '),
 ('414', 'title', '0', 'en_us', ' snapchat2 '),
 ('414', 'filename', '0', 'de_de', ' snapchat2 mp4 '),
 ('414', 'extension', '0', 'de_de', ' mp4 '),
 ('414', 'kind', '0', 'de_de', ' video '),
 ('414', 'slug', '0', 'de_de', ' snapchat2 '),
 ('414', 'title', '0', 'de_de', ' snapchat2 '),
 ('415', 'filename', '0', 'en_us', ' snapchat2_vertical mp4 '),
 ('415', 'extension', '0', 'en_us', ' mp4 '),
 ('415', 'kind', '0', 'en_us', ' video '),
 ('415', 'slug', '0', 'en_us', ' snapchat2 vertical '),
 ('415', 'title', '0', 'en_us', ' snapchat2 vertical '),
 ('415', 'filename', '0', 'de_de', ' snapchat2_vertical mp4 '),
 ('415', 'extension', '0', 'de_de', ' mp4 '),
 ('415', 'kind', '0', 'de_de', ' video '),
 ('415', 'slug', '0', 'de_de', ' snapchat2 vertical '),
 ('415', 'title', '0', 'de_de', ' snapchat2 vertical '),
 ('416', 'filename', '0', 'en_us', ' snapchat2 webm '),
 ('416', 'extension', '0', 'en_us', ' webm '),
 ('416', 'kind', '0', 'en_us', ' video '),
 ('416', 'slug', '0', 'en_us', ' snapchat2 '),
 ('416', 'title', '0', 'en_us', ' snapchat2 '),
 ('416', 'filename', '0', 'de_de', ' snapchat2 webm '),
 ('416', 'extension', '0', 'de_de', ' webm '),
 ('416', 'kind', '0', 'de_de', ' video '),
 ('416', 'slug', '0', 'de_de', ' snapchat2 '),
 ('416', 'title', '0', 'de_de', ' snapchat2 '),
 ('417', 'filename', '0', 'en_us', ' snapchat2_vertical webm '),
 ('417', 'extension', '0', 'en_us', ' webm '),
 ('417', 'kind', '0', 'en_us', ' video '),
 ('417', 'slug', '0', 'en_us', ' snapchat2 vertical '),
 ('417', 'title', '0', 'en_us', ' snapchat2 vertical '),
 ('417', 'filename', '0', 'de_de', ' snapchat2_vertical webm '),
 ('417', 'extension', '0', 'de_de', ' webm '),
 ('417', 'kind', '0', 'de_de', ' video '),
 ('417', 'slug', '0', 'de_de', ' snapchat2 vertical '),
 ('417', 'title', '0', 'de_de', ' snapchat2 vertical '),
 ('418', 'filename', '0', 'en_us', ' snapchat_vertical mp4 '),
 ('418', 'extension', '0', 'en_us', ' mp4 '),
 ('418', 'kind', '0', 'en_us', ' video '),
 ('418', 'slug', '0', 'en_us', ' snapchat vertical '),
 ('418', 'title', '0', 'en_us', ' snapchat vertical '),
 ('418', 'filename', '0', 'de_de', ' snapchat_vertical mp4 '),
 ('418', 'extension', '0', 'de_de', ' mp4 '),
 ('418', 'kind', '0', 'de_de', ' video '),
 ('418', 'slug', '0', 'de_de', ' snapchat vertical '),
 ('418', 'title', '0', 'de_de', ' snapchat vertical '),
 ('419', 'filename', '0', 'en_us', ' snapchat_vertical webm '),
 ('419', 'extension', '0', 'en_us', ' webm '),
 ('419', 'kind', '0', 'en_us', ' video '),
 ('419', 'slug', '0', 'en_us', ' snapchat vertical '),
 ('419', 'title', '0', 'en_us', ' snapchat vertical '),
 ('419', 'filename', '0', 'de_de', ' snapchat_vertical webm '),
 ('419', 'extension', '0', 'de_de', ' webm '),
 ('419', 'kind', '0', 'de_de', ' video '),
 ('419', 'slug', '0', 'de_de', ' snapchat vertical '),
 ('419', 'title', '0', 'de_de', ' snapchat vertical '),
 ('420', 'filename', '0', 'en_us', ' target mp4 '),
 ('420', 'extension', '0', 'en_us', ' mp4 '),
 ('420', 'kind', '0', 'en_us', ' video '),
 ('420', 'slug', '0', 'en_us', ' target '),
 ('420', 'title', '0', 'en_us', ' target '),
 ('420', 'filename', '0', 'de_de', ' target mp4 '),
 ('420', 'extension', '0', 'de_de', ' mp4 '),
 ('420', 'kind', '0', 'de_de', ' video '),
 ('420', 'slug', '0', 'de_de', ' target '),
 ('420', 'title', '0', 'de_de', ' target '),
 ('421', 'filename', '0', 'en_us', ' target webm '),
 ('421', 'extension', '0', 'en_us', ' webm '),
 ('421', 'kind', '0', 'en_us', ' video '),
 ('421', 'slug', '0', 'en_us', ' target '),
 ('421', 'title', '0', 'en_us', ' target '),
 ('421', 'filename', '0', 'de_de', ' target webm '),
 ('421', 'extension', '0', 'de_de', ' webm '),
 ('421', 'kind', '0', 'de_de', ' video '),
 ('421', 'slug', '0', 'de_de', ' target '),
 ('421', 'title', '0', 'de_de', ' target '),
 ('422', 'filename', '0', 'en_us', ' tedbaker webm '),
 ('422', 'extension', '0', 'en_us', ' webm '),
 ('422', 'kind', '0', 'en_us', ' video '),
 ('422', 'slug', '0', 'en_us', ' tedbaker '),
 ('422', 'title', '0', 'en_us', ' tedbaker '),
 ('422', 'filename', '0', 'de_de', ' tedbaker webm ');
INSERT INTO `craft_searchindex` (`elementId`, `attribute`, `fieldId`, `locale`, `keywords`) VALUES
 ('422', 'extension', '0', 'de_de', ' webm '),
 ('422', 'kind', '0', 'de_de', ' video '),
 ('422', 'slug', '0', 'de_de', ' tedbaker '),
 ('422', 'title', '0', 'de_de', ' tedbaker '),
 ('423', 'filename', '0', 'en_us', ' warbyparker mp4 '),
 ('423', 'extension', '0', 'en_us', ' mp4 '),
 ('423', 'kind', '0', 'en_us', ' video '),
 ('423', 'slug', '0', 'en_us', ' warbyparker '),
 ('423', 'title', '0', 'en_us', ' warbyparker '),
 ('423', 'filename', '0', 'de_de', ' warbyparker mp4 '),
 ('423', 'extension', '0', 'de_de', ' mp4 '),
 ('423', 'kind', '0', 'de_de', ' video '),
 ('423', 'slug', '0', 'de_de', ' warbyparker '),
 ('423', 'title', '0', 'de_de', ' warbyparker '),
 ('424', 'filename', '0', 'en_us', ' warbyparker webm '),
 ('424', 'extension', '0', 'en_us', ' webm '),
 ('424', 'kind', '0', 'en_us', ' video '),
 ('424', 'slug', '0', 'en_us', ' warbyparker '),
 ('424', 'title', '0', 'en_us', ' warbyparker '),
 ('424', 'filename', '0', 'de_de', ' warbyparker webm '),
 ('424', 'extension', '0', 'de_de', ' webm '),
 ('424', 'kind', '0', 'de_de', ' video '),
 ('424', 'slug', '0', 'de_de', ' warbyparker '),
 ('424', 'title', '0', 'de_de', ' warbyparker '),
 ('425', 'filename', '0', 'en_us', ' tedbaker mp4 '),
 ('425', 'extension', '0', 'en_us', ' mp4 '),
 ('425', 'kind', '0', 'en_us', ' video '),
 ('425', 'slug', '0', 'en_us', ' tedbaker '),
 ('425', 'title', '0', 'en_us', ' tedbaker '),
 ('425', 'filename', '0', 'de_de', ' tedbaker mp4 '),
 ('425', 'extension', '0', 'de_de', ' mp4 '),
 ('425', 'kind', '0', 'de_de', ' video '),
 ('425', 'slug', '0', 'de_de', ' tedbaker '),
 ('425', 'title', '0', 'de_de', ' tedbaker '),
 ('433', 'field', '131', 'en_us', ' left '),
 ('433', 'field', '10', 'en_us', ' video to the left of this text '),
 ('433', 'field', '11', 'en_us', ' gallia est omnis divisa in partes tres quarum contra legem facit qui id facit quod lex prohibet tu quoque brute fili mi nihil timor populi nihil nec dubitamus multa iter quae et nos invenerat nihil hic munitissimus habendi senatus locus nihil horum idque caesaris facere voluntate liceret sese habere '),
 ('433', 'field', '71', 'en_us', ' custom http google com test normal 1 '),
 ('433', 'slug', '0', 'en_us', ''),
 ('434', 'field', '128', 'en_us', ' gatorade '),
 ('434', 'field', '129', 'en_us', ' solutions device 7 '),
 ('434', 'slug', '0', 'en_us', ''),
 ('270', 'field', '15', 'en_us', ' yellow '),
 ('270', 'field', '16', 'en_us', ' 1 '),
 ('270', 'field', '89', 'en_us', ''),
 ('270', 'field', '112', 'en_us', ' custom snapchat com i m a button _blank 0 this is the hero headline intro to home '),
 ('439', 'field', '126', 'en_us', ' cool image '),
 ('270', 'field', '3', 'en_us', ' normal 0 primary left left website 0 gray first section 0 blue 0 0 0 normal 0 primary left left filter reporting 2x cool image website 1 gray 0 blue 0 0 0 '),
 ('270', 'field', '101', 'en_us', ''),
 ('270', 'field', '102', 'en_us', ''),
 ('270', 'field', '104', 'en_us', ''),
 ('270', 'field', '107', 'en_us', ' website '),
 ('270', 'field', '103', 'en_us', ''),
 ('270', 'field', '105', 'en_us', ''),
 ('270', 'field', '106', 'en_us', ''),
 ('270', 'field', '15', 'de_de', ' yellow '),
 ('270', 'field', '107', 'de_de', ' website '),
 ('439', 'field', '8', 'en_us', ' filter reporting 2x '),
 ('438', 'slug', '0', 'en_us', ''),
 ('438', 'field', '20', 'en_us', ' gray '),
 ('438', 'field', '23', 'en_us', ' first section '),
 ('439', 'field', '28', 'en_us', ' normal '),
 ('439', 'field', '132', 'en_us', ' 1 '),
 ('439', 'field', '127', 'en_us', ''),
 ('439', 'slug', '0', 'en_us', ''),
 ('442', 'field', '113', 'en_us', ' this is the hero headline '),
 ('442', 'field', '114', 'en_us', ' custom snapchat com i m a button _blank '),
 ('290', 'field', '155', 'en_us', ' audiences '),
 ('440', 'field', '23', 'en_us', ' intro '),
 ('440', 'field', '20', 'en_us', ' gray '),
 ('440', 'slug', '0', 'en_us', ''),
 ('441', 'field', '8', 'en_us', ' filter reporting 2x '),
 ('441', 'field', '126', 'en_us', ' kjh '),
 ('441', 'field', '28', 'en_us', ' normal '),
 ('441', 'field', '132', 'en_us', ' 0 '),
 ('441', 'field', '127', 'en_us', ''),
 ('441', 'slug', '0', 'en_us', ''),
 ('442', 'field', '115', 'en_us', ' 0 '),
 ('442', 'field', '141', 'en_us', ' intro to home '),
 ('442', 'slug', '0', 'en_us', ''),
 ('450', 'slug', '0', 'en_us', ''),
 ('450', 'field', '34', 'de_de', ' entry 290 audiences '),
 ('450', 'slug', '0', 'de_de', ''),
 ('451', 'field', '34', 'en_us', ' entry 291 measurement '),
 ('451', 'slug', '0', 'en_us', ''),
 ('451', 'field', '34', 'de_de', ' entry 291 measurement '),
 ('451', 'slug', '0', 'de_de', ''),
 ('452', 'field', '190', 'en_us', ' entry 363 success stories '),
 ('452', 'slug', '0', 'en_us', ''),
 ('452', 'field', '190', 'de_de', ' entry 363 success stories '),
 ('452', 'slug', '0', 'de_de', ''),
 ('453', 'field', '190', 'en_us', ' entry 362 creative spotlight '),
 ('453', 'slug', '0', 'en_us', ''),
 ('453', 'field', '190', 'de_de', ' entry 362 creative spotlight '),
 ('453', 'slug', '0', 'de_de', ''),
 ('454', 'field', '34', 'en_us', ' entry 444 inspiration '),
 ('454', 'field', '189', 'en_us', ' entry 363 success stories entry 362 creative spotlight '),
 ('454', 'slug', '0', 'en_us', ''),
 ('454', 'field', '34', 'de_de', ' entry 444 inspiration '),
 ('454', 'field', '189', 'de_de', ' entry 363 success stories entry 362 creative spotlight ');
INSERT INTO `craft_searchindex` (`elementId`, `attribute`, `fieldId`, `locale`, `keywords`) VALUES
 ('454', 'slug', '0', 'de_de', ''),
 ('455', 'field', '190', 'en_us', ' entry 363 success stories '),
 ('455', 'slug', '0', 'en_us', ''),
 ('455', 'field', '190', 'de_de', ' entry 363 success stories '),
 ('455', 'slug', '0', 'de_de', ''),
 ('456', 'field', '190', 'en_us', ' entry 362 creative spotlight '),
 ('456', 'slug', '0', 'en_us', ''),
 ('456', 'field', '190', 'de_de', ' entry 362 creative spotlight '),
 ('456', 'slug', '0', 'de_de', ''),
 ('444', 'field', '191', 'en_us', ' latest success stories '),
 ('444', 'field', '192', 'en_us', ' entry 363 view all '),
 ('444', 'field', '193', 'en_us', ' creative spotlight '),
 ('444', 'field', '195', 'en_us', ' entry 362 view all '),
 ('444', 'field', '89', 'en_us', ''),
 ('444', 'field', '103', 'en_us', ''),
 ('444', 'field', '106', 'en_us', ''),
 ('444', 'field', '105', 'en_us', ''),
 ('444', 'field', '107', 'en_us', ' website '),
 ('444', 'field', '102', 'en_us', ''),
 ('444', 'field', '104', 'en_us', ''),
 ('444', 'field', '101', 'en_us', ''),
 ('444', 'field', '7', 'de_de', ' inspiration '),
 ('444', 'field', '15', 'de_de', ' yellow '),
 ('444', 'field', '191', 'de_de', ' latest success stories '),
 ('444', 'field', '192', 'de_de', ' entry 363 view all '),
 ('444', 'field', '193', 'de_de', ' creative spotlight '),
 ('444', 'field', '195', 'de_de', ' entry 362 view all '),
 ('444', 'field', '107', 'de_de', ' website ');



DROP TABLE IF EXISTS `craft_sections`;


--
-- Schema for table `craft_sections`
--
CREATE TABLE `craft_sections` (
  `id` int(11) NOT NULL AUTO_INCREMENT,
  `structureId` int(11) DEFAULT NULL,
  `name` varchar(255) COLLATE utf8_unicode_ci NOT NULL,
  `handle` varchar(255) COLLATE utf8_unicode_ci NOT NULL,
  `type` enum('single','channel','structure') COLLATE utf8_unicode_ci NOT NULL DEFAULT 'channel',
  `hasUrls` tinyint(1) unsigned NOT NULL DEFAULT '1',
  `template` varchar(500) COLLATE utf8_unicode_ci DEFAULT NULL,
  `enableVersioning` tinyint(1) unsigned NOT NULL DEFAULT '0',
  `dateCreated` datetime NOT NULL,
  `dateUpdated` datetime NOT NULL,
  `uid` char(36) COLLATE utf8_unicode_ci NOT NULL DEFAULT '0',
  PRIMARY KEY (`id`),
  UNIQUE KEY `craft_sections_name_unq_idx` (`name`),
  UNIQUE KEY `craft_sections_handle_unq_idx` (`handle`),
  KEY `craft_sections_structureId_fk` (`structureId`)
) ENGINE=InnoDB AUTO_INCREMENT=14 DEFAULT CHARSET=utf8 COLLATE=utf8_unicode_ci;

--
-- Data for table `craft_sections`
--

INSERT INTO `craft_sections` (`id`, `structureId`, `name`, `handle`, `type`, `hasUrls`, `template`, `enableVersioning`, `dateCreated`, `dateUpdated`, `uid`) VALUES
 ('2', NULL, 'Insights and News Entries', 'insightsAndNewsEntries', 'channel', '1', 'blog/_entry', '1', '2017-07-20 17:27:59', '2017-08-22 18:21:30', '022b50f9-06f0-4003-bfe8-9198d930d407'),
 ('3', '1', 'Pages', 'pages', 'structure', '1', 'pages/_entry', '1', '2017-07-20 18:25:45', '2017-08-07 18:42:10', '1c733ed8-ddbf-47b2-8ecb-cf5bf8ccfbd5'),
 ('4', '2', 'Success Story Entries', 'successStoryEntries', 'structure', '0', NULL, '1', '2017-07-20 21:27:22', '2017-09-06 17:56:59', '3b569e27-5319-4ef9-8e3b-7eb2bd41526b'),
 ('8', NULL, 'Insights and News', 'insightsAndNews', 'single', '1', 'blog', '1', '2017-08-07 21:28:57', '2017-08-22 18:21:03', 'f6b22f5d-2459-412b-b6e6-8fae61f7da70'),
 ('9', NULL, 'Home', 'home', 'single', '1', '', '1', '2017-08-07 22:23:23', '2017-08-31 21:23:17', 'dd88d442-36b8-4ed5-aec5-953097103863'),
 ('10', '97', 'Creative Spotlight Entries', 'creativeSpotlightEntries', 'structure', '0', NULL, '1', '2017-08-23 23:10:29', '2017-08-24 18:12:55', 'edbbc96a-fc85-49c7-bd82-58906f3b17fe'),
 ('11', NULL, 'Creative Spotlight', 'creativeSpotlight', 'single', '1', 'creative-spotlight', '1', '2017-08-24 20:53:17', '2017-08-24 20:53:17', 'd79b2ed9-9775-4c3c-b593-75a613f2bf78'),
 ('12', NULL, 'Success Stories', 'successStories', 'single', '1', 'success-stories', '1', '2017-08-24 20:55:06', '2017-08-24 20:55:06', '09b13930-be8d-45a0-a2a2-467d8718d1d6'),
 ('13', NULL, 'Inspiration', 'inspiration', 'single', '1', '', '1', '2017-09-06 21:26:36', '2017-09-06 21:26:36', '9d15a9bd-7e6d-491c-8c22-1a236dd9de87');



DROP TABLE IF EXISTS `craft_sections_i18n`;


--
-- Schema for table `craft_sections_i18n`
--
CREATE TABLE `craft_sections_i18n` (
  `id` int(11) NOT NULL AUTO_INCREMENT,
  `sectionId` int(11) NOT NULL,
  `locale` char(12) COLLATE utf8_unicode_ci NOT NULL,
  `enabledByDefault` tinyint(1) unsigned NOT NULL DEFAULT '1',
  `urlFormat` text COLLATE utf8_unicode_ci,
  `nestedUrlFormat` text COLLATE utf8_unicode_ci,
  `dateCreated` datetime NOT NULL,
  `dateUpdated` datetime NOT NULL,
  `uid` char(36) COLLATE utf8_unicode_ci NOT NULL DEFAULT '0',
  PRIMARY KEY (`id`),
  UNIQUE KEY `craft_sections_i18n_sectionId_locale_unq_idx` (`sectionId`,`locale`),
  KEY `craft_sections_i18n_locale_fk` (`locale`)
) ENGINE=InnoDB AUTO_INCREMENT=26 DEFAULT CHARSET=utf8 COLLATE=utf8_unicode_ci;

--
-- Data for table `craft_sections_i18n`
--

INSERT INTO `craft_sections_i18n` (`id`, `sectionId`, `locale`, `enabledByDefault`, `urlFormat`, `nestedUrlFormat`, `dateCreated`, `dateUpdated`, `uid`) VALUES
 ('2', '2', 'en_us', '1', 'blog/{slug}', NULL, '2017-07-20 17:27:59', '2017-07-20 21:26:42', 'aefd676a-658f-4370-8128-4f08db257ba8'),
 ('3', '3', 'en_us', '1', '{slug}', '{parent.uri}/{slug}', '2017-07-20 18:25:45', '2017-07-20 18:25:45', 'dc145741-2a4c-4517-b99d-10103baeae2a'),
 ('4', '4', 'en_us', '1', NULL, NULL, '2017-07-20 21:27:22', '2017-07-20 21:27:22', '2aeafbc6-63e5-4479-8a9b-59dc77f0eee8'),
 ('7', '3', 'de_de', '1', '{slug}', '{parent.uri}/{slug}', '2017-08-07 16:50:22', '2017-08-07 16:50:22', '55f1aec9-efa4-4840-ac62-1de589ed4eb1'),
 ('10', '4', 'de_de', '1', NULL, NULL, '2017-08-07 18:41:55', '2017-08-07 18:41:55', '10404255-d470-4cd2-9374-edbcec69c26b'),
 ('13', '2', 'de_de', '1', 'blog/{slug}', NULL, '2017-08-07 18:42:14', '2017-08-07 18:42:14', 'e0e6a984-9a14-444d-8cc4-f1dfe0007658'),
 ('14', '8', 'en_us', '1', 'blog', NULL, '2017-08-07 21:28:57', '2017-08-07 21:28:57', 'd11727fe-c1be-4756-a3b2-135be544a521'),
 ('15', '8', 'de_de', '1', 'blog', NULL, '2017-08-07 21:28:57', '2017-08-07 21:28:57', 'e0ebd710-3424-4d43-b871-a5ac0265ea04'),
 ('16', '9', 'en_us', '1', '__home__', NULL, '2017-08-07 22:23:23', '2017-08-07 22:23:23', '1692e83e-ca6b-4673-bb98-3f1a873c2b47'),
 ('17', '9', 'de_de', '1', '__home__', NULL, '2017-08-07 22:23:23', '2017-08-07 22:23:23', 'aa16a690-cc94-4899-a021-1a11d0586abe'),
 ('18', '10', 'en_us', '1', NULL, NULL, '2017-08-23 23:10:29', '2017-08-23 23:10:29', 'c316cc97-e34a-4e5e-839b-74bdcb8c49e0'),
 ('19', '10', 'de_de', '1', NULL, NULL, '2017-08-23 23:10:29', '2017-08-23 23:10:29', 'abdfae44-dbfc-4dba-921c-3db4a8382234'),
 ('20', '11', 'en_us', '1', 'creative-spotlight', NULL, '2017-08-24 20:53:17', '2017-08-24 20:53:17', 'eac63ab9-3499-4a2b-9715-3cba4b8173ab'),
 ('21', '11', 'de_de', '1', 'creative-spotlight', NULL, '2017-08-24 20:53:17', '2017-08-24 20:53:17', 'f0e78f1b-f652-435d-a4de-901dccb8e8a0'),
 ('22', '12', 'en_us', '1', 'success-stories', NULL, '2017-08-24 20:55:06', '2017-08-24 20:55:06', '1d9627ba-f47e-43c1-887a-25dbf6330e70'),
 ('23', '12', 'de_de', '1', 'success-stories', NULL, '2017-08-24 20:55:06', '2017-08-24 20:55:06', '56e2a607-d292-43a5-b787-31d2795694c9'),
 ('24', '13', 'en_us', '1', 'inspiration', NULL, '2017-09-06 21:26:36', '2017-09-06 21:26:36', '24f18dcd-2652-4c4a-9c40-c7269426ffbb'),
 ('25', '13', 'de_de', '1', 'inspiration', NULL, '2017-09-06 21:26:36', '2017-09-06 21:26:36', '8cc096e6-63ac-4145-bdaf-7b1605c927b5');



DROP TABLE IF EXISTS `craft_sessions`;


--
-- Schema for table `craft_sessions`
--
CREATE TABLE `craft_sessions` (
  `id` int(11) NOT NULL AUTO_INCREMENT,
  `userId` int(11) NOT NULL,
  `token` char(100) COLLATE utf8_unicode_ci NOT NULL,
  `dateCreated` datetime NOT NULL,
  `dateUpdated` datetime NOT NULL,
  `uid` char(36) COLLATE utf8_unicode_ci NOT NULL DEFAULT '0',
  PRIMARY KEY (`id`),
  KEY `craft_sessions_uid_idx` (`uid`),
  KEY `craft_sessions_token_idx` (`token`),
  KEY `craft_sessions_dateUpdated_idx` (`dateUpdated`),
  KEY `craft_sessions_userId_fk` (`userId`)
) ENGINE=InnoDB AUTO_INCREMENT=2 DEFAULT CHARSET=utf8 COLLATE=utf8_unicode_ci;

DROP TABLE IF EXISTS `craft_shunnedmessages`;


--
-- Schema for table `craft_shunnedmessages`
--
CREATE TABLE `craft_shunnedmessages` (
  `id` int(11) NOT NULL AUTO_INCREMENT,
  `userId` int(11) NOT NULL,
  `message` varchar(255) COLLATE utf8_unicode_ci NOT NULL,
  `expiryDate` datetime DEFAULT NULL,
  `dateCreated` datetime NOT NULL,
  `dateUpdated` datetime NOT NULL,
  `uid` char(36) COLLATE utf8_unicode_ci NOT NULL DEFAULT '0',
  PRIMARY KEY (`id`),
  UNIQUE KEY `craft_shunnedmessages_userId_message_unq_idx` (`userId`,`message`)
) ENGINE=InnoDB DEFAULT CHARSET=utf8 COLLATE=utf8_unicode_ci;

DROP TABLE IF EXISTS `craft_structureelements`;


--
-- Schema for table `craft_structureelements`
--
CREATE TABLE `craft_structureelements` (
  `id` int(11) NOT NULL AUTO_INCREMENT,
  `structureId` int(11) NOT NULL,
  `elementId` int(11) DEFAULT NULL,
  `root` int(11) unsigned DEFAULT NULL,
  `lft` int(11) unsigned NOT NULL,
  `rgt` int(11) unsigned NOT NULL,
  `level` smallint(6) unsigned NOT NULL,
  `dateCreated` datetime NOT NULL,
  `dateUpdated` datetime NOT NULL,
  `uid` char(36) COLLATE utf8_unicode_ci NOT NULL DEFAULT '0',
  PRIMARY KEY (`id`),
  UNIQUE KEY `craft_structureelements_structureId_elementId_unq_idx` (`structureId`,`elementId`),
  KEY `craft_structureelements_root_idx` (`root`),
  KEY `craft_structureelements_lft_idx` (`lft`),
  KEY `craft_structureelements_rgt_idx` (`rgt`),
  KEY `craft_structureelements_level_idx` (`level`),
  KEY `craft_structureelements_elementId_fk` (`elementId`)
) ENGINE=InnoDB AUTO_INCREMENT=1267 DEFAULT CHARSET=utf8 COLLATE=utf8_unicode_ci;

--
-- Data for table `craft_structureelements`
--

INSERT INTO `craft_structureelements` (`id`, `structureId`, `elementId`, `root`, `lft`, `rgt`, `level`, `dateCreated`, `dateUpdated`, `uid`) VALUES
 ('1', '1', NULL, '1', '1', '12', '0', '2017-07-20 21:28:52', '2017-07-20 21:28:52', '374f4ed8-7f03-42d3-a689-92f420cc2a64'),
 ('67', '2', NULL, '67', '1', '6', '0', '2017-07-21 23:29:50', '2017-07-21 23:29:50', 'a8096e0c-260b-46ed-95ab-155a5bf9b715'),
 ('68', '2', '33', '67', '2', '3', '1', '2017-07-21 23:29:50', '2017-07-21 23:29:50', '4f0b903f-c4cb-43a8-8407-4cbaaa7a0f39'),
 ('351', '1', '98', '1', '2', '3', '1', '2017-07-26 22:48:34', '2017-07-26 22:48:34', '83770ad1-71c5-45a2-becc-042de3fbb73e'),
 ('742', '44', NULL, '742', '1', '30', '0', '2017-07-27 00:17:05', '2017-07-27 00:17:05', '85892169-db27-4290-b755-a7788bdcee65'),
 ('743', '44', '34', '742', '2', '7', '1', '2017-07-27 00:17:05', '2017-07-27 00:17:05', '407ebe9f-dcc7-4d7b-9041-1a267b9cab0a'),
 ('744', '44', '35', '742', '3', '4', '2', '2017-07-27 00:17:05', '2017-07-27 00:17:05', '5604196d-d5a7-46b2-9073-5be89d008f15'),
 ('746', '44', '36', '742', '5', '6', '2', '2017-07-27 00:17:05', '2017-07-27 00:17:05', '820f7131-5244-4285-926d-6c0487c52fe8'),
 ('748', '44', '39', '742', '8', '11', '1', '2017-07-27 00:17:05', '2017-07-27 00:17:05', '2700d794-b3dd-4d57-b804-610cef5ba6f5'),
 ('749', '44', '40', '742', '9', '10', '2', '2017-07-27 00:17:05', '2017-07-27 00:17:05', '43877985-edc8-4a7a-9453-10ecdfaba5cd'),
 ('751', '44', '42', '742', '12', '17', '1', '2017-07-27 00:17:05', '2017-07-27 00:17:05', 'f216b884-d572-482b-9eda-7ee09e5034ba'),
 ('752', '44', '43', '742', '13', '14', '2', '2017-07-27 00:17:05', '2017-07-27 00:17:05', '0f02abae-2dcf-4261-9345-d536abfe8686'),
 ('755', '44', '44', '742', '15', '16', '2', '2017-07-27 00:17:06', '2017-07-27 00:17:06', '4aa46200-6d06-4f5e-9944-cf98ed75ecb9'),
 ('763', '44', '63', '742', '18', '23', '1', '2017-07-27 00:17:06', '2017-07-27 00:17:06', '24421dbd-255a-4d83-a065-7aab7ad515af'),
 ('764', '44', '64', '742', '19', '20', '2', '2017-07-27 00:17:06', '2017-07-27 00:17:06', 'd3602a39-0e44-4839-a6fb-e548b960c817'),
 ('768', '44', '69', '742', '21', '22', '2', '2017-07-27 00:17:06', '2017-07-27 00:17:06', '77ca0010-7c99-4e54-a69c-aebe436651b8'),
 ('769', '44', '71', '742', '24', '29', '1', '2017-07-27 00:17:06', '2017-07-27 00:17:06', 'c45caf78-4d86-4fda-8ba2-5c4e18d864f2'),
 ('770', '44', '72', '742', '25', '26', '2', '2017-07-27 00:17:06', '2017-07-27 00:17:06', 'e5f2ada2-e88e-4537-9aae-9f791c7a6138'),
 ('774', '44', '91', '742', '27', '28', '2', '2017-07-27 00:17:06', '2017-07-27 00:17:06', 'e87f3dad-850e-4fe9-be8a-102b9cff5629'),
 ('838', '60', NULL, '838', '1', '10', '0', '2017-08-03 17:11:59', '2017-08-03 17:11:59', '06eef699-cce2-4ec2-963d-ee52979f7f1f'),
 ('839', '60', '183', '838', '2', '9', '1', '2017-08-03 17:11:59', '2017-08-03 17:11:59', 'ccc7cded-9e3a-45fd-94e5-908a316d231c'),
 ('840', '60', '190', '838', '3', '4', '2', '2017-08-03 17:11:59', '2017-08-03 17:11:59', 'c16b17f2-3aa7-41dc-b1af-225e7849c4a3'),
 ('841', '60', '194', '838', '5', '6', '2', '2017-08-03 17:11:59', '2017-08-03 17:11:59', '25bf2d82-d9ef-4d8d-af3b-748231e16324'),
 ('842', '60', '202', '838', '7', '8', '2', '2017-08-03 17:11:59', '2017-08-03 17:11:59', '0c6debfd-d96e-4edb-a19a-538ea6e67add'),
 ('894', '65', NULL, '894', '1', '10', '0', '2017-08-03 22:33:25', '2017-08-03 22:33:25', '1ccdf8b6-3d72-464e-a6b0-50734aa8a20a'),
 ('895', '65', '223', '894', '2', '3', '1', '2017-08-03 22:33:25', '2017-08-03 22:33:25', '2a1c21c2-acea-4d3d-87b0-1e28e84410f6'),
 ('896', '65', '228', '894', '4', '5', '1', '2017-08-03 22:33:25', '2017-08-03 22:33:25', '1c376fa4-d873-4eac-a49f-bc0d85eee156'),
 ('897', '65', '232', '894', '6', '7', '1', '2017-08-03 22:33:26', '2017-08-03 22:33:26', '62e14e90-8ff6-4642-b4b7-c433105c3ba3'),
 ('898', '65', '237', '894', '8', '9', '1', '2017-08-03 22:33:26', '2017-08-03 22:33:26', 'a0f0c0f7-4f1f-46a6-ad59-976c3561b439'),
 ('899', '66', NULL, '899', '1', '8', '0', '2017-08-07 17:26:03', '2017-08-07 17:26:03', '7d7f5a49-a6a9-40a9-9b86-05d71655ef34'),
 ('900', '66', '243', '899', '4', '5', '1', '2017-08-07 17:26:03', '2017-08-07 17:26:03', '85d62594-418d-4ff0-8994-bf009c58097c'),
 ('901', '66', '244', '899', '6', '7', '1', '2017-08-07 17:26:14', '2017-08-07 17:26:14', '5946c36e-2644-480d-a4e2-875f6237a56f'),
 ('902', '66', '245', '899', '2', '3', '1', '2017-08-07 17:26:23', '2017-08-07 17:26:23', '3debd975-4bb0-4461-aba6-9f921281c57d'),
 ('903', '67', NULL, '903', '1', '22', '0', '2017-08-07 17:26:39', '2017-08-07 17:26:39', '32c70e5d-1d7e-420f-95db-ff7a6ca15f44'),
 ('904', '67', '246', '903', '2', '3', '1', '2017-08-07 17:26:39', '2017-08-07 17:26:39', '818a2c50-1825-4296-9b97-c3ef39182215'),
 ('905', '67', '247', '903', '10', '11', '1', '2017-08-07 17:26:50', '2017-08-07 17:26:50', 'fbed4758-e592-4852-9ef0-142c477a7651'),
 ('906', '67', '248', '903', '12', '13', '1', '2017-08-07 17:26:55', '2017-08-07 17:26:55', '47ae175d-4bad-4472-b7cd-a2510ceab279'),
 ('907', '67', '249', '903', '14', '15', '1', '2017-08-07 17:27:08', '2017-08-07 17:27:08', 'd0b8c8db-7576-4f49-bd5d-b46d7acf7128'),
 ('908', '67', '250', '903', '16', '17', '1', '2017-08-07 17:27:17', '2017-08-07 17:27:17', 'a3f93469-97de-4dc1-86cf-404f0ac15e8b'),
 ('909', '67', '251', '903', '18', '19', '1', '2017-08-07 17:27:33', '2017-08-07 17:27:33', 'ab773d9b-5908-4f56-8704-3c5a2e120eea'),
 ('910', '67', '252', '903', '4', '5', '1', '2017-08-07 17:27:40', '2017-08-07 17:27:40', '4e19d155-9719-40f0-b837-090aaa84690d'),
 ('911', '67', '253', '903', '8', '9', '1', '2017-08-07 17:28:00', '2017-08-07 17:28:00', 'ab50babd-0a1a-4fe7-b72f-ab90ce48c036'),
 ('912', '67', '254', '903', '6', '7', '1', '2017-08-07 17:28:10', '2017-08-07 17:28:10', 'afaf46fd-f17b-4c85-bfc5-496a4eae21ac'),
 ('913', '67', '255', '903', '20', '21', '1', '2017-08-07 17:28:14', '2017-08-07 17:28:14', '8cacbcad-38b7-4e3f-8169-e4382daccbd5'),
 ('914', '68', NULL, '914', '1', '8', '0', '2017-08-07 17:31:09', '2017-08-07 17:31:09', '579bf80f-9c15-4ba7-bfd9-b7e92b4875e0'),
 ('915', '68', '256', '914', '2', '3', '1', '2017-08-07 17:31:09', '2017-08-07 17:31:09', 'bba1afed-f536-4eeb-8828-2d6511c99f11'),
 ('916', '68', '257', '914', '4', '5', '1', '2017-08-07 17:31:22', '2017-08-07 17:31:22', '2f402e07-b935-4571-b8d3-3d7801250855'),
 ('917', '68', '258', '914', '6', '7', '1', '2017-08-07 17:31:27', '2017-08-07 17:31:27', '3316de5d-0d01-451b-8f0b-7c82a6fc1398'),
 ('918', '69', NULL, '918', '1', '2', '0', '2017-08-07 18:08:59', '2017-08-07 18:08:59', 'd120dbd1-edd7-48bf-83d3-a9f0acba6e0f'),
 ('937', '71', NULL, '937', '1', '6', '0', '2017-08-07 21:31:54', '2017-08-07 21:31:54', '7969fe17-399b-465c-93ef-a3449373ebdc'),
 ('939', '71', '266', '937', '2', '3', '1', '2017-08-07 21:31:59', '2017-08-07 21:31:59', 'd8513baf-2fa1-4b3a-853c-0942cdd75cc6'),
 ('940', '71', '267', '937', '4', '5', '1', '2017-08-07 21:32:21', '2017-08-07 21:32:21', 'dfb2f90b-cfb4-4186-a40f-2b66e22db7d2'),
 ('962', '1', '290', '1', '4', '5', '1', '2017-08-09 20:38:27', '2017-08-09 20:38:27', '6fe31c04-20de-486e-84be-ff8aa3bc83f5'),
 ('963', '1', '291', '1', '6', '7', '1', '2017-08-09 20:39:06', '2017-08-09 20:39:06', 'c0eec092-f494-409f-8fc9-ad207d9aab51'),
 ('964', '1', '292', '1', '8', '9', '1', '2017-08-09 20:41:34', '2017-08-09 20:41:34', '5e60f3c5-a768-48e4-ab03-07495c9f8a46'),
 ('965', '81', NULL, '965', '1', '10', '0', '2017-08-09 20:57:20', '2017-08-09 20:57:20', '8467bfbd-4c47-4cc6-bb00-7167fde5918d'),
 ('966', '81', '274', '965', '2', '3', '1', '2017-08-09 20:57:20', '2017-08-09 20:57:20', 'b9b6a7b1-3418-41fe-ae7a-103dbce952a7'),
 ('967', '81', '299', '965', '4', '5', '1', '2017-08-09 20:57:20', '2017-08-09 20:57:20', '0678c910-5b75-4f9a-9b3b-7c2b5fce0167'),
 ('968', '81', '303', '965', '6', '7', '1', '2017-08-09 20:57:20', '2017-08-09 20:57:20', '08780bc8-cd3e-481a-ac5b-2f59a633b0b2'),
 ('969', '81', '308', '965', '8', '9', '1', '2017-08-09 20:57:20', '2017-08-09 20:57:20', '222ae11e-5b50-41f5-afb7-2d0f198850c8'),
 ('975', '1', '314', '1', '10', '11', '1', '2017-08-10 22:00:29', '2017-08-10 22:00:29', '462c5924-c82a-45cd-b6d2-ea3195b33b2d'),
 ('1026', '87', NULL, '1026', '1', '32', '0', '2017-08-17 17:52:22', '2017-08-17 17:52:22', '0b75d72e-aa79-45bd-8ce1-f35d03b4dbdd'),
 ('1027', '87', '107', '1026', '2', '7', '1', '2017-08-17 17:52:22', '2017-08-17 17:52:22', '64c5f791-a1e2-40a7-ac6e-89889ebdd3f0'),
 ('1028', '87', '108', '1026', '3', '4', '2', '2017-08-17 17:52:22', '2017-08-17 17:52:22', '4e329895-6a66-409b-b659-affb0f3e23a8'),
 ('1029', '87', '110', '1026', '5', '6', '2', '2017-08-17 17:52:22', '2017-08-17 17:52:22', '65faf9df-b9e7-43e7-9bd4-44db2344eac9'),
 ('1030', '87', '144', '1026', '8', '13', '1', '2017-08-17 17:52:22', '2017-08-17 17:52:22', 'd67bbe1f-604b-4f05-a12b-272276d4d23d'),
 ('1031', '87', '209', '1026', '9', '10', '2', '2017-08-17 17:52:22', '2017-08-17 17:52:22', '116ee2f0-7b80-4de9-a8c0-e732ad76e8b9'),
 ('1032', '87', '162', '1026', '11', '12', '2', '2017-08-17 17:52:22', '2017-08-17 17:52:22', '0ed918df-742e-416c-b047-6519ae3a2284'),
 ('1033', '87', '118', '1026', '14', '19', '1', '2017-08-17 17:52:22', '2017-08-17 17:52:22', '38a91ede-b1ad-4555-9d5d-c6b608103423'),
 ('1034', '87', '119', '1026', '15', '16', '2', '2017-08-17 17:52:22', '2017-08-17 17:52:22', '7dade187-3b3e-423c-a2fe-90ca9a80ef8d'),
 ('1035', '87', '124', '1026', '17', '18', '2', '2017-08-17 17:52:22', '2017-08-17 17:52:22', '3e01a392-5d27-4c3f-becc-3a3c195817ac'),
 ('1036', '87', '128', '1026', '20', '25', '1', '2017-08-17 17:52:22', '2017-08-17 17:52:22', 'ae742469-a42d-4007-9a17-8385f5f48a4f'),
 ('1037', '87', '129', '1026', '21', '22', '2', '2017-08-17 17:52:22', '2017-08-17 17:52:22', 'c1902d35-65b2-4434-936e-7a268f85e857'),
 ('1038', '87', '132', '1026', '23', '24', '2', '2017-08-17 17:52:22', '2017-08-17 17:52:22', '2ebe00a5-3a5d-4505-a19c-075d2b1f3847'),
 ('1039', '87', '136', '1026', '26', '31', '1', '2017-08-17 17:52:22', '2017-08-17 17:52:22', '041da7e2-9356-4c33-877a-fe99f3595049'),
 ('1040', '87', '137', '1026', '27', '28', '2', '2017-08-17 17:52:22', '2017-08-17 17:52:22', '2343b25e-13a5-4d6a-8337-7f82910651cb'),
 ('1041', '87', '221', '1026', '29', '30', '2', '2017-08-17 17:52:23', '2017-08-17 17:52:23', '999ef13e-91e0-4702-8c8d-7bbb5f14d0dc'),
 ('1042', '88', NULL, '1042', '1', '6', '0', '2017-08-17 23:14:09', '2017-08-17 23:14:09', '9f7b98c4-7b60-4ac6-a224-93ae2ffb1278'),
 ('1043', '88', '345', '1042', '2', '5', '1', '2017-08-17 23:14:09', '2017-08-17 23:14:09', 'd870dffa-9fe4-47e8-80e0-fe9a021b965f'),
 ('1044', '88', '346', '1042', '3', '4', '2', '2017-08-17 23:14:09', '2017-08-17 23:14:09', '31ce7f3c-817f-4202-baf2-b99f4df8c2c7'),
 ('1048', '90', NULL, '1048', '1', '12', '0', '2017-08-22 20:53:32', '2017-08-22 20:53:32', '102e79a6-366f-4ab0-97bf-c791be4cdec9'),
 ('1049', '90', '350', '1048', '2', '3', '1', '2017-08-22 20:53:32', '2017-08-22 20:53:32', 'e622bcf1-e786-442f-848a-1dddbbf3948b'),
 ('1050', '90', '351', '1048', '4', '5', '1', '2017-08-22 20:53:42', '2017-08-22 20:53:42', 'f9429c86-d1c7-4934-9ff1-4dc30cd1019d'),
 ('1051', '90', '352', '1048', '6', '7', '1', '2017-08-22 20:53:58', '2017-08-22 20:53:58', '9425411e-bc20-4507-9e68-36e9d0aa6708'),
 ('1052', '90', '353', '1048', '8', '9', '1', '2017-08-22 20:54:07', '2017-08-22 20:54:07', '2ee277d2-f660-44b5-9b55-a315c7475740'),
 ('1053', '90', '354', '1048', '10', '11', '1', '2017-08-22 20:54:17', '2017-08-22 20:54:17', '402c3148-3adc-4ca1-9b61-b3eebffed828'),
 ('1056', '93', NULL, '1056', '1', '6', '0', '2017-08-23 17:52:37', '2017-08-23 17:52:37', '9aeb5498-e011-4e4b-abcf-9a22b496bf43'),
 ('1057', '93', '349', '1056', '2', '3', '1', '2017-08-23 17:52:37', '2017-08-23 17:52:37', '4059222f-72bc-49e4-887a-daf63aada58b'),
 ('1058', '93', '355', '1056', '4', '5', '1', '2017-08-23 17:52:38', '2017-08-23 17:52:38', '79bbb4f0-2fb8-4def-8cc8-1f0cd41ded4b'),
 ('1061', '95', NULL, '1061', '1', '2', '0', '2017-08-23 17:56:29', '2017-08-23 17:56:29', 'cb630813-f8df-48a4-82fc-75c8c047c9b2'),
 ('1063', '2', '358', '67', '4', '5', '1', '2017-08-23 17:56:29', '2017-08-23 17:56:29', 'b774b161-501e-4b41-9f01-e212c01072fd'),
 ('1065', '96', NULL, '1065', '1', '4', '0', '2017-08-23 21:53:03', '2017-08-23 21:53:03', '7d38ad6b-0796-4cc2-876f-a3c173187030'),
 ('1066', '96', '357', '1065', '2', '3', '1', '2017-08-23 21:53:03', '2017-08-23 21:53:03', 'a3ecc7ac-ae88-45c1-8f57-0dbf63cc64ef'),
 ('1208', '114', NULL, '1208', '1', '6', '0', '2017-08-31 21:10:35', '2017-08-31 21:10:35', '9e5049be-eb96-4c5e-ba22-b608a9014b60'),
 ('1209', '114', '440', '1208', '2', '5', '1', '2017-08-31 21:10:35', '2017-08-31 21:10:35', 'd2d45182-127e-4dda-96e5-2242ce577a2d'),
 ('1210', '114', '441', '1208', '3', '4', '2', '2017-08-31 21:10:35', '2017-08-31 21:10:35', '86fdc634-d561-40bc-9278-18a14e1186f8'),
 ('1214', '116', NULL, '1214', '1', '6', '0', '2017-08-31 21:43:48', '2017-08-31 21:43:48', '4452fad4-7c3b-427e-ba48-fa877297ab3f'),
 ('1215', '116', '438', '1214', '2', '5', '1', '2017-08-31 21:43:48', '2017-08-31 21:43:48', 'dfa9dbbf-0cfd-46b2-b62a-85e95b297ac4'),
 ('1216', '116', '439', '1214', '3', '4', '2', '2017-08-31 21:43:48', '2017-08-31 21:43:48', '8c9274ae-3a7c-4478-8761-9b3b6b844096'),
 ('1217', '117', NULL, '1217', '1', '36', '0', '2017-08-31 22:08:12', '2017-08-31 22:08:12', 'faf88f49-6dc5-40c8-a8a3-7d5334fdfee7');
INSERT INTO `craft_structureelements` (`id`, `structureId`, `elementId`, `root`, `lft`, `rgt`, `level`, `dateCreated`, `dateUpdated`, `uid`) VALUES
 ('1218', '117', '317', '1217', '2', '9', '1', '2017-08-31 22:08:12', '2017-08-31 22:08:12', '3daee909-0d07-4553-be55-804d853ddea8'),
 ('1219', '117', '318', '1217', '3', '4', '2', '2017-08-31 22:08:12', '2017-08-31 22:08:12', '3047681d-cce8-4546-a0d0-aadaf48138f4'),
 ('1220', '117', '322', '1217', '5', '6', '2', '2017-08-31 22:08:12', '2017-08-31 22:08:12', '69c82ba4-cfb1-4f6c-8919-3f3acba3d566'),
 ('1221', '117', '326', '1217', '7', '8', '2', '2017-08-31 22:08:12', '2017-08-31 22:08:12', 'c2e1943c-52a4-48bb-8f0a-15991484b6da'),
 ('1222', '117', '330', '1217', '10', '15', '1', '2017-08-31 22:08:12', '2017-08-31 22:08:12', '3c2f2414-7e7e-4d51-80f0-6958648f8f1f'),
 ('1223', '117', '331', '1217', '11', '12', '2', '2017-08-31 22:08:12', '2017-08-31 22:08:12', 'b34f6fec-a9ac-4fda-b4cb-a81441af9e40'),
 ('1224', '117', '335', '1217', '13', '14', '2', '2017-08-31 22:08:13', '2017-08-31 22:08:13', 'dfb9cc6f-4f14-4035-ac1b-c9fed05a59e8'),
 ('1225', '117', '339', '1217', '16', '23', '1', '2017-08-31 22:08:13', '2017-08-31 22:08:13', 'b8c50679-9c33-4bc2-a2ae-9480b945ca3e'),
 ('1226', '117', '340', '1217', '17', '18', '2', '2017-08-31 22:08:13', '2017-08-31 22:08:13', '166bf2ad-42bc-4d83-aa6f-ac935db50748'),
 ('1227', '117', '343', '1217', '19', '20', '2', '2017-08-31 22:08:13', '2017-08-31 22:08:13', 'cba35422-1772-40e6-bf19-33b6f8c354ff'),
 ('1228', '117', '341', '1217', '21', '22', '2', '2017-08-31 22:08:13', '2017-08-31 22:08:13', '5a0c38b2-ee79-479d-90dc-246a82be76a8'),
 ('1229', '117', '426', '1217', '24', '27', '1', '2017-08-31 22:08:13', '2017-08-31 22:08:13', '8694a71e-544a-4a84-b900-1c2301824084'),
 ('1230', '117', '427', '1217', '25', '26', '2', '2017-08-31 22:08:13', '2017-08-31 22:08:13', '658fda57-f602-4570-8105-3187ba484426'),
 ('1231', '117', '428', '1217', '28', '35', '1', '2017-08-31 22:08:13', '2017-08-31 22:08:13', 'a5a64c98-84ac-45f9-823f-829c510442ba'),
 ('1232', '117', '429', '1217', '29', '30', '2', '2017-08-31 22:08:13', '2017-08-31 22:08:13', 'e7a8cdc2-cfb8-4eab-abb2-2db798a15fb6'),
 ('1233', '117', '431', '1217', '31', '32', '2', '2017-08-31 22:08:13', '2017-08-31 22:08:13', 'a7c73579-d83a-4e86-8a9a-640c56c0715b'),
 ('1234', '117', '433', '1217', '33', '34', '2', '2017-08-31 22:08:13', '2017-08-31 22:08:13', '2067a7c3-c29d-4266-afc1-ba26ed178319'),
 ('1261', '122', NULL, '1261', '1', '12', '0', '2017-09-06 23:00:13', '2017-09-06 23:00:13', '139481d8-3fdb-443d-87ad-d052a213fe10'),
 ('1262', '122', '445', '1261', '2', '3', '1', '2017-09-06 23:00:13', '2017-09-06 23:00:13', 'bd83259a-6046-4a90-b60a-4a0a192cecba'),
 ('1263', '122', '454', '1261', '4', '5', '1', '2017-09-06 23:00:13', '2017-09-06 23:00:13', '8097bc76-7096-4c73-baa4-974cb9681def'),
 ('1264', '122', '447', '1261', '6', '7', '1', '2017-09-06 23:00:13', '2017-09-06 23:00:13', '00ae87a8-4bfd-4d42-adcf-7b554cdd4b25'),
 ('1265', '122', '450', '1261', '8', '9', '1', '2017-09-06 23:00:13', '2017-09-06 23:00:13', '66a6f612-e8ad-4494-8e85-75432f63d61e'),
 ('1266', '122', '451', '1261', '10', '11', '1', '2017-09-06 23:00:13', '2017-09-06 23:00:13', 'e4fb3343-6068-428b-b79c-addd3b27228d');



DROP TABLE IF EXISTS `craft_structures`;


--
-- Schema for table `craft_structures`
--
CREATE TABLE `craft_structures` (
  `id` int(11) NOT NULL AUTO_INCREMENT,
  `maxLevels` smallint(6) unsigned DEFAULT NULL,
  `dateCreated` datetime NOT NULL,
  `dateUpdated` datetime NOT NULL,
  `uid` char(36) COLLATE utf8_unicode_ci NOT NULL DEFAULT '0',
  PRIMARY KEY (`id`)
) ENGINE=InnoDB AUTO_INCREMENT=123 DEFAULT CHARSET=utf8 COLLATE=utf8_unicode_ci;

--
-- Data for table `craft_structures`
--

INSERT INTO `craft_structures` (`id`, `maxLevels`, `dateCreated`, `dateUpdated`, `uid`) VALUES
 ('1', NULL, '2017-07-20 18:25:45', '2017-08-07 18:42:10', 'fff719e3-afb8-43d5-a0a5-acca515dde3b'),
 ('2', NULL, '2017-07-20 21:27:22', '2017-09-06 17:56:59', 'd7da3224-477c-4c8e-a9a2-dc9d963c0512'),
 ('13', NULL, '2017-07-20 23:45:33', '2017-07-20 23:45:33', '69429fef-0364-44de-9c69-b3ceb6b5fbcc'),
 ('44', NULL, '2017-07-27 00:17:05', '2017-07-27 00:17:05', 'd415eec9-b73d-4fcd-823f-1da8af3c478f'),
 ('60', NULL, '2017-08-03 17:11:59', '2017-08-03 17:11:59', 'd4841971-5750-4c0a-a138-da42ba2ecfc5'),
 ('65', NULL, '2017-08-03 22:33:25', '2017-08-03 22:33:25', '014fefec-14b7-46fb-b289-7fa76f8d807d'),
 ('66', NULL, '2017-08-07 17:25:26', '2017-08-22 20:52:00', 'cc66539c-171d-4a80-a662-5416002d38a4'),
 ('67', NULL, '2017-08-07 17:25:37', '2017-08-22 20:49:35', '7e3e9714-7383-4f80-934d-98cf927114ba'),
 ('68', NULL, '2017-08-07 17:30:56', '2017-08-22 20:52:13', '98b95852-16a8-4bd4-bd74-420717c8867d'),
 ('69', '2', '2017-08-07 18:08:50', '2017-08-07 18:08:50', '7b74efc6-6e85-4d45-833b-623018130636'),
 ('71', NULL, '2017-08-07 21:31:43', '2017-08-07 21:31:43', '4b9a4fb3-32ab-4344-a4b8-de249d43f198'),
 ('79', NULL, '2017-08-09 20:39:06', '2017-08-09 20:39:06', 'a371ee4e-7a1d-48db-83fd-82cbe5a8fdf7'),
 ('80', NULL, '2017-08-09 20:41:34', '2017-08-09 20:41:34', 'cee43ac4-d03b-4156-959c-6bd696e16c47'),
 ('81', NULL, '2017-08-09 20:57:20', '2017-08-09 20:57:20', '85906d8b-adea-4f9a-82f3-1e3651efdd3d'),
 ('87', NULL, '2017-08-17 17:52:22', '2017-08-17 17:52:22', 'dba2442c-d5e1-443f-97e1-71692f45469b'),
 ('88', NULL, '2017-08-17 23:14:09', '2017-08-17 23:14:09', 'f76ce25f-a315-4af3-94a6-c0e45c8cab57'),
 ('90', NULL, '2017-08-22 20:52:47', '2017-08-22 20:52:47', '5fb828bd-a9de-4c83-b75d-01d1fe95eaf3'),
 ('91', NULL, '2017-08-22 23:22:27', '2017-08-22 23:22:27', 'f33b65f6-bd7a-4fc1-976c-1b8bd86ad986'),
 ('93', NULL, '2017-08-23 17:52:37', '2017-08-23 17:52:37', '43bc7cc2-4dda-4fc3-a442-d2226fa8498e'),
 ('95', NULL, '2017-08-23 17:56:29', '2017-08-23 17:56:29', 'bfc3bc2d-ea45-445f-a961-52004e13a117'),
 ('96', NULL, '2017-08-23 21:53:03', '2017-08-23 21:53:03', 'a1e3b27e-e50d-49b8-88b8-eb3b9640ac68'),
 ('97', NULL, '2017-08-23 23:10:29', '2017-08-24 18:12:55', 'c30cf61f-fc80-43bb-a46c-e64c605f3548'),
 ('114', NULL, '2017-08-31 21:10:35', '2017-08-31 21:10:35', '4535b141-65b2-44c3-a0b4-4383bea571c5'),
 ('116', NULL, '2017-08-31 21:43:48', '2017-08-31 21:43:48', 'f795c2d6-233d-41f7-b656-f9f3f2da5bca'),
 ('117', NULL, '2017-08-31 22:08:12', '2017-08-31 22:08:12', '13c96d35-4334-46f7-ac22-344f6f79607f'),
 ('122', NULL, '2017-09-06 23:00:13', '2017-09-06 23:00:13', 'c8cc4035-6d45-464c-a17f-1c780d1a97a0');



DROP TABLE IF EXISTS `craft_supertablecontent_cb_elementgrids`;


--
-- Schema for table `craft_supertablecontent_cb_elementgrids`
--
CREATE TABLE `craft_supertablecontent_cb_elementgrids` (
  `id` int(11) NOT NULL AUTO_INCREMENT,
  `elementId` int(11) NOT NULL,
  `locale` char(12) COLLATE utf8_unicode_ci NOT NULL,
  `dateCreated` datetime NOT NULL,
  `dateUpdated` datetime NOT NULL,
  `uid` char(36) COLLATE utf8_unicode_ci NOT NULL DEFAULT '0',
  PRIMARY KEY (`id`),
  UNIQUE KEY `craft_supertablecontent_cb_elementgrids_elementId_locale_unq_idx` (`elementId`,`locale`),
  KEY `craft_supertablecontent_cb_elementgrids_locale_fk` (`locale`)
) ENGINE=InnoDB DEFAULT CHARSET=utf8 COLLATE=utf8_unicode_ci;

DROP TABLE IF EXISTS `craft_systemsettings`;


--
-- Schema for table `craft_systemsettings`
--
CREATE TABLE `craft_systemsettings` (
  `id` int(11) NOT NULL AUTO_INCREMENT,
  `category` varchar(15) COLLATE utf8_unicode_ci NOT NULL,
  `settings` text COLLATE utf8_unicode_ci,
  `dateCreated` datetime NOT NULL,
  `dateUpdated` datetime NOT NULL,
  `uid` char(36) COLLATE utf8_unicode_ci NOT NULL DEFAULT '0',
  PRIMARY KEY (`id`),
  UNIQUE KEY `craft_systemsettings_category_unq_idx` (`category`)
) ENGINE=InnoDB AUTO_INCREMENT=3 DEFAULT CHARSET=utf8 COLLATE=utf8_unicode_ci;

--
-- Data for table `craft_systemsettings`
--

INSERT INTO `craft_systemsettings` (`id`, `category`, `settings`, `dateCreated`, `dateUpdated`, `uid`) VALUES
 ('1', 'email', '{\"protocol\":\"php\",\"emailAddress\":\"mort@instrument.com\",\"senderName\":\"Snapchat Craft\"}', '2017-07-20 17:27:58', '2017-07-20 17:27:58', '8284fafb-9849-42cc-9de1-509248b054ef'),
 ('2', 'users', '{\"requireEmailVerification\":0,\"allowPublicRegistration\":0,\"defaultGroup\":\"\"}', '2017-08-23 18:10:26', '2017-08-23 18:10:26', '5074f454-1c95-4520-8ecd-6a9f2053e7b9');



DROP TABLE IF EXISTS `craft_taggroups`;


--
-- Schema for table `craft_taggroups`
--
CREATE TABLE `craft_taggroups` (
  `id` int(11) NOT NULL AUTO_INCREMENT,
  `name` varchar(255) COLLATE utf8_unicode_ci NOT NULL,
  `handle` varchar(255) COLLATE utf8_unicode_ci NOT NULL,
  `fieldLayoutId` int(10) DEFAULT NULL,
  `dateCreated` datetime NOT NULL,
  `dateUpdated` datetime NOT NULL,
  `uid` char(36) COLLATE utf8_unicode_ci NOT NULL DEFAULT '0',
  PRIMARY KEY (`id`),
  UNIQUE KEY `craft_taggroups_name_unq_idx` (`name`),
  UNIQUE KEY `craft_taggroups_handle_unq_idx` (`handle`),
  KEY `craft_taggroups_fieldLayoutId_fk` (`fieldLayoutId`)
) ENGINE=InnoDB AUTO_INCREMENT=2 DEFAULT CHARSET=utf8 COLLATE=utf8_unicode_ci;

--
-- Data for table `craft_taggroups`
--

INSERT INTO `craft_taggroups` (`id`, `name`, `handle`, `fieldLayoutId`, `dateCreated`, `dateUpdated`, `uid`) VALUES
 ('1', 'Default', 'default', '1', '2017-07-20 17:27:58', '2017-07-20 17:27:58', 'ce504d2d-cb72-4acb-ac26-d0f90ac129d8');



DROP TABLE IF EXISTS `craft_tags`;


--
-- Schema for table `craft_tags`
--
CREATE TABLE `craft_tags` (
  `id` int(11) NOT NULL,
  `groupId` int(11) NOT NULL,
  `dateCreated` datetime NOT NULL,
  `dateUpdated` datetime NOT NULL,
  `uid` char(36) COLLATE utf8_unicode_ci NOT NULL DEFAULT '0',
  PRIMARY KEY (`id`),
  KEY `craft_tags_groupId_fk` (`groupId`)
) ENGINE=InnoDB DEFAULT CHARSET=utf8 COLLATE=utf8_unicode_ci;

DROP TABLE IF EXISTS `craft_tasks`;


--
-- Schema for table `craft_tasks`
--
CREATE TABLE `craft_tasks` (
  `id` int(11) NOT NULL AUTO_INCREMENT,
  `root` int(11) unsigned DEFAULT NULL,
  `lft` int(11) unsigned NOT NULL,
  `rgt` int(11) unsigned NOT NULL,
  `level` smallint(6) unsigned NOT NULL,
  `currentStep` int(11) unsigned DEFAULT NULL,
  `totalSteps` int(11) unsigned DEFAULT NULL,
  `status` enum('pending','error','running') COLLATE utf8_unicode_ci DEFAULT NULL,
  `type` varchar(150) COLLATE utf8_unicode_ci NOT NULL,
  `description` varchar(255) COLLATE utf8_unicode_ci DEFAULT NULL,
  `settings` mediumtext COLLATE utf8_unicode_ci,
  `dateCreated` datetime NOT NULL,
  `dateUpdated` datetime NOT NULL,
  `uid` char(36) COLLATE utf8_unicode_ci NOT NULL DEFAULT '0',
  PRIMARY KEY (`id`),
  KEY `craft_tasks_root_idx` (`root`),
  KEY `craft_tasks_lft_idx` (`lft`),
  KEY `craft_tasks_rgt_idx` (`rgt`),
  KEY `craft_tasks_level_idx` (`level`)
) ENGINE=InnoDB AUTO_INCREMENT=18 DEFAULT CHARSET=utf8 COLLATE=utf8_unicode_ci;

DROP TABLE IF EXISTS `craft_templatecachecriteria`;


--
-- Schema for table `craft_templatecachecriteria`
--
CREATE TABLE `craft_templatecachecriteria` (
  `id` int(11) NOT NULL AUTO_INCREMENT,
  `cacheId` int(11) NOT NULL,
  `type` varchar(150) COLLATE utf8_unicode_ci NOT NULL,
  `criteria` text COLLATE utf8_unicode_ci NOT NULL,
  PRIMARY KEY (`id`),
  KEY `craft_templatecachecriteria_cacheId_fk` (`cacheId`),
  KEY `craft_templatecachecriteria_type_idx` (`type`)
) ENGINE=InnoDB DEFAULT CHARSET=utf8 COLLATE=utf8_unicode_ci;

DROP TABLE IF EXISTS `craft_templatecacheelements`;


--
-- Schema for table `craft_templatecacheelements`
--
CREATE TABLE `craft_templatecacheelements` (
  `cacheId` int(11) NOT NULL,
  `elementId` int(11) NOT NULL,
  KEY `craft_templatecacheelements_cacheId_fk` (`cacheId`),
  KEY `craft_templatecacheelements_elementId_fk` (`elementId`)
) ENGINE=InnoDB DEFAULT CHARSET=utf8 COLLATE=utf8_unicode_ci;

DROP TABLE IF EXISTS `craft_templatecaches`;


--
-- Schema for table `craft_templatecaches`
--
CREATE TABLE `craft_templatecaches` (
  `id` int(11) NOT NULL AUTO_INCREMENT,
  `cacheKey` varchar(255) COLLATE utf8_unicode_ci NOT NULL,
  `locale` char(12) COLLATE utf8_unicode_ci NOT NULL,
  `path` varchar(255) COLLATE utf8_unicode_ci DEFAULT NULL,
  `expiryDate` datetime NOT NULL,
  `body` mediumtext COLLATE utf8_unicode_ci NOT NULL,
  PRIMARY KEY (`id`),
  KEY `craft_templatecaches_expiryDate_cacheKey_locale_path_idx` (`expiryDate`,`cacheKey`,`locale`,`path`),
  KEY `craft_templatecaches_locale_fk` (`locale`)
) ENGINE=InnoDB DEFAULT CHARSET=utf8 COLLATE=utf8_unicode_ci;

DROP TABLE IF EXISTS `craft_tokens`;


--
-- Schema for table `craft_tokens`
--
CREATE TABLE `craft_tokens` (
  `id` int(11) NOT NULL AUTO_INCREMENT,
  `token` char(32) COLLATE utf8_unicode_ci NOT NULL,
  `route` text COLLATE utf8_unicode_ci,
  `usageLimit` tinyint(3) unsigned DEFAULT NULL,
  `usageCount` tinyint(3) unsigned DEFAULT NULL,
  `expiryDate` datetime NOT NULL,
  `dateCreated` datetime NOT NULL,
  `dateUpdated` datetime NOT NULL,
  `uid` char(36) COLLATE utf8_unicode_ci NOT NULL DEFAULT '0',
  PRIMARY KEY (`id`),
  UNIQUE KEY `craft_tokens_token_unq_idx` (`token`),
  KEY `craft_tokens_expiryDate_idx` (`expiryDate`)
) ENGINE=InnoDB DEFAULT CHARSET=utf8 COLLATE=utf8_unicode_ci;

DROP TABLE IF EXISTS `craft_usergroups`;


--
-- Schema for table `craft_usergroups`
--
CREATE TABLE `craft_usergroups` (
  `id` int(11) NOT NULL AUTO_INCREMENT,
  `name` varchar(255) COLLATE utf8_unicode_ci NOT NULL,
  `handle` varchar(255) COLLATE utf8_unicode_ci NOT NULL,
  `dateCreated` datetime NOT NULL,
  `dateUpdated` datetime NOT NULL,
  `uid` char(36) COLLATE utf8_unicode_ci NOT NULL DEFAULT '0',
  PRIMARY KEY (`id`),
  UNIQUE KEY `craft_usergroups_name_unq_idx` (`name`),
  UNIQUE KEY `craft_usergroups_handle_unq_idx` (`handle`)
) ENGINE=InnoDB AUTO_INCREMENT=3 DEFAULT CHARSET=utf8 COLLATE=utf8_unicode_ci;

--
-- Data for table `craft_usergroups`
--

INSERT INTO `craft_usergroups` (`id`, `name`, `handle`, `dateCreated`, `dateUpdated`, `uid`) VALUES
 ('1', 'Global Admin', 'globalAdmin', '2017-07-20 17:54:32', '2017-07-20 17:54:32', '82dcebed-a933-4529-a5e8-e3314125faf1'),
 ('2', 'Regional Admin', 'regionalAdmin', '2017-07-20 17:54:54', '2017-07-20 17:54:54', '7a768e2e-83c0-4842-a810-07d5d5cb84f8');



DROP TABLE IF EXISTS `craft_usergroups_users`;


--
-- Schema for table `craft_usergroups_users`
--
CREATE TABLE `craft_usergroups_users` (
  `id` int(11) NOT NULL AUTO_INCREMENT,
  `groupId` int(11) NOT NULL,
  `userId` int(11) NOT NULL,
  `dateCreated` datetime NOT NULL,
  `dateUpdated` datetime NOT NULL,
  `uid` char(36) COLLATE utf8_unicode_ci NOT NULL DEFAULT '0',
  PRIMARY KEY (`id`),
  UNIQUE KEY `craft_usergroups_users_groupId_userId_unq_idx` (`groupId`,`userId`),
  KEY `craft_usergroups_users_userId_fk` (`userId`)
) ENGINE=InnoDB DEFAULT CHARSET=utf8 COLLATE=utf8_unicode_ci;

DROP TABLE IF EXISTS `craft_userpermissions`;


--
-- Schema for table `craft_userpermissions`
--
CREATE TABLE `craft_userpermissions` (
  `id` int(11) NOT NULL AUTO_INCREMENT,
  `name` varchar(255) COLLATE utf8_unicode_ci NOT NULL,
  `dateCreated` datetime NOT NULL,
  `dateUpdated` datetime NOT NULL,
  `uid` char(36) COLLATE utf8_unicode_ci NOT NULL DEFAULT '0',
  PRIMARY KEY (`id`),
  UNIQUE KEY `craft_userpermissions_name_unq_idx` (`name`)
) ENGINE=InnoDB AUTO_INCREMENT=26 DEFAULT CHARSET=utf8 COLLATE=utf8_unicode_ci;

--
-- Data for table `craft_userpermissions`
--

INSERT INTO `craft_userpermissions` (`id`, `name`, `dateCreated`, `dateUpdated`, `uid`) VALUES
 ('1', 'accesssitewhensystemisoff', '2017-07-20 17:54:32', '2017-07-20 17:54:32', '497f4529-cdf6-411b-877a-7e81b977da07'),
 ('2', 'accesscpwhensystemisoff', '2017-07-20 17:54:32', '2017-07-20 17:54:32', '69a414cd-0abb-4436-92d0-8f86f15f9372'),
 ('3', 'performupdates', '2017-07-20 17:54:32', '2017-07-20 17:54:32', '17611eb1-b543-4f98-ae5c-9fb4aa83d418'),
 ('4', 'accesscp', '2017-07-20 17:54:32', '2017-07-20 17:54:32', '6d40c40e-0cc6-462b-8b88-76fa67acf1de'),
 ('5', 'registerusers', '2017-07-20 17:54:32', '2017-07-20 17:54:32', '5d0f9848-05bd-47e3-a337-85d166c80557'),
 ('6', 'assignuserpermissions', '2017-07-20 17:54:32', '2017-07-20 17:54:32', 'e522b228-9d7c-4f23-b77d-a82fb4875f1b'),
 ('7', 'changeuseremails', '2017-07-20 17:54:32', '2017-07-20 17:54:32', '1071c08f-52cd-4ccd-8cb2-dac16c3d1808'),
 ('8', 'administrateusers', '2017-07-20 17:54:32', '2017-07-20 17:54:32', '50ac9b7d-a1f8-4284-acdc-c9786b4c2449'),
 ('9', 'editusers', '2017-07-20 17:54:32', '2017-07-20 17:54:32', '1e6bae15-97e0-4582-9aa9-8204e8f8bec0'),
 ('10', 'deleteusers', '2017-07-20 17:54:32', '2017-07-20 17:54:32', '8ef42943-c02d-4c49-abea-89dc4adda7a6'),
 ('11', 'publishentries:1', '2017-07-20 17:54:32', '2017-07-20 17:54:32', 'f195006d-a67f-4201-8428-3d195f60c8f0'),
 ('12', 'publishpeerentrydrafts:1', '2017-07-20 17:54:32', '2017-07-20 17:54:32', '13c7f58f-1e20-4fbb-84fe-3a04339f2cf5'),
 ('13', 'deletepeerentrydrafts:1', '2017-07-20 17:54:32', '2017-07-20 17:54:32', '5fb24696-54c8-4cf3-a621-cf8ee50bb5ed'),
 ('14', 'editpeerentrydrafts:1', '2017-07-20 17:54:32', '2017-07-20 17:54:32', 'ad014a15-02aa-4aea-862f-da615013b4b2'),
 ('15', 'editentries:1', '2017-07-20 17:54:32', '2017-07-20 17:54:32', '150a63ef-1002-4c4d-966b-7d286999f9a3'),
 ('16', 'createentries:2', '2017-07-20 17:54:32', '2017-07-20 17:54:32', '9e3114d2-842f-472a-8eab-9c601a4950ab'),
 ('17', 'publishentries:2', '2017-07-20 17:54:32', '2017-07-20 17:54:32', 'c0c108b6-313a-4e65-b41a-33999cfeaf7c'),
 ('18', 'deleteentries:2', '2017-07-20 17:54:32', '2017-07-20 17:54:32', '778adf8c-673f-4b11-a44d-e65a3fa31a14'),
 ('19', 'publishpeerentries:2', '2017-07-20 17:54:32', '2017-07-20 17:54:32', '83d6a821-f1f4-4787-9260-abe93b36e804'),
 ('20', 'deletepeerentries:2', '2017-07-20 17:54:32', '2017-07-20 17:54:32', 'f709d89d-5037-4062-9a00-a63bce8d7d8e'),
 ('21', 'editpeerentries:2', '2017-07-20 17:54:32', '2017-07-20 17:54:32', '03042f32-153f-4c6b-a011-037abd07a762'),
 ('22', 'publishpeerentrydrafts:2', '2017-07-20 17:54:32', '2017-07-20 17:54:32', '73cf56d4-d9c6-4484-9d39-c536ddeab0e9'),
 ('23', 'deletepeerentrydrafts:2', '2017-07-20 17:54:32', '2017-07-20 17:54:32', '1d740493-70df-4a3b-8152-0814e9e1577c'),
 ('24', 'editpeerentrydrafts:2', '2017-07-20 17:54:32', '2017-07-20 17:54:32', 'a202092a-ccf3-405c-b5c4-a26ce372c548'),
 ('25', 'editentries:2', '2017-07-20 17:54:32', '2017-07-20 17:54:32', '6e80203a-237a-477c-92cd-9e819e0f539e');



DROP TABLE IF EXISTS `craft_userpermissions_usergroups`;


--
-- Schema for table `craft_userpermissions_usergroups`
--
CREATE TABLE `craft_userpermissions_usergroups` (
  `id` int(11) NOT NULL AUTO_INCREMENT,
  `permissionId` int(11) NOT NULL,
  `groupId` int(11) NOT NULL,
  `dateCreated` datetime NOT NULL,
  `dateUpdated` datetime NOT NULL,
  `uid` char(36) COLLATE utf8_unicode_ci NOT NULL DEFAULT '0',
  PRIMARY KEY (`id`),
  UNIQUE KEY `craft_userpermissions_usergroups_permissionId_groupId_unq_idx` (`permissionId`,`groupId`),
  KEY `craft_userpermissions_usergroups_groupId_fk` (`groupId`)
) ENGINE=InnoDB AUTO_INCREMENT=51 DEFAULT CHARSET=utf8 COLLATE=utf8_unicode_ci;

--
-- Data for table `craft_userpermissions_usergroups`
--

INSERT INTO `craft_userpermissions_usergroups` (`id`, `permissionId`, `groupId`, `dateCreated`, `dateUpdated`, `uid`) VALUES
 ('1', '1', '1', '2017-07-20 17:54:32', '2017-07-20 17:54:32', 'd916a45f-6663-4328-a59d-3c41d67b5dff'),
 ('2', '2', '1', '2017-07-20 17:54:32', '2017-07-20 17:54:32', '42cf081b-0ac8-4cbb-b911-559197445085'),
 ('3', '3', '1', '2017-07-20 17:54:32', '2017-07-20 17:54:32', 'ef974301-230e-4f96-b151-0aadadf38b10'),
 ('4', '4', '1', '2017-07-20 17:54:32', '2017-07-20 17:54:32', '29ce5f6a-eccf-48e4-8d14-190d3fa7d50d'),
 ('5', '5', '1', '2017-07-20 17:54:32', '2017-07-20 17:54:32', '2e05dd32-4936-413b-b8b7-fd267f116716'),
 ('6', '6', '1', '2017-07-20 17:54:32', '2017-07-20 17:54:32', 'd2173876-56da-454f-a1c2-a7da99e8f9b5'),
 ('7', '7', '1', '2017-07-20 17:54:32', '2017-07-20 17:54:32', '9328c47a-0860-4168-8fa3-59a161bfff1c'),
 ('8', '8', '1', '2017-07-20 17:54:32', '2017-07-20 17:54:32', 'b3df1fbf-8cfc-4c56-846e-ba49b535aa69'),
 ('9', '9', '1', '2017-07-20 17:54:32', '2017-07-20 17:54:32', 'c945a3f4-6f2b-4715-ab95-a2ad32c78ce1'),
 ('10', '10', '1', '2017-07-20 17:54:32', '2017-07-20 17:54:32', 'd17feb50-a983-4c82-b6fc-1af4918111df'),
 ('11', '11', '1', '2017-07-20 17:54:32', '2017-07-20 17:54:32', 'd8e39d9f-2729-47ea-9ba6-a75d1a815b4b'),
 ('12', '12', '1', '2017-07-20 17:54:32', '2017-07-20 17:54:32', '0e50beba-d632-4b27-aad7-90fb67f5f5c8'),
 ('13', '13', '1', '2017-07-20 17:54:32', '2017-07-20 17:54:32', '88a82b18-d587-4265-ae99-b741b1e16a49'),
 ('14', '14', '1', '2017-07-20 17:54:32', '2017-07-20 17:54:32', '57da7654-bee7-45fa-a541-de57671d5e0b'),
 ('15', '15', '1', '2017-07-20 17:54:32', '2017-07-20 17:54:32', '8d52c203-6c92-480d-8d15-a8f9707bc13c'),
 ('16', '16', '1', '2017-07-20 17:54:32', '2017-07-20 17:54:32', 'e160f4a5-f428-4633-9e23-d6e335343960'),
 ('17', '17', '1', '2017-07-20 17:54:32', '2017-07-20 17:54:32', 'c085dccd-9750-4996-a446-51a9f627dbed'),
 ('18', '18', '1', '2017-07-20 17:54:32', '2017-07-20 17:54:32', '162223c1-341a-4b93-8d4d-c9b637a7aef7'),
 ('19', '19', '1', '2017-07-20 17:54:32', '2017-07-20 17:54:32', '1ca855cd-2ab5-4d10-a8da-b264c2d1750f'),
 ('20', '20', '1', '2017-07-20 17:54:32', '2017-07-20 17:54:32', 'e8fe7e12-1809-4d2a-87a3-a8ec38f07994'),
 ('21', '21', '1', '2017-07-20 17:54:32', '2017-07-20 17:54:32', '4937c183-e4d9-4c7e-a308-5d34c3c51808'),
 ('22', '22', '1', '2017-07-20 17:54:32', '2017-07-20 17:54:32', '2bc5fb10-ac0f-43de-a8d3-0b6281bb20da'),
 ('23', '23', '1', '2017-07-20 17:54:32', '2017-07-20 17:54:32', 'bfa3d30b-ca8d-4362-9093-262f8477539c'),
 ('24', '24', '1', '2017-07-20 17:54:32', '2017-07-20 17:54:32', '121f8f0f-c1dc-4303-84d4-76c83154615c'),
 ('25', '25', '1', '2017-07-20 17:54:32', '2017-07-20 17:54:32', '8b075bf9-06fc-4977-9850-4d9231bac6bf'),
 ('26', '1', '2', '2017-07-20 17:54:54', '2017-07-20 17:54:54', '678bfd0b-681d-42c2-9dea-bf21355571e2'),
 ('27', '2', '2', '2017-07-20 17:54:54', '2017-07-20 17:54:54', 'c37489bd-872b-44bd-a38a-c2a6cd9e4623'),
 ('28', '3', '2', '2017-07-20 17:54:54', '2017-07-20 17:54:54', '9ae97379-05de-4ca2-b52c-c57df54fcb72'),
 ('29', '4', '2', '2017-07-20 17:54:54', '2017-07-20 17:54:54', '6e92f400-cdd5-439c-abbb-0d0fd336410f'),
 ('30', '5', '2', '2017-07-20 17:54:54', '2017-07-20 17:54:54', '77d67795-f806-4c4d-ac02-e749f215657a'),
 ('31', '6', '2', '2017-07-20 17:54:54', '2017-07-20 17:54:54', '79ba303b-e3f8-4221-81a7-501dcee8f298'),
 ('32', '7', '2', '2017-07-20 17:54:54', '2017-07-20 17:54:54', 'ef14863f-5c28-4ef3-b1fb-566f4be10e5a'),
 ('33', '8', '2', '2017-07-20 17:54:54', '2017-07-20 17:54:54', 'c70b5d65-f1f8-4060-8cb2-3a58b800a2ed'),
 ('34', '9', '2', '2017-07-20 17:54:54', '2017-07-20 17:54:54', 'e54dc168-3b03-4c3b-a023-32f3e69e5441'),
 ('35', '10', '2', '2017-07-20 17:54:54', '2017-07-20 17:54:54', 'bb199c93-0aa5-47be-b346-59fa47b16144'),
 ('36', '11', '2', '2017-07-20 17:54:54', '2017-07-20 17:54:54', '4899d82b-d513-4dad-b93e-1a95b8b0579c'),
 ('37', '12', '2', '2017-07-20 17:54:54', '2017-07-20 17:54:54', 'd2e764b7-56ec-4dd7-8ac4-e127a25c4fec'),
 ('38', '13', '2', '2017-07-20 17:54:54', '2017-07-20 17:54:54', '140c0728-199d-4479-aa94-adc8e47a6929'),
 ('39', '14', '2', '2017-07-20 17:54:54', '2017-07-20 17:54:54', 'd6685e58-906c-4631-90fb-53cb7399426f'),
 ('40', '15', '2', '2017-07-20 17:54:54', '2017-07-20 17:54:54', 'd1408aa2-da88-465d-b6ff-12ff188ce9d7'),
 ('41', '16', '2', '2017-07-20 17:54:54', '2017-07-20 17:54:54', 'e8ff1677-45c3-46a6-aefb-e22a8c095f2f'),
 ('42', '17', '2', '2017-07-20 17:54:54', '2017-07-20 17:54:54', '67d6da06-5f8f-4e53-a884-d9a8a0c14e80'),
 ('43', '18', '2', '2017-07-20 17:54:54', '2017-07-20 17:54:54', '93a4de4d-9ddc-4359-99ce-f0f77a0bd803'),
 ('44', '19', '2', '2017-07-20 17:54:54', '2017-07-20 17:54:54', '46bb7c2b-ba76-4cfb-bd12-c917eb00093b'),
 ('45', '20', '2', '2017-07-20 17:54:54', '2017-07-20 17:54:54', '6b242555-9916-45bc-9296-b57097dd48ff'),
 ('46', '21', '2', '2017-07-20 17:54:54', '2017-07-20 17:54:54', '11d496ab-fd1f-42e3-9b4a-d393f3a35651'),
 ('47', '22', '2', '2017-07-20 17:54:54', '2017-07-20 17:54:54', '911e8ff1-00be-465c-8aa8-71684f2870d7'),
 ('48', '23', '2', '2017-07-20 17:54:54', '2017-07-20 17:54:54', 'ce207e28-b79d-4bbc-bd72-134aef6a6510'),
 ('49', '24', '2', '2017-07-20 17:54:54', '2017-07-20 17:54:54', '78899074-a868-40af-89ae-d96084a9ef5e'),
 ('50', '25', '2', '2017-07-20 17:54:54', '2017-07-20 17:54:54', '660e7d3a-7c59-49c0-ac36-85e17bd415e2');



DROP TABLE IF EXISTS `craft_userpermissions_users`;


--
-- Schema for table `craft_userpermissions_users`
--
CREATE TABLE `craft_userpermissions_users` (
  `id` int(11) NOT NULL AUTO_INCREMENT,
  `permissionId` int(11) NOT NULL,
  `userId` int(11) NOT NULL,
  `dateCreated` datetime NOT NULL,
  `dateUpdated` datetime NOT NULL,
  `uid` char(36) COLLATE utf8_unicode_ci NOT NULL DEFAULT '0',
  PRIMARY KEY (`id`),
  UNIQUE KEY `craft_userpermissions_users_permissionId_userId_unq_idx` (`permissionId`,`userId`),
  KEY `craft_userpermissions_users_userId_fk` (`userId`)
) ENGINE=InnoDB DEFAULT CHARSET=utf8 COLLATE=utf8_unicode_ci;

DROP TABLE IF EXISTS `craft_users`;


--
-- Schema for table `craft_users`
--
CREATE TABLE `craft_users` (
  `id` int(11) NOT NULL,
  `username` varchar(100) COLLATE utf8_unicode_ci NOT NULL,
  `photo` varchar(100) COLLATE utf8_unicode_ci DEFAULT NULL,
  `firstName` varchar(100) COLLATE utf8_unicode_ci DEFAULT NULL,
  `lastName` varchar(100) COLLATE utf8_unicode_ci DEFAULT NULL,
  `email` varchar(255) COLLATE utf8_unicode_ci NOT NULL,
  `password` char(255) COLLATE utf8_unicode_ci DEFAULT NULL,
  `preferredLocale` char(12) COLLATE utf8_unicode_ci DEFAULT NULL,
  `weekStartDay` tinyint(1) unsigned NOT NULL DEFAULT '0',
  `admin` tinyint(1) unsigned NOT NULL DEFAULT '0',
  `client` tinyint(1) unsigned NOT NULL DEFAULT '0',
  `locked` tinyint(1) unsigned NOT NULL DEFAULT '0',
  `suspended` tinyint(1) unsigned NOT NULL DEFAULT '0',
  `pending` tinyint(1) unsigned NOT NULL DEFAULT '0',
  `archived` tinyint(1) unsigned NOT NULL DEFAULT '0',
  `lastLoginDate` datetime DEFAULT NULL,
  `lastLoginAttemptIPAddress` varchar(45) COLLATE utf8_unicode_ci DEFAULT NULL,
  `invalidLoginWindowStart` datetime DEFAULT NULL,
  `invalidLoginCount` tinyint(4) unsigned DEFAULT NULL,
  `lastInvalidLoginDate` datetime DEFAULT NULL,
  `lockoutDate` datetime DEFAULT NULL,
  `verificationCode` char(100) COLLATE utf8_unicode_ci DEFAULT NULL,
  `verificationCodeIssuedDate` datetime DEFAULT NULL,
  `unverifiedEmail` varchar(255) COLLATE utf8_unicode_ci DEFAULT NULL,
  `passwordResetRequired` tinyint(1) unsigned NOT NULL DEFAULT '0',
  `lastPasswordChangeDate` datetime DEFAULT NULL,
  `dateCreated` datetime NOT NULL,
  `dateUpdated` datetime NOT NULL,
  `uid` char(36) COLLATE utf8_unicode_ci NOT NULL DEFAULT '0',
  PRIMARY KEY (`id`),
  UNIQUE KEY `craft_users_username_unq_idx` (`username`),
  UNIQUE KEY `craft_users_email_unq_idx` (`email`),
  KEY `craft_users_verificationCode_idx` (`verificationCode`),
  KEY `craft_users_uid_idx` (`uid`),
  KEY `craft_users_preferredLocale_fk` (`preferredLocale`)
) ENGINE=InnoDB DEFAULT CHARSET=utf8 COLLATE=utf8_unicode_ci;

--
-- Data for table `craft_users`
--

INSERT INTO `craft_users` (`id`, `username`, `photo`, `firstName`, `lastName`, `email`, `password`, `preferredLocale`, `weekStartDay`, `admin`, `client`, `locked`, `suspended`, `pending`, `archived`, `lastLoginDate`, `lastLoginAttemptIPAddress`, `invalidLoginWindowStart`, `invalidLoginCount`, `lastInvalidLoginDate`, `lockoutDate`, `verificationCode`, `verificationCodeIssuedDate`, `unverifiedEmail`, `passwordResetRequired`, `lastPasswordChangeDate`, `dateCreated`, `dateUpdated`, `uid`) VALUES
 ('1', 'admin', NULL, 'Snapchat', 'Admin', 'mort@instrument.com', '$2y$13$spWSKNtSN5KSJchmQR2vpO7GieIJSjdUcqGsTwSEQ2mb/E7cwLJM.', NULL, '1', '1', '0', '0', '0', '0', '0', '2017-09-01 01:23:52', '192.168.10.1', NULL, NULL, '2017-07-26 20:03:10', '2017-07-26 20:03:10', NULL, NULL, NULL, '0', '2017-07-28 21:23:12', '2017-07-20 17:27:58', '2017-09-01 01:23:52', '12ab32bb-93fe-4e7b-94de-58689044e855'),
 ('361', 'snapadmin', NULL, 'Snapchat', 'Admin', 'snapchat@instrument.com', '$2y$13$c5k.jWSQphaHI0eq9eiXgO5Gbf2bC8PDjKfvSiSMfhc5TKzRhnYRe', 'en_us', '0', '1', '0', '0', '0', '0', '0', '2017-08-23 18:15:23', '192.168.10.1', '2017-08-28 22:43:05', '1', '2017-08-28 22:43:05', NULL, NULL, NULL, NULL, '0', '2017-08-23 18:17:34', '2017-08-23 18:14:23', '2017-08-28 22:43:05', '7cf705aa-7f17-4ac0-809b-68f33bf6ffc5');



DROP TABLE IF EXISTS `craft_widgets`;


--
-- Schema for table `craft_widgets`
--
CREATE TABLE `craft_widgets` (
  `id` int(11) NOT NULL AUTO_INCREMENT,
  `userId` int(11) NOT NULL,
  `type` varchar(150) COLLATE utf8_unicode_ci NOT NULL,
  `sortOrder` smallint(6) unsigned DEFAULT NULL,
  `colspan` tinyint(4) unsigned DEFAULT NULL,
  `settings` text COLLATE utf8_unicode_ci,
  `enabled` tinyint(1) unsigned NOT NULL DEFAULT '1',
  `dateCreated` datetime NOT NULL,
  `dateUpdated` datetime NOT NULL,
  `uid` char(36) COLLATE utf8_unicode_ci NOT NULL DEFAULT '0',
  PRIMARY KEY (`id`),
  KEY `craft_widgets_userId_fk` (`userId`)
) ENGINE=InnoDB AUTO_INCREMENT=9 DEFAULT CHARSET=utf8 COLLATE=utf8_unicode_ci;

--
-- Data for table `craft_widgets`
--

INSERT INTO `craft_widgets` (`id`, `userId`, `type`, `sortOrder`, `colspan`, `settings`, `enabled`, `dateCreated`, `dateUpdated`, `uid`) VALUES
 ('1', '1', 'RecentEntries', '1', NULL, NULL, '1', '2017-07-20 17:28:13', '2017-07-20 17:28:13', 'd3ea45e2-04d8-4a5f-8622-c8fe5dc9b291'),
 ('2', '1', 'GetHelp', '2', NULL, NULL, '1', '2017-07-20 17:28:13', '2017-07-20 17:28:13', '260ef225-c50b-42b0-903a-a02433bf91de'),
 ('3', '1', 'Updates', '3', NULL, NULL, '1', '2017-07-20 17:28:13', '2017-07-20 17:28:13', '22142cf4-8c50-4f08-927e-d4ac856bd5cd'),
 ('4', '1', 'Feed', '4', NULL, '{\"url\":\"https:\\/\\/craftcms.com\\/news.rss\",\"title\":\"Craft News\"}', '1', '2017-07-20 17:28:13', '2017-07-20 17:28:13', '4db41d4a-72c3-43e2-bf73-36dee07837b8'),
 ('5', '361', 'RecentEntries', '1', NULL, NULL, '1', '2017-08-23 18:15:25', '2017-08-23 18:15:25', '8443a233-5dce-4f1d-a59f-3ebdb8d9c9aa'),
 ('6', '361', 'GetHelp', '2', NULL, NULL, '1', '2017-08-23 18:15:25', '2017-08-23 18:15:25', '2bf6417a-3430-47cc-94b9-902501717e8d'),
 ('7', '361', 'Updates', '3', NULL, NULL, '1', '2017-08-23 18:15:25', '2017-08-23 18:15:25', '5ccdcda8-0e75-4950-83ff-b10c9b6c114d'),
 ('8', '361', 'Feed', '4', NULL, '{\"url\":\"https:\\/\\/craftcms.com\\/news.rss\",\"title\":\"Craft News\"}', '1', '2017-08-23 18:15:25', '2017-08-23 18:15:25', 'b8c7af4a-45a8-42f1-bda9-e02d438360e3');


--
-- Constraints for tables
--


--
-- Constraints for table `craft_assetfiles`
--
ALTER TABLE `craft_assetfiles`
	ADD CONSTRAINT `craft_assetfiles_folderId_fk` FOREIGN KEY (`folderId`) REFERENCES `craft_assetfolders` (`id`) ON DELETE CASCADE,
	ADD CONSTRAINT `craft_assetfiles_id_fk` FOREIGN KEY (`id`) REFERENCES `craft_elements` (`id`) ON DELETE CASCADE,
	ADD CONSTRAINT `craft_assetfiles_sourceId_fk` FOREIGN KEY (`sourceId`) REFERENCES `craft_assetsources` (`id`) ON DELETE CASCADE;

--
-- Constraints for table `craft_assetfolders`
--
ALTER TABLE `craft_assetfolders`
	ADD CONSTRAINT `craft_assetfolders_parentId_fk` FOREIGN KEY (`parentId`) REFERENCES `craft_assetfolders` (`id`) ON DELETE CASCADE,
	ADD CONSTRAINT `craft_assetfolders_sourceId_fk` FOREIGN KEY (`sourceId`) REFERENCES `craft_assetsources` (`id`) ON DELETE CASCADE;

--
-- Constraints for table `craft_assetindexdata`
--
ALTER TABLE `craft_assetindexdata`
	ADD CONSTRAINT `craft_assetindexdata_sourceId_fk` FOREIGN KEY (`sourceId`) REFERENCES `craft_assetsources` (`id`) ON DELETE CASCADE;

--
-- Constraints for table `craft_assetsources`
--
ALTER TABLE `craft_assetsources`
	ADD CONSTRAINT `craft_assetsources_fieldLayoutId_fk` FOREIGN KEY (`fieldLayoutId`) REFERENCES `craft_fieldlayouts` (`id`) ON DELETE SET NULL;

--
-- Constraints for table `craft_categories`
--
ALTER TABLE `craft_categories`
	ADD CONSTRAINT `craft_categories_groupId_fk` FOREIGN KEY (`groupId`) REFERENCES `craft_categorygroups` (`id`) ON DELETE CASCADE,
	ADD CONSTRAINT `craft_categories_id_fk` FOREIGN KEY (`id`) REFERENCES `craft_elements` (`id`) ON DELETE CASCADE;

--
-- Constraints for table `craft_categorygroups`
--
ALTER TABLE `craft_categorygroups`
	ADD CONSTRAINT `craft_categorygroups_fieldLayoutId_fk` FOREIGN KEY (`fieldLayoutId`) REFERENCES `craft_fieldlayouts` (`id`) ON DELETE SET NULL,
	ADD CONSTRAINT `craft_categorygroups_structureId_fk` FOREIGN KEY (`structureId`) REFERENCES `craft_structures` (`id`) ON DELETE CASCADE;

--
-- Constraints for table `craft_categorygroups_i18n`
--
ALTER TABLE `craft_categorygroups_i18n`
	ADD CONSTRAINT `craft_categorygroups_i18n_groupId_fk` FOREIGN KEY (`groupId`) REFERENCES `craft_categorygroups` (`id`) ON DELETE CASCADE,
	ADD CONSTRAINT `craft_categorygroups_i18n_locale_fk` FOREIGN KEY (`locale`) REFERENCES `craft_locales` (`locale`) ON DELETE CASCADE ON UPDATE CASCADE;

--
-- Constraints for table `craft_content`
--
ALTER TABLE `craft_content`
	ADD CONSTRAINT `craft_content_elementId_fk` FOREIGN KEY (`elementId`) REFERENCES `craft_elements` (`id`) ON DELETE CASCADE,
	ADD CONSTRAINT `craft_content_locale_fk` FOREIGN KEY (`locale`) REFERENCES `craft_locales` (`locale`) ON DELETE CASCADE ON UPDATE CASCADE;

--
-- Constraints for table `craft_elements_i18n`
--
ALTER TABLE `craft_elements_i18n`
	ADD CONSTRAINT `craft_elements_i18n_elementId_fk` FOREIGN KEY (`elementId`) REFERENCES `craft_elements` (`id`) ON DELETE CASCADE,
	ADD CONSTRAINT `craft_elements_i18n_locale_fk` FOREIGN KEY (`locale`) REFERENCES `craft_locales` (`locale`) ON DELETE CASCADE ON UPDATE CASCADE;

--
-- Constraints for table `craft_emailmessages`
--
ALTER TABLE `craft_emailmessages`
	ADD CONSTRAINT `craft_emailmessages_locale_fk` FOREIGN KEY (`locale`) REFERENCES `craft_locales` (`locale`) ON DELETE CASCADE ON UPDATE CASCADE;

--
-- Constraints for table `craft_entries`
--
ALTER TABLE `craft_entries`
	ADD CONSTRAINT `craft_entries_authorId_fk` FOREIGN KEY (`authorId`) REFERENCES `craft_users` (`id`) ON DELETE CASCADE,
	ADD CONSTRAINT `craft_entries_id_fk` FOREIGN KEY (`id`) REFERENCES `craft_elements` (`id`) ON DELETE CASCADE,
	ADD CONSTRAINT `craft_entries_sectionId_fk` FOREIGN KEY (`sectionId`) REFERENCES `craft_sections` (`id`) ON DELETE CASCADE,
	ADD CONSTRAINT `craft_entries_typeId_fk` FOREIGN KEY (`typeId`) REFERENCES `craft_entrytypes` (`id`) ON DELETE CASCADE;

--
-- Constraints for table `craft_entrydrafts`
--
ALTER TABLE `craft_entrydrafts`
	ADD CONSTRAINT `craft_entrydrafts_creatorId_fk` FOREIGN KEY (`creatorId`) REFERENCES `craft_users` (`id`) ON DELETE CASCADE,
	ADD CONSTRAINT `craft_entrydrafts_entryId_fk` FOREIGN KEY (`entryId`) REFERENCES `craft_entries` (`id`) ON DELETE CASCADE,
	ADD CONSTRAINT `craft_entrydrafts_locale_fk` FOREIGN KEY (`locale`) REFERENCES `craft_locales` (`locale`) ON DELETE CASCADE ON UPDATE CASCADE,
	ADD CONSTRAINT `craft_entrydrafts_sectionId_fk` FOREIGN KEY (`sectionId`) REFERENCES `craft_sections` (`id`) ON DELETE CASCADE;

--
-- Constraints for table `craft_entrytypes`
--
ALTER TABLE `craft_entrytypes`
	ADD CONSTRAINT `craft_entrytypes_fieldLayoutId_fk` FOREIGN KEY (`fieldLayoutId`) REFERENCES `craft_fieldlayouts` (`id`) ON DELETE SET NULL,
	ADD CONSTRAINT `craft_entrytypes_sectionId_fk` FOREIGN KEY (`sectionId`) REFERENCES `craft_sections` (`id`) ON DELETE CASCADE;

--
-- Constraints for table `craft_entryversions`
--
ALTER TABLE `craft_entryversions`
	ADD CONSTRAINT `craft_entryversions_creatorId_fk` FOREIGN KEY (`creatorId`) REFERENCES `craft_users` (`id`) ON DELETE SET NULL,
	ADD CONSTRAINT `craft_entryversions_entryId_fk` FOREIGN KEY (`entryId`) REFERENCES `craft_entries` (`id`) ON DELETE CASCADE,
	ADD CONSTRAINT `craft_entryversions_locale_fk` FOREIGN KEY (`locale`) REFERENCES `craft_locales` (`locale`) ON DELETE CASCADE ON UPDATE CASCADE,
	ADD CONSTRAINT `craft_entryversions_sectionId_fk` FOREIGN KEY (`sectionId`) REFERENCES `craft_sections` (`id`) ON DELETE CASCADE;

--
-- Constraints for table `craft_fieldlayoutfields`
--
ALTER TABLE `craft_fieldlayoutfields`
	ADD CONSTRAINT `craft_fieldlayoutfields_fieldId_fk` FOREIGN KEY (`fieldId`) REFERENCES `craft_fields` (`id`) ON DELETE CASCADE,
	ADD CONSTRAINT `craft_fieldlayoutfields_layoutId_fk` FOREIGN KEY (`layoutId`) REFERENCES `craft_fieldlayouts` (`id`) ON DELETE CASCADE,
	ADD CONSTRAINT `craft_fieldlayoutfields_tabId_fk` FOREIGN KEY (`tabId`) REFERENCES `craft_fieldlayouttabs` (`id`) ON DELETE CASCADE;

--
-- Constraints for table `craft_fieldlayouttabs`
--
ALTER TABLE `craft_fieldlayouttabs`
	ADD CONSTRAINT `craft_fieldlayouttabs_layoutId_fk` FOREIGN KEY (`layoutId`) REFERENCES `craft_fieldlayouts` (`id`) ON DELETE CASCADE;

--
-- Constraints for table `craft_fields`
--
ALTER TABLE `craft_fields`
	ADD CONSTRAINT `craft_fields_groupId_fk` FOREIGN KEY (`groupId`) REFERENCES `craft_fieldgroups` (`id`) ON DELETE CASCADE;

--
-- Constraints for table `craft_globalsets`
--
ALTER TABLE `craft_globalsets`
	ADD CONSTRAINT `craft_globalsets_fieldLayoutId_fk` FOREIGN KEY (`fieldLayoutId`) REFERENCES `craft_fieldlayouts` (`id`) ON DELETE SET NULL,
	ADD CONSTRAINT `craft_globalsets_id_fk` FOREIGN KEY (`id`) REFERENCES `craft_elements` (`id`) ON DELETE CASCADE;

--
-- Constraints for table `craft_matrixblocks`
--
ALTER TABLE `craft_matrixblocks`
	ADD CONSTRAINT `craft_matrixblocks_fieldId_fk` FOREIGN KEY (`fieldId`) REFERENCES `craft_fields` (`id`) ON DELETE CASCADE,
	ADD CONSTRAINT `craft_matrixblocks_id_fk` FOREIGN KEY (`id`) REFERENCES `craft_elements` (`id`) ON DELETE CASCADE,
	ADD CONSTRAINT `craft_matrixblocks_ownerId_fk` FOREIGN KEY (`ownerId`) REFERENCES `craft_elements` (`id`) ON DELETE CASCADE,
	ADD CONSTRAINT `craft_matrixblocks_ownerLocale_fk` FOREIGN KEY (`ownerLocale`) REFERENCES `craft_locales` (`locale`) ON DELETE CASCADE ON UPDATE CASCADE,
	ADD CONSTRAINT `craft_matrixblocks_typeId_fk` FOREIGN KEY (`typeId`) REFERENCES `craft_matrixblocktypes` (`id`) ON DELETE CASCADE;

--
-- Constraints for table `craft_matrixblocktypes`
--
ALTER TABLE `craft_matrixblocktypes`
	ADD CONSTRAINT `craft_matrixblocktypes_fieldId_fk` FOREIGN KEY (`fieldId`) REFERENCES `craft_fields` (`id`) ON DELETE CASCADE,
	ADD CONSTRAINT `craft_matrixblocktypes_fieldLayoutId_fk` FOREIGN KEY (`fieldLayoutId`) REFERENCES `craft_fieldlayouts` (`id`) ON DELETE SET NULL;

--
-- Constraints for table `craft_matrixcontent_admanager`
--
ALTER TABLE `craft_matrixcontent_admanager`
	ADD CONSTRAINT `craft_matrixcontent_admanager_elementId_fk` FOREIGN KEY (`elementId`) REFERENCES `craft_elements` (`id`) ON DELETE CASCADE,
	ADD CONSTRAINT `craft_matrixcontent_admanager_locale_fk` FOREIGN KEY (`locale`) REFERENCES `craft_locales` (`locale`) ON DELETE CASCADE ON UPDATE CASCADE;

--
-- Constraints for table `craft_matrixcontent_blockquote`
--
ALTER TABLE `craft_matrixcontent_blockquote`
	ADD CONSTRAINT `craft_matrixcontent_blockquote_elementId_fk` FOREIGN KEY (`elementId`) REFERENCES `craft_elements` (`id`) ON DELETE CASCADE,
	ADD CONSTRAINT `craft_matrixcontent_blockquote_locale_fk` FOREIGN KEY (`locale`) REFERENCES `craft_locales` (`locale`) ON DELETE CASCADE ON UPDATE CASCADE;

--
-- Constraints for table `craft_matrixcontent_cb_copylockup`
--
ALTER TABLE `craft_matrixcontent_cb_copylockup`
	ADD CONSTRAINT `craft_matrixcontent_cb_copylockup_elementId_fk` FOREIGN KEY (`elementId`) REFERENCES `craft_elements` (`id`) ON DELETE CASCADE,
	ADD CONSTRAINT `craft_matrixcontent_cb_copylockup_locale_fk` FOREIGN KEY (`locale`) REFERENCES `craft_locales` (`locale`) ON DELETE CASCADE ON UPDATE CASCADE;

--
-- Constraints for table `craft_matrixcontent_chillahtooltip`
--
ALTER TABLE `craft_matrixcontent_chillahtooltip`
	ADD CONSTRAINT `craft_matrixcontent_chillahtooltip_elementId_fk` FOREIGN KEY (`elementId`) REFERENCES `craft_elements` (`id`) ON DELETE CASCADE,
	ADD CONSTRAINT `craft_matrixcontent_chillahtooltip_locale_fk` FOREIGN KEY (`locale`) REFERENCES `craft_locales` (`locale`) ON DELETE CASCADE ON UPDATE CASCADE;

--
-- Constraints for table `craft_matrixcontent_ctabuttons`
--
ALTER TABLE `craft_matrixcontent_ctabuttons`
	ADD CONSTRAINT `craft_matrixcontent_ctabuttons_elementId_fk` FOREIGN KEY (`elementId`) REFERENCES `craft_elements` (`id`) ON DELETE CASCADE,
	ADD CONSTRAINT `craft_matrixcontent_ctabuttons_locale_fk` FOREIGN KEY (`locale`) REFERENCES `craft_locales` (`locale`) ON DELETE CASCADE ON UPDATE CASCADE;

--
-- Constraints for table `craft_matrixcontent_devicetab`
--
ALTER TABLE `craft_matrixcontent_devicetab`
	ADD CONSTRAINT `craft_matrixcontent_devicetab_elementId_fk` FOREIGN KEY (`elementId`) REFERENCES `craft_elements` (`id`) ON DELETE CASCADE,
	ADD CONSTRAINT `craft_matrixcontent_devicetab_locale_fk` FOREIGN KEY (`locale`) REFERENCES `craft_locales` (`locale`) ON DELETE CASCADE ON UPDATE CASCADE;

--
-- Constraints for table `craft_matrixcontent_grouplinks`
--
ALTER TABLE `craft_matrixcontent_grouplinks`
	ADD CONSTRAINT `craft_matrixcontent_grouplinks_elementId_fk` FOREIGN KEY (`elementId`) REFERENCES `craft_elements` (`id`) ON DELETE CASCADE,
	ADD CONSTRAINT `craft_matrixcontent_grouplinks_locale_fk` FOREIGN KEY (`locale`) REFERENCES `craft_locales` (`locale`) ON DELETE CASCADE ON UPDATE CASCADE;

--
-- Constraints for table `craft_matrixcontent_heroimage`
--
ALTER TABLE `craft_matrixcontent_heroimage`
	ADD CONSTRAINT `craft_matrixcontent_heroimage_elementId_fk` FOREIGN KEY (`elementId`) REFERENCES `craft_elements` (`id`) ON DELETE CASCADE,
	ADD CONSTRAINT `craft_matrixcontent_heroimage_locale_fk` FOREIGN KEY (`locale`) REFERENCES `craft_locales` (`locale`) ON DELETE CASCADE ON UPDATE CASCADE;

--
-- Constraints for table `craft_matrixcontent_homehero`
--
ALTER TABLE `craft_matrixcontent_homehero`
	ADD CONSTRAINT `craft_matrixcontent_homehero_elementId_fk` FOREIGN KEY (`elementId`) REFERENCES `craft_elements` (`id`) ON DELETE CASCADE,
	ADD CONSTRAINT `craft_matrixcontent_homehero_locale_fk` FOREIGN KEY (`locale`) REFERENCES `craft_locales` (`locale`) ON DELETE CASCADE ON UPDATE CASCADE;

--
-- Constraints for table `craft_matrixcontent_imagecardrow`
--
ALTER TABLE `craft_matrixcontent_imagecardrow`
	ADD CONSTRAINT `craft_matrixcontent_imagecardrow_elementId_fk` FOREIGN KEY (`elementId`) REFERENCES `craft_elements` (`id`) ON DELETE CASCADE,
	ADD CONSTRAINT `craft_matrixcontent_imagecardrow_locale_fk` FOREIGN KEY (`locale`) REFERENCES `craft_locales` (`locale`) ON DELETE CASCADE ON UPDATE CASCADE;

--
-- Constraints for table `craft_matrixcontent_imagewithalt`
--
ALTER TABLE `craft_matrixcontent_imagewithalt`
	ADD CONSTRAINT `craft_matrixcontent_imagewithalt_elementId_fk` FOREIGN KEY (`elementId`) REFERENCES `craft_elements` (`id`) ON DELETE CASCADE,
	ADD CONSTRAINT `craft_matrixcontent_imagewithalt_locale_fk` FOREIGN KEY (`locale`) REFERENCES `craft_locales` (`locale`) ON DELETE CASCADE ON UPDATE CASCADE;

--
-- Constraints for table `craft_matrixcontent_legallinks`
--
ALTER TABLE `craft_matrixcontent_legallinks`
	ADD CONSTRAINT `craft_matrixcontent_legallinks_elementId_fk` FOREIGN KEY (`elementId`) REFERENCES `craft_elements` (`id`) ON DELETE CASCADE,
	ADD CONSTRAINT `craft_matrixcontent_legallinks_locale_fk` FOREIGN KEY (`locale`) REFERENCES `craft_locales` (`locale`) ON DELETE CASCADE ON UPDATE CASCADE;

--
-- Constraints for table `craft_matrixcontent_logos`
--
ALTER TABLE `craft_matrixcontent_logos`
	ADD CONSTRAINT `craft_matrixcontent_logos_elementId_fk` FOREIGN KEY (`elementId`) REFERENCES `craft_elements` (`id`) ON DELETE CASCADE,
	ADD CONSTRAINT `craft_matrixcontent_logos_locale_fk` FOREIGN KEY (`locale`) REFERENCES `craft_locales` (`locale`) ON DELETE CASCADE ON UPDATE CASCADE;

--
-- Constraints for table `craft_matrixcontent_mobiledevices`
--
ALTER TABLE `craft_matrixcontent_mobiledevices`
	ADD CONSTRAINT `craft_matrixcontent_mobiledevices_elementId_fk` FOREIGN KEY (`elementId`) REFERENCES `craft_elements` (`id`) ON DELETE CASCADE,
	ADD CONSTRAINT `craft_matrixcontent_mobiledevices_locale_fk` FOREIGN KEY (`locale`) REFERENCES `craft_locales` (`locale`) ON DELETE CASCADE ON UPDATE CASCADE;

--
-- Constraints for table `craft_matrixcontent_navitems`
--
ALTER TABLE `craft_matrixcontent_navitems`
	ADD CONSTRAINT `craft_matrixcontent_navitems_elementId_fk` FOREIGN KEY (`elementId`) REFERENCES `craft_elements` (`id`) ON DELETE CASCADE,
	ADD CONSTRAINT `craft_matrixcontent_navitems_locale_fk` FOREIGN KEY (`locale`) REFERENCES `craft_locales` (`locale`) ON DELETE CASCADE ON UPDATE CASCADE;

--
-- Constraints for table `craft_matrixcontent_pageannotations`
--
ALTER TABLE `craft_matrixcontent_pageannotations`
	ADD CONSTRAINT `craft_matrixcontent_pageannotations_elementId_fk` FOREIGN KEY (`elementId`) REFERENCES `craft_elements` (`id`) ON DELETE CASCADE,
	ADD CONSTRAINT `craft_matrixcontent_pageannotations_locale_fk` FOREIGN KEY (`locale`) REFERENCES `craft_locales` (`locale`) ON DELETE CASCADE ON UPDATE CASCADE;

--
-- Constraints for table `craft_matrixcontent_prefooterheadline`
--
ALTER TABLE `craft_matrixcontent_prefooterheadline`
	ADD CONSTRAINT `craft_matrixcontent_prefooterheadline_elementId_fk` FOREIGN KEY (`elementId`) REFERENCES `craft_elements` (`id`) ON DELETE CASCADE,
	ADD CONSTRAINT `craft_matrixcontent_prefooterheadline_locale_fk` FOREIGN KEY (`locale`) REFERENCES `craft_locales` (`locale`) ON DELETE CASCADE ON UPDATE CASCADE;

--
-- Constraints for table `craft_matrixcontent_secondarynavigation`
--
ALTER TABLE `craft_matrixcontent_secondarynavigation`
	ADD CONSTRAINT `craft_matrixcontent_secondarynavigation_elementId_fk` FOREIGN KEY (`elementId`) REFERENCES `craft_elements` (`id`) ON DELETE CASCADE,
	ADD CONSTRAINT `craft_matrixcontent_secondarynavigation_locale_fk` FOREIGN KEY (`locale`) REFERENCES `craft_locales` (`locale`) ON DELETE CASCADE ON UPDATE CASCADE;

--
-- Constraints for table `craft_matrixcontent_statcards`
--
ALTER TABLE `craft_matrixcontent_statcards`
	ADD CONSTRAINT `craft_matrixcontent_statcards_elementId_fk` FOREIGN KEY (`elementId`) REFERENCES `craft_elements` (`id`) ON DELETE CASCADE,
	ADD CONSTRAINT `craft_matrixcontent_statcards_locale_fk` FOREIGN KEY (`locale`) REFERENCES `craft_locales` (`locale`) ON DELETE CASCADE ON UPDATE CASCADE;

--
-- Constraints for table `craft_matrixcontent_storymetrics`
--
ALTER TABLE `craft_matrixcontent_storymetrics`
	ADD CONSTRAINT `craft_matrixcontent_storymetrics_elementId_fk` FOREIGN KEY (`elementId`) REFERENCES `craft_elements` (`id`) ON DELETE CASCADE,
	ADD CONSTRAINT `craft_matrixcontent_storymetrics_locale_fk` FOREIGN KEY (`locale`) REFERENCES `craft_locales` (`locale`) ON DELETE CASCADE ON UPDATE CASCADE;

--
-- Constraints for table `craft_matrixcontent_subnavitems`
--
ALTER TABLE `craft_matrixcontent_subnavitems`
	ADD CONSTRAINT `craft_matrixcontent_subnavitems_elementId_fk` FOREIGN KEY (`elementId`) REFERENCES `craft_elements` (`id`) ON DELETE CASCADE,
	ADD CONSTRAINT `craft_matrixcontent_subnavitems_locale_fk` FOREIGN KEY (`locale`) REFERENCES `craft_locales` (`locale`) ON DELETE CASCADE ON UPDATE CASCADE;

--
-- Constraints for table `craft_matrixcontent_takeawaygrid`
--
ALTER TABLE `craft_matrixcontent_takeawaygrid`
	ADD CONSTRAINT `craft_matrixcontent_takeawaygrid_elementId_fk` FOREIGN KEY (`elementId`) REFERENCES `craft_elements` (`id`) ON DELETE CASCADE,
	ADD CONSTRAINT `craft_matrixcontent_takeawaygrid_locale_fk` FOREIGN KEY (`locale`) REFERENCES `craft_locales` (`locale`) ON DELETE CASCADE ON UPDATE CASCADE;

--
-- Constraints for table `craft_matrixcontent_video`
--
ALTER TABLE `craft_matrixcontent_video`
	ADD CONSTRAINT `craft_matrixcontent_video_elementId_fk` FOREIGN KEY (`elementId`) REFERENCES `craft_elements` (`id`) ON DELETE CASCADE,
	ADD CONSTRAINT `craft_matrixcontent_video_locale_fk` FOREIGN KEY (`locale`) REFERENCES `craft_locales` (`locale`) ON DELETE CASCADE ON UPDATE CASCADE;

--
-- Constraints for table `craft_matrixcontent_videostep`
--
ALTER TABLE `craft_matrixcontent_videostep`
	ADD CONSTRAINT `craft_matrixcontent_videostep_elementId_fk` FOREIGN KEY (`elementId`) REFERENCES `craft_elements` (`id`) ON DELETE CASCADE,
	ADD CONSTRAINT `craft_matrixcontent_videostep_locale_fk` FOREIGN KEY (`locale`) REFERENCES `craft_locales` (`locale`) ON DELETE CASCADE ON UPDATE CASCADE;

--
-- Constraints for table `craft_migrations`
--
ALTER TABLE `craft_migrations`
	ADD CONSTRAINT `craft_migrations_pluginId_fk` FOREIGN KEY (`pluginId`) REFERENCES `craft_plugins` (`id`) ON DELETE CASCADE;

--
-- Constraints for table `craft_neoblocks`
--
ALTER TABLE `craft_neoblocks`
	ADD CONSTRAINT `craft_neoblocks_fieldId_fk` FOREIGN KEY (`fieldId`) REFERENCES `craft_fields` (`id`) ON DELETE CASCADE,
	ADD CONSTRAINT `craft_neoblocks_id_fk` FOREIGN KEY (`id`) REFERENCES `craft_elements` (`id`) ON DELETE CASCADE,
	ADD CONSTRAINT `craft_neoblocks_ownerId_fk` FOREIGN KEY (`ownerId`) REFERENCES `craft_elements` (`id`) ON DELETE CASCADE,
	ADD CONSTRAINT `craft_neoblocks_ownerLocale_fk` FOREIGN KEY (`ownerLocale`) REFERENCES `craft_locales` (`locale`) ON DELETE CASCADE ON UPDATE CASCADE,
	ADD CONSTRAINT `craft_neoblocks_typeId_fk` FOREIGN KEY (`typeId`) REFERENCES `craft_neoblocktypes` (`id`) ON DELETE CASCADE;

--
-- Constraints for table `craft_neoblockstructures`
--
ALTER TABLE `craft_neoblockstructures`
	ADD CONSTRAINT `craft_neoblockstructures_fieldId_fk` FOREIGN KEY (`fieldId`) REFERENCES `craft_fields` (`id`) ON DELETE CASCADE,
	ADD CONSTRAINT `craft_neoblockstructures_ownerId_fk` FOREIGN KEY (`ownerId`) REFERENCES `craft_elements` (`id`) ON DELETE CASCADE,
	ADD CONSTRAINT `craft_neoblockstructures_ownerLocale_fk` FOREIGN KEY (`ownerLocale`) REFERENCES `craft_locales` (`locale`) ON DELETE CASCADE ON UPDATE CASCADE,
	ADD CONSTRAINT `craft_neoblockstructures_structureId_fk` FOREIGN KEY (`structureId`) REFERENCES `craft_structures` (`id`) ON DELETE CASCADE;

--
-- Constraints for table `craft_neoblocktypes`
--
ALTER TABLE `craft_neoblocktypes`
	ADD CONSTRAINT `craft_neoblocktypes_fieldId_fk` FOREIGN KEY (`fieldId`) REFERENCES `craft_fields` (`id`) ON DELETE CASCADE,
	ADD CONSTRAINT `craft_neoblocktypes_fieldLayoutId_fk` FOREIGN KEY (`fieldLayoutId`) REFERENCES `craft_fieldlayouts` (`id`) ON DELETE SET NULL;

--
-- Constraints for table `craft_neogroups`
--
ALTER TABLE `craft_neogroups`
	ADD CONSTRAINT `craft_neogroups_fieldId_fk` FOREIGN KEY (`fieldId`) REFERENCES `craft_fields` (`id`) ON DELETE CASCADE;

--
-- Constraints for table `craft_relations`
--
ALTER TABLE `craft_relations`
	ADD CONSTRAINT `craft_relations_fieldId_fk` FOREIGN KEY (`fieldId`) REFERENCES `craft_fields` (`id`) ON DELETE CASCADE,
	ADD CONSTRAINT `craft_relations_sourceId_fk` FOREIGN KEY (`sourceId`) REFERENCES `craft_elements` (`id`) ON DELETE CASCADE,
	ADD CONSTRAINT `craft_relations_sourceLocale_fk` FOREIGN KEY (`sourceLocale`) REFERENCES `craft_locales` (`locale`) ON DELETE CASCADE ON UPDATE CASCADE,
	ADD CONSTRAINT `craft_relations_targetId_fk` FOREIGN KEY (`targetId`) REFERENCES `craft_elements` (`id`) ON DELETE CASCADE;

--
-- Constraints for table `craft_routes`
--
ALTER TABLE `craft_routes`
	ADD CONSTRAINT `craft_routes_locale_fk` FOREIGN KEY (`locale`) REFERENCES `craft_locales` (`locale`) ON DELETE CASCADE ON UPDATE CASCADE;

--
-- Constraints for table `craft_sections`
--
ALTER TABLE `craft_sections`
	ADD CONSTRAINT `craft_sections_structureId_fk` FOREIGN KEY (`structureId`) REFERENCES `craft_structures` (`id`) ON DELETE SET NULL;

--
-- Constraints for table `craft_sections_i18n`
--
ALTER TABLE `craft_sections_i18n`
	ADD CONSTRAINT `craft_sections_i18n_locale_fk` FOREIGN KEY (`locale`) REFERENCES `craft_locales` (`locale`) ON DELETE CASCADE ON UPDATE CASCADE,
	ADD CONSTRAINT `craft_sections_i18n_sectionId_fk` FOREIGN KEY (`sectionId`) REFERENCES `craft_sections` (`id`) ON DELETE CASCADE;

--
-- Constraints for table `craft_sessions`
--
ALTER TABLE `craft_sessions`
	ADD CONSTRAINT `craft_sessions_userId_fk` FOREIGN KEY (`userId`) REFERENCES `craft_users` (`id`) ON DELETE CASCADE;

--
-- Constraints for table `craft_shunnedmessages`
--
ALTER TABLE `craft_shunnedmessages`
	ADD CONSTRAINT `craft_shunnedmessages_userId_fk` FOREIGN KEY (`userId`) REFERENCES `craft_users` (`id`) ON DELETE CASCADE;

--
-- Constraints for table `craft_structureelements`
--
ALTER TABLE `craft_structureelements`
	ADD CONSTRAINT `craft_structureelements_elementId_fk` FOREIGN KEY (`elementId`) REFERENCES `craft_elements` (`id`) ON DELETE CASCADE,
	ADD CONSTRAINT `craft_structureelements_structureId_fk` FOREIGN KEY (`structureId`) REFERENCES `craft_structures` (`id`) ON DELETE CASCADE;

--
-- Constraints for table `craft_supertablecontent_cb_elementgrids`
--
ALTER TABLE `craft_supertablecontent_cb_elementgrids`
	ADD CONSTRAINT `craft_supertablecontent_cb_elementgrids_elementId_fk` FOREIGN KEY (`elementId`) REFERENCES `craft_elements` (`id`) ON DELETE CASCADE,
	ADD CONSTRAINT `craft_supertablecontent_cb_elementgrids_locale_fk` FOREIGN KEY (`locale`) REFERENCES `craft_locales` (`locale`) ON DELETE CASCADE ON UPDATE CASCADE;

--
-- Constraints for table `craft_taggroups`
--
ALTER TABLE `craft_taggroups`
	ADD CONSTRAINT `craft_taggroups_fieldLayoutId_fk` FOREIGN KEY (`fieldLayoutId`) REFERENCES `craft_fieldlayouts` (`id`) ON DELETE SET NULL;

--
-- Constraints for table `craft_tags`
--
ALTER TABLE `craft_tags`
	ADD CONSTRAINT `craft_tags_groupId_fk` FOREIGN KEY (`groupId`) REFERENCES `craft_taggroups` (`id`) ON DELETE CASCADE,
	ADD CONSTRAINT `craft_tags_id_fk` FOREIGN KEY (`id`) REFERENCES `craft_elements` (`id`) ON DELETE CASCADE;

--
-- Constraints for table `craft_templatecachecriteria`
--
ALTER TABLE `craft_templatecachecriteria`
	ADD CONSTRAINT `craft_templatecachecriteria_cacheId_fk` FOREIGN KEY (`cacheId`) REFERENCES `craft_templatecaches` (`id`) ON DELETE CASCADE;

--
-- Constraints for table `craft_templatecacheelements`
--
ALTER TABLE `craft_templatecacheelements`
	ADD CONSTRAINT `craft_templatecacheelements_cacheId_fk` FOREIGN KEY (`cacheId`) REFERENCES `craft_templatecaches` (`id`) ON DELETE CASCADE,
	ADD CONSTRAINT `craft_templatecacheelements_elementId_fk` FOREIGN KEY (`elementId`) REFERENCES `craft_elements` (`id`) ON DELETE CASCADE;

--
-- Constraints for table `craft_templatecaches`
--
ALTER TABLE `craft_templatecaches`
	ADD CONSTRAINT `craft_templatecaches_locale_fk` FOREIGN KEY (`locale`) REFERENCES `craft_locales` (`locale`) ON DELETE CASCADE ON UPDATE CASCADE;

--
-- Constraints for table `craft_usergroups_users`
--
ALTER TABLE `craft_usergroups_users`
	ADD CONSTRAINT `craft_usergroups_users_groupId_fk` FOREIGN KEY (`groupId`) REFERENCES `craft_usergroups` (`id`) ON DELETE CASCADE,
	ADD CONSTRAINT `craft_usergroups_users_userId_fk` FOREIGN KEY (`userId`) REFERENCES `craft_users` (`id`) ON DELETE CASCADE;

--
-- Constraints for table `craft_userpermissions_usergroups`
--
ALTER TABLE `craft_userpermissions_usergroups`
	ADD CONSTRAINT `craft_userpermissions_usergroups_groupId_fk` FOREIGN KEY (`groupId`) REFERENCES `craft_usergroups` (`id`) ON DELETE CASCADE,
	ADD CONSTRAINT `craft_userpermissions_usergroups_permissionId_fk` FOREIGN KEY (`permissionId`) REFERENCES `craft_userpermissions` (`id`) ON DELETE CASCADE;

--
-- Constraints for table `craft_userpermissions_users`
--
ALTER TABLE `craft_userpermissions_users`
	ADD CONSTRAINT `craft_userpermissions_users_permissionId_fk` FOREIGN KEY (`permissionId`) REFERENCES `craft_userpermissions` (`id`) ON DELETE CASCADE,
	ADD CONSTRAINT `craft_userpermissions_users_userId_fk` FOREIGN KEY (`userId`) REFERENCES `craft_users` (`id`) ON DELETE CASCADE;

--
-- Constraints for table `craft_users`
--
ALTER TABLE `craft_users`
	ADD CONSTRAINT `craft_users_id_fk` FOREIGN KEY (`id`) REFERENCES `craft_elements` (`id`) ON DELETE CASCADE,
	ADD CONSTRAINT `craft_users_preferredLocale_fk` FOREIGN KEY (`preferredLocale`) REFERENCES `craft_locales` (`locale`) ON DELETE SET NULL ON UPDATE CASCADE;

--
-- Constraints for table `craft_widgets`
--
ALTER TABLE `craft_widgets`
	ADD CONSTRAINT `craft_widgets_userId_fk` FOREIGN KEY (`userId`) REFERENCES `craft_users` (`id`) ON DELETE CASCADE;

SET FOREIGN_KEY_CHECKS = 1;
