-- Generated by Craft v2.6.2988 on Aug 10, 2017, 11:41:15 PM.

--
-- Disable foreign key checks and autocommit.
--

SET FOREIGN_KEY_CHECKS = 0;
SET SQL_MODE = "NO_AUTO_VALUE_ON_ZERO";
SET AUTOCOMMIT = 0;
SET NAMES utf8;


DROP TABLE IF EXISTS `craft_assetfiles`;


--
-- Schema for table `craft_assetfiles`
--
CREATE TABLE `craft_assetfiles` (
  `id` int(11) NOT NULL,
  `sourceId` int(11) DEFAULT NULL,
  `folderId` int(11) NOT NULL,
  `filename` varchar(255) COLLATE utf8_unicode_ci NOT NULL,
  `kind` varchar(50) COLLATE utf8_unicode_ci NOT NULL DEFAULT 'unknown',
  `width` int(11) unsigned DEFAULT NULL,
  `height` int(11) unsigned DEFAULT NULL,
  `size` bigint(20) unsigned DEFAULT NULL,
  `dateModified` datetime DEFAULT NULL,
  `dateCreated` datetime NOT NULL,
  `dateUpdated` datetime NOT NULL,
  `uid` char(36) COLLATE utf8_unicode_ci NOT NULL DEFAULT '0',
  PRIMARY KEY (`id`),
  UNIQUE KEY `craft_assetfiles_filename_folderId_unq_idx` (`filename`,`folderId`),
  KEY `craft_assetfiles_sourceId_fk` (`sourceId`),
  KEY `craft_assetfiles_folderId_fk` (`folderId`)
) ENGINE=InnoDB DEFAULT CHARSET=utf8 COLLATE=utf8_unicode_ci;

--
-- Data for table `craft_assetfiles`
--

INSERT INTO `craft_assetfiles` (`id`, `sourceId`, `folderId`, `filename`, `kind`, `width`, `height`, `size`, `dateModified`, `dateCreated`, `dateUpdated`, `uid`) VALUES
 ('8', '1', '1', 'snap_ad_reporting_1x.png', 'image', '634', '373', '66380', '2017-07-20 22:19:56', '2017-07-20 22:19:56', '2017-07-20 22:19:56', '95b41087-efd5-42aa-9ef5-aa79913b640d'),
 ('14', '1', '1', 'homepage-1-1.png', 'image', '197', '163', '16770', '2017-07-20 22:49:12', '2017-07-20 22:49:12', '2017-07-20 22:49:12', '2d2a2927-c37e-4674-be23-571a0cbf4596'),
 ('15', '1', '1', 'homepage-1-2.png', 'image', '192', '159', '14613', '2017-07-20 22:49:12', '2017-07-20 22:49:12', '2017-07-20 22:49:12', '05a962d7-e2d1-4159-ac9f-1e53ecf741e4'),
 ('16', '1', '1', 'homepage-1-3.png', 'image', '208', '150', '7540', '2017-07-20 22:49:12', '2017-07-20 22:49:12', '2017-07-20 22:49:12', '8c549880-48cb-4218-a737-760cf05b4504'),
 ('38', '2', '2', 'filter_reporting_2x.jpg', 'image', '1268', '722', '30553', '2017-07-26 21:01:07', '2017-07-26 21:01:07', '2017-07-26 21:01:07', '40c48100-eb4c-48cb-bad5-21d1125e9e0b'),
 ('45', '1', '1', 'measurement-reach.svg', 'image', '231', '139', '4682', '2017-07-26 21:17:47', '2017-07-26 21:17:47', '2017-07-26 21:17:47', '05cc849e-17e1-4871-9161-3c822384df40'),
 ('46', '1', '1', 'measurement-reaction.svg', 'image', '214', '183', '3390', '2017-07-26 21:17:47', '2017-07-26 21:17:47', '2017-07-26 21:17:47', '22bd4fd7-0bdb-4349-8763-cbb08fe2e5b2'),
 ('47', '1', '1', 'measurement-resonance.svg', 'image', '230', '103', '1061', '2017-07-26 21:17:47', '2017-07-26 21:17:47', '2017-07-26 21:17:47', 'ee675059-e4ae-4f3c-8431-c7bd28755026'),
 ('48', '1', '1', 'measurement-snap-to.svg', 'image', '196', '196', '4554', '2017-07-26 21:17:47', '2017-07-26 21:17:47', '2017-07-26 21:17:47', '2e2855cd-118d-4bc5-845b-d83f65bbe93f'),
 ('49', '1', '1', 'measurement-verification.svg', 'image', '91', '157', '1198', '2017-07-26 21:17:47', '2017-07-26 21:17:47', '2017-07-26 21:17:47', '1304cfce-6f98-4b7a-8330-cc53b4319a4b'),
 ('50', '1', '1', 'measurement-viewability.svg', 'image', '231', '165', '2297', '2017-07-26 21:19:01', '2017-07-26 21:19:01', '2017-07-26 21:19:01', '91ef29a5-2e65-4346-acff-0d3d14fd4ac4'),
 ('61', '2', '2', 'snap-to-store_clock_2x.png', 'image', '392', '392', '28591', '2017-07-26 21:26:59', '2017-07-26 21:26:59', '2017-07-26 21:26:59', '1521eff5-05c7-46e1-9d3d-1ccca44a375f'),
 ('68', '2', '2', 'snap-to-store_chillahs_2x.png', 'image', '1166', '472', '80933', '2017-07-26 21:28:10', '2017-07-26 21:28:10', '2017-07-26 21:28:10', '8945f3be-2533-41c4-a48a-f9df972e30a6'),
 ('76', '2', '9', 'adjust_2x.png', 'image', '164', '52', '7077', '2017-07-26 21:58:07', '2017-07-26 21:58:07', '2017-07-26 21:58:07', 'f2cfaf48-bfce-40ab-bb10-0cfb65d198fa'),
 ('77', '2', '9', 'appsflyer_2x.png', 'image', '236', '70', '9152', '2017-07-26 21:58:07', '2017-07-26 21:58:07', '2017-07-26 21:58:07', '8d78f06f-690f-4826-9ed3-fd865b2777f6'),
 ('78', '2', '9', 'doubleclick_2x.png', 'image', '240', '52', '9269', '2017-07-26 21:58:07', '2017-07-26 21:58:07', '2017-07-26 21:58:07', '71517b06-73ec-4393-8ee7-04677aed120c'),
 ('79', '2', '9', 'innovid_2x.png', 'image', '176', '34', '6767', '2017-07-26 21:58:08', '2017-07-26 21:58:08', '2017-07-26 21:58:08', '3be1305d-56e3-41e4-b31b-9dcb668c3966'),
 ('80', '2', '9', 'kochava_2x.png', 'image', '206', '42', '6126', '2017-07-26 21:58:08', '2017-07-26 21:58:08', '2017-07-26 21:58:08', '7eb8e0e6-b128-4506-855b-fd96eebc204d'),
 ('81', '2', '9', 'liveramp_2x.png', 'image', '212', '44', '9345', '2017-07-26 21:58:08', '2017-07-26 21:58:08', '2017-07-26 21:58:08', 'b3647b59-dd7b-4d06-bb01-afb3680c4ec3'),
 ('82', '2', '9', 'millwardbrown_2x.png', 'image', '256', '56', '11202', '2017-07-26 21:58:10', '2017-07-26 21:58:10', '2017-07-26 21:58:10', '23ea33ef-5e23-4c68-865a-d0ddb89f67e8'),
 ('83', '2', '9', 'moat_2x.png', 'image', '170', '40', '5709', '2017-07-26 21:58:11', '2017-07-26 21:58:11', '2017-07-26 21:58:11', 'bef717fd-46c6-4e1a-bc21-a230caaafb6c'),
 ('84', '2', '9', 'neustar_2x.png', 'image', '218', '44', '8547', '2017-07-26 21:58:11', '2017-07-26 21:58:11', '2017-07-26 21:58:11', 'fdfca102-0b17-4fff-b5b7-18c22158cc4a'),
 ('85', '2', '9', 'nielsen_2x.png', 'image', '168', '54', '6696', '2017-07-26 21:58:11', '2017-07-26 21:58:11', '2017-07-26 21:58:11', 'deddf2ab-1f59-49c0-8e82-eaf5237428d5'),
 ('86', '2', '9', 'oracle_2x.png', 'image', '172', '60', '4194', '2017-07-26 21:58:11', '2017-07-26 21:58:11', '2017-07-26 21:58:11', '9612ec9c-30c0-4c00-9d79-75bca1ec4d7f'),
 ('87', '2', '9', 'placed_2x.png', 'image', '184', '38', '7331', '2017-07-26 21:58:11', '2017-07-26 21:58:11', '2017-07-26 21:58:11', 'e3ba79e9-ac2f-4c52-ae02-73922342b062'),
 ('88', '2', '9', 'singular_2x.png', 'image', '236', '58', '3446', '2017-07-26 21:58:12', '2017-07-26 21:58:12', '2017-07-26 21:58:12', '2e9195e7-6e87-4ce1-8aba-5174799399fa'),
 ('89', '2', '9', 'sizmek_2x.png', 'image', '176', '48', '4933', '2017-07-26 21:58:12', '2017-07-26 21:58:12', '2017-07-26 21:58:12', '5f3f363f-37cc-4a36-85a0-628798baad14'),
 ('90', '2', '9', 'tune_2x.png', 'image', '166', '44', '3662', '2017-07-26 21:58:12', '2017-07-26 21:58:12', '2017-07-26 21:58:12', '69eeb7cc-3ed1-4121-b031-726497df4820'),
 ('97', '2', '10', 'ic_success_logo_abinbev@2x.png', 'image', '420', '336', '5821', '2017-07-26 22:25:00', '2017-07-26 22:25:00', '2017-07-26 22:25:00', '44f82043-0d11-40d7-9c24-32566a2a3c84'),
 ('99', '2', '2', 'Geofilter_Phil_Phone_Screen@2x.jpg', 'image', '530', '942', '543658', '2017-07-26 22:54:45', '2017-07-26 22:54:45', '2017-07-26 22:54:45', '59c76914-8f23-4a07-bd56-d90a50cb6e1f'),
 ('100', '2', '2', 'Postmates_DriveAction@2x.jpg', 'image', '576', '1024', '181487', '2017-07-26 22:54:45', '2017-07-26 22:54:45', '2017-07-26 22:54:45', '2ea56548-1c01-40a8-a9b1-f426c880bb97'),
 ('101', '2', '2', 'LGA_GeoFilter_2x.jpg', 'image', '576', '1024', '210955', '2017-07-26 22:54:59', '2017-07-26 22:54:59', '2017-07-26 22:54:59', '80b95d29-d6f6-4f55-a730-7055fa7d6143'),
 ('102', '2', '2', 'Target_AD_2x.jpg', 'image', '576', '1024', '142256', '2017-07-26 22:59:08', '2017-07-26 22:59:08', '2017-07-26 22:59:08', '4a3f6f3b-875e-4229-9a91-539a7a7c7c77'),
 ('103', '2', '2', 'Warby_Parker_GeoFilter_2x.jpg', 'image', '576', '1024', '284249', '2017-07-26 22:59:11', '2017-07-26 22:59:11', '2017-07-26 22:59:11', '0f4350e3-ca1d-48e6-af8c-cbb4e28586c8'),
 ('104', '2', '2', 'Weby_Parker_GeoFilter_2x.jpg', 'image', '576', '1024', '475476', '2017-07-26 23:01:58', '2017-07-26 23:01:59', '2017-07-26 23:01:59', '4eb72419-b4fb-4cf1-9347-632d3fc33b4d'),
 ('105', '2', '2', 'SnapAds_Gatorade_Phone_Screen@2x.jpg', 'image', '530', '942', '400559', '2017-07-26 23:02:27', '2017-07-26 23:02:27', '2017-07-26 23:02:27', '4b23d3b7-c24b-488d-b171-be46f0dd06e5'),
 ('106', '2', '2', 'SnapAds_UnderArmour_Phone_Screen@2x.jpg', 'image', '530', '942', '393299', '2017-07-26 23:02:28', '2017-07-26 23:02:28', '2017-07-26 23:02:28', '2a3c5709-ed8f-44da-8479-db299cab4200'),
 ('141', '2', '12', 'chillah-device.svg', 'image', '103', '98', '29950', '2017-07-26 23:10:18', '2017-07-26 23:10:18', '2017-07-26 23:10:18', '6473fe5a-53ec-4b9e-865e-bc906aa940fe'),
 ('142', '2', '12', 'chillah-heart-eyes.svg', 'image', '112', '110', '16720', '2017-07-26 23:10:18', '2017-07-26 23:10:18', '2017-07-26 23:10:18', 'a1854370-3eef-4b90-9635-91aff4d201f4'),
 ('143', '2', '12', 'chillah-hearts.svg', 'image', '111', '116', '9404', '2017-07-26 23:10:19', '2017-07-26 23:10:19', '2017-07-26 23:10:19', '7a8301b7-ed7f-4fcb-bcf2-246bc72624e1'),
 ('145', '2', '13', 'devices-nav-1.svg', 'image', '68', '72', '893', '2017-07-26 23:31:02', '2017-07-26 23:31:02', '2017-07-26 23:31:02', '5e260a0e-d2ae-43d7-b1af-8eba2febc111'),
 ('146', '2', '13', 'devices-nav-2.svg', 'image', '68', '71', '1161', '2017-07-26 23:31:02', '2017-07-26 23:31:02', '2017-07-26 23:31:02', '1c64c0e5-eae4-44c6-91b1-c874b9616d29'),
 ('147', '2', '13', 'devices-nav-3.svg', 'image', '68', '72', '1370', '2017-07-26 23:31:02', '2017-07-26 23:31:02', '2017-07-26 23:31:02', '6ca53754-65a1-40a4-8a09-521d5cbc52c0'),
 ('148', '2', '13', 'devices-nav-4.svg', 'image', '68', '71', '1188', '2017-07-26 23:31:02', '2017-07-26 23:31:02', '2017-07-26 23:31:02', 'ca07f2b7-07fa-4da7-9e7e-45c6efdffb60'),
 ('149', '2', '13', 'solutions-device-1.jpg', 'image', '252', '448', '38832', '2017-07-26 23:31:07', '2017-07-26 23:31:07', '2017-07-26 23:31:07', '22a75ec9-7fb1-401d-8d5a-796c649e1c45'),
 ('150', '2', '13', 'solutions-device-2.jpg', 'image', '253', '452', '62897', '2017-07-26 23:31:10', '2017-07-26 23:31:10', '2017-07-26 23:31:10', '9a1a91d4-ee15-437c-8605-9093316d1415'),
 ('151', '2', '13', 'solutions-device-3.jpg', 'image', '253', '455', '51654', '2017-07-26 23:31:10', '2017-07-26 23:31:10', '2017-07-26 23:31:10', '56d5f36d-b7ac-45b4-97fc-d0e30ee47551'),
 ('152', '2', '13', 'solutions-device-4.jpg', 'image', '254', '451', '44054', '2017-07-26 23:31:11', '2017-07-26 23:31:11', '2017-07-26 23:31:11', 'b7cdfff9-adb2-4304-aa3f-67a5ef728f1c'),
 ('153', '2', '13', 'solutions-device-5.jpg', 'image', '254', '449', '34285', '2017-07-26 23:31:11', '2017-07-26 23:31:11', '2017-07-26 23:31:11', '8e945541-bc88-494a-bfa9-397af540cd84'),
 ('154', '2', '13', 'solutions-device-6.jpg', 'image', '254', '450', '13340', '2017-07-26 23:31:11', '2017-07-26 23:31:11', '2017-07-26 23:31:11', 'a5a7e040-40b6-43d8-83a8-45faf9550625'),
 ('155', '2', '13', 'solutions-device-7.jpg', 'image', '254', '450', '33988', '2017-07-26 23:31:11', '2017-07-26 23:31:11', '2017-07-26 23:31:11', '95df794b-03ce-4cde-af0e-48dee18845b4'),
 ('156', '2', '13', 'solutions-device-8.jpg', 'image', '253', '450', '35854', '2017-07-26 23:31:11', '2017-07-26 23:31:11', '2017-07-26 23:31:11', 'd2b08d6e-32fa-45ae-9206-70da127b3f19'),
 ('157', '2', '13', 'solutions-device-9.jpg', 'image', '254', '451', '49559', '2017-07-26 23:31:11', '2017-07-26 23:31:11', '2017-07-26 23:31:11', '996133cf-7abe-4fb4-a5c8-888223219807'),
 ('158', '2', '13', 'solutions-device-10.jpg', 'image', '254', '451', '47688', '2017-07-26 23:31:12', '2017-07-26 23:31:12', '2017-07-26 23:31:12', '3ebf79f2-a4d3-4140-94e5-92410f988331'),
 ('159', '2', '13', 'solutions-device-11.jpg', 'image', '254', '451', '47408', '2017-07-26 23:31:12', '2017-07-26 23:31:12', '2017-07-26 23:31:12', '4a8627aa-025a-4742-b55d-d377d38cf9af'),
 ('160', '2', '13', 'solutions-device-12.jpg', 'image', '253', '450', '36373', '2017-07-26 23:31:12', '2017-07-26 23:31:12', '2017-07-26 23:31:12', '0eb0e231-d8fe-47f3-93ed-7d9e636d9fc4'),
 ('161', '2', '13', 'solutions-device-13.jpg', 'image', '255', '453', '37302', '2017-07-26 23:31:12', '2017-07-26 23:31:12', '2017-07-26 23:31:12', '9245abd9-787a-4302-8ef6-2b95b25df7b3'),
 ('172', '2', '15', 'ad_manager_2x.png', 'image', '1540', '906', '253993', '2017-07-27 17:17:05', '2017-07-27 17:17:05', '2017-07-27 17:17:05', '8a038522-5a87-4d90-91c5-01bf77f6183a'),
 ('288', '2', '12', '404_chillah.svg', 'image', '278', '264', '30651', '2017-08-09 17:51:02', '2017-08-09 17:51:02', '2017-08-09 17:51:02', '88be3afb-4afa-4b59-922d-4708ddcf7c8e');



DROP TABLE IF EXISTS `craft_assetfolders`;


--
-- Schema for table `craft_assetfolders`
--
CREATE TABLE `craft_assetfolders` (
  `id` int(11) NOT NULL AUTO_INCREMENT,
  `parentId` int(11) DEFAULT NULL,
  `sourceId` int(11) DEFAULT NULL,
  `name` varchar(255) COLLATE utf8_unicode_ci NOT NULL,
  `path` varchar(255) COLLATE utf8_unicode_ci DEFAULT NULL,
  `dateCreated` datetime NOT NULL,
  `dateUpdated` datetime NOT NULL,
  `uid` char(36) COLLATE utf8_unicode_ci NOT NULL DEFAULT '0',
  PRIMARY KEY (`id`),
  UNIQUE KEY `craft_assetfolders_name_parentId_sourceId_unq_idx` (`name`,`parentId`,`sourceId`),
  KEY `craft_assetfolders_parentId_fk` (`parentId`),
  KEY `craft_assetfolders_sourceId_fk` (`sourceId`)
) ENGINE=InnoDB AUTO_INCREMENT=20 DEFAULT CHARSET=utf8 COLLATE=utf8_unicode_ci;

--
-- Data for table `craft_assetfolders`
--

INSERT INTO `craft_assetfolders` (`id`, `parentId`, `sourceId`, `name`, `path`, `dateCreated`, `dateUpdated`, `uid`) VALUES
 ('1', NULL, '1', 'Cards', '', '2017-07-20 18:21:52', '2017-07-20 18:21:52', '7760cbab-3023-4910-b715-0e520f0428b4'),
 ('2', NULL, '2', 'Images', '', '2017-07-20 22:17:47', '2017-07-20 22:17:47', 'f023a332-2e9c-4876-9004-f87c07e5bac8'),
 ('3', NULL, NULL, 'Temporary source', NULL, '2017-07-21 21:50:47', '2017-07-21 21:50:47', 'c27c1e04-bb5d-4e97-83c3-5055f5c3bff6'),
 ('4', '3', NULL, 'user_1', 'user_1/', '2017-07-21 21:50:47', '2017-07-21 21:50:47', 'f1435a45-0aef-4bc0-8b7e-4dc81937ca88'),
 ('5', '4', NULL, 'field_25', 'user_1/field_25/', '2017-07-21 21:50:47', '2017-07-21 21:50:47', '2fd68bfe-e32c-401c-a1ff-633f1a236fed'),
 ('6', NULL, '3', 'Videos', '', '2017-07-21 22:08:30', '2017-07-21 22:08:30', '666e6159-6a87-4c76-aa65-68a583e6f8be'),
 ('7', '4', NULL, 'field_38', 'user_1/field_38/', '2017-07-21 23:27:02', '2017-07-21 23:27:02', '9bb5cb44-50d8-4746-a873-ed61a5b7552b'),
 ('8', '4', NULL, 'field_45', 'user_1/field_45/', '2017-07-26 21:50:50', '2017-07-26 21:50:50', '2d603943-62bc-4fbb-b1a9-214d63d9d82d'),
 ('9', '2', '2', 'partners', 'partners/', '2017-07-26 21:56:54', '2017-07-26 21:56:54', '05368b03-24b2-4702-a509-76119cb6c2fd'),
 ('10', '2', '2', 'success-stories', 'success-stories/', '2017-07-26 22:24:53', '2017-07-26 22:24:53', '3e29d47d-8863-495c-8eea-22d3f45b0cc3'),
 ('11', '2', '2', 'stories', 'stories/', '2017-07-26 22:26:19', '2017-07-26 22:26:19', 'f42abb83-92ba-499a-af11-6f55f70dcd7a'),
 ('12', '2', '2', 'chillahs', 'chillahs/', '2017-07-26 23:10:12', '2017-07-26 23:10:12', 'cc1413ca-ccd2-46fe-813e-56de281130cf'),
 ('13', '2', '2', 'solutions', 'solutions/', '2017-07-26 23:30:54', '2017-07-26 23:30:54', 'f08b24f7-7720-41a4-9037-ba90dd2b7c5c'),
 ('14', '4', NULL, 'field_51', 'user_1/field_51/', '2017-07-26 23:33:34', '2017-07-26 23:33:34', '4cabaa5e-f890-475c-8b93-7d80e601d979'),
 ('15', '2', '2', 'tools', 'tools/', '2017-07-27 17:16:55', '2017-07-27 17:16:55', '0f80756d-729a-4d61-843d-5557152a8bda'),
 ('16', '4', NULL, 'field_75', 'user_1/field_75/', '2017-08-03 18:45:24', '2017-08-03 18:45:24', '1847c2c6-41d8-488b-97b3-9515197677e8'),
 ('17', '2', '2', 'tabs', 'tabs/', '2017-08-03 18:50:27', '2017-08-03 18:50:27', '4c7189b5-9d2d-4b33-b1b8-352af51dbd45'),
 ('18', '4', NULL, 'field_124', 'user_1/field_124/', '2017-08-10 21:54:31', '2017-08-10 21:54:31', 'f757a285-1f65-413a-afee-8f74b70a7a43'),
 ('19', '4', NULL, 'field_125', 'user_1/field_125/', '2017-08-10 21:54:31', '2017-08-10 21:54:31', '6fde95e6-9083-4a25-ab44-9562fa6efa10');



DROP TABLE IF EXISTS `craft_assetindexdata`;


--
-- Schema for table `craft_assetindexdata`
--
CREATE TABLE `craft_assetindexdata` (
  `id` int(11) NOT NULL AUTO_INCREMENT,
  `sessionId` varchar(36) COLLATE utf8_unicode_ci NOT NULL DEFAULT '',
  `sourceId` int(10) NOT NULL,
  `offset` int(10) NOT NULL,
  `uri` varchar(255) COLLATE utf8_unicode_ci DEFAULT NULL,
  `size` varchar(255) COLLATE utf8_unicode_ci DEFAULT NULL,
  `recordId` int(10) DEFAULT NULL,
  `dateCreated` datetime NOT NULL,
  `dateUpdated` datetime NOT NULL,
  `uid` char(36) COLLATE utf8_unicode_ci NOT NULL DEFAULT '0',
  PRIMARY KEY (`id`),
  UNIQUE KEY `craft_assetindexdata_sessionId_sourceId_offset_unq_idx` (`sessionId`,`sourceId`,`offset`),
  KEY `craft_assetindexdata_sourceId_fk` (`sourceId`)
) ENGINE=InnoDB DEFAULT CHARSET=utf8 COLLATE=utf8_unicode_ci;

DROP TABLE IF EXISTS `craft_assetsources`;


--
-- Schema for table `craft_assetsources`
--
CREATE TABLE `craft_assetsources` (
  `id` int(11) NOT NULL AUTO_INCREMENT,
  `name` varchar(255) COLLATE utf8_unicode_ci NOT NULL,
  `handle` varchar(255) COLLATE utf8_unicode_ci NOT NULL,
  `type` varchar(150) COLLATE utf8_unicode_ci NOT NULL,
  `settings` text COLLATE utf8_unicode_ci,
  `sortOrder` smallint(6) unsigned DEFAULT NULL,
  `fieldLayoutId` int(10) DEFAULT NULL,
  `dateCreated` datetime NOT NULL,
  `dateUpdated` datetime NOT NULL,
  `uid` char(36) COLLATE utf8_unicode_ci NOT NULL DEFAULT '0',
  PRIMARY KEY (`id`),
  UNIQUE KEY `craft_assetsources_name_unq_idx` (`name`),
  UNIQUE KEY `craft_assetsources_handle_unq_idx` (`handle`),
  KEY `craft_assetsources_fieldLayoutId_fk` (`fieldLayoutId`)
) ENGINE=InnoDB AUTO_INCREMENT=4 DEFAULT CHARSET=utf8 COLLATE=utf8_unicode_ci;

--
-- Data for table `craft_assetsources`
--

INSERT INTO `craft_assetsources` (`id`, `name`, `handle`, `type`, `settings`, `sortOrder`, `fieldLayoutId`, `dateCreated`, `dateUpdated`, `uid`) VALUES
 ('1', 'Cards', 'cards', 'Local', '{\"path\":\"assets\\/images\\/cards\\/\",\"publicURLs\":\"1\",\"url\":\"\\/assets\\/images\\/cards\\/\"}', '1', '252', '2017-07-20 18:21:52', '2017-07-20 22:19:07', '842178a6-a2bc-483e-bfde-955596b3cfc2'),
 ('2', 'Images', 'images', 'Local', '{\"path\":\"assets\\/images\\/\",\"publicURLs\":\"1\",\"url\":\"\\/assets\\/images\\/\"}', '2', '251', '2017-07-20 22:17:47', '2017-07-20 22:17:47', '77f207e4-9d6d-4838-936c-96c760c5e47c'),
 ('3', 'Videos', 'videos', 'Local', '{\"path\":\"assets\\/videos\\/\",\"publicURLs\":\"1\",\"url\":\"\\/assets\\/videos\\/\"}', '3', '506', '2017-07-21 22:08:30', '2017-07-21 22:08:30', '8caffb38-19c6-40e3-84e7-45b62f7deb5c');



DROP TABLE IF EXISTS `craft_assettransformindex`;


--
-- Schema for table `craft_assettransformindex`
--
CREATE TABLE `craft_assettransformindex` (
  `id` int(11) NOT NULL AUTO_INCREMENT,
  `fileId` int(11) NOT NULL,
  `filename` varchar(255) COLLATE utf8_unicode_ci DEFAULT NULL,
  `format` varchar(255) COLLATE utf8_unicode_ci DEFAULT NULL,
  `location` varchar(255) COLLATE utf8_unicode_ci NOT NULL,
  `sourceId` int(11) DEFAULT NULL,
  `fileExists` tinyint(1) DEFAULT NULL,
  `inProgress` tinyint(1) DEFAULT NULL,
  `dateIndexed` datetime DEFAULT NULL,
  `dateCreated` datetime NOT NULL,
  `dateUpdated` datetime NOT NULL,
  `uid` char(36) COLLATE utf8_unicode_ci NOT NULL DEFAULT '0',
  PRIMARY KEY (`id`),
  KEY `craft_assettransformindex_sourceId_fileId_location_idx` (`sourceId`,`fileId`,`location`)
) ENGINE=InnoDB DEFAULT CHARSET=utf8 COLLATE=utf8_unicode_ci;

DROP TABLE IF EXISTS `craft_assettransforms`;


--
-- Schema for table `craft_assettransforms`
--
CREATE TABLE `craft_assettransforms` (
  `id` int(11) NOT NULL AUTO_INCREMENT,
  `name` varchar(255) COLLATE utf8_unicode_ci NOT NULL,
  `handle` varchar(255) COLLATE utf8_unicode_ci NOT NULL,
  `mode` enum('stretch','fit','crop') COLLATE utf8_unicode_ci NOT NULL DEFAULT 'crop',
  `position` enum('top-left','top-center','top-right','center-left','center-center','center-right','bottom-left','bottom-center','bottom-right') COLLATE utf8_unicode_ci NOT NULL DEFAULT 'center-center',
  `height` int(10) DEFAULT NULL,
  `width` int(10) DEFAULT NULL,
  `format` varchar(255) COLLATE utf8_unicode_ci DEFAULT NULL,
  `quality` int(10) DEFAULT NULL,
  `dimensionChangeTime` datetime DEFAULT NULL,
  `dateCreated` datetime NOT NULL,
  `dateUpdated` datetime NOT NULL,
  `uid` char(36) COLLATE utf8_unicode_ci NOT NULL DEFAULT '0',
  PRIMARY KEY (`id`),
  UNIQUE KEY `craft_assettransforms_name_unq_idx` (`name`),
  UNIQUE KEY `craft_assettransforms_handle_unq_idx` (`handle`)
) ENGINE=InnoDB DEFAULT CHARSET=utf8 COLLATE=utf8_unicode_ci;

DROP TABLE IF EXISTS `craft_categories`;


--
-- Schema for table `craft_categories`
--
CREATE TABLE `craft_categories` (
  `id` int(11) NOT NULL,
  `groupId` int(11) NOT NULL,
  `dateCreated` datetime NOT NULL,
  `dateUpdated` datetime NOT NULL,
  `uid` char(36) COLLATE utf8_unicode_ci NOT NULL DEFAULT '0',
  PRIMARY KEY (`id`),
  KEY `craft_categories_groupId_fk` (`groupId`)
) ENGINE=InnoDB DEFAULT CHARSET=utf8 COLLATE=utf8_unicode_ci;

--
-- Data for table `craft_categories`
--

INSERT INTO `craft_categories` (`id`, `groupId`, `dateCreated`, `dateUpdated`, `uid`) VALUES
 ('243', '1', '2017-08-07 17:26:03', '2017-08-07 17:26:03', '3a1c809f-b3e2-4a15-90ea-cfc88d40180c'),
 ('244', '1', '2017-08-07 17:26:14', '2017-08-07 17:26:14', '5c889094-2d50-4966-bb70-74c91a016932'),
 ('245', '1', '2017-08-07 17:26:23', '2017-08-07 17:26:23', '2f3bc511-39d3-4906-8cb5-03c508871f7f'),
 ('246', '2', '2017-08-07 17:26:39', '2017-08-07 17:26:39', 'd94f4384-8233-4a2a-9a50-90d052309e14'),
 ('247', '2', '2017-08-07 17:26:50', '2017-08-07 17:26:50', '329fa6a5-32a4-4c35-b53f-8ed6b8ad1d17'),
 ('248', '2', '2017-08-07 17:26:55', '2017-08-07 17:26:55', '56344f6c-eaf7-4d48-96e9-2603f52a7272'),
 ('249', '2', '2017-08-07 17:27:08', '2017-08-07 17:27:08', 'c13cafc8-4230-46b9-9cb0-86b6f3da7667'),
 ('250', '2', '2017-08-07 17:27:17', '2017-08-07 17:27:17', 'b8b43027-a99e-4804-b22e-cf668da37211'),
 ('251', '2', '2017-08-07 17:27:33', '2017-08-07 17:27:33', 'b5b4fa21-2927-4b60-b7a8-c0b2b0cd74db'),
 ('252', '2', '2017-08-07 17:27:40', '2017-08-07 17:27:40', '4867d96e-e3a0-4aae-be2a-b7a3bfc8ace2'),
 ('253', '2', '2017-08-07 17:28:00', '2017-08-07 17:28:00', '50582a4e-9b1c-49c2-ac92-22f46ea1e781'),
 ('254', '2', '2017-08-07 17:28:10', '2017-08-07 17:28:10', 'e6c0cebb-0c14-434f-9a4e-55373d65fbfc'),
 ('255', '2', '2017-08-07 17:28:14', '2017-08-07 17:28:14', 'ac1c82ea-b377-4c7d-bd4b-20006ebfc219'),
 ('256', '3', '2017-08-07 17:31:09', '2017-08-07 17:31:09', '05a878a5-be9d-4765-912c-c5c8a2cdf6dc'),
 ('257', '3', '2017-08-07 17:31:22', '2017-08-07 17:31:22', 'f15077ad-9046-4efb-ae54-de74695e32a8'),
 ('258', '3', '2017-08-07 17:31:27', '2017-08-07 17:31:27', 'be5b0617-1485-431c-a95b-744942b086e8'),
 ('266', '5', '2017-08-07 21:31:59', '2017-08-07 21:31:59', '58ed261b-439e-4875-9036-1a46e8edf450'),
 ('267', '5', '2017-08-07 21:32:21', '2017-08-07 21:32:21', 'f9ff7a67-f6a9-44c6-ae41-45d03ade0ee3');



DROP TABLE IF EXISTS `craft_categorygroups`;


--
-- Schema for table `craft_categorygroups`
--
CREATE TABLE `craft_categorygroups` (
  `id` int(11) NOT NULL AUTO_INCREMENT,
  `structureId` int(11) NOT NULL,
  `fieldLayoutId` int(11) DEFAULT NULL,
  `name` varchar(255) COLLATE utf8_unicode_ci NOT NULL,
  `handle` varchar(255) COLLATE utf8_unicode_ci NOT NULL,
  `hasUrls` tinyint(1) unsigned NOT NULL DEFAULT '1',
  `template` varchar(500) COLLATE utf8_unicode_ci DEFAULT NULL,
  `dateCreated` datetime NOT NULL,
  `dateUpdated` datetime NOT NULL,
  `uid` char(36) COLLATE utf8_unicode_ci NOT NULL DEFAULT '0',
  PRIMARY KEY (`id`),
  UNIQUE KEY `craft_categorygroups_name_unq_idx` (`name`),
  UNIQUE KEY `craft_categorygroups_handle_unq_idx` (`handle`),
  KEY `craft_categorygroups_structureId_fk` (`structureId`),
  KEY `craft_categorygroups_fieldLayoutId_fk` (`fieldLayoutId`)
) ENGINE=InnoDB AUTO_INCREMENT=6 DEFAULT CHARSET=utf8 COLLATE=utf8_unicode_ci;

--
-- Data for table `craft_categorygroups`
--

INSERT INTO `craft_categorygroups` (`id`, `structureId`, `fieldLayoutId`, `name`, `handle`, `hasUrls`, `template`, `dateCreated`, `dateUpdated`, `uid`) VALUES
 ('1', '66', '1686', 'Story Objective', 'storyObjective', '0', NULL, '2017-08-07 17:25:26', '2017-08-07 17:25:26', '1aee45f5-87d5-4190-b109-fe44c628b032'),
 ('2', '67', '1687', 'Story Industry', 'storyIndustry', '0', NULL, '2017-08-07 17:25:37', '2017-08-07 17:25:37', '411dc248-229d-455f-953e-9e102bb502ae'),
 ('3', '68', '1697', 'Story Product', 'storyProduct', '0', NULL, '2017-08-07 17:30:56', '2017-08-07 18:18:04', 'fd363a22-46fd-4eb7-9379-23e9c1d7f87f'),
 ('5', '71', '1715', 'Blog Type', 'blogType', '0', NULL, '2017-08-07 21:31:43', '2017-08-07 21:31:43', '4f50ca58-b5e2-47dd-a37d-6524b8606689');



DROP TABLE IF EXISTS `craft_categorygroups_i18n`;


--
-- Schema for table `craft_categorygroups_i18n`
--
CREATE TABLE `craft_categorygroups_i18n` (
  `id` int(11) NOT NULL AUTO_INCREMENT,
  `groupId` int(11) NOT NULL,
  `locale` char(12) COLLATE utf8_unicode_ci NOT NULL,
  `urlFormat` text COLLATE utf8_unicode_ci,
  `nestedUrlFormat` text COLLATE utf8_unicode_ci,
  `dateCreated` datetime NOT NULL,
  `dateUpdated` datetime NOT NULL,
  `uid` char(36) COLLATE utf8_unicode_ci NOT NULL DEFAULT '0',
  PRIMARY KEY (`id`),
  UNIQUE KEY `craft_categorygroups_i18n_groupId_locale_unq_idx` (`groupId`,`locale`),
  KEY `craft_categorygroups_i18n_locale_fk` (`locale`)
) ENGINE=InnoDB AUTO_INCREMENT=11 DEFAULT CHARSET=utf8 COLLATE=utf8_unicode_ci;

--
-- Data for table `craft_categorygroups_i18n`
--

INSERT INTO `craft_categorygroups_i18n` (`id`, `groupId`, `locale`, `urlFormat`, `nestedUrlFormat`, `dateCreated`, `dateUpdated`, `uid`) VALUES
 ('1', '1', 'en_us', NULL, NULL, '2017-08-07 17:25:26', '2017-08-07 17:25:26', 'f7fe7b0c-50fd-4d24-a57b-0ba7358dc7d9'),
 ('2', '1', 'de_de', NULL, NULL, '2017-08-07 17:25:26', '2017-08-07 17:25:26', 'f4d956b7-d3dd-4d1b-8a3a-e7d5cfb1998c'),
 ('3', '2', 'en_us', NULL, NULL, '2017-08-07 17:25:37', '2017-08-07 17:25:37', 'ce2e4f20-7898-44e5-a88d-56c83f0bad24'),
 ('4', '2', 'de_de', NULL, NULL, '2017-08-07 17:25:37', '2017-08-07 17:25:37', '5284c0a7-5a2e-46b5-a4f4-f2146d8cfdeb'),
 ('5', '3', 'en_us', NULL, NULL, '2017-08-07 17:30:56', '2017-08-07 17:30:56', 'ec2736a5-150f-4cb1-a8fc-14412f0610e3'),
 ('6', '3', 'de_de', NULL, NULL, '2017-08-07 17:30:56', '2017-08-07 17:30:56', 'c2abd350-76fa-4542-a6cf-91f70bf274d0'),
 ('9', '5', 'en_us', NULL, NULL, '2017-08-07 21:31:43', '2017-08-07 21:31:43', 'ea72dccb-7bdb-43bc-ab9c-57076d20e166'),
 ('10', '5', 'de_de', NULL, NULL, '2017-08-07 21:31:43', '2017-08-07 21:31:43', '09a2b2fd-74ff-46fb-aff8-4831322a9519');



DROP TABLE IF EXISTS `craft_content`;


--
-- Schema for table `craft_content`
--
CREATE TABLE `craft_content` (
  `id` int(11) NOT NULL AUTO_INCREMENT,
  `elementId` int(11) NOT NULL,
  `locale` char(12) COLLATE utf8_unicode_ci NOT NULL,
  `title` varchar(255) COLLATE utf8_unicode_ci DEFAULT NULL,
  `field_body` text COLLATE utf8_unicode_ci,
  `field_page_uri` text COLLATE utf8_unicode_ci,
  `field_imageLocation` varchar(255) COLLATE utf8_unicode_ci DEFAULT 'left',
  `field_paragraph` text COLLATE utf8_unicode_ci,
  `field_button` text COLLATE utf8_unicode_ci,
  `field_headline` text COLLATE utf8_unicode_ci,
  `field_page_themeColor` varchar(255) COLLATE utf8_unicode_ci DEFAULT 'blue',
  `field_page_sideNavigation` tinyint(1) unsigned NOT NULL DEFAULT '0',
  `field_buttonStyle` varchar(255) COLLATE utf8_unicode_ci DEFAULT 'primary',
  `field_subhead` text COLLATE utf8_unicode_ci,
  `field_sectionBackgroundColor` varchar(255) COLLATE utf8_unicode_ci DEFAULT 'gray',
  `field_sectionTitle` text COLLATE utf8_unicode_ci,
  `field_assetWidth` varchar(255) COLLATE utf8_unicode_ci DEFAULT 'normal',
  `field_eyebrow` text COLLATE utf8_unicode_ci,
  `field_storyCardColor` varchar(255) COLLATE utf8_unicode_ci DEFAULT NULL,
  `field_companyName` text COLLATE utf8_unicode_ci,
  `field_storySummary` text COLLATE utf8_unicode_ci,
  `field_tabLabel` text COLLATE utf8_unicode_ci,
  `field_tabDescription` text COLLATE utf8_unicode_ci,
  `field_timeCode` decimal(11,1) unsigned DEFAULT '0.0',
  `field_descriptionLabel` text COLLATE utf8_unicode_ci,
  `field_groupTitle` text COLLATE utf8_unicode_ci,
  `field_seoTitle` text COLLATE utf8_unicode_ci,
  `field_seoDescription` text COLLATE utf8_unicode_ci,
  `field_keywords` text COLLATE utf8_unicode_ci,
  `field_ogTitle` text COLLATE utf8_unicode_ci,
  `field_ogDescription` text COLLATE utf8_unicode_ci,
  `field_pageType` varchar(255) COLLATE utf8_unicode_ci DEFAULT 'website',
  `field_mainNavigationCta` text COLLATE utf8_unicode_ci,
  `field_cookiePolicy` text COLLATE utf8_unicode_ci,
  `field_buttonText` text COLLATE utf8_unicode_ci,
  `field_verticalVideoUrl` text COLLATE utf8_unicode_ci,
  `field_imageAltText` text COLLATE utf8_unicode_ci,
  `field_desktopVideoLocation` varchar(255) COLLATE utf8_unicode_ci DEFAULT 'left',
  `field_roundedCorners` tinyint(1) unsigned NOT NULL DEFAULT '0',
  `field_label` text COLLATE utf8_unicode_ci,
  `field_productFilterTitle` text COLLATE utf8_unicode_ci,
  `field_objectiveFilterTitle` text COLLATE utf8_unicode_ci,
  `field_industryFilterTitle` text COLLATE utf8_unicode_ci,
  `field_noResultsText` text COLLATE utf8_unicode_ci,
  `dateCreated` datetime NOT NULL,
  `dateUpdated` datetime NOT NULL,
  `uid` char(36) COLLATE utf8_unicode_ci NOT NULL DEFAULT '0',
  PRIMARY KEY (`id`),
  UNIQUE KEY `craft_content_elementId_locale_unq_idx` (`elementId`,`locale`),
  KEY `craft_content_title_idx` (`title`),
  KEY `craft_content_locale_fk` (`locale`)
) ENGINE=InnoDB AUTO_INCREMENT=339 DEFAULT CHARSET=utf8 COLLATE=utf8_unicode_ci;

--
-- Data for table `craft_content`
--

INSERT INTO `craft_content` (`id`, `elementId`, `locale`, `title`, `field_body`, `field_page_uri`, `field_imageLocation`, `field_paragraph`, `field_button`, `field_headline`, `field_page_themeColor`, `field_page_sideNavigation`, `field_buttonStyle`, `field_subhead`, `field_sectionBackgroundColor`, `field_sectionTitle`, `field_assetWidth`, `field_eyebrow`, `field_storyCardColor`, `field_companyName`, `field_storySummary`, `field_tabLabel`, `field_tabDescription`, `field_timeCode`, `field_descriptionLabel`, `field_groupTitle`, `field_seoTitle`, `field_seoDescription`, `field_keywords`, `field_ogTitle`, `field_ogDescription`, `field_pageType`, `field_mainNavigationCta`, `field_cookiePolicy`, `field_buttonText`, `field_verticalVideoUrl`, `field_imageAltText`, `field_desktopVideoLocation`, `field_roundedCorners`, `field_label`, `field_productFilterTitle`, `field_objectiveFilterTitle`, `field_industryFilterTitle`, `field_noResultsText`, `dateCreated`, `dateUpdated`, `uid`) VALUES
 ('1', '1', 'en_us', NULL, NULL, NULL, 'left', NULL, NULL, NULL, NULL, '0', NULL, NULL, 'white', NULL, 'normal', NULL, NULL, NULL, NULL, NULL, NULL, '0.0', NULL, NULL, NULL, NULL, NULL, NULL, NULL, 'website', NULL, NULL, NULL, NULL, NULL, 'left', '0', NULL, NULL, NULL, NULL, NULL, '2017-07-20 17:27:58', '2017-07-28 21:23:12', 'cb2d6955-b22a-4e41-b9f8-fe1801657cba'),
 ('3', '3', 'en_us', 'We just installed Craft!', '<p>Craft is the CMS that’s powering Snapchat.craft.dev. It’s beautiful, powerful, flexible, and easy-to-use, and it’s made by Pixel &amp; Tonic. We can’t wait to dive in and see what it’s capable of!</p><!--pagebreak--><p>This is even more captivating content, which you couldn’t see on the News index page because it was entered after a Page Break, and the News index template only likes to show the content on the first page.</p><p>Craft: a nice alternative to Word, if you’re making a website.</p>', NULL, 'left', NULL, NULL, NULL, NULL, '0', NULL, NULL, 'white', NULL, 'normal', NULL, NULL, NULL, NULL, NULL, NULL, '0.0', NULL, NULL, NULL, NULL, NULL, NULL, NULL, 'website', NULL, NULL, NULL, NULL, NULL, 'left', '0', NULL, NULL, NULL, NULL, NULL, '2017-07-20 17:27:59', '2017-08-07 21:26:51', '8ac7d520-a5e0-4243-9c21-17c47ddbe76b'),
 ('8', '8', 'en_us', 'Snap Ad Reporting 1X', NULL, NULL, 'left', NULL, NULL, NULL, 'blue', '0', 'primary', NULL, 'white', NULL, 'normal', NULL, NULL, NULL, NULL, NULL, NULL, '0.0', NULL, NULL, NULL, NULL, NULL, NULL, NULL, 'website', NULL, NULL, NULL, NULL, NULL, 'left', '0', NULL, NULL, NULL, NULL, NULL, '2017-07-20 22:19:56', '2017-08-07 16:49:44', 'bb3a0689-aa50-41d7-b13b-ea20a6644d4e'),
 ('14', '14', 'en_us', 'Homepage 1 1', NULL, NULL, 'left', NULL, NULL, NULL, 'blue', '0', 'primary', NULL, 'white', NULL, 'normal', NULL, NULL, NULL, NULL, NULL, NULL, '0.0', NULL, NULL, NULL, NULL, NULL, NULL, NULL, 'website', NULL, NULL, NULL, NULL, NULL, 'left', '0', NULL, NULL, NULL, NULL, NULL, '2017-07-20 22:49:12', '2017-08-07 16:49:44', '6c738b61-7582-4ca9-a343-575acebeec23'),
 ('15', '15', 'en_us', 'Homepage 1 2', NULL, NULL, 'left', NULL, NULL, NULL, 'blue', '0', 'primary', NULL, 'white', NULL, 'normal', NULL, NULL, NULL, NULL, NULL, NULL, '0.0', NULL, NULL, NULL, NULL, NULL, NULL, NULL, 'website', NULL, NULL, NULL, NULL, NULL, 'left', '0', NULL, NULL, NULL, NULL, NULL, '2017-07-20 22:49:12', '2017-08-07 16:49:44', '2c1fbe5f-7d82-4b41-9509-b41fe8fee7a3'),
 ('16', '16', 'en_us', 'Homepage 1 3', NULL, NULL, 'left', NULL, NULL, NULL, 'blue', '0', 'primary', NULL, 'white', NULL, 'normal', NULL, NULL, NULL, NULL, NULL, NULL, '0.0', NULL, NULL, NULL, NULL, NULL, NULL, NULL, 'website', NULL, NULL, NULL, NULL, NULL, 'left', '0', NULL, NULL, NULL, NULL, NULL, '2017-07-20 22:49:12', '2017-08-07 16:49:44', '0239ac22-9f4b-47f6-92a7-0c69581daaa3'),
 ('26', '33', 'en_us', 'AB InBev', NULL, NULL, 'left', NULL, NULL, NULL, 'blue', '0', 'primary', NULL, 'white', NULL, 'normal', 'Success Story', '#a91622', 'AB InBev', 'On average, Snapchatters spent 30 seconds playing Anheuser Busch InBev\'s Bud Bowl game in its Snap Ad Web View.', NULL, NULL, '0.0', NULL, NULL, NULL, NULL, NULL, NULL, NULL, 'website', NULL, NULL, NULL, NULL, NULL, 'left', '0', NULL, NULL, NULL, NULL, NULL, '2017-07-21 23:29:50', '2017-08-07 21:25:36', 'ff299240-9851-4b1c-97e4-440dcc9c9682'),
 ('27', '34', 'en_us', NULL, NULL, NULL, 'left', NULL, NULL, NULL, 'blue', '0', 'primary', NULL, 'gray', 'Overview', 'normal', NULL, NULL, NULL, NULL, NULL, NULL, '0.0', NULL, NULL, NULL, NULL, NULL, NULL, NULL, 'website', NULL, NULL, NULL, NULL, NULL, 'left', '0', NULL, NULL, NULL, NULL, NULL, '2017-07-26 20:51:36', '2017-07-27 00:17:05', '4aeafa8b-581b-4ae7-a015-332630fcaf39'),
 ('28', '35', 'en_us', NULL, NULL, NULL, 'left', NULL, NULL, 'Successful ads drive your business forward', 'blue', '0', 'primary', NULL, 'white', NULL, 'normal', NULL, NULL, NULL, NULL, NULL, NULL, '0.0', NULL, NULL, NULL, NULL, NULL, NULL, NULL, 'website', NULL, NULL, NULL, NULL, NULL, 'left', '0', NULL, NULL, NULL, NULL, NULL, '2017-07-26 20:51:36', '2017-07-27 00:17:05', '4d39b51a-4298-4558-8080-11dbb1b597e0'),
 ('29', '36', 'en_us', NULL, NULL, NULL, 'left', 'Monitor your campaigns in real-time, identify key performance trends, and optimize towards your goals.', NULL, 'Snap Ad Reporting', 'blue', '0', 'primary', NULL, 'white', NULL, 'normal', NULL, NULL, NULL, NULL, NULL, NULL, '0.0', NULL, NULL, NULL, NULL, NULL, NULL, NULL, 'website', NULL, NULL, NULL, NULL, NULL, 'left', '0', NULL, NULL, NULL, NULL, NULL, '2017-07-26 20:51:36', '2017-07-27 00:17:05', '183b5243-d299-438d-b3b3-7d4b1b4f42a5'),
 ('31', '38', 'en_us', 'Filter Reporting 2X', NULL, NULL, 'left', NULL, NULL, NULL, 'blue', '0', 'primary', NULL, 'white', NULL, 'normal', NULL, NULL, NULL, NULL, NULL, NULL, '0.0', NULL, NULL, NULL, NULL, NULL, NULL, NULL, 'website', NULL, NULL, NULL, NULL, NULL, 'left', '0', NULL, NULL, NULL, NULL, NULL, '2017-07-26 21:01:07', '2017-08-07 16:49:44', '1e91ee82-c782-4ebf-a8d1-ad5e09b67ba1'),
 ('32', '39', 'en_us', NULL, NULL, NULL, 'left', NULL, NULL, NULL, 'blue', '0', 'primary', NULL, 'white', 'Filter Reporting', 'normal', NULL, NULL, NULL, NULL, NULL, NULL, '0.0', NULL, NULL, NULL, NULL, NULL, NULL, NULL, 'website', NULL, NULL, NULL, NULL, NULL, 'left', '0', NULL, NULL, NULL, NULL, NULL, '2017-07-26 21:04:17', '2017-07-27 00:17:05', '5755410d-ef2f-4003-991f-e3c72265d16c'),
 ('33', '40', 'en_us', NULL, NULL, NULL, 'right', 'Track filter performance and optimize your campaign by location.', NULL, 'Filter Reporting', 'blue', '0', 'primary', NULL, 'white', NULL, 'normal', NULL, NULL, NULL, NULL, NULL, NULL, '0.0', NULL, NULL, NULL, NULL, NULL, NULL, NULL, 'website', NULL, NULL, NULL, NULL, NULL, 'left', '0', NULL, NULL, NULL, NULL, NULL, '2017-07-26 21:04:17', '2017-07-27 00:17:05', 'a07eb50e-e5db-4cf9-9251-11b4a6d0c987'),
 ('35', '42', 'en_us', NULL, NULL, NULL, 'left', NULL, NULL, NULL, 'blue', '0', 'primary', NULL, 'gray', 'Measurement Philosophy', 'normal', NULL, NULL, NULL, NULL, NULL, NULL, '0.0', NULL, NULL, NULL, NULL, NULL, NULL, NULL, 'website', NULL, NULL, NULL, NULL, NULL, 'left', '0', NULL, NULL, NULL, NULL, NULL, '2017-07-26 21:04:17', '2017-07-27 00:17:05', '2afc97b1-6f11-43c0-a3df-8f7007573dc9'),
 ('36', '43', 'en_us', NULL, NULL, NULL, 'left', NULL, NULL, 'Know exactly how your ads perform', 'blue', '0', 'primary', NULL, 'white', NULL, 'normal', NULL, NULL, NULL, NULL, NULL, NULL, '0.0', NULL, NULL, NULL, NULL, NULL, NULL, NULL, 'website', NULL, NULL, NULL, NULL, NULL, 'left', '0', NULL, NULL, NULL, NULL, NULL, '2017-07-26 21:04:17', '2017-07-27 00:17:05', 'd8f15d39-810b-47e4-ba1b-f9f432ce1692'),
 ('37', '44', 'en_us', NULL, NULL, NULL, 'left', NULL, NULL, NULL, 'blue', '0', 'primary', NULL, 'white', NULL, 'normal', NULL, NULL, NULL, NULL, NULL, NULL, '0.0', NULL, NULL, NULL, NULL, NULL, NULL, NULL, 'website', NULL, NULL, NULL, NULL, NULL, 'left', '0', NULL, NULL, NULL, NULL, NULL, '2017-07-26 21:04:17', '2017-07-27 00:17:05', '927f103b-a811-4ea9-b621-ecd3eaf4b976'),
 ('38', '45', 'en_us', 'Measurement Reach', NULL, NULL, 'left', NULL, NULL, NULL, 'blue', '0', 'primary', NULL, 'white', NULL, 'normal', NULL, NULL, NULL, NULL, NULL, NULL, '0.0', NULL, NULL, NULL, NULL, NULL, NULL, NULL, 'website', NULL, NULL, NULL, NULL, NULL, 'left', '0', NULL, NULL, NULL, NULL, NULL, '2017-07-26 21:17:47', '2017-08-07 16:49:44', '0a94bc86-2ccf-472f-967f-24bbf768e377'),
 ('39', '46', 'en_us', 'Measurement Reaction', NULL, NULL, 'left', NULL, NULL, NULL, 'blue', '0', 'primary', NULL, 'white', NULL, 'normal', NULL, NULL, NULL, NULL, NULL, NULL, '0.0', NULL, NULL, NULL, NULL, NULL, NULL, NULL, 'website', NULL, NULL, NULL, NULL, NULL, 'left', '0', NULL, NULL, NULL, NULL, NULL, '2017-07-26 21:17:47', '2017-08-07 16:49:44', '13bcf584-e0cb-4a70-ab5a-136428a6212f'),
 ('40', '47', 'en_us', 'Measurement Resonance', NULL, NULL, 'left', NULL, NULL, NULL, 'blue', '0', 'primary', NULL, 'white', NULL, 'normal', NULL, NULL, NULL, NULL, NULL, NULL, '0.0', NULL, NULL, NULL, NULL, NULL, NULL, NULL, 'website', NULL, NULL, NULL, NULL, NULL, 'left', '0', NULL, NULL, NULL, NULL, NULL, '2017-07-26 21:17:47', '2017-08-07 16:49:44', 'c5d19878-8b2e-48a3-9794-624333e980e5'),
 ('41', '48', 'en_us', 'Measurement Snap To', NULL, NULL, 'left', NULL, NULL, NULL, 'blue', '0', 'primary', NULL, 'white', NULL, 'normal', NULL, NULL, NULL, NULL, NULL, NULL, '0.0', NULL, NULL, NULL, NULL, NULL, NULL, NULL, 'website', NULL, NULL, NULL, NULL, NULL, 'left', '0', NULL, NULL, NULL, NULL, NULL, '2017-07-26 21:17:47', '2017-08-07 16:49:44', '1da6e46c-7f4d-47cf-80e9-84d341eab08e'),
 ('42', '49', 'en_us', 'Measurement Verification', NULL, NULL, 'left', NULL, NULL, NULL, 'blue', '0', 'primary', NULL, 'white', NULL, 'normal', NULL, NULL, NULL, NULL, NULL, NULL, '0.0', NULL, NULL, NULL, NULL, NULL, NULL, NULL, 'website', NULL, NULL, NULL, NULL, NULL, 'left', '0', NULL, NULL, NULL, NULL, NULL, '2017-07-26 21:17:47', '2017-08-07 16:49:44', '4e89b922-deb5-412f-ab7e-353529c5159c'),
 ('43', '50', 'en_us', 'Measurement Viewability', NULL, NULL, 'left', NULL, NULL, NULL, 'blue', '0', 'primary', NULL, 'white', NULL, 'normal', NULL, NULL, NULL, NULL, NULL, NULL, '0.0', NULL, NULL, NULL, NULL, NULL, NULL, NULL, 'website', NULL, NULL, NULL, NULL, NULL, 'left', '0', NULL, NULL, NULL, NULL, NULL, '2017-07-26 21:19:01', '2017-08-07 16:49:44', '6f300093-cf4e-4bf3-bc3e-1a404cda8568'),
 ('54', '61', 'en_us', 'Snap To Store Clock 2X', NULL, NULL, 'left', NULL, NULL, NULL, 'blue', '0', 'primary', NULL, 'white', NULL, 'normal', NULL, NULL, NULL, NULL, NULL, NULL, '0.0', NULL, NULL, NULL, NULL, NULL, NULL, NULL, 'website', NULL, NULL, NULL, NULL, NULL, 'left', '0', NULL, NULL, NULL, NULL, NULL, '2017-07-26 21:26:59', '2017-08-07 16:49:44', '30b84056-293c-417a-a2ae-1801f4b90374'),
 ('56', '63', 'en_us', NULL, NULL, NULL, 'left', NULL, NULL, NULL, 'blue', '0', 'primary', NULL, 'white', 'Snap to Store', 'normal', NULL, NULL, NULL, NULL, NULL, NULL, '0.0', NULL, NULL, NULL, NULL, NULL, NULL, NULL, 'website', NULL, NULL, NULL, NULL, NULL, 'left', '0', NULL, NULL, NULL, NULL, NULL, '2017-07-26 21:27:42', '2017-07-27 00:17:06', '6ae4890e-e9e0-4dee-859d-0777abe579b4'),
 ('57', '64', 'en_us', NULL, NULL, NULL, 'left', NULL, NULL, NULL, 'blue', '0', 'primary', NULL, 'white', NULL, 'normal', NULL, NULL, NULL, NULL, NULL, NULL, '0.0', NULL, NULL, NULL, NULL, NULL, NULL, NULL, 'website', NULL, NULL, NULL, NULL, NULL, 'left', '0', NULL, NULL, NULL, NULL, NULL, '2017-07-26 21:27:42', '2017-07-27 00:17:06', 'ac0e593d-d939-46a9-82c2-e9e33dcc0a0f'),
 ('61', '68', 'en_us', 'Snap To Store Chillahs 2X', NULL, NULL, 'left', NULL, NULL, NULL, 'blue', '0', 'primary', NULL, 'white', NULL, 'normal', NULL, NULL, NULL, NULL, NULL, NULL, '0.0', NULL, NULL, NULL, NULL, NULL, NULL, NULL, 'website', NULL, NULL, NULL, NULL, NULL, 'left', '0', NULL, NULL, NULL, NULL, NULL, '2017-07-26 21:28:10', '2017-08-07 16:49:44', 'bdb104d1-8580-40f0-82ef-8bf3070ea837'),
 ('62', '69', 'en_us', NULL, NULL, NULL, 'left', NULL, NULL, NULL, 'blue', '0', 'primary', NULL, 'white', NULL, 'wide', NULL, NULL, NULL, NULL, NULL, NULL, '0.0', NULL, NULL, NULL, NULL, NULL, NULL, NULL, 'website', NULL, NULL, NULL, NULL, NULL, 'left', '0', NULL, NULL, NULL, NULL, NULL, '2017-07-26 21:28:25', '2017-07-27 00:17:06', 'e8a57a5a-1376-486a-a7cd-9ff3e04fa59d'),
 ('64', '71', 'en_us', NULL, NULL, NULL, 'left', NULL, NULL, NULL, 'blue', '0', 'primary', NULL, 'gray', 'Third-party Partners', 'normal', NULL, NULL, NULL, NULL, NULL, NULL, '0.0', NULL, NULL, NULL, NULL, NULL, NULL, NULL, 'website', NULL, NULL, NULL, NULL, NULL, 'left', '0', NULL, NULL, NULL, NULL, NULL, '2017-07-26 21:48:57', '2017-07-27 00:17:06', 'c87a7dca-afd6-40f7-b1d8-5089eb56213d'),
 ('65', '72', 'en_us', NULL, NULL, NULL, 'left', NULL, NULL, NULL, 'blue', '0', 'primary', NULL, 'white', NULL, 'normal', NULL, NULL, NULL, NULL, NULL, NULL, '0.0', NULL, NULL, NULL, NULL, NULL, NULL, NULL, 'website', NULL, NULL, NULL, NULL, NULL, 'left', '0', NULL, NULL, NULL, NULL, NULL, '2017-07-26 21:48:57', '2017-07-27 00:17:06', 'adfd069e-98d6-423e-84ef-5dc4e9b69d61'),
 ('69', '76', 'en_us', 'Adjust 2X', NULL, NULL, 'left', NULL, NULL, NULL, 'blue', '0', 'primary', NULL, 'white', NULL, 'normal', NULL, NULL, NULL, NULL, NULL, NULL, '0.0', NULL, NULL, NULL, NULL, NULL, NULL, NULL, 'website', NULL, NULL, NULL, NULL, NULL, 'left', '0', NULL, NULL, NULL, NULL, NULL, '2017-07-26 21:58:07', '2017-08-07 16:49:44', '35bed11d-4a20-4a0a-8d8a-56a2b9288aff'),
 ('70', '77', 'en_us', 'Appsflyer 2X', NULL, NULL, 'left', NULL, NULL, NULL, 'blue', '0', 'primary', NULL, 'white', NULL, 'normal', NULL, NULL, NULL, NULL, NULL, NULL, '0.0', NULL, NULL, NULL, NULL, NULL, NULL, NULL, 'website', NULL, NULL, NULL, NULL, NULL, 'left', '0', NULL, NULL, NULL, NULL, NULL, '2017-07-26 21:58:07', '2017-08-07 16:49:44', '0dc5ec3a-e28a-4a7f-b406-46df9d505979'),
 ('71', '78', 'en_us', 'Doubleclick 2X', NULL, NULL, 'left', NULL, NULL, NULL, 'blue', '0', 'primary', NULL, 'white', NULL, 'normal', NULL, NULL, NULL, NULL, NULL, NULL, '0.0', NULL, NULL, NULL, NULL, NULL, NULL, NULL, 'website', NULL, NULL, NULL, NULL, NULL, 'left', '0', NULL, NULL, NULL, NULL, NULL, '2017-07-26 21:58:07', '2017-08-07 16:49:44', '9a9092bd-f7db-4712-bb08-4046daac7835'),
 ('72', '79', 'en_us', 'Innovid 2X', NULL, NULL, 'left', NULL, NULL, NULL, 'blue', '0', 'primary', NULL, 'white', NULL, 'normal', NULL, NULL, NULL, NULL, NULL, NULL, '0.0', NULL, NULL, NULL, NULL, NULL, NULL, NULL, 'website', NULL, NULL, NULL, NULL, NULL, 'left', '0', NULL, NULL, NULL, NULL, NULL, '2017-07-26 21:58:08', '2017-08-07 16:49:44', '1afe5344-ba8d-4e8e-80bc-391b5c12df5f'),
 ('73', '80', 'en_us', 'Kochava 2X', NULL, NULL, 'left', NULL, NULL, NULL, 'blue', '0', 'primary', NULL, 'white', NULL, 'normal', NULL, NULL, NULL, NULL, NULL, NULL, '0.0', NULL, NULL, NULL, NULL, NULL, NULL, NULL, 'website', NULL, NULL, NULL, NULL, NULL, 'left', '0', NULL, NULL, NULL, NULL, NULL, '2017-07-26 21:58:08', '2017-08-07 16:49:44', 'd0790931-6630-4e72-9430-d8725cf3444f'),
 ('74', '81', 'en_us', 'Liveramp 2X', NULL, NULL, 'left', NULL, NULL, NULL, 'blue', '0', 'primary', NULL, 'white', NULL, 'normal', NULL, NULL, NULL, NULL, NULL, NULL, '0.0', NULL, NULL, NULL, NULL, NULL, NULL, NULL, 'website', NULL, NULL, NULL, NULL, NULL, 'left', '0', NULL, NULL, NULL, NULL, NULL, '2017-07-26 21:58:08', '2017-08-07 16:49:44', 'ed0de6d8-fae9-45fa-a630-d0d04c807328'),
 ('75', '82', 'en_us', 'Millwardbrown 2X', NULL, NULL, 'left', NULL, NULL, NULL, 'blue', '0', 'primary', NULL, 'white', NULL, 'normal', NULL, NULL, NULL, NULL, NULL, NULL, '0.0', NULL, NULL, NULL, NULL, NULL, NULL, NULL, 'website', NULL, NULL, NULL, NULL, NULL, 'left', '0', NULL, NULL, NULL, NULL, NULL, '2017-07-26 21:58:10', '2017-08-07 16:49:44', 'a81644ae-b7fb-4425-bcb4-79e9630b3f00'),
 ('76', '83', 'en_us', 'Moat 2X', NULL, NULL, 'left', NULL, NULL, NULL, 'blue', '0', 'primary', NULL, 'white', NULL, 'normal', NULL, NULL, NULL, NULL, NULL, NULL, '0.0', NULL, NULL, NULL, NULL, NULL, NULL, NULL, 'website', NULL, NULL, NULL, NULL, NULL, 'left', '0', NULL, NULL, NULL, NULL, NULL, '2017-07-26 21:58:11', '2017-08-07 16:49:44', '4eb7105a-c369-4ec5-8a4f-63ab6215605d'),
 ('77', '84', 'en_us', 'Neustar 2X', NULL, NULL, 'left', NULL, NULL, NULL, 'blue', '0', 'primary', NULL, 'white', NULL, 'normal', NULL, NULL, NULL, NULL, NULL, NULL, '0.0', NULL, NULL, NULL, NULL, NULL, NULL, NULL, 'website', NULL, NULL, NULL, NULL, NULL, 'left', '0', NULL, NULL, NULL, NULL, NULL, '2017-07-26 21:58:11', '2017-08-07 16:49:44', '707f0fa9-bb7f-47da-82bb-77242902d435'),
 ('78', '85', 'en_us', 'Nielsen 2X', NULL, NULL, 'left', NULL, NULL, NULL, 'blue', '0', 'primary', NULL, 'white', NULL, 'normal', NULL, NULL, NULL, NULL, NULL, NULL, '0.0', NULL, NULL, NULL, NULL, NULL, NULL, NULL, 'website', NULL, NULL, NULL, NULL, NULL, 'left', '0', NULL, NULL, NULL, NULL, NULL, '2017-07-26 21:58:11', '2017-08-07 16:49:44', 'd11bb57e-14a1-4cb5-b406-7eb350fa092d'),
 ('79', '86', 'en_us', 'Oracle 2X', NULL, NULL, 'left', NULL, NULL, NULL, 'blue', '0', 'primary', NULL, 'white', NULL, 'normal', NULL, NULL, NULL, NULL, NULL, NULL, '0.0', NULL, NULL, NULL, NULL, NULL, NULL, NULL, 'website', NULL, NULL, NULL, NULL, NULL, 'left', '0', NULL, NULL, NULL, NULL, NULL, '2017-07-26 21:58:11', '2017-08-07 16:49:44', 'e96df2d1-de4c-49a6-8ab2-f95fee208efd'),
 ('80', '87', 'en_us', 'Placed 2X', NULL, NULL, 'left', NULL, NULL, NULL, 'blue', '0', 'primary', NULL, 'white', NULL, 'normal', NULL, NULL, NULL, NULL, NULL, NULL, '0.0', NULL, NULL, NULL, NULL, NULL, NULL, NULL, 'website', NULL, NULL, NULL, NULL, NULL, 'left', '0', NULL, NULL, NULL, NULL, NULL, '2017-07-26 21:58:11', '2017-08-07 16:49:44', '1fcebcd3-bdbc-48e2-ae07-0c0b8d81889a'),
 ('81', '88', 'en_us', 'Singular 2X', NULL, NULL, 'left', NULL, NULL, NULL, 'blue', '0', 'primary', NULL, 'white', NULL, 'normal', NULL, NULL, NULL, NULL, NULL, NULL, '0.0', NULL, NULL, NULL, NULL, NULL, NULL, NULL, 'website', NULL, NULL, NULL, NULL, NULL, 'left', '0', NULL, NULL, NULL, NULL, NULL, '2017-07-26 21:58:12', '2017-08-07 16:49:44', '1bed6e56-7625-4f2f-bf95-38a48864c178'),
 ('82', '89', 'en_us', 'Sizmek 2X', NULL, NULL, 'left', NULL, NULL, NULL, 'blue', '0', 'primary', NULL, 'white', NULL, 'normal', NULL, NULL, NULL, NULL, NULL, NULL, '0.0', NULL, NULL, NULL, NULL, NULL, NULL, NULL, 'website', NULL, NULL, NULL, NULL, NULL, 'left', '0', NULL, NULL, NULL, NULL, NULL, '2017-07-26 21:58:12', '2017-08-07 16:49:44', '4a0bde4c-fd88-4e02-bef3-30a045d6f355'),
 ('83', '90', 'en_us', 'Tune 2X', NULL, NULL, 'left', NULL, NULL, NULL, 'blue', '0', 'primary', NULL, 'white', NULL, 'normal', NULL, NULL, NULL, NULL, NULL, NULL, '0.0', NULL, NULL, NULL, NULL, NULL, NULL, NULL, 'website', NULL, NULL, NULL, NULL, NULL, 'left', '0', NULL, NULL, NULL, NULL, NULL, '2017-07-26 21:58:12', '2017-08-07 16:49:44', '1c89796a-c53a-4744-b638-f3d440a3dabe'),
 ('84', '91', 'en_us', NULL, NULL, NULL, 'left', NULL, NULL, NULL, 'blue', '0', 'primary', NULL, 'white', NULL, 'normal', NULL, NULL, NULL, NULL, NULL, NULL, '0.0', NULL, NULL, NULL, NULL, NULL, NULL, NULL, 'website', NULL, NULL, NULL, NULL, NULL, 'left', '0', NULL, NULL, NULL, NULL, NULL, '2017-07-26 22:00:39', '2017-07-27 00:17:06', 'e20098ba-3631-4229-896a-0236a531e284'),
 ('85', '97', 'en_us', 'Ic Success Logo Abinbev@2X', NULL, NULL, 'left', NULL, NULL, NULL, 'blue', '0', 'primary', NULL, 'gray', NULL, 'normal', NULL, NULL, NULL, NULL, NULL, NULL, '0.0', NULL, NULL, NULL, NULL, NULL, NULL, NULL, 'website', NULL, NULL, NULL, NULL, NULL, 'left', '0', NULL, NULL, NULL, NULL, NULL, '2017-07-26 22:25:00', '2017-08-07 16:49:44', '8f309ae0-78f2-446a-945c-f9fab8764a62'),
 ('86', '98', 'en_us', 'Ad Products', NULL, 'ad-products', 'left', NULL, NULL, NULL, 'blue', '1', 'primary', NULL, 'gray', NULL, 'normal', NULL, NULL, NULL, NULL, NULL, NULL, '0.0', NULL, NULL, NULL, NULL, NULL, NULL, NULL, 'website', NULL, NULL, NULL, NULL, NULL, 'left', '0', NULL, NULL, NULL, NULL, NULL, '2017-07-26 22:48:34', '2017-08-07 21:49:06', '7887f5cc-a45e-4fae-a365-9f99cce6f4ff'),
 ('87', '99', 'en_us', 'Geofilter Phil Phone Screen@2X', NULL, NULL, 'left', NULL, NULL, NULL, 'blue', '0', 'primary', NULL, 'gray', NULL, 'normal', NULL, NULL, NULL, NULL, NULL, NULL, '0.0', NULL, NULL, NULL, NULL, NULL, NULL, NULL, 'website', NULL, NULL, NULL, NULL, NULL, 'left', '0', NULL, NULL, NULL, NULL, NULL, '2017-07-26 22:54:45', '2017-08-07 16:49:44', 'c22930d4-b12e-4d7f-928c-bd0c5430e56c'),
 ('88', '100', 'en_us', 'Postmates Drive Action@2X', NULL, NULL, 'left', NULL, NULL, NULL, 'blue', '0', 'primary', NULL, 'gray', NULL, 'normal', NULL, NULL, NULL, NULL, NULL, NULL, '0.0', NULL, NULL, NULL, NULL, NULL, NULL, NULL, 'website', NULL, NULL, NULL, NULL, NULL, 'left', '0', NULL, NULL, NULL, NULL, NULL, '2017-07-26 22:54:45', '2017-08-07 16:49:44', '6725a755-7e64-4a04-b07f-2cba29cc4072'),
 ('89', '101', 'en_us', 'Lga Geo Filter 2X', NULL, NULL, 'left', NULL, NULL, NULL, 'blue', '0', 'primary', NULL, 'gray', NULL, 'normal', NULL, NULL, NULL, NULL, NULL, NULL, '0.0', NULL, NULL, NULL, NULL, NULL, NULL, NULL, 'website', NULL, NULL, NULL, NULL, NULL, 'left', '0', NULL, NULL, NULL, NULL, NULL, '2017-07-26 22:54:59', '2017-08-07 16:49:45', 'f45d3914-689c-49fb-9012-756942319412'),
 ('90', '102', 'en_us', 'Target Ad 2X', NULL, NULL, 'left', NULL, NULL, NULL, 'blue', '0', 'primary', NULL, 'gray', NULL, 'normal', NULL, NULL, NULL, NULL, NULL, NULL, '0.0', NULL, NULL, NULL, NULL, NULL, NULL, NULL, 'website', NULL, NULL, NULL, NULL, NULL, 'left', '0', NULL, NULL, NULL, NULL, NULL, '2017-07-26 22:59:08', '2017-08-07 16:49:45', '13151fc0-5cb3-4851-b542-4103b7dcd286'),
 ('91', '103', 'en_us', 'Warby Parker Geo Filter 2X', NULL, NULL, 'left', NULL, NULL, NULL, 'blue', '0', 'primary', NULL, 'gray', NULL, 'normal', NULL, NULL, NULL, NULL, NULL, NULL, '0.0', NULL, NULL, NULL, NULL, NULL, NULL, NULL, 'website', NULL, NULL, NULL, NULL, NULL, 'left', '0', NULL, NULL, NULL, NULL, NULL, '2017-07-26 22:59:11', '2017-08-07 16:49:45', '6221be52-b537-49a1-bc8f-a14052950b32'),
 ('92', '104', 'en_us', 'Weby Parker Geo Filter 2X', NULL, NULL, 'left', NULL, NULL, NULL, 'blue', '0', 'primary', NULL, 'gray', NULL, 'normal', NULL, NULL, NULL, NULL, NULL, NULL, '0.0', NULL, NULL, NULL, NULL, NULL, NULL, NULL, 'website', NULL, NULL, NULL, NULL, NULL, 'left', '0', NULL, NULL, NULL, NULL, NULL, '2017-07-26 23:01:58', '2017-08-07 16:49:45', '878bfdea-dcc4-49cd-824a-cbb5c042af49'),
 ('93', '105', 'en_us', 'Snap Ads Gatorade Phone Screen@2X', NULL, NULL, 'left', NULL, NULL, NULL, 'blue', '0', 'primary', NULL, 'gray', NULL, 'normal', NULL, NULL, NULL, NULL, NULL, NULL, '0.0', NULL, NULL, NULL, NULL, NULL, NULL, NULL, 'website', NULL, NULL, NULL, NULL, NULL, 'left', '0', NULL, NULL, NULL, NULL, NULL, '2017-07-26 23:02:27', '2017-08-07 16:49:45', '4f006099-efa8-43ce-97aa-2ef29ebae453'),
 ('94', '106', 'en_us', 'Snap Ads Under Armour Phone Screen@2X', NULL, NULL, 'left', NULL, NULL, NULL, 'blue', '0', 'primary', NULL, 'gray', NULL, 'normal', NULL, NULL, NULL, NULL, NULL, NULL, '0.0', NULL, NULL, NULL, NULL, NULL, NULL, NULL, 'website', NULL, NULL, NULL, NULL, NULL, 'left', '0', NULL, NULL, NULL, NULL, NULL, '2017-07-26 23:02:28', '2017-08-07 16:49:45', '982715c3-7bb9-4ab3-9340-59e5d19212b6'),
 ('95', '107', 'en_us', NULL, NULL, NULL, 'left', NULL, NULL, NULL, 'blue', '0', 'primary', NULL, 'gray', 'Overview', 'normal', NULL, NULL, NULL, NULL, NULL, NULL, '0.0', NULL, NULL, NULL, NULL, NULL, NULL, NULL, 'website', NULL, NULL, NULL, NULL, NULL, 'left', '0', NULL, NULL, NULL, NULL, NULL, '2017-07-26 23:03:48', '2017-08-07 21:49:06', '5bb85d1a-37af-42eb-a8f2-dff9468aefbd'),
 ('96', '108', 'en_us', NULL, NULL, NULL, 'left', NULL, NULL, 'Our ad products are fun and effective, for every objective', 'blue', '0', 'primary', '', 'gray', NULL, 'normal', NULL, NULL, NULL, NULL, NULL, NULL, '0.0', NULL, NULL, NULL, NULL, NULL, NULL, NULL, 'website', NULL, NULL, NULL, NULL, NULL, 'left', '0', NULL, NULL, NULL, NULL, NULL, '2017-07-26 23:03:48', '2017-08-07 21:49:06', '7aac4380-552f-482d-82eb-7fe02ae290d5'),
 ('98', '110', 'en_us', NULL, NULL, NULL, 'left', NULL, NULL, NULL, 'blue', '0', 'primary', NULL, 'gray', NULL, 'normal', NULL, NULL, NULL, NULL, NULL, NULL, '0.0', NULL, NULL, NULL, NULL, NULL, NULL, NULL, 'website', NULL, NULL, NULL, NULL, NULL, 'left', '0', NULL, NULL, NULL, NULL, NULL, '2017-07-26 23:03:48', '2017-08-07 21:49:06', '068bf86a-5a95-498c-a98c-c16fa065687e'),
 ('106', '118', 'en_us', NULL, NULL, NULL, 'left', NULL, NULL, NULL, 'blue', '0', 'primary', NULL, 'gray', 'Filters', 'normal', NULL, NULL, NULL, NULL, NULL, NULL, '0.0', NULL, NULL, NULL, NULL, NULL, NULL, NULL, 'website', NULL, NULL, NULL, NULL, NULL, 'left', '0', NULL, NULL, NULL, NULL, NULL, '2017-07-26 23:03:48', '2017-08-07 21:49:07', 'dcdd1e3f-7fb9-4ac8-ba37-cb3f8fe6f381'),
 ('107', '119', 'en_us', NULL, NULL, NULL, 'left', NULL, NULL, 'Filters', 'blue', '0', 'primary', 'Filters allow you to be where your product is bought, thought about, or consumed. Create your own Filter and drive awareness, advocacy, and action in one package.', 'gray', NULL, 'normal', NULL, NULL, NULL, NULL, NULL, NULL, '0.0', NULL, NULL, NULL, NULL, NULL, NULL, NULL, 'website', NULL, NULL, NULL, NULL, NULL, 'left', '0', NULL, NULL, NULL, NULL, NULL, '2017-07-26 23:03:48', '2017-08-07 21:49:07', '96514e1e-0242-48af-82e1-3e2445300ba1'),
 ('112', '124', 'en_us', NULL, NULL, NULL, 'left', NULL, NULL, NULL, 'blue', '0', 'primary', NULL, 'gray', NULL, 'normal', NULL, NULL, NULL, NULL, NULL, NULL, '0.0', NULL, NULL, NULL, NULL, NULL, NULL, NULL, 'website', NULL, NULL, NULL, NULL, NULL, 'left', '0', NULL, NULL, NULL, NULL, NULL, '2017-07-26 23:03:48', '2017-08-07 21:49:07', '21f8ef89-09ff-49eb-a979-48020e807bfa'),
 ('116', '128', 'en_us', NULL, NULL, NULL, 'left', NULL, NULL, NULL, 'blue', '0', 'primary', NULL, 'white', 'Lenses', 'normal', NULL, NULL, NULL, NULL, NULL, NULL, '0.0', NULL, NULL, NULL, NULL, NULL, NULL, NULL, 'website', NULL, NULL, NULL, NULL, NULL, 'left', '0', NULL, NULL, NULL, NULL, NULL, '2017-07-26 23:03:48', '2017-08-07 21:49:07', '1529ef07-57ae-46ec-8b34-4c386b337773'),
 ('117', '129', 'en_us', NULL, NULL, NULL, 'left', NULL, NULL, 'Lenses', 'blue', '0', 'primary', 'Lenses are the most playful and memorable way to increase awareness, on a massive scale. With one tap, you can invite Snapchatters into your world — and your story.', 'gray', NULL, 'normal', NULL, NULL, NULL, NULL, NULL, NULL, '0.0', NULL, NULL, NULL, NULL, NULL, NULL, NULL, 'website', NULL, NULL, NULL, NULL, NULL, 'left', '0', NULL, NULL, NULL, NULL, NULL, '2017-07-26 23:03:48', '2017-08-07 21:49:07', '0df5d78e-2628-4c15-8206-3a01568f058f'),
 ('120', '132', 'en_us', NULL, NULL, NULL, 'left', NULL, NULL, NULL, 'blue', '0', 'primary', NULL, 'gray', NULL, 'normal', NULL, NULL, NULL, NULL, NULL, NULL, '0.0', NULL, NULL, NULL, NULL, NULL, NULL, NULL, 'website', NULL, NULL, NULL, NULL, NULL, 'left', '0', NULL, NULL, NULL, NULL, NULL, '2017-07-26 23:03:48', '2017-08-07 21:49:07', '19eb5613-9d7b-4289-9f18-b1df6c7f0246'),
 ('124', '136', 'en_us', NULL, NULL, NULL, 'left', NULL, NULL, NULL, 'blue', '0', 'primary', NULL, 'gray', 'Video', 'normal', NULL, NULL, NULL, NULL, NULL, NULL, '0.0', NULL, NULL, NULL, NULL, NULL, NULL, NULL, 'website', NULL, NULL, NULL, NULL, NULL, 'left', '0', NULL, NULL, NULL, NULL, NULL, '2017-07-26 23:03:49', '2017-08-07 21:49:07', 'a1c393a8-563e-4235-823f-792273b0ef7e'),
 ('125', '137', 'en_us', NULL, NULL, NULL, 'left', NULL, NULL, 'See where your ads will run on Snapchat', 'blue', '0', 'primary', '', 'gray', NULL, 'normal', NULL, NULL, NULL, NULL, NULL, NULL, '0.0', NULL, NULL, NULL, NULL, NULL, NULL, NULL, 'website', NULL, NULL, NULL, NULL, NULL, 'left', '0', NULL, NULL, NULL, NULL, NULL, '2017-07-26 23:03:49', '2017-08-07 21:49:07', '29bdeb3a-8372-4df0-9e2c-87597cc489f5'),
 ('128', '141', 'en_us', 'Chillah Device', NULL, NULL, 'left', NULL, NULL, NULL, 'blue', '0', 'primary', NULL, 'gray', NULL, 'normal', NULL, NULL, NULL, NULL, NULL, NULL, '0.0', NULL, NULL, NULL, NULL, NULL, NULL, NULL, 'website', NULL, NULL, NULL, NULL, NULL, 'left', '0', NULL, NULL, NULL, NULL, NULL, '2017-07-26 23:10:18', '2017-08-07 16:49:45', '59215124-9ca1-4f19-b083-8b271b072ca8'),
 ('129', '142', 'en_us', 'Chillah Heart Eyes', NULL, NULL, 'left', NULL, NULL, NULL, 'blue', '0', 'primary', NULL, 'gray', NULL, 'normal', NULL, NULL, NULL, NULL, NULL, NULL, '0.0', NULL, NULL, NULL, NULL, NULL, NULL, NULL, 'website', NULL, NULL, NULL, NULL, NULL, 'left', '0', NULL, NULL, NULL, NULL, NULL, '2017-07-26 23:10:18', '2017-08-07 16:49:45', '06adb3ff-3626-46f9-bf31-871ba61d7859'),
 ('130', '143', 'en_us', 'Chillah Hearts', NULL, NULL, 'left', NULL, NULL, NULL, 'blue', '0', 'primary', NULL, 'gray', NULL, 'normal', NULL, NULL, NULL, NULL, NULL, NULL, '0.0', NULL, NULL, NULL, NULL, NULL, NULL, NULL, 'website', NULL, NULL, NULL, NULL, NULL, 'left', '0', NULL, NULL, NULL, NULL, NULL, '2017-07-26 23:10:19', '2017-08-07 16:49:45', 'd00d7e09-d28b-4076-8a97-0f4eb1baa43d'),
 ('131', '144', 'en_us', NULL, NULL, NULL, 'left', NULL, NULL, NULL, 'blue', '0', 'primary', NULL, 'white', 'Snap Ads', 'normal', NULL, NULL, NULL, NULL, NULL, NULL, '0.0', NULL, NULL, NULL, NULL, NULL, NULL, NULL, 'website', NULL, NULL, NULL, NULL, NULL, 'left', '0', NULL, NULL, NULL, NULL, NULL, '2017-07-26 23:22:13', '2017-08-07 21:49:06', '88d5e544-d7e4-40c2-8fc3-220f37def7d1'),
 ('132', '145', 'en_us', 'Devices Nav 1', NULL, NULL, 'left', NULL, NULL, NULL, 'blue', '0', 'primary', NULL, 'gray', NULL, 'normal', NULL, NULL, NULL, NULL, NULL, NULL, '0.0', NULL, NULL, NULL, NULL, NULL, NULL, NULL, 'website', NULL, NULL, NULL, NULL, NULL, 'left', '0', NULL, NULL, NULL, NULL, NULL, '2017-07-26 23:31:02', '2017-08-07 16:49:45', '86b94226-bb67-4d98-8f5e-7327763eb8b7'),
 ('133', '146', 'en_us', 'Devices Nav 2', NULL, NULL, 'left', NULL, NULL, NULL, 'blue', '0', 'primary', NULL, 'gray', NULL, 'normal', NULL, NULL, NULL, NULL, NULL, NULL, '0.0', NULL, NULL, NULL, NULL, NULL, NULL, NULL, 'website', NULL, NULL, NULL, NULL, NULL, 'left', '0', NULL, NULL, NULL, NULL, NULL, '2017-07-26 23:31:02', '2017-08-07 16:49:45', 'faaedf76-301a-4c01-b756-fdeb495c2b7b'),
 ('134', '147', 'en_us', 'Devices Nav 3', NULL, NULL, 'left', NULL, NULL, NULL, 'blue', '0', 'primary', NULL, 'gray', NULL, 'normal', NULL, NULL, NULL, NULL, NULL, NULL, '0.0', NULL, NULL, NULL, NULL, NULL, NULL, NULL, 'website', NULL, NULL, NULL, NULL, NULL, 'left', '0', NULL, NULL, NULL, NULL, NULL, '2017-07-26 23:31:02', '2017-08-07 16:49:45', '9a8a39c3-866a-48fd-84bc-95c114b56d00'),
 ('135', '148', 'en_us', 'Devices Nav 4', NULL, NULL, 'left', NULL, NULL, NULL, 'blue', '0', 'primary', NULL, 'gray', NULL, 'normal', NULL, NULL, NULL, NULL, NULL, NULL, '0.0', NULL, NULL, NULL, NULL, NULL, NULL, NULL, 'website', NULL, NULL, NULL, NULL, NULL, 'left', '0', NULL, NULL, NULL, NULL, NULL, '2017-07-26 23:31:02', '2017-08-07 16:49:45', '39b3f341-c4e5-4901-8005-de80836ae4a3'),
 ('136', '149', 'en_us', 'Solutions Device 1', NULL, NULL, 'left', NULL, NULL, NULL, 'blue', '0', 'primary', NULL, 'gray', NULL, 'normal', NULL, NULL, NULL, NULL, NULL, NULL, '0.0', NULL, NULL, NULL, NULL, NULL, NULL, NULL, 'website', NULL, NULL, NULL, NULL, NULL, 'left', '0', NULL, NULL, NULL, NULL, NULL, '2017-07-26 23:31:07', '2017-08-07 16:49:45', 'a63ff91a-10fe-40a8-a635-399fcaeec005'),
 ('137', '150', 'en_us', 'Solutions Device 2', NULL, NULL, 'left', NULL, NULL, NULL, 'blue', '0', 'primary', NULL, 'gray', NULL, 'normal', NULL, NULL, NULL, NULL, NULL, NULL, '0.0', NULL, NULL, NULL, NULL, NULL, NULL, NULL, 'website', NULL, NULL, NULL, NULL, NULL, 'left', '0', NULL, NULL, NULL, NULL, NULL, '2017-07-26 23:31:10', '2017-08-07 16:49:45', '09b3b2ad-2b87-4f77-8681-3b2dd923c7ba'),
 ('138', '151', 'en_us', 'Solutions Device 3', NULL, NULL, 'left', NULL, NULL, NULL, 'blue', '0', 'primary', NULL, 'gray', NULL, 'normal', NULL, NULL, NULL, NULL, NULL, NULL, '0.0', NULL, NULL, NULL, NULL, NULL, NULL, NULL, 'website', NULL, NULL, NULL, NULL, NULL, 'left', '0', NULL, NULL, NULL, NULL, NULL, '2017-07-26 23:31:10', '2017-08-07 16:49:45', 'b00f9cae-0fe6-42d2-a73e-0505677e24d2'),
 ('139', '152', 'en_us', 'Solutions Device 4', NULL, NULL, 'left', NULL, NULL, NULL, 'blue', '0', 'primary', NULL, 'gray', NULL, 'normal', NULL, NULL, NULL, NULL, NULL, NULL, '0.0', NULL, NULL, NULL, NULL, NULL, NULL, NULL, 'website', NULL, NULL, NULL, NULL, NULL, 'left', '0', NULL, NULL, NULL, NULL, NULL, '2017-07-26 23:31:11', '2017-08-07 16:49:45', '4d537403-7cc5-4975-9708-eeffc9d4fdfe'),
 ('140', '153', 'en_us', 'Solutions Device 5', NULL, NULL, 'left', NULL, NULL, NULL, 'blue', '0', 'primary', NULL, 'gray', NULL, 'normal', NULL, NULL, NULL, NULL, NULL, NULL, '0.0', NULL, NULL, NULL, NULL, NULL, NULL, NULL, 'website', NULL, NULL, NULL, NULL, NULL, 'left', '0', NULL, NULL, NULL, NULL, NULL, '2017-07-26 23:31:11', '2017-08-07 16:49:45', 'ad03f9cc-0614-4301-8219-fe9c35fffde6'),
 ('141', '154', 'en_us', 'Solutions Device 6', NULL, NULL, 'left', NULL, NULL, NULL, 'blue', '0', 'primary', NULL, 'gray', NULL, 'normal', NULL, NULL, NULL, NULL, NULL, NULL, '0.0', NULL, NULL, NULL, NULL, NULL, NULL, NULL, 'website', NULL, NULL, NULL, NULL, NULL, 'left', '0', NULL, NULL, NULL, NULL, NULL, '2017-07-26 23:31:11', '2017-08-07 16:49:45', '22d6abbf-e8ca-43ac-93f9-a443a49cd4ab'),
 ('142', '155', 'en_us', 'Solutions Device 7', NULL, NULL, 'left', NULL, NULL, NULL, 'blue', '0', 'primary', NULL, 'gray', NULL, 'normal', NULL, NULL, NULL, NULL, NULL, NULL, '0.0', NULL, NULL, NULL, NULL, NULL, NULL, NULL, 'website', NULL, NULL, NULL, NULL, NULL, 'left', '0', NULL, NULL, NULL, NULL, NULL, '2017-07-26 23:31:11', '2017-08-07 16:49:45', '92a63ed4-0b19-4057-8fbf-33b786e1f213'),
 ('143', '156', 'en_us', 'Solutions Device 8', NULL, NULL, 'left', NULL, NULL, NULL, 'blue', '0', 'primary', NULL, 'gray', NULL, 'normal', NULL, NULL, NULL, NULL, NULL, NULL, '0.0', NULL, NULL, NULL, NULL, NULL, NULL, NULL, 'website', NULL, NULL, NULL, NULL, NULL, 'left', '0', NULL, NULL, NULL, NULL, NULL, '2017-07-26 23:31:11', '2017-08-07 16:49:45', 'dc7c2ad0-5f43-4c57-a24a-de9bec7fc471'),
 ('144', '157', 'en_us', 'Solutions Device 9', NULL, NULL, 'left', NULL, NULL, NULL, 'blue', '0', 'primary', NULL, 'gray', NULL, 'normal', NULL, NULL, NULL, NULL, NULL, NULL, '0.0', NULL, NULL, NULL, NULL, NULL, NULL, NULL, 'website', NULL, NULL, NULL, NULL, NULL, 'left', '0', NULL, NULL, NULL, NULL, NULL, '2017-07-26 23:31:11', '2017-08-07 16:49:45', '10f8a16f-2369-4b04-918b-01c23ace3299'),
 ('145', '158', 'en_us', 'Solutions Device 10', NULL, NULL, 'left', NULL, NULL, NULL, 'blue', '0', 'primary', NULL, 'gray', NULL, 'normal', NULL, NULL, NULL, NULL, NULL, NULL, '0.0', NULL, NULL, NULL, NULL, NULL, NULL, NULL, 'website', NULL, NULL, NULL, NULL, NULL, 'left', '0', NULL, NULL, NULL, NULL, NULL, '2017-07-26 23:31:12', '2017-08-07 16:49:45', 'ae6fe380-2461-478d-9908-9bae45e9ad2c'),
 ('146', '159', 'en_us', 'Solutions Device 11', NULL, NULL, 'left', NULL, NULL, NULL, 'blue', '0', 'primary', NULL, 'gray', NULL, 'normal', NULL, NULL, NULL, NULL, NULL, NULL, '0.0', NULL, NULL, NULL, NULL, NULL, NULL, NULL, 'website', NULL, NULL, NULL, NULL, NULL, 'left', '0', NULL, NULL, NULL, NULL, NULL, '2017-07-26 23:31:12', '2017-08-07 16:49:45', 'afd53a8c-5e4c-4af8-aed0-c7a0136d254c'),
 ('147', '160', 'en_us', 'Solutions Device 12', NULL, NULL, 'left', NULL, NULL, NULL, 'blue', '0', 'primary', NULL, 'gray', NULL, 'normal', NULL, NULL, NULL, NULL, NULL, NULL, '0.0', NULL, NULL, NULL, NULL, NULL, NULL, NULL, 'website', NULL, NULL, NULL, NULL, NULL, 'left', '0', NULL, NULL, NULL, NULL, NULL, '2017-07-26 23:31:12', '2017-08-07 16:49:45', '9dce6082-930f-4956-813b-a6c9796b8eae'),
 ('148', '161', 'en_us', 'Solutions Device 13', NULL, NULL, 'left', NULL, NULL, NULL, 'blue', '0', 'primary', NULL, 'gray', NULL, 'normal', NULL, NULL, NULL, NULL, NULL, NULL, '0.0', NULL, NULL, NULL, NULL, NULL, NULL, NULL, 'website', NULL, NULL, NULL, NULL, NULL, 'left', '0', NULL, NULL, NULL, NULL, NULL, '2017-07-26 23:31:12', '2017-08-07 16:49:45', '4ff9524f-9b60-4bd0-84e4-e2b85b1d953d'),
 ('149', '162', 'en_us', NULL, NULL, NULL, 'left', NULL, NULL, NULL, 'blue', '0', 'primary', NULL, 'gray', NULL, 'normal', NULL, NULL, NULL, NULL, NULL, NULL, '0.0', NULL, NULL, NULL, NULL, NULL, NULL, NULL, 'website', NULL, NULL, NULL, NULL, NULL, 'left', '0', NULL, NULL, NULL, NULL, NULL, '2017-07-26 23:33:33', '2017-08-07 21:49:06', '96704174-f4a8-46aa-96a6-943edf152bf7'),
 ('158', '172', 'en_us', 'Ad Manager 2X', NULL, NULL, 'left', NULL, NULL, NULL, 'blue', '0', 'primary', NULL, 'gray', NULL, 'normal', NULL, NULL, NULL, NULL, NULL, NULL, '0.0', NULL, NULL, NULL, NULL, NULL, NULL, NULL, 'website', NULL, NULL, NULL, NULL, NULL, 'left', '0', NULL, NULL, NULL, NULL, NULL, '2017-07-27 17:17:05', '2017-08-07 16:49:45', '6d62a38b-ba26-4e96-a989-bcf02a3e4b08'),
 ('167', '183', 'en_us', NULL, NULL, NULL, 'left', NULL, NULL, NULL, 'blue', '0', 'primary', NULL, 'gray', 'Overview', 'normal', NULL, NULL, NULL, NULL, NULL, NULL, '0.0', NULL, NULL, NULL, NULL, NULL, NULL, NULL, 'website', NULL, NULL, NULL, NULL, NULL, 'left', '0', NULL, NULL, NULL, NULL, NULL, '2017-08-01 20:54:27', '2017-08-03 17:11:59', '834a1e41-2eeb-43ce-a63d-1b307c5b9786'),
 ('170', '190', 'en_us', NULL, NULL, NULL, 'left', NULL, NULL, NULL, 'blue', '0', 'primary', NULL, 'gray', NULL, 'normal', NULL, NULL, NULL, NULL, NULL, NULL, '0.0', NULL, NULL, NULL, NULL, NULL, NULL, NULL, 'website', NULL, NULL, NULL, NULL, NULL, 'left', '0', NULL, NULL, NULL, NULL, NULL, '2017-08-01 22:35:00', '2017-08-03 17:11:59', '3df032e4-9851-4549-8945-5783663c8270'),
 ('172', '194', 'en_us', NULL, NULL, NULL, 'left', NULL, NULL, NULL, 'blue', '0', 'primary', NULL, 'gray', NULL, 'normal', NULL, NULL, NULL, NULL, NULL, NULL, '0.0', NULL, NULL, NULL, NULL, NULL, NULL, NULL, 'website', NULL, NULL, NULL, NULL, NULL, 'left', '0', NULL, NULL, NULL, NULL, NULL, '2017-08-02 00:32:52', '2017-08-03 17:11:59', 'a345c131-3f3f-446a-877a-51c4ad166728'),
 ('178', '202', 'en_us', NULL, NULL, NULL, 'left', NULL, '{\"type\":\"entry\",\"custom\":\"\",\"entry\":[\"2\"],\"customText\":\"\",\"target\":\"\"}', 'heeeeadline', 'blue', '0', 'primary', 'suuuuubhead', 'gray', NULL, 'normal', NULL, NULL, NULL, NULL, NULL, NULL, '0.0', NULL, NULL, NULL, NULL, NULL, NULL, NULL, 'website', NULL, NULL, NULL, NULL, NULL, 'left', '0', NULL, NULL, NULL, NULL, NULL, '2017-08-03 17:08:09', '2017-08-03 17:11:59', '034126f2-2a96-4cf3-a943-cf95757320d9'),
 ('180', '209', 'en_us', NULL, NULL, NULL, 'left', NULL, NULL, 'Snap Ads', 'blue', '0', 'primary', 'The original vertical video ad — now with attachments customized for your objectives.', 'gray', NULL, 'normal', NULL, NULL, NULL, NULL, NULL, NULL, '0.0', NULL, NULL, NULL, NULL, NULL, NULL, NULL, 'website', NULL, NULL, NULL, NULL, NULL, 'left', '0', NULL, NULL, NULL, NULL, NULL, '2017-08-03 18:50:27', '2017-08-07 21:49:06', 'd6a9cba8-ec19-4382-a16f-900263efbe86'),
 ('181', '221', 'en_us', NULL, NULL, NULL, 'left', NULL, NULL, NULL, 'blue', '0', 'primary', NULL, 'gray', NULL, 'wide', NULL, NULL, NULL, NULL, NULL, NULL, '0.0', NULL, NULL, NULL, NULL, NULL, NULL, NULL, 'website', NULL, NULL, NULL, NULL, NULL, 'left', '0', NULL, NULL, NULL, NULL, NULL, '2017-08-03 19:02:45', '2017-08-07 21:49:07', 'd4ea8453-c40e-4edc-9c12-1ba156590b80'),
 ('183', '223', 'en_us', NULL, NULL, NULL, 'left', NULL, NULL, NULL, 'blue', '0', 'primary', NULL, 'gray', NULL, 'normal', NULL, NULL, NULL, NULL, NULL, NULL, '0.0', NULL, 'Company', NULL, NULL, NULL, NULL, NULL, 'website', NULL, NULL, NULL, NULL, NULL, 'left', '0', NULL, NULL, NULL, NULL, NULL, '2017-08-03 22:25:09', '2017-08-07 16:49:47', '7a064362-a205-46bf-a7b4-742e7f287a94'),
 ('184', '228', 'en_us', NULL, NULL, NULL, 'left', NULL, NULL, NULL, 'blue', '0', 'primary', NULL, 'gray', NULL, 'normal', NULL, NULL, NULL, NULL, NULL, NULL, '0.0', NULL, 'Community', NULL, NULL, NULL, NULL, NULL, 'website', NULL, NULL, NULL, NULL, NULL, 'left', '0', NULL, NULL, NULL, NULL, NULL, '2017-08-03 22:33:25', '2017-08-07 16:49:47', 'ce41b433-402e-4da9-a230-06755947d33a'),
 ('185', '232', 'en_us', NULL, NULL, NULL, 'left', NULL, NULL, NULL, 'blue', '0', 'primary', NULL, 'gray', NULL, 'normal', NULL, NULL, NULL, NULL, NULL, NULL, '0.0', NULL, 'Advertising', NULL, NULL, NULL, NULL, NULL, 'website', NULL, NULL, NULL, NULL, NULL, 'left', '0', NULL, NULL, NULL, NULL, NULL, '2017-08-03 22:33:25', '2017-08-07 16:49:47', '9df2c5c3-5340-479b-975c-d76f7b1bd7f9'),
 ('186', '237', 'en_us', NULL, NULL, NULL, 'left', NULL, NULL, NULL, 'blue', '0', 'primary', NULL, 'gray', NULL, 'normal', NULL, NULL, NULL, NULL, NULL, NULL, '0.0', NULL, 'Legal', NULL, NULL, NULL, NULL, NULL, 'website', NULL, NULL, NULL, NULL, NULL, 'left', '0', NULL, NULL, NULL, NULL, NULL, '2017-08-03 22:33:26', '2017-08-07 16:49:47', '6a427e50-d394-4e12-bbfc-77d6cbfc14fb'),
 ('187', '8', 'de_de', 'Snap Ad Reporting 1X', NULL, NULL, 'left', NULL, NULL, NULL, 'blue', '0', 'primary', NULL, 'white', NULL, 'normal', NULL, NULL, NULL, NULL, NULL, NULL, '0.0', NULL, NULL, NULL, NULL, NULL, NULL, NULL, 'website', NULL, NULL, NULL, NULL, NULL, 'left', '0', NULL, NULL, NULL, NULL, NULL, '2017-08-07 16:49:44', '2017-08-07 16:49:44', '34a533ef-83d0-47fd-8e2c-482bcfbc2e78');
INSERT INTO `craft_content` (`id`, `elementId`, `locale`, `title`, `field_body`, `field_page_uri`, `field_imageLocation`, `field_paragraph`, `field_button`, `field_headline`, `field_page_themeColor`, `field_page_sideNavigation`, `field_buttonStyle`, `field_subhead`, `field_sectionBackgroundColor`, `field_sectionTitle`, `field_assetWidth`, `field_eyebrow`, `field_storyCardColor`, `field_companyName`, `field_storySummary`, `field_tabLabel`, `field_tabDescription`, `field_timeCode`, `field_descriptionLabel`, `field_groupTitle`, `field_seoTitle`, `field_seoDescription`, `field_keywords`, `field_ogTitle`, `field_ogDescription`, `field_pageType`, `field_mainNavigationCta`, `field_cookiePolicy`, `field_buttonText`, `field_verticalVideoUrl`, `field_imageAltText`, `field_desktopVideoLocation`, `field_roundedCorners`, `field_label`, `field_productFilterTitle`, `field_objectiveFilterTitle`, `field_industryFilterTitle`, `field_noResultsText`, `dateCreated`, `dateUpdated`, `uid`) VALUES
 ('188', '14', 'de_de', 'Homepage 1 1', NULL, NULL, 'left', NULL, NULL, NULL, 'blue', '0', 'primary', NULL, 'white', NULL, 'normal', NULL, NULL, NULL, NULL, NULL, NULL, '0.0', NULL, NULL, NULL, NULL, NULL, NULL, NULL, 'website', NULL, NULL, NULL, NULL, NULL, 'left', '0', NULL, NULL, NULL, NULL, NULL, '2017-08-07 16:49:44', '2017-08-07 16:49:44', '80fc1291-d8c4-4188-a4d3-d55513b6b2b0'),
 ('189', '15', 'de_de', 'Homepage 1 2', NULL, NULL, 'left', NULL, NULL, NULL, 'blue', '0', 'primary', NULL, 'white', NULL, 'normal', NULL, NULL, NULL, NULL, NULL, NULL, '0.0', NULL, NULL, NULL, NULL, NULL, NULL, NULL, 'website', NULL, NULL, NULL, NULL, NULL, 'left', '0', NULL, NULL, NULL, NULL, NULL, '2017-08-07 16:49:44', '2017-08-07 16:49:44', '250c41d4-2bbe-40e4-b0b3-640e9a1394cd'),
 ('190', '16', 'de_de', 'Homepage 1 3', NULL, NULL, 'left', NULL, NULL, NULL, 'blue', '0', 'primary', NULL, 'white', NULL, 'normal', NULL, NULL, NULL, NULL, NULL, NULL, '0.0', NULL, NULL, NULL, NULL, NULL, NULL, NULL, 'website', NULL, NULL, NULL, NULL, NULL, 'left', '0', NULL, NULL, NULL, NULL, NULL, '2017-08-07 16:49:44', '2017-08-07 16:49:44', '8a04663a-a91e-4b10-b001-de720a72c98f'),
 ('191', '38', 'de_de', 'Filter Reporting 2X', NULL, NULL, 'left', NULL, NULL, NULL, 'blue', '0', 'primary', NULL, 'white', NULL, 'normal', NULL, NULL, NULL, NULL, NULL, NULL, '0.0', NULL, NULL, NULL, NULL, NULL, NULL, NULL, 'website', NULL, NULL, NULL, NULL, NULL, 'left', '0', NULL, NULL, NULL, NULL, NULL, '2017-08-07 16:49:44', '2017-08-07 16:49:44', '71bed67a-2514-4890-b37d-5afca51c46e0'),
 ('192', '45', 'de_de', 'Measurement Reach', NULL, NULL, 'left', NULL, NULL, NULL, 'blue', '0', 'primary', NULL, 'white', NULL, 'normal', NULL, NULL, NULL, NULL, NULL, NULL, '0.0', NULL, NULL, NULL, NULL, NULL, NULL, NULL, 'website', NULL, NULL, NULL, NULL, NULL, 'left', '0', NULL, NULL, NULL, NULL, NULL, '2017-08-07 16:49:44', '2017-08-07 16:49:44', 'dda05145-7e45-4ccb-a4cb-e7bb814538b1'),
 ('193', '46', 'de_de', 'Measurement Reaction', NULL, NULL, 'left', NULL, NULL, NULL, 'blue', '0', 'primary', NULL, 'white', NULL, 'normal', NULL, NULL, NULL, NULL, NULL, NULL, '0.0', NULL, NULL, NULL, NULL, NULL, NULL, NULL, 'website', NULL, NULL, NULL, NULL, NULL, 'left', '0', NULL, NULL, NULL, NULL, NULL, '2017-08-07 16:49:44', '2017-08-07 16:49:44', '85bf96e8-32ba-4e07-b5ba-07bf957df289'),
 ('194', '47', 'de_de', 'Measurement Resonance', NULL, NULL, 'left', NULL, NULL, NULL, 'blue', '0', 'primary', NULL, 'white', NULL, 'normal', NULL, NULL, NULL, NULL, NULL, NULL, '0.0', NULL, NULL, NULL, NULL, NULL, NULL, NULL, 'website', NULL, NULL, NULL, NULL, NULL, 'left', '0', NULL, NULL, NULL, NULL, NULL, '2017-08-07 16:49:44', '2017-08-07 16:49:44', '317f4e5a-09fe-4587-b1d5-508848b78e76'),
 ('195', '48', 'de_de', 'Measurement Snap To', NULL, NULL, 'left', NULL, NULL, NULL, 'blue', '0', 'primary', NULL, 'white', NULL, 'normal', NULL, NULL, NULL, NULL, NULL, NULL, '0.0', NULL, NULL, NULL, NULL, NULL, NULL, NULL, 'website', NULL, NULL, NULL, NULL, NULL, 'left', '0', NULL, NULL, NULL, NULL, NULL, '2017-08-07 16:49:44', '2017-08-07 16:49:44', 'ccee35b8-d630-45dc-8d97-f17e9a72451d'),
 ('196', '49', 'de_de', 'Measurement Verification', NULL, NULL, 'left', NULL, NULL, NULL, 'blue', '0', 'primary', NULL, 'white', NULL, 'normal', NULL, NULL, NULL, NULL, NULL, NULL, '0.0', NULL, NULL, NULL, NULL, NULL, NULL, NULL, 'website', NULL, NULL, NULL, NULL, NULL, 'left', '0', NULL, NULL, NULL, NULL, NULL, '2017-08-07 16:49:44', '2017-08-07 16:49:44', '279f99df-ae42-466e-820a-cc0dc3d8ec0c'),
 ('197', '50', 'de_de', 'Measurement Viewability', NULL, NULL, 'left', NULL, NULL, NULL, 'blue', '0', 'primary', NULL, 'white', NULL, 'normal', NULL, NULL, NULL, NULL, NULL, NULL, '0.0', NULL, NULL, NULL, NULL, NULL, NULL, NULL, 'website', NULL, NULL, NULL, NULL, NULL, 'left', '0', NULL, NULL, NULL, NULL, NULL, '2017-08-07 16:49:44', '2017-08-07 16:49:44', 'c3b5d10f-ca56-4f36-af6f-2a4841207086'),
 ('198', '61', 'de_de', 'Snap To Store Clock 2X', NULL, NULL, 'left', NULL, NULL, NULL, 'blue', '0', 'primary', NULL, 'white', NULL, 'normal', NULL, NULL, NULL, NULL, NULL, NULL, '0.0', NULL, NULL, NULL, NULL, NULL, NULL, NULL, 'website', NULL, NULL, NULL, NULL, NULL, 'left', '0', NULL, NULL, NULL, NULL, NULL, '2017-08-07 16:49:44', '2017-08-07 16:49:44', '15b51fda-dd2e-442e-9144-2e32d70e10c9'),
 ('199', '68', 'de_de', 'Snap To Store Chillahs 2X', NULL, NULL, 'left', NULL, NULL, NULL, 'blue', '0', 'primary', NULL, 'white', NULL, 'normal', NULL, NULL, NULL, NULL, NULL, NULL, '0.0', NULL, NULL, NULL, NULL, NULL, NULL, NULL, 'website', NULL, NULL, NULL, NULL, NULL, 'left', '0', NULL, NULL, NULL, NULL, NULL, '2017-08-07 16:49:44', '2017-08-07 16:49:44', 'f53a90d0-c4cc-4972-8329-d860f51c7605'),
 ('200', '76', 'de_de', 'Adjust 2X', NULL, NULL, 'left', NULL, NULL, NULL, 'blue', '0', 'primary', NULL, 'white', NULL, 'normal', NULL, NULL, NULL, NULL, NULL, NULL, '0.0', NULL, NULL, NULL, NULL, NULL, NULL, NULL, 'website', NULL, NULL, NULL, NULL, NULL, 'left', '0', NULL, NULL, NULL, NULL, NULL, '2017-08-07 16:49:44', '2017-08-07 16:49:44', 'db39145a-4d18-4cef-acad-0797d1e08bb9'),
 ('201', '77', 'de_de', 'Appsflyer 2X', NULL, NULL, 'left', NULL, NULL, NULL, 'blue', '0', 'primary', NULL, 'white', NULL, 'normal', NULL, NULL, NULL, NULL, NULL, NULL, '0.0', NULL, NULL, NULL, NULL, NULL, NULL, NULL, 'website', NULL, NULL, NULL, NULL, NULL, 'left', '0', NULL, NULL, NULL, NULL, NULL, '2017-08-07 16:49:44', '2017-08-07 16:49:44', 'e4de3e00-d4b1-437f-a55b-cf519aeda423'),
 ('202', '78', 'de_de', 'Doubleclick 2X', NULL, NULL, 'left', NULL, NULL, NULL, 'blue', '0', 'primary', NULL, 'white', NULL, 'normal', NULL, NULL, NULL, NULL, NULL, NULL, '0.0', NULL, NULL, NULL, NULL, NULL, NULL, NULL, 'website', NULL, NULL, NULL, NULL, NULL, 'left', '0', NULL, NULL, NULL, NULL, NULL, '2017-08-07 16:49:44', '2017-08-07 16:49:44', '4a4ad5ef-5b4f-4aa0-a5d1-e9ee9d8d14dd'),
 ('203', '79', 'de_de', 'Innovid 2X', NULL, NULL, 'left', NULL, NULL, NULL, 'blue', '0', 'primary', NULL, 'white', NULL, 'normal', NULL, NULL, NULL, NULL, NULL, NULL, '0.0', NULL, NULL, NULL, NULL, NULL, NULL, NULL, 'website', NULL, NULL, NULL, NULL, NULL, 'left', '0', NULL, NULL, NULL, NULL, NULL, '2017-08-07 16:49:44', '2017-08-07 16:49:44', 'a14c043c-ea8c-4410-8942-1a1d2c66bd13'),
 ('204', '80', 'de_de', 'Kochava 2X', NULL, NULL, 'left', NULL, NULL, NULL, 'blue', '0', 'primary', NULL, 'white', NULL, 'normal', NULL, NULL, NULL, NULL, NULL, NULL, '0.0', NULL, NULL, NULL, NULL, NULL, NULL, NULL, 'website', NULL, NULL, NULL, NULL, NULL, 'left', '0', NULL, NULL, NULL, NULL, NULL, '2017-08-07 16:49:44', '2017-08-07 16:49:44', '8055ee67-2039-488a-8210-1d08e8de1eb7'),
 ('205', '81', 'de_de', 'Liveramp 2X', NULL, NULL, 'left', NULL, NULL, NULL, 'blue', '0', 'primary', NULL, 'white', NULL, 'normal', NULL, NULL, NULL, NULL, NULL, NULL, '0.0', NULL, NULL, NULL, NULL, NULL, NULL, NULL, 'website', NULL, NULL, NULL, NULL, NULL, 'left', '0', NULL, NULL, NULL, NULL, NULL, '2017-08-07 16:49:44', '2017-08-07 16:49:44', '0e8a8ae7-5a2a-4cae-9c89-b82b71021868'),
 ('206', '82', 'de_de', 'Millwardbrown 2X', NULL, NULL, 'left', NULL, NULL, NULL, 'blue', '0', 'primary', NULL, 'white', NULL, 'normal', NULL, NULL, NULL, NULL, NULL, NULL, '0.0', NULL, NULL, NULL, NULL, NULL, NULL, NULL, 'website', NULL, NULL, NULL, NULL, NULL, 'left', '0', NULL, NULL, NULL, NULL, NULL, '2017-08-07 16:49:44', '2017-08-07 16:49:44', '381af1ee-7a72-43fa-8e1d-073d34f03d4f'),
 ('207', '83', 'de_de', 'Moat 2X', NULL, NULL, 'left', NULL, NULL, NULL, 'blue', '0', 'primary', NULL, 'white', NULL, 'normal', NULL, NULL, NULL, NULL, NULL, NULL, '0.0', NULL, NULL, NULL, NULL, NULL, NULL, NULL, 'website', NULL, NULL, NULL, NULL, NULL, 'left', '0', NULL, NULL, NULL, NULL, NULL, '2017-08-07 16:49:44', '2017-08-07 16:49:44', '398466a8-605b-43a5-bcbd-738b0aa18cce'),
 ('208', '84', 'de_de', 'Neustar 2X', NULL, NULL, 'left', NULL, NULL, NULL, 'blue', '0', 'primary', NULL, 'white', NULL, 'normal', NULL, NULL, NULL, NULL, NULL, NULL, '0.0', NULL, NULL, NULL, NULL, NULL, NULL, NULL, 'website', NULL, NULL, NULL, NULL, NULL, 'left', '0', NULL, NULL, NULL, NULL, NULL, '2017-08-07 16:49:44', '2017-08-07 16:49:44', 'def7c29a-64d9-4f01-bba6-7ddb8fc5f430'),
 ('209', '85', 'de_de', 'Nielsen 2X', NULL, NULL, 'left', NULL, NULL, NULL, 'blue', '0', 'primary', NULL, 'white', NULL, 'normal', NULL, NULL, NULL, NULL, NULL, NULL, '0.0', NULL, NULL, NULL, NULL, NULL, NULL, NULL, 'website', NULL, NULL, NULL, NULL, NULL, 'left', '0', NULL, NULL, NULL, NULL, NULL, '2017-08-07 16:49:44', '2017-08-07 16:49:44', 'a4140c94-0ef0-49d0-a08a-e48a002852f0'),
 ('210', '86', 'de_de', 'Oracle 2X', NULL, NULL, 'left', NULL, NULL, NULL, 'blue', '0', 'primary', NULL, 'white', NULL, 'normal', NULL, NULL, NULL, NULL, NULL, NULL, '0.0', NULL, NULL, NULL, NULL, NULL, NULL, NULL, 'website', NULL, NULL, NULL, NULL, NULL, 'left', '0', NULL, NULL, NULL, NULL, NULL, '2017-08-07 16:49:44', '2017-08-07 16:49:44', 'e3ec50ab-ddb1-403b-bde5-b7137f450c49'),
 ('211', '87', 'de_de', 'Placed 2X', NULL, NULL, 'left', NULL, NULL, NULL, 'blue', '0', 'primary', NULL, 'white', NULL, 'normal', NULL, NULL, NULL, NULL, NULL, NULL, '0.0', NULL, NULL, NULL, NULL, NULL, NULL, NULL, 'website', NULL, NULL, NULL, NULL, NULL, 'left', '0', NULL, NULL, NULL, NULL, NULL, '2017-08-07 16:49:44', '2017-08-07 16:49:44', 'd0a0d7fa-a93f-4d22-af29-d4531655b048'),
 ('212', '88', 'de_de', 'Singular 2X', NULL, NULL, 'left', NULL, NULL, NULL, 'blue', '0', 'primary', NULL, 'white', NULL, 'normal', NULL, NULL, NULL, NULL, NULL, NULL, '0.0', NULL, NULL, NULL, NULL, NULL, NULL, NULL, 'website', NULL, NULL, NULL, NULL, NULL, 'left', '0', NULL, NULL, NULL, NULL, NULL, '2017-08-07 16:49:44', '2017-08-07 16:49:44', '006f6f5e-7bce-4933-877a-d93f689c4328'),
 ('213', '89', 'de_de', 'Sizmek 2X', NULL, NULL, 'left', NULL, NULL, NULL, 'blue', '0', 'primary', NULL, 'white', NULL, 'normal', NULL, NULL, NULL, NULL, NULL, NULL, '0.0', NULL, NULL, NULL, NULL, NULL, NULL, NULL, 'website', NULL, NULL, NULL, NULL, NULL, 'left', '0', NULL, NULL, NULL, NULL, NULL, '2017-08-07 16:49:44', '2017-08-07 16:49:44', '67629695-ea84-471d-9048-490b1264df35'),
 ('214', '90', 'de_de', 'Tune 2X', NULL, NULL, 'left', NULL, NULL, NULL, 'blue', '0', 'primary', NULL, 'white', NULL, 'normal', NULL, NULL, NULL, NULL, NULL, NULL, '0.0', NULL, NULL, NULL, NULL, NULL, NULL, NULL, 'website', NULL, NULL, NULL, NULL, NULL, 'left', '0', NULL, NULL, NULL, NULL, NULL, '2017-08-07 16:49:44', '2017-08-07 16:49:44', 'e220b29e-ec27-4510-b556-27b7c8a647e8'),
 ('215', '97', 'de_de', 'Ic Success Logo Abinbev@2X', NULL, NULL, 'left', NULL, NULL, NULL, 'blue', '0', 'primary', NULL, 'gray', NULL, 'normal', NULL, NULL, NULL, NULL, NULL, NULL, '0.0', NULL, NULL, NULL, NULL, NULL, NULL, NULL, 'website', NULL, NULL, NULL, NULL, NULL, 'left', '0', NULL, NULL, NULL, NULL, NULL, '2017-08-07 16:49:44', '2017-08-07 16:49:44', '2747648d-01c7-4f09-ac23-edea77ed059a'),
 ('216', '99', 'de_de', 'Geofilter Phil Phone Screen@2X', NULL, NULL, 'left', NULL, NULL, NULL, 'blue', '0', 'primary', NULL, 'gray', NULL, 'normal', NULL, NULL, NULL, NULL, NULL, NULL, '0.0', NULL, NULL, NULL, NULL, NULL, NULL, NULL, 'website', NULL, NULL, NULL, NULL, NULL, 'left', '0', NULL, NULL, NULL, NULL, NULL, '2017-08-07 16:49:44', '2017-08-07 16:49:44', '92a19912-a86e-47b8-bdc5-265df96d2472'),
 ('217', '100', 'de_de', 'Postmates Drive Action@2X', NULL, NULL, 'left', NULL, NULL, NULL, 'blue', '0', 'primary', NULL, 'gray', NULL, 'normal', NULL, NULL, NULL, NULL, NULL, NULL, '0.0', NULL, NULL, NULL, NULL, NULL, NULL, NULL, 'website', NULL, NULL, NULL, NULL, NULL, 'left', '0', NULL, NULL, NULL, NULL, NULL, '2017-08-07 16:49:44', '2017-08-07 16:49:44', 'df3435c2-ccb9-435e-ad94-cd091ca00303'),
 ('218', '101', 'de_de', 'Lga Geo Filter 2X', NULL, NULL, 'left', NULL, NULL, NULL, 'blue', '0', 'primary', NULL, 'gray', NULL, 'normal', NULL, NULL, NULL, NULL, NULL, NULL, '0.0', NULL, NULL, NULL, NULL, NULL, NULL, NULL, 'website', NULL, NULL, NULL, NULL, NULL, 'left', '0', NULL, NULL, NULL, NULL, NULL, '2017-08-07 16:49:45', '2017-08-07 16:49:45', '5fcaecc0-4316-409f-a3e9-73ef1b17676e'),
 ('219', '102', 'de_de', 'Target Ad 2X', NULL, NULL, 'left', NULL, NULL, NULL, 'blue', '0', 'primary', NULL, 'gray', NULL, 'normal', NULL, NULL, NULL, NULL, NULL, NULL, '0.0', NULL, NULL, NULL, NULL, NULL, NULL, NULL, 'website', NULL, NULL, NULL, NULL, NULL, 'left', '0', NULL, NULL, NULL, NULL, NULL, '2017-08-07 16:49:45', '2017-08-07 16:49:45', 'ca170322-e214-40de-9750-1751f670896f'),
 ('220', '103', 'de_de', 'Warby Parker Geo Filter 2X', NULL, NULL, 'left', NULL, NULL, NULL, 'blue', '0', 'primary', NULL, 'gray', NULL, 'normal', NULL, NULL, NULL, NULL, NULL, NULL, '0.0', NULL, NULL, NULL, NULL, NULL, NULL, NULL, 'website', NULL, NULL, NULL, NULL, NULL, 'left', '0', NULL, NULL, NULL, NULL, NULL, '2017-08-07 16:49:45', '2017-08-07 16:49:45', 'a95eafa4-28e8-47b1-aa70-d769f76d9247'),
 ('221', '104', 'de_de', 'Weby Parker Geo Filter 2X', NULL, NULL, 'left', NULL, NULL, NULL, 'blue', '0', 'primary', NULL, 'gray', NULL, 'normal', NULL, NULL, NULL, NULL, NULL, NULL, '0.0', NULL, NULL, NULL, NULL, NULL, NULL, NULL, 'website', NULL, NULL, NULL, NULL, NULL, 'left', '0', NULL, NULL, NULL, NULL, NULL, '2017-08-07 16:49:45', '2017-08-07 16:49:45', '31c0d41d-7766-4578-8bbc-452d59830f66'),
 ('222', '105', 'de_de', 'Snap Ads Gatorade Phone Screen@2X', NULL, NULL, 'left', NULL, NULL, NULL, 'blue', '0', 'primary', NULL, 'gray', NULL, 'normal', NULL, NULL, NULL, NULL, NULL, NULL, '0.0', NULL, NULL, NULL, NULL, NULL, NULL, NULL, 'website', NULL, NULL, NULL, NULL, NULL, 'left', '0', NULL, NULL, NULL, NULL, NULL, '2017-08-07 16:49:45', '2017-08-07 16:49:45', '0036f7bb-7c6b-491e-adf0-cfbca39be90d'),
 ('223', '106', 'de_de', 'Snap Ads Under Armour Phone Screen@2X', NULL, NULL, 'left', NULL, NULL, NULL, 'blue', '0', 'primary', NULL, 'gray', NULL, 'normal', NULL, NULL, NULL, NULL, NULL, NULL, '0.0', NULL, NULL, NULL, NULL, NULL, NULL, NULL, 'website', NULL, NULL, NULL, NULL, NULL, 'left', '0', NULL, NULL, NULL, NULL, NULL, '2017-08-07 16:49:45', '2017-08-07 16:49:45', '9e10b641-b6b4-44bd-9524-436c847bfde6'),
 ('224', '141', 'de_de', 'Chillah Device', NULL, NULL, 'left', NULL, NULL, NULL, 'blue', '0', 'primary', NULL, 'gray', NULL, 'normal', NULL, NULL, NULL, NULL, NULL, NULL, '0.0', NULL, NULL, NULL, NULL, NULL, NULL, NULL, 'website', NULL, NULL, NULL, NULL, NULL, 'left', '0', NULL, NULL, NULL, NULL, NULL, '2017-08-07 16:49:45', '2017-08-07 16:49:45', 'bdae37ae-0c80-449c-bfd5-c5dcbbbae016'),
 ('225', '142', 'de_de', 'Chillah Heart Eyes', NULL, NULL, 'left', NULL, NULL, NULL, 'blue', '0', 'primary', NULL, 'gray', NULL, 'normal', NULL, NULL, NULL, NULL, NULL, NULL, '0.0', NULL, NULL, NULL, NULL, NULL, NULL, NULL, 'website', NULL, NULL, NULL, NULL, NULL, 'left', '0', NULL, NULL, NULL, NULL, NULL, '2017-08-07 16:49:45', '2017-08-07 16:49:45', '3bea6473-2158-4450-b8cd-31556774fb3c'),
 ('226', '143', 'de_de', 'Chillah Hearts', NULL, NULL, 'left', NULL, NULL, NULL, 'blue', '0', 'primary', NULL, 'gray', NULL, 'normal', NULL, NULL, NULL, NULL, NULL, NULL, '0.0', NULL, NULL, NULL, NULL, NULL, NULL, NULL, 'website', NULL, NULL, NULL, NULL, NULL, 'left', '0', NULL, NULL, NULL, NULL, NULL, '2017-08-07 16:49:45', '2017-08-07 16:49:45', '1fe65ae2-9cd9-4429-9af6-eeab0cbe2ff6'),
 ('227', '145', 'de_de', 'Devices Nav 1', NULL, NULL, 'left', NULL, NULL, NULL, 'blue', '0', 'primary', NULL, 'gray', NULL, 'normal', NULL, NULL, NULL, NULL, NULL, NULL, '0.0', NULL, NULL, NULL, NULL, NULL, NULL, NULL, 'website', NULL, NULL, NULL, NULL, NULL, 'left', '0', NULL, NULL, NULL, NULL, NULL, '2017-08-07 16:49:45', '2017-08-07 16:49:45', '33a7d9bc-9d8d-4bdb-aa2d-9ce6cdde03bd'),
 ('228', '146', 'de_de', 'Devices Nav 2', NULL, NULL, 'left', NULL, NULL, NULL, 'blue', '0', 'primary', NULL, 'gray', NULL, 'normal', NULL, NULL, NULL, NULL, NULL, NULL, '0.0', NULL, NULL, NULL, NULL, NULL, NULL, NULL, 'website', NULL, NULL, NULL, NULL, NULL, 'left', '0', NULL, NULL, NULL, NULL, NULL, '2017-08-07 16:49:45', '2017-08-07 16:49:45', '5d6b924b-926f-4fb8-ba7c-06aa06ff4e06'),
 ('229', '147', 'de_de', 'Devices Nav 3', NULL, NULL, 'left', NULL, NULL, NULL, 'blue', '0', 'primary', NULL, 'gray', NULL, 'normal', NULL, NULL, NULL, NULL, NULL, NULL, '0.0', NULL, NULL, NULL, NULL, NULL, NULL, NULL, 'website', NULL, NULL, NULL, NULL, NULL, 'left', '0', NULL, NULL, NULL, NULL, NULL, '2017-08-07 16:49:45', '2017-08-07 16:49:45', '4bb77eb0-41f0-4658-92e4-6c9f61cef4c2'),
 ('230', '148', 'de_de', 'Devices Nav 4', NULL, NULL, 'left', NULL, NULL, NULL, 'blue', '0', 'primary', NULL, 'gray', NULL, 'normal', NULL, NULL, NULL, NULL, NULL, NULL, '0.0', NULL, NULL, NULL, NULL, NULL, NULL, NULL, 'website', NULL, NULL, NULL, NULL, NULL, 'left', '0', NULL, NULL, NULL, NULL, NULL, '2017-08-07 16:49:45', '2017-08-07 16:49:45', 'e5360879-eed3-4c7a-a972-57d0b0268467'),
 ('231', '149', 'de_de', 'Solutions Device 1', NULL, NULL, 'left', NULL, NULL, NULL, 'blue', '0', 'primary', NULL, 'gray', NULL, 'normal', NULL, NULL, NULL, NULL, NULL, NULL, '0.0', NULL, NULL, NULL, NULL, NULL, NULL, NULL, 'website', NULL, NULL, NULL, NULL, NULL, 'left', '0', NULL, NULL, NULL, NULL, NULL, '2017-08-07 16:49:45', '2017-08-07 16:49:45', '3bbac4b7-d7b4-4784-818e-22d7529400d3'),
 ('232', '150', 'de_de', 'Solutions Device 2', NULL, NULL, 'left', NULL, NULL, NULL, 'blue', '0', 'primary', NULL, 'gray', NULL, 'normal', NULL, NULL, NULL, NULL, NULL, NULL, '0.0', NULL, NULL, NULL, NULL, NULL, NULL, NULL, 'website', NULL, NULL, NULL, NULL, NULL, 'left', '0', NULL, NULL, NULL, NULL, NULL, '2017-08-07 16:49:45', '2017-08-07 16:49:45', '2062753f-83eb-4d53-a9d0-d3dbeaf25b52'),
 ('233', '151', 'de_de', 'Solutions Device 3', NULL, NULL, 'left', NULL, NULL, NULL, 'blue', '0', 'primary', NULL, 'gray', NULL, 'normal', NULL, NULL, NULL, NULL, NULL, NULL, '0.0', NULL, NULL, NULL, NULL, NULL, NULL, NULL, 'website', NULL, NULL, NULL, NULL, NULL, 'left', '0', NULL, NULL, NULL, NULL, NULL, '2017-08-07 16:49:45', '2017-08-07 16:49:45', 'abd8933d-1f26-474c-9829-cb265e48dd1e'),
 ('234', '152', 'de_de', 'Solutions Device 4', NULL, NULL, 'left', NULL, NULL, NULL, 'blue', '0', 'primary', NULL, 'gray', NULL, 'normal', NULL, NULL, NULL, NULL, NULL, NULL, '0.0', NULL, NULL, NULL, NULL, NULL, NULL, NULL, 'website', NULL, NULL, NULL, NULL, NULL, 'left', '0', NULL, NULL, NULL, NULL, NULL, '2017-08-07 16:49:45', '2017-08-07 16:49:45', '636ee488-8da5-411e-9a6a-dffff7c666b5'),
 ('235', '153', 'de_de', 'Solutions Device 5', NULL, NULL, 'left', NULL, NULL, NULL, 'blue', '0', 'primary', NULL, 'gray', NULL, 'normal', NULL, NULL, NULL, NULL, NULL, NULL, '0.0', NULL, NULL, NULL, NULL, NULL, NULL, NULL, 'website', NULL, NULL, NULL, NULL, NULL, 'left', '0', NULL, NULL, NULL, NULL, NULL, '2017-08-07 16:49:45', '2017-08-07 16:49:45', '86ee2014-67f3-4c17-a990-478ad5e799ef'),
 ('236', '154', 'de_de', 'Solutions Device 6', NULL, NULL, 'left', NULL, NULL, NULL, 'blue', '0', 'primary', NULL, 'gray', NULL, 'normal', NULL, NULL, NULL, NULL, NULL, NULL, '0.0', NULL, NULL, NULL, NULL, NULL, NULL, NULL, 'website', NULL, NULL, NULL, NULL, NULL, 'left', '0', NULL, NULL, NULL, NULL, NULL, '2017-08-07 16:49:45', '2017-08-07 16:49:45', '98439eed-e2c0-46aa-b94a-7a9ed9e1f7e9'),
 ('237', '155', 'de_de', 'Solutions Device 7', NULL, NULL, 'left', NULL, NULL, NULL, 'blue', '0', 'primary', NULL, 'gray', NULL, 'normal', NULL, NULL, NULL, NULL, NULL, NULL, '0.0', NULL, NULL, NULL, NULL, NULL, NULL, NULL, 'website', NULL, NULL, NULL, NULL, NULL, 'left', '0', NULL, NULL, NULL, NULL, NULL, '2017-08-07 16:49:45', '2017-08-07 16:49:45', '334cbe5d-46fd-4d69-bdc6-119bde9ba95e'),
 ('238', '156', 'de_de', 'Solutions Device 8', NULL, NULL, 'left', NULL, NULL, NULL, 'blue', '0', 'primary', NULL, 'gray', NULL, 'normal', NULL, NULL, NULL, NULL, NULL, NULL, '0.0', NULL, NULL, NULL, NULL, NULL, NULL, NULL, 'website', NULL, NULL, NULL, NULL, NULL, 'left', '0', NULL, NULL, NULL, NULL, NULL, '2017-08-07 16:49:45', '2017-08-07 16:49:45', 'c836881c-fb00-47e4-942a-1e82a5596981'),
 ('239', '157', 'de_de', 'Solutions Device 9', NULL, NULL, 'left', NULL, NULL, NULL, 'blue', '0', 'primary', NULL, 'gray', NULL, 'normal', NULL, NULL, NULL, NULL, NULL, NULL, '0.0', NULL, NULL, NULL, NULL, NULL, NULL, NULL, 'website', NULL, NULL, NULL, NULL, NULL, 'left', '0', NULL, NULL, NULL, NULL, NULL, '2017-08-07 16:49:45', '2017-08-07 16:49:45', 'a2153e56-462d-4c09-8409-18550086bbd5'),
 ('240', '158', 'de_de', 'Solutions Device 10', NULL, NULL, 'left', NULL, NULL, NULL, 'blue', '0', 'primary', NULL, 'gray', NULL, 'normal', NULL, NULL, NULL, NULL, NULL, NULL, '0.0', NULL, NULL, NULL, NULL, NULL, NULL, NULL, 'website', NULL, NULL, NULL, NULL, NULL, 'left', '0', NULL, NULL, NULL, NULL, NULL, '2017-08-07 16:49:45', '2017-08-07 16:49:45', 'e467019c-7a8e-49c1-bf0c-3a9290dbd89f'),
 ('241', '159', 'de_de', 'Solutions Device 11', NULL, NULL, 'left', NULL, NULL, NULL, 'blue', '0', 'primary', NULL, 'gray', NULL, 'normal', NULL, NULL, NULL, NULL, NULL, NULL, '0.0', NULL, NULL, NULL, NULL, NULL, NULL, NULL, 'website', NULL, NULL, NULL, NULL, NULL, 'left', '0', NULL, NULL, NULL, NULL, NULL, '2017-08-07 16:49:45', '2017-08-07 16:49:45', 'f34362f5-1eb2-46c0-98e1-1ebb5b0cf74f'),
 ('242', '160', 'de_de', 'Solutions Device 12', NULL, NULL, 'left', NULL, NULL, NULL, 'blue', '0', 'primary', NULL, 'gray', NULL, 'normal', NULL, NULL, NULL, NULL, NULL, NULL, '0.0', NULL, NULL, NULL, NULL, NULL, NULL, NULL, 'website', NULL, NULL, NULL, NULL, NULL, 'left', '0', NULL, NULL, NULL, NULL, NULL, '2017-08-07 16:49:45', '2017-08-07 16:49:45', 'f2353c71-db6b-428e-9dfe-f31833049456'),
 ('243', '161', 'de_de', 'Solutions Device 13', NULL, NULL, 'left', NULL, NULL, NULL, 'blue', '0', 'primary', NULL, 'gray', NULL, 'normal', NULL, NULL, NULL, NULL, NULL, NULL, '0.0', NULL, NULL, NULL, NULL, NULL, NULL, NULL, 'website', NULL, NULL, NULL, NULL, NULL, 'left', '0', NULL, NULL, NULL, NULL, NULL, '2017-08-07 16:49:45', '2017-08-07 16:49:45', 'f399b2a5-757e-4602-a527-8e9e671e6b33'),
 ('244', '172', 'de_de', 'Ad Manager 2X', NULL, NULL, 'left', NULL, NULL, NULL, 'blue', '0', 'primary', NULL, 'gray', NULL, 'normal', NULL, NULL, NULL, NULL, NULL, NULL, '0.0', NULL, NULL, NULL, NULL, NULL, NULL, NULL, 'website', NULL, NULL, NULL, NULL, NULL, 'left', '0', NULL, NULL, NULL, NULL, NULL, '2017-08-07 16:49:45', '2017-08-07 16:49:45', '4e1bd33f-2058-4cd5-ac45-7916cbae17d2'),
 ('245', '98', 'de_de', 'Solutions', NULL, 'ad-products', 'left', NULL, NULL, NULL, 'blue', '1', 'primary', NULL, 'gray', NULL, 'normal', NULL, NULL, NULL, NULL, NULL, NULL, '0.0', NULL, NULL, NULL, NULL, NULL, NULL, NULL, 'website', NULL, NULL, NULL, NULL, NULL, 'left', '0', NULL, NULL, NULL, NULL, NULL, '2017-08-07 16:50:23', '2017-08-07 21:49:06', '7e0278df-f891-473c-afd2-c373d0b4f67d'),
 ('246', '243', 'en_us', 'Awareness', NULL, NULL, 'left', NULL, NULL, NULL, 'blue', '0', 'primary', NULL, 'gray', NULL, 'normal', NULL, NULL, NULL, NULL, NULL, NULL, '0.0', NULL, NULL, NULL, NULL, NULL, NULL, NULL, 'website', NULL, NULL, NULL, NULL, NULL, 'left', '0', NULL, NULL, NULL, NULL, NULL, '2017-08-07 17:26:03', '2017-08-07 17:26:03', 'afb5a420-0a88-43f6-a8f4-5a7bd831e4ab'),
 ('247', '243', 'de_de', 'Awareness', NULL, NULL, 'left', NULL, NULL, NULL, 'blue', '0', 'primary', NULL, 'gray', NULL, 'normal', NULL, NULL, NULL, NULL, NULL, NULL, '0.0', NULL, NULL, NULL, NULL, NULL, NULL, NULL, 'website', NULL, NULL, NULL, NULL, NULL, 'left', '0', NULL, NULL, NULL, NULL, NULL, '2017-08-07 17:26:03', '2017-08-07 17:26:03', '9185c006-e45f-41d1-9463-b0ca358bf9f9'),
 ('248', '244', 'en_us', 'Consideration', NULL, NULL, 'left', NULL, NULL, NULL, 'blue', '0', 'primary', NULL, 'gray', NULL, 'normal', NULL, NULL, NULL, NULL, NULL, NULL, '0.0', NULL, NULL, NULL, NULL, NULL, NULL, NULL, 'website', NULL, NULL, NULL, NULL, NULL, 'left', '0', NULL, NULL, NULL, NULL, NULL, '2017-08-07 17:26:14', '2017-08-07 17:26:14', '005c23b4-b9ee-49b4-a496-7e116891ba88'),
 ('249', '244', 'de_de', 'Consideration', NULL, NULL, 'left', NULL, NULL, NULL, 'blue', '0', 'primary', NULL, 'gray', NULL, 'normal', NULL, NULL, NULL, NULL, NULL, NULL, '0.0', NULL, NULL, NULL, NULL, NULL, NULL, NULL, 'website', NULL, NULL, NULL, NULL, NULL, 'left', '0', NULL, NULL, NULL, NULL, NULL, '2017-08-07 17:26:14', '2017-08-07 17:26:14', 'e5e12f1f-1a36-4ddd-a050-32fd22c30c0e'),
 ('250', '245', 'en_us', 'Action', NULL, NULL, 'left', NULL, NULL, NULL, 'blue', '0', 'primary', NULL, 'gray', NULL, 'normal', NULL, NULL, NULL, NULL, NULL, NULL, '0.0', NULL, NULL, NULL, NULL, NULL, NULL, NULL, 'website', NULL, NULL, NULL, NULL, NULL, 'left', '0', NULL, NULL, NULL, NULL, NULL, '2017-08-07 17:26:23', '2017-08-07 17:26:23', 'e4dc517e-5d88-473d-abfc-6908c0cd26be'),
 ('251', '245', 'de_de', 'Action', NULL, NULL, 'left', NULL, NULL, NULL, 'blue', '0', 'primary', NULL, 'gray', NULL, 'normal', NULL, NULL, NULL, NULL, NULL, NULL, '0.0', NULL, NULL, NULL, NULL, NULL, NULL, NULL, 'website', NULL, NULL, NULL, NULL, NULL, 'left', '0', NULL, NULL, NULL, NULL, NULL, '2017-08-07 17:26:23', '2017-08-07 17:26:23', '3ce87021-dc6b-49fa-9b54-fc0b8637abab'),
 ('252', '246', 'en_us', 'Consumer Goods', NULL, NULL, 'left', NULL, NULL, NULL, 'blue', '0', 'primary', NULL, 'gray', NULL, 'normal', NULL, NULL, NULL, NULL, NULL, NULL, '0.0', NULL, NULL, NULL, NULL, NULL, NULL, NULL, 'website', NULL, NULL, NULL, NULL, NULL, 'left', '0', NULL, NULL, NULL, NULL, NULL, '2017-08-07 17:26:39', '2017-08-07 17:26:39', '2a843bd9-efd0-4625-b40a-576f99e1508b'),
 ('253', '246', 'de_de', 'Consumer Goods', NULL, NULL, 'left', NULL, NULL, NULL, 'blue', '0', 'primary', NULL, 'gray', NULL, 'normal', NULL, NULL, NULL, NULL, NULL, NULL, '0.0', NULL, NULL, NULL, NULL, NULL, NULL, NULL, 'website', NULL, NULL, NULL, NULL, NULL, 'left', '0', NULL, NULL, NULL, NULL, NULL, '2017-08-07 17:26:39', '2017-08-07 17:26:39', '6797248f-5f95-4824-93f5-4512a3b80135'),
 ('254', '247', 'en_us', 'Restaurants', NULL, NULL, 'left', NULL, NULL, NULL, 'blue', '0', 'primary', NULL, 'gray', NULL, 'normal', NULL, NULL, NULL, NULL, NULL, NULL, '0.0', NULL, NULL, NULL, NULL, NULL, NULL, NULL, 'website', NULL, NULL, NULL, NULL, NULL, 'left', '0', NULL, NULL, NULL, NULL, NULL, '2017-08-07 17:26:50', '2017-08-07 17:26:50', 'c085f589-078c-45fa-82bc-0171f729fd3f'),
 ('255', '247', 'de_de', 'Restaurants', NULL, NULL, 'left', NULL, NULL, NULL, 'blue', '0', 'primary', NULL, 'gray', NULL, 'normal', NULL, NULL, NULL, NULL, NULL, NULL, '0.0', NULL, NULL, NULL, NULL, NULL, NULL, NULL, 'website', NULL, NULL, NULL, NULL, NULL, 'left', '0', NULL, NULL, NULL, NULL, NULL, '2017-08-07 17:26:50', '2017-08-07 17:26:50', '39a79567-5733-45eb-bd3a-0fbb1471e4bd'),
 ('256', '248', 'en_us', 'Retail', NULL, NULL, 'left', NULL, NULL, NULL, 'blue', '0', 'primary', NULL, 'gray', NULL, 'normal', NULL, NULL, NULL, NULL, NULL, NULL, '0.0', NULL, NULL, NULL, NULL, NULL, NULL, NULL, 'website', NULL, NULL, NULL, NULL, NULL, 'left', '0', NULL, NULL, NULL, NULL, NULL, '2017-08-07 17:26:55', '2017-08-07 17:26:55', '8d790cd2-313d-471a-8c71-9b4738bd5554'),
 ('257', '248', 'de_de', 'Retail', NULL, NULL, 'left', NULL, NULL, NULL, 'blue', '0', 'primary', NULL, 'gray', NULL, 'normal', NULL, NULL, NULL, NULL, NULL, NULL, '0.0', NULL, NULL, NULL, NULL, NULL, NULL, NULL, 'website', NULL, NULL, NULL, NULL, NULL, 'left', '0', NULL, NULL, NULL, NULL, NULL, '2017-08-07 17:26:55', '2017-08-07 17:26:55', 'c99e7c54-bbef-4d1b-bd70-b7ff460c4ddd'),
 ('258', '249', 'en_us', 'Technology', NULL, NULL, 'left', NULL, NULL, NULL, 'blue', '0', 'primary', NULL, 'gray', NULL, 'normal', NULL, NULL, NULL, NULL, NULL, NULL, '0.0', NULL, NULL, NULL, NULL, NULL, NULL, NULL, 'website', NULL, NULL, NULL, NULL, NULL, 'left', '0', NULL, NULL, NULL, NULL, NULL, '2017-08-07 17:27:08', '2017-08-07 17:27:08', 'a051b5f8-bee9-42dd-92ca-cfc434f805c4'),
 ('259', '249', 'de_de', 'Technology', NULL, NULL, 'left', NULL, NULL, NULL, 'blue', '0', 'primary', NULL, 'gray', NULL, 'normal', NULL, NULL, NULL, NULL, NULL, NULL, '0.0', NULL, NULL, NULL, NULL, NULL, NULL, NULL, 'website', NULL, NULL, NULL, NULL, NULL, 'left', '0', NULL, NULL, NULL, NULL, NULL, '2017-08-07 17:27:08', '2017-08-07 17:27:08', '0b4393d4-bd66-4062-b499-9c3d21d4f126'),
 ('260', '250', 'en_us', 'Telecom', NULL, NULL, 'left', NULL, NULL, NULL, 'blue', '0', 'primary', NULL, 'gray', NULL, 'normal', NULL, NULL, NULL, NULL, NULL, NULL, '0.0', NULL, NULL, NULL, NULL, NULL, NULL, NULL, 'website', NULL, NULL, NULL, NULL, NULL, 'left', '0', NULL, NULL, NULL, NULL, NULL, '2017-08-07 17:27:17', '2017-08-07 17:27:17', '0b0a19d0-745c-48cd-adbb-60d0ec627183'),
 ('261', '250', 'de_de', 'Telecom', NULL, NULL, 'left', NULL, NULL, NULL, 'blue', '0', 'primary', NULL, 'gray', NULL, 'normal', NULL, NULL, NULL, NULL, NULL, NULL, '0.0', NULL, NULL, NULL, NULL, NULL, NULL, NULL, 'website', NULL, NULL, NULL, NULL, NULL, 'left', '0', NULL, NULL, NULL, NULL, NULL, '2017-08-07 17:27:17', '2017-08-07 17:27:17', 'd6bbbcec-dd6b-4d80-9fa1-52899020730c'),
 ('262', '251', 'en_us', 'Travel', NULL, NULL, 'left', NULL, NULL, NULL, 'blue', '0', 'primary', NULL, 'gray', NULL, 'normal', NULL, NULL, NULL, NULL, NULL, NULL, '0.0', NULL, NULL, NULL, NULL, NULL, NULL, NULL, 'website', NULL, NULL, NULL, NULL, NULL, 'left', '0', NULL, NULL, NULL, NULL, NULL, '2017-08-07 17:27:33', '2017-08-07 17:27:33', 'e8c84c8d-10b7-4df5-87ac-66735f9421f7'),
 ('263', '251', 'de_de', 'Travel', NULL, NULL, 'left', NULL, NULL, NULL, 'blue', '0', 'primary', NULL, 'gray', NULL, 'normal', NULL, NULL, NULL, NULL, NULL, NULL, '0.0', NULL, NULL, NULL, NULL, NULL, NULL, NULL, 'website', NULL, NULL, NULL, NULL, NULL, 'left', '0', NULL, NULL, NULL, NULL, NULL, '2017-08-07 17:27:33', '2017-08-07 17:27:33', 'b4fa1a3a-b0f8-4bb8-90fd-9905fb49c850'),
 ('264', '252', 'en_us', 'Financial Services', NULL, NULL, 'left', NULL, NULL, NULL, 'blue', '0', 'primary', NULL, 'gray', NULL, 'normal', NULL, NULL, NULL, NULL, NULL, NULL, '0.0', NULL, NULL, NULL, NULL, NULL, NULL, NULL, 'website', NULL, NULL, NULL, NULL, NULL, 'left', '0', NULL, NULL, NULL, NULL, NULL, '2017-08-07 17:27:40', '2017-08-07 17:27:40', 'bfa5f95c-394f-4597-8a2d-565241de6dba'),
 ('265', '252', 'de_de', 'Financial Services', NULL, NULL, 'left', NULL, NULL, NULL, 'blue', '0', 'primary', NULL, 'gray', NULL, 'normal', NULL, NULL, NULL, NULL, NULL, NULL, '0.0', NULL, NULL, NULL, NULL, NULL, NULL, NULL, 'website', NULL, NULL, NULL, NULL, NULL, 'left', '0', NULL, NULL, NULL, NULL, NULL, '2017-08-07 17:27:40', '2017-08-07 17:27:40', '068661ef-5d2e-46b9-be15-ad3c87f01bf1'),
 ('266', '253', 'en_us', 'Media & Entertainment', NULL, NULL, 'left', NULL, NULL, NULL, 'blue', '0', 'primary', NULL, 'gray', NULL, 'normal', NULL, NULL, NULL, NULL, NULL, NULL, '0.0', NULL, NULL, NULL, NULL, NULL, NULL, NULL, 'website', NULL, NULL, NULL, NULL, NULL, 'left', '0', NULL, NULL, NULL, NULL, NULL, '2017-08-07 17:28:00', '2017-08-07 17:28:00', 'e8f8f1f8-f53e-4859-90fb-af0caa8e667c'),
 ('267', '253', 'de_de', 'Media & Entertainment', NULL, NULL, 'left', NULL, NULL, NULL, 'blue', '0', 'primary', NULL, 'gray', NULL, 'normal', NULL, NULL, NULL, NULL, NULL, NULL, '0.0', NULL, NULL, NULL, NULL, NULL, NULL, NULL, 'website', NULL, NULL, NULL, NULL, NULL, 'left', '0', NULL, NULL, NULL, NULL, NULL, '2017-08-07 17:28:00', '2017-08-07 17:28:00', '921b5a40-3ff1-4c58-9e16-a1769dd86e5c'),
 ('268', '254', 'en_us', 'Gaming', NULL, NULL, 'left', NULL, NULL, NULL, 'blue', '0', 'primary', NULL, 'gray', NULL, 'normal', NULL, NULL, NULL, NULL, NULL, NULL, '0.0', NULL, NULL, NULL, NULL, NULL, NULL, NULL, 'website', NULL, NULL, NULL, NULL, NULL, 'left', '0', NULL, NULL, NULL, NULL, NULL, '2017-08-07 17:28:10', '2017-08-07 17:28:10', '1b964a63-e3e7-428a-ac38-55b623c1c2a2'),
 ('269', '254', 'de_de', 'Gaming', NULL, NULL, 'left', NULL, NULL, NULL, 'blue', '0', 'primary', NULL, 'gray', NULL, 'normal', NULL, NULL, NULL, NULL, NULL, NULL, '0.0', NULL, NULL, NULL, NULL, NULL, NULL, NULL, 'website', NULL, NULL, NULL, NULL, NULL, 'left', '0', NULL, NULL, NULL, NULL, NULL, '2017-08-07 17:28:10', '2017-08-07 17:28:10', '8169630f-2f8d-4735-b77f-0e375f860f37'),
 ('270', '255', 'en_us', 'Other', NULL, NULL, 'left', NULL, NULL, NULL, 'blue', '0', 'primary', NULL, 'gray', NULL, 'normal', NULL, NULL, NULL, NULL, NULL, NULL, '0.0', NULL, NULL, NULL, NULL, NULL, NULL, NULL, 'website', NULL, NULL, NULL, NULL, NULL, 'left', '0', NULL, NULL, NULL, NULL, NULL, '2017-08-07 17:28:14', '2017-08-07 17:28:14', 'a8434ef5-8fbe-4df7-8351-aa0315f8461d'),
 ('271', '255', 'de_de', 'Other', NULL, NULL, 'left', NULL, NULL, NULL, 'blue', '0', 'primary', NULL, 'gray', NULL, 'normal', NULL, NULL, NULL, NULL, NULL, NULL, '0.0', NULL, NULL, NULL, NULL, NULL, NULL, NULL, 'website', NULL, NULL, NULL, NULL, NULL, 'left', '0', NULL, NULL, NULL, NULL, NULL, '2017-08-07 17:28:14', '2017-08-07 17:28:14', 'ef7e5d08-2445-44f6-9a55-0c391734af7d'),
 ('272', '256', 'en_us', 'Snap Ads', NULL, NULL, 'left', NULL, NULL, NULL, 'blue', '0', 'primary', NULL, 'gray', NULL, 'normal', NULL, NULL, NULL, NULL, NULL, NULL, '0.0', NULL, NULL, NULL, NULL, NULL, NULL, NULL, 'website', NULL, NULL, NULL, NULL, NULL, 'left', '0', NULL, NULL, NULL, NULL, NULL, '2017-08-07 17:31:09', '2017-08-07 17:31:09', '444dcc0b-e47d-4a4b-ba55-d8f6df02e7a3'),
 ('273', '256', 'de_de', 'Snap Ads', NULL, NULL, 'left', NULL, NULL, NULL, 'blue', '0', 'primary', NULL, 'gray', NULL, 'normal', NULL, NULL, NULL, NULL, NULL, NULL, '0.0', NULL, NULL, NULL, NULL, NULL, NULL, NULL, 'website', NULL, NULL, NULL, NULL, NULL, 'left', '0', NULL, NULL, NULL, NULL, NULL, '2017-08-07 17:31:09', '2017-08-07 17:31:09', 'ff4e556a-b35c-4502-a721-b3c5eb96e006'),
 ('274', '257', 'en_us', 'Filters', NULL, NULL, 'left', NULL, NULL, NULL, 'blue', '0', 'primary', NULL, 'gray', NULL, 'normal', NULL, NULL, NULL, NULL, NULL, NULL, '0.0', NULL, NULL, NULL, NULL, NULL, NULL, NULL, 'website', NULL, NULL, NULL, NULL, NULL, 'left', '0', NULL, NULL, NULL, NULL, NULL, '2017-08-07 17:31:22', '2017-08-07 17:31:22', '28e6b466-23db-4d90-a0c6-2eb6b0dbb935'),
 ('275', '257', 'de_de', 'Filters', NULL, NULL, 'left', NULL, NULL, NULL, 'blue', '0', 'primary', NULL, 'gray', NULL, 'normal', NULL, NULL, NULL, NULL, NULL, NULL, '0.0', NULL, NULL, NULL, NULL, NULL, NULL, NULL, 'website', NULL, NULL, NULL, NULL, NULL, 'left', '0', NULL, NULL, NULL, NULL, NULL, '2017-08-07 17:31:22', '2017-08-07 17:31:22', '33650cac-16a5-4497-be91-816a62a27f9f'),
 ('276', '258', 'en_us', 'Lenses', NULL, NULL, 'left', NULL, NULL, NULL, 'blue', '0', 'primary', NULL, 'gray', NULL, 'normal', NULL, NULL, NULL, NULL, NULL, NULL, '0.0', NULL, NULL, NULL, NULL, NULL, NULL, NULL, 'website', NULL, NULL, NULL, NULL, NULL, 'left', '0', NULL, NULL, NULL, NULL, NULL, '2017-08-07 17:31:27', '2017-08-07 17:31:27', 'c8b3701d-2d25-4127-8c7c-8f3e6418eebc'),
 ('277', '258', 'de_de', 'Lenses', NULL, NULL, 'left', NULL, NULL, NULL, 'blue', '0', 'primary', NULL, 'gray', NULL, 'normal', NULL, NULL, NULL, NULL, NULL, NULL, '0.0', NULL, NULL, NULL, NULL, NULL, NULL, NULL, 'website', NULL, NULL, NULL, NULL, NULL, 'left', '0', NULL, NULL, NULL, NULL, NULL, '2017-08-07 17:31:27', '2017-08-07 17:31:27', 'e2c325a1-91c6-4d4e-a789-a19b16d44116'),
 ('278', '259', 'en_us', 'Success Stories', NULL, NULL, 'left', NULL, NULL, 'See how others grew their businesses with Snapchat', 'blue', '0', 'primary', NULL, 'gray', NULL, 'normal', NULL, NULL, NULL, NULL, NULL, NULL, '0.0', NULL, NULL, NULL, NULL, NULL, NULL, NULL, 'website', NULL, NULL, NULL, NULL, NULL, 'left', '0', NULL, NULL, NULL, NULL, NULL, '2017-08-07 17:58:03', '2017-08-07 21:25:47', '981fc32a-646e-4911-b6f5-418428151ed6'),
 ('279', '259', 'de_de', 'Success Stories Page', NULL, NULL, 'left', NULL, NULL, NULL, 'blue', '0', 'primary', NULL, 'gray', NULL, 'normal', NULL, NULL, NULL, NULL, NULL, NULL, '0.0', NULL, NULL, NULL, NULL, NULL, NULL, NULL, 'website', NULL, NULL, NULL, NULL, NULL, 'left', '0', NULL, NULL, NULL, NULL, NULL, '2017-08-07 17:58:03', '2017-08-07 17:58:03', '573f59cc-a1fa-481d-8ad4-80bd9054f835'),
 ('284', '33', 'de_de', 'AB InBev', NULL, NULL, 'left', NULL, NULL, NULL, 'blue', '0', 'primary', NULL, 'white', NULL, 'normal', 'Success Story', '#a91622', 'AB InBev', 'On average, Snapchatters spent 30 seconds playing Anheuser Busch InBev\'s Bud Bowl game in its Snap Ad Web View.', NULL, NULL, '0.0', NULL, NULL, NULL, NULL, NULL, NULL, NULL, 'website', NULL, NULL, NULL, NULL, NULL, 'left', '0', NULL, NULL, NULL, NULL, NULL, '2017-08-07 18:41:56', '2017-08-07 21:25:36', '768c19c8-a1ac-49d7-a930-111198a86f25'),
 ('287', '3', 'de_de', 'We just installed Craft!', '<p>Craft is the CMS that’s powering Snapchat.craft.dev. It’s beautiful, powerful, flexible, and easy-to-use, and it’s made by Pixel &amp; Tonic. We can’t wait to dive in and see what it’s capable of!</p><!--pagebreak--><p>This is even more captivating content, which you couldn’t see on the News index page because it was entered after a Page Break, and the News index template only likes to show the content on the first page.</p><p>Craft: a nice alternative to Word, if you’re making a website.</p>', NULL, 'left', NULL, NULL, NULL, NULL, '0', NULL, NULL, 'white', NULL, 'normal', NULL, NULL, NULL, NULL, NULL, NULL, '0.0', NULL, NULL, NULL, NULL, NULL, NULL, NULL, 'website', NULL, NULL, NULL, NULL, NULL, 'left', '0', NULL, NULL, NULL, NULL, NULL, '2017-08-07 18:42:15', '2017-08-07 18:42:15', 'ea03c0da-91ad-414f-9a95-a97ee768d2da'),
 ('288', '262', 'en_us', NULL, NULL, NULL, 'left', NULL, NULL, NULL, 'blue', '0', 'primary', NULL, 'gray', NULL, 'normal', NULL, NULL, NULL, NULL, NULL, NULL, '0.0', NULL, NULL, NULL, NULL, NULL, NULL, NULL, 'website', '{\"type\":\"entry\",\"custom\":\"https:\\/\\/forbusiness.snapchat.com\\/gettingstarted\\/\",\"entry\":[\"292\"],\"customText\":\"Get Started\",\"target\":\"\"}', NULL, NULL, NULL, NULL, 'left', '0', NULL, NULL, NULL, NULL, NULL, '2017-08-07 21:07:07', '2017-08-09 20:50:50', '3ca6cd5f-0785-418e-8b2b-9beec739b544'),
 ('289', '262', 'de_de', NULL, NULL, NULL, 'left', NULL, NULL, NULL, 'blue', '0', 'primary', NULL, 'gray', NULL, 'normal', NULL, NULL, NULL, NULL, NULL, NULL, '0.0', NULL, NULL, NULL, NULL, NULL, NULL, NULL, 'website', NULL, NULL, NULL, NULL, NULL, 'left', '0', NULL, NULL, NULL, NULL, NULL, '2017-08-07 21:07:07', '2017-08-07 21:07:07', '56d86de3-9d58-4e6a-931f-e074c7dfb8f1'),
 ('290', '263', 'en_us', NULL, NULL, NULL, 'left', NULL, NULL, NULL, 'blue', '0', 'primary', NULL, 'gray', NULL, 'normal', NULL, NULL, NULL, NULL, NULL, NULL, '0.0', NULL, NULL, NULL, NULL, NULL, NULL, NULL, 'website', NULL, NULL, NULL, NULL, NULL, 'left', '0', NULL, NULL, NULL, NULL, NULL, '2017-08-07 21:07:30', '2017-08-09 20:57:20', '9f085d8f-d4d6-455d-bb42-18f4112be2b1'),
 ('291', '263', 'de_de', NULL, NULL, NULL, 'left', NULL, NULL, NULL, 'blue', '0', 'primary', NULL, 'gray', NULL, 'normal', NULL, NULL, NULL, NULL, NULL, NULL, '0.0', NULL, NULL, NULL, NULL, NULL, NULL, NULL, 'website', NULL, NULL, NULL, NULL, NULL, 'left', '0', NULL, NULL, NULL, NULL, NULL, '2017-08-07 21:07:30', '2017-08-07 21:07:30', '94859abb-96d3-4b11-8ef8-985ded0c5412'),
 ('292', '264', 'en_us', 'Blog', NULL, NULL, 'left', NULL, NULL, 'Facts, tips, news, and more to inspire your next campaign', 'blue', '0', 'primary', NULL, 'gray', NULL, 'normal', NULL, NULL, NULL, NULL, NULL, NULL, '0.0', NULL, NULL, NULL, NULL, NULL, NULL, NULL, 'website', NULL, NULL, NULL, NULL, NULL, 'left', '0', NULL, NULL, NULL, NULL, NULL, '2017-08-07 21:28:57', '2017-08-07 21:30:59', '3a4b6d4d-8fea-4e63-8fb4-507f509a4522'),
 ('293', '264', 'de_de', 'Blog', NULL, NULL, 'left', NULL, NULL, NULL, 'blue', '0', 'primary', NULL, 'gray', NULL, 'normal', NULL, NULL, NULL, NULL, NULL, NULL, '0.0', NULL, NULL, NULL, NULL, NULL, NULL, NULL, 'website', NULL, NULL, NULL, NULL, NULL, 'left', '0', NULL, NULL, NULL, NULL, NULL, '2017-08-07 21:28:57', '2017-08-07 21:28:57', '166bd6ca-da8e-45c0-9096-acd590c91a5b');
INSERT INTO `craft_content` (`id`, `elementId`, `locale`, `title`, `field_body`, `field_page_uri`, `field_imageLocation`, `field_paragraph`, `field_button`, `field_headline`, `field_page_themeColor`, `field_page_sideNavigation`, `field_buttonStyle`, `field_subhead`, `field_sectionBackgroundColor`, `field_sectionTitle`, `field_assetWidth`, `field_eyebrow`, `field_storyCardColor`, `field_companyName`, `field_storySummary`, `field_tabLabel`, `field_tabDescription`, `field_timeCode`, `field_descriptionLabel`, `field_groupTitle`, `field_seoTitle`, `field_seoDescription`, `field_keywords`, `field_ogTitle`, `field_ogDescription`, `field_pageType`, `field_mainNavigationCta`, `field_cookiePolicy`, `field_buttonText`, `field_verticalVideoUrl`, `field_imageAltText`, `field_desktopVideoLocation`, `field_roundedCorners`, `field_label`, `field_productFilterTitle`, `field_objectiveFilterTitle`, `field_industryFilterTitle`, `field_noResultsText`, `dateCreated`, `dateUpdated`, `uid`) VALUES
 ('296', '266', 'en_us', 'Insights', NULL, NULL, 'left', NULL, NULL, NULL, 'blue', '0', 'primary', NULL, 'gray', NULL, 'normal', NULL, NULL, NULL, NULL, NULL, NULL, '0.0', NULL, NULL, NULL, NULL, NULL, NULL, NULL, 'website', NULL, NULL, NULL, NULL, NULL, 'left', '0', NULL, NULL, NULL, NULL, NULL, '2017-08-07 21:31:59', '2017-08-07 21:31:59', '16bd3513-2aca-4ba1-8957-ab78a5accbe3'),
 ('297', '266', 'de_de', 'Insights', NULL, NULL, 'left', NULL, NULL, NULL, 'blue', '0', 'primary', NULL, 'gray', NULL, 'normal', NULL, NULL, NULL, NULL, NULL, NULL, '0.0', NULL, NULL, NULL, NULL, NULL, NULL, NULL, 'website', NULL, NULL, NULL, NULL, NULL, 'left', '0', NULL, NULL, NULL, NULL, NULL, '2017-08-07 21:31:59', '2017-08-07 21:31:59', '71147a86-3041-46c6-b717-1bea7fa0a31a'),
 ('298', '267', 'en_us', 'Announcements', NULL, NULL, 'left', NULL, NULL, NULL, 'blue', '0', 'primary', NULL, 'gray', NULL, 'normal', NULL, NULL, NULL, NULL, NULL, NULL, '0.0', NULL, NULL, NULL, NULL, NULL, NULL, NULL, 'website', NULL, NULL, NULL, NULL, NULL, 'left', '0', NULL, NULL, NULL, NULL, NULL, '2017-08-07 21:32:21', '2017-08-07 21:32:21', '054205fe-f40b-415e-abaa-273ada37957c'),
 ('299', '267', 'de_de', 'Announcements', NULL, NULL, 'left', NULL, NULL, NULL, 'blue', '0', 'primary', NULL, 'gray', NULL, 'normal', NULL, NULL, NULL, NULL, NULL, NULL, '0.0', NULL, NULL, NULL, NULL, NULL, NULL, NULL, 'website', NULL, NULL, NULL, NULL, NULL, 'left', '0', NULL, NULL, NULL, NULL, NULL, '2017-08-07 21:32:21', '2017-08-07 21:32:21', 'b1747caa-973e-422c-bbb4-60b7f30e939c'),
 ('300', '270', 'en_us', 'Home', NULL, NULL, 'left', NULL, NULL, NULL, 'blue', '0', 'primary', NULL, 'gray', NULL, 'normal', NULL, NULL, NULL, NULL, NULL, NULL, '0.0', NULL, NULL, NULL, NULL, NULL, NULL, NULL, 'website', NULL, NULL, NULL, NULL, NULL, 'left', '0', NULL, NULL, NULL, NULL, NULL, '2017-08-07 22:23:24', '2017-08-07 22:29:30', '32364cd7-1bc0-4501-b08f-66567c0e6211'),
 ('301', '270', 'de_de', 'home', NULL, NULL, 'left', NULL, NULL, NULL, 'blue', '0', 'primary', NULL, 'gray', NULL, 'normal', NULL, NULL, NULL, NULL, NULL, NULL, '0.0', NULL, NULL, NULL, NULL, NULL, NULL, NULL, 'website', NULL, NULL, NULL, NULL, NULL, 'left', '0', NULL, NULL, NULL, NULL, NULL, '2017-08-07 22:23:24', '2017-08-07 22:23:24', '333ab7c1-6b88-48c2-8548-e54ef5897326'),
 ('304', '274', 'en_us', NULL, NULL, NULL, 'left', NULL, NULL, NULL, 'blue', '0', 'primary', NULL, 'gray', NULL, 'normal', NULL, NULL, NULL, NULL, NULL, NULL, '0.0', NULL, 'Company', NULL, NULL, NULL, NULL, NULL, 'website', NULL, NULL, NULL, NULL, NULL, 'left', '0', NULL, NULL, NULL, NULL, NULL, '2017-08-07 23:13:17', '2017-08-09 20:57:20', 'bf6d2a60-c62e-42b9-a2b6-06c012ce6718'),
 ('305', '283', 'en_us', NULL, NULL, NULL, 'left', NULL, NULL, NULL, 'blue', '0', 'primary', NULL, 'gray', NULL, 'normal', NULL, NULL, NULL, NULL, NULL, NULL, '0.0', NULL, NULL, NULL, NULL, NULL, NULL, NULL, 'website', NULL, '<p>Hi! We use cookies on this website to help operate our site and for analytics purposes. For more on how we use cookies and your cookie choices, go <a href=\"https://www.snap.com/en-US/cookie-policy/\" target=\"_blank\" rel=\"noreferrer noopener\">here</a>! By continuing to use our services, you are giving us your consent to use cookies.</p>', NULL, NULL, NULL, 'left', '0', NULL, NULL, NULL, NULL, NULL, '2017-08-08 17:41:58', '2017-08-08 17:46:47', 'eecb2bee-49bb-4eba-aeb3-a4060f86eaff'),
 ('306', '283', 'de_de', NULL, NULL, NULL, 'left', NULL, NULL, NULL, 'blue', '0', 'primary', NULL, 'gray', NULL, 'normal', NULL, NULL, NULL, NULL, NULL, NULL, '0.0', NULL, NULL, NULL, NULL, NULL, NULL, NULL, 'website', NULL, '<p>Hi! We use cookies on this website to help operate our site and for analytics purposes. For more on how we use cookies and your cookie choices, go <a href=\"https://www.snap.com/en-US/cookie-policy/\" target=\"_blank\" rel=\"noreferrer noopener\">here</a>! By continuing to use our services, you are giving us your consent to use cookies.</p>', NULL, NULL, NULL, 'left', '0', NULL, NULL, NULL, NULL, NULL, '2017-08-08 17:41:58', '2017-08-08 17:46:47', '5210a99d-9904-4618-a74b-f315d4ce0294'),
 ('309', '287', 'en_us', NULL, NULL, NULL, 'left', NULL, NULL, 'Oh Snap!', 'blue', '0', 'primary', '<p>It appears the page you were looking for doesn\'t exist</p>', 'gray', NULL, 'normal', NULL, NULL, NULL, NULL, NULL, NULL, '0.0', NULL, NULL, NULL, NULL, NULL, NULL, NULL, 'website', NULL, NULL, 'Return to Previous Page', NULL, NULL, 'left', '0', NULL, NULL, NULL, NULL, NULL, '2017-08-09 17:45:23', '2017-08-09 17:51:39', '69fba4b5-10c3-4ab9-b0ab-898dfc135266'),
 ('310', '287', 'de_de', NULL, NULL, NULL, 'left', NULL, NULL, NULL, 'blue', '0', 'primary', NULL, 'gray', NULL, 'normal', NULL, NULL, NULL, NULL, NULL, NULL, '0.0', NULL, NULL, NULL, NULL, NULL, NULL, NULL, 'website', NULL, NULL, NULL, NULL, NULL, 'left', '0', NULL, NULL, NULL, NULL, NULL, '2017-08-09 17:45:23', '2017-08-09 17:45:23', 'b449379d-6f7f-4347-8c43-98f82485f71f'),
 ('311', '288', 'en_us', '404 Chillah', NULL, NULL, 'left', NULL, NULL, NULL, 'blue', '0', 'primary', NULL, 'gray', NULL, 'normal', NULL, NULL, NULL, NULL, NULL, NULL, '0.0', NULL, NULL, NULL, NULL, NULL, NULL, NULL, 'website', NULL, NULL, NULL, NULL, NULL, 'left', '0', NULL, NULL, NULL, NULL, NULL, '2017-08-09 17:51:02', '2017-08-09 17:51:02', '96b18552-fb0a-4f78-9b47-3e53422e880f'),
 ('312', '288', 'de_de', '404 Chillah', NULL, NULL, 'left', NULL, NULL, NULL, 'blue', '0', 'primary', NULL, 'gray', NULL, 'normal', NULL, NULL, NULL, NULL, NULL, NULL, '0.0', NULL, NULL, NULL, NULL, NULL, NULL, NULL, 'website', NULL, NULL, NULL, NULL, NULL, 'left', '0', NULL, NULL, NULL, NULL, NULL, '2017-08-09 17:51:02', '2017-08-09 17:51:02', '799dc13b-daf0-4945-a5f8-961e2ddee501'),
 ('313', '289', 'en_us', 'Ad Tools', NULL, 'ad-tools', 'left', NULL, NULL, NULL, 'green', '1', 'primary', NULL, 'gray', NULL, 'normal', NULL, NULL, NULL, NULL, NULL, NULL, '0.0', NULL, NULL, '', '', '', '', '', 'website', NULL, NULL, NULL, NULL, NULL, 'left', '0', NULL, NULL, NULL, NULL, NULL, '2017-08-09 20:37:54', '2017-08-09 20:38:36', '0af32f84-fede-419c-b5d3-7f9de89abf6e'),
 ('314', '289', 'de_de', 'Ad Tools', NULL, 'ad-tools', 'left', NULL, NULL, NULL, 'green', '1', 'primary', NULL, 'gray', NULL, 'normal', NULL, NULL, NULL, NULL, NULL, NULL, '0.0', NULL, NULL, '', '', '', '', '', 'website', NULL, NULL, NULL, NULL, NULL, 'left', '0', NULL, NULL, NULL, NULL, NULL, '2017-08-09 20:37:54', '2017-08-09 20:38:36', '35f797e1-0923-4c1a-9bd0-dad693a9ca9f'),
 ('315', '290', 'en_us', 'Audiences', NULL, 'audiences', 'left', NULL, NULL, NULL, 'purple', '1', 'primary', NULL, 'gray', NULL, 'normal', NULL, NULL, NULL, NULL, NULL, NULL, '0.0', NULL, NULL, '', '', '', '', '', 'website', NULL, NULL, NULL, NULL, NULL, 'left', '0', NULL, NULL, NULL, NULL, NULL, '2017-08-09 20:38:27', '2017-08-09 20:38:46', '9ed01c06-7a6f-4d7f-9874-db606f9a100b'),
 ('316', '290', 'de_de', 'Audiences', NULL, 'audiences', 'left', NULL, NULL, NULL, 'purple', '1', 'primary', NULL, 'gray', NULL, 'normal', NULL, NULL, NULL, NULL, NULL, NULL, '0.0', NULL, NULL, '', '', '', '', '', 'website', NULL, NULL, NULL, NULL, NULL, 'left', '0', NULL, NULL, NULL, NULL, NULL, '2017-08-09 20:38:27', '2017-08-09 20:38:46', 'a7b218f7-4645-44e8-8e39-efa8d7eb692a'),
 ('317', '291', 'en_us', 'Measurement', NULL, 'measurement', 'left', NULL, NULL, NULL, 'orange', '1', 'primary', NULL, 'gray', NULL, 'normal', NULL, NULL, NULL, NULL, NULL, NULL, '0.0', NULL, NULL, '', '', '', '', '', 'website', NULL, NULL, NULL, NULL, NULL, 'left', '0', NULL, NULL, NULL, NULL, NULL, '2017-08-09 20:39:06', '2017-08-09 20:39:06', 'd272b960-84c5-4649-bfcf-e7f7e1341e24'),
 ('318', '291', 'de_de', 'Measurement', NULL, 'measurement', 'left', NULL, NULL, NULL, 'orange', '1', 'primary', NULL, 'gray', NULL, 'normal', NULL, NULL, NULL, NULL, NULL, NULL, '0.0', NULL, NULL, '', '', '', '', '', 'website', NULL, NULL, NULL, NULL, NULL, 'left', '0', NULL, NULL, NULL, NULL, NULL, '2017-08-09 20:39:06', '2017-08-09 20:39:06', 'e9435fc4-0bd8-430b-bef1-c2eaf8aee922'),
 ('319', '292', 'en_us', 'Get Started', NULL, 'gettingstarted', 'left', NULL, NULL, NULL, 'yellow', '0', 'primary', NULL, 'gray', NULL, 'normal', NULL, NULL, NULL, NULL, NULL, NULL, '0.0', NULL, NULL, '', '', '', '', '', 'website', NULL, NULL, NULL, NULL, NULL, 'left', '0', NULL, NULL, NULL, NULL, NULL, '2017-08-09 20:41:34', '2017-08-09 20:41:34', 'ab01a27b-f544-42df-bc5a-cdf500cb62f6'),
 ('320', '292', 'de_de', 'Get Started', NULL, 'gettingstarted', 'left', NULL, NULL, NULL, 'yellow', '0', 'primary', NULL, 'gray', NULL, 'normal', NULL, NULL, NULL, NULL, NULL, NULL, '0.0', NULL, NULL, '', '', '', '', '', 'website', NULL, NULL, NULL, NULL, NULL, 'left', '0', NULL, NULL, NULL, NULL, NULL, '2017-08-09 20:41:34', '2017-08-09 20:41:34', '02fc26dd-e0d9-4674-b638-4961e6677da3'),
 ('321', '299', 'en_us', NULL, NULL, NULL, 'left', NULL, NULL, NULL, 'blue', '0', 'primary', NULL, 'gray', NULL, 'normal', NULL, NULL, NULL, NULL, NULL, NULL, '0.0', NULL, 'Community', NULL, NULL, NULL, NULL, NULL, 'website', NULL, NULL, NULL, NULL, NULL, 'left', '0', NULL, NULL, NULL, NULL, NULL, '2017-08-09 20:57:20', '2017-08-09 20:57:20', '75d6b4d4-03e4-4ea1-ba71-251272bc6326'),
 ('322', '303', 'en_us', NULL, NULL, NULL, 'left', NULL, NULL, NULL, 'blue', '0', 'primary', NULL, 'gray', NULL, 'normal', NULL, NULL, NULL, NULL, NULL, NULL, '0.0', NULL, 'Advertising', NULL, NULL, NULL, NULL, NULL, 'website', NULL, NULL, NULL, NULL, NULL, 'left', '0', NULL, NULL, NULL, NULL, NULL, '2017-08-09 20:57:20', '2017-08-09 20:57:20', 'ebed922b-8b44-4596-bd85-aa5fb158770b'),
 ('323', '308', 'en_us', NULL, NULL, NULL, 'left', NULL, NULL, NULL, 'blue', '0', 'primary', NULL, 'gray', NULL, 'normal', NULL, NULL, NULL, NULL, NULL, NULL, '0.0', NULL, 'Legal', NULL, NULL, NULL, NULL, NULL, 'website', NULL, NULL, NULL, NULL, NULL, 'left', '0', NULL, NULL, NULL, NULL, NULL, '2017-08-09 20:57:20', '2017-08-09 20:57:20', '41341b3a-520b-4b21-8efc-fde17c11bf27'),
 ('324', '314', 'en_us', 'One With Everything', NULL, 'one-with-everything', 'left', NULL, NULL, NULL, 'red', '1', 'primary', NULL, 'gray', NULL, 'normal', NULL, NULL, NULL, NULL, NULL, NULL, '0.0', NULL, NULL, '', '', '', '', '', 'website', NULL, NULL, NULL, NULL, NULL, 'left', '0', NULL, NULL, NULL, NULL, NULL, '2017-08-10 22:00:29', '2017-08-10 23:07:51', '59f605a7-73c7-461b-ada1-423527987bbd'),
 ('325', '314', 'de_de', 'One With Everything', NULL, 'one-with-everything', 'left', NULL, NULL, NULL, 'red', '1', 'primary', NULL, 'gray', NULL, 'normal', NULL, NULL, NULL, NULL, NULL, NULL, '0.0', NULL, NULL, '', '', '', '', '', 'website', NULL, NULL, NULL, NULL, NULL, 'left', '0', NULL, NULL, NULL, NULL, NULL, '2017-08-10 22:00:29', '2017-08-10 23:07:51', 'f29463d2-7847-4698-8e3a-53b98e562820'),
 ('326', '317', 'en_us', NULL, NULL, NULL, 'left', NULL, NULL, NULL, 'blue', '0', 'primary', NULL, 'gray', 'Element Grids', 'normal', NULL, NULL, NULL, NULL, NULL, NULL, '0.0', NULL, NULL, NULL, NULL, NULL, NULL, NULL, 'website', NULL, NULL, NULL, NULL, NULL, 'left', '0', NULL, NULL, NULL, NULL, NULL, '2017-08-10 22:00:29', '2017-08-10 23:07:51', '6dec4aea-893b-42d0-b9fc-a6319d4fdd15'),
 ('327', '318', 'en_us', NULL, NULL, NULL, 'left', NULL, NULL, NULL, 'blue', '0', 'primary', NULL, 'gray', NULL, 'normal', NULL, NULL, NULL, NULL, NULL, NULL, '0.0', NULL, NULL, NULL, NULL, NULL, NULL, NULL, 'website', NULL, NULL, NULL, NULL, NULL, 'left', '0', NULL, NULL, NULL, NULL, NULL, '2017-08-10 22:00:29', '2017-08-10 23:07:51', 'fcb09e78-dc21-4d20-8b8e-2641a6268a79'),
 ('328', '322', 'en_us', NULL, NULL, NULL, 'left', NULL, NULL, NULL, 'blue', '0', 'primary', NULL, 'gray', NULL, 'normal', NULL, NULL, NULL, NULL, NULL, NULL, '0.0', NULL, NULL, NULL, NULL, NULL, NULL, NULL, 'website', NULL, NULL, NULL, NULL, NULL, 'left', '0', NULL, NULL, NULL, NULL, NULL, '2017-08-10 22:00:29', '2017-08-10 23:07:51', 'cb6ccb7e-7b78-4618-bf25-2672d72123a3'),
 ('329', '326', 'en_us', NULL, NULL, NULL, 'left', NULL, NULL, NULL, 'blue', '0', 'primary', NULL, 'gray', NULL, 'normal', NULL, NULL, NULL, NULL, NULL, NULL, '0.0', NULL, NULL, NULL, NULL, NULL, NULL, NULL, 'website', NULL, NULL, NULL, NULL, NULL, 'left', '0', NULL, NULL, NULL, NULL, NULL, '2017-08-10 22:00:29', '2017-08-10 23:07:51', 'cf67eb77-14ab-4a9f-b9af-4f773f8c5a52'),
 ('330', '330', 'en_us', NULL, NULL, NULL, 'left', NULL, NULL, NULL, 'blue', '0', 'primary', NULL, 'white', 'Text & Images', 'normal', NULL, NULL, NULL, NULL, NULL, NULL, '0.0', NULL, NULL, NULL, NULL, NULL, NULL, NULL, 'website', NULL, NULL, NULL, NULL, NULL, 'left', '0', NULL, NULL, NULL, NULL, NULL, '2017-08-10 22:11:49', '2017-08-10 23:07:52', '5a7e78f1-58b2-4edc-8864-d055b980c517'),
 ('331', '331', 'en_us', NULL, NULL, NULL, 'left', NULL, NULL, 'Centered Text Lockup', 'blue', '0', 'primary', '<p>Quam diu etiam furor iste tuus nos eludet? Plura mihi bona sunt, inclinet, amari petere vellent.</p>', 'gray', NULL, 'normal', NULL, NULL, NULL, NULL, NULL, NULL, '0.0', NULL, NULL, NULL, NULL, NULL, NULL, NULL, 'website', NULL, NULL, NULL, NULL, NULL, 'left', '0', NULL, NULL, NULL, NULL, NULL, '2017-08-10 22:11:49', '2017-08-10 23:07:52', 'e3ec3bd8-2a4a-46a6-9c26-1ded8f07bb91'),
 ('332', '335', 'en_us', NULL, NULL, NULL, 'left', '<p>Curabitur blandit tempus ardua ridiculus sed magna. Integer legentibus erat a ante historiarum dapibus. Vivamus sagittis lacus vel augue laoreet rutrum faucibus. Morbi fringilla convallis sapien, id pulvinar odio volutpat. Tu quoque, Brute, fili mi, nihil timor populi, nihil!</p>', NULL, 'Image Beside Text', 'blue', '0', 'primary', NULL, 'gray', NULL, 'normal', NULL, NULL, NULL, NULL, NULL, NULL, '0.0', NULL, NULL, NULL, NULL, NULL, NULL, NULL, 'website', NULL, NULL, NULL, NULL, NULL, 'left', '0', NULL, NULL, NULL, NULL, NULL, '2017-08-10 22:11:49', '2017-08-10 23:07:52', 'd2c87c1f-b060-4619-8c9a-e28fcf235c1c'),
 ('333', '339', 'en_us', NULL, NULL, NULL, 'left', NULL, NULL, NULL, 'blue', '0', 'primary', NULL, 'gray', 'Images Alone', 'normal', NULL, NULL, NULL, NULL, NULL, NULL, '0.0', NULL, NULL, NULL, NULL, NULL, NULL, NULL, 'website', NULL, NULL, NULL, NULL, NULL, 'left', '0', NULL, NULL, NULL, NULL, NULL, '2017-08-10 22:11:49', '2017-08-10 23:07:52', '6524b18e-e3ea-4c9a-895c-c7bf84a6b1ae'),
 ('334', '340', 'en_us', NULL, NULL, NULL, 'left', NULL, NULL, NULL, 'blue', '0', 'primary', NULL, 'gray', NULL, 'normal', NULL, NULL, NULL, NULL, NULL, NULL, '0.0', NULL, NULL, NULL, NULL, NULL, NULL, NULL, 'website', NULL, NULL, NULL, NULL, 'Centered Image', 'left', '1', NULL, NULL, NULL, NULL, NULL, '2017-08-10 22:11:49', '2017-08-10 23:07:52', '019cb673-bb9b-4fd0-b73a-74e32c4eaff8'),
 ('335', '341', 'en_us', NULL, NULL, NULL, 'left', NULL, NULL, NULL, 'blue', '0', 'primary', NULL, 'gray', NULL, 'full', NULL, NULL, NULL, NULL, NULL, NULL, '0.0', NULL, NULL, NULL, NULL, NULL, NULL, NULL, 'website', NULL, NULL, NULL, NULL, 'Full centered image', 'left', '0', NULL, NULL, NULL, NULL, NULL, '2017-08-10 22:11:49', '2017-08-10 23:07:52', '7155c810-b998-4eb5-ae8c-0ef90ad1c63f'),
 ('337', '343', 'en_us', NULL, NULL, NULL, 'left', NULL, NULL, NULL, 'blue', '0', 'primary', NULL, 'gray', NULL, 'wide', NULL, NULL, NULL, NULL, NULL, NULL, '0.0', NULL, NULL, NULL, NULL, NULL, NULL, NULL, 'website', NULL, NULL, NULL, NULL, 'Wide centered image', 'left', '0', NULL, NULL, NULL, NULL, NULL, '2017-08-10 22:14:42', '2017-08-10 23:07:52', 'cf2f2700-a3e3-480a-874b-ad3357b41939');



DROP TABLE IF EXISTS `craft_deprecationerrors`;


--
-- Schema for table `craft_deprecationerrors`
--
CREATE TABLE `craft_deprecationerrors` (
  `id` int(11) NOT NULL AUTO_INCREMENT,
  `key` varchar(255) COLLATE utf8_unicode_ci NOT NULL,
  `fingerprint` varchar(255) COLLATE utf8_unicode_ci NOT NULL,
  `lastOccurrence` datetime NOT NULL,
  `file` varchar(255) COLLATE utf8_unicode_ci NOT NULL,
  `line` smallint(6) unsigned NOT NULL,
  `class` varchar(255) COLLATE utf8_unicode_ci DEFAULT NULL,
  `method` varchar(255) COLLATE utf8_unicode_ci DEFAULT NULL,
  `template` varchar(255) COLLATE utf8_unicode_ci DEFAULT NULL,
  `templateLine` smallint(6) unsigned DEFAULT NULL,
  `message` varchar(255) COLLATE utf8_unicode_ci DEFAULT NULL,
  `traces` text COLLATE utf8_unicode_ci,
  `dateCreated` datetime NOT NULL,
  `dateUpdated` datetime NOT NULL,
  `uid` char(36) COLLATE utf8_unicode_ci NOT NULL DEFAULT '0',
  PRIMARY KEY (`id`),
  UNIQUE KEY `craft_deprecationerrors_key_fingerprint_unq_idx` (`key`,`fingerprint`)
) ENGINE=InnoDB DEFAULT CHARSET=utf8 COLLATE=utf8_unicode_ci;

DROP TABLE IF EXISTS `craft_elementindexsettings`;


--
-- Schema for table `craft_elementindexsettings`
--
CREATE TABLE `craft_elementindexsettings` (
  `id` int(11) NOT NULL AUTO_INCREMENT,
  `type` varchar(150) COLLATE utf8_unicode_ci NOT NULL,
  `settings` text COLLATE utf8_unicode_ci,
  `dateCreated` datetime NOT NULL,
  `dateUpdated` datetime NOT NULL,
  `uid` char(36) COLLATE utf8_unicode_ci NOT NULL DEFAULT '0',
  PRIMARY KEY (`id`),
  UNIQUE KEY `craft_elementindexsettings_type_unq_idx` (`type`)
) ENGINE=InnoDB AUTO_INCREMENT=2 DEFAULT CHARSET=utf8 COLLATE=utf8_unicode_ci;

--
-- Data for table `craft_elementindexsettings`
--

INSERT INTO `craft_elementindexsettings` (`id`, `type`, `settings`, `dateCreated`, `dateUpdated`, `uid`) VALUES
 ('1', 'Entry', '{\"sourceOrder\":[[\"key\",\"*\"],[\"key\",\"singles\"],[\"key\",\"section:3\"],[\"key\",\"section:2\"],[\"key\",\"section:4\"]],\"sources\":{\"section:3\":{\"tableAttributes\":{\"1\":\"postDate\",\"2\":\"expiryDate\",\"3\":\"author\",\"4\":\"link\"}},\"*\":{\"tableAttributes\":{\"1\":\"section\",\"2\":\"postDate\",\"3\":\"expiryDate\",\"4\":\"author\",\"5\":\"link\"}},\"singles\":{\"tableAttributes\":{\"1\":\"author\",\"2\":\"link\"}},\"section:2\":{\"tableAttributes\":{\"1\":\"postDate\",\"2\":\"expiryDate\",\"3\":\"author\",\"4\":\"link\"}},\"section:4\":{\"tableAttributes\":{\"1\":\"postDate\",\"2\":\"expiryDate\",\"3\":\"author\",\"4\":\"link\"}}}}', '2017-07-20 21:25:57', '2017-08-07 21:27:36', 'bfa1f50b-98ce-4373-ae00-6ec376dcc6a8');



DROP TABLE IF EXISTS `craft_elements`;


--
-- Schema for table `craft_elements`
--
CREATE TABLE `craft_elements` (
  `id` int(11) NOT NULL AUTO_INCREMENT,
  `type` varchar(150) COLLATE utf8_unicode_ci NOT NULL,
  `enabled` tinyint(1) unsigned NOT NULL DEFAULT '1',
  `archived` tinyint(1) unsigned NOT NULL DEFAULT '0',
  `dateCreated` datetime NOT NULL,
  `dateUpdated` datetime NOT NULL,
  `uid` char(36) COLLATE utf8_unicode_ci NOT NULL DEFAULT '0',
  PRIMARY KEY (`id`),
  KEY `craft_elements_type_idx` (`type`),
  KEY `craft_elements_enabled_idx` (`enabled`),
  KEY `craft_elements_archived_dateCreated_idx` (`archived`,`dateCreated`)
) ENGINE=InnoDB AUTO_INCREMENT=345 DEFAULT CHARSET=utf8 COLLATE=utf8_unicode_ci;

--
-- Data for table `craft_elements`
--

INSERT INTO `craft_elements` (`id`, `type`, `enabled`, `archived`, `dateCreated`, `dateUpdated`, `uid`) VALUES
 ('1', 'User', '1', '0', '2017-07-20 17:27:58', '2017-07-28 21:23:12', '6d4428d4-0a00-435c-a598-147c9fd3efdb'),
 ('3', 'Entry', '1', '0', '2017-07-20 17:27:59', '2017-08-07 21:26:51', '1d09e80a-d322-4770-8149-dc0f368af815'),
 ('8', 'Asset', '1', '0', '2017-07-20 22:19:56', '2017-08-07 16:49:44', 'cefb37f8-4894-421a-909e-792c429c1e63'),
 ('14', 'Asset', '1', '0', '2017-07-20 22:49:12', '2017-08-07 16:49:44', '0ebe6b71-5acd-4531-976f-b10e1b50dede'),
 ('15', 'Asset', '1', '0', '2017-07-20 22:49:12', '2017-08-07 16:49:44', '63ced460-aca3-41d5-b21b-7e1b860d93ff'),
 ('16', 'Asset', '1', '0', '2017-07-20 22:49:12', '2017-08-07 16:49:44', 'e492ce25-f7c9-4db4-ab90-d1e4301c527e'),
 ('33', 'Entry', '1', '0', '2017-07-21 23:29:50', '2017-08-07 21:25:36', 'e7041aba-157d-43ec-aba2-0592b2469563'),
 ('34', 'Neo_Block', '1', '0', '2017-07-26 20:51:36', '2017-07-27 00:17:05', '2445894d-9d85-4202-b576-95130db0432b'),
 ('35', 'Neo_Block', '1', '0', '2017-07-26 20:51:36', '2017-07-27 00:17:05', 'c48f927b-8d23-4f76-a230-594540cf2b42'),
 ('36', 'Neo_Block', '1', '0', '2017-07-26 20:51:36', '2017-07-27 00:17:05', 'ec7ffbd5-a9fc-43ae-afbf-e4648e508039'),
 ('38', 'Asset', '1', '0', '2017-07-26 21:01:07', '2017-08-07 16:49:44', '4cfc8412-f87b-43bf-ab6d-5016bfa685ea'),
 ('39', 'Neo_Block', '1', '0', '2017-07-26 21:04:17', '2017-07-27 00:17:05', 'b7081961-af09-4cc6-a112-fa9e0f57b7b5'),
 ('40', 'Neo_Block', '1', '0', '2017-07-26 21:04:17', '2017-07-27 00:17:05', '8d943664-82ed-4751-b1f0-806344cd425f'),
 ('42', 'Neo_Block', '1', '0', '2017-07-26 21:04:17', '2017-07-27 00:17:05', '5611230c-ad7f-48cf-8184-a89b6f508c25'),
 ('43', 'Neo_Block', '1', '0', '2017-07-26 21:04:17', '2017-07-27 00:17:05', '75c00219-0424-4a66-a767-e8f4934f4fbe'),
 ('44', 'Neo_Block', '1', '0', '2017-07-26 21:04:17', '2017-07-27 00:17:05', '04c61613-a219-4783-b8f7-ff142dd2e94f'),
 ('45', 'Asset', '1', '0', '2017-07-26 21:17:47', '2017-08-07 16:49:44', 'ca7a0ac6-d5dc-44a1-98eb-1a0dbf13b8ff'),
 ('46', 'Asset', '1', '0', '2017-07-26 21:17:47', '2017-08-07 16:49:44', '38b84f21-558f-4e36-a9e5-db2a976f563d'),
 ('47', 'Asset', '1', '0', '2017-07-26 21:17:47', '2017-08-07 16:49:44', '953c2d1a-b979-43f4-844c-db4a044cb37e'),
 ('48', 'Asset', '1', '0', '2017-07-26 21:17:47', '2017-08-07 16:49:44', 'a7dc6d80-4466-43bc-9298-c5e6fa1406b0'),
 ('49', 'Asset', '1', '0', '2017-07-26 21:17:47', '2017-08-07 16:49:44', '0dcd21f9-e47d-4444-88e9-dc54ad5de145'),
 ('50', 'Asset', '1', '0', '2017-07-26 21:19:01', '2017-08-07 16:49:44', '485cea7e-61d1-4b98-b835-58c553d39d23'),
 ('61', 'Asset', '1', '0', '2017-07-26 21:26:59', '2017-08-07 16:49:44', '8e73837a-3a5d-42e4-a6f0-e08f1152ca37'),
 ('63', 'Neo_Block', '1', '0', '2017-07-26 21:27:42', '2017-07-27 00:17:06', 'c5c39038-2ba2-4c6f-8a71-5838b2719262'),
 ('64', 'Neo_Block', '1', '0', '2017-07-26 21:27:42', '2017-07-27 00:17:06', '04ae531b-0948-41db-9eea-1ecc676741f2'),
 ('68', 'Asset', '1', '0', '2017-07-26 21:28:10', '2017-08-07 16:49:44', '4e623dee-6add-4c6d-8ee8-ee4b9dd1381c'),
 ('69', 'Neo_Block', '1', '0', '2017-07-26 21:28:25', '2017-07-27 00:17:06', 'd23a71e6-1737-4b0b-bedc-a17c3ead3c46'),
 ('71', 'Neo_Block', '1', '0', '2017-07-26 21:48:57', '2017-07-27 00:17:06', '244a7b26-8d21-4300-b6c7-2e985031f87f'),
 ('72', 'Neo_Block', '1', '0', '2017-07-26 21:48:57', '2017-07-27 00:17:06', 'd2d1ed7a-229d-4578-8b6c-f3ae46609e7d'),
 ('76', 'Asset', '1', '0', '2017-07-26 21:58:07', '2017-08-07 16:49:44', '389ba287-673b-4b35-8267-640f20a96bfe'),
 ('77', 'Asset', '1', '0', '2017-07-26 21:58:07', '2017-08-07 16:49:44', 'd86a5bb2-39be-4831-b0c6-0cdef0d0155d'),
 ('78', 'Asset', '1', '0', '2017-07-26 21:58:07', '2017-08-07 16:49:44', '553bc198-4f3b-4e58-8580-f6cd1450b431'),
 ('79', 'Asset', '1', '0', '2017-07-26 21:58:08', '2017-08-07 16:49:44', '42134a42-2263-49df-8377-3b2aad20f630'),
 ('80', 'Asset', '1', '0', '2017-07-26 21:58:08', '2017-08-07 16:49:44', 'ff2b24e7-526f-4d8d-8516-143ae655387a'),
 ('81', 'Asset', '1', '0', '2017-07-26 21:58:08', '2017-08-07 16:49:44', '39308f15-6f5d-42bf-adac-e2bfee2189aa'),
 ('82', 'Asset', '1', '0', '2017-07-26 21:58:10', '2017-08-07 16:49:44', '8a04fc0e-4105-4660-bde0-2045057d16ed'),
 ('83', 'Asset', '1', '0', '2017-07-26 21:58:11', '2017-08-07 16:49:44', 'd7d0f249-d041-4f4d-839d-f5763ad02b68'),
 ('84', 'Asset', '1', '0', '2017-07-26 21:58:11', '2017-08-07 16:49:44', 'c25ec772-c8b0-4617-ab62-66acd03ea3a2'),
 ('85', 'Asset', '1', '0', '2017-07-26 21:58:11', '2017-08-07 16:49:44', '55a446c5-54d2-4e84-b940-5c9c57e64c00'),
 ('86', 'Asset', '1', '0', '2017-07-26 21:58:11', '2017-08-07 16:49:44', '77966c7f-9818-4669-b582-2cc3a21c86d7'),
 ('87', 'Asset', '1', '0', '2017-07-26 21:58:11', '2017-08-07 16:49:44', 'ebff4e88-e9d5-4cb4-9b97-89226aa74e41'),
 ('88', 'Asset', '1', '0', '2017-07-26 21:58:12', '2017-08-07 16:49:44', 'fce7dc4e-eaa9-4a5a-baa9-60bbfac69c48'),
 ('89', 'Asset', '1', '0', '2017-07-26 21:58:12', '2017-08-07 16:49:44', '4c1c4c49-6cff-4248-99c2-8fd5f1caf51a'),
 ('90', 'Asset', '1', '0', '2017-07-26 21:58:12', '2017-08-07 16:49:44', '83e2cd40-9280-427b-b59a-a7f1cba08311'),
 ('91', 'Neo_Block', '1', '0', '2017-07-26 22:00:39', '2017-07-27 00:17:06', '48a6c126-e621-427b-9f06-5e8a17129382'),
 ('97', 'Asset', '1', '0', '2017-07-26 22:25:00', '2017-08-07 16:49:44', '35fbc39d-c252-43cc-bad0-9f580a3db1d0'),
 ('98', 'Entry', '1', '0', '2017-07-26 22:48:34', '2017-08-07 21:49:06', 'cdfd6ac0-aeb0-4919-92c7-1fc770f9976c'),
 ('99', 'Asset', '1', '0', '2017-07-26 22:54:45', '2017-08-07 16:49:44', '1fc8b8df-d573-4535-a743-1229faff25b2'),
 ('100', 'Asset', '1', '0', '2017-07-26 22:54:45', '2017-08-07 16:49:44', '8f08aeb8-1c78-4c9e-8afe-06b598189319'),
 ('101', 'Asset', '1', '0', '2017-07-26 22:54:59', '2017-08-07 16:49:45', 'b5a311ee-3baf-4c42-8fdf-f549ec56d4ec'),
 ('102', 'Asset', '1', '0', '2017-07-26 22:59:08', '2017-08-07 16:49:45', '9cee0047-2d94-4250-9886-22f03a834d07'),
 ('103', 'Asset', '1', '0', '2017-07-26 22:59:11', '2017-08-07 16:49:45', '70b1de08-a6b3-4901-9c25-d43cd5fae26d'),
 ('104', 'Asset', '1', '0', '2017-07-26 23:01:58', '2017-08-07 16:49:45', '59ccc9ee-38ae-4d4b-ace0-80bf3e8be0fc'),
 ('105', 'Asset', '1', '0', '2017-07-26 23:02:27', '2017-08-07 16:49:45', '6846a6e8-22af-4779-b846-5deb549391d5'),
 ('106', 'Asset', '1', '0', '2017-07-26 23:02:28', '2017-08-07 16:49:45', '0472ec88-8eb4-478e-90b6-0a48d11c1073'),
 ('107', 'Neo_Block', '1', '0', '2017-07-26 23:03:48', '2017-08-07 21:49:06', 'caa826fb-1e24-4b22-990b-c620b0ff5fda'),
 ('108', 'Neo_Block', '1', '0', '2017-07-26 23:03:48', '2017-08-07 21:49:06', 'f7728b78-65a9-434e-be5b-b9947822bc45'),
 ('110', 'Neo_Block', '1', '0', '2017-07-26 23:03:48', '2017-08-07 21:49:06', '58d3f7f4-3ca5-4b93-a0a4-c21cfa1f7f34'),
 ('118', 'Neo_Block', '1', '0', '2017-07-26 23:03:48', '2017-08-07 21:49:07', '525cfc9f-08ff-42fc-b7a7-d8bc86b0e9c2'),
 ('119', 'Neo_Block', '1', '0', '2017-07-26 23:03:48', '2017-08-07 21:49:07', 'da13e7c5-41a0-4508-bca8-7984eaf0e647'),
 ('124', 'Neo_Block', '1', '0', '2017-07-26 23:03:48', '2017-08-07 21:49:07', '859f4b33-96af-4910-8aa8-210b37f38e89'),
 ('128', 'Neo_Block', '1', '0', '2017-07-26 23:03:48', '2017-08-07 21:49:07', '62b0b11f-737f-4a2b-8ce9-8b882e32b158'),
 ('129', 'Neo_Block', '1', '0', '2017-07-26 23:03:48', '2017-08-07 21:49:07', 'dc566cfa-a68f-46c6-bdaf-5b6b8357ffa9'),
 ('132', 'Neo_Block', '1', '0', '2017-07-26 23:03:48', '2017-08-07 21:49:07', '04749b20-ed38-474f-8a07-ada1b08fdd9b'),
 ('136', 'Neo_Block', '1', '0', '2017-07-26 23:03:49', '2017-08-07 21:49:07', 'e46626ab-43fc-469a-ae1a-a17c4d299529'),
 ('137', 'Neo_Block', '1', '0', '2017-07-26 23:03:49', '2017-08-07 21:49:07', '078a13af-85b2-43ea-b558-2e9fe150b812'),
 ('140', 'MatrixBlock', '1', '0', '2017-07-26 23:08:57', '2017-08-07 21:49:07', '11c9797b-6676-4bc7-8f4f-9657c6c620ad'),
 ('141', 'Asset', '1', '0', '2017-07-26 23:10:18', '2017-08-07 16:49:45', '7193d9f4-9246-4b38-bb80-972a472d1f3a'),
 ('142', 'Asset', '1', '0', '2017-07-26 23:10:18', '2017-08-07 16:49:45', '1ca1b3fe-df3a-4da1-b178-5d073ed4ba00'),
 ('143', 'Asset', '1', '0', '2017-07-26 23:10:19', '2017-08-07 16:49:45', '789c058a-7ea3-48df-a774-0961c3f3c9f6'),
 ('144', 'Neo_Block', '1', '0', '2017-07-26 23:22:13', '2017-08-07 21:49:06', 'c95a11ed-38c6-43b5-9c6c-1a9bdd6e086c'),
 ('145', 'Asset', '1', '0', '2017-07-26 23:31:02', '2017-08-07 16:49:45', 'e7e25a72-e67d-4206-b9c9-4777dc025676'),
 ('146', 'Asset', '1', '0', '2017-07-26 23:31:02', '2017-08-07 16:49:45', 'bcabab6f-4d06-43ad-8f1e-f28c30da3fe0'),
 ('147', 'Asset', '1', '0', '2017-07-26 23:31:02', '2017-08-07 16:49:45', '459de366-154a-4ed4-a5fe-40f170627cbd'),
 ('148', 'Asset', '1', '0', '2017-07-26 23:31:02', '2017-08-07 16:49:45', '5bcccc85-a27a-4434-b6e8-c31bb39b9efa'),
 ('149', 'Asset', '1', '0', '2017-07-26 23:31:07', '2017-08-07 16:49:45', '5f5f2944-5cd5-442a-b6e1-dfdbaa44e6da'),
 ('150', 'Asset', '1', '0', '2017-07-26 23:31:10', '2017-08-07 16:49:45', '5c8ffda8-5891-4636-b215-c57cc66c51a9'),
 ('151', 'Asset', '1', '0', '2017-07-26 23:31:10', '2017-08-07 16:49:45', '54001580-c650-4fb0-8aff-39413b8e9ab2'),
 ('152', 'Asset', '1', '0', '2017-07-26 23:31:11', '2017-08-07 16:49:45', 'e163fc52-17d3-43b5-8fd1-bffdeb57e7c9'),
 ('153', 'Asset', '1', '0', '2017-07-26 23:31:11', '2017-08-07 16:49:45', '193be06d-dec9-4133-99d9-c14ef22b8d13'),
 ('154', 'Asset', '1', '0', '2017-07-26 23:31:11', '2017-08-07 16:49:45', 'fec4713b-882c-4075-a6ff-30c8d7ce565c'),
 ('155', 'Asset', '1', '0', '2017-07-26 23:31:11', '2017-08-07 16:49:45', 'f66bac66-8bd6-402d-b0c4-e6c2d4fdccb1'),
 ('156', 'Asset', '1', '0', '2017-07-26 23:31:11', '2017-08-07 16:49:45', 'a924c08d-2fda-4336-a402-700b49378ff8'),
 ('157', 'Asset', '1', '0', '2017-07-26 23:31:11', '2017-08-07 16:49:45', 'f37f4fae-c400-4cc3-891c-0197bfb316e8'),
 ('158', 'Asset', '1', '0', '2017-07-26 23:31:12', '2017-08-07 16:49:45', '3d4dd6ac-dca9-46a4-bbdf-27c80fbe0d1f'),
 ('159', 'Asset', '1', '0', '2017-07-26 23:31:12', '2017-08-07 16:49:45', '1fdcc260-4bdf-4917-a142-1bd179446494'),
 ('160', 'Asset', '1', '0', '2017-07-26 23:31:12', '2017-08-07 16:49:45', 'a900ea5f-cedc-419d-bc62-7ff1b2835093'),
 ('161', 'Asset', '1', '0', '2017-07-26 23:31:12', '2017-08-07 16:49:45', '4a61d64a-18dc-40f9-bd7b-4897743ee711'),
 ('162', 'Neo_Block', '1', '0', '2017-07-26 23:33:33', '2017-08-07 21:49:06', 'c46b5d3c-58ca-4a78-87c0-b6c62eef9b5a'),
 ('163', 'MatrixBlock', '1', '0', '2017-07-26 23:33:33', '2017-08-07 21:49:07', '9677f6cc-fc81-47c2-a9e7-28b3640fc056'),
 ('172', 'Asset', '1', '0', '2017-07-27 17:17:05', '2017-08-07 16:49:45', 'd92b5beb-d00f-4431-84b0-a855d7b27a50'),
 ('183', 'Neo_Block', '1', '0', '2017-08-01 20:54:27', '2017-08-03 17:11:59', '5b6a01b5-d489-4fc8-a53f-bff0b5a752ff'),
 ('190', 'Neo_Block', '1', '0', '2017-08-01 22:35:00', '2017-08-03 17:11:59', 'e4fcd5cd-9bbe-4d41-be80-30aa601bf95b'),
 ('191', 'MatrixBlock', '1', '0', '2017-08-01 22:35:00', '2017-08-07 16:49:46', '39e732ef-40e4-493b-b75e-300d50fac727'),
 ('194', 'Neo_Block', '1', '0', '2017-08-02 00:32:52', '2017-08-03 17:11:59', 'c1bec2fc-01a1-49a8-8128-4567057c1549'),
 ('195', 'MatrixBlock', '1', '0', '2017-08-02 00:32:52', '2017-08-07 16:49:46', '65517de9-5784-41b1-8fbc-29083014feff'),
 ('202', 'Neo_Block', '1', '0', '2017-08-03 17:08:09', '2017-08-03 17:11:59', '32196194-b340-4df4-bc6d-2a481e9f3b41'),
 ('206', 'MatrixBlock', '1', '0', '2017-08-03 18:46:17', '2017-08-07 21:49:06', '19b03a22-2705-4cd1-a801-f5f1391d1e0d'),
 ('207', 'MatrixBlock', '1', '0', '2017-08-03 18:50:27', '2017-08-07 21:49:06', 'bcd66011-fb3d-4e81-b20c-ae7abe78d609'),
 ('208', 'MatrixBlock', '1', '0', '2017-08-03 18:50:27', '2017-08-07 21:49:06', '40fbac97-9435-48c3-a945-1789749a7cad');
INSERT INTO `craft_elements` (`id`, `type`, `enabled`, `archived`, `dateCreated`, `dateUpdated`, `uid`) VALUES
 ('209', 'Neo_Block', '1', '0', '2017-08-03 18:50:27', '2017-08-07 21:49:06', 'aa4c3edb-f77c-4234-a288-806bd262df08'),
 ('210', 'MatrixBlock', '1', '0', '2017-08-03 18:50:27', '2017-08-07 21:49:07', '495301b6-89a3-4bba-bc19-fa7b5e1849c7'),
 ('211', 'MatrixBlock', '1', '0', '2017-08-03 18:50:27', '2017-08-07 21:49:07', '3ce83380-b26b-448d-8964-80740053abd2'),
 ('212', 'MatrixBlock', '1', '0', '2017-08-03 19:02:45', '2017-08-07 21:49:07', 'c0502a9a-ddad-4b4c-912e-9ab7d481a137'),
 ('213', 'MatrixBlock', '1', '0', '2017-08-03 19:02:45', '2017-08-07 21:49:07', '79f19057-9af2-4dc8-817e-2a04644ecd3e'),
 ('214', 'MatrixBlock', '1', '0', '2017-08-03 19:02:45', '2017-08-07 21:49:07', '63f852c0-9d7b-4d2c-a003-f24583bb07f0'),
 ('215', 'MatrixBlock', '1', '0', '2017-08-03 19:02:45', '2017-08-07 21:49:07', '43ddc58b-39b8-4598-b065-f76458d1cd5f'),
 ('216', 'MatrixBlock', '1', '0', '2017-08-03 19:02:45', '2017-08-07 21:49:07', '7f70439b-7680-4616-886f-5fc90d6eb395'),
 ('217', 'MatrixBlock', '1', '0', '2017-08-03 19:02:45', '2017-08-07 21:49:07', 'f1c4a657-49af-493f-9d32-56daab51a344'),
 ('218', 'MatrixBlock', '1', '0', '2017-08-03 19:02:45', '2017-08-07 21:49:07', 'a630aa23-3f9f-4a91-87a2-49982cf84a19'),
 ('219', 'MatrixBlock', '1', '0', '2017-08-03 19:02:45', '2017-08-07 21:49:07', 'b6e3434a-a62a-4357-b081-0af0a306da4e'),
 ('220', 'MatrixBlock', '1', '0', '2017-08-03 19:02:45', '2017-08-07 21:49:07', '5c25fcdb-92cf-43ba-9226-90dcde38cdda'),
 ('221', 'Neo_Block', '1', '0', '2017-08-03 19:02:45', '2017-08-07 21:49:07', '243438ef-8a2b-4554-b134-4530c91bb4fa'),
 ('223', 'Neo_Block', '1', '0', '2017-08-03 22:25:09', '2017-08-07 16:49:47', 'c4861895-839e-4b6c-a7db-27a5a5b70da0'),
 ('224', 'MatrixBlock', '1', '0', '2017-08-03 22:25:09', '2017-08-07 16:49:46', 'be4077e1-ab6c-41e0-8f11-f7d606411860'),
 ('225', 'MatrixBlock', '1', '0', '2017-08-03 22:33:25', '2017-08-07 16:49:46', 'bb360be0-998c-4861-8b0d-04bde61f9304'),
 ('226', 'MatrixBlock', '1', '0', '2017-08-03 22:33:25', '2017-08-07 16:49:46', '6162ae07-6185-4fff-a1d4-9af2da508a75'),
 ('227', 'MatrixBlock', '1', '0', '2017-08-03 22:33:25', '2017-08-07 16:49:46', '27d84e99-fdf3-405b-a410-192e6be60ae0'),
 ('228', 'Neo_Block', '1', '0', '2017-08-03 22:33:25', '2017-08-07 16:49:47', '786795f5-9cfb-4f43-993c-dbe548890550'),
 ('229', 'MatrixBlock', '1', '0', '2017-08-03 22:33:25', '2017-08-07 16:49:46', 'bc96962d-f2d5-41fe-bee7-737ff38fcaba'),
 ('230', 'MatrixBlock', '1', '0', '2017-08-03 22:33:25', '2017-08-07 16:49:46', 'f1168699-d9c5-48ad-8c7d-169af98862fe'),
 ('231', 'MatrixBlock', '1', '0', '2017-08-03 22:33:25', '2017-08-07 16:49:46', '5bac09fe-a7c0-4871-958f-17c42abd42c8'),
 ('232', 'Neo_Block', '1', '0', '2017-08-03 22:33:25', '2017-08-07 16:49:47', 'd066ff95-56bc-4ca2-ba7e-4f44b19ac75d'),
 ('233', 'MatrixBlock', '1', '0', '2017-08-03 22:33:25', '2017-08-07 16:49:46', 'c95fb425-6bec-47aa-baac-42f11a8c6384'),
 ('234', 'MatrixBlock', '1', '0', '2017-08-03 22:33:26', '2017-08-07 16:49:46', '51e8c748-0bd4-495e-bb1e-57feac6f6a87'),
 ('235', 'MatrixBlock', '1', '0', '2017-08-03 22:33:26', '2017-08-07 16:49:47', 'e0164669-34e2-46de-8398-c466109e703b'),
 ('236', 'MatrixBlock', '1', '0', '2017-08-03 22:33:26', '2017-08-07 16:49:47', 'ee6f6503-810b-432b-be2a-1b76c605f684'),
 ('237', 'Neo_Block', '1', '0', '2017-08-03 22:33:26', '2017-08-07 16:49:47', '5e2d930a-52ab-4353-a25a-129f1fbf7670'),
 ('238', 'MatrixBlock', '1', '0', '2017-08-03 22:33:26', '2017-08-07 16:49:47', 'b0ebd381-4377-45a1-81a9-9aaf51981d86'),
 ('239', 'MatrixBlock', '1', '0', '2017-08-03 22:33:26', '2017-08-07 16:49:47', 'f63e0553-8b1d-4205-8908-31a54010a9ff'),
 ('240', 'MatrixBlock', '1', '0', '2017-08-03 22:33:26', '2017-08-07 16:49:47', '0c124d2e-37c0-4bf9-ad8f-77ed60a5419a'),
 ('241', 'MatrixBlock', '1', '0', '2017-08-03 22:33:26', '2017-08-07 16:49:47', '571c7575-86a9-42a7-9496-691427e070d8'),
 ('242', 'MatrixBlock', '1', '0', '2017-08-03 22:33:26', '2017-08-07 16:49:47', '91b78577-3c37-4176-9952-b40ad6159627'),
 ('243', 'Category', '1', '0', '2017-08-07 17:26:03', '2017-08-07 17:26:03', '623f9ee2-3320-4d12-93b3-31636f9e5045'),
 ('244', 'Category', '1', '0', '2017-08-07 17:26:14', '2017-08-07 17:26:14', '4abda02b-afbe-4da7-9c79-4d2456c5166b'),
 ('245', 'Category', '1', '0', '2017-08-07 17:26:23', '2017-08-07 17:26:23', 'c732a27e-50e5-491b-bbd3-27ad5b8aa4cb'),
 ('246', 'Category', '1', '0', '2017-08-07 17:26:39', '2017-08-07 17:26:39', 'cba1a7c7-dff6-406d-a7cc-15423a688cd3'),
 ('247', 'Category', '1', '0', '2017-08-07 17:26:50', '2017-08-07 17:26:50', '6d862fd3-5da8-4aca-896f-838ddeb5e58a'),
 ('248', 'Category', '1', '0', '2017-08-07 17:26:55', '2017-08-07 17:26:55', '9c22544c-cb6b-4828-8176-e043fcaa5783'),
 ('249', 'Category', '1', '0', '2017-08-07 17:27:08', '2017-08-07 17:27:08', '6fbe84ad-9741-4426-a504-bf0478f91905'),
 ('250', 'Category', '1', '0', '2017-08-07 17:27:17', '2017-08-07 17:27:17', 'a3cf19c5-79c0-46f7-8751-4af8c3895599'),
 ('251', 'Category', '1', '0', '2017-08-07 17:27:33', '2017-08-07 17:27:33', '12344c0e-bb29-4d8c-8678-d6b8688bd451'),
 ('252', 'Category', '1', '0', '2017-08-07 17:27:40', '2017-08-07 17:27:40', '6701d6b2-2ed6-40ea-97d0-c7ffe0c3f9ec'),
 ('253', 'Category', '1', '0', '2017-08-07 17:28:00', '2017-08-07 17:28:00', '1edeb8d6-0323-47d9-b2b6-185bbff0eb7c'),
 ('254', 'Category', '1', '0', '2017-08-07 17:28:10', '2017-08-07 17:28:10', 'ce28fce7-2cdc-4763-a71f-ea58985aa6a4'),
 ('255', 'Category', '1', '0', '2017-08-07 17:28:14', '2017-08-07 17:28:14', '5474b6bb-1937-4dec-ad65-3942ce831756'),
 ('256', 'Category', '1', '0', '2017-08-07 17:31:09', '2017-08-07 17:31:09', 'db8dda4f-0879-49b3-9717-5ab9eb742c22'),
 ('257', 'Category', '1', '0', '2017-08-07 17:31:22', '2017-08-07 17:31:22', '84bea8e6-6bc5-44b1-958a-c23bc749a2c9'),
 ('258', 'Category', '1', '0', '2017-08-07 17:31:27', '2017-08-07 17:31:27', 'bfe67251-89bf-4a9a-8b96-a338ddc1c8cc'),
 ('259', 'Entry', '1', '0', '2017-08-07 17:58:03', '2017-08-07 21:25:47', 'b76b6f8f-fe0b-464f-ac30-2561e6197a70'),
 ('262', 'GlobalSet', '1', '0', '2017-08-07 21:07:07', '2017-08-09 20:50:50', '11679368-21c2-4629-ac07-4a4587c07aeb'),
 ('263', 'GlobalSet', '1', '0', '2017-08-07 21:07:30', '2017-08-09 20:57:20', '33234b17-2ad0-4c0c-89bc-f33319f45818'),
 ('264', 'Entry', '1', '0', '2017-08-07 21:28:57', '2017-08-07 21:30:59', '18b30d92-d9df-4359-93fc-526f712e5d94'),
 ('266', 'Category', '1', '0', '2017-08-07 21:31:59', '2017-08-07 21:31:59', 'f07a5ce4-bb0a-4104-9419-2312fc5df877'),
 ('267', 'Category', '1', '0', '2017-08-07 21:32:21', '2017-08-07 21:32:21', '230fa7f3-50ed-41fb-869c-3776fb6dce82'),
 ('268', 'MatrixBlock', '1', '0', '2017-08-07 21:48:31', '2017-08-09 20:50:50', '3ccec3c7-a3b3-4513-9551-59fb98d40570'),
 ('269', 'MatrixBlock', '1', '0', '2017-08-07 21:48:31', '2017-08-09 20:50:51', '0e6f0177-1bf0-4b9e-9446-9ba3f452548e'),
 ('270', 'Entry', '1', '0', '2017-08-07 22:23:24', '2017-08-07 22:29:30', '616b8a58-f7b3-42e5-b756-6b06888501b8'),
 ('272', 'MatrixBlock', '1', '0', '2017-08-07 23:13:17', '2017-08-09 20:57:20', 'a9068c05-8421-485b-a195-7ea154e56a0a'),
 ('273', 'MatrixBlock', '1', '0', '2017-08-07 23:13:17', '2017-08-09 20:57:20', 'cbeeb28a-b08c-48da-bafc-1b9b7f3f87e2'),
 ('274', 'Neo_Block', '1', '0', '2017-08-07 23:13:17', '2017-08-09 20:57:20', 'a447da14-81bc-410b-a424-9236f8a89950'),
 ('275', 'MatrixBlock', '1', '0', '2017-08-07 23:13:17', '2017-08-07 23:39:40', 'c3bb4a07-4c8c-4ec1-9ae4-11f1c0b08c8a'),
 ('276', 'MatrixBlock', '1', '0', '2017-08-07 23:13:17', '2017-08-07 23:39:40', 'b5dd8ea1-aa0f-498e-bc94-c46792babde0'),
 ('277', 'MatrixBlock', '1', '0', '2017-08-07 23:39:40', '2017-08-09 20:57:20', 'c45600e6-7ee1-4044-98bc-339b0f06d5e8'),
 ('278', 'MatrixBlock', '1', '0', '2017-08-07 23:39:40', '2017-08-09 20:57:20', 'e282fadc-a96d-482e-afd0-7b410b9e5075'),
 ('279', 'MatrixBlock', '1', '0', '2017-08-07 23:39:40', '2017-08-09 20:57:20', '8720e31c-3561-4b50-b33c-fbfb0ccf6f97'),
 ('280', 'MatrixBlock', '1', '0', '2017-08-07 23:39:40', '2017-08-09 20:57:20', '7742a9e3-1b58-46d2-9533-be106a57e564'),
 ('282', 'MatrixBlock', '1', '0', '2017-08-07 23:46:45', '2017-08-09 20:50:51', '8be18c7b-ce52-44d3-a625-65a1c8da9f04'),
 ('283', 'GlobalSet', '1', '0', '2017-08-08 17:41:58', '2017-08-08 17:46:47', '79f0a226-337f-428d-9cb8-0158fa2530f9'),
 ('284', 'MatrixBlock', '1', '0', '2017-08-08 17:46:27', '2017-08-08 17:46:47', 'ffa828c6-93c5-414c-9205-1dbdfc887908'),
 ('285', 'MatrixBlock', '1', '0', '2017-08-08 17:46:27', '2017-08-08 17:46:47', 'a363e51c-8e59-4b9e-8f62-c7ca772346ef'),
 ('287', 'GlobalSet', '1', '0', '2017-08-09 17:45:23', '2017-08-09 17:51:39', 'd9478e88-9953-4653-bca1-4cbae7a4d709'),
 ('288', 'Asset', '1', '0', '2017-08-09 17:51:02', '2017-08-09 17:51:02', '5c84c6e8-8073-47cb-a9e7-47a0dbfb038c'),
 ('289', 'Entry', '1', '0', '2017-08-09 20:37:54', '2017-08-09 20:38:36', '64778377-59ed-486d-9533-97b8a4b5a270'),
 ('290', 'Entry', '1', '0', '2017-08-09 20:38:27', '2017-08-09 20:38:46', '49bdac73-66d7-401f-af3e-de1ff0514316'),
 ('291', 'Entry', '1', '0', '2017-08-09 20:39:06', '2017-08-09 20:39:06', '8c437ac5-8952-4e58-aeaf-e6d0229ee87a'),
 ('292', 'Entry', '1', '0', '2017-08-09 20:41:34', '2017-08-09 20:41:34', 'e7516be7-e3a3-498c-90fc-668578697e77'),
 ('293', 'MatrixBlock', '1', '0', '2017-08-09 20:50:51', '2017-08-09 20:50:51', '886a1fae-9f51-414d-bb75-96ede3b96089'),
 ('294', 'MatrixBlock', '1', '0', '2017-08-09 20:50:51', '2017-08-09 20:50:51', 'ad3d2ca5-eb13-47e2-ba5c-3eea77e5a498'),
 ('295', 'MatrixBlock', '1', '0', '2017-08-09 20:50:51', '2017-08-09 20:50:51', '439e53b9-3172-4e07-ac45-f502dbdbe197'),
 ('296', 'MatrixBlock', '1', '0', '2017-08-09 20:50:51', '2017-08-09 20:50:51', '5561dda9-51f3-40b5-9f63-faab5d3495ae'),
 ('297', 'MatrixBlock', '1', '0', '2017-08-09 20:50:51', '2017-08-09 20:50:51', 'c9f0e5af-2a6b-4d1f-80fd-78e80a07016e'),
 ('298', 'MatrixBlock', '1', '0', '2017-08-09 20:50:51', '2017-08-09 20:50:51', '3295f361-9588-4466-aa54-410d191f4578'),
 ('299', 'Neo_Block', '1', '0', '2017-08-09 20:57:20', '2017-08-09 20:57:20', '7d3153b6-62a9-49f9-a0e6-b0257ae05c2a'),
 ('300', 'MatrixBlock', '1', '0', '2017-08-09 20:57:20', '2017-08-09 20:57:20', 'a297cf6e-c865-4e80-a33c-862f96ed6b69'),
 ('301', 'MatrixBlock', '1', '0', '2017-08-09 20:57:20', '2017-08-09 20:57:20', 'fc520cc6-0d7e-48d3-b947-8ed38386dfd5'),
 ('302', 'MatrixBlock', '1', '0', '2017-08-09 20:57:20', '2017-08-09 20:57:20', '67f668c4-9bf7-4a39-9db9-55eae9479c38'),
 ('303', 'Neo_Block', '1', '0', '2017-08-09 20:57:20', '2017-08-09 20:57:20', 'd9407896-201b-40eb-9be7-49b03adad6b0'),
 ('304', 'MatrixBlock', '1', '0', '2017-08-09 20:57:20', '2017-08-09 20:57:20', '9d467c4c-196c-4013-9901-ae5d10ab9b00'),
 ('305', 'MatrixBlock', '1', '0', '2017-08-09 20:57:20', '2017-08-09 20:57:20', 'e9c36a82-cd81-4d3f-a597-3f0b1cd27ccf'),
 ('306', 'MatrixBlock', '1', '0', '2017-08-09 20:57:20', '2017-08-09 20:57:20', '6ffbd33c-14aa-4d64-aa16-04f9f4d26b31'),
 ('307', 'MatrixBlock', '1', '0', '2017-08-09 20:57:20', '2017-08-09 20:57:20', '51188cf4-5eec-4fa2-ac6a-fde6f0f4dfbe'),
 ('308', 'Neo_Block', '1', '0', '2017-08-09 20:57:20', '2017-08-09 20:57:20', 'bad43803-a3d5-4058-be1a-c519b3aa6ed6'),
 ('309', 'MatrixBlock', '1', '0', '2017-08-09 20:57:20', '2017-08-09 20:57:20', '06a0aad2-4137-4e35-a181-9a3cc09df7ec'),
 ('310', 'MatrixBlock', '1', '0', '2017-08-09 20:57:20', '2017-08-09 20:57:20', '3d9065f2-d2e3-4fd0-8ae3-dfbf02859d3c'),
 ('311', 'MatrixBlock', '1', '0', '2017-08-09 20:57:20', '2017-08-09 20:57:20', 'c9a42e8b-ac36-410e-afc7-918ea86afce8'),
 ('312', 'MatrixBlock', '1', '0', '2017-08-09 20:57:20', '2017-08-09 20:57:20', '400c4306-a2b7-4f36-bfaf-d258759f3332'),
 ('313', 'MatrixBlock', '1', '0', '2017-08-09 20:57:20', '2017-08-09 20:57:20', 'be68c69e-1aae-4580-99ee-24ce051472c9'),
 ('314', 'Entry', '1', '0', '2017-08-10 22:00:29', '2017-08-10 23:07:51', '0f1231d4-b73e-4817-9998-4aa20bfcc959'),
 ('315', 'MatrixBlock', '1', '0', '2017-08-10 22:00:29', '2017-08-10 23:07:51', 'f13e3f7d-2c4a-4996-ab0c-477b901d5e68');
INSERT INTO `craft_elements` (`id`, `type`, `enabled`, `archived`, `dateCreated`, `dateUpdated`, `uid`) VALUES
 ('316', 'MatrixBlock', '1', '0', '2017-08-10 22:00:29', '2017-08-10 23:07:51', 'f88372b3-60ae-4ffd-80c3-47511b01e153'),
 ('317', 'Neo_Block', '1', '0', '2017-08-10 22:00:29', '2017-08-10 23:07:51', 'f6725166-7fd0-4daf-891b-7a8bb491fe77'),
 ('318', 'Neo_Block', '1', '0', '2017-08-10 22:00:29', '2017-08-10 23:07:51', 'e4ee62d0-e432-4b05-99d5-bed1cd621c39'),
 ('319', 'MatrixBlock', '1', '0', '2017-08-10 22:00:29', '2017-08-10 23:07:51', '693575f0-b54d-428d-b009-ffe9d19111f3'),
 ('320', 'MatrixBlock', '1', '0', '2017-08-10 22:00:29', '2017-08-10 23:07:51', 'e8ede041-c0e4-4b44-bee4-b11b92e535f6'),
 ('321', 'MatrixBlock', '1', '0', '2017-08-10 22:00:29', '2017-08-10 23:07:51', 'c086a639-41dd-44ee-bc4d-f8148e5cae42'),
 ('322', 'Neo_Block', '1', '0', '2017-08-10 22:00:29', '2017-08-10 23:07:51', '19f2165b-671e-4e2b-b499-2b8fdca5edae'),
 ('323', 'MatrixBlock', '1', '0', '2017-08-10 22:00:29', '2017-08-10 23:07:51', 'ee1826cc-9f0e-4cbf-8c27-d203be9be442'),
 ('324', 'MatrixBlock', '1', '0', '2017-08-10 22:00:29', '2017-08-10 23:07:51', '85d66be6-0f6c-4c0e-a7d8-748a49ee5f94'),
 ('325', 'MatrixBlock', '1', '0', '2017-08-10 22:00:29', '2017-08-10 23:07:51', '67b76cb5-a702-4775-9227-a90d5f5739ab'),
 ('326', 'Neo_Block', '1', '0', '2017-08-10 22:00:29', '2017-08-10 23:07:51', '5033110f-a7cc-4a60-b58f-6dfcbceecfe9'),
 ('327', 'MatrixBlock', '1', '0', '2017-08-10 22:00:29', '2017-08-10 23:07:51', '7cf9e13b-413a-4109-9f48-7cb268012b83'),
 ('328', 'MatrixBlock', '1', '0', '2017-08-10 22:11:49', '2017-08-10 23:07:51', 'e4431929-e509-4ac2-ad2c-fb668416a193'),
 ('329', 'MatrixBlock', '1', '0', '2017-08-10 22:11:49', '2017-08-10 23:07:51', 'ca7fe4ce-1e13-4019-9443-c27c644ea7fd'),
 ('330', 'Neo_Block', '1', '0', '2017-08-10 22:11:49', '2017-08-10 23:07:52', 'd5084b07-9549-4ce6-b632-2a4ebe160146'),
 ('331', 'Neo_Block', '1', '0', '2017-08-10 22:11:49', '2017-08-10 23:07:52', '4a3cc40a-f0bf-4cad-a063-078e71fa57dc'),
 ('332', 'MatrixBlock', '1', '0', '2017-08-10 22:11:49', '2017-08-10 23:07:52', '6cd995ee-4e8d-44d3-8bcd-25566194c37e'),
 ('333', 'MatrixBlock', '1', '0', '2017-08-10 22:11:49', '2017-08-10 23:07:52', '27dc48f9-fd0f-4219-806e-bd0d209a4682'),
 ('334', 'MatrixBlock', '1', '0', '2017-08-10 22:11:49', '2017-08-10 23:07:52', '847404a0-655f-4eb4-89a9-8c987876ecdc'),
 ('335', 'Neo_Block', '1', '0', '2017-08-10 22:11:49', '2017-08-10 23:07:52', '2e5eaa82-8ea1-4a78-9574-2dcf39df7cd9'),
 ('336', 'MatrixBlock', '1', '0', '2017-08-10 22:11:49', '2017-08-10 23:07:52', 'edb5fd40-b49f-4728-9b42-2e1b74352455'),
 ('337', 'MatrixBlock', '1', '0', '2017-08-10 22:11:49', '2017-08-10 23:07:52', '9f84c833-89ac-4b32-bd9a-b3b0c5ef2743'),
 ('338', 'MatrixBlock', '1', '0', '2017-08-10 22:11:49', '2017-08-10 23:07:52', 'cff97159-6ad7-4c12-b91c-2e3c6c1566f9'),
 ('339', 'Neo_Block', '1', '0', '2017-08-10 22:11:49', '2017-08-10 23:07:52', '2a9b2cb6-f118-443a-b7ce-62e673a36ce6'),
 ('340', 'Neo_Block', '1', '0', '2017-08-10 22:11:49', '2017-08-10 23:07:52', 'f7d86b8e-a91a-4508-b5bf-ca9de1f638e5'),
 ('341', 'Neo_Block', '1', '0', '2017-08-10 22:11:49', '2017-08-10 23:07:52', '386d7804-709f-47d8-9518-3c072f42671e'),
 ('343', 'Neo_Block', '1', '0', '2017-08-10 22:14:42', '2017-08-10 23:07:52', '8bbf2e48-c6b6-47b8-b1d4-991b35bb75f8');



DROP TABLE IF EXISTS `craft_elements_i18n`;


--
-- Schema for table `craft_elements_i18n`
--
CREATE TABLE `craft_elements_i18n` (
  `id` int(11) NOT NULL AUTO_INCREMENT,
  `elementId` int(11) NOT NULL,
  `locale` char(12) COLLATE utf8_unicode_ci NOT NULL,
  `slug` varchar(255) COLLATE utf8_unicode_ci DEFAULT NULL,
  `uri` varchar(255) COLLATE utf8_unicode_ci DEFAULT NULL,
  `enabled` tinyint(1) unsigned NOT NULL DEFAULT '1',
  `dateCreated` datetime NOT NULL,
  `dateUpdated` datetime NOT NULL,
  `uid` char(36) COLLATE utf8_unicode_ci NOT NULL DEFAULT '0',
  PRIMARY KEY (`id`),
  UNIQUE KEY `craft_elements_i18n_elementId_locale_unq_idx` (`elementId`,`locale`),
  UNIQUE KEY `craft_elements_i18n_uri_locale_unq_idx` (`uri`,`locale`),
  KEY `craft_elements_i18n_slug_locale_idx` (`slug`,`locale`),
  KEY `craft_elements_i18n_enabled_idx` (`enabled`),
  KEY `craft_elements_i18n_locale_fk` (`locale`)
) ENGINE=InnoDB AUTO_INCREMENT=444 DEFAULT CHARSET=utf8 COLLATE=utf8_unicode_ci;

--
-- Data for table `craft_elements_i18n`
--

INSERT INTO `craft_elements_i18n` (`id`, `elementId`, `locale`, `slug`, `uri`, `enabled`, `dateCreated`, `dateUpdated`, `uid`) VALUES
 ('1', '1', 'en_us', '', NULL, '1', '2017-07-20 17:27:58', '2017-07-28 21:23:12', '646a5a0f-a379-4bbc-9e3e-b726ad17cfb0'),
 ('3', '3', 'en_us', 'we-just-installed-craft', 'blog/we-just-installed-craft', '1', '2017-07-20 17:27:59', '2017-08-07 21:26:51', '9ad1a87a-32d5-4b8e-8f26-0150b567d9eb'),
 ('8', '8', 'en_us', 'snap-ad-reporting-1x', NULL, '1', '2017-07-20 22:19:56', '2017-08-07 16:49:44', 'f95c3c38-9cc9-4561-aab7-f23b1af16237'),
 ('14', '14', 'en_us', 'homepage-1-1', NULL, '1', '2017-07-20 22:49:12', '2017-08-07 16:49:44', '5bb84152-63fa-4dd5-bc91-dee5fae44c82'),
 ('15', '15', 'en_us', 'homepage-1-2', NULL, '1', '2017-07-20 22:49:12', '2017-08-07 16:49:44', 'b8c791fc-e8c3-4d62-8f5d-dfe4eb3025bd'),
 ('16', '16', 'en_us', 'homepage-1-3', NULL, '1', '2017-07-20 22:49:12', '2017-08-07 16:49:44', '00917649-5774-4626-9d9a-73c49d0c4072'),
 ('33', '33', 'en_us', 'ab-inbev', NULL, '1', '2017-07-21 23:29:50', '2017-08-07 21:25:36', 'e7f5fb63-3d7d-4973-9aca-c36d679d3d69'),
 ('34', '34', 'en_us', '', NULL, '1', '2017-07-26 20:51:36', '2017-07-27 00:17:05', '14819375-8eb4-4c31-8e55-c71f1a6cd8bc'),
 ('35', '35', 'en_us', '', NULL, '1', '2017-07-26 20:51:36', '2017-07-27 00:17:05', '29a2393c-3ddd-4030-8020-87ff0e7e2731'),
 ('36', '36', 'en_us', '', NULL, '1', '2017-07-26 20:51:36', '2017-07-27 00:17:05', 'dd499ad7-6d3f-4580-8e17-471a918a6db5'),
 ('38', '38', 'en_us', 'filter-reporting-2x', NULL, '1', '2017-07-26 21:01:07', '2017-08-07 16:49:44', 'a6709715-9918-45e8-bae3-99c39d384cb9'),
 ('39', '39', 'en_us', '', NULL, '1', '2017-07-26 21:04:17', '2017-07-27 00:17:05', '5b479155-156c-4ab3-9a92-8cedf766528f'),
 ('40', '40', 'en_us', '', NULL, '1', '2017-07-26 21:04:17', '2017-07-27 00:17:05', '83408a0a-048e-4de5-8dc1-ec7319652a8d'),
 ('42', '42', 'en_us', '', NULL, '1', '2017-07-26 21:04:17', '2017-07-27 00:17:05', '898c8718-a8f8-4744-b5f2-60e84b52395b'),
 ('43', '43', 'en_us', '', NULL, '1', '2017-07-26 21:04:17', '2017-07-27 00:17:05', '845eb1a9-6251-4fef-a943-ce64ad4023e3'),
 ('44', '44', 'en_us', '', NULL, '1', '2017-07-26 21:04:17', '2017-07-27 00:17:05', 'e7e8fc49-e706-4d25-9392-dda9a9c2e99e'),
 ('45', '45', 'en_us', 'measurement-reach', NULL, '1', '2017-07-26 21:17:47', '2017-08-07 16:49:44', '0d64aa3a-4986-49c8-bf24-4b88db92e356'),
 ('46', '46', 'en_us', 'measurement-reaction', NULL, '1', '2017-07-26 21:17:47', '2017-08-07 16:49:44', 'e8f16743-5d76-44c5-8ca3-7ef430f9213f'),
 ('47', '47', 'en_us', 'measurement-resonance', NULL, '1', '2017-07-26 21:17:47', '2017-08-07 16:49:44', '10f3f4cc-e8a8-4cb3-b43b-27adeff1820e'),
 ('48', '48', 'en_us', 'measurement-snap-to', NULL, '1', '2017-07-26 21:17:47', '2017-08-07 16:49:44', '3c7a3589-340c-4381-8daf-0871663279b0'),
 ('49', '49', 'en_us', 'measurement-verification', NULL, '1', '2017-07-26 21:17:47', '2017-08-07 16:49:44', '3731eb78-e4d2-412b-b05c-90980e973c36'),
 ('50', '50', 'en_us', 'measurement-viewability', NULL, '1', '2017-07-26 21:19:01', '2017-08-07 16:49:44', 'dca6de2c-bd6b-4923-86c3-dcca01de1e3b'),
 ('61', '61', 'en_us', 'snap-to-store-clock-2x', NULL, '1', '2017-07-26 21:26:59', '2017-08-07 16:49:44', 'b5c2c05a-7a9a-499b-9e1f-a270ac46d511'),
 ('63', '63', 'en_us', '', NULL, '1', '2017-07-26 21:27:42', '2017-07-27 00:17:06', '00915c2f-f603-4b94-b381-2e00635cb69e'),
 ('64', '64', 'en_us', '', NULL, '1', '2017-07-26 21:27:42', '2017-07-27 00:17:06', '6fbf5edd-6d7c-4791-b0b9-4a10a39bd76b'),
 ('68', '68', 'en_us', 'snap-to-store-chillahs-2x', NULL, '1', '2017-07-26 21:28:10', '2017-08-07 16:49:44', 'c8e418f8-94c0-4106-89e9-5418f36e6c09'),
 ('69', '69', 'en_us', '', NULL, '1', '2017-07-26 21:28:25', '2017-07-27 00:17:06', 'c948fa23-0c4a-469e-96c7-5fe1213e66c2'),
 ('71', '71', 'en_us', '', NULL, '1', '2017-07-26 21:48:57', '2017-07-27 00:17:06', '64b96c15-721e-40ea-b800-90b0c4eb59e0'),
 ('72', '72', 'en_us', '', NULL, '1', '2017-07-26 21:48:57', '2017-07-27 00:17:06', '8dc54004-d75c-48e7-ada4-fb2d022f646a'),
 ('76', '76', 'en_us', 'adjust-2x', NULL, '1', '2017-07-26 21:58:07', '2017-08-07 16:49:44', 'c5df39a0-1135-4b11-831c-41ac37283dd3'),
 ('77', '77', 'en_us', 'appsflyer-2x', NULL, '1', '2017-07-26 21:58:07', '2017-08-07 16:49:44', '76c42a58-808b-4849-b6bd-e057a8cef317'),
 ('78', '78', 'en_us', 'doubleclick-2x', NULL, '1', '2017-07-26 21:58:07', '2017-08-07 16:49:44', 'ebcff039-74a8-4195-a1af-00f1fc9d7b20'),
 ('79', '79', 'en_us', 'innovid-2x', NULL, '1', '2017-07-26 21:58:08', '2017-08-07 16:49:44', 'e7972c9d-c926-42e4-9eb8-cc620a05d2c5'),
 ('80', '80', 'en_us', 'kochava-2x', NULL, '1', '2017-07-26 21:58:08', '2017-08-07 16:49:44', 'd0f818af-cb71-4dc7-8ad5-5923f0e01a57'),
 ('81', '81', 'en_us', 'liveramp-2x', NULL, '1', '2017-07-26 21:58:08', '2017-08-07 16:49:44', '5c06bb8b-c56d-4fa5-991f-c7ca89cc6df6'),
 ('82', '82', 'en_us', 'millwardbrown-2x', NULL, '1', '2017-07-26 21:58:10', '2017-08-07 16:49:44', 'ea3f17ea-84c2-4a8a-a509-cbe47ab2819f'),
 ('83', '83', 'en_us', 'moat-2x', NULL, '1', '2017-07-26 21:58:11', '2017-08-07 16:49:44', '44dbf440-5acc-49c3-8a77-d16f7da0b502'),
 ('84', '84', 'en_us', 'neustar-2x', NULL, '1', '2017-07-26 21:58:11', '2017-08-07 16:49:44', '4d6e59c6-8658-47fb-b0ad-a907b6192511'),
 ('85', '85', 'en_us', 'nielsen-2x', NULL, '1', '2017-07-26 21:58:11', '2017-08-07 16:49:44', '6d1066a4-fc0e-4d45-be15-3c7b98b828a4'),
 ('86', '86', 'en_us', 'oracle-2x', NULL, '1', '2017-07-26 21:58:11', '2017-08-07 16:49:44', '3fc49d82-35bc-419f-b60d-0f9a6b93c8b5'),
 ('87', '87', 'en_us', 'placed-2x', NULL, '1', '2017-07-26 21:58:11', '2017-08-07 16:49:44', 'ed1d0daf-6dd5-450a-8725-1000b5f9e4f3'),
 ('88', '88', 'en_us', 'singular-2x', NULL, '1', '2017-07-26 21:58:12', '2017-08-07 16:49:44', 'd37b2669-516b-47ce-b31e-18567f34e044'),
 ('89', '89', 'en_us', 'sizmek-2x', NULL, '1', '2017-07-26 21:58:12', '2017-08-07 16:49:44', '52ffda3a-508d-4575-a33a-f75ee5b87657'),
 ('90', '90', 'en_us', 'tune-2x', NULL, '1', '2017-07-26 21:58:12', '2017-08-07 16:49:44', '7827d0b9-3195-4038-a840-10126a4c31a7'),
 ('91', '91', 'en_us', '', NULL, '1', '2017-07-26 22:00:39', '2017-07-27 00:17:06', '1cc7d9da-537e-4009-9561-e76ecab6c1a1'),
 ('97', '97', 'en_us', 'ic-success-logo-abinbev-2x', NULL, '1', '2017-07-26 22:25:00', '2017-08-07 16:49:44', '02274e07-13ad-4036-a727-fc26df649fc7'),
 ('98', '98', 'en_us', 'solutions', 'solutions', '1', '2017-07-26 22:48:34', '2017-08-07 21:49:06', '6caa7dc2-d64a-4c8a-a14e-1f8e8e289c1c'),
 ('99', '99', 'en_us', 'geofilter-phil-phone-screen-2x', NULL, '1', '2017-07-26 22:54:45', '2017-08-07 16:49:44', '0714658d-d3e4-4da3-ad11-0b625d60d2c7'),
 ('100', '100', 'en_us', 'postmates-drive-action-2x', NULL, '1', '2017-07-26 22:54:45', '2017-08-07 16:49:44', 'd5f1c205-3154-47ee-8124-c7d9354362a0'),
 ('101', '101', 'en_us', 'lga-geo-filter-2x', NULL, '1', '2017-07-26 22:54:59', '2017-08-07 16:49:45', '77e3c2ad-1ac2-4394-9a5f-80a22290fb60'),
 ('102', '102', 'en_us', 'target-ad-2x', NULL, '1', '2017-07-26 22:59:08', '2017-08-07 16:49:45', '4816cc97-4340-49df-977c-123f828b04d2'),
 ('103', '103', 'en_us', 'warby-parker-geo-filter-2x', NULL, '1', '2017-07-26 22:59:11', '2017-08-07 16:49:45', 'd0648850-0dd2-4da6-b400-60ad07c9dd6c'),
 ('104', '104', 'en_us', 'weby-parker-geo-filter-2x', NULL, '1', '2017-07-26 23:01:59', '2017-08-07 16:49:45', '59038851-8ff6-4041-a011-632a56ae3c48'),
 ('105', '105', 'en_us', 'snap-ads-gatorade-phone-screen-2x', NULL, '1', '2017-07-26 23:02:27', '2017-08-07 16:49:45', '4570e22a-2686-4a32-9cd7-72e536a3c374'),
 ('106', '106', 'en_us', 'snap-ads-under-armour-phone-screen-2x', NULL, '1', '2017-07-26 23:02:28', '2017-08-07 16:49:45', 'f4d6f3b0-a136-44a0-9272-6df121388dbf'),
 ('107', '107', 'en_us', '', NULL, '1', '2017-07-26 23:03:48', '2017-08-07 21:49:06', '70ec214a-bb55-4bfa-97e8-2fe344cc74af'),
 ('108', '108', 'en_us', '', NULL, '1', '2017-07-26 23:03:48', '2017-08-07 21:49:06', '2116f6fb-febb-4531-b4db-c00f8c1bd42e'),
 ('110', '110', 'en_us', '', NULL, '1', '2017-07-26 23:03:48', '2017-08-07 21:49:06', '4936e01b-c5ee-4114-825d-5f18ae5651e8'),
 ('118', '118', 'en_us', '', NULL, '1', '2017-07-26 23:03:48', '2017-08-07 21:49:07', '41604ce6-e969-43c5-bbff-846b228ad7cf'),
 ('119', '119', 'en_us', '', NULL, '1', '2017-07-26 23:03:48', '2017-08-07 21:49:07', '6a0aa390-a18b-4e56-933e-a32d945b3b3c'),
 ('124', '124', 'en_us', '', NULL, '1', '2017-07-26 23:03:48', '2017-08-07 21:49:07', '3c0348e8-1b94-4350-8e63-ef2022137444'),
 ('128', '128', 'en_us', '', NULL, '1', '2017-07-26 23:03:48', '2017-08-07 21:49:07', 'ee1d7dc1-9907-47fe-ad51-7e5c9b2e51fd'),
 ('129', '129', 'en_us', '', NULL, '1', '2017-07-26 23:03:48', '2017-08-07 21:49:07', 'e695dfdd-da15-4995-a2b8-987ff084a27f'),
 ('132', '132', 'en_us', '', NULL, '1', '2017-07-26 23:03:48', '2017-08-07 21:49:07', '07fc6f1f-c028-4190-b194-50f0b5a2c519'),
 ('136', '136', 'en_us', '', NULL, '1', '2017-07-26 23:03:49', '2017-08-07 21:49:07', '92f11554-6cd6-49d7-9409-b75fef87103d'),
 ('137', '137', 'en_us', '', NULL, '1', '2017-07-26 23:03:49', '2017-08-07 21:49:07', '7dda3e2d-1a51-4726-be56-be42db78c64b'),
 ('140', '140', 'en_us', '', NULL, '1', '2017-07-26 23:08:57', '2017-08-07 21:49:07', '02e9766b-a282-444b-a94f-7dab88f9a861'),
 ('141', '141', 'en_us', 'chillah-device', NULL, '1', '2017-07-26 23:10:18', '2017-08-07 16:49:45', 'e4586c4b-42d5-4de6-aac6-e86027db6ff3'),
 ('142', '142', 'en_us', 'chillah-heart-eyes', NULL, '1', '2017-07-26 23:10:18', '2017-08-07 16:49:45', '6579e58f-6662-4729-8629-0da56980ed6f'),
 ('143', '143', 'en_us', 'chillah-hearts', NULL, '1', '2017-07-26 23:10:19', '2017-08-07 16:49:45', 'fab52d17-891c-4a49-acda-16326dfb15a5'),
 ('144', '144', 'en_us', '', NULL, '1', '2017-07-26 23:22:13', '2017-08-07 21:49:06', 'c5f87add-dc87-4d9a-8a10-743785972a45'),
 ('145', '145', 'en_us', 'devices-nav-1', NULL, '1', '2017-07-26 23:31:02', '2017-08-07 16:49:45', '34ccdc47-94d6-4182-8a0b-959e598c57ff'),
 ('146', '146', 'en_us', 'devices-nav-2', NULL, '1', '2017-07-26 23:31:02', '2017-08-07 16:49:45', '0238a2c7-27a9-44d0-b812-c707a6ad9ef4'),
 ('147', '147', 'en_us', 'devices-nav-3', NULL, '1', '2017-07-26 23:31:02', '2017-08-07 16:49:45', '61e2a987-032a-403c-84b4-7a5cfdd19ff6'),
 ('148', '148', 'en_us', 'devices-nav-4', NULL, '1', '2017-07-26 23:31:02', '2017-08-07 16:49:45', 'adc5d4aa-fb43-4bc3-a937-201c3a3fcfcb'),
 ('149', '149', 'en_us', 'solutions-device-1', NULL, '1', '2017-07-26 23:31:07', '2017-08-07 16:49:45', '1a7a7070-d05c-4495-8b1c-cf354abdd0f7'),
 ('150', '150', 'en_us', 'solutions-device-2', NULL, '1', '2017-07-26 23:31:10', '2017-08-07 16:49:45', 'c0244eea-0002-4e81-80f1-88d430e73d23'),
 ('151', '151', 'en_us', 'solutions-device-3', NULL, '1', '2017-07-26 23:31:10', '2017-08-07 16:49:45', 'c0f6eec9-bfa9-4a64-b198-c4f9c9a25c9f'),
 ('152', '152', 'en_us', 'solutions-device-4', NULL, '1', '2017-07-26 23:31:11', '2017-08-07 16:49:45', 'ed48af0d-a0c7-4791-872b-0cd2479c92cd'),
 ('153', '153', 'en_us', 'solutions-device-5', NULL, '1', '2017-07-26 23:31:11', '2017-08-07 16:49:45', '7876d546-f391-48a6-b315-fcdf4c329c2d'),
 ('154', '154', 'en_us', 'solutions-device-6', NULL, '1', '2017-07-26 23:31:11', '2017-08-07 16:49:45', 'df6360a7-26f8-494e-811b-ba3786966361'),
 ('155', '155', 'en_us', 'solutions-device-7', NULL, '1', '2017-07-26 23:31:11', '2017-08-07 16:49:45', '69f6e8b8-816c-4b86-9ac4-4bf4d180a079'),
 ('156', '156', 'en_us', 'solutions-device-8', NULL, '1', '2017-07-26 23:31:11', '2017-08-07 16:49:45', 'ed253e8f-3136-4f32-99cd-e925c19b026e'),
 ('157', '157', 'en_us', 'solutions-device-9', NULL, '1', '2017-07-26 23:31:11', '2017-08-07 16:49:45', '715548d7-ac3b-4ec5-8d42-5d1d581e0fba'),
 ('158', '158', 'en_us', 'solutions-device-10', NULL, '1', '2017-07-26 23:31:12', '2017-08-07 16:49:45', 'd40abb3c-950e-454e-84b3-5a33a73e97bc'),
 ('159', '159', 'en_us', 'solutions-device-11', NULL, '1', '2017-07-26 23:31:12', '2017-08-07 16:49:45', '4275d4dd-737f-4711-a09a-91b4efff17f9'),
 ('160', '160', 'en_us', 'solutions-device-12', NULL, '1', '2017-07-26 23:31:12', '2017-08-07 16:49:45', 'ba19a74b-537a-496f-af4b-2d95d850ef69'),
 ('161', '161', 'en_us', 'solutions-device-13', NULL, '1', '2017-07-26 23:31:12', '2017-08-07 16:49:45', '19951487-5781-497c-9316-5ccc860e9c86'),
 ('162', '162', 'en_us', '', NULL, '1', '2017-07-26 23:33:33', '2017-08-07 21:49:07', 'dee723b5-2809-42b4-9ad8-e87cd7b71a3f'),
 ('163', '163', 'en_us', '', NULL, '1', '2017-07-26 23:33:33', '2017-08-07 21:49:07', '269fa33d-8875-411b-9ba3-5760cfe227ca'),
 ('172', '172', 'en_us', 'ad-manager-2x', NULL, '1', '2017-07-27 17:17:05', '2017-08-07 16:49:45', '348177fc-bcbb-47ac-8678-3e036c62b857'),
 ('183', '183', 'en_us', '', NULL, '1', '2017-08-01 20:54:27', '2017-08-03 17:11:59', '90761dc1-e7ab-429c-9057-4f55ef57a58e'),
 ('190', '190', 'en_us', '', NULL, '1', '2017-08-01 22:35:00', '2017-08-03 17:11:59', '72294b14-cd6e-40bd-b798-9123ed6998cc'),
 ('191', '191', 'en_us', '', NULL, '1', '2017-08-01 22:35:00', '2017-08-07 16:49:46', '76fb3a0b-cadf-4cad-95a3-8c6416f88b48'),
 ('194', '194', 'en_us', '', NULL, '1', '2017-08-02 00:32:52', '2017-08-03 17:11:59', 'b8104966-fe56-4965-9c29-af1baefa67f7'),
 ('195', '195', 'en_us', '', NULL, '1', '2017-08-02 00:32:52', '2017-08-07 16:49:46', '650e2762-fb7a-4943-9794-b098761a9297'),
 ('202', '202', 'en_us', '', NULL, '1', '2017-08-03 17:08:09', '2017-08-03 17:11:59', '2c51d4ef-de6b-4040-a6da-a8c2a7e87048'),
 ('206', '206', 'en_us', '', NULL, '1', '2017-08-03 18:46:17', '2017-08-07 21:49:06', '41dade5a-1d74-401a-90bb-1575140fd463'),
 ('207', '207', 'en_us', '', NULL, '1', '2017-08-03 18:50:27', '2017-08-07 21:49:06', 'a950744d-c321-48ec-8604-c33c212770d2'),
 ('208', '208', 'en_us', '', NULL, '1', '2017-08-03 18:50:27', '2017-08-07 21:49:06', '1c5970c2-e7c1-4ab5-99dc-04c345e46190');
INSERT INTO `craft_elements_i18n` (`id`, `elementId`, `locale`, `slug`, `uri`, `enabled`, `dateCreated`, `dateUpdated`, `uid`) VALUES
 ('209', '209', 'en_us', '', NULL, '1', '2017-08-03 18:50:27', '2017-08-07 21:49:06', '11a3024f-0bd9-427c-9a62-375e2a6b6832'),
 ('210', '210', 'en_us', '', NULL, '1', '2017-08-03 18:50:27', '2017-08-07 21:49:07', '2bd0580c-54ed-41a3-99da-ca91e6147896'),
 ('211', '211', 'en_us', '', NULL, '1', '2017-08-03 18:50:27', '2017-08-07 21:49:07', '5b6aee85-474b-471e-ab53-cc27c066061c'),
 ('212', '212', 'en_us', '', NULL, '1', '2017-08-03 19:02:45', '2017-08-07 21:49:07', 'decd3905-02fc-4492-970f-c4283f11a9be'),
 ('213', '213', 'en_us', '', NULL, '1', '2017-08-03 19:02:45', '2017-08-07 21:49:07', '8418ccb8-14c9-4a79-9285-1baf0224f231'),
 ('214', '214', 'en_us', '', NULL, '1', '2017-08-03 19:02:45', '2017-08-07 21:49:07', '4a8b2b4d-49df-4c45-978d-876df0ede0ef'),
 ('215', '215', 'en_us', '', NULL, '1', '2017-08-03 19:02:45', '2017-08-07 21:49:07', '3ac1d2fe-b2f7-46b9-8f9b-4d469e808366'),
 ('216', '216', 'en_us', '', NULL, '1', '2017-08-03 19:02:45', '2017-08-07 21:49:07', '1bb73191-bf5e-4500-930f-8f0596ccf1d6'),
 ('217', '217', 'en_us', '', NULL, '1', '2017-08-03 19:02:45', '2017-08-07 21:49:07', '331b6690-c031-4d2d-bc1e-c2b6df88187f'),
 ('218', '218', 'en_us', '', NULL, '1', '2017-08-03 19:02:45', '2017-08-07 21:49:07', '24e608d5-0860-40cd-a00c-3aec7f13fc91'),
 ('219', '219', 'en_us', '', NULL, '1', '2017-08-03 19:02:45', '2017-08-07 21:49:07', '30a3481b-9867-4fc6-a7b0-73ec41219ca7'),
 ('220', '220', 'en_us', '', NULL, '1', '2017-08-03 19:02:45', '2017-08-07 21:49:07', '8ea55081-3cae-4a7f-81bc-c02d12aeebd4'),
 ('221', '221', 'en_us', '', NULL, '1', '2017-08-03 19:02:45', '2017-08-07 21:49:07', 'af0dbbd6-0f75-4d23-9d0e-dd2d3d96c7af'),
 ('223', '223', 'en_us', '', NULL, '1', '2017-08-03 22:25:09', '2017-08-07 16:49:47', '4693b767-ab81-42a3-be66-12e92bc59c34'),
 ('224', '224', 'en_us', '', NULL, '1', '2017-08-03 22:25:09', '2017-08-07 16:49:46', '87c2569d-31c0-47c9-bbb6-55c41f89037b'),
 ('225', '225', 'en_us', '', NULL, '1', '2017-08-03 22:33:25', '2017-08-07 16:49:46', '7eee6358-0afa-48d7-8d0c-9c07c0e73160'),
 ('226', '226', 'en_us', '', NULL, '1', '2017-08-03 22:33:25', '2017-08-07 16:49:46', '5c054265-c755-46fe-accb-17d0ae55c07b'),
 ('227', '227', 'en_us', '', NULL, '1', '2017-08-03 22:33:25', '2017-08-07 16:49:46', 'f7e47359-a3ce-4bbd-919a-541665d0e02e'),
 ('228', '228', 'en_us', '', NULL, '1', '2017-08-03 22:33:25', '2017-08-07 16:49:47', '1ba15f39-7a86-4271-ba2b-172ba082b071'),
 ('229', '229', 'en_us', '', NULL, '1', '2017-08-03 22:33:25', '2017-08-07 16:49:46', '57f2d6b6-ef6e-4fe3-8596-427bd054c9c6'),
 ('230', '230', 'en_us', '', NULL, '1', '2017-08-03 22:33:25', '2017-08-07 16:49:46', '419ecba3-74be-4d6b-b677-45d72125c601'),
 ('231', '231', 'en_us', '', NULL, '1', '2017-08-03 22:33:25', '2017-08-07 16:49:46', 'c2ce97ac-abdc-4e46-8c91-9c00719994d8'),
 ('232', '232', 'en_us', '', NULL, '1', '2017-08-03 22:33:25', '2017-08-07 16:49:47', '398aa42d-a971-4e20-b8cc-55f589f6ee9b'),
 ('233', '233', 'en_us', '', NULL, '1', '2017-08-03 22:33:25', '2017-08-07 16:49:46', 'dbe809a7-aa2f-436a-8230-3246937973a8'),
 ('234', '234', 'en_us', '', NULL, '1', '2017-08-03 22:33:26', '2017-08-07 16:49:47', '697ece5c-d1b5-48c1-b358-e7ae4788e0f9'),
 ('235', '235', 'en_us', '', NULL, '1', '2017-08-03 22:33:26', '2017-08-07 16:49:47', '0de69bf7-675f-4f6e-96d4-67417a5ccf4f'),
 ('236', '236', 'en_us', '', NULL, '1', '2017-08-03 22:33:26', '2017-08-07 16:49:47', '7c69d73c-b288-4b25-b5d4-580e15a6f424'),
 ('237', '237', 'en_us', '', NULL, '1', '2017-08-03 22:33:26', '2017-08-07 16:49:47', '7e8b4009-ccde-4d18-bee7-5b78a2f9e52e'),
 ('238', '238', 'en_us', '', NULL, '1', '2017-08-03 22:33:26', '2017-08-07 16:49:47', '7f5fdc2b-19f4-4331-b139-0562b5f72dd2'),
 ('239', '239', 'en_us', '', NULL, '1', '2017-08-03 22:33:26', '2017-08-07 16:49:47', '5711c0b4-013d-4dbf-87e5-82171dea7e34'),
 ('240', '240', 'en_us', '', NULL, '1', '2017-08-03 22:33:26', '2017-08-07 16:49:47', 'ad5f6f9c-9a48-4dba-9ae9-c596ca3eab11'),
 ('241', '241', 'en_us', '', NULL, '1', '2017-08-03 22:33:26', '2017-08-07 16:49:47', '2215a065-e011-40ae-a54a-f5b75e45b82a'),
 ('242', '242', 'en_us', '', NULL, '1', '2017-08-03 22:33:26', '2017-08-07 16:49:47', '4b3c6205-6b2e-4d5a-b7be-aac4d08f498a'),
 ('243', '8', 'de_de', 'snap-ad-reporting-1x', NULL, '1', '2017-08-07 16:49:44', '2017-08-07 16:49:44', '32eb4373-3098-434a-ba41-fdff7853526d'),
 ('244', '14', 'de_de', 'homepage-1-1', NULL, '1', '2017-08-07 16:49:44', '2017-08-07 16:49:44', '71e724cc-c930-403d-af62-0470aae38fb5'),
 ('245', '15', 'de_de', 'homepage-1-2', NULL, '1', '2017-08-07 16:49:44', '2017-08-07 16:49:44', 'f2d1bbfc-ada1-4ffc-960c-0701ed910377'),
 ('246', '16', 'de_de', 'homepage-1-3', NULL, '1', '2017-08-07 16:49:44', '2017-08-07 16:49:44', '0e770140-f384-4a55-a2f7-dc2cbf7a856c'),
 ('247', '38', 'de_de', 'filter-reporting-2x', NULL, '1', '2017-08-07 16:49:44', '2017-08-07 16:49:44', 'f7f3090b-551a-4574-983f-58b700c5022a'),
 ('248', '45', 'de_de', 'measurement-reach', NULL, '1', '2017-08-07 16:49:44', '2017-08-07 16:49:44', 'd38d9ba3-7947-46b4-a839-58d2e1cd7b0e'),
 ('249', '46', 'de_de', 'measurement-reaction', NULL, '1', '2017-08-07 16:49:44', '2017-08-07 16:49:44', '288b4ec4-679a-47c1-b978-29805ff5e235'),
 ('250', '47', 'de_de', 'measurement-resonance', NULL, '1', '2017-08-07 16:49:44', '2017-08-07 16:49:44', 'd722bb90-34de-4989-a3ef-e1daed48c71d'),
 ('251', '48', 'de_de', 'measurement-snap-to', NULL, '1', '2017-08-07 16:49:44', '2017-08-07 16:49:44', 'db2bd845-6e11-401b-b5c8-ff8fd4f1133a'),
 ('252', '49', 'de_de', 'measurement-verification', NULL, '1', '2017-08-07 16:49:44', '2017-08-07 16:49:44', '8ded8460-a2fb-4147-8f69-63055d385a1e'),
 ('253', '50', 'de_de', 'measurement-viewability', NULL, '1', '2017-08-07 16:49:44', '2017-08-07 16:49:44', '299ba150-ae09-4033-b234-52a8bae46bd3'),
 ('254', '61', 'de_de', 'snap-to-store-clock-2x', NULL, '1', '2017-08-07 16:49:44', '2017-08-07 16:49:44', 'f607e783-10e4-42a4-add9-f7b3a971a641'),
 ('255', '68', 'de_de', 'snap-to-store-chillahs-2x', NULL, '1', '2017-08-07 16:49:44', '2017-08-07 16:49:44', '23b4c921-aec1-4df5-8c86-3cf4f611ca9d'),
 ('256', '76', 'de_de', 'adjust-2x', NULL, '1', '2017-08-07 16:49:44', '2017-08-07 16:49:44', '4022ff1d-97ea-4d1f-933b-1b710f3be1dd'),
 ('257', '77', 'de_de', 'appsflyer-2x', NULL, '1', '2017-08-07 16:49:44', '2017-08-07 16:49:44', '4ff8d28a-d302-465b-83c4-45ac4827d1ed'),
 ('258', '78', 'de_de', 'doubleclick-2x', NULL, '1', '2017-08-07 16:49:44', '2017-08-07 16:49:44', '899c3151-82dc-445d-855a-05d49ea707b9'),
 ('259', '79', 'de_de', 'innovid-2x', NULL, '1', '2017-08-07 16:49:44', '2017-08-07 16:49:44', 'dac4b805-4750-4195-8e72-e59f694e57c8'),
 ('260', '80', 'de_de', 'kochava-2x', NULL, '1', '2017-08-07 16:49:44', '2017-08-07 16:49:44', 'fcf9732a-24f4-4749-8b4f-9598772ff38d'),
 ('261', '81', 'de_de', 'liveramp-2x', NULL, '1', '2017-08-07 16:49:44', '2017-08-07 16:49:44', '4aceffe1-024d-498d-8f3d-1efb1659ccbb'),
 ('262', '82', 'de_de', 'millwardbrown-2x', NULL, '1', '2017-08-07 16:49:44', '2017-08-07 16:49:44', '287f6d7b-f3ec-49b1-a6cf-d4c50cb53e06'),
 ('263', '83', 'de_de', 'moat-2x', NULL, '1', '2017-08-07 16:49:44', '2017-08-07 16:49:44', '7c9b203a-4afc-4666-b02e-65389dcfcea1'),
 ('264', '84', 'de_de', 'neustar-2x', NULL, '1', '2017-08-07 16:49:44', '2017-08-07 16:49:44', '96da4b2f-acfc-49cd-81fb-3371a8a5efe7'),
 ('265', '85', 'de_de', 'nielsen-2x', NULL, '1', '2017-08-07 16:49:44', '2017-08-07 16:49:44', '4f98206e-aee4-4c29-ad7c-b22577664e95'),
 ('266', '86', 'de_de', 'oracle-2x', NULL, '1', '2017-08-07 16:49:44', '2017-08-07 16:49:44', 'e5575574-0212-4ed3-8227-bb8d960562f1'),
 ('267', '87', 'de_de', 'placed-2x', NULL, '1', '2017-08-07 16:49:44', '2017-08-07 16:49:44', '9395278c-443f-4f52-a595-242d1762e085'),
 ('268', '88', 'de_de', 'singular-2x', NULL, '1', '2017-08-07 16:49:44', '2017-08-07 16:49:44', 'fd40b244-369f-4273-bcd8-ce3978693f3b'),
 ('269', '89', 'de_de', 'sizmek-2x', NULL, '1', '2017-08-07 16:49:44', '2017-08-07 16:49:44', 'cad8b1d1-1db6-4a9f-8dd5-1134f1cbb05c'),
 ('270', '90', 'de_de', 'tune-2x', NULL, '1', '2017-08-07 16:49:44', '2017-08-07 16:49:44', '1e5f797b-a33e-44c4-95e5-9907ed32d261'),
 ('271', '97', 'de_de', 'ic-success-logo-abinbev-2x', NULL, '1', '2017-08-07 16:49:44', '2017-08-07 16:49:44', 'e13372fb-26db-4e1f-965e-87e87160d5c9'),
 ('272', '99', 'de_de', 'geofilter-phil-phone-screen-2x', NULL, '1', '2017-08-07 16:49:44', '2017-08-07 16:49:44', 'badf4838-36ac-4561-8520-93438671ddf7'),
 ('273', '100', 'de_de', 'postmates-drive-action-2x', NULL, '1', '2017-08-07 16:49:45', '2017-08-07 16:49:45', '777192be-9c84-4660-a045-4f77d7d0d9d2'),
 ('274', '101', 'de_de', 'lga-geo-filter-2x', NULL, '1', '2017-08-07 16:49:45', '2017-08-07 16:49:45', '68dca76a-8ef2-4b2f-9225-a82eadd44f9a'),
 ('275', '102', 'de_de', 'target-ad-2x', NULL, '1', '2017-08-07 16:49:45', '2017-08-07 16:49:45', 'abbadfd0-58b6-4d7f-b9e1-5336fbdbc012'),
 ('276', '103', 'de_de', 'warby-parker-geo-filter-2x', NULL, '1', '2017-08-07 16:49:45', '2017-08-07 16:49:45', '092f04ac-af71-4738-ab66-a8fee7f2d811'),
 ('277', '104', 'de_de', 'weby-parker-geo-filter-2x', NULL, '1', '2017-08-07 16:49:45', '2017-08-07 16:49:45', 'e6025476-4b0d-4520-afe6-408b74006fb8'),
 ('278', '105', 'de_de', 'snap-ads-gatorade-phone-screen-2x', NULL, '1', '2017-08-07 16:49:45', '2017-08-07 16:49:45', 'b07aaf87-560b-483b-91e0-06aa8a839a71'),
 ('279', '106', 'de_de', 'snap-ads-under-armour-phone-screen-2x', NULL, '1', '2017-08-07 16:49:45', '2017-08-07 16:49:45', '3547c2c4-b23f-4e74-bcb7-31d955990699'),
 ('280', '141', 'de_de', 'chillah-device', NULL, '1', '2017-08-07 16:49:45', '2017-08-07 16:49:45', '866aa7d4-4968-4a88-b073-fd0dcc8d3d99'),
 ('281', '142', 'de_de', 'chillah-heart-eyes', NULL, '1', '2017-08-07 16:49:45', '2017-08-07 16:49:45', 'e221a22f-da11-45ee-94be-e81e21f9f23b'),
 ('282', '143', 'de_de', 'chillah-hearts', NULL, '1', '2017-08-07 16:49:45', '2017-08-07 16:49:45', '3839bb36-3bbd-46b8-9c3b-65d3e7e81734'),
 ('283', '145', 'de_de', 'devices-nav-1', NULL, '1', '2017-08-07 16:49:45', '2017-08-07 16:49:45', '090e32a7-0c62-4140-8761-e7cac55c7327'),
 ('284', '146', 'de_de', 'devices-nav-2', NULL, '1', '2017-08-07 16:49:45', '2017-08-07 16:49:45', '4db5132e-693b-4e0f-a54a-563779afcdeb'),
 ('285', '147', 'de_de', 'devices-nav-3', NULL, '1', '2017-08-07 16:49:45', '2017-08-07 16:49:45', '5f0328c5-524a-476b-a995-189129b37681'),
 ('286', '148', 'de_de', 'devices-nav-4', NULL, '1', '2017-08-07 16:49:45', '2017-08-07 16:49:45', 'ac214168-064b-4b6d-ba08-67d7e85a9cc4'),
 ('287', '149', 'de_de', 'solutions-device-1', NULL, '1', '2017-08-07 16:49:45', '2017-08-07 16:49:45', '377d77f7-62b4-4609-81d3-c119621a1282'),
 ('288', '150', 'de_de', 'solutions-device-2', NULL, '1', '2017-08-07 16:49:45', '2017-08-07 16:49:45', '4557aacb-7e54-4f08-9028-e9b5bbb11760'),
 ('289', '151', 'de_de', 'solutions-device-3', NULL, '1', '2017-08-07 16:49:45', '2017-08-07 16:49:45', 'db4c1aa4-80c8-4189-a9aa-dce52b694fa7'),
 ('290', '152', 'de_de', 'solutions-device-4', NULL, '1', '2017-08-07 16:49:45', '2017-08-07 16:49:45', '63ff91cf-dd51-4e38-a547-a64f6e0c64fc'),
 ('291', '153', 'de_de', 'solutions-device-5', NULL, '1', '2017-08-07 16:49:45', '2017-08-07 16:49:45', 'e65802c2-9d5f-47c2-9df7-7f099b6ef1c5'),
 ('292', '154', 'de_de', 'solutions-device-6', NULL, '1', '2017-08-07 16:49:45', '2017-08-07 16:49:45', '81d9b681-d4c7-49a2-9cc8-b7ce612e4ee5'),
 ('293', '155', 'de_de', 'solutions-device-7', NULL, '1', '2017-08-07 16:49:45', '2017-08-07 16:49:45', 'ef3b7363-ec32-4d19-bd59-01570e95be36'),
 ('294', '156', 'de_de', 'solutions-device-8', NULL, '1', '2017-08-07 16:49:45', '2017-08-07 16:49:45', '6cf1e682-5895-4de5-9fd0-869a048973cc'),
 ('295', '157', 'de_de', 'solutions-device-9', NULL, '1', '2017-08-07 16:49:45', '2017-08-07 16:49:45', 'e28de1b7-d005-40b1-bac5-372f03407256'),
 ('296', '158', 'de_de', 'solutions-device-10', NULL, '1', '2017-08-07 16:49:45', '2017-08-07 16:49:45', 'd11660b5-2f87-45d6-9e83-ec8681d2faf9'),
 ('297', '159', 'de_de', 'solutions-device-11', NULL, '1', '2017-08-07 16:49:45', '2017-08-07 16:49:45', 'd183c0ce-33fa-40b9-8661-6e112ae0b712'),
 ('298', '160', 'de_de', 'solutions-device-12', NULL, '1', '2017-08-07 16:49:45', '2017-08-07 16:49:45', '5703969f-605a-46f5-9a10-f7f4d6db342c'),
 ('299', '161', 'de_de', 'solutions-device-13', NULL, '1', '2017-08-07 16:49:45', '2017-08-07 16:49:45', '26d73268-130e-45f7-82b3-7217fa7dd58e'),
 ('300', '172', 'de_de', 'ad-manager-2x', NULL, '1', '2017-08-07 16:49:45', '2017-08-07 16:49:45', '393214af-6fcf-4ff4-9fb0-6d3cb7a4069d'),
 ('301', '98', 'de_de', 'solutions', 'solutions', '1', '2017-08-07 16:50:23', '2017-08-07 21:49:06', '31fe87fc-a761-4e00-b3cc-6f22f4388623'),
 ('302', '243', 'en_us', 'awareness', NULL, '1', '2017-08-07 17:26:03', '2017-08-07 17:26:03', 'fed6a022-396a-4d77-b026-5362e968d87a'),
 ('303', '243', 'de_de', 'awareness', NULL, '1', '2017-08-07 17:26:03', '2017-08-07 17:26:03', 'b1666396-2b76-4bff-acec-af7453caf0ad'),
 ('304', '244', 'en_us', 'consideration', NULL, '1', '2017-08-07 17:26:14', '2017-08-07 17:26:14', '5a846af2-a65d-41c2-bc4e-884a58b9906b'),
 ('305', '244', 'de_de', 'consideration', NULL, '1', '2017-08-07 17:26:14', '2017-08-07 17:26:14', '74a3f79d-a1ce-4055-8f3b-b6fd3beaf114'),
 ('306', '245', 'en_us', 'action', NULL, '1', '2017-08-07 17:26:23', '2017-08-07 18:06:51', 'a2d5f158-11ed-4009-ae34-b3cadfea78fe'),
 ('307', '245', 'de_de', 'action', NULL, '1', '2017-08-07 17:26:23', '2017-08-07 18:06:51', '6226f27d-a372-4e6b-899c-5e6848827ef5'),
 ('308', '246', 'en_us', 'consumer-goods', NULL, '1', '2017-08-07 17:26:39', '2017-08-07 17:26:40', '4f953066-f28e-44e0-8809-979987bcae94'),
 ('309', '246', 'de_de', 'consumer-goods', NULL, '1', '2017-08-07 17:26:39', '2017-08-07 17:26:40', '91c07b37-4dec-4da6-b117-2b25acb88e8a');
INSERT INTO `craft_elements_i18n` (`id`, `elementId`, `locale`, `slug`, `uri`, `enabled`, `dateCreated`, `dateUpdated`, `uid`) VALUES
 ('310', '247', 'en_us', 'restaurants', NULL, '1', '2017-08-07 17:26:50', '2017-08-07 17:26:51', 'faefb6f7-2ec9-4638-948c-3ef502c988fd'),
 ('311', '247', 'de_de', 'restaurants', NULL, '1', '2017-08-07 17:26:50', '2017-08-07 17:26:51', '0fc23515-d332-4d5c-989f-7b20e2c15bdf'),
 ('312', '248', 'en_us', 'retail', NULL, '1', '2017-08-07 17:26:55', '2017-08-07 17:26:55', '5fce4ed5-f7de-4d9e-8ab2-3161918f69ad'),
 ('313', '248', 'de_de', 'retail', NULL, '1', '2017-08-07 17:26:55', '2017-08-07 17:26:55', 'e448312b-b0b0-4031-a87d-133902323853'),
 ('314', '249', 'en_us', 'technology', NULL, '1', '2017-08-07 17:27:08', '2017-08-07 17:27:09', '2639f88b-2238-4eff-a123-920ef538c562'),
 ('315', '249', 'de_de', 'technology', NULL, '1', '2017-08-07 17:27:08', '2017-08-07 17:27:09', '5ed3c6fd-ce69-48a1-afa8-dae3ae2b929b'),
 ('316', '250', 'en_us', 'telecom', NULL, '1', '2017-08-07 17:27:17', '2017-08-07 17:27:18', 'e68e522c-f883-4f2b-bbf5-8144adfe3451'),
 ('317', '250', 'de_de', 'telecom', NULL, '1', '2017-08-07 17:27:17', '2017-08-07 17:27:18', 'e5c7eb2b-ecd6-4122-8ff9-32d4f08971ac'),
 ('318', '251', 'en_us', 'travel', NULL, '1', '2017-08-07 17:27:33', '2017-08-07 17:27:33', 'f2c55e54-0df0-4643-bc35-ace6616d63d4'),
 ('319', '251', 'de_de', 'travel', NULL, '1', '2017-08-07 17:27:33', '2017-08-07 17:27:33', '0830343a-b56e-4d95-b32d-fc7250e01da3'),
 ('320', '252', 'en_us', 'financial-services', NULL, '1', '2017-08-07 17:27:40', '2017-08-07 18:06:11', '2588cb97-51dd-4e22-9232-46be85f53c52'),
 ('321', '252', 'de_de', 'financial-services', NULL, '1', '2017-08-07 17:27:40', '2017-08-07 18:06:11', '9560c1ba-1c0e-40a5-835e-17a7b52349b5'),
 ('322', '253', 'en_us', 'media-entertainment', NULL, '1', '2017-08-07 17:28:00', '2017-08-07 18:06:14', '5ba93b4e-6ad1-43f2-8635-b5f29e455c3f'),
 ('323', '253', 'de_de', 'media-entertainment', NULL, '1', '2017-08-07 17:28:00', '2017-08-07 18:06:14', 'fd54b3e7-d982-4c87-a9f9-79f9258c2f4d'),
 ('324', '254', 'en_us', 'gaming', NULL, '1', '2017-08-07 17:28:10', '2017-08-07 18:06:16', '53d57731-5f6d-4a3b-9248-fe0e942ed7c9'),
 ('325', '254', 'de_de', 'gaming', NULL, '1', '2017-08-07 17:28:10', '2017-08-07 18:06:16', '780aa91a-da7c-4775-b30d-0ab9264d461c'),
 ('326', '255', 'en_us', 'other', NULL, '1', '2017-08-07 17:28:14', '2017-08-07 17:28:14', '59fc88ae-6f3a-4826-b920-f39ee1db416c'),
 ('327', '255', 'de_de', 'other', NULL, '1', '2017-08-07 17:28:14', '2017-08-07 17:28:14', '477018b9-f18b-4636-8902-1a37b4a8b4ed'),
 ('328', '256', 'en_us', 'snap-ads', NULL, '1', '2017-08-07 17:31:09', '2017-08-07 17:31:10', '496f3d9a-4506-4d0f-a234-6f14a50a6dcf'),
 ('329', '256', 'de_de', 'snap-ads', NULL, '1', '2017-08-07 17:31:09', '2017-08-07 17:31:10', '60a9322c-9c74-4020-83c7-bfb82373a0ff'),
 ('330', '257', 'en_us', 'filters', NULL, '1', '2017-08-07 17:31:22', '2017-08-07 17:31:23', '0fbd0635-41d0-4754-acc1-6ff1db4ff06d'),
 ('331', '257', 'de_de', 'filters', NULL, '1', '2017-08-07 17:31:22', '2017-08-07 17:31:23', 'd79d264e-690b-4208-8399-967199e70c46'),
 ('332', '258', 'en_us', 'lenses', NULL, '1', '2017-08-07 17:31:27', '2017-08-07 17:31:27', 'e2328b79-0ef3-4b72-afdf-b5976fa3f30e'),
 ('333', '258', 'de_de', 'lenses', NULL, '1', '2017-08-07 17:31:27', '2017-08-07 17:31:27', '98d605ba-718a-4d42-8b8d-32074e896159'),
 ('334', '259', 'en_us', 'success-stories-page', 'success-stories', '1', '2017-08-07 17:58:03', '2017-08-07 21:25:47', 'ee33f777-4771-432e-b2bc-19f10a4a62e0'),
 ('335', '259', 'de_de', 'success-stories-page', 'success-stories', '1', '2017-08-07 17:58:03', '2017-08-07 21:25:47', '2391bb4d-087a-4fa4-99e4-670eaba1edd7'),
 ('340', '33', 'de_de', 'ab-inbev', NULL, '1', '2017-08-07 18:41:56', '2017-08-07 21:25:36', 'aefd49b7-7827-4990-b5f2-eb947e793b14'),
 ('343', '3', 'de_de', 'we-just-installed-craft', 'blog/we-just-installed-craft', '1', '2017-08-07 18:42:15', '2017-08-07 21:26:51', 'd40dc3b6-4c9d-4fd7-b500-3b47f176d1d0'),
 ('344', '262', 'en_us', '', NULL, '1', '2017-08-07 21:07:07', '2017-08-09 20:50:50', '620b8360-65f5-4b66-881a-6f6eb52534df'),
 ('345', '262', 'de_de', '', NULL, '1', '2017-08-07 21:07:07', '2017-08-09 20:50:50', 'd388d999-f2fe-46c5-95f5-6bc1b974a8f6'),
 ('346', '263', 'en_us', '', NULL, '1', '2017-08-07 21:07:30', '2017-08-09 20:57:20', 'dac11c31-be6c-41b3-8af0-a8ef37e59ca3'),
 ('347', '263', 'de_de', '', NULL, '1', '2017-08-07 21:07:30', '2017-08-09 20:57:20', '90a640e9-55cd-44f3-9365-08740268b995'),
 ('348', '264', 'en_us', 'blog', 'blog', '1', '2017-08-07 21:28:57', '2017-08-07 21:30:59', '6ef10fdf-046c-45b4-9b5f-3913d162a891'),
 ('349', '264', 'de_de', 'blog', 'blog', '1', '2017-08-07 21:28:57', '2017-08-07 21:30:59', '3d2750a3-5a11-4657-8b27-a444c944f608'),
 ('352', '266', 'en_us', 'insights', NULL, '1', '2017-08-07 21:31:59', '2017-08-07 21:32:00', 'df6cc25d-c72a-46d1-84fe-e1ff73f14b3a'),
 ('353', '266', 'de_de', 'insights', NULL, '1', '2017-08-07 21:31:59', '2017-08-07 21:32:00', 'c52d5f57-5d4d-4364-b44b-9324bdc2315f'),
 ('354', '267', 'en_us', 'announcements', NULL, '1', '2017-08-07 21:32:21', '2017-08-07 21:32:22', 'bba54527-68e7-4c62-bddf-c4a303926e21'),
 ('355', '267', 'de_de', 'announcements', NULL, '1', '2017-08-07 21:32:21', '2017-08-07 21:32:22', '3bc5363e-6f48-4c59-a1f4-2c8e40611c9e'),
 ('356', '268', 'en_us', '', NULL, '1', '2017-08-07 21:48:31', '2017-08-09 20:50:50', '9d36b851-7745-4f22-8191-51775594f96d'),
 ('357', '269', 'en_us', '', NULL, '1', '2017-08-07 21:48:31', '2017-08-09 20:50:51', '9732a11e-e9e8-4197-a98f-ef7c972f2ce3'),
 ('358', '270', 'en_us', 'home', '__home__', '1', '2017-08-07 22:23:24', '2017-08-07 22:29:30', 'eb27c573-5850-41ae-ba02-112e226745b9'),
 ('359', '270', 'de_de', 'home', '__home__', '1', '2017-08-07 22:23:24', '2017-08-07 22:29:30', '97158556-5c3b-4562-bcf2-1830a5625ea7'),
 ('362', '272', 'en_us', '', NULL, '1', '2017-08-07 23:13:17', '2017-08-09 20:57:20', 'f3670643-7da9-4dec-bcf0-ca4e76c8621c'),
 ('363', '273', 'en_us', '', NULL, '1', '2017-08-07 23:13:17', '2017-08-09 20:57:20', '0cc10dea-0319-44ee-ad70-73509de67fd8'),
 ('364', '274', 'en_us', '', NULL, '1', '2017-08-07 23:13:17', '2017-08-09 20:57:20', '602e5561-f410-4bcd-8708-ccf866f9557f'),
 ('365', '275', 'en_us', '', NULL, '1', '2017-08-07 23:13:17', '2017-08-07 23:39:40', 'c5be089b-0462-4c7c-9345-0d09d80830f6'),
 ('366', '276', 'en_us', '', NULL, '1', '2017-08-07 23:13:17', '2017-08-07 23:39:40', '06707bed-6dcc-4e80-ab83-c0ffc2368a82'),
 ('367', '277', 'en_us', '', NULL, '1', '2017-08-07 23:39:40', '2017-08-09 20:57:20', '6a20200e-5f7b-48fc-a24a-2c5fd981278d'),
 ('368', '278', 'en_us', '', NULL, '1', '2017-08-07 23:39:40', '2017-08-09 20:57:20', 'b3110a0d-140b-41d5-a44b-6a935ca575f8'),
 ('369', '279', 'en_us', '', NULL, '1', '2017-08-07 23:39:40', '2017-08-09 20:57:20', '9644164e-de00-497b-8d7b-37177d6eadc3'),
 ('370', '280', 'en_us', '', NULL, '1', '2017-08-07 23:39:40', '2017-08-09 20:57:20', '152643cc-fc93-4eed-a763-130ee95bc17c'),
 ('372', '282', 'en_us', '', NULL, '1', '2017-08-07 23:46:45', '2017-08-09 20:50:51', '282e501f-1eb5-4e54-af67-0a3d0636b3d6'),
 ('373', '283', 'en_us', '', NULL, '1', '2017-08-08 17:41:58', '2017-08-08 17:46:47', '46c442cf-4e93-42ec-af6f-91dac25e6852'),
 ('374', '283', 'de_de', '', NULL, '1', '2017-08-08 17:41:58', '2017-08-08 17:46:47', 'c4138c31-db97-4f87-8dc0-4ed0df25cd24'),
 ('375', '284', 'en_us', '', NULL, '1', '2017-08-08 17:46:27', '2017-08-08 17:46:47', 'dfd12b76-aef6-4a24-abe7-899664398c31'),
 ('376', '285', 'en_us', '', NULL, '1', '2017-08-08 17:46:27', '2017-08-08 17:46:47', '7d857bd8-4276-47b7-9438-13268112b22c'),
 ('379', '287', 'en_us', '', NULL, '1', '2017-08-09 17:45:23', '2017-08-09 17:51:39', '3b62090d-4f45-421b-9212-bb8c3909c3b2'),
 ('380', '287', 'de_de', '', NULL, '1', '2017-08-09 17:45:23', '2017-08-09 17:51:39', 'b46ecdc6-0f97-4035-92f6-96cc44d2162d'),
 ('381', '288', 'en_us', '404-chillah', NULL, '1', '2017-08-09 17:51:02', '2017-08-09 17:51:02', 'fd133d28-58e9-4080-8ed6-b5512efdd358'),
 ('382', '288', 'de_de', '404-chillah', NULL, '1', '2017-08-09 17:51:02', '2017-08-09 17:51:02', '5b668780-acb2-41ff-86f9-5d4963755546'),
 ('383', '289', 'en_us', 'ad-tools', 'ad-tools', '1', '2017-08-09 20:37:54', '2017-08-09 20:38:36', '32c8d635-c668-430a-9cc2-56000ec2c50a'),
 ('384', '289', 'de_de', 'ad-tools', 'ad-tools', '1', '2017-08-09 20:37:54', '2017-08-09 20:38:36', '5df8a6fc-ae45-4350-b8b9-591fc0809cd9'),
 ('385', '290', 'en_us', 'audiences', 'audiences', '1', '2017-08-09 20:38:27', '2017-08-09 20:38:46', '51beb91a-f1dd-4be6-8565-99d1d0c4cd8e'),
 ('386', '290', 'de_de', 'audiences', 'audiences', '1', '2017-08-09 20:38:27', '2017-08-09 20:38:46', '60743342-b3ed-482c-94e4-67a954195bc3'),
 ('387', '291', 'en_us', 'measurement', 'measurement', '1', '2017-08-09 20:39:06', '2017-08-09 20:39:06', 'addb2828-5930-4e6e-9f1d-06a13d89efc4'),
 ('388', '291', 'de_de', 'measurement', 'measurement', '1', '2017-08-09 20:39:06', '2017-08-09 20:39:06', '15f53033-4438-44ab-a988-d8fdcb147c43'),
 ('389', '292', 'en_us', 'get-started', 'get-started', '1', '2017-08-09 20:41:34', '2017-08-09 20:41:35', 'c9c8c2ee-3fda-4d99-8298-4c860e125e2e'),
 ('390', '292', 'de_de', 'get-started', 'get-started', '1', '2017-08-09 20:41:34', '2017-08-09 20:41:35', '9d60d638-5d2d-447e-a8f2-fc7fec61d483'),
 ('391', '293', 'en_us', '', NULL, '1', '2017-08-09 20:50:51', '2017-08-09 20:50:51', 'e28bb012-6de8-4054-a6c6-27edef60cc0f'),
 ('392', '294', 'en_us', '', NULL, '1', '2017-08-09 20:50:51', '2017-08-09 20:50:51', 'e2a67d3f-645d-4661-a275-9ef2531249e0'),
 ('393', '295', 'en_us', '', NULL, '1', '2017-08-09 20:50:51', '2017-08-09 20:50:51', '9443d96b-16c8-4189-a487-fdc1ddc01632'),
 ('394', '296', 'en_us', '', NULL, '1', '2017-08-09 20:50:51', '2017-08-09 20:50:51', 'b7fd8617-1e35-4727-8f08-2d439e59c88e'),
 ('395', '297', 'en_us', '', NULL, '1', '2017-08-09 20:50:51', '2017-08-09 20:50:51', '753f161c-4adc-4e30-b656-04969ecf35c7'),
 ('396', '298', 'en_us', '', NULL, '1', '2017-08-09 20:50:51', '2017-08-09 20:50:51', '7c54face-3994-406d-b834-17c1431d0fd7'),
 ('397', '299', 'en_us', '', NULL, '1', '2017-08-09 20:57:20', '2017-08-09 20:57:20', '3bdb506b-cdeb-4c10-821b-0815ce3b52e6'),
 ('398', '300', 'en_us', '', NULL, '1', '2017-08-09 20:57:20', '2017-08-09 20:57:20', '437a1ec4-0675-4555-bc72-079b80159d88'),
 ('399', '301', 'en_us', '', NULL, '1', '2017-08-09 20:57:20', '2017-08-09 20:57:20', '5f68c7f8-73ac-44f1-90fb-332ac42ecde6'),
 ('400', '302', 'en_us', '', NULL, '1', '2017-08-09 20:57:20', '2017-08-09 20:57:20', '3fac293a-cb46-459e-b981-3c65176c1f19'),
 ('401', '303', 'en_us', '', NULL, '1', '2017-08-09 20:57:20', '2017-08-09 20:57:20', 'dab47d7f-804f-4e2d-9650-272bc34f148e'),
 ('402', '304', 'en_us', '', NULL, '1', '2017-08-09 20:57:20', '2017-08-09 20:57:20', '2d25775a-c695-45cb-a77a-cc12deda21a5'),
 ('403', '305', 'en_us', '', NULL, '1', '2017-08-09 20:57:20', '2017-08-09 20:57:20', '9a52c64e-5ee0-4d08-8416-7dfad8f0fa29'),
 ('404', '306', 'en_us', '', NULL, '1', '2017-08-09 20:57:20', '2017-08-09 20:57:20', '3a4fc7c8-2a1d-4a74-9be0-ff9bb5c6ef83'),
 ('405', '307', 'en_us', '', NULL, '1', '2017-08-09 20:57:20', '2017-08-09 20:57:20', '99b3bc47-b319-45bb-a95f-ade38d976146'),
 ('406', '308', 'en_us', '', NULL, '1', '2017-08-09 20:57:20', '2017-08-09 20:57:20', '04da5930-47e2-45ce-b06f-fca343108e4c'),
 ('407', '309', 'en_us', '', NULL, '1', '2017-08-09 20:57:20', '2017-08-09 20:57:20', 'ff77171c-c046-474a-bfe6-97557aae1423'),
 ('408', '310', 'en_us', '', NULL, '1', '2017-08-09 20:57:20', '2017-08-09 20:57:20', 'cecfaf51-b640-4cb1-8d9a-a2140a2b95d5'),
 ('409', '311', 'en_us', '', NULL, '1', '2017-08-09 20:57:20', '2017-08-09 20:57:20', '9b96e47b-face-44e2-8ea9-692cba173140'),
 ('410', '312', 'en_us', '', NULL, '1', '2017-08-09 20:57:20', '2017-08-09 20:57:20', 'f8f77aa7-bdb0-4b91-9227-35774ca566d4'),
 ('411', '313', 'en_us', '', NULL, '1', '2017-08-09 20:57:20', '2017-08-09 20:57:20', '403d440e-0fa2-4efe-9be8-51bc2b9d43b5'),
 ('412', '314', 'en_us', 'one-with-everything', 'one-with-everything', '1', '2017-08-10 22:00:29', '2017-08-10 23:07:51', '4867f377-683d-4cc5-bf32-eb47351339f1'),
 ('413', '314', 'de_de', 'one-with-everything', 'one-with-everything', '1', '2017-08-10 22:00:29', '2017-08-10 23:07:51', '6be40652-a177-43ce-976e-660aaf71d45b'),
 ('414', '315', 'en_us', '', NULL, '1', '2017-08-10 22:00:29', '2017-08-10 23:07:51', '127fabac-5f88-4638-bafc-dd0446fa4fd6'),
 ('415', '316', 'en_us', '', NULL, '1', '2017-08-10 22:00:29', '2017-08-10 23:07:51', '0cfb74df-3933-4520-b2b7-b00b4c58d7c0'),
 ('416', '317', 'en_us', '', NULL, '1', '2017-08-10 22:00:29', '2017-08-10 23:07:51', '71734976-d160-43c1-86a1-180ea3733362'),
 ('417', '318', 'en_us', '', NULL, '1', '2017-08-10 22:00:29', '2017-08-10 23:07:51', 'abbd2274-a0e9-4b44-9148-ac1b8fcfe552'),
 ('418', '319', 'en_us', '', NULL, '1', '2017-08-10 22:00:29', '2017-08-10 23:07:51', '99e5f30c-1178-4519-9f1b-1fcc4af765bf'),
 ('419', '320', 'en_us', '', NULL, '1', '2017-08-10 22:00:29', '2017-08-10 23:07:51', '9c829624-fc2c-4c69-bfb4-77780d5bea75'),
 ('420', '321', 'en_us', '', NULL, '1', '2017-08-10 22:00:29', '2017-08-10 23:07:51', 'ce47ebc8-ac2c-4786-a5e9-eb0ecc0842dc'),
 ('421', '322', 'en_us', '', NULL, '1', '2017-08-10 22:00:29', '2017-08-10 23:07:51', 'f2ea2e04-3c0f-4c5a-833a-0a7c3b374b76'),
 ('422', '323', 'en_us', '', NULL, '1', '2017-08-10 22:00:29', '2017-08-10 23:07:51', 'cd8f573d-3dee-4e51-8b08-144871b6308c');
INSERT INTO `craft_elements_i18n` (`id`, `elementId`, `locale`, `slug`, `uri`, `enabled`, `dateCreated`, `dateUpdated`, `uid`) VALUES
 ('423', '324', 'en_us', '', NULL, '1', '2017-08-10 22:00:29', '2017-08-10 23:07:51', '6770a498-9f09-4a3b-948c-809a282439f5'),
 ('424', '325', 'en_us', '', NULL, '1', '2017-08-10 22:00:29', '2017-08-10 23:07:51', '1906b25f-1ed6-46e3-9ac1-18ac4629d79d'),
 ('425', '326', 'en_us', '', NULL, '1', '2017-08-10 22:00:29', '2017-08-10 23:07:51', '86528b22-175f-4198-a84e-b52316882283'),
 ('426', '327', 'en_us', '', NULL, '1', '2017-08-10 22:00:29', '2017-08-10 23:07:51', 'b7978ccf-692b-4487-9a44-8edda1937a5e'),
 ('427', '328', 'en_us', '', NULL, '1', '2017-08-10 22:11:49', '2017-08-10 23:07:51', '39b501be-22d2-49b7-b8f6-95a1720fee7c'),
 ('428', '329', 'en_us', '', NULL, '1', '2017-08-10 22:11:49', '2017-08-10 23:07:52', '0ff3fbde-5169-4ec1-8fb6-987fb9d5c3c7'),
 ('429', '330', 'en_us', '', NULL, '1', '2017-08-10 22:11:49', '2017-08-10 23:07:52', 'fca96ba4-070a-43e9-99bc-26ca09d83008'),
 ('430', '331', 'en_us', '', NULL, '1', '2017-08-10 22:11:49', '2017-08-10 23:07:52', '2f4ddee6-960d-4345-bc6e-f5207c1775c6'),
 ('431', '332', 'en_us', '', NULL, '1', '2017-08-10 22:11:49', '2017-08-10 23:07:52', '858376a0-b700-4249-a6a5-879d86d92f93'),
 ('432', '333', 'en_us', '', NULL, '1', '2017-08-10 22:11:49', '2017-08-10 23:07:52', '9c28b834-bc57-46f0-955b-35722fc36928'),
 ('433', '334', 'en_us', '', NULL, '1', '2017-08-10 22:11:49', '2017-08-10 23:07:52', '9796f3b0-c58a-47f8-a12e-266e5ae543b4'),
 ('434', '335', 'en_us', '', NULL, '1', '2017-08-10 22:11:49', '2017-08-10 23:07:52', '324d26ec-87f5-4e3e-90a8-1e370b6bcbb3'),
 ('435', '336', 'en_us', '', NULL, '1', '2017-08-10 22:11:49', '2017-08-10 23:07:52', '0a3a7f80-ef3f-49e7-bb72-63c5e189dc88'),
 ('436', '337', 'en_us', '', NULL, '1', '2017-08-10 22:11:49', '2017-08-10 23:07:52', 'a5ce2b44-cc1f-46a7-8a62-c2b45ccce5e7'),
 ('437', '338', 'en_us', '', NULL, '1', '2017-08-10 22:11:49', '2017-08-10 23:07:52', '23b86804-5da9-49a9-ac27-865bac033686'),
 ('438', '339', 'en_us', '', NULL, '1', '2017-08-10 22:11:49', '2017-08-10 23:07:52', 'a689e4cd-93c0-495c-820f-64922d755e7e'),
 ('439', '340', 'en_us', '', NULL, '1', '2017-08-10 22:11:49', '2017-08-10 23:07:52', 'eb0ddea2-6c7c-4c31-8eec-8b663c45829c'),
 ('440', '341', 'en_us', '', NULL, '1', '2017-08-10 22:11:49', '2017-08-10 23:07:52', '98f47f8a-b497-47a1-94e2-9b14c268e736'),
 ('442', '343', 'en_us', '', NULL, '1', '2017-08-10 22:14:42', '2017-08-10 23:07:52', 'c7f95f1b-2d07-45ed-8b3f-2963be35fb15');



DROP TABLE IF EXISTS `craft_emailmessages`;


--
-- Schema for table `craft_emailmessages`
--
CREATE TABLE `craft_emailmessages` (
  `id` int(11) NOT NULL AUTO_INCREMENT,
  `key` char(150) COLLATE utf8_unicode_ci NOT NULL,
  `locale` char(12) COLLATE utf8_unicode_ci NOT NULL,
  `subject` varchar(1000) COLLATE utf8_unicode_ci NOT NULL,
  `body` text COLLATE utf8_unicode_ci NOT NULL,
  `dateCreated` datetime NOT NULL,
  `dateUpdated` datetime NOT NULL,
  `uid` char(36) COLLATE utf8_unicode_ci NOT NULL DEFAULT '0',
  PRIMARY KEY (`id`),
  UNIQUE KEY `craft_emailmessages_key_locale_unq_idx` (`key`,`locale`),
  KEY `craft_emailmessages_locale_fk` (`locale`)
) ENGINE=InnoDB DEFAULT CHARSET=utf8 COLLATE=utf8_unicode_ci;

DROP TABLE IF EXISTS `craft_entries`;


--
-- Schema for table `craft_entries`
--
CREATE TABLE `craft_entries` (
  `id` int(11) NOT NULL,
  `sectionId` int(11) NOT NULL,
  `typeId` int(11) DEFAULT NULL,
  `authorId` int(11) DEFAULT NULL,
  `postDate` datetime DEFAULT NULL,
  `expiryDate` datetime DEFAULT NULL,
  `dateCreated` datetime NOT NULL,
  `dateUpdated` datetime NOT NULL,
  `uid` char(36) COLLATE utf8_unicode_ci NOT NULL DEFAULT '0',
  PRIMARY KEY (`id`),
  KEY `craft_entries_sectionId_idx` (`sectionId`),
  KEY `craft_entries_typeId_idx` (`typeId`),
  KEY `craft_entries_postDate_idx` (`postDate`),
  KEY `craft_entries_expiryDate_idx` (`expiryDate`),
  KEY `craft_entries_authorId_fk` (`authorId`)
) ENGINE=InnoDB DEFAULT CHARSET=utf8 COLLATE=utf8_unicode_ci;

--
-- Data for table `craft_entries`
--

INSERT INTO `craft_entries` (`id`, `sectionId`, `typeId`, `authorId`, `postDate`, `expiryDate`, `dateCreated`, `dateUpdated`, `uid`) VALUES
 ('3', '2', '2', '1', '2017-07-20 17:27:59', NULL, '2017-07-20 17:27:59', '2017-07-20 17:27:59', '467d7fb4-fb0c-4004-9e5a-b822a549e763'),
 ('33', '4', '4', '1', '2017-07-21 23:29:00', NULL, '2017-07-21 23:29:50', '2017-08-07 17:52:09', '5653874d-adc6-47ad-9dd5-7a4600ce03ff'),
 ('98', '3', '3', '1', '2017-07-26 22:48:00', NULL, '2017-07-26 22:48:34', '2017-08-07 21:49:07', '98d04410-caf4-45b1-a997-5209496ca436'),
 ('259', '7', '7', NULL, '2017-08-07 21:25:46', NULL, '2017-08-07 17:58:03', '2017-08-07 21:25:46', '899f6a6e-64b5-42a9-bf4b-36ec42be47ec'),
 ('264', '8', NULL, NULL, '2017-08-07 21:28:57', NULL, '2017-08-07 21:28:57', '2017-08-07 21:30:59', 'c40b6619-7758-45de-8580-8d5443ee4c36'),
 ('270', '9', '9', NULL, '2017-08-07 22:29:29', NULL, '2017-08-07 22:23:24', '2017-08-07 22:29:29', 'd32c39f7-d09a-40b7-9ce9-9946b94b8882'),
 ('289', '3', '3', '1', '2017-08-09 20:37:00', NULL, '2017-08-09 20:37:54', '2017-08-09 20:38:36', 'b656c2ce-2f19-451c-b283-b8d1a18918b0'),
 ('290', '3', '3', '1', '2017-08-09 20:38:00', NULL, '2017-08-09 20:38:27', '2017-08-09 20:38:46', '98d90ef9-947e-4094-980d-829bd1d3f43c'),
 ('291', '3', '3', '1', '2017-08-09 20:39:06', NULL, '2017-08-09 20:39:06', '2017-08-09 20:39:06', '4184b2f3-df89-41ca-b76f-cd3589dde290'),
 ('292', '3', '3', '1', '2017-08-09 20:41:34', NULL, '2017-08-09 20:41:34', '2017-08-09 20:41:34', 'd0a600b2-2c1e-4bc7-8591-06107675b3c0'),
 ('314', '3', '3', '1', '2017-08-10 22:00:00', NULL, '2017-08-10 22:00:29', '2017-08-10 23:07:52', '9baa8728-a569-4107-82d5-63c723f0790a');



DROP TABLE IF EXISTS `craft_entrydrafts`;


--
-- Schema for table `craft_entrydrafts`
--
CREATE TABLE `craft_entrydrafts` (
  `id` int(11) NOT NULL AUTO_INCREMENT,
  `entryId` int(11) NOT NULL,
  `sectionId` int(11) NOT NULL,
  `creatorId` int(11) NOT NULL,
  `locale` char(12) COLLATE utf8_unicode_ci NOT NULL,
  `name` varchar(255) COLLATE utf8_unicode_ci NOT NULL,
  `notes` tinytext COLLATE utf8_unicode_ci,
  `data` mediumtext COLLATE utf8_unicode_ci NOT NULL,
  `dateCreated` datetime NOT NULL,
  `dateUpdated` datetime NOT NULL,
  `uid` char(36) COLLATE utf8_unicode_ci NOT NULL DEFAULT '0',
  PRIMARY KEY (`id`),
  KEY `craft_entrydrafts_entryId_locale_idx` (`entryId`,`locale`),
  KEY `craft_entrydrafts_sectionId_fk` (`sectionId`),
  KEY `craft_entrydrafts_creatorId_fk` (`creatorId`),
  KEY `craft_entrydrafts_locale_fk` (`locale`)
) ENGINE=InnoDB DEFAULT CHARSET=utf8 COLLATE=utf8_unicode_ci;

DROP TABLE IF EXISTS `craft_entrytypes`;


--
-- Schema for table `craft_entrytypes`
--
CREATE TABLE `craft_entrytypes` (
  `id` int(11) NOT NULL AUTO_INCREMENT,
  `sectionId` int(11) NOT NULL,
  `fieldLayoutId` int(11) DEFAULT NULL,
  `name` varchar(255) COLLATE utf8_unicode_ci NOT NULL,
  `handle` varchar(255) COLLATE utf8_unicode_ci NOT NULL,
  `hasTitleField` tinyint(1) unsigned NOT NULL DEFAULT '1',
  `titleLabel` varchar(255) COLLATE utf8_unicode_ci DEFAULT 'Title',
  `titleFormat` varchar(255) COLLATE utf8_unicode_ci DEFAULT NULL,
  `sortOrder` smallint(6) unsigned DEFAULT NULL,
  `dateCreated` datetime NOT NULL,
  `dateUpdated` datetime NOT NULL,
  `uid` char(36) COLLATE utf8_unicode_ci NOT NULL DEFAULT '0',
  PRIMARY KEY (`id`),
  UNIQUE KEY `craft_entrytypes_name_sectionId_unq_idx` (`name`,`sectionId`),
  UNIQUE KEY `craft_entrytypes_handle_sectionId_unq_idx` (`handle`,`sectionId`),
  KEY `craft_entrytypes_sectionId_fk` (`sectionId`),
  KEY `craft_entrytypes_fieldLayoutId_fk` (`fieldLayoutId`)
) ENGINE=InnoDB AUTO_INCREMENT=10 DEFAULT CHARSET=utf8 COLLATE=utf8_unicode_ci;

--
-- Data for table `craft_entrytypes`
--

INSERT INTO `craft_entrytypes` (`id`, `sectionId`, `fieldLayoutId`, `name`, `handle`, `hasTitleField`, `titleLabel`, `titleFormat`, `sortOrder`, `dateCreated`, `dateUpdated`, `uid`) VALUES
 ('2', '2', '1730', 'Blog Entry', 'blogEntry', '1', 'Title', NULL, '1', '2017-07-20 17:27:59', '2017-08-07 23:25:59', '98644a11-403a-4abc-97e6-0a0c8e025204'),
 ('3', '3', '1729', 'Page', 'page', '1', 'Title', NULL, '1', '2017-07-20 18:25:45', '2017-08-07 23:23:36', 'b1827d62-a45c-4559-8375-0fcf090b1ff6'),
 ('4', '4', '1698', 'Success Stories', 'successStories', '1', 'Title', NULL, '1', '2017-07-20 21:27:22', '2017-08-07 18:32:39', '38eeec90-6df3-4dea-bd34-97e314e40646'),
 ('7', '7', '1860', 'Success Stories', 'successStoriesPage', '0', NULL, '{section.name|raw}', '1', '2017-08-07 17:58:03', '2017-08-10 23:37:51', '8e116b67-7131-4820-8b15-93706ade65f0'),
 ('8', '8', '1858', 'Blog', 'blog', '0', NULL, '{section.name|raw}', '1', '2017-08-07 21:28:57', '2017-08-10 23:35:01', '958bfd95-57c3-490e-9f74-da3eaaced523'),
 ('9', '9', '1751', 'Home', 'home', '0', NULL, '{section.name|raw}', '1', '2017-08-07 22:23:23', '2017-08-09 18:18:50', 'aac3a6d9-f4cc-453b-b712-3e553386f61e');



DROP TABLE IF EXISTS `craft_entryversions`;


--
-- Schema for table `craft_entryversions`
--
CREATE TABLE `craft_entryversions` (
  `id` int(11) NOT NULL AUTO_INCREMENT,
  `entryId` int(11) NOT NULL,
  `sectionId` int(11) NOT NULL,
  `creatorId` int(11) DEFAULT NULL,
  `locale` char(12) COLLATE utf8_unicode_ci NOT NULL,
  `num` smallint(6) unsigned NOT NULL,
  `notes` tinytext COLLATE utf8_unicode_ci,
  `data` mediumtext COLLATE utf8_unicode_ci NOT NULL,
  `dateCreated` datetime NOT NULL,
  `dateUpdated` datetime NOT NULL,
  `uid` char(36) COLLATE utf8_unicode_ci NOT NULL DEFAULT '0',
  PRIMARY KEY (`id`),
  KEY `craft_entryversions_entryId_locale_idx` (`entryId`,`locale`),
  KEY `craft_entryversions_sectionId_fk` (`sectionId`),
  KEY `craft_entryversions_creatorId_fk` (`creatorId`),
  KEY `craft_entryversions_locale_fk` (`locale`)
) ENGINE=InnoDB AUTO_INCREMENT=96 DEFAULT CHARSET=utf8 COLLATE=utf8_unicode_ci;

--
-- Data for table `craft_entryversions`
--

INSERT INTO `craft_entryversions` (`id`, `entryId`, `sectionId`, `creatorId`, `locale`, `num`, `notes`, `data`, `dateCreated`, `dateUpdated`, `uid`) VALUES
 ('3', '3', '2', '1', 'en_us', '1', NULL, '{\"typeId\":\"2\",\"authorId\":\"1\",\"title\":\"We just installed Craft!\",\"slug\":\"we-just-installed-craft\",\"postDate\":1500571679,\"expiryDate\":null,\"enabled\":1,\"parentId\":null,\"fields\":[]}', '2017-07-20 17:27:59', '2017-07-20 17:27:59', '851a0141-393e-4b58-860c-be66f45cc2e1'),
 ('24', '33', '4', '1', 'en_us', '1', '', '{\"typeId\":null,\"authorId\":\"1\",\"title\":\"AB InBev\",\"slug\":\"ab-inbev\",\"postDate\":1500679790,\"expiryDate\":null,\"enabled\":1,\"parentId\":\"\",\"fields\":{\"41\":\"AB InBev\",\"39\":\"Success Story\",\"40\":\"#a91622\",\"38\":\"\",\"43\":\"\",\"42\":\"On average, Snapchatters spent 30 seconds playing Anheuser Busch InBev\'s Bud Bowl game in its Snap Ad Web View.\"}}', '2017-07-21 23:29:50', '2017-07-21 23:29:50', '5c5266c9-0106-4f5d-b9c9-9c34b9a5ea28'),
 ('36', '33', '4', '1', 'en_us', '2', '', '{\"typeId\":\"4\",\"authorId\":\"1\",\"title\":\"AB InBev\",\"slug\":\"ab-inbev\",\"postDate\":1500679740,\"expiryDate\":null,\"enabled\":1,\"parentId\":\"\",\"fields\":{\"41\":\"AB InBev\",\"39\":\"Success Story\",\"40\":\"#a91622\",\"38\":[\"97\"],\"43\":\"\",\"42\":\"On average, Snapchatters spent 30 seconds playing Anheuser Busch InBev\'s Bud Bowl game in its Snap Ad Web View.\"}}', '2017-07-26 22:26:19', '2017-07-26 22:26:19', 'a2a02e1d-dbb5-43ab-b241-8dd77577bd83'),
 ('37', '98', '3', '1', 'en_us', '1', '', '{\"typeId\":\"3\",\"authorId\":\"1\",\"title\":\"Solutions\",\"slug\":\"solutions\",\"postDate\":1501109314,\"expiryDate\":null,\"enabled\":1,\"parentId\":\"\",\"fields\":{\"3\":\"\",\"16\":\"1\",\"15\":\"blue\",\"7\":\"solutions\"}}', '2017-07-26 22:48:34', '2017-07-26 22:48:34', '31c7ecc0-26d2-483e-b78d-438edef745e4'),
 ('38', '98', '3', '1', 'en_us', '2', '', '{\"typeId\":\"3\",\"authorId\":\"1\",\"title\":\"Solutions\",\"slug\":\"solutions\",\"postDate\":1501109280,\"expiryDate\":null,\"enabled\":1,\"parentId\":\"\",\"fields\":{\"3\":{\"new0\":{\"modified\":\"1\",\"type\":\"cb_section\",\"enabled\":\"1\",\"collapsed\":\"0\",\"level\":\"0\",\"fields\":{\"cb_sectionTitle\":\"Overview\",\"cb_sectionBackgroundColor\":\"gray\"}},\"new1\":{\"modified\":\"1\",\"type\":\"centeredTextLockup\",\"enabled\":\"1\",\"collapsed\":\"0\",\"level\":\"1\"},\"new2\":{\"modified\":\"1\",\"type\":\"headline\",\"enabled\":\"1\",\"collapsed\":\"0\",\"level\":\"2\",\"fields\":{\"cb_headline\":\"Our ad products are fun and effective, for every objective\"}},\"new3\":{\"modified\":\"1\",\"type\":\"mobileDeviceGrid\",\"enabled\":\"1\",\"collapsed\":\"0\",\"level\":\"1\"},\"new4\":{\"modified\":\"1\",\"type\":\"device\",\"enabled\":\"1\",\"collapsed\":\"0\",\"level\":\"2\",\"fields\":{\"cb_deviceImage\":[\"100\"],\"cb_deviceVideo\":\"\",\"cb_deviceHeadline\":\"Snap Ads\",\"cb_deviceBody\":\"Captivate your audience with full-screen Snap Ads.\"}},\"new5\":{\"modified\":\"1\",\"type\":\"device\",\"enabled\":\"1\",\"collapsed\":\"0\",\"level\":\"2\",\"fields\":{\"cb_deviceImage\":[\"99\"],\"cb_deviceVideo\":\"\",\"cb_deviceHeadline\":\"Filters\",\"cb_deviceBody\":\"Own a place or event with location-based Filters.\"}},\"new6\":{\"modified\":\"1\",\"type\":\"device\",\"enabled\":\"1\",\"collapsed\":\"0\",\"level\":\"2\",\"fields\":{\"cb_deviceImage\":[\"101\"],\"cb_deviceVideo\":\"\",\"cb_deviceHeadline\":\"Lenses\",\"cb_deviceBody\":\"Invite customers to play and share with Lenses.\"}},\"new7\":{\"modified\":\"1\",\"type\":\"cb_section\",\"enabled\":\"1\",\"collapsed\":\"0\",\"level\":\"0\",\"fields\":{\"cb_sectionTitle\":\"Snap Ads\",\"cb_sectionBackgroundColor\":\"white\"}},\"new8\":{\"modified\":\"1\",\"type\":\"centeredTextLockup\",\"enabled\":\"1\",\"collapsed\":\"0\",\"level\":\"1\"},\"new9\":{\"modified\":\"1\",\"type\":\"headline\",\"enabled\":\"1\",\"collapsed\":\"0\",\"level\":\"2\",\"fields\":{\"cb_headline\":\"Snap Ads\"}},\"new10\":{\"modified\":\"1\",\"type\":\"subhead\",\"enabled\":\"1\",\"collapsed\":\"0\",\"level\":\"2\",\"fields\":{\"cb_subhead\":\"The original vertical video ad \\u2014 now with attachments customized for your objectives.\"}},\"new11\":{\"modified\":\"1\",\"type\":\"cb_section\",\"enabled\":\"1\",\"collapsed\":\"0\",\"level\":\"0\",\"fields\":{\"cb_sectionTitle\":\"Filters\",\"cb_sectionBackgroundColor\":\"gray\"}},\"new12\":{\"modified\":\"1\",\"type\":\"centeredTextLockup\",\"enabled\":\"1\",\"collapsed\":\"0\",\"level\":\"1\"},\"new13\":{\"modified\":\"1\",\"type\":\"headline\",\"enabled\":\"1\",\"collapsed\":\"0\",\"level\":\"2\",\"fields\":{\"cb_headline\":\"Filters\"}},\"new14\":{\"modified\":\"1\",\"type\":\"subhead\",\"enabled\":\"1\",\"collapsed\":\"0\",\"level\":\"2\",\"fields\":{\"cb_subhead\":\"Filters allow you to be where your product is bought, thought about, or consumed. Create your own Filter and drive awareness, advocacy, and action in one package.\"}},\"new15\":{\"modified\":\"1\",\"type\":\"primaryButton\",\"enabled\":\"1\",\"collapsed\":\"0\",\"level\":\"2\",\"fields\":{\"cb_button\":{\"type\":\"custom\",\"custom\":\"http:\\/\\/geofilters.snapchat.com\",\"entry\":\"\",\"customText\":\"Create A Filter\",\"target\":\"_blank\"}}},\"new16\":{\"modified\":\"1\",\"type\":\"secondaryButton\",\"enabled\":\"1\",\"collapsed\":\"0\",\"level\":\"2\",\"fields\":{\"cb_button\":{\"type\":\"custom\",\"custom\":\"https:\\/\\/businesshelp.snapchat.com\\/en-US\\/article\\/create-geofilter\",\"entry\":\"\",\"customText\":\"View Guidelines\",\"target\":\"\"}}},\"new17\":{\"modified\":\"1\",\"type\":\"mobileDeviceGrid\",\"enabled\":\"1\",\"collapsed\":\"0\",\"level\":\"1\"},\"new18\":{\"modified\":\"1\",\"type\":\"device\",\"enabled\":\"1\",\"collapsed\":\"0\",\"level\":\"2\",\"fields\":{\"cb_deviceImage\":[\"101\"],\"cb_deviceVideo\":\"\",\"cb_deviceHeadline\":\"\",\"cb_deviceBody\":\"\"}},\"new19\":{\"modified\":\"1\",\"type\":\"device\",\"enabled\":\"1\",\"collapsed\":\"0\",\"level\":\"2\",\"fields\":{\"cb_deviceImage\":[\"102\"],\"cb_deviceVideo\":\"\",\"cb_deviceHeadline\":\"\",\"cb_deviceBody\":\"\"}},\"new20\":{\"modified\":\"1\",\"type\":\"device\",\"enabled\":\"1\",\"collapsed\":\"0\",\"level\":\"2\",\"fields\":{\"cb_deviceImage\":[\"103\"],\"cb_deviceVideo\":\"\",\"cb_deviceHeadline\":\"\",\"cb_deviceBody\":\"\"}},\"new21\":{\"modified\":\"1\",\"type\":\"cb_section\",\"enabled\":\"1\",\"collapsed\":\"0\",\"level\":\"0\",\"fields\":{\"cb_sectionTitle\":\"Lenses\",\"cb_sectionBackgroundColor\":\"white\"}},\"new22\":{\"modified\":\"1\",\"type\":\"centeredTextLockup\",\"enabled\":\"1\",\"collapsed\":\"0\",\"level\":\"1\"},\"new23\":{\"modified\":\"1\",\"type\":\"headline\",\"enabled\":\"1\",\"collapsed\":\"0\",\"level\":\"2\",\"fields\":{\"cb_headline\":\"Lenses\"}},\"new24\":{\"modified\":\"1\",\"type\":\"subhead\",\"enabled\":\"1\",\"collapsed\":\"0\",\"level\":\"2\",\"fields\":{\"cb_subhead\":\"Lenses are the most playful and memorable way to increase awareness, on a massive scale. With one tap, you can invite Snapchatters into your world \\u2014 and your story.\"}},\"new26\":{\"modified\":\"1\",\"type\":\"mobileDeviceGrid\",\"enabled\":\"1\",\"collapsed\":\"0\",\"level\":\"1\"},\"new27\":{\"modified\":\"1\",\"type\":\"device\",\"enabled\":\"1\",\"collapsed\":\"0\",\"level\":\"2\",\"fields\":{\"cb_deviceImage\":[\"104\"],\"cb_deviceVideo\":\"\",\"cb_deviceHeadline\":\"\",\"cb_deviceBody\":\"\"}},\"new28\":{\"modified\":\"1\",\"type\":\"device\",\"enabled\":\"1\",\"collapsed\":\"0\",\"level\":\"2\",\"fields\":{\"cb_deviceImage\":[\"105\"],\"cb_deviceVideo\":\"\",\"cb_deviceHeadline\":\"\",\"cb_deviceBody\":\"\"}},\"new29\":{\"modified\":\"1\",\"type\":\"device\",\"enabled\":\"1\",\"collapsed\":\"0\",\"level\":\"2\",\"fields\":{\"cb_deviceImage\":[\"106\"],\"cb_deviceVideo\":\"\",\"cb_deviceHeadline\":\"\",\"cb_deviceBody\":\"\"}},\"new30\":{\"modified\":\"1\",\"type\":\"cb_section\",\"enabled\":\"1\",\"collapsed\":\"0\",\"level\":\"0\",\"fields\":{\"cb_sectionTitle\":\"Video\",\"cb_sectionBackgroundColor\":\"gray\"}},\"new31\":{\"modified\":\"1\",\"type\":\"centeredTextLockup\",\"enabled\":\"1\",\"collapsed\":\"0\",\"level\":\"1\"},\"new32\":{\"modified\":\"1\",\"type\":\"headline\",\"enabled\":\"1\",\"collapsed\":\"0\",\"level\":\"2\",\"fields\":{\"cb_headline\":\"See where your ads will run on Snapchat\"}},\"new33\":{\"modified\":\"1\",\"type\":\"cb_centeredVideo\",\"enabled\":\"1\",\"collapsed\":\"0\",\"level\":\"1\",\"fields\":{\"cb_video\":\"\",\"cb_assetWidth\":\"wide\"}}},\"16\":\"1\",\"15\":\"blue\",\"7\":\"solutions\"}}', '2017-07-26 23:03:49', '2017-07-26 23:03:49', '08b16baf-23c0-44a4-95b5-4aeee2818ad7'),
 ('39', '98', '3', '1', 'en_us', '3', '', '{\"typeId\":\"3\",\"authorId\":\"1\",\"title\":\"Solutions\",\"slug\":\"solutions\",\"postDate\":1501109280,\"expiryDate\":null,\"enabled\":1,\"parentId\":\"\",\"fields\":{\"3\":{\"107\":{\"modified\":\"1\",\"type\":\"cb_section\",\"enabled\":\"1\",\"collapsed\":\"0\",\"level\":\"0\",\"fields\":{\"cb_sectionTitle\":\"Overview\",\"cb_sectionBackgroundColor\":\"gray\"}},\"108\":{\"modified\":\"1\",\"type\":\"centeredTextLockup\",\"enabled\":\"1\",\"collapsed\":\"0\",\"level\":\"1\"},\"109\":{\"modified\":\"1\",\"type\":\"headline\",\"enabled\":\"1\",\"collapsed\":\"0\",\"level\":\"2\",\"fields\":{\"cb_headline\":\"Our ad products are fun and effective, for every objective\"}},\"110\":{\"modified\":\"1\",\"type\":\"mobileDeviceGrid\",\"enabled\":\"1\",\"collapsed\":\"0\",\"level\":\"1\",\"fields\":{\"cb_chillahTooltip\":\"\"}},\"111\":{\"modified\":\"1\",\"type\":\"device\",\"enabled\":\"1\",\"collapsed\":\"0\",\"level\":\"2\",\"fields\":{\"cb_deviceImage\":[\"100\"],\"cb_deviceVideo\":\"\",\"cb_deviceHeadline\":\"Snap Ads\",\"cb_deviceBody\":\"Captivate your audience with full-screen Snap Ads.\"}},\"112\":{\"modified\":\"1\",\"type\":\"device\",\"enabled\":\"1\",\"collapsed\":\"0\",\"level\":\"2\",\"fields\":{\"cb_deviceImage\":[\"99\"],\"cb_deviceVideo\":\"\",\"cb_deviceHeadline\":\"Filters\",\"cb_deviceBody\":\"Own a place or event with location-based Filters.\"}},\"113\":{\"modified\":\"1\",\"type\":\"device\",\"enabled\":\"1\",\"collapsed\":\"0\",\"level\":\"2\",\"fields\":{\"cb_deviceImage\":[\"101\"],\"cb_deviceVideo\":\"\",\"cb_deviceHeadline\":\"Lenses\",\"cb_deviceBody\":\"Invite customers to play and share with Lenses.\"}},\"114\":{\"modified\":\"1\",\"type\":\"cb_section\",\"enabled\":\"1\",\"collapsed\":\"0\",\"level\":\"0\",\"fields\":{\"cb_sectionTitle\":\"Snap Ads\",\"cb_sectionBackgroundColor\":\"white\"}},\"115\":{\"modified\":\"1\",\"type\":\"centeredTextLockup\",\"enabled\":\"1\",\"collapsed\":\"0\",\"level\":\"1\"},\"116\":{\"modified\":\"1\",\"type\":\"headline\",\"enabled\":\"1\",\"collapsed\":\"0\",\"level\":\"2\",\"fields\":{\"cb_headline\":\"Snap Ads\"}},\"117\":{\"modified\":\"1\",\"type\":\"subhead\",\"enabled\":\"1\",\"collapsed\":\"0\",\"level\":\"2\",\"fields\":{\"cb_subhead\":\"The original vertical video ad \\u2014 now with attachments customized for your objectives.\"}},\"118\":{\"modified\":\"1\",\"type\":\"cb_section\",\"enabled\":\"1\",\"collapsed\":\"0\",\"level\":\"0\",\"fields\":{\"cb_sectionTitle\":\"Filters\",\"cb_sectionBackgroundColor\":\"gray\"}},\"119\":{\"modified\":\"1\",\"type\":\"centeredTextLockup\",\"enabled\":\"1\",\"collapsed\":\"0\",\"level\":\"1\"},\"120\":{\"modified\":\"1\",\"type\":\"headline\",\"enabled\":\"1\",\"collapsed\":\"0\",\"level\":\"2\",\"fields\":{\"cb_headline\":\"Filters\"}},\"121\":{\"modified\":\"1\",\"type\":\"subhead\",\"enabled\":\"1\",\"collapsed\":\"0\",\"level\":\"2\",\"fields\":{\"cb_subhead\":\"Filters allow you to be where your product is bought, thought about, or consumed. Create your own Filter and drive awareness, advocacy, and action in one package.\"}},\"122\":{\"modified\":\"1\",\"type\":\"primaryButton\",\"enabled\":\"1\",\"collapsed\":\"0\",\"level\":\"2\",\"fields\":{\"cb_button\":{\"type\":\"custom\",\"custom\":\"http:\\/\\/geofilters.snapchat.com\",\"entry\":\"\",\"customText\":\"Create A Filter\",\"target\":\"_blank\"}}},\"123\":{\"modified\":\"1\",\"type\":\"secondaryButton\",\"enabled\":\"1\",\"collapsed\":\"0\",\"level\":\"2\",\"fields\":{\"cb_button\":{\"type\":\"custom\",\"custom\":\"https:\\/\\/businesshelp.snapchat.com\\/en-US\\/article\\/create-geofilter\",\"entry\":\"\",\"customText\":\"View Guidelines\",\"target\":\"\"}}},\"124\":{\"modified\":\"1\",\"type\":\"mobileDeviceGrid\",\"enabled\":\"1\",\"collapsed\":\"0\",\"level\":\"1\",\"fields\":{\"cb_chillahTooltip\":{\"new1\":{\"type\":\"tooltip\",\"enabled\":\"1\",\"fields\":{\"chillah\":\"\",\"tooltipText\":\"<p>On average, more than a billion Snaps with Filters are viewed every day.<sup>1<\\/sup><\\/p>\",\"location\":\"topRight\"}}}}},\"125\":{\"modified\":\"1\",\"type\":\"device\",\"enabled\":\"1\",\"collapsed\":\"0\",\"level\":\"2\",\"fields\":{\"cb_deviceImage\":[\"101\"],\"cb_deviceVideo\":\"\",\"cb_deviceHeadline\":\"\",\"cb_deviceBody\":\"\"}},\"126\":{\"modified\":\"1\",\"type\":\"device\",\"enabled\":\"1\",\"collapsed\":\"0\",\"level\":\"2\",\"fields\":{\"cb_deviceImage\":[\"102\"],\"cb_deviceVideo\":\"\",\"cb_deviceHeadline\":\"\",\"cb_deviceBody\":\"\"}},\"127\":{\"modified\":\"1\",\"type\":\"device\",\"enabled\":\"1\",\"collapsed\":\"0\",\"level\":\"2\",\"fields\":{\"cb_deviceImage\":[\"103\"],\"cb_deviceVideo\":\"\",\"cb_deviceHeadline\":\"\",\"cb_deviceBody\":\"\"}},\"128\":{\"modified\":\"1\",\"type\":\"cb_section\",\"enabled\":\"1\",\"collapsed\":\"0\",\"level\":\"0\",\"fields\":{\"cb_sectionTitle\":\"Lenses\",\"cb_sectionBackgroundColor\":\"white\"}},\"129\":{\"modified\":\"1\",\"type\":\"centeredTextLockup\",\"enabled\":\"1\",\"collapsed\":\"0\",\"level\":\"1\"},\"130\":{\"modified\":\"1\",\"type\":\"headline\",\"enabled\":\"1\",\"collapsed\":\"0\",\"level\":\"2\",\"fields\":{\"cb_headline\":\"Lenses\"}},\"131\":{\"modified\":\"1\",\"type\":\"subhead\",\"enabled\":\"1\",\"collapsed\":\"0\",\"level\":\"2\",\"fields\":{\"cb_subhead\":\"Lenses are the most playful and memorable way to increase awareness, on a massive scale. With one tap, you can invite Snapchatters into your world \\u2014 and your story.\"}},\"132\":{\"modified\":\"1\",\"type\":\"mobileDeviceGrid\",\"enabled\":\"1\",\"collapsed\":\"0\",\"level\":\"1\",\"fields\":{\"cb_chillahTooltip\":\"\"}},\"133\":{\"modified\":\"1\",\"type\":\"device\",\"enabled\":\"1\",\"collapsed\":\"0\",\"level\":\"2\",\"fields\":{\"cb_deviceImage\":[\"104\"],\"cb_deviceVideo\":\"\",\"cb_deviceHeadline\":\"\",\"cb_deviceBody\":\"\"}},\"134\":{\"modified\":\"1\",\"type\":\"device\",\"enabled\":\"1\",\"collapsed\":\"0\",\"level\":\"2\",\"fields\":{\"cb_deviceImage\":[\"105\"],\"cb_deviceVideo\":\"\",\"cb_deviceHeadline\":\"\",\"cb_deviceBody\":\"\"}},\"135\":{\"modified\":\"1\",\"type\":\"device\",\"enabled\":\"1\",\"collapsed\":\"0\",\"level\":\"2\",\"fields\":{\"cb_deviceImage\":[\"106\"],\"cb_deviceVideo\":\"\",\"cb_deviceHeadline\":\"\",\"cb_deviceBody\":\"\"}},\"136\":{\"modified\":\"1\",\"type\":\"cb_section\",\"enabled\":\"1\",\"collapsed\":\"0\",\"level\":\"0\",\"fields\":{\"cb_sectionTitle\":\"Video\",\"cb_sectionBackgroundColor\":\"gray\"}},\"137\":{\"modified\":\"1\",\"type\":\"centeredTextLockup\",\"enabled\":\"1\",\"collapsed\":\"0\",\"level\":\"1\"},\"138\":{\"modified\":\"1\",\"type\":\"headline\",\"enabled\":\"1\",\"collapsed\":\"0\",\"level\":\"2\",\"fields\":{\"cb_headline\":\"See where your ads will run on Snapchat\"}},\"139\":{\"modified\":\"1\",\"type\":\"cb_centeredVideo\",\"enabled\":\"1\",\"collapsed\":\"0\",\"level\":\"1\",\"fields\":{\"cb_video\":\"\",\"cb_assetWidth\":\"wide\"}}},\"16\":\"1\",\"15\":\"blue\",\"7\":\"solutions\"}}', '2017-07-26 23:08:57', '2017-07-26 23:08:57', '6e4901a8-6732-4bc8-a195-ddcbd3156e1e'),
 ('40', '98', '3', '1', 'en_us', '4', '', '{\"typeId\":\"3\",\"authorId\":\"1\",\"title\":\"Solutions\",\"slug\":\"solutions\",\"postDate\":1501109280,\"expiryDate\":null,\"enabled\":1,\"parentId\":\"\",\"fields\":{\"3\":{\"107\":{\"modified\":\"1\",\"type\":\"cb_section\",\"enabled\":\"1\",\"collapsed\":\"0\",\"level\":\"0\",\"fields\":{\"cb_sectionTitle\":\"Overview\",\"cb_sectionBackgroundColor\":\"gray\"}},\"108\":{\"modified\":\"1\",\"type\":\"centeredTextLockup\",\"enabled\":\"1\",\"collapsed\":\"0\",\"level\":\"1\"},\"109\":{\"modified\":\"1\",\"type\":\"headline\",\"enabled\":\"1\",\"collapsed\":\"0\",\"level\":\"2\",\"fields\":{\"cb_headline\":\"Our ad products are fun and effective, for every objective\"}},\"110\":{\"modified\":\"1\",\"type\":\"mobileDeviceGrid\",\"enabled\":\"1\",\"collapsed\":\"0\",\"level\":\"1\",\"fields\":{\"cb_chillahTooltip\":\"\"}},\"111\":{\"modified\":\"1\",\"type\":\"device\",\"enabled\":\"1\",\"collapsed\":\"0\",\"level\":\"2\",\"fields\":{\"cb_deviceImage\":[\"100\"],\"cb_deviceVideo\":\"\",\"cb_deviceHeadline\":\"Snap Ads\",\"cb_deviceBody\":\"Captivate your audience with full-screen Snap Ads.\"}},\"112\":{\"modified\":\"1\",\"type\":\"device\",\"enabled\":\"1\",\"collapsed\":\"0\",\"level\":\"2\",\"fields\":{\"cb_deviceImage\":[\"99\"],\"cb_deviceVideo\":\"\",\"cb_deviceHeadline\":\"Filters\",\"cb_deviceBody\":\"Own a place or event with location-based Filters.\"}},\"113\":{\"modified\":\"1\",\"type\":\"device\",\"enabled\":\"1\",\"collapsed\":\"0\",\"level\":\"2\",\"fields\":{\"cb_deviceImage\":[\"101\"],\"cb_deviceVideo\":\"\",\"cb_deviceHeadline\":\"Lenses\",\"cb_deviceBody\":\"Invite customers to play and share with Lenses.\"}},\"114\":{\"modified\":\"1\",\"type\":\"cb_section\",\"enabled\":\"1\",\"collapsed\":\"0\",\"level\":\"0\",\"fields\":{\"cb_sectionTitle\":\"Snap Ads\",\"cb_sectionBackgroundColor\":\"white\"}},\"115\":{\"modified\":\"1\",\"type\":\"centeredTextLockup\",\"enabled\":\"1\",\"collapsed\":\"0\",\"level\":\"1\"},\"116\":{\"modified\":\"1\",\"type\":\"headline\",\"enabled\":\"1\",\"collapsed\":\"0\",\"level\":\"2\",\"fields\":{\"cb_headline\":\"Snap Ads\"}},\"117\":{\"modified\":\"1\",\"type\":\"subhead\",\"enabled\":\"1\",\"collapsed\":\"0\",\"level\":\"2\",\"fields\":{\"cb_subhead\":\"The original vertical video ad \\u2014 now with attachments customized for your objectives.\"}},\"118\":{\"modified\":\"1\",\"type\":\"cb_section\",\"enabled\":\"1\",\"collapsed\":\"0\",\"level\":\"0\",\"fields\":{\"cb_sectionTitle\":\"Filters\",\"cb_sectionBackgroundColor\":\"gray\"}},\"119\":{\"modified\":\"1\",\"type\":\"centeredTextLockup\",\"enabled\":\"1\",\"collapsed\":\"0\",\"level\":\"1\"},\"120\":{\"modified\":\"1\",\"type\":\"headline\",\"enabled\":\"1\",\"collapsed\":\"0\",\"level\":\"2\",\"fields\":{\"cb_headline\":\"Filters\"}},\"121\":{\"modified\":\"1\",\"type\":\"subhead\",\"enabled\":\"1\",\"collapsed\":\"0\",\"level\":\"2\",\"fields\":{\"cb_subhead\":\"Filters allow you to be where your product is bought, thought about, or consumed. Create your own Filter and drive awareness, advocacy, and action in one package.\"}},\"122\":{\"modified\":\"1\",\"type\":\"primaryButton\",\"enabled\":\"1\",\"collapsed\":\"0\",\"level\":\"2\",\"fields\":{\"cb_button\":{\"type\":\"custom\",\"custom\":\"http:\\/\\/geofilters.snapchat.com\",\"entry\":\"\",\"customText\":\"Create A Filter\",\"target\":\"_blank\"}}},\"123\":{\"modified\":\"1\",\"type\":\"secondaryButton\",\"enabled\":\"1\",\"collapsed\":\"0\",\"level\":\"2\",\"fields\":{\"cb_button\":{\"type\":\"custom\",\"custom\":\"https:\\/\\/businesshelp.snapchat.com\\/en-US\\/article\\/create-geofilter\",\"entry\":\"\",\"customText\":\"View Guidelines\",\"target\":\"\"}}},\"124\":{\"modified\":\"1\",\"type\":\"mobileDeviceGrid\",\"enabled\":\"1\",\"collapsed\":\"0\",\"level\":\"1\",\"fields\":{\"cb_chillahTooltip\":{\"140\":{\"type\":\"tooltip\",\"enabled\":\"1\",\"fields\":{\"chillah\":\"\",\"tooltipText\":\"<p>On average, more than a billion Snaps with Filters are viewed every day.<sup>1<\\/sup><\\/p>\",\"location\":\"topRight\"}}}}},\"125\":{\"modified\":\"1\",\"type\":\"device\",\"enabled\":\"1\",\"collapsed\":\"0\",\"level\":\"2\",\"fields\":{\"cb_deviceImage\":[\"101\"],\"cb_deviceVideo\":\"\",\"cb_deviceHeadline\":\"\",\"cb_deviceBody\":\"\"}},\"126\":{\"modified\":\"1\",\"type\":\"device\",\"enabled\":\"1\",\"collapsed\":\"0\",\"level\":\"2\",\"fields\":{\"cb_deviceImage\":[\"102\"],\"cb_deviceVideo\":\"\",\"cb_deviceHeadline\":\"\",\"cb_deviceBody\":\"\"}},\"127\":{\"modified\":\"1\",\"type\":\"device\",\"enabled\":\"1\",\"collapsed\":\"0\",\"level\":\"2\",\"fields\":{\"cb_deviceImage\":[\"103\"],\"cb_deviceVideo\":\"\",\"cb_deviceHeadline\":\"\",\"cb_deviceBody\":\"\"}},\"128\":{\"modified\":\"1\",\"type\":\"cb_section\",\"enabled\":\"1\",\"collapsed\":\"0\",\"level\":\"0\",\"fields\":{\"cb_sectionTitle\":\"Lenses\",\"cb_sectionBackgroundColor\":\"white\"}},\"129\":{\"modified\":\"1\",\"type\":\"centeredTextLockup\",\"enabled\":\"1\",\"collapsed\":\"0\",\"level\":\"1\"},\"130\":{\"modified\":\"1\",\"type\":\"headline\",\"enabled\":\"1\",\"collapsed\":\"0\",\"level\":\"2\",\"fields\":{\"cb_headline\":\"Lenses\"}},\"131\":{\"modified\":\"1\",\"type\":\"subhead\",\"enabled\":\"1\",\"collapsed\":\"0\",\"level\":\"2\",\"fields\":{\"cb_subhead\":\"Lenses are the most playful and memorable way to increase awareness, on a massive scale. With one tap, you can invite Snapchatters into your world \\u2014 and your story.\"}},\"132\":{\"modified\":\"1\",\"type\":\"mobileDeviceGrid\",\"enabled\":\"1\",\"collapsed\":\"0\",\"level\":\"1\",\"fields\":{\"cb_chillahTooltip\":\"\"}},\"133\":{\"modified\":\"1\",\"type\":\"device\",\"enabled\":\"1\",\"collapsed\":\"0\",\"level\":\"2\",\"fields\":{\"cb_deviceImage\":[\"104\"],\"cb_deviceVideo\":\"\",\"cb_deviceHeadline\":\"\",\"cb_deviceBody\":\"\"}},\"134\":{\"modified\":\"1\",\"type\":\"device\",\"enabled\":\"1\",\"collapsed\":\"0\",\"level\":\"2\",\"fields\":{\"cb_deviceImage\":[\"105\"],\"cb_deviceVideo\":\"\",\"cb_deviceHeadline\":\"\",\"cb_deviceBody\":\"\"}},\"135\":{\"modified\":\"1\",\"type\":\"device\",\"enabled\":\"1\",\"collapsed\":\"0\",\"level\":\"2\",\"fields\":{\"cb_deviceImage\":[\"106\"],\"cb_deviceVideo\":\"\",\"cb_deviceHeadline\":\"\",\"cb_deviceBody\":\"\"}},\"136\":{\"modified\":\"1\",\"type\":\"cb_section\",\"enabled\":\"1\",\"collapsed\":\"0\",\"level\":\"0\",\"fields\":{\"cb_sectionTitle\":\"Video\",\"cb_sectionBackgroundColor\":\"gray\"}},\"137\":{\"modified\":\"1\",\"type\":\"centeredTextLockup\",\"enabled\":\"1\",\"collapsed\":\"0\",\"level\":\"1\"},\"138\":{\"modified\":\"1\",\"type\":\"headline\",\"enabled\":\"1\",\"collapsed\":\"0\",\"level\":\"2\",\"fields\":{\"cb_headline\":\"See where your ads will run on Snapchat\"}},\"139\":{\"modified\":\"1\",\"type\":\"cb_centeredVideo\",\"enabled\":\"1\",\"collapsed\":\"0\",\"level\":\"1\",\"fields\":{\"cb_video\":\"\",\"cb_assetWidth\":\"wide\"}}},\"16\":\"1\",\"15\":\"blue\",\"7\":\"solutions\"}}', '2017-07-26 23:09:21', '2017-07-26 23:09:21', '3b0a0d0f-d3ab-4178-897f-0db0578803c5'),
 ('41', '98', '3', '1', 'en_us', '5', '', '{\"typeId\":\"3\",\"authorId\":\"1\",\"title\":\"Solutions\",\"slug\":\"solutions\",\"postDate\":1501109280,\"expiryDate\":null,\"enabled\":1,\"parentId\":\"\",\"fields\":{\"3\":{\"107\":{\"modified\":\"1\",\"type\":\"cb_section\",\"enabled\":\"1\",\"collapsed\":\"0\",\"level\":\"0\",\"fields\":{\"cb_sectionTitle\":\"Overview\",\"cb_sectionBackgroundColor\":\"gray\"}},\"108\":{\"modified\":\"1\",\"type\":\"centeredTextLockup\",\"enabled\":\"1\",\"collapsed\":\"0\",\"level\":\"1\"},\"109\":{\"modified\":\"1\",\"type\":\"headline\",\"enabled\":\"1\",\"collapsed\":\"0\",\"level\":\"2\",\"fields\":{\"cb_headline\":\"Our ad products are fun and effective, for every objective\"}},\"110\":{\"modified\":\"1\",\"type\":\"mobileDeviceGrid\",\"enabled\":\"1\",\"collapsed\":\"0\",\"level\":\"1\",\"fields\":{\"cb_chillahTooltip\":\"\"}},\"111\":{\"modified\":\"1\",\"type\":\"device\",\"enabled\":\"1\",\"collapsed\":\"0\",\"level\":\"2\",\"fields\":{\"cb_deviceImage\":[\"100\"],\"cb_deviceVideo\":\"\",\"cb_deviceHeadline\":\"Snap Ads\",\"cb_deviceBody\":\"Captivate your audience with full-screen Snap Ads.\"}},\"112\":{\"modified\":\"1\",\"type\":\"device\",\"enabled\":\"1\",\"collapsed\":\"0\",\"level\":\"2\",\"fields\":{\"cb_deviceImage\":[\"99\"],\"cb_deviceVideo\":\"\",\"cb_deviceHeadline\":\"Filters\",\"cb_deviceBody\":\"Own a place or event with location-based Filters.\"}},\"113\":{\"modified\":\"1\",\"type\":\"device\",\"enabled\":\"1\",\"collapsed\":\"0\",\"level\":\"2\",\"fields\":{\"cb_deviceImage\":[\"101\"],\"cb_deviceVideo\":\"\",\"cb_deviceHeadline\":\"Lenses\",\"cb_deviceBody\":\"Invite customers to play and share with Lenses.\"}},\"new0\":{\"modified\":\"1\",\"type\":\"cb_section\",\"enabled\":\"1\",\"collapsed\":\"0\",\"level\":\"0\",\"fields\":{\"cb_sectionTitle\":\"Snap Ads\",\"cb_sectionBackgroundColor\":\"white\"}},\"114\":{\"modified\":\"1\",\"type\":\"cb_section\",\"enabled\":\"1\",\"collapsed\":\"0\",\"level\":\"0\",\"fields\":{\"cb_sectionTitle\":\"Snap Ads\",\"cb_sectionBackgroundColor\":\"white\"}},\"115\":{\"modified\":\"1\",\"type\":\"centeredTextLockup\",\"enabled\":\"1\",\"collapsed\":\"0\",\"level\":\"1\"},\"116\":{\"modified\":\"1\",\"type\":\"headline\",\"enabled\":\"1\",\"collapsed\":\"0\",\"level\":\"2\",\"fields\":{\"cb_headline\":\"Snap Ads\"}},\"117\":{\"modified\":\"1\",\"type\":\"subhead\",\"enabled\":\"1\",\"collapsed\":\"0\",\"level\":\"2\",\"fields\":{\"cb_subhead\":\"The original vertical video ad \\u2014 now with attachments customized for your objectives.\"}},\"118\":{\"modified\":\"1\",\"type\":\"cb_section\",\"enabled\":\"1\",\"collapsed\":\"0\",\"level\":\"0\",\"fields\":{\"cb_sectionTitle\":\"Filters\",\"cb_sectionBackgroundColor\":\"gray\"}},\"119\":{\"modified\":\"1\",\"type\":\"centeredTextLockup\",\"enabled\":\"1\",\"collapsed\":\"0\",\"level\":\"1\"},\"120\":{\"modified\":\"1\",\"type\":\"headline\",\"enabled\":\"1\",\"collapsed\":\"0\",\"level\":\"2\",\"fields\":{\"cb_headline\":\"Filters\"}},\"121\":{\"modified\":\"1\",\"type\":\"subhead\",\"enabled\":\"1\",\"collapsed\":\"0\",\"level\":\"2\",\"fields\":{\"cb_subhead\":\"Filters allow you to be where your product is bought, thought about, or consumed. Create your own Filter and drive awareness, advocacy, and action in one package.\"}},\"122\":{\"modified\":\"1\",\"type\":\"primaryButton\",\"enabled\":\"1\",\"collapsed\":\"0\",\"level\":\"2\",\"fields\":{\"cb_button\":{\"type\":\"custom\",\"custom\":\"http:\\/\\/geofilters.snapchat.com\",\"entry\":\"\",\"customText\":\"Create A Filter\",\"target\":\"_blank\"}}},\"123\":{\"modified\":\"1\",\"type\":\"secondaryButton\",\"enabled\":\"1\",\"collapsed\":\"0\",\"level\":\"2\",\"fields\":{\"cb_button\":{\"type\":\"custom\",\"custom\":\"https:\\/\\/businesshelp.snapchat.com\\/en-US\\/article\\/create-geofilter\",\"entry\":\"\",\"customText\":\"View Guidelines\",\"target\":\"\"}}},\"124\":{\"modified\":\"1\",\"type\":\"mobileDeviceGrid\",\"enabled\":\"1\",\"collapsed\":\"0\",\"level\":\"1\",\"fields\":{\"cb_chillahTooltip\":{\"140\":{\"type\":\"tooltip\",\"enabled\":\"1\",\"fields\":{\"chillah\":[\"143\"],\"tooltipText\":\"<p>On average, more than a billion Snaps with Filters are viewed every day.<sup>1<\\/sup><\\/p>\",\"location\":\"topRight\"}}}}},\"125\":{\"modified\":\"1\",\"type\":\"device\",\"enabled\":\"1\",\"collapsed\":\"0\",\"level\":\"2\",\"fields\":{\"cb_deviceImage\":[\"101\"],\"cb_deviceVideo\":\"\",\"cb_deviceHeadline\":\"\",\"cb_deviceBody\":\"\"}},\"126\":{\"modified\":\"1\",\"type\":\"device\",\"enabled\":\"1\",\"collapsed\":\"0\",\"level\":\"2\",\"fields\":{\"cb_deviceImage\":[\"102\"],\"cb_deviceVideo\":\"\",\"cb_deviceHeadline\":\"\",\"cb_deviceBody\":\"\"}},\"127\":{\"modified\":\"1\",\"type\":\"device\",\"enabled\":\"1\",\"collapsed\":\"0\",\"level\":\"2\",\"fields\":{\"cb_deviceImage\":[\"103\"],\"cb_deviceVideo\":\"\",\"cb_deviceHeadline\":\"\",\"cb_deviceBody\":\"\"}},\"128\":{\"modified\":\"1\",\"type\":\"cb_section\",\"enabled\":\"1\",\"collapsed\":\"0\",\"level\":\"0\",\"fields\":{\"cb_sectionTitle\":\"Lenses\",\"cb_sectionBackgroundColor\":\"white\"}},\"129\":{\"modified\":\"1\",\"type\":\"centeredTextLockup\",\"enabled\":\"1\",\"collapsed\":\"0\",\"level\":\"1\"},\"130\":{\"modified\":\"1\",\"type\":\"headline\",\"enabled\":\"1\",\"collapsed\":\"0\",\"level\":\"2\",\"fields\":{\"cb_headline\":\"Lenses\"}},\"131\":{\"modified\":\"1\",\"type\":\"subhead\",\"enabled\":\"1\",\"collapsed\":\"0\",\"level\":\"2\",\"fields\":{\"cb_subhead\":\"Lenses are the most playful and memorable way to increase awareness, on a massive scale. With one tap, you can invite Snapchatters into your world \\u2014 and your story.\"}},\"132\":{\"modified\":\"1\",\"type\":\"mobileDeviceGrid\",\"enabled\":\"1\",\"collapsed\":\"0\",\"level\":\"1\",\"fields\":{\"cb_chillahTooltip\":\"\"}},\"133\":{\"modified\":\"1\",\"type\":\"device\",\"enabled\":\"1\",\"collapsed\":\"0\",\"level\":\"2\",\"fields\":{\"cb_deviceImage\":[\"104\"],\"cb_deviceVideo\":\"\",\"cb_deviceHeadline\":\"\",\"cb_deviceBody\":\"\"}},\"134\":{\"modified\":\"1\",\"type\":\"device\",\"enabled\":\"1\",\"collapsed\":\"0\",\"level\":\"2\",\"fields\":{\"cb_deviceImage\":[\"105\"],\"cb_deviceVideo\":\"\",\"cb_deviceHeadline\":\"\",\"cb_deviceBody\":\"\"}},\"135\":{\"modified\":\"1\",\"type\":\"device\",\"enabled\":\"1\",\"collapsed\":\"0\",\"level\":\"2\",\"fields\":{\"cb_deviceImage\":[\"106\"],\"cb_deviceVideo\":\"\",\"cb_deviceHeadline\":\"\",\"cb_deviceBody\":\"\"}},\"136\":{\"modified\":\"1\",\"type\":\"cb_section\",\"enabled\":\"1\",\"collapsed\":\"0\",\"level\":\"0\",\"fields\":{\"cb_sectionTitle\":\"Video\",\"cb_sectionBackgroundColor\":\"gray\"}},\"137\":{\"modified\":\"1\",\"type\":\"centeredTextLockup\",\"enabled\":\"1\",\"collapsed\":\"0\",\"level\":\"1\"},\"138\":{\"modified\":\"1\",\"type\":\"headline\",\"enabled\":\"1\",\"collapsed\":\"0\",\"level\":\"2\",\"fields\":{\"cb_headline\":\"See where your ads will run on Snapchat\"}},\"139\":{\"modified\":\"1\",\"type\":\"cb_centeredVideo\",\"enabled\":\"1\",\"collapsed\":\"0\",\"level\":\"1\",\"fields\":{\"cb_video\":\"\",\"cb_assetWidth\":\"wide\"}}},\"16\":\"1\",\"15\":\"blue\",\"7\":\"solutions\"}}', '2017-07-26 23:22:14', '2017-07-26 23:22:14', '2cd6341a-17aa-4115-abfa-b1feed7ae0a8'),
 ('42', '98', '3', '1', 'en_us', '6', '', '{\"typeId\":\"3\",\"authorId\":\"1\",\"title\":\"Solutions\",\"slug\":\"solutions\",\"postDate\":1501109280,\"expiryDate\":null,\"enabled\":1,\"parentId\":\"\",\"fields\":{\"3\":{\"107\":{\"modified\":\"1\",\"type\":\"cb_section\",\"enabled\":\"1\",\"collapsed\":\"0\",\"level\":\"0\",\"fields\":{\"cb_sectionTitle\":\"Overview\",\"cb_sectionBackgroundColor\":\"gray\"}},\"108\":{\"modified\":\"1\",\"type\":\"centeredTextLockup\",\"enabled\":\"1\",\"collapsed\":\"0\",\"level\":\"1\"},\"109\":{\"modified\":\"1\",\"type\":\"headline\",\"enabled\":\"1\",\"collapsed\":\"0\",\"level\":\"2\",\"fields\":{\"cb_headline\":\"Our ad products are fun and effective, for every objective\"}},\"110\":{\"modified\":\"1\",\"type\":\"mobileDeviceGrid\",\"enabled\":\"1\",\"collapsed\":\"0\",\"level\":\"1\",\"fields\":{\"cb_chillahTooltip\":\"\"}},\"111\":{\"modified\":\"1\",\"type\":\"device\",\"enabled\":\"1\",\"collapsed\":\"0\",\"level\":\"2\",\"fields\":{\"cb_deviceImage\":[\"100\"],\"cb_deviceVideo\":\"\",\"cb_deviceHeadline\":\"Snap Ads\",\"cb_deviceBody\":\"Captivate your audience with full-screen Snap Ads.\"}},\"112\":{\"modified\":\"1\",\"type\":\"device\",\"enabled\":\"1\",\"collapsed\":\"0\",\"level\":\"2\",\"fields\":{\"cb_deviceImage\":[\"99\"],\"cb_deviceVideo\":\"\",\"cb_deviceHeadline\":\"Filters\",\"cb_deviceBody\":\"Own a place or event with location-based Filters.\"}},\"113\":{\"modified\":\"1\",\"type\":\"device\",\"enabled\":\"1\",\"collapsed\":\"0\",\"level\":\"2\",\"fields\":{\"cb_deviceImage\":[\"101\"],\"cb_deviceVideo\":\"\",\"cb_deviceHeadline\":\"Lenses\",\"cb_deviceBody\":\"Invite customers to play and share with Lenses.\"}},\"144\":{\"modified\":\"1\",\"type\":\"cb_section\",\"enabled\":\"1\",\"collapsed\":\"0\",\"level\":\"0\",\"fields\":{\"cb_sectionTitle\":\"Snap Ads\",\"cb_sectionBackgroundColor\":\"white\"}},\"new0\":{\"modified\":\"1\",\"type\":\"deviceTabs\",\"enabled\":\"1\",\"collapsed\":\"0\",\"level\":\"1\",\"fields\":{\"cb_chillahTooltip\":{\"new1\":{\"type\":\"tooltip\",\"enabled\":\"1\",\"fields\":{\"chillah\":[\"141\"],\"tooltipText\":\"<p>On average, over 10 billion videos are watched on Snapchat every day.<sup>1<\\/sup><\\/p>\",\"location\":\"topLeft\"}}}}},\"new1\":{\"modified\":\"1\",\"type\":\"deviceTab\",\"enabled\":\"1\",\"collapsed\":\"0\",\"level\":\"2\",\"fields\":{\"cb_tabImage\":[\"145\"],\"tabLabel\":\"Snap Ads\",\"cb_tabDescription\":\"Snap Ads are full-screen, 100% viewable, and have audio on by default.\",\"tabVideo\":\"\"}},\"new2\":{\"modified\":\"1\",\"type\":\"deviceTab\",\"enabled\":\"1\",\"collapsed\":\"0\",\"level\":\"2\",\"fields\":{\"cb_tabImage\":\"\",\"tabLabel\":\"+ Web View\",\"cb_tabDescription\":\"Drive traffic to your pre-loaded website. With our Auto-Fill feature, Snapchatters can send you their account email and more by just tapping.\",\"tabVideo\":\"\"}},\"new3\":{\"modified\":\"1\",\"type\":\"deviceTab\",\"enabled\":\"1\",\"collapsed\":\"0\",\"level\":\"2\",\"fields\":{\"cb_tabImage\":\"\",\"tabLabel\":\"\",\"cb_tabDescription\":\"\",\"tabVideo\":\"\"}},\"new4\":{\"modified\":\"1\",\"type\":\"deviceTab\",\"enabled\":\"1\",\"collapsed\":\"0\",\"level\":\"2\",\"fields\":{\"cb_tabImage\":\"\",\"tabLabel\":\"\",\"cb_tabDescription\":\"\",\"tabVideo\":\"\"}},\"114\":{\"modified\":\"1\",\"type\":\"cb_section\",\"enabled\":\"1\",\"collapsed\":\"0\",\"level\":\"0\",\"fields\":{\"cb_sectionTitle\":\"Snap Ads\",\"cb_sectionBackgroundColor\":\"white\"}},\"115\":{\"modified\":\"1\",\"type\":\"centeredTextLockup\",\"enabled\":\"1\",\"collapsed\":\"0\",\"level\":\"1\"},\"116\":{\"modified\":\"1\",\"type\":\"headline\",\"enabled\":\"1\",\"collapsed\":\"0\",\"level\":\"2\",\"fields\":{\"cb_headline\":\"Snap Ads\"}},\"117\":{\"modified\":\"1\",\"type\":\"subhead\",\"enabled\":\"1\",\"collapsed\":\"0\",\"level\":\"2\",\"fields\":{\"cb_subhead\":\"The original vertical video ad \\u2014 now with attachments customized for your objectives.\"}},\"118\":{\"modified\":\"1\",\"type\":\"cb_section\",\"enabled\":\"1\",\"collapsed\":\"0\",\"level\":\"0\",\"fields\":{\"cb_sectionTitle\":\"Filters\",\"cb_sectionBackgroundColor\":\"gray\"}},\"119\":{\"modified\":\"1\",\"type\":\"centeredTextLockup\",\"enabled\":\"1\",\"collapsed\":\"0\",\"level\":\"1\"},\"120\":{\"modified\":\"1\",\"type\":\"headline\",\"enabled\":\"1\",\"collapsed\":\"0\",\"level\":\"2\",\"fields\":{\"cb_headline\":\"Filters\"}},\"121\":{\"modified\":\"1\",\"type\":\"subhead\",\"enabled\":\"1\",\"collapsed\":\"0\",\"level\":\"2\",\"fields\":{\"cb_subhead\":\"Filters allow you to be where your product is bought, thought about, or consumed. Create your own Filter and drive awareness, advocacy, and action in one package.\"}},\"122\":{\"modified\":\"1\",\"type\":\"primaryButton\",\"enabled\":\"1\",\"collapsed\":\"0\",\"level\":\"2\",\"fields\":{\"cb_button\":{\"type\":\"custom\",\"custom\":\"http:\\/\\/geofilters.snapchat.com\",\"entry\":\"\",\"customText\":\"Create A Filter\",\"target\":\"_blank\"}}},\"123\":{\"modified\":\"1\",\"type\":\"secondaryButton\",\"enabled\":\"1\",\"collapsed\":\"0\",\"level\":\"2\",\"fields\":{\"cb_button\":{\"type\":\"custom\",\"custom\":\"https:\\/\\/businesshelp.snapchat.com\\/en-US\\/article\\/create-geofilter\",\"entry\":\"\",\"customText\":\"View Guidelines\",\"target\":\"\"}}},\"124\":{\"modified\":\"1\",\"type\":\"mobileDeviceGrid\",\"enabled\":\"1\",\"collapsed\":\"0\",\"level\":\"1\",\"fields\":{\"cb_chillahTooltip\":{\"140\":{\"type\":\"tooltip\",\"enabled\":\"1\",\"fields\":{\"chillah\":[\"143\"],\"tooltipText\":\"<p>On average, more than a billion Snaps with Filters are viewed every day.<sup>1<\\/sup><\\/p>\",\"location\":\"topRight\"}}}}},\"125\":{\"modified\":\"1\",\"type\":\"device\",\"enabled\":\"1\",\"collapsed\":\"0\",\"level\":\"2\",\"fields\":{\"cb_deviceImage\":[\"101\"],\"cb_deviceVideo\":\"\",\"cb_deviceHeadline\":\"\",\"cb_deviceBody\":\"\"}},\"126\":{\"modified\":\"1\",\"type\":\"device\",\"enabled\":\"1\",\"collapsed\":\"0\",\"level\":\"2\",\"fields\":{\"cb_deviceImage\":[\"102\"],\"cb_deviceVideo\":\"\",\"cb_deviceHeadline\":\"\",\"cb_deviceBody\":\"\"}},\"127\":{\"modified\":\"1\",\"type\":\"device\",\"enabled\":\"1\",\"collapsed\":\"0\",\"level\":\"2\",\"fields\":{\"cb_deviceImage\":[\"103\"],\"cb_deviceVideo\":\"\",\"cb_deviceHeadline\":\"\",\"cb_deviceBody\":\"\"}},\"128\":{\"modified\":\"1\",\"type\":\"cb_section\",\"enabled\":\"1\",\"collapsed\":\"0\",\"level\":\"0\",\"fields\":{\"cb_sectionTitle\":\"Lenses\",\"cb_sectionBackgroundColor\":\"white\"}},\"129\":{\"modified\":\"1\",\"type\":\"centeredTextLockup\",\"enabled\":\"1\",\"collapsed\":\"0\",\"level\":\"1\"},\"130\":{\"modified\":\"1\",\"type\":\"headline\",\"enabled\":\"1\",\"collapsed\":\"0\",\"level\":\"2\",\"fields\":{\"cb_headline\":\"Lenses\"}},\"131\":{\"modified\":\"1\",\"type\":\"subhead\",\"enabled\":\"1\",\"collapsed\":\"0\",\"level\":\"2\",\"fields\":{\"cb_subhead\":\"Lenses are the most playful and memorable way to increase awareness, on a massive scale. With one tap, you can invite Snapchatters into your world \\u2014 and your story.\"}},\"132\":{\"modified\":\"1\",\"type\":\"mobileDeviceGrid\",\"enabled\":\"1\",\"collapsed\":\"0\",\"level\":\"1\",\"fields\":{\"cb_chillahTooltip\":\"\"}},\"133\":{\"modified\":\"1\",\"type\":\"device\",\"enabled\":\"1\",\"collapsed\":\"0\",\"level\":\"2\",\"fields\":{\"cb_deviceImage\":[\"104\"],\"cb_deviceVideo\":\"\",\"cb_deviceHeadline\":\"\",\"cb_deviceBody\":\"\"}},\"134\":{\"modified\":\"1\",\"type\":\"device\",\"enabled\":\"1\",\"collapsed\":\"0\",\"level\":\"2\",\"fields\":{\"cb_deviceImage\":[\"105\"],\"cb_deviceVideo\":\"\",\"cb_deviceHeadline\":\"\",\"cb_deviceBody\":\"\"}},\"135\":{\"modified\":\"1\",\"type\":\"device\",\"enabled\":\"1\",\"collapsed\":\"0\",\"level\":\"2\",\"fields\":{\"cb_deviceImage\":[\"106\"],\"cb_deviceVideo\":\"\",\"cb_deviceHeadline\":\"\",\"cb_deviceBody\":\"\"}},\"136\":{\"modified\":\"1\",\"type\":\"cb_section\",\"enabled\":\"1\",\"collapsed\":\"0\",\"level\":\"0\",\"fields\":{\"cb_sectionTitle\":\"Video\",\"cb_sectionBackgroundColor\":\"gray\"}},\"137\":{\"modified\":\"1\",\"type\":\"centeredTextLockup\",\"enabled\":\"1\",\"collapsed\":\"0\",\"level\":\"1\"},\"138\":{\"modified\":\"1\",\"type\":\"headline\",\"enabled\":\"1\",\"collapsed\":\"0\",\"level\":\"2\",\"fields\":{\"cb_headline\":\"See where your ads will run on Snapchat\"}}},\"16\":\"1\",\"15\":\"blue\",\"7\":\"solutions\"}}', '2017-07-26 23:33:33', '2017-07-26 23:33:33', '46e4c353-7c13-45d2-b922-a7f90f98072f'),
 ('43', '98', '3', '1', 'en_us', '7', '', '{\"typeId\":\"3\",\"authorId\":\"1\",\"title\":\"Solutions\",\"slug\":\"solutions\",\"postDate\":1501109280,\"expiryDate\":null,\"enabled\":1,\"parentId\":\"\",\"fields\":{\"3\":{\"107\":{\"modified\":\"1\",\"type\":\"cb_section\",\"enabled\":\"1\",\"collapsed\":\"0\",\"level\":\"0\",\"fields\":{\"cb_sectionTitle\":\"Overview\",\"cb_sectionBackgroundColor\":\"gray\"}},\"108\":{\"modified\":\"1\",\"type\":\"centeredTextLockup\",\"enabled\":\"1\",\"collapsed\":\"0\",\"level\":\"1\"},\"109\":{\"modified\":\"1\",\"type\":\"headline\",\"enabled\":\"1\",\"collapsed\":\"0\",\"level\":\"2\",\"fields\":{\"cb_headline\":\"Our ad products are fun and effective, for every objective\"}},\"110\":{\"modified\":\"1\",\"type\":\"mobileDeviceGrid\",\"enabled\":\"1\",\"collapsed\":\"0\",\"level\":\"1\",\"fields\":{\"cb_chillahTooltip\":\"\"}},\"111\":{\"modified\":\"1\",\"type\":\"device\",\"enabled\":\"1\",\"collapsed\":\"0\",\"level\":\"2\",\"fields\":{\"cb_deviceImage\":[\"100\"],\"cb_deviceVideo\":\"\",\"cb_deviceHeadline\":\"Snap Ads\",\"cb_deviceBody\":\"Captivate your audience with full-screen Snap Ads.\"}},\"112\":{\"modified\":\"1\",\"type\":\"device\",\"enabled\":\"1\",\"collapsed\":\"0\",\"level\":\"2\",\"fields\":{\"cb_deviceImage\":[\"99\"],\"cb_deviceVideo\":\"\",\"cb_deviceHeadline\":\"Filters\",\"cb_deviceBody\":\"Own a place or event with location-based Filters.\"}},\"113\":{\"modified\":\"1\",\"type\":\"device\",\"enabled\":\"1\",\"collapsed\":\"0\",\"level\":\"2\",\"fields\":{\"cb_deviceImage\":[\"160\"],\"cb_deviceVideo\":\"\",\"cb_deviceHeadline\":\"Lenses\",\"cb_deviceBody\":\"Invite customers to play and share with Lenses.\"}},\"144\":{\"modified\":\"1\",\"type\":\"cb_section\",\"enabled\":\"1\",\"collapsed\":\"0\",\"level\":\"0\",\"fields\":{\"cb_sectionTitle\":\"Snap Ads\",\"cb_sectionBackgroundColor\":\"white\"}},\"162\":{\"modified\":\"1\",\"type\":\"deviceTabs\",\"enabled\":\"1\",\"collapsed\":\"0\",\"level\":\"1\",\"fields\":{\"cb_chillahTooltip\":{\"163\":{\"type\":\"tooltip\",\"enabled\":\"1\",\"fields\":{\"chillah\":[\"141\"],\"tooltipText\":\"<p>On average, over 10 billion videos are watched on Snapchat every day.<sup>1<\\/sup><\\/p>\",\"location\":\"topLeft\"}}}}},\"164\":{\"modified\":\"1\",\"type\":\"deviceTab\",\"enabled\":\"1\",\"collapsed\":\"0\",\"level\":\"2\",\"fields\":{\"cb_tabImage\":[\"145\"],\"tabLabel\":\"Snap Ads\",\"cb_tabDescription\":\"Snap Ads are full-screen, 100% viewable, and have audio on by default.\",\"tabPosterImage\":[\"152\"],\"tabVideo\":\"\"}},\"165\":{\"modified\":\"1\",\"type\":\"deviceTab\",\"enabled\":\"1\",\"collapsed\":\"0\",\"level\":\"2\",\"fields\":{\"cb_tabImage\":[\"146\"],\"tabLabel\":\"+ Web View\",\"cb_tabDescription\":\"Drive traffic to your pre-loaded website. With our Auto-Fill feature, Snapchatters can send you their account email and more by just tapping.\",\"tabPosterImage\":[\"102\"],\"tabVideo\":\"\"}},\"166\":{\"modified\":\"1\",\"type\":\"deviceTab\",\"enabled\":\"1\",\"collapsed\":\"0\",\"level\":\"2\",\"fields\":{\"cb_tabImage\":[\"147\"],\"tabLabel\":\"+ App Install\",\"cb_tabDescription\":\"Drive installs for your app with a swipe and a tap. Snapchatters can even install your app without leaving ours.\",\"tabPosterImage\":[\"154\"],\"tabVideo\":\"\"}},\"167\":{\"modified\":\"1\",\"type\":\"deviceTab\",\"enabled\":\"1\",\"collapsed\":\"0\",\"level\":\"2\",\"fields\":{\"cb_tabImage\":[\"148\"],\"tabLabel\":\"+ Long Form Video\",\"cb_tabDescription\":\"Drive views for your trailer, short film, how-to, or any other video.\",\"tabPosterImage\":[\"105\"],\"tabVideo\":\"\"}},\"114\":{\"modified\":\"1\",\"type\":\"cb_section\",\"enabled\":\"1\",\"collapsed\":\"0\",\"level\":\"0\",\"fields\":{\"cb_sectionTitle\":\"Snap Ads\",\"cb_sectionBackgroundColor\":\"white\"}},\"115\":{\"modified\":\"1\",\"type\":\"centeredTextLockup\",\"enabled\":\"1\",\"collapsed\":\"0\",\"level\":\"1\"},\"116\":{\"modified\":\"1\",\"type\":\"headline\",\"enabled\":\"1\",\"collapsed\":\"0\",\"level\":\"2\",\"fields\":{\"cb_headline\":\"Snap Ads\"}},\"117\":{\"modified\":\"1\",\"type\":\"subhead\",\"enabled\":\"1\",\"collapsed\":\"0\",\"level\":\"2\",\"fields\":{\"cb_subhead\":\"The original vertical video ad \\u2014 now with attachments customized for your objectives.\"}},\"118\":{\"modified\":\"1\",\"type\":\"cb_section\",\"enabled\":\"1\",\"collapsed\":\"0\",\"level\":\"0\",\"fields\":{\"cb_sectionTitle\":\"Filters\",\"cb_sectionBackgroundColor\":\"gray\"}},\"119\":{\"modified\":\"1\",\"type\":\"centeredTextLockup\",\"enabled\":\"1\",\"collapsed\":\"0\",\"level\":\"1\"},\"120\":{\"modified\":\"1\",\"type\":\"headline\",\"enabled\":\"1\",\"collapsed\":\"0\",\"level\":\"2\",\"fields\":{\"cb_headline\":\"Filters\"}},\"121\":{\"modified\":\"1\",\"type\":\"subhead\",\"enabled\":\"1\",\"collapsed\":\"0\",\"level\":\"2\",\"fields\":{\"cb_subhead\":\"Filters allow you to be where your product is bought, thought about, or consumed. Create your own Filter and drive awareness, advocacy, and action in one package.\"}},\"122\":{\"modified\":\"1\",\"type\":\"primaryButton\",\"enabled\":\"1\",\"collapsed\":\"0\",\"level\":\"2\",\"fields\":{\"cb_button\":{\"type\":\"custom\",\"custom\":\"http:\\/\\/geofilters.snapchat.com\",\"entry\":\"\",\"customText\":\"Create A Filter\",\"target\":\"_blank\"}}},\"123\":{\"modified\":\"1\",\"type\":\"secondaryButton\",\"enabled\":\"1\",\"collapsed\":\"0\",\"level\":\"2\",\"fields\":{\"cb_button\":{\"type\":\"custom\",\"custom\":\"https:\\/\\/businesshelp.snapchat.com\\/en-US\\/article\\/create-geofilter\",\"entry\":\"\",\"customText\":\"View Guidelines\",\"target\":\"\"}}},\"124\":{\"modified\":\"1\",\"type\":\"mobileDeviceGrid\",\"enabled\":\"1\",\"collapsed\":\"0\",\"level\":\"1\",\"fields\":{\"cb_chillahTooltip\":{\"140\":{\"type\":\"tooltip\",\"enabled\":\"1\",\"fields\":{\"chillah\":[\"143\"],\"tooltipText\":\"<p>On average, more than a billion Snaps with Filters are viewed every day.<sup>1<\\/sup><\\/p>\",\"location\":\"topRight\"}}}}},\"125\":{\"modified\":\"1\",\"type\":\"device\",\"enabled\":\"1\",\"collapsed\":\"0\",\"level\":\"2\",\"fields\":{\"cb_deviceImage\":[\"101\"],\"cb_deviceVideo\":\"\",\"cb_deviceHeadline\":\"\",\"cb_deviceBody\":\"\"}},\"126\":{\"modified\":\"1\",\"type\":\"device\",\"enabled\":\"1\",\"collapsed\":\"0\",\"level\":\"2\",\"fields\":{\"cb_deviceImage\":[\"157\"],\"cb_deviceVideo\":\"\",\"cb_deviceHeadline\":\"\",\"cb_deviceBody\":\"\"}},\"127\":{\"modified\":\"1\",\"type\":\"device\",\"enabled\":\"1\",\"collapsed\":\"0\",\"level\":\"2\",\"fields\":{\"cb_deviceImage\":[\"103\"],\"cb_deviceVideo\":\"\",\"cb_deviceHeadline\":\"\",\"cb_deviceBody\":\"\"}},\"128\":{\"modified\":\"1\",\"type\":\"cb_section\",\"enabled\":\"1\",\"collapsed\":\"0\",\"level\":\"0\",\"fields\":{\"cb_sectionTitle\":\"Lenses\",\"cb_sectionBackgroundColor\":\"white\"}},\"129\":{\"modified\":\"1\",\"type\":\"centeredTextLockup\",\"enabled\":\"1\",\"collapsed\":\"0\",\"level\":\"1\"},\"130\":{\"modified\":\"1\",\"type\":\"headline\",\"enabled\":\"1\",\"collapsed\":\"0\",\"level\":\"2\",\"fields\":{\"cb_headline\":\"Lenses\"}},\"131\":{\"modified\":\"1\",\"type\":\"subhead\",\"enabled\":\"1\",\"collapsed\":\"0\",\"level\":\"2\",\"fields\":{\"cb_subhead\":\"Lenses are the most playful and memorable way to increase awareness, on a massive scale. With one tap, you can invite Snapchatters into your world \\u2014 and your story.\"}},\"132\":{\"modified\":\"1\",\"type\":\"mobileDeviceGrid\",\"enabled\":\"1\",\"collapsed\":\"0\",\"level\":\"1\",\"fields\":{\"cb_chillahTooltip\":\"\"}},\"133\":{\"modified\":\"1\",\"type\":\"device\",\"enabled\":\"1\",\"collapsed\":\"0\",\"level\":\"2\",\"fields\":{\"cb_deviceImage\":[\"159\"],\"cb_deviceVideo\":\"\",\"cb_deviceHeadline\":\"\",\"cb_deviceBody\":\"\"}},\"134\":{\"modified\":\"1\",\"type\":\"device\",\"enabled\":\"1\",\"collapsed\":\"0\",\"level\":\"2\",\"fields\":{\"cb_deviceImage\":[\"151\"],\"cb_deviceVideo\":\"\",\"cb_deviceHeadline\":\"\",\"cb_deviceBody\":\"\"}},\"135\":{\"modified\":\"1\",\"type\":\"device\",\"enabled\":\"1\",\"collapsed\":\"0\",\"level\":\"2\",\"fields\":{\"cb_deviceImage\":[\"161\"],\"cb_deviceVideo\":\"\",\"cb_deviceHeadline\":\"\",\"cb_deviceBody\":\"\"}},\"136\":{\"modified\":\"1\",\"type\":\"cb_section\",\"enabled\":\"1\",\"collapsed\":\"0\",\"level\":\"0\",\"fields\":{\"cb_sectionTitle\":\"Video\",\"cb_sectionBackgroundColor\":\"gray\"}},\"137\":{\"modified\":\"1\",\"type\":\"centeredTextLockup\",\"enabled\":\"1\",\"collapsed\":\"0\",\"level\":\"1\"},\"138\":{\"modified\":\"1\",\"type\":\"headline\",\"enabled\":\"1\",\"collapsed\":\"0\",\"level\":\"2\",\"fields\":{\"cb_headline\":\"See where your ads will run on Snapchat\"}}},\"16\":\"1\",\"15\":\"blue\",\"7\":\"solutions\"}}', '2017-07-26 23:40:25', '2017-07-26 23:40:25', '14fcc0f8-c909-4b8f-abec-384f0b68fd63'),
 ('44', '98', '3', '1', 'en_us', '8', '', '{\"typeId\":\"3\",\"authorId\":\"1\",\"title\":\"Solutions\",\"slug\":\"solutions\",\"postDate\":1501109280,\"expiryDate\":null,\"enabled\":1,\"parentId\":\"\",\"fields\":{\"3\":{\"107\":{\"modified\":\"1\",\"type\":\"cb_section\",\"enabled\":\"1\",\"collapsed\":\"0\",\"level\":\"0\",\"fields\":{\"cb_sectionTitle\":\"Overview\",\"cb_sectionBackgroundColor\":\"gray\"}},\"108\":{\"modified\":\"1\",\"type\":\"centeredTextLockup\",\"enabled\":\"1\",\"collapsed\":\"0\",\"level\":\"1\"},\"109\":{\"modified\":\"1\",\"type\":\"headline\",\"enabled\":\"1\",\"collapsed\":\"0\",\"level\":\"2\",\"fields\":{\"cb_headline\":\"Our ad products are fun and effective, for every objective\"}},\"110\":{\"modified\":\"1\",\"type\":\"mobileDeviceGrid\",\"enabled\":\"1\",\"collapsed\":\"0\",\"level\":\"1\",\"fields\":{\"cb_chillahTooltip\":\"\"}},\"111\":{\"modified\":\"1\",\"type\":\"device\",\"enabled\":\"1\",\"collapsed\":\"0\",\"level\":\"2\",\"fields\":{\"cb_deviceImage\":[\"100\"],\"cb_deviceVideo\":\"\",\"cb_deviceHeadline\":\"Snap Ads\",\"cb_deviceBody\":\"Captivate your audience with full-screen Snap Ads.\"}},\"112\":{\"modified\":\"1\",\"type\":\"device\",\"enabled\":\"1\",\"collapsed\":\"0\",\"level\":\"2\",\"fields\":{\"cb_deviceImage\":[\"99\"],\"cb_deviceVideo\":\"\",\"cb_deviceHeadline\":\"Filters\",\"cb_deviceBody\":\"Own a place or event with location-based Filters.\"}},\"113\":{\"modified\":\"1\",\"type\":\"device\",\"enabled\":\"1\",\"collapsed\":\"0\",\"level\":\"2\",\"fields\":{\"cb_deviceImage\":[\"160\"],\"cb_deviceVideo\":\"\",\"cb_deviceHeadline\":\"Lenses\",\"cb_deviceBody\":\"Invite customers to play and share with Lenses.\"}},\"144\":{\"modified\":\"1\",\"type\":\"cb_section\",\"enabled\":\"1\",\"collapsed\":\"0\",\"level\":\"0\",\"fields\":{\"cb_sectionTitle\":\"Snap Ads\",\"cb_sectionBackgroundColor\":\"white\"}},\"162\":{\"modified\":\"1\",\"type\":\"deviceTabs\",\"enabled\":\"1\",\"collapsed\":\"0\",\"level\":\"1\",\"fields\":{\"cb_chillahTooltip\":{\"163\":{\"type\":\"tooltip\",\"enabled\":\"1\",\"fields\":{\"chillah\":[\"141\"],\"tooltipText\":\"<p>On average, over 10 billion videos are watched on Snapchat every day.<sup>1<\\/sup><\\/p>\",\"location\":\"topLeft\"}}}}},\"164\":{\"modified\":\"1\",\"type\":\"deviceTab\",\"enabled\":\"1\",\"collapsed\":\"0\",\"level\":\"2\",\"fields\":{\"cb_tabImage\":[\"145\"],\"tabLabel\":\"Snap Ads\",\"cb_tabDescription\":\"Snap Ads are full-screen, 100% viewable, and have audio on by default.\",\"tabPosterImage\":[\"152\"],\"tabVideo\":\"\"}},\"165\":{\"modified\":\"1\",\"type\":\"deviceTab\",\"enabled\":\"1\",\"collapsed\":\"0\",\"level\":\"2\",\"fields\":{\"cb_tabImage\":[\"146\"],\"tabLabel\":\"+ Web View\",\"cb_tabDescription\":\"Drive traffic to your pre-loaded website. With our Auto-Fill feature, Snapchatters can send you their account email and more by just tapping.\",\"tabPosterImage\":[\"102\"],\"tabVideo\":\"\"}},\"166\":{\"modified\":\"1\",\"type\":\"deviceTab\",\"enabled\":\"1\",\"collapsed\":\"0\",\"level\":\"2\",\"fields\":{\"cb_tabImage\":[\"147\"],\"tabLabel\":\"+ App Install\",\"cb_tabDescription\":\"Drive installs for your app with a swipe and a tap. Snapchatters can even install your app without leaving ours.\",\"tabPosterImage\":[\"154\"],\"tabVideo\":\"\"}},\"167\":{\"modified\":\"1\",\"type\":\"deviceTab\",\"enabled\":\"1\",\"collapsed\":\"0\",\"level\":\"2\",\"fields\":{\"cb_tabImage\":[\"148\"],\"tabLabel\":\"+ Long Form Video\",\"cb_tabDescription\":\"Drive views for your trailer, short film, how-to, or any other video.\",\"tabPosterImage\":[\"105\"],\"tabVideo\":\"\"}},\"114\":{\"modified\":\"1\",\"type\":\"cb_section\",\"enabled\":\"1\",\"collapsed\":\"0\",\"level\":\"0\",\"fields\":{\"cb_sectionTitle\":\"Snap Ads\",\"cb_sectionBackgroundColor\":\"white\"}},\"115\":{\"modified\":\"1\",\"type\":\"centeredTextLockup\",\"enabled\":\"1\",\"collapsed\":\"0\",\"level\":\"1\"},\"116\":{\"modified\":\"1\",\"type\":\"headline\",\"enabled\":\"1\",\"collapsed\":\"0\",\"level\":\"2\",\"fields\":{\"cb_headline\":\"Snap Ads\"}},\"117\":{\"modified\":\"1\",\"type\":\"subhead\",\"enabled\":\"1\",\"collapsed\":\"0\",\"level\":\"2\",\"fields\":{\"cb_subhead\":\"The original vertical video ad \\u2014 now with attachments customized for your objectives.\"}},\"118\":{\"modified\":\"1\",\"type\":\"cb_section\",\"enabled\":\"1\",\"collapsed\":\"0\",\"level\":\"0\",\"fields\":{\"cb_sectionTitle\":\"Filters\",\"cb_sectionBackgroundColor\":\"gray\"}},\"119\":{\"modified\":\"1\",\"type\":\"centeredTextLockup\",\"enabled\":\"1\",\"collapsed\":\"0\",\"level\":\"1\"},\"120\":{\"modified\":\"1\",\"type\":\"headline\",\"enabled\":\"1\",\"collapsed\":\"0\",\"level\":\"2\",\"fields\":{\"cb_headline\":\"Filters\"}},\"121\":{\"modified\":\"1\",\"type\":\"subhead\",\"enabled\":\"1\",\"collapsed\":\"0\",\"level\":\"2\",\"fields\":{\"cb_subhead\":\"Filters allow you to be where your product is bought, thought about, or consumed. Create your own Filter and drive awareness, advocacy, and action in one package.\"}},\"122\":{\"modified\":\"1\",\"type\":\"primaryButton\",\"enabled\":\"1\",\"collapsed\":\"0\",\"level\":\"2\",\"fields\":{\"cb_button\":{\"type\":\"custom\",\"custom\":\"http:\\/\\/geofilters.snapchat.com\",\"entry\":\"\",\"customText\":\"Create A Filter\",\"target\":\"_blank\"}}},\"123\":{\"modified\":\"1\",\"type\":\"secondaryButton\",\"enabled\":\"1\",\"collapsed\":\"0\",\"level\":\"2\",\"fields\":{\"cb_button\":{\"type\":\"custom\",\"custom\":\"https:\\/\\/businesshelp.snapchat.com\\/en-US\\/article\\/create-geofilter\",\"entry\":\"\",\"customText\":\"View Guidelines\",\"target\":\"\"}}},\"124\":{\"modified\":\"1\",\"type\":\"mobileDeviceGrid\",\"enabled\":\"1\",\"collapsed\":\"0\",\"level\":\"1\",\"fields\":{\"cb_chillahTooltip\":{\"140\":{\"type\":\"tooltip\",\"enabled\":\"1\",\"fields\":{\"chillah\":[\"143\"],\"tooltipText\":\"<p>On average, more than a billion Snaps with Filters are viewed every day.<sup>1<\\/sup><\\/p>\",\"location\":\"topRight\"}}}}},\"125\":{\"modified\":\"1\",\"type\":\"device\",\"enabled\":\"1\",\"collapsed\":\"0\",\"level\":\"2\",\"fields\":{\"cb_deviceImage\":[\"101\"],\"cb_deviceVideo\":\"\",\"cb_deviceHeadline\":\"\",\"cb_deviceBody\":\"\"}},\"126\":{\"modified\":\"1\",\"type\":\"device\",\"enabled\":\"1\",\"collapsed\":\"0\",\"level\":\"2\",\"fields\":{\"cb_deviceImage\":[\"157\"],\"cb_deviceVideo\":\"\",\"cb_deviceHeadline\":\"\",\"cb_deviceBody\":\"\"}},\"127\":{\"modified\":\"1\",\"type\":\"device\",\"enabled\":\"1\",\"collapsed\":\"0\",\"level\":\"2\",\"fields\":{\"cb_deviceImage\":[\"103\"],\"cb_deviceVideo\":\"\",\"cb_deviceHeadline\":\"\",\"cb_deviceBody\":\"\"}},\"128\":{\"modified\":\"1\",\"type\":\"cb_section\",\"enabled\":\"1\",\"collapsed\":\"0\",\"level\":\"0\",\"fields\":{\"cb_sectionTitle\":\"Lenses\",\"cb_sectionBackgroundColor\":\"white\"}},\"129\":{\"modified\":\"1\",\"type\":\"centeredTextLockup\",\"enabled\":\"1\",\"collapsed\":\"0\",\"level\":\"1\"},\"130\":{\"modified\":\"1\",\"type\":\"headline\",\"enabled\":\"1\",\"collapsed\":\"0\",\"level\":\"2\",\"fields\":{\"cb_headline\":\"Lenses\"}},\"131\":{\"modified\":\"1\",\"type\":\"subhead\",\"enabled\":\"1\",\"collapsed\":\"0\",\"level\":\"2\",\"fields\":{\"cb_subhead\":\"Lenses are the most playful and memorable way to increase awareness, on a massive scale. With one tap, you can invite Snapchatters into your world \\u2014 and your story.\"}},\"132\":{\"modified\":\"1\",\"type\":\"mobileDeviceGrid\",\"enabled\":\"1\",\"collapsed\":\"0\",\"level\":\"1\",\"fields\":{\"cb_chillahTooltip\":\"\"}},\"133\":{\"modified\":\"1\",\"type\":\"device\",\"enabled\":\"1\",\"collapsed\":\"0\",\"level\":\"2\",\"fields\":{\"cb_deviceImage\":[\"159\"],\"cb_deviceVideo\":\"\",\"cb_deviceHeadline\":\"\",\"cb_deviceBody\":\"\"}},\"134\":{\"modified\":\"1\",\"type\":\"device\",\"enabled\":\"1\",\"collapsed\":\"0\",\"level\":\"2\",\"fields\":{\"cb_deviceImage\":[\"151\"],\"cb_deviceVideo\":\"\",\"cb_deviceHeadline\":\"\",\"cb_deviceBody\":\"\"}},\"135\":{\"modified\":\"1\",\"type\":\"device\",\"enabled\":\"1\",\"collapsed\":\"0\",\"level\":\"2\",\"fields\":{\"cb_deviceImage\":[\"161\"],\"cb_deviceVideo\":\"\",\"cb_deviceHeadline\":\"\",\"cb_deviceBody\":\"\"}},\"136\":{\"modified\":\"1\",\"type\":\"cb_section\",\"enabled\":\"1\",\"collapsed\":\"0\",\"level\":\"0\",\"fields\":{\"cb_sectionTitle\":\"Video\",\"cb_sectionBackgroundColor\":\"gray\"}},\"137\":{\"modified\":\"1\",\"type\":\"centeredTextLockup\",\"enabled\":\"1\",\"collapsed\":\"0\",\"level\":\"1\"},\"138\":{\"modified\":\"1\",\"type\":\"headline\",\"enabled\":\"1\",\"collapsed\":\"0\",\"level\":\"2\",\"fields\":{\"cb_headline\":\"See where your ads will run on Snapchat\"}}},\"16\":\"1\",\"15\":\"blue\",\"7\":\"solutions\"}}', '2017-07-26 23:40:35', '2017-07-26 23:40:35', '19e2068e-7dee-4bed-9ca5-c3ca91d0de15'),
 ('45', '98', '3', '1', 'en_us', '9', '', '{\"typeId\":\"3\",\"authorId\":\"1\",\"title\":\"Solutions\",\"slug\":\"solutions\",\"postDate\":1501109280,\"expiryDate\":null,\"enabled\":1,\"parentId\":\"\",\"fields\":{\"3\":{\"107\":{\"modified\":\"1\",\"type\":\"cb_section\",\"enabled\":\"1\",\"collapsed\":\"0\",\"level\":\"0\",\"fields\":{\"cb_sectionTitle\":\"Overview\",\"cb_sectionBackgroundColor\":\"gray\"}},\"108\":{\"modified\":\"1\",\"type\":\"centeredTextLockup\",\"enabled\":\"1\",\"collapsed\":\"0\",\"level\":\"1\"},\"109\":{\"modified\":\"1\",\"type\":\"headline\",\"enabled\":\"1\",\"collapsed\":\"0\",\"level\":\"2\",\"fields\":{\"cb_headline\":\"Our ad products are fun and effective, for every objective\"}},\"110\":{\"modified\":\"1\",\"type\":\"mobileDeviceGrid\",\"enabled\":\"1\",\"collapsed\":\"0\",\"level\":\"1\",\"fields\":{\"cb_chillahTooltip\":\"\"}},\"111\":{\"modified\":\"1\",\"type\":\"device\",\"enabled\":\"1\",\"collapsed\":\"0\",\"level\":\"2\",\"fields\":{\"cb_deviceImage\":[\"100\"],\"cb_deviceVideo\":\"\",\"cb_deviceHeadline\":\"Snap Ads\",\"cb_deviceBody\":\"Captivate your audience with full-screen Snap Ads.\"}},\"new0\":{\"modified\":\"1\",\"type\":\"deviceText\",\"enabled\":\"1\",\"collapsed\":\"0\",\"level\":\"3\",\"fields\":{\"cb_headline\":\"Snap Ads\",\"cb_subhead\":\"Captivate your audience with full-screen Snap Ads.\"}},\"112\":{\"modified\":\"1\",\"type\":\"device\",\"enabled\":\"1\",\"collapsed\":\"0\",\"level\":\"2\",\"fields\":{\"cb_deviceImage\":[\"99\"],\"cb_deviceVideo\":\"\",\"cb_deviceHeadline\":\"Filters\",\"cb_deviceBody\":\"Own a place or event with location-based Filters.\"}},\"new1\":{\"modified\":\"1\",\"type\":\"deviceText\",\"enabled\":\"1\",\"collapsed\":\"0\",\"level\":\"3\",\"fields\":{\"cb_headline\":\"Filters\",\"cb_subhead\":\"Own a place or event with location-based Filters.\"}},\"113\":{\"modified\":\"1\",\"type\":\"device\",\"enabled\":\"1\",\"collapsed\":\"0\",\"level\":\"2\",\"fields\":{\"cb_deviceImage\":[\"160\"],\"cb_deviceVideo\":\"\",\"cb_deviceHeadline\":\"Lenses\",\"cb_deviceBody\":\"Invite customers to play and share with Lenses.\"}},\"new2\":{\"modified\":\"1\",\"type\":\"deviceText\",\"enabled\":\"1\",\"collapsed\":\"0\",\"level\":\"3\",\"fields\":{\"cb_headline\":\"Lenses\",\"cb_subhead\":\"Invite customers to play and share with Lenses.\"}},\"144\":{\"modified\":\"1\",\"type\":\"cb_section\",\"enabled\":\"1\",\"collapsed\":\"0\",\"level\":\"0\",\"fields\":{\"cb_sectionTitle\":\"Snap Ads\",\"cb_sectionBackgroundColor\":\"white\"}},\"162\":{\"modified\":\"1\",\"type\":\"deviceTabs\",\"enabled\":\"1\",\"collapsed\":\"0\",\"level\":\"1\",\"fields\":{\"cb_chillahTooltip\":{\"163\":{\"type\":\"tooltip\",\"enabled\":\"1\",\"fields\":{\"chillah\":[\"141\"],\"tooltipText\":\"<p>On average, over 10 billion videos are watched on Snapchat every day.<sup>1<\\/sup><\\/p>\",\"location\":\"topLeft\"}}}}},\"164\":{\"modified\":\"1\",\"type\":\"deviceTab\",\"enabled\":\"1\",\"collapsed\":\"0\",\"level\":\"2\",\"fields\":{\"cb_tabImage\":[\"145\"],\"tabLabel\":\"Snap Ads\",\"cb_tabDescription\":\"Snap Ads are full-screen, 100% viewable, and have audio on by default.\",\"tabPosterImage\":[\"152\"],\"tabVideo\":\"\"}},\"165\":{\"modified\":\"1\",\"type\":\"deviceTab\",\"enabled\":\"1\",\"collapsed\":\"0\",\"level\":\"2\",\"fields\":{\"cb_tabImage\":[\"146\"],\"tabLabel\":\"+ Web View\",\"cb_tabDescription\":\"Drive traffic to your pre-loaded website. With our Auto-Fill feature, Snapchatters can send you their account email and more by just tapping.\",\"tabPosterImage\":[\"102\"],\"tabVideo\":\"\"}},\"166\":{\"modified\":\"1\",\"type\":\"deviceTab\",\"enabled\":\"1\",\"collapsed\":\"0\",\"level\":\"2\",\"fields\":{\"cb_tabImage\":[\"147\"],\"tabLabel\":\"+ App Install\",\"cb_tabDescription\":\"Drive installs for your app with a swipe and a tap. Snapchatters can even install your app without leaving ours.\",\"tabPosterImage\":[\"154\"],\"tabVideo\":\"\"}},\"167\":{\"modified\":\"1\",\"type\":\"deviceTab\",\"enabled\":\"1\",\"collapsed\":\"0\",\"level\":\"2\",\"fields\":{\"cb_tabImage\":[\"148\"],\"tabLabel\":\"+ Long Form Video\",\"cb_tabDescription\":\"Drive views for your trailer, short film, how-to, or any other video.\",\"tabPosterImage\":[\"105\"],\"tabVideo\":\"\"}},\"114\":{\"modified\":\"1\",\"type\":\"cb_section\",\"enabled\":\"1\",\"collapsed\":\"0\",\"level\":\"0\",\"fields\":{\"cb_sectionTitle\":\"Snap Ads\",\"cb_sectionBackgroundColor\":\"white\"}},\"115\":{\"modified\":\"1\",\"type\":\"centeredTextLockup\",\"enabled\":\"1\",\"collapsed\":\"0\",\"level\":\"1\"},\"116\":{\"modified\":\"1\",\"type\":\"headline\",\"enabled\":\"1\",\"collapsed\":\"0\",\"level\":\"2\",\"fields\":{\"cb_headline\":\"Snap Ads\"}},\"117\":{\"modified\":\"1\",\"type\":\"subhead\",\"enabled\":\"1\",\"collapsed\":\"0\",\"level\":\"2\",\"fields\":{\"cb_subhead\":\"The original vertical video ad \\u2014 now with attachments customized for your objectives.\"}},\"118\":{\"modified\":\"1\",\"type\":\"cb_section\",\"enabled\":\"1\",\"collapsed\":\"0\",\"level\":\"0\",\"fields\":{\"cb_sectionTitle\":\"Filters\",\"cb_sectionBackgroundColor\":\"gray\"}},\"119\":{\"modified\":\"1\",\"type\":\"centeredTextLockup\",\"enabled\":\"1\",\"collapsed\":\"0\",\"level\":\"1\"},\"120\":{\"modified\":\"1\",\"type\":\"headline\",\"enabled\":\"1\",\"collapsed\":\"0\",\"level\":\"2\",\"fields\":{\"cb_headline\":\"Filters\"}},\"121\":{\"modified\":\"1\",\"type\":\"subhead\",\"enabled\":\"1\",\"collapsed\":\"0\",\"level\":\"2\",\"fields\":{\"cb_subhead\":\"Filters allow you to be where your product is bought, thought about, or consumed. Create your own Filter and drive awareness, advocacy, and action in one package.\"}},\"122\":{\"modified\":\"1\",\"type\":\"primaryButton\",\"enabled\":\"1\",\"collapsed\":\"0\",\"level\":\"2\",\"fields\":{\"cb_button\":{\"type\":\"custom\",\"custom\":\"http:\\/\\/geofilters.snapchat.com\",\"entry\":\"\",\"customText\":\"Create A Filter\",\"target\":\"_blank\"}}},\"123\":{\"modified\":\"1\",\"type\":\"secondaryButton\",\"enabled\":\"1\",\"collapsed\":\"0\",\"level\":\"2\",\"fields\":{\"cb_button\":{\"type\":\"custom\",\"custom\":\"https:\\/\\/businesshelp.snapchat.com\\/en-US\\/article\\/create-geofilter\",\"entry\":\"\",\"customText\":\"View Guidelines\",\"target\":\"\"}}},\"124\":{\"modified\":\"1\",\"type\":\"mobileDeviceGrid\",\"enabled\":\"1\",\"collapsed\":\"0\",\"level\":\"1\",\"fields\":{\"cb_chillahTooltip\":{\"140\":{\"type\":\"tooltip\",\"enabled\":\"1\",\"fields\":{\"chillah\":[\"143\"],\"tooltipText\":\"<p>On average, more than a billion Snaps with Filters are viewed every day.<sup>1<\\/sup><\\/p>\",\"location\":\"topRight\"}}}}},\"125\":{\"modified\":\"1\",\"type\":\"device\",\"enabled\":\"1\",\"collapsed\":\"0\",\"level\":\"2\",\"fields\":{\"cb_deviceImage\":[\"101\"],\"cb_deviceVideo\":\"\",\"cb_deviceHeadline\":\"\",\"cb_deviceBody\":\"\"}},\"126\":{\"modified\":\"1\",\"type\":\"device\",\"enabled\":\"1\",\"collapsed\":\"0\",\"level\":\"2\",\"fields\":{\"cb_deviceImage\":[\"157\"],\"cb_deviceVideo\":\"\",\"cb_deviceHeadline\":\"\",\"cb_deviceBody\":\"\"}},\"127\":{\"modified\":\"1\",\"type\":\"device\",\"enabled\":\"1\",\"collapsed\":\"0\",\"level\":\"2\",\"fields\":{\"cb_deviceImage\":[\"103\"],\"cb_deviceVideo\":\"\",\"cb_deviceHeadline\":\"\",\"cb_deviceBody\":\"\"}},\"128\":{\"modified\":\"1\",\"type\":\"cb_section\",\"enabled\":\"1\",\"collapsed\":\"0\",\"level\":\"0\",\"fields\":{\"cb_sectionTitle\":\"Lenses\",\"cb_sectionBackgroundColor\":\"white\"}},\"129\":{\"modified\":\"1\",\"type\":\"centeredTextLockup\",\"enabled\":\"1\",\"collapsed\":\"0\",\"level\":\"1\"},\"130\":{\"modified\":\"1\",\"type\":\"headline\",\"enabled\":\"1\",\"collapsed\":\"0\",\"level\":\"2\",\"fields\":{\"cb_headline\":\"Lenses\"}},\"131\":{\"modified\":\"1\",\"type\":\"subhead\",\"enabled\":\"1\",\"collapsed\":\"0\",\"level\":\"2\",\"fields\":{\"cb_subhead\":\"Lenses are the most playful and memorable way to increase awareness, on a massive scale. With one tap, you can invite Snapchatters into your world \\u2014 and your story.\"}},\"132\":{\"modified\":\"1\",\"type\":\"mobileDeviceGrid\",\"enabled\":\"1\",\"collapsed\":\"0\",\"level\":\"1\",\"fields\":{\"cb_chillahTooltip\":\"\"}},\"133\":{\"modified\":\"1\",\"type\":\"device\",\"enabled\":\"1\",\"collapsed\":\"0\",\"level\":\"2\",\"fields\":{\"cb_deviceImage\":[\"159\"],\"cb_deviceVideo\":\"\",\"cb_deviceHeadline\":\"\",\"cb_deviceBody\":\"\"}},\"134\":{\"modified\":\"1\",\"type\":\"device\",\"enabled\":\"1\",\"collapsed\":\"0\",\"level\":\"2\",\"fields\":{\"cb_deviceImage\":[\"151\"],\"cb_deviceVideo\":\"\",\"cb_deviceHeadline\":\"\",\"cb_deviceBody\":\"\"}},\"135\":{\"modified\":\"1\",\"type\":\"device\",\"enabled\":\"1\",\"collapsed\":\"0\",\"level\":\"2\",\"fields\":{\"cb_deviceImage\":[\"161\"],\"cb_deviceVideo\":\"\",\"cb_deviceHeadline\":\"\",\"cb_deviceBody\":\"\"}},\"136\":{\"modified\":\"1\",\"type\":\"cb_section\",\"enabled\":\"1\",\"collapsed\":\"0\",\"level\":\"0\",\"fields\":{\"cb_sectionTitle\":\"Video\",\"cb_sectionBackgroundColor\":\"gray\"}},\"137\":{\"modified\":\"1\",\"type\":\"centeredTextLockup\",\"enabled\":\"1\",\"collapsed\":\"0\",\"level\":\"1\"},\"138\":{\"modified\":\"1\",\"type\":\"headline\",\"enabled\":\"1\",\"collapsed\":\"0\",\"level\":\"2\",\"fields\":{\"cb_headline\":\"See where your ads will run on Snapchat\"}}},\"16\":\"1\",\"15\":\"blue\",\"7\":\"solutions\"}}', '2017-07-26 23:45:50', '2017-07-26 23:45:50', '9b03ee54-b609-4eb2-829d-ebad9a8b52ee'),
 ('46', '98', '3', '1', 'en_us', '10', '', '{\"typeId\":\"3\",\"authorId\":\"1\",\"title\":\"Solutions\",\"slug\":\"solutions\",\"postDate\":1501109280,\"expiryDate\":null,\"enabled\":1,\"parentId\":\"\",\"fields\":{\"3\":{\"107\":{\"modified\":\"1\",\"type\":\"cb_section\",\"enabled\":\"1\",\"collapsed\":\"0\",\"level\":\"0\",\"fields\":{\"cb_sectionTitle\":\"Overview\",\"cb_sectionBackgroundColor\":\"gray\"}},\"108\":{\"modified\":\"1\",\"type\":\"centeredTextLockup\",\"enabled\":\"1\",\"collapsed\":\"0\",\"level\":\"1\"},\"109\":{\"modified\":\"1\",\"type\":\"headline\",\"enabled\":\"1\",\"collapsed\":\"0\",\"level\":\"2\",\"fields\":{\"cb_headline\":\"Our ad products are fun and effective, for every objective\"}},\"110\":{\"modified\":\"1\",\"type\":\"mobileDeviceGrid\",\"enabled\":\"1\",\"collapsed\":\"0\",\"level\":\"1\",\"fields\":{\"cb_chillahTooltip\":\"\"}},\"111\":{\"modified\":\"1\",\"type\":\"device\",\"enabled\":\"1\",\"collapsed\":\"0\",\"level\":\"2\",\"fields\":{\"cb_deviceImage\":[\"100\"],\"cb_deviceVideo\":\"\",\"cb_deviceHeadline\":\"Snap Ads\",\"cb_deviceBody\":\"Captivate your audience with full-screen Snap Ads.\"}},\"168\":{\"modified\":\"1\",\"type\":\"deviceText\",\"enabled\":\"1\",\"collapsed\":\"0\",\"level\":\"3\",\"fields\":{\"cb_headline\":\"Snap Ads\",\"cb_subhead\":\"Captivate your audience with full-screen Snap Ads.\"}},\"112\":{\"modified\":\"1\",\"type\":\"device\",\"enabled\":\"1\",\"collapsed\":\"0\",\"level\":\"2\",\"fields\":{\"cb_deviceImage\":[\"99\"],\"cb_deviceVideo\":\"\",\"cb_deviceHeadline\":\"Filters\",\"cb_deviceBody\":\"Own a place or event with location-based Filters.\"}},\"169\":{\"modified\":\"1\",\"type\":\"deviceText\",\"enabled\":\"1\",\"collapsed\":\"0\",\"level\":\"3\",\"fields\":{\"cb_headline\":\"Filters\",\"cb_subhead\":\"Own a place or event with location-based Filters.\"}},\"113\":{\"modified\":\"1\",\"type\":\"device\",\"enabled\":\"1\",\"collapsed\":\"0\",\"level\":\"2\",\"fields\":{\"cb_deviceImage\":[\"160\"],\"cb_deviceVideo\":\"\",\"cb_deviceHeadline\":\"Lenses\",\"cb_deviceBody\":\"Invite customers to play and share with Lenses.\"}},\"170\":{\"modified\":\"1\",\"type\":\"deviceText\",\"enabled\":\"1\",\"collapsed\":\"0\",\"level\":\"3\",\"fields\":{\"cb_headline\":\"Lenses\",\"cb_subhead\":\"Invite customers to play and share with Lenses.\"}},\"144\":{\"modified\":\"1\",\"type\":\"cb_section\",\"enabled\":\"1\",\"collapsed\":\"0\",\"level\":\"0\",\"fields\":{\"cb_sectionTitle\":\"Snap Ads\",\"cb_sectionBackgroundColor\":\"white\"}},\"162\":{\"modified\":\"1\",\"type\":\"deviceTabs\",\"enabled\":\"1\",\"collapsed\":\"0\",\"level\":\"1\",\"fields\":{\"cb_chillahTooltip\":{\"163\":{\"type\":\"tooltip\",\"enabled\":\"1\",\"fields\":{\"chillah\":[\"141\"],\"tooltipText\":\"<p>On average, over 10 billion videos are watched on Snapchat every day.<sup>1<\\/sup><\\/p>\",\"location\":\"topLeft\"}}}}},\"164\":{\"modified\":\"1\",\"type\":\"deviceTab\",\"enabled\":\"1\",\"collapsed\":\"0\",\"level\":\"2\",\"fields\":{\"cb_tabImage\":[\"145\"],\"tabLabel\":\"Snap Ads\",\"cb_tabDescription\":\"Snap Ads are full-screen, 100% viewable, and have audio on by default.\",\"tabPosterImage\":[\"152\"],\"tabVideo\":\"\"}},\"165\":{\"modified\":\"1\",\"type\":\"deviceTab\",\"enabled\":\"1\",\"collapsed\":\"0\",\"level\":\"2\",\"fields\":{\"cb_tabImage\":[\"146\"],\"tabLabel\":\"+ Web View\",\"cb_tabDescription\":\"Drive traffic to your pre-loaded website. With our Auto-Fill feature, Snapchatters can send you their account email and more by just tapping.\",\"tabPosterImage\":[\"102\"],\"tabVideo\":\"\"}},\"166\":{\"modified\":\"1\",\"type\":\"deviceTab\",\"enabled\":\"1\",\"collapsed\":\"0\",\"level\":\"2\",\"fields\":{\"cb_tabImage\":[\"147\"],\"tabLabel\":\"+ App Install\",\"cb_tabDescription\":\"Drive installs for your app with a swipe and a tap. Snapchatters can even install your app without leaving ours.\",\"tabPosterImage\":[\"154\"],\"tabVideo\":\"\"}},\"167\":{\"modified\":\"1\",\"type\":\"deviceTab\",\"enabled\":\"1\",\"collapsed\":\"0\",\"level\":\"2\",\"fields\":{\"cb_tabImage\":[\"148\"],\"tabLabel\":\"+ Long Form Video\",\"cb_tabDescription\":\"Drive views for your trailer, short film, how-to, or any other video.\",\"tabPosterImage\":[\"105\"],\"tabVideo\":\"\"}},\"114\":{\"modified\":\"1\",\"type\":\"cb_section\",\"enabled\":\"1\",\"collapsed\":\"0\",\"level\":\"0\",\"fields\":{\"cb_sectionTitle\":\"Snap Ads\",\"cb_sectionBackgroundColor\":\"white\"}},\"115\":{\"modified\":\"1\",\"type\":\"centeredTextLockup\",\"enabled\":\"1\",\"collapsed\":\"0\",\"level\":\"1\"},\"116\":{\"modified\":\"1\",\"type\":\"headline\",\"enabled\":\"1\",\"collapsed\":\"0\",\"level\":\"2\",\"fields\":{\"cb_headline\":\"Snap Ads\"}},\"117\":{\"modified\":\"1\",\"type\":\"subhead\",\"enabled\":\"1\",\"collapsed\":\"0\",\"level\":\"2\",\"fields\":{\"cb_subhead\":\"The original vertical video ad \\u2014 now with attachments customized for your objectives.\"}},\"118\":{\"modified\":\"1\",\"type\":\"cb_section\",\"enabled\":\"1\",\"collapsed\":\"0\",\"level\":\"0\",\"fields\":{\"cb_sectionTitle\":\"Filters\",\"cb_sectionBackgroundColor\":\"gray\"}},\"119\":{\"modified\":\"1\",\"type\":\"centeredTextLockup\",\"enabled\":\"1\",\"collapsed\":\"0\",\"level\":\"1\"},\"120\":{\"modified\":\"1\",\"type\":\"headline\",\"enabled\":\"1\",\"collapsed\":\"0\",\"level\":\"2\",\"fields\":{\"cb_headline\":\"Filters\"}},\"121\":{\"modified\":\"1\",\"type\":\"subhead\",\"enabled\":\"1\",\"collapsed\":\"0\",\"level\":\"2\",\"fields\":{\"cb_subhead\":\"Filters allow you to be where your product is bought, thought about, or consumed. Create your own Filter and drive awareness, advocacy, and action in one package.\"}},\"122\":{\"modified\":\"1\",\"type\":\"primaryButton\",\"enabled\":\"1\",\"collapsed\":\"0\",\"level\":\"2\",\"fields\":{\"cb_button\":{\"type\":\"custom\",\"custom\":\"http:\\/\\/geofilters.snapchat.com\",\"entry\":\"\",\"customText\":\"Create A Filter\",\"target\":\"_blank\"}}},\"123\":{\"modified\":\"1\",\"type\":\"secondaryButton\",\"enabled\":\"1\",\"collapsed\":\"0\",\"level\":\"2\",\"fields\":{\"cb_button\":{\"type\":\"custom\",\"custom\":\"https:\\/\\/businesshelp.snapchat.com\\/en-US\\/article\\/create-geofilter\",\"entry\":\"\",\"customText\":\"View Guidelines\",\"target\":\"\"}}},\"124\":{\"modified\":\"1\",\"type\":\"mobileDeviceGrid\",\"enabled\":\"1\",\"collapsed\":\"0\",\"level\":\"1\",\"fields\":{\"cb_chillahTooltip\":{\"140\":{\"type\":\"tooltip\",\"enabled\":\"1\",\"fields\":{\"chillah\":[\"143\"],\"tooltipText\":\"<p>On average, more than a billion Snaps with Filters are viewed every day.<sup>1<\\/sup><\\/p>\",\"location\":\"topRight\"}}}}},\"125\":{\"modified\":\"1\",\"type\":\"device\",\"enabled\":\"1\",\"collapsed\":\"0\",\"level\":\"2\",\"fields\":{\"cb_deviceImage\":[\"101\"],\"cb_deviceVideo\":\"\",\"cb_deviceHeadline\":\"\",\"cb_deviceBody\":\"\"}},\"126\":{\"modified\":\"1\",\"type\":\"device\",\"enabled\":\"1\",\"collapsed\":\"0\",\"level\":\"2\",\"fields\":{\"cb_deviceImage\":[\"157\"],\"cb_deviceVideo\":\"\",\"cb_deviceHeadline\":\"\",\"cb_deviceBody\":\"\"}},\"127\":{\"modified\":\"1\",\"type\":\"device\",\"enabled\":\"1\",\"collapsed\":\"0\",\"level\":\"2\",\"fields\":{\"cb_deviceImage\":[\"103\"],\"cb_deviceVideo\":\"\",\"cb_deviceHeadline\":\"\",\"cb_deviceBody\":\"\"}},\"128\":{\"modified\":\"1\",\"type\":\"cb_section\",\"enabled\":\"1\",\"collapsed\":\"0\",\"level\":\"0\",\"fields\":{\"cb_sectionTitle\":\"Lenses\",\"cb_sectionBackgroundColor\":\"white\"}},\"129\":{\"modified\":\"1\",\"type\":\"centeredTextLockup\",\"enabled\":\"1\",\"collapsed\":\"0\",\"level\":\"1\"},\"130\":{\"modified\":\"1\",\"type\":\"headline\",\"enabled\":\"1\",\"collapsed\":\"0\",\"level\":\"2\",\"fields\":{\"cb_headline\":\"Lenses\"}},\"131\":{\"modified\":\"1\",\"type\":\"subhead\",\"enabled\":\"1\",\"collapsed\":\"0\",\"level\":\"2\",\"fields\":{\"cb_subhead\":\"Lenses are the most playful and memorable way to increase awareness, on a massive scale. With one tap, you can invite Snapchatters into your world \\u2014 and your story.\"}},\"132\":{\"modified\":\"1\",\"type\":\"mobileDeviceGrid\",\"enabled\":\"1\",\"collapsed\":\"0\",\"level\":\"1\",\"fields\":{\"cb_chillahTooltip\":\"\"}},\"133\":{\"modified\":\"1\",\"type\":\"device\",\"enabled\":\"1\",\"collapsed\":\"0\",\"level\":\"2\",\"fields\":{\"cb_deviceImage\":[\"159\"],\"cb_deviceVideo\":\"\",\"cb_deviceHeadline\":\"\",\"cb_deviceBody\":\"\"}},\"134\":{\"modified\":\"1\",\"type\":\"device\",\"enabled\":\"1\",\"collapsed\":\"0\",\"level\":\"2\",\"fields\":{\"cb_deviceImage\":[\"151\"],\"cb_deviceVideo\":\"\",\"cb_deviceHeadline\":\"\",\"cb_deviceBody\":\"\"}},\"135\":{\"modified\":\"1\",\"type\":\"device\",\"enabled\":\"1\",\"collapsed\":\"0\",\"level\":\"2\",\"fields\":{\"cb_deviceImage\":[\"161\"],\"cb_deviceVideo\":\"\",\"cb_deviceHeadline\":\"\",\"cb_deviceBody\":\"\"}},\"136\":{\"modified\":\"1\",\"type\":\"cb_section\",\"enabled\":\"1\",\"collapsed\":\"0\",\"level\":\"0\",\"fields\":{\"cb_sectionTitle\":\"Video\",\"cb_sectionBackgroundColor\":\"gray\"}},\"137\":{\"modified\":\"1\",\"type\":\"centeredTextLockup\",\"enabled\":\"1\",\"collapsed\":\"0\",\"level\":\"1\"},\"138\":{\"modified\":\"1\",\"type\":\"headline\",\"enabled\":\"1\",\"collapsed\":\"0\",\"level\":\"2\",\"fields\":{\"cb_headline\":\"See where your ads will run on Snapchat\"}}},\"16\":\"1\",\"15\":\"blue\",\"7\":\"solutions\"}}', '2017-07-26 23:47:16', '2017-07-26 23:47:16', '6440cb5e-0e49-46a1-a6d2-8db19d9564b9'),
 ('47', '98', '3', '1', 'en_us', '11', '', '{\"typeId\":\"3\",\"authorId\":\"1\",\"title\":\"Solutions\",\"slug\":\"solutions\",\"postDate\":1501109280,\"expiryDate\":null,\"enabled\":1,\"parentId\":\"\",\"fields\":{\"3\":{\"107\":{\"modified\":\"1\",\"type\":\"cb_section\",\"enabled\":\"1\",\"collapsed\":\"0\",\"level\":\"0\",\"fields\":{\"cb_sectionTitle\":\"Overview\",\"cb_sectionBackgroundColor\":\"gray\"}},\"108\":{\"modified\":\"1\",\"type\":\"centeredTextLockup\",\"enabled\":\"1\",\"collapsed\":\"0\",\"level\":\"1\"},\"109\":{\"modified\":\"1\",\"type\":\"headline\",\"enabled\":\"1\",\"collapsed\":\"0\",\"level\":\"2\",\"fields\":{\"cb_headline\":\"Our ad products are fun and effective, for every objective\"}},\"110\":{\"modified\":\"1\",\"type\":\"mobileDeviceGrid\",\"enabled\":\"1\",\"collapsed\":\"0\",\"level\":\"1\",\"fields\":{\"cb_chillahTooltip\":\"\"}},\"111\":{\"modified\":\"1\",\"type\":\"device\",\"enabled\":\"1\",\"collapsed\":\"0\",\"level\":\"2\",\"fields\":{\"cb_devicePosterImage\":[\"100\"],\"cb_deviceVideo\":\"\"}},\"168\":{\"modified\":\"1\",\"type\":\"deviceText\",\"enabled\":\"1\",\"collapsed\":\"0\",\"level\":\"3\",\"fields\":{\"cb_headline\":\"Snap Ads\",\"cb_subhead\":\"Captivate your audience with full-screen Snap Ads.\"}},\"112\":{\"modified\":\"1\",\"type\":\"device\",\"enabled\":\"1\",\"collapsed\":\"0\",\"level\":\"2\",\"fields\":{\"cb_devicePosterImage\":[\"99\"],\"cb_deviceVideo\":\"\"}},\"169\":{\"modified\":\"1\",\"type\":\"deviceText\",\"enabled\":\"1\",\"collapsed\":\"0\",\"level\":\"3\",\"fields\":{\"cb_headline\":\"Filters\",\"cb_subhead\":\"Own a place or event with location-based Filters.\"}},\"113\":{\"modified\":\"1\",\"type\":\"device\",\"enabled\":\"1\",\"collapsed\":\"0\",\"level\":\"2\",\"fields\":{\"cb_devicePosterImage\":[\"160\"],\"cb_deviceVideo\":\"\"}},\"170\":{\"modified\":\"1\",\"type\":\"deviceText\",\"enabled\":\"1\",\"collapsed\":\"0\",\"level\":\"3\",\"fields\":{\"cb_headline\":\"Lenses\",\"cb_subhead\":\"Invite customers to play and share with Lenses.\"}},\"144\":{\"modified\":\"1\",\"type\":\"cb_section\",\"enabled\":\"1\",\"collapsed\":\"0\",\"level\":\"0\",\"fields\":{\"cb_sectionTitle\":\"Snap Ads\",\"cb_sectionBackgroundColor\":\"white\"}},\"162\":{\"modified\":\"1\",\"type\":\"deviceTabs\",\"enabled\":\"1\",\"collapsed\":\"0\",\"level\":\"1\",\"fields\":{\"cb_chillahTooltip\":{\"163\":{\"type\":\"tooltip\",\"enabled\":\"1\",\"fields\":{\"chillah\":[\"141\"],\"tooltipText\":\"<p>On average, over 10 billion videos are watched on Snapchat every day.<sup>1<\\/sup><\\/p>\",\"location\":\"topLeft\"}}}}},\"164\":{\"modified\":\"1\",\"type\":\"deviceTab\",\"enabled\":\"1\",\"collapsed\":\"0\",\"level\":\"2\",\"fields\":{\"cb_tabImage\":[\"145\"],\"tabLabel\":\"Snap Ads\",\"cb_tabDescription\":\"Snap Ads are full-screen, 100% viewable, and have audio on by default.\",\"cb_devicePosterImage\":[\"152\"],\"cb_deviceVideo\":\"\"}},\"165\":{\"modified\":\"1\",\"type\":\"deviceTab\",\"enabled\":\"1\",\"collapsed\":\"0\",\"level\":\"2\",\"fields\":{\"cb_tabImage\":[\"146\"],\"tabLabel\":\"+ Web View\",\"cb_tabDescription\":\"Drive traffic to your pre-loaded website. With our Auto-Fill feature, Snapchatters can send you their account email and more by just tapping.\",\"cb_devicePosterImage\":[\"102\"],\"cb_deviceVideo\":\"\"}},\"166\":{\"modified\":\"1\",\"type\":\"deviceTab\",\"enabled\":\"1\",\"collapsed\":\"0\",\"level\":\"2\",\"fields\":{\"cb_tabImage\":[\"147\"],\"tabLabel\":\"+ App Install\",\"cb_tabDescription\":\"Drive installs for your app with a swipe and a tap. Snapchatters can even install your app without leaving ours.\",\"cb_devicePosterImage\":[\"154\"],\"cb_deviceVideo\":\"\"}},\"167\":{\"modified\":\"1\",\"type\":\"deviceTab\",\"enabled\":\"1\",\"collapsed\":\"0\",\"level\":\"2\",\"fields\":{\"cb_tabImage\":[\"148\"],\"tabLabel\":\"+ Long Form Video\",\"cb_tabDescription\":\"Drive views for your trailer, short film, how-to, or any other video.\",\"cb_devicePosterImage\":[\"105\"],\"cb_deviceVideo\":\"\"}},\"114\":{\"modified\":\"1\",\"type\":\"cb_section\",\"enabled\":\"1\",\"collapsed\":\"0\",\"level\":\"0\",\"fields\":{\"cb_sectionTitle\":\"Snap Ads\",\"cb_sectionBackgroundColor\":\"white\"}},\"115\":{\"modified\":\"1\",\"type\":\"centeredTextLockup\",\"enabled\":\"1\",\"collapsed\":\"0\",\"level\":\"1\"},\"116\":{\"modified\":\"1\",\"type\":\"headline\",\"enabled\":\"1\",\"collapsed\":\"0\",\"level\":\"2\",\"fields\":{\"cb_headline\":\"Snap Ads\"}},\"117\":{\"modified\":\"1\",\"type\":\"subhead\",\"enabled\":\"1\",\"collapsed\":\"0\",\"level\":\"2\",\"fields\":{\"cb_subhead\":\"The original vertical video ad \\u2014 now with attachments customized for your objectives.\"}},\"118\":{\"modified\":\"1\",\"type\":\"cb_section\",\"enabled\":\"1\",\"collapsed\":\"0\",\"level\":\"0\",\"fields\":{\"cb_sectionTitle\":\"Filters\",\"cb_sectionBackgroundColor\":\"gray\"}},\"119\":{\"modified\":\"1\",\"type\":\"centeredTextLockup\",\"enabled\":\"1\",\"collapsed\":\"0\",\"level\":\"1\"},\"120\":{\"modified\":\"1\",\"type\":\"headline\",\"enabled\":\"1\",\"collapsed\":\"0\",\"level\":\"2\",\"fields\":{\"cb_headline\":\"Filters\"}},\"121\":{\"modified\":\"1\",\"type\":\"subhead\",\"enabled\":\"1\",\"collapsed\":\"0\",\"level\":\"2\",\"fields\":{\"cb_subhead\":\"Filters allow you to be where your product is bought, thought about, or consumed. Create your own Filter and drive awareness, advocacy, and action in one package.\"}},\"122\":{\"modified\":\"1\",\"type\":\"primaryButton\",\"enabled\":\"1\",\"collapsed\":\"0\",\"level\":\"2\",\"fields\":{\"cb_button\":{\"type\":\"custom\",\"custom\":\"http:\\/\\/geofilters.snapchat.com\",\"entry\":\"\",\"customText\":\"Create A Filter\",\"target\":\"_blank\"}}},\"123\":{\"modified\":\"1\",\"type\":\"secondaryButton\",\"enabled\":\"1\",\"collapsed\":\"0\",\"level\":\"2\",\"fields\":{\"cb_button\":{\"type\":\"custom\",\"custom\":\"https:\\/\\/businesshelp.snapchat.com\\/en-US\\/article\\/create-geofilter\",\"entry\":\"\",\"customText\":\"View Guidelines\",\"target\":\"\"}}},\"124\":{\"modified\":\"1\",\"type\":\"mobileDeviceGrid\",\"enabled\":\"1\",\"collapsed\":\"0\",\"level\":\"1\",\"fields\":{\"cb_chillahTooltip\":{\"140\":{\"type\":\"tooltip\",\"enabled\":\"1\",\"fields\":{\"chillah\":[\"143\"],\"tooltipText\":\"<p>On average, more than a billion Snaps with Filters are viewed every day.<sup>1<\\/sup><\\/p>\",\"location\":\"topRight\"}}}}},\"125\":{\"modified\":\"1\",\"type\":\"device\",\"enabled\":\"1\",\"collapsed\":\"0\",\"level\":\"2\",\"fields\":{\"cb_devicePosterImage\":[\"101\"],\"cb_deviceVideo\":\"\"}},\"126\":{\"modified\":\"1\",\"type\":\"device\",\"enabled\":\"1\",\"collapsed\":\"0\",\"level\":\"2\",\"fields\":{\"cb_devicePosterImage\":[\"157\"],\"cb_deviceVideo\":\"\"}},\"127\":{\"modified\":\"1\",\"type\":\"device\",\"enabled\":\"1\",\"collapsed\":\"0\",\"level\":\"2\",\"fields\":{\"cb_devicePosterImage\":[\"103\"],\"cb_deviceVideo\":\"\"}},\"128\":{\"modified\":\"1\",\"type\":\"cb_section\",\"enabled\":\"1\",\"collapsed\":\"0\",\"level\":\"0\",\"fields\":{\"cb_sectionTitle\":\"Lenses\",\"cb_sectionBackgroundColor\":\"white\"}},\"129\":{\"modified\":\"1\",\"type\":\"centeredTextLockup\",\"enabled\":\"1\",\"collapsed\":\"0\",\"level\":\"1\"},\"130\":{\"modified\":\"1\",\"type\":\"headline\",\"enabled\":\"1\",\"collapsed\":\"0\",\"level\":\"2\",\"fields\":{\"cb_headline\":\"Lenses\"}},\"131\":{\"modified\":\"1\",\"type\":\"subhead\",\"enabled\":\"1\",\"collapsed\":\"0\",\"level\":\"2\",\"fields\":{\"cb_subhead\":\"Lenses are the most playful and memorable way to increase awareness, on a massive scale. With one tap, you can invite Snapchatters into your world \\u2014 and your story.\"}},\"132\":{\"modified\":\"1\",\"type\":\"mobileDeviceGrid\",\"enabled\":\"1\",\"collapsed\":\"0\",\"level\":\"1\",\"fields\":{\"cb_chillahTooltip\":\"\"}},\"133\":{\"modified\":\"1\",\"type\":\"device\",\"enabled\":\"1\",\"collapsed\":\"0\",\"level\":\"2\",\"fields\":{\"cb_devicePosterImage\":[\"159\"],\"cb_deviceVideo\":\"\"}},\"134\":{\"modified\":\"1\",\"type\":\"device\",\"enabled\":\"1\",\"collapsed\":\"0\",\"level\":\"2\",\"fields\":{\"cb_devicePosterImage\":[\"151\"],\"cb_deviceVideo\":\"\"}},\"135\":{\"modified\":\"1\",\"type\":\"device\",\"enabled\":\"1\",\"collapsed\":\"0\",\"level\":\"2\",\"fields\":{\"cb_devicePosterImage\":[\"161\"],\"cb_deviceVideo\":\"\"}},\"136\":{\"modified\":\"1\",\"type\":\"cb_section\",\"enabled\":\"1\",\"collapsed\":\"0\",\"level\":\"0\",\"fields\":{\"cb_sectionTitle\":\"Video\",\"cb_sectionBackgroundColor\":\"gray\"}},\"137\":{\"modified\":\"1\",\"type\":\"centeredTextLockup\",\"enabled\":\"1\",\"collapsed\":\"0\",\"level\":\"1\"},\"138\":{\"modified\":\"1\",\"type\":\"headline\",\"enabled\":\"1\",\"collapsed\":\"0\",\"level\":\"2\",\"fields\":{\"cb_headline\":\"See where your ads will run on Snapchat\"}}},\"16\":\"1\",\"15\":\"blue\",\"7\":\"solutions\"}}', '2017-07-26 23:52:20', '2017-07-26 23:52:20', '9fae9c83-a9b7-4e24-aaa2-054514ba7760'),
 ('69', '98', '3', '1', 'en_us', '12', '', '{\"typeId\":\"3\",\"authorId\":\"1\",\"title\":\"Solutions\",\"slug\":\"solutions\",\"postDate\":1501109280,\"expiryDate\":null,\"enabled\":1,\"parentId\":\"\",\"fields\":{\"3\":{\"107\":{\"modified\":\"1\",\"type\":\"newSection\",\"enabled\":\"1\",\"collapsed\":\"0\",\"level\":\"0\",\"fields\":{\"sectionTitle\":\"Overview\",\"sectionBackgroundColor\":\"gray\"}},\"108\":{\"modified\":\"1\",\"type\":\"centeredTextLockup\",\"enabled\":\"1\",\"collapsed\":\"0\",\"level\":\"1\",\"fields\":{\"image\":\"\",\"headline\":\"Our ad products are fun and effective, for every objective\",\"subhead\":\"\",\"ctaButtons\":\"\"}},\"110\":{\"modified\":\"1\",\"type\":\"mobileDeviceGrid\",\"enabled\":\"1\",\"collapsed\":\"0\",\"level\":\"1\",\"fields\":{\"mobileDevices\":{\"new1\":{\"type\":\"device\",\"enabled\":\"1\",\"fields\":{\"video\":\"\",\"posterImage\":\"\",\"headline\":\"\",\"subhead\":\"\"}}},\"chillahTooltip\":\"\"}},\"144\":{\"modified\":\"1\",\"type\":\"newSection\",\"enabled\":\"1\",\"collapsed\":\"0\",\"level\":\"0\",\"fields\":{\"sectionTitle\":\"Snap Ads\",\"sectionBackgroundColor\":\"white\"}},\"162\":{\"modified\":\"1\",\"type\":\"deviceTabs\",\"enabled\":\"1\",\"collapsed\":\"0\",\"level\":\"1\",\"fields\":{\"deviceTab\":\"\",\"chillahTooltip\":{\"163\":{\"type\":\"tooltip\",\"enabled\":\"1\",\"fields\":{\"chillah\":[\"141\"],\"tooltipText\":\"<p>On average, over 10 billion videos are watched on Snapchat every day.<sup>1<\\/sup><\\/p>\",\"location\":\"topLeft\"}}}}},\"114\":{\"modified\":\"1\",\"type\":\"newSection\",\"enabled\":\"1\",\"collapsed\":\"0\",\"level\":\"0\",\"fields\":{\"sectionTitle\":\"Snap Ads\",\"sectionBackgroundColor\":\"white\"}},\"115\":{\"modified\":\"1\",\"type\":\"centeredTextLockup\",\"enabled\":\"1\",\"collapsed\":\"0\",\"level\":\"1\",\"fields\":{\"image\":\"\",\"headline\":\"\",\"subhead\":\"\",\"ctaButtons\":\"\"}},\"118\":{\"modified\":\"1\",\"type\":\"newSection\",\"enabled\":\"1\",\"collapsed\":\"0\",\"level\":\"0\",\"fields\":{\"sectionTitle\":\"Filters\",\"sectionBackgroundColor\":\"gray\"}},\"119\":{\"modified\":\"1\",\"type\":\"centeredTextLockup\",\"enabled\":\"1\",\"collapsed\":\"0\",\"level\":\"1\",\"fields\":{\"image\":\"\",\"headline\":\"\",\"subhead\":\"\",\"ctaButtons\":\"\"}},\"124\":{\"modified\":\"1\",\"type\":\"mobileDeviceGrid\",\"enabled\":\"1\",\"collapsed\":\"0\",\"level\":\"1\",\"fields\":{\"mobileDevices\":\"\",\"chillahTooltip\":{\"140\":{\"type\":\"tooltip\",\"enabled\":\"1\",\"fields\":{\"chillah\":[\"143\"],\"tooltipText\":\"<p>On average, more than a billion Snaps with Filters are viewed every day.<sup>1<\\/sup><\\/p>\",\"location\":\"topRight\"}}}}},\"128\":{\"modified\":\"1\",\"type\":\"newSection\",\"enabled\":\"1\",\"collapsed\":\"0\",\"level\":\"0\",\"fields\":{\"sectionTitle\":\"Lenses\",\"sectionBackgroundColor\":\"white\"}},\"129\":{\"modified\":\"1\",\"type\":\"centeredTextLockup\",\"enabled\":\"1\",\"collapsed\":\"0\",\"level\":\"1\",\"fields\":{\"image\":\"\",\"headline\":\"\",\"subhead\":\"\",\"ctaButtons\":\"\"}},\"132\":{\"modified\":\"1\",\"type\":\"mobileDeviceGrid\",\"enabled\":\"1\",\"collapsed\":\"0\",\"level\":\"1\",\"fields\":{\"mobileDevices\":\"\",\"chillahTooltip\":\"\"}},\"136\":{\"modified\":\"1\",\"type\":\"newSection\",\"enabled\":\"1\",\"collapsed\":\"0\",\"level\":\"0\",\"fields\":{\"sectionTitle\":\"Video\",\"sectionBackgroundColor\":\"gray\"}},\"137\":{\"modified\":\"1\",\"type\":\"centeredTextLockup\",\"enabled\":\"1\",\"collapsed\":\"0\",\"level\":\"1\",\"fields\":{\"image\":\"\",\"headline\":\"\",\"subhead\":\"\",\"ctaButtons\":\"\"}}},\"16\":\"1\",\"15\":\"blue\",\"7\":\"solutions\"}}', '2017-08-03 18:46:17', '2017-08-03 18:46:17', '9d8c69c2-723b-452c-b9d1-1d74257d9dc2'),
 ('70', '98', '3', '1', 'en_us', '13', '', '{\"typeId\":\"3\",\"authorId\":\"1\",\"title\":\"Solutions\",\"slug\":\"solutions\",\"postDate\":1501109280,\"expiryDate\":null,\"enabled\":1,\"parentId\":\"\",\"fields\":{\"3\":{\"107\":{\"modified\":\"1\",\"type\":\"newSection\",\"enabled\":\"1\",\"collapsed\":\"0\",\"level\":\"0\",\"fields\":{\"sectionTitle\":\"Overview\",\"sectionBackgroundColor\":\"gray\"}},\"108\":{\"modified\":\"1\",\"type\":\"centeredTextLockup\",\"enabled\":\"1\",\"collapsed\":\"0\",\"level\":\"1\",\"fields\":{\"image\":\"\",\"headline\":\"Our ad products are fun and effective, for every objective\",\"subhead\":\"\",\"ctaButtons\":\"\"}},\"110\":{\"modified\":\"1\",\"type\":\"mobileDeviceGrid\",\"enabled\":\"1\",\"collapsed\":\"0\",\"level\":\"1\",\"fields\":{\"mobileDevices\":{\"206\":{\"type\":\"device\",\"enabled\":\"1\",\"fields\":{\"video\":\"\",\"posterImage\":[\"100\"],\"headline\":\"Snap Ads\",\"subhead\":\"Captivate your audience with full-screen Snap Ads.\"}},\"new1\":{\"type\":\"device\",\"enabled\":\"1\",\"fields\":{\"video\":\"\",\"posterImage\":[\"99\"],\"headline\":\"Filters\",\"subhead\":\"Own a place or event with location-based Filters.\"}},\"new2\":{\"type\":\"device\",\"enabled\":\"1\",\"fields\":{\"video\":\"\",\"posterImage\":[\"160\"],\"headline\":\"Lenses\",\"subhead\":\"Invite customers to play and share with Lenses.\"}}},\"chillahTooltip\":\"\"}},\"144\":{\"modified\":\"1\",\"type\":\"newSection\",\"enabled\":\"1\",\"collapsed\":\"0\",\"level\":\"0\",\"fields\":{\"sectionTitle\":\"Snap Ads\",\"sectionBackgroundColor\":\"white\"}},\"new0\":{\"modified\":\"1\",\"type\":\"centeredTextLockup\",\"enabled\":\"1\",\"collapsed\":\"0\",\"level\":\"1\",\"fields\":{\"image\":\"\",\"headline\":\"Snap Ads\",\"subhead\":\"The original vertical video ad \\u2014 now with attachments customized for your objectives.\",\"ctaButtons\":\"\"}},\"162\":{\"modified\":\"1\",\"type\":\"deviceTabs\",\"enabled\":\"1\",\"collapsed\":\"0\",\"level\":\"1\",\"fields\":{\"deviceTab\":{\"new1\":{\"type\":\"tab\",\"enabled\":\"1\",\"fields\":{\"image\":[\"152\"],\"label\":\"Snap ads\",\"description\":\"Snap Ads are full-screen, 100% viewable, and have audio on by default.\"}},\"new2\":{\"type\":\"tab\",\"enabled\":\"1\",\"fields\":{\"image\":\"\",\"label\":\"+ Web View\",\"description\":\"\"}}},\"chillahTooltip\":{\"163\":{\"type\":\"tooltip\",\"enabled\":\"1\",\"fields\":{\"chillah\":[\"141\"],\"tooltipText\":\"<p>On average, over 10 billion videos are watched on Snapchat every day.<sup>1<\\/sup><\\/p>\",\"location\":\"topLeft\"}}}}},\"114\":{\"modified\":\"1\",\"type\":\"newSection\",\"enabled\":\"1\",\"collapsed\":\"0\",\"level\":\"0\",\"fields\":{\"sectionTitle\":\"Snap Ads\",\"sectionBackgroundColor\":\"white\"}},\"115\":{\"modified\":\"1\",\"type\":\"centeredTextLockup\",\"enabled\":\"1\",\"collapsed\":\"0\",\"level\":\"1\",\"fields\":{\"image\":\"\",\"headline\":\"\",\"subhead\":\"\",\"ctaButtons\":\"\"}},\"118\":{\"modified\":\"1\",\"type\":\"newSection\",\"enabled\":\"1\",\"collapsed\":\"0\",\"level\":\"0\",\"fields\":{\"sectionTitle\":\"Filters\",\"sectionBackgroundColor\":\"gray\"}},\"119\":{\"modified\":\"1\",\"type\":\"centeredTextLockup\",\"enabled\":\"1\",\"collapsed\":\"0\",\"level\":\"1\",\"fields\":{\"image\":\"\",\"headline\":\"\",\"subhead\":\"\",\"ctaButtons\":\"\"}},\"124\":{\"modified\":\"1\",\"type\":\"mobileDeviceGrid\",\"enabled\":\"1\",\"collapsed\":\"0\",\"level\":\"1\",\"fields\":{\"mobileDevices\":\"\",\"chillahTooltip\":{\"140\":{\"type\":\"tooltip\",\"enabled\":\"1\",\"fields\":{\"chillah\":[\"143\"],\"tooltipText\":\"<p>On average, more than a billion Snaps with Filters are viewed every day.<sup>1<\\/sup><\\/p>\",\"location\":\"topRight\"}}}}},\"128\":{\"modified\":\"1\",\"type\":\"newSection\",\"enabled\":\"1\",\"collapsed\":\"0\",\"level\":\"0\",\"fields\":{\"sectionTitle\":\"Lenses\",\"sectionBackgroundColor\":\"white\"}},\"129\":{\"modified\":\"1\",\"type\":\"centeredTextLockup\",\"enabled\":\"1\",\"collapsed\":\"0\",\"level\":\"1\",\"fields\":{\"image\":\"\",\"headline\":\"\",\"subhead\":\"\",\"ctaButtons\":\"\"}},\"132\":{\"modified\":\"1\",\"type\":\"mobileDeviceGrid\",\"enabled\":\"1\",\"collapsed\":\"0\",\"level\":\"1\",\"fields\":{\"mobileDevices\":\"\",\"chillahTooltip\":\"\"}},\"136\":{\"modified\":\"1\",\"type\":\"newSection\",\"enabled\":\"1\",\"collapsed\":\"0\",\"level\":\"0\",\"fields\":{\"sectionTitle\":\"Video\",\"sectionBackgroundColor\":\"gray\"}},\"137\":{\"modified\":\"1\",\"type\":\"centeredTextLockup\",\"enabled\":\"1\",\"collapsed\":\"0\",\"level\":\"1\",\"fields\":{\"image\":\"\",\"headline\":\"\",\"subhead\":\"\",\"ctaButtons\":\"\"}}},\"16\":\"1\",\"15\":\"blue\",\"7\":\"solutions\"}}', '2017-08-03 18:50:27', '2017-08-03 18:50:27', '021e60e7-d6c1-4529-b4a3-bdf541b70b1b'),
 ('71', '98', '3', '1', 'en_us', '14', '', '{\"typeId\":\"3\",\"authorId\":\"1\",\"title\":\"Solutions\",\"slug\":\"solutions\",\"postDate\":1501109280,\"expiryDate\":null,\"enabled\":1,\"parentId\":\"\",\"fields\":{\"3\":{\"107\":{\"modified\":\"1\",\"type\":\"newSection\",\"enabled\":\"1\",\"collapsed\":\"0\",\"level\":\"0\",\"fields\":{\"sectionTitle\":\"Overview\",\"sectionBackgroundColor\":\"gray\"}},\"108\":{\"modified\":\"1\",\"type\":\"centeredTextLockup\",\"enabled\":\"1\",\"collapsed\":\"0\",\"level\":\"1\",\"fields\":{\"image\":\"\",\"headline\":\"Our ad products are fun and effective, for every objective\",\"subhead\":\"\",\"ctaButtons\":\"\"}},\"110\":{\"modified\":\"1\",\"type\":\"mobileDeviceGrid\",\"enabled\":\"1\",\"collapsed\":\"0\",\"level\":\"1\",\"fields\":{\"mobileDevices\":{\"206\":{\"type\":\"device\",\"enabled\":\"1\",\"fields\":{\"video\":\"\",\"posterImage\":[\"100\"],\"headline\":\"Snap Ads\",\"subhead\":\"Captivate your audience with full-screen Snap Ads.\"}},\"207\":{\"type\":\"device\",\"enabled\":\"1\",\"fields\":{\"video\":\"\",\"posterImage\":[\"99\"],\"headline\":\"Filters\",\"subhead\":\"Own a place or event with location-based Filters.\"}},\"208\":{\"type\":\"device\",\"enabled\":\"1\",\"fields\":{\"video\":\"\",\"posterImage\":[\"160\"],\"headline\":\"Lenses\",\"subhead\":\"Invite customers to play and share with Lenses.\"}}},\"chillahTooltip\":\"\"}},\"144\":{\"modified\":\"1\",\"type\":\"newSection\",\"enabled\":\"1\",\"collapsed\":\"0\",\"level\":\"0\",\"fields\":{\"sectionTitle\":\"Snap Ads\",\"sectionBackgroundColor\":\"white\"}},\"209\":{\"modified\":\"1\",\"type\":\"centeredTextLockup\",\"enabled\":\"1\",\"collapsed\":\"0\",\"level\":\"1\",\"fields\":{\"image\":\"\",\"headline\":\"Snap Ads\",\"subhead\":\"The original vertical video ad \\u2014 now with attachments customized for your objectives.\",\"ctaButtons\":\"\"}},\"162\":{\"modified\":\"1\",\"type\":\"deviceTabs\",\"enabled\":\"1\",\"collapsed\":\"0\",\"level\":\"1\",\"fields\":{\"deviceTab\":{\"210\":{\"type\":\"tab\",\"enabled\":\"1\",\"fields\":{\"deviceAsset\":[\"152\"],\"tabImage\":[\"145\"],\"tabLabel\":\"Snap ads\",\"description\":\"Snap Ads are full-screen, 100% viewable, and have audio on by default.\"}},\"211\":{\"type\":\"tab\",\"enabled\":\"1\",\"fields\":{\"deviceAsset\":[\"102\"],\"tabImage\":[\"146\"],\"tabLabel\":\"+ Web View\",\"description\":\"Drive traffic to your pre-loaded website. With our Auto-Fill feature, Snapchatters can send you their account email and more by just tapping.\"}}},\"chillahTooltip\":{\"163\":{\"type\":\"tooltip\",\"enabled\":\"1\",\"fields\":{\"chillah\":[\"141\"],\"tooltipText\":\"<p>On average, over 10 billion videos are watched on Snapchat every day.<sup>1<\\/sup><\\/p>\",\"location\":\"topLeft\"}}}}},\"118\":{\"modified\":\"1\",\"type\":\"newSection\",\"enabled\":\"1\",\"collapsed\":\"0\",\"level\":\"0\",\"fields\":{\"sectionTitle\":\"Filters\",\"sectionBackgroundColor\":\"gray\"}},\"119\":{\"modified\":\"1\",\"type\":\"centeredTextLockup\",\"enabled\":\"1\",\"collapsed\":\"0\",\"level\":\"1\",\"fields\":{\"image\":\"\",\"headline\":\"Filters\",\"subhead\":\"Filters allow you to be where your product is bought, thought about, or consumed. Create your own Filter and drive awareness, advocacy, and action in one package.\",\"ctaButtons\":{\"new1\":{\"type\":\"primaryButton\",\"enabled\":\"1\",\"fields\":{\"button\":{\"type\":\"custom\",\"custom\":\"https:\\/\\/geofilters.snapchat.com\",\"entry\":\"\",\"customText\":\"Create A Filter\",\"target\":\"_blank\"}}},\"new2\":{\"type\":\"secondaryButton\",\"enabled\":\"1\",\"fields\":{\"button\":{\"type\":\"custom\",\"custom\":\"https:\\/\\/businesshelp.snapchat.com\\/en-US\\/article\\/create-geofilter\",\"entry\":\"\",\"customText\":\"View Guidelines\",\"target\":\"_blank\"}}}}}},\"124\":{\"modified\":\"1\",\"type\":\"mobileDeviceGrid\",\"enabled\":\"1\",\"collapsed\":\"0\",\"level\":\"1\",\"fields\":{\"mobileDevices\":{\"new1\":{\"type\":\"device\",\"enabled\":\"1\",\"fields\":{\"video\":\"\",\"posterImage\":[\"101\"],\"headline\":\"\",\"subhead\":\"\"}},\"new2\":{\"type\":\"device\",\"enabled\":\"1\",\"fields\":{\"video\":\"\",\"posterImage\":[\"157\"],\"headline\":\"\",\"subhead\":\"\"}},\"new3\":{\"type\":\"device\",\"enabled\":\"1\",\"fields\":{\"video\":\"\",\"posterImage\":[\"103\"],\"headline\":\"\",\"subhead\":\"\"}}},\"chillahTooltip\":{\"140\":{\"type\":\"tooltip\",\"enabled\":\"1\",\"fields\":{\"chillah\":[\"143\"],\"tooltipText\":\"<p>On average, more than a billion Snaps with Filters are viewed every day.<sup>1<\\/sup><\\/p>\",\"location\":\"topRight\"}}}}},\"128\":{\"modified\":\"1\",\"type\":\"newSection\",\"enabled\":\"1\",\"collapsed\":\"0\",\"level\":\"0\",\"fields\":{\"sectionTitle\":\"Lenses\",\"sectionBackgroundColor\":\"white\"}},\"129\":{\"modified\":\"1\",\"type\":\"centeredTextLockup\",\"enabled\":\"1\",\"collapsed\":\"0\",\"level\":\"1\",\"fields\":{\"image\":\"\",\"headline\":\"Lenses\",\"subhead\":\"Lenses are the most playful and memorable way to increase awareness, on a massive scale. With one tap, you can invite Snapchatters into your world \\u2014 and your story.\",\"ctaButtons\":\"\"}},\"132\":{\"modified\":\"1\",\"type\":\"mobileDeviceGrid\",\"enabled\":\"1\",\"collapsed\":\"0\",\"level\":\"1\",\"fields\":{\"mobileDevices\":{\"new1\":{\"type\":\"device\",\"enabled\":\"1\",\"fields\":{\"video\":\"\",\"posterImage\":[\"159\"],\"headline\":\"\",\"subhead\":\"\"}},\"new2\":{\"type\":\"device\",\"enabled\":\"1\",\"fields\":{\"video\":\"\",\"posterImage\":[\"151\"],\"headline\":\"\",\"subhead\":\"\"}},\"new3\":{\"type\":\"device\",\"enabled\":\"1\",\"fields\":{\"video\":\"\",\"posterImage\":[\"161\"],\"headline\":\"\",\"subhead\":\"\"}}},\"chillahTooltip\":{\"new1\":{\"type\":\"tooltip\",\"enabled\":\"1\",\"fields\":{\"chillah\":[\"142\"],\"tooltipText\":\"<p>The best lenses average more than 20 seconds of play time!<sup>1<\\/sup><\\/p>\",\"location\":\"topRight\"}}}}},\"136\":{\"modified\":\"1\",\"type\":\"newSection\",\"enabled\":\"1\",\"collapsed\":\"0\",\"level\":\"0\",\"fields\":{\"sectionTitle\":\"Video\",\"sectionBackgroundColor\":\"gray\"}},\"137\":{\"modified\":\"1\",\"type\":\"centeredTextLockup\",\"enabled\":\"1\",\"collapsed\":\"0\",\"level\":\"1\",\"fields\":{\"image\":\"\",\"headline\":\"See where your ads will run on Snapchat\",\"subhead\":\"\",\"ctaButtons\":\"\"}},\"new1\":{\"modified\":\"1\",\"type\":\"centeredVideo\",\"enabled\":\"1\",\"collapsed\":\"0\",\"level\":\"1\",\"fields\":{\"video\":\"\",\"assetWidth\":\"wide\"}}},\"16\":\"1\",\"15\":\"blue\",\"7\":\"solutions\"}}', '2017-08-03 19:02:45', '2017-08-03 19:02:45', 'e306d9d1-1fc9-4034-baee-92e4f7d9ea60'),
 ('75', '33', '4', '1', 'en_us', '3', '', '{\"typeId\":\"4\",\"authorId\":\"1\",\"title\":\"AB InBev\",\"slug\":\"ab-inbev\",\"postDate\":1500679740,\"expiryDate\":null,\"enabled\":1,\"parentId\":\"\",\"fields\":{\"41\":\"AB InBev\",\"39\":\"Success Story\",\"86\":[\"246\"],\"87\":[\"245\"],\"88\":[\"256\"],\"40\":\"#a91622\",\"38\":[\"97\"],\"43\":\"\",\"42\":\"On average, Snapchatters spent 30 seconds playing Anheuser Busch InBev\'s Bud Bowl game in its Snap Ad Web View.\"}}', '2017-08-07 17:40:39', '2017-08-07 17:40:39', 'e6c62afc-e174-44e8-8296-4565b0e61a2f'),
 ('76', '33', '4', '1', 'en_us', '4', '', '{\"typeId\":\"4\",\"authorId\":\"1\",\"title\":\"AB InBev\",\"slug\":\"ab-inbev\",\"postDate\":1500679740,\"expiryDate\":null,\"enabled\":1,\"parentId\":\"\",\"fields\":{\"41\":\"AB InBev\",\"39\":\"Success Story\",\"86\":[\"246\"],\"87\":[\"245\"],\"88\":[\"256\"],\"40\":\"#a91622\",\"38\":[\"97\"],\"43\":\"\",\"42\":\"On average, Snapchatters spent 30 seconds playing Anheuser Busch InBev\'s Bud Bowl game in its Snap Ad Web View.\"}}', '2017-08-07 17:52:09', '2017-08-07 17:52:09', 'bf5d8e9c-d0bf-4088-bf17-a9bbddce631f'),
 ('77', '259', '7', '1', 'en_us', '1', NULL, '{\"typeId\":\"7\",\"authorId\":null,\"title\":\"Success Stories Page\",\"slug\":\"success-stories-page\",\"postDate\":1502128683,\"expiryDate\":null,\"enabled\":1,\"parentId\":null,\"fields\":[]}', '2017-08-07 17:58:03', '2017-08-07 17:58:03', '4b1eeb8e-bfba-4368-aef4-fba015df8f3b'),
 ('78', '259', '7', '1', 'en_us', '2', '', '{\"typeId\":null,\"authorId\":null,\"title\":\"Success Stories Page\",\"slug\":\"success-stories-page\",\"postDate\":1502128683,\"expiryDate\":null,\"enabled\":1,\"parentId\":null,\"fields\":{\"10\":\"See how others grew their businesses with Snapchat\"}}', '2017-08-07 17:58:58', '2017-08-07 17:58:58', 'aba7722d-2814-4122-918b-988ce6429363'),
 ('79', '98', '3', '1', 'en_us', '15', '', '{\"typeId\":\"3\",\"authorId\":\"1\",\"title\":\"Solutions\",\"slug\":\"solutions\",\"postDate\":1501109280,\"expiryDate\":null,\"enabled\":1,\"parentId\":\"\",\"fields\":{\"3\":{\"107\":{\"modified\":\"1\",\"type\":\"newSection\",\"enabled\":\"1\",\"collapsed\":\"0\",\"level\":\"0\",\"fields\":{\"sectionTitle\":\"Overview\",\"sectionBackgroundColor\":\"gray\"}},\"108\":{\"modified\":\"1\",\"type\":\"centeredTextLockup\",\"enabled\":\"1\",\"collapsed\":\"0\",\"level\":\"1\",\"fields\":{\"image\":\"\",\"headline\":\"Our ad products are fun and effective, for every objective\",\"subhead\":\"\",\"ctaButtons\":\"\"}},\"110\":{\"modified\":\"1\",\"type\":\"mobileDeviceGrid\",\"enabled\":\"1\",\"collapsed\":\"0\",\"level\":\"1\",\"fields\":{\"mobileDevices\":{\"206\":{\"type\":\"device\",\"enabled\":\"1\",\"fields\":{\"videoUrl\":\"https:\\/\\/storage.googleapis.com\\/snapchat-web\\/marketing\\/solutions\\/product-examples\\/postmates.mp4\",\"posterImage\":[\"100\"],\"headline\":\"Snap Ads\",\"subhead\":\"Captivate your audience with full-screen Snap Ads.\"}},\"207\":{\"type\":\"device\",\"enabled\":\"1\",\"fields\":{\"videoUrl\":\"https:\\/\\/storage.googleapis.com\\/snapchat-web\\/marketing\\/solutions\\/product-examples\\/philsdonuts.mp4\",\"posterImage\":[\"99\"],\"headline\":\"Filters\",\"subhead\":\"Own a place or event with location-based Filters.\"}},\"208\":{\"type\":\"device\",\"enabled\":\"1\",\"fields\":{\"videoUrl\":\"https:\\/\\/storage.googleapis.com\\/snapchat-web\\/marketing\\/solutions\\/product-examples\\/bloomingdales.mp4\",\"posterImage\":[\"160\"],\"headline\":\"Lenses\",\"subhead\":\"Invite customers to play and share with Lenses.\"}}},\"chillahTooltip\":\"\"}},\"144\":{\"modified\":\"1\",\"type\":\"newSection\",\"enabled\":\"1\",\"collapsed\":\"0\",\"level\":\"0\",\"fields\":{\"sectionTitle\":\"Snap Ads\",\"sectionBackgroundColor\":\"white\"}},\"209\":{\"modified\":\"1\",\"type\":\"centeredTextLockup\",\"enabled\":\"1\",\"collapsed\":\"0\",\"level\":\"1\",\"fields\":{\"image\":\"\",\"headline\":\"Snap Ads\",\"subhead\":\"The original vertical video ad \\u2014 now with attachments customized for your objectives.\",\"ctaButtons\":\"\"}},\"162\":{\"modified\":\"1\",\"type\":\"deviceTabs\",\"enabled\":\"1\",\"collapsed\":\"0\",\"level\":\"1\",\"fields\":{\"deviceTab\":{\"210\":{\"type\":\"tab\",\"enabled\":\"1\",\"fields\":{\"deviceVideo\":\"\",\"tabImage\":[\"145\"],\"tabLabel\":\"Snap ads\",\"description\":\"Snap Ads are full-screen, 100% viewable, and have audio on by default.\"}},\"211\":{\"type\":\"tab\",\"enabled\":\"1\",\"fields\":{\"deviceVideo\":\"\",\"tabImage\":[\"146\"],\"tabLabel\":\"+ Web View\",\"description\":\"Drive traffic to your pre-loaded website. With our Auto-Fill feature, Snapchatters can send you their account email and more by just tapping.\"}}},\"chillahTooltip\":{\"163\":{\"type\":\"tooltip\",\"enabled\":\"1\",\"fields\":{\"chillah\":[\"141\"],\"tooltipText\":\"<p>On average, over 10 billion videos are watched on Snapchat every day.<sup>1<\\/sup><\\/p>\",\"location\":\"topLeft\"}}}}},\"118\":{\"modified\":\"1\",\"type\":\"newSection\",\"enabled\":\"1\",\"collapsed\":\"0\",\"level\":\"0\",\"fields\":{\"sectionTitle\":\"Filters\",\"sectionBackgroundColor\":\"gray\"}},\"119\":{\"modified\":\"1\",\"type\":\"centeredTextLockup\",\"enabled\":\"1\",\"collapsed\":\"0\",\"level\":\"1\",\"fields\":{\"image\":\"\",\"headline\":\"Filters\",\"subhead\":\"Filters allow you to be where your product is bought, thought about, or consumed. Create your own Filter and drive awareness, advocacy, and action in one package.\",\"ctaButtons\":{\"212\":{\"type\":\"primaryButton\",\"enabled\":\"1\",\"fields\":{\"button\":{\"type\":\"custom\",\"custom\":\"https:\\/\\/geofilters.snapchat.com\",\"entry\":\"\",\"customText\":\"Create A Filter\",\"target\":\"_blank\"}}},\"213\":{\"type\":\"secondaryButton\",\"enabled\":\"1\",\"fields\":{\"button\":{\"type\":\"custom\",\"custom\":\"https:\\/\\/businesshelp.snapchat.com\\/en-US\\/article\\/create-geofilter\",\"entry\":\"\",\"customText\":\"View Guidelines\",\"target\":\"_blank\"}}}}}},\"124\":{\"modified\":\"1\",\"type\":\"mobileDeviceGrid\",\"enabled\":\"1\",\"collapsed\":\"0\",\"level\":\"1\",\"fields\":{\"mobileDevices\":{\"214\":{\"type\":\"device\",\"enabled\":\"1\",\"fields\":{\"videoUrl\":\"\",\"posterImage\":[\"101\"],\"headline\":\"\",\"subhead\":\"\"}},\"215\":{\"type\":\"device\",\"enabled\":\"1\",\"fields\":{\"videoUrl\":\"\",\"posterImage\":[\"157\"],\"headline\":\"\",\"subhead\":\"\"}},\"216\":{\"type\":\"device\",\"enabled\":\"1\",\"fields\":{\"videoUrl\":\"\",\"posterImage\":[\"103\"],\"headline\":\"\",\"subhead\":\"\"}}},\"chillahTooltip\":{\"140\":{\"type\":\"tooltip\",\"enabled\":\"1\",\"fields\":{\"chillah\":[\"143\"],\"tooltipText\":\"<p>On average, more than a billion Snaps with Filters are viewed every day.<sup>1<\\/sup><\\/p>\",\"location\":\"topRight\"}}}}},\"128\":{\"modified\":\"1\",\"type\":\"newSection\",\"enabled\":\"1\",\"collapsed\":\"0\",\"level\":\"0\",\"fields\":{\"sectionTitle\":\"Lenses\",\"sectionBackgroundColor\":\"white\"}},\"129\":{\"modified\":\"1\",\"type\":\"centeredTextLockup\",\"enabled\":\"1\",\"collapsed\":\"0\",\"level\":\"1\",\"fields\":{\"image\":\"\",\"headline\":\"Lenses\",\"subhead\":\"Lenses are the most playful and memorable way to increase awareness, on a massive scale. With one tap, you can invite Snapchatters into your world \\u2014 and your story.\",\"ctaButtons\":\"\"}},\"132\":{\"modified\":\"1\",\"type\":\"mobileDeviceGrid\",\"enabled\":\"1\",\"collapsed\":\"0\",\"level\":\"1\",\"fields\":{\"mobileDevices\":{\"217\":{\"type\":\"device\",\"enabled\":\"1\",\"fields\":{\"videoUrl\":\"\",\"posterImage\":[\"159\"],\"headline\":\"\",\"subhead\":\"\"}},\"218\":{\"type\":\"device\",\"enabled\":\"1\",\"fields\":{\"videoUrl\":\"\",\"posterImage\":[\"151\"],\"headline\":\"\",\"subhead\":\"\"}},\"219\":{\"type\":\"device\",\"enabled\":\"1\",\"fields\":{\"videoUrl\":\"\",\"posterImage\":[\"161\"],\"headline\":\"\",\"subhead\":\"\"}}},\"chillahTooltip\":{\"220\":{\"type\":\"tooltip\",\"enabled\":\"1\",\"fields\":{\"chillah\":[\"142\"],\"tooltipText\":\"<p>The best lenses average more than 20 seconds of play time!<sup>1<\\/sup><\\/p>\",\"location\":\"topRight\"}}}}},\"136\":{\"modified\":\"1\",\"type\":\"newSection\",\"enabled\":\"1\",\"collapsed\":\"0\",\"level\":\"0\",\"fields\":{\"sectionTitle\":\"Video\",\"sectionBackgroundColor\":\"gray\"}},\"137\":{\"modified\":\"1\",\"type\":\"centeredTextLockup\",\"enabled\":\"1\",\"collapsed\":\"0\",\"level\":\"1\",\"fields\":{\"image\":\"\",\"headline\":\"See where your ads will run on Snapchat\",\"subhead\":\"\",\"ctaButtons\":\"\"}},\"221\":{\"modified\":\"1\",\"type\":\"centeredVideo\",\"enabled\":\"1\",\"collapsed\":\"0\",\"level\":\"1\",\"fields\":{\"videoUrl\":\"\",\"assetWidth\":\"wide\"}}},\"16\":\"1\",\"15\":\"blue\",\"7\":\"solutions\"}}', '2017-08-07 18:20:21', '2017-08-07 18:20:21', '1348e9c7-343a-4c8c-a92c-2499b1144258'),
 ('80', '264', '8', '1', 'en_us', '1', NULL, '{\"typeId\":\"8\",\"authorId\":null,\"title\":\"Blog\",\"slug\":\"blog\",\"postDate\":1502141337,\"expiryDate\":null,\"enabled\":1,\"parentId\":null,\"fields\":[]}', '2017-08-07 21:28:57', '2017-08-07 21:28:57', '78897f0c-16b7-4eeb-a3a1-f48f82610870'),
 ('81', '264', '8', '1', 'en_us', '2', '', '{\"typeId\":null,\"authorId\":null,\"title\":\"Blog\",\"slug\":\"blog\",\"postDate\":1502141337,\"expiryDate\":null,\"enabled\":1,\"parentId\":null,\"fields\":{\"10\":\"Facts, tips, news, and more to inspire your next campaign\"}}', '2017-08-07 21:30:59', '2017-08-07 21:30:59', '77e47081-7a9c-48c4-a7ef-dfba6a974de4'),
 ('82', '98', '3', '1', 'en_us', '16', '', '{\"typeId\":\"3\",\"authorId\":\"1\",\"title\":\"Ad Products\",\"slug\":\"solutions\",\"postDate\":1501109280,\"expiryDate\":null,\"enabled\":1,\"parentId\":\"\",\"fields\":{\"3\":{\"107\":{\"modified\":\"1\",\"type\":\"newSection\",\"enabled\":\"1\",\"collapsed\":\"0\",\"level\":\"0\",\"fields\":{\"sectionTitle\":\"Overview\",\"sectionBackgroundColor\":\"gray\"}},\"108\":{\"modified\":\"1\",\"type\":\"centeredTextLockup\",\"enabled\":\"1\",\"collapsed\":\"0\",\"level\":\"1\",\"fields\":{\"image\":\"\",\"headline\":\"Our ad products are fun and effective, for every objective\",\"subhead\":\"\",\"ctaButtons\":\"\"}},\"110\":{\"modified\":\"1\",\"type\":\"mobileDeviceGrid\",\"enabled\":\"1\",\"collapsed\":\"0\",\"level\":\"1\",\"fields\":{\"mobileDevices\":{\"206\":{\"type\":\"device\",\"enabled\":\"1\",\"fields\":{\"videoUrl\":\"https:\\/\\/storage.googleapis.com\\/snapchat-web\\/marketing\\/solutions\\/product-examples\\/postmates.mp4\",\"posterImage\":[\"100\"],\"headline\":\"Snap Ads\",\"subhead\":\"Captivate your audience with full-screen Snap Ads.\"}},\"207\":{\"type\":\"device\",\"enabled\":\"1\",\"fields\":{\"videoUrl\":\"https:\\/\\/storage.googleapis.com\\/snapchat-web\\/marketing\\/solutions\\/product-examples\\/philsdonuts.mp4\",\"posterImage\":[\"99\"],\"headline\":\"Filters\",\"subhead\":\"Own a place or event with location-based Filters.\"}},\"208\":{\"type\":\"device\",\"enabled\":\"1\",\"fields\":{\"videoUrl\":\"https:\\/\\/storage.googleapis.com\\/snapchat-web\\/marketing\\/solutions\\/product-examples\\/bloomingdales.mp4\",\"posterImage\":[\"160\"],\"headline\":\"Lenses\",\"subhead\":\"Invite customers to play and share with Lenses.\"}}},\"chillahTooltip\":\"\"}},\"144\":{\"modified\":\"1\",\"type\":\"newSection\",\"enabled\":\"1\",\"collapsed\":\"0\",\"level\":\"0\",\"fields\":{\"sectionTitle\":\"Snap Ads\",\"sectionBackgroundColor\":\"white\"}},\"209\":{\"modified\":\"1\",\"type\":\"centeredTextLockup\",\"enabled\":\"1\",\"collapsed\":\"0\",\"level\":\"1\",\"fields\":{\"image\":\"\",\"headline\":\"Snap Ads\",\"subhead\":\"The original vertical video ad \\u2014 now with attachments customized for your objectives.\",\"ctaButtons\":\"\"}},\"162\":{\"modified\":\"1\",\"type\":\"deviceTabs\",\"enabled\":\"1\",\"collapsed\":\"0\",\"level\":\"1\",\"fields\":{\"deviceTab\":{\"210\":{\"type\":\"tab\",\"enabled\":\"1\",\"fields\":{\"deviceVideo\":\"\",\"tabImage\":[\"145\"],\"tabLabel\":\"Snap ads\",\"description\":\"Snap Ads are full-screen, 100% viewable, and have audio on by default.\"}},\"211\":{\"type\":\"tab\",\"enabled\":\"1\",\"fields\":{\"deviceVideo\":\"\",\"tabImage\":[\"146\"],\"tabLabel\":\"+ Web View\",\"description\":\"Drive traffic to your pre-loaded website. With our Auto-Fill feature, Snapchatters can send you their account email and more by just tapping.\"}}},\"chillahTooltip\":{\"163\":{\"type\":\"tooltip\",\"enabled\":\"1\",\"fields\":{\"chillah\":[\"141\"],\"tooltipText\":\"<p>On average, over 10 billion videos are watched on Snapchat every day.<sup>1<\\/sup><\\/p>\",\"location\":\"topLeft\"}}}}},\"118\":{\"modified\":\"1\",\"type\":\"newSection\",\"enabled\":\"1\",\"collapsed\":\"0\",\"level\":\"0\",\"fields\":{\"sectionTitle\":\"Filters\",\"sectionBackgroundColor\":\"gray\"}},\"119\":{\"modified\":\"1\",\"type\":\"centeredTextLockup\",\"enabled\":\"1\",\"collapsed\":\"0\",\"level\":\"1\",\"fields\":{\"image\":\"\",\"headline\":\"Filters\",\"subhead\":\"Filters allow you to be where your product is bought, thought about, or consumed. Create your own Filter and drive awareness, advocacy, and action in one package.\",\"ctaButtons\":{\"212\":{\"type\":\"primaryButton\",\"enabled\":\"1\",\"fields\":{\"button\":{\"type\":\"custom\",\"custom\":\"https:\\/\\/geofilters.snapchat.com\",\"entry\":\"\",\"customText\":\"Create A Filter\",\"target\":\"_blank\"}}},\"213\":{\"type\":\"secondaryButton\",\"enabled\":\"1\",\"fields\":{\"button\":{\"type\":\"custom\",\"custom\":\"https:\\/\\/businesshelp.snapchat.com\\/en-US\\/article\\/create-geofilter\",\"entry\":\"\",\"customText\":\"View Guidelines\",\"target\":\"_blank\"}}}}}},\"124\":{\"modified\":\"1\",\"type\":\"mobileDeviceGrid\",\"enabled\":\"1\",\"collapsed\":\"0\",\"level\":\"1\",\"fields\":{\"mobileDevices\":{\"214\":{\"type\":\"device\",\"enabled\":\"1\",\"fields\":{\"videoUrl\":\"\",\"posterImage\":[\"101\"],\"headline\":\"\",\"subhead\":\"\"}},\"215\":{\"type\":\"device\",\"enabled\":\"1\",\"fields\":{\"videoUrl\":\"\",\"posterImage\":[\"157\"],\"headline\":\"\",\"subhead\":\"\"}},\"216\":{\"type\":\"device\",\"enabled\":\"1\",\"fields\":{\"videoUrl\":\"\",\"posterImage\":[\"103\"],\"headline\":\"\",\"subhead\":\"\"}}},\"chillahTooltip\":{\"140\":{\"type\":\"tooltip\",\"enabled\":\"1\",\"fields\":{\"chillah\":[\"143\"],\"tooltipText\":\"<p>On average, more than a billion Snaps with Filters are viewed every day.<sup>1<\\/sup><\\/p>\",\"location\":\"topRight\"}}}}},\"128\":{\"modified\":\"1\",\"type\":\"newSection\",\"enabled\":\"1\",\"collapsed\":\"0\",\"level\":\"0\",\"fields\":{\"sectionTitle\":\"Lenses\",\"sectionBackgroundColor\":\"white\"}},\"129\":{\"modified\":\"1\",\"type\":\"centeredTextLockup\",\"enabled\":\"1\",\"collapsed\":\"0\",\"level\":\"1\",\"fields\":{\"image\":\"\",\"headline\":\"Lenses\",\"subhead\":\"Lenses are the most playful and memorable way to increase awareness, on a massive scale. With one tap, you can invite Snapchatters into your world \\u2014 and your story.\",\"ctaButtons\":\"\"}},\"132\":{\"modified\":\"1\",\"type\":\"mobileDeviceGrid\",\"enabled\":\"1\",\"collapsed\":\"0\",\"level\":\"1\",\"fields\":{\"mobileDevices\":{\"217\":{\"type\":\"device\",\"enabled\":\"1\",\"fields\":{\"videoUrl\":\"\",\"posterImage\":[\"159\"],\"headline\":\"\",\"subhead\":\"\"}},\"218\":{\"type\":\"device\",\"enabled\":\"1\",\"fields\":{\"videoUrl\":\"\",\"posterImage\":[\"151\"],\"headline\":\"\",\"subhead\":\"\"}},\"219\":{\"type\":\"device\",\"enabled\":\"1\",\"fields\":{\"videoUrl\":\"\",\"posterImage\":[\"161\"],\"headline\":\"\",\"subhead\":\"\"}}},\"chillahTooltip\":{\"220\":{\"type\":\"tooltip\",\"enabled\":\"1\",\"fields\":{\"chillah\":[\"142\"],\"tooltipText\":\"<p>The best lenses average more than 20 seconds of play time!<sup>1<\\/sup><\\/p>\",\"location\":\"topRight\"}}}}},\"136\":{\"modified\":\"1\",\"type\":\"newSection\",\"enabled\":\"1\",\"collapsed\":\"0\",\"level\":\"0\",\"fields\":{\"sectionTitle\":\"Video\",\"sectionBackgroundColor\":\"gray\"}},\"137\":{\"modified\":\"1\",\"type\":\"centeredTextLockup\",\"enabled\":\"1\",\"collapsed\":\"0\",\"level\":\"1\",\"fields\":{\"image\":\"\",\"headline\":\"See where your ads will run on Snapchat\",\"subhead\":\"\",\"ctaButtons\":\"\"}},\"221\":{\"modified\":\"1\",\"type\":\"centeredVideo\",\"enabled\":\"1\",\"collapsed\":\"0\",\"level\":\"1\",\"fields\":{\"videoUrl\":\"\",\"assetWidth\":\"wide\"}}},\"16\":\"1\",\"15\":\"blue\",\"7\":\"ad-products\"}}', '2017-08-07 21:49:07', '2017-08-07 21:49:07', '577a17a8-5033-4ac4-8d59-b754d6d76cc3'),
 ('83', '270', '9', '1', 'en_us', '1', NULL, '{\"typeId\":\"9\",\"authorId\":null,\"title\":\"home\",\"slug\":\"home\",\"postDate\":1502144603,\"expiryDate\":null,\"enabled\":1,\"parentId\":null,\"fields\":[]}', '2017-08-07 22:23:24', '2017-08-07 22:23:24', '5294300c-3e50-43cf-ac74-2e4b1f60f5b6'),
 ('85', '289', '3', '1', 'en_us', '1', '', '{\"typeId\":null,\"authorId\":\"1\",\"title\":\"Ad Tools\",\"slug\":\"ad-tools\",\"postDate\":1502311074,\"expiryDate\":null,\"enabled\":1,\"parentId\":\"\",\"fields\":{\"103\":\"\",\"106\":\"\",\"105\":\"\",\"89\":\"\",\"3\":\"\",\"107\":\"website\",\"102\":\"\",\"104\":\"\",\"101\":\"\",\"16\":\"1\",\"15\":\"blue\",\"7\":\"ad-tools\"}}', '2017-08-09 20:37:54', '2017-08-09 20:37:54', 'dfc38f57-9819-460c-928d-8ea33350c211'),
 ('86', '290', '3', '1', 'en_us', '1', '', '{\"typeId\":null,\"authorId\":\"1\",\"title\":\"Audiences\",\"slug\":\"audiences\",\"postDate\":1502311107,\"expiryDate\":null,\"enabled\":1,\"parentId\":\"\",\"fields\":{\"103\":\"\",\"106\":\"\",\"105\":\"\",\"89\":\"\",\"3\":\"\",\"107\":\"website\",\"102\":\"\",\"104\":\"\",\"101\":\"\",\"16\":\"1\",\"15\":\"blue\",\"7\":\"audiences\"}}', '2017-08-09 20:38:27', '2017-08-09 20:38:27', '6b00425a-a2e0-4abb-8bb9-e473eaa59f49'),
 ('87', '289', '3', '1', 'en_us', '2', '', '{\"typeId\":\"3\",\"authorId\":\"1\",\"title\":\"Ad Tools\",\"slug\":\"ad-tools\",\"postDate\":1502311020,\"expiryDate\":null,\"enabled\":1,\"parentId\":\"\",\"fields\":{\"103\":\"\",\"106\":\"\",\"105\":\"\",\"89\":\"\",\"3\":\"\",\"107\":\"website\",\"102\":\"\",\"104\":\"\",\"101\":\"\",\"16\":\"1\",\"15\":\"green\",\"7\":\"ad-tools\"}}', '2017-08-09 20:38:36', '2017-08-09 20:38:36', 'fc816f20-0043-47ee-94fe-31f54daf4174'),
 ('88', '290', '3', '1', 'en_us', '2', '', '{\"typeId\":\"3\",\"authorId\":\"1\",\"title\":\"Audiences\",\"slug\":\"audiences\",\"postDate\":1502311080,\"expiryDate\":null,\"enabled\":1,\"parentId\":\"\",\"fields\":{\"103\":\"\",\"106\":\"\",\"105\":\"\",\"89\":\"\",\"3\":\"\",\"107\":\"website\",\"102\":\"\",\"104\":\"\",\"101\":\"\",\"16\":\"1\",\"15\":\"purple\",\"7\":\"audiences\"}}', '2017-08-09 20:38:46', '2017-08-09 20:38:46', 'f6e67ea6-8fc5-4daf-b83a-2c8fc0eef35b'),
 ('89', '291', '3', '1', 'en_us', '1', '', '{\"typeId\":null,\"authorId\":\"1\",\"title\":\"Measurement\",\"slug\":\"measurement\",\"postDate\":1502311146,\"expiryDate\":null,\"enabled\":1,\"parentId\":\"\",\"fields\":{\"103\":\"\",\"106\":\"\",\"105\":\"\",\"89\":\"\",\"3\":\"\",\"107\":\"website\",\"102\":\"\",\"104\":\"\",\"101\":\"\",\"16\":\"1\",\"15\":\"orange\",\"7\":\"measurement\"}}', '2017-08-09 20:39:06', '2017-08-09 20:39:06', 'f6d59679-6dee-40a7-bc13-118aab8e178c'),
 ('90', '292', '3', '1', 'en_us', '1', '', '{\"typeId\":null,\"authorId\":\"1\",\"title\":\"Get Started\",\"slug\":\"get-started\",\"postDate\":1502311294,\"expiryDate\":null,\"enabled\":1,\"parentId\":\"\",\"fields\":{\"103\":\"\",\"106\":\"\",\"105\":\"\",\"89\":\"\",\"3\":\"\",\"107\":\"website\",\"102\":\"\",\"104\":\"\",\"101\":\"\",\"16\":\"\",\"15\":\"yellow\",\"7\":\"gettingstarted\"}}', '2017-08-09 20:41:34', '2017-08-09 20:41:34', '436b6585-b19a-4382-bd2d-2e146e0966d3'),
 ('91', '314', '3', '1', 'en_us', '1', '', '{\"typeId\":null,\"authorId\":\"1\",\"title\":\"One With Everything\",\"slug\":\"one-with-everything\",\"postDate\":1502402428,\"expiryDate\":null,\"enabled\":1,\"parentId\":\"\",\"fields\":{\"103\":\"\",\"106\":\"\",\"105\":\"\",\"89\":{\"new1\":{\"type\":\"annotation\",\"enabled\":\"1\",\"fields\":{\"number\":\"1\",\"text\":\"Cool annotation bro.\"}},\"new2\":{\"type\":\"annotation\",\"enabled\":\"1\",\"fields\":{\"number\":\"2\",\"text\":\"Great job annotating this.\"}}},\"3\":{\"new0\":{\"modified\":\"1\",\"type\":\"newSection\",\"enabled\":\"1\",\"collapsed\":\"0\",\"level\":\"0\",\"fields\":{\"sectionTitle\":\"Element Grids\",\"sectionBackgroundColor\":\"gray\"}},\"new1\":{\"modified\":\"1\",\"type\":\"imageCardGrid\",\"enabled\":\"1\",\"collapsed\":\"0\",\"level\":\"1\",\"fields\":{\"imageCardRow\":{\"new1\":{\"type\":\"imageCard\",\"enabled\":\"1\",\"fields\":{\"cardImage\":[\"14\"],\"headline\":\"Card 1 Headline\",\"body\":\"<p>Card 1 body text<\\/p>\"}},\"new2\":{\"type\":\"imageCard\",\"enabled\":\"1\",\"fields\":{\"cardImage\":[\"15\"],\"headline\":\"Card 2 Headline\",\"body\":\"<p>Card 2 body text goes right here.<\\/p>\"}},\"new3\":{\"type\":\"imageCard\",\"enabled\":\"1\",\"fields\":{\"cardImage\":[\"16\"],\"headline\":\"Card 3 Headline\",\"body\":\"<p>Card 3 body looks like this.<\\/p>\"}}},\"chillahTooltip\":\"\"}},\"new2\":{\"modified\":\"1\",\"type\":\"logoGrid\",\"enabled\":\"1\",\"collapsed\":\"0\",\"level\":\"1\",\"fields\":{\"logos\":{\"new1\":{\"type\":\"logo\",\"enabled\":\"1\",\"fields\":{\"image\":[\"76\"],\"imageAltText\":\"Adjust logo\",\"imageLinkUrl\":\"https:\\/\\/snapchat.com\"}},\"new2\":{\"type\":\"logo\",\"enabled\":\"1\",\"fields\":{\"image\":[\"77\"],\"imageAltText\":\"Appsflyer logo\",\"imageLinkUrl\":\"https:\\/\\/snapchat.com\"}},\"new3\":{\"type\":\"logo\",\"enabled\":\"1\",\"fields\":{\"image\":[\"78\"],\"imageAltText\":\"Double Click logo\",\"imageLinkUrl\":\"https:\\/\\/snapchat.com\"}}}}},\"new3\":{\"modified\":\"1\",\"type\":\"mobileDeviceGrid\",\"enabled\":\"1\",\"collapsed\":\"0\",\"level\":\"1\",\"fields\":{\"mobileDevices\":{\"new1\":{\"type\":\"device\",\"enabled\":\"1\",\"fields\":{\"videoUrl\":\"\",\"posterImage\":\"\",\"headline\":\"\",\"subhead\":\"\"}}},\"chillahTooltip\":\"\"}}},\"107\":\"website\",\"102\":\"\",\"104\":\"\",\"101\":\"\",\"16\":\"1\",\"15\":\"red\",\"7\":\"one-with-everything\"}}', '2017-08-10 22:00:29', '2017-08-10 22:00:29', '76848690-b01c-402f-9b83-24d53bbf1998'),
 ('92', '314', '3', '1', 'en_us', '2', '', '{\"typeId\":\"3\",\"authorId\":\"1\",\"title\":\"One With Everything\",\"slug\":\"one-with-everything\",\"postDate\":1502402400,\"expiryDate\":null,\"enabled\":1,\"parentId\":\"\",\"fields\":{\"103\":\"\",\"106\":\"\",\"105\":\"\",\"89\":{\"315\":{\"type\":\"annotation\",\"enabled\":\"1\",\"fields\":{\"number\":\"1\",\"text\":\"Cool annotation bro.\"}},\"316\":{\"type\":\"annotation\",\"enabled\":\"1\",\"fields\":{\"number\":\"2\",\"text\":\"Great job annotating this.\"}}},\"3\":{\"317\":{\"modified\":\"1\",\"type\":\"newSection\",\"enabled\":\"1\",\"collapsed\":\"0\",\"level\":\"0\",\"fields\":{\"sectionTitle\":\"Element Grids\",\"sectionBackgroundColor\":\"gray\"}},\"318\":{\"modified\":\"1\",\"type\":\"imageCardGrid\",\"enabled\":\"1\",\"collapsed\":\"0\",\"level\":\"1\",\"fields\":{\"imageCardRow\":{\"319\":{\"type\":\"imageCard\",\"enabled\":\"1\",\"fields\":{\"cardImage\":[\"14\"],\"headline\":\"Card 1 Headline\",\"body\":\"<p>Card 1 body text<\\/p>\"}},\"320\":{\"type\":\"imageCard\",\"enabled\":\"1\",\"fields\":{\"cardImage\":[\"15\"],\"headline\":\"Card 2 Headline\",\"body\":\"<p>Card 2 body text goes right here.<\\/p>\"}},\"321\":{\"type\":\"imageCard\",\"enabled\":\"1\",\"fields\":{\"cardImage\":[\"16\"],\"headline\":\"Card 3 Headline\",\"body\":\"<p>Card 3 body looks like this.<\\/p>\"}}},\"chillahTooltip\":\"\"}},\"322\":{\"modified\":\"1\",\"type\":\"logoGrid\",\"enabled\":\"1\",\"collapsed\":\"0\",\"level\":\"1\",\"fields\":{\"logos\":{\"323\":{\"type\":\"logo\",\"enabled\":\"1\",\"fields\":{\"image\":[\"76\"],\"imageAltText\":\"Adjust logo\",\"imageLinkUrl\":\"https:\\/\\/forbusiness.snapchat.com\"}},\"324\":{\"type\":\"logo\",\"enabled\":\"1\",\"fields\":{\"image\":[\"77\"],\"imageAltText\":\"Appsflyer logo\",\"imageLinkUrl\":\"https:\\/\\/forbusiness.snapchat.com\"}},\"325\":{\"type\":\"logo\",\"enabled\":\"1\",\"fields\":{\"image\":[\"78\"],\"imageAltText\":\"Double Click logo\",\"imageLinkUrl\":\"https:\\/\\/forbusiness.snapchat.com\"}}}}},\"326\":{\"modified\":\"1\",\"type\":\"mobileDeviceGrid\",\"enabled\":\"1\",\"collapsed\":\"0\",\"level\":\"1\",\"fields\":{\"mobileDevices\":{\"327\":{\"type\":\"device\",\"enabled\":\"1\",\"fields\":{\"video\":\"\",\"posterImage\":[\"160\"],\"headline\":\"Device 1 headline\",\"subhead\":\"<p>Quam diu etiam furor iste tuus nos eludet? Plura mihi bona sunt, inclinet, amari petere vellent.<\\/p>\"}},\"new1\":{\"type\":\"device\",\"enabled\":\"1\",\"fields\":{\"video\":\"\",\"posterImage\":[\"159\"],\"headline\":\"Device 2 Headline\",\"subhead\":\"<p>Quam diu etiam furor iste tuus nos eludet? Plura mihi bona sunt, inclinet, amari petere vellent.<\\/p>\"}},\"new2\":{\"type\":\"device\",\"enabled\":\"1\",\"fields\":{\"video\":\"\",\"posterImage\":[\"150\"],\"headline\":\"Device 3 Headline\",\"subhead\":\"<p>Quam diu etiam furor iste tuus nos eludet? Plura mihi bona sunt, inclinet, amari petere vellent.<\\/p>\"}}},\"chillahTooltip\":\"\"}},\"new0\":{\"modified\":\"1\",\"type\":\"newSection\",\"enabled\":\"1\",\"collapsed\":\"0\",\"level\":\"0\",\"fields\":{\"sectionTitle\":\"Text & Images\",\"sectionBackgroundColor\":\"white\"}},\"new1\":{\"modified\":\"1\",\"type\":\"centeredTextLockup\",\"enabled\":\"1\",\"collapsed\":\"0\",\"level\":\"1\",\"fields\":{\"image\":[\"288\"],\"headline\":\"Centered Text Lockup\",\"subhead\":\"<p>Quam diu etiam furor iste tuus nos eludet? Plura mihi bona sunt, inclinet, amari petere vellent.<\\/p>\",\"ctaButtons\":{\"new1\":{\"type\":\"primaryButton\",\"enabled\":\"1\",\"fields\":{\"button\":{\"type\":\"custom\",\"custom\":\"forbusiness.snapchat.com\",\"entry\":\"\",\"customText\":\"Primary Button Outlined\",\"target\":\"_blank\"},\"outline\":\"1\"}},\"new3\":{\"type\":\"primaryButton\",\"enabled\":\"1\",\"fields\":{\"button\":{\"type\":\"custom\",\"custom\":\"forbusiness.snapchat.com\",\"entry\":\"\",\"customText\":\"Primary Button Filled\",\"target\":\"_blank\"},\"outline\":\"\"}},\"new2\":{\"type\":\"secondaryButton\",\"enabled\":\"1\",\"fields\":{\"button\":{\"type\":\"custom\",\"custom\":\"forbusiness.snapchat.com\",\"entry\":\"\",\"customText\":\"Secondary Button\",\"target\":\"_blank\"}}}}}},\"new2\":{\"modified\":\"1\",\"type\":\"imageBesideText\",\"enabled\":\"1\",\"collapsed\":\"0\",\"level\":\"1\",\"fields\":{\"image\":[\"38\"],\"imageLocation\":\"left\",\"headline\":\"Image Beside Text\",\"paragraph\":\"<p>Curabitur blandit tempus ardua ridiculus sed magna. Integer legentibus erat a ante historiarum dapibus. Vivamus sagittis lacus vel augue laoreet rutrum faucibus. Morbi fringilla convallis sapien, id pulvinar odio volutpat. Tu quoque, Brute, fili mi, nihil timor populi, nihil!<\\/p>\",\"ctaButtons\":{\"new1\":{\"type\":\"primaryButton\",\"enabled\":\"1\",\"fields\":{\"button\":{\"type\":\"custom\",\"custom\":\"forbusiness.snapchat.com\",\"entry\":\"\",\"customText\":\"Primary Button Outlined\",\"target\":\"_blank\"},\"outline\":\"1\"}},\"new3\":{\"type\":\"primaryButton\",\"enabled\":\"1\",\"fields\":{\"button\":{\"type\":\"custom\",\"custom\":\"forbusiness.snapchat.com\",\"entry\":\"\",\"customText\":\"Primary Button Filled\",\"target\":\"\"},\"outline\":\"\"}},\"new2\":{\"type\":\"secondaryButton\",\"enabled\":\"1\",\"fields\":{\"button\":{\"type\":\"custom\",\"custom\":\"snapchat.com\",\"entry\":\"\",\"customText\":\"Secondary Button\",\"target\":\"_blank\"}}}}}},\"new3\":{\"modified\":\"1\",\"type\":\"newSection\",\"enabled\":\"1\",\"collapsed\":\"0\",\"level\":\"0\",\"fields\":{\"sectionTitle\":\"Images & Video\",\"sectionBackgroundColor\":\"gray\"}},\"new4\":{\"modified\":\"1\",\"type\":\"centeredImage\",\"enabled\":\"1\",\"collapsed\":\"0\",\"level\":\"1\",\"fields\":{\"image\":[\"38\"],\"imageAltText\":\"Centered Image\",\"assetWidth\":\"normal\",\"roundedCorners\":\"1\",\"mobileImage\":[\"100\"]}},\"new7\":{\"modified\":\"1\",\"type\":\"centeredImage\",\"enabled\":\"1\",\"collapsed\":\"0\",\"level\":\"1\",\"fields\":{\"image\":\"\",\"imageAltText\":\"\",\"assetWidth\":\"normal\",\"roundedCorners\":\"\",\"mobileImage\":\"\"}},\"new6\":{\"modified\":\"1\",\"type\":\"newSection\",\"enabled\":\"1\",\"collapsed\":\"0\",\"level\":\"0\",\"fields\":{\"sectionTitle\":\"\",\"sectionBackgroundColor\":\"gray\"}}},\"107\":\"website\",\"102\":\"\",\"104\":\"\",\"101\":\"\",\"16\":\"1\",\"15\":\"red\",\"7\":\"one-with-everything\"}}', '2017-08-10 22:11:49', '2017-08-10 22:11:49', 'f077f083-6351-4f4b-be3d-8c704d3a740f'),
 ('93', '314', '3', '1', 'en_us', '3', '', '{\"typeId\":\"3\",\"authorId\":\"1\",\"title\":\"One With Everything\",\"slug\":\"one-with-everything\",\"postDate\":1502402400,\"expiryDate\":null,\"enabled\":1,\"parentId\":\"\",\"fields\":{\"103\":\"\",\"106\":\"\",\"105\":\"\",\"89\":{\"315\":{\"type\":\"annotation\",\"enabled\":\"1\",\"fields\":{\"number\":\"1\",\"text\":\"Cool annotation bro.\"}},\"316\":{\"type\":\"annotation\",\"enabled\":\"1\",\"fields\":{\"number\":\"2\",\"text\":\"Great job annotating this.\"}}},\"3\":{\"317\":{\"modified\":\"1\",\"type\":\"newSection\",\"enabled\":\"1\",\"collapsed\":\"0\",\"level\":\"0\",\"fields\":{\"sectionTitle\":\"Element Grids\",\"sectionBackgroundColor\":\"gray\"}},\"318\":{\"modified\":\"1\",\"type\":\"imageCardGrid\",\"enabled\":\"1\",\"collapsed\":\"0\",\"level\":\"1\",\"fields\":{\"imageCardRow\":{\"319\":{\"type\":\"imageCard\",\"enabled\":\"1\",\"fields\":{\"cardImage\":[\"14\"],\"headline\":\"Card 1 Headline\",\"body\":\"<p>Card 1 body text<\\/p>\"}},\"320\":{\"type\":\"imageCard\",\"enabled\":\"1\",\"fields\":{\"cardImage\":[\"15\"],\"headline\":\"Card 2 Headline\",\"body\":\"<p>Card 2 body text goes right here.<\\/p>\"}},\"321\":{\"type\":\"imageCard\",\"enabled\":\"1\",\"fields\":{\"cardImage\":[\"16\"],\"headline\":\"Card 3 Headline\",\"body\":\"<p>Card 3 body looks like this.<\\/p>\"}}},\"chillahTooltip\":\"\"}},\"322\":{\"modified\":\"1\",\"type\":\"logoGrid\",\"enabled\":\"1\",\"collapsed\":\"0\",\"level\":\"1\",\"fields\":{\"logos\":{\"323\":{\"type\":\"logo\",\"enabled\":\"1\",\"fields\":{\"image\":[\"76\"],\"imageAltText\":\"Adjust logo\",\"imageLinkUrl\":\"https:\\/\\/forbusiness.snapchat.com\"}},\"324\":{\"type\":\"logo\",\"enabled\":\"1\",\"fields\":{\"image\":[\"77\"],\"imageAltText\":\"Appsflyer logo\",\"imageLinkUrl\":\"https:\\/\\/forbusiness.snapchat.com\"}},\"325\":{\"type\":\"logo\",\"enabled\":\"1\",\"fields\":{\"image\":[\"78\"],\"imageAltText\":\"Double Click logo\",\"imageLinkUrl\":\"https:\\/\\/forbusiness.snapchat.com\"}}}}},\"326\":{\"modified\":\"1\",\"type\":\"mobileDeviceGrid\",\"enabled\":\"1\",\"collapsed\":\"0\",\"level\":\"1\",\"fields\":{\"mobileDevices\":{\"327\":{\"type\":\"device\",\"enabled\":\"1\",\"fields\":{\"video\":\"\",\"posterImage\":[\"160\"],\"headline\":\"Device 1 headline\",\"subhead\":\"<p>Quam diu etiam furor iste tuus nos eludet? Plura mihi bona sunt, inclinet, amari petere vellent.<\\/p>\"}},\"328\":{\"type\":\"device\",\"enabled\":\"1\",\"fields\":{\"video\":\"\",\"posterImage\":[\"159\"],\"headline\":\"Device 2 Headline\",\"subhead\":\"<p>Quam diu etiam furor iste tuus nos eludet? Plura mihi bona sunt, inclinet, amari petere vellent.<\\/p>\"}},\"329\":{\"type\":\"device\",\"enabled\":\"1\",\"fields\":{\"video\":\"\",\"posterImage\":[\"150\"],\"headline\":\"Device 3 Headline\",\"subhead\":\"<p>Quam diu etiam furor iste tuus nos eludet? Plura mihi bona sunt, inclinet, amari petere vellent.<\\/p>\"}}},\"chillahTooltip\":\"\"}},\"330\":{\"modified\":\"1\",\"type\":\"newSection\",\"enabled\":\"1\",\"collapsed\":\"0\",\"level\":\"0\",\"fields\":{\"sectionTitle\":\"Text & Images\",\"sectionBackgroundColor\":\"white\"}},\"331\":{\"modified\":\"1\",\"type\":\"centeredTextLockup\",\"enabled\":\"1\",\"collapsed\":\"0\",\"level\":\"1\",\"fields\":{\"image\":[\"288\"],\"headline\":\"Centered Text Lockup\",\"subhead\":\"<p>Quam diu etiam furor iste tuus nos eludet? Plura mihi bona sunt, inclinet, amari petere vellent.<\\/p>\",\"ctaButtons\":{\"332\":{\"type\":\"primaryButton\",\"enabled\":\"1\",\"fields\":{\"button\":{\"type\":\"custom\",\"custom\":\"forbusiness.snapchat.com\",\"entry\":\"\",\"customText\":\"Primary Button Outlined\",\"target\":\"_blank\"},\"outline\":\"1\"}},\"333\":{\"type\":\"primaryButton\",\"enabled\":\"1\",\"fields\":{\"button\":{\"type\":\"custom\",\"custom\":\"forbusiness.snapchat.com\",\"entry\":\"\",\"customText\":\"Primary Button Filled\",\"target\":\"_blank\"},\"outline\":\"\"}},\"334\":{\"type\":\"secondaryButton\",\"enabled\":\"1\",\"fields\":{\"button\":{\"type\":\"custom\",\"custom\":\"forbusiness.snapchat.com\",\"entry\":\"\",\"customText\":\"Secondary Button\",\"target\":\"_blank\"}}}}}},\"335\":{\"modified\":\"1\",\"type\":\"imageBesideText\",\"enabled\":\"1\",\"collapsed\":\"0\",\"level\":\"1\",\"fields\":{\"image\":[\"38\"],\"imageLocation\":\"left\",\"headline\":\"Image Beside Text\",\"paragraph\":\"<p>Curabitur blandit tempus ardua ridiculus sed magna. Integer legentibus erat a ante historiarum dapibus. Vivamus sagittis lacus vel augue laoreet rutrum faucibus. Morbi fringilla convallis sapien, id pulvinar odio volutpat. Tu quoque, Brute, fili mi, nihil timor populi, nihil!<\\/p>\",\"ctaButtons\":{\"336\":{\"type\":\"primaryButton\",\"enabled\":\"1\",\"fields\":{\"button\":{\"type\":\"custom\",\"custom\":\"forbusiness.snapchat.com\",\"entry\":\"\",\"customText\":\"Primary Button Outlined\",\"target\":\"_blank\"},\"outline\":\"1\"}},\"337\":{\"type\":\"primaryButton\",\"enabled\":\"1\",\"fields\":{\"button\":{\"type\":\"custom\",\"custom\":\"forbusiness.snapchat.com\",\"entry\":\"\",\"customText\":\"Primary Button Filled\",\"target\":\"\"},\"outline\":\"\"}},\"338\":{\"type\":\"secondaryButton\",\"enabled\":\"1\",\"fields\":{\"button\":{\"type\":\"custom\",\"custom\":\"snapchat.com\",\"entry\":\"\",\"customText\":\"Secondary Button\",\"target\":\"_blank\"}}}}}},\"339\":{\"modified\":\"1\",\"type\":\"newSection\",\"enabled\":\"1\",\"collapsed\":\"0\",\"level\":\"0\",\"fields\":{\"sectionTitle\":\"Images Alone\",\"sectionBackgroundColor\":\"gray\"}},\"340\":{\"modified\":\"1\",\"type\":\"centeredImage\",\"enabled\":\"1\",\"collapsed\":\"0\",\"level\":\"1\",\"fields\":{\"image\":[\"38\"],\"imageAltText\":\"Centered Image\",\"assetWidth\":\"normal\",\"roundedCorners\":\"1\",\"mobileImage\":[\"100\"]}},\"new0\":{\"modified\":\"1\",\"type\":\"centeredImage\",\"enabled\":\"1\",\"collapsed\":\"0\",\"level\":\"1\",\"fields\":{\"image\":[\"172\"],\"imageAltText\":\"Wide centered image\",\"assetWidth\":\"wide\",\"roundedCorners\":\"\",\"mobileImage\":\"\"}},\"341\":{\"modified\":\"1\",\"type\":\"centeredImage\",\"enabled\":\"1\",\"collapsed\":\"0\",\"level\":\"1\",\"fields\":{\"image\":[\"68\"],\"imageAltText\":\"Full centered image\",\"assetWidth\":\"full\",\"roundedCorners\":\"\",\"mobileImage\":\"\"}},\"342\":{\"modified\":\"1\",\"type\":\"newSection\",\"enabled\":\"1\",\"collapsed\":\"0\",\"level\":\"0\",\"fields\":{\"sectionTitle\":\"Interactive\",\"sectionBackgroundColor\":\"white\"}},\"new1\":{\"modified\":\"1\",\"type\":\"deviceTabs\",\"enabled\":\"1\",\"collapsed\":\"0\",\"level\":\"1\",\"fields\":{\"deviceTab\":\"\",\"chillahTooltip\":\"\"}}},\"107\":\"website\",\"102\":\"\",\"104\":\"\",\"101\":\"\",\"16\":\"1\",\"15\":\"red\",\"7\":\"one-with-everything\"}}', '2017-08-10 22:14:42', '2017-08-10 22:14:42', '73eb3581-69a5-4653-b574-d64ac3e503aa'),
 ('94', '314', '3', '1', 'en_us', '4', '', '{\"typeId\":\"3\",\"authorId\":\"1\",\"title\":\"One With Everything\",\"slug\":\"one-with-everything\",\"postDate\":1502402400,\"expiryDate\":null,\"enabled\":1,\"parentId\":\"\",\"fields\":{\"103\":\"\",\"106\":\"\",\"105\":\"\",\"89\":{\"315\":{\"type\":\"annotation\",\"enabled\":\"1\",\"fields\":{\"number\":\"1\",\"text\":\"Cool annotation bro.\"}},\"316\":{\"type\":\"annotation\",\"enabled\":\"1\",\"fields\":{\"number\":\"2\",\"text\":\"Great job annotating this.\"}}},\"3\":{\"317\":{\"modified\":\"1\",\"type\":\"newSection\",\"enabled\":\"1\",\"collapsed\":\"0\",\"level\":\"0\",\"fields\":{\"sectionTitle\":\"Element Grids\",\"sectionBackgroundColor\":\"gray\"}},\"318\":{\"modified\":\"1\",\"type\":\"imageCardGrid\",\"enabled\":\"1\",\"collapsed\":\"0\",\"level\":\"1\",\"fields\":{\"imageCardRow\":{\"319\":{\"type\":\"imageCard\",\"enabled\":\"1\",\"fields\":{\"cardImage\":[\"14\"],\"headline\":\"Card 1 Headline\",\"body\":\"<p>Card 1 body text<\\/p>\"}},\"320\":{\"type\":\"imageCard\",\"enabled\":\"1\",\"fields\":{\"cardImage\":[\"15\"],\"headline\":\"Card 2 Headline\",\"body\":\"<p>Card 2 body text goes right here.<\\/p>\"}},\"321\":{\"type\":\"imageCard\",\"enabled\":\"1\",\"fields\":{\"cardImage\":[\"16\"],\"headline\":\"Card 3 Headline\",\"body\":\"<p>Card 3 body looks like this.<\\/p>\"}}},\"chillahTooltip\":\"\"}},\"322\":{\"modified\":\"1\",\"type\":\"logoGrid\",\"enabled\":\"1\",\"collapsed\":\"0\",\"level\":\"1\",\"fields\":{\"logos\":{\"323\":{\"type\":\"logo\",\"enabled\":\"1\",\"fields\":{\"image\":[\"76\"],\"imageAltText\":\"Adjust logo\",\"imageLinkUrl\":\"https:\\/\\/forbusiness.snapchat.com\"}},\"324\":{\"type\":\"logo\",\"enabled\":\"1\",\"fields\":{\"image\":[\"77\"],\"imageAltText\":\"Appsflyer logo\",\"imageLinkUrl\":\"https:\\/\\/forbusiness.snapchat.com\"}},\"325\":{\"type\":\"logo\",\"enabled\":\"1\",\"fields\":{\"image\":[\"78\"],\"imageAltText\":\"Double Click logo\",\"imageLinkUrl\":\"https:\\/\\/forbusiness.snapchat.com\"}}}}},\"326\":{\"modified\":\"1\",\"type\":\"mobileDeviceGrid\",\"enabled\":\"1\",\"collapsed\":\"0\",\"level\":\"1\",\"fields\":{\"mobileDevices\":{\"327\":{\"type\":\"device\",\"enabled\":\"1\",\"fields\":{\"video\":\"\",\"posterImage\":[\"160\"],\"headline\":\"Device 1 headline\",\"subhead\":\"<p>Quam diu etiam furor iste tuus nos eludet? Plura mihi bona sunt, inclinet, amari petere vellent.<\\/p>\"}},\"328\":{\"type\":\"device\",\"enabled\":\"1\",\"fields\":{\"video\":\"\",\"posterImage\":[\"159\"],\"headline\":\"Device 2 Headline\",\"subhead\":\"<p>Quam diu etiam furor iste tuus nos eludet? Plura mihi bona sunt, inclinet, amari petere vellent.<\\/p>\"}},\"329\":{\"type\":\"device\",\"enabled\":\"1\",\"fields\":{\"video\":\"\",\"posterImage\":[\"150\"],\"headline\":\"Device 3 Headline\",\"subhead\":\"<p>Quam diu etiam furor iste tuus nos eludet? Plura mihi bona sunt, inclinet, amari petere vellent.<\\/p>\"}}},\"chillahTooltip\":\"\"}},\"330\":{\"modified\":\"1\",\"type\":\"newSection\",\"enabled\":\"1\",\"collapsed\":\"0\",\"level\":\"0\",\"fields\":{\"sectionTitle\":\"Text & Images\",\"sectionBackgroundColor\":\"white\"}},\"331\":{\"modified\":\"1\",\"type\":\"centeredTextLockup\",\"enabled\":\"1\",\"collapsed\":\"0\",\"level\":\"1\",\"fields\":{\"image\":[\"288\"],\"headline\":\"Centered Text Lockup\",\"subhead\":\"<p>Quam diu etiam furor iste tuus nos eludet? Plura mihi bona sunt, inclinet, amari petere vellent.<\\/p>\",\"ctaButtons\":{\"332\":{\"type\":\"primaryButton\",\"enabled\":\"1\",\"fields\":{\"button\":{\"type\":\"custom\",\"custom\":\"forbusiness.snapchat.com\",\"entry\":\"\",\"customText\":\"Primary Button Outlined\",\"target\":\"_blank\"},\"outline\":\"1\"}},\"333\":{\"type\":\"primaryButton\",\"enabled\":\"1\",\"fields\":{\"button\":{\"type\":\"custom\",\"custom\":\"forbusiness.snapchat.com\",\"entry\":\"\",\"customText\":\"Primary Button Filled\",\"target\":\"_blank\"},\"outline\":\"\"}},\"334\":{\"type\":\"secondaryButton\",\"enabled\":\"1\",\"fields\":{\"button\":{\"type\":\"custom\",\"custom\":\"forbusiness.snapchat.com\",\"entry\":\"\",\"customText\":\"Secondary Button\",\"target\":\"_blank\"}}}}}},\"335\":{\"modified\":\"1\",\"type\":\"imageBesideText\",\"enabled\":\"1\",\"collapsed\":\"0\",\"level\":\"1\",\"fields\":{\"image\":[\"38\"],\"imageLocation\":\"left\",\"headline\":\"Image Beside Text\",\"paragraph\":\"<p>Curabitur blandit tempus ardua ridiculus sed magna. Integer legentibus erat a ante historiarum dapibus. Vivamus sagittis lacus vel augue laoreet rutrum faucibus. Morbi fringilla convallis sapien, id pulvinar odio volutpat. Tu quoque, Brute, fili mi, nihil timor populi, nihil!<\\/p>\",\"ctaButtons\":{\"336\":{\"type\":\"primaryButton\",\"enabled\":\"1\",\"fields\":{\"button\":{\"type\":\"custom\",\"custom\":\"forbusiness.snapchat.com\",\"entry\":\"\",\"customText\":\"Primary Button Outlined\",\"target\":\"_blank\"},\"outline\":\"1\"}},\"337\":{\"type\":\"primaryButton\",\"enabled\":\"1\",\"fields\":{\"button\":{\"type\":\"custom\",\"custom\":\"forbusiness.snapchat.com\",\"entry\":\"\",\"customText\":\"Primary Button Filled\",\"target\":\"\"},\"outline\":\"\"}},\"338\":{\"type\":\"secondaryButton\",\"enabled\":\"1\",\"fields\":{\"button\":{\"type\":\"custom\",\"custom\":\"snapchat.com\",\"entry\":\"\",\"customText\":\"Secondary Button\",\"target\":\"_blank\"}}}}}},\"339\":{\"modified\":\"1\",\"type\":\"newSection\",\"enabled\":\"1\",\"collapsed\":\"0\",\"level\":\"0\",\"fields\":{\"sectionTitle\":\"Images Alone\",\"sectionBackgroundColor\":\"gray\"}},\"340\":{\"modified\":\"1\",\"type\":\"centeredImage\",\"enabled\":\"1\",\"collapsed\":\"0\",\"level\":\"1\",\"fields\":{\"image\":[\"38\"],\"imageAltText\":\"Centered Image\",\"assetWidth\":\"normal\",\"roundedCorners\":\"1\",\"mobileImage\":[\"100\"]}},\"343\":{\"modified\":\"1\",\"type\":\"centeredImage\",\"enabled\":\"1\",\"collapsed\":\"0\",\"level\":\"1\",\"fields\":{\"image\":[\"172\"],\"imageAltText\":\"Wide centered image\",\"assetWidth\":\"wide\",\"roundedCorners\":\"\",\"mobileImage\":\"\"}},\"341\":{\"modified\":\"1\",\"type\":\"centeredImage\",\"enabled\":\"1\",\"collapsed\":\"0\",\"level\":\"1\",\"fields\":{\"image\":[\"68\"],\"imageAltText\":\"Full centered image\",\"assetWidth\":\"full\",\"roundedCorners\":\"\",\"mobileImage\":\"\"}}},\"107\":\"website\",\"102\":\"\",\"104\":\"\",\"101\":\"\",\"16\":\"1\",\"15\":\"red\",\"7\":\"one-with-everything\"}}', '2017-08-10 22:29:35', '2017-08-10 22:29:35', 'c0d637cb-0f71-4d36-bc09-04c308469652'),
 ('95', '314', '3', '1', 'en_us', '5', '', '{\"typeId\":\"3\",\"authorId\":\"1\",\"title\":\"One With Everything\",\"slug\":\"one-with-everything\",\"postDate\":1502402400,\"expiryDate\":null,\"enabled\":1,\"parentId\":\"\",\"fields\":{\"103\":\"\",\"106\":\"\",\"105\":\"\",\"89\":{\"315\":{\"type\":\"annotation\",\"enabled\":\"1\",\"fields\":{\"number\":\"1\",\"text\":\"Cool annotation bro.\"}},\"316\":{\"type\":\"annotation\",\"enabled\":\"1\",\"fields\":{\"number\":\"2\",\"text\":\"Great job annotating this.\"}}},\"3\":{\"317\":{\"modified\":\"1\",\"type\":\"newSection\",\"enabled\":\"1\",\"collapsed\":\"0\",\"level\":\"0\",\"fields\":{\"sectionTitle\":\"Element Grids\",\"sectionBackgroundColor\":\"gray\"}},\"318\":{\"modified\":\"1\",\"type\":\"imageCardGrid\",\"enabled\":\"1\",\"collapsed\":\"0\",\"level\":\"1\",\"fields\":{\"imageCardRow\":{\"319\":{\"type\":\"imageCard\",\"enabled\":\"1\",\"fields\":{\"cardImage\":[\"14\"],\"headline\":\"Card 1 Headline\",\"body\":\"<p>Card 1 body text<\\/p>\"}},\"320\":{\"type\":\"imageCard\",\"enabled\":\"1\",\"fields\":{\"cardImage\":[\"15\"],\"headline\":\"Card 2 Headline\",\"body\":\"<p>Card 2 body text goes right here.<\\/p>\"}},\"321\":{\"type\":\"imageCard\",\"enabled\":\"1\",\"fields\":{\"cardImage\":[\"16\"],\"headline\":\"Card 3 Headline\",\"body\":\"<p>Card 3 body looks like this.<\\/p>\"}}},\"chillahTooltip\":\"\"}},\"322\":{\"modified\":\"1\",\"type\":\"logoGrid\",\"enabled\":\"1\",\"collapsed\":\"0\",\"level\":\"1\",\"fields\":{\"logos\":{\"323\":{\"type\":\"logo\",\"enabled\":\"1\",\"fields\":{\"image\":[\"76\"],\"imageAltText\":\"Adjust logo\",\"imageLinkUrl\":\"https:\\/\\/forbusiness.snapchat.com\"}},\"324\":{\"type\":\"logo\",\"enabled\":\"1\",\"fields\":{\"image\":[\"77\"],\"imageAltText\":\"Appsflyer logo\",\"imageLinkUrl\":\"https:\\/\\/forbusiness.snapchat.com\"}},\"325\":{\"type\":\"logo\",\"enabled\":\"1\",\"fields\":{\"image\":[\"78\"],\"imageAltText\":\"Double Click logo\",\"imageLinkUrl\":\"https:\\/\\/forbusiness.snapchat.com\"}}}}},\"326\":{\"modified\":\"1\",\"type\":\"mobileDeviceGrid\",\"enabled\":\"1\",\"collapsed\":\"0\",\"level\":\"1\",\"fields\":{\"mobileDevices\":{\"327\":{\"type\":\"device\",\"enabled\":\"1\",\"fields\":{\"video\":\"\",\"posterImage\":[\"160\"],\"headline\":\"Device 1 headline\",\"subhead\":\"<p>Quam diu etiam furor iste tuus nos eludet? Plura mihi bona sunt, inclinet, amari petere vellent.<\\/p>\"}},\"328\":{\"type\":\"device\",\"enabled\":\"1\",\"fields\":{\"video\":\"\",\"posterImage\":[\"159\"],\"headline\":\"Device 2 Headline\",\"subhead\":\"<p>Quam diu etiam furor iste tuus nos eludet? Plura mihi bona sunt, inclinet, amari petere vellent.<\\/p>\"}},\"329\":{\"type\":\"device\",\"enabled\":\"1\",\"fields\":{\"video\":\"\",\"posterImage\":[\"150\"],\"headline\":\"Device 3 Headline\",\"subhead\":\"<p>Quam diu etiam furor iste tuus nos eludet? Plura mihi bona sunt, inclinet, amari petere vellent.<\\/p>\"}}},\"chillahTooltip\":\"\"}},\"330\":{\"modified\":\"1\",\"type\":\"newSection\",\"enabled\":\"1\",\"collapsed\":\"0\",\"level\":\"0\",\"fields\":{\"sectionTitle\":\"Text & Images\",\"sectionBackgroundColor\":\"white\"}},\"331\":{\"modified\":\"1\",\"type\":\"centeredTextLockup\",\"enabled\":\"1\",\"collapsed\":\"0\",\"level\":\"1\",\"fields\":{\"image\":[\"288\"],\"headline\":\"Centered Text Lockup\",\"subhead\":\"<p>Quam diu etiam furor iste tuus nos eludet? Plura mihi bona sunt, inclinet, amari petere vellent.<\\/p>\",\"ctaButtons\":{\"332\":{\"type\":\"primaryButton\",\"enabled\":\"1\",\"fields\":{\"button\":{\"type\":\"custom\",\"custom\":\"forbusiness.snapchat.com\",\"entry\":\"\",\"customText\":\"Primary Button Outlined\",\"target\":\"_blank\"},\"outline\":\"1\"}},\"333\":{\"type\":\"primaryButton\",\"enabled\":\"1\",\"fields\":{\"button\":{\"type\":\"custom\",\"custom\":\"forbusiness.snapchat.com\",\"entry\":\"\",\"customText\":\"Primary Button Filled\",\"target\":\"_blank\"},\"outline\":\"\"}},\"334\":{\"type\":\"secondaryButton\",\"enabled\":\"1\",\"fields\":{\"button\":{\"type\":\"custom\",\"custom\":\"forbusiness.snapchat.com\",\"entry\":\"\",\"customText\":\"Secondary Button\",\"target\":\"_blank\"}}}}}},\"335\":{\"modified\":\"1\",\"type\":\"imageBesideText\",\"enabled\":\"1\",\"collapsed\":\"0\",\"level\":\"1\",\"fields\":{\"image\":[\"38\"],\"imageLocation\":\"left\",\"headline\":\"Image Beside Text\",\"paragraph\":\"<p>Curabitur blandit tempus ardua ridiculus sed magna. Integer legentibus erat a ante historiarum dapibus. Vivamus sagittis lacus vel augue laoreet rutrum faucibus. Morbi fringilla convallis sapien, id pulvinar odio volutpat. Tu quoque, Brute, fili mi, nihil timor populi, nihil!<\\/p>\",\"ctaButtons\":{\"336\":{\"type\":\"primaryButton\",\"enabled\":\"1\",\"fields\":{\"button\":{\"type\":\"custom\",\"custom\":\"forbusiness.snapchat.com\",\"entry\":\"\",\"customText\":\"Primary Button Outlined\",\"target\":\"_blank\"},\"outline\":\"1\"}},\"337\":{\"type\":\"primaryButton\",\"enabled\":\"1\",\"fields\":{\"button\":{\"type\":\"custom\",\"custom\":\"forbusiness.snapchat.com\",\"entry\":\"\",\"customText\":\"Primary Button Filled\",\"target\":\"\"},\"outline\":\"\"}},\"338\":{\"type\":\"secondaryButton\",\"enabled\":\"1\",\"fields\":{\"button\":{\"type\":\"custom\",\"custom\":\"snapchat.com\",\"entry\":\"\",\"customText\":\"Secondary Button\",\"target\":\"_blank\"}}}}}},\"339\":{\"modified\":\"1\",\"type\":\"newSection\",\"enabled\":\"1\",\"collapsed\":\"0\",\"level\":\"0\",\"fields\":{\"sectionTitle\":\"Images Alone\",\"sectionBackgroundColor\":\"gray\"}},\"340\":{\"modified\":\"1\",\"type\":\"centeredImage\",\"enabled\":\"1\",\"collapsed\":\"0\",\"level\":\"1\",\"fields\":{\"image\":[\"38\"],\"imageAltText\":\"Centered Image\",\"assetWidth\":\"normal\",\"roundedCorners\":\"1\",\"mobileImage\":[\"100\"]}},\"343\":{\"modified\":\"1\",\"type\":\"centeredImage\",\"enabled\":\"1\",\"collapsed\":\"0\",\"level\":\"1\",\"fields\":{\"image\":[\"172\"],\"imageAltText\":\"Wide centered image\",\"assetWidth\":\"wide\",\"roundedCorners\":\"\",\"mobileImage\":\"\"}},\"341\":{\"modified\":\"1\",\"type\":\"centeredImage\",\"enabled\":\"1\",\"collapsed\":\"0\",\"level\":\"1\",\"fields\":{\"image\":[\"68\"],\"imageAltText\":\"Full centered image\",\"assetWidth\":\"full\",\"roundedCorners\":\"\",\"mobileImage\":\"\"}}},\"107\":\"website\",\"102\":\"\",\"104\":\"\",\"101\":\"\",\"16\":\"1\",\"15\":\"red\",\"7\":\"one-with-everything\"}}', '2017-08-10 23:07:52', '2017-08-10 23:07:52', '19f54aa8-de1e-4aa1-ae85-6a1187d766d2');



DROP TABLE IF EXISTS `craft_fieldgroups`;


--
-- Schema for table `craft_fieldgroups`
--
CREATE TABLE `craft_fieldgroups` (
  `id` int(11) NOT NULL AUTO_INCREMENT,
  `name` varchar(255) COLLATE utf8_unicode_ci NOT NULL,
  `dateCreated` datetime NOT NULL,
  `dateUpdated` datetime NOT NULL,
  `uid` char(36) COLLATE utf8_unicode_ci NOT NULL DEFAULT '0',
  PRIMARY KEY (`id`),
  UNIQUE KEY `craft_fieldgroups_name_unq_idx` (`name`)
) ENGINE=InnoDB AUTO_INCREMENT=7 DEFAULT CHARSET=utf8 COLLATE=utf8_unicode_ci;

--
-- Data for table `craft_fieldgroups`
--

INSERT INTO `craft_fieldgroups` (`id`, `name`, `dateCreated`, `dateUpdated`, `uid`) VALUES
 ('1', 'Default', '2017-07-20 17:27:58', '2017-07-20 17:27:58', '2182cc13-4f4c-4088-abd0-6eca8aad3dba'),
 ('2', 'Content Builder', '2017-07-20 17:56:22', '2017-07-20 17:56:22', '85906d6e-0c88-4ade-b0dc-ccd9377288c8'),
 ('3', 'Pages', '2017-07-20 18:28:53', '2017-07-20 18:28:53', '56d3472b-b560-4b25-9fd1-d9f69deae029'),
 ('4', 'Global', '2017-07-21 23:07:44', '2017-07-21 23:07:44', '3bd7462c-23b3-47e5-9c9e-e6a0cc78f489'),
 ('5', 'Success Stories', '2017-07-21 23:18:42', '2017-07-21 23:18:42', '5e22c3b1-1eba-4cd2-b670-bfb2336f0cf6'),
 ('6', 'SEO', '2017-08-07 23:16:43', '2017-08-07 23:16:43', '12832f2e-ea20-4281-85a4-cb51e08a216a');



DROP TABLE IF EXISTS `craft_fieldlayoutfields`;


--
-- Schema for table `craft_fieldlayoutfields`
--
CREATE TABLE `craft_fieldlayoutfields` (
  `id` int(11) NOT NULL AUTO_INCREMENT,
  `layoutId` int(11) NOT NULL,
  `tabId` int(11) NOT NULL,
  `fieldId` int(11) NOT NULL,
  `required` tinyint(1) unsigned NOT NULL DEFAULT '0',
  `sortOrder` smallint(6) unsigned DEFAULT NULL,
  `dateCreated` datetime NOT NULL,
  `dateUpdated` datetime NOT NULL,
  `uid` char(36) COLLATE utf8_unicode_ci NOT NULL DEFAULT '0',
  PRIMARY KEY (`id`),
  UNIQUE KEY `craft_fieldlayoutfields_layoutId_fieldId_unq_idx` (`layoutId`,`fieldId`),
  KEY `craft_fieldlayoutfields_sortOrder_idx` (`sortOrder`),
  KEY `craft_fieldlayoutfields_tabId_fk` (`tabId`),
  KEY `craft_fieldlayoutfields_fieldId_fk` (`fieldId`)
) ENGINE=InnoDB AUTO_INCREMENT=3311 DEFAULT CHARSET=utf8 COLLATE=utf8_unicode_ci;

--
-- Data for table `craft_fieldlayoutfields`
--

INSERT INTO `craft_fieldlayoutfields` (`id`, `layoutId`, `tabId`, `fieldId`, `required`, `sortOrder`, `dateCreated`, `dateUpdated`, `uid`) VALUES
 ('105', '79', '80', '13', '0', '1', '2017-07-20 20:18:09', '2017-07-20 20:18:09', 'a4d92aaa-0746-4ad5-a476-9e9dfc2867ba'),
 ('106', '79', '80', '14', '0', '2', '2017-07-20 20:18:09', '2017-07-20 20:18:09', 'cf292443-825e-470a-a206-bfab046c544a'),
 ('1809', '1168', '1107', '56', '0', '1', '2017-08-01 17:05:51', '2017-08-01 17:05:51', 'c31a8c59-a86d-4337-9887-f059fe65020b'),
 ('1810', '1168', '1107', '57', '0', '2', '2017-08-01 17:05:51', '2017-08-01 17:05:51', '71a6c150-bde1-48b4-ba72-5c4739bbd06c'),
 ('1811', '1169', '1108', '55', '0', '1', '2017-08-01 17:05:51', '2017-08-01 17:05:51', '72f24f05-0d8c-43b7-96b2-39b9ebe4f67b'),
 ('2719', '1685', '1642', '79', '0', '1', '2017-08-07 17:22:08', '2017-08-07 17:22:08', 'dacc95e9-311b-4082-889d-2331e31cb3d1'),
 ('2720', '1685', '1642', '80', '0', '2', '2017-08-07 17:22:08', '2017-08-07 17:22:08', 'bdc75099-c928-45fc-a611-662f6b69d920'),
 ('2757', '1698', '1649', '38', '0', '1', '2017-08-07 18:32:39', '2017-08-07 18:32:39', '547b8878-f40c-4140-a6ca-809f74d150fc'),
 ('2758', '1698', '1649', '40', '0', '2', '2017-08-07 18:32:39', '2017-08-07 18:32:39', '11045014-9d4d-471d-8669-79d93a96fd72'),
 ('2759', '1698', '1649', '39', '0', '3', '2017-08-07 18:32:39', '2017-08-07 18:32:39', 'd0a588aa-a1b9-41ca-845f-5c9cf7dafb50'),
 ('2760', '1698', '1649', '41', '0', '4', '2017-08-07 18:32:39', '2017-08-07 18:32:39', '80015570-2f58-42b1-b7b0-8c352f097103'),
 ('2761', '1698', '1649', '42', '0', '5', '2017-08-07 18:32:39', '2017-08-07 18:32:39', '01877a2d-8e63-48db-ba22-87bc9ba206d5'),
 ('2762', '1698', '1649', '43', '0', '6', '2017-08-07 18:32:39', '2017-08-07 18:32:39', 'fc487788-9b2f-4ae2-854f-a795a2c49e1e'),
 ('2763', '1698', '1650', '88', '1', '1', '2017-08-07 18:32:39', '2017-08-07 18:32:39', 'e618d39c-3c9a-4ae5-b247-a50b85920dce'),
 ('2764', '1698', '1650', '87', '1', '2', '2017-08-07 18:32:39', '2017-08-07 18:32:39', 'bfa79c5b-4907-413d-bd94-90833ec6af1e'),
 ('2765', '1698', '1650', '86', '1', '3', '2017-08-07 18:32:39', '2017-08-07 18:32:39', '73988f1a-7a8b-43c9-83a8-299a47e8a41d'),
 ('2766', '1699', '1651', '25', '0', '1', '2017-08-07 18:36:47', '2017-08-07 18:36:47', 'd246b1b1-2906-45f5-8448-f6ccc1c5bab4'),
 ('2767', '1699', '1651', '26', '0', '2', '2017-08-07 18:36:47', '2017-08-07 18:36:47', 'bb15dad5-6e8a-464f-9d52-9f44c545c21b'),
 ('2768', '1699', '1651', '27', '0', '3', '2017-08-07 18:36:47', '2017-08-07 18:36:47', 'e9284cc3-0490-4ef3-ac8d-53423580206d'),
 ('2781', '1706', '1658', '35', '0', '1', '2017-08-07 18:40:30', '2017-08-07 18:40:30', '91291baf-00e4-469c-aa57-798f4044deba'),
 ('2782', '1707', '1659', '37', '0', '1', '2017-08-07 18:40:34', '2017-08-07 18:40:34', '603f22b4-e2b3-4c2f-b7b2-468cf97718fd'),
 ('2788', '1711', '1663', '83', '0', '1', '2017-08-07 21:09:48', '2017-08-07 21:09:48', '7d423d9f-d925-4159-b9b0-11bda75d8543'),
 ('2789', '1711', '1663', '84', '0', '2', '2017-08-07 21:09:48', '2017-08-07 21:09:48', 'd11d5ce9-4d1f-4ffc-a6b0-d74362f93819'),
 ('2790', '1712', '1664', '85', '0', '1', '2017-08-07 21:09:55', '2017-08-07 21:09:55', '829d833d-15d9-4f5d-aadf-991007bcd8c3'),
 ('2792', '1716', '1666', '90', '0', '1', '2017-08-07 22:10:30', '2017-08-07 22:10:30', 'b90ef71d-f1e1-460e-b9ab-21746d7b6045'),
 ('2793', '1716', '1666', '91', '0', '2', '2017-08-07 22:10:30', '2017-08-07 22:10:30', 'ccf74dac-627f-4d8c-a78b-8844fa88b5eb'),
 ('2808', '1723', '1673', '93', '0', '1', '2017-08-07 22:56:53', '2017-08-07 22:56:53', '5d118def-179b-4c2a-8ac4-7decb2265b93'),
 ('2809', '1723', '1673', '94', '0', '2', '2017-08-07 22:56:53', '2017-08-07 22:56:53', 'e4106cec-3494-4746-9462-b3060167ea19'),
 ('2810', '1723', '1673', '95', '0', '3', '2017-08-07 22:56:53', '2017-08-07 22:56:53', 'a891bdac-eb10-494c-b0f6-ca392f3a9fd2'),
 ('2811', '1724', '1674', '97', '0', '1', '2017-08-07 22:58:56', '2017-08-07 22:58:56', '36152737-9160-4623-80c0-5bec126ad0cf'),
 ('2812', '1724', '1674', '98', '0', '2', '2017-08-07 22:58:56', '2017-08-07 22:58:56', 'a3c8e38f-2e73-45e2-a2dd-e01eec22fa83'),
 ('2813', '1725', '1675', '100', '0', '1', '2017-08-07 23:00:59', '2017-08-07 23:00:59', '7fa9e5ea-6e25-49d9-b5f8-9423fea4ba8e'),
 ('2826', '1729', '1679', '7', '0', '1', '2017-08-07 23:23:36', '2017-08-07 23:23:36', '563709d7-acec-4a24-86d7-8d4eb6a4b300'),
 ('2827', '1729', '1679', '15', '0', '2', '2017-08-07 23:23:36', '2017-08-07 23:23:36', '3f64fd4b-eaad-490e-b1fa-9b1ae69d5caa'),
 ('2828', '1729', '1679', '16', '0', '3', '2017-08-07 23:23:36', '2017-08-07 23:23:36', '981a6a12-4311-4ee3-ab86-2f76b61431e0'),
 ('2829', '1729', '1679', '89', '0', '4', '2017-08-07 23:23:36', '2017-08-07 23:23:36', '5618371f-8233-46ca-afc5-e9ea028d5993'),
 ('2830', '1729', '1680', '3', '0', '1', '2017-08-07 23:23:36', '2017-08-07 23:23:36', '61140796-3c7b-4b88-81af-684922c142ab'),
 ('2831', '1729', '1681', '101', '0', '1', '2017-08-07 23:23:36', '2017-08-07 23:23:36', 'e55d24dc-bfa8-44de-b14b-101bbffdc3af'),
 ('2832', '1729', '1681', '102', '0', '2', '2017-08-07 23:23:36', '2017-08-07 23:23:36', 'fe462b10-f877-4b32-a8d8-c8dd053c36bc'),
 ('2833', '1729', '1681', '104', '0', '3', '2017-08-07 23:23:36', '2017-08-07 23:23:36', '3e9c4137-8030-4375-9138-4c9591d9c898'),
 ('2834', '1729', '1681', '107', '0', '4', '2017-08-07 23:23:36', '2017-08-07 23:23:36', '9f9d7391-1321-4347-9b9a-f944cb43fd8d'),
 ('2835', '1729', '1681', '103', '0', '5', '2017-08-07 23:23:36', '2017-08-07 23:23:36', '2be287ca-06ef-45f1-ad1b-f7089498aba7'),
 ('2836', '1729', '1681', '105', '0', '6', '2017-08-07 23:23:36', '2017-08-07 23:23:36', '8f9f38f0-48b1-40ee-b4d0-6773efd8518c'),
 ('2837', '1729', '1681', '106', '0', '7', '2017-08-07 23:23:36', '2017-08-07 23:23:36', '11855188-433f-46a7-81c3-0d5e20d8ad65'),
 ('2838', '1730', '1682', '1', '1', '1', '2017-08-07 23:25:59', '2017-08-07 23:25:59', '66e4c86e-e817-40a6-92f0-cb746ad0a3cc'),
 ('2839', '1730', '1682', '2', '0', '2', '2017-08-07 23:25:59', '2017-08-07 23:25:59', 'd64cbede-32f1-4b5d-b306-ce655824dbc2'),
 ('2840', '1730', '1683', '101', '0', '1', '2017-08-07 23:25:59', '2017-08-07 23:25:59', '9946120f-d9d0-4792-8df5-20462d1b9d88'),
 ('2841', '1730', '1683', '102', '0', '2', '2017-08-07 23:25:59', '2017-08-07 23:25:59', '93715d1d-377e-4a15-b724-1a03e5a4ce15'),
 ('2842', '1730', '1683', '104', '0', '3', '2017-08-07 23:25:59', '2017-08-07 23:25:59', '6de0e7bf-4e81-4b24-9df7-1f4479803926'),
 ('2843', '1730', '1683', '103', '0', '4', '2017-08-07 23:25:59', '2017-08-07 23:25:59', 'e2c0c949-b9c2-4bbe-a4c2-6627734c10e7'),
 ('2844', '1730', '1683', '107', '0', '5', '2017-08-07 23:25:59', '2017-08-07 23:25:59', '9c639f70-9d07-4d39-8430-dfee81d69bcc'),
 ('2845', '1730', '1683', '105', '0', '6', '2017-08-07 23:25:59', '2017-08-07 23:25:59', '96bde88e-4042-4c20-9ff7-eb0ac5623eb0'),
 ('2846', '1730', '1683', '106', '0', '7', '2017-08-07 23:25:59', '2017-08-07 23:25:59', 'fbe4ac7e-049c-4bb7-b66e-5e18d4e0fc38'),
 ('2866', '1734', '1689', '108', '0', '1', '2017-08-07 23:34:10', '2017-08-07 23:34:10', '84bf254a-4b19-4c73-8be6-714def5af3a5'),
 ('2867', '1734', '1689', '34', '0', '2', '2017-08-07 23:34:10', '2017-08-07 23:34:10', '16af8a2b-5864-4d70-ad48-14294af2d7e3'),
 ('2868', '1734', '1689', '36', '0', '3', '2017-08-07 23:34:10', '2017-08-07 23:34:10', '2ecf3fe5-f0f1-469c-b071-6c0256ef3ffb'),
 ('2877', '1737', '1692', '68', '0', '1', '2017-08-08 17:24:23', '2017-08-08 17:24:23', 'b4761d81-7716-4b05-8479-a24a76a42bc2'),
 ('2878', '1737', '1692', '69', '0', '2', '2017-08-08 17:24:23', '2017-08-08 17:24:23', '41335ca0-3fa8-410c-8653-ac7030db37fa'),
 ('2879', '1737', '1692', '70', '0', '3', '2017-08-08 17:24:23', '2017-08-08 17:24:23', '78de33fa-c9b8-4cb7-98d3-90553513e4da'),
 ('2884', '1739', '1694', '109', '0', '1', '2017-08-08 17:41:58', '2017-08-08 17:41:58', '5fe58be1-d2f8-4801-bd26-eada3a452bd6'),
 ('2885', '1739', '1694', '99', '0', '2', '2017-08-08 17:41:58', '2017-08-08 17:41:58', '3fdc5ff2-7332-421a-b4fa-bb73602d2c38'),
 ('2886', '1740', '1695', '92', '0', '1', '2017-08-08 17:46:42', '2017-08-08 17:46:42', 'c64fdc2b-3222-479d-bbed-0a8ba056f37a'),
 ('2887', '1740', '1695', '96', '0', '2', '2017-08-08 17:46:42', '2017-08-08 17:46:42', '4fd7c02b-816b-44e8-b387-76ca340b080b'),
 ('2888', '1740', '1695', '82', '0', '3', '2017-08-08 17:46:42', '2017-08-08 17:46:42', '817d0bd6-82ef-4e09-9118-877004fb1429'),
 ('2903', '1748', '1702', '8', '0', '1', '2017-08-09 17:48:15', '2017-08-09 17:48:15', '58af5f0f-23b5-46cc-bb74-9b1b0aff616e'),
 ('2904', '1748', '1702', '10', '0', '2', '2017-08-09 17:48:15', '2017-08-09 17:48:15', '5ca70786-0e0e-43bd-ba27-bfe2782f4160'),
 ('2905', '1748', '1702', '18', '0', '3', '2017-08-09 17:48:15', '2017-08-09 17:48:15', 'fab490c2-4a09-46a2-8168-c287f5a64879'),
 ('2906', '1748', '1702', '111', '0', '4', '2017-08-09 17:48:15', '2017-08-09 17:48:15', 'e8136b64-1205-4e7a-9d74-e57e495d4aba'),
 ('2918', '1750', '1706', '113', '0', '1', '2017-08-09 18:18:34', '2017-08-09 18:18:34', 'ad19c3a1-9a0e-4971-b449-19d4d1d63a54'),
 ('2919', '1750', '1706', '114', '0', '2', '2017-08-09 18:18:34', '2017-08-09 18:18:34', '235c8126-6706-4ba6-97d8-6bd5fe01893c'),
 ('2920', '1750', '1706', '115', '0', '3', '2017-08-09 18:18:34', '2017-08-09 18:18:34', '58dab53d-eccb-4337-a261-c2f0371bfee1'),
 ('2921', '1751', '1707', '15', '0', '1', '2017-08-09 18:18:50', '2017-08-09 18:18:50', '4e3ac46c-e794-4f64-b7b1-4656dcb1e82d'),
 ('2922', '1751', '1707', '16', '0', '2', '2017-08-09 18:18:50', '2017-08-09 18:18:50', '2bc0193f-d9fb-433c-96c1-6b5551eaad86'),
 ('2923', '1751', '1707', '89', '0', '3', '2017-08-09 18:18:50', '2017-08-09 18:18:50', '6a7c7f04-7d79-41b3-bf89-609d78071748'),
 ('2924', '1751', '1708', '112', '0', '1', '2017-08-09 18:18:50', '2017-08-09 18:18:50', '73d25b7c-9a87-43aa-b2c8-c573b705419d'),
 ('2925', '1751', '1708', '3', '0', '2', '2017-08-09 18:18:50', '2017-08-09 18:18:50', '68ce3ef9-3922-4959-b7e2-8e93772201ba'),
 ('2926', '1751', '1709', '101', '0', '1', '2017-08-09 18:18:50', '2017-08-09 18:18:50', '3ba60680-2140-42a0-abcc-ce25a8ccae6f'),
 ('2927', '1751', '1709', '102', '0', '2', '2017-08-09 18:18:50', '2017-08-09 18:18:50', 'f2bd1e62-d7bb-4bf2-af03-5ce30214b589'),
 ('2928', '1751', '1709', '104', '0', '3', '2017-08-09 18:18:50', '2017-08-09 18:18:50', 'e5fa0515-4bf8-4b6a-8ea4-4ee96c9f8ffc'),
 ('2929', '1751', '1709', '107', '0', '4', '2017-08-09 18:18:50', '2017-08-09 18:18:50', '3a650199-f9f4-446e-952b-08935f2b0d8a'),
 ('2930', '1751', '1709', '103', '0', '5', '2017-08-09 18:18:50', '2017-08-09 18:18:50', '0c003da5-a107-4bd1-8214-ffac21b79518'),
 ('2931', '1751', '1709', '105', '0', '6', '2017-08-09 18:18:50', '2017-08-09 18:18:50', '8e41e4e7-dcdc-4e8a-942d-2c91c5153aa3'),
 ('2932', '1751', '1709', '106', '0', '7', '2017-08-09 18:18:50', '2017-08-09 18:18:50', '510e34ea-a07d-42ee-b6e6-d7e954dbf7de'),
 ('3052', '1798', '1768', '128', '1', '1', '2017-08-10 21:46:15', '2017-08-10 21:46:15', '8a48f8ed-2a15-458d-96f0-6f797e026d4d'),
 ('3053', '1798', '1768', '129', '0', '2', '2017-08-10 21:46:15', '2017-08-10 21:46:15', '700e249f-af10-47ae-a648-c241b0314065'),
 ('3163', '1837', '1816', '118', '1', '1', '2017-08-10 21:59:28', '2017-08-10 21:59:28', '754047ff-6ef2-4893-8da6-79fa393b9682'),
 ('3164', '1837', '1816', '119', '0', '2', '2017-08-10 21:59:28', '2017-08-10 21:59:28', '1bb3df1f-de56-41af-a0cb-43334447933a'),
 ('3165', '1837', '1816', '120', '0', '3', '2017-08-10 21:59:28', '2017-08-10 21:59:28', 'c61184d4-47bc-477c-8090-8aa4eb554bd0'),
 ('3170', '1839', '1818', '59', '0', '1', '2017-08-10 22:02:28', '2017-08-10 22:02:28', '1cc51be1-1a95-472d-99dc-eb3b7712676b'),
 ('3171', '1839', '1818', '60', '0', '2', '2017-08-10 22:02:28', '2017-08-10 22:02:28', '3e9ccd2e-c46e-4f2c-9239-57c8c44ef7be'),
 ('3172', '1839', '1818', '61', '0', '3', '2017-08-10 22:02:28', '2017-08-10 22:02:28', 'a3696e91-c23b-4b4b-ae54-20cc89965af6'),
 ('3173', '1839', '1818', '62', '0', '4', '2017-08-10 22:02:28', '2017-08-10 22:02:28', '495330ac-2f46-49ef-94a5-447445c3899a'),
 ('3174', '1840', '1819', '81', '0', '1', '2017-08-10 22:06:49', '2017-08-10 22:06:49', '07860141-e258-4037-a4d4-17fd07dc6fdc'),
 ('3175', '1840', '1819', '133', '0', '2', '2017-08-10 22:06:49', '2017-08-10 22:06:49', '1ebd5376-66d3-4424-90f4-a714e3e60f73'),
 ('3176', '1840', '1819', '75', '0', '3', '2017-08-10 22:06:49', '2017-08-10 22:06:49', '985f8752-0d4a-4bf9-92ad-2ac62a4937b9'),
 ('3177', '1840', '1819', '76', '0', '4', '2017-08-10 22:06:49', '2017-08-10 22:06:49', 'f0a2b3c6-c5c6-4c64-ae96-8b84f439ddb0'),
 ('3178', '1840', '1819', '130', '0', '5', '2017-08-10 22:06:49', '2017-08-10 22:06:49', '4664a246-a073-4712-b998-d176beb9825b'),
 ('3179', '1840', '1819', '77', '0', '6', '2017-08-10 22:06:49', '2017-08-10 22:06:49', '00b00bfa-5fba-4cd7-9719-eca5d02e4222'),
 ('3180', '1840', '1819', '116', '0', '7', '2017-08-10 22:06:49', '2017-08-10 22:06:49', 'c2c9565b-e499-48a8-949a-b32d89054c08'),
 ('3181', '1840', '1819', '117', '0', '8', '2017-08-10 22:06:49', '2017-08-10 22:06:49', '2ee25f4b-ad1c-4252-b0d4-28a3c4b0fc1d');
INSERT INTO `craft_fieldlayoutfields` (`id`, `layoutId`, `tabId`, `fieldId`, `required`, `sortOrder`, `dateCreated`, `dateUpdated`, `uid`) VALUES
 ('3221', '1855', '1837', '72', '0', '1', '2017-08-10 23:30:59', '2017-08-10 23:30:59', '93e4380d-1139-4597-91f2-4e448e2f5be8'),
 ('3222', '1855', '1837', '110', '0', '2', '2017-08-10 23:30:59', '2017-08-10 23:30:59', 'e30c3d9f-04ba-404a-9afe-6bbd938eb67d'),
 ('3223', '1855', '1837', '135', '0', '3', '2017-08-10 23:30:59', '2017-08-10 23:30:59', 'c5edfb64-68c7-43b1-ac8f-31fc4a01ace2'),
 ('3224', '1856', '1838', '73', '0', '1', '2017-08-10 23:30:59', '2017-08-10 23:30:59', '005de04f-f915-4bc4-98bc-3d1c589d3289'),
 ('3238', '1858', '1841', '15', '0', '1', '2017-08-10 23:35:01', '2017-08-10 23:35:01', '4e8d952d-a3a5-41a8-9d25-ebd1a74595a9'),
 ('3239', '1858', '1841', '10', '0', '2', '2017-08-10 23:35:01', '2017-08-10 23:35:01', '36f34614-904c-46f3-9f03-48bdbe63b231'),
 ('3240', '1858', '1841', '89', '0', '3', '2017-08-10 23:35:01', '2017-08-10 23:35:01', 'd89c4e08-2db2-4175-ba8f-7ce86978e14f'),
 ('3241', '1858', '1842', '101', '0', '1', '2017-08-10 23:35:01', '2017-08-10 23:35:01', 'ec963eaf-86f4-4efb-8cea-c983d993a2a9'),
 ('3242', '1858', '1842', '102', '0', '2', '2017-08-10 23:35:01', '2017-08-10 23:35:01', '10481391-b1e7-4aa4-92a9-0dd0029ca456'),
 ('3243', '1858', '1842', '104', '0', '3', '2017-08-10 23:35:01', '2017-08-10 23:35:01', '21b980ca-05d9-4359-8135-3fc77febaf7f'),
 ('3244', '1858', '1842', '103', '0', '4', '2017-08-10 23:35:01', '2017-08-10 23:35:01', 'acfee830-1dab-4596-adf4-859a7dc10ad0'),
 ('3245', '1858', '1842', '107', '0', '5', '2017-08-10 23:35:01', '2017-08-10 23:35:01', 'b2866bf0-d5c0-447c-a158-c76889d4d72f'),
 ('3246', '1858', '1842', '105', '0', '6', '2017-08-10 23:35:01', '2017-08-10 23:35:01', 'aee9b636-2bb4-41ae-be2b-72b4f0903c5f'),
 ('3247', '1858', '1842', '106', '0', '7', '2017-08-10 23:35:01', '2017-08-10 23:35:01', '218ca1c4-5e8d-4bde-b821-f00e684f319b'),
 ('3261', '1860', '1845', '15', '0', '1', '2017-08-10 23:37:51', '2017-08-10 23:37:51', '438f15d7-c16c-42be-9fef-d73d6fa0a011'),
 ('3262', '1860', '1845', '10', '0', '2', '2017-08-10 23:37:51', '2017-08-10 23:37:51', 'de76906e-8845-46dc-9273-4ee2ae24af6b'),
 ('3263', '1860', '1845', '136', '0', '3', '2017-08-10 23:37:51', '2017-08-10 23:37:51', '70f813bc-804b-4d5f-89d0-41b0e721b101'),
 ('3264', '1860', '1845', '137', '0', '4', '2017-08-10 23:37:51', '2017-08-10 23:37:51', '657ecb27-c50c-45a9-a6d9-c44cab308762'),
 ('3265', '1860', '1845', '138', '0', '5', '2017-08-10 23:37:51', '2017-08-10 23:37:51', '5a0a2b3a-bd8a-4cef-a356-0866536bae62'),
 ('3266', '1860', '1845', '139', '0', '6', '2017-08-10 23:37:51', '2017-08-10 23:37:51', '572b5524-6071-4e5b-a037-cbe323a9c74b'),
 ('3267', '1860', '1845', '89', '0', '7', '2017-08-10 23:37:51', '2017-08-10 23:37:51', 'c4c2b871-5745-45a1-acd4-c74575a55638'),
 ('3268', '1860', '1846', '101', '0', '1', '2017-08-10 23:37:51', '2017-08-10 23:37:51', '83e6160a-d601-409b-83ba-c1be17b5df2b'),
 ('3269', '1860', '1846', '102', '0', '2', '2017-08-10 23:37:51', '2017-08-10 23:37:51', '7b820c43-c35e-4e22-adbc-aee2db0c46b8'),
 ('3270', '1860', '1846', '104', '0', '3', '2017-08-10 23:37:51', '2017-08-10 23:37:51', 'f4b5d75e-c233-4757-b555-572da1a14933'),
 ('3271', '1860', '1846', '103', '0', '4', '2017-08-10 23:37:51', '2017-08-10 23:37:51', 'a28430ed-77a5-4b87-b164-aa5d8748989c'),
 ('3272', '1860', '1846', '107', '0', '5', '2017-08-10 23:37:51', '2017-08-10 23:37:51', '21b680cb-a264-436f-a1f2-142a43287829'),
 ('3273', '1860', '1846', '105', '0', '6', '2017-08-10 23:37:51', '2017-08-10 23:37:51', 'b9592450-e805-488a-9ad7-46af604ab6b4'),
 ('3274', '1860', '1846', '106', '0', '7', '2017-08-10 23:37:51', '2017-08-10 23:37:51', '325f06a1-0be3-416c-a1f9-c97efc24b7b6'),
 ('3275', '1861', '1847', '23', '0', '1', '2017-08-10 23:41:06', '2017-08-10 23:41:06', '32c1c7d4-568d-4dbd-8fca-35560a0bc105'),
 ('3276', '1861', '1847', '20', '0', '2', '2017-08-10 23:41:06', '2017-08-10 23:41:06', 'd4556c93-aea0-48da-99b2-a71617b0d3c6'),
 ('3277', '1862', '1848', '67', '0', '1', '2017-08-10 23:41:06', '2017-08-10 23:41:06', '84762ca5-4e48-4606-9125-92e2487a0fbc'),
 ('3278', '1862', '1849', '24', '0', '1', '2017-08-10 23:41:06', '2017-08-10 23:41:06', 'd9bc551f-9ca2-484e-addc-816c26246d90'),
 ('3279', '1863', '1850', '45', '0', '1', '2017-08-10 23:41:06', '2017-08-10 23:41:06', 'd6f8fbcd-5b9e-4199-9e83-3bd9d1f35b91'),
 ('3280', '1864', '1851', '58', '0', '1', '2017-08-10 23:41:06', '2017-08-10 23:41:06', '8a14dd91-c9f8-441d-a9f4-693ce74f24ed'),
 ('3281', '1864', '1852', '24', '0', '1', '2017-08-10 23:41:06', '2017-08-10 23:41:06', '44347dc2-bb31-4b3a-b58c-e26f107b64de'),
 ('3282', '1865', '1853', '8', '0', '1', '2017-08-10 23:41:06', '2017-08-10 23:41:06', '4a7b6c0f-9406-4778-b7c9-4d80808159aa'),
 ('3283', '1865', '1853', '10', '0', '2', '2017-08-10 23:41:06', '2017-08-10 23:41:06', '2423afa9-52e2-49ac-b32a-aa0f3e226d7d'),
 ('3284', '1865', '1853', '18', '0', '3', '2017-08-10 23:41:06', '2017-08-10 23:41:06', '3a39705b-37ec-40d7-b8c1-6f064a218eed'),
 ('3285', '1865', '1853', '71', '0', '4', '2017-08-10 23:41:06', '2017-08-10 23:41:06', '84efb0f8-5375-469b-ae11-e649bccaf4c9'),
 ('3286', '1866', '1854', '8', '0', '1', '2017-08-10 23:41:06', '2017-08-10 23:41:06', '50fab358-409a-4981-a815-707be729c880'),
 ('3287', '1866', '1854', '126', '0', '2', '2017-08-10 23:41:06', '2017-08-10 23:41:06', '542efda6-74f1-4981-ac2b-775319f81411'),
 ('3288', '1866', '1854', '28', '0', '3', '2017-08-10 23:41:06', '2017-08-10 23:41:06', 'a3420bcf-3f26-4ebd-9b86-a377a0bb764d'),
 ('3289', '1866', '1854', '132', '0', '4', '2017-08-10 23:41:06', '2017-08-10 23:41:06', '79669c20-798c-4ba8-b374-1dd0d74fbf97'),
 ('3290', '1866', '1854', '127', '0', '5', '2017-08-10 23:41:06', '2017-08-10 23:41:06', 'ebbc7093-f6dd-4ff5-a67d-97bfbb8c3b94'),
 ('3291', '1867', '1855', '122', '0', '1', '2017-08-10 23:41:06', '2017-08-10 23:41:06', '707ffa86-fdcc-4bcd-b1aa-866453986da7'),
 ('3292', '1867', '1855', '124', '0', '2', '2017-08-10 23:41:06', '2017-08-10 23:41:06', 'e16d52dd-5f8e-40dc-8382-90484ce4d6d9'),
 ('3293', '1867', '1855', '123', '0', '3', '2017-08-10 23:41:06', '2017-08-10 23:41:06', '61eea1b2-7c1e-4298-a837-eaa5377d9a37'),
 ('3294', '1867', '1855', '125', '0', '4', '2017-08-10 23:41:06', '2017-08-10 23:41:06', '3b16aa10-821e-4611-82a4-7b8fbe5b43e7'),
 ('3295', '1868', '1856', '8', '0', '1', '2017-08-10 23:41:06', '2017-08-10 23:41:06', '3aa9ed05-a94e-42e9-83b9-67a7d545f2df'),
 ('3296', '1868', '1856', '9', '0', '2', '2017-08-10 23:41:06', '2017-08-10 23:41:06', 'e260aef1-8ad0-4c7f-990e-2fa6d0749d51'),
 ('3297', '1868', '1856', '10', '0', '3', '2017-08-10 23:41:06', '2017-08-10 23:41:06', '4528a83f-8b6f-4cb3-9882-fe3ee7f2f396'),
 ('3298', '1868', '1856', '11', '0', '4', '2017-08-10 23:41:06', '2017-08-10 23:41:06', '2b4ab2c3-43d8-48c1-891e-1477a793623b'),
 ('3299', '1868', '1856', '71', '0', '5', '2017-08-10 23:41:06', '2017-08-10 23:41:06', '7ef2057b-876c-4466-9431-9d58ae297993'),
 ('3300', '1869', '1857', '29', '0', '1', '2017-08-10 23:41:06', '2017-08-10 23:41:06', '29474d4a-286b-401c-8ed6-494f4e0f0f25'),
 ('3301', '1869', '1857', '131', '0', '2', '2017-08-10 23:41:06', '2017-08-10 23:41:06', '9ed0a541-f5f5-472f-ab39-8435e692349f'),
 ('3302', '1869', '1857', '10', '0', '3', '2017-08-10 23:41:06', '2017-08-10 23:41:06', '832230c1-b0d0-4327-bf91-28bd4491645d'),
 ('3303', '1869', '1857', '11', '0', '4', '2017-08-10 23:41:06', '2017-08-10 23:41:06', '71a3b5e1-432a-4ac4-8cd7-ba6e0ce49e5b'),
 ('3304', '1869', '1857', '71', '0', '5', '2017-08-10 23:41:06', '2017-08-10 23:41:06', '0ae5b962-10c9-4045-a865-eed6f8ef1949'),
 ('3305', '1870', '1858', '24', '0', '1', '2017-08-10 23:41:06', '2017-08-10 23:41:06', '1b244057-5a54-4b66-88d1-9de72e7edbc9'),
 ('3306', '1871', '1859', '74', '0', '1', '2017-08-10 23:41:06', '2017-08-10 23:41:06', 'd6eb9acd-256c-4370-b3ea-a125c5eabadb'),
 ('3307', '1871', '1860', '24', '0', '1', '2017-08-10 23:41:06', '2017-08-10 23:41:06', '1a7595f3-e95b-48da-9242-04662e3d32ea'),
 ('3308', '1872', '1861', '29', '0', '1', '2017-08-10 23:41:06', '2017-08-10 23:41:06', 'd9305a3a-66d1-43be-aaae-6e266ba240a3'),
 ('3309', '1872', '1861', '78', '0', '2', '2017-08-10 23:41:06', '2017-08-10 23:41:06', '2abcd47c-f25a-4b9a-8976-6437398779ec'),
 ('3310', '1873', '1862', '12', '0', '1', '2017-08-10 23:41:06', '2017-08-10 23:41:06', '59d5cfe1-c714-41b3-9527-ab4f76d011c1');



DROP TABLE IF EXISTS `craft_fieldlayouts`;


--
-- Schema for table `craft_fieldlayouts`
--
CREATE TABLE `craft_fieldlayouts` (
  `id` int(11) NOT NULL AUTO_INCREMENT,
  `type` varchar(150) COLLATE utf8_unicode_ci NOT NULL,
  `dateCreated` datetime NOT NULL,
  `dateUpdated` datetime NOT NULL,
  `uid` char(36) COLLATE utf8_unicode_ci NOT NULL DEFAULT '0',
  PRIMARY KEY (`id`),
  KEY `craft_fieldlayouts_type_idx` (`type`)
) ENGINE=InnoDB AUTO_INCREMENT=1874 DEFAULT CHARSET=utf8 COLLATE=utf8_unicode_ci;

--
-- Data for table `craft_fieldlayouts`
--

INSERT INTO `craft_fieldlayouts` (`id`, `type`, `dateCreated`, `dateUpdated`, `uid`) VALUES
 ('1', 'Tag', '2017-07-20 17:27:58', '2017-07-20 17:27:58', '2e0ffb99-db70-4d30-a521-199785e74613'),
 ('79', 'MatrixBlock', '2017-07-20 20:18:09', '2017-07-20 20:18:09', 'cbbffd58-9566-4358-9be9-43ba0f2e3ef2'),
 ('251', 'Asset', '2017-07-20 22:17:47', '2017-07-20 22:17:47', '2601d5d2-ef4c-46c1-a726-60e7072b8aae'),
 ('252', 'Asset', '2017-07-20 22:19:07', '2017-07-20 22:19:07', 'd613257b-9093-4f84-a57c-20beacf8f486'),
 ('506', 'Asset', '2017-07-21 22:08:30', '2017-07-21 22:08:30', '1c987ab6-f910-424a-a8d5-3ec24d4427ec'),
 ('1168', 'MatrixBlock', '2017-08-01 17:05:51', '2017-08-01 17:05:51', '52c1d875-27db-4575-b71f-ebb42983793e'),
 ('1169', 'SuperTable_Block', '2017-08-01 17:05:51', '2017-08-01 17:05:51', '47ebc690-acfb-44c7-bf31-6e87db999d00'),
 ('1685', 'MatrixBlock', '2017-08-07 17:22:08', '2017-08-07 17:22:08', 'f4130f5a-3397-4039-9e20-dfe39b6776cc'),
 ('1686', 'Category', '2017-08-07 17:25:26', '2017-08-07 17:25:26', 'f67bc407-bd0c-4c7e-975d-ba7a5683fef8'),
 ('1687', 'Category', '2017-08-07 17:25:37', '2017-08-07 17:25:37', 'f8c8cbf0-77c9-49fa-9609-df239d376686'),
 ('1697', 'Category', '2017-08-07 18:18:04', '2017-08-07 18:18:04', 'ef2ce43e-00a1-4db9-91dd-451a6dd2696c'),
 ('1698', 'Entry', '2017-08-07 18:32:39', '2017-08-07 18:32:39', '6f5675e1-4d85-4b0b-bd56-78a32d22f16a'),
 ('1699', 'MatrixBlock', '2017-08-07 18:36:47', '2017-08-07 18:36:47', '8a84303b-d689-4216-b517-f1089f540d2f'),
 ('1706', 'MatrixBlock', '2017-08-07 18:40:30', '2017-08-07 18:40:30', 'dbbc68e3-0a16-46d9-bda6-a927e6300529'),
 ('1707', 'MatrixBlock', '2017-08-07 18:40:34', '2017-08-07 18:40:34', '56d719f9-1be6-4f95-989a-433325a65314'),
 ('1711', 'Neo_Block', '2017-08-07 21:09:48', '2017-08-07 21:09:48', 'ac9f91e3-4a77-4c55-867d-26d5d3116a2f'),
 ('1712', 'MatrixBlock', '2017-08-07 21:09:55', '2017-08-07 21:09:55', '9e3fcb13-be1e-416d-8f23-b7ee37e9ccf9'),
 ('1715', 'Category', '2017-08-07 21:31:43', '2017-08-07 21:31:43', 'f41fcf65-e31e-4c9a-893e-948ee4573e1c'),
 ('1716', 'MatrixBlock', '2017-08-07 22:10:30', '2017-08-07 22:10:30', 'b0657b93-c40f-4f50-916b-329c7395708d'),
 ('1723', 'MatrixBlock', '2017-08-07 22:56:53', '2017-08-07 22:56:53', '8878bf98-3818-4515-b9f8-2956e21fb9d6'),
 ('1724', 'MatrixBlock', '2017-08-07 22:58:56', '2017-08-07 22:58:56', '281c8481-4866-4a80-9630-ce97340d295f'),
 ('1725', 'MatrixBlock', '2017-08-07 23:00:59', '2017-08-07 23:00:59', '118656d9-a065-4373-a3ea-aee37fb93268'),
 ('1729', 'Entry', '2017-08-07 23:23:36', '2017-08-07 23:23:36', '3f2454f3-44da-43b2-817c-4b20f6f8d6fa'),
 ('1730', 'Entry', '2017-08-07 23:25:59', '2017-08-07 23:25:59', 'fc415c3e-0589-4503-bd85-e9856288a6b5'),
 ('1734', 'GlobalSet', '2017-08-07 23:34:10', '2017-08-07 23:34:10', '176da394-808f-4693-9546-7bf9745acc78'),
 ('1737', 'MatrixBlock', '2017-08-08 17:24:23', '2017-08-08 17:24:23', '3ba60d27-29b8-4874-814d-beb906599ba7'),
 ('1739', 'GlobalSet', '2017-08-08 17:41:58', '2017-08-08 17:41:58', 'da1b99f2-1cda-4487-bd6d-d4be10a3d19c'),
 ('1740', 'GlobalSet', '2017-08-08 17:46:42', '2017-08-08 17:46:42', '6bd48392-3782-412d-b04e-8e3c8a28c54c'),
 ('1748', 'GlobalSet', '2017-08-09 17:48:15', '2017-08-09 17:48:15', '72feb5fb-51ed-4eb5-8776-3573481f61cf'),
 ('1750', 'MatrixBlock', '2017-08-09 18:18:34', '2017-08-09 18:18:34', 'a3f285a6-3f9f-41cb-9c07-ef1498706477'),
 ('1751', 'Entry', '2017-08-09 18:18:50', '2017-08-09 18:18:50', 'bf8a6fc3-24c7-40ab-b236-75b31e992e72'),
 ('1798', 'MatrixBlock', '2017-08-10 21:46:15', '2017-08-10 21:46:15', '628fb91c-1250-4cef-827d-fb9b5abc56e4'),
 ('1837', 'MatrixBlock', '2017-08-10 21:59:28', '2017-08-10 21:59:28', 'e9976104-d16a-45f2-805d-0e7e3fd566b9'),
 ('1839', 'MatrixBlock', '2017-08-10 22:02:28', '2017-08-10 22:02:28', '5763ad86-b5f7-43a1-9f6e-08b4265ff485'),
 ('1840', 'MatrixBlock', '2017-08-10 22:06:49', '2017-08-10 22:06:49', 'c272382f-6f81-417d-b4a2-4d5c1ec6baf5'),
 ('1855', 'MatrixBlock', '2017-08-10 23:30:59', '2017-08-10 23:30:59', '915cb7f9-687c-4a78-9a86-4a759c84ba89'),
 ('1856', 'MatrixBlock', '2017-08-10 23:30:59', '2017-08-10 23:30:59', 'be6fd67a-891e-4fc9-878b-70a9d59946b9'),
 ('1858', 'Entry', '2017-08-10 23:35:01', '2017-08-10 23:35:01', '1e1da8fe-718e-4fe0-a3d2-d778011d27c0'),
 ('1860', 'Entry', '2017-08-10 23:37:51', '2017-08-10 23:37:51', '460a93b2-2bf1-493f-b9ef-fc0db60f2c28'),
 ('1861', 'Neo_Block', '2017-08-10 23:41:06', '2017-08-10 23:41:06', 'c8d2e6f4-07da-4181-a62b-3307bfdf5c8e'),
 ('1862', 'Neo_Block', '2017-08-10 23:41:06', '2017-08-10 23:41:06', '4443b5a3-5dfc-4177-b366-c3fdff43e2fd'),
 ('1863', 'Neo_Block', '2017-08-10 23:41:06', '2017-08-10 23:41:06', '907711f1-563d-43f5-b95b-9bf5af8a5c99'),
 ('1864', 'Neo_Block', '2017-08-10 23:41:06', '2017-08-10 23:41:06', 'd4fc804e-6a59-430b-a539-993e66923fe7'),
 ('1865', 'Neo_Block', '2017-08-10 23:41:06', '2017-08-10 23:41:06', 'a2507503-130d-43ac-b11a-42b3784936b2'),
 ('1866', 'Neo_Block', '2017-08-10 23:41:06', '2017-08-10 23:41:06', 'fae185a0-26eb-4a4b-8742-7a13cbdff6b2'),
 ('1867', 'Neo_Block', '2017-08-10 23:41:06', '2017-08-10 23:41:06', 'b61cad31-cf12-4dce-9947-9606ee5d7b84'),
 ('1868', 'Neo_Block', '2017-08-10 23:41:06', '2017-08-10 23:41:06', '6192613a-5bad-488d-8495-d2a50ca306c2'),
 ('1869', 'Neo_Block', '2017-08-10 23:41:06', '2017-08-10 23:41:06', 'c06ca185-60d4-49de-b04c-aa5fa9549326'),
 ('1870', 'Neo_Block', '2017-08-10 23:41:06', '2017-08-10 23:41:06', '260b23e9-163b-4567-b052-463a4da6af81'),
 ('1871', 'Neo_Block', '2017-08-10 23:41:06', '2017-08-10 23:41:06', '56ebd394-3913-4ecd-a710-3204036e2faa'),
 ('1872', 'Neo_Block', '2017-08-10 23:41:06', '2017-08-10 23:41:06', 'f90981e2-621e-498e-ad93-4cb09c632fbe'),
 ('1873', 'Neo_Block', '2017-08-10 23:41:06', '2017-08-10 23:41:06', '979c9cde-bfc1-4f7b-bfee-c67f7dc278e3');



DROP TABLE IF EXISTS `craft_fieldlayouttabs`;


--
-- Schema for table `craft_fieldlayouttabs`
--
CREATE TABLE `craft_fieldlayouttabs` (
  `id` int(11) NOT NULL AUTO_INCREMENT,
  `layoutId` int(11) NOT NULL,
  `name` varchar(255) COLLATE utf8_unicode_ci NOT NULL,
  `sortOrder` smallint(6) unsigned DEFAULT NULL,
  `dateCreated` datetime NOT NULL,
  `dateUpdated` datetime NOT NULL,
  `uid` char(36) COLLATE utf8_unicode_ci NOT NULL DEFAULT '0',
  PRIMARY KEY (`id`),
  KEY `craft_fieldlayouttabs_sortOrder_idx` (`sortOrder`),
  KEY `craft_fieldlayouttabs_layoutId_fk` (`layoutId`)
) ENGINE=InnoDB AUTO_INCREMENT=1863 DEFAULT CHARSET=utf8 COLLATE=utf8_unicode_ci;

--
-- Data for table `craft_fieldlayouttabs`
--

INSERT INTO `craft_fieldlayouttabs` (`id`, `layoutId`, `name`, `sortOrder`, `dateCreated`, `dateUpdated`, `uid`) VALUES
 ('80', '79', 'Content', '1', '2017-07-20 20:18:09', '2017-07-20 20:18:09', '7371d629-718b-435c-92e7-92b2de579e20'),
 ('1107', '1168', 'Content', '1', '2017-08-01 17:05:51', '2017-08-01 17:05:51', 'a7b65300-ab3e-4c29-ad65-bd69b30832db'),
 ('1108', '1169', 'Content', '1', '2017-08-01 17:05:51', '2017-08-01 17:05:51', '48375463-366c-45ec-9ff5-a04b81fcf696'),
 ('1642', '1685', 'Content', '1', '2017-08-07 17:22:08', '2017-08-07 17:22:08', '92ebabdd-6e59-4d21-9308-060d3a6f1b69'),
 ('1649', '1698', 'Success Stories', '1', '2017-08-07 18:32:39', '2017-08-07 18:32:39', '9d28dff5-3a95-4b68-b009-847522bcd555'),
 ('1650', '1698', 'Categories', '2', '2017-08-07 18:32:39', '2017-08-07 18:32:39', 'cf489a92-3600-426b-b2b3-6125ac49de41'),
 ('1651', '1699', 'Content', '1', '2017-08-07 18:36:47', '2017-08-07 18:36:47', '8aed7e2a-db40-4200-8630-39483cfc0a5c'),
 ('1658', '1706', 'Content', '1', '2017-08-07 18:40:30', '2017-08-07 18:40:30', 'ae8bf274-9e60-4c86-9214-5deddf52759f'),
 ('1659', '1707', 'Content', '1', '2017-08-07 18:40:34', '2017-08-07 18:40:34', '9b4af37a-cac4-4ceb-ae7e-b49ab8ff6548'),
 ('1663', '1711', 'Content', '1', '2017-08-07 21:09:48', '2017-08-07 21:09:48', 'bca0dfc4-977e-4589-a607-72b42fa97d81'),
 ('1664', '1712', 'Content', '1', '2017-08-07 21:09:55', '2017-08-07 21:09:55', 'bf17c20f-cc89-451d-91f4-07c46e5dc259'),
 ('1666', '1716', 'Content', '1', '2017-08-07 22:10:30', '2017-08-07 22:10:30', '1d48e674-2454-4648-bb02-106c623d8bbb'),
 ('1673', '1723', 'Content', '1', '2017-08-07 22:56:53', '2017-08-07 22:56:53', '24e90018-6b01-4bd1-90c7-7355a088659d'),
 ('1674', '1724', 'Content', '1', '2017-08-07 22:58:56', '2017-08-07 22:58:56', 'd313fb6f-48e1-4ca2-9cd2-9ceb4d4224b5'),
 ('1675', '1725', 'Content', '1', '2017-08-07 23:00:59', '2017-08-07 23:00:59', '3781adcb-89ce-45af-8265-11d368326457'),
 ('1679', '1729', 'Page Info', '1', '2017-08-07 23:23:36', '2017-08-07 23:23:36', '5120c235-425e-4c54-b548-f0e553091a55'),
 ('1680', '1729', 'Page Content', '2', '2017-08-07 23:23:36', '2017-08-07 23:23:36', '610173b4-371b-4599-ba54-9098df998d1d'),
 ('1681', '1729', 'SEO', '3', '2017-08-07 23:23:36', '2017-08-07 23:23:36', '172566dc-9e70-437a-8b03-8274b080b5e5'),
 ('1682', '1730', 'Content', '1', '2017-08-07 23:25:59', '2017-08-07 23:25:59', '45150c32-34ae-4d9f-b4f0-5142f1502bb4'),
 ('1683', '1730', 'SEO', '2', '2017-08-07 23:25:59', '2017-08-07 23:25:59', '67617276-3553-418a-a924-4ac4365c39a1'),
 ('1689', '1734', 'Content', '1', '2017-08-07 23:34:10', '2017-08-07 23:34:10', 'a5867aea-310a-4179-b538-622388d58636'),
 ('1692', '1737', 'Content', '1', '2017-08-08 17:24:23', '2017-08-08 17:24:23', '95b2b150-fe6d-4d6d-9d6c-37daaf3dfb51'),
 ('1694', '1739', 'Content', '1', '2017-08-08 17:41:58', '2017-08-08 17:41:58', 'c00e836c-6533-451d-a4fc-a9ff836c79f9'),
 ('1695', '1740', 'Content', '1', '2017-08-08 17:46:42', '2017-08-08 17:46:42', '0775b0ae-aa78-4127-999c-7c6c79adc2b4'),
 ('1702', '1748', 'Content', '1', '2017-08-09 17:48:15', '2017-08-09 17:48:15', '155f8e51-35ce-4b3f-9085-ce3f9c6f1f53'),
 ('1706', '1750', 'Content', '1', '2017-08-09 18:18:34', '2017-08-09 18:18:34', '563e8859-06b9-4417-a1aa-ad90b291caea'),
 ('1707', '1751', 'Page Info', '1', '2017-08-09 18:18:50', '2017-08-09 18:18:50', '18efab99-85cc-4a9a-927c-063e69d3604a'),
 ('1708', '1751', 'Content', '2', '2017-08-09 18:18:50', '2017-08-09 18:18:50', '946bb3b6-0c55-4e6f-b95e-ebdf6111b7f9'),
 ('1709', '1751', 'SEO', '3', '2017-08-09 18:18:50', '2017-08-09 18:18:50', 'efe9214f-eef9-44e4-8e60-1515eadf78ce'),
 ('1768', '1798', 'Content', '1', '2017-08-10 21:46:15', '2017-08-10 21:46:15', '050f50c2-3f6d-442a-bc2a-882d9185d092'),
 ('1816', '1837', 'Content', '1', '2017-08-10 21:59:28', '2017-08-10 21:59:28', '5d044ec8-2a00-4e2e-a9f2-cc390dd71732'),
 ('1818', '1839', 'Content', '1', '2017-08-10 22:02:28', '2017-08-10 22:02:28', '0ce8b915-bbea-4e64-a3e0-c3f4bd953641'),
 ('1819', '1840', 'Content', '1', '2017-08-10 22:06:49', '2017-08-10 22:06:49', 'e9bb821a-e575-4469-aa55-743be8a1b7ec'),
 ('1837', '1855', 'Content', '1', '2017-08-10 23:30:59', '2017-08-10 23:30:59', 'e168227b-6603-426d-8897-858790867eae'),
 ('1838', '1856', 'Content', '1', '2017-08-10 23:30:59', '2017-08-10 23:30:59', 'ea76dc81-d91f-49e8-bccc-db677b13aedf'),
 ('1841', '1858', 'Content', '1', '2017-08-10 23:35:01', '2017-08-10 23:35:01', 'c642c2ad-023d-4234-af24-56ae35050fb7'),
 ('1842', '1858', 'SEO', '2', '2017-08-10 23:35:01', '2017-08-10 23:35:01', '436a89a6-ec2d-4b73-8164-8afd549773c9'),
 ('1845', '1860', 'Page Content', '1', '2017-08-10 23:37:51', '2017-08-10 23:37:51', '78798710-8ccc-4594-990f-d9320e74cf9d'),
 ('1846', '1860', 'SEO', '2', '2017-08-10 23:37:51', '2017-08-10 23:37:51', '724db299-205d-4664-8b2f-ca234c70d90f'),
 ('1847', '1861', 'Section Info', '1', '2017-08-10 23:41:06', '2017-08-10 23:41:06', 'ef195d36-8bf5-4964-9816-29cc86ac68b8'),
 ('1848', '1862', 'Content', '1', '2017-08-10 23:41:06', '2017-08-10 23:41:06', '0e3ad1c4-2281-41ab-add8-f7368362b1a4'),
 ('1849', '1862', 'Chillah', '2', '2017-08-10 23:41:06', '2017-08-10 23:41:06', 'b53492e2-7213-48fa-a934-7272777595e7'),
 ('1850', '1863', 'Content', '1', '2017-08-10 23:41:06', '2017-08-10 23:41:06', 'aadda533-bdef-451d-a382-b2072cf9609c'),
 ('1851', '1864', 'Content', '1', '2017-08-10 23:41:06', '2017-08-10 23:41:06', 'e5506666-f618-4f02-9967-174ebb9d9a8d'),
 ('1852', '1864', 'Chillah', '2', '2017-08-10 23:41:06', '2017-08-10 23:41:06', '5ce431f9-e734-4aed-ab5d-e9512c8b3714'),
 ('1853', '1865', 'Content', '1', '2017-08-10 23:41:06', '2017-08-10 23:41:06', '85ed14c3-f849-41d0-aada-b8959d417934'),
 ('1854', '1866', 'Content', '1', '2017-08-10 23:41:06', '2017-08-10 23:41:06', '6b490260-7264-42b6-a3f7-321aef7f3623'),
 ('1855', '1867', 'Content', '1', '2017-08-10 23:41:06', '2017-08-10 23:41:06', 'bb0962aa-6f2b-466f-9406-5be52678728c'),
 ('1856', '1868', 'Content', '1', '2017-08-10 23:41:06', '2017-08-10 23:41:06', '7de0869d-f9f4-4aa0-9dd1-756c6a02b19b'),
 ('1857', '1869', 'Content', '1', '2017-08-10 23:41:06', '2017-08-10 23:41:06', 'b8a4b983-0cbc-481a-9f4f-538c3219eaaf'),
 ('1858', '1870', 'Content', '1', '2017-08-10 23:41:06', '2017-08-10 23:41:06', 'aa746076-0fb1-4ce1-b527-5e0bf9bcb453'),
 ('1859', '1871', 'Content', '1', '2017-08-10 23:41:06', '2017-08-10 23:41:06', '2a12b08f-496d-4819-a034-6c0cdc307a91'),
 ('1860', '1871', 'Chillah', '2', '2017-08-10 23:41:06', '2017-08-10 23:41:06', '5fb4d76a-6c9b-4a28-ad3c-d80b0c59d904'),
 ('1861', '1872', 'Tab 1', '1', '2017-08-10 23:41:06', '2017-08-10 23:41:06', '1f851ba3-85d2-4efc-adec-34b2a2846c30'),
 ('1862', '1873', 'Content', '1', '2017-08-10 23:41:06', '2017-08-10 23:41:06', '7ea73124-d010-486e-b558-f16718391123');



DROP TABLE IF EXISTS `craft_fields`;


--
-- Schema for table `craft_fields`
--
CREATE TABLE `craft_fields` (
  `id` int(11) NOT NULL AUTO_INCREMENT,
  `groupId` int(11) DEFAULT NULL,
  `name` varchar(255) COLLATE utf8_unicode_ci NOT NULL,
  `handle` varchar(58) COLLATE utf8_unicode_ci NOT NULL,
  `context` varchar(255) COLLATE utf8_unicode_ci NOT NULL DEFAULT 'global',
  `instructions` text COLLATE utf8_unicode_ci,
  `translatable` tinyint(1) unsigned NOT NULL DEFAULT '0',
  `type` varchar(150) COLLATE utf8_unicode_ci NOT NULL,
  `settings` text COLLATE utf8_unicode_ci,
  `dateCreated` datetime NOT NULL,
  `dateUpdated` datetime NOT NULL,
  `uid` char(36) COLLATE utf8_unicode_ci NOT NULL DEFAULT '0',
  PRIMARY KEY (`id`),
  UNIQUE KEY `craft_fields_handle_context_unq_idx` (`handle`,`context`),
  KEY `craft_fields_context_idx` (`context`),
  KEY `craft_fields_groupId_fk` (`groupId`)
) ENGINE=InnoDB AUTO_INCREMENT=140 DEFAULT CHARSET=utf8 COLLATE=utf8_unicode_ci;

--
-- Data for table `craft_fields`
--

INSERT INTO `craft_fields` (`id`, `groupId`, `name`, `handle`, `context`, `instructions`, `translatable`, `type`, `settings`, `dateCreated`, `dateUpdated`, `uid`) VALUES
 ('1', '1', 'Body', 'body', 'global', NULL, '1', 'RichText', '{\"configFile\":\"Standard.json\",\"columnType\":\"text\"}', '2017-07-20 17:27:58', '2017-07-20 17:27:58', '10690fb8-685a-4cc7-8af0-e3991973dbc7'),
 ('2', '1', 'Tags', 'tags', 'global', NULL, '0', 'Tags', '{\"source\":\"taggroup:1\"}', '2017-07-20 17:27:58', '2017-07-20 17:27:58', 'ed5f4b71-c2ac-46cc-b7fd-de77c6a475f9'),
 ('3', '2', 'Page Sections', 'pageSections', 'global', '', '1', 'Neo', '{\"maxBlocks\":null}', '2017-07-20 18:17:35', '2017-08-10 23:41:06', '0e458475-6557-422c-8593-97467634c5d0'),
 ('7', '3', 'URI', 'page_uri', 'global', 'Example: \"`about-us`\" would create a page at \"`http://forbusiness.snapchat.com/about-us`\"', '0', 'PlainText', '{\"placeholder\":\"(optional: defaults to `lowercase-hyphenated-version-of-title`)\",\"maxLength\":\"\",\"multiline\":\"\",\"initialRows\":\"4\"}', '2017-07-20 18:33:25', '2017-07-20 22:09:24', 'e8128201-0ee4-4177-b0a5-4b6ad89ddfe8'),
 ('8', '2', 'Image', 'image', 'global', '', '1', 'Assets', '{\"useSingleFolder\":\"\",\"sources\":\"*\",\"defaultUploadLocationSource\":\"2\",\"defaultUploadLocationSubpath\":\"\",\"singleUploadLocationSource\":\"1\",\"singleUploadLocationSubpath\":\"\",\"restrictFiles\":\"1\",\"allowedKinds\":[\"image\"],\"targetLocale\":\"\",\"limit\":\"1\",\"viewMode\":\"large\",\"selectionLabel\":\"\"}', '2017-07-20 18:40:39', '2017-08-07 16:53:17', 'a83da0b3-49f1-4f06-acac-1a9d1fab0f5e'),
 ('9', '2', 'Desktop Image Location', 'imageLocation', 'global', '', '0', 'Dropdown', '{\"options\":[{\"label\":\"Left\",\"value\":\"left\",\"default\":\"1\"},{\"label\":\"Right\",\"value\":\"right\",\"default\":\"\"}]}', '2017-07-20 18:42:05', '2017-08-03 18:06:58', '7d321da6-f4b0-495c-a1ff-c6585cbd6a94'),
 ('10', '2', 'Headline', 'headline', 'global', '', '1', 'PlainText', '{\"placeholder\":\"\",\"maxLength\":\"\",\"multiline\":\"\",\"initialRows\":\"4\"}', '2017-07-20 18:42:50', '2017-08-07 18:39:34', '8d50c79c-34b9-4ea9-b2b8-53f9984ec920'),
 ('11', '2', 'Paragraph', 'paragraph', 'global', '', '0', 'RichText', '{\"configFile\":\"Simple.json\",\"availableAssetSources\":\"*\",\"availableTransforms\":\"*\",\"cleanupHtml\":\"1\",\"purifyHtml\":\"1\",\"purifierConfig\":\"\",\"columnType\":\"text\"}', '2017-07-20 18:43:18', '2017-08-08 17:19:39', 'd74a20fb-d041-43a7-a1a2-6e237c26b1cc'),
 ('12', '2', 'Button', 'button', 'global', '', '1', 'FruitLinkIt', '{\"types\":[\"custom\",\"entry\"],\"defaultText\":\"\",\"allowCustomText\":\"1\",\"allowTarget\":\"1\",\"entrySources\":\"*\",\"entrySelectionLabel\":\"Select a page\",\"assetSources\":\"*\",\"assetSelectionLabel\":\"Select an asset\",\"categorySources\":\"*\",\"categorySelectionLabel\":\"Select a category\"}', '2017-07-20 18:44:26', '2017-08-07 18:36:29', 'c044c12a-246d-421a-a144-fb188ea4b8cf'),
 ('13', NULL, 'Headline', 'headline', 'matrixBlockType:1', '', '0', 'PlainText', '{\"placeholder\":\"\",\"maxLength\":\"\",\"multiline\":\"\",\"initialRows\":\"4\"}', '2017-07-20 20:18:09', '2017-07-20 20:18:09', 'f734e931-d195-4b9a-864f-52abaf20408e'),
 ('14', NULL, 'Paragraph', 'paragraph', 'matrixBlockType:1', '', '0', 'PlainText', '{\"placeholder\":\"\",\"maxLength\":\"\",\"multiline\":\"\",\"initialRows\":\"4\"}', '2017-07-20 20:18:09', '2017-07-20 20:18:09', '1c406294-8a49-4d7e-b04e-eddc75f936ee'),
 ('15', '3', 'Theme Color', 'page_themeColor', 'global', 'Define the color gradient of the header for this page as well as the buttons and section full-color backgrounds.', '0', 'ButtonBox_Colours', '{\"options\":[{\"label\":\"Blue\",\"value\":\"blue\",\"cssColour\":\"#5CC8FF\",\"default\":\"\"},{\"label\":\"Green\",\"value\":\"green\",\"cssColour\":\"#53D1B6\",\"default\":\"\"},{\"label\":\"Orange\",\"value\":\"orange\",\"cssColour\":\"#FFB34D\",\"default\":\"\"},{\"label\":\"Purple\",\"value\":\"purple\",\"cssColour\":\"#C293E0\",\"default\":\"\"},{\"label\":\"Red\",\"value\":\"red\",\"cssColour\":\"#FD6F5F\",\"default\":\"\"},{\"label\":\"Yellow\",\"value\":\"yellow\",\"cssColour\":\"#FFFC00\",\"default\":\"\"}]}', '2017-07-20 21:02:11', '2017-08-07 22:44:13', 'ac129492-62c2-44b4-8ac3-1f1221400c3f'),
 ('16', '3', 'Side Navigation', 'page_sideNavigation', 'global', 'Enable the dot navigation on the left side of the page.', '1', 'Lightswitch', '{\"default\":\"\"}', '2017-07-20 21:02:49', '2017-08-07 16:50:58', 'e056e5c6-2b3d-4b7e-b5c3-6f88cb21bfbe'),
 ('17', '2', 'Button Style', 'buttonStyle', 'global', '', '0', 'Dropdown', '{\"options\":[{\"label\":\"Primary (outline)\",\"value\":\"primary\",\"default\":\"1\"},{\"label\":\"Secondary\",\"value\":\"secondary\",\"default\":\"\"}]}', '2017-07-20 21:53:39', '2017-08-03 18:04:09', '65a36955-274f-42f7-8ac7-dfc2170866cb'),
 ('18', '2', 'Subhead', 'subhead', 'global', '', '1', 'RichText', '{\"configFile\":\"Simple.json\",\"availableAssetSources\":\"\",\"availableTransforms\":\"\",\"cleanupHtml\":\"1\",\"purifyHtml\":\"1\",\"purifierConfig\":\"\",\"columnType\":\"text\"}', '2017-07-20 22:05:08', '2017-08-08 17:19:29', 'bf586fba-4e98-45f4-b795-79e22f45c325'),
 ('20', '2', 'Section Background Color', 'sectionBackgroundColor', 'global', '', '1', 'Dropdown', '{\"options\":[{\"label\":\"Gray\",\"value\":\"gray\",\"default\":\"1\"},{\"label\":\"White\",\"value\":\"white\",\"default\":\"\"}]}', '2017-07-20 22:34:39', '2017-08-07 16:54:46', '03d60a1b-7bd5-46b8-9c93-bbc78b394a52'),
 ('23', '2', 'Section Title', 'sectionTitle', 'global', 'Used for side navigation', '1', 'PlainText', '{\"placeholder\":\"\",\"maxLength\":\"\",\"multiline\":\"\",\"initialRows\":\"4\"}', '2017-07-21 20:42:50', '2017-08-07 16:54:15', '40504ea0-de0f-43b2-8ed9-bbe6cce5234d'),
 ('24', '2', 'Chillah Tooltip', 'chillahTooltip', 'global', '(optional)', '1', 'Matrix', '{\"maxBlocks\":\"1\"}', '2017-07-21 21:26:05', '2017-08-07 18:36:47', '79170d95-16a0-4730-b085-47bd285430a9'),
 ('25', NULL, 'Chillah', 'chillah', 'matrixBlockType:2', '', '0', 'Assets', '{\"useSingleFolder\":\"\",\"sources\":\"*\",\"defaultUploadLocationSource\":\"2\",\"defaultUploadLocationSubpath\":\"chillahs\",\"singleUploadLocationSource\":\"1\",\"singleUploadLocationSubpath\":\"\",\"restrictFiles\":\"1\",\"allowedKinds\":[\"image\"],\"targetLocale\":\"\",\"limit\":\"1\",\"viewMode\":\"large\",\"selectionLabel\":\"\"}', '2017-07-21 21:26:05', '2017-08-07 18:36:47', '70d21636-dbcd-4c62-970d-094afa2bb20d'),
 ('26', NULL, 'Tooltip Text', 'tooltipText', 'matrixBlockType:2', '', '0', 'RichText', '{\"configFile\":\"Tooltip.json\",\"availableAssetSources\":\"*\",\"availableTransforms\":\"*\",\"cleanupHtml\":\"1\",\"purifyHtml\":\"1\",\"purifierConfig\":\"\",\"columnType\":\"text\"}', '2017-07-21 21:26:05', '2017-08-07 18:36:47', '3129b543-ef6f-4d5a-956b-0d7c626b3d5f'),
 ('27', NULL, 'Location', 'location', 'matrixBlockType:2', '', '0', 'Dropdown', '{\"options\":[{\"label\":\"Top Left\",\"value\":\"topLeft\",\"default\":\"1\"},{\"label\":\"Top Right\",\"value\":\"topRight\",\"default\":\"\"}]}', '2017-07-21 21:26:05', '2017-08-07 18:36:47', '00dd4acb-f0ad-46ca-9349-e9474464d654'),
 ('28', '2', 'Asset Width', 'assetWidth', 'global', '', '0', 'Dropdown', '{\"options\":[{\"label\":\"Normal\",\"value\":\"normal\",\"default\":\"1\"},{\"label\":\"Wide\",\"value\":\"wide\",\"default\":\"\"},{\"label\":\"Full\",\"value\":\"full\",\"default\":\"\"}]}', '2017-07-21 22:01:02', '2017-08-10 21:54:15', 'd3fac9f9-8be8-4183-88a3-3dae9fa7cb0e'),
 ('29', '2', 'Video', 'video', 'global', '', '0', 'Matrix', '{\"maxBlocks\":null}', '2017-07-21 22:06:02', '2017-08-10 21:46:15', '6db5d1d0-e611-4c23-9beb-4a44c0278888'),
 ('34', '4', 'Primary Navigation', 'primaryNavigation', 'global', '', '1', 'Matrix', '{\"maxBlocks\":\"4\"}', '2017-07-21 23:09:34', '2017-08-07 18:40:30', 'e5969a63-c298-4b00-8a59-d9cd49346107'),
 ('35', NULL, 'Link Info', 'linkInfo', 'matrixBlockType:3', '', '0', 'FruitLinkIt', '{\"types\":[\"custom\",\"entry\"],\"defaultText\":\"\",\"allowCustomText\":\"1\",\"allowTarget\":\"1\",\"entrySources\":\"*\",\"entrySelectionLabel\":\"Select a page\",\"assetSources\":\"*\",\"assetSelectionLabel\":\"Select an asset\",\"categorySources\":\"*\",\"categorySelectionLabel\":\"Select a category\"}', '2017-07-21 23:09:34', '2017-08-07 18:40:30', 'f865cd72-d1d6-4522-8433-66775e678a40'),
 ('36', '4', 'Secondary Navigation', 'secondaryNavigation', 'global', '', '1', 'Matrix', '{\"maxBlocks\":null}', '2017-07-21 23:10:13', '2017-08-07 18:40:34', '4b69a483-812e-470d-9feb-ad8fa06cbd97'),
 ('37', NULL, 'Link Info', 'linkInfo', 'matrixBlockType:4', '', '0', 'FruitLinkIt', '{\"types\":[\"custom\",\"entry\"],\"defaultText\":\"\",\"allowCustomText\":\"1\",\"allowTarget\":\"1\",\"entrySources\":\"*\",\"entrySelectionLabel\":\"Select an entry\",\"assetSources\":\"*\",\"assetSelectionLabel\":\"Select an asset\",\"categorySources\":\"*\",\"categorySelectionLabel\":\"Select a category\"}', '2017-07-21 23:10:13', '2017-08-07 18:40:34', '4ec2db37-17c6-4d73-8ff4-e737100d1b80'),
 ('38', '5', 'Story Logo', 'logo', 'global', '', '0', 'Assets', '{\"useSingleFolder\":\"\",\"sources\":[\"folder:2\"],\"defaultUploadLocationSource\":\"2\",\"defaultUploadLocationSubpath\":\"stories\",\"singleUploadLocationSource\":\"1\",\"singleUploadLocationSubpath\":\"\",\"restrictFiles\":\"1\",\"allowedKinds\":[\"image\"],\"targetLocale\":\"\",\"limit\":\"1\",\"viewMode\":\"large\",\"selectionLabel\":\"\"}', '2017-07-21 23:19:35', '2017-08-07 18:41:33', '0163a356-be92-47ae-a790-a1b264137aae'),
 ('39', '5', 'Eyebrow', 'eyebrow', 'global', '', '1', 'PlainText', '{\"placeholder\":\"\",\"maxLength\":\"\",\"multiline\":\"\",\"initialRows\":\"4\"}', '2017-07-21 23:19:59', '2017-08-07 18:41:07', 'de8787c4-069b-450e-9cf0-68d48789e7fb'),
 ('40', '5', 'Story Card Color', 'storyCardColor', 'global', '', '0', 'Hue', '{\"defaultColor\":\"\"}', '2017-07-21 23:23:21', '2017-08-07 18:41:40', '3e3b1e52-875c-49ea-bfa7-84c0c70a5834'),
 ('41', '5', 'Company Name', 'companyName', 'global', '', '1', 'PlainText', '{\"placeholder\":\"\",\"maxLength\":\"\",\"multiline\":\"\",\"initialRows\":\"4\"}', '2017-07-21 23:24:05', '2017-08-07 18:41:00', '349a2af3-848b-4bc0-9273-22f0eef2eb70'),
 ('42', '5', 'Story Summary', 'storySummary', 'global', '', '1', 'RichText', '{\"configFile\":\"Tooltip.json\",\"availableAssetSources\":\"\",\"availableTransforms\":\"\",\"cleanupHtml\":\"1\",\"purifyHtml\":\"1\",\"purifierConfig\":\"\",\"columnType\":\"text\"}', '2017-07-21 23:24:52', '2017-08-08 17:21:14', '01f5d04e-9424-4f30-8a4c-55a99efdb606'),
 ('43', '5', 'Story PDF', 'storyPdf', 'global', '', '0', 'Assets', '{\"useSingleFolder\":\"\",\"sources\":\"*\",\"defaultUploadLocationSource\":\"2\",\"defaultUploadLocationSubpath\":\"\",\"singleUploadLocationSource\":\"1\",\"singleUploadLocationSubpath\":\"\",\"restrictFiles\":\"1\",\"allowedKinds\":[\"image\",\"pdf\"],\"targetLocale\":\"\",\"limit\":\"1\",\"viewMode\":\"large\",\"selectionLabel\":\"\"}', '2017-07-21 23:26:19', '2017-08-07 18:41:27', 'f46f135c-fb21-4bc7-9afc-c191c744d7b4'),
 ('45', '2', 'Logos', 'logos', 'global', '', '0', 'Matrix', '{\"maxBlocks\":null}', '2017-07-26 21:48:22', '2017-08-10 21:59:28', 'c362955e-d30e-4ad2-a088-9764060ddf13'),
 ('47', '2', 'Tab Image', 'tabImage', 'global', '', '0', 'Assets', '{\"useSingleFolder\":\"\",\"sources\":[\"folder:2\"],\"defaultUploadLocationSource\":\"2\",\"defaultUploadLocationSubpath\":\"\",\"singleUploadLocationSource\":\"1\",\"singleUploadLocationSubpath\":\"\",\"restrictFiles\":\"1\",\"allowedKinds\":[\"image\"],\"limit\":\"1\",\"viewMode\":\"large\",\"selectionLabel\":\"\"}', '2017-07-26 23:18:22', '2017-08-03 18:11:10', '467cc32d-386d-4a59-977b-064e5b37c3b9'),
 ('48', '2', 'Tab Label', 'tabLabel', 'global', '', '0', 'PlainText', '{\"placeholder\":\"\",\"maxLength\":\"\",\"multiline\":\"\",\"initialRows\":\"4\"}', '2017-07-26 23:18:50', '2017-08-03 18:11:16', '74cef22c-9772-4cc7-9b4d-b5d5ba0594c7'),
 ('49', '2', 'Tab Description', 'tabDescription', 'global', '', '0', 'RichText', '{\"configFile\":\"Simple.json\",\"availableAssetSources\":\"\",\"availableTransforms\":\"\",\"cleanupHtml\":\"1\",\"purifyHtml\":\"1\",\"purifierConfig\":\"\",\"columnType\":\"text\"}', '2017-07-26 23:20:06', '2017-08-08 17:25:00', '5b966594-4a5b-4808-a292-8310fdd629a2'),
 ('50', '2', 'Tab Video', 'tabVideo', 'global', '', '0', 'Assets', '{\"useSingleFolder\":\"\",\"sources\":[\"folder:2\"],\"defaultUploadLocationSource\":\"2\",\"defaultUploadLocationSubpath\":\"\",\"singleUploadLocationSource\":\"1\",\"singleUploadLocationSubpath\":\"\",\"restrictFiles\":\"1\",\"allowedKinds\":[\"video\"],\"limit\":\"1\",\"viewMode\":\"large\",\"selectionLabel\":\"\"}', '2017-07-26 23:23:28', '2017-08-03 18:11:31', '32782dd2-6157-45e0-aa3d-9722e06a55e4'),
 ('51', '2', 'Tab Poster Image', 'tabPosterImage', 'global', '', '0', 'Assets', '{\"useSingleFolder\":\"\",\"sources\":[\"folder:2\"],\"defaultUploadLocationSource\":\"2\",\"defaultUploadLocationSubpath\":\"\",\"singleUploadLocationSource\":\"1\",\"singleUploadLocationSubpath\":\"\",\"restrictFiles\":\"1\",\"allowedKinds\":[\"image\"],\"limit\":\"1\",\"viewMode\":\"large\",\"selectionLabel\":\"\"}', '2017-07-26 23:32:44', '2017-08-03 18:11:25', 'c0782223-812f-4b11-8254-6243b3fd1b3b'),
 ('52', '2', 'Time Code', 'timeCode', 'global', 'Time in seconds where you want the step to start', '0', 'Number', '{\"min\":\"0\",\"max\":\"\",\"decimals\":\"1\"}', '2017-07-27 16:46:52', '2017-08-03 18:11:37', '4556fed4-40ca-495c-90fe-9742ba7f2a41'),
 ('53', '2', 'Description Label', 'descriptionLabel', 'global', '', '1', 'PlainText', '{\"placeholder\":\"\",\"maxLength\":\"\",\"multiline\":\"\",\"initialRows\":\"4\"}', '2017-07-27 16:47:48', '2017-08-07 18:38:54', 'cc2248ce-955e-4666-b1f7-f1c72c384327'),
 ('55', NULL, 'Device Grid', 'deviceGrid', 'superTableBlockType:1', '', '0', 'Matrix', '{\"maxBlocks\":null}', '2017-08-01 17:05:51', '2017-08-01 17:05:51', '62fbe648-3cd2-4b49-8b6d-9dd7bcac5003'),
 ('56', NULL, 'Video', 'video', 'matrixBlockType:5', '', '0', 'Assets', '{\"useSingleFolder\":\"\",\"sources\":\"*\",\"defaultUploadLocationSource\":\"1\",\"defaultUploadLocationSubpath\":\"\",\"singleUploadLocationSource\":\"1\",\"singleUploadLocationSubpath\":\"\",\"restrictFiles\":\"\",\"limit\":\"\",\"viewMode\":\"list\",\"selectionLabel\":\"\"}', '2017-08-01 17:05:51', '2017-08-01 17:05:51', 'b023cc72-fdee-404a-a393-1dd7eb75c7af'),
 ('57', NULL, 'Poster Image', 'posterImage', 'matrixBlockType:5', '', '0', 'Assets', '{\"useSingleFolder\":\"\",\"sources\":\"*\",\"defaultUploadLocationSource\":\"1\",\"defaultUploadLocationSubpath\":\"\",\"singleUploadLocationSource\":\"1\",\"singleUploadLocationSubpath\":\"\",\"restrictFiles\":\"\",\"limit\":\"\",\"viewMode\":\"list\",\"selectionLabel\":\"\"}', '2017-08-01 17:05:51', '2017-08-01 17:05:51', '001dffe9-4948-4c70-8a3a-661dc3fefe91'),
 ('58', '2', 'Mobile Devices', 'mobileDevices', 'global', '', '0', 'Matrix', '{\"maxBlocks\":\"3\"}', '2017-08-01 20:47:10', '2017-08-10 22:02:28', 'ffe08390-1432-46ab-a9fe-8cfb7b4a2513'),
 ('59', NULL, 'Video', 'video', 'matrixBlockType:6', '', '0', 'Assets', '{\"useSingleFolder\":\"\",\"sources\":[\"folder:6\"],\"defaultUploadLocationSource\":\"3\",\"defaultUploadLocationSubpath\":\"\",\"singleUploadLocationSource\":\"1\",\"singleUploadLocationSubpath\":\"\",\"restrictFiles\":\"1\",\"allowedKinds\":[\"video\"],\"targetLocale\":\"\",\"limit\":\"1\",\"viewMode\":\"large\",\"selectionLabel\":\"\"}', '2017-08-01 20:47:10', '2017-08-10 22:02:28', '70923ff1-1640-4583-aa7e-bd2f979f9c12'),
 ('60', NULL, 'Poster Image', 'posterImage', 'matrixBlockType:6', '', '0', 'Assets', '{\"useSingleFolder\":\"\",\"sources\":[\"folder:2\"],\"defaultUploadLocationSource\":\"2\",\"defaultUploadLocationSubpath\":\"\",\"singleUploadLocationSource\":\"1\",\"singleUploadLocationSubpath\":\"\",\"restrictFiles\":\"1\",\"allowedKinds\":[\"image\"],\"targetLocale\":\"\",\"limit\":\"1\",\"viewMode\":\"large\",\"selectionLabel\":\"\"}', '2017-08-01 20:47:10', '2017-08-10 22:02:28', 'a1284253-3b4c-43a4-b49e-b2be7c86a89e'),
 ('61', NULL, 'Headline', 'headline', 'matrixBlockType:6', '', '0', 'PlainText', '{\"placeholder\":\"\",\"maxLength\":\"\",\"multiline\":\"\",\"initialRows\":\"4\"}', '2017-08-01 20:47:10', '2017-08-10 22:02:28', '34e72d73-9fb0-4454-b38b-036ac72c070c'),
 ('62', NULL, 'Subhead', 'subhead', 'matrixBlockType:6', '', '0', 'RichText', '{\"configFile\":\"Simple.json\",\"availableAssetSources\":\"*\",\"availableTransforms\":\"*\",\"cleanupHtml\":\"1\",\"purifyHtml\":\"1\",\"purifierConfig\":\"\",\"columnType\":\"text\"}', '2017-08-01 20:47:10', '2017-08-10 22:02:28', 'e6b50d39-3f3d-4ba0-8298-9c67d7d3dc10'),
 ('67', '2', 'Image Card Row', 'imageCardRow', 'global', '', '1', 'Matrix', '{\"maxBlocks\":\"3\"}', '2017-08-03 17:57:36', '2017-08-08 17:24:23', 'f5ee95f1-e20e-423e-8f9c-13705b5edb37'),
 ('68', NULL, 'Card Image', 'cardImage', 'matrixBlockType:10', '', '0', 'Assets', '{\"useSingleFolder\":\"\",\"sources\":[\"folder:1\"],\"defaultUploadLocationSource\":\"1\",\"defaultUploadLocationSubpath\":\"\",\"singleUploadLocationSource\":\"1\",\"singleUploadLocationSubpath\":\"\",\"restrictFiles\":\"1\",\"allowedKinds\":[\"image\"],\"targetLocale\":\"\",\"limit\":\"1\",\"viewMode\":\"large\",\"selectionLabel\":\"\"}', '2017-08-03 17:57:36', '2017-08-08 17:24:23', '18b2b995-3e06-48b9-bdaa-89f7c3674428'),
 ('69', NULL, 'Headline', 'headline', 'matrixBlockType:10', '', '0', 'PlainText', '{\"placeholder\":\"\",\"maxLength\":\"\",\"multiline\":\"\",\"initialRows\":\"4\"}', '2017-08-03 17:57:36', '2017-08-08 17:24:23', '382ec30b-0a1d-48cc-b56c-5bbcd7643f63'),
 ('70', NULL, 'Body', 'body', 'matrixBlockType:10', '', '0', 'RichText', '{\"configFile\":\"Simple.json\",\"availableAssetSources\":\"\",\"availableTransforms\":\"\",\"cleanupHtml\":\"1\",\"purifyHtml\":\"1\",\"purifierConfig\":\"\",\"columnType\":\"text\"}', '2017-08-03 17:57:36', '2017-08-08 17:24:23', 'f3bd9aca-8939-4ec7-8c7c-748742793860'),
 ('71', '2', 'CTA Buttons', 'ctaButtons', 'global', '', '1', 'Matrix', '{\"maxBlocks\":null}', '2017-08-03 18:14:16', '2017-08-10 23:30:59', '9142ce2f-4685-4a7a-b819-3329fcf1350a'),
 ('72', NULL, 'Button', 'button', 'matrixBlockType:11', '', '0', 'FruitLinkIt', '{\"types\":[\"custom\",\"entry\"],\"defaultText\":\"\",\"allowCustomText\":\"1\",\"allowTarget\":\"1\",\"entrySources\":\"*\",\"entrySelectionLabel\":\"Select an entry\",\"assetSources\":\"*\",\"assetSelectionLabel\":\"Select an asset\",\"categorySources\":\"*\",\"categorySelectionLabel\":\"Select a category\"}', '2017-08-03 18:14:16', '2017-08-10 23:30:59', '533a8d21-c867-46a7-9ccf-88cbe4b52d7d'),
 ('73', NULL, 'Button', 'button', 'matrixBlockType:12', '', '0', 'FruitLinkIt', '{\"types\":[\"custom\",\"entry\"],\"defaultText\":\"\",\"allowCustomText\":\"1\",\"allowTarget\":\"1\",\"entrySources\":\"*\",\"entrySelectionLabel\":\"Select an entry\",\"assetSources\":\"*\",\"assetSelectionLabel\":\"Select an asset\",\"categorySources\":\"*\",\"categorySelectionLabel\":\"Select a category\"}', '2017-08-03 18:14:16', '2017-08-10 23:30:59', '75117115-67fe-4d48-bcbe-53d25c5f5ec2'),
 ('74', '2', 'Device Tab', 'deviceTab', 'global', '', '1', 'Matrix', '{\"maxBlocks\":null}', '2017-08-03 18:33:03', '2017-08-10 22:06:49', '1f6d1a00-5642-41c5-80aa-b061a84cb6a2'),
 ('75', NULL, 'Tab Image', 'tabImage', 'matrixBlockType:13', '', '0', 'Assets', '{\"useSingleFolder\":\"\",\"sources\":[\"folder:2\"],\"defaultUploadLocationSource\":\"2\",\"defaultUploadLocationSubpath\":\"tabs\",\"singleUploadLocationSource\":\"1\",\"singleUploadLocationSubpath\":\"\",\"restrictFiles\":\"1\",\"allowedKinds\":[\"image\"],\"targetLocale\":\"\",\"limit\":\"1\",\"viewMode\":\"large\",\"selectionLabel\":\"\"}', '2017-08-03 18:33:03', '2017-08-10 22:06:49', '859f1bc0-c5c1-4d33-b205-0e9d178ce169'),
 ('76', NULL, 'Tab Label', 'tabLabel', 'matrixBlockType:13', '', '0', 'PlainText', '{\"placeholder\":\"\",\"maxLength\":\"\",\"multiline\":\"\",\"initialRows\":\"4\"}', '2017-08-03 18:33:03', '2017-08-10 22:06:49', '78b909d4-a8cb-43c7-afa3-617f847b6116'),
 ('77', NULL, 'Description Body', 'description', 'matrixBlockType:13', '', '0', 'RichText', '{\"configFile\":\"Simple.json\",\"availableAssetSources\":\"*\",\"availableTransforms\":\"*\",\"cleanupHtml\":\"1\",\"purifyHtml\":\"1\",\"purifierConfig\":\"\",\"columnType\":\"text\"}', '2017-08-03 18:33:03', '2017-08-10 22:06:49', '0a07a29e-ec3c-4c28-bf5f-cd13748ff1a2'),
 ('78', '2', 'Video Step', 'videoStep', 'global', '', '0', 'Matrix', '{\"maxBlocks\":null}', '2017-08-03 18:36:28', '2017-08-07 17:22:08', 'db5cfce9-a9bc-40f2-8a2c-caef324ba3fe'),
 ('79', NULL, 'Time Code', 'timeCode', 'matrixBlockType:14', '', '0', 'Number', '{\"min\":\"0\",\"max\":\"\",\"decimals\":\"1\"}', '2017-08-03 18:36:28', '2017-08-07 17:22:08', '1a8814fd-36d4-4423-945f-a5a7a8d4e49a'),
 ('80', NULL, 'Description Label', 'descriptionLabel', 'matrixBlockType:14', '', '0', 'PlainText', '{\"placeholder\":\"\",\"maxLength\":\"\",\"multiline\":\"\",\"initialRows\":\"4\"}', '2017-08-03 18:36:28', '2017-08-07 17:22:08', 'a9ab1e84-78a2-48be-8f71-3b6765dabdd3'),
 ('81', NULL, 'Device Video', 'deviceVideo', 'matrixBlockType:13', '', '0', 'PlainText', '{\"placeholder\":\"Enter URL to video\",\"maxLength\":\"\",\"multiline\":\"\",\"initialRows\":\"4\"}', '2017-08-03 18:52:25', '2017-08-10 22:06:49', 'ad21f048-0291-4792-9820-8e4189d0941f'),
 ('82', '4', 'Footer Links', 'footerLinks', 'global', '', '1', 'Neo', '{\"maxBlocks\":null}', '2017-08-03 22:16:07', '2017-08-07 21:09:48', '634a3094-5da7-44ba-8dfa-bb14026bc0b4'),
 ('83', '4', 'Group Title', 'groupTitle', 'global', '', '1', 'PlainText', '{\"placeholder\":\"\",\"maxLength\":\"\",\"multiline\":\"\",\"initialRows\":\"4\"}', '2017-08-03 22:16:43', '2017-08-07 21:10:02', '4bc083fb-03b0-4a20-96af-9510f0b6166c'),
 ('84', '4', 'Group Links', 'groupLinks', 'global', '', '1', 'Matrix', '{\"maxBlocks\":null}', '2017-08-03 22:18:12', '2017-08-07 21:09:55', 'dbcd7f40-4bbc-45f5-bf3b-0359df0a63a9'),
 ('85', NULL, 'Footer Link', 'footerLink', 'matrixBlockType:15', '', '0', 'FruitLinkIt', '{\"types\":[\"custom\",\"entry\"],\"defaultText\":\"\",\"allowCustomText\":\"1\",\"allowTarget\":\"1\",\"entrySources\":\"*\",\"entrySelectionLabel\":\"Select an entry\",\"assetSources\":\"*\",\"assetSelectionLabel\":\"Select an asset\",\"categorySources\":\"*\",\"categorySelectionLabel\":\"Select a category\"}', '2017-08-03 22:18:12', '2017-08-07 21:09:55', '9867647f-a4d0-45ea-958f-c52e8789f720'),
 ('86', '5', 'Industry', 'industry', 'global', '', '0', 'Categories', '{\"source\":\"group:2\",\"targetLocale\":\"\",\"limit\":\"\",\"selectionLabel\":\"Add an Industry\"}', '2017-08-07 17:29:00', '2017-08-07 17:29:00', 'fe40dba3-578c-4911-8fc5-115dee10853f'),
 ('87', '5', 'Objective', 'objective', 'global', '', '0', 'Categories', '{\"source\":\"group:1\",\"targetLocale\":\"\",\"limit\":\"\",\"selectionLabel\":\"\"}', '2017-08-07 17:29:23', '2017-08-07 17:29:23', 'ab47f487-3168-4fbf-96e5-7aeef60f95d3'),
 ('88', '5', 'Snap Product', 'snapProduct', 'global', '', '0', 'Categories', '{\"source\":\"group:3\",\"targetLocale\":\"\",\"limit\":\"\",\"selectionLabel\":\"\"}', '2017-08-07 17:32:23', '2017-08-07 18:17:45', '8c9b775a-7793-4c5b-aedf-d3989ed8ed75'),
 ('89', '3', 'Page Annotations', 'pageAnnotations', 'global', '', '1', 'Matrix', '{\"maxBlocks\":null}', '2017-08-07 22:10:30', '2017-08-07 22:10:30', 'ebf855ee-91c1-441d-9235-1787d701c526'),
 ('90', NULL, 'Number', 'number', 'matrixBlockType:16', '', '0', 'Number', '{\"min\":\"0\",\"max\":\"\",\"decimals\":\"0\"}', '2017-08-07 22:10:30', '2017-08-07 22:10:30', '39c28e57-6640-4882-b607-fce60cffbb62'),
 ('91', NULL, 'Text', 'text', 'matrixBlockType:16', '', '0', 'PlainText', '{\"placeholder\":\"\",\"maxLength\":\"\",\"multiline\":\"\",\"initialRows\":\"4\"}', '2017-08-07 22:10:30', '2017-08-07 22:10:30', '82c1a4a2-6b52-4a7c-a376-15d859c5fc28'),
 ('92', '4', 'Pre Footer', 'preFooterHeadline', 'global', '', '1', 'Matrix', '{\"maxBlocks\":\"1\"}', '2017-08-07 22:51:53', '2017-08-07 22:56:53', '51d13546-5448-4054-bd67-33eeedf7921c'),
 ('93', NULL, 'Background Color', 'backgroundColor', 'matrixBlockType:17', '', '0', 'Hue', '{\"defaultColor\":\"#FFFC00\"}', '2017-08-07 22:56:53', '2017-08-07 22:56:53', '1ea7e135-6b86-409d-98c6-886f0f551b38'),
 ('94', NULL, 'Headline', 'headline', 'matrixBlockType:17', '', '0', 'PlainText', '{\"placeholder\":\"\",\"maxLength\":\"\",\"multiline\":\"\",\"initialRows\":\"4\"}', '2017-08-07 22:56:53', '2017-08-07 22:56:53', '9b022967-f2fe-4f04-8061-7bd7d1ce9ff0'),
 ('95', NULL, 'CTA Button', 'ctaButton', 'matrixBlockType:17', '', '0', 'FruitLinkIt', '{\"types\":[\"custom\",\"entry\"],\"defaultText\":\"\",\"allowCustomText\":\"1\",\"allowTarget\":\"1\",\"entrySources\":\"*\",\"entrySelectionLabel\":\"Select an entry\",\"assetSources\":\"*\",\"assetSelectionLabel\":\"Select an asset\",\"categorySources\":\"*\",\"categorySelectionLabel\":\"Select a category\"}', '2017-08-07 22:56:53', '2017-08-07 22:56:53', '2d096325-a549-44b9-8005-3d6a85fe91c7'),
 ('96', '4', 'Ad Manager', 'adManager', 'global', '', '1', 'Matrix', '{\"maxBlocks\":\"1\"}', '2017-08-07 22:58:56', '2017-08-07 22:58:56', 'f4e33ddb-e2b0-4574-8b1a-baa74c596d7b'),
 ('97', NULL, 'Text', 'text', 'matrixBlockType:18', '', '0', 'PlainText', '{\"placeholder\":\"\",\"maxLength\":\"\",\"multiline\":\"\",\"initialRows\":\"4\"}', '2017-08-07 22:58:56', '2017-08-07 22:58:56', '9c3163a4-f4cb-4fcc-9905-60494e19faa2'),
 ('98', NULL, 'Login Link', 'loginLink', 'matrixBlockType:18', '', '0', 'FruitLinkIt', '{\"types\":[\"custom\",\"entry\"],\"defaultText\":\"\",\"allowCustomText\":\"1\",\"allowTarget\":\"1\",\"entrySources\":\"*\",\"entrySelectionLabel\":\"Select an entry\",\"assetSources\":\"*\",\"assetSelectionLabel\":\"Select an asset\",\"categorySources\":\"*\",\"categorySelectionLabel\":\"Select a category\"}', '2017-08-07 22:58:56', '2017-08-07 22:58:56', 'e1068166-e2b3-4cda-9cd5-c1c3817a4467'),
 ('99', '4', 'Legal Links', 'legalLinks', 'global', '', '1', 'Matrix', '{\"maxBlocks\":null}', '2017-08-07 23:00:59', '2017-08-07 23:00:59', '31dac4de-36b9-43ad-b72c-21ca688e755e'),
 ('100', NULL, 'Link Info', 'linkInfo', 'matrixBlockType:19', '', '1', 'FruitLinkIt', '{\"types\":[\"custom\",\"entry\"],\"defaultText\":\"\",\"allowCustomText\":\"1\",\"allowTarget\":\"1\",\"entrySources\":\"*\",\"entrySelectionLabel\":\"Select an entry\",\"assetSources\":\"*\",\"assetSelectionLabel\":\"Select an asset\",\"categorySources\":\"*\",\"categorySelectionLabel\":\"Select a category\"}', '2017-08-07 23:00:59', '2017-08-07 23:00:59', '17542e01-d8ae-43eb-9e1d-c5460402d5c2'),
 ('101', '6', 'SEO Title', 'seoTitle', 'global', '', '1', 'PlainText', '{\"placeholder\":\"\",\"maxLength\":\"\",\"multiline\":\"\",\"initialRows\":\"4\"}', '2017-08-07 23:17:12', '2017-08-07 23:20:40', 'b483ee63-6943-496d-b0c4-12ef340a5241'),
 ('102', '6', 'SEO Description', 'seoDescription', 'global', '', '1', 'PlainText', '{\"placeholder\":\"\",\"maxLength\":\"\",\"multiline\":\"1\",\"initialRows\":\"2\"}', '2017-08-07 23:17:28', '2017-08-07 23:24:02', '3d8c75e3-1336-4c14-93fe-05588979ebda'),
 ('103', '6', 'Keywords', 'keywords', 'global', '', '1', 'PlainText', '{\"placeholder\":\"comma, separated, keywords\",\"maxLength\":\"\",\"multiline\":\"\",\"initialRows\":\"4\"}', '2017-08-07 23:18:49', '2017-08-07 23:18:49', '1140d567-8749-48f5-80e8-83e5b3228768'),
 ('104', '6', 'SEO Image', 'seoImage', 'global', '', '0', 'Assets', '{\"useSingleFolder\":\"\",\"sources\":[\"folder:2\"],\"defaultUploadLocationSource\":\"2\",\"defaultUploadLocationSubpath\":\"\",\"singleUploadLocationSource\":\"1\",\"singleUploadLocationSubpath\":\"\",\"restrictFiles\":\"1\",\"allowedKinds\":[\"image\"],\"targetLocale\":\"\",\"limit\":\"1\",\"viewMode\":\"large\",\"selectionLabel\":\"\"}', '2017-08-07 23:19:45', '2017-08-07 23:19:45', 'cc3ab067-b85e-45aa-a3a7-6fc16cb515db'),
 ('105', '6', 'OG Title', 'ogTitle', 'global', '', '1', 'PlainText', '{\"placeholder\":\"\",\"maxLength\":\"\",\"multiline\":\"\",\"initialRows\":\"4\"}', '2017-08-07 23:20:23', '2017-08-07 23:20:46', 'f3674a2f-9a42-4d42-bf22-652043be8077'),
 ('106', '6', 'OG Description', 'ogDescription', 'global', '', '1', 'PlainText', '{\"placeholder\":\"\",\"maxLength\":\"300\",\"multiline\":\"1\",\"initialRows\":\"2\"}', '2017-08-07 23:21:27', '2017-08-07 23:21:27', '69dcdf7d-5026-4ed6-81d1-beafb9264652'),
 ('107', '6', 'Page Type', 'pageType', 'global', '', '0', 'Dropdown', '{\"options\":[{\"label\":\"blog\",\"value\":\"blog\",\"default\":\"\"},{\"label\":\"website\",\"value\":\"website\",\"default\":\"1\"}]}', '2017-08-07 23:22:46', '2017-08-07 23:22:46', '79127a02-8117-4855-a01a-ef69796cac92'),
 ('108', '4', 'Main Navigation CTA', 'mainNavigationCta', 'global', '', '1', 'FruitLinkIt', '{\"types\":[\"custom\",\"entry\"],\"defaultText\":\"\",\"allowCustomText\":\"1\",\"allowTarget\":\"1\",\"entrySources\":\"*\",\"entrySelectionLabel\":\"Select an entry\",\"assetSources\":\"*\",\"assetSelectionLabel\":\"Select an asset\",\"categorySources\":\"*\",\"categorySelectionLabel\":\"Select a category\"}', '2017-08-07 23:32:53', '2017-08-07 23:37:17', '94b0c5ec-397a-438e-99f1-f7242a90b827'),
 ('109', '4', 'Cookie Policy', 'cookiePolicy', 'global', '', '0', 'RichText', '{\"configFile\":\"Link.json\",\"availableAssetSources\":\"\",\"availableTransforms\":\"\",\"cleanupHtml\":\"1\",\"purifyHtml\":\"1\",\"purifierConfig\":\"\",\"columnType\":\"text\"}', '2017-08-08 17:36:49', '2017-08-08 17:36:49', '37a3806b-3283-46f7-bbfb-269653e98a5d'),
 ('110', NULL, 'Outlined', 'outline', 'matrixBlockType:11', '', '0', 'Lightswitch', '{\"default\":\"1\"}', '2017-08-08 23:53:11', '2017-08-10 23:30:59', '03def7e2-59b1-4749-aa98-47b6a6f62181'),
 ('111', '4', 'Button Text', 'buttonText', 'global', 'This button takes the user to their previous page, unless there wasn\'t one. In which case, it takes them to the home page.', '1', 'PlainText', '{\"placeholder\":\"\",\"maxLength\":\"\",\"multiline\":\"\",\"initialRows\":\"4\"}', '2017-08-09 17:47:55', '2017-08-09 17:47:55', 'e415b8ee-7ef1-4dc6-9dea-513d087da52a'),
 ('112', '3', 'Home Hero', 'homeHero', 'global', '', '1', 'Matrix', '{\"maxBlocks\":null}', '2017-08-09 18:18:34', '2017-08-09 18:18:34', 'fbfab34a-fae9-4482-9b94-cc54cc3f52d8'),
 ('113', NULL, 'Headline', 'headline', 'matrixBlockType:20', '', '1', 'PlainText', '{\"placeholder\":\"\",\"maxLength\":\"\",\"multiline\":\"\",\"initialRows\":\"4\"}', '2017-08-09 18:18:34', '2017-08-09 18:18:34', 'f7f9d6b7-c1aa-4d6a-b9fa-d9252e57b936'),
 ('114', NULL, 'Button', 'button', 'matrixBlockType:20', '', '1', 'FruitLinkIt', '{\"types\":[\"custom\",\"entry\"],\"defaultText\":\"\",\"allowCustomText\":\"1\",\"allowTarget\":\"1\",\"entrySources\":\"*\",\"entrySelectionLabel\":\"Select an entry\",\"assetSources\":\"*\",\"assetSelectionLabel\":\"Select an asset\",\"categorySources\":\"*\",\"categorySelectionLabel\":\"Select a category\"}', '2017-08-09 18:18:34', '2017-08-09 18:18:34', '8a1e2243-cf0c-4b29-9b7c-d3f29d7c7caa'),
 ('115', NULL, 'Button Outline', 'buttonOutline', 'matrixBlockType:20', '', '0', 'Lightswitch', '{\"default\":\"1\"}', '2017-08-09 18:18:34', '2017-08-09 18:18:34', 'a7e55199-d081-46f3-8197-25e983dcff0b'),
 ('116', NULL, 'Primary CTA', 'primaryCta', 'matrixBlockType:13', '', '0', 'FruitLinkIt', '{\"types\":[\"custom\",\"entry\"],\"defaultText\":\"\",\"allowCustomText\":\"1\",\"allowTarget\":\"1\",\"entrySources\":\"*\",\"entrySelectionLabel\":\"Select an entry\",\"assetSources\":\"*\",\"assetSelectionLabel\":\"Select an asset\",\"categorySources\":\"*\",\"categorySelectionLabel\":\"Select a category\"}', '2017-08-09 20:36:40', '2017-08-10 22:06:49', '49ed5d2d-9c06-437d-87c3-d13e9fbab766'),
 ('117', NULL, 'Secondary Link', 'secondaryLink', 'matrixBlockType:13', '', '0', 'FruitLinkIt', '{\"types\":[\"custom\",\"entry\"],\"defaultText\":\"\",\"allowCustomText\":\"1\",\"allowTarget\":\"1\",\"entrySources\":\"*\",\"entrySelectionLabel\":\"Select an entry\",\"assetSources\":\"*\",\"assetSelectionLabel\":\"Select an asset\",\"categorySources\":\"*\",\"categorySelectionLabel\":\"Select a category\"}', '2017-08-09 20:36:40', '2017-08-10 22:06:49', '97bb0187-6a1d-46e5-b973-3566d44ebba7');
INSERT INTO `craft_fields` (`id`, `groupId`, `name`, `handle`, `context`, `instructions`, `translatable`, `type`, `settings`, `dateCreated`, `dateUpdated`, `uid`) VALUES
 ('118', NULL, 'Image', 'image', 'matrixBlockType:21', '', '0', 'Assets', '{\"useSingleFolder\":\"\",\"sources\":[\"folder:2\"],\"defaultUploadLocationSource\":\"2\",\"defaultUploadLocationSubpath\":\"\\/partners\",\"singleUploadLocationSource\":\"1\",\"singleUploadLocationSubpath\":\"\",\"restrictFiles\":\"\",\"targetLocale\":\"\",\"limit\":\"1\",\"viewMode\":\"large\",\"selectionLabel\":\"\"}', '2017-08-10 16:55:47', '2017-08-10 21:59:28', 'a7638b1c-2499-4c1c-9c3f-1ba1066dd79a'),
 ('119', NULL, 'Image Alt Text', 'imageAltText', 'matrixBlockType:21', '', '0', 'PlainText', '{\"placeholder\":\"\",\"maxLength\":\"\",\"multiline\":\"\",\"initialRows\":\"4\"}', '2017-08-10 16:55:47', '2017-08-10 21:59:28', '5b2f1ef6-bf1a-4ea9-97a5-ca0f688bbf20'),
 ('120', NULL, 'Image Link Url', 'imageLinkUrl', 'matrixBlockType:21', '', '0', 'PlainText', '{\"placeholder\":\"https:\\/\\/logowebsite.com\",\"maxLength\":\"\",\"multiline\":\"\",\"initialRows\":\"4\"}', '2017-08-10 16:55:47', '2017-08-10 21:59:28', '85cca3f0-f06c-4a26-bbb9-eee7389d95a8'),
 ('121', '2', 'Vertical Video Url', 'verticalVideoUrl', 'global', '', '0', 'PlainText', '{\"placeholder\":\"\",\"maxLength\":\"\",\"multiline\":\"\",\"initialRows\":\"4\"}', '2017-08-10 17:03:38', '2017-08-10 17:03:38', 'a4b4e511-4503-4bfe-91f2-d4f3628cf2c2'),
 ('122', '2', 'Horizontal Video', 'horizontalVideo', 'global', '', '0', 'Assets', '{\"useSingleFolder\":\"\",\"sources\":[\"folder:6\"],\"defaultUploadLocationSource\":\"3\",\"defaultUploadLocationSubpath\":\"\",\"singleUploadLocationSource\":\"1\",\"singleUploadLocationSubpath\":\"\",\"restrictFiles\":\"1\",\"allowedKinds\":[\"video\"],\"targetLocale\":\"\",\"limit\":\"1\",\"viewMode\":\"large\",\"selectionLabel\":\"\"}', '2017-08-10 17:12:08', '2017-08-10 17:12:08', '37095f02-c453-4bf8-942f-a411163406da'),
 ('123', '2', 'Vertical Video', 'verticalVideo', 'global', '', '0', 'Assets', '{\"useSingleFolder\":\"\",\"sources\":[\"folder:6\"],\"defaultUploadLocationSource\":\"3\",\"defaultUploadLocationSubpath\":\"\",\"singleUploadLocationSource\":\"1\",\"singleUploadLocationSubpath\":\"\",\"restrictFiles\":\"1\",\"allowedKinds\":[\"video\"],\"targetLocale\":\"\",\"limit\":\"1\",\"viewMode\":\"large\",\"selectionLabel\":\"\"}', '2017-08-10 17:12:46', '2017-08-10 17:12:46', '5591aa23-6714-4106-9693-da674a32bcb8'),
 ('124', '2', 'Horizontal Poster Image', 'horizontalPosterImage', 'global', 'Poster Image for the Horizontal Video', '0', 'Assets', '{\"useSingleFolder\":\"\",\"sources\":[\"folder:2\"],\"defaultUploadLocationSource\":\"2\",\"defaultUploadLocationSubpath\":\"posters\",\"singleUploadLocationSource\":\"1\",\"singleUploadLocationSubpath\":\"\",\"restrictFiles\":\"1\",\"allowedKinds\":[\"image\"],\"targetLocale\":\"\",\"limit\":\"1\",\"viewMode\":\"large\",\"selectionLabel\":\"\"}', '2017-08-10 17:17:51', '2017-08-10 17:17:51', '6cd469ec-80e3-47ec-a477-7af448642a75'),
 ('125', '2', 'Vertical Poster Image', 'verticalPosterImage', 'global', 'Poster Image for the Vertical Video', '0', 'Assets', '{\"useSingleFolder\":\"\",\"sources\":[\"folder:2\"],\"defaultUploadLocationSource\":\"2\",\"defaultUploadLocationSubpath\":\"posters\",\"singleUploadLocationSource\":\"1\",\"singleUploadLocationSubpath\":\"\",\"restrictFiles\":\"\",\"targetLocale\":\"\",\"limit\":\"1\",\"viewMode\":\"large\",\"selectionLabel\":\"\"}', '2017-08-10 17:18:33', '2017-08-10 17:18:33', 'c8cf62ba-e877-4c82-ac20-374f86f940c7'),
 ('126', '2', 'Image Alt Text', 'imageAltText', 'global', '', '1', 'PlainText', '{\"placeholder\":\"\",\"maxLength\":\"\",\"multiline\":\"\",\"initialRows\":\"4\"}', '2017-08-10 20:22:31', '2017-08-10 20:22:31', 'c4f90e58-2ac9-4c12-83e9-9198eb971be9'),
 ('127', '2', 'Mobile Image', 'mobileImage', 'global', 'Optional — only use if there is a different image needed for mobile.', '0', 'Assets', '{\"useSingleFolder\":\"\",\"sources\":[\"folder:2\"],\"defaultUploadLocationSource\":\"2\",\"defaultUploadLocationSubpath\":\"\",\"singleUploadLocationSource\":\"1\",\"singleUploadLocationSubpath\":\"\",\"restrictFiles\":\"1\",\"allowedKinds\":[\"image\"],\"targetLocale\":\"\",\"limit\":\"1\",\"viewMode\":\"large\",\"selectionLabel\":\"\"}', '2017-08-10 20:23:58', '2017-08-10 20:27:40', '92316498-c45b-4692-a2e6-337b09d9686e'),
 ('128', NULL, 'Video File', 'videoFile', 'matrixBlockType:22', '', '0', 'Assets', '{\"useSingleFolder\":\"\",\"sources\":[\"folder:6\"],\"defaultUploadLocationSource\":\"3\",\"defaultUploadLocationSubpath\":\"\",\"singleUploadLocationSource\":\"1\",\"singleUploadLocationSubpath\":\"\",\"restrictFiles\":\"1\",\"allowedKinds\":[\"video\"],\"targetLocale\":\"\",\"limit\":\"1\",\"viewMode\":\"large\",\"selectionLabel\":\"\"}', '2017-08-10 21:46:15', '2017-08-10 21:46:15', '8fdb0efa-cf47-49e2-b321-83df4c824b2d'),
 ('129', NULL, 'Poster Image', 'posterImage', 'matrixBlockType:22', '', '0', 'Assets', '{\"useSingleFolder\":\"\",\"sources\":[\"folder:2\"],\"defaultUploadLocationSource\":\"2\",\"defaultUploadLocationSubpath\":\"\",\"singleUploadLocationSource\":\"1\",\"singleUploadLocationSubpath\":\"\",\"restrictFiles\":\"\",\"targetLocale\":\"\",\"limit\":\"1\",\"viewMode\":\"large\",\"selectionLabel\":\"\"}', '2017-08-10 21:46:15', '2017-08-10 21:46:15', '681ac01a-8bef-4667-ba03-1ade4aff1eae'),
 ('130', NULL, 'Description Title', 'descriptionTitle', 'matrixBlockType:13', '', '0', 'PlainText', '{\"placeholder\":\"\",\"maxLength\":\"\",\"multiline\":\"\",\"initialRows\":\"4\"}', '2017-08-10 21:47:58', '2017-08-10 22:06:49', '30d571cf-6501-427c-8463-22ae9b98546f'),
 ('131', '2', 'Desktop Video Location', 'desktopVideoLocation', 'global', '', '0', 'Dropdown', '{\"options\":[{\"label\":\"Left\",\"value\":\"left\",\"default\":\"1\"},{\"label\":\"Right\",\"value\":\"right\",\"default\":\"\"}]}', '2017-08-10 21:51:07', '2017-08-10 21:51:07', 'e82ca392-db97-402e-a073-69194499bcc4'),
 ('132', '2', 'Rounded Corners', 'roundedCorners', 'global', '', '0', 'Lightswitch', '{\"default\":\"\"}', '2017-08-10 21:53:08', '2017-08-10 21:53:08', 'b3c75bb9-33e1-48c3-9a71-5969cad10051'),
 ('133', NULL, 'Device Image', 'deviceImage', 'matrixBlockType:13', 'Poster Image for video or stand-alone image', '0', 'Assets', '{\"useSingleFolder\":\"\",\"sources\":[\"folder:2\"],\"defaultUploadLocationSource\":\"2\",\"defaultUploadLocationSubpath\":\"\",\"singleUploadLocationSource\":\"1\",\"singleUploadLocationSubpath\":\"\",\"restrictFiles\":\"1\",\"allowedKinds\":[\"image\"],\"targetLocale\":\"\",\"limit\":\"1\",\"viewMode\":\"large\",\"selectionLabel\":\"\"}', '2017-08-10 22:06:49', '2017-08-10 22:06:49', 'f96c929f-189b-4a2f-838b-aee45816f748'),
 ('134', '1', 'Label', 'label', 'global', '', '0', 'PlainText', '{\"placeholder\":\"\",\"maxLength\":\"\",\"multiline\":\"\",\"initialRows\":\"4\"}', '2017-08-10 23:16:52', '2017-08-10 23:16:52', 'f0ff202a-06ad-4290-a10c-c674934c49f0'),
 ('135', NULL, 'Button Type', 'buttonType', 'matrixBlockType:11', 'For tracking specific button cases.', '0', 'Dropdown', '{\"options\":[{\"label\":\"Normal\",\"value\":\"normal\",\"default\":\"1\"},{\"label\":\"Getting Started\",\"value\":\"gettingStarted\",\"default\":\"\"},{\"label\":\"Sign Up\",\"value\":\"signUp\",\"default\":\"\"}]}', '2017-08-10 23:29:47', '2017-08-10 23:30:59', '36050d13-8a23-4a9b-b00e-1317754b2d67'),
 ('136', '5', 'Product Filter Title', 'productFilterTitle', 'global', '', '1', 'PlainText', '{\"placeholder\":\"\",\"maxLength\":\"\",\"multiline\":\"\",\"initialRows\":\"4\"}', '2017-08-10 23:31:57', '2017-08-10 23:37:05', '589f2185-9c12-43bb-8efb-237df6ddb6db'),
 ('137', '5', 'Objective Filter Title', 'objectiveFilterTitle', 'global', '', '1', 'PlainText', '{\"placeholder\":\"\",\"maxLength\":\"\",\"multiline\":\"\",\"initialRows\":\"4\"}', '2017-08-10 23:32:15', '2017-08-10 23:36:54', '68bcd39a-2d0f-440a-9e99-c4d149d401d6'),
 ('138', '5', 'Industry Filter Title', 'industryFilterTitle', 'global', '', '1', 'PlainText', '{\"placeholder\":\"\",\"maxLength\":\"\",\"multiline\":\"\",\"initialRows\":\"4\"}', '2017-08-10 23:32:29', '2017-08-10 23:36:50', '1fc78120-cf9e-4a28-94ec-6ae28319db90'),
 ('139', '5', 'No Results Text', 'noResultsText', 'global', 'Translatable text for an empty results return.', '1', 'PlainText', '{\"placeholder\":\"\",\"maxLength\":\"\",\"multiline\":\"\",\"initialRows\":\"4\"}', '2017-08-10 23:36:39', '2017-08-10 23:36:39', 'a09f0f92-e3db-4d86-a29b-cebeef3cfa77');



DROP TABLE IF EXISTS `craft_globalsets`;


--
-- Schema for table `craft_globalsets`
--
CREATE TABLE `craft_globalsets` (
  `id` int(11) NOT NULL,
  `name` varchar(255) COLLATE utf8_unicode_ci NOT NULL,
  `handle` varchar(255) COLLATE utf8_unicode_ci NOT NULL,
  `fieldLayoutId` int(10) DEFAULT NULL,
  `dateCreated` datetime NOT NULL,
  `dateUpdated` datetime NOT NULL,
  `uid` char(36) COLLATE utf8_unicode_ci NOT NULL DEFAULT '0',
  PRIMARY KEY (`id`),
  UNIQUE KEY `craft_globalsets_name_unq_idx` (`name`),
  UNIQUE KEY `craft_globalsets_handle_unq_idx` (`handle`),
  KEY `craft_globalsets_fieldLayoutId_fk` (`fieldLayoutId`)
) ENGINE=InnoDB DEFAULT CHARSET=utf8 COLLATE=utf8_unicode_ci;

--
-- Data for table `craft_globalsets`
--

INSERT INTO `craft_globalsets` (`id`, `name`, `handle`, `fieldLayoutId`, `dateCreated`, `dateUpdated`, `uid`) VALUES
 ('262', 'Header Navigation', 'headerNavigation', '1734', '2017-08-07 21:07:07', '2017-08-07 23:34:10', '8da608e6-b284-4f19-b32d-c91380d30baa'),
 ('263', 'Footer', 'footer', '1740', '2017-08-07 21:07:30', '2017-08-08 17:46:42', '123b4547-a497-446a-915a-ebee552691bd'),
 ('283', 'Legal', 'legal', '1739', '2017-08-08 17:41:58', '2017-08-08 17:41:58', '4175aae5-9dd8-4b2b-88d0-9b54a0638924'),
 ('287', '404', 'error404', '1748', '2017-08-09 17:45:23', '2017-08-09 17:48:15', '02f42d24-fc04-4e70-99eb-5ff0812d1dc4');



DROP TABLE IF EXISTS `craft_info`;


--
-- Schema for table `craft_info`
--
CREATE TABLE `craft_info` (
  `id` int(11) NOT NULL AUTO_INCREMENT,
  `version` varchar(50) COLLATE utf8_unicode_ci NOT NULL,
  `schemaVersion` varchar(15) COLLATE utf8_unicode_ci NOT NULL,
  `edition` tinyint(1) unsigned NOT NULL DEFAULT '0',
  `siteName` varchar(100) COLLATE utf8_unicode_ci NOT NULL,
  `siteUrl` varchar(255) COLLATE utf8_unicode_ci NOT NULL,
  `timezone` varchar(30) COLLATE utf8_unicode_ci DEFAULT NULL,
  `on` tinyint(1) unsigned NOT NULL DEFAULT '0',
  `maintenance` tinyint(1) unsigned NOT NULL DEFAULT '0',
  `dateCreated` datetime NOT NULL,
  `dateUpdated` datetime NOT NULL,
  `uid` char(36) COLLATE utf8_unicode_ci NOT NULL DEFAULT '0',
  PRIMARY KEY (`id`)
) ENGINE=InnoDB AUTO_INCREMENT=2 DEFAULT CHARSET=utf8 COLLATE=utf8_unicode_ci;

--
-- Data for table `craft_info`
--

INSERT INTO `craft_info` (`id`, `version`, `schemaVersion`, `edition`, `siteName`, `siteUrl`, `timezone`, `on`, `maintenance`, `dateCreated`, `dateUpdated`, `uid`) VALUES
 ('1', '2.6.2988', '2.6.10', '2', 'Snapchat Craft', 'http://snapchat.craft.dev', 'America/Los_Angeles', '1', '0', '2017-07-20 17:27:57', '2017-07-31 18:49:58', 'fa51eaf6-9525-4d27-a16b-917e5f67ede4');



DROP TABLE IF EXISTS `craft_locales`;


--
-- Schema for table `craft_locales`
--
CREATE TABLE `craft_locales` (
  `locale` char(12) COLLATE utf8_unicode_ci NOT NULL,
  `sortOrder` smallint(6) unsigned DEFAULT NULL,
  `dateCreated` datetime NOT NULL,
  `dateUpdated` datetime NOT NULL,
  `uid` char(36) COLLATE utf8_unicode_ci NOT NULL DEFAULT '0',
  PRIMARY KEY (`locale`),
  KEY `craft_locales_sortOrder_idx` (`sortOrder`)
) ENGINE=InnoDB DEFAULT CHARSET=utf8 COLLATE=utf8_unicode_ci;

--
-- Data for table `craft_locales`
--

INSERT INTO `craft_locales` (`locale`, `sortOrder`, `dateCreated`, `dateUpdated`, `uid`) VALUES
 ('de_de', '2', '2017-08-07 16:49:39', '2017-08-07 16:49:39', '20861f0e-49ff-4792-a376-ee13c1eeeeed'),
 ('en_us', '1', '2017-07-20 17:27:57', '2017-07-20 17:27:57', '136db553-895a-4d57-93a3-5d0fef9a25fa');



DROP TABLE IF EXISTS `craft_matrixblocks`;


--
-- Schema for table `craft_matrixblocks`
--
CREATE TABLE `craft_matrixblocks` (
  `id` int(11) NOT NULL,
  `ownerId` int(11) NOT NULL,
  `fieldId` int(11) NOT NULL,
  `typeId` int(11) DEFAULT NULL,
  `sortOrder` smallint(6) unsigned DEFAULT NULL,
  `ownerLocale` char(12) COLLATE utf8_unicode_ci DEFAULT NULL,
  `dateCreated` datetime NOT NULL,
  `dateUpdated` datetime NOT NULL,
  `uid` char(36) COLLATE utf8_unicode_ci NOT NULL DEFAULT '0',
  PRIMARY KEY (`id`),
  KEY `craft_matrixblocks_ownerId_idx` (`ownerId`),
  KEY `craft_matrixblocks_fieldId_idx` (`fieldId`),
  KEY `craft_matrixblocks_typeId_idx` (`typeId`),
  KEY `craft_matrixblocks_sortOrder_idx` (`sortOrder`),
  KEY `craft_matrixblocks_ownerLocale_fk` (`ownerLocale`)
) ENGINE=InnoDB DEFAULT CHARSET=utf8 COLLATE=utf8_unicode_ci;

--
-- Data for table `craft_matrixblocks`
--

INSERT INTO `craft_matrixblocks` (`id`, `ownerId`, `fieldId`, `typeId`, `sortOrder`, `ownerLocale`, `dateCreated`, `dateUpdated`, `uid`) VALUES
 ('140', '124', '24', '2', '1', 'en_us', '2017-07-26 23:08:57', '2017-08-07 21:49:07', 'd05cc701-504a-4989-9232-6835474cab84'),
 ('163', '162', '24', '2', '1', 'en_us', '2017-07-26 23:33:33', '2017-08-07 21:49:07', '77053482-2f6e-42ac-a2d5-ca6d8b93bd26'),
 ('191', '190', '58', '6', '1', NULL, '2017-08-01 22:35:00', '2017-08-03 17:11:59', '134b6ed7-b570-4c0c-9e75-429b65a92c31'),
 ('195', '194', '58', '6', '1', NULL, '2017-08-02 00:32:53', '2017-08-03 17:11:59', '16bb9c44-d8a3-4592-b1c2-ad6927310691'),
 ('206', '110', '58', '6', '1', NULL, '2017-08-03 18:46:17', '2017-08-07 21:49:06', 'a80a4c24-a105-447e-8215-7f35bf38370a'),
 ('207', '110', '58', '6', '2', NULL, '2017-08-03 18:50:27', '2017-08-07 21:49:06', '080ce05d-a57d-4da1-b488-408a5a4f58e4'),
 ('208', '110', '58', '6', '3', NULL, '2017-08-03 18:50:27', '2017-08-07 21:49:06', '8aa169d6-18e6-4942-b70c-bfe0601734cb'),
 ('210', '162', '74', '13', '1', 'en_us', '2017-08-03 18:50:27', '2017-08-07 21:49:07', 'f6e60aa8-dfa8-469b-b2b8-0eef6c9ac866'),
 ('211', '162', '74', '13', '2', 'en_us', '2017-08-03 18:50:27', '2017-08-07 21:49:07', '9c4dbd7f-9a76-49a4-a17e-3a325da29c6c'),
 ('212', '119', '71', '11', '1', 'en_us', '2017-08-03 19:02:45', '2017-08-07 21:49:07', '2f0124e8-977e-4b90-ac30-791b785da88f'),
 ('213', '119', '71', '12', '2', 'en_us', '2017-08-03 19:02:45', '2017-08-07 21:49:07', '91794776-eb38-42c7-b66a-c911a8504072'),
 ('214', '124', '58', '6', '1', NULL, '2017-08-03 19:02:45', '2017-08-07 21:49:07', '1c61bf23-fda0-42db-94e2-bb72eaac4c35'),
 ('215', '124', '58', '6', '2', NULL, '2017-08-03 19:02:45', '2017-08-07 21:49:07', 'ff050ea7-bbce-4aa6-b613-970867d506a0'),
 ('216', '124', '58', '6', '3', NULL, '2017-08-03 19:02:45', '2017-08-07 21:49:07', 'c65d2a44-ed93-4984-a05b-f45f36edc29a'),
 ('217', '132', '58', '6', '1', NULL, '2017-08-03 19:02:45', '2017-08-07 21:49:07', '2a927fc4-9ab6-415f-8301-59ba5f1ce7eb'),
 ('218', '132', '58', '6', '2', NULL, '2017-08-03 19:02:45', '2017-08-07 21:49:07', '3abef23a-c476-4d09-877f-d089230a4112'),
 ('219', '132', '58', '6', '3', NULL, '2017-08-03 19:02:45', '2017-08-07 21:49:07', 'a51ea6e1-e230-4469-9f92-13360935c9f2'),
 ('220', '132', '24', '2', '1', 'en_us', '2017-08-03 19:02:45', '2017-08-07 21:49:07', '9f32b9a3-291b-4240-8e83-bc8cfa8f2e16'),
 ('224', '223', '84', '15', '1', NULL, '2017-08-03 22:25:09', '2017-08-03 22:33:25', 'da397990-f746-4965-bb3a-8e3bf49b0c4c'),
 ('225', '223', '84', '15', '2', NULL, '2017-08-03 22:33:25', '2017-08-03 22:33:25', 'b6ac75fc-a10c-4c9e-853a-3e4e1319ae69'),
 ('226', '223', '84', '15', '3', NULL, '2017-08-03 22:33:25', '2017-08-03 22:33:25', 'e13ab477-ba2f-43c3-817a-30d06f0ca1f7'),
 ('227', '223', '84', '15', '4', NULL, '2017-08-03 22:33:25', '2017-08-03 22:33:25', '165ee16a-237a-4c21-ad3d-dab5ce8036af'),
 ('229', '228', '84', '15', '1', NULL, '2017-08-03 22:33:25', '2017-08-03 22:33:25', '82bfe89c-dc31-4669-9d22-8056078885a7'),
 ('230', '228', '84', '15', '2', NULL, '2017-08-03 22:33:25', '2017-08-03 22:33:25', '090575fa-cf88-473b-9f7d-f63d2b786a27'),
 ('231', '228', '84', '15', '3', NULL, '2017-08-03 22:33:25', '2017-08-03 22:33:25', '91063f01-c71f-4762-a1a0-16bf48a2dc45'),
 ('233', '232', '84', '15', '1', NULL, '2017-08-03 22:33:26', '2017-08-03 22:33:26', '3374e180-3f2f-44f2-9004-6d81530c717d'),
 ('234', '232', '84', '15', '2', NULL, '2017-08-03 22:33:26', '2017-08-03 22:33:26', '22f8cc7b-c250-4e00-91ae-bf0a562d5e24'),
 ('235', '232', '84', '15', '3', NULL, '2017-08-03 22:33:26', '2017-08-03 22:33:26', '946df1e1-946c-444d-a2b8-fbe09a9a68cb'),
 ('236', '232', '84', '15', '4', NULL, '2017-08-03 22:33:26', '2017-08-03 22:33:26', 'd9cd155d-8b91-4c1b-8f25-372d4b65835a'),
 ('238', '237', '84', '15', '1', NULL, '2017-08-03 22:33:26', '2017-08-03 22:33:26', 'e284b323-e9a6-4852-8532-f861750f3c86'),
 ('239', '237', '84', '15', '2', NULL, '2017-08-03 22:33:26', '2017-08-03 22:33:26', 'd7f33753-3a5f-47a4-8f63-954b7045c9dc'),
 ('240', '237', '84', '15', '3', NULL, '2017-08-03 22:33:26', '2017-08-03 22:33:26', '6bd433bc-228b-4461-aed8-44e7335d0d20'),
 ('241', '237', '84', '15', '4', NULL, '2017-08-03 22:33:26', '2017-08-03 22:33:26', 'b9830cde-7b99-461d-bc46-35dbbb536579'),
 ('242', '237', '84', '15', '5', NULL, '2017-08-03 22:33:26', '2017-08-03 22:33:26', 'fbcd6cc5-11a9-41da-8eb0-b0a779dc86fd'),
 ('268', '262', '34', '3', '1', 'en_us', '2017-08-07 21:48:31', '2017-08-09 20:50:51', 'f2899f96-8d96-4b5a-9bb8-788a49823353'),
 ('269', '262', '34', '3', '4', 'en_us', '2017-08-07 21:48:31', '2017-08-09 20:50:51', '5eb27354-ec0c-4140-8842-3a3f14046986'),
 ('272', '263', '92', '17', '1', 'en_us', '2017-08-07 23:13:17', '2017-08-09 20:57:20', '9acc6e70-11bc-4ff2-b5c0-e12262caf748'),
 ('273', '263', '96', '18', '1', 'en_us', '2017-08-07 23:13:17', '2017-08-09 20:57:20', '7a2f437f-9bd8-4401-9ffa-a9d5d93382dd'),
 ('275', '263', '99', '19', '1', 'en_us', '2017-08-07 23:13:17', '2017-08-07 23:39:40', '391c64f2-a785-444a-beee-145598a1a174'),
 ('276', '263', '99', '19', '2', 'en_us', '2017-08-07 23:13:17', '2017-08-07 23:39:40', 'b335f538-47ba-4e36-b274-77d86a1f5edc'),
 ('277', '274', '84', '15', '1', 'en_us', '2017-08-07 23:39:40', '2017-08-09 20:57:20', 'd4acc118-4279-4899-af17-5aee608e8d27'),
 ('278', '274', '84', '15', '2', 'en_us', '2017-08-07 23:39:40', '2017-08-09 20:57:20', '1d382981-3c11-4c63-83b8-ffadbae390ac'),
 ('279', '274', '84', '15', '3', 'en_us', '2017-08-07 23:39:40', '2017-08-09 20:57:20', '86634209-8846-4dff-9df7-e2afb05f64a5'),
 ('280', '274', '84', '15', '4', 'en_us', '2017-08-07 23:39:40', '2017-08-09 20:57:20', '8c625660-30c6-4838-9392-29137c763573'),
 ('282', '262', '36', '4', '2', 'en_us', '2017-08-07 23:46:45', '2017-08-09 20:50:51', 'c597c093-05bd-4ba8-b14c-847207dc702a'),
 ('284', '283', '99', '19', '1', 'en_us', '2017-08-08 17:46:27', '2017-08-08 17:46:47', '36860201-7106-4381-8372-2a17d8add60f'),
 ('285', '283', '99', '19', '2', 'en_us', '2017-08-08 17:46:27', '2017-08-08 17:46:47', '071d5230-30a3-4e46-b392-431810ba0ef6'),
 ('293', '262', '34', '3', '2', 'en_us', '2017-08-09 20:50:51', '2017-08-09 20:50:51', 'bafe3696-79f6-428b-91a0-c7bb6907f435'),
 ('294', '262', '34', '3', '3', 'en_us', '2017-08-09 20:50:51', '2017-08-09 20:50:51', '14c557f6-39b0-4ac0-946b-4e44707aafeb'),
 ('295', '262', '36', '4', '1', 'en_us', '2017-08-09 20:50:51', '2017-08-09 20:50:51', '39ae260a-521e-45db-93e6-434544b207ed'),
 ('296', '262', '36', '4', '3', 'en_us', '2017-08-09 20:50:51', '2017-08-09 20:50:51', 'bc576fd0-de7e-4d6c-8f7f-904abcf3d1d6'),
 ('297', '262', '36', '4', '4', 'en_us', '2017-08-09 20:50:51', '2017-08-09 20:50:51', '93a2d327-f2da-41cb-987a-38c5eed8dfb7'),
 ('298', '262', '36', '4', '5', 'en_us', '2017-08-09 20:50:51', '2017-08-09 20:50:51', 'b2554af3-1019-469f-b059-30d8a6bf556b'),
 ('300', '299', '84', '15', '1', 'en_us', '2017-08-09 20:57:20', '2017-08-09 20:57:20', '998f0496-9862-414a-9261-75652c9cc5c6'),
 ('301', '299', '84', '15', '2', 'en_us', '2017-08-09 20:57:20', '2017-08-09 20:57:20', '759c3be6-b9fe-4f8b-aee0-6ac468f2a07e'),
 ('302', '299', '84', '15', '3', 'en_us', '2017-08-09 20:57:20', '2017-08-09 20:57:20', 'a1927e64-520e-475b-9331-7b3728da37f3'),
 ('304', '303', '84', '15', '1', 'en_us', '2017-08-09 20:57:20', '2017-08-09 20:57:20', 'e7a06aac-11c0-47ab-8e7e-4f96734832ee'),
 ('305', '303', '84', '15', '2', 'en_us', '2017-08-09 20:57:20', '2017-08-09 20:57:20', 'b6309041-130f-4786-bc75-531595cd4d7f'),
 ('306', '303', '84', '15', '3', 'en_us', '2017-08-09 20:57:20', '2017-08-09 20:57:20', '2e292e31-7326-4194-8aeb-592fbbc37804'),
 ('307', '303', '84', '15', '4', 'en_us', '2017-08-09 20:57:20', '2017-08-09 20:57:20', '91446fd3-7a11-464b-be8c-a988d07f638d'),
 ('309', '308', '84', '15', '1', 'en_us', '2017-08-09 20:57:20', '2017-08-09 20:57:20', '60a427a9-b51e-429c-8a8e-b53606de0941'),
 ('310', '308', '84', '15', '2', 'en_us', '2017-08-09 20:57:20', '2017-08-09 20:57:20', '41fc9d75-deb9-4d79-9a95-8f956b52efa9'),
 ('311', '308', '84', '15', '3', 'en_us', '2017-08-09 20:57:20', '2017-08-09 20:57:20', 'ef52bfc4-a1fb-4d68-95c2-c998b842125f'),
 ('312', '308', '84', '15', '4', 'en_us', '2017-08-09 20:57:20', '2017-08-09 20:57:20', 'd12719ae-d9bf-43b5-ac06-1030286c9f69'),
 ('313', '308', '84', '15', '5', 'en_us', '2017-08-09 20:57:20', '2017-08-09 20:57:20', 'e5bb86aa-3748-4a0f-a797-d7391b175c57'),
 ('315', '314', '89', '16', '1', 'en_us', '2017-08-10 22:00:29', '2017-08-10 23:07:51', 'af7c7a1c-8501-4b40-bc35-465f036f23f9'),
 ('316', '314', '89', '16', '2', 'en_us', '2017-08-10 22:00:29', '2017-08-10 23:07:51', 'a62adb27-9b3c-40ed-955c-3efb33f63e0e'),
 ('319', '318', '67', '10', '1', 'en_us', '2017-08-10 22:00:29', '2017-08-10 23:07:51', '0e9573d1-5020-4f98-834a-e6b631d5c248'),
 ('320', '318', '67', '10', '2', 'en_us', '2017-08-10 22:00:29', '2017-08-10 23:07:51', 'c50d2337-d093-42a7-8263-7b003d01acde'),
 ('321', '318', '67', '10', '3', 'en_us', '2017-08-10 22:00:29', '2017-08-10 23:07:51', '939d5695-1754-4824-8299-8c320b62ab73'),
 ('323', '322', '45', '21', '1', NULL, '2017-08-10 22:00:29', '2017-08-10 23:07:51', '91ab01b0-4fa7-4832-8253-bf579e288c58'),
 ('324', '322', '45', '21', '2', NULL, '2017-08-10 22:00:29', '2017-08-10 23:07:51', '227e8646-c5f1-4e23-9f1a-5bbb813bfa36'),
 ('325', '322', '45', '21', '3', NULL, '2017-08-10 22:00:29', '2017-08-10 23:07:51', '2e3b7654-473e-4fa3-ac09-d4f056466980'),
 ('327', '326', '58', '6', '1', NULL, '2017-08-10 22:00:29', '2017-08-10 23:07:51', '75ee204b-52dc-4df7-8b0f-dae957dc7bc9'),
 ('328', '326', '58', '6', '2', NULL, '2017-08-10 22:11:49', '2017-08-10 23:07:51', '8376f7d8-d4f3-470e-a96a-ea34b8992da8'),
 ('329', '326', '58', '6', '3', NULL, '2017-08-10 22:11:49', '2017-08-10 23:07:52', 'b93dee75-ea1c-4936-96dc-74c716987f2e'),
 ('332', '331', '71', '11', '1', 'en_us', '2017-08-10 22:11:49', '2017-08-10 23:07:52', '3fe4092f-c1ef-4bb1-b313-f61908c46ab8'),
 ('333', '331', '71', '11', '2', 'en_us', '2017-08-10 22:11:49', '2017-08-10 23:07:52', '50b5d2ec-e8f3-4344-ae44-1296f117bf57'),
 ('334', '331', '71', '12', '3', 'en_us', '2017-08-10 22:11:49', '2017-08-10 23:07:52', '04b7f4d8-26c5-4991-92fa-b5bd7fd8af83'),
 ('336', '335', '71', '11', '1', 'en_us', '2017-08-10 22:11:49', '2017-08-10 23:07:52', 'f7b11afa-d5d5-4fe7-b54f-8bf768360c45'),
 ('337', '335', '71', '11', '2', 'en_us', '2017-08-10 22:11:49', '2017-08-10 23:07:52', '4d018278-e3af-4045-a3bb-695b7817a408'),
 ('338', '335', '71', '12', '3', 'en_us', '2017-08-10 22:11:49', '2017-08-10 23:07:52', 'b94a53ca-4994-4dc4-86a3-7c0a7647f580');



DROP TABLE IF EXISTS `craft_matrixblocktypes`;


--
-- Schema for table `craft_matrixblocktypes`
--
CREATE TABLE `craft_matrixblocktypes` (
  `id` int(11) NOT NULL AUTO_INCREMENT,
  `fieldId` int(11) NOT NULL,
  `fieldLayoutId` int(11) DEFAULT NULL,
  `name` varchar(255) COLLATE utf8_unicode_ci NOT NULL,
  `handle` varchar(255) COLLATE utf8_unicode_ci NOT NULL,
  `sortOrder` smallint(6) unsigned DEFAULT NULL,
  `dateCreated` datetime NOT NULL,
  `dateUpdated` datetime NOT NULL,
  `uid` char(36) COLLATE utf8_unicode_ci NOT NULL DEFAULT '0',
  PRIMARY KEY (`id`),
  UNIQUE KEY `craft_matrixblocktypes_name_fieldId_unq_idx` (`name`,`fieldId`),
  UNIQUE KEY `craft_matrixblocktypes_handle_fieldId_unq_idx` (`handle`,`fieldId`),
  KEY `craft_matrixblocktypes_fieldId_fk` (`fieldId`),
  KEY `craft_matrixblocktypes_fieldLayoutId_fk` (`fieldLayoutId`)
) ENGINE=InnoDB AUTO_INCREMENT=23 DEFAULT CHARSET=utf8 COLLATE=utf8_unicode_ci;

--
-- Data for table `craft_matrixblocktypes`
--

INSERT INTO `craft_matrixblocktypes` (`id`, `fieldId`, `fieldLayoutId`, `name`, `handle`, `sortOrder`, `dateCreated`, `dateUpdated`, `uid`) VALUES
 ('1', '10', '79', 'copy', 'copy', '1', '2017-07-20 20:18:09', '2017-07-20 20:18:09', 'd9024681-3fef-45a5-909d-9188e3267d1e'),
 ('2', '24', '1699', 'tooltip', 'tooltip', '1', '2017-07-21 21:26:05', '2017-08-07 18:36:47', 'ff10a70c-3d90-4dd3-b7af-df100be5c150'),
 ('3', '34', '1706', 'Nav Item', 'navItem', '1', '2017-07-21 23:09:34', '2017-08-07 18:40:30', 'a472d260-0711-41a1-b637-4b4eb1e268f8'),
 ('4', '36', '1707', 'Nav Item', 'navItem', '1', '2017-07-21 23:10:13', '2017-08-07 18:40:34', 'd6681651-3e00-4d4b-b6f8-b5217f987ddc'),
 ('5', '55', '1168', 'Device', 'device', '1', '2017-08-01 17:05:51', '2017-08-01 17:05:51', '782834b1-153b-4dde-a94f-75f36df2f989'),
 ('6', '58', '1839', 'Device', 'device', '1', '2017-08-01 20:47:10', '2017-08-10 22:02:28', '03260055-f663-454e-9e8e-7023481dcceb'),
 ('10', '67', '1737', 'Image Card', 'imageCard', '1', '2017-08-03 17:57:36', '2017-08-08 17:24:23', '81e0b783-ec63-4a54-99e8-0293b4a443bb'),
 ('11', '71', '1855', 'Primary Button', 'primaryButton', '1', '2017-08-03 18:14:16', '2017-08-10 23:30:59', 'c7ab1968-0e66-4c61-9914-e73cc9c28548'),
 ('12', '71', '1856', 'Secondary Button', 'secondaryButton', '2', '2017-08-03 18:14:16', '2017-08-10 23:30:59', '2819a98e-d51d-4a14-b62e-9713bac9e68e'),
 ('13', '74', '1840', 'Tab', 'tab', '1', '2017-08-03 18:33:03', '2017-08-10 22:06:49', '24693de1-e4f9-4ba5-9f1b-22694a511b9c'),
 ('14', '78', '1685', 'Step', 'step', '1', '2017-08-03 18:36:28', '2017-08-07 17:22:08', '6a266812-30bd-46ca-9b88-1dd8dcfd2e49'),
 ('15', '84', '1712', 'Link', 'link', '1', '2017-08-03 22:18:12', '2017-08-07 21:09:55', '4be83893-c18d-407d-874e-9dedb424745a'),
 ('16', '89', '1716', 'Annotation', 'annotation', '1', '2017-08-07 22:10:30', '2017-08-07 22:10:30', '953391f5-5deb-44a2-a0bc-9daeab96eda6'),
 ('17', '92', '1723', 'Pre Footer Component', 'preFooterComponent', '1', '2017-08-07 22:56:53', '2017-08-07 22:56:53', 'f16a4347-3758-4bdc-972b-73534daf142a'),
 ('18', '96', '1724', 'Ad Manger Component', 'adMangerComponent', '1', '2017-08-07 22:58:56', '2017-08-07 22:58:56', 'b8456be9-da35-429c-b214-1a8da9b1c0f7'),
 ('19', '99', '1725', 'Legal Link', 'legalLink', '1', '2017-08-07 23:00:59', '2017-08-07 23:00:59', '0a0d6390-55cb-4203-9583-b45e33effd94'),
 ('20', '112', '1750', 'hero', 'hero', '1', '2017-08-09 18:18:34', '2017-08-09 18:18:34', '41345ca3-55ac-4bd6-9154-38f355fb47ea'),
 ('21', '45', '1837', 'logo', 'logo', '1', '2017-08-10 16:55:47', '2017-08-10 21:59:28', '99b4f145-c4b4-4b35-aa0c-6a86b0047f62'),
 ('22', '29', '1798', 'Video Attributes', 'videoAttributes', '1', '2017-08-10 21:46:15', '2017-08-10 21:46:15', 'b06c3887-a2f5-497c-935b-ab173e12e927');



DROP TABLE IF EXISTS `craft_matrixcontent_admanager`;


--
-- Schema for table `craft_matrixcontent_admanager`
--
CREATE TABLE `craft_matrixcontent_admanager` (
  `id` int(11) NOT NULL AUTO_INCREMENT,
  `elementId` int(11) NOT NULL,
  `locale` char(12) COLLATE utf8_unicode_ci NOT NULL,
  `field_adMangerComponent_text` text COLLATE utf8_unicode_ci,
  `field_adMangerComponent_loginLink` text COLLATE utf8_unicode_ci,
  `dateCreated` datetime NOT NULL,
  `dateUpdated` datetime NOT NULL,
  `uid` char(36) COLLATE utf8_unicode_ci NOT NULL DEFAULT '0',
  PRIMARY KEY (`id`),
  UNIQUE KEY `craft_matrixcontent_admanager_elementId_locale_unq_idx` (`elementId`,`locale`),
  KEY `craft_matrixcontent_admanager_locale_fk` (`locale`)
) ENGINE=InnoDB AUTO_INCREMENT=2 DEFAULT CHARSET=utf8 COLLATE=utf8_unicode_ci;

--
-- Data for table `craft_matrixcontent_admanager`
--

INSERT INTO `craft_matrixcontent_admanager` (`id`, `elementId`, `locale`, `field_adMangerComponent_text`, `field_adMangerComponent_loginLink`, `dateCreated`, `dateUpdated`, `uid`) VALUES
 ('1', '273', 'en_us', 'Already have an account?', '{\"type\":\"custom\",\"custom\":\"https:\\/\\/business.snapchat.com\",\"entry\":\"\",\"customText\":\"Log in to Ad Manager\",\"target\":\"_blank\"}', '2017-08-07 23:13:17', '2017-08-09 20:57:20', '434d88a7-f69a-400f-a2c3-f84319b12a7a');



DROP TABLE IF EXISTS `craft_matrixcontent_cb_copylockup`;


--
-- Schema for table `craft_matrixcontent_cb_copylockup`
--
CREATE TABLE `craft_matrixcontent_cb_copylockup` (
  `id` int(11) NOT NULL AUTO_INCREMENT,
  `elementId` int(11) NOT NULL,
  `locale` char(12) COLLATE utf8_unicode_ci NOT NULL,
  `field_copy_headline` text COLLATE utf8_unicode_ci,
  `field_copy_paragraph` text COLLATE utf8_unicode_ci,
  `dateCreated` datetime NOT NULL,
  `dateUpdated` datetime NOT NULL,
  `uid` char(36) COLLATE utf8_unicode_ci NOT NULL DEFAULT '0',
  PRIMARY KEY (`id`),
  UNIQUE KEY `craft_matrixcontent_cb_copylockup_elementId_locale_unq_idx` (`elementId`,`locale`),
  KEY `craft_matrixcontent_cb_copylockup_locale_fk` (`locale`)
) ENGINE=InnoDB DEFAULT CHARSET=utf8 COLLATE=utf8_unicode_ci;

DROP TABLE IF EXISTS `craft_matrixcontent_chillahtooltip`;


--
-- Schema for table `craft_matrixcontent_chillahtooltip`
--
CREATE TABLE `craft_matrixcontent_chillahtooltip` (
  `id` int(11) NOT NULL AUTO_INCREMENT,
  `elementId` int(11) NOT NULL,
  `locale` char(12) COLLATE utf8_unicode_ci NOT NULL,
  `field_tooltip_tooltipText` text COLLATE utf8_unicode_ci,
  `field_tooltip_location` varchar(255) COLLATE utf8_unicode_ci DEFAULT 'topLeft',
  `dateCreated` datetime NOT NULL,
  `dateUpdated` datetime NOT NULL,
  `uid` char(36) COLLATE utf8_unicode_ci NOT NULL DEFAULT '0',
  PRIMARY KEY (`id`),
  UNIQUE KEY `craft_matrixcontent_chillahtooltip_elementId_locale_unq_idx` (`elementId`,`locale`),
  KEY `craft_matrixcontent_chillahtooltip_locale_idx` (`locale`)
) ENGINE=InnoDB AUTO_INCREMENT=4 DEFAULT CHARSET=utf8 COLLATE=utf8_unicode_ci;

--
-- Data for table `craft_matrixcontent_chillahtooltip`
--

INSERT INTO `craft_matrixcontent_chillahtooltip` (`id`, `elementId`, `locale`, `field_tooltip_tooltipText`, `field_tooltip_location`, `dateCreated`, `dateUpdated`, `uid`) VALUES
 ('1', '140', 'en_us', '<p>On average, more than a billion Snaps with Filters are viewed every day.<sup>1</sup></p>', 'topRight', '2017-07-26 23:08:57', '2017-08-07 21:49:07', 'b2ceb556-d5a2-430b-b068-716436ebd058'),
 ('2', '163', 'en_us', '<p>On average, over 10 billion videos are watched on Snapchat every day.<sup>1</sup></p>', 'topLeft', '2017-07-26 23:33:33', '2017-08-07 21:49:07', '1f102d6b-6197-4348-8e8d-06f38b2daaf8'),
 ('3', '220', 'en_us', '<p>The best lenses average more than 20 seconds of play time!<sup>1</sup></p>', 'topRight', '2017-08-03 19:02:45', '2017-08-07 21:49:07', '4ccdb544-6b3f-465f-9281-ae9fe5257776');



DROP TABLE IF EXISTS `craft_matrixcontent_ctabuttons`;


--
-- Schema for table `craft_matrixcontent_ctabuttons`
--
CREATE TABLE `craft_matrixcontent_ctabuttons` (
  `id` int(11) NOT NULL AUTO_INCREMENT,
  `elementId` int(11) NOT NULL,
  `locale` char(12) COLLATE utf8_unicode_ci NOT NULL,
  `field_primaryButton_button` text COLLATE utf8_unicode_ci,
  `field_secondaryButton_button` text COLLATE utf8_unicode_ci,
  `field_primaryButton_outline` tinyint(1) unsigned NOT NULL DEFAULT '0',
  `field_primaryButton_buttonType` varchar(255) COLLATE utf8_unicode_ci DEFAULT 'normal',
  `dateCreated` datetime NOT NULL,
  `dateUpdated` datetime NOT NULL,
  `uid` char(36) COLLATE utf8_unicode_ci NOT NULL DEFAULT '0',
  PRIMARY KEY (`id`),
  UNIQUE KEY `craft_matrixcontent_ctabuttons_elementId_locale_unq_idx` (`elementId`,`locale`),
  KEY `craft_matrixcontent_ctabuttons_locale_fk` (`locale`)
) ENGINE=InnoDB AUTO_INCREMENT=9 DEFAULT CHARSET=utf8 COLLATE=utf8_unicode_ci;

--
-- Data for table `craft_matrixcontent_ctabuttons`
--

INSERT INTO `craft_matrixcontent_ctabuttons` (`id`, `elementId`, `locale`, `field_primaryButton_button`, `field_secondaryButton_button`, `field_primaryButton_outline`, `field_primaryButton_buttonType`, `dateCreated`, `dateUpdated`, `uid`) VALUES
 ('1', '212', 'en_us', '{\"type\":\"custom\",\"custom\":\"https:\\/\\/geofilters.snapchat.com\",\"entry\":\"\",\"customText\":\"Create A Filter\",\"target\":\"_blank\"}', NULL, '0', 'normal', '2017-08-03 19:02:45', '2017-08-07 21:49:07', 'ebc95ab3-8cfb-4b00-88d6-098887cb6a13'),
 ('2', '213', 'en_us', NULL, '{\"type\":\"custom\",\"custom\":\"https:\\/\\/businesshelp.snapchat.com\\/en-US\\/article\\/create-geofilter\",\"entry\":\"\",\"customText\":\"View Guidelines\",\"target\":\"_blank\"}', '0', 'normal', '2017-08-03 19:02:45', '2017-08-07 21:49:07', '2b4927d3-023a-419f-95e7-ebfc91bf02be'),
 ('3', '332', 'en_us', '{\"type\":\"custom\",\"custom\":\"forbusiness.snapchat.com\",\"entry\":\"\",\"customText\":\"Primary Button Outlined\",\"target\":\"_blank\"}', NULL, '1', 'normal', '2017-08-10 22:11:49', '2017-08-10 23:07:52', '615c1f1f-9669-4cac-a4ba-2ab4153d91df'),
 ('4', '333', 'en_us', '{\"type\":\"custom\",\"custom\":\"forbusiness.snapchat.com\",\"entry\":\"\",\"customText\":\"Primary Button Filled\",\"target\":\"_blank\"}', NULL, '0', 'normal', '2017-08-10 22:11:49', '2017-08-10 23:07:52', 'cbc61320-bf09-423e-a38f-213f5c51d868'),
 ('5', '334', 'en_us', NULL, '{\"type\":\"custom\",\"custom\":\"forbusiness.snapchat.com\",\"entry\":\"\",\"customText\":\"Secondary Button\",\"target\":\"_blank\"}', '0', 'normal', '2017-08-10 22:11:49', '2017-08-10 23:07:52', '3803cce5-bfa5-4b71-ac92-e506750c9660'),
 ('6', '336', 'en_us', '{\"type\":\"custom\",\"custom\":\"forbusiness.snapchat.com\",\"entry\":\"\",\"customText\":\"Primary Button Outlined\",\"target\":\"_blank\"}', NULL, '1', 'normal', '2017-08-10 22:11:49', '2017-08-10 23:07:52', 'bdcff621-730d-4287-b189-c69a54ccfa4d'),
 ('7', '337', 'en_us', '{\"type\":\"custom\",\"custom\":\"forbusiness.snapchat.com\",\"entry\":\"\",\"customText\":\"Primary Button Filled\",\"target\":\"\"}', NULL, '0', 'normal', '2017-08-10 22:11:49', '2017-08-10 23:07:52', 'adf77909-196e-4730-a045-2ea74e2e8da3'),
 ('8', '338', 'en_us', NULL, '{\"type\":\"custom\",\"custom\":\"snapchat.com\",\"entry\":\"\",\"customText\":\"Secondary Button\",\"target\":\"_blank\"}', '0', 'normal', '2017-08-10 22:11:49', '2017-08-10 23:07:52', '7ad6c1de-d485-4481-a0ef-91457b028e94');



DROP TABLE IF EXISTS `craft_matrixcontent_devicetab`;


--
-- Schema for table `craft_matrixcontent_devicetab`
--
CREATE TABLE `craft_matrixcontent_devicetab` (
  `id` int(11) NOT NULL AUTO_INCREMENT,
  `elementId` int(11) NOT NULL,
  `locale` char(12) COLLATE utf8_unicode_ci NOT NULL,
  `field_tab_tabLabel` text COLLATE utf8_unicode_ci,
  `field_tab_description` text COLLATE utf8_unicode_ci,
  `field_tab_deviceVideo` text COLLATE utf8_unicode_ci,
  `field_tab_primaryCta` text COLLATE utf8_unicode_ci,
  `field_tab_secondaryLink` text COLLATE utf8_unicode_ci,
  `field_tab_descriptionTitle` text COLLATE utf8_unicode_ci,
  `dateCreated` datetime NOT NULL,
  `dateUpdated` datetime NOT NULL,
  `uid` char(36) COLLATE utf8_unicode_ci NOT NULL DEFAULT '0',
  PRIMARY KEY (`id`),
  UNIQUE KEY `craft_matrixcontent_devicetab_elementId_locale_unq_idx` (`elementId`,`locale`),
  KEY `craft_matrixcontent_devicetab_locale_fk` (`locale`)
) ENGINE=InnoDB AUTO_INCREMENT=3 DEFAULT CHARSET=utf8 COLLATE=utf8_unicode_ci;

--
-- Data for table `craft_matrixcontent_devicetab`
--

INSERT INTO `craft_matrixcontent_devicetab` (`id`, `elementId`, `locale`, `field_tab_tabLabel`, `field_tab_description`, `field_tab_deviceVideo`, `field_tab_primaryCta`, `field_tab_secondaryLink`, `field_tab_descriptionTitle`, `dateCreated`, `dateUpdated`, `uid`) VALUES
 ('1', '210', 'en_us', 'Snap ads', 'Snap Ads are full-screen, 100% viewable, and have audio on by default.', '', NULL, NULL, NULL, '2017-08-03 18:50:27', '2017-08-07 21:49:07', '682c560c-d401-46ce-98f1-19537b3c8e9f'),
 ('2', '211', 'en_us', '+ Web View', 'Drive traffic to your pre-loaded website. With our Auto-Fill feature, Snapchatters can send you their account email and more by just tapping.', '', NULL, NULL, NULL, '2017-08-03 18:50:27', '2017-08-07 21:49:07', '93a0977b-ac50-45ae-b0f7-19283267131e');



DROP TABLE IF EXISTS `craft_matrixcontent_grouplinks`;


--
-- Schema for table `craft_matrixcontent_grouplinks`
--
CREATE TABLE `craft_matrixcontent_grouplinks` (
  `id` int(11) NOT NULL AUTO_INCREMENT,
  `elementId` int(11) NOT NULL,
  `locale` char(12) COLLATE utf8_unicode_ci NOT NULL,
  `field_link_footerLink` text COLLATE utf8_unicode_ci,
  `dateCreated` datetime NOT NULL,
  `dateUpdated` datetime NOT NULL,
  `uid` char(36) COLLATE utf8_unicode_ci NOT NULL DEFAULT '0',
  PRIMARY KEY (`id`),
  UNIQUE KEY `craft_matrixcontent_grouplinks_elementId_locale_unq_idx` (`elementId`,`locale`),
  KEY `craft_matrixcontent_grouplinks_locale_fk` (`locale`)
) ENGINE=InnoDB AUTO_INCREMENT=33 DEFAULT CHARSET=utf8 COLLATE=utf8_unicode_ci;

--
-- Data for table `craft_matrixcontent_grouplinks`
--

INSERT INTO `craft_matrixcontent_grouplinks` (`id`, `elementId`, `locale`, `field_link_footerLink`, `dateCreated`, `dateUpdated`, `uid`) VALUES
 ('1', '224', 'en_us', '{\"type\":\"custom\",\"custom\":\"https:\\/\\/www.snap.com\\/en-US\\/\",\"entry\":\"\",\"customText\":\"Snap Inc.\",\"target\":\"_blank\"}', '2017-08-03 22:25:09', '2017-08-07 16:49:46', 'b870245d-1029-4e0b-a20d-30f140aeda34'),
 ('2', '225', 'en_us', '{\"type\":\"custom\",\"custom\":\"https:\\/\\/www.snapchat.com\\/\",\"entry\":\"\",\"customText\":\"Snapchat\",\"target\":\"_blank\"}', '2017-08-03 22:33:25', '2017-08-07 16:49:46', 'ef3a7a60-05f4-4367-b908-513daa8fb063'),
 ('3', '226', 'en_us', '{\"type\":\"custom\",\"custom\":\"https:\\/\\/www.snap.com\\/en-US\\/jobs\\/\",\"entry\":\"\",\"customText\":\"Jobs\",\"target\":\"_blank\"}', '2017-08-03 22:33:25', '2017-08-07 16:49:46', 'a5caa3f6-4b92-43dd-bf27-12e1322ecc7b'),
 ('4', '227', 'en_us', '{\"type\":\"custom\",\"custom\":\"https:\\/\\/www.snap.com\\/en-US\\/news\\/\",\"entry\":\"\",\"customText\":\"News\",\"target\":\"_blank\"}', '2017-08-03 22:33:25', '2017-08-07 16:49:46', 'b7fa59c0-64dc-4f1d-a810-239526caf436'),
 ('5', '229', 'en_us', '{\"type\":\"custom\",\"custom\":\"https:\\/\\/support.snapchat.com\",\"entry\":\"\",\"customText\":\"Support\",\"target\":\"_blank\"}', '2017-08-03 22:33:25', '2017-08-07 16:49:46', '79f8be87-a659-4051-a901-b7483e54bec7'),
 ('6', '230', 'en_us', '{\"type\":\"custom\",\"custom\":\"https:\\/\\/support.snapchat.com\\/en-US\\/a\\/guidelines\",\"entry\":\"\",\"customText\":\"Community Guidelines\",\"target\":\"_blank\"}', '2017-08-03 22:33:25', '2017-08-07 16:49:46', 'a1513d0c-4582-452a-bfde-0d9d70168fce'),
 ('7', '231', 'en_us', '{\"type\":\"custom\",\"custom\":\"https:\\/\\/www.snapchat.com\\/safety\",\"entry\":\"\",\"customText\":\"Safety Center\",\"target\":\"_blank\"}', '2017-08-03 22:33:25', '2017-08-07 16:49:46', '29527e7a-c2fe-44ca-bea6-320141d9efcd'),
 ('8', '233', 'en_us', '{\"type\":\"custom\",\"custom\":\"https:\\/\\/ads.snapchat.com\\/getstarted\",\"entry\":\"\",\"customText\":\"Buy Ads\",\"target\":\"_blank\"}', '2017-08-03 22:33:25', '2017-08-07 16:49:46', 'd65202f6-6570-4b2a-9084-ba7953ff8c71'),
 ('9', '234', 'en_us', '{\"type\":\"custom\",\"custom\":\"https:\\/\\/www.snap.com\\/en-US\\/ad-policies\\/\",\"entry\":\"\",\"customText\":\"Advertising Policies\",\"target\":\"_blank\"}', '2017-08-03 22:33:26', '2017-08-07 16:49:46', '554f11d9-5621-409f-88e9-bc86d27d3597'),
 ('10', '235', 'en_us', '{\"type\":\"custom\",\"custom\":\"https:\\/\\/www.snap.com\\/en-US\\/brand-guidelines\\/\",\"entry\":\"\",\"customText\":\"Brand Guidelines\",\"target\":\"_blank\"}', '2017-08-03 22:33:26', '2017-08-07 16:49:47', 'b55526c6-ee13-4292-853c-ad1e8cf3a2d5'),
 ('11', '236', 'en_us', '{\"type\":\"custom\",\"custom\":\"https:\\/\\/support.snapchat.com\\/en-US\\/a\\/promotions-rules\",\"entry\":\"\",\"customText\":\"Pormotions Rules\",\"target\":\"_blank\"}', '2017-08-03 22:33:26', '2017-08-07 16:49:47', 'e1ed5e43-29ce-4aa4-a6bf-1f88e1da0779'),
 ('12', '238', 'en_us', '{\"type\":\"custom\",\"custom\":\"https:\\/\\/www.snap.com\\/en-US\\/privacy\\/privacy-center\\/\",\"entry\":\"\",\"customText\":\"Privacy Center\",\"target\":\"_blank\"}', '2017-08-03 22:33:26', '2017-08-07 16:49:47', '6cccb752-c57c-473a-913c-7c0255c894ca'),
 ('13', '239', 'en_us', '{\"type\":\"custom\",\"custom\":\"https:\\/\\/www.snap.com\\/en-US\\/cookie-policy\\/\",\"entry\":\"\",\"customText\":\"Cookie Policy\",\"target\":\"_blank\"}', '2017-08-03 22:33:26', '2017-08-07 16:49:47', '59d39cf3-df9e-4aa6-9d88-64d10c287e40'),
 ('14', '240', 'en_us', '{\"type\":\"custom\",\"custom\":\"https:\\/\\/support.snapchat.com\\/en-US\\/co\\/report-copyright\",\"entry\":\"\",\"customText\":\"Copyright\",\"target\":\"_blank\"}', '2017-08-03 22:33:26', '2017-08-07 16:49:47', '7e728541-d56e-41bd-a7ae-dc6ad0b65654'),
 ('15', '241', 'en_us', '{\"type\":\"custom\",\"custom\":\"https:\\/\\/www.snap.com\\/en-US\\/terms\\/on-demand-geofilters\\/\",\"entry\":\"\",\"customText\":\"On-Demand Geofilter Terms and Conditions\",\"target\":\"_blank\"}', '2017-08-03 22:33:26', '2017-08-07 16:49:47', '4a2b1ca7-152a-4f0d-b283-413ccba473c3'),
 ('16', '242', 'en_us', '{\"type\":\"custom\",\"custom\":\"https:\\/\\/www.snapchat.com\\/geofilters\\/terms.html\",\"entry\":\"\",\"customText\":\"Community Filter Terms and Conditions\",\"target\":\"_blank\"}', '2017-08-03 22:33:26', '2017-08-07 16:49:47', 'd7390a38-0558-4fff-bbe1-11a301c60f0b'),
 ('17', '277', 'en_us', '{\"type\":\"custom\",\"custom\":\"https:\\/\\/www.snap.com\\/\",\"entry\":\"\",\"customText\":\"Snap Inc.\",\"target\":\"_blank\"}', '2017-08-07 23:39:40', '2017-08-09 20:57:20', '09dd432b-4887-4bbd-be9e-72c797c39309'),
 ('18', '278', 'en_us', '{\"type\":\"custom\",\"custom\":\"https:\\/\\/www.snapchat.com\",\"entry\":\"\",\"customText\":\"Snapchat\",\"target\":\"_blank\"}', '2017-08-07 23:39:40', '2017-08-09 20:57:20', '080c1567-9e8a-4ad7-b69e-f805485fbedf'),
 ('19', '279', 'en_us', '{\"type\":\"custom\",\"custom\":\"https:\\/\\/www.snap.com\\/jobs\\/\",\"entry\":\"\",\"customText\":\"Jobs\",\"target\":\"_blank\"}', '2017-08-07 23:39:40', '2017-08-09 20:57:20', '0a8d1b5e-847b-4055-9e65-16d3909ecec2'),
 ('20', '280', 'en_us', '{\"type\":\"custom\",\"custom\":\"https:\\/\\/www.snap.com\\/news\\/\",\"entry\":\"\",\"customText\":\"News\",\"target\":\"_blank\"}', '2017-08-07 23:39:40', '2017-08-09 20:57:20', '6ffa34d4-5cda-4414-a4ad-1eee0f25c21f'),
 ('21', '300', 'en_us', '{\"type\":\"custom\",\"custom\":\"https:\\/\\/support.snapchat.com\",\"entry\":\"\",\"customText\":\"Support\",\"target\":\"_blank\"}', '2017-08-09 20:57:20', '2017-08-09 20:57:20', '7f6892fd-1725-4e02-bb7e-c3cca59a83b0'),
 ('22', '301', 'en_us', '{\"type\":\"custom\",\"custom\":\"https:\\/\\/support.snapchat.com\",\"entry\":\"\",\"customText\":\"Community Guidelines\",\"target\":\"_blank\"}', '2017-08-09 20:57:20', '2017-08-09 20:57:20', '6f78a193-7b12-4c6f-ba20-f8931cc96592'),
 ('23', '302', 'en_us', '{\"type\":\"custom\",\"custom\":\"https:\\/\\/www.snapchat.com\\/safety\",\"entry\":\"\",\"customText\":\"Safety Center\",\"target\":\"_blank\"}', '2017-08-09 20:57:20', '2017-08-09 20:57:20', 'fc8b55a1-27fe-41b3-961c-e0a71ca01806'),
 ('24', '304', 'en_us', '{\"type\":\"custom\",\"custom\":\"https:\\/\\/ads.snapchat.com\\/getstarted\",\"entry\":\"\",\"customText\":\"Buy Ads\",\"target\":\"_blank\"}', '2017-08-09 20:57:20', '2017-08-09 20:57:20', '3405eaef-abbe-4299-b5d9-7d2425f5fc9e'),
 ('25', '305', 'en_us', '{\"type\":\"custom\",\"custom\":\"https:\\/\\/www.snap.com\\/en-US\\/ad-policies\\/\",\"entry\":\"\",\"customText\":\"Advertising Policies\",\"target\":\"_blank\"}', '2017-08-09 20:57:20', '2017-08-09 20:57:20', '244ac2f8-3df5-4596-b6af-355e555c6afc'),
 ('26', '306', 'en_us', '{\"type\":\"custom\",\"custom\":\"https:\\/\\/www.snap.com\\/en-US\\/brand-guidelines\\/\",\"entry\":\"\",\"customText\":\"Brand Guidelines\",\"target\":\"_blank\"}', '2017-08-09 20:57:20', '2017-08-09 20:57:20', '7ea008fc-9b11-402c-ad72-43a806ef3049'),
 ('27', '307', 'en_us', '{\"type\":\"custom\",\"custom\":\"https:\\/\\/support.snapchat.com\\/en-US\\/a\\/promotions-rules\",\"entry\":\"\",\"customText\":\"Promotions Rules\",\"target\":\"_blank\"}', '2017-08-09 20:57:20', '2017-08-09 20:57:20', '339d4503-3be6-455a-a659-5357aff32b30'),
 ('28', '309', 'en_us', '{\"type\":\"custom\",\"custom\":\"https:\\/\\/www.snap.com\\/en-US\\/privacy\\/privacy-center\\/\",\"entry\":\"\",\"customText\":\"Privacy Center\",\"target\":\"_blank\"}', '2017-08-09 20:57:20', '2017-08-09 20:57:20', 'b634539b-f5dd-4766-bf65-acdb70221958'),
 ('29', '310', 'en_us', '{\"type\":\"custom\",\"custom\":\"https:\\/\\/www.snap.com\\/en-US\\/cookie-policy\\/\",\"entry\":\"\",\"customText\":\"Cookie Policy\",\"target\":\"_blank\"}', '2017-08-09 20:57:20', '2017-08-09 20:57:20', '64b0e983-932f-4614-8c0f-2409a5ef4418'),
 ('30', '311', 'en_us', '{\"type\":\"custom\",\"custom\":\"https:\\/\\/support.snapchat.com\\/en-US\\/co\\/report-copyright\",\"entry\":\"\",\"customText\":\"Copyright\",\"target\":\"_blank\"}', '2017-08-09 20:57:20', '2017-08-09 20:57:20', '1d979de5-72e9-48d7-b777-6e5e70de8d34'),
 ('31', '312', 'en_us', '{\"type\":\"custom\",\"custom\":\"https:\\/\\/www.snap.com\\/en-US\\/terms\\/on-demand-geofilters\\/\",\"entry\":\"\",\"customText\":\"On-Demand Geofilter Terms and Conditions\",\"target\":\"_blank\"}', '2017-08-09 20:57:20', '2017-08-09 20:57:20', '306dfd30-0d67-4018-a40a-be069a921b4c'),
 ('32', '313', 'en_us', '{\"type\":\"custom\",\"custom\":\"https:\\/\\/www.snapchat.com\\/geofilters\\/terms.html\",\"entry\":\"\",\"customText\":\"Community Filter Terms and Conditions\",\"target\":\"_blank\"}', '2017-08-09 20:57:20', '2017-08-09 20:57:20', 'f7cbf4b4-d188-4dd3-9965-ec418cc5a3fb');



DROP TABLE IF EXISTS `craft_matrixcontent_homehero`;


--
-- Schema for table `craft_matrixcontent_homehero`
--
CREATE TABLE `craft_matrixcontent_homehero` (
  `id` int(11) NOT NULL AUTO_INCREMENT,
  `elementId` int(11) NOT NULL,
  `locale` char(12) COLLATE utf8_unicode_ci NOT NULL,
  `field_hero_headline` text COLLATE utf8_unicode_ci,
  `field_hero_button` text COLLATE utf8_unicode_ci,
  `field_hero_buttonOutline` tinyint(1) unsigned NOT NULL DEFAULT '0',
  `dateCreated` datetime NOT NULL,
  `dateUpdated` datetime NOT NULL,
  `uid` char(36) COLLATE utf8_unicode_ci NOT NULL DEFAULT '0',
  PRIMARY KEY (`id`),
  UNIQUE KEY `craft_matrixcontent_homehero_elementId_locale_unq_idx` (`elementId`,`locale`),
  KEY `craft_matrixcontent_homehero_locale_fk` (`locale`)
) ENGINE=InnoDB DEFAULT CHARSET=utf8 COLLATE=utf8_unicode_ci;

DROP TABLE IF EXISTS `craft_matrixcontent_imagecardrow`;


--
-- Schema for table `craft_matrixcontent_imagecardrow`
--
CREATE TABLE `craft_matrixcontent_imagecardrow` (
  `id` int(11) NOT NULL AUTO_INCREMENT,
  `elementId` int(11) NOT NULL,
  `locale` char(12) COLLATE utf8_unicode_ci NOT NULL,
  `field_imageCard_headline` text COLLATE utf8_unicode_ci,
  `field_imageCard_body` text COLLATE utf8_unicode_ci,
  `dateCreated` datetime NOT NULL,
  `dateUpdated` datetime NOT NULL,
  `uid` char(36) COLLATE utf8_unicode_ci NOT NULL DEFAULT '0',
  PRIMARY KEY (`id`),
  UNIQUE KEY `craft_matrixcontent_imagecardrow_elementId_locale_unq_idx` (`elementId`,`locale`),
  KEY `craft_matrixcontent_imagecardrow_locale_fk` (`locale`)
) ENGINE=InnoDB AUTO_INCREMENT=4 DEFAULT CHARSET=utf8 COLLATE=utf8_unicode_ci;

--
-- Data for table `craft_matrixcontent_imagecardrow`
--

INSERT INTO `craft_matrixcontent_imagecardrow` (`id`, `elementId`, `locale`, `field_imageCard_headline`, `field_imageCard_body`, `dateCreated`, `dateUpdated`, `uid`) VALUES
 ('1', '319', 'en_us', 'Card 1 Headline', '<p>Card 1 body text</p>', '2017-08-10 22:00:29', '2017-08-10 23:07:51', 'f0fcca3e-b84e-4144-a4e8-c7c5350c0a76'),
 ('2', '320', 'en_us', 'Card 2 Headline', '<p>Card 2 body text goes right here.</p>', '2017-08-10 22:00:29', '2017-08-10 23:07:51', '1f6f161f-137c-4fd5-a99d-119b0fa72902'),
 ('3', '321', 'en_us', 'Card 3 Headline', '<p>Card 3 body looks like this.</p>', '2017-08-10 22:00:29', '2017-08-10 23:07:51', '183cb3bc-e2d2-40a1-9f83-8f7d9cd99413');



DROP TABLE IF EXISTS `craft_matrixcontent_legallinks`;


--
-- Schema for table `craft_matrixcontent_legallinks`
--
CREATE TABLE `craft_matrixcontent_legallinks` (
  `id` int(11) NOT NULL AUTO_INCREMENT,
  `elementId` int(11) NOT NULL,
  `locale` char(12) COLLATE utf8_unicode_ci NOT NULL,
  `field_legalLink_linkInfo` text COLLATE utf8_unicode_ci,
  `dateCreated` datetime NOT NULL,
  `dateUpdated` datetime NOT NULL,
  `uid` char(36) COLLATE utf8_unicode_ci NOT NULL DEFAULT '0',
  PRIMARY KEY (`id`),
  UNIQUE KEY `craft_matrixcontent_legallinks_elementId_locale_unq_idx` (`elementId`,`locale`),
  KEY `craft_matrixcontent_legallinks_locale_fk` (`locale`)
) ENGINE=InnoDB AUTO_INCREMENT=5 DEFAULT CHARSET=utf8 COLLATE=utf8_unicode_ci;

--
-- Data for table `craft_matrixcontent_legallinks`
--

INSERT INTO `craft_matrixcontent_legallinks` (`id`, `elementId`, `locale`, `field_legalLink_linkInfo`, `dateCreated`, `dateUpdated`, `uid`) VALUES
 ('1', '275', 'en_us', '{\"type\":\"custom\",\"custom\":\"https:\\/\\/www.snap.com\\/en-US\\/privacy\\/privacy-policy\\/\",\"entry\":\"\",\"customText\":\"Privacy Policy\",\"target\":\"_blank\"}', '2017-08-07 23:13:17', '2017-08-07 23:39:40', '1a828335-e74e-49ff-86fb-8d38498579af'),
 ('2', '276', 'en_us', '{\"type\":\"custom\",\"custom\":\"https:\\/\\/www.snap.com\\/en-US\\/terms\\/\",\"entry\":\"\",\"customText\":\"Terms of Service\",\"target\":\"_blank\"}', '2017-08-07 23:13:17', '2017-08-07 23:39:40', 'b804b62a-7fd9-40a6-8d9b-b2f240f93160'),
 ('3', '284', 'en_us', '{\"type\":\"custom\",\"custom\":\"https:\\/\\/www.snap.com\\/en-US\\/privacy\\/privacy-policy\\/\",\"entry\":\"\",\"customText\":\"Privacy Policy\",\"target\":\"_blank\"}', '2017-08-08 17:46:27', '2017-08-08 17:46:47', '2c458b34-1e8d-452e-aaf9-b4b706088f96'),
 ('4', '285', 'en_us', '{\"type\":\"custom\",\"custom\":\"https:\\/\\/www.snap.com\\/en-US\\/terms\\/\",\"entry\":\"\",\"customText\":\"Terms of Service\",\"target\":\"_blank\"}', '2017-08-08 17:46:27', '2017-08-08 17:46:47', '4de022ac-7371-4317-a276-b185be98c0eb');



DROP TABLE IF EXISTS `craft_matrixcontent_logos`;


--
-- Schema for table `craft_matrixcontent_logos`
--
CREATE TABLE `craft_matrixcontent_logos` (
  `id` int(11) NOT NULL AUTO_INCREMENT,
  `elementId` int(11) NOT NULL,
  `locale` char(12) COLLATE utf8_unicode_ci NOT NULL,
  `field_logo_imageAltText` text COLLATE utf8_unicode_ci,
  `field_logo_imageLinkUrl` text COLLATE utf8_unicode_ci,
  `dateCreated` datetime NOT NULL,
  `dateUpdated` datetime NOT NULL,
  `uid` char(36) COLLATE utf8_unicode_ci NOT NULL DEFAULT '0',
  PRIMARY KEY (`id`),
  UNIQUE KEY `craft_matrixcontent_logos_elementId_locale_unq_idx` (`elementId`,`locale`),
  KEY `craft_matrixcontent_logos_locale_fk` (`locale`)
) ENGINE=InnoDB AUTO_INCREMENT=4 DEFAULT CHARSET=utf8 COLLATE=utf8_unicode_ci;

--
-- Data for table `craft_matrixcontent_logos`
--

INSERT INTO `craft_matrixcontent_logos` (`id`, `elementId`, `locale`, `field_logo_imageAltText`, `field_logo_imageLinkUrl`, `dateCreated`, `dateUpdated`, `uid`) VALUES
 ('1', '323', 'en_us', 'Adjust logo', 'https://forbusiness.snapchat.com', '2017-08-10 22:00:29', '2017-08-10 23:07:51', '925d7917-44c3-45d0-aa05-187d510a36ad'),
 ('2', '324', 'en_us', 'Appsflyer logo', 'https://forbusiness.snapchat.com', '2017-08-10 22:00:29', '2017-08-10 23:07:51', 'd16feb2a-9089-4683-8cbf-8c20675c1a47'),
 ('3', '325', 'en_us', 'Double Click logo', 'https://forbusiness.snapchat.com', '2017-08-10 22:00:29', '2017-08-10 23:07:51', '3a8d5e2d-a620-4afa-a6a5-0801c1f222c4');



DROP TABLE IF EXISTS `craft_matrixcontent_mobiledevices`;


--
-- Schema for table `craft_matrixcontent_mobiledevices`
--
CREATE TABLE `craft_matrixcontent_mobiledevices` (
  `id` int(11) NOT NULL AUTO_INCREMENT,
  `elementId` int(11) NOT NULL,
  `locale` char(12) COLLATE utf8_unicode_ci NOT NULL,
  `field_device_headline` text COLLATE utf8_unicode_ci,
  `field_device_subhead` text COLLATE utf8_unicode_ci,
  `dateCreated` datetime NOT NULL,
  `dateUpdated` datetime NOT NULL,
  `uid` char(36) COLLATE utf8_unicode_ci NOT NULL DEFAULT '0',
  PRIMARY KEY (`id`),
  UNIQUE KEY `craft_matrixcontent_mobiledevices_elementId_locale_unq_idx` (`elementId`,`locale`),
  KEY `craft_matrixcontent_mobiledevices_locale_fk` (`locale`)
) ENGINE=InnoDB AUTO_INCREMENT=21 DEFAULT CHARSET=utf8 COLLATE=utf8_unicode_ci;

--
-- Data for table `craft_matrixcontent_mobiledevices`
--

INSERT INTO `craft_matrixcontent_mobiledevices` (`id`, `elementId`, `locale`, `field_device_headline`, `field_device_subhead`, `dateCreated`, `dateUpdated`, `uid`) VALUES
 ('5', '191', 'en_us', 'Headline john', 'subhead jogn', '2017-08-01 22:35:00', '2017-08-07 16:49:46', '3d4f5e30-bd9d-4b60-9768-0ad402827125'),
 ('7', '195', 'en_us', 'test1', 'test1', '2017-08-02 00:32:52', '2017-08-07 16:49:46', 'e97ebff3-6edb-4d85-8402-77db2f700dfd'),
 ('9', '206', 'en_us', 'Snap Ads', 'Captivate your audience with full-screen Snap Ads.', '2017-08-03 18:46:17', '2017-08-07 21:49:06', '51b7444e-c78b-446e-8da4-34bebbe3eff8'),
 ('10', '207', 'en_us', 'Filters', 'Own a place or event with location-based Filters.', '2017-08-03 18:50:27', '2017-08-07 21:49:06', '25bc1107-e2d2-43b9-9868-5d37a31c43e6'),
 ('11', '208', 'en_us', 'Lenses', 'Invite customers to play and share with Lenses.', '2017-08-03 18:50:27', '2017-08-07 21:49:06', '8ea433a4-d707-4c08-8d68-69a01ea5dba1'),
 ('12', '214', 'en_us', '', '', '2017-08-03 19:02:45', '2017-08-07 21:49:07', '65a44a8a-5752-4a62-8bff-0fb123c63ef9'),
 ('13', '215', 'en_us', '', '', '2017-08-03 19:02:45', '2017-08-07 21:49:07', '82988cbc-5c2b-42be-a24d-26dde265824e'),
 ('14', '216', 'en_us', '', '', '2017-08-03 19:02:45', '2017-08-07 21:49:07', '7a56102c-5f6d-4be9-b2b1-bd0007ff69b3'),
 ('15', '217', 'en_us', '', '', '2017-08-03 19:02:45', '2017-08-07 21:49:07', 'fc208643-ec52-4829-8f16-43efc2b4c1a5'),
 ('16', '218', 'en_us', '', '', '2017-08-03 19:02:45', '2017-08-07 21:49:07', '6cb68dbf-6a75-4ae1-9260-6bf84c6c4cbd'),
 ('17', '219', 'en_us', '', '', '2017-08-03 19:02:45', '2017-08-07 21:49:07', '11c8ef04-1092-44c5-9933-065e21dd512d'),
 ('18', '327', 'en_us', 'Device 1 headline', '<p>Quam diu etiam furor iste tuus nos eludet? Plura mihi bona sunt, inclinet, amari petere vellent.</p>', '2017-08-10 22:00:29', '2017-08-10 23:07:51', 'f0fdde0e-e5fb-420b-b547-aded6a095801'),
 ('19', '328', 'en_us', 'Device 2 Headline', '<p>Quam diu etiam furor iste tuus nos eludet? Plura mihi bona sunt, inclinet, amari petere vellent.</p>', '2017-08-10 22:11:49', '2017-08-10 23:07:51', '83255f0e-218e-4ed4-a447-0d0eb174ef87'),
 ('20', '329', 'en_us', 'Device 3 Headline', '<p>Quam diu etiam furor iste tuus nos eludet? Plura mihi bona sunt, inclinet, amari petere vellent.</p>', '2017-08-10 22:11:49', '2017-08-10 23:07:51', 'f04de447-e110-4edd-a87b-da4b99c8cdf1');



DROP TABLE IF EXISTS `craft_matrixcontent_pageannotations`;


--
-- Schema for table `craft_matrixcontent_pageannotations`
--
CREATE TABLE `craft_matrixcontent_pageannotations` (
  `id` int(11) NOT NULL AUTO_INCREMENT,
  `elementId` int(11) NOT NULL,
  `locale` char(12) COLLATE utf8_unicode_ci NOT NULL,
  `field_annotation_number` int(10) unsigned DEFAULT '0',
  `field_annotation_text` text COLLATE utf8_unicode_ci,
  `dateCreated` datetime NOT NULL,
  `dateUpdated` datetime NOT NULL,
  `uid` char(36) COLLATE utf8_unicode_ci NOT NULL DEFAULT '0',
  PRIMARY KEY (`id`),
  UNIQUE KEY `craft_matrixcontent_pageannotations_elementId_locale_unq_idx` (`elementId`,`locale`),
  KEY `craft_matrixcontent_pageannotations_locale_fk` (`locale`)
) ENGINE=InnoDB AUTO_INCREMENT=3 DEFAULT CHARSET=utf8 COLLATE=utf8_unicode_ci;

--
-- Data for table `craft_matrixcontent_pageannotations`
--

INSERT INTO `craft_matrixcontent_pageannotations` (`id`, `elementId`, `locale`, `field_annotation_number`, `field_annotation_text`, `dateCreated`, `dateUpdated`, `uid`) VALUES
 ('1', '315', 'en_us', '1', 'Cool annotation bro.', '2017-08-10 22:00:29', '2017-08-10 23:07:51', '5b457a96-7b41-412a-9f95-defe579398de'),
 ('2', '316', 'en_us', '2', 'Great job annotating this.', '2017-08-10 22:00:29', '2017-08-10 23:07:51', 'd7c07f4c-5f36-4afe-bb40-c29d74a11936');



DROP TABLE IF EXISTS `craft_matrixcontent_prefooterheadline`;


--
-- Schema for table `craft_matrixcontent_prefooterheadline`
--
CREATE TABLE `craft_matrixcontent_prefooterheadline` (
  `id` int(11) NOT NULL AUTO_INCREMENT,
  `elementId` int(11) NOT NULL,
  `locale` char(12) COLLATE utf8_unicode_ci NOT NULL,
  `field_preFooterComponent_backgroundColor` varchar(255) COLLATE utf8_unicode_ci DEFAULT NULL,
  `field_preFooterComponent_headline` text COLLATE utf8_unicode_ci,
  `field_preFooterComponent_ctaButton` text COLLATE utf8_unicode_ci,
  `dateCreated` datetime NOT NULL,
  `dateUpdated` datetime NOT NULL,
  `uid` char(36) COLLATE utf8_unicode_ci NOT NULL DEFAULT '0',
  PRIMARY KEY (`id`),
  UNIQUE KEY `craft_matrixcontent_prefooterheadline_elementId_locale_unq_idx` (`elementId`,`locale`),
  KEY `craft_matrixcontent_prefooterheadline_locale_fk` (`locale`)
) ENGINE=InnoDB AUTO_INCREMENT=2 DEFAULT CHARSET=utf8 COLLATE=utf8_unicode_ci;

--
-- Data for table `craft_matrixcontent_prefooterheadline`
--

INSERT INTO `craft_matrixcontent_prefooterheadline` (`id`, `elementId`, `locale`, `field_preFooterComponent_backgroundColor`, `field_preFooterComponent_headline`, `field_preFooterComponent_ctaButton`, `dateCreated`, `dateUpdated`, `uid`) VALUES
 ('1', '272', 'en_us', '#FFFC00', 'It’s easy to create and manage campaigns on Snapchat', '{\"type\":\"custom\",\"custom\":\"snapchat.com\",\"entry\":\"\",\"customText\":\"Get Started\",\"target\":\"\"}', '2017-08-07 23:13:17', '2017-08-09 20:57:20', 'a2b77577-e3f2-4770-913e-23e0c096380f');



DROP TABLE IF EXISTS `craft_matrixcontent_primarynavigation`;


--
-- Schema for table `craft_matrixcontent_primarynavigation`
--
CREATE TABLE `craft_matrixcontent_primarynavigation` (
  `id` int(11) NOT NULL AUTO_INCREMENT,
  `elementId` int(11) NOT NULL,
  `locale` char(12) COLLATE utf8_unicode_ci NOT NULL,
  `field_navItem_linkInfo` text COLLATE utf8_unicode_ci,
  `dateCreated` datetime NOT NULL,
  `dateUpdated` datetime NOT NULL,
  `uid` char(36) COLLATE utf8_unicode_ci NOT NULL DEFAULT '0',
  PRIMARY KEY (`id`),
  UNIQUE KEY `craft_matrixcontent_primarynavigation_elementId_locale_unq_idx` (`elementId`,`locale`),
  KEY `craft_matrixcontent_primarynavigation_locale_fk` (`locale`)
) ENGINE=InnoDB AUTO_INCREMENT=5 DEFAULT CHARSET=utf8 COLLATE=utf8_unicode_ci;

--
-- Data for table `craft_matrixcontent_primarynavigation`
--

INSERT INTO `craft_matrixcontent_primarynavigation` (`id`, `elementId`, `locale`, `field_navItem_linkInfo`, `dateCreated`, `dateUpdated`, `uid`) VALUES
 ('1', '268', 'en_us', '{\"type\":\"entry\",\"custom\":\"\",\"entry\":[\"98\"],\"customText\":\"Ad Products\",\"target\":\"\"}', '2017-08-07 21:48:31', '2017-08-09 20:50:50', 'b6380389-5bec-442d-bcdf-6364ae69e5d7'),
 ('2', '269', 'en_us', '{\"type\":\"entry\",\"custom\":\"\",\"entry\":[\"264\"],\"customText\":\"Blog\",\"target\":\"\"}', '2017-08-07 21:48:31', '2017-08-09 20:50:51', '6342c0b8-1e9e-4744-a8aa-7798cfe66427'),
 ('3', '293', 'en_us', '{\"type\":\"entry\",\"custom\":\"\",\"entry\":[\"290\"],\"customText\":\"Audiences\",\"target\":\"\"}', '2017-08-09 20:50:51', '2017-08-09 20:50:51', '33d70c58-67e5-4ce9-b60e-16284ecbaf05'),
 ('4', '294', 'en_us', '{\"type\":\"entry\",\"custom\":\"\",\"entry\":[\"291\"],\"customText\":\"\",\"target\":\"\"}', '2017-08-09 20:50:51', '2017-08-09 20:50:51', 'c827f119-c6e8-4d0b-baa4-fe7a8808bbbd');



DROP TABLE IF EXISTS `craft_matrixcontent_secondarynavigation`;


--
-- Schema for table `craft_matrixcontent_secondarynavigation`
--
CREATE TABLE `craft_matrixcontent_secondarynavigation` (
  `id` int(11) NOT NULL AUTO_INCREMENT,
  `elementId` int(11) NOT NULL,
  `locale` char(12) COLLATE utf8_unicode_ci NOT NULL,
  `field_navItem_linkInfo` text COLLATE utf8_unicode_ci,
  `dateCreated` datetime NOT NULL,
  `dateUpdated` datetime NOT NULL,
  `uid` char(36) COLLATE utf8_unicode_ci NOT NULL DEFAULT '0',
  PRIMARY KEY (`id`),
  UNIQUE KEY `craft_matrixcontent_secondarynavigation_elementId_locale_unq_idx` (`elementId`,`locale`),
  KEY `craft_matrixcontent_secondarynavigation_locale_fk` (`locale`)
) ENGINE=InnoDB AUTO_INCREMENT=7 DEFAULT CHARSET=utf8 COLLATE=utf8_unicode_ci;

--
-- Data for table `craft_matrixcontent_secondarynavigation`
--

INSERT INTO `craft_matrixcontent_secondarynavigation` (`id`, `elementId`, `locale`, `field_navItem_linkInfo`, `dateCreated`, `dateUpdated`, `uid`) VALUES
 ('2', '282', 'en_us', '{\"type\":\"custom\",\"custom\":\"https:\\/\\/businesshelp.snapchat.com\\/\",\"entry\":\"\",\"customText\":\"Support\",\"target\":\"_blank\"}', '2017-08-07 23:46:45', '2017-08-09 20:50:51', '65d4cba4-426a-4a0e-8d28-1362fab47a07'),
 ('3', '295', 'en_us', '{\"type\":\"entry\",\"custom\":\"\",\"entry\":[\"289\"],\"customText\":\"Ad Tools\",\"target\":\"\"}', '2017-08-09 20:50:51', '2017-08-09 20:50:51', 'e085a7a5-6ff2-463a-a159-1a5acfcc74db'),
 ('4', '296', 'en_us', '{\"type\":\"entry\",\"custom\":\"\",\"entry\":[\"259\"],\"customText\":\"Success Stories\",\"target\":\"\"}', '2017-08-09 20:50:51', '2017-08-09 20:50:51', 'add7b40d-9bb3-45de-bee7-4bdc48665660'),
 ('5', '297', 'en_us', '{\"type\":\"custom\",\"custom\":\"https:\\/\\/developers.snapchat.com\\/ads\\/partners\\/\",\"entry\":\"\",\"customText\":\"Partners\",\"target\":\"\"}', '2017-08-09 20:50:51', '2017-08-09 20:50:51', 'd12c058e-d11f-435a-8d31-16c2c40452f5'),
 ('6', '298', 'en_us', '{\"type\":\"custom\",\"custom\":\"https:\\/\\/accounts.snapchat.com\",\"entry\":\"\",\"customText\":\"Log In\",\"target\":\"\"}', '2017-08-09 20:50:51', '2017-08-09 20:50:51', 'd508789b-3c92-4c21-87c2-c66619bde18f');



DROP TABLE IF EXISTS `craft_matrixcontent_video`;


--
-- Schema for table `craft_matrixcontent_video`
--
CREATE TABLE `craft_matrixcontent_video` (
  `id` int(11) NOT NULL AUTO_INCREMENT,
  `elementId` int(11) NOT NULL,
  `locale` char(12) COLLATE utf8_unicode_ci NOT NULL,
  `dateCreated` datetime NOT NULL,
  `dateUpdated` datetime NOT NULL,
  `uid` char(36) COLLATE utf8_unicode_ci NOT NULL DEFAULT '0',
  PRIMARY KEY (`id`),
  UNIQUE KEY `craft_matrixcontent_video_elementId_locale_unq_idx` (`elementId`,`locale`),
  KEY `craft_matrixcontent_video_locale_fk` (`locale`)
) ENGINE=InnoDB DEFAULT CHARSET=utf8 COLLATE=utf8_unicode_ci;

DROP TABLE IF EXISTS `craft_matrixcontent_videostep`;


--
-- Schema for table `craft_matrixcontent_videostep`
--
CREATE TABLE `craft_matrixcontent_videostep` (
  `id` int(11) NOT NULL AUTO_INCREMENT,
  `elementId` int(11) NOT NULL,
  `locale` char(12) COLLATE utf8_unicode_ci NOT NULL,
  `field_step_timeCode` decimal(11,1) unsigned DEFAULT '0.0',
  `field_step_descriptionLabel` text COLLATE utf8_unicode_ci,
  `dateCreated` datetime NOT NULL,
  `dateUpdated` datetime NOT NULL,
  `uid` char(36) COLLATE utf8_unicode_ci NOT NULL DEFAULT '0',
  PRIMARY KEY (`id`),
  UNIQUE KEY `craft_matrixcontent_videostep_elementId_locale_unq_idx` (`elementId`,`locale`),
  KEY `craft_matrixcontent_videostep_locale_fk` (`locale`)
) ENGINE=InnoDB DEFAULT CHARSET=utf8 COLLATE=utf8_unicode_ci;

DROP TABLE IF EXISTS `craft_migrations`;


--
-- Schema for table `craft_migrations`
--
CREATE TABLE `craft_migrations` (
  `id` int(11) NOT NULL AUTO_INCREMENT,
  `pluginId` int(11) DEFAULT NULL,
  `version` varchar(255) COLLATE utf8_unicode_ci NOT NULL,
  `applyTime` datetime NOT NULL,
  `dateCreated` datetime NOT NULL,
  `dateUpdated` datetime NOT NULL,
  `uid` char(36) COLLATE utf8_unicode_ci NOT NULL DEFAULT '0',
  PRIMARY KEY (`id`),
  UNIQUE KEY `craft_migrations_version_unq_idx` (`version`),
  KEY `craft_migrations_pluginId_fk` (`pluginId`)
) ENGINE=InnoDB AUTO_INCREMENT=45 DEFAULT CHARSET=utf8 COLLATE=utf8_unicode_ci;

--
-- Data for table `craft_migrations`
--

INSERT INTO `craft_migrations` (`id`, `pluginId`, `version`, `applyTime`, `dateCreated`, `dateUpdated`, `uid`) VALUES
 ('1', NULL, 'm000000_000000_base', '2017-07-20 17:27:57', '2017-07-20 17:27:57', '2017-07-20 17:27:57', 'efe2d07e-f3c1-4fde-91dc-23427e2c85d7'),
 ('2', NULL, 'm140730_000001_add_filename_and_format_to_transformindex', '2017-07-20 17:27:57', '2017-07-20 17:27:57', '2017-07-20 17:27:57', '345547ee-c45a-495d-a3c8-3ffa9efc5177'),
 ('3', NULL, 'm140815_000001_add_format_to_transforms', '2017-07-20 17:27:57', '2017-07-20 17:27:57', '2017-07-20 17:27:57', '16ce6a9f-c104-4798-8b14-e4262cd278f4'),
 ('4', NULL, 'm140822_000001_allow_more_than_128_items_per_field', '2017-07-20 17:27:57', '2017-07-20 17:27:57', '2017-07-20 17:27:57', 'eb88a8e9-67bb-435c-bf6d-ea96fba0990e'),
 ('5', NULL, 'm140829_000001_single_title_formats', '2017-07-20 17:27:57', '2017-07-20 17:27:57', '2017-07-20 17:27:57', '137b4cc7-40ac-4b6b-8a5b-aa61f6293e5c'),
 ('6', NULL, 'm140831_000001_extended_cache_keys', '2017-07-20 17:27:57', '2017-07-20 17:27:57', '2017-07-20 17:27:57', 'e17e659f-185f-4b0d-a5ac-1edca0ceee94'),
 ('7', NULL, 'm140922_000001_delete_orphaned_matrix_blocks', '2017-07-20 17:27:57', '2017-07-20 17:27:57', '2017-07-20 17:27:57', '10847926-412e-4149-96a7-620eae4bfcae'),
 ('8', NULL, 'm141008_000001_elements_index_tune', '2017-07-20 17:27:57', '2017-07-20 17:27:57', '2017-07-20 17:27:57', 'e80676ce-3a77-4185-808c-645a32273ab6'),
 ('9', NULL, 'm141009_000001_assets_source_handle', '2017-07-20 17:27:57', '2017-07-20 17:27:57', '2017-07-20 17:27:57', 'caa41901-1469-49b0-890b-f06f3f78204e'),
 ('10', NULL, 'm141024_000001_field_layout_tabs', '2017-07-20 17:27:57', '2017-07-20 17:27:57', '2017-07-20 17:27:57', '948e4331-6a60-47ed-ae26-a333d9258f97'),
 ('11', NULL, 'm141030_000000_plugin_schema_versions', '2017-07-20 17:27:57', '2017-07-20 17:27:57', '2017-07-20 17:27:57', '46b49a3f-ed05-4aa2-8a4e-025ec3bfb274'),
 ('12', NULL, 'm141030_000001_drop_structure_move_permission', '2017-07-20 17:27:57', '2017-07-20 17:27:57', '2017-07-20 17:27:57', '4c35154b-80ce-4985-a215-aff84268c6df'),
 ('13', NULL, 'm141103_000001_tag_titles', '2017-07-20 17:27:57', '2017-07-20 17:27:57', '2017-07-20 17:27:57', 'e4a8ad51-c356-430f-bbad-5c3498a5eaf7'),
 ('14', NULL, 'm141109_000001_user_status_shuffle', '2017-07-20 17:27:57', '2017-07-20 17:27:57', '2017-07-20 17:27:57', '9e5a07ea-6b45-4c5c-902e-e949ddcc2996'),
 ('15', NULL, 'm141126_000001_user_week_start_day', '2017-07-20 17:27:57', '2017-07-20 17:27:57', '2017-07-20 17:27:57', '6c3adfa2-1a6f-4a27-910e-bcf82dad17cc'),
 ('16', NULL, 'm150210_000001_adjust_user_photo_size', '2017-07-20 17:27:57', '2017-07-20 17:27:57', '2017-07-20 17:27:57', '2e4ce147-9d77-46f1-a937-20736ca47f1f'),
 ('17', NULL, 'm150724_000001_adjust_quality_settings', '2017-07-20 17:27:57', '2017-07-20 17:27:57', '2017-07-20 17:27:57', '41901dad-f62d-4e3f-bdc6-6867989386a8'),
 ('18', NULL, 'm150827_000000_element_index_settings', '2017-07-20 17:27:57', '2017-07-20 17:27:57', '2017-07-20 17:27:57', '5cb3cdc0-d1be-428d-a4db-7503547bc526'),
 ('19', NULL, 'm150918_000001_add_colspan_to_widgets', '2017-07-20 17:27:57', '2017-07-20 17:27:57', '2017-07-20 17:27:57', 'b93d37a0-ca8a-4133-9b03-017c780c6cf2'),
 ('20', NULL, 'm151007_000000_clear_asset_caches', '2017-07-20 17:27:57', '2017-07-20 17:27:57', '2017-07-20 17:27:57', 'e8553fbc-d628-41de-b450-23988562f4b8'),
 ('21', NULL, 'm151109_000000_text_url_formats', '2017-07-20 17:27:57', '2017-07-20 17:27:57', '2017-07-20 17:27:57', 'fafa5a1e-bc9a-4226-8a9a-d1b3b8977697'),
 ('22', NULL, 'm151110_000000_move_logo', '2017-07-20 17:27:57', '2017-07-20 17:27:57', '2017-07-20 17:27:57', '3c182eff-23db-4c2d-9444-a97e1d99a1ef'),
 ('23', NULL, 'm151117_000000_adjust_image_widthheight', '2017-07-20 17:27:57', '2017-07-20 17:27:57', '2017-07-20 17:27:57', 'e9b38d15-059b-4ebe-bdd9-af994e2b6e77'),
 ('24', NULL, 'm151127_000000_clear_license_key_status', '2017-07-20 17:27:57', '2017-07-20 17:27:57', '2017-07-20 17:27:57', '138eb436-06b6-4b9e-8601-faf1416390f5'),
 ('25', NULL, 'm151127_000000_plugin_license_keys', '2017-07-20 17:27:57', '2017-07-20 17:27:57', '2017-07-20 17:27:57', '4c894a6d-f5f7-48be-a392-024444eb51c3'),
 ('26', NULL, 'm151130_000000_update_pt_widget_feeds', '2017-07-20 17:27:57', '2017-07-20 17:27:57', '2017-07-20 17:27:57', '1a5713c1-89ca-456e-a43c-6545391191e6'),
 ('27', NULL, 'm160114_000000_asset_sources_public_url_default_true', '2017-07-20 17:27:57', '2017-07-20 17:27:57', '2017-07-20 17:27:57', '9bd28ef8-1b47-4c22-8f05-e09820bb8c56'),
 ('28', NULL, 'm160223_000000_sortorder_to_smallint', '2017-07-20 17:27:57', '2017-07-20 17:27:57', '2017-07-20 17:27:57', '2774aa51-03f4-4ccb-92d7-f9701f8d4045'),
 ('29', NULL, 'm160229_000000_set_default_entry_statuses', '2017-07-20 17:27:57', '2017-07-20 17:27:57', '2017-07-20 17:27:57', '892e5cd0-2a13-49f3-863d-a153a1e73952'),
 ('30', NULL, 'm160304_000000_client_permissions', '2017-07-20 17:27:57', '2017-07-20 17:27:57', '2017-07-20 17:27:57', '8a517f9e-9465-428a-9493-2f0f80ed110c'),
 ('31', NULL, 'm160322_000000_asset_filesize', '2017-07-20 17:27:57', '2017-07-20 17:27:57', '2017-07-20 17:27:57', '1b714e6a-085d-4228-a357-871cc99fbf61'),
 ('32', NULL, 'm160503_000000_orphaned_fieldlayouts', '2017-07-20 17:27:57', '2017-07-20 17:27:57', '2017-07-20 17:27:57', '5a3c33d5-fed0-42c7-80a5-f0552a6b04c0'),
 ('33', NULL, 'm160510_000000_tasksettings', '2017-07-20 17:27:57', '2017-07-20 17:27:57', '2017-07-20 17:27:57', '4efebc0a-45aa-4cdb-90d5-128da73708a5'),
 ('34', NULL, 'm160829_000000_pending_user_content_cleanup', '2017-07-20 17:27:57', '2017-07-20 17:27:57', '2017-07-20 17:27:57', 'b78a8313-53e3-4f17-aed4-ed3ac1800d13'),
 ('35', NULL, 'm160830_000000_asset_index_uri_increase', '2017-07-20 17:27:57', '2017-07-20 17:27:57', '2017-07-20 17:27:57', '3056d019-2ff2-4217-a4f1-56bcdac48a82'),
 ('36', NULL, 'm160919_000000_usergroup_handle_title_unique', '2017-07-20 17:27:57', '2017-07-20 17:27:57', '2017-07-20 17:27:57', '288fd53a-8412-4bd4-ba3e-b4ad34e14011'),
 ('37', NULL, 'm161108_000000_new_version_format', '2017-07-20 17:27:57', '2017-07-20 17:27:57', '2017-07-20 17:27:57', '23c9ed46-7c8c-4793-93f9-f1c7fdfcb465'),
 ('38', NULL, 'm161109_000000_index_shuffle', '2017-07-20 17:27:57', '2017-07-20 17:27:57', '2017-07-20 17:27:57', '8b4219a1-cc1f-4173-b873-063bc7df55ff'),
 ('39', NULL, 'm170612_000000_route_index_shuffle', '2017-07-20 17:27:57', '2017-07-20 17:27:57', '2017-07-20 17:27:57', '1bcf337b-c17d-4fc2-8f0f-6c4cc4949cc2'),
 ('40', '1', 'm160428_202308_Neo_UpdateBlockLevels', '2017-07-20 17:32:06', '2017-07-20 17:32:06', '2017-07-20 17:32:06', 'bd6e1460-52fb-4e8f-965c-0fb22c29ce0b'),
 ('41', '1', 'm160515_005002_Neo_UpdateBlockStructure', '2017-07-20 17:32:06', '2017-07-20 17:32:06', '2017-07-20 17:32:06', 'c7df5320-0e77-4eba-8ded-bfd92a96af8a'),
 ('42', '1', 'm160605_191540_Neo_UpdateBlockStructureLocales', '2017-07-20 17:32:06', '2017-07-20 17:32:06', '2017-07-20 17:32:06', '39377eef-c60a-41c0-9b08-b2022cd95262'),
 ('43', '1', 'm161029_230849_Neo_AddMaxChildBlocksSetting', '2017-07-20 17:32:06', '2017-07-20 17:32:06', '2017-07-20 17:32:06', '431657ce-9d11-47e3-8c54-482aa21fe6ed'),
 ('44', '2', 'm160208_010101_FruitLinkIt_UpdateExistingLinkItFields', '2017-07-20 17:36:24', '2017-07-20 17:36:24', '2017-07-20 17:36:24', '83607e0a-ee60-4352-897e-043bc73930ec');



DROP TABLE IF EXISTS `craft_neoblocks`;


--
-- Schema for table `craft_neoblocks`
--
CREATE TABLE `craft_neoblocks` (
  `id` int(11) NOT NULL,
  `ownerId` int(11) NOT NULL,
  `fieldId` int(11) NOT NULL,
  `typeId` int(11) DEFAULT NULL,
  `collapsed` tinyint(1) unsigned NOT NULL DEFAULT '0',
  `ownerLocale` char(12) COLLATE utf8_unicode_ci DEFAULT NULL,
  `dateCreated` datetime NOT NULL,
  `dateUpdated` datetime NOT NULL,
  `uid` char(36) COLLATE utf8_unicode_ci NOT NULL DEFAULT '0',
  PRIMARY KEY (`id`),
  KEY `craft_neoblocks_ownerId_idx` (`ownerId`),
  KEY `craft_neoblocks_fieldId_idx` (`fieldId`),
  KEY `craft_neoblocks_typeId_idx` (`typeId`),
  KEY `craft_neoblocks_collapsed_idx` (`collapsed`),
  KEY `craft_neoblocks_ownerLocale_fk` (`ownerLocale`)
) ENGINE=InnoDB DEFAULT CHARSET=utf8 COLLATE=utf8_unicode_ci;

--
-- Data for table `craft_neoblocks`
--

INSERT INTO `craft_neoblocks` (`id`, `ownerId`, `fieldId`, `typeId`, `collapsed`, `ownerLocale`, `dateCreated`, `dateUpdated`, `uid`) VALUES
 ('107', '98', '3', '15', '0', 'en_us', '2017-07-26 23:03:48', '2017-08-07 21:49:06', '64613ea5-6d78-4daf-9e5b-d085219c5a2d'),
 ('108', '98', '3', '16', '0', 'en_us', '2017-07-26 23:03:48', '2017-08-07 21:49:06', '2eb81aa8-539f-4814-9495-ae64ced9975d'),
 ('110', '98', '3', '20', '0', 'en_us', '2017-07-26 23:03:48', '2017-08-07 21:49:06', 'd5ad295d-a480-4fc0-83f6-e626134fdcb5'),
 ('118', '98', '3', '15', '0', 'en_us', '2017-07-26 23:03:48', '2017-08-07 21:49:07', 'c8adfa79-f940-488f-88a9-b5c1e956cd08'),
 ('119', '98', '3', '16', '0', 'en_us', '2017-07-26 23:03:48', '2017-08-07 21:49:07', 'cb610f61-a0b7-4583-a150-b8ba9c8c0eee'),
 ('124', '98', '3', '20', '0', 'en_us', '2017-07-26 23:03:48', '2017-08-07 21:49:07', '7e6caf60-40e8-4bcc-ab31-332efda1a66a'),
 ('128', '98', '3', '15', '0', 'en_us', '2017-07-26 23:03:48', '2017-08-07 21:49:07', '455e81ea-5e88-4cfd-a17e-8664ce0b49c2'),
 ('129', '98', '3', '16', '0', 'en_us', '2017-07-26 23:03:48', '2017-08-07 21:49:07', '8f112cca-9d42-4b9c-a727-91c6986df35c'),
 ('132', '98', '3', '20', '0', 'en_us', '2017-07-26 23:03:48', '2017-08-07 21:49:07', 'be32215a-acdd-421f-a471-9002c71fd6da'),
 ('136', '98', '3', '15', '0', 'en_us', '2017-07-26 23:03:49', '2017-08-07 21:49:07', '43191ff0-4ff3-4372-9734-7202091dba8d'),
 ('137', '98', '3', '16', '0', 'en_us', '2017-07-26 23:03:49', '2017-08-07 21:49:07', '3af39da9-495c-4fee-bfea-9146e6ae56f7'),
 ('144', '98', '3', '15', '0', 'en_us', '2017-07-26 23:22:13', '2017-08-07 21:49:06', 'd57c99bc-c668-4195-ac6b-6be305226e06'),
 ('162', '98', '3', '26', '0', 'en_us', '2017-07-26 23:33:33', '2017-08-07 21:49:07', 'cb727fbd-3759-48be-ac58-50e62fb83dee'),
 ('209', '98', '3', '16', '0', 'en_us', '2017-08-03 18:50:27', '2017-08-07 21:49:06', '8f32c2fe-e9b4-4814-a589-18315e2b4072'),
 ('221', '98', '3', '19', '0', 'en_us', '2017-08-03 19:02:45', '2017-08-07 21:49:07', '4888cfeb-ae43-4742-a19a-1d53b75e45a8'),
 ('274', '263', '82', '31', '0', 'en_us', '2017-08-07 23:13:17', '2017-08-09 20:57:20', 'a8cad148-cabe-4fdd-b28a-2a7bf317c799'),
 ('299', '263', '82', '31', '0', 'en_us', '2017-08-09 20:57:20', '2017-08-09 20:57:20', '6b964f19-7ece-4d6d-933c-50f6ce0acd46'),
 ('303', '263', '82', '31', '0', 'en_us', '2017-08-09 20:57:20', '2017-08-09 20:57:20', 'b7ccf693-9814-482d-841a-547da542f3e4'),
 ('308', '263', '82', '31', '0', 'en_us', '2017-08-09 20:57:20', '2017-08-09 20:57:20', '1a73855d-a71e-4029-a4f3-516e801341a4'),
 ('317', '314', '3', '15', '0', 'en_us', '2017-08-10 22:00:29', '2017-08-10 23:07:51', '78464344-ebb1-4132-a222-73981916fd4b'),
 ('318', '314', '3', '1', '0', 'en_us', '2017-08-10 22:00:29', '2017-08-10 23:07:51', '1ebfd6ef-1ed3-4a7e-8bf8-6aefa87311b2'),
 ('322', '314', '3', '24', '0', 'en_us', '2017-08-10 22:00:29', '2017-08-10 23:07:51', 'c8cd8809-e938-4570-ae96-1dc310dcdeb2'),
 ('326', '314', '3', '20', '0', 'en_us', '2017-08-10 22:00:29', '2017-08-10 23:07:52', '3b42a167-18fe-48c2-bcf0-84a5b15a47ef'),
 ('330', '314', '3', '15', '0', 'en_us', '2017-08-10 22:11:49', '2017-08-10 23:07:52', 'bcba92fe-6da1-4427-960d-330e384592e8'),
 ('331', '314', '3', '16', '0', 'en_us', '2017-08-10 22:11:49', '2017-08-10 23:07:52', '22741398-64d9-4109-aaf7-a2c490a7491f'),
 ('335', '314', '3', '3', '0', 'en_us', '2017-08-10 22:11:49', '2017-08-10 23:07:52', '80ca16a0-a417-40b1-8388-0027a97fd5f0'),
 ('339', '314', '3', '15', '0', 'en_us', '2017-08-10 22:11:49', '2017-08-10 23:07:52', '9cd916cb-6345-4e05-835f-84c4ebb52ebd'),
 ('340', '314', '3', '17', '0', 'en_us', '2017-08-10 22:11:49', '2017-08-10 23:07:52', '45588d1a-aa63-46fe-8098-3eee353d89e7'),
 ('341', '314', '3', '17', '0', 'en_us', '2017-08-10 22:11:49', '2017-08-10 23:07:52', '508acf15-3e9c-493d-972e-cca7687ed33b'),
 ('343', '314', '3', '17', '0', 'en_us', '2017-08-10 22:14:42', '2017-08-10 23:07:52', '6c76f654-96b8-4314-99c9-f297dd5819d2');



DROP TABLE IF EXISTS `craft_neoblockstructures`;


--
-- Schema for table `craft_neoblockstructures`
--
CREATE TABLE `craft_neoblockstructures` (
  `id` int(11) NOT NULL AUTO_INCREMENT,
  `structureId` int(11) NOT NULL,
  `ownerId` int(11) NOT NULL,
  `fieldId` int(11) NOT NULL,
  `ownerLocale` char(12) COLLATE utf8_unicode_ci DEFAULT NULL,
  `dateCreated` datetime NOT NULL,
  `dateUpdated` datetime NOT NULL,
  `uid` char(36) COLLATE utf8_unicode_ci NOT NULL DEFAULT '0',
  PRIMARY KEY (`id`),
  KEY `craft_neoblockstructures_structureId_idx` (`structureId`),
  KEY `craft_neoblockstructures_ownerId_idx` (`ownerId`),
  KEY `craft_neoblockstructures_fieldId_idx` (`fieldId`),
  KEY `craft_neoblockstructures_ownerLocale_fk` (`ownerLocale`)
) ENGINE=InnoDB AUTO_INCREMENT=80 DEFAULT CHARSET=utf8 COLLATE=utf8_unicode_ci;

--
-- Data for table `craft_neoblockstructures`
--

INSERT INTO `craft_neoblockstructures` (`id`, `structureId`, `ownerId`, `fieldId`, `ownerLocale`, `dateCreated`, `dateUpdated`, `uid`) VALUES
 ('65', '72', '98', '3', 'en_us', '2017-08-07 21:49:06', '2017-08-07 21:49:06', 'e5c0db63-6ff7-4aab-ae2c-55308da7d93a'),
 ('70', '77', '289', '3', 'en_us', '2017-08-09 20:38:36', '2017-08-09 20:38:36', '34b025ad-4599-4dd4-9735-dc15f17e9cfe'),
 ('71', '78', '290', '3', 'en_us', '2017-08-09 20:38:46', '2017-08-09 20:38:46', 'edd287bc-1055-49f1-87b6-6af6fb67ea49'),
 ('72', '79', '291', '3', 'en_us', '2017-08-09 20:39:06', '2017-08-09 20:39:06', '88807b7d-d44d-46ee-8e75-3ee155b5bea9'),
 ('73', '80', '292', '3', 'en_us', '2017-08-09 20:41:34', '2017-08-09 20:41:34', '0e6a182a-1f98-4016-9eb4-cf7a1f93ce4e'),
 ('74', '81', '263', '82', 'en_us', '2017-08-09 20:57:20', '2017-08-09 20:57:20', 'd89cf8aa-d662-49c9-b68a-71c85df339ea'),
 ('79', '86', '314', '3', 'en_us', '2017-08-10 23:07:51', '2017-08-10 23:07:51', 'f517f14e-1b30-416e-899b-93b1c799a26f');



DROP TABLE IF EXISTS `craft_neoblocktypes`;


--
-- Schema for table `craft_neoblocktypes`
--
CREATE TABLE `craft_neoblocktypes` (
  `id` int(11) NOT NULL AUTO_INCREMENT,
  `fieldId` int(11) NOT NULL,
  `fieldLayoutId` int(11) DEFAULT NULL,
  `name` varchar(255) COLLATE utf8_unicode_ci NOT NULL,
  `handle` varchar(255) COLLATE utf8_unicode_ci NOT NULL,
  `maxBlocks` int(10) DEFAULT '0',
  `maxChildBlocks` int(10) DEFAULT '0',
  `childBlocks` text COLLATE utf8_unicode_ci,
  `topLevel` tinyint(1) unsigned NOT NULL DEFAULT '1',
  `sortOrder` smallint(6) unsigned DEFAULT NULL,
  `dateCreated` datetime NOT NULL,
  `dateUpdated` datetime NOT NULL,
  `uid` char(36) COLLATE utf8_unicode_ci NOT NULL DEFAULT '0',
  PRIMARY KEY (`id`),
  UNIQUE KEY `craft_neoblocktypes_name_fieldId_unq_idx` (`name`,`fieldId`),
  UNIQUE KEY `craft_neoblocktypes_handle_fieldId_unq_idx` (`handle`,`fieldId`),
  KEY `craft_neoblocktypes_fieldId_fk` (`fieldId`),
  KEY `craft_neoblocktypes_fieldLayoutId_fk` (`fieldLayoutId`)
) ENGINE=InnoDB AUTO_INCREMENT=34 DEFAULT CHARSET=utf8 COLLATE=utf8_unicode_ci;

--
-- Data for table `craft_neoblocktypes`
--

INSERT INTO `craft_neoblocktypes` (`id`, `fieldId`, `fieldLayoutId`, `name`, `handle`, `maxBlocks`, `maxChildBlocks`, `childBlocks`, `topLevel`, `sortOrder`, `dateCreated`, `dateUpdated`, `uid`) VALUES
 ('1', '3', '1862', 'Image Card Grid', 'imageCardGrid', NULL, NULL, '', '0', '4', '2017-07-20 18:17:35', '2017-08-10 23:41:06', '7b7a7615-e616-4597-96d6-c79f7b806ae0'),
 ('3', '3', '1868', 'Image Beside Text', 'imageBesideText', NULL, '2', '', '0', '12', '2017-07-20 18:47:31', '2017-08-10 23:41:06', '7ce0bed2-0dbe-4ce4-9f47-41841c7cd592'),
 ('15', '3', '1861', 'New Section', 'newSection', NULL, NULL, '[\"imageCardGrid\",\"logoGrid\",\"mobileDeviceGrid\",\"centeredTextLockup\",\"centeredImage\",\"centeredVideo\",\"button\",\"imageBesideText\",\"videoBesideText\",\"deviceTabs\",\"progressiveVideo\"]', '1', '2', '2017-07-21 20:42:23', '2017-08-10 23:41:06', '79ad8aad-b1ae-4bb5-a7b3-640af9a0692f'),
 ('16', '3', '1865', 'Centered Text Lockup', 'centeredTextLockup', NULL, NULL, '', '0', '8', '2017-07-21 20:50:02', '2017-08-10 23:41:06', '74b48f3c-956b-4ce3-890d-554014c11858'),
 ('17', '3', '1866', 'Centered Image', 'centeredImage', NULL, NULL, '', '0', '9', '2017-07-21 20:50:02', '2017-08-10 23:41:06', '7b09f799-dc5b-4daa-99fc-f249b93e9484'),
 ('18', '3', '1870', 'Chillah Tooltip', 'chillahTooltip', NULL, NULL, '', '0', '14', '2017-07-21 21:50:46', '2017-08-10 23:41:06', '41647005-dd23-44df-aed5-2b39c3e3856a'),
 ('19', '3', '1867', 'Centered Video', 'centeredVideo', NULL, NULL, '', '0', '10', '2017-07-21 22:07:54', '2017-08-10 23:41:06', 'c9becd96-b1a7-46ce-b33e-a183c9416dc8'),
 ('20', '3', '1864', 'Mobile Device Grid', 'mobileDeviceGrid', NULL, '3', '', '0', '6', '2017-07-21 22:39:53', '2017-08-10 23:41:06', '0031a068-c0c5-4fc4-a205-d231407baee8'),
 ('24', '3', '1863', 'Logo Grid', 'logoGrid', NULL, NULL, '', '0', '5', '2017-07-26 21:47:04', '2017-08-10 23:41:06', 'e040563a-4d2a-4f64-a724-18a9c6c5830b'),
 ('26', '3', '1871', 'Device Tabs', 'deviceTabs', NULL, '4', '', '0', '16', '2017-07-26 23:17:32', '2017-08-10 23:41:06', '350e8255-057a-4f5a-a308-f0a5df31c5a9'),
 ('29', '3', '1872', 'Progressive Video', 'progressiveVideo', NULL, '5', '', '0', '17', '2017-07-27 16:42:28', '2017-08-10 23:41:06', '1c66066d-09d6-4752-9524-3f7a8003ad7f'),
 ('31', '82', '1711', 'Footer Group', 'footerGroup', '4', NULL, '', '1', '1', '2017-08-03 22:16:07', '2017-08-07 21:09:48', '529194b3-8af4-4e30-9304-2b419ebf655a'),
 ('32', '3', '1869', 'Video Beside Text', 'videoBesideText', NULL, NULL, '', '0', '13', '2017-08-10 21:51:08', '2017-08-10 23:41:06', '6c1a720c-85eb-44d8-aeee-b271c3839cc2'),
 ('33', '3', '1873', 'Button', 'button', NULL, NULL, '', '0', '11', '2017-08-10 23:41:06', '2017-08-10 23:41:06', 'b0519e82-e82b-4710-8933-738ffbc41b00');



DROP TABLE IF EXISTS `craft_neogroups`;


--
-- Schema for table `craft_neogroups`
--
CREATE TABLE `craft_neogroups` (
  `id` int(11) NOT NULL AUTO_INCREMENT,
  `fieldId` int(11) NOT NULL,
  `name` varchar(255) COLLATE utf8_unicode_ci DEFAULT NULL,
  `sortOrder` smallint(6) unsigned DEFAULT NULL,
  `dateCreated` datetime NOT NULL,
  `dateUpdated` datetime NOT NULL,
  `uid` char(36) COLLATE utf8_unicode_ci NOT NULL DEFAULT '0',
  PRIMARY KEY (`id`),
  KEY `craft_neogroups_fieldId_fk` (`fieldId`)
) ENGINE=InnoDB AUTO_INCREMENT=525 DEFAULT CHARSET=utf8 COLLATE=utf8_unicode_ci;

--
-- Data for table `craft_neogroups`
--

INSERT INTO `craft_neogroups` (`id`, `fieldId`, `name`, `sortOrder`, `dateCreated`, `dateUpdated`, `uid`) VALUES
 ('521', '3', 'Section', '1', '2017-08-10 23:41:06', '2017-08-10 23:41:06', 'a6f1faac-a0a5-4892-94d2-d83d0dd87a34'),
 ('522', '3', 'Element Grids', '3', '2017-08-10 23:41:06', '2017-08-10 23:41:06', '26b7d860-cdaf-417b-8414-37106afd4ebd'),
 ('523', '3', 'Text / Images / Video', '7', '2017-08-10 23:41:06', '2017-08-10 23:41:06', '02ee12f8-e3c8-48be-9a39-d3eb991a0a75'),
 ('524', '3', 'Interactive', '15', '2017-08-10 23:41:06', '2017-08-10 23:41:06', 'c0e45a14-bcc2-420d-8543-d805896d3e2f');



DROP TABLE IF EXISTS `craft_plugins`;


--
-- Schema for table `craft_plugins`
--
CREATE TABLE `craft_plugins` (
  `id` int(11) NOT NULL AUTO_INCREMENT,
  `class` varchar(150) COLLATE utf8_unicode_ci NOT NULL,
  `version` varchar(15) COLLATE utf8_unicode_ci NOT NULL,
  `schemaVersion` varchar(15) COLLATE utf8_unicode_ci DEFAULT NULL,
  `licenseKey` char(24) COLLATE utf8_unicode_ci DEFAULT NULL,
  `licenseKeyStatus` enum('valid','invalid','mismatched','unknown') COLLATE utf8_unicode_ci NOT NULL DEFAULT 'unknown',
  `enabled` tinyint(1) unsigned NOT NULL DEFAULT '0',
  `settings` text COLLATE utf8_unicode_ci,
  `installDate` datetime NOT NULL,
  `dateCreated` datetime NOT NULL,
  `dateUpdated` datetime NOT NULL,
  `uid` char(36) COLLATE utf8_unicode_ci NOT NULL DEFAULT '0',
  PRIMARY KEY (`id`)
) ENGINE=InnoDB AUTO_INCREMENT=7 DEFAULT CHARSET=utf8 COLLATE=utf8_unicode_ci;

--
-- Data for table `craft_plugins`
--

INSERT INTO `craft_plugins` (`id`, `class`, `version`, `schemaVersion`, `licenseKey`, `licenseKeyStatus`, `enabled`, `settings`, `installDate`, `dateCreated`, `dateUpdated`, `uid`) VALUES
 ('1', 'Neo', '1.4.1', '1.4.1', NULL, 'unknown', '1', NULL, '2017-07-20 17:32:06', '2017-07-20 17:32:06', '2017-08-10 20:27:42', 'f62939cb-94c4-4a82-b8fc-b9cfd5785e9a'),
 ('2', 'FruitLinkIt', '2.3.4', '2.3.0', NULL, 'unknown', '1', NULL, '2017-07-20 17:36:24', '2017-07-20 17:36:24', '2017-08-10 20:27:42', 'f89571c1-b4a7-4b72-af95-ecadce627765'),
 ('3', 'ButtonBox', '1.3.2', NULL, NULL, 'unknown', '1', NULL, '2017-07-20 21:14:51', '2017-07-20 21:14:51', '2017-08-10 20:27:42', 'b57c5bbd-32fd-428d-ad00-720ffd4bff96'),
 ('4', 'redactorExtras', '1.3.2', NULL, NULL, 'unknown', '1', '{\"scriptButtons\":\"1\",\"counter\":\"\",\"alignment\":\"\",\"properties\":\"\",\"definedlinks\":\"\",\"limiter\":\"1\",\"extraPluginJs\":\"\",\"extraPluginCss\":\"\"}', '2017-07-21 21:26:12', '2017-07-21 21:26:12', '2017-08-10 20:27:42', 'c6964b37-2134-4c41-88b3-3937c98f423b'),
 ('5', 'Hue', '1.1.1', '0.0.0.0', NULL, 'unknown', '1', NULL, '2017-07-21 23:22:41', '2017-07-21 23:22:41', '2017-08-10 20:27:42', '5fcf4f47-fc06-4673-b966-3a6c4cbe9423'),
 ('6', 'ElementApi', '1.6.0', '1.0.0', NULL, 'unknown', '1', NULL, '2017-07-31 18:50:15', '2017-07-31 18:50:15', '2017-08-10 20:27:42', '69587eba-28d1-45ff-b4bc-7a7fa8f7fb2e');



DROP TABLE IF EXISTS `craft_rackspaceaccess`;


--
-- Schema for table `craft_rackspaceaccess`
--
CREATE TABLE `craft_rackspaceaccess` (
  `id` int(11) NOT NULL AUTO_INCREMENT,
  `connectionKey` varchar(255) COLLATE utf8_unicode_ci NOT NULL,
  `token` varchar(255) COLLATE utf8_unicode_ci NOT NULL,
  `storageUrl` varchar(255) COLLATE utf8_unicode_ci NOT NULL,
  `cdnUrl` varchar(255) COLLATE utf8_unicode_ci NOT NULL,
  `dateCreated` datetime NOT NULL,
  `dateUpdated` datetime NOT NULL,
  `uid` char(36) COLLATE utf8_unicode_ci NOT NULL DEFAULT '0',
  PRIMARY KEY (`id`),
  UNIQUE KEY `craft_rackspaceaccess_connectionKey_unq_idx` (`connectionKey`)
) ENGINE=InnoDB DEFAULT CHARSET=utf8 COLLATE=utf8_unicode_ci;

DROP TABLE IF EXISTS `craft_relations`;


--
-- Schema for table `craft_relations`
--
CREATE TABLE `craft_relations` (
  `id` int(11) NOT NULL AUTO_INCREMENT,
  `fieldId` int(11) NOT NULL,
  `sourceId` int(11) NOT NULL,
  `sourceLocale` char(12) COLLATE utf8_unicode_ci DEFAULT NULL,
  `targetId` int(11) NOT NULL,
  `sortOrder` smallint(6) DEFAULT NULL,
  `dateCreated` datetime NOT NULL,
  `dateUpdated` datetime NOT NULL,
  `uid` char(36) COLLATE utf8_unicode_ci NOT NULL DEFAULT '0',
  PRIMARY KEY (`id`),
  UNIQUE KEY `craft_relations_fieldId_sourceId_sourceLocale_targetId_unq_idx` (`fieldId`,`sourceId`,`sourceLocale`,`targetId`),
  KEY `craft_relations_sourceId_fk` (`sourceId`),
  KEY `craft_relations_sourceLocale_fk` (`sourceLocale`),
  KEY `craft_relations_targetId_fk` (`targetId`)
) ENGINE=InnoDB AUTO_INCREMENT=427 DEFAULT CHARSET=utf8 COLLATE=utf8_unicode_ci;

--
-- Data for table `craft_relations`
--

INSERT INTO `craft_relations` (`id`, `fieldId`, `sourceId`, `sourceLocale`, `targetId`, `sortOrder`, `dateCreated`, `dateUpdated`, `uid`) VALUES
 ('253', '8', '36', 'en_us', '8', '1', '2017-07-27 00:17:05', '2017-08-07 16:53:17', 'd557eaa1-64c8-4be2-996e-55cade52b765'),
 ('254', '8', '40', 'en_us', '38', '1', '2017-07-27 00:17:05', '2017-08-07 16:53:17', '3507b921-5a40-4cf1-84e2-a68cb7908583'),
 ('261', '8', '69', 'en_us', '68', '1', '2017-07-27 00:17:06', '2017-08-07 16:53:17', 'ffda2be8-898b-4e3b-b1f9-6accd08e02a9'),
 ('262', '45', '91', NULL, '82', '1', '2017-07-27 00:17:06', '2017-07-27 00:17:06', 'a7c86fe1-ff6d-4c6e-8e5c-d297111b3317'),
 ('263', '45', '91', NULL, '85', '2', '2017-07-27 00:17:06', '2017-07-27 00:17:06', 'd0e7eac2-3017-4d8f-85ba-2defd5b4be26'),
 ('264', '45', '91', NULL, '89', '3', '2017-07-27 00:17:06', '2017-07-27 00:17:06', '6aed60d3-a591-4d74-9866-f5c98adb3975'),
 ('265', '45', '91', NULL, '79', '4', '2017-07-27 00:17:06', '2017-07-27 00:17:06', '1bfd6ea5-a43d-49c8-bb00-4ed7991177f9'),
 ('266', '45', '91', NULL, '81', '5', '2017-07-27 00:17:06', '2017-07-27 00:17:06', 'c952c370-f0b6-42dc-8b58-16d73bc98dda'),
 ('267', '45', '91', NULL, '80', '6', '2017-07-27 00:17:06', '2017-07-27 00:17:06', '33bc712d-e4f6-4255-ac55-2c7b4b32e539'),
 ('268', '45', '91', NULL, '76', '7', '2017-07-27 00:17:06', '2017-07-27 00:17:06', 'f44ac00d-7682-463d-aa73-b0f2344fcf27'),
 ('269', '45', '91', NULL, '90', '8', '2017-07-27 00:17:06', '2017-07-27 00:17:06', '0efea3e3-6198-45c1-8c5e-c3aad4d4fddc'),
 ('270', '45', '91', NULL, '77', '9', '2017-07-27 00:17:06', '2017-07-27 00:17:06', 'd984fccd-9374-4848-9bd6-83bc9389ec76'),
 ('271', '45', '91', NULL, '86', '10', '2017-07-27 00:17:06', '2017-07-27 00:17:06', '3fc8c0cc-269d-4c7e-bc94-cf1c4c98433b'),
 ('272', '45', '91', NULL, '78', '11', '2017-07-27 00:17:06', '2017-07-27 00:17:06', '56fc3a6b-83d7-4703-80fd-35eba9e0ca3b'),
 ('273', '45', '91', NULL, '83', '12', '2017-07-27 00:17:06', '2017-07-27 00:17:06', '94d21f7f-576f-4d7f-a49e-8ae03acb65f3'),
 ('274', '45', '91', NULL, '84', '13', '2017-07-27 00:17:06', '2017-07-27 00:17:06', '46321298-0ec3-4639-810f-4341457dba6b'),
 ('275', '45', '91', NULL, '88', '14', '2017-07-27 00:17:06', '2017-07-27 00:17:06', 'fff56234-e4a8-4b5f-820e-1012c264feb7'),
 ('276', '45', '91', NULL, '87', '15', '2017-07-27 00:17:06', '2017-07-27 00:17:06', '8a5f8d9e-13bb-48c2-830e-696cc1da1957'),
 ('297', '60', '191', NULL, '105', '1', '2017-08-03 17:11:59', '2017-08-03 17:11:59', 'fd183698-d52a-42e1-9b61-06afc1342b70'),
 ('298', '60', '195', NULL, '100', '1', '2017-08-03 17:11:59', '2017-08-03 17:11:59', '0d5f33b9-46c4-4310-8538-d28d6332db8f'),
 ('310', '81', '210', NULL, '152', '1', '2017-08-03 19:02:44', '2017-08-03 19:02:44', '168f4e0f-856e-40dd-beef-abf53dbd1dee'),
 ('312', '81', '211', NULL, '102', '1', '2017-08-03 19:02:44', '2017-08-03 19:02:44', '616f9f34-83c1-49ad-86d4-c3c1d5486723'),
 ('323', '8', '36', 'de_de', '8', '1', '2017-08-07 16:53:17', '2017-08-07 16:53:17', 'b74f26cb-930f-4c38-abd7-ebc54f8667d0'),
 ('324', '8', '40', 'de_de', '38', '1', '2017-08-07 16:53:17', '2017-08-07 16:53:17', '9f7527cd-4320-4673-a103-706b1167b797'),
 ('325', '8', '69', 'de_de', '68', '1', '2017-08-07 16:53:17', '2017-08-07 16:53:17', '11e3c756-e394-4d87-b2ab-f034e608a773'),
 ('330', '38', '33', NULL, '97', '1', '2017-08-07 17:52:09', '2017-08-07 17:52:09', 'accb2a06-c777-488f-aed8-ef9448da8ace'),
 ('331', '88', '33', NULL, '256', '1', '2017-08-07 17:52:09', '2017-08-07 17:52:09', '89341521-7275-4f3b-a1d8-5a907f219ac8'),
 ('332', '87', '33', NULL, '245', '1', '2017-08-07 17:52:09', '2017-08-07 17:52:09', '0b6a8725-cc85-4e91-8586-2068946bffc1'),
 ('333', '86', '33', NULL, '246', '1', '2017-08-07 17:52:09', '2017-08-07 17:52:09', '7fe92782-6872-4b3f-bd99-60cac21a123f'),
 ('348', '60', '206', NULL, '100', '1', '2017-08-07 21:49:06', '2017-08-07 21:49:06', 'e151da61-bec8-415d-b125-12d4dd8a966d'),
 ('349', '60', '207', NULL, '99', '1', '2017-08-07 21:49:06', '2017-08-07 21:49:06', '5886107c-96c1-479b-a8ee-1f78df1c039c'),
 ('350', '60', '208', NULL, '160', '1', '2017-08-07 21:49:06', '2017-08-07 21:49:06', '3f0f490e-d723-494e-9fe9-0300367a1429'),
 ('351', '75', '210', NULL, '145', '1', '2017-08-07 21:49:07', '2017-08-07 21:49:07', 'd2e6cfc8-2c4a-4b49-8d13-797ed086e1a5'),
 ('352', '75', '211', NULL, '146', '1', '2017-08-07 21:49:07', '2017-08-07 21:49:07', '7ed1452c-6a75-4253-93f1-46ab8edf1bb2'),
 ('353', '25', '163', NULL, '141', '1', '2017-08-07 21:49:07', '2017-08-07 21:49:07', '22b15bb9-c094-4c9c-8028-906b20ffd4cf'),
 ('354', '60', '214', NULL, '101', '1', '2017-08-07 21:49:07', '2017-08-07 21:49:07', '64239546-05cc-4387-abc0-45f24c469fa6'),
 ('355', '60', '215', NULL, '157', '1', '2017-08-07 21:49:07', '2017-08-07 21:49:07', '76fa1415-9e14-4743-a385-6adb976c282d'),
 ('356', '60', '216', NULL, '103', '1', '2017-08-07 21:49:07', '2017-08-07 21:49:07', 'aaf09b69-8541-4fe1-a229-b7fa62389865'),
 ('357', '25', '140', NULL, '143', '1', '2017-08-07 21:49:07', '2017-08-07 21:49:07', 'd87457dd-d101-4944-aef2-6b99f62da62a'),
 ('358', '60', '217', NULL, '159', '1', '2017-08-07 21:49:07', '2017-08-07 21:49:07', '23c68741-9205-4bc9-9582-32aaf7ba2c6c'),
 ('359', '60', '218', NULL, '151', '1', '2017-08-07 21:49:07', '2017-08-07 21:49:07', 'e089dd6b-2254-4d71-ba6c-4deba0c0fb7d'),
 ('360', '60', '219', NULL, '161', '1', '2017-08-07 21:49:07', '2017-08-07 21:49:07', '167c87da-2020-4afd-a4b4-c0961cbfadd9'),
 ('361', '25', '220', NULL, '142', '1', '2017-08-07 21:49:07', '2017-08-07 21:49:07', '1879d49f-7331-4fc3-88bc-aa5929dee31d'),
 ('362', '8', '287', 'en_us', '288', '1', '2017-08-09 17:51:39', '2017-08-09 17:51:39', 'edc821b3-bac9-4cfc-a568-484b6e2284ba'),
 ('412', '68', '319', NULL, '14', '1', '2017-08-10 23:07:51', '2017-08-10 23:07:51', '324f374f-20ac-43ff-a7e9-de8961d23abf'),
 ('413', '68', '320', NULL, '15', '1', '2017-08-10 23:07:51', '2017-08-10 23:07:51', 'cfbedec7-1397-4dfb-ba50-99e37e4afbff'),
 ('414', '68', '321', NULL, '16', '1', '2017-08-10 23:07:51', '2017-08-10 23:07:51', '8ee04b58-1795-4a54-a696-3dccb2bd436e'),
 ('415', '118', '323', NULL, '76', '1', '2017-08-10 23:07:51', '2017-08-10 23:07:51', 'eb706369-3fdf-40e6-8f89-1b7070d64934'),
 ('416', '118', '324', NULL, '77', '1', '2017-08-10 23:07:51', '2017-08-10 23:07:51', '67d3b1b6-a493-409c-93fc-70d67117275a'),
 ('417', '118', '325', NULL, '78', '1', '2017-08-10 23:07:51', '2017-08-10 23:07:51', '3cd09087-2901-44d0-8075-25833756bf42'),
 ('418', '60', '327', NULL, '160', '1', '2017-08-10 23:07:51', '2017-08-10 23:07:51', '6b632b15-0a07-4fe0-aff1-038a8c1914b6'),
 ('419', '60', '328', NULL, '159', '1', '2017-08-10 23:07:51', '2017-08-10 23:07:51', '84098035-7c54-4352-b70d-925e44b9cf80'),
 ('420', '60', '329', NULL, '150', '1', '2017-08-10 23:07:52', '2017-08-10 23:07:52', '97a5622c-e48f-4b50-847b-ac0a4031d95b'),
 ('421', '8', '331', 'en_us', '288', '1', '2017-08-10 23:07:52', '2017-08-10 23:07:52', 'faf4369e-4b4b-4757-9d5a-562563e0d3ec'),
 ('422', '8', '335', 'en_us', '38', '1', '2017-08-10 23:07:52', '2017-08-10 23:07:52', '4a27f08a-1235-4d1f-88fa-2e3ca85be649'),
 ('423', '8', '340', 'en_us', '38', '1', '2017-08-10 23:07:52', '2017-08-10 23:07:52', '3f8cd2c8-34ec-4c0f-b09d-b17cbb694a6b'),
 ('424', '127', '340', NULL, '100', '1', '2017-08-10 23:07:52', '2017-08-10 23:07:52', '16466d51-9522-410a-9865-b42c69c1d8af'),
 ('425', '8', '343', 'en_us', '172', '1', '2017-08-10 23:07:52', '2017-08-10 23:07:52', '770554c3-38cc-472a-90c3-40c3b82dd896'),
 ('426', '8', '341', 'en_us', '68', '1', '2017-08-10 23:07:52', '2017-08-10 23:07:52', '3f8350f3-53bd-409a-ba50-0f8b0ed840f5');



DROP TABLE IF EXISTS `craft_routes`;


--
-- Schema for table `craft_routes`
--
CREATE TABLE `craft_routes` (
  `id` int(11) NOT NULL AUTO_INCREMENT,
  `locale` char(12) COLLATE utf8_unicode_ci DEFAULT NULL,
  `urlParts` varchar(255) COLLATE utf8_unicode_ci NOT NULL,
  `urlPattern` varchar(255) COLLATE utf8_unicode_ci NOT NULL,
  `template` varchar(255) COLLATE utf8_unicode_ci NOT NULL,
  `sortOrder` smallint(6) unsigned DEFAULT NULL,
  `dateCreated` datetime NOT NULL,
  `dateUpdated` datetime NOT NULL,
  `uid` char(36) COLLATE utf8_unicode_ci NOT NULL DEFAULT '0',
  PRIMARY KEY (`id`),
  KEY `craft_routes_locale_idx` (`locale`),
  KEY `craft_routes_urlPattern_idx` (`urlPattern`)
) ENGINE=InnoDB DEFAULT CHARSET=utf8 COLLATE=utf8_unicode_ci;

DROP TABLE IF EXISTS `craft_searchindex`;


--
-- Schema for table `craft_searchindex`
--
CREATE TABLE `craft_searchindex` (
  `elementId` int(11) NOT NULL,
  `attribute` varchar(25) COLLATE utf8_unicode_ci NOT NULL,
  `fieldId` int(11) NOT NULL,
  `locale` char(12) COLLATE utf8_unicode_ci NOT NULL,
  `keywords` text COLLATE utf8_unicode_ci NOT NULL,
  PRIMARY KEY (`elementId`,`attribute`,`fieldId`,`locale`),
  FULLTEXT KEY `craft_searchindex_keywords_idx` (`keywords`)
) ENGINE=MyISAM DEFAULT CHARSET=utf8 COLLATE=utf8_unicode_ci;

--
-- Data for table `craft_searchindex`
--

INSERT INTO `craft_searchindex` (`elementId`, `attribute`, `fieldId`, `locale`, `keywords`) VALUES
 ('1', 'username', '0', 'en_us', ' admin '),
 ('1', 'firstname', '0', 'en_us', ' snapchat '),
 ('1', 'lastname', '0', 'en_us', ' admin '),
 ('1', 'fullname', '0', 'en_us', ' snapchat admin '),
 ('1', 'email', '0', 'en_us', ' mort instrument com '),
 ('1', 'slug', '0', 'en_us', ''),
 ('264', 'title', '0', 'de_de', ' blog '),
 ('264', 'slug', '0', 'de_de', ' blog '),
 ('264', 'slug', '0', 'en_us', ' blog '),
 ('264', 'title', '0', 'en_us', ' blog '),
 ('108', 'field', '71', 'en_us', ''),
 ('110', 'field', '58', 'en_us', ' snap ads postmates drive action 2x captivate your audience with full screen snap ads https storage googleapis com snapchat web marketing solutions product examples postmates mp4 filters geofilter phil phone screen 2x own a place or event with location based filters https storage googleapis com snapchat web marketing solutions product examples philsdonuts mp4 lenses solutions device 12 invite customers to play and share with lenses https storage googleapis com snapchat web marketing solutions product examples bloomingdales mp4 '),
 ('206', 'field', '59', 'en_us', ' https storage googleapis com snapchat web marketing solutions product examples postmates mp4 '),
 ('206', 'field', '60', 'en_us', ' postmates drive action 2x '),
 ('206', 'field', '61', 'en_us', ' snap ads '),
 ('206', 'field', '62', 'en_us', ' captivate your audience with full screen snap ads '),
 ('206', 'slug', '0', 'en_us', ''),
 ('162', 'field', '74', 'en_us', ' snap ads are full screen 100% viewable and have audio on by default devices nav 1 snap ads drive traffic to your pre loaded website with our auto fill feature snapchatters can send you their account email and more by just tapping devices nav 2 web view '),
 ('3', 'field', '1', 'en_us', ' craft is the cms that s powering snapchat craft dev it s beautiful powerful flexible and easy to use and it s made by pixel tonic we can t wait to dive in and see what it s capable of this is even more captivating content which you couldn t see on the news index page because it was entered after a page break and the news index template only likes to show the content on the first page craft a nice alternative to word if you re making a website '),
 ('3', 'field', '2', 'en_us', ''),
 ('3', 'slug', '0', 'en_us', ' we just installed craft '),
 ('3', 'title', '0', 'en_us', ' we just installed craft '),
 ('108', 'field', '18', 'en_us', ''),
 ('108', 'field', '10', 'en_us', ' our ad products are fun and effective for every objective '),
 ('108', 'field', '8', 'en_us', ''),
 ('33', 'field', '41', 'en_us', ' ab inbev '),
 ('33', 'field', '40', 'en_us', ' a91622 '),
 ('8', 'filename', '0', 'en_us', ' snap_ad_reporting_1x png '),
 ('8', 'extension', '0', 'en_us', ' png '),
 ('8', 'kind', '0', 'en_us', ' image '),
 ('8', 'slug', '0', 'en_us', ' snap ad reporting 1x '),
 ('8', 'title', '0', 'en_us', ' snap ad reporting 1x '),
 ('33', 'field', '38', 'en_us', ' ic success logo abinbev 2x '),
 ('14', 'extension', '0', 'en_us', ' png '),
 ('14', 'filename', '0', 'en_us', ' homepage 1 1 png '),
 ('223', 'field', '84', 'en_us', ' custom https www snap com en us snap inc _blank custom https www snapchat com snapchat _blank custom https www snap com en us jobs jobs _blank custom https www snap com en us news news _blank '),
 ('223', 'slug', '0', 'en_us', ''),
 ('223', 'field', '83', 'en_us', ' company '),
 ('33', 'field', '39', 'en_us', ' success story '),
 ('172', 'extension', '0', 'en_us', ' png '),
 ('224', 'slug', '0', 'en_us', ''),
 ('224', 'field', '85', 'en_us', ' custom https www snap com en us snap inc _blank '),
 ('14', 'kind', '0', 'en_us', ' image '),
 ('14', 'slug', '0', 'en_us', ' homepage 1 1 '),
 ('14', 'title', '0', 'en_us', ' homepage 1 1 '),
 ('15', 'filename', '0', 'en_us', ' homepage 1 2 png '),
 ('15', 'extension', '0', 'en_us', ' png '),
 ('15', 'kind', '0', 'en_us', ' image '),
 ('15', 'slug', '0', 'en_us', ' homepage 1 2 '),
 ('15', 'title', '0', 'en_us', ' homepage 1 2 '),
 ('16', 'filename', '0', 'en_us', ' homepage 1 3 png '),
 ('16', 'extension', '0', 'en_us', ' png '),
 ('16', 'kind', '0', 'en_us', ' image '),
 ('16', 'slug', '0', 'en_us', ' homepage 1 3 '),
 ('16', 'title', '0', 'en_us', ' homepage 1 3 '),
 ('33', 'title', '0', 'en_us', ' ab inbev '),
 ('33', 'slug', '0', 'en_us', ' ab inbev '),
 ('33', 'field', '43', 'en_us', ''),
 ('33', 'field', '42', 'en_us', ' on average snapchatters spent 30 seconds playing anheuser busch inbev s bud bowl game in its snap ad web view '),
 ('34', 'field', '23', 'en_us', ' overview '),
 ('34', 'field', '20', 'en_us', ' gray '),
 ('34', 'slug', '0', 'en_us', ''),
 ('35', 'field', '10', 'en_us', ' successful ads drive your business forward '),
 ('35', 'slug', '0', 'en_us', ''),
 ('36', 'field', '8', 'en_us', ' snap ad reporting 1x '),
 ('36', 'field', '9', 'en_us', ' left '),
 ('36', 'field', '10', 'en_us', ' snap ad reporting '),
 ('36', 'field', '11', 'en_us', ' monitor your campaigns in real time identify key performance trends and optimize towards your goals '),
 ('36', 'slug', '0', 'en_us', ''),
 ('210', 'field', '77', 'en_us', ' snap ads are full screen 100% viewable and have audio on by default '),
 ('210', 'field', '76', 'en_us', ' snap ads '),
 ('38', 'filename', '0', 'en_us', ' filter_reporting_2x jpg '),
 ('38', 'extension', '0', 'en_us', ' jpg '),
 ('38', 'kind', '0', 'en_us', ' image '),
 ('38', 'slug', '0', 'en_us', ' filter reporting 2x '),
 ('38', 'title', '0', 'en_us', ' filter reporting 2x '),
 ('39', 'field', '23', 'en_us', ' filter reporting '),
 ('39', 'field', '20', 'en_us', ' white '),
 ('39', 'slug', '0', 'en_us', ''),
 ('40', 'field', '8', 'en_us', ' filter reporting 2x '),
 ('40', 'field', '9', 'en_us', ' right '),
 ('40', 'field', '10', 'en_us', ' filter reporting '),
 ('40', 'field', '11', 'en_us', ' track filter performance and optimize your campaign by location '),
 ('40', 'slug', '0', 'en_us', ''),
 ('210', 'field', '75', 'en_us', ' devices nav 1 '),
 ('42', 'field', '23', 'en_us', ' measurement philosophy '),
 ('42', 'field', '20', 'en_us', ' gray '),
 ('42', 'slug', '0', 'en_us', ''),
 ('43', 'field', '10', 'en_us', ' know exactly how your ads perform '),
 ('43', 'slug', '0', 'en_us', ''),
 ('44', 'field', '24', 'en_us', ''),
 ('44', 'slug', '0', 'en_us', ''),
 ('45', 'filename', '0', 'en_us', ' measurement reach svg '),
 ('45', 'extension', '0', 'en_us', ' svg '),
 ('45', 'kind', '0', 'en_us', ' image '),
 ('45', 'slug', '0', 'en_us', ' measurement reach '),
 ('45', 'title', '0', 'en_us', ' measurement reach '),
 ('46', 'filename', '0', 'en_us', ' measurement reaction svg '),
 ('46', 'extension', '0', 'en_us', ' svg '),
 ('46', 'kind', '0', 'en_us', ' image ');
INSERT INTO `craft_searchindex` (`elementId`, `attribute`, `fieldId`, `locale`, `keywords`) VALUES
 ('46', 'slug', '0', 'en_us', ' measurement reaction '),
 ('46', 'title', '0', 'en_us', ' measurement reaction '),
 ('47', 'filename', '0', 'en_us', ' measurement resonance svg '),
 ('47', 'extension', '0', 'en_us', ' svg '),
 ('47', 'kind', '0', 'en_us', ' image '),
 ('47', 'slug', '0', 'en_us', ' measurement resonance '),
 ('47', 'title', '0', 'en_us', ' measurement resonance '),
 ('48', 'filename', '0', 'en_us', ' measurement snap to svg '),
 ('48', 'extension', '0', 'en_us', ' svg '),
 ('48', 'kind', '0', 'en_us', ' image '),
 ('48', 'slug', '0', 'en_us', ' measurement snap to '),
 ('48', 'title', '0', 'en_us', ' measurement snap to '),
 ('49', 'filename', '0', 'en_us', ' measurement verification svg '),
 ('49', 'extension', '0', 'en_us', ' svg '),
 ('49', 'kind', '0', 'en_us', ' image '),
 ('49', 'slug', '0', 'en_us', ' measurement verification '),
 ('49', 'title', '0', 'en_us', ' measurement verification '),
 ('50', 'filename', '0', 'en_us', ' measurement viewability svg '),
 ('50', 'extension', '0', 'en_us', ' svg '),
 ('50', 'kind', '0', 'en_us', ' image '),
 ('50', 'slug', '0', 'en_us', ' measurement viewability '),
 ('50', 'title', '0', 'en_us', ' measurement viewability '),
 ('214', 'field', '60', 'en_us', ' lga geo filter 2x '),
 ('214', 'field', '59', 'en_us', ''),
 ('68', 'filename', '0', 'en_us', ' snap to store_chillahs_2x png '),
 ('217', 'field', '61', 'en_us', ''),
 ('217', 'field', '59', 'en_us', ''),
 ('217', 'field', '60', 'en_us', ' solutions device 11 '),
 ('216', 'slug', '0', 'en_us', ''),
 ('216', 'field', '61', 'en_us', ''),
 ('216', 'field', '62', 'en_us', ''),
 ('216', 'field', '60', 'en_us', ' warby parker geo filter 2x '),
 ('215', 'field', '61', 'en_us', ''),
 ('215', 'field', '62', 'en_us', ''),
 ('215', 'slug', '0', 'en_us', ''),
 ('216', 'field', '59', 'en_us', ''),
 ('215', 'field', '60', 'en_us', ' solutions device 9 '),
 ('214', 'field', '62', 'en_us', ''),
 ('214', 'slug', '0', 'en_us', ''),
 ('215', 'field', '59', 'en_us', ''),
 ('61', 'filename', '0', 'en_us', ' snap to store_clock_2x png '),
 ('61', 'extension', '0', 'en_us', ' png '),
 ('61', 'kind', '0', 'en_us', ' image '),
 ('61', 'slug', '0', 'en_us', ' snap to store clock 2x '),
 ('61', 'title', '0', 'en_us', ' snap to store clock 2x '),
 ('63', 'field', '23', 'en_us', ' snap to store '),
 ('63', 'field', '20', 'en_us', ' white '),
 ('63', 'slug', '0', 'en_us', ''),
 ('64', 'slug', '0', 'en_us', ''),
 ('214', 'field', '61', 'en_us', ''),
 ('213', 'slug', '0', 'en_us', ''),
 ('68', 'extension', '0', 'en_us', ' png '),
 ('68', 'kind', '0', 'en_us', ' image '),
 ('68', 'slug', '0', 'en_us', ' snap to store chillahs 2x '),
 ('68', 'title', '0', 'en_us', ' snap to store chillahs 2x '),
 ('69', 'field', '8', 'en_us', ' snap to store chillahs 2x '),
 ('69', 'field', '28', 'en_us', ' wide '),
 ('69', 'slug', '0', 'en_us', ''),
 ('76', 'extension', '0', 'en_us', ' png '),
 ('76', 'filename', '0', 'en_us', ' adjust_2x png '),
 ('71', 'field', '23', 'en_us', ' third party partners '),
 ('71', 'field', '20', 'en_us', ' gray '),
 ('71', 'slug', '0', 'en_us', ''),
 ('72', 'slug', '0', 'en_us', ''),
 ('209', 'field', '71', 'en_us', ''),
 ('209', 'slug', '0', 'en_us', ''),
 ('76', 'kind', '0', 'en_us', ' image '),
 ('76', 'slug', '0', 'en_us', ' adjust 2x '),
 ('76', 'title', '0', 'en_us', ' adjust 2x '),
 ('77', 'filename', '0', 'en_us', ' appsflyer_2x png '),
 ('77', 'extension', '0', 'en_us', ' png '),
 ('77', 'kind', '0', 'en_us', ' image '),
 ('77', 'slug', '0', 'en_us', ' appsflyer 2x '),
 ('77', 'title', '0', 'en_us', ' appsflyer 2x '),
 ('78', 'filename', '0', 'en_us', ' doubleclick_2x png '),
 ('78', 'extension', '0', 'en_us', ' png '),
 ('78', 'kind', '0', 'en_us', ' image '),
 ('78', 'slug', '0', 'en_us', ' doubleclick 2x '),
 ('78', 'title', '0', 'en_us', ' doubleclick 2x '),
 ('79', 'filename', '0', 'en_us', ' innovid_2x png '),
 ('79', 'extension', '0', 'en_us', ' png '),
 ('79', 'kind', '0', 'en_us', ' image '),
 ('79', 'slug', '0', 'en_us', ' innovid 2x '),
 ('79', 'title', '0', 'en_us', ' innovid 2x '),
 ('80', 'filename', '0', 'en_us', ' kochava_2x png '),
 ('80', 'extension', '0', 'en_us', ' png '),
 ('80', 'kind', '0', 'en_us', ' image '),
 ('80', 'slug', '0', 'en_us', ' kochava 2x '),
 ('80', 'title', '0', 'en_us', ' kochava 2x '),
 ('81', 'filename', '0', 'en_us', ' liveramp_2x png '),
 ('81', 'extension', '0', 'en_us', ' png '),
 ('81', 'kind', '0', 'en_us', ' image '),
 ('81', 'slug', '0', 'en_us', ' liveramp 2x '),
 ('81', 'title', '0', 'en_us', ' liveramp 2x '),
 ('82', 'filename', '0', 'en_us', ' millwardbrown_2x png '),
 ('82', 'extension', '0', 'en_us', ' png '),
 ('82', 'kind', '0', 'en_us', ' image '),
 ('82', 'slug', '0', 'en_us', ' millwardbrown 2x '),
 ('82', 'title', '0', 'en_us', ' millwardbrown 2x '),
 ('83', 'filename', '0', 'en_us', ' moat_2x png ');
INSERT INTO `craft_searchindex` (`elementId`, `attribute`, `fieldId`, `locale`, `keywords`) VALUES
 ('83', 'extension', '0', 'en_us', ' png '),
 ('83', 'kind', '0', 'en_us', ' image '),
 ('83', 'slug', '0', 'en_us', ' moat 2x '),
 ('83', 'title', '0', 'en_us', ' moat 2x '),
 ('84', 'filename', '0', 'en_us', ' neustar_2x png '),
 ('84', 'extension', '0', 'en_us', ' png '),
 ('84', 'kind', '0', 'en_us', ' image '),
 ('84', 'slug', '0', 'en_us', ' neustar 2x '),
 ('84', 'title', '0', 'en_us', ' neustar 2x '),
 ('85', 'filename', '0', 'en_us', ' nielsen_2x png '),
 ('85', 'extension', '0', 'en_us', ' png '),
 ('85', 'kind', '0', 'en_us', ' image '),
 ('85', 'slug', '0', 'en_us', ' nielsen 2x '),
 ('85', 'title', '0', 'en_us', ' nielsen 2x '),
 ('86', 'filename', '0', 'en_us', ' oracle_2x png '),
 ('86', 'extension', '0', 'en_us', ' png '),
 ('86', 'kind', '0', 'en_us', ' image '),
 ('86', 'slug', '0', 'en_us', ' oracle 2x '),
 ('86', 'title', '0', 'en_us', ' oracle 2x '),
 ('87', 'filename', '0', 'en_us', ' placed_2x png '),
 ('87', 'extension', '0', 'en_us', ' png '),
 ('87', 'kind', '0', 'en_us', ' image '),
 ('87', 'slug', '0', 'en_us', ' placed 2x '),
 ('87', 'title', '0', 'en_us', ' placed 2x '),
 ('88', 'filename', '0', 'en_us', ' singular_2x png '),
 ('88', 'extension', '0', 'en_us', ' png '),
 ('88', 'kind', '0', 'en_us', ' image '),
 ('88', 'slug', '0', 'en_us', ' singular 2x '),
 ('88', 'title', '0', 'en_us', ' singular 2x '),
 ('89', 'filename', '0', 'en_us', ' sizmek_2x png '),
 ('89', 'extension', '0', 'en_us', ' png '),
 ('89', 'kind', '0', 'en_us', ' image '),
 ('89', 'slug', '0', 'en_us', ' sizmek 2x '),
 ('89', 'title', '0', 'en_us', ' sizmek 2x '),
 ('90', 'filename', '0', 'en_us', ' tune_2x png '),
 ('90', 'extension', '0', 'en_us', ' png '),
 ('90', 'kind', '0', 'en_us', ' image '),
 ('90', 'slug', '0', 'en_us', ' tune 2x '),
 ('90', 'title', '0', 'en_us', ' tune 2x '),
 ('91', 'field', '45', 'en_us', ' millwardbrown 2x nielsen 2x sizmek 2x innovid 2x liveramp 2x kochava 2x adjust 2x tune 2x appsflyer 2x oracle 2x doubleclick 2x moat 2x neustar 2x singular 2x placed 2x '),
 ('91', 'slug', '0', 'en_us', ''),
 ('172', 'filename', '0', 'en_us', ' ad_manager_2x png '),
 ('97', 'filename', '0', 'en_us', ' ic_success_logo_abinbev 2x png '),
 ('97', 'extension', '0', 'en_us', ' png '),
 ('97', 'kind', '0', 'en_us', ' image '),
 ('97', 'slug', '0', 'en_us', ' ic success logo abinbev 2x '),
 ('97', 'title', '0', 'en_us', ' ic success logo abinbev 2x '),
 ('98', 'field', '7', 'en_us', ' ad products '),
 ('98', 'field', '15', 'en_us', ' blue '),
 ('98', 'field', '16', 'en_us', ' 1 '),
 ('98', 'field', '3', 'en_us', ' normal primary left gray overview 0 blue 0 0 normal primary left our ad products are fun and effective for every objective gray 0 blue 0 0 normal primary left snap ads postmates drive action 2x captivate your audience with full screen snap ads https storage googleapis com snapchat web marketing solutions product examples postmates mp4 filters geofilter phil phone screen 2x own a place or event with location based filters https storage googleapis com snapchat web marketing solutions product examples philsdonuts mp4 lenses solutions device 12 invite customers to play and share with lenses https storage googleapis com snapchat web marketing solutions product examples bloomingdales mp4 gray 0 blue 0 0 normal primary left white snap ads 0 blue 0 0 normal primary left snap ads gray 0 the original vertical video ad now with attachments customized for your objectives blue 0 0 normal primary chillah device topleft on average over 10 billion videos are watched on snapchat every day 1 left snap ads are full screen 100% viewable and have audio on by default devices nav 1 snap ads drive traffic to your pre loaded website with our auto fill feature snapchatters can send you their account email and more by just tapping devices nav 2 web view gray 0 blue 0 0 normal primary left gray filters 0 blue 0 0 normal primary custom https geofilters snapchat com create a filter _blank custom https businesshelp snapchat com en us article create geofilter view guidelines _blank left filters gray 0 filters allow you to be where your product is bought thought about or consumed create your own filter and drive awareness advocacy and action in one package blue 0 0 normal primary chillah hearts topright on average more than a billion snaps with filters are viewed every day 1 left lga geo filter 2x solutions device 9 warby parker geo filter 2x gray 0 blue 0 0 normal primary left white lenses 0 blue 0 0 normal primary left lenses gray 0 lenses are the most playful and memorable way to increase awareness on a massive scale with one tap you can invite snapchatters into your world and your story blue 0 0 normal primary chillah heart eyes topright the best lenses average more than 20 seconds of play time 1 left solutions device 11 solutions device 3 solutions device 13 gray 0 blue 0 0 normal primary left gray video 0 blue 0 0 normal primary left see where your ads will run on snapchat gray 0 blue 0 0 wide primary left gray 0 blue 0 0 '),
 ('98', 'slug', '0', 'en_us', ' solutions '),
 ('98', 'title', '0', 'en_us', ' ad products '),
 ('99', 'filename', '0', 'en_us', ' geofilter_phil_phone_screen 2x jpg '),
 ('99', 'extension', '0', 'en_us', ' jpg '),
 ('99', 'kind', '0', 'en_us', ' image '),
 ('99', 'slug', '0', 'en_us', ' geofilter phil phone screen 2x '),
 ('99', 'title', '0', 'en_us', ' geofilter phil phone screen 2x '),
 ('100', 'filename', '0', 'en_us', ' postmates_driveaction 2x jpg '),
 ('100', 'extension', '0', 'en_us', ' jpg '),
 ('100', 'kind', '0', 'en_us', ' image '),
 ('100', 'slug', '0', 'en_us', ' postmates drive action 2x '),
 ('100', 'title', '0', 'en_us', ' postmates drive action 2x '),
 ('101', 'filename', '0', 'en_us', ' lga_geofilter_2x jpg '),
 ('101', 'extension', '0', 'en_us', ' jpg '),
 ('101', 'kind', '0', 'en_us', ' image '),
 ('101', 'slug', '0', 'en_us', ' lga geo filter 2x '),
 ('101', 'title', '0', 'en_us', ' lga geo filter 2x '),
 ('102', 'filename', '0', 'en_us', ' target_ad_2x jpg '),
 ('102', 'extension', '0', 'en_us', ' jpg '),
 ('102', 'kind', '0', 'en_us', ' image '),
 ('102', 'slug', '0', 'en_us', ' target ad 2x '),
 ('102', 'title', '0', 'en_us', ' target ad 2x '),
 ('103', 'filename', '0', 'en_us', ' warby_parker_geofilter_2x jpg '),
 ('103', 'extension', '0', 'en_us', ' jpg '),
 ('103', 'kind', '0', 'en_us', ' image '),
 ('103', 'slug', '0', 'en_us', ' warby parker geo filter 2x '),
 ('103', 'title', '0', 'en_us', ' warby parker geo filter 2x '),
 ('104', 'filename', '0', 'en_us', ' weby_parker_geofilter_2x jpg '),
 ('104', 'extension', '0', 'en_us', ' jpg '),
 ('104', 'kind', '0', 'en_us', ' image '),
 ('104', 'slug', '0', 'en_us', ' weby parker geo filter 2x '),
 ('104', 'title', '0', 'en_us', ' weby parker geo filter 2x '),
 ('105', 'filename', '0', 'en_us', ' snapads_gatorade_phone_screen 2x jpg '),
 ('105', 'extension', '0', 'en_us', ' jpg '),
 ('105', 'kind', '0', 'en_us', ' image '),
 ('105', 'slug', '0', 'en_us', ' snap ads gatorade phone screen 2x '),
 ('105', 'title', '0', 'en_us', ' snap ads gatorade phone screen 2x '),
 ('106', 'filename', '0', 'en_us', ' snapads_underarmour_phone_screen 2x jpg '),
 ('106', 'extension', '0', 'en_us', ' jpg '),
 ('106', 'kind', '0', 'en_us', ' image '),
 ('106', 'slug', '0', 'en_us', ' snap ads under armour phone screen 2x '),
 ('106', 'title', '0', 'en_us', ' snap ads under armour phone screen 2x '),
 ('107', 'field', '23', 'en_us', ' overview '),
 ('107', 'field', '20', 'en_us', ' gray '),
 ('107', 'slug', '0', 'en_us', ''),
 ('108', 'slug', '0', 'en_us', ''),
 ('213', 'field', '73', 'en_us', ' custom https businesshelp snapchat com en us article create geofilter view guidelines _blank '),
 ('212', 'slug', '0', 'en_us', ''),
 ('110', 'slug', '0', 'en_us', '');
INSERT INTO `craft_searchindex` (`elementId`, `attribute`, `fieldId`, `locale`, `keywords`) VALUES
 ('202', 'field', '8', 'en_us', ''),
 ('202', 'field', '10', 'en_us', ' heeeeadline '),
 ('202', 'field', '18', 'en_us', ' suuuuubhead '),
 ('202', 'field', '12', 'en_us', ' entry 2 '),
 ('195', 'field', '62', 'en_us', ' test1 '),
 ('195', 'slug', '0', 'en_us', ''),
 ('217', 'slug', '0', 'en_us', ''),
 ('190', 'field', '24', 'en_us', ''),
 ('190', 'slug', '0', 'en_us', ''),
 ('191', 'field', '59', 'en_us', ''),
 ('191', 'field', '60', 'en_us', ' snap ads gatorade phone screen 2x '),
 ('226', 'slug', '0', 'en_us', ''),
 ('225', 'field', '85', 'en_us', ' custom https www snapchat com snapchat _blank '),
 ('211', 'field', '81', 'en_us', ''),
 ('210', 'field', '81', 'en_us', ''),
 ('118', 'field', '23', 'en_us', ' filters '),
 ('118', 'field', '20', 'en_us', ' gray '),
 ('118', 'slug', '0', 'en_us', ''),
 ('119', 'slug', '0', 'en_us', ''),
 ('209', 'field', '18', 'en_us', ' the original vertical video ad now with attachments customized for your objectives '),
 ('209', 'field', '8', 'en_us', ''),
 ('209', 'field', '10', 'en_us', ' snap ads '),
 ('208', 'slug', '0', 'en_us', ''),
 ('124', 'slug', '0', 'en_us', ''),
 ('191', 'field', '61', 'en_us', ' headline john '),
 ('191', 'field', '62', 'en_us', ' subhead jogn '),
 ('191', 'slug', '0', 'en_us', ''),
 ('217', 'field', '62', 'en_us', ''),
 ('202', 'slug', '0', 'en_us', ''),
 ('218', 'field', '60', 'en_us', ' solutions device 3 '),
 ('202', 'field', '63', 'en_us', ' great job guys you reeeeeeally did it '),
 ('128', 'field', '23', 'en_us', ' lenses '),
 ('128', 'field', '20', 'en_us', ' white '),
 ('128', 'slug', '0', 'en_us', ''),
 ('129', 'slug', '0', 'en_us', ''),
 ('212', 'field', '72', 'en_us', ' custom https geofilters snapchat com create a filter _blank '),
 ('211', 'field', '75', 'en_us', ' devices nav 2 '),
 ('211', 'field', '76', 'en_us', ' web view '),
 ('211', 'field', '77', 'en_us', ' drive traffic to your pre loaded website with our auto fill feature snapchatters can send you their account email and more by just tapping '),
 ('211', 'slug', '0', 'en_us', ''),
 ('210', 'slug', '0', 'en_us', ''),
 ('132', 'slug', '0', 'en_us', ''),
 ('220', 'field', '25', 'en_us', ' chillah heart eyes '),
 ('219', 'slug', '0', 'en_us', ''),
 ('218', 'field', '59', 'en_us', ''),
 ('195', 'field', '61', 'en_us', ' test1 '),
 ('194', 'field', '58', 'en_us', ' test1 postmates drive action 2x test1 '),
 ('194', 'field', '24', 'en_us', ''),
 ('194', 'slug', '0', 'en_us', ''),
 ('195', 'field', '59', 'en_us', ''),
 ('195', 'field', '60', 'en_us', ' postmates drive action 2x '),
 ('136', 'field', '23', 'en_us', ' video '),
 ('136', 'field', '20', 'en_us', ' gray '),
 ('136', 'slug', '0', 'en_us', ''),
 ('137', 'slug', '0', 'en_us', ''),
 ('145', 'filename', '0', 'en_us', ' devices nav 1 svg '),
 ('110', 'field', '24', 'en_us', ''),
 ('124', 'field', '24', 'en_us', ' chillah hearts topright on average more than a billion snaps with filters are viewed every day 1 '),
 ('140', 'field', '25', 'en_us', ' chillah hearts '),
 ('140', 'field', '26', 'en_us', ' on average more than a billion snaps with filters are viewed every day 1 '),
 ('140', 'field', '27', 'en_us', ' topright '),
 ('140', 'slug', '0', 'en_us', ''),
 ('132', 'field', '24', 'en_us', ' chillah heart eyes topright the best lenses average more than 20 seconds of play time 1 '),
 ('141', 'filename', '0', 'en_us', ' chillah device svg '),
 ('141', 'extension', '0', 'en_us', ' svg '),
 ('141', 'kind', '0', 'en_us', ' image '),
 ('141', 'slug', '0', 'en_us', ' chillah device '),
 ('141', 'title', '0', 'en_us', ' chillah device '),
 ('142', 'filename', '0', 'en_us', ' chillah heart eyes svg '),
 ('142', 'extension', '0', 'en_us', ' svg '),
 ('142', 'kind', '0', 'en_us', ' image '),
 ('142', 'slug', '0', 'en_us', ' chillah heart eyes '),
 ('142', 'title', '0', 'en_us', ' chillah heart eyes '),
 ('143', 'filename', '0', 'en_us', ' chillah hearts svg '),
 ('143', 'extension', '0', 'en_us', ' svg '),
 ('143', 'kind', '0', 'en_us', ' image '),
 ('143', 'slug', '0', 'en_us', ' chillah hearts '),
 ('143', 'title', '0', 'en_us', ' chillah hearts '),
 ('144', 'field', '23', 'en_us', ' snap ads '),
 ('144', 'field', '20', 'en_us', ' white '),
 ('144', 'slug', '0', 'en_us', ''),
 ('145', 'extension', '0', 'en_us', ' svg '),
 ('145', 'kind', '0', 'en_us', ' image '),
 ('145', 'slug', '0', 'en_us', ' devices nav 1 '),
 ('145', 'title', '0', 'en_us', ' devices nav 1 '),
 ('146', 'filename', '0', 'en_us', ' devices nav 2 svg '),
 ('146', 'extension', '0', 'en_us', ' svg '),
 ('146', 'kind', '0', 'en_us', ' image '),
 ('146', 'slug', '0', 'en_us', ' devices nav 2 '),
 ('146', 'title', '0', 'en_us', ' devices nav 2 '),
 ('147', 'filename', '0', 'en_us', ' devices nav 3 svg '),
 ('147', 'extension', '0', 'en_us', ' svg '),
 ('147', 'kind', '0', 'en_us', ' image '),
 ('147', 'slug', '0', 'en_us', ' devices nav 3 '),
 ('147', 'title', '0', 'en_us', ' devices nav 3 '),
 ('148', 'filename', '0', 'en_us', ' devices nav 4 svg '),
 ('148', 'extension', '0', 'en_us', ' svg '),
 ('148', 'kind', '0', 'en_us', ' image '),
 ('148', 'slug', '0', 'en_us', ' devices nav 4 '),
 ('148', 'title', '0', 'en_us', ' devices nav 4 ');
INSERT INTO `craft_searchindex` (`elementId`, `attribute`, `fieldId`, `locale`, `keywords`) VALUES
 ('149', 'filename', '0', 'en_us', ' solutions device 1 jpg '),
 ('149', 'extension', '0', 'en_us', ' jpg '),
 ('149', 'kind', '0', 'en_us', ' image '),
 ('149', 'slug', '0', 'en_us', ' solutions device 1 '),
 ('149', 'title', '0', 'en_us', ' solutions device 1 '),
 ('150', 'filename', '0', 'en_us', ' solutions device 2 jpg '),
 ('150', 'extension', '0', 'en_us', ' jpg '),
 ('150', 'kind', '0', 'en_us', ' image '),
 ('150', 'slug', '0', 'en_us', ' solutions device 2 '),
 ('150', 'title', '0', 'en_us', ' solutions device 2 '),
 ('151', 'filename', '0', 'en_us', ' solutions device 3 jpg '),
 ('151', 'extension', '0', 'en_us', ' jpg '),
 ('151', 'kind', '0', 'en_us', ' image '),
 ('151', 'slug', '0', 'en_us', ' solutions device 3 '),
 ('151', 'title', '0', 'en_us', ' solutions device 3 '),
 ('152', 'filename', '0', 'en_us', ' solutions device 4 jpg '),
 ('152', 'extension', '0', 'en_us', ' jpg '),
 ('152', 'kind', '0', 'en_us', ' image '),
 ('152', 'slug', '0', 'en_us', ' solutions device 4 '),
 ('152', 'title', '0', 'en_us', ' solutions device 4 '),
 ('153', 'filename', '0', 'en_us', ' solutions device 5 jpg '),
 ('153', 'extension', '0', 'en_us', ' jpg '),
 ('153', 'kind', '0', 'en_us', ' image '),
 ('153', 'slug', '0', 'en_us', ' solutions device 5 '),
 ('153', 'title', '0', 'en_us', ' solutions device 5 '),
 ('154', 'filename', '0', 'en_us', ' solutions device 6 jpg '),
 ('154', 'extension', '0', 'en_us', ' jpg '),
 ('154', 'kind', '0', 'en_us', ' image '),
 ('154', 'slug', '0', 'en_us', ' solutions device 6 '),
 ('154', 'title', '0', 'en_us', ' solutions device 6 '),
 ('155', 'filename', '0', 'en_us', ' solutions device 7 jpg '),
 ('155', 'extension', '0', 'en_us', ' jpg '),
 ('155', 'kind', '0', 'en_us', ' image '),
 ('155', 'slug', '0', 'en_us', ' solutions device 7 '),
 ('155', 'title', '0', 'en_us', ' solutions device 7 '),
 ('156', 'filename', '0', 'en_us', ' solutions device 8 jpg '),
 ('156', 'extension', '0', 'en_us', ' jpg '),
 ('156', 'kind', '0', 'en_us', ' image '),
 ('156', 'slug', '0', 'en_us', ' solutions device 8 '),
 ('156', 'title', '0', 'en_us', ' solutions device 8 '),
 ('157', 'filename', '0', 'en_us', ' solutions device 9 jpg '),
 ('157', 'extension', '0', 'en_us', ' jpg '),
 ('157', 'kind', '0', 'en_us', ' image '),
 ('157', 'slug', '0', 'en_us', ' solutions device 9 '),
 ('157', 'title', '0', 'en_us', ' solutions device 9 '),
 ('158', 'filename', '0', 'en_us', ' solutions device 10 jpg '),
 ('158', 'extension', '0', 'en_us', ' jpg '),
 ('158', 'kind', '0', 'en_us', ' image '),
 ('158', 'slug', '0', 'en_us', ' solutions device 10 '),
 ('158', 'title', '0', 'en_us', ' solutions device 10 '),
 ('159', 'filename', '0', 'en_us', ' solutions device 11 jpg '),
 ('159', 'extension', '0', 'en_us', ' jpg '),
 ('159', 'kind', '0', 'en_us', ' image '),
 ('159', 'slug', '0', 'en_us', ' solutions device 11 '),
 ('159', 'title', '0', 'en_us', ' solutions device 11 '),
 ('160', 'filename', '0', 'en_us', ' solutions device 12 jpg '),
 ('160', 'extension', '0', 'en_us', ' jpg '),
 ('160', 'kind', '0', 'en_us', ' image '),
 ('160', 'slug', '0', 'en_us', ' solutions device 12 '),
 ('160', 'title', '0', 'en_us', ' solutions device 12 '),
 ('161', 'filename', '0', 'en_us', ' solutions device 13 jpg '),
 ('161', 'extension', '0', 'en_us', ' jpg '),
 ('161', 'kind', '0', 'en_us', ' image '),
 ('161', 'slug', '0', 'en_us', ' solutions device 13 '),
 ('161', 'title', '0', 'en_us', ' solutions device 13 '),
 ('162', 'field', '24', 'en_us', ' chillah device topleft on average over 10 billion videos are watched on snapchat every day 1 '),
 ('162', 'slug', '0', 'en_us', ''),
 ('163', 'field', '25', 'en_us', ' chillah device '),
 ('163', 'field', '26', 'en_us', ' on average over 10 billion videos are watched on snapchat every day 1 '),
 ('163', 'field', '27', 'en_us', ' topleft '),
 ('163', 'slug', '0', 'en_us', ''),
 ('208', 'field', '62', 'en_us', ' invite customers to play and share with lenses '),
 ('208', 'field', '61', 'en_us', ' lenses '),
 ('208', 'field', '60', 'en_us', ' solutions device 12 '),
 ('208', 'field', '59', 'en_us', ' https storage googleapis com snapchat web marketing solutions product examples bloomingdales mp4 '),
 ('207', 'field', '62', 'en_us', ' own a place or event with location based filters '),
 ('207', 'field', '59', 'en_us', ' https storage googleapis com snapchat web marketing solutions product examples philsdonuts mp4 '),
 ('207', 'field', '60', 'en_us', ' geofilter phil phone screen 2x '),
 ('207', 'field', '61', 'en_us', ' filters '),
 ('137', 'field', '10', 'en_us', ' see where your ads will run on snapchat '),
 ('137', 'field', '8', 'en_us', ''),
 ('129', 'field', '71', 'en_us', ''),
 ('132', 'field', '58', 'en_us', ' solutions device 11 solutions device 3 solutions device 13 '),
 ('129', 'field', '18', 'en_us', ' lenses are the most playful and memorable way to increase awareness on a massive scale with one tap you can invite snapchatters into your world and your story '),
 ('129', 'field', '10', 'en_us', ' lenses '),
 ('129', 'field', '8', 'en_us', ''),
 ('124', 'field', '58', 'en_us', ' lga geo filter 2x solutions device 9 warby parker geo filter 2x '),
 ('119', 'field', '71', 'en_us', ' custom https geofilters snapchat com create a filter _blank custom https businesshelp snapchat com en us article create geofilter view guidelines _blank '),
 ('119', 'field', '18', 'en_us', ' filters allow you to be where your product is bought thought about or consumed create your own filter and drive awareness advocacy and action in one package '),
 ('119', 'field', '10', 'en_us', ' filters '),
 ('119', 'field', '8', 'en_us', ''),
 ('225', 'slug', '0', 'en_us', ''),
 ('226', 'field', '85', 'en_us', ' custom https www snap com en us jobs jobs _blank '),
 ('207', 'slug', '0', 'en_us', ''),
 ('137', 'field', '71', 'en_us', ''),
 ('137', 'field', '18', 'en_us', ''),
 ('172', 'title', '0', 'en_us', ' ad manager 2x '),
 ('172', 'slug', '0', 'en_us', ' ad manager 2x '),
 ('172', 'kind', '0', 'en_us', ' image '),
 ('218', 'field', '61', 'en_us', '');
INSERT INTO `craft_searchindex` (`elementId`, `attribute`, `fieldId`, `locale`, `keywords`) VALUES
 ('218', 'field', '62', 'en_us', ''),
 ('183', 'slug', '0', 'en_us', ''),
 ('219', 'field', '59', 'en_us', ''),
 ('218', 'slug', '0', 'en_us', ''),
 ('219', 'field', '60', 'en_us', ' solutions device 13 '),
 ('219', 'field', '61', 'en_us', ''),
 ('183', 'field', '20', 'en_us', ' gray '),
 ('190', 'field', '58', 'en_us', ' headline john snap ads gatorade phone screen 2x subhead jogn '),
 ('183', 'field', '23', 'en_us', ' overview '),
 ('219', 'field', '62', 'en_us', ''),
 ('220', 'field', '26', 'en_us', ' the best lenses average more than 20 seconds of play time 1 '),
 ('220', 'field', '27', 'en_us', ' topright '),
 ('220', 'slug', '0', 'en_us', ''),
 ('221', 'field', '29', 'en_us', ''),
 ('221', 'field', '28', 'en_us', ' wide '),
 ('221', 'slug', '0', 'en_us', ''),
 ('227', 'field', '85', 'en_us', ' custom https www snap com en us news news _blank '),
 ('227', 'slug', '0', 'en_us', ''),
 ('228', 'field', '83', 'en_us', ' community '),
 ('228', 'field', '84', 'en_us', ' custom https support snapchat com support _blank custom https support snapchat com en us a guidelines community guidelines _blank custom https www snapchat com safety safety center _blank '),
 ('228', 'slug', '0', 'en_us', ''),
 ('229', 'field', '85', 'en_us', ' custom https support snapchat com support _blank '),
 ('229', 'slug', '0', 'en_us', ''),
 ('230', 'field', '85', 'en_us', ' custom https support snapchat com en us a guidelines community guidelines _blank '),
 ('230', 'slug', '0', 'en_us', ''),
 ('231', 'field', '85', 'en_us', ' custom https www snapchat com safety safety center _blank '),
 ('231', 'slug', '0', 'en_us', ''),
 ('232', 'field', '83', 'en_us', ' advertising '),
 ('232', 'field', '84', 'en_us', ' custom https ads snapchat com getstarted buy ads _blank custom https www snap com en us ad policies advertising policies _blank custom https www snap com en us brand guidelines brand guidelines _blank custom https support snapchat com en us a promotions rules pormotions rules _blank '),
 ('232', 'slug', '0', 'en_us', ''),
 ('233', 'field', '85', 'en_us', ' custom https ads snapchat com getstarted buy ads _blank '),
 ('233', 'slug', '0', 'en_us', ''),
 ('234', 'field', '85', 'en_us', ' custom https www snap com en us ad policies advertising policies _blank '),
 ('234', 'slug', '0', 'en_us', ''),
 ('235', 'field', '85', 'en_us', ' custom https www snap com en us brand guidelines brand guidelines _blank '),
 ('235', 'slug', '0', 'en_us', ''),
 ('236', 'field', '85', 'en_us', ' custom https support snapchat com en us a promotions rules pormotions rules _blank '),
 ('236', 'slug', '0', 'en_us', ''),
 ('237', 'field', '83', 'en_us', ' legal '),
 ('237', 'field', '84', 'en_us', ' custom https www snap com en us privacy privacy center privacy center _blank custom https www snap com en us cookie policy cookie policy _blank custom https support snapchat com en us co report copyright copyright _blank custom https www snap com en us terms on demand geofilters on demand geofilter terms and conditions _blank custom https www snapchat com geofilters terms html community filter terms and conditions _blank '),
 ('237', 'slug', '0', 'en_us', ''),
 ('238', 'field', '85', 'en_us', ' custom https www snap com en us privacy privacy center privacy center _blank '),
 ('238', 'slug', '0', 'en_us', ''),
 ('239', 'field', '85', 'en_us', ' custom https www snap com en us cookie policy cookie policy _blank '),
 ('239', 'slug', '0', 'en_us', ''),
 ('240', 'field', '85', 'en_us', ' custom https support snapchat com en us co report copyright copyright _blank '),
 ('240', 'slug', '0', 'en_us', ''),
 ('241', 'field', '85', 'en_us', ' custom https www snap com en us terms on demand geofilters on demand geofilter terms and conditions _blank '),
 ('241', 'slug', '0', 'en_us', ''),
 ('242', 'field', '85', 'en_us', ' custom https www snapchat com geofilters terms html community filter terms and conditions _blank '),
 ('242', 'slug', '0', 'en_us', ''),
 ('98', 'field', '7', 'de_de', ' ad products '),
 ('98', 'field', '15', 'de_de', ' blue '),
 ('98', 'field', '16', 'de_de', ' 1 '),
 ('98', 'field', '3', 'de_de', ''),
 ('243', 'slug', '0', 'en_us', ' awareness '),
 ('243', 'title', '0', 'en_us', ' awareness '),
 ('243', 'slug', '0', 'de_de', ' awareness '),
 ('243', 'title', '0', 'de_de', ' awareness '),
 ('244', 'slug', '0', 'en_us', ' consideration '),
 ('244', 'title', '0', 'en_us', ' consideration '),
 ('244', 'slug', '0', 'de_de', ' consideration '),
 ('244', 'title', '0', 'de_de', ' consideration '),
 ('245', 'slug', '0', 'en_us', ' action '),
 ('245', 'title', '0', 'en_us', ' action '),
 ('245', 'slug', '0', 'de_de', ' action '),
 ('245', 'title', '0', 'de_de', ' action '),
 ('246', 'slug', '0', 'en_us', ' consumer goods '),
 ('246', 'title', '0', 'en_us', ' consumer goods '),
 ('246', 'slug', '0', 'de_de', ' consumer goods '),
 ('246', 'title', '0', 'de_de', ' consumer goods '),
 ('247', 'slug', '0', 'en_us', ' restaurants '),
 ('247', 'title', '0', 'en_us', ' restaurants '),
 ('247', 'slug', '0', 'de_de', ' restaurants '),
 ('247', 'title', '0', 'de_de', ' restaurants '),
 ('248', 'slug', '0', 'en_us', ' retail '),
 ('248', 'title', '0', 'en_us', ' retail '),
 ('248', 'slug', '0', 'de_de', ' retail '),
 ('248', 'title', '0', 'de_de', ' retail '),
 ('249', 'slug', '0', 'en_us', ' technology '),
 ('249', 'title', '0', 'en_us', ' technology '),
 ('249', 'slug', '0', 'de_de', ' technology '),
 ('249', 'title', '0', 'de_de', ' technology '),
 ('250', 'slug', '0', 'en_us', ' telecom '),
 ('250', 'title', '0', 'en_us', ' telecom '),
 ('250', 'slug', '0', 'de_de', ' telecom '),
 ('250', 'title', '0', 'de_de', ' telecom '),
 ('251', 'slug', '0', 'en_us', ' travel '),
 ('251', 'title', '0', 'en_us', ' travel '),
 ('251', 'slug', '0', 'de_de', ' travel '),
 ('251', 'title', '0', 'de_de', ' travel '),
 ('252', 'slug', '0', 'en_us', ' financial services '),
 ('252', 'title', '0', 'en_us', ' financial services '),
 ('252', 'slug', '0', 'de_de', ' financial services '),
 ('252', 'title', '0', 'de_de', ' financial services '),
 ('253', 'slug', '0', 'en_us', ' media entertainment '),
 ('253', 'title', '0', 'en_us', ' media entertainment '),
 ('253', 'slug', '0', 'de_de', ' media entertainment '),
 ('253', 'title', '0', 'de_de', ' media entertainment '),
 ('254', 'slug', '0', 'en_us', ' gaming ');
INSERT INTO `craft_searchindex` (`elementId`, `attribute`, `fieldId`, `locale`, `keywords`) VALUES
 ('254', 'title', '0', 'en_us', ' gaming '),
 ('254', 'slug', '0', 'de_de', ' gaming '),
 ('254', 'title', '0', 'de_de', ' gaming '),
 ('255', 'slug', '0', 'en_us', ' other '),
 ('255', 'title', '0', 'en_us', ' other '),
 ('255', 'slug', '0', 'de_de', ' other '),
 ('255', 'title', '0', 'de_de', ' other '),
 ('256', 'slug', '0', 'en_us', ' snap ads '),
 ('256', 'title', '0', 'en_us', ' snap ads '),
 ('256', 'slug', '0', 'de_de', ' snap ads '),
 ('256', 'title', '0', 'de_de', ' snap ads '),
 ('257', 'slug', '0', 'en_us', ' filters '),
 ('257', 'title', '0', 'en_us', ' filters '),
 ('257', 'slug', '0', 'de_de', ' filters '),
 ('257', 'title', '0', 'de_de', ' filters '),
 ('258', 'slug', '0', 'en_us', ' lenses '),
 ('258', 'title', '0', 'en_us', ' lenses '),
 ('258', 'slug', '0', 'de_de', ' lenses '),
 ('258', 'title', '0', 'de_de', ' lenses '),
 ('33', 'field', '88', 'en_us', ' snap ads '),
 ('33', 'field', '86', 'en_us', ' consumer goods '),
 ('33', 'field', '87', 'en_us', ' action '),
 ('259', 'slug', '0', 'en_us', ' success stories page '),
 ('259', 'title', '0', 'en_us', ' success stories '),
 ('259', 'slug', '0', 'de_de', ' success stories page '),
 ('259', 'title', '0', 'de_de', ' success stories page '),
 ('259', 'field', '10', 'en_us', ' see how others grew their businesses with snapchat '),
 ('33', 'field', '38', 'de_de', ' ic success logo abinbev 2x '),
 ('33', 'field', '40', 'de_de', ' a91622 '),
 ('33', 'field', '39', 'de_de', ' success story '),
 ('33', 'field', '41', 'de_de', ' ab inbev '),
 ('33', 'field', '42', 'de_de', ' on average snapchatters spent 30 seconds playing anheuser busch inbev s bud bowl game in its snap ad web view '),
 ('33', 'field', '43', 'de_de', ''),
 ('33', 'field', '88', 'de_de', ' snap ads '),
 ('33', 'field', '87', 'de_de', ' action '),
 ('33', 'field', '86', 'de_de', ' consumer goods '),
 ('267', 'slug', '0', 'de_de', ' announcements '),
 ('267', 'slug', '0', 'en_us', ' announcements '),
 ('264', 'field', '10', 'en_us', ' facts tips news and more to inspire your next campaign '),
 ('3', 'field', '1', 'de_de', ' craft is the cms that s powering snapchat craft dev it s beautiful powerful flexible and easy to use and it s made by pixel tonic we can t wait to dive in and see what it s capable of this is even more captivating content which you couldn t see on the news index page because it was entered after a page break and the news index template only likes to show the content on the first page craft a nice alternative to word if you re making a website '),
 ('3', 'field', '2', 'de_de', ''),
 ('262', 'field', '34', 'en_us', ' entry 98 ad products entry 290 audiences entry 291 entry 264 blog '),
 ('262', 'field', '36', 'en_us', ' entry 289 ad tools custom https businesshelp snapchat com support _blank entry 259 success stories custom https developers snapchat com ads partners partners custom https accounts snapchat com log in '),
 ('262', 'slug', '0', 'en_us', ''),
 ('262', 'slug', '0', 'de_de', ''),
 ('263', 'field', '82', 'en_us', ' normal primary left custom https www snap com snap inc _blank custom https www snapchat com snapchat _blank custom https www snap com jobs jobs _blank custom https www snap com news news _blank company website gray 0 blue 0 0 normal primary left custom https support snapchat com support _blank custom https support snapchat com community guidelines _blank custom https www snapchat com safety safety center _blank community website gray 0 blue 0 0 normal primary left custom https ads snapchat com getstarted buy ads _blank custom https www snap com en us ad policies advertising policies _blank custom https www snap com en us brand guidelines brand guidelines _blank custom https support snapchat com en us a promotions rules promotions rules _blank advertising website gray 0 blue 0 0 normal primary left custom https www snap com en us privacy privacy center privacy center _blank custom https www snap com en us cookie policy cookie policy _blank custom https support snapchat com en us co report copyright copyright _blank custom https www snap com en us terms on demand geofilters on demand geofilter terms and conditions _blank custom https www snapchat com geofilters terms html community filter terms and conditions _blank legal website gray 0 blue 0 0 '),
 ('263', 'slug', '0', 'en_us', ''),
 ('263', 'slug', '0', 'de_de', ''),
 ('267', 'title', '0', 'en_us', ' announcements '),
 ('266', 'slug', '0', 'en_us', ' insights '),
 ('266', 'title', '0', 'en_us', ' insights '),
 ('266', 'slug', '0', 'de_de', ' insights '),
 ('266', 'title', '0', 'de_de', ' insights '),
 ('267', 'title', '0', 'de_de', ' announcements '),
 ('268', 'field', '35', 'en_us', ' entry 98 ad products '),
 ('268', 'slug', '0', 'en_us', ''),
 ('269', 'field', '35', 'en_us', ' entry 264 blog '),
 ('269', 'slug', '0', 'en_us', ''),
 ('270', 'slug', '0', 'en_us', ' home '),
 ('270', 'title', '0', 'en_us', ' home '),
 ('270', 'slug', '0', 'de_de', ' home '),
 ('270', 'title', '0', 'de_de', ' home '),
 ('272', 'field', '93', 'en_us', ' fffc00 '),
 ('263', 'field', '96', 'en_us', ' custom https business snapchat com log in to ad manager _blank already have an account '),
 ('263', 'field', '92', 'en_us', ' fffc00 custom snapchat com get started it s easy to create and manage campaigns on snapchat '),
 ('263', 'field', '99', 'en_us', ' custom https www snap com en us privacy privacy policy privacy policy _blank custom https www snap com en us terms terms of service _blank '),
 ('272', 'field', '94', 'en_us', ' it s easy to create and manage campaigns on snapchat '),
 ('272', 'field', '95', 'en_us', ' custom snapchat com get started '),
 ('272', 'slug', '0', 'en_us', ''),
 ('273', 'field', '97', 'en_us', ' already have an account '),
 ('273', 'field', '98', 'en_us', ' custom https business snapchat com log in to ad manager _blank '),
 ('273', 'slug', '0', 'en_us', ''),
 ('274', 'field', '83', 'en_us', ' company '),
 ('274', 'field', '84', 'en_us', ' custom https www snap com snap inc _blank custom https www snapchat com snapchat _blank custom https www snap com jobs jobs _blank custom https www snap com news news _blank '),
 ('274', 'slug', '0', 'en_us', ''),
 ('275', 'field', '100', 'en_us', ' custom https www snap com en us privacy privacy policy privacy policy _blank '),
 ('275', 'slug', '0', 'en_us', ''),
 ('276', 'field', '100', 'en_us', ' custom https www snap com en us terms terms of service _blank '),
 ('276', 'slug', '0', 'en_us', ''),
 ('262', 'field', '108', 'en_us', ' entry 292 get started '),
 ('277', 'field', '85', 'en_us', ' custom https www snap com snap inc _blank '),
 ('277', 'slug', '0', 'en_us', ''),
 ('278', 'field', '85', 'en_us', ' custom https www snapchat com snapchat _blank '),
 ('278', 'slug', '0', 'en_us', ''),
 ('279', 'field', '85', 'en_us', ' custom https www snap com jobs jobs _blank '),
 ('279', 'slug', '0', 'en_us', ''),
 ('280', 'field', '85', 'en_us', ' custom https www snap com news news _blank '),
 ('280', 'slug', '0', 'en_us', ''),
 ('287', 'field', '8', 'en_us', ' 404 chillah '),
 ('282', 'field', '37', 'en_us', ' custom https businesshelp snapchat com support _blank '),
 ('282', 'slug', '0', 'en_us', ''),
 ('283', 'field', '109', 'en_us', ' hi we use cookies on this website to help operate our site and for analytics purposes for more on how we use cookies and your cookie choices go here by continuing to use our services you are giving us your consent to use cookies '),
 ('283', 'field', '99', 'en_us', ' custom https www snap com en us privacy privacy policy privacy policy _blank custom https www snap com en us terms terms of service _blank '),
 ('283', 'slug', '0', 'en_us', ''),
 ('283', 'slug', '0', 'de_de', ''),
 ('283', 'field', '109', 'de_de', ' hi we use cookies on this website to help operate our site and for analytics purposes for more on how we use cookies and your cookie choices go here by continuing to use our services you are giving us your consent to use cookies '),
 ('284', 'field', '100', 'en_us', ' custom https www snap com en us privacy privacy policy privacy policy _blank '),
 ('284', 'slug', '0', 'en_us', ''),
 ('285', 'field', '100', 'en_us', ' custom https www snap com en us terms terms of service _blank '),
 ('285', 'slug', '0', 'en_us', '');
INSERT INTO `craft_searchindex` (`elementId`, `attribute`, `fieldId`, `locale`, `keywords`) VALUES
 ('287', 'field', '18', 'en_us', ' it appears the page you were looking for doesn t exist '),
 ('287', 'field', '10', 'en_us', ' oh snap '),
 ('287', 'field', '12', 'en_us', ''),
 ('287', 'slug', '0', 'en_us', ''),
 ('287', 'slug', '0', 'de_de', ''),
 ('287', 'field', '111', 'en_us', ' return to previous page '),
 ('288', 'filename', '0', 'en_us', ' 404_chillah svg '),
 ('288', 'extension', '0', 'en_us', ' svg '),
 ('288', 'kind', '0', 'en_us', ' image '),
 ('288', 'slug', '0', 'en_us', ' 404 chillah '),
 ('288', 'title', '0', 'en_us', ' 404 chillah '),
 ('288', 'filename', '0', 'de_de', ' 404_chillah svg '),
 ('288', 'extension', '0', 'de_de', ' svg '),
 ('288', 'kind', '0', 'de_de', ' image '),
 ('288', 'slug', '0', 'de_de', ' 404 chillah '),
 ('288', 'title', '0', 'de_de', ' 404 chillah '),
 ('289', 'field', '7', 'en_us', ' ad tools '),
 ('289', 'field', '15', 'en_us', ' green '),
 ('289', 'field', '16', 'en_us', ' 1 '),
 ('289', 'field', '89', 'en_us', ''),
 ('289', 'field', '3', 'en_us', ''),
 ('289', 'field', '101', 'en_us', ''),
 ('289', 'field', '102', 'en_us', ''),
 ('289', 'field', '104', 'en_us', ''),
 ('289', 'field', '107', 'en_us', ' website '),
 ('289', 'field', '103', 'en_us', ''),
 ('289', 'field', '105', 'en_us', ''),
 ('289', 'field', '106', 'en_us', ''),
 ('289', 'slug', '0', 'en_us', ' ad tools '),
 ('289', 'title', '0', 'en_us', ' ad tools '),
 ('289', 'field', '7', 'de_de', ' ad tools '),
 ('289', 'field', '15', 'de_de', ' green '),
 ('289', 'field', '16', 'de_de', ' 1 '),
 ('289', 'field', '89', 'de_de', ''),
 ('289', 'field', '3', 'de_de', ''),
 ('289', 'field', '101', 'de_de', ''),
 ('289', 'field', '102', 'de_de', ''),
 ('289', 'field', '104', 'de_de', ''),
 ('289', 'field', '107', 'de_de', ' website '),
 ('289', 'field', '103', 'de_de', ''),
 ('289', 'field', '105', 'de_de', ''),
 ('289', 'field', '106', 'de_de', ''),
 ('289', 'slug', '0', 'de_de', ' ad tools '),
 ('289', 'title', '0', 'de_de', ' ad tools '),
 ('290', 'field', '7', 'en_us', ' audiences '),
 ('290', 'field', '15', 'en_us', ' purple '),
 ('290', 'field', '16', 'en_us', ' 1 '),
 ('290', 'field', '89', 'en_us', ''),
 ('290', 'field', '3', 'en_us', ''),
 ('290', 'field', '101', 'en_us', ''),
 ('290', 'field', '102', 'en_us', ''),
 ('290', 'field', '104', 'en_us', ''),
 ('290', 'field', '107', 'en_us', ' website '),
 ('290', 'field', '103', 'en_us', ''),
 ('290', 'field', '105', 'en_us', ''),
 ('290', 'field', '106', 'en_us', ''),
 ('290', 'slug', '0', 'en_us', ' audiences '),
 ('290', 'title', '0', 'en_us', ' audiences '),
 ('290', 'field', '7', 'de_de', ' audiences '),
 ('290', 'field', '15', 'de_de', ' purple '),
 ('290', 'field', '16', 'de_de', ' 1 '),
 ('290', 'field', '89', 'de_de', ''),
 ('290', 'field', '3', 'de_de', ''),
 ('290', 'field', '101', 'de_de', ''),
 ('290', 'field', '102', 'de_de', ''),
 ('290', 'field', '104', 'de_de', ''),
 ('290', 'field', '107', 'de_de', ' website '),
 ('290', 'field', '103', 'de_de', ''),
 ('290', 'field', '105', 'de_de', ''),
 ('290', 'field', '106', 'de_de', ''),
 ('290', 'slug', '0', 'de_de', ' audiences '),
 ('290', 'title', '0', 'de_de', ' audiences '),
 ('291', 'field', '7', 'en_us', ' measurement '),
 ('291', 'field', '15', 'en_us', ' orange '),
 ('291', 'field', '16', 'en_us', ' 1 '),
 ('291', 'field', '89', 'en_us', ''),
 ('291', 'field', '3', 'en_us', ''),
 ('291', 'field', '101', 'en_us', ''),
 ('291', 'field', '102', 'en_us', ''),
 ('291', 'field', '104', 'en_us', ''),
 ('291', 'field', '107', 'en_us', ' website '),
 ('291', 'field', '103', 'en_us', ''),
 ('291', 'field', '105', 'en_us', ''),
 ('291', 'field', '106', 'en_us', ''),
 ('291', 'slug', '0', 'en_us', ' measurement '),
 ('291', 'title', '0', 'en_us', ' measurement '),
 ('291', 'field', '7', 'de_de', ' measurement '),
 ('291', 'field', '15', 'de_de', ' orange '),
 ('291', 'field', '16', 'de_de', ' 1 '),
 ('291', 'field', '89', 'de_de', ''),
 ('291', 'field', '3', 'de_de', ''),
 ('291', 'field', '101', 'de_de', ''),
 ('291', 'field', '102', 'de_de', ''),
 ('291', 'field', '104', 'de_de', ''),
 ('291', 'field', '107', 'de_de', ' website '),
 ('291', 'field', '103', 'de_de', ''),
 ('291', 'field', '105', 'de_de', ''),
 ('291', 'field', '106', 'de_de', ''),
 ('291', 'slug', '0', 'de_de', ' measurement '),
 ('291', 'title', '0', 'de_de', ' measurement ');
INSERT INTO `craft_searchindex` (`elementId`, `attribute`, `fieldId`, `locale`, `keywords`) VALUES
 ('292', 'field', '7', 'en_us', ' gettingstarted '),
 ('292', 'field', '15', 'en_us', ' yellow '),
 ('292', 'field', '16', 'en_us', ' 0 '),
 ('292', 'field', '89', 'en_us', ''),
 ('292', 'field', '3', 'en_us', ''),
 ('292', 'field', '101', 'en_us', ''),
 ('292', 'field', '102', 'en_us', ''),
 ('292', 'field', '104', 'en_us', ''),
 ('292', 'field', '107', 'en_us', ' website '),
 ('292', 'field', '103', 'en_us', ''),
 ('292', 'field', '105', 'en_us', ''),
 ('292', 'field', '106', 'en_us', ''),
 ('292', 'slug', '0', 'en_us', ' get started '),
 ('292', 'title', '0', 'en_us', ' get started '),
 ('292', 'field', '7', 'de_de', ' gettingstarted '),
 ('292', 'field', '15', 'de_de', ' yellow '),
 ('292', 'field', '16', 'de_de', ' 0 '),
 ('292', 'field', '89', 'de_de', ''),
 ('292', 'field', '3', 'de_de', ''),
 ('292', 'field', '101', 'de_de', ''),
 ('292', 'field', '102', 'de_de', ''),
 ('292', 'field', '104', 'de_de', ''),
 ('292', 'field', '107', 'de_de', ' website '),
 ('292', 'field', '103', 'de_de', ''),
 ('292', 'field', '105', 'de_de', ''),
 ('292', 'field', '106', 'de_de', ''),
 ('292', 'slug', '0', 'de_de', ' get started '),
 ('292', 'title', '0', 'de_de', ' get started '),
 ('293', 'field', '35', 'en_us', ' entry 290 audiences '),
 ('293', 'slug', '0', 'en_us', ''),
 ('294', 'field', '35', 'en_us', ' entry 291 '),
 ('294', 'slug', '0', 'en_us', ''),
 ('295', 'field', '37', 'en_us', ' entry 289 ad tools '),
 ('295', 'slug', '0', 'en_us', ''),
 ('296', 'field', '37', 'en_us', ' entry 259 success stories '),
 ('296', 'slug', '0', 'en_us', ''),
 ('297', 'field', '37', 'en_us', ' custom https developers snapchat com ads partners partners '),
 ('297', 'slug', '0', 'en_us', ''),
 ('298', 'field', '37', 'en_us', ' custom https accounts snapchat com log in '),
 ('298', 'slug', '0', 'en_us', ''),
 ('299', 'field', '83', 'en_us', ' community '),
 ('299', 'field', '84', 'en_us', ' custom https support snapchat com support _blank custom https support snapchat com community guidelines _blank custom https www snapchat com safety safety center _blank '),
 ('299', 'slug', '0', 'en_us', ''),
 ('300', 'field', '85', 'en_us', ' custom https support snapchat com support _blank '),
 ('300', 'slug', '0', 'en_us', ''),
 ('301', 'field', '85', 'en_us', ' custom https support snapchat com community guidelines _blank '),
 ('301', 'slug', '0', 'en_us', ''),
 ('302', 'field', '85', 'en_us', ' custom https www snapchat com safety safety center _blank '),
 ('302', 'slug', '0', 'en_us', ''),
 ('303', 'field', '83', 'en_us', ' advertising '),
 ('303', 'field', '84', 'en_us', ' custom https ads snapchat com getstarted buy ads _blank custom https www snap com en us ad policies advertising policies _blank custom https www snap com en us brand guidelines brand guidelines _blank custom https support snapchat com en us a promotions rules promotions rules _blank '),
 ('303', 'slug', '0', 'en_us', ''),
 ('304', 'field', '85', 'en_us', ' custom https ads snapchat com getstarted buy ads _blank '),
 ('304', 'slug', '0', 'en_us', ''),
 ('305', 'field', '85', 'en_us', ' custom https www snap com en us ad policies advertising policies _blank '),
 ('305', 'slug', '0', 'en_us', ''),
 ('306', 'field', '85', 'en_us', ' custom https www snap com en us brand guidelines brand guidelines _blank '),
 ('306', 'slug', '0', 'en_us', ''),
 ('307', 'field', '85', 'en_us', ' custom https support snapchat com en us a promotions rules promotions rules _blank '),
 ('307', 'slug', '0', 'en_us', ''),
 ('308', 'field', '83', 'en_us', ' legal '),
 ('308', 'field', '84', 'en_us', ' custom https www snap com en us privacy privacy center privacy center _blank custom https www snap com en us cookie policy cookie policy _blank custom https support snapchat com en us co report copyright copyright _blank custom https www snap com en us terms on demand geofilters on demand geofilter terms and conditions _blank custom https www snapchat com geofilters terms html community filter terms and conditions _blank '),
 ('308', 'slug', '0', 'en_us', ''),
 ('309', 'field', '85', 'en_us', ' custom https www snap com en us privacy privacy center privacy center _blank '),
 ('309', 'slug', '0', 'en_us', ''),
 ('310', 'field', '85', 'en_us', ' custom https www snap com en us cookie policy cookie policy _blank '),
 ('310', 'slug', '0', 'en_us', ''),
 ('311', 'field', '85', 'en_us', ' custom https support snapchat com en us co report copyright copyright _blank '),
 ('311', 'slug', '0', 'en_us', ''),
 ('312', 'field', '85', 'en_us', ' custom https www snap com en us terms on demand geofilters on demand geofilter terms and conditions _blank '),
 ('312', 'slug', '0', 'en_us', ''),
 ('313', 'field', '85', 'en_us', ' custom https www snapchat com geofilters terms html community filter terms and conditions _blank '),
 ('313', 'slug', '0', 'en_us', ''),
 ('314', 'field', '7', 'en_us', ' one with everything '),
 ('314', 'field', '15', 'en_us', ' red '),
 ('314', 'field', '16', 'en_us', ' 1 '),
 ('314', 'field', '89', 'en_us', ' 1 cool annotation bro 2 great job annotating this '),
 ('314', 'field', '3', 'en_us', ' normal primary left left website 0 gray element grids 0 blue 0 0 normal primary left left card 1 body text homepage 1 1 card 1 headline card 2 body text goes right here homepage 1 2 card 2 headline card 3 body looks like this homepage 1 3 card 3 headline website 0 gray 0 blue 0 0 normal primary left left adjust 2x adjust logo https forbusiness snapchat com appsflyer 2x appsflyer logo https forbusiness snapchat com doubleclick 2x double click logo https forbusiness snapchat com website 0 gray 0 blue 0 0 normal primary left left device 1 headline solutions device 12 quam diu etiam furor iste tuus nos eludet plura mihi bona sunt inclinet amari petere vellent device 2 headline solutions device 11 quam diu etiam furor iste tuus nos eludet plura mihi bona sunt inclinet amari petere vellent device 3 headline solutions device 2 quam diu etiam furor iste tuus nos eludet plura mihi bona sunt inclinet amari petere vellent website 0 gray 0 blue 0 0 normal primary left left website 0 white text images 0 blue 0 0 normal primary custom forbusiness snapchat com primary button outlined _blank 1 custom forbusiness snapchat com primary button filled _blank 0 custom forbusiness snapchat com secondary button _blank left left centered text lockup 404 chillah website 0 gray 0 quam diu etiam furor iste tuus nos eludet plura mihi bona sunt inclinet amari petere vellent blue 0 0 normal primary custom forbusiness snapchat com primary button outlined _blank 1 custom forbusiness snapchat com primary button filled 0 custom snapchat com secondary button _blank left left image beside text filter reporting 2x website curabitur blandit tempus ardua ridiculus sed magna integer legentibus erat a ante historiarum dapibus vivamus sagittis lacus vel augue laoreet rutrum faucibus morbi fringilla convallis sapien id pulvinar odio volutpat tu quoque brute fili mi nihil timor populi nihil 0 gray 0 blue 0 0 normal primary left left website 0 gray images alone 0 blue 0 0 normal primary left left filter reporting 2x centered image postmates drive action 2x website 1 gray 0 blue 0 0 wide primary left left ad manager 2x wide centered image website 0 gray 0 blue 0 0 full primary left left snap to store chillahs 2x full centered image website 0 gray 0 blue 0 0 '),
 ('314', 'field', '101', 'en_us', ''),
 ('314', 'field', '102', 'en_us', ''),
 ('314', 'field', '104', 'en_us', ''),
 ('314', 'field', '107', 'en_us', ' website '),
 ('314', 'field', '103', 'en_us', ''),
 ('314', 'field', '105', 'en_us', ''),
 ('314', 'field', '106', 'en_us', ''),
 ('314', 'slug', '0', 'en_us', ' one with everything '),
 ('314', 'title', '0', 'en_us', ' one with everything '),
 ('314', 'field', '7', 'de_de', ' one with everything '),
 ('314', 'field', '15', 'de_de', ' red '),
 ('314', 'field', '16', 'de_de', ' 1 '),
 ('314', 'field', '89', 'de_de', ' 1 cool annotation bro 2 great job annotating this '),
 ('314', 'field', '3', 'de_de', ' normal primary left left website 0 gray element grids 0 blue 0 normal primary left left card 1 body text homepage 1 1 card 1 headline card 2 body text goes right here homepage 1 2 card 2 headline card 3 body looks like this homepage 1 3 card 3 headline website 0 gray 0 blue 0 normal primary left left adjust 2x adjust logo https snapchat com appsflyer 2x appsflyer logo https snapchat com doubleclick 2x double click logo https snapchat com website 0 gray 0 blue 0 normal primary left left website 0 gray 0 blue 0 '),
 ('314', 'field', '101', 'de_de', ''),
 ('314', 'field', '102', 'de_de', ''),
 ('314', 'field', '104', 'de_de', ''),
 ('314', 'field', '107', 'de_de', ' website '),
 ('314', 'field', '103', 'de_de', ''),
 ('314', 'field', '105', 'de_de', ''),
 ('314', 'field', '106', 'de_de', ''),
 ('314', 'slug', '0', 'de_de', ' one with everything ');
INSERT INTO `craft_searchindex` (`elementId`, `attribute`, `fieldId`, `locale`, `keywords`) VALUES
 ('314', 'title', '0', 'de_de', ' one with everything '),
 ('315', 'field', '90', 'en_us', ' 1 '),
 ('315', 'field', '91', 'en_us', ' cool annotation bro '),
 ('315', 'slug', '0', 'en_us', ''),
 ('316', 'field', '90', 'en_us', ' 2 '),
 ('316', 'field', '91', 'en_us', ' great job annotating this '),
 ('316', 'slug', '0', 'en_us', ''),
 ('317', 'field', '23', 'en_us', ' element grids '),
 ('317', 'field', '20', 'en_us', ' gray '),
 ('317', 'slug', '0', 'en_us', ''),
 ('318', 'field', '67', 'en_us', ' card 1 body text homepage 1 1 card 1 headline card 2 body text goes right here homepage 1 2 card 2 headline card 3 body looks like this homepage 1 3 card 3 headline '),
 ('318', 'field', '24', 'en_us', ''),
 ('318', 'slug', '0', 'en_us', ''),
 ('319', 'field', '68', 'en_us', ' homepage 1 1 '),
 ('319', 'field', '69', 'en_us', ' card 1 headline '),
 ('319', 'field', '70', 'en_us', ' card 1 body text '),
 ('319', 'slug', '0', 'en_us', ''),
 ('320', 'field', '68', 'en_us', ' homepage 1 2 '),
 ('320', 'field', '69', 'en_us', ' card 2 headline '),
 ('320', 'field', '70', 'en_us', ' card 2 body text goes right here '),
 ('320', 'slug', '0', 'en_us', ''),
 ('321', 'field', '68', 'en_us', ' homepage 1 3 '),
 ('321', 'field', '69', 'en_us', ' card 3 headline '),
 ('321', 'field', '70', 'en_us', ' card 3 body looks like this '),
 ('321', 'slug', '0', 'en_us', ''),
 ('322', 'field', '45', 'en_us', ' adjust 2x adjust logo https forbusiness snapchat com appsflyer 2x appsflyer logo https forbusiness snapchat com doubleclick 2x double click logo https forbusiness snapchat com '),
 ('322', 'slug', '0', 'en_us', ''),
 ('323', 'field', '118', 'en_us', ' adjust 2x '),
 ('323', 'field', '119', 'en_us', ' adjust logo '),
 ('323', 'field', '120', 'en_us', ' https forbusiness snapchat com '),
 ('323', 'slug', '0', 'en_us', ''),
 ('324', 'field', '118', 'en_us', ' appsflyer 2x '),
 ('324', 'field', '119', 'en_us', ' appsflyer logo '),
 ('324', 'field', '120', 'en_us', ' https forbusiness snapchat com '),
 ('324', 'slug', '0', 'en_us', ''),
 ('325', 'field', '118', 'en_us', ' doubleclick 2x '),
 ('325', 'field', '119', 'en_us', ' double click logo '),
 ('325', 'field', '120', 'en_us', ' https forbusiness snapchat com '),
 ('325', 'slug', '0', 'en_us', ''),
 ('326', 'field', '58', 'en_us', ' device 1 headline solutions device 12 quam diu etiam furor iste tuus nos eludet plura mihi bona sunt inclinet amari petere vellent device 2 headline solutions device 11 quam diu etiam furor iste tuus nos eludet plura mihi bona sunt inclinet amari petere vellent device 3 headline solutions device 2 quam diu etiam furor iste tuus nos eludet plura mihi bona sunt inclinet amari petere vellent '),
 ('326', 'field', '24', 'en_us', ''),
 ('326', 'slug', '0', 'en_us', ''),
 ('327', 'field', '59', 'en_us', ''),
 ('327', 'field', '60', 'en_us', ' solutions device 12 '),
 ('327', 'field', '61', 'en_us', ' device 1 headline '),
 ('327', 'field', '62', 'en_us', ' quam diu etiam furor iste tuus nos eludet plura mihi bona sunt inclinet amari petere vellent '),
 ('327', 'slug', '0', 'en_us', ''),
 ('328', 'field', '59', 'en_us', ''),
 ('328', 'field', '60', 'en_us', ' solutions device 11 '),
 ('328', 'field', '61', 'en_us', ' device 2 headline '),
 ('328', 'field', '62', 'en_us', ' quam diu etiam furor iste tuus nos eludet plura mihi bona sunt inclinet amari petere vellent '),
 ('328', 'slug', '0', 'en_us', ''),
 ('329', 'field', '59', 'en_us', ''),
 ('329', 'field', '60', 'en_us', ' solutions device 2 '),
 ('329', 'field', '61', 'en_us', ' device 3 headline '),
 ('329', 'field', '62', 'en_us', ' quam diu etiam furor iste tuus nos eludet plura mihi bona sunt inclinet amari petere vellent '),
 ('329', 'slug', '0', 'en_us', ''),
 ('330', 'field', '23', 'en_us', ' text images '),
 ('330', 'field', '20', 'en_us', ' white '),
 ('330', 'slug', '0', 'en_us', ''),
 ('331', 'field', '8', 'en_us', ' 404 chillah '),
 ('331', 'field', '10', 'en_us', ' centered text lockup '),
 ('331', 'field', '18', 'en_us', ' quam diu etiam furor iste tuus nos eludet plura mihi bona sunt inclinet amari petere vellent '),
 ('331', 'field', '71', 'en_us', ' custom forbusiness snapchat com primary button outlined _blank 1 custom forbusiness snapchat com primary button filled _blank 0 custom forbusiness snapchat com secondary button _blank '),
 ('331', 'slug', '0', 'en_us', ''),
 ('332', 'field', '72', 'en_us', ' custom forbusiness snapchat com primary button outlined _blank '),
 ('332', 'field', '110', 'en_us', ' 1 '),
 ('332', 'slug', '0', 'en_us', ''),
 ('333', 'field', '72', 'en_us', ' custom forbusiness snapchat com primary button filled _blank '),
 ('333', 'field', '110', 'en_us', ' 0 '),
 ('333', 'slug', '0', 'en_us', ''),
 ('334', 'field', '73', 'en_us', ' custom forbusiness snapchat com secondary button _blank '),
 ('334', 'slug', '0', 'en_us', ''),
 ('335', 'field', '8', 'en_us', ' filter reporting 2x '),
 ('335', 'field', '9', 'en_us', ' left '),
 ('335', 'field', '10', 'en_us', ' image beside text '),
 ('335', 'field', '11', 'en_us', ' curabitur blandit tempus ardua ridiculus sed magna integer legentibus erat a ante historiarum dapibus vivamus sagittis lacus vel augue laoreet rutrum faucibus morbi fringilla convallis sapien id pulvinar odio volutpat tu quoque brute fili mi nihil timor populi nihil '),
 ('335', 'field', '71', 'en_us', ' custom forbusiness snapchat com primary button outlined _blank 1 custom forbusiness snapchat com primary button filled 0 custom snapchat com secondary button _blank '),
 ('335', 'slug', '0', 'en_us', ''),
 ('336', 'field', '72', 'en_us', ' custom forbusiness snapchat com primary button outlined _blank '),
 ('336', 'field', '110', 'en_us', ' 1 '),
 ('336', 'slug', '0', 'en_us', ''),
 ('337', 'field', '72', 'en_us', ' custom forbusiness snapchat com primary button filled '),
 ('337', 'field', '110', 'en_us', ' 0 '),
 ('337', 'slug', '0', 'en_us', ''),
 ('338', 'field', '73', 'en_us', ' custom snapchat com secondary button _blank '),
 ('338', 'slug', '0', 'en_us', ''),
 ('339', 'field', '23', 'en_us', ' images alone '),
 ('339', 'field', '20', 'en_us', ' gray '),
 ('339', 'slug', '0', 'en_us', ''),
 ('340', 'field', '8', 'en_us', ' filter reporting 2x '),
 ('340', 'field', '126', 'en_us', ' centered image '),
 ('340', 'field', '28', 'en_us', ' normal '),
 ('340', 'field', '132', 'en_us', ' 1 '),
 ('340', 'field', '127', 'en_us', ' postmates drive action 2x '),
 ('340', 'slug', '0', 'en_us', ''),
 ('341', 'field', '8', 'en_us', ' snap to store chillahs 2x '),
 ('341', 'field', '126', 'en_us', ' full centered image '),
 ('341', 'field', '28', 'en_us', ' full '),
 ('341', 'field', '132', 'en_us', ' 0 ');
INSERT INTO `craft_searchindex` (`elementId`, `attribute`, `fieldId`, `locale`, `keywords`) VALUES
 ('341', 'field', '127', 'en_us', ''),
 ('341', 'slug', '0', 'en_us', ''),
 ('343', 'field', '8', 'en_us', ' ad manager 2x '),
 ('343', 'field', '126', 'en_us', ' wide centered image '),
 ('343', 'field', '28', 'en_us', ' wide '),
 ('343', 'field', '132', 'en_us', ' 0 '),
 ('343', 'field', '127', 'en_us', ''),
 ('343', 'slug', '0', 'en_us', '');



DROP TABLE IF EXISTS `craft_sections`;


--
-- Schema for table `craft_sections`
--
CREATE TABLE `craft_sections` (
  `id` int(11) NOT NULL AUTO_INCREMENT,
  `structureId` int(11) DEFAULT NULL,
  `name` varchar(255) COLLATE utf8_unicode_ci NOT NULL,
  `handle` varchar(255) COLLATE utf8_unicode_ci NOT NULL,
  `type` enum('single','channel','structure') COLLATE utf8_unicode_ci NOT NULL DEFAULT 'channel',
  `hasUrls` tinyint(1) unsigned NOT NULL DEFAULT '1',
  `template` varchar(500) COLLATE utf8_unicode_ci DEFAULT NULL,
  `enableVersioning` tinyint(1) unsigned NOT NULL DEFAULT '0',
  `dateCreated` datetime NOT NULL,
  `dateUpdated` datetime NOT NULL,
  `uid` char(36) COLLATE utf8_unicode_ci NOT NULL DEFAULT '0',
  PRIMARY KEY (`id`),
  UNIQUE KEY `craft_sections_name_unq_idx` (`name`),
  UNIQUE KEY `craft_sections_handle_unq_idx` (`handle`),
  KEY `craft_sections_structureId_fk` (`structureId`)
) ENGINE=InnoDB AUTO_INCREMENT=10 DEFAULT CHARSET=utf8 COLLATE=utf8_unicode_ci;

--
-- Data for table `craft_sections`
--

INSERT INTO `craft_sections` (`id`, `structureId`, `name`, `handle`, `type`, `hasUrls`, `template`, `enableVersioning`, `dateCreated`, `dateUpdated`, `uid`) VALUES
 ('2', NULL, 'Blog Entries', 'blogEntries', 'channel', '1', 'blog/_entry', '1', '2017-07-20 17:27:59', '2017-08-07 21:26:51', '022b50f9-06f0-4003-bfe8-9198d930d407'),
 ('3', '1', 'Pages', 'pages', 'structure', '1', 'pages/_entry', '1', '2017-07-20 18:25:45', '2017-08-07 18:42:10', '1c733ed8-ddbf-47b2-8ecb-cf5bf8ccfbd5'),
 ('4', '2', 'Success Stories Entries', 'successStoriesEntries', 'structure', '0', NULL, '1', '2017-07-20 21:27:22', '2017-08-07 21:25:35', '3b569e27-5319-4ef9-8e3b-7eb2bd41526b'),
 ('7', NULL, 'Success Stories', 'successStories', 'single', '1', 'success-stories-page', '1', '2017-08-07 17:58:03', '2017-08-07 21:25:46', '886ae330-88bf-4320-b49b-14549cfba58e'),
 ('8', NULL, 'Blog', 'blog', 'single', '1', 'blog', '1', '2017-08-07 21:28:57', '2017-08-07 21:28:57', 'f6b22f5d-2459-412b-b6e6-8fae61f7da70'),
 ('9', NULL, 'Home', 'home', 'single', '1', '', '1', '2017-08-07 22:23:23', '2017-08-07 22:29:29', 'dd88d442-36b8-4ed5-aec5-953097103863');



DROP TABLE IF EXISTS `craft_sections_i18n`;


--
-- Schema for table `craft_sections_i18n`
--
CREATE TABLE `craft_sections_i18n` (
  `id` int(11) NOT NULL AUTO_INCREMENT,
  `sectionId` int(11) NOT NULL,
  `locale` char(12) COLLATE utf8_unicode_ci NOT NULL,
  `enabledByDefault` tinyint(1) unsigned NOT NULL DEFAULT '1',
  `urlFormat` text COLLATE utf8_unicode_ci,
  `nestedUrlFormat` text COLLATE utf8_unicode_ci,
  `dateCreated` datetime NOT NULL,
  `dateUpdated` datetime NOT NULL,
  `uid` char(36) COLLATE utf8_unicode_ci NOT NULL DEFAULT '0',
  PRIMARY KEY (`id`),
  UNIQUE KEY `craft_sections_i18n_sectionId_locale_unq_idx` (`sectionId`,`locale`),
  KEY `craft_sections_i18n_locale_fk` (`locale`)
) ENGINE=InnoDB AUTO_INCREMENT=18 DEFAULT CHARSET=utf8 COLLATE=utf8_unicode_ci;

--
-- Data for table `craft_sections_i18n`
--

INSERT INTO `craft_sections_i18n` (`id`, `sectionId`, `locale`, `enabledByDefault`, `urlFormat`, `nestedUrlFormat`, `dateCreated`, `dateUpdated`, `uid`) VALUES
 ('2', '2', 'en_us', '1', 'blog/{slug}', NULL, '2017-07-20 17:27:59', '2017-07-20 21:26:42', 'aefd676a-658f-4370-8128-4f08db257ba8'),
 ('3', '3', 'en_us', '1', '{slug}', '{parent.uri}/{slug}', '2017-07-20 18:25:45', '2017-07-20 18:25:45', 'dc145741-2a4c-4517-b99d-10103baeae2a'),
 ('4', '4', 'en_us', '1', NULL, NULL, '2017-07-20 21:27:22', '2017-07-20 21:27:22', '2aeafbc6-63e5-4479-8a9b-59dc77f0eee8'),
 ('7', '3', 'de_de', '1', '{slug}', '{parent.uri}/{slug}', '2017-08-07 16:50:22', '2017-08-07 16:50:22', '55f1aec9-efa4-4840-ac62-1de589ed4eb1'),
 ('8', '7', 'en_us', '1', 'success-stories', NULL, '2017-08-07 17:58:03', '2017-08-07 17:58:03', 'ff0b8e87-c17e-44f2-a0b5-072d1991cbf6'),
 ('9', '7', 'de_de', '1', 'success-stories', NULL, '2017-08-07 17:58:03', '2017-08-07 17:58:03', '1e8bc8e6-2250-426a-a209-6c188a3c25d0'),
 ('10', '4', 'de_de', '1', NULL, NULL, '2017-08-07 18:41:55', '2017-08-07 18:41:55', '10404255-d470-4cd2-9374-edbcec69c26b'),
 ('13', '2', 'de_de', '1', 'blog/{slug}', NULL, '2017-08-07 18:42:14', '2017-08-07 18:42:14', 'e0e6a984-9a14-444d-8cc4-f1dfe0007658'),
 ('14', '8', 'en_us', '1', 'blog', NULL, '2017-08-07 21:28:57', '2017-08-07 21:28:57', 'd11727fe-c1be-4756-a3b2-135be544a521'),
 ('15', '8', 'de_de', '1', 'blog', NULL, '2017-08-07 21:28:57', '2017-08-07 21:28:57', 'e0ebd710-3424-4d43-b871-a5ac0265ea04'),
 ('16', '9', 'en_us', '1', '__home__', NULL, '2017-08-07 22:23:23', '2017-08-07 22:23:23', '1692e83e-ca6b-4673-bb98-3f1a873c2b47'),
 ('17', '9', 'de_de', '1', '__home__', NULL, '2017-08-07 22:23:23', '2017-08-07 22:23:23', 'aa16a690-cc94-4899-a021-1a11d0586abe');



DROP TABLE IF EXISTS `craft_sessions`;


--
-- Schema for table `craft_sessions`
--
CREATE TABLE `craft_sessions` (
  `id` int(11) NOT NULL AUTO_INCREMENT,
  `userId` int(11) NOT NULL,
  `token` char(100) COLLATE utf8_unicode_ci NOT NULL,
  `dateCreated` datetime NOT NULL,
  `dateUpdated` datetime NOT NULL,
  `uid` char(36) COLLATE utf8_unicode_ci NOT NULL DEFAULT '0',
  PRIMARY KEY (`id`),
  KEY `craft_sessions_uid_idx` (`uid`),
  KEY `craft_sessions_token_idx` (`token`),
  KEY `craft_sessions_dateUpdated_idx` (`dateUpdated`),
  KEY `craft_sessions_userId_fk` (`userId`)
) ENGINE=InnoDB AUTO_INCREMENT=14 DEFAULT CHARSET=utf8 COLLATE=utf8_unicode_ci;

DROP TABLE IF EXISTS `craft_shunnedmessages`;


--
-- Schema for table `craft_shunnedmessages`
--
CREATE TABLE `craft_shunnedmessages` (
  `id` int(11) NOT NULL AUTO_INCREMENT,
  `userId` int(11) NOT NULL,
  `message` varchar(255) COLLATE utf8_unicode_ci NOT NULL,
  `expiryDate` datetime DEFAULT NULL,
  `dateCreated` datetime NOT NULL,
  `dateUpdated` datetime NOT NULL,
  `uid` char(36) COLLATE utf8_unicode_ci NOT NULL DEFAULT '0',
  PRIMARY KEY (`id`),
  UNIQUE KEY `craft_shunnedmessages_userId_message_unq_idx` (`userId`,`message`)
) ENGINE=InnoDB DEFAULT CHARSET=utf8 COLLATE=utf8_unicode_ci;

DROP TABLE IF EXISTS `craft_structureelements`;


--
-- Schema for table `craft_structureelements`
--
CREATE TABLE `craft_structureelements` (
  `id` int(11) NOT NULL AUTO_INCREMENT,
  `structureId` int(11) NOT NULL,
  `elementId` int(11) DEFAULT NULL,
  `root` int(11) unsigned DEFAULT NULL,
  `lft` int(11) unsigned NOT NULL,
  `rgt` int(11) unsigned NOT NULL,
  `level` smallint(6) unsigned NOT NULL,
  `dateCreated` datetime NOT NULL,
  `dateUpdated` datetime NOT NULL,
  `uid` char(36) COLLATE utf8_unicode_ci NOT NULL DEFAULT '0',
  PRIMARY KEY (`id`),
  UNIQUE KEY `craft_structureelements_structureId_elementId_unq_idx` (`structureId`,`elementId`),
  KEY `craft_structureelements_root_idx` (`root`),
  KEY `craft_structureelements_lft_idx` (`lft`),
  KEY `craft_structureelements_rgt_idx` (`rgt`),
  KEY `craft_structureelements_level_idx` (`level`),
  KEY `craft_structureelements_elementId_fk` (`elementId`)
) ENGINE=InnoDB AUTO_INCREMENT=1026 DEFAULT CHARSET=utf8 COLLATE=utf8_unicode_ci;

--
-- Data for table `craft_structureelements`
--

INSERT INTO `craft_structureelements` (`id`, `structureId`, `elementId`, `root`, `lft`, `rgt`, `level`, `dateCreated`, `dateUpdated`, `uid`) VALUES
 ('1', '1', NULL, '1', '1', '14', '0', '2017-07-20 21:28:52', '2017-07-20 21:28:52', '374f4ed8-7f03-42d3-a689-92f420cc2a64'),
 ('67', '2', NULL, '67', '1', '4', '0', '2017-07-21 23:29:50', '2017-07-21 23:29:50', 'a8096e0c-260b-46ed-95ab-155a5bf9b715'),
 ('68', '2', '33', '67', '2', '3', '1', '2017-07-21 23:29:50', '2017-07-21 23:29:50', '4f0b903f-c4cb-43a8-8407-4cbaaa7a0f39'),
 ('351', '1', '98', '1', '2', '3', '1', '2017-07-26 22:48:34', '2017-07-26 22:48:34', '83770ad1-71c5-45a2-becc-042de3fbb73e'),
 ('742', '44', NULL, '742', '1', '30', '0', '2017-07-27 00:17:05', '2017-07-27 00:17:05', '85892169-db27-4290-b755-a7788bdcee65'),
 ('743', '44', '34', '742', '2', '7', '1', '2017-07-27 00:17:05', '2017-07-27 00:17:05', '407ebe9f-dcc7-4d7b-9041-1a267b9cab0a'),
 ('744', '44', '35', '742', '3', '4', '2', '2017-07-27 00:17:05', '2017-07-27 00:17:05', '5604196d-d5a7-46b2-9073-5be89d008f15'),
 ('746', '44', '36', '742', '5', '6', '2', '2017-07-27 00:17:05', '2017-07-27 00:17:05', '820f7131-5244-4285-926d-6c0487c52fe8'),
 ('748', '44', '39', '742', '8', '11', '1', '2017-07-27 00:17:05', '2017-07-27 00:17:05', '2700d794-b3dd-4d57-b804-610cef5ba6f5'),
 ('749', '44', '40', '742', '9', '10', '2', '2017-07-27 00:17:05', '2017-07-27 00:17:05', '43877985-edc8-4a7a-9453-10ecdfaba5cd'),
 ('751', '44', '42', '742', '12', '17', '1', '2017-07-27 00:17:05', '2017-07-27 00:17:05', 'f216b884-d572-482b-9eda-7ee09e5034ba'),
 ('752', '44', '43', '742', '13', '14', '2', '2017-07-27 00:17:05', '2017-07-27 00:17:05', '0f02abae-2dcf-4261-9345-d536abfe8686'),
 ('755', '44', '44', '742', '15', '16', '2', '2017-07-27 00:17:06', '2017-07-27 00:17:06', '4aa46200-6d06-4f5e-9944-cf98ed75ecb9'),
 ('763', '44', '63', '742', '18', '23', '1', '2017-07-27 00:17:06', '2017-07-27 00:17:06', '24421dbd-255a-4d83-a065-7aab7ad515af'),
 ('764', '44', '64', '742', '19', '20', '2', '2017-07-27 00:17:06', '2017-07-27 00:17:06', 'd3602a39-0e44-4839-a6fb-e548b960c817'),
 ('768', '44', '69', '742', '21', '22', '2', '2017-07-27 00:17:06', '2017-07-27 00:17:06', '77ca0010-7c99-4e54-a69c-aebe436651b8'),
 ('769', '44', '71', '742', '24', '29', '1', '2017-07-27 00:17:06', '2017-07-27 00:17:06', 'c45caf78-4d86-4fda-8ba2-5c4e18d864f2'),
 ('770', '44', '72', '742', '25', '26', '2', '2017-07-27 00:17:06', '2017-07-27 00:17:06', 'e5f2ada2-e88e-4537-9aae-9f791c7a6138'),
 ('774', '44', '91', '742', '27', '28', '2', '2017-07-27 00:17:06', '2017-07-27 00:17:06', 'e87f3dad-850e-4fe9-be8a-102b9cff5629'),
 ('838', '60', NULL, '838', '1', '10', '0', '2017-08-03 17:11:59', '2017-08-03 17:11:59', '06eef699-cce2-4ec2-963d-ee52979f7f1f'),
 ('839', '60', '183', '838', '2', '9', '1', '2017-08-03 17:11:59', '2017-08-03 17:11:59', 'ccc7cded-9e3a-45fd-94e5-908a316d231c'),
 ('840', '60', '190', '838', '3', '4', '2', '2017-08-03 17:11:59', '2017-08-03 17:11:59', 'c16b17f2-3aa7-41dc-b1af-225e7849c4a3'),
 ('841', '60', '194', '838', '5', '6', '2', '2017-08-03 17:11:59', '2017-08-03 17:11:59', '25bf2d82-d9ef-4d8d-af3b-748231e16324'),
 ('842', '60', '202', '838', '7', '8', '2', '2017-08-03 17:11:59', '2017-08-03 17:11:59', '0c6debfd-d96e-4edb-a19a-538ea6e67add'),
 ('894', '65', NULL, '894', '1', '10', '0', '2017-08-03 22:33:25', '2017-08-03 22:33:25', '1ccdf8b6-3d72-464e-a6b0-50734aa8a20a'),
 ('895', '65', '223', '894', '2', '3', '1', '2017-08-03 22:33:25', '2017-08-03 22:33:25', '2a1c21c2-acea-4d3d-87b0-1e28e84410f6'),
 ('896', '65', '228', '894', '4', '5', '1', '2017-08-03 22:33:25', '2017-08-03 22:33:25', '1c376fa4-d873-4eac-a49f-bc0d85eee156'),
 ('897', '65', '232', '894', '6', '7', '1', '2017-08-03 22:33:26', '2017-08-03 22:33:26', '62e14e90-8ff6-4642-b4b7-c433105c3ba3'),
 ('898', '65', '237', '894', '8', '9', '1', '2017-08-03 22:33:26', '2017-08-03 22:33:26', 'a0f0c0f7-4f1f-46a6-ad59-976c3561b439'),
 ('899', '66', NULL, '899', '1', '8', '0', '2017-08-07 17:26:03', '2017-08-07 17:26:03', '7d7f5a49-a6a9-40a9-9b86-05d71655ef34'),
 ('900', '66', '243', '899', '4', '5', '1', '2017-08-07 17:26:03', '2017-08-07 17:26:03', '85d62594-418d-4ff0-8994-bf009c58097c'),
 ('901', '66', '244', '899', '6', '7', '1', '2017-08-07 17:26:14', '2017-08-07 17:26:14', '5946c36e-2644-480d-a4e2-875f6237a56f'),
 ('902', '66', '245', '899', '2', '3', '1', '2017-08-07 17:26:23', '2017-08-07 17:26:23', '3debd975-4bb0-4461-aba6-9f921281c57d'),
 ('903', '67', NULL, '903', '1', '22', '0', '2017-08-07 17:26:39', '2017-08-07 17:26:39', '32c70e5d-1d7e-420f-95db-ff7a6ca15f44'),
 ('904', '67', '246', '903', '2', '3', '1', '2017-08-07 17:26:39', '2017-08-07 17:26:39', '818a2c50-1825-4296-9b97-c3ef39182215'),
 ('905', '67', '247', '903', '10', '11', '1', '2017-08-07 17:26:50', '2017-08-07 17:26:50', 'fbed4758-e592-4852-9ef0-142c477a7651'),
 ('906', '67', '248', '903', '12', '13', '1', '2017-08-07 17:26:55', '2017-08-07 17:26:55', '47ae175d-4bad-4472-b7cd-a2510ceab279'),
 ('907', '67', '249', '903', '14', '15', '1', '2017-08-07 17:27:08', '2017-08-07 17:27:08', 'd0b8c8db-7576-4f49-bd5d-b46d7acf7128'),
 ('908', '67', '250', '903', '16', '17', '1', '2017-08-07 17:27:17', '2017-08-07 17:27:17', 'a3f93469-97de-4dc1-86cf-404f0ac15e8b'),
 ('909', '67', '251', '903', '18', '19', '1', '2017-08-07 17:27:33', '2017-08-07 17:27:33', 'ab773d9b-5908-4f56-8704-3c5a2e120eea'),
 ('910', '67', '252', '903', '4', '5', '1', '2017-08-07 17:27:40', '2017-08-07 17:27:40', '4e19d155-9719-40f0-b837-090aaa84690d'),
 ('911', '67', '253', '903', '8', '9', '1', '2017-08-07 17:28:00', '2017-08-07 17:28:00', 'ab50babd-0a1a-4fe7-b72f-ab90ce48c036'),
 ('912', '67', '254', '903', '6', '7', '1', '2017-08-07 17:28:10', '2017-08-07 17:28:10', 'afaf46fd-f17b-4c85-bfc5-496a4eae21ac'),
 ('913', '67', '255', '903', '20', '21', '1', '2017-08-07 17:28:14', '2017-08-07 17:28:14', '8cacbcad-38b7-4e3f-8169-e4382daccbd5'),
 ('914', '68', NULL, '914', '1', '8', '0', '2017-08-07 17:31:09', '2017-08-07 17:31:09', '579bf80f-9c15-4ba7-bfd9-b7e92b4875e0'),
 ('915', '68', '256', '914', '2', '3', '1', '2017-08-07 17:31:09', '2017-08-07 17:31:09', 'bba1afed-f536-4eeb-8828-2d6511c99f11'),
 ('916', '68', '257', '914', '4', '5', '1', '2017-08-07 17:31:22', '2017-08-07 17:31:22', '2f402e07-b935-4571-b8d3-3d7801250855'),
 ('917', '68', '258', '914', '6', '7', '1', '2017-08-07 17:31:27', '2017-08-07 17:31:27', '3316de5d-0d01-451b-8f0b-7c82a6fc1398'),
 ('918', '69', NULL, '918', '1', '2', '0', '2017-08-07 18:08:59', '2017-08-07 18:08:59', 'd120dbd1-edd7-48bf-83d3-a9f0acba6e0f'),
 ('937', '71', NULL, '937', '1', '6', '0', '2017-08-07 21:31:54', '2017-08-07 21:31:54', '7969fe17-399b-465c-93ef-a3449373ebdc'),
 ('939', '71', '266', '937', '2', '3', '1', '2017-08-07 21:31:59', '2017-08-07 21:31:59', 'd8513baf-2fa1-4b3a-853c-0942cdd75cc6'),
 ('940', '71', '267', '937', '4', '5', '1', '2017-08-07 21:32:21', '2017-08-07 21:32:21', 'dfb2f90b-cfb4-4186-a40f-2b66e22db7d2'),
 ('941', '72', NULL, '941', '1', '32', '0', '2017-08-07 21:49:06', '2017-08-07 21:49:06', '27b473ed-9e84-4cc4-ad68-2d3b47c651c5'),
 ('942', '72', '107', '941', '2', '7', '1', '2017-08-07 21:49:06', '2017-08-07 21:49:06', 'c990e1c1-4f44-4375-9193-f177580d13c6'),
 ('943', '72', '108', '941', '3', '4', '2', '2017-08-07 21:49:06', '2017-08-07 21:49:06', '253689b8-1c03-4ca7-9fc0-453b690e7c27'),
 ('944', '72', '110', '941', '5', '6', '2', '2017-08-07 21:49:06', '2017-08-07 21:49:06', 'c589fe0b-5e49-42cb-8fe1-b4502352d8a2'),
 ('945', '72', '144', '941', '8', '13', '1', '2017-08-07 21:49:06', '2017-08-07 21:49:06', '5f90975c-0361-473f-b00f-f2682647d71e'),
 ('946', '72', '209', '941', '9', '10', '2', '2017-08-07 21:49:06', '2017-08-07 21:49:06', 'be06f097-3f2b-4162-a3d6-1b3a6fa32d9d'),
 ('947', '72', '162', '941', '11', '12', '2', '2017-08-07 21:49:07', '2017-08-07 21:49:07', '59afb24a-bceb-49f5-ba45-88fee78e0fb4'),
 ('948', '72', '118', '941', '14', '19', '1', '2017-08-07 21:49:07', '2017-08-07 21:49:07', 'ac40a0b9-bc96-4d4c-8b50-a3b740a0891a'),
 ('949', '72', '119', '941', '15', '16', '2', '2017-08-07 21:49:07', '2017-08-07 21:49:07', '63e0538c-5571-408a-a4cf-c2ade4e4404c'),
 ('950', '72', '124', '941', '17', '18', '2', '2017-08-07 21:49:07', '2017-08-07 21:49:07', '304bb474-98f3-4929-a99e-2aaca82322ce'),
 ('951', '72', '128', '941', '20', '25', '1', '2017-08-07 21:49:07', '2017-08-07 21:49:07', 'fe84164e-baee-425a-a176-d2eaa4165020'),
 ('952', '72', '129', '941', '21', '22', '2', '2017-08-07 21:49:07', '2017-08-07 21:49:07', '91651b0f-94df-462b-aa35-c7c9bec70539'),
 ('953', '72', '132', '941', '23', '24', '2', '2017-08-07 21:49:07', '2017-08-07 21:49:07', '8256cab7-0fb5-4946-bc17-d751dda0bc16'),
 ('954', '72', '136', '941', '26', '31', '1', '2017-08-07 21:49:07', '2017-08-07 21:49:07', '8fd918f4-f0e9-4764-92be-76bae497b3ac'),
 ('955', '72', '137', '941', '27', '28', '2', '2017-08-07 21:49:07', '2017-08-07 21:49:07', 'cf3cb32d-5249-4218-92b7-1fd605130ea2'),
 ('956', '72', '221', '941', '29', '30', '2', '2017-08-07 21:49:07', '2017-08-07 21:49:07', '8647746e-c2f6-4014-847e-e77048d86b7e'),
 ('961', '1', '289', '1', '4', '5', '1', '2017-08-09 20:37:54', '2017-08-09 20:37:54', '0ccfcddd-cd35-4555-a5ca-b31567dc7b59'),
 ('962', '1', '290', '1', '6', '7', '1', '2017-08-09 20:38:27', '2017-08-09 20:38:27', '6fe31c04-20de-486e-84be-ff8aa3bc83f5'),
 ('963', '1', '291', '1', '8', '9', '1', '2017-08-09 20:39:06', '2017-08-09 20:39:06', 'c0eec092-f494-409f-8fc9-ad207d9aab51'),
 ('964', '1', '292', '1', '10', '11', '1', '2017-08-09 20:41:34', '2017-08-09 20:41:34', '5e60f3c5-a768-48e4-ab03-07495c9f8a46'),
 ('965', '81', NULL, '965', '1', '10', '0', '2017-08-09 20:57:20', '2017-08-09 20:57:20', '8467bfbd-4c47-4cc6-bb00-7167fde5918d'),
 ('966', '81', '274', '965', '2', '3', '1', '2017-08-09 20:57:20', '2017-08-09 20:57:20', 'b9b6a7b1-3418-41fe-ae7a-103dbce952a7'),
 ('967', '81', '299', '965', '4', '5', '1', '2017-08-09 20:57:20', '2017-08-09 20:57:20', '0678c910-5b75-4f9a-9b3b-7c2b5fce0167'),
 ('968', '81', '303', '965', '6', '7', '1', '2017-08-09 20:57:20', '2017-08-09 20:57:20', '08780bc8-cd3e-481a-ac5b-2f59a633b0b2'),
 ('969', '81', '308', '965', '8', '9', '1', '2017-08-09 20:57:20', '2017-08-09 20:57:20', '222ae11e-5b50-41f5-afb7-2d0f198850c8'),
 ('975', '1', '314', '1', '12', '13', '1', '2017-08-10 22:00:29', '2017-08-10 22:00:29', '462c5924-c82a-45cd-b6d2-ea3195b33b2d'),
 ('1014', '86', NULL, '1014', '1', '24', '0', '2017-08-10 23:07:51', '2017-08-10 23:07:51', '37dadb94-e242-4c2e-b515-540a96b9909d'),
 ('1015', '86', '317', '1014', '2', '9', '1', '2017-08-10 23:07:51', '2017-08-10 23:07:51', '212f7662-8369-4a91-acb9-c6e12bd11a18'),
 ('1016', '86', '318', '1014', '3', '4', '2', '2017-08-10 23:07:51', '2017-08-10 23:07:51', 'c7c2f284-21b4-44ba-a7ef-b46e6ad5fefb'),
 ('1017', '86', '322', '1014', '5', '6', '2', '2017-08-10 23:07:51', '2017-08-10 23:07:51', '4fe5b0b9-01db-4acc-b053-43e365d0bd2a'),
 ('1018', '86', '326', '1014', '7', '8', '2', '2017-08-10 23:07:52', '2017-08-10 23:07:52', '927a1e9e-f1d9-4d3c-9ddb-84ebc6eaf667'),
 ('1019', '86', '330', '1014', '10', '15', '1', '2017-08-10 23:07:52', '2017-08-10 23:07:52', 'a1de1c66-fe11-4368-9dcc-300189acf7c1'),
 ('1020', '86', '331', '1014', '11', '12', '2', '2017-08-10 23:07:52', '2017-08-10 23:07:52', '8d180823-d945-496a-87bf-9c4ce555d840'),
 ('1021', '86', '335', '1014', '13', '14', '2', '2017-08-10 23:07:52', '2017-08-10 23:07:52', '92dc515c-ef98-4112-8a81-efe0ba708e6e'),
 ('1022', '86', '339', '1014', '16', '23', '1', '2017-08-10 23:07:52', '2017-08-10 23:07:52', 'd48a0b65-08b3-4463-91f4-05a6256aa0c8'),
 ('1023', '86', '340', '1014', '17', '18', '2', '2017-08-10 23:07:52', '2017-08-10 23:07:52', 'c370a113-52aa-4849-9f2e-2694fa32ad3f'),
 ('1024', '86', '343', '1014', '19', '20', '2', '2017-08-10 23:07:52', '2017-08-10 23:07:52', '4c015385-317e-44f2-8b93-d1071f0480a4'),
 ('1025', '86', '341', '1014', '21', '22', '2', '2017-08-10 23:07:52', '2017-08-10 23:07:52', 'a26efd67-1641-4cd0-be36-8a1c2cb02074');



DROP TABLE IF EXISTS `craft_structures`;


--
-- Schema for table `craft_structures`
--
CREATE TABLE `craft_structures` (
  `id` int(11) NOT NULL AUTO_INCREMENT,
  `maxLevels` smallint(6) unsigned DEFAULT NULL,
  `dateCreated` datetime NOT NULL,
  `dateUpdated` datetime NOT NULL,
  `uid` char(36) COLLATE utf8_unicode_ci NOT NULL DEFAULT '0',
  PRIMARY KEY (`id`)
) ENGINE=InnoDB AUTO_INCREMENT=87 DEFAULT CHARSET=utf8 COLLATE=utf8_unicode_ci;

--
-- Data for table `craft_structures`
--

INSERT INTO `craft_structures` (`id`, `maxLevels`, `dateCreated`, `dateUpdated`, `uid`) VALUES
 ('1', NULL, '2017-07-20 18:25:45', '2017-08-07 18:42:10', 'fff719e3-afb8-43d5-a0a5-acca515dde3b'),
 ('2', NULL, '2017-07-20 21:27:22', '2017-08-07 21:25:35', 'd7da3224-477c-4c8e-a9a2-dc9d963c0512'),
 ('13', NULL, '2017-07-20 23:45:33', '2017-07-20 23:45:33', '69429fef-0364-44de-9c69-b3ceb6b5fbcc'),
 ('44', NULL, '2017-07-27 00:17:05', '2017-07-27 00:17:05', 'd415eec9-b73d-4fcd-823f-1da8af3c478f'),
 ('60', NULL, '2017-08-03 17:11:59', '2017-08-03 17:11:59', 'd4841971-5750-4c0a-a138-da42ba2ecfc5'),
 ('65', NULL, '2017-08-03 22:33:25', '2017-08-03 22:33:25', '014fefec-14b7-46fb-b289-7fa76f8d807d'),
 ('66', NULL, '2017-08-07 17:25:26', '2017-08-07 17:25:26', 'cc66539c-171d-4a80-a662-5416002d38a4'),
 ('67', NULL, '2017-08-07 17:25:37', '2017-08-07 17:25:37', '7e3e9714-7383-4f80-934d-98cf927114ba'),
 ('68', NULL, '2017-08-07 17:30:56', '2017-08-07 18:18:04', '98b95852-16a8-4bd4-bd74-420717c8867d'),
 ('69', '2', '2017-08-07 18:08:50', '2017-08-07 18:08:50', '7b74efc6-6e85-4d45-833b-623018130636'),
 ('71', NULL, '2017-08-07 21:31:43', '2017-08-07 21:31:43', '4b9a4fb3-32ab-4344-a4b8-de249d43f198'),
 ('72', NULL, '2017-08-07 21:49:06', '2017-08-07 21:49:06', '19b4a265-aa66-45b3-8712-aeef5e371852'),
 ('77', NULL, '2017-08-09 20:38:36', '2017-08-09 20:38:36', 'e51b9a7f-f9f3-4a2a-a106-63c5a273fa81'),
 ('78', NULL, '2017-08-09 20:38:46', '2017-08-09 20:38:46', '882fee72-c4a2-4531-b375-4a91ead60ef7'),
 ('79', NULL, '2017-08-09 20:39:06', '2017-08-09 20:39:06', 'a371ee4e-7a1d-48db-83fd-82cbe5a8fdf7'),
 ('80', NULL, '2017-08-09 20:41:34', '2017-08-09 20:41:34', 'cee43ac4-d03b-4156-959c-6bd696e16c47'),
 ('81', NULL, '2017-08-09 20:57:20', '2017-08-09 20:57:20', '85906d8b-adea-4f9a-82f3-1e3651efdd3d'),
 ('86', NULL, '2017-08-10 23:07:51', '2017-08-10 23:07:51', '37733b9f-3d63-487f-91a7-efff582420ac');



DROP TABLE IF EXISTS `craft_supertablecontent_cb_elementgrids`;


--
-- Schema for table `craft_supertablecontent_cb_elementgrids`
--
CREATE TABLE `craft_supertablecontent_cb_elementgrids` (
  `id` int(11) NOT NULL AUTO_INCREMENT,
  `elementId` int(11) NOT NULL,
  `locale` char(12) COLLATE utf8_unicode_ci NOT NULL,
  `dateCreated` datetime NOT NULL,
  `dateUpdated` datetime NOT NULL,
  `uid` char(36) COLLATE utf8_unicode_ci NOT NULL DEFAULT '0',
  PRIMARY KEY (`id`),
  UNIQUE KEY `craft_supertablecontent_cb_elementgrids_elementId_locale_unq_idx` (`elementId`,`locale`),
  KEY `craft_supertablecontent_cb_elementgrids_locale_fk` (`locale`)
) ENGINE=InnoDB DEFAULT CHARSET=utf8 COLLATE=utf8_unicode_ci;

DROP TABLE IF EXISTS `craft_systemsettings`;


--
-- Schema for table `craft_systemsettings`
--
CREATE TABLE `craft_systemsettings` (
  `id` int(11) NOT NULL AUTO_INCREMENT,
  `category` varchar(15) COLLATE utf8_unicode_ci NOT NULL,
  `settings` text COLLATE utf8_unicode_ci,
  `dateCreated` datetime NOT NULL,
  `dateUpdated` datetime NOT NULL,
  `uid` char(36) COLLATE utf8_unicode_ci NOT NULL DEFAULT '0',
  PRIMARY KEY (`id`),
  UNIQUE KEY `craft_systemsettings_category_unq_idx` (`category`)
) ENGINE=InnoDB AUTO_INCREMENT=2 DEFAULT CHARSET=utf8 COLLATE=utf8_unicode_ci;

--
-- Data for table `craft_systemsettings`
--

INSERT INTO `craft_systemsettings` (`id`, `category`, `settings`, `dateCreated`, `dateUpdated`, `uid`) VALUES
 ('1', 'email', '{\"protocol\":\"php\",\"emailAddress\":\"mort@instrument.com\",\"senderName\":\"Snapchat Craft\"}', '2017-07-20 17:27:58', '2017-07-20 17:27:58', '8284fafb-9849-42cc-9de1-509248b054ef');



DROP TABLE IF EXISTS `craft_taggroups`;


--
-- Schema for table `craft_taggroups`
--
CREATE TABLE `craft_taggroups` (
  `id` int(11) NOT NULL AUTO_INCREMENT,
  `name` varchar(255) COLLATE utf8_unicode_ci NOT NULL,
  `handle` varchar(255) COLLATE utf8_unicode_ci NOT NULL,
  `fieldLayoutId` int(10) DEFAULT NULL,
  `dateCreated` datetime NOT NULL,
  `dateUpdated` datetime NOT NULL,
  `uid` char(36) COLLATE utf8_unicode_ci NOT NULL DEFAULT '0',
  PRIMARY KEY (`id`),
  UNIQUE KEY `craft_taggroups_name_unq_idx` (`name`),
  UNIQUE KEY `craft_taggroups_handle_unq_idx` (`handle`),
  KEY `craft_taggroups_fieldLayoutId_fk` (`fieldLayoutId`)
) ENGINE=InnoDB AUTO_INCREMENT=2 DEFAULT CHARSET=utf8 COLLATE=utf8_unicode_ci;

--
-- Data for table `craft_taggroups`
--

INSERT INTO `craft_taggroups` (`id`, `name`, `handle`, `fieldLayoutId`, `dateCreated`, `dateUpdated`, `uid`) VALUES
 ('1', 'Default', 'default', '1', '2017-07-20 17:27:58', '2017-07-20 17:27:58', 'ce504d2d-cb72-4acb-ac26-d0f90ac129d8');



DROP TABLE IF EXISTS `craft_tags`;


--
-- Schema for table `craft_tags`
--
CREATE TABLE `craft_tags` (
  `id` int(11) NOT NULL,
  `groupId` int(11) NOT NULL,
  `dateCreated` datetime NOT NULL,
  `dateUpdated` datetime NOT NULL,
  `uid` char(36) COLLATE utf8_unicode_ci NOT NULL DEFAULT '0',
  PRIMARY KEY (`id`),
  KEY `craft_tags_groupId_fk` (`groupId`)
) ENGINE=InnoDB DEFAULT CHARSET=utf8 COLLATE=utf8_unicode_ci;

DROP TABLE IF EXISTS `craft_tasks`;


--
-- Schema for table `craft_tasks`
--
CREATE TABLE `craft_tasks` (
  `id` int(11) NOT NULL AUTO_INCREMENT,
  `root` int(11) unsigned DEFAULT NULL,
  `lft` int(11) unsigned NOT NULL,
  `rgt` int(11) unsigned NOT NULL,
  `level` smallint(6) unsigned NOT NULL,
  `currentStep` int(11) unsigned DEFAULT NULL,
  `totalSteps` int(11) unsigned DEFAULT NULL,
  `status` enum('pending','error','running') COLLATE utf8_unicode_ci DEFAULT NULL,
  `type` varchar(150) COLLATE utf8_unicode_ci NOT NULL,
  `description` varchar(255) COLLATE utf8_unicode_ci DEFAULT NULL,
  `settings` mediumtext COLLATE utf8_unicode_ci,
  `dateCreated` datetime NOT NULL,
  `dateUpdated` datetime NOT NULL,
  `uid` char(36) COLLATE utf8_unicode_ci NOT NULL DEFAULT '0',
  PRIMARY KEY (`id`),
  KEY `craft_tasks_root_idx` (`root`),
  KEY `craft_tasks_lft_idx` (`lft`),
  KEY `craft_tasks_rgt_idx` (`rgt`),
  KEY `craft_tasks_level_idx` (`level`)
) ENGINE=InnoDB AUTO_INCREMENT=13 DEFAULT CHARSET=utf8 COLLATE=utf8_unicode_ci;

DROP TABLE IF EXISTS `craft_templatecachecriteria`;


--
-- Schema for table `craft_templatecachecriteria`
--
CREATE TABLE `craft_templatecachecriteria` (
  `id` int(11) NOT NULL AUTO_INCREMENT,
  `cacheId` int(11) NOT NULL,
  `type` varchar(150) COLLATE utf8_unicode_ci NOT NULL,
  `criteria` text COLLATE utf8_unicode_ci NOT NULL,
  PRIMARY KEY (`id`),
  KEY `craft_templatecachecriteria_cacheId_fk` (`cacheId`),
  KEY `craft_templatecachecriteria_type_idx` (`type`)
) ENGINE=InnoDB DEFAULT CHARSET=utf8 COLLATE=utf8_unicode_ci;

DROP TABLE IF EXISTS `craft_templatecacheelements`;


--
-- Schema for table `craft_templatecacheelements`
--
CREATE TABLE `craft_templatecacheelements` (
  `cacheId` int(11) NOT NULL,
  `elementId` int(11) NOT NULL,
  KEY `craft_templatecacheelements_cacheId_fk` (`cacheId`),
  KEY `craft_templatecacheelements_elementId_fk` (`elementId`)
) ENGINE=InnoDB DEFAULT CHARSET=utf8 COLLATE=utf8_unicode_ci;

DROP TABLE IF EXISTS `craft_templatecaches`;


--
-- Schema for table `craft_templatecaches`
--
CREATE TABLE `craft_templatecaches` (
  `id` int(11) NOT NULL AUTO_INCREMENT,
  `cacheKey` varchar(255) COLLATE utf8_unicode_ci NOT NULL,
  `locale` char(12) COLLATE utf8_unicode_ci NOT NULL,
  `path` varchar(255) COLLATE utf8_unicode_ci DEFAULT NULL,
  `expiryDate` datetime NOT NULL,
  `body` mediumtext COLLATE utf8_unicode_ci NOT NULL,
  PRIMARY KEY (`id`),
  KEY `craft_templatecaches_expiryDate_cacheKey_locale_path_idx` (`expiryDate`,`cacheKey`,`locale`,`path`),
  KEY `craft_templatecaches_locale_fk` (`locale`)
) ENGINE=InnoDB DEFAULT CHARSET=utf8 COLLATE=utf8_unicode_ci;

DROP TABLE IF EXISTS `craft_tokens`;


--
-- Schema for table `craft_tokens`
--
CREATE TABLE `craft_tokens` (
  `id` int(11) NOT NULL AUTO_INCREMENT,
  `token` char(32) COLLATE utf8_unicode_ci NOT NULL,
  `route` text COLLATE utf8_unicode_ci,
  `usageLimit` tinyint(3) unsigned DEFAULT NULL,
  `usageCount` tinyint(3) unsigned DEFAULT NULL,
  `expiryDate` datetime NOT NULL,
  `dateCreated` datetime NOT NULL,
  `dateUpdated` datetime NOT NULL,
  `uid` char(36) COLLATE utf8_unicode_ci NOT NULL DEFAULT '0',
  PRIMARY KEY (`id`),
  UNIQUE KEY `craft_tokens_token_unq_idx` (`token`),
  KEY `craft_tokens_expiryDate_idx` (`expiryDate`)
) ENGINE=InnoDB DEFAULT CHARSET=utf8 COLLATE=utf8_unicode_ci;

DROP TABLE IF EXISTS `craft_usergroups`;


--
-- Schema for table `craft_usergroups`
--
CREATE TABLE `craft_usergroups` (
  `id` int(11) NOT NULL AUTO_INCREMENT,
  `name` varchar(255) COLLATE utf8_unicode_ci NOT NULL,
  `handle` varchar(255) COLLATE utf8_unicode_ci NOT NULL,
  `dateCreated` datetime NOT NULL,
  `dateUpdated` datetime NOT NULL,
  `uid` char(36) COLLATE utf8_unicode_ci NOT NULL DEFAULT '0',
  PRIMARY KEY (`id`),
  UNIQUE KEY `craft_usergroups_name_unq_idx` (`name`),
  UNIQUE KEY `craft_usergroups_handle_unq_idx` (`handle`)
) ENGINE=InnoDB AUTO_INCREMENT=3 DEFAULT CHARSET=utf8 COLLATE=utf8_unicode_ci;

--
-- Data for table `craft_usergroups`
--

INSERT INTO `craft_usergroups` (`id`, `name`, `handle`, `dateCreated`, `dateUpdated`, `uid`) VALUES
 ('1', 'Global Admin', 'globalAdmin', '2017-07-20 17:54:32', '2017-07-20 17:54:32', '82dcebed-a933-4529-a5e8-e3314125faf1'),
 ('2', 'Regional Admin', 'regionalAdmin', '2017-07-20 17:54:54', '2017-07-20 17:54:54', '7a768e2e-83c0-4842-a810-07d5d5cb84f8');



DROP TABLE IF EXISTS `craft_usergroups_users`;


--
-- Schema for table `craft_usergroups_users`
--
CREATE TABLE `craft_usergroups_users` (
  `id` int(11) NOT NULL AUTO_INCREMENT,
  `groupId` int(11) NOT NULL,
  `userId` int(11) NOT NULL,
  `dateCreated` datetime NOT NULL,
  `dateUpdated` datetime NOT NULL,
  `uid` char(36) COLLATE utf8_unicode_ci NOT NULL DEFAULT '0',
  PRIMARY KEY (`id`),
  UNIQUE KEY `craft_usergroups_users_groupId_userId_unq_idx` (`groupId`,`userId`),
  KEY `craft_usergroups_users_userId_fk` (`userId`)
) ENGINE=InnoDB DEFAULT CHARSET=utf8 COLLATE=utf8_unicode_ci;

DROP TABLE IF EXISTS `craft_userpermissions`;


--
-- Schema for table `craft_userpermissions`
--
CREATE TABLE `craft_userpermissions` (
  `id` int(11) NOT NULL AUTO_INCREMENT,
  `name` varchar(255) COLLATE utf8_unicode_ci NOT NULL,
  `dateCreated` datetime NOT NULL,
  `dateUpdated` datetime NOT NULL,
  `uid` char(36) COLLATE utf8_unicode_ci NOT NULL DEFAULT '0',
  PRIMARY KEY (`id`),
  UNIQUE KEY `craft_userpermissions_name_unq_idx` (`name`)
) ENGINE=InnoDB AUTO_INCREMENT=26 DEFAULT CHARSET=utf8 COLLATE=utf8_unicode_ci;

--
-- Data for table `craft_userpermissions`
--

INSERT INTO `craft_userpermissions` (`id`, `name`, `dateCreated`, `dateUpdated`, `uid`) VALUES
 ('1', 'accesssitewhensystemisoff', '2017-07-20 17:54:32', '2017-07-20 17:54:32', '497f4529-cdf6-411b-877a-7e81b977da07'),
 ('2', 'accesscpwhensystemisoff', '2017-07-20 17:54:32', '2017-07-20 17:54:32', '69a414cd-0abb-4436-92d0-8f86f15f9372'),
 ('3', 'performupdates', '2017-07-20 17:54:32', '2017-07-20 17:54:32', '17611eb1-b543-4f98-ae5c-9fb4aa83d418'),
 ('4', 'accesscp', '2017-07-20 17:54:32', '2017-07-20 17:54:32', '6d40c40e-0cc6-462b-8b88-76fa67acf1de'),
 ('5', 'registerusers', '2017-07-20 17:54:32', '2017-07-20 17:54:32', '5d0f9848-05bd-47e3-a337-85d166c80557'),
 ('6', 'assignuserpermissions', '2017-07-20 17:54:32', '2017-07-20 17:54:32', 'e522b228-9d7c-4f23-b77d-a82fb4875f1b'),
 ('7', 'changeuseremails', '2017-07-20 17:54:32', '2017-07-20 17:54:32', '1071c08f-52cd-4ccd-8cb2-dac16c3d1808'),
 ('8', 'administrateusers', '2017-07-20 17:54:32', '2017-07-20 17:54:32', '50ac9b7d-a1f8-4284-acdc-c9786b4c2449'),
 ('9', 'editusers', '2017-07-20 17:54:32', '2017-07-20 17:54:32', '1e6bae15-97e0-4582-9aa9-8204e8f8bec0'),
 ('10', 'deleteusers', '2017-07-20 17:54:32', '2017-07-20 17:54:32', '8ef42943-c02d-4c49-abea-89dc4adda7a6'),
 ('11', 'publishentries:1', '2017-07-20 17:54:32', '2017-07-20 17:54:32', 'f195006d-a67f-4201-8428-3d195f60c8f0'),
 ('12', 'publishpeerentrydrafts:1', '2017-07-20 17:54:32', '2017-07-20 17:54:32', '13c7f58f-1e20-4fbb-84fe-3a04339f2cf5'),
 ('13', 'deletepeerentrydrafts:1', '2017-07-20 17:54:32', '2017-07-20 17:54:32', '5fb24696-54c8-4cf3-a621-cf8ee50bb5ed'),
 ('14', 'editpeerentrydrafts:1', '2017-07-20 17:54:32', '2017-07-20 17:54:32', 'ad014a15-02aa-4aea-862f-da615013b4b2'),
 ('15', 'editentries:1', '2017-07-20 17:54:32', '2017-07-20 17:54:32', '150a63ef-1002-4c4d-966b-7d286999f9a3'),
 ('16', 'createentries:2', '2017-07-20 17:54:32', '2017-07-20 17:54:32', '9e3114d2-842f-472a-8eab-9c601a4950ab'),
 ('17', 'publishentries:2', '2017-07-20 17:54:32', '2017-07-20 17:54:32', 'c0c108b6-313a-4e65-b41a-33999cfeaf7c'),
 ('18', 'deleteentries:2', '2017-07-20 17:54:32', '2017-07-20 17:54:32', '778adf8c-673f-4b11-a44d-e65a3fa31a14'),
 ('19', 'publishpeerentries:2', '2017-07-20 17:54:32', '2017-07-20 17:54:32', '83d6a821-f1f4-4787-9260-abe93b36e804'),
 ('20', 'deletepeerentries:2', '2017-07-20 17:54:32', '2017-07-20 17:54:32', 'f709d89d-5037-4062-9a00-a63bce8d7d8e'),
 ('21', 'editpeerentries:2', '2017-07-20 17:54:32', '2017-07-20 17:54:32', '03042f32-153f-4c6b-a011-037abd07a762'),
 ('22', 'publishpeerentrydrafts:2', '2017-07-20 17:54:32', '2017-07-20 17:54:32', '73cf56d4-d9c6-4484-9d39-c536ddeab0e9'),
 ('23', 'deletepeerentrydrafts:2', '2017-07-20 17:54:32', '2017-07-20 17:54:32', '1d740493-70df-4a3b-8152-0814e9e1577c'),
 ('24', 'editpeerentrydrafts:2', '2017-07-20 17:54:32', '2017-07-20 17:54:32', 'a202092a-ccf3-405c-b5c4-a26ce372c548'),
 ('25', 'editentries:2', '2017-07-20 17:54:32', '2017-07-20 17:54:32', '6e80203a-237a-477c-92cd-9e819e0f539e');



DROP TABLE IF EXISTS `craft_userpermissions_usergroups`;


--
-- Schema for table `craft_userpermissions_usergroups`
--
CREATE TABLE `craft_userpermissions_usergroups` (
  `id` int(11) NOT NULL AUTO_INCREMENT,
  `permissionId` int(11) NOT NULL,
  `groupId` int(11) NOT NULL,
  `dateCreated` datetime NOT NULL,
  `dateUpdated` datetime NOT NULL,
  `uid` char(36) COLLATE utf8_unicode_ci NOT NULL DEFAULT '0',
  PRIMARY KEY (`id`),
  UNIQUE KEY `craft_userpermissions_usergroups_permissionId_groupId_unq_idx` (`permissionId`,`groupId`),
  KEY `craft_userpermissions_usergroups_groupId_fk` (`groupId`)
) ENGINE=InnoDB AUTO_INCREMENT=51 DEFAULT CHARSET=utf8 COLLATE=utf8_unicode_ci;

--
-- Data for table `craft_userpermissions_usergroups`
--

INSERT INTO `craft_userpermissions_usergroups` (`id`, `permissionId`, `groupId`, `dateCreated`, `dateUpdated`, `uid`) VALUES
 ('1', '1', '1', '2017-07-20 17:54:32', '2017-07-20 17:54:32', 'd916a45f-6663-4328-a59d-3c41d67b5dff'),
 ('2', '2', '1', '2017-07-20 17:54:32', '2017-07-20 17:54:32', '42cf081b-0ac8-4cbb-b911-559197445085'),
 ('3', '3', '1', '2017-07-20 17:54:32', '2017-07-20 17:54:32', 'ef974301-230e-4f96-b151-0aadadf38b10'),
 ('4', '4', '1', '2017-07-20 17:54:32', '2017-07-20 17:54:32', '29ce5f6a-eccf-48e4-8d14-190d3fa7d50d'),
 ('5', '5', '1', '2017-07-20 17:54:32', '2017-07-20 17:54:32', '2e05dd32-4936-413b-b8b7-fd267f116716'),
 ('6', '6', '1', '2017-07-20 17:54:32', '2017-07-20 17:54:32', 'd2173876-56da-454f-a1c2-a7da99e8f9b5'),
 ('7', '7', '1', '2017-07-20 17:54:32', '2017-07-20 17:54:32', '9328c47a-0860-4168-8fa3-59a161bfff1c'),
 ('8', '8', '1', '2017-07-20 17:54:32', '2017-07-20 17:54:32', 'b3df1fbf-8cfc-4c56-846e-ba49b535aa69'),
 ('9', '9', '1', '2017-07-20 17:54:32', '2017-07-20 17:54:32', 'c945a3f4-6f2b-4715-ab95-a2ad32c78ce1'),
 ('10', '10', '1', '2017-07-20 17:54:32', '2017-07-20 17:54:32', 'd17feb50-a983-4c82-b6fc-1af4918111df'),
 ('11', '11', '1', '2017-07-20 17:54:32', '2017-07-20 17:54:32', 'd8e39d9f-2729-47ea-9ba6-a75d1a815b4b'),
 ('12', '12', '1', '2017-07-20 17:54:32', '2017-07-20 17:54:32', '0e50beba-d632-4b27-aad7-90fb67f5f5c8'),
 ('13', '13', '1', '2017-07-20 17:54:32', '2017-07-20 17:54:32', '88a82b18-d587-4265-ae99-b741b1e16a49'),
 ('14', '14', '1', '2017-07-20 17:54:32', '2017-07-20 17:54:32', '57da7654-bee7-45fa-a541-de57671d5e0b'),
 ('15', '15', '1', '2017-07-20 17:54:32', '2017-07-20 17:54:32', '8d52c203-6c92-480d-8d15-a8f9707bc13c'),
 ('16', '16', '1', '2017-07-20 17:54:32', '2017-07-20 17:54:32', 'e160f4a5-f428-4633-9e23-d6e335343960'),
 ('17', '17', '1', '2017-07-20 17:54:32', '2017-07-20 17:54:32', 'c085dccd-9750-4996-a446-51a9f627dbed'),
 ('18', '18', '1', '2017-07-20 17:54:32', '2017-07-20 17:54:32', '162223c1-341a-4b93-8d4d-c9b637a7aef7'),
 ('19', '19', '1', '2017-07-20 17:54:32', '2017-07-20 17:54:32', '1ca855cd-2ab5-4d10-a8da-b264c2d1750f'),
 ('20', '20', '1', '2017-07-20 17:54:32', '2017-07-20 17:54:32', 'e8fe7e12-1809-4d2a-87a3-a8ec38f07994'),
 ('21', '21', '1', '2017-07-20 17:54:32', '2017-07-20 17:54:32', '4937c183-e4d9-4c7e-a308-5d34c3c51808'),
 ('22', '22', '1', '2017-07-20 17:54:32', '2017-07-20 17:54:32', '2bc5fb10-ac0f-43de-a8d3-0b6281bb20da'),
 ('23', '23', '1', '2017-07-20 17:54:32', '2017-07-20 17:54:32', 'bfa3d30b-ca8d-4362-9093-262f8477539c'),
 ('24', '24', '1', '2017-07-20 17:54:32', '2017-07-20 17:54:32', '121f8f0f-c1dc-4303-84d4-76c83154615c'),
 ('25', '25', '1', '2017-07-20 17:54:32', '2017-07-20 17:54:32', '8b075bf9-06fc-4977-9850-4d9231bac6bf'),
 ('26', '1', '2', '2017-07-20 17:54:54', '2017-07-20 17:54:54', '678bfd0b-681d-42c2-9dea-bf21355571e2'),
 ('27', '2', '2', '2017-07-20 17:54:54', '2017-07-20 17:54:54', 'c37489bd-872b-44bd-a38a-c2a6cd9e4623'),
 ('28', '3', '2', '2017-07-20 17:54:54', '2017-07-20 17:54:54', '9ae97379-05de-4ca2-b52c-c57df54fcb72'),
 ('29', '4', '2', '2017-07-20 17:54:54', '2017-07-20 17:54:54', '6e92f400-cdd5-439c-abbb-0d0fd336410f'),
 ('30', '5', '2', '2017-07-20 17:54:54', '2017-07-20 17:54:54', '77d67795-f806-4c4d-ac02-e749f215657a'),
 ('31', '6', '2', '2017-07-20 17:54:54', '2017-07-20 17:54:54', '79ba303b-e3f8-4221-81a7-501dcee8f298'),
 ('32', '7', '2', '2017-07-20 17:54:54', '2017-07-20 17:54:54', 'ef14863f-5c28-4ef3-b1fb-566f4be10e5a'),
 ('33', '8', '2', '2017-07-20 17:54:54', '2017-07-20 17:54:54', 'c70b5d65-f1f8-4060-8cb2-3a58b800a2ed'),
 ('34', '9', '2', '2017-07-20 17:54:54', '2017-07-20 17:54:54', 'e54dc168-3b03-4c3b-a023-32f3e69e5441'),
 ('35', '10', '2', '2017-07-20 17:54:54', '2017-07-20 17:54:54', 'bb199c93-0aa5-47be-b346-59fa47b16144'),
 ('36', '11', '2', '2017-07-20 17:54:54', '2017-07-20 17:54:54', '4899d82b-d513-4dad-b93e-1a95b8b0579c'),
 ('37', '12', '2', '2017-07-20 17:54:54', '2017-07-20 17:54:54', 'd2e764b7-56ec-4dd7-8ac4-e127a25c4fec'),
 ('38', '13', '2', '2017-07-20 17:54:54', '2017-07-20 17:54:54', '140c0728-199d-4479-aa94-adc8e47a6929'),
 ('39', '14', '2', '2017-07-20 17:54:54', '2017-07-20 17:54:54', 'd6685e58-906c-4631-90fb-53cb7399426f'),
 ('40', '15', '2', '2017-07-20 17:54:54', '2017-07-20 17:54:54', 'd1408aa2-da88-465d-b6ff-12ff188ce9d7'),
 ('41', '16', '2', '2017-07-20 17:54:54', '2017-07-20 17:54:54', 'e8ff1677-45c3-46a6-aefb-e22a8c095f2f'),
 ('42', '17', '2', '2017-07-20 17:54:54', '2017-07-20 17:54:54', '67d6da06-5f8f-4e53-a884-d9a8a0c14e80'),
 ('43', '18', '2', '2017-07-20 17:54:54', '2017-07-20 17:54:54', '93a4de4d-9ddc-4359-99ce-f0f77a0bd803'),
 ('44', '19', '2', '2017-07-20 17:54:54', '2017-07-20 17:54:54', '46bb7c2b-ba76-4cfb-bd12-c917eb00093b'),
 ('45', '20', '2', '2017-07-20 17:54:54', '2017-07-20 17:54:54', '6b242555-9916-45bc-9296-b57097dd48ff'),
 ('46', '21', '2', '2017-07-20 17:54:54', '2017-07-20 17:54:54', '11d496ab-fd1f-42e3-9b4a-d393f3a35651'),
 ('47', '22', '2', '2017-07-20 17:54:54', '2017-07-20 17:54:54', '911e8ff1-00be-465c-8aa8-71684f2870d7'),
 ('48', '23', '2', '2017-07-20 17:54:54', '2017-07-20 17:54:54', 'ce207e28-b79d-4bbc-bd72-134aef6a6510'),
 ('49', '24', '2', '2017-07-20 17:54:54', '2017-07-20 17:54:54', '78899074-a868-40af-89ae-d96084a9ef5e'),
 ('50', '25', '2', '2017-07-20 17:54:54', '2017-07-20 17:54:54', '660e7d3a-7c59-49c0-ac36-85e17bd415e2');



DROP TABLE IF EXISTS `craft_userpermissions_users`;


--
-- Schema for table `craft_userpermissions_users`
--
CREATE TABLE `craft_userpermissions_users` (
  `id` int(11) NOT NULL AUTO_INCREMENT,
  `permissionId` int(11) NOT NULL,
  `userId` int(11) NOT NULL,
  `dateCreated` datetime NOT NULL,
  `dateUpdated` datetime NOT NULL,
  `uid` char(36) COLLATE utf8_unicode_ci NOT NULL DEFAULT '0',
  PRIMARY KEY (`id`),
  UNIQUE KEY `craft_userpermissions_users_permissionId_userId_unq_idx` (`permissionId`,`userId`),
  KEY `craft_userpermissions_users_userId_fk` (`userId`)
) ENGINE=InnoDB DEFAULT CHARSET=utf8 COLLATE=utf8_unicode_ci;

DROP TABLE IF EXISTS `craft_users`;


--
-- Schema for table `craft_users`
--
CREATE TABLE `craft_users` (
  `id` int(11) NOT NULL,
  `username` varchar(100) COLLATE utf8_unicode_ci NOT NULL,
  `photo` varchar(100) COLLATE utf8_unicode_ci DEFAULT NULL,
  `firstName` varchar(100) COLLATE utf8_unicode_ci DEFAULT NULL,
  `lastName` varchar(100) COLLATE utf8_unicode_ci DEFAULT NULL,
  `email` varchar(255) COLLATE utf8_unicode_ci NOT NULL,
  `password` char(255) COLLATE utf8_unicode_ci DEFAULT NULL,
  `preferredLocale` char(12) COLLATE utf8_unicode_ci DEFAULT NULL,
  `weekStartDay` tinyint(1) unsigned NOT NULL DEFAULT '0',
  `admin` tinyint(1) unsigned NOT NULL DEFAULT '0',
  `client` tinyint(1) unsigned NOT NULL DEFAULT '0',
  `locked` tinyint(1) unsigned NOT NULL DEFAULT '0',
  `suspended` tinyint(1) unsigned NOT NULL DEFAULT '0',
  `pending` tinyint(1) unsigned NOT NULL DEFAULT '0',
  `archived` tinyint(1) unsigned NOT NULL DEFAULT '0',
  `lastLoginDate` datetime DEFAULT NULL,
  `lastLoginAttemptIPAddress` varchar(45) COLLATE utf8_unicode_ci DEFAULT NULL,
  `invalidLoginWindowStart` datetime DEFAULT NULL,
  `invalidLoginCount` tinyint(4) unsigned DEFAULT NULL,
  `lastInvalidLoginDate` datetime DEFAULT NULL,
  `lockoutDate` datetime DEFAULT NULL,
  `verificationCode` char(100) COLLATE utf8_unicode_ci DEFAULT NULL,
  `verificationCodeIssuedDate` datetime DEFAULT NULL,
  `unverifiedEmail` varchar(255) COLLATE utf8_unicode_ci DEFAULT NULL,
  `passwordResetRequired` tinyint(1) unsigned NOT NULL DEFAULT '0',
  `lastPasswordChangeDate` datetime DEFAULT NULL,
  `dateCreated` datetime NOT NULL,
  `dateUpdated` datetime NOT NULL,
  `uid` char(36) COLLATE utf8_unicode_ci NOT NULL DEFAULT '0',
  PRIMARY KEY (`id`),
  UNIQUE KEY `craft_users_username_unq_idx` (`username`),
  UNIQUE KEY `craft_users_email_unq_idx` (`email`),
  KEY `craft_users_verificationCode_idx` (`verificationCode`),
  KEY `craft_users_uid_idx` (`uid`),
  KEY `craft_users_preferredLocale_fk` (`preferredLocale`)
) ENGINE=InnoDB DEFAULT CHARSET=utf8 COLLATE=utf8_unicode_ci;

--
-- Data for table `craft_users`
--

INSERT INTO `craft_users` (`id`, `username`, `photo`, `firstName`, `lastName`, `email`, `password`, `preferredLocale`, `weekStartDay`, `admin`, `client`, `locked`, `suspended`, `pending`, `archived`, `lastLoginDate`, `lastLoginAttemptIPAddress`, `invalidLoginWindowStart`, `invalidLoginCount`, `lastInvalidLoginDate`, `lockoutDate`, `verificationCode`, `verificationCodeIssuedDate`, `unverifiedEmail`, `passwordResetRequired`, `lastPasswordChangeDate`, `dateCreated`, `dateUpdated`, `uid`) VALUES
 ('1', 'admin', NULL, 'Snapchat', 'Admin', 'mort@instrument.com', '$2y$13$spWSKNtSN5KSJchmQR2vpO7GieIJSjdUcqGsTwSEQ2mb/E7cwLJM.', NULL, '1', '1', '0', '0', '0', '0', '0', '2017-08-08 17:12:45', '192.168.10.1', NULL, NULL, '2017-07-26 20:03:10', '2017-07-26 20:03:10', NULL, NULL, NULL, '0', '2017-07-28 21:23:12', '2017-07-20 17:27:58', '2017-08-08 17:12:45', '12ab32bb-93fe-4e7b-94de-58689044e855');



DROP TABLE IF EXISTS `craft_widgets`;


--
-- Schema for table `craft_widgets`
--
CREATE TABLE `craft_widgets` (
  `id` int(11) NOT NULL AUTO_INCREMENT,
  `userId` int(11) NOT NULL,
  `type` varchar(150) COLLATE utf8_unicode_ci NOT NULL,
  `sortOrder` smallint(6) unsigned DEFAULT NULL,
  `colspan` tinyint(4) unsigned DEFAULT NULL,
  `settings` text COLLATE utf8_unicode_ci,
  `enabled` tinyint(1) unsigned NOT NULL DEFAULT '1',
  `dateCreated` datetime NOT NULL,
  `dateUpdated` datetime NOT NULL,
  `uid` char(36) COLLATE utf8_unicode_ci NOT NULL DEFAULT '0',
  PRIMARY KEY (`id`),
  KEY `craft_widgets_userId_fk` (`userId`)
) ENGINE=InnoDB AUTO_INCREMENT=5 DEFAULT CHARSET=utf8 COLLATE=utf8_unicode_ci;

--
-- Data for table `craft_widgets`
--

INSERT INTO `craft_widgets` (`id`, `userId`, `type`, `sortOrder`, `colspan`, `settings`, `enabled`, `dateCreated`, `dateUpdated`, `uid`) VALUES
 ('1', '1', 'RecentEntries', '1', NULL, NULL, '1', '2017-07-20 17:28:13', '2017-07-20 17:28:13', 'd3ea45e2-04d8-4a5f-8622-c8fe5dc9b291'),
 ('2', '1', 'GetHelp', '2', NULL, NULL, '1', '2017-07-20 17:28:13', '2017-07-20 17:28:13', '260ef225-c50b-42b0-903a-a02433bf91de'),
 ('3', '1', 'Updates', '3', NULL, NULL, '1', '2017-07-20 17:28:13', '2017-07-20 17:28:13', '22142cf4-8c50-4f08-927e-d4ac856bd5cd'),
 ('4', '1', 'Feed', '4', NULL, '{\"url\":\"https:\\/\\/craftcms.com\\/news.rss\",\"title\":\"Craft News\"}', '1', '2017-07-20 17:28:13', '2017-07-20 17:28:13', '4db41d4a-72c3-43e2-bf73-36dee07837b8');


--
-- Constraints for tables
--


--
-- Constraints for table `craft_assetfiles`
--
ALTER TABLE `craft_assetfiles`
	ADD CONSTRAINT `craft_assetfiles_folderId_fk` FOREIGN KEY (`folderId`) REFERENCES `craft_assetfolders` (`id`) ON DELETE CASCADE,
	ADD CONSTRAINT `craft_assetfiles_id_fk` FOREIGN KEY (`id`) REFERENCES `craft_elements` (`id`) ON DELETE CASCADE,
	ADD CONSTRAINT `craft_assetfiles_sourceId_fk` FOREIGN KEY (`sourceId`) REFERENCES `craft_assetsources` (`id`) ON DELETE CASCADE;

--
-- Constraints for table `craft_assetfolders`
--
ALTER TABLE `craft_assetfolders`
	ADD CONSTRAINT `craft_assetfolders_parentId_fk` FOREIGN KEY (`parentId`) REFERENCES `craft_assetfolders` (`id`) ON DELETE CASCADE,
	ADD CONSTRAINT `craft_assetfolders_sourceId_fk` FOREIGN KEY (`sourceId`) REFERENCES `craft_assetsources` (`id`) ON DELETE CASCADE;

--
-- Constraints for table `craft_assetindexdata`
--
ALTER TABLE `craft_assetindexdata`
	ADD CONSTRAINT `craft_assetindexdata_sourceId_fk` FOREIGN KEY (`sourceId`) REFERENCES `craft_assetsources` (`id`) ON DELETE CASCADE;

--
-- Constraints for table `craft_assetsources`
--
ALTER TABLE `craft_assetsources`
	ADD CONSTRAINT `craft_assetsources_fieldLayoutId_fk` FOREIGN KEY (`fieldLayoutId`) REFERENCES `craft_fieldlayouts` (`id`) ON DELETE SET NULL;

--
-- Constraints for table `craft_categories`
--
ALTER TABLE `craft_categories`
	ADD CONSTRAINT `craft_categories_groupId_fk` FOREIGN KEY (`groupId`) REFERENCES `craft_categorygroups` (`id`) ON DELETE CASCADE,
	ADD CONSTRAINT `craft_categories_id_fk` FOREIGN KEY (`id`) REFERENCES `craft_elements` (`id`) ON DELETE CASCADE;

--
-- Constraints for table `craft_categorygroups`
--
ALTER TABLE `craft_categorygroups`
	ADD CONSTRAINT `craft_categorygroups_fieldLayoutId_fk` FOREIGN KEY (`fieldLayoutId`) REFERENCES `craft_fieldlayouts` (`id`) ON DELETE SET NULL,
	ADD CONSTRAINT `craft_categorygroups_structureId_fk` FOREIGN KEY (`structureId`) REFERENCES `craft_structures` (`id`) ON DELETE CASCADE;

--
-- Constraints for table `craft_categorygroups_i18n`
--
ALTER TABLE `craft_categorygroups_i18n`
	ADD CONSTRAINT `craft_categorygroups_i18n_groupId_fk` FOREIGN KEY (`groupId`) REFERENCES `craft_categorygroups` (`id`) ON DELETE CASCADE,
	ADD CONSTRAINT `craft_categorygroups_i18n_locale_fk` FOREIGN KEY (`locale`) REFERENCES `craft_locales` (`locale`) ON DELETE CASCADE ON UPDATE CASCADE;

--
-- Constraints for table `craft_content`
--
ALTER TABLE `craft_content`
	ADD CONSTRAINT `craft_content_elementId_fk` FOREIGN KEY (`elementId`) REFERENCES `craft_elements` (`id`) ON DELETE CASCADE,
	ADD CONSTRAINT `craft_content_locale_fk` FOREIGN KEY (`locale`) REFERENCES `craft_locales` (`locale`) ON DELETE CASCADE ON UPDATE CASCADE;

--
-- Constraints for table `craft_elements_i18n`
--
ALTER TABLE `craft_elements_i18n`
	ADD CONSTRAINT `craft_elements_i18n_elementId_fk` FOREIGN KEY (`elementId`) REFERENCES `craft_elements` (`id`) ON DELETE CASCADE,
	ADD CONSTRAINT `craft_elements_i18n_locale_fk` FOREIGN KEY (`locale`) REFERENCES `craft_locales` (`locale`) ON DELETE CASCADE ON UPDATE CASCADE;

--
-- Constraints for table `craft_emailmessages`
--
ALTER TABLE `craft_emailmessages`
	ADD CONSTRAINT `craft_emailmessages_locale_fk` FOREIGN KEY (`locale`) REFERENCES `craft_locales` (`locale`) ON DELETE CASCADE ON UPDATE CASCADE;

--
-- Constraints for table `craft_entries`
--
ALTER TABLE `craft_entries`
	ADD CONSTRAINT `craft_entries_authorId_fk` FOREIGN KEY (`authorId`) REFERENCES `craft_users` (`id`) ON DELETE CASCADE,
	ADD CONSTRAINT `craft_entries_id_fk` FOREIGN KEY (`id`) REFERENCES `craft_elements` (`id`) ON DELETE CASCADE,
	ADD CONSTRAINT `craft_entries_sectionId_fk` FOREIGN KEY (`sectionId`) REFERENCES `craft_sections` (`id`) ON DELETE CASCADE,
	ADD CONSTRAINT `craft_entries_typeId_fk` FOREIGN KEY (`typeId`) REFERENCES `craft_entrytypes` (`id`) ON DELETE CASCADE;

--
-- Constraints for table `craft_entrydrafts`
--
ALTER TABLE `craft_entrydrafts`
	ADD CONSTRAINT `craft_entrydrafts_creatorId_fk` FOREIGN KEY (`creatorId`) REFERENCES `craft_users` (`id`) ON DELETE CASCADE,
	ADD CONSTRAINT `craft_entrydrafts_entryId_fk` FOREIGN KEY (`entryId`) REFERENCES `craft_entries` (`id`) ON DELETE CASCADE,
	ADD CONSTRAINT `craft_entrydrafts_locale_fk` FOREIGN KEY (`locale`) REFERENCES `craft_locales` (`locale`) ON DELETE CASCADE ON UPDATE CASCADE,
	ADD CONSTRAINT `craft_entrydrafts_sectionId_fk` FOREIGN KEY (`sectionId`) REFERENCES `craft_sections` (`id`) ON DELETE CASCADE;

--
-- Constraints for table `craft_entrytypes`
--
ALTER TABLE `craft_entrytypes`
	ADD CONSTRAINT `craft_entrytypes_fieldLayoutId_fk` FOREIGN KEY (`fieldLayoutId`) REFERENCES `craft_fieldlayouts` (`id`) ON DELETE SET NULL,
	ADD CONSTRAINT `craft_entrytypes_sectionId_fk` FOREIGN KEY (`sectionId`) REFERENCES `craft_sections` (`id`) ON DELETE CASCADE;

--
-- Constraints for table `craft_entryversions`
--
ALTER TABLE `craft_entryversions`
	ADD CONSTRAINT `craft_entryversions_creatorId_fk` FOREIGN KEY (`creatorId`) REFERENCES `craft_users` (`id`) ON DELETE SET NULL,
	ADD CONSTRAINT `craft_entryversions_entryId_fk` FOREIGN KEY (`entryId`) REFERENCES `craft_entries` (`id`) ON DELETE CASCADE,
	ADD CONSTRAINT `craft_entryversions_locale_fk` FOREIGN KEY (`locale`) REFERENCES `craft_locales` (`locale`) ON DELETE CASCADE ON UPDATE CASCADE,
	ADD CONSTRAINT `craft_entryversions_sectionId_fk` FOREIGN KEY (`sectionId`) REFERENCES `craft_sections` (`id`) ON DELETE CASCADE;

--
-- Constraints for table `craft_fieldlayoutfields`
--
ALTER TABLE `craft_fieldlayoutfields`
	ADD CONSTRAINT `craft_fieldlayoutfields_fieldId_fk` FOREIGN KEY (`fieldId`) REFERENCES `craft_fields` (`id`) ON DELETE CASCADE,
	ADD CONSTRAINT `craft_fieldlayoutfields_layoutId_fk` FOREIGN KEY (`layoutId`) REFERENCES `craft_fieldlayouts` (`id`) ON DELETE CASCADE,
	ADD CONSTRAINT `craft_fieldlayoutfields_tabId_fk` FOREIGN KEY (`tabId`) REFERENCES `craft_fieldlayouttabs` (`id`) ON DELETE CASCADE;

--
-- Constraints for table `craft_fieldlayouttabs`
--
ALTER TABLE `craft_fieldlayouttabs`
	ADD CONSTRAINT `craft_fieldlayouttabs_layoutId_fk` FOREIGN KEY (`layoutId`) REFERENCES `craft_fieldlayouts` (`id`) ON DELETE CASCADE;

--
-- Constraints for table `craft_fields`
--
ALTER TABLE `craft_fields`
	ADD CONSTRAINT `craft_fields_groupId_fk` FOREIGN KEY (`groupId`) REFERENCES `craft_fieldgroups` (`id`) ON DELETE CASCADE;

--
-- Constraints for table `craft_globalsets`
--
ALTER TABLE `craft_globalsets`
	ADD CONSTRAINT `craft_globalsets_fieldLayoutId_fk` FOREIGN KEY (`fieldLayoutId`) REFERENCES `craft_fieldlayouts` (`id`) ON DELETE SET NULL,
	ADD CONSTRAINT `craft_globalsets_id_fk` FOREIGN KEY (`id`) REFERENCES `craft_elements` (`id`) ON DELETE CASCADE;

--
-- Constraints for table `craft_matrixblocks`
--
ALTER TABLE `craft_matrixblocks`
	ADD CONSTRAINT `craft_matrixblocks_fieldId_fk` FOREIGN KEY (`fieldId`) REFERENCES `craft_fields` (`id`) ON DELETE CASCADE,
	ADD CONSTRAINT `craft_matrixblocks_id_fk` FOREIGN KEY (`id`) REFERENCES `craft_elements` (`id`) ON DELETE CASCADE,
	ADD CONSTRAINT `craft_matrixblocks_ownerId_fk` FOREIGN KEY (`ownerId`) REFERENCES `craft_elements` (`id`) ON DELETE CASCADE,
	ADD CONSTRAINT `craft_matrixblocks_ownerLocale_fk` FOREIGN KEY (`ownerLocale`) REFERENCES `craft_locales` (`locale`) ON DELETE CASCADE ON UPDATE CASCADE,
	ADD CONSTRAINT `craft_matrixblocks_typeId_fk` FOREIGN KEY (`typeId`) REFERENCES `craft_matrixblocktypes` (`id`) ON DELETE CASCADE;

--
-- Constraints for table `craft_matrixblocktypes`
--
ALTER TABLE `craft_matrixblocktypes`
	ADD CONSTRAINT `craft_matrixblocktypes_fieldId_fk` FOREIGN KEY (`fieldId`) REFERENCES `craft_fields` (`id`) ON DELETE CASCADE,
	ADD CONSTRAINT `craft_matrixblocktypes_fieldLayoutId_fk` FOREIGN KEY (`fieldLayoutId`) REFERENCES `craft_fieldlayouts` (`id`) ON DELETE SET NULL;

--
-- Constraints for table `craft_matrixcontent_admanager`
--
ALTER TABLE `craft_matrixcontent_admanager`
	ADD CONSTRAINT `craft_matrixcontent_admanager_elementId_fk` FOREIGN KEY (`elementId`) REFERENCES `craft_elements` (`id`) ON DELETE CASCADE,
	ADD CONSTRAINT `craft_matrixcontent_admanager_locale_fk` FOREIGN KEY (`locale`) REFERENCES `craft_locales` (`locale`) ON DELETE CASCADE ON UPDATE CASCADE;

--
-- Constraints for table `craft_matrixcontent_cb_copylockup`
--
ALTER TABLE `craft_matrixcontent_cb_copylockup`
	ADD CONSTRAINT `craft_matrixcontent_cb_copylockup_elementId_fk` FOREIGN KEY (`elementId`) REFERENCES `craft_elements` (`id`) ON DELETE CASCADE,
	ADD CONSTRAINT `craft_matrixcontent_cb_copylockup_locale_fk` FOREIGN KEY (`locale`) REFERENCES `craft_locales` (`locale`) ON DELETE CASCADE ON UPDATE CASCADE;

--
-- Constraints for table `craft_matrixcontent_chillahtooltip`
--
ALTER TABLE `craft_matrixcontent_chillahtooltip`
	ADD CONSTRAINT `craft_matrixcontent_chillahtooltip_elementId_fk` FOREIGN KEY (`elementId`) REFERENCES `craft_elements` (`id`) ON DELETE CASCADE,
	ADD CONSTRAINT `craft_matrixcontent_chillahtooltip_locale_fk` FOREIGN KEY (`locale`) REFERENCES `craft_locales` (`locale`) ON DELETE CASCADE ON UPDATE CASCADE;

--
-- Constraints for table `craft_matrixcontent_ctabuttons`
--
ALTER TABLE `craft_matrixcontent_ctabuttons`
	ADD CONSTRAINT `craft_matrixcontent_ctabuttons_elementId_fk` FOREIGN KEY (`elementId`) REFERENCES `craft_elements` (`id`) ON DELETE CASCADE,
	ADD CONSTRAINT `craft_matrixcontent_ctabuttons_locale_fk` FOREIGN KEY (`locale`) REFERENCES `craft_locales` (`locale`) ON DELETE CASCADE ON UPDATE CASCADE;

--
-- Constraints for table `craft_matrixcontent_devicetab`
--
ALTER TABLE `craft_matrixcontent_devicetab`
	ADD CONSTRAINT `craft_matrixcontent_devicetab_elementId_fk` FOREIGN KEY (`elementId`) REFERENCES `craft_elements` (`id`) ON DELETE CASCADE,
	ADD CONSTRAINT `craft_matrixcontent_devicetab_locale_fk` FOREIGN KEY (`locale`) REFERENCES `craft_locales` (`locale`) ON DELETE CASCADE ON UPDATE CASCADE;

--
-- Constraints for table `craft_matrixcontent_grouplinks`
--
ALTER TABLE `craft_matrixcontent_grouplinks`
	ADD CONSTRAINT `craft_matrixcontent_grouplinks_elementId_fk` FOREIGN KEY (`elementId`) REFERENCES `craft_elements` (`id`) ON DELETE CASCADE,
	ADD CONSTRAINT `craft_matrixcontent_grouplinks_locale_fk` FOREIGN KEY (`locale`) REFERENCES `craft_locales` (`locale`) ON DELETE CASCADE ON UPDATE CASCADE;

--
-- Constraints for table `craft_matrixcontent_homehero`
--
ALTER TABLE `craft_matrixcontent_homehero`
	ADD CONSTRAINT `craft_matrixcontent_homehero_elementId_fk` FOREIGN KEY (`elementId`) REFERENCES `craft_elements` (`id`) ON DELETE CASCADE,
	ADD CONSTRAINT `craft_matrixcontent_homehero_locale_fk` FOREIGN KEY (`locale`) REFERENCES `craft_locales` (`locale`) ON DELETE CASCADE ON UPDATE CASCADE;

--
-- Constraints for table `craft_matrixcontent_imagecardrow`
--
ALTER TABLE `craft_matrixcontent_imagecardrow`
	ADD CONSTRAINT `craft_matrixcontent_imagecardrow_elementId_fk` FOREIGN KEY (`elementId`) REFERENCES `craft_elements` (`id`) ON DELETE CASCADE,
	ADD CONSTRAINT `craft_matrixcontent_imagecardrow_locale_fk` FOREIGN KEY (`locale`) REFERENCES `craft_locales` (`locale`) ON DELETE CASCADE ON UPDATE CASCADE;

--
-- Constraints for table `craft_matrixcontent_legallinks`
--
ALTER TABLE `craft_matrixcontent_legallinks`
	ADD CONSTRAINT `craft_matrixcontent_legallinks_elementId_fk` FOREIGN KEY (`elementId`) REFERENCES `craft_elements` (`id`) ON DELETE CASCADE,
	ADD CONSTRAINT `craft_matrixcontent_legallinks_locale_fk` FOREIGN KEY (`locale`) REFERENCES `craft_locales` (`locale`) ON DELETE CASCADE ON UPDATE CASCADE;

--
-- Constraints for table `craft_matrixcontent_logos`
--
ALTER TABLE `craft_matrixcontent_logos`
	ADD CONSTRAINT `craft_matrixcontent_logos_elementId_fk` FOREIGN KEY (`elementId`) REFERENCES `craft_elements` (`id`) ON DELETE CASCADE,
	ADD CONSTRAINT `craft_matrixcontent_logos_locale_fk` FOREIGN KEY (`locale`) REFERENCES `craft_locales` (`locale`) ON DELETE CASCADE ON UPDATE CASCADE;

--
-- Constraints for table `craft_matrixcontent_mobiledevices`
--
ALTER TABLE `craft_matrixcontent_mobiledevices`
	ADD CONSTRAINT `craft_matrixcontent_mobiledevices_elementId_fk` FOREIGN KEY (`elementId`) REFERENCES `craft_elements` (`id`) ON DELETE CASCADE,
	ADD CONSTRAINT `craft_matrixcontent_mobiledevices_locale_fk` FOREIGN KEY (`locale`) REFERENCES `craft_locales` (`locale`) ON DELETE CASCADE ON UPDATE CASCADE;

--
-- Constraints for table `craft_matrixcontent_pageannotations`
--
ALTER TABLE `craft_matrixcontent_pageannotations`
	ADD CONSTRAINT `craft_matrixcontent_pageannotations_elementId_fk` FOREIGN KEY (`elementId`) REFERENCES `craft_elements` (`id`) ON DELETE CASCADE,
	ADD CONSTRAINT `craft_matrixcontent_pageannotations_locale_fk` FOREIGN KEY (`locale`) REFERENCES `craft_locales` (`locale`) ON DELETE CASCADE ON UPDATE CASCADE;

--
-- Constraints for table `craft_matrixcontent_prefooterheadline`
--
ALTER TABLE `craft_matrixcontent_prefooterheadline`
	ADD CONSTRAINT `craft_matrixcontent_prefooterheadline_elementId_fk` FOREIGN KEY (`elementId`) REFERENCES `craft_elements` (`id`) ON DELETE CASCADE,
	ADD CONSTRAINT `craft_matrixcontent_prefooterheadline_locale_fk` FOREIGN KEY (`locale`) REFERENCES `craft_locales` (`locale`) ON DELETE CASCADE ON UPDATE CASCADE;

--
-- Constraints for table `craft_matrixcontent_primarynavigation`
--
ALTER TABLE `craft_matrixcontent_primarynavigation`
	ADD CONSTRAINT `craft_matrixcontent_primarynavigation_elementId_fk` FOREIGN KEY (`elementId`) REFERENCES `craft_elements` (`id`) ON DELETE CASCADE,
	ADD CONSTRAINT `craft_matrixcontent_primarynavigation_locale_fk` FOREIGN KEY (`locale`) REFERENCES `craft_locales` (`locale`) ON DELETE CASCADE ON UPDATE CASCADE;

--
-- Constraints for table `craft_matrixcontent_secondarynavigation`
--
ALTER TABLE `craft_matrixcontent_secondarynavigation`
	ADD CONSTRAINT `craft_matrixcontent_secondarynavigation_elementId_fk` FOREIGN KEY (`elementId`) REFERENCES `craft_elements` (`id`) ON DELETE CASCADE,
	ADD CONSTRAINT `craft_matrixcontent_secondarynavigation_locale_fk` FOREIGN KEY (`locale`) REFERENCES `craft_locales` (`locale`) ON DELETE CASCADE ON UPDATE CASCADE;

--
-- Constraints for table `craft_matrixcontent_video`
--
ALTER TABLE `craft_matrixcontent_video`
	ADD CONSTRAINT `craft_matrixcontent_video_elementId_fk` FOREIGN KEY (`elementId`) REFERENCES `craft_elements` (`id`) ON DELETE CASCADE,
	ADD CONSTRAINT `craft_matrixcontent_video_locale_fk` FOREIGN KEY (`locale`) REFERENCES `craft_locales` (`locale`) ON DELETE CASCADE ON UPDATE CASCADE;

--
-- Constraints for table `craft_matrixcontent_videostep`
--
ALTER TABLE `craft_matrixcontent_videostep`
	ADD CONSTRAINT `craft_matrixcontent_videostep_elementId_fk` FOREIGN KEY (`elementId`) REFERENCES `craft_elements` (`id`) ON DELETE CASCADE,
	ADD CONSTRAINT `craft_matrixcontent_videostep_locale_fk` FOREIGN KEY (`locale`) REFERENCES `craft_locales` (`locale`) ON DELETE CASCADE ON UPDATE CASCADE;

--
-- Constraints for table `craft_migrations`
--
ALTER TABLE `craft_migrations`
	ADD CONSTRAINT `craft_migrations_pluginId_fk` FOREIGN KEY (`pluginId`) REFERENCES `craft_plugins` (`id`) ON DELETE CASCADE;

--
-- Constraints for table `craft_neoblocks`
--
ALTER TABLE `craft_neoblocks`
	ADD CONSTRAINT `craft_neoblocks_fieldId_fk` FOREIGN KEY (`fieldId`) REFERENCES `craft_fields` (`id`) ON DELETE CASCADE,
	ADD CONSTRAINT `craft_neoblocks_id_fk` FOREIGN KEY (`id`) REFERENCES `craft_elements` (`id`) ON DELETE CASCADE,
	ADD CONSTRAINT `craft_neoblocks_ownerId_fk` FOREIGN KEY (`ownerId`) REFERENCES `craft_elements` (`id`) ON DELETE CASCADE,
	ADD CONSTRAINT `craft_neoblocks_ownerLocale_fk` FOREIGN KEY (`ownerLocale`) REFERENCES `craft_locales` (`locale`) ON DELETE CASCADE ON UPDATE CASCADE,
	ADD CONSTRAINT `craft_neoblocks_typeId_fk` FOREIGN KEY (`typeId`) REFERENCES `craft_neoblocktypes` (`id`) ON DELETE CASCADE;

--
-- Constraints for table `craft_neoblockstructures`
--
ALTER TABLE `craft_neoblockstructures`
	ADD CONSTRAINT `craft_neoblockstructures_fieldId_fk` FOREIGN KEY (`fieldId`) REFERENCES `craft_fields` (`id`) ON DELETE CASCADE,
	ADD CONSTRAINT `craft_neoblockstructures_ownerId_fk` FOREIGN KEY (`ownerId`) REFERENCES `craft_elements` (`id`) ON DELETE CASCADE,
	ADD CONSTRAINT `craft_neoblockstructures_ownerLocale_fk` FOREIGN KEY (`ownerLocale`) REFERENCES `craft_locales` (`locale`) ON DELETE CASCADE ON UPDATE CASCADE,
	ADD CONSTRAINT `craft_neoblockstructures_structureId_fk` FOREIGN KEY (`structureId`) REFERENCES `craft_structures` (`id`) ON DELETE CASCADE;

--
-- Constraints for table `craft_neoblocktypes`
--
ALTER TABLE `craft_neoblocktypes`
	ADD CONSTRAINT `craft_neoblocktypes_fieldId_fk` FOREIGN KEY (`fieldId`) REFERENCES `craft_fields` (`id`) ON DELETE CASCADE,
	ADD CONSTRAINT `craft_neoblocktypes_fieldLayoutId_fk` FOREIGN KEY (`fieldLayoutId`) REFERENCES `craft_fieldlayouts` (`id`) ON DELETE SET NULL;

--
-- Constraints for table `craft_neogroups`
--
ALTER TABLE `craft_neogroups`
	ADD CONSTRAINT `craft_neogroups_fieldId_fk` FOREIGN KEY (`fieldId`) REFERENCES `craft_fields` (`id`) ON DELETE CASCADE;

--
-- Constraints for table `craft_relations`
--
ALTER TABLE `craft_relations`
	ADD CONSTRAINT `craft_relations_fieldId_fk` FOREIGN KEY (`fieldId`) REFERENCES `craft_fields` (`id`) ON DELETE CASCADE,
	ADD CONSTRAINT `craft_relations_sourceId_fk` FOREIGN KEY (`sourceId`) REFERENCES `craft_elements` (`id`) ON DELETE CASCADE,
	ADD CONSTRAINT `craft_relations_sourceLocale_fk` FOREIGN KEY (`sourceLocale`) REFERENCES `craft_locales` (`locale`) ON DELETE CASCADE ON UPDATE CASCADE,
	ADD CONSTRAINT `craft_relations_targetId_fk` FOREIGN KEY (`targetId`) REFERENCES `craft_elements` (`id`) ON DELETE CASCADE;

--
-- Constraints for table `craft_routes`
--
ALTER TABLE `craft_routes`
	ADD CONSTRAINT `craft_routes_locale_fk` FOREIGN KEY (`locale`) REFERENCES `craft_locales` (`locale`) ON DELETE CASCADE ON UPDATE CASCADE;

--
-- Constraints for table `craft_sections`
--
ALTER TABLE `craft_sections`
	ADD CONSTRAINT `craft_sections_structureId_fk` FOREIGN KEY (`structureId`) REFERENCES `craft_structures` (`id`) ON DELETE SET NULL;

--
-- Constraints for table `craft_sections_i18n`
--
ALTER TABLE `craft_sections_i18n`
	ADD CONSTRAINT `craft_sections_i18n_locale_fk` FOREIGN KEY (`locale`) REFERENCES `craft_locales` (`locale`) ON DELETE CASCADE ON UPDATE CASCADE,
	ADD CONSTRAINT `craft_sections_i18n_sectionId_fk` FOREIGN KEY (`sectionId`) REFERENCES `craft_sections` (`id`) ON DELETE CASCADE;

--
-- Constraints for table `craft_sessions`
--
ALTER TABLE `craft_sessions`
	ADD CONSTRAINT `craft_sessions_userId_fk` FOREIGN KEY (`userId`) REFERENCES `craft_users` (`id`) ON DELETE CASCADE;

--
-- Constraints for table `craft_shunnedmessages`
--
ALTER TABLE `craft_shunnedmessages`
	ADD CONSTRAINT `craft_shunnedmessages_userId_fk` FOREIGN KEY (`userId`) REFERENCES `craft_users` (`id`) ON DELETE CASCADE;

--
-- Constraints for table `craft_structureelements`
--
ALTER TABLE `craft_structureelements`
	ADD CONSTRAINT `craft_structureelements_elementId_fk` FOREIGN KEY (`elementId`) REFERENCES `craft_elements` (`id`) ON DELETE CASCADE,
	ADD CONSTRAINT `craft_structureelements_structureId_fk` FOREIGN KEY (`structureId`) REFERENCES `craft_structures` (`id`) ON DELETE CASCADE;

--
-- Constraints for table `craft_supertablecontent_cb_elementgrids`
--
ALTER TABLE `craft_supertablecontent_cb_elementgrids`
	ADD CONSTRAINT `craft_supertablecontent_cb_elementgrids_elementId_fk` FOREIGN KEY (`elementId`) REFERENCES `craft_elements` (`id`) ON DELETE CASCADE,
	ADD CONSTRAINT `craft_supertablecontent_cb_elementgrids_locale_fk` FOREIGN KEY (`locale`) REFERENCES `craft_locales` (`locale`) ON DELETE CASCADE ON UPDATE CASCADE;

--
-- Constraints for table `craft_taggroups`
--
ALTER TABLE `craft_taggroups`
	ADD CONSTRAINT `craft_taggroups_fieldLayoutId_fk` FOREIGN KEY (`fieldLayoutId`) REFERENCES `craft_fieldlayouts` (`id`) ON DELETE SET NULL;

--
-- Constraints for table `craft_tags`
--
ALTER TABLE `craft_tags`
	ADD CONSTRAINT `craft_tags_groupId_fk` FOREIGN KEY (`groupId`) REFERENCES `craft_taggroups` (`id`) ON DELETE CASCADE,
	ADD CONSTRAINT `craft_tags_id_fk` FOREIGN KEY (`id`) REFERENCES `craft_elements` (`id`) ON DELETE CASCADE;

--
-- Constraints for table `craft_templatecachecriteria`
--
ALTER TABLE `craft_templatecachecriteria`
	ADD CONSTRAINT `craft_templatecachecriteria_cacheId_fk` FOREIGN KEY (`cacheId`) REFERENCES `craft_templatecaches` (`id`) ON DELETE CASCADE;

--
-- Constraints for table `craft_templatecacheelements`
--
ALTER TABLE `craft_templatecacheelements`
	ADD CONSTRAINT `craft_templatecacheelements_cacheId_fk` FOREIGN KEY (`cacheId`) REFERENCES `craft_templatecaches` (`id`) ON DELETE CASCADE,
	ADD CONSTRAINT `craft_templatecacheelements_elementId_fk` FOREIGN KEY (`elementId`) REFERENCES `craft_elements` (`id`) ON DELETE CASCADE;

--
-- Constraints for table `craft_templatecaches`
--
ALTER TABLE `craft_templatecaches`
	ADD CONSTRAINT `craft_templatecaches_locale_fk` FOREIGN KEY (`locale`) REFERENCES `craft_locales` (`locale`) ON DELETE CASCADE ON UPDATE CASCADE;

--
-- Constraints for table `craft_usergroups_users`
--
ALTER TABLE `craft_usergroups_users`
	ADD CONSTRAINT `craft_usergroups_users_groupId_fk` FOREIGN KEY (`groupId`) REFERENCES `craft_usergroups` (`id`) ON DELETE CASCADE,
	ADD CONSTRAINT `craft_usergroups_users_userId_fk` FOREIGN KEY (`userId`) REFERENCES `craft_users` (`id`) ON DELETE CASCADE;

--
-- Constraints for table `craft_userpermissions_usergroups`
--
ALTER TABLE `craft_userpermissions_usergroups`
	ADD CONSTRAINT `craft_userpermissions_usergroups_groupId_fk` FOREIGN KEY (`groupId`) REFERENCES `craft_usergroups` (`id`) ON DELETE CASCADE,
	ADD CONSTRAINT `craft_userpermissions_usergroups_permissionId_fk` FOREIGN KEY (`permissionId`) REFERENCES `craft_userpermissions` (`id`) ON DELETE CASCADE;

--
-- Constraints for table `craft_userpermissions_users`
--
ALTER TABLE `craft_userpermissions_users`
	ADD CONSTRAINT `craft_userpermissions_users_permissionId_fk` FOREIGN KEY (`permissionId`) REFERENCES `craft_userpermissions` (`id`) ON DELETE CASCADE,
	ADD CONSTRAINT `craft_userpermissions_users_userId_fk` FOREIGN KEY (`userId`) REFERENCES `craft_users` (`id`) ON DELETE CASCADE;

--
-- Constraints for table `craft_users`
--
ALTER TABLE `craft_users`
	ADD CONSTRAINT `craft_users_id_fk` FOREIGN KEY (`id`) REFERENCES `craft_elements` (`id`) ON DELETE CASCADE,
	ADD CONSTRAINT `craft_users_preferredLocale_fk` FOREIGN KEY (`preferredLocale`) REFERENCES `craft_locales` (`locale`) ON DELETE SET NULL ON UPDATE CASCADE;

--
-- Constraints for table `craft_widgets`
--
ALTER TABLE `craft_widgets`
	ADD CONSTRAINT `craft_widgets_userId_fk` FOREIGN KEY (`userId`) REFERENCES `craft_users` (`id`) ON DELETE CASCADE;

SET FOREIGN_KEY_CHECKS = 1;
