-- Generated by Craft v2.6.2989 on Sep 14, 2017, 9:00:16 PM.

--
-- Disable foreign key checks and autocommit.
--

SET FOREIGN_KEY_CHECKS = 0;
SET SQL_MODE = "NO_AUTO_VALUE_ON_ZERO";
SET AUTOCOMMIT = 0;
SET NAMES utf8;


DROP TABLE IF EXISTS `craft_acclarotranslations_files`;


--
-- Schema for table `craft_acclarotranslations_files`
--
CREATE TABLE `craft_acclarotranslations_files` (
  `id` int(11) NOT NULL AUTO_INCREMENT,
  `orderId` int(10) DEFAULT NULL,
  `elementId` int(10) DEFAULT NULL,
  `draftId` int(10) DEFAULT NULL,
  `sourceLanguage` varchar(255) COLLATE utf8_unicode_ci NOT NULL,
  `targetLanguage` varchar(255) COLLATE utf8_unicode_ci NOT NULL,
  `status` enum('new','in progress','preview','complete','canceled','published') COLLATE utf8_unicode_ci DEFAULT 'new',
  `wordCount` int(10) DEFAULT NULL,
  `source` longtext COLLATE utf8_unicode_ci,
  `target` longtext COLLATE utf8_unicode_ci,
  `previewUrl` varchar(255) COLLATE utf8_unicode_ci DEFAULT NULL,
  `serviceFileId` varchar(255) COLLATE utf8_unicode_ci DEFAULT NULL,
  `dateCreated` datetime NOT NULL,
  `dateUpdated` datetime NOT NULL,
  `uid` char(36) COLLATE utf8_unicode_ci NOT NULL DEFAULT '0',
  PRIMARY KEY (`id`),
  KEY `craft_acclarotranslations_files_orderId_fk` (`orderId`),
  KEY `craft_acclarotranslations_files_elementId_fk` (`elementId`)
) ENGINE=InnoDB DEFAULT CHARSET=utf8 COLLATE=utf8_unicode_ci;

DROP TABLE IF EXISTS `craft_acclarotranslations_globalsetdrafts`;


--
-- Schema for table `craft_acclarotranslations_globalsetdrafts`
--
CREATE TABLE `craft_acclarotranslations_globalsetdrafts` (
  `id` int(11) NOT NULL AUTO_INCREMENT,
  `globalSetId` int(11) NOT NULL,
  `name` varchar(255) COLLATE utf8_unicode_ci NOT NULL,
  `locale` char(12) COLLATE utf8_unicode_ci NOT NULL,
  `data` mediumtext COLLATE utf8_unicode_ci NOT NULL,
  `dateCreated` datetime NOT NULL,
  `dateUpdated` datetime NOT NULL,
  `uid` char(36) COLLATE utf8_unicode_ci NOT NULL DEFAULT '0',
  PRIMARY KEY (`id`),
  KEY `craft_acclarotranslations_globalsetdrafts_globalSetId_locale_idx` (`globalSetId`,`locale`),
  KEY `craft_acclarotranslations_globalsetdrafts_locale_fk` (`locale`)
) ENGINE=InnoDB DEFAULT CHARSET=utf8 COLLATE=utf8_unicode_ci;

DROP TABLE IF EXISTS `craft_acclarotranslations_orders`;


--
-- Schema for table `craft_acclarotranslations_orders`
--
CREATE TABLE `craft_acclarotranslations_orders` (
  `id` int(11) NOT NULL,
  `translatorId` int(10) DEFAULT NULL,
  `ownerId` int(10) DEFAULT NULL,
  `sourceLanguage` varchar(255) COLLATE utf8_unicode_ci NOT NULL,
  `targetLanguages` varchar(255) COLLATE utf8_unicode_ci NOT NULL,
  `status` enum('new','getting quote','needs approval','in preparation','in progress','complete','canceled','published') COLLATE utf8_unicode_ci DEFAULT 'new',
  `requestedDueDate` datetime DEFAULT NULL,
  `comments` text COLLATE utf8_unicode_ci,
  `activityLog` text COLLATE utf8_unicode_ci,
  `dateOrdered` datetime DEFAULT NULL,
  `serviceOrderId` varchar(255) COLLATE utf8_unicode_ci DEFAULT NULL,
  `entriesCount` int(10) DEFAULT NULL,
  `wordCount` int(10) DEFAULT NULL,
  `elementIds` varchar(255) COLLATE utf8_unicode_ci DEFAULT NULL,
  `dateCreated` datetime NOT NULL,
  `dateUpdated` datetime NOT NULL,
  `uid` char(36) COLLATE utf8_unicode_ci NOT NULL DEFAULT '0',
  PRIMARY KEY (`id`),
  KEY `craft_acclarotranslations_orders_ownerId_fk` (`ownerId`),
  KEY `craft_acclarotranslations_orders_translatorId_fk` (`translatorId`)
) ENGINE=InnoDB DEFAULT CHARSET=utf8 COLLATE=utf8_unicode_ci;

DROP TABLE IF EXISTS `craft_acclarotranslations_translations`;


--
-- Schema for table `craft_acclarotranslations_translations`
--
CREATE TABLE `craft_acclarotranslations_translations` (
  `id` int(11) NOT NULL AUTO_INCREMENT,
  `sourceLanguage` varchar(255) COLLATE utf8_unicode_ci NOT NULL,
  `targetLanguage` varchar(255) COLLATE utf8_unicode_ci NOT NULL,
  `source` text COLLATE utf8_unicode_ci,
  `target` text COLLATE utf8_unicode_ci,
  `dateCreated` datetime NOT NULL,
  `dateUpdated` datetime NOT NULL,
  `uid` char(36) COLLATE utf8_unicode_ci NOT NULL DEFAULT '0',
  PRIMARY KEY (`id`)
) ENGINE=InnoDB DEFAULT CHARSET=utf8 COLLATE=utf8_unicode_ci;

DROP TABLE IF EXISTS `craft_acclarotranslations_translators`;


--
-- Schema for table `craft_acclarotranslations_translators`
--
CREATE TABLE `craft_acclarotranslations_translators` (
  `id` int(11) NOT NULL AUTO_INCREMENT,
  `label` varchar(255) COLLATE utf8_unicode_ci DEFAULT NULL,
  `service` varchar(255) COLLATE utf8_unicode_ci DEFAULT NULL,
  `languages` text COLLATE utf8_unicode_ci NOT NULL,
  `status` enum('active','inactive') COLLATE utf8_unicode_ci DEFAULT 'inactive',
  `settings` text COLLATE utf8_unicode_ci,
  `dateCreated` datetime NOT NULL,
  `dateUpdated` datetime NOT NULL,
  `uid` char(36) COLLATE utf8_unicode_ci NOT NULL DEFAULT '0',
  PRIMARY KEY (`id`)
) ENGINE=InnoDB DEFAULT CHARSET=utf8 COLLATE=utf8_unicode_ci;

DROP TABLE IF EXISTS `craft_assetfiles`;


--
-- Schema for table `craft_assetfiles`
--
CREATE TABLE `craft_assetfiles` (
  `id` int(11) NOT NULL,
  `sourceId` int(11) DEFAULT NULL,
  `folderId` int(11) NOT NULL,
  `filename` varchar(255) COLLATE utf8_unicode_ci NOT NULL,
  `kind` varchar(50) COLLATE utf8_unicode_ci NOT NULL DEFAULT 'unknown',
  `width` int(11) unsigned DEFAULT NULL,
  `height` int(11) unsigned DEFAULT NULL,
  `size` bigint(20) unsigned DEFAULT NULL,
  `dateModified` datetime DEFAULT NULL,
  `dateCreated` datetime NOT NULL,
  `dateUpdated` datetime NOT NULL,
  `uid` char(36) COLLATE utf8_unicode_ci NOT NULL DEFAULT '0',
  PRIMARY KEY (`id`),
  UNIQUE KEY `craft_assetfiles_filename_folderId_unq_idx` (`filename`,`folderId`),
  KEY `craft_assetfiles_sourceId_fk` (`sourceId`),
  KEY `craft_assetfiles_folderId_fk` (`folderId`)
) ENGINE=InnoDB DEFAULT CHARSET=utf8 COLLATE=utf8_unicode_ci;

--
-- Data for table `craft_assetfiles`
--

INSERT INTO `craft_assetfiles` (`id`, `sourceId`, `folderId`, `filename`, `kind`, `width`, `height`, `size`, `dateModified`, `dateCreated`, `dateUpdated`, `uid`) VALUES
 ('374', '3', '6', '711.mp4', 'video', NULL, NULL, '707533', '2017-08-28 22:37:39', '2017-08-30 21:02:43', '2017-09-12 21:56:03', '2d4218cf-9fae-413b-84a0-37d0a4dd68fa'),
 ('375', '3', '6', '711.webm', 'video', NULL, NULL, '1243343', '2017-08-28 22:37:39', '2017-08-30 21:02:43', '2017-09-12 21:56:04', 'd7be7aca-62b1-4872-9faa-4ad85f42799a'),
 ('376', '3', '6', 'aa.mp4', 'video', NULL, NULL, '406046', '2017-08-28 22:37:39', '2017-08-30 21:02:43', '2017-09-12 21:56:04', '610a2100-ea3b-4d70-b7c5-30052c47ee94'),
 ('377', '3', '6', 'aa.webm', 'video', NULL, NULL, '547969', '2017-08-28 22:37:39', '2017-08-30 21:02:43', '2017-09-12 21:56:04', 'b9ea3342-e36d-4f00-ae1f-8dc05a3a75f6'),
 ('378', '3', '6', 'acorns.mp4', 'video', NULL, NULL, '864759', '2017-08-28 22:37:39', '2017-08-30 21:02:43', '2017-09-12 21:56:04', 'b354abf6-f245-4a29-8cc3-d84585ad4efc'),
 ('379', '3', '6', 'acorns.webm', 'video', NULL, NULL, '1345339', '2017-08-28 22:37:39', '2017-08-30 21:02:43', '2017-09-12 21:56:04', '8ff71ed8-828d-4568-a810-6c9a73c84521'),
 ('380', '3', '6', 'alabamapink.webm', 'video', NULL, NULL, '722959', '2017-08-28 22:37:39', '2017-08-30 21:02:43', '2017-09-12 21:56:06', '8450c909-58a9-486a-952a-e574c35905d4'),
 ('381', '3', '6', 'bloomingdales.mp4', 'video', NULL, NULL, '994487', '2017-08-28 22:37:39', '2017-08-30 21:02:44', '2017-09-12 21:56:04', 'cc46aa57-1256-4c21-b83e-d37f604260a6'),
 ('382', '3', '6', 'bloomingdales.webm', 'video', NULL, NULL, '1456479', '2017-08-28 22:37:39', '2017-08-30 21:02:44', '2017-09-12 21:56:05', 'e9f37dcf-0f4d-443b-9877-88ea921099b6'),
 ('383', '3', '6', 'bumble_v2.mp4', 'video', NULL, NULL, '413995', '2017-08-28 22:37:39', '2017-08-30 21:02:44', '2017-09-12 21:56:05', 'c973fa60-3b8f-4de8-b47a-d7d88ab0905a'),
 ('384', '3', '6', 'bumble_v2.webm', 'video', NULL, NULL, '830383', '2017-08-28 22:37:39', '2017-08-30 21:02:44', '2017-09-12 21:56:05', '6627b95c-993f-4ac5-9b2a-093c3d58e765'),
 ('385', '3', '6', 'alabamapink.mp4', 'video', NULL, NULL, '388943', '2017-08-28 22:37:39', '2017-08-30 21:02:44', '2017-09-12 21:56:04', '2aa8d16e-d726-4485-9f61-d1ce7aec4765'),
 ('386', '3', '6', 'burberry.mp4', 'video', NULL, NULL, '569911', '2017-08-28 22:37:39', '2017-08-30 21:02:44', '2017-09-12 21:56:05', '7a8399d9-7e92-4249-9f31-743904fdf38e'),
 ('387', '3', '6', 'burberry.webm', 'video', NULL, NULL, '512060', '2017-08-28 22:37:39', '2017-08-30 21:02:44', '2017-09-12 21:56:05', '6943cace-6713-4258-8ec6-a1a312c848e5'),
 ('388', '3', '6', 'ellevennightclub.mp4', 'video', NULL, NULL, '347054', '2017-08-28 22:37:39', '2017-08-30 21:02:45', '2017-09-12 21:56:05', 'e52282dc-3a48-4dd2-97ad-70d422d69980'),
 ('389', '3', '6', 'ellevennightclub.webm', 'video', NULL, NULL, '495915', '2017-08-28 22:37:39', '2017-08-30 21:02:45', '2017-09-12 21:56:06', '64c4c95a-9e5a-4944-9069-56cd12acdff2'),
 ('390', '3', '6', 'gametime.mp4', 'video', NULL, NULL, '1845806', '2017-08-28 22:37:39', '2017-08-30 21:02:45', '2017-09-12 21:56:06', '69379002-e18b-457e-aaed-37a5e79fff49'),
 ('391', '3', '6', 'gametime.webm', 'video', NULL, NULL, '2146197', '2017-08-28 22:37:39', '2017-08-30 21:02:45', '2017-09-12 21:56:06', '747c390e-8263-47f6-8496-a6480dc61795'),
 ('392', '3', '6', 'gatorade.mp4', 'video', NULL, NULL, '898909', '2017-08-28 22:37:39', '2017-08-30 21:02:45', '2017-09-12 21:56:06', 'a5987b10-39ae-43e6-bb7c-f17cd3d6ea1f'),
 ('393', '3', '6', 'gatorade.webm', 'video', NULL, NULL, '1052523', '2017-08-28 22:37:39', '2017-08-30 21:02:45', '2017-09-12 21:56:06', '7e6d5a14-b0a5-46a9-a993-49ca96ee3b5f'),
 ('394', '3', '6', 'geofilter.mp4', 'video', NULL, NULL, '1998705', '2017-08-28 22:37:39', '2017-08-30 21:02:45', '2017-09-12 21:56:06', 'b8485dd5-218f-4106-b78a-72704ba75977'),
 ('395', '3', '6', 'geofilter.webm', 'video', NULL, NULL, '1871148', '2017-08-28 22:37:39', '2017-08-30 21:02:46', '2017-09-12 21:56:07', 'c27b134a-7bb0-4f0a-b913-f32d5bdb282b'),
 ('396', '3', '6', 'lakings.mp4', 'video', NULL, NULL, '208054', '2017-08-28 22:37:39', '2017-08-30 21:02:46', '2017-09-12 21:56:07', 'c8c1b2fa-4ee1-4552-9cba-dda623c57150'),
 ('397', '3', '6', 'lakings.webm', 'video', NULL, NULL, '159352', '2017-08-28 22:37:39', '2017-08-30 21:02:46', '2017-09-12 21:56:07', 'efdf1b0c-f4ff-4c51-957b-88d9ab7d7f22'),
 ('398', '3', '6', 'michaelkors.mp4', 'video', NULL, NULL, '1129778', '2017-08-28 22:37:39', '2017-08-30 21:02:46', '2017-09-12 21:56:07', '58d066ec-1322-445b-b863-dc98ef880db5'),
 ('399', '3', '6', 'mtndew.mp4', 'video', NULL, NULL, '3393558', '2017-08-28 22:37:39', '2017-08-30 21:02:46', '2017-09-12 21:56:07', '13eb473c-1ae2-4930-97e5-0c935f3c8d14'),
 ('400', '3', '6', 'michaelkors.webm', 'video', NULL, NULL, '1623124', '2017-08-28 22:37:39', '2017-08-30 21:02:46', '2017-09-12 21:56:07', 'a75ed68d-5a61-4cae-803b-be4a21ac3b26'),
 ('401', '3', '6', 'mtndew.webm', 'video', NULL, NULL, '1263718', '2017-08-28 22:37:39', '2017-08-30 21:02:46', '2017-09-12 21:56:07', '035b0694-3037-46e4-a20b-0f3a6d587059'),
 ('402', '3', '6', 'philsdonuts.mp4', 'video', NULL, NULL, '353395', '2017-08-28 22:37:39', '2017-08-30 21:02:47', '2017-09-12 21:56:08', 'fbf4df86-d1f9-4642-9a79-8ed8ad29462e'),
 ('403', '3', '6', 'postmates.mp4', 'video', NULL, NULL, '1155607', '2017-08-28 22:37:39', '2017-08-30 21:02:47', '2017-09-12 21:56:08', '4870d4e2-4266-4adc-b639-c4372f06aeea'),
 ('404', '3', '6', 'postmates.webm', 'video', NULL, NULL, '1898809', '2017-08-28 22:37:39', '2017-08-30 21:02:47', '2017-09-12 21:56:09', '420f1d8a-4639-401d-bb00-52015418abfc'),
 ('405', '3', '6', 'publisher.mp4', 'video', NULL, NULL, '3074162', '2017-08-28 22:37:39', '2017-08-30 21:02:47', '2017-09-12 21:56:10', '557d08c8-2669-4e33-9301-1cca17924244'),
 ('406', '3', '6', 'publisher.webm', 'video', NULL, NULL, '11851483', '2017-08-28 22:37:39', '2017-08-30 21:02:47', '2017-09-12 21:56:10', '5aa3dac8-7540-44ab-860b-a3245e10715e'),
 ('407', '3', '6', 'redbull.mp4', 'video', NULL, NULL, '1200311', '2017-08-28 22:37:39', '2017-08-30 21:02:47', '2017-09-12 21:56:10', 'b0606a6a-909f-4f7e-b196-b2e0064fc79e'),
 ('408', '3', '6', 'redbull.webm', 'video', NULL, NULL, '1904455', '2017-08-28 22:37:39', '2017-08-30 21:02:47', '2017-09-12 21:56:10', 'b06e7262-1f91-454f-8bca-afa7a0e37610'),
 ('409', '3', '6', 'philsdonuts.webm', 'video', NULL, NULL, '977410', '2017-08-28 22:37:39', '2017-08-30 21:02:48', '2017-09-12 21:56:08', '04532758-2977-461a-9691-da253af38eac'),
 ('410', '3', '6', 'selfserve.mp4', 'video', NULL, NULL, '1750101', '2017-08-28 22:37:39', '2017-08-30 21:02:48', '2017-09-12 21:56:10', 'f2c1341d-6f7c-4763-8901-cccfa797a6b0'),
 ('411', '3', '6', 'selfserve.webm', 'video', NULL, NULL, '1388042', '2017-08-28 22:37:39', '2017-08-30 21:02:48', '2017-09-12 21:56:10', '98e87488-26e4-458a-bfb3-2d6248d7eadc'),
 ('412', '3', '6', 'snapchat.mp4', 'video', NULL, NULL, '5295566', '2017-08-28 22:37:39', '2017-08-30 21:02:48', '2017-09-12 21:56:10', 'ffc3d030-3bd6-4940-a26d-72286aba8ee4'),
 ('413', '3', '6', 'snapchat.webm', 'video', NULL, NULL, '11260144', '2017-08-28 22:37:40', '2017-08-30 21:02:48', '2017-09-12 21:56:11', '98047641-2ff7-481e-905d-c6e6d0e09612'),
 ('414', '3', '6', 'snapchat2.mp4', 'video', NULL, NULL, '5678451', '2017-08-28 22:37:40', '2017-08-30 21:02:48', '2017-09-12 21:56:11', 'be95e18a-951f-43a1-8309-a9887d41346b'),
 ('415', '3', '6', 'snapchat2_vertical.mp4', 'video', NULL, NULL, '4631243', '2017-08-28 22:37:40', '2017-08-30 21:02:48', '2017-09-12 21:56:11', '9923769e-845a-4447-855c-35c9d5120f35'),
 ('416', '3', '6', 'snapchat2.webm', 'video', NULL, NULL, '11185244', '2017-08-28 22:37:40', '2017-08-30 21:02:49', '2017-09-12 21:56:11', 'e5a8f246-77f2-43c6-83ae-d64c49c52002'),
 ('417', '3', '6', 'snapchat2_vertical.webm', 'video', NULL, NULL, '10144982', '2017-08-28 22:37:40', '2017-08-30 21:02:51', '2017-09-12 21:56:11', '683c489b-7138-4b38-9943-4da390bb13ae'),
 ('418', '3', '6', 'snapchat_vertical.mp4', 'video', NULL, NULL, '4535341', '2017-08-28 22:37:40', '2017-08-30 21:02:51', '2017-09-12 21:56:11', '6443a615-6d76-462b-8bd3-87f54a9e3aa3'),
 ('419', '3', '6', 'snapchat_vertical.webm', 'video', NULL, NULL, '9837474', '2017-08-28 22:37:40', '2017-08-30 21:02:51', '2017-09-12 21:56:11', '963d00f1-3b3f-40ba-8344-bb3017f2f436'),
 ('420', '3', '6', 'target.mp4', 'video', NULL, NULL, '925574', '2017-08-28 22:37:40', '2017-08-30 21:02:51', '2017-09-12 21:56:12', '09338adc-1e92-4fb0-9da9-db7d74341650'),
 ('421', '3', '6', 'target.webm', 'video', NULL, NULL, '1186157', '2017-08-28 22:37:40', '2017-08-30 21:02:51', '2017-09-12 21:56:12', '56e8a118-f796-4e60-97b3-3b1c1bc00ff4'),
 ('422', '3', '6', 'tedbaker.webm', 'video', NULL, NULL, '449570', '2017-08-28 22:37:40', '2017-08-30 21:02:52', '2017-09-12 21:56:12', '15a3f1b1-b2dd-4fb2-ab1e-5607f75506f6'),
 ('423', '3', '6', 'warbyparker.mp4', 'video', NULL, NULL, '405337', '2017-08-28 22:37:40', '2017-08-30 21:02:52', '2017-09-12 21:56:12', 'a168aa9e-ae84-43ee-a926-13954dc297c0'),
 ('424', '3', '6', 'warbyparker.webm', 'video', NULL, NULL, '788588', '2017-08-28 22:37:40', '2017-08-30 21:02:52', '2017-09-12 21:56:12', '54633ec3-d0ee-4076-af48-e123b05cd295'),
 ('425', '3', '6', 'tedbaker.mp4', 'video', NULL, NULL, '347037', '2017-08-28 22:37:40', '2017-08-30 21:02:52', '2017-09-12 21:56:12', '3b72a1e2-1c74-48a5-b553-913658a26706'),
 ('460', '2', '2', 'homepage-1-1.png', 'image', '197', '163', '16789', '2017-09-14 17:50:09', '2017-09-12 23:54:48', '2017-09-14 17:50:12', '929da269-906a-42a5-92f2-652ff544e75b'),
 ('461', '2', '2', 'homepage-1-2.png', 'image', '192', '159', '14632', '2017-09-12 23:54:48', '2017-09-12 23:54:48', '2017-09-12 23:54:48', 'c6da5be9-a598-4970-bd9f-6dcb5bfa6acc'),
 ('462', '2', '2', 'homepage-1-3.png', 'image', '208', '150', '7559', '2017-09-12 23:54:48', '2017-09-12 23:54:48', '2017-09-12 23:54:48', 'd7052237-da6c-473c-a587-afa8f5857384'),
 ('463', '2', '2', 'innovid_2x.png', 'image', '176', '34', '6767', '2017-09-12 23:59:11', '2017-09-12 23:59:12', '2017-09-12 23:59:12', 'feb83156-9156-418f-84d2-e579a405f45f'),
 ('464', '2', '2', 'kochava_2x.png', 'image', '206', '42', '6126', '2017-09-12 23:59:12', '2017-09-12 23:59:12', '2017-09-12 23:59:12', '6963a2a4-e2a7-4027-9ccc-900a50fe9e10'),
 ('465', '2', '2', 'liveramp_2x.png', 'image', '212', '44', '9345', '2017-09-12 23:59:12', '2017-09-12 23:59:12', '2017-09-12 23:59:12', 'a54df617-e04d-473a-ad90-f758ad05b27f'),
 ('477', '2', '2', 'homepage-burberry.png', 'image', '257', '454', '230732', '2017-09-13 17:23:33', '2017-09-13 17:23:33', '2017-09-13 17:23:33', '9b4952fa-ad37-4e84-ab8f-7909944c67e8'),
 ('478', '2', '2', 'measurement-reach.svg', 'image', '231', '139', '4682', '2017-09-13 17:24:00', '2017-09-13 17:24:00', '2017-09-13 17:24:00', '45c5218e-3726-4371-940d-1a9cb7b3a887'),
 ('479', '2', '2', 'Bumble_GeoFilter_2x.jpg', 'image', '576', '1024', '180051', '2017-09-13 17:28:46', '2017-09-13 17:28:46', '2017-09-13 17:28:46', '3d737719-1655-4cbf-b41f-1cda2dbdaf0e'),
 ('480', '2', '2', 'increase-consideration.svg', 'image', '76', '73', '5258', '2017-09-13 17:31:34', '2017-09-13 17:31:34', '2017-09-13 17:31:34', 'be9b8624-3d95-490e-9935-f4f395ba492e'),
 ('481', '2', '2', 'homepage-gametime.png', 'image', '251', '447', '158242', '2017-09-13 17:32:57', '2017-09-13 17:32:57', '2017-09-13 17:32:57', '6997b3c9-b025-4c2d-b90c-2d4006f19200'),
 ('482', '2', '2', 'drive-action.svg', 'image', '76', '73', '2558', '2017-09-13 17:33:12', '2017-09-13 17:33:12', '2017-09-13 17:33:12', '5f73bc19-2547-4f6c-9af3-4464903b919b'),
 ('483', '2', '2', 'ad_manager_2x.png', 'image', '1540', '906', '253993', '2017-09-13 17:35:18', '2017-09-13 17:35:19', '2017-09-13 17:35:19', '065a23ca-2dce-49ab-a4c8-2a66d5f135a8'),
 ('484', '2', '2', 'EverythingYouNeedToKnow_Final1x.jpg', 'image', '800', '450', '164559', '2017-09-13 17:39:06', '2017-09-13 17:39:06', '2017-09-13 17:39:06', '6773d47e-e445-4c50-a960-cdb99fb761c8');



DROP TABLE IF EXISTS `craft_assetfolders`;


--
-- Schema for table `craft_assetfolders`
--
CREATE TABLE `craft_assetfolders` (
  `id` int(11) NOT NULL AUTO_INCREMENT,
  `parentId` int(11) DEFAULT NULL,
  `sourceId` int(11) DEFAULT NULL,
  `name` varchar(255) COLLATE utf8_unicode_ci NOT NULL,
  `path` varchar(255) COLLATE utf8_unicode_ci DEFAULT NULL,
  `dateCreated` datetime NOT NULL,
  `dateUpdated` datetime NOT NULL,
  `uid` char(36) COLLATE utf8_unicode_ci NOT NULL DEFAULT '0',
  PRIMARY KEY (`id`),
  UNIQUE KEY `craft_assetfolders_name_parentId_sourceId_unq_idx` (`name`,`parentId`,`sourceId`),
  KEY `craft_assetfolders_parentId_fk` (`parentId`),
  KEY `craft_assetfolders_sourceId_fk` (`sourceId`)
) ENGINE=InnoDB AUTO_INCREMENT=37 DEFAULT CHARSET=utf8 COLLATE=utf8_unicode_ci;

--
-- Data for table `craft_assetfolders`
--

INSERT INTO `craft_assetfolders` (`id`, `parentId`, `sourceId`, `name`, `path`, `dateCreated`, `dateUpdated`, `uid`) VALUES
 ('2', NULL, '2', 'Images', '', '2017-07-20 22:17:47', '2017-07-20 22:17:47', 'f023a332-2e9c-4876-9004-f87c07e5bac8'),
 ('3', NULL, NULL, 'Temporary source', NULL, '2017-07-21 21:50:47', '2017-07-21 21:50:47', 'c27c1e04-bb5d-4e97-83c3-5055f5c3bff6'),
 ('4', '3', NULL, 'user_1', 'user_1/', '2017-07-21 21:50:47', '2017-07-21 21:50:47', 'f1435a45-0aef-4bc0-8b7e-4dc81937ca88'),
 ('5', '4', NULL, 'field_25', 'user_1/field_25/', '2017-07-21 21:50:47', '2017-07-21 21:50:47', '2fd68bfe-e32c-401c-a1ff-633f1a236fed'),
 ('6', NULL, '3', 'Videos', '', '2017-07-21 22:08:30', '2017-07-21 22:08:30', '666e6159-6a87-4c76-aa65-68a583e6f8be'),
 ('7', '4', NULL, 'field_38', 'user_1/field_38/', '2017-07-21 23:27:02', '2017-07-21 23:27:02', '9bb5cb44-50d8-4746-a873-ed61a5b7552b'),
 ('8', '4', NULL, 'field_45', 'user_1/field_45/', '2017-07-26 21:50:50', '2017-07-26 21:50:50', '2d603943-62bc-4fbb-b1a9-214d63d9d82d'),
 ('14', '4', NULL, 'field_51', 'user_1/field_51/', '2017-07-26 23:33:34', '2017-07-26 23:33:34', '4cabaa5e-f890-475c-8b93-7d80e601d979'),
 ('16', '4', NULL, 'field_75', 'user_1/field_75/', '2017-08-03 18:45:24', '2017-08-03 18:45:24', '1847c2c6-41d8-488b-97b3-9515197677e8'),
 ('18', '4', NULL, 'field_124', 'user_1/field_124/', '2017-08-10 21:54:31', '2017-08-10 21:54:31', 'f757a285-1f65-413a-afee-8f74b70a7a43'),
 ('19', '4', NULL, 'field_125', 'user_1/field_125/', '2017-08-10 21:54:31', '2017-08-10 21:54:31', '6fde95e6-9083-4a25-ab44-9562fa6efa10'),
 ('20', '4', NULL, 'field_145', 'user_1/field_145/', '2017-08-21 22:30:17', '2017-08-21 22:30:17', '48ac89a2-a2e6-4f25-adb0-b82dfcecd083'),
 ('22', '3', NULL, 'user_361', 'user_361/', '2017-08-24 18:09:52', '2017-08-24 18:09:52', 'b6b91e07-90d2-4fe4-8c68-8fe6de162323'),
 ('23', '22', NULL, 'field_124', 'user_361/field_124/', '2017-08-24 18:09:52', '2017-08-24 18:09:52', '86f4c0c7-17a9-4d99-a942-d963d90f6ef9'),
 ('24', '22', NULL, 'field_125', 'user_361/field_125/', '2017-08-24 18:09:52', '2017-08-24 18:09:52', '0d60c18d-da60-4e29-a77d-6466554b047d'),
 ('30', NULL, '7', 'Global', '', '2017-09-12 18:45:24', '2017-09-12 18:45:24', '76c564ff-d26a-4554-8e91-2173b522cc9d'),
 ('32', NULL, '8', 'Documents', '', '2017-09-12 21:17:11', '2017-09-12 21:17:11', 'c7d0ca66-93ea-4ea0-8b1e-c0367b873b51'),
 ('33', '4', NULL, 'field_118', 'user_1/field_118/', '2017-09-12 21:57:33', '2017-09-12 21:57:33', '184cd5db-1b1c-4c1b-8972-b73092b59f6f'),
 ('34', '2', '2', 'partners', 'partners/', '2017-09-12 23:59:46', '2017-09-12 23:59:46', '5480544d-758e-4f87-af41-fedf87354006'),
 ('35', '2', '2', 'tabs', 'tabs/', '2017-09-13 17:39:23', '2017-09-13 17:39:23', '76ca7f10-a64d-4770-8dff-9dd3938c8b00'),
 ('36', '2', '2', 'posters', 'posters/', '2017-09-13 17:39:24', '2017-09-13 17:39:24', '2430f4bb-da9f-4be5-9578-1e477c2f3e02');



DROP TABLE IF EXISTS `craft_assetindexdata`;


--
-- Schema for table `craft_assetindexdata`
--
CREATE TABLE `craft_assetindexdata` (
  `id` int(11) NOT NULL AUTO_INCREMENT,
  `sessionId` varchar(36) COLLATE utf8_unicode_ci NOT NULL DEFAULT '',
  `sourceId` int(10) NOT NULL,
  `offset` int(10) NOT NULL,
  `uri` varchar(255) COLLATE utf8_unicode_ci DEFAULT NULL,
  `size` varchar(255) COLLATE utf8_unicode_ci DEFAULT NULL,
  `recordId` int(10) DEFAULT NULL,
  `dateCreated` datetime NOT NULL,
  `dateUpdated` datetime NOT NULL,
  `uid` char(36) COLLATE utf8_unicode_ci NOT NULL DEFAULT '0',
  PRIMARY KEY (`id`),
  UNIQUE KEY `craft_assetindexdata_sessionId_sourceId_offset_unq_idx` (`sessionId`,`sourceId`,`offset`),
  KEY `craft_assetindexdata_sourceId_fk` (`sourceId`)
) ENGINE=InnoDB DEFAULT CHARSET=utf8 COLLATE=utf8_unicode_ci;

DROP TABLE IF EXISTS `craft_assetsources`;


--
-- Schema for table `craft_assetsources`
--
CREATE TABLE `craft_assetsources` (
  `id` int(11) NOT NULL AUTO_INCREMENT,
  `name` varchar(255) COLLATE utf8_unicode_ci NOT NULL,
  `handle` varchar(255) COLLATE utf8_unicode_ci NOT NULL,
  `type` varchar(150) COLLATE utf8_unicode_ci NOT NULL,
  `settings` text COLLATE utf8_unicode_ci,
  `sortOrder` smallint(6) unsigned DEFAULT NULL,
  `fieldLayoutId` int(10) DEFAULT NULL,
  `dateCreated` datetime NOT NULL,
  `dateUpdated` datetime NOT NULL,
  `uid` char(36) COLLATE utf8_unicode_ci NOT NULL DEFAULT '0',
  PRIMARY KEY (`id`),
  UNIQUE KEY `craft_assetsources_name_unq_idx` (`name`),
  UNIQUE KEY `craft_assetsources_handle_unq_idx` (`handle`),
  KEY `craft_assetsources_fieldLayoutId_fk` (`fieldLayoutId`)
) ENGINE=InnoDB AUTO_INCREMENT=9 DEFAULT CHARSET=utf8 COLLATE=utf8_unicode_ci;

--
-- Data for table `craft_assetsources`
--

INSERT INTO `craft_assetsources` (`id`, `name`, `handle`, `type`, `settings`, `sortOrder`, `fieldLayoutId`, `dateCreated`, `dateUpdated`, `uid`) VALUES
 ('2', 'Images', 'images', 'Local', '{\"path\":\"assets\\/images\\/\",\"publicURLs\":\"1\",\"url\":\"{siteUrl}\\/assets\\/images\\/\"}', '2', '2326', '2017-07-20 22:17:47', '2017-09-12 18:16:36', '77f207e4-9d6d-4838-936c-96c760c5e47c'),
 ('3', 'Videos', 'videos', 'Local', '{\"path\":\"assets\\/videos\\/\",\"publicURLs\":\"1\",\"url\":\"{siteUrl}\\/assets\\/videos\\/\"}', '3', '2347', '2017-07-21 22:08:30', '2017-09-12 18:45:56', '8caffb38-19c6-40e3-84e7-45b62f7deb5c'),
 ('7', 'Global', 'global', 'Local', '{\"path\":\"assets\\/global\\/\",\"publicURLs\":\"1\",\"url\":\"{siteUrl}\\/assets\\/global\\/\"}', '4', '2348', '2017-09-12 18:45:24', '2017-09-12 21:14:07', 'c3f771de-bf05-4143-8137-3ecbb3d52f07'),
 ('8', 'Documents', 'documents', 'Local', '{\"path\":\"assets\\/documents\\/\",\"publicURLs\":\"1\",\"url\":\"{siteUrl}\\/assets\\/documents\\/\"}', '5', '2349', '2017-09-12 21:17:11', '2017-09-12 21:17:11', '9d7cac78-b6fd-4011-881a-de8349421d02');



DROP TABLE IF EXISTS `craft_assettransformindex`;


--
-- Schema for table `craft_assettransformindex`
--
CREATE TABLE `craft_assettransformindex` (
  `id` int(11) NOT NULL AUTO_INCREMENT,
  `fileId` int(11) NOT NULL,
  `filename` varchar(255) COLLATE utf8_unicode_ci DEFAULT NULL,
  `format` varchar(255) COLLATE utf8_unicode_ci DEFAULT NULL,
  `location` varchar(255) COLLATE utf8_unicode_ci NOT NULL,
  `sourceId` int(11) DEFAULT NULL,
  `fileExists` tinyint(1) DEFAULT NULL,
  `inProgress` tinyint(1) DEFAULT NULL,
  `dateIndexed` datetime DEFAULT NULL,
  `dateCreated` datetime NOT NULL,
  `dateUpdated` datetime NOT NULL,
  `uid` char(36) COLLATE utf8_unicode_ci NOT NULL DEFAULT '0',
  PRIMARY KEY (`id`),
  KEY `craft_assettransformindex_sourceId_fileId_location_idx` (`sourceId`,`fileId`,`location`)
) ENGINE=InnoDB DEFAULT CHARSET=utf8 COLLATE=utf8_unicode_ci;

DROP TABLE IF EXISTS `craft_assettransforms`;


--
-- Schema for table `craft_assettransforms`
--
CREATE TABLE `craft_assettransforms` (
  `id` int(11) NOT NULL AUTO_INCREMENT,
  `name` varchar(255) COLLATE utf8_unicode_ci NOT NULL,
  `handle` varchar(255) COLLATE utf8_unicode_ci NOT NULL,
  `mode` enum('stretch','fit','crop') COLLATE utf8_unicode_ci NOT NULL DEFAULT 'crop',
  `position` enum('top-left','top-center','top-right','center-left','center-center','center-right','bottom-left','bottom-center','bottom-right') COLLATE utf8_unicode_ci NOT NULL DEFAULT 'center-center',
  `height` int(10) DEFAULT NULL,
  `width` int(10) DEFAULT NULL,
  `format` varchar(255) COLLATE utf8_unicode_ci DEFAULT NULL,
  `quality` int(10) DEFAULT NULL,
  `dimensionChangeTime` datetime DEFAULT NULL,
  `dateCreated` datetime NOT NULL,
  `dateUpdated` datetime NOT NULL,
  `uid` char(36) COLLATE utf8_unicode_ci NOT NULL DEFAULT '0',
  PRIMARY KEY (`id`),
  UNIQUE KEY `craft_assettransforms_name_unq_idx` (`name`),
  UNIQUE KEY `craft_assettransforms_handle_unq_idx` (`handle`)
) ENGINE=InnoDB DEFAULT CHARSET=utf8 COLLATE=utf8_unicode_ci;

DROP TABLE IF EXISTS `craft_categories`;


--
-- Schema for table `craft_categories`
--
CREATE TABLE `craft_categories` (
  `id` int(11) NOT NULL,
  `groupId` int(11) NOT NULL,
  `dateCreated` datetime NOT NULL,
  `dateUpdated` datetime NOT NULL,
  `uid` char(36) COLLATE utf8_unicode_ci NOT NULL DEFAULT '0',
  PRIMARY KEY (`id`),
  KEY `craft_categories_groupId_fk` (`groupId`)
) ENGINE=InnoDB DEFAULT CHARSET=utf8 COLLATE=utf8_unicode_ci;

--
-- Data for table `craft_categories`
--

INSERT INTO `craft_categories` (`id`, `groupId`, `dateCreated`, `dateUpdated`, `uid`) VALUES
 ('243', '1', '2017-08-07 17:26:03', '2017-08-07 17:26:03', '3a1c809f-b3e2-4a15-90ea-cfc88d40180c'),
 ('244', '1', '2017-08-07 17:26:14', '2017-08-07 17:26:14', '5c889094-2d50-4966-bb70-74c91a016932'),
 ('245', '1', '2017-08-07 17:26:23', '2017-08-07 17:26:23', '2f3bc511-39d3-4906-8cb5-03c508871f7f'),
 ('246', '2', '2017-08-07 17:26:39', '2017-08-07 17:26:39', 'd94f4384-8233-4a2a-9a50-90d052309e14'),
 ('247', '2', '2017-08-07 17:26:50', '2017-08-07 17:26:50', '329fa6a5-32a4-4c35-b53f-8ed6b8ad1d17'),
 ('248', '2', '2017-08-07 17:26:55', '2017-08-07 17:26:55', '56344f6c-eaf7-4d48-96e9-2603f52a7272'),
 ('249', '2', '2017-08-07 17:27:08', '2017-08-07 17:27:08', 'c13cafc8-4230-46b9-9cb0-86b6f3da7667'),
 ('250', '2', '2017-08-07 17:27:17', '2017-08-07 17:27:17', 'b8b43027-a99e-4804-b22e-cf668da37211'),
 ('251', '2', '2017-08-07 17:27:33', '2017-08-07 17:27:33', 'b5b4fa21-2927-4b60-b7a8-c0b2b0cd74db'),
 ('252', '2', '2017-08-07 17:27:40', '2017-08-07 17:27:40', '4867d96e-e3a0-4aae-be2a-b7a3bfc8ace2'),
 ('253', '2', '2017-08-07 17:28:00', '2017-08-07 17:28:00', '50582a4e-9b1c-49c2-ac92-22f46ea1e781'),
 ('254', '2', '2017-08-07 17:28:10', '2017-08-07 17:28:10', 'e6c0cebb-0c14-434f-9a4e-55373d65fbfc'),
 ('255', '2', '2017-08-07 17:28:14', '2017-08-07 17:28:14', 'ac1c82ea-b377-4c7d-bd4b-20006ebfc219'),
 ('256', '3', '2017-08-07 17:31:09', '2017-08-07 17:31:09', '05a878a5-be9d-4765-912c-c5c8a2cdf6dc'),
 ('257', '3', '2017-08-07 17:31:22', '2017-08-07 17:31:22', 'f15077ad-9046-4efb-ae54-de74695e32a8'),
 ('258', '3', '2017-08-07 17:31:27', '2017-08-07 17:31:27', 'be5b0617-1485-431c-a95b-744942b086e8'),
 ('266', '5', '2017-08-07 21:31:59', '2017-08-07 21:31:59', '58ed261b-439e-4875-9036-1a46e8edf450'),
 ('267', '5', '2017-08-07 21:32:21', '2017-08-07 21:32:21', 'f9ff7a67-f6a9-44c6-ae41-45d03ade0ee3'),
 ('350', '6', '2017-08-22 20:53:32', '2017-08-22 20:53:32', '6f19dab3-7b35-4473-baf5-a4750c52af02'),
 ('351', '6', '2017-08-22 20:53:42', '2017-08-22 20:53:42', '5bacea70-71ef-4b89-9de1-26ad9a2c93ee'),
 ('352', '6', '2017-08-22 20:53:58', '2017-08-22 20:53:58', '9f1564cb-3fd6-423b-8468-8e86014269d2'),
 ('353', '6', '2017-08-22 20:54:07', '2017-08-22 20:54:07', '20c36f5a-dfed-4ad6-bae0-ef3d972ce795'),
 ('354', '6', '2017-08-22 20:54:17', '2017-08-22 20:54:17', '29795a1d-e4ff-44df-9dbb-32fcc45cf2ef');



DROP TABLE IF EXISTS `craft_categorygroups`;


--
-- Schema for table `craft_categorygroups`
--
CREATE TABLE `craft_categorygroups` (
  `id` int(11) NOT NULL AUTO_INCREMENT,
  `structureId` int(11) NOT NULL,
  `fieldLayoutId` int(11) DEFAULT NULL,
  `name` varchar(255) COLLATE utf8_unicode_ci NOT NULL,
  `handle` varchar(255) COLLATE utf8_unicode_ci NOT NULL,
  `hasUrls` tinyint(1) unsigned NOT NULL DEFAULT '1',
  `template` varchar(500) COLLATE utf8_unicode_ci DEFAULT NULL,
  `dateCreated` datetime NOT NULL,
  `dateUpdated` datetime NOT NULL,
  `uid` char(36) COLLATE utf8_unicode_ci NOT NULL DEFAULT '0',
  PRIMARY KEY (`id`),
  UNIQUE KEY `craft_categorygroups_name_unq_idx` (`name`),
  UNIQUE KEY `craft_categorygroups_handle_unq_idx` (`handle`),
  KEY `craft_categorygroups_structureId_fk` (`structureId`),
  KEY `craft_categorygroups_fieldLayoutId_fk` (`fieldLayoutId`)
) ENGINE=InnoDB AUTO_INCREMENT=7 DEFAULT CHARSET=utf8 COLLATE=utf8_unicode_ci;

--
-- Data for table `craft_categorygroups`
--

INSERT INTO `craft_categorygroups` (`id`, `structureId`, `fieldLayoutId`, `name`, `handle`, `hasUrls`, `template`, `dateCreated`, `dateUpdated`, `uid`) VALUES
 ('1', '66', '1914', 'Objective', 'objective', '0', NULL, '2017-08-07 17:25:26', '2017-08-22 20:52:00', '1aee45f5-87d5-4190-b109-fe44c628b032'),
 ('2', '67', '1913', 'Industry', 'industry', '0', NULL, '2017-08-07 17:25:37', '2017-08-22 20:49:35', '411dc248-229d-455f-953e-9e102bb502ae'),
 ('3', '68', '1915', 'Product', 'product', '0', NULL, '2017-08-07 17:30:56', '2017-08-22 20:52:13', 'fd363a22-46fd-4eb7-9379-23e9c1d7f87f'),
 ('5', '71', '1715', 'Blog Type', 'blogType', '0', NULL, '2017-08-07 21:31:43', '2017-08-07 21:31:43', '4f50ca58-b5e2-47dd-a37d-6524b8606689'),
 ('6', '90', '1916', 'Region', 'region', '0', NULL, '2017-08-22 20:52:47', '2017-08-22 20:52:47', '7e3adcd0-8e9c-41d1-ba6f-a6a2943ce99e');



DROP TABLE IF EXISTS `craft_categorygroups_i18n`;


--
-- Schema for table `craft_categorygroups_i18n`
--
CREATE TABLE `craft_categorygroups_i18n` (
  `id` int(11) NOT NULL AUTO_INCREMENT,
  `groupId` int(11) NOT NULL,
  `locale` char(12) COLLATE utf8_unicode_ci NOT NULL,
  `urlFormat` text COLLATE utf8_unicode_ci,
  `nestedUrlFormat` text COLLATE utf8_unicode_ci,
  `dateCreated` datetime NOT NULL,
  `dateUpdated` datetime NOT NULL,
  `uid` char(36) COLLATE utf8_unicode_ci NOT NULL DEFAULT '0',
  PRIMARY KEY (`id`),
  UNIQUE KEY `craft_categorygroups_i18n_groupId_locale_unq_idx` (`groupId`,`locale`),
  KEY `craft_categorygroups_i18n_locale_fk` (`locale`)
) ENGINE=InnoDB AUTO_INCREMENT=13 DEFAULT CHARSET=utf8 COLLATE=utf8_unicode_ci;

--
-- Data for table `craft_categorygroups_i18n`
--

INSERT INTO `craft_categorygroups_i18n` (`id`, `groupId`, `locale`, `urlFormat`, `nestedUrlFormat`, `dateCreated`, `dateUpdated`, `uid`) VALUES
 ('1', '1', 'en_us', NULL, NULL, '2017-08-07 17:25:26', '2017-08-07 17:25:26', 'f7fe7b0c-50fd-4d24-a57b-0ba7358dc7d9'),
 ('2', '1', 'de_de', NULL, NULL, '2017-08-07 17:25:26', '2017-08-07 17:25:26', 'f4d956b7-d3dd-4d1b-8a3a-e7d5cfb1998c'),
 ('3', '2', 'en_us', NULL, NULL, '2017-08-07 17:25:37', '2017-08-07 17:25:37', 'ce2e4f20-7898-44e5-a88d-56c83f0bad24'),
 ('4', '2', 'de_de', NULL, NULL, '2017-08-07 17:25:37', '2017-08-07 17:25:37', '5284c0a7-5a2e-46b5-a4f4-f2146d8cfdeb'),
 ('5', '3', 'en_us', NULL, NULL, '2017-08-07 17:30:56', '2017-08-07 17:30:56', 'ec2736a5-150f-4cb1-a8fc-14412f0610e3'),
 ('6', '3', 'de_de', NULL, NULL, '2017-08-07 17:30:56', '2017-08-07 17:30:56', 'c2abd350-76fa-4542-a6cf-91f70bf274d0'),
 ('9', '5', 'en_us', NULL, NULL, '2017-08-07 21:31:43', '2017-08-07 21:31:43', 'ea72dccb-7bdb-43bc-ab9c-57076d20e166'),
 ('10', '5', 'de_de', NULL, NULL, '2017-08-07 21:31:43', '2017-08-07 21:31:43', '09a2b2fd-74ff-46fb-aff8-4831322a9519'),
 ('11', '6', 'en_us', NULL, NULL, '2017-08-22 20:52:47', '2017-08-22 20:52:47', 'fbd95e5d-d4f7-471b-97e1-9dae0ef0f1d1'),
 ('12', '6', 'de_de', NULL, NULL, '2017-08-22 20:52:47', '2017-08-22 20:52:47', 'a913a49a-650f-4bdf-9697-94b656935eca');



DROP TABLE IF EXISTS `craft_content`;


--
-- Schema for table `craft_content`
--
CREATE TABLE `craft_content` (
  `id` int(11) NOT NULL AUTO_INCREMENT,
  `elementId` int(11) NOT NULL,
  `locale` char(12) COLLATE utf8_unicode_ci NOT NULL,
  `title` varchar(255) COLLATE utf8_unicode_ci DEFAULT NULL,
  `field_page_uri` text COLLATE utf8_unicode_ci,
  `field_imageLocation` varchar(255) COLLATE utf8_unicode_ci DEFAULT 'left',
  `field_paragraph_loc` text COLLATE utf8_unicode_ci,
  `field_button` text COLLATE utf8_unicode_ci,
  `field_headline_loc` text COLLATE utf8_unicode_ci,
  `field_page_themeColor` varchar(255) COLLATE utf8_unicode_ci DEFAULT 'blue',
  `field_page_sideNavigation` tinyint(1) unsigned NOT NULL DEFAULT '0',
  `field_buttonStyle` varchar(255) COLLATE utf8_unicode_ci DEFAULT 'primary',
  `field_subhead_loc` text COLLATE utf8_unicode_ci,
  `field_sectionBackgroundColor` varchar(255) COLLATE utf8_unicode_ci DEFAULT 'gray',
  `field_sectionTitle_loc` text COLLATE utf8_unicode_ci,
  `field_assetWidth` varchar(255) COLLATE utf8_unicode_ci DEFAULT 'normal',
  `field_eyebrow_loc` text COLLATE utf8_unicode_ci,
  `field_brandColor` varchar(255) COLLATE utf8_unicode_ci DEFAULT NULL,
  `field_companyName` text COLLATE utf8_unicode_ci,
  `field_cardHeadline_loc` text COLLATE utf8_unicode_ci,
  `field_tabLabel_loc` text COLLATE utf8_unicode_ci,
  `field_tabDescription_loc` text COLLATE utf8_unicode_ci,
  `field_timeCode` decimal(11,1) unsigned DEFAULT '0.0',
  `field_descriptionLabel_loc` text COLLATE utf8_unicode_ci,
  `field_groupTitle_loc` text COLLATE utf8_unicode_ci,
  `field_seoTitle` text COLLATE utf8_unicode_ci,
  `field_seoDescription` text COLLATE utf8_unicode_ci,
  `field_keywords` text COLLATE utf8_unicode_ci,
  `field_ogTitle` text COLLATE utf8_unicode_ci,
  `field_ogDescription` text COLLATE utf8_unicode_ci,
  `field_pageType` varchar(255) COLLATE utf8_unicode_ci DEFAULT 'website',
  `field_mainNavigationCta` text COLLATE utf8_unicode_ci,
  `field_cookiePolicy_loc` text COLLATE utf8_unicode_ci,
  `field_buttonText_loc` text COLLATE utf8_unicode_ci,
  `field_verticalVideoUrl` text COLLATE utf8_unicode_ci,
  `field_imageAltText_loc` text COLLATE utf8_unicode_ci,
  `field_desktopVideoLocation` varchar(255) COLLATE utf8_unicode_ci DEFAULT 'left',
  `field_roundedCorners` tinyint(1) unsigned NOT NULL DEFAULT '0',
  `field_productFilterTitle_loc` text COLLATE utf8_unicode_ci,
  `field_objectiveFilterTitle_loc` text COLLATE utf8_unicode_ci,
  `field_industryFilterTitle_loc` text COLLATE utf8_unicode_ci,
  `field_noResultsText_loc` text COLLATE utf8_unicode_ci,
  `field_autoplay` tinyint(1) unsigned NOT NULL DEFAULT '0',
  `field_videoControls` tinyint(1) unsigned NOT NULL DEFAULT '0',
  `field_cardColor` varchar(255) COLLATE utf8_unicode_ci DEFAULT NULL,
  `field_spotlightDescription_loc` text COLLATE utf8_unicode_ci,
  `field_productUsed_loc` text COLLATE utf8_unicode_ci,
  `field_objective_loc` text COLLATE utf8_unicode_ci,
  `field_title_loc` text COLLATE utf8_unicode_ci,
  `field_regionFilterTitle_loc` text COLLATE utf8_unicode_ci,
  `field_body` text COLLATE utf8_unicode_ci,
  `field_textBlock` text COLLATE utf8_unicode_ci,
  `field_imageCaption_loc` text COLLATE utf8_unicode_ci,
  `field_imageDownloadButton` tinyint(1) unsigned NOT NULL DEFAULT '0',
  `field_wideImage` tinyint(1) unsigned NOT NULL DEFAULT '0',
  `field_lightText` tinyint(1) unsigned NOT NULL DEFAULT '0',
  `field_description_loc` text COLLATE utf8_unicode_ci,
  `field_navItem` text COLLATE utf8_unicode_ci,
  `field_successStoriesTitle_loc` text COLLATE utf8_unicode_ci,
  `field_successStoriesButton` text COLLATE utf8_unicode_ci,
  `field_creativeSpotlightTitle_loc` text COLLATE utf8_unicode_ci,
  `field_creativeSpotlightButton` text COLLATE utf8_unicode_ci,
  `field_relatedContentHeadline_loc` text COLLATE utf8_unicode_ci,
  `field_relatedContentButton` text COLLATE utf8_unicode_ci,
  `field_modalEyebrow_loc` text COLLATE utf8_unicode_ci,
  `field_productUsedTitle_loc` text COLLATE utf8_unicode_ci,
  `field_objectiveTitle_loc` text COLLATE utf8_unicode_ci,
  `field_spotlightProductUsed_loc` varchar(255) COLLATE utf8_unicode_ci DEFAULT NULL,
  `field_spotlightObjective_loc` varchar(255) COLLATE utf8_unicode_ci DEFAULT NULL,
  `field_spotlightSummary_loc` text COLLATE utf8_unicode_ci,
  `field_primaryCta` text COLLATE utf8_unicode_ci,
  `field_secondaryCta` text COLLATE utf8_unicode_ci,
  `field_caption_loc` text COLLATE utf8_unicode_ci,
  `field_leadInCopyBlock_loc` text COLLATE utf8_unicode_ci,
  `field_numberedList` tinyint(1) unsigned NOT NULL DEFAULT '0',
  `field_showCards` tinyint(1) unsigned NOT NULL DEFAULT '0',
  `field_webImageAltText` text COLLATE utf8_unicode_ci,
  `field_flipContent` tinyint(1) unsigned NOT NULL DEFAULT '0',
  `dateCreated` datetime NOT NULL,
  `dateUpdated` datetime NOT NULL,
  `uid` char(36) COLLATE utf8_unicode_ci NOT NULL DEFAULT '0',
  PRIMARY KEY (`id`),
  UNIQUE KEY `craft_content_elementId_locale_unq_idx` (`elementId`,`locale`),
  KEY `craft_content_title_idx` (`title`),
  KEY `craft_content_locale_fk` (`locale`)
) ENGINE=InnoDB AUTO_INCREMENT=572 DEFAULT CHARSET=utf8 COLLATE=utf8_unicode_ci;

--
-- Data for table `craft_content`
--

INSERT INTO `craft_content` (`id`, `elementId`, `locale`, `title`, `field_page_uri`, `field_imageLocation`, `field_paragraph_loc`, `field_button`, `field_headline_loc`, `field_page_themeColor`, `field_page_sideNavigation`, `field_buttonStyle`, `field_subhead_loc`, `field_sectionBackgroundColor`, `field_sectionTitle_loc`, `field_assetWidth`, `field_eyebrow_loc`, `field_brandColor`, `field_companyName`, `field_cardHeadline_loc`, `field_tabLabel_loc`, `field_tabDescription_loc`, `field_timeCode`, `field_descriptionLabel_loc`, `field_groupTitle_loc`, `field_seoTitle`, `field_seoDescription`, `field_keywords`, `field_ogTitle`, `field_ogDescription`, `field_pageType`, `field_mainNavigationCta`, `field_cookiePolicy_loc`, `field_buttonText_loc`, `field_verticalVideoUrl`, `field_imageAltText_loc`, `field_desktopVideoLocation`, `field_roundedCorners`, `field_productFilterTitle_loc`, `field_objectiveFilterTitle_loc`, `field_industryFilterTitle_loc`, `field_noResultsText_loc`, `field_autoplay`, `field_videoControls`, `field_cardColor`, `field_spotlightDescription_loc`, `field_productUsed_loc`, `field_objective_loc`, `field_title_loc`, `field_regionFilterTitle_loc`, `field_body`, `field_textBlock`, `field_imageCaption_loc`, `field_imageDownloadButton`, `field_wideImage`, `field_lightText`, `field_description_loc`, `field_navItem`, `field_successStoriesTitle_loc`, `field_successStoriesButton`, `field_creativeSpotlightTitle_loc`, `field_creativeSpotlightButton`, `field_relatedContentHeadline_loc`, `field_relatedContentButton`, `field_modalEyebrow_loc`, `field_productUsedTitle_loc`, `field_objectiveTitle_loc`, `field_spotlightProductUsed_loc`, `field_spotlightObjective_loc`, `field_spotlightSummary_loc`, `field_primaryCta`, `field_secondaryCta`, `field_caption_loc`, `field_leadInCopyBlock_loc`, `field_numberedList`, `field_showCards`, `field_webImageAltText`, `field_flipContent`, `dateCreated`, `dateUpdated`, `uid`) VALUES
 ('1', '1', 'en_us', NULL, NULL, 'left', NULL, NULL, NULL, NULL, '0', NULL, NULL, 'white', NULL, 'normal', NULL, NULL, NULL, NULL, NULL, NULL, '0.0', NULL, NULL, NULL, NULL, NULL, NULL, NULL, 'website', NULL, NULL, NULL, NULL, NULL, 'left', '0', NULL, NULL, NULL, NULL, '0', '0', NULL, NULL, NULL, NULL, NULL, NULL, NULL, NULL, NULL, '0', '0', '0', NULL, NULL, NULL, NULL, NULL, NULL, NULL, NULL, NULL, NULL, NULL, NULL, NULL, NULL, NULL, NULL, NULL, NULL, '0', '0', NULL, '0', '2017-07-20 17:27:58', '2017-07-28 21:23:12', 'cb2d6955-b22a-4e41-b9f8-fe1801657cba'),
 ('27', '34', 'en_us', NULL, NULL, 'left', NULL, NULL, NULL, 'blue', '0', 'primary', NULL, 'gray', 'Overview', 'normal', NULL, NULL, NULL, NULL, NULL, NULL, '0.0', NULL, NULL, NULL, NULL, NULL, NULL, NULL, 'website', NULL, NULL, NULL, NULL, NULL, 'left', '0', NULL, NULL, NULL, NULL, '0', '0', NULL, NULL, NULL, NULL, NULL, NULL, NULL, NULL, NULL, '0', '0', '0', NULL, NULL, NULL, NULL, NULL, NULL, NULL, NULL, NULL, NULL, NULL, NULL, NULL, NULL, NULL, NULL, NULL, NULL, '0', '0', NULL, '0', '2017-07-26 20:51:36', '2017-07-27 00:17:05', '4aeafa8b-581b-4ae7-a015-332630fcaf39'),
 ('28', '35', 'en_us', NULL, NULL, 'left', NULL, NULL, 'Successful ads drive your business forward', 'blue', '0', 'primary', NULL, 'white', NULL, 'normal', NULL, NULL, NULL, NULL, NULL, NULL, '0.0', NULL, NULL, NULL, NULL, NULL, NULL, NULL, 'website', NULL, NULL, NULL, NULL, NULL, 'left', '0', NULL, NULL, NULL, NULL, '0', '0', NULL, NULL, NULL, NULL, NULL, NULL, NULL, NULL, NULL, '0', '0', '0', NULL, NULL, NULL, NULL, NULL, NULL, NULL, NULL, NULL, NULL, NULL, NULL, NULL, NULL, NULL, NULL, NULL, NULL, '0', '0', NULL, '0', '2017-07-26 20:51:36', '2017-07-27 00:17:05', '4d39b51a-4298-4558-8080-11dbb1b597e0'),
 ('29', '36', 'en_us', NULL, NULL, 'left', 'Monitor your campaigns in real-time, identify key performance trends, and optimize towards your goals.', NULL, 'Snap Ad Reporting', 'blue', '0', 'primary', NULL, 'white', NULL, 'normal', NULL, NULL, NULL, NULL, NULL, NULL, '0.0', NULL, NULL, NULL, NULL, NULL, NULL, NULL, 'website', NULL, NULL, NULL, NULL, NULL, 'left', '0', NULL, NULL, NULL, NULL, '0', '0', NULL, NULL, NULL, NULL, NULL, NULL, NULL, NULL, NULL, '0', '0', '0', NULL, NULL, NULL, NULL, NULL, NULL, NULL, NULL, NULL, NULL, NULL, NULL, NULL, NULL, NULL, NULL, NULL, NULL, '0', '0', NULL, '0', '2017-07-26 20:51:36', '2017-07-27 00:17:05', '183b5243-d299-438d-b3b3-7d4b1b4f42a5'),
 ('32', '39', 'en_us', NULL, NULL, 'left', NULL, NULL, NULL, 'blue', '0', 'primary', NULL, 'white', 'Filter Reporting', 'normal', NULL, NULL, NULL, NULL, NULL, NULL, '0.0', NULL, NULL, NULL, NULL, NULL, NULL, NULL, 'website', NULL, NULL, NULL, NULL, NULL, 'left', '0', NULL, NULL, NULL, NULL, '0', '0', NULL, NULL, NULL, NULL, NULL, NULL, NULL, NULL, NULL, '0', '0', '0', NULL, NULL, NULL, NULL, NULL, NULL, NULL, NULL, NULL, NULL, NULL, NULL, NULL, NULL, NULL, NULL, NULL, NULL, '0', '0', NULL, '0', '2017-07-26 21:04:17', '2017-07-27 00:17:05', '5755410d-ef2f-4003-991f-e3c72265d16c'),
 ('33', '40', 'en_us', NULL, NULL, 'right', 'Track filter performance and optimize your campaign by location.', NULL, 'Filter Reporting', 'blue', '0', 'primary', NULL, 'white', NULL, 'normal', NULL, NULL, NULL, NULL, NULL, NULL, '0.0', NULL, NULL, NULL, NULL, NULL, NULL, NULL, 'website', NULL, NULL, NULL, NULL, NULL, 'left', '0', NULL, NULL, NULL, NULL, '0', '0', NULL, NULL, NULL, NULL, NULL, NULL, NULL, NULL, NULL, '0', '0', '0', NULL, NULL, NULL, NULL, NULL, NULL, NULL, NULL, NULL, NULL, NULL, NULL, NULL, NULL, NULL, NULL, NULL, NULL, '0', '0', NULL, '0', '2017-07-26 21:04:17', '2017-07-27 00:17:05', 'a07eb50e-e5db-4cf9-9251-11b4a6d0c987'),
 ('35', '42', 'en_us', NULL, NULL, 'left', NULL, NULL, NULL, 'blue', '0', 'primary', NULL, 'gray', 'Measurement Philosophy', 'normal', NULL, NULL, NULL, NULL, NULL, NULL, '0.0', NULL, NULL, NULL, NULL, NULL, NULL, NULL, 'website', NULL, NULL, NULL, NULL, NULL, 'left', '0', NULL, NULL, NULL, NULL, '0', '0', NULL, NULL, NULL, NULL, NULL, NULL, NULL, NULL, NULL, '0', '0', '0', NULL, NULL, NULL, NULL, NULL, NULL, NULL, NULL, NULL, NULL, NULL, NULL, NULL, NULL, NULL, NULL, NULL, NULL, '0', '0', NULL, '0', '2017-07-26 21:04:17', '2017-07-27 00:17:05', '2afc97b1-6f11-43c0-a3df-8f7007573dc9'),
 ('36', '43', 'en_us', NULL, NULL, 'left', NULL, NULL, 'Know exactly how your ads perform', 'blue', '0', 'primary', NULL, 'white', NULL, 'normal', NULL, NULL, NULL, NULL, NULL, NULL, '0.0', NULL, NULL, NULL, NULL, NULL, NULL, NULL, 'website', NULL, NULL, NULL, NULL, NULL, 'left', '0', NULL, NULL, NULL, NULL, '0', '0', NULL, NULL, NULL, NULL, NULL, NULL, NULL, NULL, NULL, '0', '0', '0', NULL, NULL, NULL, NULL, NULL, NULL, NULL, NULL, NULL, NULL, NULL, NULL, NULL, NULL, NULL, NULL, NULL, NULL, '0', '0', NULL, '0', '2017-07-26 21:04:17', '2017-07-27 00:17:05', 'd8f15d39-810b-47e4-ba1b-f9f432ce1692'),
 ('37', '44', 'en_us', NULL, NULL, 'left', NULL, NULL, NULL, 'blue', '0', 'primary', NULL, 'white', NULL, 'normal', NULL, NULL, NULL, NULL, NULL, NULL, '0.0', NULL, NULL, NULL, NULL, NULL, NULL, NULL, 'website', NULL, NULL, NULL, NULL, NULL, 'left', '0', NULL, NULL, NULL, NULL, '0', '0', NULL, NULL, NULL, NULL, NULL, NULL, NULL, NULL, NULL, '0', '0', '0', NULL, NULL, NULL, NULL, NULL, NULL, NULL, NULL, NULL, NULL, NULL, NULL, NULL, NULL, NULL, NULL, NULL, NULL, '0', '0', NULL, '0', '2017-07-26 21:04:17', '2017-07-27 00:17:05', '927f103b-a811-4ea9-b621-ecd3eaf4b976'),
 ('56', '63', 'en_us', NULL, NULL, 'left', NULL, NULL, NULL, 'blue', '0', 'primary', NULL, 'white', 'Snap to Store', 'normal', NULL, NULL, NULL, NULL, NULL, NULL, '0.0', NULL, NULL, NULL, NULL, NULL, NULL, NULL, 'website', NULL, NULL, NULL, NULL, NULL, 'left', '0', NULL, NULL, NULL, NULL, '0', '0', NULL, NULL, NULL, NULL, NULL, NULL, NULL, NULL, NULL, '0', '0', '0', NULL, NULL, NULL, NULL, NULL, NULL, NULL, NULL, NULL, NULL, NULL, NULL, NULL, NULL, NULL, NULL, NULL, NULL, '0', '0', NULL, '0', '2017-07-26 21:27:42', '2017-07-27 00:17:06', '6ae4890e-e9e0-4dee-859d-0777abe579b4'),
 ('57', '64', 'en_us', NULL, NULL, 'left', NULL, NULL, NULL, 'blue', '0', 'primary', NULL, 'white', NULL, 'normal', NULL, NULL, NULL, NULL, NULL, NULL, '0.0', NULL, NULL, NULL, NULL, NULL, NULL, NULL, 'website', NULL, NULL, NULL, NULL, NULL, 'left', '0', NULL, NULL, NULL, NULL, '0', '0', NULL, NULL, NULL, NULL, NULL, NULL, NULL, NULL, NULL, '0', '0', '0', NULL, NULL, NULL, NULL, NULL, NULL, NULL, NULL, NULL, NULL, NULL, NULL, NULL, NULL, NULL, NULL, NULL, NULL, '0', '0', NULL, '0', '2017-07-26 21:27:42', '2017-07-27 00:17:06', 'ac0e593d-d939-46a9-82c2-e9e33dcc0a0f'),
 ('62', '69', 'en_us', NULL, NULL, 'left', NULL, NULL, NULL, 'blue', '0', 'primary', NULL, 'white', NULL, 'wide', NULL, NULL, NULL, NULL, NULL, NULL, '0.0', NULL, NULL, NULL, NULL, NULL, NULL, NULL, 'website', NULL, NULL, NULL, NULL, NULL, 'left', '0', NULL, NULL, NULL, NULL, '0', '0', NULL, NULL, NULL, NULL, NULL, NULL, NULL, NULL, NULL, '0', '0', '0', NULL, NULL, NULL, NULL, NULL, NULL, NULL, NULL, NULL, NULL, NULL, NULL, NULL, NULL, NULL, NULL, NULL, NULL, '0', '0', NULL, '0', '2017-07-26 21:28:25', '2017-07-27 00:17:06', 'e8a57a5a-1376-486a-a7cd-9ff3e04fa59d'),
 ('64', '71', 'en_us', NULL, NULL, 'left', NULL, NULL, NULL, 'blue', '0', 'primary', NULL, 'gray', 'Third-party Partners', 'normal', NULL, NULL, NULL, NULL, NULL, NULL, '0.0', NULL, NULL, NULL, NULL, NULL, NULL, NULL, 'website', NULL, NULL, NULL, NULL, NULL, 'left', '0', NULL, NULL, NULL, NULL, '0', '0', NULL, NULL, NULL, NULL, NULL, NULL, NULL, NULL, NULL, '0', '0', '0', NULL, NULL, NULL, NULL, NULL, NULL, NULL, NULL, NULL, NULL, NULL, NULL, NULL, NULL, NULL, NULL, NULL, NULL, '0', '0', NULL, '0', '2017-07-26 21:48:57', '2017-07-27 00:17:06', 'c87a7dca-afd6-40f7-b1d8-5089eb56213d'),
 ('65', '72', 'en_us', NULL, NULL, 'left', NULL, NULL, NULL, 'blue', '0', 'primary', NULL, 'white', NULL, 'normal', NULL, NULL, NULL, NULL, NULL, NULL, '0.0', NULL, NULL, NULL, NULL, NULL, NULL, NULL, 'website', NULL, NULL, NULL, NULL, NULL, 'left', '0', NULL, NULL, NULL, NULL, '0', '0', NULL, NULL, NULL, NULL, NULL, NULL, NULL, NULL, NULL, '0', '0', '0', NULL, NULL, NULL, NULL, NULL, NULL, NULL, NULL, NULL, NULL, NULL, NULL, NULL, NULL, NULL, NULL, NULL, NULL, '0', '0', NULL, '0', '2017-07-26 21:48:57', '2017-07-27 00:17:06', 'adfd069e-98d6-423e-84ef-5dc4e9b69d61'),
 ('84', '91', 'en_us', NULL, NULL, 'left', NULL, NULL, NULL, 'blue', '0', 'primary', NULL, 'white', NULL, 'normal', NULL, NULL, NULL, NULL, NULL, NULL, '0.0', NULL, NULL, NULL, NULL, NULL, NULL, NULL, 'website', NULL, NULL, NULL, NULL, NULL, 'left', '0', NULL, NULL, NULL, NULL, '0', '0', NULL, NULL, NULL, NULL, NULL, NULL, NULL, NULL, NULL, '0', '0', '0', NULL, NULL, NULL, NULL, NULL, NULL, NULL, NULL, NULL, NULL, NULL, NULL, NULL, NULL, NULL, NULL, NULL, NULL, '0', '0', NULL, '0', '2017-07-26 22:00:39', '2017-07-27 00:17:06', 'e20098ba-3631-4229-896a-0236a531e284'),
 ('86', '98', 'en_us', 'Ad Products', 'ad-products', 'left', NULL, NULL, NULL, 'blue', '1', 'primary', NULL, 'gray', NULL, 'normal', NULL, NULL, NULL, NULL, NULL, NULL, '0.0', NULL, NULL, '', '', '', '', '', 'website', NULL, NULL, NULL, NULL, NULL, 'left', '0', NULL, NULL, NULL, NULL, '0', '0', NULL, NULL, NULL, NULL, 'Ad Products', NULL, NULL, NULL, NULL, '0', '0', '0', NULL, NULL, NULL, NULL, NULL, NULL, '', '', NULL, NULL, NULL, NULL, NULL, NULL, NULL, NULL, NULL, NULL, '0', '0', NULL, '0', '2017-07-26 22:48:34', '2017-09-12 21:20:19', '7887f5cc-a45e-4fae-a365-9f99cce6f4ff'),
 ('167', '183', 'en_us', NULL, NULL, 'left', NULL, NULL, NULL, 'blue', '0', 'primary', NULL, 'gray', 'Overview', 'normal', NULL, NULL, NULL, NULL, NULL, NULL, '0.0', NULL, NULL, NULL, NULL, NULL, NULL, NULL, 'website', NULL, NULL, NULL, NULL, NULL, 'left', '0', NULL, NULL, NULL, NULL, '0', '0', NULL, NULL, NULL, NULL, NULL, NULL, NULL, NULL, NULL, '0', '0', '0', NULL, NULL, NULL, NULL, NULL, NULL, NULL, NULL, NULL, NULL, NULL, NULL, NULL, NULL, NULL, NULL, NULL, NULL, '0', '0', NULL, '0', '2017-08-01 20:54:27', '2017-08-03 17:11:59', '834a1e41-2eeb-43ce-a63d-1b307c5b9786'),
 ('170', '190', 'en_us', NULL, NULL, 'left', NULL, NULL, NULL, 'blue', '0', 'primary', NULL, 'gray', NULL, 'normal', NULL, NULL, NULL, NULL, NULL, NULL, '0.0', NULL, NULL, NULL, NULL, NULL, NULL, NULL, 'website', NULL, NULL, NULL, NULL, NULL, 'left', '0', NULL, NULL, NULL, NULL, '0', '0', NULL, NULL, NULL, NULL, NULL, NULL, NULL, NULL, NULL, '0', '0', '0', NULL, NULL, NULL, NULL, NULL, NULL, NULL, NULL, NULL, NULL, NULL, NULL, NULL, NULL, NULL, NULL, NULL, NULL, '0', '0', NULL, '0', '2017-08-01 22:35:00', '2017-08-03 17:11:59', '3df032e4-9851-4549-8945-5783663c8270'),
 ('172', '194', 'en_us', NULL, NULL, 'left', NULL, NULL, NULL, 'blue', '0', 'primary', NULL, 'gray', NULL, 'normal', NULL, NULL, NULL, NULL, NULL, NULL, '0.0', NULL, NULL, NULL, NULL, NULL, NULL, NULL, 'website', NULL, NULL, NULL, NULL, NULL, 'left', '0', NULL, NULL, NULL, NULL, '0', '0', NULL, NULL, NULL, NULL, NULL, NULL, NULL, NULL, NULL, '0', '0', '0', NULL, NULL, NULL, NULL, NULL, NULL, NULL, NULL, NULL, NULL, NULL, NULL, NULL, NULL, NULL, NULL, NULL, NULL, '0', '0', NULL, '0', '2017-08-02 00:32:52', '2017-08-03 17:11:59', 'a345c131-3f3f-446a-877a-51c4ad166728'),
 ('178', '202', 'en_us', NULL, NULL, 'left', NULL, '{\"type\":\"entry\",\"custom\":\"\",\"entry\":[\"2\"],\"customText\":\"\",\"target\":\"\"}', 'heeeeadline', 'blue', '0', 'primary', 'suuuuubhead', 'gray', NULL, 'normal', NULL, NULL, NULL, NULL, NULL, NULL, '0.0', NULL, NULL, NULL, NULL, NULL, NULL, NULL, 'website', NULL, NULL, NULL, NULL, NULL, 'left', '0', NULL, NULL, NULL, NULL, '0', '0', NULL, NULL, NULL, NULL, NULL, NULL, NULL, NULL, NULL, '0', '0', '0', NULL, NULL, NULL, NULL, NULL, NULL, NULL, NULL, NULL, NULL, NULL, NULL, NULL, NULL, NULL, NULL, NULL, NULL, '0', '0', NULL, '0', '2017-08-03 17:08:09', '2017-08-03 17:11:59', '034126f2-2a96-4cf3-a943-cf95757320d9'),
 ('183', '223', 'en_us', NULL, NULL, 'left', NULL, NULL, NULL, 'blue', '0', 'primary', NULL, 'gray', NULL, 'normal', NULL, NULL, NULL, NULL, NULL, NULL, '0.0', NULL, 'Company', NULL, NULL, NULL, NULL, NULL, 'website', NULL, NULL, NULL, NULL, NULL, 'left', '0', NULL, NULL, NULL, NULL, '0', '0', NULL, NULL, NULL, NULL, NULL, NULL, NULL, NULL, NULL, '0', '0', '0', NULL, NULL, NULL, NULL, NULL, NULL, NULL, NULL, NULL, NULL, NULL, NULL, NULL, NULL, NULL, NULL, NULL, NULL, '0', '0', NULL, '0', '2017-08-03 22:25:09', '2017-08-07 16:49:47', '7a064362-a205-46bf-a7b4-742e7f287a94'),
 ('184', '228', 'en_us', NULL, NULL, 'left', NULL, NULL, NULL, 'blue', '0', 'primary', NULL, 'gray', NULL, 'normal', NULL, NULL, NULL, NULL, NULL, NULL, '0.0', NULL, 'Community', NULL, NULL, NULL, NULL, NULL, 'website', NULL, NULL, NULL, NULL, NULL, 'left', '0', NULL, NULL, NULL, NULL, '0', '0', NULL, NULL, NULL, NULL, NULL, NULL, NULL, NULL, NULL, '0', '0', '0', NULL, NULL, NULL, NULL, NULL, NULL, NULL, NULL, NULL, NULL, NULL, NULL, NULL, NULL, NULL, NULL, NULL, NULL, '0', '0', NULL, '0', '2017-08-03 22:33:25', '2017-08-07 16:49:47', 'ce41b433-402e-4da9-a230-06755947d33a'),
 ('185', '232', 'en_us', NULL, NULL, 'left', NULL, NULL, NULL, 'blue', '0', 'primary', NULL, 'gray', NULL, 'normal', NULL, NULL, NULL, NULL, NULL, NULL, '0.0', NULL, 'Advertising', NULL, NULL, NULL, NULL, NULL, 'website', NULL, NULL, NULL, NULL, NULL, 'left', '0', NULL, NULL, NULL, NULL, '0', '0', NULL, NULL, NULL, NULL, NULL, NULL, NULL, NULL, NULL, '0', '0', '0', NULL, NULL, NULL, NULL, NULL, NULL, NULL, NULL, NULL, NULL, NULL, NULL, NULL, NULL, NULL, NULL, NULL, NULL, '0', '0', NULL, '0', '2017-08-03 22:33:25', '2017-08-07 16:49:47', '9df2c5c3-5340-479b-975c-d76f7b1bd7f9'),
 ('186', '237', 'en_us', NULL, NULL, 'left', NULL, NULL, NULL, 'blue', '0', 'primary', NULL, 'gray', NULL, 'normal', NULL, NULL, NULL, NULL, NULL, NULL, '0.0', NULL, 'Legal', NULL, NULL, NULL, NULL, NULL, 'website', NULL, NULL, NULL, NULL, NULL, 'left', '0', NULL, NULL, NULL, NULL, '0', '0', NULL, NULL, NULL, NULL, NULL, NULL, NULL, NULL, NULL, '0', '0', '0', NULL, NULL, NULL, NULL, NULL, NULL, NULL, NULL, NULL, NULL, NULL, NULL, NULL, NULL, NULL, NULL, NULL, NULL, '0', '0', NULL, '0', '2017-08-03 22:33:26', '2017-08-07 16:49:47', '6a427e50-d394-4e12-bbfc-77d6cbfc14fb'),
 ('245', '98', 'de_de', 'Solutions', 'ad-products', 'left', NULL, NULL, NULL, 'blue', '1', 'primary', NULL, 'gray', NULL, 'normal', NULL, NULL, NULL, NULL, NULL, NULL, '0.0', NULL, NULL, NULL, NULL, NULL, NULL, NULL, 'website', NULL, NULL, NULL, NULL, NULL, 'left', '0', NULL, NULL, NULL, NULL, '0', '0', NULL, NULL, NULL, NULL, NULL, NULL, NULL, NULL, NULL, '0', '0', '0', NULL, NULL, NULL, NULL, NULL, NULL, NULL, '', NULL, NULL, NULL, NULL, NULL, NULL, NULL, NULL, NULL, NULL, '0', '0', NULL, '0', '2017-08-07 16:50:23', '2017-09-12 21:20:19', '7e0278df-f891-473c-afd2-c373d0b4f67d'),
 ('246', '243', 'en_us', 'Awareness', NULL, 'left', NULL, NULL, NULL, 'blue', '0', 'primary', NULL, 'gray', NULL, 'normal', NULL, NULL, NULL, NULL, NULL, NULL, '0.0', NULL, NULL, NULL, NULL, NULL, NULL, NULL, 'website', NULL, NULL, NULL, NULL, NULL, 'left', '0', NULL, NULL, NULL, NULL, '0', '0', NULL, NULL, NULL, NULL, NULL, NULL, NULL, NULL, NULL, '0', '0', '0', NULL, NULL, NULL, NULL, NULL, NULL, NULL, NULL, NULL, NULL, NULL, NULL, NULL, NULL, NULL, NULL, NULL, NULL, '0', '0', NULL, '0', '2017-08-07 17:26:03', '2017-08-07 17:26:03', 'afb5a420-0a88-43f6-a8f4-5a7bd831e4ab'),
 ('247', '243', 'de_de', 'Awareness', NULL, 'left', NULL, NULL, NULL, 'blue', '0', 'primary', NULL, 'gray', NULL, 'normal', NULL, NULL, NULL, NULL, NULL, NULL, '0.0', NULL, NULL, NULL, NULL, NULL, NULL, NULL, 'website', NULL, NULL, NULL, NULL, NULL, 'left', '0', NULL, NULL, NULL, NULL, '0', '0', NULL, NULL, NULL, NULL, NULL, NULL, NULL, NULL, NULL, '0', '0', '0', NULL, NULL, NULL, NULL, NULL, NULL, NULL, NULL, NULL, NULL, NULL, NULL, NULL, NULL, NULL, NULL, NULL, NULL, '0', '0', NULL, '0', '2017-08-07 17:26:03', '2017-08-07 17:26:03', '9185c006-e45f-41d1-9463-b0ca358bf9f9'),
 ('248', '244', 'en_us', 'Consideration', NULL, 'left', NULL, NULL, NULL, 'blue', '0', 'primary', NULL, 'gray', NULL, 'normal', NULL, NULL, NULL, NULL, NULL, NULL, '0.0', NULL, NULL, NULL, NULL, NULL, NULL, NULL, 'website', NULL, NULL, NULL, NULL, NULL, 'left', '0', NULL, NULL, NULL, NULL, '0', '0', NULL, NULL, NULL, NULL, NULL, NULL, NULL, NULL, NULL, '0', '0', '0', NULL, NULL, NULL, NULL, NULL, NULL, NULL, NULL, NULL, NULL, NULL, NULL, NULL, NULL, NULL, NULL, NULL, NULL, '0', '0', NULL, '0', '2017-08-07 17:26:14', '2017-08-07 17:26:14', '005c23b4-b9ee-49b4-a496-7e116891ba88'),
 ('249', '244', 'de_de', 'Consideration', NULL, 'left', NULL, NULL, NULL, 'blue', '0', 'primary', NULL, 'gray', NULL, 'normal', NULL, NULL, NULL, NULL, NULL, NULL, '0.0', NULL, NULL, NULL, NULL, NULL, NULL, NULL, 'website', NULL, NULL, NULL, NULL, NULL, 'left', '0', NULL, NULL, NULL, NULL, '0', '0', NULL, NULL, NULL, NULL, NULL, NULL, NULL, NULL, NULL, '0', '0', '0', NULL, NULL, NULL, NULL, NULL, NULL, NULL, NULL, NULL, NULL, NULL, NULL, NULL, NULL, NULL, NULL, NULL, NULL, '0', '0', NULL, '0', '2017-08-07 17:26:14', '2017-08-07 17:26:14', 'e5e12f1f-1a36-4ddd-a050-32fd22c30c0e'),
 ('250', '245', 'en_us', 'Action', NULL, 'left', NULL, NULL, NULL, 'blue', '0', 'primary', NULL, 'gray', NULL, 'normal', NULL, NULL, NULL, NULL, NULL, NULL, '0.0', NULL, NULL, NULL, NULL, NULL, NULL, NULL, 'website', NULL, NULL, NULL, NULL, NULL, 'left', '0', NULL, NULL, NULL, NULL, '0', '0', NULL, NULL, NULL, NULL, NULL, NULL, NULL, NULL, NULL, '0', '0', '0', NULL, NULL, NULL, NULL, NULL, NULL, NULL, NULL, NULL, NULL, NULL, NULL, NULL, NULL, NULL, NULL, NULL, NULL, '0', '0', NULL, '0', '2017-08-07 17:26:23', '2017-08-07 17:26:23', 'e4dc517e-5d88-473d-abfc-6908c0cd26be'),
 ('251', '245', 'de_de', 'Action', NULL, 'left', NULL, NULL, NULL, 'blue', '0', 'primary', NULL, 'gray', NULL, 'normal', NULL, NULL, NULL, NULL, NULL, NULL, '0.0', NULL, NULL, NULL, NULL, NULL, NULL, NULL, 'website', NULL, NULL, NULL, NULL, NULL, 'left', '0', NULL, NULL, NULL, NULL, '0', '0', NULL, NULL, NULL, NULL, NULL, NULL, NULL, NULL, NULL, '0', '0', '0', NULL, NULL, NULL, NULL, NULL, NULL, NULL, NULL, NULL, NULL, NULL, NULL, NULL, NULL, NULL, NULL, NULL, NULL, '0', '0', NULL, '0', '2017-08-07 17:26:23', '2017-08-07 17:26:23', '3ce87021-dc6b-49fa-9b54-fc0b8637abab'),
 ('252', '246', 'en_us', 'Consumer Goods', NULL, 'left', NULL, NULL, NULL, 'blue', '0', 'primary', NULL, 'gray', NULL, 'normal', NULL, NULL, NULL, NULL, NULL, NULL, '0.0', NULL, NULL, NULL, NULL, NULL, NULL, NULL, 'website', NULL, NULL, NULL, NULL, NULL, 'left', '0', NULL, NULL, NULL, NULL, '0', '0', NULL, NULL, NULL, NULL, NULL, NULL, NULL, NULL, NULL, '0', '0', '0', NULL, NULL, NULL, NULL, NULL, NULL, NULL, NULL, NULL, NULL, NULL, NULL, NULL, NULL, NULL, NULL, NULL, NULL, '0', '0', NULL, '0', '2017-08-07 17:26:39', '2017-08-07 17:26:39', '2a843bd9-efd0-4625-b40a-576f99e1508b'),
 ('253', '246', 'de_de', 'Consumer Goods', NULL, 'left', NULL, NULL, NULL, 'blue', '0', 'primary', NULL, 'gray', NULL, 'normal', NULL, NULL, NULL, NULL, NULL, NULL, '0.0', NULL, NULL, NULL, NULL, NULL, NULL, NULL, 'website', NULL, NULL, NULL, NULL, NULL, 'left', '0', NULL, NULL, NULL, NULL, '0', '0', NULL, NULL, NULL, NULL, NULL, NULL, NULL, NULL, NULL, '0', '0', '0', NULL, NULL, NULL, NULL, NULL, NULL, NULL, NULL, NULL, NULL, NULL, NULL, NULL, NULL, NULL, NULL, NULL, NULL, '0', '0', NULL, '0', '2017-08-07 17:26:39', '2017-08-07 17:26:39', '6797248f-5f95-4824-93f5-4512a3b80135'),
 ('254', '247', 'en_us', 'Restaurants', NULL, 'left', NULL, NULL, NULL, 'blue', '0', 'primary', NULL, 'gray', NULL, 'normal', NULL, NULL, NULL, NULL, NULL, NULL, '0.0', NULL, NULL, NULL, NULL, NULL, NULL, NULL, 'website', NULL, NULL, NULL, NULL, NULL, 'left', '0', NULL, NULL, NULL, NULL, '0', '0', NULL, NULL, NULL, NULL, NULL, NULL, NULL, NULL, NULL, '0', '0', '0', NULL, NULL, NULL, NULL, NULL, NULL, NULL, NULL, NULL, NULL, NULL, NULL, NULL, NULL, NULL, NULL, NULL, NULL, '0', '0', NULL, '0', '2017-08-07 17:26:50', '2017-08-07 17:26:50', 'c085f589-078c-45fa-82bc-0171f729fd3f'),
 ('255', '247', 'de_de', 'Restaurants', NULL, 'left', NULL, NULL, NULL, 'blue', '0', 'primary', NULL, 'gray', NULL, 'normal', NULL, NULL, NULL, NULL, NULL, NULL, '0.0', NULL, NULL, NULL, NULL, NULL, NULL, NULL, 'website', NULL, NULL, NULL, NULL, NULL, 'left', '0', NULL, NULL, NULL, NULL, '0', '0', NULL, NULL, NULL, NULL, NULL, NULL, NULL, NULL, NULL, '0', '0', '0', NULL, NULL, NULL, NULL, NULL, NULL, NULL, NULL, NULL, NULL, NULL, NULL, NULL, NULL, NULL, NULL, NULL, NULL, '0', '0', NULL, '0', '2017-08-07 17:26:50', '2017-08-07 17:26:50', '39a79567-5733-45eb-bd3a-0fbb1471e4bd'),
 ('256', '248', 'en_us', 'Retail', NULL, 'left', NULL, NULL, NULL, 'blue', '0', 'primary', NULL, 'gray', NULL, 'normal', NULL, NULL, NULL, NULL, NULL, NULL, '0.0', NULL, NULL, NULL, NULL, NULL, NULL, NULL, 'website', NULL, NULL, NULL, NULL, NULL, 'left', '0', NULL, NULL, NULL, NULL, '0', '0', NULL, NULL, NULL, NULL, NULL, NULL, NULL, NULL, NULL, '0', '0', '0', NULL, NULL, NULL, NULL, NULL, NULL, NULL, NULL, NULL, NULL, NULL, NULL, NULL, NULL, NULL, NULL, NULL, NULL, '0', '0', NULL, '0', '2017-08-07 17:26:55', '2017-08-07 17:26:55', '8d790cd2-313d-471a-8c71-9b4738bd5554'),
 ('257', '248', 'de_de', 'Retail', NULL, 'left', NULL, NULL, NULL, 'blue', '0', 'primary', NULL, 'gray', NULL, 'normal', NULL, NULL, NULL, NULL, NULL, NULL, '0.0', NULL, NULL, NULL, NULL, NULL, NULL, NULL, 'website', NULL, NULL, NULL, NULL, NULL, 'left', '0', NULL, NULL, NULL, NULL, '0', '0', NULL, NULL, NULL, NULL, NULL, NULL, NULL, NULL, NULL, '0', '0', '0', NULL, NULL, NULL, NULL, NULL, NULL, NULL, NULL, NULL, NULL, NULL, NULL, NULL, NULL, NULL, NULL, NULL, NULL, '0', '0', NULL, '0', '2017-08-07 17:26:55', '2017-08-07 17:26:55', 'c99e7c54-bbef-4d1b-bd70-b7ff460c4ddd'),
 ('258', '249', 'en_us', 'Technology', NULL, 'left', NULL, NULL, NULL, 'blue', '0', 'primary', NULL, 'gray', NULL, 'normal', NULL, NULL, NULL, NULL, NULL, NULL, '0.0', NULL, NULL, NULL, NULL, NULL, NULL, NULL, 'website', NULL, NULL, NULL, NULL, NULL, 'left', '0', NULL, NULL, NULL, NULL, '0', '0', NULL, NULL, NULL, NULL, NULL, NULL, NULL, NULL, NULL, '0', '0', '0', NULL, NULL, NULL, NULL, NULL, NULL, NULL, NULL, NULL, NULL, NULL, NULL, NULL, NULL, NULL, NULL, NULL, NULL, '0', '0', NULL, '0', '2017-08-07 17:27:08', '2017-08-07 17:27:08', 'a051b5f8-bee9-42dd-92ca-cfc434f805c4'),
 ('259', '249', 'de_de', 'Technology', NULL, 'left', NULL, NULL, NULL, 'blue', '0', 'primary', NULL, 'gray', NULL, 'normal', NULL, NULL, NULL, NULL, NULL, NULL, '0.0', NULL, NULL, NULL, NULL, NULL, NULL, NULL, 'website', NULL, NULL, NULL, NULL, NULL, 'left', '0', NULL, NULL, NULL, NULL, '0', '0', NULL, NULL, NULL, NULL, NULL, NULL, NULL, NULL, NULL, '0', '0', '0', NULL, NULL, NULL, NULL, NULL, NULL, NULL, NULL, NULL, NULL, NULL, NULL, NULL, NULL, NULL, NULL, NULL, NULL, '0', '0', NULL, '0', '2017-08-07 17:27:08', '2017-08-07 17:27:08', '0b4393d4-bd66-4062-b499-9c3d21d4f126'),
 ('260', '250', 'en_us', 'Telecom', NULL, 'left', NULL, NULL, NULL, 'blue', '0', 'primary', NULL, 'gray', NULL, 'normal', NULL, NULL, NULL, NULL, NULL, NULL, '0.0', NULL, NULL, NULL, NULL, NULL, NULL, NULL, 'website', NULL, NULL, NULL, NULL, NULL, 'left', '0', NULL, NULL, NULL, NULL, '0', '0', NULL, NULL, NULL, NULL, NULL, NULL, NULL, NULL, NULL, '0', '0', '0', NULL, NULL, NULL, NULL, NULL, NULL, NULL, NULL, NULL, NULL, NULL, NULL, NULL, NULL, NULL, NULL, NULL, NULL, '0', '0', NULL, '0', '2017-08-07 17:27:17', '2017-08-07 17:27:17', '0b0a19d0-745c-48cd-adbb-60d0ec627183'),
 ('261', '250', 'de_de', 'Telecom', NULL, 'left', NULL, NULL, NULL, 'blue', '0', 'primary', NULL, 'gray', NULL, 'normal', NULL, NULL, NULL, NULL, NULL, NULL, '0.0', NULL, NULL, NULL, NULL, NULL, NULL, NULL, 'website', NULL, NULL, NULL, NULL, NULL, 'left', '0', NULL, NULL, NULL, NULL, '0', '0', NULL, NULL, NULL, NULL, NULL, NULL, NULL, NULL, NULL, '0', '0', '0', NULL, NULL, NULL, NULL, NULL, NULL, NULL, NULL, NULL, NULL, NULL, NULL, NULL, NULL, NULL, NULL, NULL, NULL, '0', '0', NULL, '0', '2017-08-07 17:27:17', '2017-08-07 17:27:17', 'd6bbbcec-dd6b-4d80-9fa1-52899020730c'),
 ('262', '251', 'en_us', 'Travel', NULL, 'left', NULL, NULL, NULL, 'blue', '0', 'primary', NULL, 'gray', NULL, 'normal', NULL, NULL, NULL, NULL, NULL, NULL, '0.0', NULL, NULL, NULL, NULL, NULL, NULL, NULL, 'website', NULL, NULL, NULL, NULL, NULL, 'left', '0', NULL, NULL, NULL, NULL, '0', '0', NULL, NULL, NULL, NULL, NULL, NULL, NULL, NULL, NULL, '0', '0', '0', NULL, NULL, NULL, NULL, NULL, NULL, NULL, NULL, NULL, NULL, NULL, NULL, NULL, NULL, NULL, NULL, NULL, NULL, '0', '0', NULL, '0', '2017-08-07 17:27:33', '2017-08-07 17:27:33', 'e8c84c8d-10b7-4df5-87ac-66735f9421f7'),
 ('263', '251', 'de_de', 'Travel', NULL, 'left', NULL, NULL, NULL, 'blue', '0', 'primary', NULL, 'gray', NULL, 'normal', NULL, NULL, NULL, NULL, NULL, NULL, '0.0', NULL, NULL, NULL, NULL, NULL, NULL, NULL, 'website', NULL, NULL, NULL, NULL, NULL, 'left', '0', NULL, NULL, NULL, NULL, '0', '0', NULL, NULL, NULL, NULL, NULL, NULL, NULL, NULL, NULL, '0', '0', '0', NULL, NULL, NULL, NULL, NULL, NULL, NULL, NULL, NULL, NULL, NULL, NULL, NULL, NULL, NULL, NULL, NULL, NULL, '0', '0', NULL, '0', '2017-08-07 17:27:33', '2017-08-07 17:27:33', 'b4fa1a3a-b0f8-4bb8-90fd-9905fb49c850'),
 ('264', '252', 'en_us', 'Financial Services', NULL, 'left', NULL, NULL, NULL, 'blue', '0', 'primary', NULL, 'gray', NULL, 'normal', NULL, NULL, NULL, NULL, NULL, NULL, '0.0', NULL, NULL, NULL, NULL, NULL, NULL, NULL, 'website', NULL, NULL, NULL, NULL, NULL, 'left', '0', NULL, NULL, NULL, NULL, '0', '0', NULL, NULL, NULL, NULL, NULL, NULL, NULL, NULL, NULL, '0', '0', '0', NULL, NULL, NULL, NULL, NULL, NULL, NULL, NULL, NULL, NULL, NULL, NULL, NULL, NULL, NULL, NULL, NULL, NULL, '0', '0', NULL, '0', '2017-08-07 17:27:40', '2017-08-07 17:27:40', 'bfa5f95c-394f-4597-8a2d-565241de6dba'),
 ('265', '252', 'de_de', 'Financial Services', NULL, 'left', NULL, NULL, NULL, 'blue', '0', 'primary', NULL, 'gray', NULL, 'normal', NULL, NULL, NULL, NULL, NULL, NULL, '0.0', NULL, NULL, NULL, NULL, NULL, NULL, NULL, 'website', NULL, NULL, NULL, NULL, NULL, 'left', '0', NULL, NULL, NULL, NULL, '0', '0', NULL, NULL, NULL, NULL, NULL, NULL, NULL, NULL, NULL, '0', '0', '0', NULL, NULL, NULL, NULL, NULL, NULL, NULL, NULL, NULL, NULL, NULL, NULL, NULL, NULL, NULL, NULL, NULL, NULL, '0', '0', NULL, '0', '2017-08-07 17:27:40', '2017-08-07 17:27:40', '068661ef-5d2e-46b9-be15-ad3c87f01bf1'),
 ('266', '253', 'en_us', 'Media & Entertainment', NULL, 'left', NULL, NULL, NULL, 'blue', '0', 'primary', NULL, 'gray', NULL, 'normal', NULL, NULL, NULL, NULL, NULL, NULL, '0.0', NULL, NULL, NULL, NULL, NULL, NULL, NULL, 'website', NULL, NULL, NULL, NULL, NULL, 'left', '0', NULL, NULL, NULL, NULL, '0', '0', NULL, NULL, NULL, NULL, NULL, NULL, NULL, NULL, NULL, '0', '0', '0', NULL, NULL, NULL, NULL, NULL, NULL, NULL, NULL, NULL, NULL, NULL, NULL, NULL, NULL, NULL, NULL, NULL, NULL, '0', '0', NULL, '0', '2017-08-07 17:28:00', '2017-08-07 17:28:00', 'e8f8f1f8-f53e-4859-90fb-af0caa8e667c'),
 ('267', '253', 'de_de', 'Media & Entertainment', NULL, 'left', NULL, NULL, NULL, 'blue', '0', 'primary', NULL, 'gray', NULL, 'normal', NULL, NULL, NULL, NULL, NULL, NULL, '0.0', NULL, NULL, NULL, NULL, NULL, NULL, NULL, 'website', NULL, NULL, NULL, NULL, NULL, 'left', '0', NULL, NULL, NULL, NULL, '0', '0', NULL, NULL, NULL, NULL, NULL, NULL, NULL, NULL, NULL, '0', '0', '0', NULL, NULL, NULL, NULL, NULL, NULL, NULL, NULL, NULL, NULL, NULL, NULL, NULL, NULL, NULL, NULL, NULL, NULL, '0', '0', NULL, '0', '2017-08-07 17:28:00', '2017-08-07 17:28:00', '921b5a40-3ff1-4c58-9e16-a1769dd86e5c'),
 ('268', '254', 'en_us', 'Gaming', NULL, 'left', NULL, NULL, NULL, 'blue', '0', 'primary', NULL, 'gray', NULL, 'normal', NULL, NULL, NULL, NULL, NULL, NULL, '0.0', NULL, NULL, NULL, NULL, NULL, NULL, NULL, 'website', NULL, NULL, NULL, NULL, NULL, 'left', '0', NULL, NULL, NULL, NULL, '0', '0', NULL, NULL, NULL, NULL, NULL, NULL, NULL, NULL, NULL, '0', '0', '0', NULL, NULL, NULL, NULL, NULL, NULL, NULL, NULL, NULL, NULL, NULL, NULL, NULL, NULL, NULL, NULL, NULL, NULL, '0', '0', NULL, '0', '2017-08-07 17:28:10', '2017-08-07 17:28:10', '1b964a63-e3e7-428a-ac38-55b623c1c2a2'),
 ('269', '254', 'de_de', 'Gaming', NULL, 'left', NULL, NULL, NULL, 'blue', '0', 'primary', NULL, 'gray', NULL, 'normal', NULL, NULL, NULL, NULL, NULL, NULL, '0.0', NULL, NULL, NULL, NULL, NULL, NULL, NULL, 'website', NULL, NULL, NULL, NULL, NULL, 'left', '0', NULL, NULL, NULL, NULL, '0', '0', NULL, NULL, NULL, NULL, NULL, NULL, NULL, NULL, NULL, '0', '0', '0', NULL, NULL, NULL, NULL, NULL, NULL, NULL, NULL, NULL, NULL, NULL, NULL, NULL, NULL, NULL, NULL, NULL, NULL, '0', '0', NULL, '0', '2017-08-07 17:28:10', '2017-08-07 17:28:10', '8169630f-2f8d-4735-b77f-0e375f860f37'),
 ('270', '255', 'en_us', 'Other', NULL, 'left', NULL, NULL, NULL, 'blue', '0', 'primary', NULL, 'gray', NULL, 'normal', NULL, NULL, NULL, NULL, NULL, NULL, '0.0', NULL, NULL, NULL, NULL, NULL, NULL, NULL, 'website', NULL, NULL, NULL, NULL, NULL, 'left', '0', NULL, NULL, NULL, NULL, '0', '0', NULL, NULL, NULL, NULL, NULL, NULL, NULL, NULL, NULL, '0', '0', '0', NULL, NULL, NULL, NULL, NULL, NULL, NULL, NULL, NULL, NULL, NULL, NULL, NULL, NULL, NULL, NULL, NULL, NULL, '0', '0', NULL, '0', '2017-08-07 17:28:14', '2017-08-07 17:28:14', 'a8434ef5-8fbe-4df7-8351-aa0315f8461d'),
 ('271', '255', 'de_de', 'Other', NULL, 'left', NULL, NULL, NULL, 'blue', '0', 'primary', NULL, 'gray', NULL, 'normal', NULL, NULL, NULL, NULL, NULL, NULL, '0.0', NULL, NULL, NULL, NULL, NULL, NULL, NULL, 'website', NULL, NULL, NULL, NULL, NULL, 'left', '0', NULL, NULL, NULL, NULL, '0', '0', NULL, NULL, NULL, NULL, NULL, NULL, NULL, NULL, NULL, '0', '0', '0', NULL, NULL, NULL, NULL, NULL, NULL, NULL, NULL, NULL, NULL, NULL, NULL, NULL, NULL, NULL, NULL, NULL, NULL, '0', '0', NULL, '0', '2017-08-07 17:28:14', '2017-08-07 17:28:14', 'ef7e5d08-2445-44f6-9a55-0c391734af7d'),
 ('272', '256', 'en_us', 'Snap Ads', NULL, 'left', NULL, NULL, NULL, 'blue', '0', 'primary', NULL, 'gray', NULL, 'normal', NULL, NULL, NULL, NULL, NULL, NULL, '0.0', NULL, NULL, NULL, NULL, NULL, NULL, NULL, 'website', NULL, NULL, NULL, NULL, NULL, 'left', '0', NULL, NULL, NULL, NULL, '0', '0', NULL, NULL, NULL, NULL, NULL, NULL, NULL, NULL, NULL, '0', '0', '0', NULL, NULL, NULL, NULL, NULL, NULL, NULL, NULL, NULL, NULL, NULL, NULL, NULL, NULL, NULL, NULL, NULL, NULL, '0', '0', NULL, '0', '2017-08-07 17:31:09', '2017-08-07 17:31:09', '444dcc0b-e47d-4a4b-ba55-d8f6df02e7a3'),
 ('273', '256', 'de_de', 'Snap Ads', NULL, 'left', NULL, NULL, NULL, 'blue', '0', 'primary', NULL, 'gray', NULL, 'normal', NULL, NULL, NULL, NULL, NULL, NULL, '0.0', NULL, NULL, NULL, NULL, NULL, NULL, NULL, 'website', NULL, NULL, NULL, NULL, NULL, 'left', '0', NULL, NULL, NULL, NULL, '0', '0', NULL, NULL, NULL, NULL, NULL, NULL, NULL, NULL, NULL, '0', '0', '0', NULL, NULL, NULL, NULL, NULL, NULL, NULL, NULL, NULL, NULL, NULL, NULL, NULL, NULL, NULL, NULL, NULL, NULL, '0', '0', NULL, '0', '2017-08-07 17:31:09', '2017-08-07 17:31:09', 'ff4e556a-b35c-4502-a721-b3c5eb96e006'),
 ('274', '257', 'en_us', 'Filters', NULL, 'left', NULL, NULL, NULL, 'blue', '0', 'primary', NULL, 'gray', NULL, 'normal', NULL, NULL, NULL, NULL, NULL, NULL, '0.0', NULL, NULL, NULL, NULL, NULL, NULL, NULL, 'website', NULL, NULL, NULL, NULL, NULL, 'left', '0', NULL, NULL, NULL, NULL, '0', '0', NULL, NULL, NULL, NULL, NULL, NULL, NULL, NULL, NULL, '0', '0', '0', NULL, NULL, NULL, NULL, NULL, NULL, NULL, NULL, NULL, NULL, NULL, NULL, NULL, NULL, NULL, NULL, NULL, NULL, '0', '0', NULL, '0', '2017-08-07 17:31:22', '2017-08-07 17:31:22', '28e6b466-23db-4d90-a0c6-2eb6b0dbb935'),
 ('275', '257', 'de_de', 'Filters', NULL, 'left', NULL, NULL, NULL, 'blue', '0', 'primary', NULL, 'gray', NULL, 'normal', NULL, NULL, NULL, NULL, NULL, NULL, '0.0', NULL, NULL, NULL, NULL, NULL, NULL, NULL, 'website', NULL, NULL, NULL, NULL, NULL, 'left', '0', NULL, NULL, NULL, NULL, '0', '0', NULL, NULL, NULL, NULL, NULL, NULL, NULL, NULL, NULL, '0', '0', '0', NULL, NULL, NULL, NULL, NULL, NULL, NULL, NULL, NULL, NULL, NULL, NULL, NULL, NULL, NULL, NULL, NULL, NULL, '0', '0', NULL, '0', '2017-08-07 17:31:22', '2017-08-07 17:31:22', '33650cac-16a5-4497-be91-816a62a27f9f'),
 ('276', '258', 'en_us', 'Lenses', NULL, 'left', NULL, NULL, NULL, 'blue', '0', 'primary', NULL, 'gray', NULL, 'normal', NULL, NULL, NULL, NULL, NULL, NULL, '0.0', NULL, NULL, NULL, NULL, NULL, NULL, NULL, 'website', NULL, NULL, NULL, NULL, NULL, 'left', '0', NULL, NULL, NULL, NULL, '0', '0', NULL, NULL, NULL, NULL, NULL, NULL, NULL, NULL, NULL, '0', '0', '0', NULL, NULL, NULL, NULL, NULL, NULL, NULL, NULL, NULL, NULL, NULL, NULL, NULL, NULL, NULL, NULL, NULL, NULL, '0', '0', NULL, '0', '2017-08-07 17:31:27', '2017-08-07 17:31:27', 'c8b3701d-2d25-4127-8c7c-8f3e6418eebc'),
 ('277', '258', 'de_de', 'Lenses', NULL, 'left', NULL, NULL, NULL, 'blue', '0', 'primary', NULL, 'gray', NULL, 'normal', NULL, NULL, NULL, NULL, NULL, NULL, '0.0', NULL, NULL, NULL, NULL, NULL, NULL, NULL, 'website', NULL, NULL, NULL, NULL, NULL, 'left', '0', NULL, NULL, NULL, NULL, '0', '0', NULL, NULL, NULL, NULL, NULL, NULL, NULL, NULL, NULL, '0', '0', '0', NULL, NULL, NULL, NULL, NULL, NULL, NULL, NULL, NULL, NULL, NULL, NULL, NULL, NULL, NULL, NULL, NULL, NULL, '0', '0', NULL, '0', '2017-08-07 17:31:27', '2017-08-07 17:31:27', 'e2c325a1-91c6-4d4e-a789-a19b16d44116'),
 ('288', '262', 'en_us', NULL, NULL, 'left', NULL, NULL, NULL, 'blue', '0', 'primary', NULL, 'gray', NULL, 'normal', NULL, NULL, NULL, NULL, NULL, NULL, '0.0', NULL, NULL, NULL, NULL, NULL, NULL, NULL, 'website', '{\"type\":\"entry\",\"custom\":\"\",\"entry\":[\"292\"],\"customText\":\"Get Started\",\"target\":\"\"}', NULL, NULL, NULL, NULL, 'left', '0', NULL, NULL, NULL, NULL, '0', '0', NULL, NULL, NULL, NULL, NULL, NULL, NULL, NULL, NULL, '0', '0', '0', NULL, NULL, NULL, NULL, NULL, NULL, NULL, NULL, NULL, NULL, NULL, NULL, NULL, NULL, NULL, NULL, NULL, NULL, '0', '0', NULL, '0', '2017-08-07 21:07:07', '2017-09-06 23:00:13', '3ca6cd5f-0785-418e-8b2b-9beec739b544'),
 ('289', '262', 'de_de', NULL, NULL, 'left', NULL, NULL, NULL, 'blue', '0', 'primary', NULL, 'gray', NULL, 'normal', NULL, NULL, NULL, NULL, NULL, NULL, '0.0', NULL, NULL, NULL, NULL, NULL, NULL, NULL, 'website', NULL, NULL, NULL, NULL, NULL, 'left', '0', NULL, NULL, NULL, NULL, '0', '0', NULL, NULL, NULL, NULL, NULL, NULL, NULL, NULL, NULL, '0', '0', '0', NULL, NULL, NULL, NULL, NULL, NULL, NULL, NULL, NULL, NULL, NULL, NULL, NULL, NULL, NULL, NULL, NULL, NULL, '0', '0', NULL, '0', '2017-08-07 21:07:07', '2017-08-07 21:07:07', '56d86de3-9d58-4e6a-931f-e074c7dfb8f1'),
 ('290', '263', 'en_us', NULL, NULL, 'left', NULL, NULL, NULL, 'blue', '0', 'primary', NULL, 'gray', NULL, 'normal', NULL, NULL, NULL, NULL, NULL, NULL, '0.0', NULL, NULL, NULL, NULL, NULL, NULL, NULL, 'website', NULL, NULL, NULL, NULL, NULL, 'left', '0', NULL, NULL, NULL, NULL, '0', '0', NULL, NULL, NULL, NULL, NULL, NULL, NULL, NULL, NULL, '0', '0', '0', NULL, NULL, NULL, NULL, NULL, NULL, NULL, NULL, NULL, NULL, NULL, NULL, NULL, NULL, NULL, NULL, NULL, NULL, '0', '0', NULL, '0', '2017-08-07 21:07:30', '2017-08-09 20:57:20', '9f085d8f-d4d6-455d-bb42-18f4112be2b1'),
 ('291', '263', 'de_de', NULL, NULL, 'left', NULL, NULL, NULL, 'blue', '0', 'primary', NULL, 'gray', NULL, 'normal', NULL, NULL, NULL, NULL, NULL, NULL, '0.0', NULL, NULL, NULL, NULL, NULL, NULL, NULL, 'website', NULL, NULL, NULL, NULL, NULL, 'left', '0', NULL, NULL, NULL, NULL, '0', '0', NULL, NULL, NULL, NULL, NULL, NULL, NULL, NULL, NULL, '0', '0', '0', NULL, NULL, NULL, NULL, NULL, NULL, NULL, NULL, NULL, NULL, NULL, NULL, NULL, NULL, NULL, NULL, NULL, NULL, '0', '0', NULL, '0', '2017-08-07 21:07:30', '2017-08-07 21:07:30', '94859abb-96d3-4b11-8ef8-985ded0c5412'),
 ('292', '264', 'en_us', 'Insights and News', NULL, 'left', NULL, NULL, 'The latest industry research, insights, and news from Snapchat', 'yellow', '0', 'primary', NULL, 'gray', NULL, 'normal', NULL, NULL, NULL, NULL, NULL, NULL, '0.0', NULL, NULL, '', '', '', '', '', 'website', NULL, NULL, NULL, NULL, NULL, 'left', '0', NULL, NULL, 'Industry', NULL, '0', '0', NULL, NULL, NULL, NULL, NULL, 'Region', NULL, NULL, NULL, '0', '0', '0', NULL, NULL, NULL, NULL, NULL, NULL, NULL, NULL, NULL, NULL, NULL, NULL, NULL, NULL, NULL, NULL, NULL, NULL, '0', '0', NULL, '0', '2017-08-07 21:28:57', '2017-09-14 18:29:48', '3a4b6d4d-8fea-4e63-8fb4-507f509a4522'),
 ('293', '264', 'de_de', 'Blog', NULL, 'left', NULL, NULL, NULL, 'yellow', '0', 'primary', NULL, 'gray', NULL, 'normal', NULL, NULL, NULL, NULL, NULL, NULL, '0.0', NULL, NULL, NULL, NULL, NULL, NULL, NULL, 'website', NULL, NULL, NULL, NULL, NULL, 'left', '0', NULL, NULL, NULL, NULL, '0', '0', NULL, NULL, NULL, NULL, NULL, 'Region', NULL, NULL, NULL, '0', '0', '0', NULL, NULL, NULL, NULL, NULL, NULL, NULL, NULL, NULL, NULL, NULL, NULL, NULL, NULL, NULL, NULL, NULL, NULL, '0', '0', NULL, '0', '2017-08-07 21:28:57', '2017-09-14 18:29:48', '166bd6ca-da8e-45c0-9096-acd590c91a5b'),
 ('296', '266', 'en_us', 'Insights', NULL, 'left', NULL, NULL, NULL, 'blue', '0', 'primary', NULL, 'gray', NULL, 'normal', NULL, NULL, NULL, NULL, NULL, NULL, '0.0', NULL, NULL, NULL, NULL, NULL, NULL, NULL, 'website', NULL, NULL, NULL, NULL, NULL, 'left', '0', NULL, NULL, NULL, NULL, '0', '0', NULL, NULL, NULL, NULL, NULL, NULL, NULL, NULL, NULL, '0', '0', '0', NULL, NULL, NULL, NULL, NULL, NULL, NULL, NULL, NULL, NULL, NULL, NULL, NULL, NULL, NULL, NULL, NULL, NULL, '0', '0', NULL, '0', '2017-08-07 21:31:59', '2017-08-07 21:31:59', '16bd3513-2aca-4ba1-8957-ab78a5accbe3'),
 ('297', '266', 'de_de', 'Insights', NULL, 'left', NULL, NULL, NULL, 'blue', '0', 'primary', NULL, 'gray', NULL, 'normal', NULL, NULL, NULL, NULL, NULL, NULL, '0.0', NULL, NULL, NULL, NULL, NULL, NULL, NULL, 'website', NULL, NULL, NULL, NULL, NULL, 'left', '0', NULL, NULL, NULL, NULL, '0', '0', NULL, NULL, NULL, NULL, NULL, NULL, NULL, NULL, NULL, '0', '0', '0', NULL, NULL, NULL, NULL, NULL, NULL, NULL, NULL, NULL, NULL, NULL, NULL, NULL, NULL, NULL, NULL, NULL, NULL, '0', '0', NULL, '0', '2017-08-07 21:31:59', '2017-08-07 21:31:59', '71147a86-3041-46c6-b717-1bea7fa0a31a'),
 ('298', '267', 'en_us', 'Announcements', NULL, 'left', NULL, NULL, NULL, 'blue', '0', 'primary', NULL, 'gray', NULL, 'normal', NULL, NULL, NULL, NULL, NULL, NULL, '0.0', NULL, NULL, NULL, NULL, NULL, NULL, NULL, 'website', NULL, NULL, NULL, NULL, NULL, 'left', '0', NULL, NULL, NULL, NULL, '0', '0', NULL, NULL, NULL, NULL, NULL, NULL, NULL, NULL, NULL, '0', '0', '0', NULL, NULL, NULL, NULL, NULL, NULL, NULL, NULL, NULL, NULL, NULL, NULL, NULL, NULL, NULL, NULL, NULL, NULL, '0', '0', NULL, '0', '2017-08-07 21:32:21', '2017-08-07 21:32:21', '054205fe-f40b-415e-abaa-273ada37957c'),
 ('299', '267', 'de_de', 'Announcements', NULL, 'left', NULL, NULL, NULL, 'blue', '0', 'primary', NULL, 'gray', NULL, 'normal', NULL, NULL, NULL, NULL, NULL, NULL, '0.0', NULL, NULL, NULL, NULL, NULL, NULL, NULL, 'website', NULL, NULL, NULL, NULL, NULL, 'left', '0', NULL, NULL, NULL, NULL, '0', '0', NULL, NULL, NULL, NULL, NULL, NULL, NULL, NULL, NULL, '0', '0', '0', NULL, NULL, NULL, NULL, NULL, NULL, NULL, NULL, NULL, NULL, NULL, NULL, NULL, NULL, NULL, NULL, NULL, NULL, '0', '0', NULL, '0', '2017-08-07 21:32:21', '2017-08-07 21:32:21', 'b1747caa-973e-422c-bbb4-60b7f30e939c'),
 ('300', '270', 'en_us', 'Home', NULL, 'left', NULL, NULL, NULL, 'yellow', '1', 'primary', NULL, 'gray', NULL, 'normal', NULL, NULL, NULL, NULL, NULL, NULL, '0.0', NULL, NULL, '', '', '', '', '', 'website', NULL, NULL, NULL, NULL, NULL, 'left', '0', NULL, NULL, NULL, NULL, '0', '0', NULL, NULL, NULL, NULL, NULL, NULL, NULL, NULL, NULL, '0', '0', '0', NULL, NULL, NULL, NULL, NULL, NULL, '', '', NULL, NULL, NULL, NULL, NULL, NULL, NULL, NULL, NULL, NULL, '0', '0', NULL, '0', '2017-08-07 22:23:24', '2017-09-14 18:41:30', '32364cd7-1bc0-4501-b08f-66567c0e6211'),
 ('301', '270', 'de_de', 'home', NULL, 'left', NULL, NULL, NULL, 'yellow', '0', 'primary', NULL, 'gray', NULL, 'normal', NULL, NULL, NULL, NULL, NULL, NULL, '0.0', NULL, NULL, NULL, NULL, NULL, NULL, NULL, 'website', NULL, NULL, NULL, NULL, NULL, 'left', '0', NULL, NULL, NULL, NULL, '0', '0', NULL, NULL, NULL, NULL, NULL, NULL, NULL, NULL, NULL, '0', '0', '0', NULL, NULL, NULL, NULL, NULL, NULL, NULL, '', NULL, NULL, NULL, NULL, NULL, NULL, NULL, NULL, NULL, NULL, '0', '0', NULL, '0', '2017-08-07 22:23:24', '2017-09-14 18:41:30', '333ab7c1-6b88-48c2-8548-e54ef5897326'),
 ('304', '274', 'en_us', NULL, NULL, 'left', NULL, NULL, NULL, 'blue', '0', 'primary', NULL, 'gray', NULL, 'normal', NULL, NULL, NULL, NULL, NULL, NULL, '0.0', NULL, 'Company', NULL, NULL, NULL, NULL, NULL, 'website', NULL, NULL, NULL, NULL, NULL, 'left', '0', NULL, NULL, NULL, NULL, '0', '0', NULL, NULL, NULL, NULL, NULL, NULL, NULL, NULL, NULL, '0', '0', '0', NULL, NULL, NULL, NULL, NULL, NULL, NULL, NULL, NULL, NULL, NULL, NULL, NULL, NULL, NULL, NULL, NULL, NULL, '0', '0', NULL, '0', '2017-08-07 23:13:17', '2017-08-09 20:57:20', 'bf6d2a60-c62e-42b9-a2b6-06c012ce6718'),
 ('305', '283', 'en_us', NULL, NULL, 'left', NULL, NULL, NULL, 'blue', '0', 'primary', NULL, 'gray', NULL, 'normal', NULL, NULL, NULL, NULL, NULL, NULL, '0.0', NULL, NULL, NULL, NULL, NULL, NULL, NULL, 'website', NULL, '<p>Hi! We use cookies on this website to help operate our site and for analytics purposes. For more on how we use cookies and your cookie choices, go <a href=\"https://www.snap.com/en-US/cookie-policy/\" target=\"_blank\" rel=\"noreferrer noopener\">here</a>! By continuing to use our services, you are giving us your consent to use cookies.</p>', NULL, NULL, NULL, 'left', '0', NULL, NULL, NULL, NULL, '0', '0', NULL, NULL, NULL, NULL, NULL, NULL, NULL, NULL, NULL, '0', '0', '0', NULL, NULL, NULL, NULL, NULL, NULL, NULL, NULL, NULL, NULL, NULL, NULL, NULL, NULL, NULL, NULL, NULL, NULL, '0', '0', NULL, '0', '2017-08-08 17:41:58', '2017-08-08 17:46:47', 'eecb2bee-49bb-4eba-aeb3-a4060f86eaff'),
 ('306', '283', 'de_de', NULL, NULL, 'left', NULL, NULL, NULL, 'blue', '0', 'primary', NULL, 'gray', NULL, 'normal', NULL, NULL, NULL, NULL, NULL, NULL, '0.0', NULL, NULL, NULL, NULL, NULL, NULL, NULL, 'website', NULL, '<p>Hi! We use cookies on this website to help operate our site and for analytics purposes. For more on how we use cookies and your cookie choices, go <a href=\"https://www.snap.com/en-US/cookie-policy/\" target=\"_blank\" rel=\"noreferrer noopener\">here</a>! By continuing to use our services, you are giving us your consent to use cookies.</p>', NULL, NULL, NULL, 'left', '0', NULL, NULL, NULL, NULL, '0', '0', NULL, NULL, NULL, NULL, NULL, NULL, NULL, NULL, NULL, '0', '0', '0', NULL, NULL, NULL, NULL, NULL, NULL, NULL, NULL, NULL, NULL, NULL, NULL, NULL, NULL, NULL, NULL, NULL, NULL, '0', '0', NULL, '0', '2017-08-08 17:41:58', '2017-08-08 17:46:47', '5210a99d-9904-4618-a74b-f315d4ce0294'),
 ('309', '287', 'en_us', NULL, NULL, 'left', NULL, NULL, 'Oh Snap!', 'blue', '0', 'primary', '<p>It appears the page you were looking for doesn\'t exist</p>', 'gray', NULL, 'normal', NULL, NULL, NULL, NULL, NULL, NULL, '0.0', NULL, NULL, NULL, NULL, NULL, NULL, NULL, 'website', NULL, NULL, 'Return to Previous Page', NULL, NULL, 'left', '0', NULL, NULL, NULL, NULL, '0', '0', NULL, NULL, NULL, NULL, NULL, NULL, NULL, NULL, NULL, '0', '0', '0', NULL, NULL, NULL, NULL, NULL, NULL, NULL, NULL, NULL, NULL, NULL, NULL, NULL, NULL, NULL, NULL, NULL, NULL, '0', '0', NULL, '0', '2017-08-09 17:45:23', '2017-08-09 17:51:39', '69fba4b5-10c3-4ab9-b0ab-898dfc135266'),
 ('310', '287', 'de_de', NULL, NULL, 'left', NULL, NULL, NULL, 'blue', '0', 'primary', NULL, 'gray', NULL, 'normal', NULL, NULL, NULL, NULL, NULL, NULL, '0.0', NULL, NULL, NULL, NULL, NULL, NULL, NULL, 'website', NULL, NULL, NULL, NULL, NULL, 'left', '0', NULL, NULL, NULL, NULL, '0', '0', NULL, NULL, NULL, NULL, NULL, NULL, NULL, NULL, NULL, '0', '0', '0', NULL, NULL, NULL, NULL, NULL, NULL, NULL, NULL, NULL, NULL, NULL, NULL, NULL, NULL, NULL, NULL, NULL, NULL, '0', '0', NULL, '0', '2017-08-09 17:45:23', '2017-08-09 17:45:23', 'b449379d-6f7f-4347-8c43-98f82485f71f'),
 ('315', '290', 'en_us', 'Audiences', 'audiences', 'left', NULL, NULL, NULL, 'purple', '1', 'primary', NULL, 'gray', NULL, 'normal', NULL, NULL, NULL, NULL, NULL, NULL, '0.0', NULL, NULL, '', '', '', '', '', 'website', NULL, NULL, NULL, NULL, NULL, 'left', '0', NULL, NULL, NULL, NULL, '0', '0', NULL, NULL, NULL, NULL, 'Audiences', NULL, NULL, NULL, NULL, '0', '0', '0', NULL, NULL, NULL, NULL, NULL, NULL, '', '', NULL, NULL, NULL, NULL, NULL, NULL, NULL, NULL, NULL, NULL, '0', '0', NULL, '0', '2017-08-09 20:38:27', '2017-09-12 23:48:12', '9ed01c06-7a6f-4d7f-9874-db606f9a100b'),
 ('316', '290', 'de_de', 'Audiences', 'audiences', 'left', NULL, NULL, NULL, 'purple', '1', 'primary', NULL, 'gray', NULL, 'normal', NULL, NULL, NULL, NULL, NULL, NULL, '0.0', NULL, NULL, '', '', '', '', '', 'website', NULL, NULL, NULL, NULL, NULL, 'left', '0', NULL, NULL, NULL, NULL, '0', '0', NULL, NULL, NULL, NULL, NULL, NULL, NULL, NULL, NULL, '0', '0', '0', NULL, NULL, NULL, NULL, NULL, NULL, NULL, '', NULL, NULL, NULL, NULL, NULL, NULL, NULL, NULL, NULL, NULL, '0', '0', NULL, '0', '2017-08-09 20:38:27', '2017-09-12 23:48:12', 'a7b218f7-4645-44e8-8e39-efa8d7eb692a'),
 ('317', '291', 'en_us', 'Measurement', 'measurement', 'left', NULL, NULL, NULL, 'orange', '1', 'primary', NULL, 'gray', NULL, 'normal', NULL, NULL, NULL, NULL, NULL, NULL, '0.0', NULL, NULL, '', '', '', '', '', 'website', NULL, NULL, NULL, NULL, NULL, 'left', '0', NULL, NULL, NULL, NULL, '0', '0', NULL, NULL, NULL, NULL, 'Measurement', NULL, NULL, NULL, NULL, '0', '0', '0', NULL, NULL, NULL, NULL, NULL, NULL, '', '', NULL, NULL, NULL, NULL, NULL, NULL, NULL, NULL, NULL, NULL, '0', '0', NULL, '0', '2017-08-09 20:39:06', '2017-09-12 21:20:37', 'd272b960-84c5-4649-bfcf-e7f7e1341e24'),
 ('318', '291', 'de_de', 'Measurement', 'measurement', 'left', NULL, NULL, NULL, 'orange', '1', 'primary', NULL, 'gray', NULL, 'normal', NULL, NULL, NULL, NULL, NULL, NULL, '0.0', NULL, NULL, '', '', '', '', '', 'website', NULL, NULL, NULL, NULL, NULL, 'left', '0', NULL, NULL, NULL, NULL, '0', '0', NULL, NULL, NULL, NULL, NULL, NULL, NULL, NULL, NULL, '0', '0', '0', NULL, NULL, NULL, NULL, NULL, NULL, NULL, '', NULL, NULL, NULL, NULL, NULL, NULL, NULL, NULL, NULL, NULL, '0', '0', NULL, '0', '2017-08-09 20:39:06', '2017-09-12 21:20:37', 'e9435fc4-0bd8-430b-bef1-c2eaf8aee922'),
 ('319', '292', 'en_us', 'Get Started', 'gettingstarted', 'left', NULL, NULL, NULL, 'yellow', '0', 'primary', NULL, 'gray', NULL, 'normal', NULL, NULL, NULL, NULL, NULL, NULL, '0.0', NULL, NULL, '', '', '', '', '', 'website', NULL, NULL, NULL, NULL, NULL, 'left', '0', NULL, NULL, NULL, NULL, '0', '0', NULL, NULL, NULL, NULL, 'Get Started', NULL, NULL, NULL, NULL, '0', '0', '0', NULL, NULL, NULL, NULL, NULL, NULL, '', '', NULL, NULL, NULL, NULL, NULL, NULL, NULL, NULL, NULL, NULL, '0', '0', NULL, '0', '2017-08-09 20:41:34', '2017-09-12 21:20:53', 'ab01a27b-f544-42df-bc5a-cdf500cb62f6'),
 ('320', '292', 'de_de', 'Get Started', 'gettingstarted', 'left', NULL, NULL, NULL, 'yellow', '0', 'primary', NULL, 'gray', NULL, 'normal', NULL, NULL, NULL, NULL, NULL, NULL, '0.0', NULL, NULL, '', '', '', '', '', 'website', NULL, NULL, NULL, NULL, NULL, 'left', '0', NULL, NULL, NULL, NULL, '0', '0', NULL, NULL, NULL, NULL, NULL, NULL, NULL, NULL, NULL, '0', '0', '0', NULL, NULL, NULL, NULL, NULL, NULL, NULL, '', NULL, NULL, NULL, NULL, NULL, NULL, NULL, NULL, NULL, NULL, '0', '0', NULL, '0', '2017-08-09 20:41:34', '2017-09-12 21:20:53', '02fc26dd-e0d9-4674-b638-4961e6677da3'),
 ('321', '299', 'en_us', NULL, NULL, 'left', NULL, NULL, NULL, 'blue', '0', 'primary', NULL, 'gray', NULL, 'normal', NULL, NULL, NULL, NULL, NULL, NULL, '0.0', NULL, 'Community', NULL, NULL, NULL, NULL, NULL, 'website', NULL, NULL, NULL, NULL, NULL, 'left', '0', NULL, NULL, NULL, NULL, '0', '0', NULL, NULL, NULL, NULL, NULL, NULL, NULL, NULL, NULL, '0', '0', '0', NULL, NULL, NULL, NULL, NULL, NULL, NULL, NULL, NULL, NULL, NULL, NULL, NULL, NULL, NULL, NULL, NULL, NULL, '0', '0', NULL, '0', '2017-08-09 20:57:20', '2017-08-09 20:57:20', '75d6b4d4-03e4-4ea1-ba71-251272bc6326'),
 ('322', '303', 'en_us', NULL, NULL, 'left', NULL, NULL, NULL, 'blue', '0', 'primary', NULL, 'gray', NULL, 'normal', NULL, NULL, NULL, NULL, NULL, NULL, '0.0', NULL, 'Advertising', NULL, NULL, NULL, NULL, NULL, 'website', NULL, NULL, NULL, NULL, NULL, 'left', '0', NULL, NULL, NULL, NULL, '0', '0', NULL, NULL, NULL, NULL, NULL, NULL, NULL, NULL, NULL, '0', '0', '0', NULL, NULL, NULL, NULL, NULL, NULL, NULL, NULL, NULL, NULL, NULL, NULL, NULL, NULL, NULL, NULL, NULL, NULL, '0', '0', NULL, '0', '2017-08-09 20:57:20', '2017-08-09 20:57:20', 'ebed922b-8b44-4596-bd85-aa5fb158770b'),
 ('323', '308', 'en_us', NULL, NULL, 'left', NULL, NULL, NULL, 'blue', '0', 'primary', NULL, 'gray', NULL, 'normal', NULL, NULL, NULL, NULL, NULL, NULL, '0.0', NULL, 'Legal', NULL, NULL, NULL, NULL, NULL, 'website', NULL, NULL, NULL, NULL, NULL, 'left', '0', NULL, NULL, NULL, NULL, '0', '0', NULL, NULL, NULL, NULL, NULL, NULL, NULL, NULL, NULL, '0', '0', '0', NULL, NULL, NULL, NULL, NULL, NULL, NULL, NULL, NULL, NULL, NULL, NULL, NULL, NULL, NULL, NULL, NULL, NULL, '0', '0', NULL, '0', '2017-08-09 20:57:20', '2017-08-09 20:57:20', '41341b3a-520b-4b21-8efc-fde17c11bf27'),
 ('324', '314', 'en_us', 'Everything', 'everything', 'left', NULL, NULL, NULL, 'red', '1', 'primary', NULL, 'gray', NULL, 'normal', NULL, NULL, NULL, NULL, NULL, NULL, '0.0', NULL, NULL, '', '', '', '', '', 'website', NULL, NULL, NULL, NULL, NULL, 'left', '0', NULL, NULL, NULL, NULL, '0', '0', NULL, NULL, NULL, NULL, 'Everything', NULL, NULL, NULL, NULL, '0', '0', '0', NULL, NULL, NULL, NULL, NULL, NULL, '', '', NULL, NULL, NULL, NULL, NULL, NULL, NULL, NULL, NULL, NULL, '0', '0', NULL, '0', '2017-08-10 22:00:29', '2017-09-13 00:19:18', '59f605a7-73c7-461b-ada1-423527987bbd'),
 ('325', '314', 'de_de', 'One With Everything', 'everything', 'left', NULL, NULL, NULL, 'red', '1', 'primary', NULL, 'gray', NULL, 'normal', NULL, NULL, NULL, NULL, NULL, NULL, '0.0', NULL, NULL, '', '', '', '', '', 'website', NULL, NULL, NULL, NULL, NULL, 'left', '0', NULL, NULL, NULL, NULL, '0', '0', NULL, NULL, NULL, NULL, NULL, NULL, NULL, NULL, NULL, '0', '0', '0', NULL, NULL, NULL, NULL, NULL, NULL, NULL, '', NULL, NULL, NULL, NULL, NULL, NULL, NULL, NULL, NULL, NULL, '0', '0', NULL, '0', '2017-08-10 22:00:29', '2017-09-13 00:19:18', 'f29463d2-7847-4698-8e3a-53b98e562820'),
 ('326', '317', 'en_us', NULL, NULL, 'left', NULL, NULL, NULL, 'blue', '0', 'primary', NULL, 'gray', 'Element Grids', 'normal', NULL, NULL, NULL, NULL, NULL, NULL, '0.0', NULL, NULL, NULL, NULL, NULL, NULL, NULL, 'website', NULL, NULL, NULL, NULL, NULL, 'left', '0', NULL, NULL, NULL, NULL, '0', '0', NULL, NULL, NULL, NULL, NULL, NULL, NULL, NULL, NULL, '0', '0', '0', NULL, NULL, NULL, NULL, NULL, NULL, NULL, NULL, NULL, NULL, NULL, NULL, NULL, NULL, NULL, NULL, NULL, NULL, '0', '0', NULL, '0', '2017-08-10 22:00:29', '2017-09-13 00:19:18', '6dec4aea-893b-42d0-b9fc-a6319d4fdd15'),
 ('327', '318', 'en_us', NULL, NULL, 'left', NULL, NULL, NULL, 'blue', '0', 'primary', NULL, 'gray', NULL, 'normal', NULL, NULL, NULL, NULL, NULL, NULL, '0.0', NULL, NULL, NULL, NULL, NULL, NULL, NULL, 'website', NULL, NULL, NULL, NULL, NULL, 'left', '0', NULL, NULL, NULL, NULL, '0', '0', NULL, NULL, NULL, NULL, NULL, NULL, NULL, NULL, NULL, '0', '0', '0', NULL, NULL, NULL, NULL, NULL, NULL, NULL, NULL, NULL, NULL, NULL, NULL, NULL, NULL, NULL, NULL, NULL, NULL, '0', '0', NULL, '0', '2017-08-10 22:00:29', '2017-09-13 00:19:18', 'fcb09e78-dc21-4d20-8b8e-2641a6268a79'),
 ('328', '322', 'en_us', NULL, NULL, 'left', NULL, NULL, NULL, 'blue', '0', 'primary', NULL, 'gray', NULL, 'normal', NULL, NULL, NULL, NULL, NULL, NULL, '0.0', NULL, NULL, NULL, NULL, NULL, NULL, NULL, 'website', NULL, NULL, NULL, NULL, NULL, 'left', '0', NULL, NULL, NULL, NULL, '0', '0', NULL, NULL, NULL, NULL, NULL, NULL, NULL, NULL, NULL, '0', '0', '0', NULL, NULL, NULL, NULL, NULL, NULL, NULL, NULL, NULL, NULL, NULL, NULL, NULL, NULL, NULL, NULL, NULL, NULL, '0', '0', NULL, '0', '2017-08-10 22:00:29', '2017-09-13 00:19:18', 'cb6ccb7e-7b78-4618-bf25-2672d72123a3'),
 ('329', '326', 'en_us', NULL, NULL, 'left', NULL, NULL, NULL, 'blue', '0', 'primary', NULL, 'gray', NULL, 'normal', NULL, NULL, NULL, NULL, NULL, NULL, '0.0', NULL, NULL, NULL, NULL, NULL, NULL, NULL, 'website', NULL, NULL, NULL, NULL, NULL, 'left', '0', NULL, NULL, NULL, NULL, '0', '0', NULL, NULL, NULL, NULL, NULL, NULL, NULL, NULL, NULL, '0', '0', '0', NULL, NULL, NULL, NULL, NULL, NULL, NULL, NULL, NULL, NULL, NULL, NULL, NULL, NULL, NULL, NULL, NULL, NULL, '0', '0', NULL, '0', '2017-08-10 22:00:29', '2017-09-13 00:19:18', 'cf67eb77-14ab-4a9f-b9af-4f773f8c5a52'),
 ('330', '330', 'en_us', NULL, NULL, 'left', NULL, NULL, NULL, 'blue', '0', 'primary', NULL, 'white', 'Text & Images', 'normal', NULL, NULL, NULL, NULL, NULL, NULL, '0.0', NULL, NULL, NULL, NULL, NULL, NULL, NULL, 'website', NULL, NULL, NULL, NULL, NULL, 'left', '0', NULL, NULL, NULL, NULL, '0', '0', NULL, NULL, NULL, NULL, NULL, NULL, NULL, NULL, NULL, '0', '0', '0', NULL, NULL, NULL, NULL, NULL, NULL, NULL, NULL, NULL, NULL, NULL, NULL, NULL, NULL, NULL, NULL, NULL, NULL, '0', '0', NULL, '0', '2017-08-10 22:11:49', '2017-09-13 00:19:19', '5a7e78f1-58b2-4edc-8864-d055b980c517'),
 ('331', '331', 'en_us', NULL, NULL, 'left', NULL, NULL, 'Centered Text Lockup', 'blue', '0', 'primary', '<p>Quam diu etiam furor iste tuus nos eludet? Plura mihi bona sunt, inclinet, amari petere vellent.</p>', 'gray', NULL, 'normal', NULL, NULL, NULL, NULL, NULL, NULL, '0.0', NULL, NULL, NULL, NULL, NULL, NULL, NULL, 'website', NULL, NULL, NULL, NULL, NULL, 'left', '0', NULL, NULL, NULL, NULL, '0', '0', NULL, NULL, NULL, NULL, NULL, NULL, NULL, NULL, NULL, '0', '0', '0', NULL, NULL, NULL, NULL, NULL, NULL, NULL, NULL, NULL, NULL, NULL, NULL, NULL, NULL, NULL, NULL, NULL, NULL, '0', '0', NULL, '0', '2017-08-10 22:11:49', '2017-09-13 00:19:19', 'e3ec3bd8-2a4a-46a6-9c26-1ded8f07bb91'),
 ('332', '335', 'en_us', NULL, NULL, 'left', '<p>Curabitur blandit tempus ardua ridiculus sed magna. Integer legentibus erat a ante historiarum dapibus. Vivamus sagittis lacus vel augue laoreet rutrum faucibus. Morbi fringilla convallis sapien, id pulvinar odio volutpat. Tu quoque, Brute, fili mi, nihil timor populi, nihil!</p>', NULL, 'Image Beside Text', 'blue', '0', 'primary', NULL, 'gray', NULL, 'normal', NULL, NULL, NULL, NULL, NULL, NULL, '0.0', NULL, NULL, NULL, NULL, NULL, NULL, NULL, 'website', NULL, NULL, NULL, NULL, NULL, 'left', '0', NULL, NULL, NULL, NULL, '0', '0', NULL, NULL, NULL, NULL, NULL, NULL, NULL, NULL, NULL, '0', '0', '0', NULL, NULL, NULL, NULL, NULL, NULL, NULL, NULL, NULL, NULL, NULL, NULL, NULL, NULL, '', '', NULL, NULL, '0', '0', NULL, '0', '2017-08-10 22:11:49', '2017-09-13 00:19:19', 'd2c87c1f-b060-4619-8c9a-e28fcf235c1c'),
 ('333', '339', 'en_us', NULL, NULL, 'left', NULL, NULL, NULL, 'blue', '0', 'primary', NULL, 'gray', 'Images Alone', 'normal', NULL, NULL, NULL, NULL, NULL, NULL, '0.0', NULL, NULL, NULL, NULL, NULL, NULL, NULL, 'website', NULL, NULL, NULL, NULL, NULL, 'left', '0', NULL, NULL, NULL, NULL, '0', '0', NULL, NULL, NULL, NULL, NULL, NULL, NULL, NULL, NULL, '0', '0', '0', NULL, NULL, NULL, NULL, NULL, NULL, NULL, NULL, NULL, NULL, NULL, NULL, NULL, NULL, NULL, NULL, NULL, NULL, '0', '0', NULL, '0', '2017-08-10 22:11:49', '2017-09-13 00:19:19', '6524b18e-e3ea-4c9a-895c-c7bf84a6b1ae'),
 ('334', '340', 'en_us', NULL, NULL, 'left', NULL, NULL, NULL, 'blue', '0', 'primary', NULL, 'gray', NULL, 'normal', NULL, NULL, NULL, NULL, NULL, NULL, '0.0', NULL, NULL, NULL, NULL, NULL, NULL, NULL, 'website', NULL, NULL, NULL, NULL, 'Centered Image with round corners', 'left', '1', NULL, NULL, NULL, NULL, '0', '0', NULL, NULL, NULL, NULL, NULL, NULL, NULL, NULL, NULL, '0', '0', '0', NULL, NULL, NULL, NULL, NULL, NULL, NULL, NULL, NULL, NULL, NULL, NULL, NULL, NULL, NULL, NULL, NULL, NULL, '0', '0', NULL, '0', '2017-08-10 22:11:49', '2017-09-13 00:19:19', '019cb673-bb9b-4fd0-b73a-74e32c4eaff8'),
 ('335', '341', 'en_us', NULL, NULL, 'left', NULL, NULL, NULL, 'blue', '0', 'primary', NULL, 'gray', NULL, 'full', NULL, NULL, NULL, NULL, NULL, NULL, '0.0', NULL, NULL, NULL, NULL, NULL, NULL, NULL, 'website', NULL, NULL, NULL, NULL, 'Full centered image', 'left', '0', NULL, NULL, NULL, NULL, '0', '0', NULL, NULL, NULL, NULL, NULL, NULL, NULL, NULL, NULL, '0', '0', '0', NULL, NULL, NULL, NULL, NULL, NULL, NULL, NULL, NULL, NULL, NULL, NULL, NULL, NULL, NULL, NULL, NULL, NULL, '0', '0', NULL, '0', '2017-08-10 22:11:49', '2017-09-13 00:19:19', '7155c810-b998-4eb5-ae8c-0ef90ad1c63f'),
 ('337', '343', 'en_us', NULL, NULL, 'left', NULL, NULL, NULL, 'blue', '0', 'primary', NULL, 'gray', NULL, 'wide', NULL, NULL, NULL, NULL, NULL, NULL, '0.0', NULL, NULL, NULL, NULL, NULL, NULL, NULL, 'website', NULL, NULL, NULL, NULL, 'Wide centered image', 'left', '0', NULL, NULL, NULL, NULL, '0', '0', NULL, NULL, NULL, NULL, NULL, NULL, NULL, NULL, NULL, '0', '0', '0', NULL, NULL, NULL, NULL, NULL, NULL, NULL, NULL, NULL, NULL, NULL, NULL, NULL, NULL, NULL, NULL, NULL, NULL, '0', '0', NULL, '0', '2017-08-10 22:14:42', '2017-09-13 00:19:19', 'cf2f2700-a3e3-480a-874b-ad3357b41939'),
 ('340', '345', 'en_us', NULL, NULL, 'left', NULL, NULL, NULL, 'blue', '0', 'primary', NULL, 'gray', 'Section 1', 'normal', NULL, NULL, NULL, NULL, NULL, NULL, '0.0', NULL, NULL, NULL, NULL, NULL, NULL, NULL, 'website', NULL, NULL, NULL, NULL, NULL, 'left', '0', NULL, NULL, NULL, NULL, '0', '0', NULL, NULL, NULL, NULL, NULL, NULL, NULL, NULL, NULL, '0', '0', '0', NULL, NULL, NULL, NULL, NULL, NULL, NULL, NULL, NULL, NULL, NULL, NULL, NULL, NULL, NULL, NULL, NULL, NULL, '0', '0', NULL, '0', '2017-08-17 23:14:09', '2017-08-17 23:14:09', '75e0f2af-041b-4323-a89c-d73863a385a8'),
 ('341', '346', 'en_us', NULL, NULL, 'left', NULL, NULL, 'This is a headline', 'blue', '0', 'primary', '<p>This is copy for the subhead right here.</p>', 'gray', NULL, 'normal', NULL, NULL, NULL, NULL, NULL, NULL, '0.0', NULL, NULL, NULL, NULL, NULL, NULL, NULL, 'website', NULL, NULL, NULL, NULL, NULL, 'left', '0', NULL, NULL, NULL, NULL, '0', '0', NULL, NULL, NULL, NULL, NULL, NULL, NULL, NULL, NULL, '0', '0', '0', NULL, NULL, NULL, NULL, NULL, NULL, NULL, NULL, NULL, NULL, NULL, NULL, NULL, NULL, NULL, NULL, NULL, NULL, '0', '0', NULL, '0', '2017-08-17 23:14:09', '2017-08-17 23:14:09', 'b8a17812-d5e6-428c-81ac-ac6dae5c07fd'),
 ('344', '348', 'en_us', 'Insights Entry', NULL, 'left', NULL, NULL, NULL, 'blue', '0', 'primary', NULL, 'gray', NULL, 'normal', NULL, NULL, NULL, NULL, NULL, NULL, '0.0', NULL, NULL, '', '', '', '', '', 'website', NULL, NULL, NULL, NULL, NULL, 'left', '0', NULL, NULL, NULL, NULL, '0', '0', 'blue', NULL, NULL, NULL, 'Insights Entry', NULL, NULL, NULL, NULL, '0', '0', '0', NULL, NULL, NULL, NULL, NULL, NULL, '', '', NULL, NULL, NULL, NULL, NULL, NULL, NULL, NULL, NULL, NULL, '0', '0', NULL, '0', '2017-08-21 22:32:03', '2017-09-14 18:44:46', '69ec83e7-76bf-4e7a-ac19-1f1afa475833'),
 ('345', '348', 'de_de', 'Test Blog Entry', NULL, 'left', NULL, NULL, NULL, 'blue', '0', 'primary', NULL, 'gray', NULL, 'normal', NULL, NULL, NULL, NULL, NULL, NULL, '0.0', NULL, NULL, '', '', '', '', '', 'website', NULL, NULL, NULL, NULL, NULL, 'left', '0', NULL, NULL, NULL, NULL, '0', '0', 'blue', NULL, NULL, NULL, NULL, NULL, NULL, NULL, NULL, '0', '0', '0', NULL, NULL, NULL, NULL, NULL, NULL, NULL, '', NULL, NULL, NULL, NULL, NULL, NULL, NULL, NULL, NULL, NULL, '0', '0', NULL, '0', '2017-08-21 22:32:03', '2017-09-14 18:44:46', '7ad21d45-46a7-4a97-a83e-fc82f1aedfeb');
INSERT INTO `craft_content` (`id`, `elementId`, `locale`, `title`, `field_page_uri`, `field_imageLocation`, `field_paragraph_loc`, `field_button`, `field_headline_loc`, `field_page_themeColor`, `field_page_sideNavigation`, `field_buttonStyle`, `field_subhead_loc`, `field_sectionBackgroundColor`, `field_sectionTitle_loc`, `field_assetWidth`, `field_eyebrow_loc`, `field_brandColor`, `field_companyName`, `field_cardHeadline_loc`, `field_tabLabel_loc`, `field_tabDescription_loc`, `field_timeCode`, `field_descriptionLabel_loc`, `field_groupTitle_loc`, `field_seoTitle`, `field_seoDescription`, `field_keywords`, `field_ogTitle`, `field_ogDescription`, `field_pageType`, `field_mainNavigationCta`, `field_cookiePolicy_loc`, `field_buttonText_loc`, `field_verticalVideoUrl`, `field_imageAltText_loc`, `field_desktopVideoLocation`, `field_roundedCorners`, `field_productFilterTitle_loc`, `field_objectiveFilterTitle_loc`, `field_industryFilterTitle_loc`, `field_noResultsText_loc`, `field_autoplay`, `field_videoControls`, `field_cardColor`, `field_spotlightDescription_loc`, `field_productUsed_loc`, `field_objective_loc`, `field_title_loc`, `field_regionFilterTitle_loc`, `field_body`, `field_textBlock`, `field_imageCaption_loc`, `field_imageDownloadButton`, `field_wideImage`, `field_lightText`, `field_description_loc`, `field_navItem`, `field_successStoriesTitle_loc`, `field_successStoriesButton`, `field_creativeSpotlightTitle_loc`, `field_creativeSpotlightButton`, `field_relatedContentHeadline_loc`, `field_relatedContentButton`, `field_modalEyebrow_loc`, `field_productUsedTitle_loc`, `field_objectiveTitle_loc`, `field_spotlightProductUsed_loc`, `field_spotlightObjective_loc`, `field_spotlightSummary_loc`, `field_primaryCta`, `field_secondaryCta`, `field_caption_loc`, `field_leadInCopyBlock_loc`, `field_numberedList`, `field_showCards`, `field_webImageAltText`, `field_flipContent`, `dateCreated`, `dateUpdated`, `uid`) VALUES
 ('348', '350', 'en_us', 'North America', NULL, 'left', NULL, NULL, NULL, 'blue', '0', 'primary', NULL, 'gray', NULL, 'normal', NULL, NULL, NULL, NULL, NULL, NULL, '0.0', NULL, NULL, NULL, NULL, NULL, NULL, NULL, 'website', NULL, NULL, NULL, NULL, NULL, 'left', '0', NULL, NULL, NULL, NULL, '0', '0', NULL, NULL, NULL, NULL, NULL, NULL, NULL, NULL, NULL, '0', '0', '0', NULL, NULL, NULL, NULL, NULL, NULL, NULL, NULL, NULL, NULL, NULL, NULL, NULL, NULL, NULL, NULL, NULL, NULL, '0', '0', NULL, '0', '2017-08-22 20:53:32', '2017-08-22 20:53:32', '22ac347b-fd60-4e7e-ab37-ea0ea2de380f'),
 ('349', '350', 'de_de', 'North America', NULL, 'left', NULL, NULL, NULL, 'blue', '0', 'primary', NULL, 'gray', NULL, 'normal', NULL, NULL, NULL, NULL, NULL, NULL, '0.0', NULL, NULL, NULL, NULL, NULL, NULL, NULL, 'website', NULL, NULL, NULL, NULL, NULL, 'left', '0', NULL, NULL, NULL, NULL, '0', '0', NULL, NULL, NULL, NULL, NULL, NULL, NULL, NULL, NULL, '0', '0', '0', NULL, NULL, NULL, NULL, NULL, NULL, NULL, NULL, NULL, NULL, NULL, NULL, NULL, NULL, NULL, NULL, NULL, NULL, '0', '0', NULL, '0', '2017-08-22 20:53:32', '2017-08-22 20:53:32', 'c08867c0-0c78-4862-8d64-9dd70ec6e923'),
 ('350', '351', 'en_us', 'North America (Canada)', NULL, 'left', NULL, NULL, NULL, 'blue', '0', 'primary', NULL, 'gray', NULL, 'normal', NULL, NULL, NULL, NULL, NULL, NULL, '0.0', NULL, NULL, NULL, NULL, NULL, NULL, NULL, 'website', NULL, NULL, NULL, NULL, NULL, 'left', '0', NULL, NULL, NULL, NULL, '0', '0', NULL, NULL, NULL, NULL, NULL, NULL, NULL, NULL, NULL, '0', '0', '0', NULL, NULL, NULL, NULL, NULL, NULL, NULL, NULL, NULL, NULL, NULL, NULL, NULL, NULL, NULL, NULL, NULL, NULL, '0', '0', NULL, '0', '2017-08-22 20:53:42', '2017-08-22 20:53:42', 'b55d88cf-4484-4f2b-a77f-cc533b3124a5'),
 ('351', '351', 'de_de', 'North America (Canada)', NULL, 'left', NULL, NULL, NULL, 'blue', '0', 'primary', NULL, 'gray', NULL, 'normal', NULL, NULL, NULL, NULL, NULL, NULL, '0.0', NULL, NULL, NULL, NULL, NULL, NULL, NULL, 'website', NULL, NULL, NULL, NULL, NULL, 'left', '0', NULL, NULL, NULL, NULL, '0', '0', NULL, NULL, NULL, NULL, NULL, NULL, NULL, NULL, NULL, '0', '0', '0', NULL, NULL, NULL, NULL, NULL, NULL, NULL, NULL, NULL, NULL, NULL, NULL, NULL, NULL, NULL, NULL, NULL, NULL, '0', '0', NULL, '0', '2017-08-22 20:53:42', '2017-08-22 20:53:42', '393252d6-b0a0-41ce-a0cd-73caabce0882'),
 ('352', '352', 'en_us', 'Europe, Middle East & Africa', NULL, 'left', NULL, NULL, NULL, 'blue', '0', 'primary', NULL, 'gray', NULL, 'normal', NULL, NULL, NULL, NULL, NULL, NULL, '0.0', NULL, NULL, NULL, NULL, NULL, NULL, NULL, 'website', NULL, NULL, NULL, NULL, NULL, 'left', '0', NULL, NULL, NULL, NULL, '0', '0', NULL, NULL, NULL, NULL, NULL, NULL, NULL, NULL, NULL, '0', '0', '0', NULL, NULL, NULL, NULL, NULL, NULL, NULL, NULL, NULL, NULL, NULL, NULL, NULL, NULL, NULL, NULL, NULL, NULL, '0', '0', NULL, '0', '2017-08-22 20:53:58', '2017-08-22 20:53:58', 'd8303a9d-d064-4d4e-b921-a313bb455843'),
 ('353', '352', 'de_de', 'Europe, Middle East & Africa', NULL, 'left', NULL, NULL, NULL, 'blue', '0', 'primary', NULL, 'gray', NULL, 'normal', NULL, NULL, NULL, NULL, NULL, NULL, '0.0', NULL, NULL, NULL, NULL, NULL, NULL, NULL, 'website', NULL, NULL, NULL, NULL, NULL, 'left', '0', NULL, NULL, NULL, NULL, '0', '0', NULL, NULL, NULL, NULL, NULL, NULL, NULL, NULL, NULL, '0', '0', '0', NULL, NULL, NULL, NULL, NULL, NULL, NULL, NULL, NULL, NULL, NULL, NULL, NULL, NULL, NULL, NULL, NULL, NULL, '0', '0', NULL, '0', '2017-08-22 20:53:58', '2017-08-22 20:53:58', 'c3967083-ec5a-42a4-af3c-8d6c36489105'),
 ('354', '353', 'en_us', 'Asia Pacific', NULL, 'left', NULL, NULL, NULL, 'blue', '0', 'primary', NULL, 'gray', NULL, 'normal', NULL, NULL, NULL, NULL, NULL, NULL, '0.0', NULL, NULL, NULL, NULL, NULL, NULL, NULL, 'website', NULL, NULL, NULL, NULL, NULL, 'left', '0', NULL, NULL, NULL, NULL, '0', '0', NULL, NULL, NULL, NULL, NULL, NULL, NULL, NULL, NULL, '0', '0', '0', NULL, NULL, NULL, NULL, NULL, NULL, NULL, NULL, NULL, NULL, NULL, NULL, NULL, NULL, NULL, NULL, NULL, NULL, '0', '0', NULL, '0', '2017-08-22 20:54:07', '2017-08-22 20:54:07', 'b39f396f-2d7e-422b-b189-351c17844545'),
 ('355', '353', 'de_de', 'Asia Pacific', NULL, 'left', NULL, NULL, NULL, 'blue', '0', 'primary', NULL, 'gray', NULL, 'normal', NULL, NULL, NULL, NULL, NULL, NULL, '0.0', NULL, NULL, NULL, NULL, NULL, NULL, NULL, 'website', NULL, NULL, NULL, NULL, NULL, 'left', '0', NULL, NULL, NULL, NULL, '0', '0', NULL, NULL, NULL, NULL, NULL, NULL, NULL, NULL, NULL, '0', '0', '0', NULL, NULL, NULL, NULL, NULL, NULL, NULL, NULL, NULL, NULL, NULL, NULL, NULL, NULL, NULL, NULL, NULL, NULL, '0', '0', NULL, '0', '2017-08-22 20:54:07', '2017-08-22 20:54:07', 'c1fd77d1-1007-4c77-842f-ed2877dbcbb5'),
 ('356', '354', 'en_us', 'Latin America', NULL, 'left', NULL, NULL, NULL, 'blue', '0', 'primary', NULL, 'gray', NULL, 'normal', NULL, NULL, NULL, NULL, NULL, NULL, '0.0', NULL, NULL, NULL, NULL, NULL, NULL, NULL, 'website', NULL, NULL, NULL, NULL, NULL, 'left', '0', NULL, NULL, NULL, NULL, '0', '0', NULL, NULL, NULL, NULL, NULL, NULL, NULL, NULL, NULL, '0', '0', '0', NULL, NULL, NULL, NULL, NULL, NULL, NULL, NULL, NULL, NULL, NULL, NULL, NULL, NULL, NULL, NULL, NULL, NULL, '0', '0', NULL, '0', '2017-08-22 20:54:17', '2017-08-22 20:54:17', 'eec72132-946c-429b-bf24-ddb089c425a6'),
 ('357', '354', 'de_de', 'Latin America', NULL, 'left', NULL, NULL, NULL, 'blue', '0', 'primary', NULL, 'gray', NULL, 'normal', NULL, NULL, NULL, NULL, NULL, NULL, '0.0', NULL, NULL, NULL, NULL, NULL, NULL, NULL, 'website', NULL, NULL, NULL, NULL, NULL, 'left', '0', NULL, NULL, NULL, NULL, '0', '0', NULL, NULL, NULL, NULL, NULL, NULL, NULL, NULL, NULL, '0', '0', '0', NULL, NULL, NULL, NULL, NULL, NULL, NULL, NULL, NULL, NULL, NULL, NULL, NULL, NULL, NULL, NULL, NULL, NULL, '0', '0', NULL, '0', '2017-08-22 20:54:17', '2017-08-22 20:54:17', '82ed7e0c-e5ac-4b3b-86e6-88e40fda1204'),
 ('360', '356', 'en_us', 'News Entry', NULL, 'left', NULL, NULL, NULL, 'blue', '0', 'primary', NULL, 'gray', NULL, 'normal', NULL, NULL, NULL, NULL, NULL, NULL, '0.0', NULL, NULL, '', '', '', '', '', 'website', NULL, NULL, NULL, NULL, NULL, 'left', '0', NULL, NULL, NULL, NULL, '0', '0', NULL, NULL, NULL, NULL, 'News Entry', NULL, NULL, NULL, NULL, '0', '0', '0', NULL, NULL, NULL, NULL, NULL, NULL, '', '', NULL, NULL, NULL, NULL, NULL, NULL, NULL, NULL, NULL, NULL, '0', '0', NULL, '0', '2017-08-23 17:53:42', '2017-09-12 23:47:19', '7957cefe-ad37-450d-b16c-2c350e04ff95'),
 ('361', '356', 'de_de', 'News Entry', NULL, 'left', NULL, NULL, NULL, 'blue', '0', 'primary', NULL, 'gray', NULL, 'normal', NULL, NULL, NULL, NULL, NULL, NULL, '0.0', NULL, NULL, '', '', '', '', '', 'website', NULL, NULL, NULL, NULL, NULL, 'left', '0', NULL, NULL, NULL, NULL, '0', '0', NULL, NULL, NULL, NULL, NULL, NULL, NULL, NULL, NULL, '0', '0', '0', NULL, NULL, NULL, NULL, NULL, NULL, NULL, '', NULL, NULL, NULL, NULL, NULL, NULL, NULL, NULL, NULL, NULL, '0', '0', NULL, '0', '2017-08-23 17:53:42', '2017-09-12 23:47:19', '33256bad-e98c-49a2-addc-54c4220d98b0'),
 ('364', '358', 'en_us', 'ABInBev', NULL, 'left', NULL, NULL, NULL, 'blue', '0', 'primary', NULL, 'gray', NULL, 'normal', NULL, NULL, NULL, 'Success story summary text Quae vero auctorem tractata ab fiducia dicuntur.', NULL, NULL, '0.0', NULL, NULL, '', '', '', '', '', 'website', NULL, NULL, NULL, NULL, '', 'left', '0', NULL, NULL, NULL, NULL, '0', '0', 'green', NULL, NULL, NULL, 'ABInBev', NULL, NULL, NULL, NULL, '0', '0', '0', NULL, NULL, NULL, NULL, NULL, NULL, '', '', NULL, NULL, NULL, NULL, NULL, NULL, NULL, NULL, NULL, NULL, '0', '0', NULL, '0', '2017-08-23 17:56:29', '2017-09-12 23:45:19', '183a26fd-44e8-462d-88e6-2dedb95d269a'),
 ('365', '358', 'de_de', 'Success Story Entry', NULL, 'left', NULL, NULL, NULL, 'blue', '0', 'primary', NULL, 'gray', NULL, 'normal', NULL, NULL, NULL, 'Success story summary text Quae vero auctorem tractata ab fiducia dicuntur.', NULL, NULL, '0.0', NULL, NULL, '', '', '', '', '', 'website', NULL, NULL, NULL, NULL, NULL, 'left', '0', NULL, NULL, NULL, NULL, '0', '0', 'green', NULL, NULL, NULL, NULL, NULL, NULL, NULL, NULL, '0', '0', '0', NULL, NULL, NULL, NULL, NULL, NULL, NULL, '', NULL, NULL, NULL, NULL, NULL, NULL, NULL, NULL, NULL, NULL, '0', '0', NULL, '0', '2017-08-23 17:56:29', '2017-09-12 23:45:19', '994efe0d-71c4-4060-b11d-77b8a300465e'),
 ('370', '361', 'en_us', NULL, NULL, 'left', NULL, NULL, NULL, 'blue', '0', 'primary', NULL, 'gray', NULL, 'normal', NULL, NULL, NULL, NULL, NULL, NULL, '0.0', NULL, NULL, NULL, NULL, NULL, NULL, NULL, 'website', NULL, NULL, NULL, NULL, NULL, 'left', '0', NULL, NULL, NULL, NULL, '0', '0', NULL, NULL, NULL, NULL, NULL, NULL, NULL, NULL, NULL, '0', '0', '0', NULL, NULL, NULL, NULL, NULL, NULL, NULL, NULL, NULL, NULL, NULL, NULL, NULL, NULL, NULL, NULL, NULL, NULL, '0', '0', NULL, '0', '2017-08-23 18:14:23', '2017-08-23 18:17:34', '8514356f-7d15-4e4f-9c10-fe7bd1910a6d'),
 ('371', '362', 'en_us', 'Creative Spotlight', 'creative-spotlight', 'left', NULL, NULL, 'Explore the most compelling ads on mobile', 'yellow', '0', 'primary', NULL, 'gray', NULL, 'normal', NULL, NULL, NULL, NULL, NULL, NULL, '0.0', NULL, NULL, '', '', '', '', '', 'website', NULL, NULL, NULL, NULL, NULL, 'left', '0', 'Ad Product', 'Objective', 'Industry', NULL, '0', '0', NULL, NULL, NULL, NULL, NULL, 'Region', NULL, NULL, NULL, '0', '0', '0', NULL, NULL, NULL, NULL, NULL, NULL, '', '', 'Creative Spotlight', 'Product Used', 'Objective', NULL, NULL, NULL, NULL, NULL, NULL, NULL, '0', '0', NULL, '0', '2017-08-24 20:53:17', '2017-09-14 18:21:54', '3bdbe7a9-be43-4a01-b317-ca4febd05963'),
 ('372', '362', 'de_de', 'Creative Spotlight', 'creative-spotlight', 'left', NULL, NULL, NULL, 'yellow', '0', 'primary', NULL, 'gray', NULL, 'normal', NULL, NULL, NULL, NULL, NULL, NULL, '0.0', NULL, NULL, NULL, NULL, NULL, NULL, NULL, 'website', NULL, NULL, NULL, NULL, NULL, 'left', '0', NULL, NULL, NULL, NULL, '0', '0', NULL, NULL, NULL, NULL, NULL, 'Region', NULL, NULL, NULL, '0', '0', '0', NULL, NULL, NULL, NULL, NULL, NULL, NULL, '', NULL, 'Product Used', 'Objective', NULL, NULL, NULL, NULL, NULL, NULL, NULL, '0', '0', NULL, '0', '2017-08-24 20:53:17', '2017-09-14 18:21:54', 'fdae18ad-326f-4bb2-b81b-a294c05514bf'),
 ('373', '363', 'en_us', 'Success Stories', NULL, 'left', NULL, NULL, 'See how others grew their businesses with Snapchat', 'blue', '0', 'primary', NULL, 'gray', NULL, 'normal', NULL, NULL, NULL, NULL, NULL, NULL, '0.0', NULL, NULL, '', '', '', '', '', 'website', NULL, NULL, NULL, NULL, NULL, 'left', '0', 'Ad Product', 'Objetive', 'Industry', NULL, '0', '0', NULL, NULL, NULL, NULL, NULL, 'Region', NULL, NULL, NULL, '0', '0', '0', NULL, NULL, NULL, NULL, NULL, NULL, '', '', NULL, NULL, NULL, NULL, NULL, NULL, NULL, NULL, NULL, NULL, '0', '0', NULL, '0', '2017-08-24 20:55:06', '2017-09-14 18:22:16', '80a95c77-9488-40f3-bc3b-2d2ceefed8e6'),
 ('374', '363', 'de_de', 'Success Stories', NULL, 'left', NULL, NULL, NULL, 'blue', '0', 'primary', NULL, 'gray', NULL, 'normal', NULL, NULL, NULL, NULL, NULL, NULL, '0.0', NULL, NULL, NULL, NULL, NULL, NULL, NULL, 'website', NULL, NULL, NULL, NULL, NULL, 'left', '0', NULL, NULL, NULL, NULL, '0', '0', NULL, NULL, NULL, NULL, NULL, 'Region', NULL, NULL, NULL, '0', '0', '0', NULL, NULL, NULL, NULL, NULL, NULL, NULL, '', NULL, NULL, NULL, NULL, NULL, NULL, NULL, NULL, NULL, NULL, '0', '0', NULL, '0', '2017-08-24 20:55:06', '2017-09-14 18:22:16', 'abc375db-fd56-4c0c-86ce-bce1af60f28b'),
 ('395', '374', 'en_us', '711', NULL, 'left', NULL, NULL, NULL, 'blue', '0', 'primary', NULL, 'gray', NULL, 'normal', NULL, NULL, NULL, NULL, NULL, NULL, '0.0', NULL, NULL, NULL, NULL, NULL, NULL, NULL, 'website', NULL, NULL, NULL, NULL, NULL, 'left', '0', NULL, NULL, NULL, NULL, '0', '0', NULL, NULL, NULL, NULL, NULL, NULL, NULL, NULL, NULL, '0', '0', '0', NULL, NULL, NULL, NULL, NULL, NULL, NULL, NULL, NULL, NULL, NULL, NULL, NULL, NULL, NULL, NULL, NULL, NULL, '0', '0', NULL, '0', '2017-08-30 21:02:43', '2017-09-12 21:56:03', '4041aa2a-9713-4bde-8401-1309116516d3'),
 ('396', '374', 'de_de', '711', NULL, 'left', NULL, NULL, NULL, 'blue', '0', 'primary', NULL, 'gray', NULL, 'normal', NULL, NULL, NULL, NULL, NULL, NULL, '0.0', NULL, NULL, NULL, NULL, NULL, NULL, NULL, 'website', NULL, NULL, NULL, NULL, NULL, 'left', '0', NULL, NULL, NULL, NULL, '0', '0', NULL, NULL, NULL, NULL, NULL, NULL, NULL, NULL, NULL, '0', '0', '0', NULL, NULL, NULL, NULL, NULL, NULL, NULL, NULL, NULL, NULL, NULL, NULL, NULL, NULL, NULL, NULL, NULL, NULL, '0', '0', NULL, '0', '2017-08-30 21:02:43', '2017-08-30 21:02:43', 'e5b15201-77d3-49a1-8838-96c5914d61ea'),
 ('397', '375', 'en_us', '711', NULL, 'left', NULL, NULL, NULL, 'blue', '0', 'primary', NULL, 'gray', NULL, 'normal', NULL, NULL, NULL, NULL, NULL, NULL, '0.0', NULL, NULL, NULL, NULL, NULL, NULL, NULL, 'website', NULL, NULL, NULL, NULL, NULL, 'left', '0', NULL, NULL, NULL, NULL, '0', '0', NULL, NULL, NULL, NULL, NULL, NULL, NULL, NULL, NULL, '0', '0', '0', NULL, NULL, NULL, NULL, NULL, NULL, NULL, NULL, NULL, NULL, NULL, NULL, NULL, NULL, NULL, NULL, NULL, NULL, '0', '0', NULL, '0', '2017-08-30 21:02:43', '2017-09-12 21:56:04', 'd4ddb4c4-2939-44a3-82f7-1e4902cf3308'),
 ('398', '375', 'de_de', '711', NULL, 'left', NULL, NULL, NULL, 'blue', '0', 'primary', NULL, 'gray', NULL, 'normal', NULL, NULL, NULL, NULL, NULL, NULL, '0.0', NULL, NULL, NULL, NULL, NULL, NULL, NULL, 'website', NULL, NULL, NULL, NULL, NULL, 'left', '0', NULL, NULL, NULL, NULL, '0', '0', NULL, NULL, NULL, NULL, NULL, NULL, NULL, NULL, NULL, '0', '0', '0', NULL, NULL, NULL, NULL, NULL, NULL, NULL, NULL, NULL, NULL, NULL, NULL, NULL, NULL, NULL, NULL, NULL, NULL, '0', '0', NULL, '0', '2017-08-30 21:02:43', '2017-08-30 21:02:43', '718e3621-927a-4adb-b758-dc5ffa4f93b1'),
 ('399', '376', 'en_us', 'Aa', NULL, 'left', NULL, NULL, NULL, 'blue', '0', 'primary', NULL, 'gray', NULL, 'normal', NULL, NULL, NULL, NULL, NULL, NULL, '0.0', NULL, NULL, NULL, NULL, NULL, NULL, NULL, 'website', NULL, NULL, NULL, NULL, NULL, 'left', '0', NULL, NULL, NULL, NULL, '0', '0', NULL, NULL, NULL, NULL, NULL, NULL, NULL, NULL, NULL, '0', '0', '0', NULL, NULL, NULL, NULL, NULL, NULL, NULL, NULL, NULL, NULL, NULL, NULL, NULL, NULL, NULL, NULL, NULL, NULL, '0', '0', NULL, '0', '2017-08-30 21:02:43', '2017-09-12 21:56:04', '84b6a91c-8066-41af-8cca-8a5af645ac2f'),
 ('400', '376', 'de_de', 'Aa', NULL, 'left', NULL, NULL, NULL, 'blue', '0', 'primary', NULL, 'gray', NULL, 'normal', NULL, NULL, NULL, NULL, NULL, NULL, '0.0', NULL, NULL, NULL, NULL, NULL, NULL, NULL, 'website', NULL, NULL, NULL, NULL, NULL, 'left', '0', NULL, NULL, NULL, NULL, '0', '0', NULL, NULL, NULL, NULL, NULL, NULL, NULL, NULL, NULL, '0', '0', '0', NULL, NULL, NULL, NULL, NULL, NULL, NULL, NULL, NULL, NULL, NULL, NULL, NULL, NULL, NULL, NULL, NULL, NULL, '0', '0', NULL, '0', '2017-08-30 21:02:43', '2017-08-30 21:02:43', '450639c7-d3d3-48aa-b427-7d8024ce32b3'),
 ('401', '377', 'en_us', 'Aa', NULL, 'left', NULL, NULL, NULL, 'blue', '0', 'primary', NULL, 'gray', NULL, 'normal', NULL, NULL, NULL, NULL, NULL, NULL, '0.0', NULL, NULL, NULL, NULL, NULL, NULL, NULL, 'website', NULL, NULL, NULL, NULL, NULL, 'left', '0', NULL, NULL, NULL, NULL, '0', '0', NULL, NULL, NULL, NULL, NULL, NULL, NULL, NULL, NULL, '0', '0', '0', NULL, NULL, NULL, NULL, NULL, NULL, NULL, NULL, NULL, NULL, NULL, NULL, NULL, NULL, NULL, NULL, NULL, NULL, '0', '0', NULL, '0', '2017-08-30 21:02:43', '2017-09-12 21:56:04', 'ae234fcd-4b65-4010-837f-d6813de07d54'),
 ('402', '377', 'de_de', 'Aa', NULL, 'left', NULL, NULL, NULL, 'blue', '0', 'primary', NULL, 'gray', NULL, 'normal', NULL, NULL, NULL, NULL, NULL, NULL, '0.0', NULL, NULL, NULL, NULL, NULL, NULL, NULL, 'website', NULL, NULL, NULL, NULL, NULL, 'left', '0', NULL, NULL, NULL, NULL, '0', '0', NULL, NULL, NULL, NULL, NULL, NULL, NULL, NULL, NULL, '0', '0', '0', NULL, NULL, NULL, NULL, NULL, NULL, NULL, NULL, NULL, NULL, NULL, NULL, NULL, NULL, NULL, NULL, NULL, NULL, '0', '0', NULL, '0', '2017-08-30 21:02:43', '2017-08-30 21:02:43', 'b12e07a1-c031-4d5b-bd5a-34c391974d25'),
 ('403', '378', 'en_us', 'Acorns', NULL, 'left', NULL, NULL, NULL, 'blue', '0', 'primary', NULL, 'gray', NULL, 'normal', NULL, NULL, NULL, NULL, NULL, NULL, '0.0', NULL, NULL, NULL, NULL, NULL, NULL, NULL, 'website', NULL, NULL, NULL, NULL, NULL, 'left', '0', NULL, NULL, NULL, NULL, '0', '0', NULL, NULL, NULL, NULL, NULL, NULL, NULL, NULL, NULL, '0', '0', '0', NULL, NULL, NULL, NULL, NULL, NULL, NULL, NULL, NULL, NULL, NULL, NULL, NULL, NULL, NULL, NULL, NULL, NULL, '0', '0', NULL, '0', '2017-08-30 21:02:43', '2017-09-12 21:56:04', '471db98f-dc5b-4b71-b274-2ca8b006d7d0'),
 ('404', '378', 'de_de', 'Acorns', NULL, 'left', NULL, NULL, NULL, 'blue', '0', 'primary', NULL, 'gray', NULL, 'normal', NULL, NULL, NULL, NULL, NULL, NULL, '0.0', NULL, NULL, NULL, NULL, NULL, NULL, NULL, 'website', NULL, NULL, NULL, NULL, NULL, 'left', '0', NULL, NULL, NULL, NULL, '0', '0', NULL, NULL, NULL, NULL, NULL, NULL, NULL, NULL, NULL, '0', '0', '0', NULL, NULL, NULL, NULL, NULL, NULL, NULL, NULL, NULL, NULL, NULL, NULL, NULL, NULL, NULL, NULL, NULL, NULL, '0', '0', NULL, '0', '2017-08-30 21:02:43', '2017-08-30 21:02:43', 'b4624db8-bc03-4e20-a9c9-14762b35e920'),
 ('405', '379', 'en_us', 'Acorns', NULL, 'left', NULL, NULL, NULL, 'blue', '0', 'primary', NULL, 'gray', NULL, 'normal', NULL, NULL, NULL, NULL, NULL, NULL, '0.0', NULL, NULL, NULL, NULL, NULL, NULL, NULL, 'website', NULL, NULL, NULL, NULL, NULL, 'left', '0', NULL, NULL, NULL, NULL, '0', '0', NULL, NULL, NULL, NULL, NULL, NULL, NULL, NULL, NULL, '0', '0', '0', NULL, NULL, NULL, NULL, NULL, NULL, NULL, NULL, NULL, NULL, NULL, NULL, NULL, NULL, NULL, NULL, NULL, NULL, '0', '0', NULL, '0', '2017-08-30 21:02:43', '2017-09-12 21:56:04', 'e797c70b-1360-4b3d-ad80-605024589bc0'),
 ('406', '379', 'de_de', 'Acorns', NULL, 'left', NULL, NULL, NULL, 'blue', '0', 'primary', NULL, 'gray', NULL, 'normal', NULL, NULL, NULL, NULL, NULL, NULL, '0.0', NULL, NULL, NULL, NULL, NULL, NULL, NULL, 'website', NULL, NULL, NULL, NULL, NULL, 'left', '0', NULL, NULL, NULL, NULL, '0', '0', NULL, NULL, NULL, NULL, NULL, NULL, NULL, NULL, NULL, '0', '0', '0', NULL, NULL, NULL, NULL, NULL, NULL, NULL, NULL, NULL, NULL, NULL, NULL, NULL, NULL, NULL, NULL, NULL, NULL, '0', '0', NULL, '0', '2017-08-30 21:02:43', '2017-08-30 21:02:43', 'a2213165-8f2d-4e5e-ab36-038ddefb9968'),
 ('407', '380', 'en_us', 'Alabamapink', NULL, 'left', NULL, NULL, NULL, 'blue', '0', 'primary', NULL, 'gray', NULL, 'normal', NULL, NULL, NULL, NULL, NULL, NULL, '0.0', NULL, NULL, NULL, NULL, NULL, NULL, NULL, 'website', NULL, NULL, NULL, NULL, NULL, 'left', '0', NULL, NULL, NULL, NULL, '0', '0', NULL, NULL, NULL, NULL, NULL, NULL, NULL, NULL, NULL, '0', '0', '0', NULL, NULL, NULL, NULL, NULL, NULL, NULL, NULL, NULL, NULL, NULL, NULL, NULL, NULL, NULL, NULL, NULL, NULL, '0', '0', NULL, '0', '2017-08-30 21:02:43', '2017-09-12 21:56:06', '19a0c8ca-5f8c-49c1-b3fa-70fa3d46c8fb'),
 ('408', '380', 'de_de', 'Alabamapink', NULL, 'left', NULL, NULL, NULL, 'blue', '0', 'primary', NULL, 'gray', NULL, 'normal', NULL, NULL, NULL, NULL, NULL, NULL, '0.0', NULL, NULL, NULL, NULL, NULL, NULL, NULL, 'website', NULL, NULL, NULL, NULL, NULL, 'left', '0', NULL, NULL, NULL, NULL, '0', '0', NULL, NULL, NULL, NULL, NULL, NULL, NULL, NULL, NULL, '0', '0', '0', NULL, NULL, NULL, NULL, NULL, NULL, NULL, NULL, NULL, NULL, NULL, NULL, NULL, NULL, NULL, NULL, NULL, NULL, '0', '0', NULL, '0', '2017-08-30 21:02:43', '2017-08-30 21:02:43', '253e93e3-bdf7-4940-b4e6-563f1b42ea43'),
 ('409', '381', 'en_us', 'Bloomingdales', NULL, 'left', NULL, NULL, NULL, 'blue', '0', 'primary', NULL, 'gray', NULL, 'normal', NULL, NULL, NULL, NULL, NULL, NULL, '0.0', NULL, NULL, NULL, NULL, NULL, NULL, NULL, 'website', NULL, NULL, NULL, NULL, NULL, 'left', '0', NULL, NULL, NULL, NULL, '0', '0', NULL, NULL, NULL, NULL, NULL, NULL, NULL, NULL, NULL, '0', '0', '0', NULL, NULL, NULL, NULL, NULL, NULL, NULL, NULL, NULL, NULL, NULL, NULL, NULL, NULL, NULL, NULL, NULL, NULL, '0', '0', NULL, '0', '2017-08-30 21:02:44', '2017-09-12 21:56:04', 'a6717016-f3b4-4a3a-8ba3-bdef37f3d5fc'),
 ('410', '381', 'de_de', 'Bloomingdales', NULL, 'left', NULL, NULL, NULL, 'blue', '0', 'primary', NULL, 'gray', NULL, 'normal', NULL, NULL, NULL, NULL, NULL, NULL, '0.0', NULL, NULL, NULL, NULL, NULL, NULL, NULL, 'website', NULL, NULL, NULL, NULL, NULL, 'left', '0', NULL, NULL, NULL, NULL, '0', '0', NULL, NULL, NULL, NULL, NULL, NULL, NULL, NULL, NULL, '0', '0', '0', NULL, NULL, NULL, NULL, NULL, NULL, NULL, NULL, NULL, NULL, NULL, NULL, NULL, NULL, NULL, NULL, NULL, NULL, '0', '0', NULL, '0', '2017-08-30 21:02:44', '2017-08-30 21:02:44', '71dd6334-986e-4e16-ad52-38fc91945b95'),
 ('411', '382', 'en_us', 'Bloomingdales', NULL, 'left', NULL, NULL, NULL, 'blue', '0', 'primary', NULL, 'gray', NULL, 'normal', NULL, NULL, NULL, NULL, NULL, NULL, '0.0', NULL, NULL, NULL, NULL, NULL, NULL, NULL, 'website', NULL, NULL, NULL, NULL, NULL, 'left', '0', NULL, NULL, NULL, NULL, '0', '0', NULL, NULL, NULL, NULL, NULL, NULL, NULL, NULL, NULL, '0', '0', '0', NULL, NULL, NULL, NULL, NULL, NULL, NULL, NULL, NULL, NULL, NULL, NULL, NULL, NULL, NULL, NULL, NULL, NULL, '0', '0', NULL, '0', '2017-08-30 21:02:44', '2017-09-12 21:56:05', '6ab86a94-f1eb-41f9-a0fe-7e6453633cf8'),
 ('412', '382', 'de_de', 'Bloomingdales', NULL, 'left', NULL, NULL, NULL, 'blue', '0', 'primary', NULL, 'gray', NULL, 'normal', NULL, NULL, NULL, NULL, NULL, NULL, '0.0', NULL, NULL, NULL, NULL, NULL, NULL, NULL, 'website', NULL, NULL, NULL, NULL, NULL, 'left', '0', NULL, NULL, NULL, NULL, '0', '0', NULL, NULL, NULL, NULL, NULL, NULL, NULL, NULL, NULL, '0', '0', '0', NULL, NULL, NULL, NULL, NULL, NULL, NULL, NULL, NULL, NULL, NULL, NULL, NULL, NULL, NULL, NULL, NULL, NULL, '0', '0', NULL, '0', '2017-08-30 21:02:44', '2017-08-30 21:02:44', '19b6514e-a717-4b4d-8888-6f4f972cebd2'),
 ('413', '383', 'en_us', 'Bumble V2', NULL, 'left', NULL, NULL, NULL, 'blue', '0', 'primary', NULL, 'gray', NULL, 'normal', NULL, NULL, NULL, NULL, NULL, NULL, '0.0', NULL, NULL, NULL, NULL, NULL, NULL, NULL, 'website', NULL, NULL, NULL, NULL, NULL, 'left', '0', NULL, NULL, NULL, NULL, '0', '0', NULL, NULL, NULL, NULL, NULL, NULL, NULL, NULL, NULL, '0', '0', '0', NULL, NULL, NULL, NULL, NULL, NULL, NULL, NULL, NULL, NULL, NULL, NULL, NULL, NULL, NULL, NULL, NULL, NULL, '0', '0', NULL, '0', '2017-08-30 21:02:44', '2017-09-12 21:56:05', '6160c751-efa9-4e03-8d9c-cfa1f9bd16bf'),
 ('414', '383', 'de_de', 'Bumble V2', NULL, 'left', NULL, NULL, NULL, 'blue', '0', 'primary', NULL, 'gray', NULL, 'normal', NULL, NULL, NULL, NULL, NULL, NULL, '0.0', NULL, NULL, NULL, NULL, NULL, NULL, NULL, 'website', NULL, NULL, NULL, NULL, NULL, 'left', '0', NULL, NULL, NULL, NULL, '0', '0', NULL, NULL, NULL, NULL, NULL, NULL, NULL, NULL, NULL, '0', '0', '0', NULL, NULL, NULL, NULL, NULL, NULL, NULL, NULL, NULL, NULL, NULL, NULL, NULL, NULL, NULL, NULL, NULL, NULL, '0', '0', NULL, '0', '2017-08-30 21:02:44', '2017-08-30 21:02:44', '76a25241-2f97-4037-a0a7-30d367ab7843'),
 ('415', '384', 'en_us', 'Bumble V2', NULL, 'left', NULL, NULL, NULL, 'blue', '0', 'primary', NULL, 'gray', NULL, 'normal', NULL, NULL, NULL, NULL, NULL, NULL, '0.0', NULL, NULL, NULL, NULL, NULL, NULL, NULL, 'website', NULL, NULL, NULL, NULL, NULL, 'left', '0', NULL, NULL, NULL, NULL, '0', '0', NULL, NULL, NULL, NULL, NULL, NULL, NULL, NULL, NULL, '0', '0', '0', NULL, NULL, NULL, NULL, NULL, NULL, NULL, NULL, NULL, NULL, NULL, NULL, NULL, NULL, NULL, NULL, NULL, NULL, '0', '0', NULL, '0', '2017-08-30 21:02:44', '2017-09-12 21:56:05', 'e818b9ba-10c0-435d-8b47-3c50bcd5f5b7'),
 ('416', '384', 'de_de', 'Bumble V2', NULL, 'left', NULL, NULL, NULL, 'blue', '0', 'primary', NULL, 'gray', NULL, 'normal', NULL, NULL, NULL, NULL, NULL, NULL, '0.0', NULL, NULL, NULL, NULL, NULL, NULL, NULL, 'website', NULL, NULL, NULL, NULL, NULL, 'left', '0', NULL, NULL, NULL, NULL, '0', '0', NULL, NULL, NULL, NULL, NULL, NULL, NULL, NULL, NULL, '0', '0', '0', NULL, NULL, NULL, NULL, NULL, NULL, NULL, NULL, NULL, NULL, NULL, NULL, NULL, NULL, NULL, NULL, NULL, NULL, '0', '0', NULL, '0', '2017-08-30 21:02:44', '2017-08-30 21:02:44', '6fff5a47-d720-428f-9e0d-dd1d63b1f51e'),
 ('417', '385', 'en_us', 'Alabamapink', NULL, 'left', NULL, NULL, NULL, 'blue', '0', 'primary', NULL, 'gray', NULL, 'normal', NULL, NULL, NULL, NULL, NULL, NULL, '0.0', NULL, NULL, NULL, NULL, NULL, NULL, NULL, 'website', NULL, NULL, NULL, NULL, NULL, 'left', '0', NULL, NULL, NULL, NULL, '0', '0', NULL, NULL, NULL, NULL, NULL, NULL, NULL, NULL, NULL, '0', '0', '0', NULL, NULL, NULL, NULL, NULL, NULL, NULL, NULL, NULL, NULL, NULL, NULL, NULL, NULL, NULL, NULL, NULL, NULL, '0', '0', NULL, '0', '2017-08-30 21:02:44', '2017-09-12 21:56:04', '2b8b417f-c850-4352-bf86-4be447108720'),
 ('418', '385', 'de_de', 'Alabamapink', NULL, 'left', NULL, NULL, NULL, 'blue', '0', 'primary', NULL, 'gray', NULL, 'normal', NULL, NULL, NULL, NULL, NULL, NULL, '0.0', NULL, NULL, NULL, NULL, NULL, NULL, NULL, 'website', NULL, NULL, NULL, NULL, NULL, 'left', '0', NULL, NULL, NULL, NULL, '0', '0', NULL, NULL, NULL, NULL, NULL, NULL, NULL, NULL, NULL, '0', '0', '0', NULL, NULL, NULL, NULL, NULL, NULL, NULL, NULL, NULL, NULL, NULL, NULL, NULL, NULL, NULL, NULL, NULL, NULL, '0', '0', NULL, '0', '2017-08-30 21:02:44', '2017-08-30 21:02:44', 'c939c842-69e3-4129-a8e2-03c297fb90a2'),
 ('419', '386', 'en_us', 'Burberry', NULL, 'left', NULL, NULL, NULL, 'blue', '0', 'primary', NULL, 'gray', NULL, 'normal', NULL, NULL, NULL, NULL, NULL, NULL, '0.0', NULL, NULL, NULL, NULL, NULL, NULL, NULL, 'website', NULL, NULL, NULL, NULL, NULL, 'left', '0', NULL, NULL, NULL, NULL, '0', '0', NULL, NULL, NULL, NULL, NULL, NULL, NULL, NULL, NULL, '0', '0', '0', NULL, NULL, NULL, NULL, NULL, NULL, NULL, NULL, NULL, NULL, NULL, NULL, NULL, NULL, NULL, NULL, NULL, NULL, '0', '0', NULL, '0', '2017-08-30 21:02:44', '2017-09-12 21:56:05', '8a1a38d0-ba07-468f-89ad-e781cffcf4fe'),
 ('420', '386', 'de_de', 'Burberry', NULL, 'left', NULL, NULL, NULL, 'blue', '0', 'primary', NULL, 'gray', NULL, 'normal', NULL, NULL, NULL, NULL, NULL, NULL, '0.0', NULL, NULL, NULL, NULL, NULL, NULL, NULL, 'website', NULL, NULL, NULL, NULL, NULL, 'left', '0', NULL, NULL, NULL, NULL, '0', '0', NULL, NULL, NULL, NULL, NULL, NULL, NULL, NULL, NULL, '0', '0', '0', NULL, NULL, NULL, NULL, NULL, NULL, NULL, NULL, NULL, NULL, NULL, NULL, NULL, NULL, NULL, NULL, NULL, NULL, '0', '0', NULL, '0', '2017-08-30 21:02:44', '2017-08-30 21:02:44', '66f787be-a63c-4f4e-aff7-7bb1faa6e460'),
 ('421', '387', 'en_us', 'Burberry', NULL, 'left', NULL, NULL, NULL, 'blue', '0', 'primary', NULL, 'gray', NULL, 'normal', NULL, NULL, NULL, NULL, NULL, NULL, '0.0', NULL, NULL, NULL, NULL, NULL, NULL, NULL, 'website', NULL, NULL, NULL, NULL, NULL, 'left', '0', NULL, NULL, NULL, NULL, '0', '0', NULL, NULL, NULL, NULL, NULL, NULL, NULL, NULL, NULL, '0', '0', '0', NULL, NULL, NULL, NULL, NULL, NULL, NULL, NULL, NULL, NULL, NULL, NULL, NULL, NULL, NULL, NULL, NULL, NULL, '0', '0', NULL, '0', '2017-08-30 21:02:44', '2017-09-12 21:56:05', '511e31d9-37d2-4804-ab36-f9c8ded5ecf7'),
 ('422', '387', 'de_de', 'Burberry', NULL, 'left', NULL, NULL, NULL, 'blue', '0', 'primary', NULL, 'gray', NULL, 'normal', NULL, NULL, NULL, NULL, NULL, NULL, '0.0', NULL, NULL, NULL, NULL, NULL, NULL, NULL, 'website', NULL, NULL, NULL, NULL, NULL, 'left', '0', NULL, NULL, NULL, NULL, '0', '0', NULL, NULL, NULL, NULL, NULL, NULL, NULL, NULL, NULL, '0', '0', '0', NULL, NULL, NULL, NULL, NULL, NULL, NULL, NULL, NULL, NULL, NULL, NULL, NULL, NULL, NULL, NULL, NULL, NULL, '0', '0', NULL, '0', '2017-08-30 21:02:44', '2017-08-30 21:02:44', '20d054c8-6448-4c44-8627-bccee280a57c'),
 ('423', '388', 'en_us', 'Ellevennightclub', NULL, 'left', NULL, NULL, NULL, 'blue', '0', 'primary', NULL, 'gray', NULL, 'normal', NULL, NULL, NULL, NULL, NULL, NULL, '0.0', NULL, NULL, NULL, NULL, NULL, NULL, NULL, 'website', NULL, NULL, NULL, NULL, NULL, 'left', '0', NULL, NULL, NULL, NULL, '0', '0', NULL, NULL, NULL, NULL, NULL, NULL, NULL, NULL, NULL, '0', '0', '0', NULL, NULL, NULL, NULL, NULL, NULL, NULL, NULL, NULL, NULL, NULL, NULL, NULL, NULL, NULL, NULL, NULL, NULL, '0', '0', NULL, '0', '2017-08-30 21:02:45', '2017-09-12 21:56:05', '8574db6a-bebb-4da0-9ba2-3d693c7c7191'),
 ('424', '388', 'de_de', 'Ellevennightclub', NULL, 'left', NULL, NULL, NULL, 'blue', '0', 'primary', NULL, 'gray', NULL, 'normal', NULL, NULL, NULL, NULL, NULL, NULL, '0.0', NULL, NULL, NULL, NULL, NULL, NULL, NULL, 'website', NULL, NULL, NULL, NULL, NULL, 'left', '0', NULL, NULL, NULL, NULL, '0', '0', NULL, NULL, NULL, NULL, NULL, NULL, NULL, NULL, NULL, '0', '0', '0', NULL, NULL, NULL, NULL, NULL, NULL, NULL, NULL, NULL, NULL, NULL, NULL, NULL, NULL, NULL, NULL, NULL, NULL, '0', '0', NULL, '0', '2017-08-30 21:02:45', '2017-08-30 21:02:45', '9e7b81de-35f8-4aae-b414-1aa7c336c548'),
 ('425', '389', 'en_us', 'Ellevennightclub', NULL, 'left', NULL, NULL, NULL, 'blue', '0', 'primary', NULL, 'gray', NULL, 'normal', NULL, NULL, NULL, NULL, NULL, NULL, '0.0', NULL, NULL, NULL, NULL, NULL, NULL, NULL, 'website', NULL, NULL, NULL, NULL, NULL, 'left', '0', NULL, NULL, NULL, NULL, '0', '0', NULL, NULL, NULL, NULL, NULL, NULL, NULL, NULL, NULL, '0', '0', '0', NULL, NULL, NULL, NULL, NULL, NULL, NULL, NULL, NULL, NULL, NULL, NULL, NULL, NULL, NULL, NULL, NULL, NULL, '0', '0', NULL, '0', '2017-08-30 21:02:45', '2017-09-12 21:56:06', 'fd5fe351-039d-4f53-85e4-115e34dfee41'),
 ('426', '389', 'de_de', 'Ellevennightclub', NULL, 'left', NULL, NULL, NULL, 'blue', '0', 'primary', NULL, 'gray', NULL, 'normal', NULL, NULL, NULL, NULL, NULL, NULL, '0.0', NULL, NULL, NULL, NULL, NULL, NULL, NULL, 'website', NULL, NULL, NULL, NULL, NULL, 'left', '0', NULL, NULL, NULL, NULL, '0', '0', NULL, NULL, NULL, NULL, NULL, NULL, NULL, NULL, NULL, '0', '0', '0', NULL, NULL, NULL, NULL, NULL, NULL, NULL, NULL, NULL, NULL, NULL, NULL, NULL, NULL, NULL, NULL, NULL, NULL, '0', '0', NULL, '0', '2017-08-30 21:02:45', '2017-08-30 21:02:45', '1e61a32e-3fef-4749-abcb-9df41570f0f4'),
 ('427', '390', 'en_us', 'Gametime', NULL, 'left', NULL, NULL, NULL, 'blue', '0', 'primary', NULL, 'gray', NULL, 'normal', NULL, NULL, NULL, NULL, NULL, NULL, '0.0', NULL, NULL, NULL, NULL, NULL, NULL, NULL, 'website', NULL, NULL, NULL, NULL, NULL, 'left', '0', NULL, NULL, NULL, NULL, '0', '0', NULL, NULL, NULL, NULL, NULL, NULL, NULL, NULL, NULL, '0', '0', '0', NULL, NULL, NULL, NULL, NULL, NULL, NULL, NULL, NULL, NULL, NULL, NULL, NULL, NULL, NULL, NULL, NULL, NULL, '0', '0', NULL, '0', '2017-08-30 21:02:45', '2017-09-12 21:56:06', 'f8ccc506-3c97-45a2-802f-f13979b6e736'),
 ('428', '390', 'de_de', 'Gametime', NULL, 'left', NULL, NULL, NULL, 'blue', '0', 'primary', NULL, 'gray', NULL, 'normal', NULL, NULL, NULL, NULL, NULL, NULL, '0.0', NULL, NULL, NULL, NULL, NULL, NULL, NULL, 'website', NULL, NULL, NULL, NULL, NULL, 'left', '0', NULL, NULL, NULL, NULL, '0', '0', NULL, NULL, NULL, NULL, NULL, NULL, NULL, NULL, NULL, '0', '0', '0', NULL, NULL, NULL, NULL, NULL, NULL, NULL, NULL, NULL, NULL, NULL, NULL, NULL, NULL, NULL, NULL, NULL, NULL, '0', '0', NULL, '0', '2017-08-30 21:02:45', '2017-08-30 21:02:45', 'f9913513-5fdf-448e-b16d-8089892626d4'),
 ('429', '391', 'en_us', 'Gametime', NULL, 'left', NULL, NULL, NULL, 'blue', '0', 'primary', NULL, 'gray', NULL, 'normal', NULL, NULL, NULL, NULL, NULL, NULL, '0.0', NULL, NULL, NULL, NULL, NULL, NULL, NULL, 'website', NULL, NULL, NULL, NULL, NULL, 'left', '0', NULL, NULL, NULL, NULL, '0', '0', NULL, NULL, NULL, NULL, NULL, NULL, NULL, NULL, NULL, '0', '0', '0', NULL, NULL, NULL, NULL, NULL, NULL, NULL, NULL, NULL, NULL, NULL, NULL, NULL, NULL, NULL, NULL, NULL, NULL, '0', '0', NULL, '0', '2017-08-30 21:02:45', '2017-09-12 21:56:06', 'f3a52c7b-732b-4884-89fd-8f692a47a050'),
 ('430', '391', 'de_de', 'Gametime', NULL, 'left', NULL, NULL, NULL, 'blue', '0', 'primary', NULL, 'gray', NULL, 'normal', NULL, NULL, NULL, NULL, NULL, NULL, '0.0', NULL, NULL, NULL, NULL, NULL, NULL, NULL, 'website', NULL, NULL, NULL, NULL, NULL, 'left', '0', NULL, NULL, NULL, NULL, '0', '0', NULL, NULL, NULL, NULL, NULL, NULL, NULL, NULL, NULL, '0', '0', '0', NULL, NULL, NULL, NULL, NULL, NULL, NULL, NULL, NULL, NULL, NULL, NULL, NULL, NULL, NULL, NULL, NULL, NULL, '0', '0', NULL, '0', '2017-08-30 21:02:45', '2017-08-30 21:02:45', '3868a094-fd2b-464a-9e44-888024549659'),
 ('431', '392', 'en_us', 'Gatorade', NULL, 'left', NULL, NULL, NULL, 'blue', '0', 'primary', NULL, 'gray', NULL, 'normal', NULL, NULL, NULL, NULL, NULL, NULL, '0.0', NULL, NULL, NULL, NULL, NULL, NULL, NULL, 'website', NULL, NULL, NULL, NULL, NULL, 'left', '0', NULL, NULL, NULL, NULL, '0', '0', NULL, NULL, NULL, NULL, NULL, NULL, NULL, NULL, NULL, '0', '0', '0', NULL, NULL, NULL, NULL, NULL, NULL, NULL, NULL, NULL, NULL, NULL, NULL, NULL, NULL, NULL, NULL, NULL, NULL, '0', '0', NULL, '0', '2017-08-30 21:02:45', '2017-09-12 21:56:06', 'be698e02-2bff-4ae8-9007-42ed67ef3431'),
 ('432', '392', 'de_de', 'Gatorade', NULL, 'left', NULL, NULL, NULL, 'blue', '0', 'primary', NULL, 'gray', NULL, 'normal', NULL, NULL, NULL, NULL, NULL, NULL, '0.0', NULL, NULL, NULL, NULL, NULL, NULL, NULL, 'website', NULL, NULL, NULL, NULL, NULL, 'left', '0', NULL, NULL, NULL, NULL, '0', '0', NULL, NULL, NULL, NULL, NULL, NULL, NULL, NULL, NULL, '0', '0', '0', NULL, NULL, NULL, NULL, NULL, NULL, NULL, NULL, NULL, NULL, NULL, NULL, NULL, NULL, NULL, NULL, NULL, NULL, '0', '0', NULL, '0', '2017-08-30 21:02:45', '2017-08-30 21:02:45', '69ccc4c0-74ba-4f83-bf75-844d7bb32acb'),
 ('433', '393', 'en_us', 'Gatorade', NULL, 'left', NULL, NULL, NULL, 'blue', '0', 'primary', NULL, 'gray', NULL, 'normal', NULL, NULL, NULL, NULL, NULL, NULL, '0.0', NULL, NULL, NULL, NULL, NULL, NULL, NULL, 'website', NULL, NULL, NULL, NULL, NULL, 'left', '0', NULL, NULL, NULL, NULL, '0', '0', NULL, NULL, NULL, NULL, NULL, NULL, NULL, NULL, NULL, '0', '0', '0', NULL, NULL, NULL, NULL, NULL, NULL, NULL, NULL, NULL, NULL, NULL, NULL, NULL, NULL, NULL, NULL, NULL, NULL, '0', '0', NULL, '0', '2017-08-30 21:02:45', '2017-09-12 21:56:06', '6544e745-bda5-42fa-b3e7-f298c5cf854e'),
 ('434', '393', 'de_de', 'Gatorade', NULL, 'left', NULL, NULL, NULL, 'blue', '0', 'primary', NULL, 'gray', NULL, 'normal', NULL, NULL, NULL, NULL, NULL, NULL, '0.0', NULL, NULL, NULL, NULL, NULL, NULL, NULL, 'website', NULL, NULL, NULL, NULL, NULL, 'left', '0', NULL, NULL, NULL, NULL, '0', '0', NULL, NULL, NULL, NULL, NULL, NULL, NULL, NULL, NULL, '0', '0', '0', NULL, NULL, NULL, NULL, NULL, NULL, NULL, NULL, NULL, NULL, NULL, NULL, NULL, NULL, NULL, NULL, NULL, NULL, '0', '0', NULL, '0', '2017-08-30 21:02:45', '2017-08-30 21:02:45', '89e4b47c-a0b0-4d78-aa8e-96711be70e8f'),
 ('435', '394', 'en_us', 'Geofilter', NULL, 'left', NULL, NULL, NULL, 'blue', '0', 'primary', NULL, 'gray', NULL, 'normal', NULL, NULL, NULL, NULL, NULL, NULL, '0.0', NULL, NULL, NULL, NULL, NULL, NULL, NULL, 'website', NULL, NULL, NULL, NULL, NULL, 'left', '0', NULL, NULL, NULL, NULL, '0', '0', NULL, NULL, NULL, NULL, NULL, NULL, NULL, NULL, NULL, '0', '0', '0', NULL, NULL, NULL, NULL, NULL, NULL, NULL, NULL, NULL, NULL, NULL, NULL, NULL, NULL, NULL, NULL, NULL, NULL, '0', '0', NULL, '0', '2017-08-30 21:02:45', '2017-09-12 21:56:06', 'c0e3be22-555b-4f53-a9c1-23ab56591f48'),
 ('436', '394', 'de_de', 'Geofilter', NULL, 'left', NULL, NULL, NULL, 'blue', '0', 'primary', NULL, 'gray', NULL, 'normal', NULL, NULL, NULL, NULL, NULL, NULL, '0.0', NULL, NULL, NULL, NULL, NULL, NULL, NULL, 'website', NULL, NULL, NULL, NULL, NULL, 'left', '0', NULL, NULL, NULL, NULL, '0', '0', NULL, NULL, NULL, NULL, NULL, NULL, NULL, NULL, NULL, '0', '0', '0', NULL, NULL, NULL, NULL, NULL, NULL, NULL, NULL, NULL, NULL, NULL, NULL, NULL, NULL, NULL, NULL, NULL, NULL, '0', '0', NULL, '0', '2017-08-30 21:02:45', '2017-08-30 21:02:45', 'ba3071f6-f9ba-4d2d-b86c-3c2169a86a3d'),
 ('437', '395', 'en_us', 'Geofilter', NULL, 'left', NULL, NULL, NULL, 'blue', '0', 'primary', NULL, 'gray', NULL, 'normal', NULL, NULL, NULL, NULL, NULL, NULL, '0.0', NULL, NULL, NULL, NULL, NULL, NULL, NULL, 'website', NULL, NULL, NULL, NULL, NULL, 'left', '0', NULL, NULL, NULL, NULL, '0', '0', NULL, NULL, NULL, NULL, NULL, NULL, NULL, NULL, NULL, '0', '0', '0', NULL, NULL, NULL, NULL, NULL, NULL, NULL, NULL, NULL, NULL, NULL, NULL, NULL, NULL, NULL, NULL, NULL, NULL, '0', '0', NULL, '0', '2017-08-30 21:02:45', '2017-09-12 21:56:06', '66182382-e5cd-46a5-9257-5446a337454d'),
 ('438', '395', 'de_de', 'Geofilter', NULL, 'left', NULL, NULL, NULL, 'blue', '0', 'primary', NULL, 'gray', NULL, 'normal', NULL, NULL, NULL, NULL, NULL, NULL, '0.0', NULL, NULL, NULL, NULL, NULL, NULL, NULL, 'website', NULL, NULL, NULL, NULL, NULL, 'left', '0', NULL, NULL, NULL, NULL, '0', '0', NULL, NULL, NULL, NULL, NULL, NULL, NULL, NULL, NULL, '0', '0', '0', NULL, NULL, NULL, NULL, NULL, NULL, NULL, NULL, NULL, NULL, NULL, NULL, NULL, NULL, NULL, NULL, NULL, NULL, '0', '0', NULL, '0', '2017-08-30 21:02:46', '2017-08-30 21:02:46', '9f41693e-15e6-4ad3-8077-90654ef6e829'),
 ('439', '396', 'en_us', 'Lakings', NULL, 'left', NULL, NULL, NULL, 'blue', '0', 'primary', NULL, 'gray', NULL, 'normal', NULL, NULL, NULL, NULL, NULL, NULL, '0.0', NULL, NULL, NULL, NULL, NULL, NULL, NULL, 'website', NULL, NULL, NULL, NULL, NULL, 'left', '0', NULL, NULL, NULL, NULL, '0', '0', NULL, NULL, NULL, NULL, NULL, NULL, NULL, NULL, NULL, '0', '0', '0', NULL, NULL, NULL, NULL, NULL, NULL, NULL, NULL, NULL, NULL, NULL, NULL, NULL, NULL, NULL, NULL, NULL, NULL, '0', '0', NULL, '0', '2017-08-30 21:02:46', '2017-09-12 21:56:07', 'a3d3f83a-4ab4-4f38-905e-36b8d9af6da5'),
 ('440', '396', 'de_de', 'Lakings', NULL, 'left', NULL, NULL, NULL, 'blue', '0', 'primary', NULL, 'gray', NULL, 'normal', NULL, NULL, NULL, NULL, NULL, NULL, '0.0', NULL, NULL, NULL, NULL, NULL, NULL, NULL, 'website', NULL, NULL, NULL, NULL, NULL, 'left', '0', NULL, NULL, NULL, NULL, '0', '0', NULL, NULL, NULL, NULL, NULL, NULL, NULL, NULL, NULL, '0', '0', '0', NULL, NULL, NULL, NULL, NULL, NULL, NULL, NULL, NULL, NULL, NULL, NULL, NULL, NULL, NULL, NULL, NULL, NULL, '0', '0', NULL, '0', '2017-08-30 21:02:46', '2017-08-30 21:02:46', 'cbdde823-8f13-4898-b599-105822e378cb'),
 ('441', '397', 'en_us', 'Lakings', NULL, 'left', NULL, NULL, NULL, 'blue', '0', 'primary', NULL, 'gray', NULL, 'normal', NULL, NULL, NULL, NULL, NULL, NULL, '0.0', NULL, NULL, NULL, NULL, NULL, NULL, NULL, 'website', NULL, NULL, NULL, NULL, NULL, 'left', '0', NULL, NULL, NULL, NULL, '0', '0', NULL, NULL, NULL, NULL, NULL, NULL, NULL, NULL, NULL, '0', '0', '0', NULL, NULL, NULL, NULL, NULL, NULL, NULL, NULL, NULL, NULL, NULL, NULL, NULL, NULL, NULL, NULL, NULL, NULL, '0', '0', NULL, '0', '2017-08-30 21:02:46', '2017-09-12 21:56:07', '2b5abefb-e703-498a-810e-7c7492952826'),
 ('442', '397', 'de_de', 'Lakings', NULL, 'left', NULL, NULL, NULL, 'blue', '0', 'primary', NULL, 'gray', NULL, 'normal', NULL, NULL, NULL, NULL, NULL, NULL, '0.0', NULL, NULL, NULL, NULL, NULL, NULL, NULL, 'website', NULL, NULL, NULL, NULL, NULL, 'left', '0', NULL, NULL, NULL, NULL, '0', '0', NULL, NULL, NULL, NULL, NULL, NULL, NULL, NULL, NULL, '0', '0', '0', NULL, NULL, NULL, NULL, NULL, NULL, NULL, NULL, NULL, NULL, NULL, NULL, NULL, NULL, NULL, NULL, NULL, NULL, '0', '0', NULL, '0', '2017-08-30 21:02:46', '2017-08-30 21:02:46', '58dbc494-694e-4291-a959-4e0c4f7f0b36'),
 ('443', '398', 'en_us', 'Michaelkors', NULL, 'left', NULL, NULL, NULL, 'blue', '0', 'primary', NULL, 'gray', NULL, 'normal', NULL, NULL, NULL, NULL, NULL, NULL, '0.0', NULL, NULL, NULL, NULL, NULL, NULL, NULL, 'website', NULL, NULL, NULL, NULL, NULL, 'left', '0', NULL, NULL, NULL, NULL, '0', '0', NULL, NULL, NULL, NULL, NULL, NULL, NULL, NULL, NULL, '0', '0', '0', NULL, NULL, NULL, NULL, NULL, NULL, NULL, NULL, NULL, NULL, NULL, NULL, NULL, NULL, NULL, NULL, NULL, NULL, '0', '0', NULL, '0', '2017-08-30 21:02:46', '2017-09-12 21:56:07', '51c0fdc0-daa2-47be-8e54-f17fa0c33aa1'),
 ('444', '398', 'de_de', 'Michaelkors', NULL, 'left', NULL, NULL, NULL, 'blue', '0', 'primary', NULL, 'gray', NULL, 'normal', NULL, NULL, NULL, NULL, NULL, NULL, '0.0', NULL, NULL, NULL, NULL, NULL, NULL, NULL, 'website', NULL, NULL, NULL, NULL, NULL, 'left', '0', NULL, NULL, NULL, NULL, '0', '0', NULL, NULL, NULL, NULL, NULL, NULL, NULL, NULL, NULL, '0', '0', '0', NULL, NULL, NULL, NULL, NULL, NULL, NULL, NULL, NULL, NULL, NULL, NULL, NULL, NULL, NULL, NULL, NULL, NULL, '0', '0', NULL, '0', '2017-08-30 21:02:46', '2017-08-30 21:02:46', '944ee280-4433-4ac9-914d-78ffdbf9c856'),
 ('445', '399', 'en_us', 'Mtndew', NULL, 'left', NULL, NULL, NULL, 'blue', '0', 'primary', NULL, 'gray', NULL, 'normal', NULL, NULL, NULL, NULL, NULL, NULL, '0.0', NULL, NULL, NULL, NULL, NULL, NULL, NULL, 'website', NULL, NULL, NULL, NULL, NULL, 'left', '0', NULL, NULL, NULL, NULL, '0', '0', NULL, NULL, NULL, NULL, NULL, NULL, NULL, NULL, NULL, '0', '0', '0', NULL, NULL, NULL, NULL, NULL, NULL, NULL, NULL, NULL, NULL, NULL, NULL, NULL, NULL, NULL, NULL, NULL, NULL, '0', '0', NULL, '0', '2017-08-30 21:02:46', '2017-09-12 21:56:07', 'b1c2853f-16eb-474d-89eb-7fc39f47d28e'),
 ('446', '399', 'de_de', 'Mtndew', NULL, 'left', NULL, NULL, NULL, 'blue', '0', 'primary', NULL, 'gray', NULL, 'normal', NULL, NULL, NULL, NULL, NULL, NULL, '0.0', NULL, NULL, NULL, NULL, NULL, NULL, NULL, 'website', NULL, NULL, NULL, NULL, NULL, 'left', '0', NULL, NULL, NULL, NULL, '0', '0', NULL, NULL, NULL, NULL, NULL, NULL, NULL, NULL, NULL, '0', '0', '0', NULL, NULL, NULL, NULL, NULL, NULL, NULL, NULL, NULL, NULL, NULL, NULL, NULL, NULL, NULL, NULL, NULL, NULL, '0', '0', NULL, '0', '2017-08-30 21:02:46', '2017-08-30 21:02:46', '685ed5a6-8474-4978-bef9-b7b096a02257'),
 ('447', '400', 'en_us', 'Michaelkors', NULL, 'left', NULL, NULL, NULL, 'blue', '0', 'primary', NULL, 'gray', NULL, 'normal', NULL, NULL, NULL, NULL, NULL, NULL, '0.0', NULL, NULL, NULL, NULL, NULL, NULL, NULL, 'website', NULL, NULL, NULL, NULL, NULL, 'left', '0', NULL, NULL, NULL, NULL, '0', '0', NULL, NULL, NULL, NULL, NULL, NULL, NULL, NULL, NULL, '0', '0', '0', NULL, NULL, NULL, NULL, NULL, NULL, NULL, NULL, NULL, NULL, NULL, NULL, NULL, NULL, NULL, NULL, NULL, NULL, '0', '0', NULL, '0', '2017-08-30 21:02:46', '2017-09-12 21:56:07', 'd0406aa0-31ad-438f-b6fd-68260227a915'),
 ('448', '400', 'de_de', 'Michaelkors', NULL, 'left', NULL, NULL, NULL, 'blue', '0', 'primary', NULL, 'gray', NULL, 'normal', NULL, NULL, NULL, NULL, NULL, NULL, '0.0', NULL, NULL, NULL, NULL, NULL, NULL, NULL, 'website', NULL, NULL, NULL, NULL, NULL, 'left', '0', NULL, NULL, NULL, NULL, '0', '0', NULL, NULL, NULL, NULL, NULL, NULL, NULL, NULL, NULL, '0', '0', '0', NULL, NULL, NULL, NULL, NULL, NULL, NULL, NULL, NULL, NULL, NULL, NULL, NULL, NULL, NULL, NULL, NULL, NULL, '0', '0', NULL, '0', '2017-08-30 21:02:46', '2017-08-30 21:02:46', '20f73136-04ed-4db6-a752-73ba3c31f248'),
 ('449', '401', 'en_us', 'Mtndew', NULL, 'left', NULL, NULL, NULL, 'blue', '0', 'primary', NULL, 'gray', NULL, 'normal', NULL, NULL, NULL, NULL, NULL, NULL, '0.0', NULL, NULL, NULL, NULL, NULL, NULL, NULL, 'website', NULL, NULL, NULL, NULL, NULL, 'left', '0', NULL, NULL, NULL, NULL, '0', '0', NULL, NULL, NULL, NULL, NULL, NULL, NULL, NULL, NULL, '0', '0', '0', NULL, NULL, NULL, NULL, NULL, NULL, NULL, NULL, NULL, NULL, NULL, NULL, NULL, NULL, NULL, NULL, NULL, NULL, '0', '0', NULL, '0', '2017-08-30 21:02:46', '2017-09-12 21:56:07', 'cad92017-eb0f-4830-8983-d2c28c2baae9'),
 ('450', '401', 'de_de', 'Mtndew', NULL, 'left', NULL, NULL, NULL, 'blue', '0', 'primary', NULL, 'gray', NULL, 'normal', NULL, NULL, NULL, NULL, NULL, NULL, '0.0', NULL, NULL, NULL, NULL, NULL, NULL, NULL, 'website', NULL, NULL, NULL, NULL, NULL, 'left', '0', NULL, NULL, NULL, NULL, '0', '0', NULL, NULL, NULL, NULL, NULL, NULL, NULL, NULL, NULL, '0', '0', '0', NULL, NULL, NULL, NULL, NULL, NULL, NULL, NULL, NULL, NULL, NULL, NULL, NULL, NULL, NULL, NULL, NULL, NULL, '0', '0', NULL, '0', '2017-08-30 21:02:46', '2017-08-30 21:02:46', 'd36cd431-baa6-4788-8d92-5c965c050fac'),
 ('451', '402', 'en_us', 'Philsdonuts', NULL, 'left', NULL, NULL, NULL, 'blue', '0', 'primary', NULL, 'gray', NULL, 'normal', NULL, NULL, NULL, NULL, NULL, NULL, '0.0', NULL, NULL, NULL, NULL, NULL, NULL, NULL, 'website', NULL, NULL, NULL, NULL, NULL, 'left', '0', NULL, NULL, NULL, NULL, '0', '0', NULL, NULL, NULL, NULL, NULL, NULL, NULL, NULL, NULL, '0', '0', '0', NULL, NULL, NULL, NULL, NULL, NULL, NULL, NULL, NULL, NULL, NULL, NULL, NULL, NULL, NULL, NULL, NULL, NULL, '0', '0', NULL, '0', '2017-08-30 21:02:47', '2017-09-12 21:56:08', '2cd46928-82fb-4310-80a9-6d13e4f91592'),
 ('452', '402', 'de_de', 'Philsdonuts', NULL, 'left', NULL, NULL, NULL, 'blue', '0', 'primary', NULL, 'gray', NULL, 'normal', NULL, NULL, NULL, NULL, NULL, NULL, '0.0', NULL, NULL, NULL, NULL, NULL, NULL, NULL, 'website', NULL, NULL, NULL, NULL, NULL, 'left', '0', NULL, NULL, NULL, NULL, '0', '0', NULL, NULL, NULL, NULL, NULL, NULL, NULL, NULL, NULL, '0', '0', '0', NULL, NULL, NULL, NULL, NULL, NULL, NULL, NULL, NULL, NULL, NULL, NULL, NULL, NULL, NULL, NULL, NULL, NULL, '0', '0', NULL, '0', '2017-08-30 21:02:47', '2017-08-30 21:02:47', '59fedfcd-bb5a-47e1-b127-06f3a57c9e98'),
 ('453', '403', 'en_us', 'Postmates', NULL, 'left', NULL, NULL, NULL, 'blue', '0', 'primary', NULL, 'gray', NULL, 'normal', NULL, NULL, NULL, NULL, NULL, NULL, '0.0', NULL, NULL, NULL, NULL, NULL, NULL, NULL, 'website', NULL, NULL, NULL, NULL, NULL, 'left', '0', NULL, NULL, NULL, NULL, '0', '0', NULL, NULL, NULL, NULL, NULL, NULL, NULL, NULL, NULL, '0', '0', '0', NULL, NULL, NULL, NULL, NULL, NULL, NULL, NULL, NULL, NULL, NULL, NULL, NULL, NULL, NULL, NULL, NULL, NULL, '0', '0', NULL, '0', '2017-08-30 21:02:47', '2017-09-12 21:56:08', '373ea093-b5e3-4a50-9c85-074d692730b4'),
 ('454', '403', 'de_de', 'Postmates', NULL, 'left', NULL, NULL, NULL, 'blue', '0', 'primary', NULL, 'gray', NULL, 'normal', NULL, NULL, NULL, NULL, NULL, NULL, '0.0', NULL, NULL, NULL, NULL, NULL, NULL, NULL, 'website', NULL, NULL, NULL, NULL, NULL, 'left', '0', NULL, NULL, NULL, NULL, '0', '0', NULL, NULL, NULL, NULL, NULL, NULL, NULL, NULL, NULL, '0', '0', '0', NULL, NULL, NULL, NULL, NULL, NULL, NULL, NULL, NULL, NULL, NULL, NULL, NULL, NULL, NULL, NULL, NULL, NULL, '0', '0', NULL, '0', '2017-08-30 21:02:47', '2017-08-30 21:02:47', '545397ca-fb32-47cf-8392-bcf5bdff2a58'),
 ('455', '404', 'en_us', 'Postmates', NULL, 'left', NULL, NULL, NULL, 'blue', '0', 'primary', NULL, 'gray', NULL, 'normal', NULL, NULL, NULL, NULL, NULL, NULL, '0.0', NULL, NULL, NULL, NULL, NULL, NULL, NULL, 'website', NULL, NULL, NULL, NULL, NULL, 'left', '0', NULL, NULL, NULL, NULL, '0', '0', NULL, NULL, NULL, NULL, NULL, NULL, NULL, NULL, NULL, '0', '0', '0', NULL, NULL, NULL, NULL, NULL, NULL, NULL, NULL, NULL, NULL, NULL, NULL, NULL, NULL, NULL, NULL, NULL, NULL, '0', '0', NULL, '0', '2017-08-30 21:02:47', '2017-09-12 21:56:09', '6a7567f0-18f4-4cb0-bbb3-c922200f780d'),
 ('456', '404', 'de_de', 'Postmates', NULL, 'left', NULL, NULL, NULL, 'blue', '0', 'primary', NULL, 'gray', NULL, 'normal', NULL, NULL, NULL, NULL, NULL, NULL, '0.0', NULL, NULL, NULL, NULL, NULL, NULL, NULL, 'website', NULL, NULL, NULL, NULL, NULL, 'left', '0', NULL, NULL, NULL, NULL, '0', '0', NULL, NULL, NULL, NULL, NULL, NULL, NULL, NULL, NULL, '0', '0', '0', NULL, NULL, NULL, NULL, NULL, NULL, NULL, NULL, NULL, NULL, NULL, NULL, NULL, NULL, NULL, NULL, NULL, NULL, '0', '0', NULL, '0', '2017-08-30 21:02:47', '2017-08-30 21:02:47', 'bb1a1757-2f3b-44a4-9096-7d74ce3cd758'),
 ('457', '405', 'en_us', 'Publisher', NULL, 'left', NULL, NULL, NULL, 'blue', '0', 'primary', NULL, 'gray', NULL, 'normal', NULL, NULL, NULL, NULL, NULL, NULL, '0.0', NULL, NULL, NULL, NULL, NULL, NULL, NULL, 'website', NULL, NULL, NULL, NULL, NULL, 'left', '0', NULL, NULL, NULL, NULL, '0', '0', NULL, NULL, NULL, NULL, NULL, NULL, NULL, NULL, NULL, '0', '0', '0', NULL, NULL, NULL, NULL, NULL, NULL, NULL, NULL, NULL, NULL, NULL, NULL, NULL, NULL, NULL, NULL, NULL, NULL, '0', '0', NULL, '0', '2017-08-30 21:02:47', '2017-09-12 21:56:10', '1b572e3e-feae-43d3-9322-2ed7b83ec330'),
 ('458', '405', 'de_de', 'Publisher', NULL, 'left', NULL, NULL, NULL, 'blue', '0', 'primary', NULL, 'gray', NULL, 'normal', NULL, NULL, NULL, NULL, NULL, NULL, '0.0', NULL, NULL, NULL, NULL, NULL, NULL, NULL, 'website', NULL, NULL, NULL, NULL, NULL, 'left', '0', NULL, NULL, NULL, NULL, '0', '0', NULL, NULL, NULL, NULL, NULL, NULL, NULL, NULL, NULL, '0', '0', '0', NULL, NULL, NULL, NULL, NULL, NULL, NULL, NULL, NULL, NULL, NULL, NULL, NULL, NULL, NULL, NULL, NULL, NULL, '0', '0', NULL, '0', '2017-08-30 21:02:47', '2017-08-30 21:02:47', 'a9c3ca73-59a0-489a-be31-1c4867934b16'),
 ('459', '406', 'en_us', 'Publisher', NULL, 'left', NULL, NULL, NULL, 'blue', '0', 'primary', NULL, 'gray', NULL, 'normal', NULL, NULL, NULL, NULL, NULL, NULL, '0.0', NULL, NULL, NULL, NULL, NULL, NULL, NULL, 'website', NULL, NULL, NULL, NULL, NULL, 'left', '0', NULL, NULL, NULL, NULL, '0', '0', NULL, NULL, NULL, NULL, NULL, NULL, NULL, NULL, NULL, '0', '0', '0', NULL, NULL, NULL, NULL, NULL, NULL, NULL, NULL, NULL, NULL, NULL, NULL, NULL, NULL, NULL, NULL, NULL, NULL, '0', '0', NULL, '0', '2017-08-30 21:02:47', '2017-09-12 21:56:10', 'b8eed8c9-7c50-4883-bf2a-d4eee04bab2a'),
 ('460', '406', 'de_de', 'Publisher', NULL, 'left', NULL, NULL, NULL, 'blue', '0', 'primary', NULL, 'gray', NULL, 'normal', NULL, NULL, NULL, NULL, NULL, NULL, '0.0', NULL, NULL, NULL, NULL, NULL, NULL, NULL, 'website', NULL, NULL, NULL, NULL, NULL, 'left', '0', NULL, NULL, NULL, NULL, '0', '0', NULL, NULL, NULL, NULL, NULL, NULL, NULL, NULL, NULL, '0', '0', '0', NULL, NULL, NULL, NULL, NULL, NULL, NULL, NULL, NULL, NULL, NULL, NULL, NULL, NULL, NULL, NULL, NULL, NULL, '0', '0', NULL, '0', '2017-08-30 21:02:47', '2017-08-30 21:02:47', '4e9503c0-db87-4b9e-a6d1-08a1d3871185'),
 ('461', '407', 'en_us', 'Redbull', NULL, 'left', NULL, NULL, NULL, 'blue', '0', 'primary', NULL, 'gray', NULL, 'normal', NULL, NULL, NULL, NULL, NULL, NULL, '0.0', NULL, NULL, NULL, NULL, NULL, NULL, NULL, 'website', NULL, NULL, NULL, NULL, NULL, 'left', '0', NULL, NULL, NULL, NULL, '0', '0', NULL, NULL, NULL, NULL, NULL, NULL, NULL, NULL, NULL, '0', '0', '0', NULL, NULL, NULL, NULL, NULL, NULL, NULL, NULL, NULL, NULL, NULL, NULL, NULL, NULL, NULL, NULL, NULL, NULL, '0', '0', NULL, '0', '2017-08-30 21:02:47', '2017-09-12 21:56:10', '2a333358-c6c8-455c-95c3-58a47e54eddb'),
 ('462', '407', 'de_de', 'Redbull', NULL, 'left', NULL, NULL, NULL, 'blue', '0', 'primary', NULL, 'gray', NULL, 'normal', NULL, NULL, NULL, NULL, NULL, NULL, '0.0', NULL, NULL, NULL, NULL, NULL, NULL, NULL, 'website', NULL, NULL, NULL, NULL, NULL, 'left', '0', NULL, NULL, NULL, NULL, '0', '0', NULL, NULL, NULL, NULL, NULL, NULL, NULL, NULL, NULL, '0', '0', '0', NULL, NULL, NULL, NULL, NULL, NULL, NULL, NULL, NULL, NULL, NULL, NULL, NULL, NULL, NULL, NULL, NULL, NULL, '0', '0', NULL, '0', '2017-08-30 21:02:47', '2017-08-30 21:02:47', 'acb01b69-34cf-4cc3-b9c9-165e0fac7b38'),
 ('463', '408', 'en_us', 'Redbull', NULL, 'left', NULL, NULL, NULL, 'blue', '0', 'primary', NULL, 'gray', NULL, 'normal', NULL, NULL, NULL, NULL, NULL, NULL, '0.0', NULL, NULL, NULL, NULL, NULL, NULL, NULL, 'website', NULL, NULL, NULL, NULL, NULL, 'left', '0', NULL, NULL, NULL, NULL, '0', '0', NULL, NULL, NULL, NULL, NULL, NULL, NULL, NULL, NULL, '0', '0', '0', NULL, NULL, NULL, NULL, NULL, NULL, NULL, NULL, NULL, NULL, NULL, NULL, NULL, NULL, NULL, NULL, NULL, NULL, '0', '0', NULL, '0', '2017-08-30 21:02:47', '2017-09-12 21:56:10', 'b487ec29-e9d3-4f2f-82e1-20c0910a04f3'),
 ('464', '408', 'de_de', 'Redbull', NULL, 'left', NULL, NULL, NULL, 'blue', '0', 'primary', NULL, 'gray', NULL, 'normal', NULL, NULL, NULL, NULL, NULL, NULL, '0.0', NULL, NULL, NULL, NULL, NULL, NULL, NULL, 'website', NULL, NULL, NULL, NULL, NULL, 'left', '0', NULL, NULL, NULL, NULL, '0', '0', NULL, NULL, NULL, NULL, NULL, NULL, NULL, NULL, NULL, '0', '0', '0', NULL, NULL, NULL, NULL, NULL, NULL, NULL, NULL, NULL, NULL, NULL, NULL, NULL, NULL, NULL, NULL, NULL, NULL, '0', '0', NULL, '0', '2017-08-30 21:02:47', '2017-08-30 21:02:47', 'eda4507b-b30f-4285-a11b-00ee1a355e76'),
 ('465', '409', 'en_us', 'Philsdonuts', NULL, 'left', NULL, NULL, NULL, 'blue', '0', 'primary', NULL, 'gray', NULL, 'normal', NULL, NULL, NULL, NULL, NULL, NULL, '0.0', NULL, NULL, NULL, NULL, NULL, NULL, NULL, 'website', NULL, NULL, NULL, NULL, NULL, 'left', '0', NULL, NULL, NULL, NULL, '0', '0', NULL, NULL, NULL, NULL, NULL, NULL, NULL, NULL, NULL, '0', '0', '0', NULL, NULL, NULL, NULL, NULL, NULL, NULL, NULL, NULL, NULL, NULL, NULL, NULL, NULL, NULL, NULL, NULL, NULL, '0', '0', NULL, '0', '2017-08-30 21:02:48', '2017-09-12 21:56:08', '8946ae78-a377-4c81-b5b1-564e9e08f494'),
 ('466', '409', 'de_de', 'Philsdonuts', NULL, 'left', NULL, NULL, NULL, 'blue', '0', 'primary', NULL, 'gray', NULL, 'normal', NULL, NULL, NULL, NULL, NULL, NULL, '0.0', NULL, NULL, NULL, NULL, NULL, NULL, NULL, 'website', NULL, NULL, NULL, NULL, NULL, 'left', '0', NULL, NULL, NULL, NULL, '0', '0', NULL, NULL, NULL, NULL, NULL, NULL, NULL, NULL, NULL, '0', '0', '0', NULL, NULL, NULL, NULL, NULL, NULL, NULL, NULL, NULL, NULL, NULL, NULL, NULL, NULL, NULL, NULL, NULL, NULL, '0', '0', NULL, '0', '2017-08-30 21:02:48', '2017-08-30 21:02:48', 'c139e031-3b4b-482a-b244-c3bef4c44796'),
 ('467', '410', 'en_us', 'Selfserve', NULL, 'left', NULL, NULL, NULL, 'blue', '0', 'primary', NULL, 'gray', NULL, 'normal', NULL, NULL, NULL, NULL, NULL, NULL, '0.0', NULL, NULL, NULL, NULL, NULL, NULL, NULL, 'website', NULL, NULL, NULL, NULL, NULL, 'left', '0', NULL, NULL, NULL, NULL, '0', '0', NULL, NULL, NULL, NULL, NULL, NULL, NULL, NULL, NULL, '0', '0', '0', NULL, NULL, NULL, NULL, NULL, NULL, NULL, NULL, NULL, NULL, NULL, NULL, NULL, NULL, NULL, NULL, NULL, NULL, '0', '0', NULL, '0', '2017-08-30 21:02:48', '2017-09-12 21:56:10', '8593c0f9-eab5-4449-bdc1-5ba162259e99'),
 ('468', '410', 'de_de', 'Selfserve', NULL, 'left', NULL, NULL, NULL, 'blue', '0', 'primary', NULL, 'gray', NULL, 'normal', NULL, NULL, NULL, NULL, NULL, NULL, '0.0', NULL, NULL, NULL, NULL, NULL, NULL, NULL, 'website', NULL, NULL, NULL, NULL, NULL, 'left', '0', NULL, NULL, NULL, NULL, '0', '0', NULL, NULL, NULL, NULL, NULL, NULL, NULL, NULL, NULL, '0', '0', '0', NULL, NULL, NULL, NULL, NULL, NULL, NULL, NULL, NULL, NULL, NULL, NULL, NULL, NULL, NULL, NULL, NULL, NULL, '0', '0', NULL, '0', '2017-08-30 21:02:48', '2017-08-30 21:02:48', 'cb9078f3-1396-44d5-821b-6505bc2fe230'),
 ('469', '411', 'en_us', 'Selfserve', NULL, 'left', NULL, NULL, NULL, 'blue', '0', 'primary', NULL, 'gray', NULL, 'normal', NULL, NULL, NULL, NULL, NULL, NULL, '0.0', NULL, NULL, NULL, NULL, NULL, NULL, NULL, 'website', NULL, NULL, NULL, NULL, NULL, 'left', '0', NULL, NULL, NULL, NULL, '0', '0', NULL, NULL, NULL, NULL, NULL, NULL, NULL, NULL, NULL, '0', '0', '0', NULL, NULL, NULL, NULL, NULL, NULL, NULL, NULL, NULL, NULL, NULL, NULL, NULL, NULL, NULL, NULL, NULL, NULL, '0', '0', NULL, '0', '2017-08-30 21:02:48', '2017-09-12 21:56:10', '88bf0e94-4e13-4b34-85c3-91e9f31a56fe'),
 ('470', '411', 'de_de', 'Selfserve', NULL, 'left', NULL, NULL, NULL, 'blue', '0', 'primary', NULL, 'gray', NULL, 'normal', NULL, NULL, NULL, NULL, NULL, NULL, '0.0', NULL, NULL, NULL, NULL, NULL, NULL, NULL, 'website', NULL, NULL, NULL, NULL, NULL, 'left', '0', NULL, NULL, NULL, NULL, '0', '0', NULL, NULL, NULL, NULL, NULL, NULL, NULL, NULL, NULL, '0', '0', '0', NULL, NULL, NULL, NULL, NULL, NULL, NULL, NULL, NULL, NULL, NULL, NULL, NULL, NULL, NULL, NULL, NULL, NULL, '0', '0', NULL, '0', '2017-08-30 21:02:48', '2017-08-30 21:02:48', '27bc7fac-826b-4922-9e6f-7a784b71ff47'),
 ('471', '412', 'en_us', 'Snapchat', NULL, 'left', NULL, NULL, NULL, 'blue', '0', 'primary', NULL, 'gray', NULL, 'normal', NULL, NULL, NULL, NULL, NULL, NULL, '0.0', NULL, NULL, NULL, NULL, NULL, NULL, NULL, 'website', NULL, NULL, NULL, NULL, NULL, 'left', '0', NULL, NULL, NULL, NULL, '0', '0', NULL, NULL, NULL, NULL, NULL, NULL, NULL, NULL, NULL, '0', '0', '0', NULL, NULL, NULL, NULL, NULL, NULL, NULL, NULL, NULL, NULL, NULL, NULL, NULL, NULL, NULL, NULL, NULL, NULL, '0', '0', NULL, '0', '2017-08-30 21:02:48', '2017-09-12 21:56:10', 'b40b883d-758a-450b-8211-77b6a137384c'),
 ('472', '412', 'de_de', 'Snapchat', NULL, 'left', NULL, NULL, NULL, 'blue', '0', 'primary', NULL, 'gray', NULL, 'normal', NULL, NULL, NULL, NULL, NULL, NULL, '0.0', NULL, NULL, NULL, NULL, NULL, NULL, NULL, 'website', NULL, NULL, NULL, NULL, NULL, 'left', '0', NULL, NULL, NULL, NULL, '0', '0', NULL, NULL, NULL, NULL, NULL, NULL, NULL, NULL, NULL, '0', '0', '0', NULL, NULL, NULL, NULL, NULL, NULL, NULL, NULL, NULL, NULL, NULL, NULL, NULL, NULL, NULL, NULL, NULL, NULL, '0', '0', NULL, '0', '2017-08-30 21:02:48', '2017-08-30 21:02:48', '6dbc1750-bfc2-46c8-8563-f130d7c407e1'),
 ('473', '413', 'en_us', 'Snapchat', NULL, 'left', NULL, NULL, NULL, 'blue', '0', 'primary', NULL, 'gray', NULL, 'normal', NULL, NULL, NULL, NULL, NULL, NULL, '0.0', NULL, NULL, NULL, NULL, NULL, NULL, NULL, 'website', NULL, NULL, NULL, NULL, NULL, 'left', '0', NULL, NULL, NULL, NULL, '0', '0', NULL, NULL, NULL, NULL, NULL, NULL, NULL, NULL, NULL, '0', '0', '0', NULL, NULL, NULL, NULL, NULL, NULL, NULL, NULL, NULL, NULL, NULL, NULL, NULL, NULL, NULL, NULL, NULL, NULL, '0', '0', NULL, '0', '2017-08-30 21:02:48', '2017-09-12 21:56:11', 'd5046437-f688-44ca-a005-a23856aff27a'),
 ('474', '413', 'de_de', 'Snapchat', NULL, 'left', NULL, NULL, NULL, 'blue', '0', 'primary', NULL, 'gray', NULL, 'normal', NULL, NULL, NULL, NULL, NULL, NULL, '0.0', NULL, NULL, NULL, NULL, NULL, NULL, NULL, 'website', NULL, NULL, NULL, NULL, NULL, 'left', '0', NULL, NULL, NULL, NULL, '0', '0', NULL, NULL, NULL, NULL, NULL, NULL, NULL, NULL, NULL, '0', '0', '0', NULL, NULL, NULL, NULL, NULL, NULL, NULL, NULL, NULL, NULL, NULL, NULL, NULL, NULL, NULL, NULL, NULL, NULL, '0', '0', NULL, '0', '2017-08-30 21:02:48', '2017-08-30 21:02:48', 'ec974326-03f2-49d6-9d06-42e735832f44'),
 ('475', '414', 'en_us', 'Snapchat2', NULL, 'left', NULL, NULL, NULL, 'blue', '0', 'primary', NULL, 'gray', NULL, 'normal', NULL, NULL, NULL, NULL, NULL, NULL, '0.0', NULL, NULL, NULL, NULL, NULL, NULL, NULL, 'website', NULL, NULL, NULL, NULL, NULL, 'left', '0', NULL, NULL, NULL, NULL, '0', '0', NULL, NULL, NULL, NULL, NULL, NULL, NULL, NULL, NULL, '0', '0', '0', NULL, NULL, NULL, NULL, NULL, NULL, NULL, NULL, NULL, NULL, NULL, NULL, NULL, NULL, NULL, NULL, NULL, NULL, '0', '0', NULL, '0', '2017-08-30 21:02:48', '2017-09-12 21:56:11', 'be253f96-a878-43ba-8ec2-bc41aacd3264');
INSERT INTO `craft_content` (`id`, `elementId`, `locale`, `title`, `field_page_uri`, `field_imageLocation`, `field_paragraph_loc`, `field_button`, `field_headline_loc`, `field_page_themeColor`, `field_page_sideNavigation`, `field_buttonStyle`, `field_subhead_loc`, `field_sectionBackgroundColor`, `field_sectionTitle_loc`, `field_assetWidth`, `field_eyebrow_loc`, `field_brandColor`, `field_companyName`, `field_cardHeadline_loc`, `field_tabLabel_loc`, `field_tabDescription_loc`, `field_timeCode`, `field_descriptionLabel_loc`, `field_groupTitle_loc`, `field_seoTitle`, `field_seoDescription`, `field_keywords`, `field_ogTitle`, `field_ogDescription`, `field_pageType`, `field_mainNavigationCta`, `field_cookiePolicy_loc`, `field_buttonText_loc`, `field_verticalVideoUrl`, `field_imageAltText_loc`, `field_desktopVideoLocation`, `field_roundedCorners`, `field_productFilterTitle_loc`, `field_objectiveFilterTitle_loc`, `field_industryFilterTitle_loc`, `field_noResultsText_loc`, `field_autoplay`, `field_videoControls`, `field_cardColor`, `field_spotlightDescription_loc`, `field_productUsed_loc`, `field_objective_loc`, `field_title_loc`, `field_regionFilterTitle_loc`, `field_body`, `field_textBlock`, `field_imageCaption_loc`, `field_imageDownloadButton`, `field_wideImage`, `field_lightText`, `field_description_loc`, `field_navItem`, `field_successStoriesTitle_loc`, `field_successStoriesButton`, `field_creativeSpotlightTitle_loc`, `field_creativeSpotlightButton`, `field_relatedContentHeadline_loc`, `field_relatedContentButton`, `field_modalEyebrow_loc`, `field_productUsedTitle_loc`, `field_objectiveTitle_loc`, `field_spotlightProductUsed_loc`, `field_spotlightObjective_loc`, `field_spotlightSummary_loc`, `field_primaryCta`, `field_secondaryCta`, `field_caption_loc`, `field_leadInCopyBlock_loc`, `field_numberedList`, `field_showCards`, `field_webImageAltText`, `field_flipContent`, `dateCreated`, `dateUpdated`, `uid`) VALUES
 ('476', '414', 'de_de', 'Snapchat2', NULL, 'left', NULL, NULL, NULL, 'blue', '0', 'primary', NULL, 'gray', NULL, 'normal', NULL, NULL, NULL, NULL, NULL, NULL, '0.0', NULL, NULL, NULL, NULL, NULL, NULL, NULL, 'website', NULL, NULL, NULL, NULL, NULL, 'left', '0', NULL, NULL, NULL, NULL, '0', '0', NULL, NULL, NULL, NULL, NULL, NULL, NULL, NULL, NULL, '0', '0', '0', NULL, NULL, NULL, NULL, NULL, NULL, NULL, NULL, NULL, NULL, NULL, NULL, NULL, NULL, NULL, NULL, NULL, NULL, '0', '0', NULL, '0', '2017-08-30 21:02:48', '2017-08-30 21:02:48', 'ac8fc8e2-2662-47e0-bf16-847f86e66a17'),
 ('477', '415', 'en_us', 'Snapchat2 Vertical', NULL, 'left', NULL, NULL, NULL, 'blue', '0', 'primary', NULL, 'gray', NULL, 'normal', NULL, NULL, NULL, NULL, NULL, NULL, '0.0', NULL, NULL, NULL, NULL, NULL, NULL, NULL, 'website', NULL, NULL, NULL, NULL, NULL, 'left', '0', NULL, NULL, NULL, NULL, '0', '0', NULL, NULL, NULL, NULL, NULL, NULL, NULL, NULL, NULL, '0', '0', '0', NULL, NULL, NULL, NULL, NULL, NULL, NULL, NULL, NULL, NULL, NULL, NULL, NULL, NULL, NULL, NULL, NULL, NULL, '0', '0', NULL, '0', '2017-08-30 21:02:48', '2017-09-12 21:56:11', 'fe46a3fa-4671-4be4-9cfb-64a74f558a73'),
 ('478', '415', 'de_de', 'Snapchat2 Vertical', NULL, 'left', NULL, NULL, NULL, 'blue', '0', 'primary', NULL, 'gray', NULL, 'normal', NULL, NULL, NULL, NULL, NULL, NULL, '0.0', NULL, NULL, NULL, NULL, NULL, NULL, NULL, 'website', NULL, NULL, NULL, NULL, NULL, 'left', '0', NULL, NULL, NULL, NULL, '0', '0', NULL, NULL, NULL, NULL, NULL, NULL, NULL, NULL, NULL, '0', '0', '0', NULL, NULL, NULL, NULL, NULL, NULL, NULL, NULL, NULL, NULL, NULL, NULL, NULL, NULL, NULL, NULL, NULL, NULL, '0', '0', NULL, '0', '2017-08-30 21:02:48', '2017-08-30 21:02:48', 'ad67fda1-5460-4947-9730-c188ef0dc578'),
 ('479', '416', 'en_us', 'Snapchat2', NULL, 'left', NULL, NULL, NULL, 'blue', '0', 'primary', NULL, 'gray', NULL, 'normal', NULL, NULL, NULL, NULL, NULL, NULL, '0.0', NULL, NULL, NULL, NULL, NULL, NULL, NULL, 'website', NULL, NULL, NULL, NULL, NULL, 'left', '0', NULL, NULL, NULL, NULL, '0', '0', NULL, NULL, NULL, NULL, NULL, NULL, NULL, NULL, NULL, '0', '0', '0', NULL, NULL, NULL, NULL, NULL, NULL, NULL, NULL, NULL, NULL, NULL, NULL, NULL, NULL, NULL, NULL, NULL, NULL, '0', '0', NULL, '0', '2017-08-30 21:02:49', '2017-09-12 21:56:11', '8ab194fa-a0f0-4cb8-a061-82aa45141e23'),
 ('480', '416', 'de_de', 'Snapchat2', NULL, 'left', NULL, NULL, NULL, 'blue', '0', 'primary', NULL, 'gray', NULL, 'normal', NULL, NULL, NULL, NULL, NULL, NULL, '0.0', NULL, NULL, NULL, NULL, NULL, NULL, NULL, 'website', NULL, NULL, NULL, NULL, NULL, 'left', '0', NULL, NULL, NULL, NULL, '0', '0', NULL, NULL, NULL, NULL, NULL, NULL, NULL, NULL, NULL, '0', '0', '0', NULL, NULL, NULL, NULL, NULL, NULL, NULL, NULL, NULL, NULL, NULL, NULL, NULL, NULL, NULL, NULL, NULL, NULL, '0', '0', NULL, '0', '2017-08-30 21:02:49', '2017-08-30 21:02:49', 'b615a692-5a4f-43eb-b181-cadf777a4bed'),
 ('481', '417', 'en_us', 'Snapchat2 Vertical', NULL, 'left', NULL, NULL, NULL, 'blue', '0', 'primary', NULL, 'gray', NULL, 'normal', NULL, NULL, NULL, NULL, NULL, NULL, '0.0', NULL, NULL, NULL, NULL, NULL, NULL, NULL, 'website', NULL, NULL, NULL, NULL, NULL, 'left', '0', NULL, NULL, NULL, NULL, '0', '0', NULL, NULL, NULL, NULL, NULL, NULL, NULL, NULL, NULL, '0', '0', '0', NULL, NULL, NULL, NULL, NULL, NULL, NULL, NULL, NULL, NULL, NULL, NULL, NULL, NULL, NULL, NULL, NULL, NULL, '0', '0', NULL, '0', '2017-08-30 21:02:51', '2017-09-12 21:56:11', '468ff92b-153b-4783-a6af-9d23e24b734d'),
 ('482', '417', 'de_de', 'Snapchat2 Vertical', NULL, 'left', NULL, NULL, NULL, 'blue', '0', 'primary', NULL, 'gray', NULL, 'normal', NULL, NULL, NULL, NULL, NULL, NULL, '0.0', NULL, NULL, NULL, NULL, NULL, NULL, NULL, 'website', NULL, NULL, NULL, NULL, NULL, 'left', '0', NULL, NULL, NULL, NULL, '0', '0', NULL, NULL, NULL, NULL, NULL, NULL, NULL, NULL, NULL, '0', '0', '0', NULL, NULL, NULL, NULL, NULL, NULL, NULL, NULL, NULL, NULL, NULL, NULL, NULL, NULL, NULL, NULL, NULL, NULL, '0', '0', NULL, '0', '2017-08-30 21:02:51', '2017-08-30 21:02:51', 'b19415a8-198f-4a02-9e3e-dabfa7a78d62'),
 ('483', '418', 'en_us', 'Snapchat Vertical', NULL, 'left', NULL, NULL, NULL, 'blue', '0', 'primary', NULL, 'gray', NULL, 'normal', NULL, NULL, NULL, NULL, NULL, NULL, '0.0', NULL, NULL, NULL, NULL, NULL, NULL, NULL, 'website', NULL, NULL, NULL, NULL, NULL, 'left', '0', NULL, NULL, NULL, NULL, '0', '0', NULL, NULL, NULL, NULL, NULL, NULL, NULL, NULL, NULL, '0', '0', '0', NULL, NULL, NULL, NULL, NULL, NULL, NULL, NULL, NULL, NULL, NULL, NULL, NULL, NULL, NULL, NULL, NULL, NULL, '0', '0', NULL, '0', '2017-08-30 21:02:51', '2017-09-12 21:56:11', '2eb2dfbb-d91d-4f05-88d6-668c0d9edf84'),
 ('484', '418', 'de_de', 'Snapchat Vertical', NULL, 'left', NULL, NULL, NULL, 'blue', '0', 'primary', NULL, 'gray', NULL, 'normal', NULL, NULL, NULL, NULL, NULL, NULL, '0.0', NULL, NULL, NULL, NULL, NULL, NULL, NULL, 'website', NULL, NULL, NULL, NULL, NULL, 'left', '0', NULL, NULL, NULL, NULL, '0', '0', NULL, NULL, NULL, NULL, NULL, NULL, NULL, NULL, NULL, '0', '0', '0', NULL, NULL, NULL, NULL, NULL, NULL, NULL, NULL, NULL, NULL, NULL, NULL, NULL, NULL, NULL, NULL, NULL, NULL, '0', '0', NULL, '0', '2017-08-30 21:02:51', '2017-08-30 21:02:51', 'b0b0c0d3-c7a7-44b6-9633-9ac8264335e7'),
 ('485', '419', 'en_us', 'Snapchat Vertical', NULL, 'left', NULL, NULL, NULL, 'blue', '0', 'primary', NULL, 'gray', NULL, 'normal', NULL, NULL, NULL, NULL, NULL, NULL, '0.0', NULL, NULL, NULL, NULL, NULL, NULL, NULL, 'website', NULL, NULL, NULL, NULL, NULL, 'left', '0', NULL, NULL, NULL, NULL, '0', '0', NULL, NULL, NULL, NULL, NULL, NULL, NULL, NULL, NULL, '0', '0', '0', NULL, NULL, NULL, NULL, NULL, NULL, NULL, NULL, NULL, NULL, NULL, NULL, NULL, NULL, NULL, NULL, NULL, NULL, '0', '0', NULL, '0', '2017-08-30 21:02:51', '2017-09-12 21:56:11', 'f414b9d3-e964-4aca-833e-84c495758a3d'),
 ('486', '419', 'de_de', 'Snapchat Vertical', NULL, 'left', NULL, NULL, NULL, 'blue', '0', 'primary', NULL, 'gray', NULL, 'normal', NULL, NULL, NULL, NULL, NULL, NULL, '0.0', NULL, NULL, NULL, NULL, NULL, NULL, NULL, 'website', NULL, NULL, NULL, NULL, NULL, 'left', '0', NULL, NULL, NULL, NULL, '0', '0', NULL, NULL, NULL, NULL, NULL, NULL, NULL, NULL, NULL, '0', '0', '0', NULL, NULL, NULL, NULL, NULL, NULL, NULL, NULL, NULL, NULL, NULL, NULL, NULL, NULL, NULL, NULL, NULL, NULL, '0', '0', NULL, '0', '2017-08-30 21:02:51', '2017-08-30 21:02:51', '9bfcf773-ab53-4ea2-bd92-69cc007c8c12'),
 ('487', '420', 'en_us', 'Target', NULL, 'left', NULL, NULL, NULL, 'blue', '0', 'primary', NULL, 'gray', NULL, 'normal', NULL, NULL, NULL, NULL, NULL, NULL, '0.0', NULL, NULL, NULL, NULL, NULL, NULL, NULL, 'website', NULL, NULL, NULL, NULL, NULL, 'left', '0', NULL, NULL, NULL, NULL, '0', '0', NULL, NULL, NULL, NULL, NULL, NULL, NULL, NULL, NULL, '0', '0', '0', NULL, NULL, NULL, NULL, NULL, NULL, NULL, NULL, NULL, NULL, NULL, NULL, NULL, NULL, NULL, NULL, NULL, NULL, '0', '0', NULL, '0', '2017-08-30 21:02:51', '2017-09-12 21:56:11', '3b0ad326-627b-466e-b605-f3efb69de770'),
 ('488', '420', 'de_de', 'Target', NULL, 'left', NULL, NULL, NULL, 'blue', '0', 'primary', NULL, 'gray', NULL, 'normal', NULL, NULL, NULL, NULL, NULL, NULL, '0.0', NULL, NULL, NULL, NULL, NULL, NULL, NULL, 'website', NULL, NULL, NULL, NULL, NULL, 'left', '0', NULL, NULL, NULL, NULL, '0', '0', NULL, NULL, NULL, NULL, NULL, NULL, NULL, NULL, NULL, '0', '0', '0', NULL, NULL, NULL, NULL, NULL, NULL, NULL, NULL, NULL, NULL, NULL, NULL, NULL, NULL, NULL, NULL, NULL, NULL, '0', '0', NULL, '0', '2017-08-30 21:02:51', '2017-08-30 21:02:51', 'c306cee6-f4ee-4440-81c3-ab8e9d3e1b28'),
 ('489', '421', 'en_us', 'Target', NULL, 'left', NULL, NULL, NULL, 'blue', '0', 'primary', NULL, 'gray', NULL, 'normal', NULL, NULL, NULL, NULL, NULL, NULL, '0.0', NULL, NULL, NULL, NULL, NULL, NULL, NULL, 'website', NULL, NULL, NULL, NULL, NULL, 'left', '0', NULL, NULL, NULL, NULL, '0', '0', NULL, NULL, NULL, NULL, NULL, NULL, NULL, NULL, NULL, '0', '0', '0', NULL, NULL, NULL, NULL, NULL, NULL, NULL, NULL, NULL, NULL, NULL, NULL, NULL, NULL, NULL, NULL, NULL, NULL, '0', '0', NULL, '0', '2017-08-30 21:02:51', '2017-09-12 21:56:12', '62c79612-647b-4465-aad3-d755d6e4c154'),
 ('490', '421', 'de_de', 'Target', NULL, 'left', NULL, NULL, NULL, 'blue', '0', 'primary', NULL, 'gray', NULL, 'normal', NULL, NULL, NULL, NULL, NULL, NULL, '0.0', NULL, NULL, NULL, NULL, NULL, NULL, NULL, 'website', NULL, NULL, NULL, NULL, NULL, 'left', '0', NULL, NULL, NULL, NULL, '0', '0', NULL, NULL, NULL, NULL, NULL, NULL, NULL, NULL, NULL, '0', '0', '0', NULL, NULL, NULL, NULL, NULL, NULL, NULL, NULL, NULL, NULL, NULL, NULL, NULL, NULL, NULL, NULL, NULL, NULL, '0', '0', NULL, '0', '2017-08-30 21:02:51', '2017-08-30 21:02:51', 'ec0d1aed-0e91-4c15-bbc7-f3f5a66a4462'),
 ('491', '422', 'en_us', 'Tedbaker', NULL, 'left', NULL, NULL, NULL, 'blue', '0', 'primary', NULL, 'gray', NULL, 'normal', NULL, NULL, NULL, NULL, NULL, NULL, '0.0', NULL, NULL, NULL, NULL, NULL, NULL, NULL, 'website', NULL, NULL, NULL, NULL, NULL, 'left', '0', NULL, NULL, NULL, NULL, '0', '0', NULL, NULL, NULL, NULL, NULL, NULL, NULL, NULL, NULL, '0', '0', '0', NULL, NULL, NULL, NULL, NULL, NULL, NULL, NULL, NULL, NULL, NULL, NULL, NULL, NULL, NULL, NULL, NULL, NULL, '0', '0', NULL, '0', '2017-08-30 21:02:52', '2017-09-12 21:56:12', '838a1560-3d28-4e3e-a578-e2275e9e86b7'),
 ('492', '422', 'de_de', 'Tedbaker', NULL, 'left', NULL, NULL, NULL, 'blue', '0', 'primary', NULL, 'gray', NULL, 'normal', NULL, NULL, NULL, NULL, NULL, NULL, '0.0', NULL, NULL, NULL, NULL, NULL, NULL, NULL, 'website', NULL, NULL, NULL, NULL, NULL, 'left', '0', NULL, NULL, NULL, NULL, '0', '0', NULL, NULL, NULL, NULL, NULL, NULL, NULL, NULL, NULL, '0', '0', '0', NULL, NULL, NULL, NULL, NULL, NULL, NULL, NULL, NULL, NULL, NULL, NULL, NULL, NULL, NULL, NULL, NULL, NULL, '0', '0', NULL, '0', '2017-08-30 21:02:52', '2017-08-30 21:02:52', 'df4c77b8-a6e1-46dd-ba41-ef5107173303'),
 ('493', '423', 'en_us', 'Warbyparker', NULL, 'left', NULL, NULL, NULL, 'blue', '0', 'primary', NULL, 'gray', NULL, 'normal', NULL, NULL, NULL, NULL, NULL, NULL, '0.0', NULL, NULL, NULL, NULL, NULL, NULL, NULL, 'website', NULL, NULL, NULL, NULL, NULL, 'left', '0', NULL, NULL, NULL, NULL, '0', '0', NULL, NULL, NULL, NULL, NULL, NULL, NULL, NULL, NULL, '0', '0', '0', NULL, NULL, NULL, NULL, NULL, NULL, NULL, NULL, NULL, NULL, NULL, NULL, NULL, NULL, NULL, NULL, NULL, NULL, '0', '0', NULL, '0', '2017-08-30 21:02:52', '2017-09-12 21:56:12', '8ede5885-fa94-42ff-8e92-6d43e668eeae'),
 ('494', '423', 'de_de', 'Warbyparker', NULL, 'left', NULL, NULL, NULL, 'blue', '0', 'primary', NULL, 'gray', NULL, 'normal', NULL, NULL, NULL, NULL, NULL, NULL, '0.0', NULL, NULL, NULL, NULL, NULL, NULL, NULL, 'website', NULL, NULL, NULL, NULL, NULL, 'left', '0', NULL, NULL, NULL, NULL, '0', '0', NULL, NULL, NULL, NULL, NULL, NULL, NULL, NULL, NULL, '0', '0', '0', NULL, NULL, NULL, NULL, NULL, NULL, NULL, NULL, NULL, NULL, NULL, NULL, NULL, NULL, NULL, NULL, NULL, NULL, '0', '0', NULL, '0', '2017-08-30 21:02:52', '2017-08-30 21:02:52', 'cf688b76-1550-43b8-bbaf-c7a0ff7bee36'),
 ('495', '424', 'en_us', 'Warbyparker', NULL, 'left', NULL, NULL, NULL, 'blue', '0', 'primary', NULL, 'gray', NULL, 'normal', NULL, NULL, NULL, NULL, NULL, NULL, '0.0', NULL, NULL, NULL, NULL, NULL, NULL, NULL, 'website', NULL, NULL, NULL, NULL, NULL, 'left', '0', NULL, NULL, NULL, NULL, '0', '0', NULL, NULL, NULL, NULL, NULL, NULL, NULL, NULL, NULL, '0', '0', '0', NULL, NULL, NULL, NULL, NULL, NULL, NULL, NULL, NULL, NULL, NULL, NULL, NULL, NULL, NULL, NULL, NULL, NULL, '0', '0', NULL, '0', '2017-08-30 21:02:52', '2017-09-12 21:56:12', '65025a47-1b45-4007-b746-2a54208a2874'),
 ('496', '424', 'de_de', 'Warbyparker', NULL, 'left', NULL, NULL, NULL, 'blue', '0', 'primary', NULL, 'gray', NULL, 'normal', NULL, NULL, NULL, NULL, NULL, NULL, '0.0', NULL, NULL, NULL, NULL, NULL, NULL, NULL, 'website', NULL, NULL, NULL, NULL, NULL, 'left', '0', NULL, NULL, NULL, NULL, '0', '0', NULL, NULL, NULL, NULL, NULL, NULL, NULL, NULL, NULL, '0', '0', '0', NULL, NULL, NULL, NULL, NULL, NULL, NULL, NULL, NULL, NULL, NULL, NULL, NULL, NULL, NULL, NULL, NULL, NULL, '0', '0', NULL, '0', '2017-08-30 21:02:52', '2017-08-30 21:02:52', 'd0d1847a-278d-4293-b879-7aba4ad01932'),
 ('497', '425', 'en_us', 'Tedbaker', NULL, 'left', NULL, NULL, NULL, 'blue', '0', 'primary', NULL, 'gray', NULL, 'normal', NULL, NULL, NULL, NULL, NULL, NULL, '0.0', NULL, NULL, NULL, NULL, NULL, NULL, NULL, 'website', NULL, NULL, NULL, NULL, NULL, 'left', '0', NULL, NULL, NULL, NULL, '0', '0', NULL, NULL, NULL, NULL, NULL, NULL, NULL, NULL, NULL, '0', '0', '0', NULL, NULL, NULL, NULL, NULL, NULL, NULL, NULL, NULL, NULL, NULL, NULL, NULL, NULL, NULL, NULL, NULL, NULL, '0', '0', NULL, '0', '2017-08-30 21:02:52', '2017-09-12 21:56:12', '1f22e357-ba7f-4afa-b6e6-ce09f9c48319'),
 ('498', '425', 'de_de', 'Tedbaker', NULL, 'left', NULL, NULL, NULL, 'blue', '0', 'primary', NULL, 'gray', NULL, 'normal', NULL, NULL, NULL, NULL, NULL, NULL, '0.0', NULL, NULL, NULL, NULL, NULL, NULL, NULL, 'website', NULL, NULL, NULL, NULL, NULL, 'left', '0', NULL, NULL, NULL, NULL, '0', '0', NULL, NULL, NULL, NULL, NULL, NULL, NULL, NULL, NULL, '0', '0', '0', NULL, NULL, NULL, NULL, NULL, NULL, NULL, NULL, NULL, NULL, NULL, NULL, NULL, NULL, NULL, NULL, NULL, NULL, '0', '0', NULL, '0', '2017-08-30 21:02:52', '2017-08-30 21:02:52', 'ec175dcf-16aa-4007-9a5c-4e21254e1c96'),
 ('499', '426', 'en_us', NULL, NULL, 'left', NULL, NULL, NULL, 'blue', '0', 'primary', NULL, 'gray', 'Video stuff', 'normal', NULL, NULL, NULL, NULL, NULL, NULL, '0.0', NULL, NULL, NULL, NULL, NULL, NULL, NULL, 'website', NULL, NULL, NULL, NULL, NULL, 'left', '0', NULL, NULL, NULL, NULL, '0', '0', NULL, NULL, NULL, NULL, NULL, NULL, NULL, NULL, NULL, '0', '0', '0', NULL, NULL, NULL, NULL, NULL, NULL, NULL, NULL, NULL, NULL, NULL, NULL, NULL, NULL, NULL, NULL, NULL, NULL, '0', '0', NULL, '0', '2017-08-30 22:28:57', '2017-09-13 00:19:19', 'b472a73d-e867-4f91-a34e-7cb85b506145'),
 ('500', '427', 'en_us', NULL, NULL, 'left', NULL, NULL, NULL, 'blue', '0', 'primary', NULL, 'gray', NULL, 'normal', NULL, NULL, NULL, NULL, NULL, NULL, '0.0', NULL, NULL, NULL, NULL, NULL, NULL, NULL, 'website', NULL, NULL, NULL, NULL, NULL, 'left', '1', NULL, NULL, NULL, NULL, '0', '1', NULL, NULL, NULL, NULL, NULL, NULL, NULL, NULL, NULL, '0', '0', '0', NULL, NULL, NULL, NULL, NULL, NULL, NULL, NULL, NULL, NULL, NULL, NULL, NULL, NULL, NULL, NULL, NULL, NULL, '0', '0', NULL, '0', '2017-08-30 22:28:57', '2017-09-13 00:19:19', '0d5b1d93-4458-43aa-b704-cfa06138c943'),
 ('501', '428', 'en_us', NULL, NULL, 'left', NULL, NULL, NULL, 'blue', '0', 'primary', NULL, 'white', 'Side by side', 'normal', NULL, NULL, NULL, NULL, NULL, NULL, '0.0', NULL, NULL, NULL, NULL, NULL, NULL, NULL, 'website', NULL, NULL, NULL, NULL, NULL, 'left', '0', NULL, NULL, NULL, NULL, '0', '0', NULL, NULL, NULL, NULL, NULL, NULL, NULL, NULL, NULL, '0', '0', '0', NULL, NULL, NULL, NULL, NULL, NULL, NULL, NULL, NULL, NULL, NULL, NULL, NULL, NULL, NULL, NULL, NULL, NULL, '0', '0', NULL, '0', '2017-08-30 22:28:57', '2017-09-13 00:19:19', 'a160172d-66df-4819-aff1-23528a89f0b6'),
 ('502', '429', 'en_us', NULL, NULL, 'left', '<p>Gallia est omnis divisa in partes tres, quarum. Contra legem facit qui id facit quod lex prohibet. Tu quoque, Brute, fili mi, nihil timor populi, nihil! Nec dubitamus multa iter quae et nos invenerat. Nihil hic munitissimus habendi senatus locus, nihil horum? Idque Caesaris facere voluntate liceret: sese habere.</p>', NULL, 'Image left of text', 'blue', '0', 'primary', NULL, 'gray', NULL, 'normal', NULL, NULL, NULL, NULL, NULL, NULL, '0.0', NULL, NULL, NULL, NULL, NULL, NULL, NULL, 'website', NULL, NULL, NULL, NULL, NULL, 'left', '0', NULL, NULL, NULL, NULL, '0', '0', NULL, NULL, NULL, NULL, NULL, NULL, NULL, NULL, NULL, '0', '0', '0', NULL, NULL, NULL, NULL, NULL, NULL, NULL, NULL, NULL, NULL, NULL, NULL, NULL, NULL, '', '', NULL, NULL, '0', '0', NULL, '0', '2017-08-30 22:28:57', '2017-09-13 00:19:19', '19987b09-7506-42a2-95b4-e77db1882ac8'),
 ('503', '431', 'en_us', NULL, NULL, 'right', '<p>Gallia est omnis divisa in partes tres, quarum. Contra legem facit qui id facit quod lex prohibet. Tu quoque, Brute, fili mi, nihil timor populi, nihil! Nec dubitamus multa iter quae et nos invenerat. Nihil hic munitissimus habendi senatus locus, nihil horum? Idque Caesaris facere voluntate liceret: sese habere.</p>', NULL, 'Image to the RIGHT of text', 'blue', '0', 'primary', NULL, 'gray', NULL, 'normal', NULL, NULL, NULL, NULL, NULL, NULL, '0.0', NULL, NULL, NULL, NULL, NULL, NULL, NULL, 'website', NULL, NULL, NULL, NULL, NULL, 'left', '0', NULL, NULL, NULL, NULL, '0', '0', NULL, NULL, NULL, NULL, NULL, NULL, NULL, NULL, NULL, '0', '0', '0', NULL, NULL, NULL, NULL, NULL, NULL, NULL, NULL, NULL, NULL, NULL, NULL, NULL, NULL, '', '', NULL, NULL, '0', '0', NULL, '0', '2017-08-30 22:28:57', '2017-09-13 00:19:19', '367751ca-79df-4d67-926a-8f8e2d12cd6b'),
 ('504', '433', 'en_us', NULL, NULL, 'left', '<p>Gallia est omnis divisa in partes tres, quarum. Contra legem facit qui id facit quod lex prohibet. Tu quoque, Brute, fili mi, nihil timor populi, nihil! Nec dubitamus multa iter quae et nos invenerat. Nihil hic munitissimus habendi senatus locus, nihil horum? Idque Caesaris facere voluntate liceret: sese habere.</p>', NULL, 'Video to the left of this text', 'blue', '0', 'primary', NULL, 'gray', NULL, 'normal', NULL, NULL, NULL, NULL, NULL, NULL, '0.0', NULL, NULL, NULL, NULL, NULL, NULL, NULL, 'website', NULL, NULL, NULL, NULL, NULL, 'left', '0', NULL, NULL, NULL, NULL, '0', '0', NULL, NULL, NULL, NULL, NULL, NULL, NULL, NULL, NULL, '0', '0', '0', NULL, NULL, NULL, NULL, NULL, NULL, NULL, NULL, NULL, NULL, NULL, NULL, NULL, NULL, '', '', NULL, NULL, '0', '0', NULL, '0', '2017-08-30 22:28:57', '2017-09-13 00:19:19', 'b207b4d7-efd9-469d-a957-c1edd2731d14'),
 ('509', '444', 'en_us', 'Inspiration', 'inspiration', 'left', NULL, NULL, 'Get inspired by results-driven and world-class creative', 'yellow', '0', 'primary', NULL, 'gray', NULL, 'normal', NULL, NULL, NULL, NULL, NULL, NULL, '0.0', NULL, NULL, '', '', '', '', '', 'website', NULL, NULL, NULL, NULL, NULL, 'left', '0', NULL, NULL, NULL, NULL, '0', '0', NULL, NULL, NULL, NULL, 'Inspiration', NULL, NULL, NULL, NULL, '0', '0', '0', NULL, NULL, 'Latest Success Stories', '{\"type\":\"entry\",\"entry\":[\"363\"],\"customText\":\"View All\"}', 'Creative Spotlight', '{\"type\":\"entry\",\"entry\":[\"362\"],\"customText\":\"View All\"}', NULL, NULL, NULL, NULL, NULL, NULL, NULL, NULL, NULL, NULL, NULL, NULL, '0', '0', NULL, '0', '2017-09-06 21:26:36', '2017-09-06 23:17:09', 'a0a05580-5f90-4d64-920b-40aed8874885'),
 ('510', '444', 'de_de', 'Inspiration', 'inspiration', 'left', NULL, NULL, NULL, 'yellow', '0', 'primary', NULL, 'gray', NULL, 'normal', NULL, NULL, NULL, NULL, NULL, NULL, '0.0', NULL, NULL, NULL, NULL, NULL, NULL, NULL, 'website', NULL, NULL, NULL, NULL, NULL, 'left', '0', NULL, NULL, NULL, NULL, '0', '0', NULL, NULL, NULL, NULL, NULL, NULL, NULL, NULL, NULL, '0', '0', '0', NULL, NULL, 'Latest Success Stories', '{\"type\":\"entry\",\"entry\":[\"363\"],\"customText\":\"View All\"}', 'Creative Spotlight', '{\"type\":\"entry\",\"entry\":[\"362\"],\"customText\":\"View All\"}', NULL, NULL, NULL, NULL, NULL, NULL, NULL, NULL, NULL, NULL, NULL, NULL, '0', '0', NULL, '0', '2017-09-06 21:26:36', '2017-09-06 23:17:09', '45efd945-fe30-4d83-ba1d-d18946c931a4'),
 ('511', '445', 'en_us', NULL, NULL, 'left', NULL, NULL, NULL, 'blue', '0', 'primary', NULL, 'gray', NULL, 'normal', NULL, NULL, NULL, NULL, NULL, NULL, '0.0', NULL, NULL, NULL, NULL, NULL, NULL, NULL, 'website', NULL, NULL, NULL, NULL, NULL, 'left', '0', NULL, NULL, NULL, NULL, '0', '0', NULL, NULL, NULL, NULL, NULL, NULL, NULL, NULL, NULL, '0', '0', '0', NULL, '{\"type\":\"entry\",\"custom\":\"\",\"entry\":[\"98\"],\"customText\":\"Ad Products\",\"target\":\"\"}', NULL, NULL, NULL, NULL, NULL, NULL, NULL, NULL, NULL, NULL, NULL, NULL, NULL, NULL, NULL, NULL, '0', '0', NULL, '0', '2017-09-06 22:52:59', '2017-09-06 23:00:13', '6a66b893-1085-4a04-8710-cf55fd083808'),
 ('512', '445', 'de_de', NULL, NULL, 'left', NULL, NULL, NULL, 'blue', '0', 'primary', NULL, 'gray', NULL, 'normal', NULL, NULL, NULL, NULL, NULL, NULL, '0.0', NULL, NULL, NULL, NULL, NULL, NULL, NULL, 'website', NULL, NULL, NULL, NULL, NULL, 'left', '0', NULL, NULL, NULL, NULL, '0', '0', NULL, NULL, NULL, NULL, NULL, NULL, NULL, NULL, NULL, '0', '0', '0', NULL, '{\"type\":\"entry\",\"custom\":\"\",\"entry\":[\"98\"],\"customText\":\"Ad Products\",\"target\":\"\"}', NULL, NULL, NULL, NULL, NULL, NULL, NULL, NULL, NULL, NULL, NULL, NULL, NULL, NULL, NULL, NULL, '0', '0', NULL, '0', '2017-09-06 22:52:59', '2017-09-06 22:52:59', 'fd675cfa-b850-44da-aa78-4305c143f34f'),
 ('515', '447', 'en_us', NULL, NULL, 'left', NULL, NULL, NULL, 'blue', '0', 'primary', NULL, 'gray', NULL, 'normal', NULL, NULL, NULL, NULL, NULL, NULL, '0.0', NULL, NULL, NULL, NULL, NULL, NULL, NULL, 'website', NULL, NULL, NULL, NULL, NULL, 'left', '0', NULL, NULL, NULL, NULL, '0', '0', NULL, NULL, NULL, NULL, NULL, NULL, NULL, NULL, NULL, '0', '0', '0', NULL, '{\"type\":\"entry\",\"custom\":\"\",\"entry\":[\"264\"],\"customText\":\"Insights & News\",\"target\":\"\"}', NULL, NULL, NULL, NULL, NULL, NULL, NULL, NULL, NULL, NULL, NULL, NULL, NULL, NULL, NULL, NULL, '0', '0', NULL, '0', '2017-09-06 22:52:59', '2017-09-06 23:00:13', 'a3d60cdf-fb72-4be4-b660-7125469055c7'),
 ('516', '447', 'de_de', NULL, NULL, 'left', NULL, NULL, NULL, 'blue', '0', 'primary', NULL, 'gray', NULL, 'normal', NULL, NULL, NULL, NULL, NULL, NULL, '0.0', NULL, NULL, NULL, NULL, NULL, NULL, NULL, 'website', NULL, NULL, NULL, NULL, NULL, 'left', '0', NULL, NULL, NULL, NULL, '0', '0', NULL, NULL, NULL, NULL, NULL, NULL, NULL, NULL, NULL, '0', '0', '0', NULL, '{\"type\":\"entry\",\"custom\":\"\",\"entry\":[\"264\"],\"customText\":\"Insights & News\",\"target\":\"\"}', NULL, NULL, NULL, NULL, NULL, NULL, NULL, NULL, NULL, NULL, NULL, NULL, NULL, NULL, NULL, NULL, '0', '0', NULL, '0', '2017-09-06 22:52:59', '2017-09-06 22:52:59', '8ea1ad1e-0036-4671-8251-168b1fe76577'),
 ('521', '450', 'en_us', NULL, NULL, 'left', NULL, NULL, NULL, 'blue', '0', 'primary', NULL, 'gray', NULL, 'normal', NULL, NULL, NULL, NULL, NULL, NULL, '0.0', NULL, NULL, NULL, NULL, NULL, NULL, NULL, 'website', NULL, NULL, NULL, NULL, NULL, 'left', '0', NULL, NULL, NULL, NULL, '0', '0', NULL, NULL, NULL, NULL, NULL, NULL, NULL, NULL, NULL, '0', '0', '0', NULL, '{\"type\":\"entry\",\"custom\":\"\",\"entry\":[\"290\"],\"customText\":\"Audiences\",\"target\":\"\"}', NULL, NULL, NULL, NULL, NULL, NULL, NULL, NULL, NULL, NULL, NULL, NULL, NULL, NULL, NULL, NULL, '0', '0', NULL, '0', '2017-09-06 22:52:59', '2017-09-06 23:00:13', '1ecb84c3-77b6-4e13-9b9a-59d6addb8404'),
 ('522', '450', 'de_de', NULL, NULL, 'left', NULL, NULL, NULL, 'blue', '0', 'primary', NULL, 'gray', NULL, 'normal', NULL, NULL, NULL, NULL, NULL, NULL, '0.0', NULL, NULL, NULL, NULL, NULL, NULL, NULL, 'website', NULL, NULL, NULL, NULL, NULL, 'left', '0', NULL, NULL, NULL, NULL, '0', '0', NULL, NULL, NULL, NULL, NULL, NULL, NULL, NULL, NULL, '0', '0', '0', NULL, '{\"type\":\"entry\",\"custom\":\"\",\"entry\":[\"290\"],\"customText\":\"Audiences\",\"target\":\"\"}', NULL, NULL, NULL, NULL, NULL, NULL, NULL, NULL, NULL, NULL, NULL, NULL, NULL, NULL, NULL, NULL, '0', '0', NULL, '0', '2017-09-06 22:52:59', '2017-09-06 22:52:59', '4f75d4d6-97c6-4859-b2bf-74048ee235ad'),
 ('523', '451', 'en_us', NULL, NULL, 'left', NULL, NULL, NULL, 'blue', '0', 'primary', NULL, 'gray', NULL, 'normal', NULL, NULL, NULL, NULL, NULL, NULL, '0.0', NULL, NULL, NULL, NULL, NULL, NULL, NULL, 'website', NULL, NULL, NULL, NULL, NULL, 'left', '0', NULL, NULL, NULL, NULL, '0', '0', NULL, NULL, NULL, NULL, NULL, NULL, NULL, NULL, NULL, '0', '0', '0', NULL, '{\"type\":\"entry\",\"custom\":\"\",\"entry\":[\"291\"],\"customText\":\"Measurement\",\"target\":\"\"}', NULL, NULL, NULL, NULL, NULL, NULL, NULL, NULL, NULL, NULL, NULL, NULL, NULL, NULL, NULL, NULL, '0', '0', NULL, '0', '2017-09-06 22:52:59', '2017-09-06 23:00:13', '825fb1f7-a39e-494e-8ab1-ce2c0a8d5226'),
 ('524', '451', 'de_de', NULL, NULL, 'left', NULL, NULL, NULL, 'blue', '0', 'primary', NULL, 'gray', NULL, 'normal', NULL, NULL, NULL, NULL, NULL, NULL, '0.0', NULL, NULL, NULL, NULL, NULL, NULL, NULL, 'website', NULL, NULL, NULL, NULL, NULL, 'left', '0', NULL, NULL, NULL, NULL, '0', '0', NULL, NULL, NULL, NULL, NULL, NULL, NULL, NULL, NULL, '0', '0', '0', NULL, '{\"type\":\"entry\",\"custom\":\"\",\"entry\":[\"291\"],\"customText\":\"Measurement\",\"target\":\"\"}', NULL, NULL, NULL, NULL, NULL, NULL, NULL, NULL, NULL, NULL, NULL, NULL, NULL, NULL, NULL, NULL, '0', '0', NULL, '0', '2017-09-06 22:52:59', '2017-09-06 22:52:59', 'e8b9a84d-47e9-4295-bc66-6c010428ff8e'),
 ('525', '454', 'en_us', NULL, NULL, 'left', NULL, NULL, NULL, 'blue', '0', 'primary', NULL, 'gray', NULL, 'normal', NULL, NULL, NULL, NULL, NULL, NULL, '0.0', NULL, NULL, NULL, NULL, NULL, NULL, NULL, 'website', NULL, NULL, NULL, NULL, NULL, 'left', '0', NULL, NULL, NULL, NULL, '0', '0', NULL, NULL, NULL, NULL, NULL, NULL, NULL, NULL, NULL, '0', '0', '0', NULL, '{\"type\":\"entry\",\"custom\":\"\",\"entry\":[\"444\"],\"customText\":\"Inspiration\",\"target\":\"\"}', NULL, NULL, NULL, NULL, NULL, NULL, NULL, NULL, NULL, NULL, NULL, NULL, NULL, NULL, NULL, NULL, '0', '0', NULL, '0', '2017-09-06 22:59:39', '2017-09-06 23:00:13', '514589cb-8cf3-4beb-b270-472dc48e84bd'),
 ('526', '454', 'de_de', NULL, NULL, 'left', NULL, NULL, NULL, 'blue', '0', 'primary', NULL, 'gray', NULL, 'normal', NULL, NULL, NULL, NULL, NULL, NULL, '0.0', NULL, NULL, NULL, NULL, NULL, NULL, NULL, 'website', NULL, NULL, NULL, NULL, NULL, 'left', '0', NULL, NULL, NULL, NULL, '0', '0', NULL, NULL, NULL, NULL, NULL, NULL, NULL, NULL, NULL, '0', '0', '0', NULL, '{\"type\":\"entry\",\"custom\":\"\",\"entry\":[\"444\"],\"customText\":\"Inspiration\",\"target\":\"\"}', NULL, NULL, NULL, NULL, NULL, NULL, NULL, NULL, NULL, NULL, NULL, NULL, NULL, NULL, NULL, NULL, '0', '0', NULL, '0', '2017-09-06 22:59:39', '2017-09-06 22:59:39', 'f2692909-9d6d-47ea-9c8b-133d69a2c76d'),
 ('527', '457', 'en_us', 'bareMinerals', NULL, 'left', NULL, NULL, NULL, 'blue', '0', 'primary', NULL, 'gray', NULL, 'normal', NULL, NULL, NULL, NULL, NULL, NULL, '0.0', NULL, NULL, NULL, NULL, NULL, NULL, NULL, 'website', NULL, NULL, NULL, NULL, NULL, 'left', '0', NULL, NULL, NULL, NULL, '0', '0', NULL, NULL, NULL, NULL, 'bareMinerals', NULL, NULL, NULL, NULL, '0', '0', '0', NULL, NULL, NULL, NULL, NULL, NULL, NULL, NULL, NULL, NULL, NULL, 'snapAd', 'raiseAwareness', 'bareMinerals increased search traffic with its Snap Ads Long-Form Video campaign', NULL, NULL, NULL, NULL, '0', '0', NULL, '0', '2017-09-07 20:50:17', '2017-09-13 23:13:07', 'eec0ccaf-491b-4081-995e-55aa122688e9'),
 ('528', '457', 'de_de', 'bareMinerals', NULL, 'left', NULL, NULL, NULL, 'blue', '0', 'primary', NULL, 'gray', NULL, 'normal', NULL, NULL, NULL, NULL, NULL, NULL, '0.0', NULL, NULL, NULL, NULL, NULL, NULL, NULL, 'website', NULL, NULL, NULL, NULL, NULL, 'left', '0', NULL, NULL, NULL, NULL, '0', '0', NULL, NULL, NULL, NULL, 'bareMinerals', NULL, NULL, NULL, NULL, '0', '0', '0', NULL, NULL, NULL, NULL, NULL, NULL, NULL, NULL, NULL, NULL, NULL, 'longFormVideo', 'raiseAwareness', 'bareMinerals increased search traffic with its Snap Ads Long-Form Video campaign', NULL, NULL, NULL, NULL, '0', '0', NULL, '0', '2017-09-07 20:50:17', '2017-09-07 20:50:17', 'cc0749f1-c79e-48c6-916b-947f8de55c76'),
 ('531', '460', 'en_us', 'Homepage 1 1', NULL, 'left', NULL, NULL, NULL, 'blue', '0', 'primary', NULL, 'gray', NULL, 'normal', NULL, NULL, NULL, NULL, NULL, NULL, '0.0', NULL, NULL, NULL, NULL, NULL, NULL, NULL, 'website', NULL, NULL, NULL, NULL, NULL, 'left', '0', NULL, NULL, NULL, NULL, '0', '0', NULL, NULL, NULL, NULL, NULL, NULL, NULL, NULL, NULL, '0', '0', '0', NULL, NULL, NULL, NULL, NULL, NULL, NULL, NULL, NULL, NULL, NULL, NULL, NULL, NULL, NULL, NULL, NULL, NULL, '0', '0', NULL, '0', '2017-09-12 23:54:48', '2017-09-14 17:50:12', '0a0c578b-89cc-4e51-aad9-54c3785f5c68'),
 ('532', '460', 'de_de', 'Homepage 1 1', NULL, 'left', NULL, NULL, NULL, 'blue', '0', 'primary', NULL, 'gray', NULL, 'normal', NULL, NULL, NULL, NULL, NULL, NULL, '0.0', NULL, NULL, NULL, NULL, NULL, NULL, NULL, 'website', NULL, NULL, NULL, NULL, NULL, 'left', '0', NULL, NULL, NULL, NULL, '0', '0', NULL, NULL, NULL, NULL, NULL, NULL, NULL, NULL, NULL, '0', '0', '0', NULL, NULL, NULL, NULL, NULL, NULL, NULL, NULL, NULL, NULL, NULL, NULL, NULL, NULL, NULL, NULL, NULL, NULL, '0', '0', NULL, '0', '2017-09-12 23:54:48', '2017-09-12 23:54:48', 'b6d2b37a-0f0f-46b4-8c1c-cdc720df0c8a'),
 ('533', '461', 'en_us', 'Homepage 1 2', NULL, 'left', NULL, NULL, NULL, 'blue', '0', 'primary', NULL, 'gray', NULL, 'normal', NULL, NULL, NULL, NULL, NULL, NULL, '0.0', NULL, NULL, NULL, NULL, NULL, NULL, NULL, 'website', NULL, NULL, NULL, NULL, NULL, 'left', '0', NULL, NULL, NULL, NULL, '0', '0', NULL, NULL, NULL, NULL, NULL, NULL, NULL, NULL, NULL, '0', '0', '0', NULL, NULL, NULL, NULL, NULL, NULL, NULL, NULL, NULL, NULL, NULL, NULL, NULL, NULL, NULL, NULL, NULL, NULL, '0', '0', NULL, '0', '2017-09-12 23:54:48', '2017-09-12 23:54:48', '840589bd-b80b-4392-9c87-3f9131afb51b'),
 ('534', '461', 'de_de', 'Homepage 1 2', NULL, 'left', NULL, NULL, NULL, 'blue', '0', 'primary', NULL, 'gray', NULL, 'normal', NULL, NULL, NULL, NULL, NULL, NULL, '0.0', NULL, NULL, NULL, NULL, NULL, NULL, NULL, 'website', NULL, NULL, NULL, NULL, NULL, 'left', '0', NULL, NULL, NULL, NULL, '0', '0', NULL, NULL, NULL, NULL, NULL, NULL, NULL, NULL, NULL, '0', '0', '0', NULL, NULL, NULL, NULL, NULL, NULL, NULL, NULL, NULL, NULL, NULL, NULL, NULL, NULL, NULL, NULL, NULL, NULL, '0', '0', NULL, '0', '2017-09-12 23:54:48', '2017-09-12 23:54:48', '3ffdcdb3-42d5-448b-b4a5-a4b6f1df48e9'),
 ('535', '462', 'en_us', 'Homepage 1 3', NULL, 'left', NULL, NULL, NULL, 'blue', '0', 'primary', NULL, 'gray', NULL, 'normal', NULL, NULL, NULL, NULL, NULL, NULL, '0.0', NULL, NULL, NULL, NULL, NULL, NULL, NULL, 'website', NULL, NULL, NULL, NULL, NULL, 'left', '0', NULL, NULL, NULL, NULL, '0', '0', NULL, NULL, NULL, NULL, NULL, NULL, NULL, NULL, NULL, '0', '0', '0', NULL, NULL, NULL, NULL, NULL, NULL, NULL, NULL, NULL, NULL, NULL, NULL, NULL, NULL, NULL, NULL, NULL, NULL, '0', '0', NULL, '0', '2017-09-12 23:54:48', '2017-09-12 23:54:48', 'c0ecaec0-0f6a-4739-bae3-85626d1a40c9'),
 ('536', '462', 'de_de', 'Homepage 1 3', NULL, 'left', NULL, NULL, NULL, 'blue', '0', 'primary', NULL, 'gray', NULL, 'normal', NULL, NULL, NULL, NULL, NULL, NULL, '0.0', NULL, NULL, NULL, NULL, NULL, NULL, NULL, 'website', NULL, NULL, NULL, NULL, NULL, 'left', '0', NULL, NULL, NULL, NULL, '0', '0', NULL, NULL, NULL, NULL, NULL, NULL, NULL, NULL, NULL, '0', '0', '0', NULL, NULL, NULL, NULL, NULL, NULL, NULL, NULL, NULL, NULL, NULL, NULL, NULL, NULL, NULL, NULL, NULL, NULL, '0', '0', NULL, '0', '2017-09-12 23:54:48', '2017-09-12 23:54:48', '409e3b0a-d2f4-42b9-8f8f-6b108c16edd3'),
 ('537', '463', 'en_us', 'Innovid 2X', NULL, 'left', NULL, NULL, NULL, 'blue', '0', 'primary', NULL, 'gray', NULL, 'normal', NULL, NULL, NULL, NULL, NULL, NULL, '0.0', NULL, NULL, NULL, NULL, NULL, NULL, NULL, 'website', NULL, NULL, NULL, NULL, NULL, 'left', '0', NULL, NULL, NULL, NULL, '0', '0', NULL, NULL, NULL, NULL, NULL, NULL, NULL, NULL, NULL, '0', '0', '0', NULL, NULL, NULL, NULL, NULL, NULL, NULL, NULL, NULL, NULL, NULL, NULL, NULL, NULL, NULL, NULL, NULL, NULL, '0', '0', NULL, '0', '2017-09-12 23:59:11', '2017-09-12 23:59:11', '2b023444-09c3-4114-9ab2-ff8b5adcc79d'),
 ('538', '463', 'de_de', 'Innovid 2X', NULL, 'left', NULL, NULL, NULL, 'blue', '0', 'primary', NULL, 'gray', NULL, 'normal', NULL, NULL, NULL, NULL, NULL, NULL, '0.0', NULL, NULL, NULL, NULL, NULL, NULL, NULL, 'website', NULL, NULL, NULL, NULL, NULL, 'left', '0', NULL, NULL, NULL, NULL, '0', '0', NULL, NULL, NULL, NULL, NULL, NULL, NULL, NULL, NULL, '0', '0', '0', NULL, NULL, NULL, NULL, NULL, NULL, NULL, NULL, NULL, NULL, NULL, NULL, NULL, NULL, NULL, NULL, NULL, NULL, '0', '0', NULL, '0', '2017-09-12 23:59:12', '2017-09-12 23:59:12', 'c922c009-a32b-44a8-93ee-f7aa243fad4e'),
 ('539', '464', 'en_us', 'Kochava 2X', NULL, 'left', NULL, NULL, NULL, 'blue', '0', 'primary', NULL, 'gray', NULL, 'normal', NULL, NULL, NULL, NULL, NULL, NULL, '0.0', NULL, NULL, NULL, NULL, NULL, NULL, NULL, 'website', NULL, NULL, NULL, NULL, NULL, 'left', '0', NULL, NULL, NULL, NULL, '0', '0', NULL, NULL, NULL, NULL, NULL, NULL, NULL, NULL, NULL, '0', '0', '0', NULL, NULL, NULL, NULL, NULL, NULL, NULL, NULL, NULL, NULL, NULL, NULL, NULL, NULL, NULL, NULL, NULL, NULL, '0', '0', NULL, '0', '2017-09-12 23:59:12', '2017-09-12 23:59:12', '72e18c9f-bd2f-4468-af9a-36a229037b94'),
 ('540', '464', 'de_de', 'Kochava 2X', NULL, 'left', NULL, NULL, NULL, 'blue', '0', 'primary', NULL, 'gray', NULL, 'normal', NULL, NULL, NULL, NULL, NULL, NULL, '0.0', NULL, NULL, NULL, NULL, NULL, NULL, NULL, 'website', NULL, NULL, NULL, NULL, NULL, 'left', '0', NULL, NULL, NULL, NULL, '0', '0', NULL, NULL, NULL, NULL, NULL, NULL, NULL, NULL, NULL, '0', '0', '0', NULL, NULL, NULL, NULL, NULL, NULL, NULL, NULL, NULL, NULL, NULL, NULL, NULL, NULL, NULL, NULL, NULL, NULL, '0', '0', NULL, '0', '2017-09-12 23:59:12', '2017-09-12 23:59:12', 'c17e1cd7-3a5e-45dc-ab38-cfb41aabc683'),
 ('541', '465', 'en_us', 'Liveramp 2X', NULL, 'left', NULL, NULL, NULL, 'blue', '0', 'primary', NULL, 'gray', NULL, 'normal', NULL, NULL, NULL, NULL, NULL, NULL, '0.0', NULL, NULL, NULL, NULL, NULL, NULL, NULL, 'website', NULL, NULL, NULL, NULL, NULL, 'left', '0', NULL, NULL, NULL, NULL, '0', '0', NULL, NULL, NULL, NULL, NULL, NULL, NULL, NULL, NULL, '0', '0', '0', NULL, NULL, NULL, NULL, NULL, NULL, NULL, NULL, NULL, NULL, NULL, NULL, NULL, NULL, NULL, NULL, NULL, NULL, '0', '0', NULL, '0', '2017-09-12 23:59:12', '2017-09-12 23:59:12', '54655276-9bcf-4cc0-8625-6da2631bc1f5'),
 ('542', '465', 'de_de', 'Liveramp 2X', NULL, 'left', NULL, NULL, NULL, 'blue', '0', 'primary', NULL, 'gray', NULL, 'normal', NULL, NULL, NULL, NULL, NULL, NULL, '0.0', NULL, NULL, NULL, NULL, NULL, NULL, NULL, 'website', NULL, NULL, NULL, NULL, NULL, 'left', '0', NULL, NULL, NULL, NULL, '0', '0', NULL, NULL, NULL, NULL, NULL, NULL, NULL, NULL, NULL, '0', '0', '0', NULL, NULL, NULL, NULL, NULL, NULL, NULL, NULL, NULL, NULL, NULL, NULL, NULL, NULL, NULL, NULL, NULL, NULL, '0', '0', NULL, '0', '2017-09-12 23:59:12', '2017-09-12 23:59:12', 'fc2206c8-7188-433a-ae5d-61ad76e46f12'),
 ('547', '468', 'en_us', NULL, NULL, 'left', NULL, NULL, NULL, 'blue', '0', 'primary', NULL, 'gray', 'Audiences', 'normal', NULL, NULL, NULL, NULL, NULL, NULL, '0.0', NULL, NULL, NULL, NULL, NULL, NULL, NULL, 'website', NULL, NULL, NULL, NULL, NULL, 'left', '0', NULL, NULL, NULL, NULL, '0', '0', NULL, NULL, NULL, NULL, NULL, NULL, NULL, NULL, NULL, '0', '0', '0', NULL, NULL, NULL, NULL, NULL, NULL, NULL, NULL, NULL, NULL, NULL, NULL, NULL, NULL, NULL, NULL, NULL, NULL, '0', '0', NULL, '0', '2017-09-13 17:13:57', '2017-09-14 18:41:30', '61404c9d-87f1-4e4f-b226-65aa50b5713a'),
 ('548', '469', 'en_us', NULL, NULL, 'left', NULL, NULL, NULL, 'blue', '0', 'primary', NULL, 'gray', NULL, 'normal', NULL, NULL, NULL, NULL, NULL, NULL, '0.0', NULL, NULL, NULL, NULL, NULL, NULL, NULL, 'website', NULL, NULL, NULL, NULL, NULL, 'left', '0', NULL, NULL, NULL, NULL, '0', '0', NULL, NULL, NULL, NULL, NULL, NULL, NULL, NULL, NULL, '0', '0', '0', NULL, NULL, NULL, NULL, NULL, NULL, NULL, NULL, NULL, NULL, NULL, NULL, NULL, NULL, NULL, NULL, NULL, NULL, '0', '1', NULL, '0', '2017-09-13 17:13:57', '2017-09-14 18:41:30', 'c58ce841-39b3-4d17-9bac-754e44a53411'),
 ('549', '474', 'en_us', NULL, NULL, 'left', NULL, NULL, NULL, 'blue', '0', 'primary', NULL, 'white', 'Ad Products', 'normal', NULL, NULL, NULL, NULL, NULL, NULL, '0.0', NULL, NULL, NULL, NULL, NULL, NULL, NULL, 'website', NULL, NULL, NULL, NULL, NULL, 'left', '0', NULL, NULL, NULL, NULL, '0', '0', NULL, NULL, NULL, NULL, NULL, NULL, NULL, NULL, NULL, '0', '0', '0', NULL, NULL, NULL, NULL, NULL, NULL, NULL, NULL, NULL, NULL, NULL, NULL, NULL, NULL, NULL, NULL, NULL, NULL, '0', '0', NULL, '0', '2017-09-13 17:18:46', '2017-09-14 18:41:30', '15e73e8f-74e0-4923-8354-245173a95321'),
 ('550', '475', 'en_us', NULL, NULL, 'left', NULL, NULL, NULL, 'blue', '0', 'primary', NULL, 'gray', NULL, 'normal', NULL, NULL, NULL, NULL, NULL, NULL, '0.0', NULL, NULL, NULL, NULL, NULL, NULL, NULL, 'website', NULL, NULL, NULL, NULL, NULL, 'left', '0', NULL, NULL, NULL, NULL, '0', '0', NULL, NULL, NULL, NULL, NULL, NULL, NULL, NULL, NULL, '0', '0', '0', NULL, NULL, NULL, NULL, NULL, NULL, NULL, NULL, NULL, NULL, NULL, NULL, NULL, NULL, NULL, NULL, NULL, NULL, '0', '0', NULL, '0', '2017-09-13 17:18:46', '2017-09-14 18:41:30', 'c358ab92-6a13-4b96-8bc4-86e5a75da91f'),
 ('551', '477', 'en_us', 'Homepage Burberry', NULL, 'left', NULL, NULL, NULL, 'blue', '0', 'primary', NULL, 'gray', NULL, 'normal', NULL, NULL, NULL, NULL, NULL, NULL, '0.0', NULL, NULL, NULL, NULL, NULL, NULL, NULL, 'website', NULL, NULL, NULL, NULL, NULL, 'left', '0', NULL, NULL, NULL, NULL, '0', '0', NULL, NULL, NULL, NULL, NULL, NULL, NULL, NULL, NULL, '0', '0', '0', NULL, NULL, NULL, NULL, NULL, NULL, NULL, NULL, NULL, NULL, NULL, NULL, NULL, NULL, NULL, NULL, NULL, NULL, '0', '0', NULL, '0', '2017-09-13 17:23:33', '2017-09-13 17:23:33', '564e242a-3576-4378-9461-08b4273d0546'),
 ('552', '477', 'de_de', 'Homepage Burberry', NULL, 'left', NULL, NULL, NULL, 'blue', '0', 'primary', NULL, 'gray', NULL, 'normal', NULL, NULL, NULL, NULL, NULL, NULL, '0.0', NULL, NULL, NULL, NULL, NULL, NULL, NULL, 'website', NULL, NULL, NULL, NULL, NULL, 'left', '0', NULL, NULL, NULL, NULL, '0', '0', NULL, NULL, NULL, NULL, NULL, NULL, NULL, NULL, NULL, '0', '0', '0', NULL, NULL, NULL, NULL, NULL, NULL, NULL, NULL, NULL, NULL, NULL, NULL, NULL, NULL, NULL, NULL, NULL, NULL, '0', '0', NULL, '0', '2017-09-13 17:23:33', '2017-09-13 17:23:33', '2b48c894-44e1-4121-8545-3d10e18b74ea'),
 ('553', '478', 'en_us', 'Measurement Reach', NULL, 'left', NULL, NULL, NULL, 'blue', '0', 'primary', NULL, 'gray', NULL, 'normal', NULL, NULL, NULL, NULL, NULL, NULL, '0.0', NULL, NULL, NULL, NULL, NULL, NULL, NULL, 'website', NULL, NULL, NULL, NULL, NULL, 'left', '0', NULL, NULL, NULL, NULL, '0', '0', NULL, NULL, NULL, NULL, NULL, NULL, NULL, NULL, NULL, '0', '0', '0', NULL, NULL, NULL, NULL, NULL, NULL, NULL, NULL, NULL, NULL, NULL, NULL, NULL, NULL, NULL, NULL, NULL, NULL, '0', '0', NULL, '0', '2017-09-13 17:24:00', '2017-09-13 17:24:00', 'a5c83e08-3b33-40da-8a99-0ece1579d419'),
 ('554', '478', 'de_de', 'Measurement Reach', NULL, 'left', NULL, NULL, NULL, 'blue', '0', 'primary', NULL, 'gray', NULL, 'normal', NULL, NULL, NULL, NULL, NULL, NULL, '0.0', NULL, NULL, NULL, NULL, NULL, NULL, NULL, 'website', NULL, NULL, NULL, NULL, NULL, 'left', '0', NULL, NULL, NULL, NULL, '0', '0', NULL, NULL, NULL, NULL, NULL, NULL, NULL, NULL, NULL, '0', '0', '0', NULL, NULL, NULL, NULL, NULL, NULL, NULL, NULL, NULL, NULL, NULL, NULL, NULL, NULL, NULL, NULL, NULL, NULL, '0', '0', NULL, '0', '2017-09-13 17:24:00', '2017-09-13 17:24:00', 'deb9ba16-0dad-4ebe-8f6c-cf1e1e3d1b15'),
 ('555', '479', 'en_us', 'Bumble Geo Filter 2X', NULL, 'left', NULL, NULL, NULL, 'blue', '0', 'primary', NULL, 'gray', NULL, 'normal', NULL, NULL, NULL, NULL, NULL, NULL, '0.0', NULL, NULL, NULL, NULL, NULL, NULL, NULL, 'website', NULL, NULL, NULL, NULL, NULL, 'left', '0', NULL, NULL, NULL, NULL, '0', '0', NULL, NULL, NULL, NULL, NULL, NULL, NULL, NULL, NULL, '0', '0', '0', NULL, NULL, NULL, NULL, NULL, NULL, NULL, NULL, NULL, NULL, NULL, NULL, NULL, NULL, NULL, NULL, NULL, NULL, '0', '0', NULL, '0', '2017-09-13 17:28:46', '2017-09-13 17:28:46', 'ff49bd32-07c2-46df-b4f1-7955145e45bc'),
 ('556', '479', 'de_de', 'Bumble Geo Filter 2X', NULL, 'left', NULL, NULL, NULL, 'blue', '0', 'primary', NULL, 'gray', NULL, 'normal', NULL, NULL, NULL, NULL, NULL, NULL, '0.0', NULL, NULL, NULL, NULL, NULL, NULL, NULL, 'website', NULL, NULL, NULL, NULL, NULL, 'left', '0', NULL, NULL, NULL, NULL, '0', '0', NULL, NULL, NULL, NULL, NULL, NULL, NULL, NULL, NULL, '0', '0', '0', NULL, NULL, NULL, NULL, NULL, NULL, NULL, NULL, NULL, NULL, NULL, NULL, NULL, NULL, NULL, NULL, NULL, NULL, '0', '0', NULL, '0', '2017-09-13 17:28:46', '2017-09-13 17:28:46', '19d34678-558d-4aa2-ab19-0ea3a33b3d51'),
 ('557', '480', 'en_us', 'Increase Consideration', NULL, 'left', NULL, NULL, NULL, 'blue', '0', 'primary', NULL, 'gray', NULL, 'normal', NULL, NULL, NULL, NULL, NULL, NULL, '0.0', NULL, NULL, NULL, NULL, NULL, NULL, NULL, 'website', NULL, NULL, NULL, NULL, NULL, 'left', '0', NULL, NULL, NULL, NULL, '0', '0', NULL, NULL, NULL, NULL, NULL, NULL, NULL, NULL, NULL, '0', '0', '0', NULL, NULL, NULL, NULL, NULL, NULL, NULL, NULL, NULL, NULL, NULL, NULL, NULL, NULL, NULL, NULL, NULL, NULL, '0', '0', NULL, '0', '2017-09-13 17:31:34', '2017-09-13 17:31:34', '0b847994-6eba-492b-891d-8dd1aeec813f'),
 ('558', '480', 'de_de', 'Increase Consideration', NULL, 'left', NULL, NULL, NULL, 'blue', '0', 'primary', NULL, 'gray', NULL, 'normal', NULL, NULL, NULL, NULL, NULL, NULL, '0.0', NULL, NULL, NULL, NULL, NULL, NULL, NULL, 'website', NULL, NULL, NULL, NULL, NULL, 'left', '0', NULL, NULL, NULL, NULL, '0', '0', NULL, NULL, NULL, NULL, NULL, NULL, NULL, NULL, NULL, '0', '0', '0', NULL, NULL, NULL, NULL, NULL, NULL, NULL, NULL, NULL, NULL, NULL, NULL, NULL, NULL, NULL, NULL, NULL, NULL, '0', '0', NULL, '0', '2017-09-13 17:31:34', '2017-09-13 17:31:34', '867c2066-dbde-4ff5-9701-07155cd8c7b8'),
 ('559', '481', 'en_us', 'Homepage Gametime', NULL, 'left', NULL, NULL, NULL, 'blue', '0', 'primary', NULL, 'gray', NULL, 'normal', NULL, NULL, NULL, NULL, NULL, NULL, '0.0', NULL, NULL, NULL, NULL, NULL, NULL, NULL, 'website', NULL, NULL, NULL, NULL, NULL, 'left', '0', NULL, NULL, NULL, NULL, '0', '0', NULL, NULL, NULL, NULL, NULL, NULL, NULL, NULL, NULL, '0', '0', '0', NULL, NULL, NULL, NULL, NULL, NULL, NULL, NULL, NULL, NULL, NULL, NULL, NULL, NULL, NULL, NULL, NULL, NULL, '0', '0', NULL, '0', '2017-09-13 17:32:57', '2017-09-13 17:32:57', 'b2126823-362e-4de4-91e1-3e2f343dd156'),
 ('560', '481', 'de_de', 'Homepage Gametime', NULL, 'left', NULL, NULL, NULL, 'blue', '0', 'primary', NULL, 'gray', NULL, 'normal', NULL, NULL, NULL, NULL, NULL, NULL, '0.0', NULL, NULL, NULL, NULL, NULL, NULL, NULL, 'website', NULL, NULL, NULL, NULL, NULL, 'left', '0', NULL, NULL, NULL, NULL, '0', '0', NULL, NULL, NULL, NULL, NULL, NULL, NULL, NULL, NULL, '0', '0', '0', NULL, NULL, NULL, NULL, NULL, NULL, NULL, NULL, NULL, NULL, NULL, NULL, NULL, NULL, NULL, NULL, NULL, NULL, '0', '0', NULL, '0', '2017-09-13 17:32:57', '2017-09-13 17:32:57', '902a43e7-42e9-4774-8df2-deba8bf3a85c'),
 ('561', '482', 'en_us', 'Drive Action', NULL, 'left', NULL, NULL, NULL, 'blue', '0', 'primary', NULL, 'gray', NULL, 'normal', NULL, NULL, NULL, NULL, NULL, NULL, '0.0', NULL, NULL, NULL, NULL, NULL, NULL, NULL, 'website', NULL, NULL, NULL, NULL, NULL, 'left', '0', NULL, NULL, NULL, NULL, '0', '0', NULL, NULL, NULL, NULL, NULL, NULL, NULL, NULL, NULL, '0', '0', '0', NULL, NULL, NULL, NULL, NULL, NULL, NULL, NULL, NULL, NULL, NULL, NULL, NULL, NULL, NULL, NULL, NULL, NULL, '0', '0', NULL, '0', '2017-09-13 17:33:12', '2017-09-13 17:33:12', 'ce1d3611-a4c2-456e-a233-9b1501fcb7f6'),
 ('562', '482', 'de_de', 'Drive Action', NULL, 'left', NULL, NULL, NULL, 'blue', '0', 'primary', NULL, 'gray', NULL, 'normal', NULL, NULL, NULL, NULL, NULL, NULL, '0.0', NULL, NULL, NULL, NULL, NULL, NULL, NULL, 'website', NULL, NULL, NULL, NULL, NULL, 'left', '0', NULL, NULL, NULL, NULL, '0', '0', NULL, NULL, NULL, NULL, NULL, NULL, NULL, NULL, NULL, '0', '0', '0', NULL, NULL, NULL, NULL, NULL, NULL, NULL, NULL, NULL, NULL, NULL, NULL, NULL, NULL, NULL, NULL, NULL, NULL, '0', '0', NULL, '0', '2017-09-13 17:33:12', '2017-09-13 17:33:12', '114c1156-87aa-4a2b-9fc2-aa2f0e4a1e9a'),
 ('563', '483', 'en_us', 'Ad Manager 2X', NULL, 'left', NULL, NULL, NULL, 'blue', '0', 'primary', NULL, 'gray', NULL, 'normal', NULL, NULL, NULL, NULL, NULL, NULL, '0.0', NULL, NULL, NULL, NULL, NULL, NULL, NULL, 'website', NULL, NULL, NULL, NULL, NULL, 'left', '0', NULL, NULL, NULL, NULL, '0', '0', NULL, NULL, NULL, NULL, NULL, NULL, NULL, NULL, NULL, '0', '0', '0', NULL, NULL, NULL, NULL, NULL, NULL, NULL, NULL, NULL, NULL, NULL, NULL, NULL, NULL, NULL, NULL, NULL, NULL, '0', '0', NULL, '0', '2017-09-13 17:35:19', '2017-09-13 17:35:19', '4b3061ad-ea73-45d7-9c0e-5082d7447928'),
 ('564', '483', 'de_de', 'Ad Manager 2X', NULL, 'left', NULL, NULL, NULL, 'blue', '0', 'primary', NULL, 'gray', NULL, 'normal', NULL, NULL, NULL, NULL, NULL, NULL, '0.0', NULL, NULL, NULL, NULL, NULL, NULL, NULL, 'website', NULL, NULL, NULL, NULL, NULL, 'left', '0', NULL, NULL, NULL, NULL, '0', '0', NULL, NULL, NULL, NULL, NULL, NULL, NULL, NULL, NULL, '0', '0', '0', NULL, NULL, NULL, NULL, NULL, NULL, NULL, NULL, NULL, NULL, NULL, NULL, NULL, NULL, NULL, NULL, NULL, NULL, '0', '0', NULL, '0', '2017-09-13 17:35:19', '2017-09-13 17:35:19', 'e43a7828-cd90-4613-857b-df17e08ea223'),
 ('565', '484', 'en_us', 'Everything You Need To Know Final1X', NULL, 'left', NULL, NULL, NULL, 'blue', '0', 'primary', NULL, 'gray', NULL, 'normal', NULL, NULL, NULL, NULL, NULL, NULL, '0.0', NULL, NULL, NULL, NULL, NULL, NULL, NULL, 'website', NULL, NULL, NULL, NULL, NULL, 'left', '0', NULL, NULL, NULL, NULL, '0', '0', NULL, NULL, NULL, NULL, NULL, NULL, NULL, NULL, NULL, '0', '0', '0', NULL, NULL, NULL, NULL, NULL, NULL, NULL, NULL, NULL, NULL, NULL, NULL, NULL, NULL, NULL, NULL, NULL, NULL, '0', '0', NULL, '0', '2017-09-13 17:39:06', '2017-09-13 17:39:06', 'c1342366-6c6c-48fb-9971-aa85d2cedda6'),
 ('566', '484', 'de_de', 'Everything You Need To Know Final1X', NULL, 'left', NULL, NULL, NULL, 'blue', '0', 'primary', NULL, 'gray', NULL, 'normal', NULL, NULL, NULL, NULL, NULL, NULL, '0.0', NULL, NULL, NULL, NULL, NULL, NULL, NULL, 'website', NULL, NULL, NULL, NULL, NULL, 'left', '0', NULL, NULL, NULL, NULL, '0', '0', NULL, NULL, NULL, NULL, NULL, NULL, NULL, NULL, NULL, '0', '0', '0', NULL, NULL, NULL, NULL, NULL, NULL, NULL, NULL, NULL, NULL, NULL, NULL, NULL, NULL, NULL, NULL, NULL, NULL, '0', '0', NULL, '0', '2017-09-13 17:39:06', '2017-09-13 17:39:06', 'b3b282d0-83ff-4456-946c-8ec6062c308c'),
 ('567', '487', 'en_us', NULL, NULL, 'left', NULL, NULL, NULL, 'blue', '0', 'primary', NULL, 'gray', 'Ad Tools', 'normal', NULL, NULL, NULL, NULL, NULL, NULL, '0.0', NULL, NULL, NULL, NULL, NULL, NULL, NULL, 'website', NULL, NULL, NULL, NULL, NULL, 'left', '0', NULL, NULL, NULL, NULL, '0', '0', NULL, NULL, NULL, NULL, NULL, NULL, NULL, NULL, NULL, '0', '0', '0', NULL, NULL, NULL, NULL, NULL, NULL, NULL, NULL, NULL, NULL, NULL, NULL, NULL, NULL, NULL, NULL, NULL, NULL, '0', '0', NULL, '0', '2017-09-13 17:39:24', '2017-09-14 18:41:31', 'c1bd5612-475d-40cb-8af5-2779ebe190bc'),
 ('568', '488', 'en_us', NULL, NULL, 'left', '<p>Create, manage, and measure your campaigns  at work or on the go.</p>', NULL, 'Ad Tools', 'blue', '0', 'primary', NULL, 'gray', NULL, 'normal', NULL, NULL, NULL, NULL, NULL, NULL, '0.0', NULL, NULL, NULL, NULL, NULL, NULL, NULL, 'website', NULL, NULL, NULL, NULL, NULL, 'left', '0', NULL, NULL, NULL, NULL, '0', '0', NULL, NULL, NULL, NULL, NULL, NULL, NULL, NULL, NULL, '0', '0', '0', NULL, NULL, NULL, NULL, NULL, NULL, NULL, NULL, NULL, NULL, NULL, NULL, NULL, NULL, '{\"type\":\"entry\",\"custom\":\"\",\"entry\":[\"98\"],\"customText\":\"Learn More\",\"target\":\"\"}', '', NULL, NULL, '0', '0', NULL, '0', '2017-09-13 17:39:24', '2017-09-14 18:41:31', 'f5efb2e2-871d-416b-8488-800728f0dd9b'),
 ('569', '489', 'en_us', NULL, NULL, 'left', NULL, NULL, NULL, 'blue', '0', 'primary', NULL, 'white', 'Video', 'normal', NULL, NULL, NULL, NULL, NULL, NULL, '0.0', NULL, NULL, NULL, NULL, NULL, NULL, NULL, 'website', NULL, NULL, NULL, NULL, NULL, 'left', '0', NULL, NULL, NULL, NULL, '0', '0', NULL, NULL, NULL, NULL, NULL, NULL, NULL, NULL, NULL, '0', '0', '0', NULL, NULL, NULL, NULL, NULL, NULL, NULL, NULL, NULL, NULL, NULL, NULL, NULL, NULL, NULL, NULL, NULL, NULL, '0', '0', NULL, '0', '2017-09-13 17:39:24', '2017-09-14 18:41:31', '7f8cf192-5153-4534-8022-10885f47ef36'),
 ('570', '490', 'en_us', NULL, NULL, 'left', NULL, NULL, 'Snapchat is...', 'blue', '0', 'primary', '', 'gray', NULL, 'normal', NULL, NULL, NULL, NULL, NULL, NULL, '0.0', NULL, NULL, NULL, NULL, NULL, NULL, NULL, 'website', NULL, NULL, NULL, NULL, NULL, 'left', '0', NULL, NULL, NULL, NULL, '0', '0', NULL, NULL, NULL, NULL, NULL, NULL, NULL, NULL, NULL, '0', '0', '0', NULL, NULL, NULL, NULL, NULL, NULL, NULL, NULL, NULL, NULL, NULL, NULL, NULL, NULL, NULL, NULL, NULL, NULL, '0', '0', NULL, '0', '2017-09-13 17:39:24', '2017-09-14 18:41:31', 'c5dcb466-3e42-4a4a-85d3-c3a81442ac91'),
 ('571', '491', 'en_us', NULL, NULL, 'left', NULL, NULL, NULL, 'blue', '0', 'primary', NULL, 'gray', NULL, 'normal', NULL, NULL, NULL, NULL, NULL, NULL, '0.0', NULL, NULL, NULL, NULL, NULL, NULL, NULL, 'website', NULL, NULL, NULL, NULL, NULL, 'left', '1', NULL, NULL, NULL, NULL, '0', '0', NULL, NULL, NULL, NULL, NULL, NULL, NULL, NULL, NULL, '0', '0', '0', NULL, NULL, NULL, NULL, NULL, NULL, NULL, NULL, NULL, NULL, NULL, NULL, NULL, NULL, NULL, NULL, NULL, NULL, '0', '0', NULL, '0', '2017-09-13 17:39:24', '2017-09-14 18:41:31', '7f86cc51-c03c-4f16-9fee-94680ad13bc9');



DROP TABLE IF EXISTS `craft_deprecationerrors`;


--
-- Schema for table `craft_deprecationerrors`
--
CREATE TABLE `craft_deprecationerrors` (
  `id` int(11) NOT NULL AUTO_INCREMENT,
  `key` varchar(255) COLLATE utf8_unicode_ci NOT NULL,
  `fingerprint` varchar(255) COLLATE utf8_unicode_ci NOT NULL,
  `lastOccurrence` datetime NOT NULL,
  `file` varchar(255) COLLATE utf8_unicode_ci NOT NULL,
  `line` smallint(6) unsigned NOT NULL,
  `class` varchar(255) COLLATE utf8_unicode_ci DEFAULT NULL,
  `method` varchar(255) COLLATE utf8_unicode_ci DEFAULT NULL,
  `template` varchar(255) COLLATE utf8_unicode_ci DEFAULT NULL,
  `templateLine` smallint(6) unsigned DEFAULT NULL,
  `message` varchar(255) COLLATE utf8_unicode_ci DEFAULT NULL,
  `traces` text COLLATE utf8_unicode_ci,
  `dateCreated` datetime NOT NULL,
  `dateUpdated` datetime NOT NULL,
  `uid` char(36) COLLATE utf8_unicode_ci NOT NULL DEFAULT '0',
  PRIMARY KEY (`id`),
  UNIQUE KEY `craft_deprecationerrors_key_fingerprint_unq_idx` (`key`,`fingerprint`)
) ENGINE=InnoDB DEFAULT CHARSET=utf8 COLLATE=utf8_unicode_ci;

DROP TABLE IF EXISTS `craft_elementindexsettings`;


--
-- Schema for table `craft_elementindexsettings`
--
CREATE TABLE `craft_elementindexsettings` (
  `id` int(11) NOT NULL AUTO_INCREMENT,
  `type` varchar(150) COLLATE utf8_unicode_ci NOT NULL,
  `settings` text COLLATE utf8_unicode_ci,
  `dateCreated` datetime NOT NULL,
  `dateUpdated` datetime NOT NULL,
  `uid` char(36) COLLATE utf8_unicode_ci NOT NULL DEFAULT '0',
  PRIMARY KEY (`id`),
  UNIQUE KEY `craft_elementindexsettings_type_unq_idx` (`type`)
) ENGINE=InnoDB AUTO_INCREMENT=3 DEFAULT CHARSET=utf8 COLLATE=utf8_unicode_ci;

--
-- Data for table `craft_elementindexsettings`
--

INSERT INTO `craft_elementindexsettings` (`id`, `type`, `settings`, `dateCreated`, `dateUpdated`, `uid`) VALUES
 ('1', 'Entry', '{\"sourceOrder\":[[\"key\",\"*\"],[\"key\",\"singles\"],[\"key\",\"section:3\"],[\"key\",\"section:2\"],[\"key\",\"section:4\"],[\"key\",\"section:10\"]],\"sources\":{\"section:3\":{\"tableAttributes\":{\"1\":\"postDate\",\"2\":\"expiryDate\",\"3\":\"author\",\"4\":\"link\"}},\"*\":{\"tableAttributes\":{\"1\":\"section\",\"2\":\"postDate\",\"3\":\"expiryDate\",\"4\":\"author\",\"5\":\"link\",\"6\":\"slug\"}},\"singles\":{\"tableAttributes\":{\"1\":\"author\",\"2\":\"link\",\"3\":\"slug\"}},\"section:2\":{\"tableAttributes\":{\"1\":\"postDate\",\"2\":\"expiryDate\",\"3\":\"author\",\"4\":\"link\",\"5\":\"type\"}},\"section:4\":{\"tableAttributes\":{\"1\":\"postDate\",\"2\":\"expiryDate\",\"3\":\"type\",\"4\":\"link\"}},\"section:10\":{\"tableAttributes\":{\"1\":\"postDate\",\"2\":\"expiryDate\",\"3\":\"author\",\"4\":\"link\"}}}}', '2017-07-20 21:25:57', '2017-09-07 21:08:14', 'bfa1f50b-98ce-4373-ae00-6ec376dcc6a8'),
 ('2', 'Asset', '{\"sources\":{\"folder:2\":{\"tableAttributes\":{\"1\":\"filename\",\"2\":\"size\",\"3\":\"dateModified\",\"4\":\"id\",\"5\":\"kind\"}}}}', '2017-09-13 17:40:27', '2017-09-13 17:50:54', 'c600ba64-86d5-44fc-8d5a-193639548345');



DROP TABLE IF EXISTS `craft_elements`;


--
-- Schema for table `craft_elements`
--
CREATE TABLE `craft_elements` (
  `id` int(11) NOT NULL AUTO_INCREMENT,
  `type` varchar(150) COLLATE utf8_unicode_ci NOT NULL,
  `enabled` tinyint(1) unsigned NOT NULL DEFAULT '1',
  `archived` tinyint(1) unsigned NOT NULL DEFAULT '0',
  `dateCreated` datetime NOT NULL,
  `dateUpdated` datetime NOT NULL,
  `uid` char(36) COLLATE utf8_unicode_ci NOT NULL DEFAULT '0',
  PRIMARY KEY (`id`),
  KEY `craft_elements_type_idx` (`type`),
  KEY `craft_elements_enabled_idx` (`enabled`),
  KEY `craft_elements_archived_dateCreated_idx` (`archived`,`dateCreated`)
) ENGINE=InnoDB AUTO_INCREMENT=492 DEFAULT CHARSET=utf8 COLLATE=utf8_unicode_ci;

--
-- Data for table `craft_elements`
--

INSERT INTO `craft_elements` (`id`, `type`, `enabled`, `archived`, `dateCreated`, `dateUpdated`, `uid`) VALUES
 ('1', 'User', '1', '0', '2017-07-20 17:27:58', '2017-07-28 21:23:12', '6d4428d4-0a00-435c-a598-147c9fd3efdb'),
 ('34', 'Neo_Block', '1', '0', '2017-07-26 20:51:36', '2017-07-27 00:17:05', '2445894d-9d85-4202-b576-95130db0432b'),
 ('35', 'Neo_Block', '1', '0', '2017-07-26 20:51:36', '2017-07-27 00:17:05', 'c48f927b-8d23-4f76-a230-594540cf2b42'),
 ('36', 'Neo_Block', '1', '0', '2017-07-26 20:51:36', '2017-07-27 00:17:05', 'ec7ffbd5-a9fc-43ae-afbf-e4648e508039'),
 ('39', 'Neo_Block', '1', '0', '2017-07-26 21:04:17', '2017-07-27 00:17:05', 'b7081961-af09-4cc6-a112-fa9e0f57b7b5'),
 ('40', 'Neo_Block', '1', '0', '2017-07-26 21:04:17', '2017-07-27 00:17:05', '8d943664-82ed-4751-b1f0-806344cd425f'),
 ('42', 'Neo_Block', '1', '0', '2017-07-26 21:04:17', '2017-07-27 00:17:05', '5611230c-ad7f-48cf-8184-a89b6f508c25'),
 ('43', 'Neo_Block', '1', '0', '2017-07-26 21:04:17', '2017-07-27 00:17:05', '75c00219-0424-4a66-a767-e8f4934f4fbe'),
 ('44', 'Neo_Block', '1', '0', '2017-07-26 21:04:17', '2017-07-27 00:17:05', '04c61613-a219-4783-b8f7-ff142dd2e94f'),
 ('63', 'Neo_Block', '1', '0', '2017-07-26 21:27:42', '2017-07-27 00:17:06', 'c5c39038-2ba2-4c6f-8a71-5838b2719262'),
 ('64', 'Neo_Block', '1', '0', '2017-07-26 21:27:42', '2017-07-27 00:17:06', '04ae531b-0948-41db-9eea-1ecc676741f2'),
 ('69', 'Neo_Block', '1', '0', '2017-07-26 21:28:25', '2017-07-27 00:17:06', 'd23a71e6-1737-4b0b-bedc-a17c3ead3c46'),
 ('71', 'Neo_Block', '1', '0', '2017-07-26 21:48:57', '2017-07-27 00:17:06', '244a7b26-8d21-4300-b6c7-2e985031f87f'),
 ('72', 'Neo_Block', '1', '0', '2017-07-26 21:48:57', '2017-07-27 00:17:06', 'd2d1ed7a-229d-4578-8b6c-f3ae46609e7d'),
 ('91', 'Neo_Block', '1', '0', '2017-07-26 22:00:39', '2017-07-27 00:17:06', '48a6c126-e621-427b-9f06-5e8a17129382'),
 ('98', 'Entry', '1', '0', '2017-07-26 22:48:34', '2017-09-12 21:20:19', 'cdfd6ac0-aeb0-4919-92c7-1fc770f9976c'),
 ('183', 'Neo_Block', '1', '0', '2017-08-01 20:54:27', '2017-08-03 17:11:59', '5b6a01b5-d489-4fc8-a53f-bff0b5a752ff'),
 ('190', 'Neo_Block', '1', '0', '2017-08-01 22:35:00', '2017-08-03 17:11:59', 'e4fcd5cd-9bbe-4d41-be80-30aa601bf95b'),
 ('191', 'MatrixBlock', '1', '0', '2017-08-01 22:35:00', '2017-08-07 16:49:46', '39e732ef-40e4-493b-b75e-300d50fac727'),
 ('194', 'Neo_Block', '1', '0', '2017-08-02 00:32:52', '2017-08-03 17:11:59', 'c1bec2fc-01a1-49a8-8128-4567057c1549'),
 ('195', 'MatrixBlock', '1', '0', '2017-08-02 00:32:52', '2017-08-07 16:49:46', '65517de9-5784-41b1-8fbc-29083014feff'),
 ('202', 'Neo_Block', '1', '0', '2017-08-03 17:08:09', '2017-08-03 17:11:59', '32196194-b340-4df4-bc6d-2a481e9f3b41'),
 ('223', 'Neo_Block', '1', '0', '2017-08-03 22:25:09', '2017-08-07 16:49:47', 'c4861895-839e-4b6c-a7db-27a5a5b70da0'),
 ('224', 'MatrixBlock', '1', '0', '2017-08-03 22:25:09', '2017-08-07 16:49:46', 'be4077e1-ab6c-41e0-8f11-f7d606411860'),
 ('225', 'MatrixBlock', '1', '0', '2017-08-03 22:33:25', '2017-08-07 16:49:46', 'bb360be0-998c-4861-8b0d-04bde61f9304'),
 ('226', 'MatrixBlock', '1', '0', '2017-08-03 22:33:25', '2017-08-07 16:49:46', '6162ae07-6185-4fff-a1d4-9af2da508a75'),
 ('227', 'MatrixBlock', '1', '0', '2017-08-03 22:33:25', '2017-08-07 16:49:46', '27d84e99-fdf3-405b-a410-192e6be60ae0'),
 ('228', 'Neo_Block', '1', '0', '2017-08-03 22:33:25', '2017-08-07 16:49:47', '786795f5-9cfb-4f43-993c-dbe548890550'),
 ('229', 'MatrixBlock', '1', '0', '2017-08-03 22:33:25', '2017-08-07 16:49:46', 'bc96962d-f2d5-41fe-bee7-737ff38fcaba'),
 ('230', 'MatrixBlock', '1', '0', '2017-08-03 22:33:25', '2017-08-07 16:49:46', 'f1168699-d9c5-48ad-8c7d-169af98862fe'),
 ('231', 'MatrixBlock', '1', '0', '2017-08-03 22:33:25', '2017-08-07 16:49:46', '5bac09fe-a7c0-4871-958f-17c42abd42c8'),
 ('232', 'Neo_Block', '1', '0', '2017-08-03 22:33:25', '2017-08-07 16:49:47', 'd066ff95-56bc-4ca2-ba7e-4f44b19ac75d'),
 ('233', 'MatrixBlock', '1', '0', '2017-08-03 22:33:25', '2017-08-07 16:49:46', 'c95fb425-6bec-47aa-baac-42f11a8c6384'),
 ('234', 'MatrixBlock', '1', '0', '2017-08-03 22:33:26', '2017-08-07 16:49:46', '51e8c748-0bd4-495e-bb1e-57feac6f6a87'),
 ('235', 'MatrixBlock', '1', '0', '2017-08-03 22:33:26', '2017-08-07 16:49:47', 'e0164669-34e2-46de-8398-c466109e703b'),
 ('236', 'MatrixBlock', '1', '0', '2017-08-03 22:33:26', '2017-08-07 16:49:47', 'ee6f6503-810b-432b-be2a-1b76c605f684'),
 ('237', 'Neo_Block', '1', '0', '2017-08-03 22:33:26', '2017-08-07 16:49:47', '5e2d930a-52ab-4353-a25a-129f1fbf7670'),
 ('238', 'MatrixBlock', '1', '0', '2017-08-03 22:33:26', '2017-08-07 16:49:47', 'b0ebd381-4377-45a1-81a9-9aaf51981d86'),
 ('239', 'MatrixBlock', '1', '0', '2017-08-03 22:33:26', '2017-08-07 16:49:47', 'f63e0553-8b1d-4205-8908-31a54010a9ff'),
 ('240', 'MatrixBlock', '1', '0', '2017-08-03 22:33:26', '2017-08-07 16:49:47', '0c124d2e-37c0-4bf9-ad8f-77ed60a5419a'),
 ('241', 'MatrixBlock', '1', '0', '2017-08-03 22:33:26', '2017-08-07 16:49:47', '571c7575-86a9-42a7-9496-691427e070d8'),
 ('242', 'MatrixBlock', '1', '0', '2017-08-03 22:33:26', '2017-08-07 16:49:47', '91b78577-3c37-4176-9952-b40ad6159627'),
 ('243', 'Category', '1', '0', '2017-08-07 17:26:03', '2017-08-07 17:26:03', '623f9ee2-3320-4d12-93b3-31636f9e5045'),
 ('244', 'Category', '1', '0', '2017-08-07 17:26:14', '2017-08-07 17:26:14', '4abda02b-afbe-4da7-9c79-4d2456c5166b'),
 ('245', 'Category', '1', '0', '2017-08-07 17:26:23', '2017-08-07 17:26:23', 'c732a27e-50e5-491b-bbd3-27ad5b8aa4cb'),
 ('246', 'Category', '1', '0', '2017-08-07 17:26:39', '2017-08-07 17:26:39', 'cba1a7c7-dff6-406d-a7cc-15423a688cd3'),
 ('247', 'Category', '1', '0', '2017-08-07 17:26:50', '2017-08-07 17:26:50', '6d862fd3-5da8-4aca-896f-838ddeb5e58a'),
 ('248', 'Category', '1', '0', '2017-08-07 17:26:55', '2017-08-07 17:26:55', '9c22544c-cb6b-4828-8176-e043fcaa5783'),
 ('249', 'Category', '1', '0', '2017-08-07 17:27:08', '2017-08-07 17:27:08', '6fbe84ad-9741-4426-a504-bf0478f91905'),
 ('250', 'Category', '1', '0', '2017-08-07 17:27:17', '2017-08-07 17:27:17', 'a3cf19c5-79c0-46f7-8751-4af8c3895599'),
 ('251', 'Category', '1', '0', '2017-08-07 17:27:33', '2017-08-07 17:27:33', '12344c0e-bb29-4d8c-8678-d6b8688bd451'),
 ('252', 'Category', '1', '0', '2017-08-07 17:27:40', '2017-08-07 17:27:40', '6701d6b2-2ed6-40ea-97d0-c7ffe0c3f9ec'),
 ('253', 'Category', '1', '0', '2017-08-07 17:28:00', '2017-08-07 17:28:00', '1edeb8d6-0323-47d9-b2b6-185bbff0eb7c'),
 ('254', 'Category', '1', '0', '2017-08-07 17:28:10', '2017-08-07 17:28:10', 'ce28fce7-2cdc-4763-a71f-ea58985aa6a4'),
 ('255', 'Category', '1', '0', '2017-08-07 17:28:14', '2017-08-07 17:28:14', '5474b6bb-1937-4dec-ad65-3942ce831756'),
 ('256', 'Category', '1', '0', '2017-08-07 17:31:09', '2017-08-07 17:31:09', 'db8dda4f-0879-49b3-9717-5ab9eb742c22'),
 ('257', 'Category', '1', '0', '2017-08-07 17:31:22', '2017-08-07 17:31:22', '84bea8e6-6bc5-44b1-958a-c23bc749a2c9'),
 ('258', 'Category', '1', '0', '2017-08-07 17:31:27', '2017-08-07 17:31:27', 'bfe67251-89bf-4a9a-8b96-a338ddc1c8cc'),
 ('262', 'GlobalSet', '1', '0', '2017-08-07 21:07:07', '2017-09-06 23:00:13', '11679368-21c2-4629-ac07-4a4587c07aeb'),
 ('263', 'GlobalSet', '1', '0', '2017-08-07 21:07:30', '2017-08-09 20:57:20', '33234b17-2ad0-4c0c-89bc-f33319f45818'),
 ('264', 'Entry', '1', '0', '2017-08-07 21:28:57', '2017-09-14 18:29:48', '18b30d92-d9df-4359-93fc-526f712e5d94'),
 ('266', 'Category', '1', '0', '2017-08-07 21:31:59', '2017-08-07 21:31:59', 'f07a5ce4-bb0a-4104-9419-2312fc5df877'),
 ('267', 'Category', '1', '0', '2017-08-07 21:32:21', '2017-08-07 21:32:21', '230fa7f3-50ed-41fb-869c-3776fb6dce82'),
 ('268', 'MatrixBlock', '1', '0', '2017-08-07 21:48:31', '2017-09-06 20:51:17', '3ccec3c7-a3b3-4513-9551-59fb98d40570'),
 ('269', 'MatrixBlock', '1', '0', '2017-08-07 21:48:31', '2017-09-06 20:51:17', '0e6f0177-1bf0-4b9e-9446-9ba3f452548e'),
 ('270', 'Entry', '1', '0', '2017-08-07 22:23:24', '2017-09-14 18:41:30', '616b8a58-f7b3-42e5-b756-6b06888501b8'),
 ('272', 'MatrixBlock', '1', '0', '2017-08-07 23:13:17', '2017-08-09 20:57:20', 'a9068c05-8421-485b-a195-7ea154e56a0a'),
 ('273', 'MatrixBlock', '1', '0', '2017-08-07 23:13:17', '2017-08-09 20:57:20', 'cbeeb28a-b08c-48da-bafc-1b9b7f3f87e2'),
 ('274', 'Neo_Block', '1', '0', '2017-08-07 23:13:17', '2017-08-09 20:57:20', 'a447da14-81bc-410b-a424-9236f8a89950'),
 ('275', 'MatrixBlock', '1', '0', '2017-08-07 23:13:17', '2017-08-07 23:39:40', 'c3bb4a07-4c8c-4ec1-9ae4-11f1c0b08c8a'),
 ('276', 'MatrixBlock', '1', '0', '2017-08-07 23:13:17', '2017-08-07 23:39:40', 'b5dd8ea1-aa0f-498e-bc94-c46792babde0'),
 ('277', 'MatrixBlock', '1', '0', '2017-08-07 23:39:40', '2017-08-09 20:57:20', 'c45600e6-7ee1-4044-98bc-339b0f06d5e8'),
 ('278', 'MatrixBlock', '1', '0', '2017-08-07 23:39:40', '2017-08-09 20:57:20', 'e282fadc-a96d-482e-afd0-7b410b9e5075'),
 ('279', 'MatrixBlock', '1', '0', '2017-08-07 23:39:40', '2017-08-09 20:57:20', '8720e31c-3561-4b50-b33c-fbfb0ccf6f97'),
 ('280', 'MatrixBlock', '1', '0', '2017-08-07 23:39:40', '2017-08-09 20:57:20', '7742a9e3-1b58-46d2-9533-be106a57e564'),
 ('282', 'MatrixBlock', '1', '0', '2017-08-07 23:46:45', '2017-09-06 23:00:13', '8be18c7b-ce52-44d3-a625-65a1c8da9f04'),
 ('283', 'GlobalSet', '1', '0', '2017-08-08 17:41:58', '2017-08-08 17:46:47', '79f0a226-337f-428d-9cb8-0158fa2530f9'),
 ('284', 'MatrixBlock', '1', '0', '2017-08-08 17:46:27', '2017-08-08 17:46:47', 'ffa828c6-93c5-414c-9205-1dbdfc887908'),
 ('285', 'MatrixBlock', '1', '0', '2017-08-08 17:46:27', '2017-08-08 17:46:47', 'a363e51c-8e59-4b9e-8f62-c7ca772346ef'),
 ('287', 'GlobalSet', '1', '0', '2017-08-09 17:45:23', '2017-08-09 17:51:39', 'd9478e88-9953-4653-bca1-4cbae7a4d709'),
 ('290', 'Entry', '1', '0', '2017-08-09 20:38:27', '2017-09-12 23:48:12', '49bdac73-66d7-401f-af3e-de1ff0514316'),
 ('291', 'Entry', '1', '0', '2017-08-09 20:39:06', '2017-09-12 21:20:37', '8c437ac5-8952-4e58-aeaf-e6d0229ee87a'),
 ('292', 'Entry', '1', '0', '2017-08-09 20:41:34', '2017-09-12 21:20:53', 'e7516be7-e3a3-498c-90fc-668578697e77'),
 ('293', 'MatrixBlock', '1', '0', '2017-08-09 20:50:51', '2017-09-06 20:51:17', '886a1fae-9f51-414d-bb75-96ede3b96089'),
 ('294', 'MatrixBlock', '1', '0', '2017-08-09 20:50:51', '2017-09-06 20:51:17', 'ad3d2ca5-eb13-47e2-ba5c-3eea77e5a498'),
 ('297', 'MatrixBlock', '1', '0', '2017-08-09 20:50:51', '2017-09-06 23:00:13', 'c9f0e5af-2a6b-4d1f-80fd-78e80a07016e'),
 ('298', 'MatrixBlock', '1', '0', '2017-08-09 20:50:51', '2017-09-06 23:00:13', '3295f361-9588-4466-aa54-410d191f4578'),
 ('299', 'Neo_Block', '1', '0', '2017-08-09 20:57:20', '2017-08-09 20:57:20', '7d3153b6-62a9-49f9-a0e6-b0257ae05c2a'),
 ('300', 'MatrixBlock', '1', '0', '2017-08-09 20:57:20', '2017-08-09 20:57:20', 'a297cf6e-c865-4e80-a33c-862f96ed6b69'),
 ('301', 'MatrixBlock', '1', '0', '2017-08-09 20:57:20', '2017-08-09 20:57:20', 'fc520cc6-0d7e-48d3-b947-8ed38386dfd5'),
 ('302', 'MatrixBlock', '1', '0', '2017-08-09 20:57:20', '2017-08-09 20:57:20', '67f668c4-9bf7-4a39-9db9-55eae9479c38'),
 ('303', 'Neo_Block', '1', '0', '2017-08-09 20:57:20', '2017-08-09 20:57:20', 'd9407896-201b-40eb-9be7-49b03adad6b0'),
 ('304', 'MatrixBlock', '1', '0', '2017-08-09 20:57:20', '2017-08-09 20:57:20', '9d467c4c-196c-4013-9901-ae5d10ab9b00'),
 ('305', 'MatrixBlock', '1', '0', '2017-08-09 20:57:20', '2017-08-09 20:57:20', 'e9c36a82-cd81-4d3f-a597-3f0b1cd27ccf'),
 ('306', 'MatrixBlock', '1', '0', '2017-08-09 20:57:20', '2017-08-09 20:57:20', '6ffbd33c-14aa-4d64-aa16-04f9f4d26b31'),
 ('307', 'MatrixBlock', '1', '0', '2017-08-09 20:57:20', '2017-08-09 20:57:20', '51188cf4-5eec-4fa2-ac6a-fde6f0f4dfbe'),
 ('308', 'Neo_Block', '1', '0', '2017-08-09 20:57:20', '2017-08-09 20:57:20', 'bad43803-a3d5-4058-be1a-c519b3aa6ed6'),
 ('309', 'MatrixBlock', '1', '0', '2017-08-09 20:57:20', '2017-08-09 20:57:20', '06a0aad2-4137-4e35-a181-9a3cc09df7ec'),
 ('310', 'MatrixBlock', '1', '0', '2017-08-09 20:57:20', '2017-08-09 20:57:20', '3d9065f2-d2e3-4fd0-8ae3-dfbf02859d3c'),
 ('311', 'MatrixBlock', '1', '0', '2017-08-09 20:57:20', '2017-08-09 20:57:20', 'c9a42e8b-ac36-410e-afc7-918ea86afce8');
INSERT INTO `craft_elements` (`id`, `type`, `enabled`, `archived`, `dateCreated`, `dateUpdated`, `uid`) VALUES
 ('312', 'MatrixBlock', '1', '0', '2017-08-09 20:57:20', '2017-08-09 20:57:20', '400c4306-a2b7-4f36-bfaf-d258759f3332'),
 ('313', 'MatrixBlock', '1', '0', '2017-08-09 20:57:20', '2017-08-09 20:57:20', 'be68c69e-1aae-4580-99ee-24ce051472c9'),
 ('314', 'Entry', '1', '0', '2017-08-10 22:00:29', '2017-09-13 00:19:18', '0f1231d4-b73e-4817-9998-4aa20bfcc959'),
 ('315', 'MatrixBlock', '1', '0', '2017-08-10 22:00:29', '2017-09-13 00:19:18', 'f13e3f7d-2c4a-4996-ab0c-477b901d5e68'),
 ('316', 'MatrixBlock', '1', '0', '2017-08-10 22:00:29', '2017-09-13 00:19:18', 'f88372b3-60ae-4ffd-80c3-47511b01e153'),
 ('317', 'Neo_Block', '1', '0', '2017-08-10 22:00:29', '2017-09-13 00:19:18', 'f6725166-7fd0-4daf-891b-7a8bb491fe77'),
 ('318', 'Neo_Block', '1', '0', '2017-08-10 22:00:29', '2017-09-13 00:19:18', 'e4ee62d0-e432-4b05-99d5-bed1cd621c39'),
 ('319', 'MatrixBlock', '1', '0', '2017-08-10 22:00:29', '2017-09-13 00:19:18', '693575f0-b54d-428d-b009-ffe9d19111f3'),
 ('320', 'MatrixBlock', '1', '0', '2017-08-10 22:00:29', '2017-09-13 00:19:18', 'e8ede041-c0e4-4b44-bee4-b11b92e535f6'),
 ('321', 'MatrixBlock', '1', '0', '2017-08-10 22:00:29', '2017-09-13 00:19:18', 'c086a639-41dd-44ee-bc4d-f8148e5cae42'),
 ('322', 'Neo_Block', '1', '0', '2017-08-10 22:00:29', '2017-09-13 00:19:18', '19f2165b-671e-4e2b-b499-2b8fdca5edae'),
 ('323', 'MatrixBlock', '1', '0', '2017-08-10 22:00:29', '2017-09-13 00:19:18', 'ee1826cc-9f0e-4cbf-8c27-d203be9be442'),
 ('324', 'MatrixBlock', '1', '0', '2017-08-10 22:00:29', '2017-09-13 00:19:18', '85d66be6-0f6c-4c0e-a7d8-748a49ee5f94'),
 ('325', 'MatrixBlock', '1', '0', '2017-08-10 22:00:29', '2017-09-13 00:19:18', '67b76cb5-a702-4775-9227-a90d5f5739ab'),
 ('326', 'Neo_Block', '1', '0', '2017-08-10 22:00:29', '2017-09-13 00:19:18', '5033110f-a7cc-4a60-b58f-6dfcbceecfe9'),
 ('327', 'MatrixBlock', '1', '0', '2017-08-10 22:00:29', '2017-09-13 00:19:19', '7cf9e13b-413a-4109-9f48-7cb268012b83'),
 ('328', 'MatrixBlock', '1', '0', '2017-08-10 22:11:49', '2017-09-13 00:19:19', 'e4431929-e509-4ac2-ad2c-fb668416a193'),
 ('329', 'MatrixBlock', '1', '0', '2017-08-10 22:11:49', '2017-09-13 00:19:19', 'ca7fe4ce-1e13-4019-9443-c27c644ea7fd'),
 ('330', 'Neo_Block', '1', '0', '2017-08-10 22:11:49', '2017-09-13 00:19:19', 'd5084b07-9549-4ce6-b632-2a4ebe160146'),
 ('331', 'Neo_Block', '1', '0', '2017-08-10 22:11:49', '2017-09-13 00:19:19', '4a3cc40a-f0bf-4cad-a063-078e71fa57dc'),
 ('332', 'MatrixBlock', '1', '0', '2017-08-10 22:11:49', '2017-09-13 00:19:19', '6cd995ee-4e8d-44d3-8bcd-25566194c37e'),
 ('334', 'MatrixBlock', '1', '0', '2017-08-10 22:11:49', '2017-09-13 00:19:19', '847404a0-655f-4eb4-89a9-8c987876ecdc'),
 ('335', 'Neo_Block', '1', '0', '2017-08-10 22:11:49', '2017-09-13 00:19:19', '2e5eaa82-8ea1-4a78-9574-2dcf39df7cd9'),
 ('336', 'MatrixBlock', '1', '0', '2017-08-10 22:11:49', '2017-08-31 22:08:13', 'edb5fd40-b49f-4728-9b42-2e1b74352455'),
 ('337', 'MatrixBlock', '1', '0', '2017-08-10 22:11:49', '2017-08-31 22:08:13', '9f84c833-89ac-4b32-bd9a-b3b0c5ef2743'),
 ('338', 'MatrixBlock', '1', '0', '2017-08-10 22:11:49', '2017-08-31 22:08:13', 'cff97159-6ad7-4c12-b91c-2e3c6c1566f9'),
 ('339', 'Neo_Block', '1', '0', '2017-08-10 22:11:49', '2017-09-13 00:19:19', '2a9b2cb6-f118-443a-b7ce-62e673a36ce6'),
 ('340', 'Neo_Block', '1', '0', '2017-08-10 22:11:49', '2017-09-13 00:19:19', 'f7d86b8e-a91a-4508-b5bf-ca9de1f638e5'),
 ('341', 'Neo_Block', '1', '0', '2017-08-10 22:11:49', '2017-09-13 00:19:19', '386d7804-709f-47d8-9518-3c072f42671e'),
 ('343', 'Neo_Block', '1', '0', '2017-08-10 22:14:42', '2017-09-13 00:19:19', '8bbf2e48-c6b6-47b8-b1d4-991b35bb75f8'),
 ('345', 'Neo_Block', '1', '0', '2017-08-17 23:14:09', '2017-08-17 23:14:09', 'e4eab2e2-08cb-47a3-97ec-cd7a00f8e166'),
 ('346', 'Neo_Block', '1', '0', '2017-08-17 23:14:09', '2017-08-17 23:14:09', 'c5400d97-3fbf-48a7-ab7a-74b77c484e9a'),
 ('348', 'Entry', '1', '0', '2017-08-21 22:32:03', '2017-09-14 18:44:46', '3a9f6ffa-35be-4277-b068-55569510ea03'),
 ('350', 'Category', '1', '0', '2017-08-22 20:53:32', '2017-08-22 20:53:32', '5c3e36b0-d493-43fe-b6bd-34095ff34721'),
 ('351', 'Category', '1', '0', '2017-08-22 20:53:42', '2017-08-22 20:53:42', 'a3afc8f9-5fab-45cd-9f36-40819784435b'),
 ('352', 'Category', '1', '0', '2017-08-22 20:53:58', '2017-08-22 20:53:58', '12c4d8ab-69d2-408c-8fb6-673a8bff0cab'),
 ('353', 'Category', '1', '0', '2017-08-22 20:54:07', '2017-08-22 20:54:07', '5e86f787-1f3e-4c05-83f2-89adb9fee3bd'),
 ('354', 'Category', '1', '0', '2017-08-22 20:54:17', '2017-08-22 20:54:17', '1dc5fd5c-321c-427d-ac6b-422184f5f66c'),
 ('356', 'Entry', '1', '0', '2017-08-23 17:53:42', '2017-09-12 23:47:19', '7b387590-5eac-4b44-af0c-d700e209a7eb'),
 ('358', 'Entry', '1', '0', '2017-08-23 17:56:29', '2017-09-12 23:45:19', 'f43143bf-afbb-4c40-aaf1-15e2d3ab0a6b'),
 ('361', 'User', '1', '0', '2017-08-23 18:14:23', '2017-08-23 18:17:34', 'c2f6c5e9-83bc-47f8-a3b2-557f22abd3a1'),
 ('362', 'Entry', '1', '0', '2017-08-24 20:53:17', '2017-09-14 18:21:54', 'cb58a79c-7668-4f0e-a577-23fbe4fe3286'),
 ('363', 'Entry', '1', '0', '2017-08-24 20:55:06', '2017-09-14 18:22:16', 'e01cb78c-8bc3-4bcc-94e2-92e56b2e6945'),
 ('374', 'Asset', '1', '0', '2017-08-30 21:02:43', '2017-09-12 21:56:03', '449b6d04-4d34-4706-941d-050fd7a86bef'),
 ('375', 'Asset', '1', '0', '2017-08-30 21:02:43', '2017-09-12 21:56:04', 'a07cba33-22dd-4288-8c9e-21f390eeee13'),
 ('376', 'Asset', '1', '0', '2017-08-30 21:02:43', '2017-09-12 21:56:04', '75acf631-72bd-477f-b5ed-51f514b99dda'),
 ('377', 'Asset', '1', '0', '2017-08-30 21:02:43', '2017-09-12 21:56:04', '71a30bf7-9f95-44de-bb56-8857171606f6'),
 ('378', 'Asset', '1', '0', '2017-08-30 21:02:43', '2017-09-12 21:56:04', '3bb4262d-f06c-4c08-b69e-8751ce4e9c2a'),
 ('379', 'Asset', '1', '0', '2017-08-30 21:02:43', '2017-09-12 21:56:04', '80b6388b-971d-4938-9b24-1d64d1c7043d'),
 ('380', 'Asset', '1', '0', '2017-08-30 21:02:43', '2017-09-12 21:56:06', 'cb4138ac-e332-4255-9412-d89ef989c89d'),
 ('381', 'Asset', '1', '0', '2017-08-30 21:02:44', '2017-09-12 21:56:04', '65421ba8-08ad-4776-ad38-17af3ea43bd1'),
 ('382', 'Asset', '1', '0', '2017-08-30 21:02:44', '2017-09-12 21:56:05', '96f7bbd0-400d-4001-8cac-70c8fc8be6d8'),
 ('383', 'Asset', '1', '0', '2017-08-30 21:02:44', '2017-09-12 21:56:05', '4124221c-7251-4225-ae6f-911d775acc8b'),
 ('384', 'Asset', '1', '0', '2017-08-30 21:02:44', '2017-09-12 21:56:05', '540a65c6-ee8d-4df5-863f-d76704a5bb46'),
 ('385', 'Asset', '1', '0', '2017-08-30 21:02:44', '2017-09-12 21:56:04', '02007142-0778-4c19-829e-e9c26f32a314'),
 ('386', 'Asset', '1', '0', '2017-08-30 21:02:44', '2017-09-12 21:56:05', '975acf0e-01b7-4601-88d8-a91fa67ad10f'),
 ('387', 'Asset', '1', '0', '2017-08-30 21:02:44', '2017-09-12 21:56:05', '69dcf88e-f85e-40a2-a141-4d0b50b53649'),
 ('388', 'Asset', '1', '0', '2017-08-30 21:02:45', '2017-09-12 21:56:05', '5fdd5f82-e91d-4634-b922-bcbc79f3cdce'),
 ('389', 'Asset', '1', '0', '2017-08-30 21:02:45', '2017-09-12 21:56:06', '1ad6d339-3862-468d-b619-e670882ae85b'),
 ('390', 'Asset', '1', '0', '2017-08-30 21:02:45', '2017-09-12 21:56:06', 'dc783ed4-c6f6-46c3-a27c-8e7ed25d6f0b'),
 ('391', 'Asset', '1', '0', '2017-08-30 21:02:45', '2017-09-12 21:56:06', '969807e0-39af-4764-bf89-c73dcc67cb0b'),
 ('392', 'Asset', '1', '0', '2017-08-30 21:02:45', '2017-09-12 21:56:06', '25c97e06-b5ad-4acb-86f9-d77007549b33'),
 ('393', 'Asset', '1', '0', '2017-08-30 21:02:45', '2017-09-12 21:56:06', '8b4db50e-e844-40c9-8f35-0a9980a527e6'),
 ('394', 'Asset', '1', '0', '2017-08-30 21:02:45', '2017-09-12 21:56:06', '4d0fe851-c752-4924-bdc8-549e0391c0e1'),
 ('395', 'Asset', '1', '0', '2017-08-30 21:02:45', '2017-09-12 21:56:06', 'd2773ce6-f9b2-4875-95ba-65809d383fca'),
 ('396', 'Asset', '1', '0', '2017-08-30 21:02:46', '2017-09-12 21:56:07', '012cb5f7-7f03-4bfc-8c28-8204e66c449a'),
 ('397', 'Asset', '1', '0', '2017-08-30 21:02:46', '2017-09-12 21:56:07', 'e22fd405-6d9a-4c5a-a099-206b479650b6'),
 ('398', 'Asset', '1', '0', '2017-08-30 21:02:46', '2017-09-12 21:56:07', '4dbbd9e3-20c3-44b8-80b2-144441f508df'),
 ('399', 'Asset', '1', '0', '2017-08-30 21:02:46', '2017-09-12 21:56:07', '5c848893-4d05-44c3-8e02-56fb3e22ba99'),
 ('400', 'Asset', '1', '0', '2017-08-30 21:02:46', '2017-09-12 21:56:07', '44835737-06ff-49bf-9563-b4da3d3e0fcd'),
 ('401', 'Asset', '1', '0', '2017-08-30 21:02:46', '2017-09-12 21:56:07', '842b1c08-4bf0-4ede-8da6-906d3a133e68'),
 ('402', 'Asset', '1', '0', '2017-08-30 21:02:46', '2017-09-12 21:56:08', '1b44268f-a475-4051-a6ad-3547a75ebee3'),
 ('403', 'Asset', '1', '0', '2017-08-30 21:02:47', '2017-09-12 21:56:08', 'd58ee8f3-fb58-4e1e-a829-653d01c3d451'),
 ('404', 'Asset', '1', '0', '2017-08-30 21:02:47', '2017-09-12 21:56:09', 'a78bf0d5-4fad-4134-9110-cbcd1c31da28'),
 ('405', 'Asset', '1', '0', '2017-08-30 21:02:47', '2017-09-12 21:56:10', '1a503019-b56e-4240-ac83-4dbd7697ee24'),
 ('406', 'Asset', '1', '0', '2017-08-30 21:02:47', '2017-09-12 21:56:10', 'ff118b3a-1d94-43ed-a75f-e61023f08690'),
 ('407', 'Asset', '1', '0', '2017-08-30 21:02:47', '2017-09-12 21:56:10', 'da30268c-9949-4578-93a2-8e14e4cbb504'),
 ('408', 'Asset', '1', '0', '2017-08-30 21:02:47', '2017-09-12 21:56:10', '08ec2d90-8bbc-43d6-93b3-68ff25480f6c'),
 ('409', 'Asset', '1', '0', '2017-08-30 21:02:48', '2017-09-12 21:56:08', '89708f7d-1839-43ba-8b69-9d45a03b0b9f'),
 ('410', 'Asset', '1', '0', '2017-08-30 21:02:48', '2017-09-12 21:56:10', '83d1cbae-89ea-4e65-b9f4-72c4cbbd495f'),
 ('411', 'Asset', '1', '0', '2017-08-30 21:02:48', '2017-09-12 21:56:10', '0b41df78-fe78-4ee3-8020-32923f8ec3bf'),
 ('412', 'Asset', '1', '0', '2017-08-30 21:02:48', '2017-09-12 21:56:10', 'd457dd87-13fd-4dbf-88b0-f1065e41e310'),
 ('413', 'Asset', '1', '0', '2017-08-30 21:02:48', '2017-09-12 21:56:11', 'd5ba7b3c-74df-45ae-889c-cb4115a21a9b'),
 ('414', 'Asset', '1', '0', '2017-08-30 21:02:48', '2017-09-12 21:56:11', '03d0b293-1210-4a95-b7bb-359a1d85be66'),
 ('415', 'Asset', '1', '0', '2017-08-30 21:02:48', '2017-09-12 21:56:11', '131d6491-288b-4a63-9208-60a48963644d'),
 ('416', 'Asset', '1', '0', '2017-08-30 21:02:49', '2017-09-12 21:56:11', 'a5383896-3b26-40b9-a4a4-97702602da23'),
 ('417', 'Asset', '1', '0', '2017-08-30 21:02:51', '2017-09-12 21:56:11', '6bed5e75-83ed-40dd-81ed-47b3085f0986'),
 ('418', 'Asset', '1', '0', '2017-08-30 21:02:51', '2017-09-12 21:56:11', 'bd541364-55d4-44e2-a28e-4337c64f49eb'),
 ('419', 'Asset', '1', '0', '2017-08-30 21:02:51', '2017-09-12 21:56:11', 'bcb55933-fc2c-496d-b343-bc98ba490136'),
 ('420', 'Asset', '1', '0', '2017-08-30 21:02:51', '2017-09-12 21:56:11', '64c16193-ee2f-4abe-9198-f90299208857'),
 ('421', 'Asset', '1', '0', '2017-08-30 21:02:51', '2017-09-12 21:56:12', '98efb5a4-0c8a-4f74-a8b7-b15cfcd1eeb5'),
 ('422', 'Asset', '1', '0', '2017-08-30 21:02:52', '2017-09-12 21:56:12', 'a02391fb-99da-46a4-999c-2c95533f418e'),
 ('423', 'Asset', '1', '0', '2017-08-30 21:02:52', '2017-09-12 21:56:12', '0fa21860-fbca-4dae-b598-ae4cd33c0d44'),
 ('424', 'Asset', '1', '0', '2017-08-30 21:02:52', '2017-09-12 21:56:12', 'cdd2e1cc-30c7-455f-925f-89a11649e462'),
 ('425', 'Asset', '1', '0', '2017-08-30 21:02:52', '2017-09-12 21:56:12', '02f975b7-3c7a-4080-a90f-39822c5bb0ef'),
 ('426', 'Neo_Block', '1', '0', '2017-08-30 22:28:57', '2017-09-13 00:19:19', 'a8c27213-feb3-42eb-b0e5-a1c14c76a348'),
 ('427', 'Neo_Block', '1', '0', '2017-08-30 22:28:57', '2017-09-13 00:19:19', '1c9aabc5-cbac-469c-a0ae-af389b48a952'),
 ('428', 'Neo_Block', '1', '0', '2017-08-30 22:28:57', '2017-09-13 00:19:19', '5516f014-a577-4b4c-9dd4-1201df6e9000'),
 ('429', 'Neo_Block', '1', '0', '2017-08-30 22:28:57', '2017-09-13 00:19:19', '438d5aee-77f5-40ab-92b1-9df19d34edd7'),
 ('430', 'MatrixBlock', '1', '0', '2017-08-30 22:28:57', '2017-08-31 22:08:13', '08521881-3fd5-4993-9886-90ac25f5ce93');
INSERT INTO `craft_elements` (`id`, `type`, `enabled`, `archived`, `dateCreated`, `dateUpdated`, `uid`) VALUES
 ('431', 'Neo_Block', '1', '0', '2017-08-30 22:28:57', '2017-09-13 00:19:19', '152e9008-a2c7-459f-9f27-38a0674801ea'),
 ('432', 'MatrixBlock', '1', '0', '2017-08-30 22:28:57', '2017-08-31 22:08:13', 'fcc27e0e-a01a-489b-b4d3-67281d29d736'),
 ('433', 'Neo_Block', '1', '0', '2017-08-30 22:28:57', '2017-09-13 00:19:19', '6520c35f-c82f-4508-ab8e-0c32e2417cc7'),
 ('434', 'MatrixBlock', '1', '0', '2017-08-30 22:28:57', '2017-09-13 00:19:19', '4b3cc7e4-f02f-494a-ba2d-cfc3050b931b'),
 ('442', 'MatrixBlock', '1', '0', '2017-08-31 21:30:07', '2017-09-14 18:41:30', '1d8c7dcf-724d-425a-9ae8-11abfcf426c9'),
 ('443', 'MatrixBlock', '1', '0', '2017-08-31 22:08:13', '2017-08-31 22:08:13', '011fef78-1703-4951-9066-7329d3aa1abd'),
 ('444', 'Entry', '1', '0', '2017-09-06 21:26:36', '2017-09-06 23:17:09', '81d9cae2-23d3-4887-97b6-0f576eaff76a'),
 ('445', 'Neo_Block', '1', '0', '2017-09-06 22:52:59', '2017-09-06 23:00:13', '51f00198-4f44-4f49-b169-2528a02e38bb'),
 ('447', 'Neo_Block', '1', '0', '2017-09-06 22:52:59', '2017-09-06 23:00:13', 'c90928d8-e780-4e4c-ba78-d4a3c6aea2a3'),
 ('450', 'Neo_Block', '1', '0', '2017-09-06 22:52:59', '2017-09-06 23:00:13', '0199c44b-902f-4e84-8925-a78c3c6305e8'),
 ('451', 'Neo_Block', '1', '0', '2017-09-06 22:52:59', '2017-09-06 23:00:13', '9214e0c6-be04-4921-bccd-15403ad13f00'),
 ('452', 'MatrixBlock', '1', '0', '2017-09-06 22:56:51', '2017-09-06 22:56:51', 'e4b64672-94c0-486b-bede-629e5d0321d9'),
 ('453', 'MatrixBlock', '1', '0', '2017-09-06 22:56:51', '2017-09-06 22:56:51', '110e7325-bdd8-4c1c-b443-eda7c334a96f'),
 ('454', 'Neo_Block', '1', '0', '2017-09-06 22:59:39', '2017-09-06 23:00:13', '4deea838-98d6-45f9-8299-4af68dde1247'),
 ('455', 'MatrixBlock', '1', '0', '2017-09-06 22:59:39', '2017-09-06 23:00:13', '40ff73b7-3908-4c53-875e-35bcf28a2d0b'),
 ('456', 'MatrixBlock', '1', '0', '2017-09-06 22:59:39', '2017-09-06 23:00:13', 'bd068a54-c611-4c9a-8b81-3e44b5097207'),
 ('457', 'Entry', '1', '0', '2017-09-07 20:50:17', '2017-09-13 23:13:07', '26fb5b2c-a581-44e9-bcd0-0e69c68d6601'),
 ('460', 'Asset', '1', '0', '2017-09-12 23:54:48', '2017-09-14 17:50:12', 'd957cdad-edad-4c52-85a1-d9552fc4be97'),
 ('461', 'Asset', '1', '0', '2017-09-12 23:54:48', '2017-09-12 23:54:48', 'da05ced2-8b94-411d-8db2-27458d7bf103'),
 ('462', 'Asset', '1', '0', '2017-09-12 23:54:48', '2017-09-12 23:54:48', '283ecbca-623c-4120-8926-316a29caf9b3'),
 ('463', 'Asset', '1', '0', '2017-09-12 23:59:11', '2017-09-12 23:59:11', 'b3f8c2c3-a6d1-41ac-accf-c91dd568aed1'),
 ('464', 'Asset', '1', '0', '2017-09-12 23:59:12', '2017-09-12 23:59:12', '92580c7c-92e4-4d5f-8892-72b00dbb80eb'),
 ('465', 'Asset', '1', '0', '2017-09-12 23:59:12', '2017-09-12 23:59:12', '1748db0e-45c4-47e7-af05-d36f8d14b40f'),
 ('468', 'Neo_Block', '1', '0', '2017-09-13 17:13:57', '2017-09-14 18:41:30', '9e7af3ed-4ddf-4b60-b08f-2e6a35cb2ef9'),
 ('469', 'Neo_Block', '1', '0', '2017-09-13 17:13:57', '2017-09-14 18:41:30', '79b389b6-3cd8-4c65-a25c-df37da143536'),
 ('470', 'MatrixBlock', '1', '0', '2017-09-13 17:13:57', '2017-09-14 18:41:30', 'f35ad70c-65e4-4b76-a651-187f74a92ec4'),
 ('471', 'MatrixBlock', '1', '0', '2017-09-13 17:13:57', '2017-09-14 18:41:30', '32ad5ee4-6b95-4b9d-a104-078778e30985'),
 ('472', 'MatrixBlock', '1', '0', '2017-09-13 17:13:57', '2017-09-14 18:41:30', '38d108b3-9ad2-4d98-8387-06afb5f232c9'),
 ('473', 'MatrixBlock', '1', '0', '2017-09-13 17:18:46', '2017-09-14 18:41:30', 'ff5b0aa7-6e49-430f-a17b-d5559fb0df63'),
 ('474', 'Neo_Block', '1', '0', '2017-09-13 17:18:46', '2017-09-14 18:41:30', '513b8f04-7918-425a-88ff-2c828c6ffe39'),
 ('475', 'Neo_Block', '1', '0', '2017-09-13 17:18:46', '2017-09-14 18:41:30', 'baa2be6f-1b61-41d7-8fe8-73ac3da93e21'),
 ('476', 'MatrixBlock', '1', '0', '2017-09-13 17:18:46', '2017-09-14 18:41:31', 'f69b1dce-9a97-4ad8-8f6c-8b471a744668'),
 ('477', 'Asset', '1', '0', '2017-09-13 17:23:33', '2017-09-13 17:23:33', '86d4089f-f2c5-45b9-a67c-cc8f5444f39a'),
 ('478', 'Asset', '1', '0', '2017-09-13 17:24:00', '2017-09-13 17:24:00', '02df6ca9-9c61-4c45-af49-d86a5a421273'),
 ('479', 'Asset', '1', '0', '2017-09-13 17:28:46', '2017-09-13 17:28:46', '5aa30001-ba69-422d-a373-9615a2ac896a'),
 ('480', 'Asset', '1', '0', '2017-09-13 17:31:34', '2017-09-13 17:31:34', 'ce63a1ef-c642-4e92-811f-f0a55e194fc1'),
 ('481', 'Asset', '1', '0', '2017-09-13 17:32:57', '2017-09-13 17:32:57', '22b28ac2-91bb-4633-a6d0-6675aa035c80'),
 ('482', 'Asset', '1', '0', '2017-09-13 17:33:12', '2017-09-13 17:33:12', '79c46f78-91ea-43d6-a975-b1db748820f5'),
 ('483', 'Asset', '1', '0', '2017-09-13 17:35:19', '2017-09-13 17:35:19', '9e27b1f2-948a-4a01-a0c2-324ab64ac9b5'),
 ('484', 'Asset', '1', '0', '2017-09-13 17:39:06', '2017-09-13 17:39:06', 'd5679fee-6537-463a-8f42-aa1b92e829e4'),
 ('485', 'MatrixBlock', '1', '0', '2017-09-13 17:39:23', '2017-09-14 18:41:31', 'cfcbd067-2a50-4221-9b04-cdc5f1c7852f'),
 ('486', 'MatrixBlock', '1', '0', '2017-09-13 17:39:24', '2017-09-14 18:41:31', '0cef9aa3-e1e6-49bb-aa86-2c169f9ad293'),
 ('487', 'Neo_Block', '1', '0', '2017-09-13 17:39:24', '2017-09-14 18:41:31', '855e505f-b8d0-4c76-9f8b-4450c47ee0ef'),
 ('488', 'Neo_Block', '1', '0', '2017-09-13 17:39:24', '2017-09-14 18:41:31', '74470e1e-e045-4baa-8b46-70270a7cb5aa'),
 ('489', 'Neo_Block', '1', '0', '2017-09-13 17:39:24', '2017-09-14 18:41:31', '2da7b725-2a39-4ccc-89a2-3d539b523d5e'),
 ('490', 'Neo_Block', '1', '0', '2017-09-13 17:39:24', '2017-09-14 18:41:31', 'eab5da9f-ccad-459f-8db9-bc3a1347c703'),
 ('491', 'Neo_Block', '1', '0', '2017-09-13 17:39:24', '2017-09-14 18:41:31', '9ccb1d8d-461c-4f8d-b50f-c36fadc07b72');



DROP TABLE IF EXISTS `craft_elements_i18n`;


--
-- Schema for table `craft_elements_i18n`
--
CREATE TABLE `craft_elements_i18n` (
  `id` int(11) NOT NULL AUTO_INCREMENT,
  `elementId` int(11) NOT NULL,
  `locale` char(12) COLLATE utf8_unicode_ci NOT NULL,
  `slug` varchar(255) COLLATE utf8_unicode_ci DEFAULT NULL,
  `uri` varchar(255) COLLATE utf8_unicode_ci DEFAULT NULL,
  `enabled` tinyint(1) unsigned NOT NULL DEFAULT '1',
  `dateCreated` datetime NOT NULL,
  `dateUpdated` datetime NOT NULL,
  `uid` char(36) COLLATE utf8_unicode_ci NOT NULL DEFAULT '0',
  PRIMARY KEY (`id`),
  UNIQUE KEY `craft_elements_i18n_elementId_locale_unq_idx` (`elementId`,`locale`),
  UNIQUE KEY `craft_elements_i18n_uri_locale_unq_idx` (`uri`,`locale`),
  KEY `craft_elements_i18n_slug_locale_idx` (`slug`,`locale`),
  KEY `craft_elements_i18n_enabled_idx` (`enabled`),
  KEY `craft_elements_i18n_locale_fk` (`locale`)
) ENGINE=InnoDB AUTO_INCREMENT=702 DEFAULT CHARSET=utf8 COLLATE=utf8_unicode_ci;

--
-- Data for table `craft_elements_i18n`
--

INSERT INTO `craft_elements_i18n` (`id`, `elementId`, `locale`, `slug`, `uri`, `enabled`, `dateCreated`, `dateUpdated`, `uid`) VALUES
 ('1', '1', 'en_us', '', NULL, '1', '2017-07-20 17:27:58', '2017-07-28 21:23:12', '646a5a0f-a379-4bbc-9e3e-b726ad17cfb0'),
 ('34', '34', 'en_us', '', NULL, '1', '2017-07-26 20:51:36', '2017-07-27 00:17:05', '14819375-8eb4-4c31-8e55-c71f1a6cd8bc'),
 ('35', '35', 'en_us', '', NULL, '1', '2017-07-26 20:51:36', '2017-07-27 00:17:05', '29a2393c-3ddd-4030-8020-87ff0e7e2731'),
 ('36', '36', 'en_us', '', NULL, '1', '2017-07-26 20:51:36', '2017-07-27 00:17:05', 'dd499ad7-6d3f-4580-8e17-471a918a6db5'),
 ('39', '39', 'en_us', '', NULL, '1', '2017-07-26 21:04:17', '2017-07-27 00:17:05', '5b479155-156c-4ab3-9a92-8cedf766528f'),
 ('40', '40', 'en_us', '', NULL, '1', '2017-07-26 21:04:17', '2017-07-27 00:17:05', '83408a0a-048e-4de5-8dc1-ec7319652a8d'),
 ('42', '42', 'en_us', '', NULL, '1', '2017-07-26 21:04:17', '2017-07-27 00:17:05', '898c8718-a8f8-4744-b5f2-60e84b52395b'),
 ('43', '43', 'en_us', '', NULL, '1', '2017-07-26 21:04:17', '2017-07-27 00:17:05', '845eb1a9-6251-4fef-a943-ce64ad4023e3'),
 ('44', '44', 'en_us', '', NULL, '1', '2017-07-26 21:04:17', '2017-07-27 00:17:05', 'e7e8fc49-e706-4d25-9392-dda9a9c2e99e'),
 ('63', '63', 'en_us', '', NULL, '1', '2017-07-26 21:27:42', '2017-07-27 00:17:06', '00915c2f-f603-4b94-b381-2e00635cb69e'),
 ('64', '64', 'en_us', '', NULL, '1', '2017-07-26 21:27:42', '2017-07-27 00:17:06', '6fbf5edd-6d7c-4791-b0b9-4a10a39bd76b'),
 ('69', '69', 'en_us', '', NULL, '1', '2017-07-26 21:28:25', '2017-07-27 00:17:06', 'c948fa23-0c4a-469e-96c7-5fe1213e66c2'),
 ('71', '71', 'en_us', '', NULL, '1', '2017-07-26 21:48:57', '2017-07-27 00:17:06', '64b96c15-721e-40ea-b800-90b0c4eb59e0'),
 ('72', '72', 'en_us', '', NULL, '1', '2017-07-26 21:48:57', '2017-07-27 00:17:06', '8dc54004-d75c-48e7-ada4-fb2d022f646a'),
 ('91', '91', 'en_us', '', NULL, '1', '2017-07-26 22:00:39', '2017-07-27 00:17:06', '1cc7d9da-537e-4009-9561-e76ecab6c1a1'),
 ('98', '98', 'en_us', 'solutions', 'solutions', '1', '2017-07-26 22:48:34', '2017-09-12 21:20:19', '6caa7dc2-d64a-4c8a-a14e-1f8e8e289c1c'),
 ('183', '183', 'en_us', '', NULL, '1', '2017-08-01 20:54:27', '2017-08-03 17:11:59', '90761dc1-e7ab-429c-9057-4f55ef57a58e'),
 ('190', '190', 'en_us', '', NULL, '1', '2017-08-01 22:35:00', '2017-08-03 17:11:59', '72294b14-cd6e-40bd-b798-9123ed6998cc'),
 ('191', '191', 'en_us', '', NULL, '1', '2017-08-01 22:35:00', '2017-08-07 16:49:46', '76fb3a0b-cadf-4cad-95a3-8c6416f88b48'),
 ('194', '194', 'en_us', '', NULL, '1', '2017-08-02 00:32:52', '2017-08-03 17:11:59', 'b8104966-fe56-4965-9c29-af1baefa67f7'),
 ('195', '195', 'en_us', '', NULL, '1', '2017-08-02 00:32:52', '2017-08-07 16:49:46', '650e2762-fb7a-4943-9794-b098761a9297'),
 ('202', '202', 'en_us', '', NULL, '1', '2017-08-03 17:08:09', '2017-08-03 17:11:59', '2c51d4ef-de6b-4040-a6da-a8c2a7e87048'),
 ('223', '223', 'en_us', '', NULL, '1', '2017-08-03 22:25:09', '2017-08-07 16:49:47', '4693b767-ab81-42a3-be66-12e92bc59c34'),
 ('224', '224', 'en_us', '', NULL, '1', '2017-08-03 22:25:09', '2017-08-07 16:49:46', '87c2569d-31c0-47c9-bbb6-55c41f89037b'),
 ('225', '225', 'en_us', '', NULL, '1', '2017-08-03 22:33:25', '2017-08-07 16:49:46', '7eee6358-0afa-48d7-8d0c-9c07c0e73160'),
 ('226', '226', 'en_us', '', NULL, '1', '2017-08-03 22:33:25', '2017-08-07 16:49:46', '5c054265-c755-46fe-accb-17d0ae55c07b'),
 ('227', '227', 'en_us', '', NULL, '1', '2017-08-03 22:33:25', '2017-08-07 16:49:46', 'f7e47359-a3ce-4bbd-919a-541665d0e02e'),
 ('228', '228', 'en_us', '', NULL, '1', '2017-08-03 22:33:25', '2017-08-07 16:49:47', '1ba15f39-7a86-4271-ba2b-172ba082b071'),
 ('229', '229', 'en_us', '', NULL, '1', '2017-08-03 22:33:25', '2017-08-07 16:49:46', '57f2d6b6-ef6e-4fe3-8596-427bd054c9c6'),
 ('230', '230', 'en_us', '', NULL, '1', '2017-08-03 22:33:25', '2017-08-07 16:49:46', '419ecba3-74be-4d6b-b677-45d72125c601'),
 ('231', '231', 'en_us', '', NULL, '1', '2017-08-03 22:33:25', '2017-08-07 16:49:46', 'c2ce97ac-abdc-4e46-8c91-9c00719994d8'),
 ('232', '232', 'en_us', '', NULL, '1', '2017-08-03 22:33:25', '2017-08-07 16:49:47', '398aa42d-a971-4e20-b8cc-55f589f6ee9b'),
 ('233', '233', 'en_us', '', NULL, '1', '2017-08-03 22:33:25', '2017-08-07 16:49:46', 'dbe809a7-aa2f-436a-8230-3246937973a8'),
 ('234', '234', 'en_us', '', NULL, '1', '2017-08-03 22:33:26', '2017-08-07 16:49:47', '697ece5c-d1b5-48c1-b358-e7ae4788e0f9'),
 ('235', '235', 'en_us', '', NULL, '1', '2017-08-03 22:33:26', '2017-08-07 16:49:47', '0de69bf7-675f-4f6e-96d4-67417a5ccf4f'),
 ('236', '236', 'en_us', '', NULL, '1', '2017-08-03 22:33:26', '2017-08-07 16:49:47', '7c69d73c-b288-4b25-b5d4-580e15a6f424'),
 ('237', '237', 'en_us', '', NULL, '1', '2017-08-03 22:33:26', '2017-08-07 16:49:47', '7e8b4009-ccde-4d18-bee7-5b78a2f9e52e'),
 ('238', '238', 'en_us', '', NULL, '1', '2017-08-03 22:33:26', '2017-08-07 16:49:47', '7f5fdc2b-19f4-4331-b139-0562b5f72dd2'),
 ('239', '239', 'en_us', '', NULL, '1', '2017-08-03 22:33:26', '2017-08-07 16:49:47', '5711c0b4-013d-4dbf-87e5-82171dea7e34'),
 ('240', '240', 'en_us', '', NULL, '1', '2017-08-03 22:33:26', '2017-08-07 16:49:47', 'ad5f6f9c-9a48-4dba-9ae9-c596ca3eab11'),
 ('241', '241', 'en_us', '', NULL, '1', '2017-08-03 22:33:26', '2017-08-07 16:49:47', '2215a065-e011-40ae-a54a-f5b75e45b82a'),
 ('242', '242', 'en_us', '', NULL, '1', '2017-08-03 22:33:26', '2017-08-07 16:49:47', '4b3c6205-6b2e-4d5a-b7be-aac4d08f498a'),
 ('301', '98', 'de_de', 'solutions', 'solutions', '1', '2017-08-07 16:50:23', '2017-09-12 21:20:19', '31fe87fc-a761-4e00-b3cc-6f22f4388623'),
 ('302', '243', 'en_us', 'awareness', NULL, '1', '2017-08-07 17:26:03', '2017-08-07 17:26:03', 'fed6a022-396a-4d77-b026-5362e968d87a'),
 ('303', '243', 'de_de', 'awareness', NULL, '1', '2017-08-07 17:26:03', '2017-08-07 17:26:03', 'b1666396-2b76-4bff-acec-af7453caf0ad'),
 ('304', '244', 'en_us', 'consideration', NULL, '1', '2017-08-07 17:26:14', '2017-08-07 17:26:14', '5a846af2-a65d-41c2-bc4e-884a58b9906b'),
 ('305', '244', 'de_de', 'consideration', NULL, '1', '2017-08-07 17:26:14', '2017-08-07 17:26:14', '74a3f79d-a1ce-4055-8f3b-b6fd3beaf114'),
 ('306', '245', 'en_us', 'action', NULL, '1', '2017-08-07 17:26:23', '2017-08-07 18:06:51', 'a2d5f158-11ed-4009-ae34-b3cadfea78fe'),
 ('307', '245', 'de_de', 'action', NULL, '1', '2017-08-07 17:26:23', '2017-08-07 18:06:51', '6226f27d-a372-4e6b-899c-5e6848827ef5'),
 ('308', '246', 'en_us', 'consumer-goods', NULL, '1', '2017-08-07 17:26:39', '2017-08-07 17:26:40', '4f953066-f28e-44e0-8809-979987bcae94'),
 ('309', '246', 'de_de', 'consumer-goods', NULL, '1', '2017-08-07 17:26:39', '2017-08-07 17:26:40', '91c07b37-4dec-4da6-b117-2b25acb88e8a'),
 ('310', '247', 'en_us', 'restaurants', NULL, '1', '2017-08-07 17:26:50', '2017-08-07 17:26:51', 'faefb6f7-2ec9-4638-948c-3ef502c988fd'),
 ('311', '247', 'de_de', 'restaurants', NULL, '1', '2017-08-07 17:26:50', '2017-08-07 17:26:51', '0fc23515-d332-4d5c-989f-7b20e2c15bdf'),
 ('312', '248', 'en_us', 'retail', NULL, '1', '2017-08-07 17:26:55', '2017-08-07 17:26:55', '5fce4ed5-f7de-4d9e-8ab2-3161918f69ad'),
 ('313', '248', 'de_de', 'retail', NULL, '1', '2017-08-07 17:26:55', '2017-08-07 17:26:55', 'e448312b-b0b0-4031-a87d-133902323853'),
 ('314', '249', 'en_us', 'technology', NULL, '1', '2017-08-07 17:27:08', '2017-08-07 17:27:09', '2639f88b-2238-4eff-a123-920ef538c562'),
 ('315', '249', 'de_de', 'technology', NULL, '1', '2017-08-07 17:27:08', '2017-08-07 17:27:09', '5ed3c6fd-ce69-48a1-afa8-dae3ae2b929b'),
 ('316', '250', 'en_us', 'telecom', NULL, '1', '2017-08-07 17:27:17', '2017-08-07 17:27:18', 'e68e522c-f883-4f2b-bbf5-8144adfe3451'),
 ('317', '250', 'de_de', 'telecom', NULL, '1', '2017-08-07 17:27:17', '2017-08-07 17:27:18', 'e5c7eb2b-ecd6-4122-8ff9-32d4f08971ac'),
 ('318', '251', 'en_us', 'travel', NULL, '1', '2017-08-07 17:27:33', '2017-08-07 17:27:33', 'f2c55e54-0df0-4643-bc35-ace6616d63d4'),
 ('319', '251', 'de_de', 'travel', NULL, '1', '2017-08-07 17:27:33', '2017-08-07 17:27:33', '0830343a-b56e-4d95-b32d-fc7250e01da3'),
 ('320', '252', 'en_us', 'financial-services', NULL, '1', '2017-08-07 17:27:40', '2017-08-07 18:06:11', '2588cb97-51dd-4e22-9232-46be85f53c52'),
 ('321', '252', 'de_de', 'financial-services', NULL, '1', '2017-08-07 17:27:40', '2017-08-07 18:06:11', '9560c1ba-1c0e-40a5-835e-17a7b52349b5'),
 ('322', '253', 'en_us', 'media-entertainment', NULL, '1', '2017-08-07 17:28:00', '2017-08-07 18:06:14', '5ba93b4e-6ad1-43f2-8635-b5f29e455c3f'),
 ('323', '253', 'de_de', 'media-entertainment', NULL, '1', '2017-08-07 17:28:00', '2017-08-07 18:06:14', 'fd54b3e7-d982-4c87-a9f9-79f9258c2f4d'),
 ('324', '254', 'en_us', 'gaming', NULL, '1', '2017-08-07 17:28:10', '2017-08-07 18:06:16', '53d57731-5f6d-4a3b-9248-fe0e942ed7c9'),
 ('325', '254', 'de_de', 'gaming', NULL, '1', '2017-08-07 17:28:10', '2017-08-07 18:06:16', '780aa91a-da7c-4775-b30d-0ab9264d461c'),
 ('326', '255', 'en_us', 'other', NULL, '1', '2017-08-07 17:28:14', '2017-08-07 17:28:14', '59fc88ae-6f3a-4826-b920-f39ee1db416c'),
 ('327', '255', 'de_de', 'other', NULL, '1', '2017-08-07 17:28:14', '2017-08-07 17:28:14', '477018b9-f18b-4636-8902-1a37b4a8b4ed'),
 ('328', '256', 'en_us', 'snap-ads', NULL, '1', '2017-08-07 17:31:09', '2017-08-07 17:31:10', '496f3d9a-4506-4d0f-a234-6f14a50a6dcf'),
 ('329', '256', 'de_de', 'snap-ads', NULL, '1', '2017-08-07 17:31:09', '2017-08-07 17:31:10', '60a9322c-9c74-4020-83c7-bfb82373a0ff'),
 ('330', '257', 'en_us', 'filters', NULL, '1', '2017-08-07 17:31:22', '2017-08-07 17:31:23', '0fbd0635-41d0-4754-acc1-6ff1db4ff06d'),
 ('331', '257', 'de_de', 'filters', NULL, '1', '2017-08-07 17:31:22', '2017-08-07 17:31:23', 'd79d264e-690b-4208-8399-967199e70c46'),
 ('332', '258', 'en_us', 'lenses', NULL, '1', '2017-08-07 17:31:27', '2017-08-07 17:31:27', 'e2328b79-0ef3-4b72-afdf-b5976fa3f30e'),
 ('333', '258', 'de_de', 'lenses', NULL, '1', '2017-08-07 17:31:27', '2017-08-07 17:31:27', '98d605ba-718a-4d42-8b8d-32074e896159'),
 ('344', '262', 'en_us', '', NULL, '1', '2017-08-07 21:07:07', '2017-09-06 23:00:13', '620b8360-65f5-4b66-881a-6f6eb52534df'),
 ('345', '262', 'de_de', '', NULL, '1', '2017-08-07 21:07:07', '2017-09-06 23:00:13', 'd388d999-f2fe-46c5-95f5-6bc1b974a8f6'),
 ('346', '263', 'en_us', '', NULL, '1', '2017-08-07 21:07:30', '2017-08-09 20:57:20', 'dac11c31-be6c-41b3-8af0-a8ef37e59ca3'),
 ('347', '263', 'de_de', '', NULL, '1', '2017-08-07 21:07:30', '2017-08-09 20:57:20', '90a640e9-55cd-44f3-9365-08740268b995'),
 ('348', '264', 'en_us', 'blog', 'blog', '1', '2017-08-07 21:28:57', '2017-09-14 18:29:48', '6ef10fdf-046c-45b4-9b5f-3913d162a891'),
 ('349', '264', 'de_de', 'blog', 'blog', '1', '2017-08-07 21:28:57', '2017-09-14 18:29:48', '3d2750a3-5a11-4657-8b27-a444c944f608'),
 ('352', '266', 'en_us', 'insights', NULL, '1', '2017-08-07 21:31:59', '2017-08-07 21:32:00', 'df6cc25d-c72a-46d1-84fe-e1ff73f14b3a'),
 ('353', '266', 'de_de', 'insights', NULL, '1', '2017-08-07 21:31:59', '2017-08-07 21:32:00', 'c52d5f57-5d4d-4364-b44b-9324bdc2315f'),
 ('354', '267', 'en_us', 'announcements', NULL, '1', '2017-08-07 21:32:21', '2017-08-07 21:32:22', 'bba54527-68e7-4c62-bddf-c4a303926e21'),
 ('355', '267', 'de_de', 'announcements', NULL, '1', '2017-08-07 21:32:21', '2017-08-07 21:32:22', '3bc5363e-6f48-4c59-a1f4-2c8e40611c9e'),
 ('356', '268', 'en_us', '', NULL, '1', '2017-08-07 21:48:31', '2017-09-06 20:51:17', '9d36b851-7745-4f22-8191-51775594f96d'),
 ('357', '269', 'en_us', '', NULL, '1', '2017-08-07 21:48:31', '2017-09-06 20:51:17', '9732a11e-e9e8-4197-a98f-ef7c972f2ce3'),
 ('358', '270', 'en_us', 'home', '__home__', '1', '2017-08-07 22:23:24', '2017-09-14 18:41:30', 'eb27c573-5850-41ae-ba02-112e226745b9'),
 ('359', '270', 'de_de', 'home', '__home__', '1', '2017-08-07 22:23:24', '2017-09-14 18:41:30', '97158556-5c3b-4562-bcf2-1830a5625ea7'),
 ('362', '272', 'en_us', '', NULL, '1', '2017-08-07 23:13:17', '2017-08-09 20:57:20', 'f3670643-7da9-4dec-bcf0-ca4e76c8621c'),
 ('363', '273', 'en_us', '', NULL, '1', '2017-08-07 23:13:17', '2017-08-09 20:57:20', '0cc10dea-0319-44ee-ad70-73509de67fd8'),
 ('364', '274', 'en_us', '', NULL, '1', '2017-08-07 23:13:17', '2017-08-09 20:57:20', '602e5561-f410-4bcd-8708-ccf866f9557f'),
 ('365', '275', 'en_us', '', NULL, '1', '2017-08-07 23:13:17', '2017-08-07 23:39:40', 'c5be089b-0462-4c7c-9345-0d09d80830f6'),
 ('366', '276', 'en_us', '', NULL, '1', '2017-08-07 23:13:17', '2017-08-07 23:39:40', '06707bed-6dcc-4e80-ab83-c0ffc2368a82'),
 ('367', '277', 'en_us', '', NULL, '1', '2017-08-07 23:39:40', '2017-08-09 20:57:20', '6a20200e-5f7b-48fc-a24a-2c5fd981278d'),
 ('368', '278', 'en_us', '', NULL, '1', '2017-08-07 23:39:40', '2017-08-09 20:57:20', 'b3110a0d-140b-41d5-a44b-6a935ca575f8'),
 ('369', '279', 'en_us', '', NULL, '1', '2017-08-07 23:39:40', '2017-08-09 20:57:20', '9644164e-de00-497b-8d7b-37177d6eadc3'),
 ('370', '280', 'en_us', '', NULL, '1', '2017-08-07 23:39:40', '2017-08-09 20:57:20', '152643cc-fc93-4eed-a763-130ee95bc17c'),
 ('372', '282', 'en_us', '', NULL, '1', '2017-08-07 23:46:45', '2017-09-06 23:00:13', '282e501f-1eb5-4e54-af67-0a3d0636b3d6'),
 ('373', '283', 'en_us', '', NULL, '1', '2017-08-08 17:41:58', '2017-08-08 17:46:47', '46c442cf-4e93-42ec-af6f-91dac25e6852');
INSERT INTO `craft_elements_i18n` (`id`, `elementId`, `locale`, `slug`, `uri`, `enabled`, `dateCreated`, `dateUpdated`, `uid`) VALUES
 ('374', '283', 'de_de', '', NULL, '1', '2017-08-08 17:41:58', '2017-08-08 17:46:47', 'c4138c31-db97-4f87-8dc0-4ed0df25cd24'),
 ('375', '284', 'en_us', '', NULL, '1', '2017-08-08 17:46:27', '2017-08-08 17:46:47', 'dfd12b76-aef6-4a24-abe7-899664398c31'),
 ('376', '285', 'en_us', '', NULL, '1', '2017-08-08 17:46:27', '2017-08-08 17:46:47', '7d857bd8-4276-47b7-9438-13268112b22c'),
 ('379', '287', 'en_us', '', NULL, '1', '2017-08-09 17:45:23', '2017-08-09 17:51:39', '3b62090d-4f45-421b-9212-bb8c3909c3b2'),
 ('380', '287', 'de_de', '', NULL, '1', '2017-08-09 17:45:23', '2017-08-09 17:51:39', 'b46ecdc6-0f97-4035-92f6-96cc44d2162d'),
 ('385', '290', 'en_us', 'audiences', 'audiences', '1', '2017-08-09 20:38:27', '2017-09-12 23:48:12', '51beb91a-f1dd-4be6-8565-99d1d0c4cd8e'),
 ('386', '290', 'de_de', 'audiences', 'audiences', '1', '2017-08-09 20:38:27', '2017-09-12 23:48:12', '60743342-b3ed-482c-94e4-67a954195bc3'),
 ('387', '291', 'en_us', 'measurement', 'measurement', '1', '2017-08-09 20:39:06', '2017-09-12 21:20:37', 'addb2828-5930-4e6e-9f1d-06a13d89efc4'),
 ('388', '291', 'de_de', 'measurement', 'measurement', '1', '2017-08-09 20:39:06', '2017-09-12 21:20:37', '15f53033-4438-44ab-a988-d8fdcb147c43'),
 ('389', '292', 'en_us', 'get-started', 'get-started', '1', '2017-08-09 20:41:34', '2017-09-12 21:20:53', 'c9c8c2ee-3fda-4d99-8298-4c860e125e2e'),
 ('390', '292', 'de_de', 'get-started', 'get-started', '1', '2017-08-09 20:41:34', '2017-09-12 21:20:53', '9d60d638-5d2d-447e-a8f2-fc7fec61d483'),
 ('391', '293', 'en_us', '', NULL, '1', '2017-08-09 20:50:51', '2017-09-06 20:51:17', 'e28bb012-6de8-4054-a6c6-27edef60cc0f'),
 ('392', '294', 'en_us', '', NULL, '1', '2017-08-09 20:50:51', '2017-09-06 20:51:17', 'e2a67d3f-645d-4661-a275-9ef2531249e0'),
 ('395', '297', 'en_us', '', NULL, '1', '2017-08-09 20:50:51', '2017-09-06 23:00:13', '753f161c-4adc-4e30-b656-04969ecf35c7'),
 ('396', '298', 'en_us', '', NULL, '1', '2017-08-09 20:50:51', '2017-09-06 23:00:13', '7c54face-3994-406d-b834-17c1431d0fd7'),
 ('397', '299', 'en_us', '', NULL, '1', '2017-08-09 20:57:20', '2017-08-09 20:57:20', '3bdb506b-cdeb-4c10-821b-0815ce3b52e6'),
 ('398', '300', 'en_us', '', NULL, '1', '2017-08-09 20:57:20', '2017-08-09 20:57:20', '437a1ec4-0675-4555-bc72-079b80159d88'),
 ('399', '301', 'en_us', '', NULL, '1', '2017-08-09 20:57:20', '2017-08-09 20:57:20', '5f68c7f8-73ac-44f1-90fb-332ac42ecde6'),
 ('400', '302', 'en_us', '', NULL, '1', '2017-08-09 20:57:20', '2017-08-09 20:57:20', '3fac293a-cb46-459e-b981-3c65176c1f19'),
 ('401', '303', 'en_us', '', NULL, '1', '2017-08-09 20:57:20', '2017-08-09 20:57:20', 'dab47d7f-804f-4e2d-9650-272bc34f148e'),
 ('402', '304', 'en_us', '', NULL, '1', '2017-08-09 20:57:20', '2017-08-09 20:57:20', '2d25775a-c695-45cb-a77a-cc12deda21a5'),
 ('403', '305', 'en_us', '', NULL, '1', '2017-08-09 20:57:20', '2017-08-09 20:57:20', '9a52c64e-5ee0-4d08-8416-7dfad8f0fa29'),
 ('404', '306', 'en_us', '', NULL, '1', '2017-08-09 20:57:20', '2017-08-09 20:57:20', '3a4fc7c8-2a1d-4a74-9be0-ff9bb5c6ef83'),
 ('405', '307', 'en_us', '', NULL, '1', '2017-08-09 20:57:20', '2017-08-09 20:57:20', '99b3bc47-b319-45bb-a95f-ade38d976146'),
 ('406', '308', 'en_us', '', NULL, '1', '2017-08-09 20:57:20', '2017-08-09 20:57:20', '04da5930-47e2-45ce-b06f-fca343108e4c'),
 ('407', '309', 'en_us', '', NULL, '1', '2017-08-09 20:57:20', '2017-08-09 20:57:20', 'ff77171c-c046-474a-bfe6-97557aae1423'),
 ('408', '310', 'en_us', '', NULL, '1', '2017-08-09 20:57:20', '2017-08-09 20:57:20', 'cecfaf51-b640-4cb1-8d9a-a2140a2b95d5'),
 ('409', '311', 'en_us', '', NULL, '1', '2017-08-09 20:57:20', '2017-08-09 20:57:20', '9b96e47b-face-44e2-8ea9-692cba173140'),
 ('410', '312', 'en_us', '', NULL, '1', '2017-08-09 20:57:20', '2017-08-09 20:57:20', 'f8f77aa7-bdb0-4b91-9227-35774ca566d4'),
 ('411', '313', 'en_us', '', NULL, '1', '2017-08-09 20:57:20', '2017-08-09 20:57:20', '403d440e-0fa2-4efe-9be8-51bc2b9d43b5'),
 ('412', '314', 'en_us', 'everything', 'everything', '1', '2017-08-10 22:00:29', '2017-09-13 00:19:18', '4867f377-683d-4cc5-bf32-eb47351339f1'),
 ('413', '314', 'de_de', 'one-with-everything', 'one-with-everything', '1', '2017-08-10 22:00:29', '2017-09-13 00:19:18', '6be40652-a177-43ce-976e-660aaf71d45b'),
 ('414', '315', 'en_us', '', NULL, '1', '2017-08-10 22:00:29', '2017-09-13 00:19:18', '127fabac-5f88-4638-bafc-dd0446fa4fd6'),
 ('415', '316', 'en_us', '', NULL, '1', '2017-08-10 22:00:29', '2017-09-13 00:19:18', '0cfb74df-3933-4520-b2b7-b00b4c58d7c0'),
 ('416', '317', 'en_us', '', NULL, '1', '2017-08-10 22:00:29', '2017-09-13 00:19:18', '71734976-d160-43c1-86a1-180ea3733362'),
 ('417', '318', 'en_us', '', NULL, '1', '2017-08-10 22:00:29', '2017-09-13 00:19:18', 'abbd2274-a0e9-4b44-9148-ac1b8fcfe552'),
 ('418', '319', 'en_us', '', NULL, '1', '2017-08-10 22:00:29', '2017-09-13 00:19:18', '99e5f30c-1178-4519-9f1b-1fcc4af765bf'),
 ('419', '320', 'en_us', '', NULL, '1', '2017-08-10 22:00:29', '2017-09-13 00:19:18', '9c829624-fc2c-4c69-bfb4-77780d5bea75'),
 ('420', '321', 'en_us', '', NULL, '1', '2017-08-10 22:00:29', '2017-09-13 00:19:18', 'ce47ebc8-ac2c-4786-a5e9-eb0ecc0842dc'),
 ('421', '322', 'en_us', '', NULL, '1', '2017-08-10 22:00:29', '2017-09-13 00:19:18', 'f2ea2e04-3c0f-4c5a-833a-0a7c3b374b76'),
 ('422', '323', 'en_us', '', NULL, '1', '2017-08-10 22:00:29', '2017-09-13 00:19:18', 'cd8f573d-3dee-4e51-8b08-144871b6308c'),
 ('423', '324', 'en_us', '', NULL, '1', '2017-08-10 22:00:29', '2017-09-13 00:19:18', '6770a498-9f09-4a3b-948c-809a282439f5'),
 ('424', '325', 'en_us', '', NULL, '1', '2017-08-10 22:00:29', '2017-09-13 00:19:18', '1906b25f-1ed6-46e3-9ac1-18ac4629d79d'),
 ('425', '326', 'en_us', '', NULL, '1', '2017-08-10 22:00:29', '2017-09-13 00:19:19', '86528b22-175f-4198-a84e-b52316882283'),
 ('426', '327', 'en_us', '', NULL, '1', '2017-08-10 22:00:29', '2017-09-13 00:19:19', 'b7978ccf-692b-4487-9a44-8edda1937a5e'),
 ('427', '328', 'en_us', '', NULL, '1', '2017-08-10 22:11:49', '2017-09-13 00:19:19', '39b501be-22d2-49b7-b8f6-95a1720fee7c'),
 ('428', '329', 'en_us', '', NULL, '1', '2017-08-10 22:11:49', '2017-09-13 00:19:19', '0ff3fbde-5169-4ec1-8fb6-987fb9d5c3c7'),
 ('429', '330', 'en_us', '', NULL, '1', '2017-08-10 22:11:49', '2017-09-13 00:19:19', 'fca96ba4-070a-43e9-99bc-26ca09d83008'),
 ('430', '331', 'en_us', '', NULL, '1', '2017-08-10 22:11:49', '2017-09-13 00:19:19', '2f4ddee6-960d-4345-bc6e-f5207c1775c6'),
 ('431', '332', 'en_us', '', NULL, '1', '2017-08-10 22:11:49', '2017-09-13 00:19:19', '858376a0-b700-4249-a6a5-879d86d92f93'),
 ('433', '334', 'en_us', '', NULL, '1', '2017-08-10 22:11:49', '2017-09-13 00:19:19', '9796f3b0-c58a-47f8-a12e-266e5ae543b4'),
 ('434', '335', 'en_us', '', NULL, '1', '2017-08-10 22:11:49', '2017-09-13 00:19:19', '324d26ec-87f5-4e3e-90a8-1e370b6bcbb3'),
 ('435', '336', 'en_us', '', NULL, '1', '2017-08-10 22:11:49', '2017-08-31 22:08:13', '0a3a7f80-ef3f-49e7-bb72-63c5e189dc88'),
 ('436', '337', 'en_us', '', NULL, '1', '2017-08-10 22:11:49', '2017-08-31 22:08:13', 'a5ce2b44-cc1f-46a7-8a62-c2b45ccce5e7'),
 ('437', '338', 'en_us', '', NULL, '1', '2017-08-10 22:11:49', '2017-08-31 22:08:13', '23b86804-5da9-49a9-ac27-865bac033686'),
 ('438', '339', 'en_us', '', NULL, '1', '2017-08-10 22:11:49', '2017-09-13 00:19:19', 'a689e4cd-93c0-495c-820f-64922d755e7e'),
 ('439', '340', 'en_us', '', NULL, '1', '2017-08-10 22:11:49', '2017-09-13 00:19:19', 'eb0ddea2-6c7c-4c31-8eec-8b663c45829c'),
 ('440', '341', 'en_us', '', NULL, '1', '2017-08-10 22:11:49', '2017-09-13 00:19:19', '98f47f8a-b497-47a1-94e2-9b14c268e736'),
 ('442', '343', 'en_us', '', NULL, '1', '2017-08-10 22:14:42', '2017-09-13 00:19:19', 'c7f95f1b-2d07-45ed-8b3f-2963be35fb15'),
 ('445', '345', 'en_us', '', NULL, '1', '2017-08-17 23:14:09', '2017-08-17 23:14:09', '257a833f-7bf1-455c-9541-7914ca1ca37f'),
 ('446', '346', 'en_us', '', NULL, '1', '2017-08-17 23:14:09', '2017-08-17 23:14:09', 'e867db5b-2778-4320-a56c-3078e9bad6e9'),
 ('449', '348', 'en_us', 'test-blog-entry', 'blog/test-blog-entry', '1', '2017-08-21 22:32:03', '2017-09-14 18:44:46', 'b66be70c-afbb-48db-a61e-6b71f04ff80a'),
 ('450', '348', 'de_de', 'test-blog-entry', 'blog/test-blog-entry', '1', '2017-08-21 22:32:03', '2017-09-14 18:44:46', '187086e5-1654-4cf8-8dbf-75661a1053ba'),
 ('453', '350', 'en_us', 'north-america', NULL, '1', '2017-08-22 20:53:32', '2017-08-22 20:53:33', 'db5ea225-a718-4fe5-a7e5-07d42dfae55a'),
 ('454', '350', 'de_de', 'north-america', NULL, '1', '2017-08-22 20:53:32', '2017-08-22 20:53:33', '02e2808d-9601-43a2-b312-51fe5fe7b692'),
 ('455', '351', 'en_us', 'north-america-canada', NULL, '1', '2017-08-22 20:53:42', '2017-08-22 20:53:47', 'f5bbca77-ff24-4cd4-9447-51f43617c65d'),
 ('456', '351', 'de_de', 'north-america-canada', NULL, '1', '2017-08-22 20:53:42', '2017-08-22 20:53:47', 'c01e112e-eada-4a76-89f0-66d954b22b24'),
 ('457', '352', 'en_us', 'europe-middle-east-africa', NULL, '1', '2017-08-22 20:53:58', '2017-08-22 20:54:00', 'f1dd888e-f18b-488f-96e7-43560c51c01a'),
 ('458', '352', 'de_de', 'europe-middle-east-africa', NULL, '1', '2017-08-22 20:53:58', '2017-08-22 20:54:00', 'c05fd5f8-6caf-45fe-93c3-7b856f028e17'),
 ('459', '353', 'en_us', 'asia-pacific', NULL, '1', '2017-08-22 20:54:07', '2017-08-22 20:54:08', 'b08122d4-4043-4fe4-a296-86a6b3694176'),
 ('460', '353', 'de_de', 'asia-pacific', NULL, '1', '2017-08-22 20:54:07', '2017-08-22 20:54:08', '87cbb953-6464-468d-b7ad-22b6bc6e7d08'),
 ('461', '354', 'en_us', 'latin-america', NULL, '1', '2017-08-22 20:54:17', '2017-08-22 20:54:17', '287abdb5-0716-4167-8d7c-f75ae5445b60'),
 ('462', '354', 'de_de', 'latin-america', NULL, '1', '2017-08-22 20:54:17', '2017-08-22 20:54:18', 'e1127970-5aba-43e8-a6f2-43b841630bac'),
 ('465', '356', 'en_us', 'news-entry', 'blog/news-entry', '1', '2017-08-23 17:53:42', '2017-09-12 23:47:19', '3eb1d6b2-b675-47e9-9d7e-b21467bf5d1e'),
 ('466', '356', 'de_de', 'news-entry', 'blog/news-entry', '1', '2017-08-23 17:53:42', '2017-09-12 23:47:19', '177ea038-9431-4ef3-a630-9068a984f0f7'),
 ('469', '358', 'en_us', 'success-story-entry', NULL, '1', '2017-08-23 17:56:29', '2017-09-12 23:45:19', 'da485824-bfd4-4a57-a93c-a86191e98e76'),
 ('470', '358', 'de_de', 'success-story-entry', NULL, '1', '2017-08-23 17:56:29', '2017-09-12 23:45:19', 'd71d3c8e-85a1-45b7-a27e-20230e165185'),
 ('475', '361', 'en_us', '', NULL, '1', '2017-08-23 18:14:23', '2017-08-23 18:17:34', '4282c89e-68a6-4614-ad66-2bce206e97b6'),
 ('476', '362', 'en_us', 'creative-spotlight', 'creative-spotlight', '1', '2017-08-24 20:53:17', '2017-09-14 18:21:54', '1152636a-87d0-47f4-a05f-ed640ec2bddc'),
 ('477', '362', 'de_de', 'creative-spotlight', 'creative-spotlight', '1', '2017-08-24 20:53:17', '2017-09-14 18:21:54', '9e79f4f1-8666-40f8-9f84-8bdeb2501edf'),
 ('478', '363', 'en_us', 'success-stories', 'success-stories', '1', '2017-08-24 20:55:06', '2017-09-14 18:22:16', '97cee449-8f7e-4b37-bd88-0d6d4d62daa9'),
 ('479', '363', 'de_de', 'success-stories', 'success-stories', '1', '2017-08-24 20:55:06', '2017-09-14 18:22:16', '02c4dc74-a205-49d8-8623-4179076b619e'),
 ('500', '374', 'en_us', '711', NULL, '1', '2017-08-30 21:02:43', '2017-09-12 21:56:03', '4f4036ee-fa43-4e19-b096-87f67aa968b8'),
 ('501', '374', 'de_de', '711', NULL, '1', '2017-08-30 21:02:43', '2017-09-12 21:56:03', '1063228f-765b-4927-ac4a-a56af8426605'),
 ('502', '375', 'en_us', '711', NULL, '1', '2017-08-30 21:02:43', '2017-09-12 21:56:04', 'c3c7c055-5623-45dd-ae09-01759cba45be'),
 ('503', '375', 'de_de', '711', NULL, '1', '2017-08-30 21:02:43', '2017-09-12 21:56:04', '8c1bf461-ffc9-45eb-b238-bb3fbd35bd37'),
 ('504', '376', 'en_us', 'aa', NULL, '1', '2017-08-30 21:02:43', '2017-09-12 21:56:04', '5180ad70-2167-40e5-8315-65c6668f68c5'),
 ('505', '376', 'de_de', 'aa', NULL, '1', '2017-08-30 21:02:43', '2017-09-12 21:56:04', '1065ab20-1a83-4f04-ad0f-bc3ebf1dde29'),
 ('506', '377', 'en_us', 'aa', NULL, '1', '2017-08-30 21:02:43', '2017-09-12 21:56:04', 'a6a30e21-827b-4985-abfb-4a16c89d649b'),
 ('507', '377', 'de_de', 'aa', NULL, '1', '2017-08-30 21:02:43', '2017-09-12 21:56:04', '9afc1494-6e3b-463a-8a49-81341806c9fd'),
 ('508', '378', 'en_us', 'acorns', NULL, '1', '2017-08-30 21:02:43', '2017-09-12 21:56:04', '261b0ad7-7a1d-4b5a-9482-bef8171bc92a'),
 ('509', '378', 'de_de', 'acorns', NULL, '1', '2017-08-30 21:02:43', '2017-09-12 21:56:04', '9fe5cf47-838f-4bdb-94a8-8931c546de99'),
 ('510', '379', 'en_us', 'acorns', NULL, '1', '2017-08-30 21:02:43', '2017-09-12 21:56:04', '3633c005-0804-4129-bd83-bf1c6bc338dd'),
 ('511', '379', 'de_de', 'acorns', NULL, '1', '2017-08-30 21:02:43', '2017-09-12 21:56:04', '80c34541-07ac-4650-9e46-65304fd178de'),
 ('512', '380', 'en_us', 'alabamapink', NULL, '1', '2017-08-30 21:02:43', '2017-09-12 21:56:06', '161d36f5-5e2d-478c-b7db-eb83d014c4e5'),
 ('513', '380', 'de_de', 'alabamapink', NULL, '1', '2017-08-30 21:02:43', '2017-09-12 21:56:06', '334c031f-9e30-4863-9f25-54fca720c6dc'),
 ('514', '381', 'en_us', 'bloomingdales', NULL, '1', '2017-08-30 21:02:44', '2017-09-12 21:56:04', 'b9fdde0f-303c-41d2-a607-5bb4c6c0ce04'),
 ('515', '381', 'de_de', 'bloomingdales', NULL, '1', '2017-08-30 21:02:44', '2017-09-12 21:56:04', '9c906496-bdcf-49d4-8450-ad05e03b01ec'),
 ('516', '382', 'en_us', 'bloomingdales', NULL, '1', '2017-08-30 21:02:44', '2017-09-12 21:56:05', 'eec07cbe-3a65-4a82-93c1-ff6c3c45b6f1'),
 ('517', '382', 'de_de', 'bloomingdales', NULL, '1', '2017-08-30 21:02:44', '2017-09-12 21:56:05', 'dc3ca81d-1de3-4c20-842d-096a6cf487e4');
INSERT INTO `craft_elements_i18n` (`id`, `elementId`, `locale`, `slug`, `uri`, `enabled`, `dateCreated`, `dateUpdated`, `uid`) VALUES
 ('518', '383', 'en_us', 'bumble-v2', NULL, '1', '2017-08-30 21:02:44', '2017-09-12 21:56:05', '0da34ae7-d262-4d1a-a44c-c4c22162cc39'),
 ('519', '383', 'de_de', 'bumble-v2', NULL, '1', '2017-08-30 21:02:44', '2017-09-12 21:56:05', '68c33452-0d42-4a43-862e-2ac9b025f04a'),
 ('520', '384', 'en_us', 'bumble-v2', NULL, '1', '2017-08-30 21:02:44', '2017-09-12 21:56:05', 'f014166f-97da-49ac-a6b3-5a147110199f'),
 ('521', '384', 'de_de', 'bumble-v2', NULL, '1', '2017-08-30 21:02:44', '2017-09-12 21:56:05', 'e7c5f800-9dfd-4b60-9756-547b6714fd8a'),
 ('522', '385', 'en_us', 'alabamapink', NULL, '1', '2017-08-30 21:02:44', '2017-09-12 21:56:04', '3c24dc2e-f0ea-479e-a1b4-fc62992a717f'),
 ('523', '385', 'de_de', 'alabamapink', NULL, '1', '2017-08-30 21:02:44', '2017-09-12 21:56:04', '4cad9853-26e1-4689-aefc-f5946a2f7575'),
 ('524', '386', 'en_us', 'burberry', NULL, '1', '2017-08-30 21:02:44', '2017-09-12 21:56:05', '0373e049-5aa2-4fa0-8584-6b65e131cd9c'),
 ('525', '386', 'de_de', 'burberry', NULL, '1', '2017-08-30 21:02:44', '2017-09-12 21:56:05', '9b11e7df-aa8e-4c93-a656-bf638569d710'),
 ('526', '387', 'en_us', 'burberry', NULL, '1', '2017-08-30 21:02:44', '2017-09-12 21:56:05', '0f965427-0877-4d32-9e40-8420e9f5137b'),
 ('527', '387', 'de_de', 'burberry', NULL, '1', '2017-08-30 21:02:44', '2017-09-12 21:56:05', 'dc4581fa-730f-4a91-a413-ecae941e9745'),
 ('528', '388', 'en_us', 'ellevennightclub', NULL, '1', '2017-08-30 21:02:45', '2017-09-12 21:56:05', 'c9aa051e-f8f9-433a-a4f8-6370ba7dc4da'),
 ('529', '388', 'de_de', 'ellevennightclub', NULL, '1', '2017-08-30 21:02:45', '2017-09-12 21:56:05', '50c8f44f-2410-48e7-b659-75ea5383b5a1'),
 ('530', '389', 'en_us', 'ellevennightclub', NULL, '1', '2017-08-30 21:02:45', '2017-09-12 21:56:06', 'baf45175-746c-4e7c-a74b-5bf12d750703'),
 ('531', '389', 'de_de', 'ellevennightclub', NULL, '1', '2017-08-30 21:02:45', '2017-09-12 21:56:06', 'e0f24c59-2b20-40c7-82c3-0de647a48667'),
 ('532', '390', 'en_us', 'gametime', NULL, '1', '2017-08-30 21:02:45', '2017-09-12 21:56:06', '0e91f2c0-ec11-4717-9e0a-fbd632e2d866'),
 ('533', '390', 'de_de', 'gametime', NULL, '1', '2017-08-30 21:02:45', '2017-09-12 21:56:06', '4f81d182-eb48-43aa-a9cb-6bdc92d815f6'),
 ('534', '391', 'en_us', 'gametime', NULL, '1', '2017-08-30 21:02:45', '2017-09-12 21:56:06', 'e575244b-e31e-4bf4-9c6c-68a4b8254140'),
 ('535', '391', 'de_de', 'gametime', NULL, '1', '2017-08-30 21:02:45', '2017-09-12 21:56:06', '32f9936d-f144-4e38-b18c-c2e956d0003f'),
 ('536', '392', 'en_us', 'gatorade', NULL, '1', '2017-08-30 21:02:45', '2017-09-12 21:56:06', '7d4ec3a5-0252-496a-8ebc-83304d74fba2'),
 ('537', '392', 'de_de', 'gatorade', NULL, '1', '2017-08-30 21:02:45', '2017-09-12 21:56:06', '7f97e2fd-67fc-4595-9cba-1729b39eb270'),
 ('538', '393', 'en_us', 'gatorade', NULL, '1', '2017-08-30 21:02:45', '2017-09-12 21:56:06', '30bdf10e-929b-461d-ae1d-e539c9067b1c'),
 ('539', '393', 'de_de', 'gatorade', NULL, '1', '2017-08-30 21:02:45', '2017-09-12 21:56:06', '8eb30649-2a18-45c1-987b-2405a92da227'),
 ('540', '394', 'en_us', 'geofilter', NULL, '1', '2017-08-30 21:02:45', '2017-09-12 21:56:06', '93865b99-b102-44fb-b862-1038b88a6547'),
 ('541', '394', 'de_de', 'geofilter', NULL, '1', '2017-08-30 21:02:45', '2017-09-12 21:56:06', '78f4437b-bdd9-42f5-9f54-e5e58273da4c'),
 ('542', '395', 'en_us', 'geofilter', NULL, '1', '2017-08-30 21:02:46', '2017-09-12 21:56:07', '75f7c71f-f780-4751-b313-9d9c12808af1'),
 ('543', '395', 'de_de', 'geofilter', NULL, '1', '2017-08-30 21:02:46', '2017-09-12 21:56:07', 'fba83db5-6c15-42d9-bcdb-2745bd63c2b6'),
 ('544', '396', 'en_us', 'lakings', NULL, '1', '2017-08-30 21:02:46', '2017-09-12 21:56:07', '1eb2f734-f8ad-4a21-8927-3e89f7a838a8'),
 ('545', '396', 'de_de', 'lakings', NULL, '1', '2017-08-30 21:02:46', '2017-09-12 21:56:07', '56461539-6885-4d09-93bc-74f3bdcba951'),
 ('546', '397', 'en_us', 'lakings', NULL, '1', '2017-08-30 21:02:46', '2017-09-12 21:56:07', '92ac9dad-b020-41a1-8664-ae2909dc2384'),
 ('547', '397', 'de_de', 'lakings', NULL, '1', '2017-08-30 21:02:46', '2017-09-12 21:56:07', '7c26efcf-ddb1-462d-9328-474a66a5553e'),
 ('548', '398', 'en_us', 'michaelkors', NULL, '1', '2017-08-30 21:02:46', '2017-09-12 21:56:07', '446f828a-e417-42d5-850a-42c10e44a6c2'),
 ('549', '398', 'de_de', 'michaelkors', NULL, '1', '2017-08-30 21:02:46', '2017-09-12 21:56:07', 'a4328e24-949d-46ac-be18-f2f62aed5a68'),
 ('550', '399', 'en_us', 'mtndew', NULL, '1', '2017-08-30 21:02:46', '2017-09-12 21:56:07', 'edf4d0ea-5a61-4ff9-aa9d-0239860f4811'),
 ('551', '399', 'de_de', 'mtndew', NULL, '1', '2017-08-30 21:02:46', '2017-09-12 21:56:07', 'c09d32dd-9e96-4a65-a8cb-1dc52748d9ae'),
 ('552', '400', 'en_us', 'michaelkors', NULL, '1', '2017-08-30 21:02:46', '2017-09-12 21:56:07', '1a20556d-4429-4509-8054-0782d7f16b84'),
 ('553', '400', 'de_de', 'michaelkors', NULL, '1', '2017-08-30 21:02:46', '2017-09-12 21:56:07', '07b1dccb-dc14-4c1d-9faf-690be0d6b738'),
 ('554', '401', 'en_us', 'mtndew', NULL, '1', '2017-08-30 21:02:46', '2017-09-12 21:56:07', '8f711ba2-260e-4735-a6f4-676f068531f6'),
 ('555', '401', 'de_de', 'mtndew', NULL, '1', '2017-08-30 21:02:46', '2017-09-12 21:56:07', '9bbee0f9-1b2a-4be2-aae3-d060cac09f30'),
 ('556', '402', 'en_us', 'philsdonuts', NULL, '1', '2017-08-30 21:02:47', '2017-09-12 21:56:08', '6faea134-1bb8-40a2-a71f-9af76a182898'),
 ('557', '402', 'de_de', 'philsdonuts', NULL, '1', '2017-08-30 21:02:47', '2017-09-12 21:56:08', '6cde7caf-f4c4-4331-8204-65a39ce09ad0'),
 ('558', '403', 'en_us', 'postmates', NULL, '1', '2017-08-30 21:02:47', '2017-09-12 21:56:08', '9fc2f8d1-a66c-42ac-b903-6eaa4872ae1c'),
 ('559', '403', 'de_de', 'postmates', NULL, '1', '2017-08-30 21:02:47', '2017-09-12 21:56:08', '368405f2-6bad-4edc-8e10-b8a279423aa2'),
 ('560', '404', 'en_us', 'postmates', NULL, '1', '2017-08-30 21:02:47', '2017-09-12 21:56:09', '8768c04b-0db1-42db-bd46-f3619749d2a7'),
 ('561', '404', 'de_de', 'postmates', NULL, '1', '2017-08-30 21:02:47', '2017-09-12 21:56:09', '016cf9fc-461f-4276-a218-1f5ec252a3ea'),
 ('562', '405', 'en_us', 'publisher', NULL, '1', '2017-08-30 21:02:47', '2017-09-12 21:56:10', '008af896-0d0e-4d41-a1ba-b17e4d6c6023'),
 ('563', '405', 'de_de', 'publisher', NULL, '1', '2017-08-30 21:02:47', '2017-09-12 21:56:10', 'cdd48fbe-4e3d-43e9-b38d-535142bf1215'),
 ('564', '406', 'en_us', 'publisher', NULL, '1', '2017-08-30 21:02:47', '2017-09-12 21:56:10', 'ee396b86-eb9a-47b7-98d5-9f9451c634f0'),
 ('565', '406', 'de_de', 'publisher', NULL, '1', '2017-08-30 21:02:47', '2017-09-12 21:56:10', '772cda4e-4679-4d92-8945-c85b70d76155'),
 ('566', '407', 'en_us', 'redbull', NULL, '1', '2017-08-30 21:02:47', '2017-09-12 21:56:10', 'f6d5423d-c1d6-4e2a-bf56-3b386f1ffe90'),
 ('567', '407', 'de_de', 'redbull', NULL, '1', '2017-08-30 21:02:47', '2017-09-12 21:56:10', 'd3254956-3050-40dc-8b67-f96e4ab36b0e'),
 ('568', '408', 'en_us', 'redbull', NULL, '1', '2017-08-30 21:02:47', '2017-09-12 21:56:10', 'b802f979-1efc-4ece-8007-821142f04436'),
 ('569', '408', 'de_de', 'redbull', NULL, '1', '2017-08-30 21:02:47', '2017-09-12 21:56:10', '94d1cd16-3f7e-4856-82b7-d359feec482e'),
 ('570', '409', 'en_us', 'philsdonuts', NULL, '1', '2017-08-30 21:02:48', '2017-09-12 21:56:08', 'a8182fcd-3afa-4080-8f96-677433b4f083'),
 ('571', '409', 'de_de', 'philsdonuts', NULL, '1', '2017-08-30 21:02:48', '2017-09-12 21:56:08', 'b60acc47-95c8-46dc-ad71-20701d9456d0'),
 ('572', '410', 'en_us', 'selfserve', NULL, '1', '2017-08-30 21:02:48', '2017-09-12 21:56:10', '79b9f2ec-f225-463d-9241-c112fbed1244'),
 ('573', '410', 'de_de', 'selfserve', NULL, '1', '2017-08-30 21:02:48', '2017-09-12 21:56:10', 'e4640130-adef-48db-b104-facd6b511225'),
 ('574', '411', 'en_us', 'selfserve', NULL, '1', '2017-08-30 21:02:48', '2017-09-12 21:56:10', '3318de5d-d4ca-4790-adda-64df1ded1b03'),
 ('575', '411', 'de_de', 'selfserve', NULL, '1', '2017-08-30 21:02:48', '2017-09-12 21:56:10', 'd0ab5594-c148-41c1-ae03-d75d0e577b48'),
 ('576', '412', 'en_us', 'snapchat', NULL, '1', '2017-08-30 21:02:48', '2017-09-12 21:56:10', 'ff5645ee-2818-4d09-97a3-fea2d2625cd1'),
 ('577', '412', 'de_de', 'snapchat', NULL, '1', '2017-08-30 21:02:48', '2017-09-12 21:56:10', 'aed5a599-7155-483d-b4c0-f8ddabb47626'),
 ('578', '413', 'en_us', 'snapchat', NULL, '1', '2017-08-30 21:02:48', '2017-09-12 21:56:11', '8bd50a9f-d310-45b4-a08d-939c2ebdd739'),
 ('579', '413', 'de_de', 'snapchat', NULL, '1', '2017-08-30 21:02:48', '2017-09-12 21:56:11', '20736021-80af-4376-8c5a-22a04265cbf1'),
 ('580', '414', 'en_us', 'snapchat2', NULL, '1', '2017-08-30 21:02:48', '2017-09-12 21:56:11', 'c109e85f-b8ac-4597-bdcf-77b5c98d8d8d'),
 ('581', '414', 'de_de', 'snapchat2', NULL, '1', '2017-08-30 21:02:48', '2017-09-12 21:56:11', '20bd0ef7-edd5-447a-8d35-597185b14150'),
 ('582', '415', 'en_us', 'snapchat2-vertical', NULL, '1', '2017-08-30 21:02:48', '2017-09-12 21:56:11', '6eeeeb0e-6391-496e-af29-a751199ed786'),
 ('583', '415', 'de_de', 'snapchat2-vertical', NULL, '1', '2017-08-30 21:02:48', '2017-09-12 21:56:11', 'e45bcfc3-d72f-4faf-b199-2e2b7b38ade5'),
 ('584', '416', 'en_us', 'snapchat2', NULL, '1', '2017-08-30 21:02:49', '2017-09-12 21:56:11', '5ac0b141-e182-4726-bf12-b1dfd9a4a4aa'),
 ('585', '416', 'de_de', 'snapchat2', NULL, '1', '2017-08-30 21:02:49', '2017-09-12 21:56:11', '41ee0621-57a2-4ca9-aa00-bd41c565b22d'),
 ('586', '417', 'en_us', 'snapchat2-vertical', NULL, '1', '2017-08-30 21:02:51', '2017-09-12 21:56:11', '574afa9c-77b0-4063-bebe-c3a4bcdb5b6e'),
 ('587', '417', 'de_de', 'snapchat2-vertical', NULL, '1', '2017-08-30 21:02:51', '2017-09-12 21:56:11', 'd37be333-e863-4a3b-8939-5a9bdfab57c3'),
 ('588', '418', 'en_us', 'snapchat-vertical', NULL, '1', '2017-08-30 21:02:51', '2017-09-12 21:56:11', '1732086c-70b7-4790-8f1b-af47eb571057'),
 ('589', '418', 'de_de', 'snapchat-vertical', NULL, '1', '2017-08-30 21:02:51', '2017-09-12 21:56:11', 'b6e07e5f-b1c6-428d-9d09-df201c1c5bf2'),
 ('590', '419', 'en_us', 'snapchat-vertical', NULL, '1', '2017-08-30 21:02:51', '2017-09-12 21:56:11', '3f3fc094-0e9c-4e69-8216-6ec7b9c2996c'),
 ('591', '419', 'de_de', 'snapchat-vertical', NULL, '1', '2017-08-30 21:02:51', '2017-09-12 21:56:11', 'bac58462-7436-445e-834c-eba0878ce6f5'),
 ('592', '420', 'en_us', 'target', NULL, '1', '2017-08-30 21:02:51', '2017-09-12 21:56:12', '4129dd9c-fbda-4a2a-9e84-5cb082f1d03f'),
 ('593', '420', 'de_de', 'target', NULL, '1', '2017-08-30 21:02:51', '2017-09-12 21:56:12', '07d104a8-c725-4a29-946a-33014c615cbb'),
 ('594', '421', 'en_us', 'target', NULL, '1', '2017-08-30 21:02:51', '2017-09-12 21:56:12', '8dfbf1dd-88ef-4ac1-85e1-e112e432145c'),
 ('595', '421', 'de_de', 'target', NULL, '1', '2017-08-30 21:02:51', '2017-09-12 21:56:12', 'dbb4d74f-7f7d-4997-9d98-241e93977058'),
 ('596', '422', 'en_us', 'tedbaker', NULL, '1', '2017-08-30 21:02:52', '2017-09-12 21:56:12', '342b7c93-2408-4d6b-ac86-1573ee002962'),
 ('597', '422', 'de_de', 'tedbaker', NULL, '1', '2017-08-30 21:02:52', '2017-09-12 21:56:12', 'ac66ec9e-2335-4604-93ec-9e1ea29a6898'),
 ('598', '423', 'en_us', 'warbyparker', NULL, '1', '2017-08-30 21:02:52', '2017-09-12 21:56:12', 'cf76915a-e209-4b6f-81c2-b4db8e63a5f5'),
 ('599', '423', 'de_de', 'warbyparker', NULL, '1', '2017-08-30 21:02:52', '2017-09-12 21:56:12', '642021e9-9e49-4b0a-bd7c-5bca95ca187f'),
 ('600', '424', 'en_us', 'warbyparker', NULL, '1', '2017-08-30 21:02:52', '2017-09-12 21:56:12', '1fbe063a-4914-4246-aeca-bd06e688dcc4'),
 ('601', '424', 'de_de', 'warbyparker', NULL, '1', '2017-08-30 21:02:52', '2017-09-12 21:56:12', 'b1849144-f7e0-497f-a1e5-c2d26bb60863'),
 ('602', '425', 'en_us', 'tedbaker', NULL, '1', '2017-08-30 21:02:52', '2017-09-12 21:56:12', 'c930bf4b-bd0f-4540-93ab-4ee192bcd2bf'),
 ('603', '425', 'de_de', 'tedbaker', NULL, '1', '2017-08-30 21:02:52', '2017-09-12 21:56:12', 'b5a47d41-d160-4f15-b32e-09014b4c7d30'),
 ('604', '426', 'en_us', '', NULL, '1', '2017-08-30 22:28:57', '2017-09-13 00:19:19', '705e4f8a-497b-4e8e-a8a8-ce0e13bad023'),
 ('605', '427', 'en_us', '', NULL, '1', '2017-08-30 22:28:57', '2017-09-13 00:19:19', '861da259-d667-47fb-a042-a847f4824605'),
 ('606', '428', 'en_us', '', NULL, '1', '2017-08-30 22:28:57', '2017-09-13 00:19:19', '2195b8c8-35c2-46ac-8e0a-78d60e58cd7d'),
 ('607', '429', 'en_us', '', NULL, '1', '2017-08-30 22:28:57', '2017-09-13 00:19:19', '051a09dd-65f7-418c-abb9-9444e9b4c2cf'),
 ('608', '430', 'en_us', '', NULL, '1', '2017-08-30 22:28:57', '2017-08-31 22:08:13', 'f8de0491-2fed-4b02-af63-8c6beb26a3ac'),
 ('609', '431', 'en_us', '', NULL, '1', '2017-08-30 22:28:57', '2017-09-13 00:19:19', 'ebb9198d-9b0b-4917-a6e5-aef6c33284a5'),
 ('610', '432', 'en_us', '', NULL, '1', '2017-08-30 22:28:57', '2017-08-31 22:08:13', '23a5a92d-32b8-4e62-b219-20a35dd068ed'),
 ('611', '433', 'en_us', '', NULL, '1', '2017-08-30 22:28:57', '2017-09-13 00:19:19', '2aadbc0d-3a44-433f-a5b1-2085e3c9c37d'),
 ('612', '434', 'en_us', '', NULL, '1', '2017-08-30 22:28:57', '2017-09-13 00:19:19', 'cd400a9c-89f8-4204-8ff1-8d2efda39d37'),
 ('620', '442', 'en_us', '', NULL, '1', '2017-08-31 21:30:07', '2017-09-14 18:41:30', '96fe6c54-9ba3-4e95-a36e-e46e310d2c4f'),
 ('621', '443', 'en_us', '', NULL, '1', '2017-08-31 22:08:13', '2017-08-31 22:08:13', 'd08576ff-3c70-46ba-bf4c-c140d8ac660c'),
 ('622', '444', 'en_us', 'inspiration', 'inspiration', '1', '2017-09-06 21:26:36', '2017-09-06 23:17:09', '9da5b9bd-b274-494b-9047-135f20b96ae1'),
 ('623', '444', 'de_de', 'inspiration', 'inspiration', '1', '2017-09-06 21:26:36', '2017-09-06 23:17:09', '827ac931-58a7-4d7b-a083-198cf1655c18'),
 ('624', '445', 'en_us', '', NULL, '1', '2017-09-06 22:52:59', '2017-09-06 23:00:13', '4c7acab1-8d96-4425-a48c-17ac50172d41');
INSERT INTO `craft_elements_i18n` (`id`, `elementId`, `locale`, `slug`, `uri`, `enabled`, `dateCreated`, `dateUpdated`, `uid`) VALUES
 ('625', '445', 'de_de', '', NULL, '1', '2017-09-06 22:52:59', '2017-09-06 23:00:13', 'aa600035-e095-441a-8c53-0c66f86ea0f2'),
 ('628', '447', 'en_us', '', NULL, '1', '2017-09-06 22:52:59', '2017-09-06 23:00:13', '97f36ea6-d069-4107-a37a-ca9112d4bb9d'),
 ('629', '447', 'de_de', '', NULL, '1', '2017-09-06 22:52:59', '2017-09-06 23:00:13', '3195f5c7-fb5d-40cb-88ae-a15cb0a286f9'),
 ('634', '450', 'en_us', '', NULL, '1', '2017-09-06 22:52:59', '2017-09-06 23:00:13', '0aeb64bc-0365-49b8-b7ab-c4a950e0b1eb'),
 ('635', '450', 'de_de', '', NULL, '1', '2017-09-06 22:52:59', '2017-09-06 23:00:13', '400bf655-266a-49d6-9b82-a6941f06ddc1'),
 ('636', '451', 'en_us', '', NULL, '1', '2017-09-06 22:52:59', '2017-09-06 23:00:13', '9812d101-3d0f-457e-9adb-0b17163f5862'),
 ('637', '451', 'de_de', '', NULL, '1', '2017-09-06 22:52:59', '2017-09-06 23:00:13', '4b286eb3-b06f-451e-9f9c-f4495122e30b'),
 ('638', '452', 'en_us', '', NULL, '1', '2017-09-06 22:56:51', '2017-09-06 22:56:51', 'ab45add1-0eec-4379-87c9-c17278bc7b29'),
 ('639', '452', 'de_de', '', NULL, '1', '2017-09-06 22:56:51', '2017-09-06 22:56:51', 'be27ec60-042e-46f5-9682-cbfea3d26945'),
 ('640', '453', 'en_us', '', NULL, '1', '2017-09-06 22:56:51', '2017-09-06 22:56:51', 'd3e2f3c9-e203-450c-a850-d7cbe73cd214'),
 ('641', '453', 'de_de', '', NULL, '1', '2017-09-06 22:56:51', '2017-09-06 22:56:51', '1ce36e04-de22-46af-96fa-3f73297b0e73'),
 ('642', '454', 'en_us', '', NULL, '1', '2017-09-06 22:59:39', '2017-09-06 23:00:13', 'abd96c60-1324-492f-9edc-36dbe35bfc6c'),
 ('643', '454', 'de_de', '', NULL, '1', '2017-09-06 22:59:39', '2017-09-06 23:00:13', '93621763-d5af-4766-93cf-d49dbc755eab'),
 ('644', '455', 'en_us', '', NULL, '1', '2017-09-06 22:59:39', '2017-09-06 23:00:13', '15acdfde-3f0d-447c-a3e8-4f1a372ab570'),
 ('645', '455', 'de_de', '', NULL, '1', '2017-09-06 22:59:39', '2017-09-06 23:00:13', 'c30e5c02-5b04-4603-b434-2a9ae18b45d7'),
 ('646', '456', 'en_us', '', NULL, '1', '2017-09-06 22:59:39', '2017-09-06 23:00:13', 'f2324732-5d30-446a-969b-c404d6642e80'),
 ('647', '456', 'de_de', '', NULL, '1', '2017-09-06 22:59:39', '2017-09-06 23:00:13', '960ad075-45f5-4629-a640-2298fe9ac06a'),
 ('648', '457', 'en_us', 'bareminerals', NULL, '1', '2017-09-07 20:50:17', '2017-09-13 23:13:07', '5cf1f34e-0ac1-4413-999b-4a793df13e83'),
 ('649', '457', 'de_de', 'bareminerals', NULL, '1', '2017-09-07 20:50:17', '2017-09-13 23:13:07', '9a50985d-133b-4ab0-9505-a2d30dc76be5'),
 ('654', '460', 'en_us', 'homepage-1-1', NULL, '1', '2017-09-12 23:54:48', '2017-09-14 17:50:12', '36befe31-b9a5-4472-8fa7-7e5f716b3176'),
 ('655', '460', 'de_de', 'homepage-1-1', NULL, '1', '2017-09-12 23:54:48', '2017-09-14 17:50:12', '6de687bb-a985-4c61-85cd-239245f93e7d'),
 ('656', '461', 'en_us', 'homepage-1-2', NULL, '1', '2017-09-12 23:54:48', '2017-09-12 23:54:48', '6531b2d4-148b-491f-a5fb-3524fa0aab82'),
 ('657', '461', 'de_de', 'homepage-1-2', NULL, '1', '2017-09-12 23:54:48', '2017-09-12 23:54:48', 'c78015b8-7f0b-4d48-92a2-cb7ff7ed0766'),
 ('658', '462', 'en_us', 'homepage-1-3', NULL, '1', '2017-09-12 23:54:48', '2017-09-12 23:54:48', '07da340d-8eb1-4443-9ece-f60819a0915a'),
 ('659', '462', 'de_de', 'homepage-1-3', NULL, '1', '2017-09-12 23:54:48', '2017-09-12 23:54:48', '241199dc-cd57-4b8f-89d2-ef1dd02315e9'),
 ('660', '463', 'en_us', 'innovid-2x', NULL, '1', '2017-09-12 23:59:11', '2017-09-12 23:59:11', 'c0e656cb-e2de-4438-963f-7b3c99075b5f'),
 ('661', '463', 'de_de', 'innovid-2x', NULL, '1', '2017-09-12 23:59:12', '2017-09-12 23:59:12', 'd9fde094-d997-4555-aa77-c3abc756a16a'),
 ('662', '464', 'en_us', 'kochava-2x', NULL, '1', '2017-09-12 23:59:12', '2017-09-12 23:59:12', '453c3c58-b968-48ce-b076-676cf937f3fb'),
 ('663', '464', 'de_de', 'kochava-2x', NULL, '1', '2017-09-12 23:59:12', '2017-09-12 23:59:12', '0e5b6858-516f-4cf8-a237-87e676277b3a'),
 ('664', '465', 'en_us', 'liveramp-2x', NULL, '1', '2017-09-12 23:59:12', '2017-09-12 23:59:12', 'd2fdd7c4-3fb3-416d-9f86-b93357c034e2'),
 ('665', '465', 'de_de', 'liveramp-2x', NULL, '1', '2017-09-12 23:59:12', '2017-09-12 23:59:12', 'd95a61cc-247a-4809-b991-4ba3b3840bfe'),
 ('670', '468', 'en_us', '', NULL, '1', '2017-09-13 17:13:57', '2017-09-14 18:41:30', 'db4f8425-e0d8-4c92-b9be-f0171fe69c03'),
 ('671', '469', 'en_us', '', NULL, '1', '2017-09-13 17:13:57', '2017-09-14 18:41:30', '04dd4bce-d03d-42e2-890c-49d734fd9779'),
 ('672', '470', 'en_us', '', NULL, '1', '2017-09-13 17:13:57', '2017-09-14 18:41:30', '7b9e51a1-9686-42be-94cb-f90b4aae297b'),
 ('673', '471', 'en_us', '', NULL, '1', '2017-09-13 17:13:57', '2017-09-14 18:41:30', '9ad7582f-b75a-4abb-be1a-d7a72915bf26'),
 ('674', '472', 'en_us', '', NULL, '1', '2017-09-13 17:13:57', '2017-09-14 18:41:30', 'd4d3e821-9516-4f0c-8ec6-29637eee42b0'),
 ('675', '473', 'en_us', '', NULL, '1', '2017-09-13 17:18:46', '2017-09-14 18:41:30', '0e8b9cea-55b9-4c2d-add7-2c1329618c0b'),
 ('676', '474', 'en_us', '', NULL, '1', '2017-09-13 17:18:46', '2017-09-14 18:41:30', '8e1dff1b-4730-458d-93c5-67b023ffa4e8'),
 ('677', '475', 'en_us', '', NULL, '1', '2017-09-13 17:18:46', '2017-09-14 18:41:31', '7b6fc496-a20c-490a-a194-22ccc761d5a0'),
 ('678', '476', 'en_us', '', NULL, '1', '2017-09-13 17:18:46', '2017-09-14 18:41:31', 'd2632d80-a9c2-4204-b7c6-9343ef93ca05'),
 ('679', '477', 'en_us', 'homepage-burberry', NULL, '1', '2017-09-13 17:23:33', '2017-09-13 17:23:33', '5f67dc30-3bae-48de-b4f0-197ec54cdcfc'),
 ('680', '477', 'de_de', 'homepage-burberry', NULL, '1', '2017-09-13 17:23:33', '2017-09-13 17:23:33', 'f9b60441-38ee-4796-8da3-aa7e70f2cc4c'),
 ('681', '478', 'en_us', 'measurement-reach', NULL, '1', '2017-09-13 17:24:00', '2017-09-13 17:24:00', '9ad8d1b4-7e0e-4a50-8e13-b3537232efce'),
 ('682', '478', 'de_de', 'measurement-reach', NULL, '1', '2017-09-13 17:24:00', '2017-09-13 17:24:00', '898a2637-b448-4f05-91a1-6cbba34fa8eb'),
 ('683', '479', 'en_us', 'bumble-geo-filter-2x', NULL, '1', '2017-09-13 17:28:46', '2017-09-13 17:28:46', 'd347882d-9d73-4cbe-bf53-00a4e03c2236'),
 ('684', '479', 'de_de', 'bumble-geo-filter-2x', NULL, '1', '2017-09-13 17:28:46', '2017-09-13 17:28:46', '34574598-73d9-4d86-b6b3-126b229bacd5'),
 ('685', '480', 'en_us', 'increase-consideration', NULL, '1', '2017-09-13 17:31:34', '2017-09-13 17:31:34', '0a3d2aef-8bcd-4a27-9cf0-aa26065b5226'),
 ('686', '480', 'de_de', 'increase-consideration', NULL, '1', '2017-09-13 17:31:34', '2017-09-13 17:31:34', '16d0b391-b4a8-4f24-a58d-ff578d134c06'),
 ('687', '481', 'en_us', 'homepage-gametime', NULL, '1', '2017-09-13 17:32:57', '2017-09-13 17:32:57', '23548d44-8a1e-45e8-8c54-9d468f80ccfc'),
 ('688', '481', 'de_de', 'homepage-gametime', NULL, '1', '2017-09-13 17:32:57', '2017-09-13 17:32:57', '4bd767fb-7dcc-441f-8b40-78367f29e628'),
 ('689', '482', 'en_us', 'drive-action', NULL, '1', '2017-09-13 17:33:12', '2017-09-13 17:33:12', '2bf9bf0a-dd28-44c8-86d1-6324b58dad12'),
 ('690', '482', 'de_de', 'drive-action', NULL, '1', '2017-09-13 17:33:12', '2017-09-13 17:33:12', 'c097c148-76da-451d-ad75-92ab0a6d88e8'),
 ('691', '483', 'en_us', 'ad-manager-2x', NULL, '1', '2017-09-13 17:35:19', '2017-09-13 17:35:19', '699f42c7-5451-415d-b14b-ca279ccafc78'),
 ('692', '483', 'de_de', 'ad-manager-2x', NULL, '1', '2017-09-13 17:35:19', '2017-09-13 17:35:19', '8cac9b03-d4eb-4082-9a17-a28f55c5259f'),
 ('693', '484', 'en_us', 'everything-you-need-to-know-final1x', NULL, '1', '2017-09-13 17:39:06', '2017-09-13 17:39:06', '2420653b-8d7c-402a-99a5-998550927372'),
 ('694', '484', 'de_de', 'everything-you-need-to-know-final1x', NULL, '1', '2017-09-13 17:39:06', '2017-09-13 17:39:06', '016a8555-c3b0-4aa9-bf27-2d2f097552ec'),
 ('695', '485', 'en_us', '', NULL, '1', '2017-09-13 17:39:23', '2017-09-14 18:41:31', '41792062-0e6e-4d24-a451-9c6ff75d1185'),
 ('696', '486', 'en_us', '', NULL, '1', '2017-09-13 17:39:24', '2017-09-14 18:41:31', '987c13dc-ddbd-41b7-8132-0c804505cf9f'),
 ('697', '487', 'en_us', '', NULL, '1', '2017-09-13 17:39:24', '2017-09-14 18:41:31', '848c76f4-17d3-4f61-ad3c-751206a9505b'),
 ('698', '488', 'en_us', '', NULL, '1', '2017-09-13 17:39:24', '2017-09-14 18:41:31', '3e16c98d-6f8a-45f7-9bcb-c39961f47589'),
 ('699', '489', 'en_us', '', NULL, '1', '2017-09-13 17:39:24', '2017-09-14 18:41:31', 'd75ed7e9-4ce1-4491-b323-67a598022edb'),
 ('700', '490', 'en_us', '', NULL, '1', '2017-09-13 17:39:24', '2017-09-14 18:41:31', 'eb7538e8-894f-4c20-adb6-b57a63fc9cdd'),
 ('701', '491', 'en_us', '', NULL, '1', '2017-09-13 17:39:24', '2017-09-14 18:41:31', '966ce4f9-4977-4233-8e3e-5d24ffa1d9e5');



DROP TABLE IF EXISTS `craft_emailmessages`;


--
-- Schema for table `craft_emailmessages`
--
CREATE TABLE `craft_emailmessages` (
  `id` int(11) NOT NULL AUTO_INCREMENT,
  `key` char(150) COLLATE utf8_unicode_ci NOT NULL,
  `locale` char(12) COLLATE utf8_unicode_ci NOT NULL,
  `subject` varchar(1000) COLLATE utf8_unicode_ci NOT NULL,
  `body` text COLLATE utf8_unicode_ci NOT NULL,
  `dateCreated` datetime NOT NULL,
  `dateUpdated` datetime NOT NULL,
  `uid` char(36) COLLATE utf8_unicode_ci NOT NULL DEFAULT '0',
  PRIMARY KEY (`id`),
  UNIQUE KEY `craft_emailmessages_key_locale_unq_idx` (`key`,`locale`),
  KEY `craft_emailmessages_locale_fk` (`locale`)
) ENGINE=InnoDB DEFAULT CHARSET=utf8 COLLATE=utf8_unicode_ci;

DROP TABLE IF EXISTS `craft_entries`;


--
-- Schema for table `craft_entries`
--
CREATE TABLE `craft_entries` (
  `id` int(11) NOT NULL,
  `sectionId` int(11) NOT NULL,
  `typeId` int(11) DEFAULT NULL,
  `authorId` int(11) DEFAULT NULL,
  `postDate` datetime DEFAULT NULL,
  `expiryDate` datetime DEFAULT NULL,
  `dateCreated` datetime NOT NULL,
  `dateUpdated` datetime NOT NULL,
  `uid` char(36) COLLATE utf8_unicode_ci NOT NULL DEFAULT '0',
  PRIMARY KEY (`id`),
  KEY `craft_entries_sectionId_idx` (`sectionId`),
  KEY `craft_entries_typeId_idx` (`typeId`),
  KEY `craft_entries_postDate_idx` (`postDate`),
  KEY `craft_entries_expiryDate_idx` (`expiryDate`),
  KEY `craft_entries_authorId_fk` (`authorId`)
) ENGINE=InnoDB DEFAULT CHARSET=utf8 COLLATE=utf8_unicode_ci;

--
-- Data for table `craft_entries`
--

INSERT INTO `craft_entries` (`id`, `sectionId`, `typeId`, `authorId`, `postDate`, `expiryDate`, `dateCreated`, `dateUpdated`, `uid`) VALUES
 ('98', '3', '3', '1', '2017-07-26 22:48:00', NULL, '2017-07-26 22:48:34', '2017-09-12 21:20:19', '98d04410-caf4-45b1-a997-5209496ca436'),
 ('264', '8', '8', NULL, '2017-08-22 18:21:03', NULL, '2017-08-07 21:28:57', '2017-09-14 18:29:48', 'c40b6619-7758-45de-8580-8d5443ee4c36'),
 ('270', '9', '9', NULL, '2017-08-31 21:23:17', NULL, '2017-08-07 22:23:24', '2017-09-14 18:41:31', 'd32c39f7-d09a-40b7-9ce9-9946b94b8882'),
 ('290', '3', '3', '1', '2017-08-09 20:38:00', NULL, '2017-08-09 20:38:27', '2017-09-12 23:48:12', '98d90ef9-947e-4094-980d-829bd1d3f43c'),
 ('291', '3', '3', '1', '2017-08-09 20:39:00', NULL, '2017-08-09 20:39:06', '2017-09-12 21:20:37', '4184b2f3-df89-41ca-b76f-cd3589dde290'),
 ('292', '3', '3', '1', '2017-08-09 20:41:00', NULL, '2017-08-09 20:41:34', '2017-09-12 21:20:53', 'd0a600b2-2c1e-4bc7-8591-06107675b3c0'),
 ('314', '3', '3', '1', '2017-08-10 22:00:00', NULL, '2017-08-10 22:00:29', '2017-09-13 00:19:19', '9baa8728-a569-4107-82d5-63c723f0790a'),
 ('348', '2', '2', '1', '2017-08-21 22:31:00', NULL, '2017-08-21 22:32:03', '2017-09-14 18:44:46', '2ca2be6b-75d8-4226-9e11-fcab11fa8a16'),
 ('356', '2', '10', '1', '2017-08-23 17:53:00', NULL, '2017-08-23 17:53:42', '2017-09-12 23:47:19', '1c3bd7a5-f232-4600-ad50-60799d2b8ddb'),
 ('358', '4', '12', '1', '2017-08-23 17:56:00', NULL, '2017-08-23 17:56:29', '2017-09-12 23:45:19', 'cd1f9f97-f05c-4b77-b71d-502d92b4baab'),
 ('362', '11', NULL, NULL, '2017-08-24 20:53:17', NULL, '2017-08-24 20:53:17', '2017-09-14 18:21:54', '20de5e58-d1b3-4022-befb-364881766cff'),
 ('363', '12', NULL, NULL, '2017-08-24 20:55:06', NULL, '2017-08-24 20:55:06', '2017-09-14 18:22:16', 'dfac6307-0377-44c2-987a-f7f31efc7f2d'),
 ('444', '13', NULL, NULL, '2017-09-06 21:26:36', NULL, '2017-09-06 21:26:36', '2017-09-06 23:17:09', '5ed8493e-88c5-424b-81c1-3074cfd6bc52'),
 ('457', '10', '18', '1', '2017-09-07 20:50:00', NULL, '2017-09-07 20:50:17', '2017-09-13 23:13:07', 'e8a65cd5-ef51-433e-82f3-3e04425a175d');



DROP TABLE IF EXISTS `craft_entrydrafts`;


--
-- Schema for table `craft_entrydrafts`
--
CREATE TABLE `craft_entrydrafts` (
  `id` int(11) NOT NULL AUTO_INCREMENT,
  `entryId` int(11) NOT NULL,
  `sectionId` int(11) NOT NULL,
  `creatorId` int(11) NOT NULL,
  `locale` char(12) COLLATE utf8_unicode_ci NOT NULL,
  `name` varchar(255) COLLATE utf8_unicode_ci NOT NULL,
  `notes` tinytext COLLATE utf8_unicode_ci,
  `data` mediumtext COLLATE utf8_unicode_ci NOT NULL,
  `dateCreated` datetime NOT NULL,
  `dateUpdated` datetime NOT NULL,
  `uid` char(36) COLLATE utf8_unicode_ci NOT NULL DEFAULT '0',
  PRIMARY KEY (`id`),
  KEY `craft_entrydrafts_entryId_locale_idx` (`entryId`,`locale`),
  KEY `craft_entrydrafts_sectionId_fk` (`sectionId`),
  KEY `craft_entrydrafts_creatorId_fk` (`creatorId`),
  KEY `craft_entrydrafts_locale_fk` (`locale`)
) ENGINE=InnoDB DEFAULT CHARSET=utf8 COLLATE=utf8_unicode_ci;

DROP TABLE IF EXISTS `craft_entrytypes`;


--
-- Schema for table `craft_entrytypes`
--
CREATE TABLE `craft_entrytypes` (
  `id` int(11) NOT NULL AUTO_INCREMENT,
  `sectionId` int(11) NOT NULL,
  `fieldLayoutId` int(11) DEFAULT NULL,
  `name` varchar(255) COLLATE utf8_unicode_ci NOT NULL,
  `handle` varchar(255) COLLATE utf8_unicode_ci NOT NULL,
  `hasTitleField` tinyint(1) unsigned NOT NULL DEFAULT '1',
  `titleLabel` varchar(255) COLLATE utf8_unicode_ci DEFAULT 'Title',
  `titleFormat` varchar(255) COLLATE utf8_unicode_ci DEFAULT NULL,
  `sortOrder` smallint(6) unsigned DEFAULT NULL,
  `dateCreated` datetime NOT NULL,
  `dateUpdated` datetime NOT NULL,
  `uid` char(36) COLLATE utf8_unicode_ci NOT NULL DEFAULT '0',
  PRIMARY KEY (`id`),
  UNIQUE KEY `craft_entrytypes_name_sectionId_unq_idx` (`name`,`sectionId`),
  UNIQUE KEY `craft_entrytypes_handle_sectionId_unq_idx` (`handle`,`sectionId`),
  KEY `craft_entrytypes_sectionId_fk` (`sectionId`),
  KEY `craft_entrytypes_fieldLayoutId_fk` (`fieldLayoutId`)
) ENGINE=InnoDB AUTO_INCREMENT=19 DEFAULT CHARSET=utf8 COLLATE=utf8_unicode_ci;

--
-- Data for table `craft_entrytypes`
--

INSERT INTO `craft_entrytypes` (`id`, `sectionId`, `fieldLayoutId`, `name`, `handle`, `hasTitleField`, `titleLabel`, `titleFormat`, `sortOrder`, `dateCreated`, `dateUpdated`, `uid`) VALUES
 ('2', '2', '2555', 'Insights', 'insightsEntry', '0', NULL, '{title_loc}', '1', '2017-07-20 17:27:59', '2017-09-14 00:04:38', '98644a11-403a-4abc-97e6-0a0c8e025204'),
 ('3', '3', '2235', 'Page', 'page', '0', NULL, '{title_loc}', '1', '2017-07-20 18:25:45', '2017-09-07 22:29:26', 'b1827d62-a45c-4559-8375-0fcf090b1ff6'),
 ('8', '8', '2572', 'Insights and News', 'blog', '1', '', NULL, '1', '2017-08-07 21:28:57', '2017-09-14 18:29:23', '958bfd95-57c3-490e-9f74-da3eaaced523'),
 ('9', '9', '2202', 'Home', 'home', '0', NULL, '{section.name|raw}', '1', '2017-08-07 22:23:23', '2017-09-07 18:14:08', 'aac3a6d9-f4cc-453b-b712-3e553386f61e'),
 ('10', '2', '2556', 'News', 'newsEntry', '0', NULL, '{title_loc}', '2', '2017-08-22 18:17:59', '2017-09-14 00:04:52', '815bb529-168a-465b-82cb-66c6d414d0a2'),
 ('12', '4', '2403', 'Success Story', 'successStory', '0', NULL, '{title_loc}', '1', '2017-08-22 23:20:41', '2017-09-12 23:45:41', '8fd54954-5f3a-4dce-a49b-0128ec7bf67e'),
 ('14', '11', '2569', 'Creative Spotlight', 'creativeSpotlight', '0', NULL, '{section.name|raw}', '1', '2017-08-24 20:53:17', '2017-09-14 18:20:24', '9365bdc1-86fd-494d-9187-7a8c96a514bc'),
 ('15', '12', '2568', 'Success Stories', 'successStories', '0', NULL, '{section.name|raw}', '1', '2017-08-24 20:55:06', '2017-09-14 18:18:59', 'fbb09b62-69f3-4350-937f-8029cc352966'),
 ('16', '13', '2567', 'Inspiration', 'inspiration', '0', NULL, '{section.name|raw}', '1', '2017-09-06 21:26:36', '2017-09-14 18:16:57', 'f2d3151e-8792-4151-bc9b-9387011f8c5d'),
 ('17', '10', '2234', 'Creative Spotlight Video', 'creativeSpotlightVideo', '0', NULL, '{title_loc}', '2', '2017-09-07 18:55:16', '2017-09-07 22:28:07', 'd5c639cf-177c-4356-91d9-15f836ebb2d6'),
 ('18', '10', '2233', 'Creative Spotlight Device', 'creativeSpotlightDevice', '0', NULL, '{title_loc}', '1', '2017-09-07 18:55:54', '2017-09-07 22:28:03', 'b889b10d-5159-4b61-9b05-edd37750c9f8');



DROP TABLE IF EXISTS `craft_entryversions`;


--
-- Schema for table `craft_entryversions`
--
CREATE TABLE `craft_entryversions` (
  `id` int(11) NOT NULL AUTO_INCREMENT,
  `entryId` int(11) NOT NULL,
  `sectionId` int(11) NOT NULL,
  `creatorId` int(11) DEFAULT NULL,
  `locale` char(12) COLLATE utf8_unicode_ci NOT NULL,
  `num` smallint(6) unsigned NOT NULL,
  `notes` tinytext COLLATE utf8_unicode_ci,
  `data` mediumtext COLLATE utf8_unicode_ci NOT NULL,
  `dateCreated` datetime NOT NULL,
  `dateUpdated` datetime NOT NULL,
  `uid` char(36) COLLATE utf8_unicode_ci NOT NULL DEFAULT '0',
  PRIMARY KEY (`id`),
  KEY `craft_entryversions_entryId_locale_idx` (`entryId`,`locale`),
  KEY `craft_entryversions_sectionId_fk` (`sectionId`),
  KEY `craft_entryversions_creatorId_fk` (`creatorId`),
  KEY `craft_entryversions_locale_fk` (`locale`)
) ENGINE=InnoDB AUTO_INCREMENT=171 DEFAULT CHARSET=utf8 COLLATE=utf8_unicode_ci;

--
-- Data for table `craft_entryversions`
--

INSERT INTO `craft_entryversions` (`id`, `entryId`, `sectionId`, `creatorId`, `locale`, `num`, `notes`, `data`, `dateCreated`, `dateUpdated`, `uid`) VALUES
 ('37', '98', '3', '1', 'en_us', '1', '', '{\"typeId\":\"3\",\"authorId\":\"1\",\"title\":\"Solutions\",\"slug\":\"solutions\",\"postDate\":1501109314,\"expiryDate\":null,\"enabled\":1,\"parentId\":\"\",\"fields\":{\"3\":\"\",\"16\":\"1\",\"15\":\"blue\",\"7\":\"solutions\"}}', '2017-07-26 22:48:34', '2017-07-26 22:48:34', '31c7ecc0-26d2-483e-b78d-438edef745e4'),
 ('38', '98', '3', '1', 'en_us', '2', '', '{\"typeId\":\"3\",\"authorId\":\"1\",\"title\":\"Solutions\",\"slug\":\"solutions\",\"postDate\":1501109280,\"expiryDate\":null,\"enabled\":1,\"parentId\":\"\",\"fields\":{\"3\":{\"new0\":{\"modified\":\"1\",\"type\":\"cb_section\",\"enabled\":\"1\",\"collapsed\":\"0\",\"level\":\"0\",\"fields\":{\"cb_sectionTitle\":\"Overview\",\"cb_sectionBackgroundColor\":\"gray\"}},\"new1\":{\"modified\":\"1\",\"type\":\"centeredTextLockup\",\"enabled\":\"1\",\"collapsed\":\"0\",\"level\":\"1\"},\"new2\":{\"modified\":\"1\",\"type\":\"headline\",\"enabled\":\"1\",\"collapsed\":\"0\",\"level\":\"2\",\"fields\":{\"cb_headline\":\"Our ad products are fun and effective, for every objective\"}},\"new3\":{\"modified\":\"1\",\"type\":\"mobileDeviceGrid\",\"enabled\":\"1\",\"collapsed\":\"0\",\"level\":\"1\"},\"new4\":{\"modified\":\"1\",\"type\":\"device\",\"enabled\":\"1\",\"collapsed\":\"0\",\"level\":\"2\",\"fields\":{\"cb_deviceImage\":[\"100\"],\"cb_deviceVideo\":\"\",\"cb_deviceHeadline\":\"Snap Ads\",\"cb_deviceBody\":\"Captivate your audience with full-screen Snap Ads.\"}},\"new5\":{\"modified\":\"1\",\"type\":\"device\",\"enabled\":\"1\",\"collapsed\":\"0\",\"level\":\"2\",\"fields\":{\"cb_deviceImage\":[\"99\"],\"cb_deviceVideo\":\"\",\"cb_deviceHeadline\":\"Filters\",\"cb_deviceBody\":\"Own a place or event with location-based Filters.\"}},\"new6\":{\"modified\":\"1\",\"type\":\"device\",\"enabled\":\"1\",\"collapsed\":\"0\",\"level\":\"2\",\"fields\":{\"cb_deviceImage\":[\"101\"],\"cb_deviceVideo\":\"\",\"cb_deviceHeadline\":\"Lenses\",\"cb_deviceBody\":\"Invite customers to play and share with Lenses.\"}},\"new7\":{\"modified\":\"1\",\"type\":\"cb_section\",\"enabled\":\"1\",\"collapsed\":\"0\",\"level\":\"0\",\"fields\":{\"cb_sectionTitle\":\"Snap Ads\",\"cb_sectionBackgroundColor\":\"white\"}},\"new8\":{\"modified\":\"1\",\"type\":\"centeredTextLockup\",\"enabled\":\"1\",\"collapsed\":\"0\",\"level\":\"1\"},\"new9\":{\"modified\":\"1\",\"type\":\"headline\",\"enabled\":\"1\",\"collapsed\":\"0\",\"level\":\"2\",\"fields\":{\"cb_headline\":\"Snap Ads\"}},\"new10\":{\"modified\":\"1\",\"type\":\"subhead\",\"enabled\":\"1\",\"collapsed\":\"0\",\"level\":\"2\",\"fields\":{\"cb_subhead\":\"The original vertical video ad \\u2014 now with attachments customized for your objectives.\"}},\"new11\":{\"modified\":\"1\",\"type\":\"cb_section\",\"enabled\":\"1\",\"collapsed\":\"0\",\"level\":\"0\",\"fields\":{\"cb_sectionTitle\":\"Filters\",\"cb_sectionBackgroundColor\":\"gray\"}},\"new12\":{\"modified\":\"1\",\"type\":\"centeredTextLockup\",\"enabled\":\"1\",\"collapsed\":\"0\",\"level\":\"1\"},\"new13\":{\"modified\":\"1\",\"type\":\"headline\",\"enabled\":\"1\",\"collapsed\":\"0\",\"level\":\"2\",\"fields\":{\"cb_headline\":\"Filters\"}},\"new14\":{\"modified\":\"1\",\"type\":\"subhead\",\"enabled\":\"1\",\"collapsed\":\"0\",\"level\":\"2\",\"fields\":{\"cb_subhead\":\"Filters allow you to be where your product is bought, thought about, or consumed. Create your own Filter and drive awareness, advocacy, and action in one package.\"}},\"new15\":{\"modified\":\"1\",\"type\":\"primaryButton\",\"enabled\":\"1\",\"collapsed\":\"0\",\"level\":\"2\",\"fields\":{\"cb_button\":{\"type\":\"custom\",\"custom\":\"http:\\/\\/geofilters.snapchat.com\",\"entry\":\"\",\"customText\":\"Create A Filter\",\"target\":\"_blank\"}}},\"new16\":{\"modified\":\"1\",\"type\":\"secondaryButton\",\"enabled\":\"1\",\"collapsed\":\"0\",\"level\":\"2\",\"fields\":{\"cb_button\":{\"type\":\"custom\",\"custom\":\"https:\\/\\/businesshelp.snapchat.com\\/en-US\\/article\\/create-geofilter\",\"entry\":\"\",\"customText\":\"View Guidelines\",\"target\":\"\"}}},\"new17\":{\"modified\":\"1\",\"type\":\"mobileDeviceGrid\",\"enabled\":\"1\",\"collapsed\":\"0\",\"level\":\"1\"},\"new18\":{\"modified\":\"1\",\"type\":\"device\",\"enabled\":\"1\",\"collapsed\":\"0\",\"level\":\"2\",\"fields\":{\"cb_deviceImage\":[\"101\"],\"cb_deviceVideo\":\"\",\"cb_deviceHeadline\":\"\",\"cb_deviceBody\":\"\"}},\"new19\":{\"modified\":\"1\",\"type\":\"device\",\"enabled\":\"1\",\"collapsed\":\"0\",\"level\":\"2\",\"fields\":{\"cb_deviceImage\":[\"102\"],\"cb_deviceVideo\":\"\",\"cb_deviceHeadline\":\"\",\"cb_deviceBody\":\"\"}},\"new20\":{\"modified\":\"1\",\"type\":\"device\",\"enabled\":\"1\",\"collapsed\":\"0\",\"level\":\"2\",\"fields\":{\"cb_deviceImage\":[\"103\"],\"cb_deviceVideo\":\"\",\"cb_deviceHeadline\":\"\",\"cb_deviceBody\":\"\"}},\"new21\":{\"modified\":\"1\",\"type\":\"cb_section\",\"enabled\":\"1\",\"collapsed\":\"0\",\"level\":\"0\",\"fields\":{\"cb_sectionTitle\":\"Lenses\",\"cb_sectionBackgroundColor\":\"white\"}},\"new22\":{\"modified\":\"1\",\"type\":\"centeredTextLockup\",\"enabled\":\"1\",\"collapsed\":\"0\",\"level\":\"1\"},\"new23\":{\"modified\":\"1\",\"type\":\"headline\",\"enabled\":\"1\",\"collapsed\":\"0\",\"level\":\"2\",\"fields\":{\"cb_headline\":\"Lenses\"}},\"new24\":{\"modified\":\"1\",\"type\":\"subhead\",\"enabled\":\"1\",\"collapsed\":\"0\",\"level\":\"2\",\"fields\":{\"cb_subhead\":\"Lenses are the most playful and memorable way to increase awareness, on a massive scale. With one tap, you can invite Snapchatters into your world \\u2014 and your story.\"}},\"new26\":{\"modified\":\"1\",\"type\":\"mobileDeviceGrid\",\"enabled\":\"1\",\"collapsed\":\"0\",\"level\":\"1\"},\"new27\":{\"modified\":\"1\",\"type\":\"device\",\"enabled\":\"1\",\"collapsed\":\"0\",\"level\":\"2\",\"fields\":{\"cb_deviceImage\":[\"104\"],\"cb_deviceVideo\":\"\",\"cb_deviceHeadline\":\"\",\"cb_deviceBody\":\"\"}},\"new28\":{\"modified\":\"1\",\"type\":\"device\",\"enabled\":\"1\",\"collapsed\":\"0\",\"level\":\"2\",\"fields\":{\"cb_deviceImage\":[\"105\"],\"cb_deviceVideo\":\"\",\"cb_deviceHeadline\":\"\",\"cb_deviceBody\":\"\"}},\"new29\":{\"modified\":\"1\",\"type\":\"device\",\"enabled\":\"1\",\"collapsed\":\"0\",\"level\":\"2\",\"fields\":{\"cb_deviceImage\":[\"106\"],\"cb_deviceVideo\":\"\",\"cb_deviceHeadline\":\"\",\"cb_deviceBody\":\"\"}},\"new30\":{\"modified\":\"1\",\"type\":\"cb_section\",\"enabled\":\"1\",\"collapsed\":\"0\",\"level\":\"0\",\"fields\":{\"cb_sectionTitle\":\"Video\",\"cb_sectionBackgroundColor\":\"gray\"}},\"new31\":{\"modified\":\"1\",\"type\":\"centeredTextLockup\",\"enabled\":\"1\",\"collapsed\":\"0\",\"level\":\"1\"},\"new32\":{\"modified\":\"1\",\"type\":\"headline\",\"enabled\":\"1\",\"collapsed\":\"0\",\"level\":\"2\",\"fields\":{\"cb_headline\":\"See where your ads will run on Snapchat\"}},\"new33\":{\"modified\":\"1\",\"type\":\"cb_centeredVideo\",\"enabled\":\"1\",\"collapsed\":\"0\",\"level\":\"1\",\"fields\":{\"cb_video\":\"\",\"cb_assetWidth\":\"wide\"}}},\"16\":\"1\",\"15\":\"blue\",\"7\":\"solutions\"}}', '2017-07-26 23:03:49', '2017-07-26 23:03:49', '08b16baf-23c0-44a4-95b5-4aeee2818ad7'),
 ('39', '98', '3', '1', 'en_us', '3', '', '{\"typeId\":\"3\",\"authorId\":\"1\",\"title\":\"Solutions\",\"slug\":\"solutions\",\"postDate\":1501109280,\"expiryDate\":null,\"enabled\":1,\"parentId\":\"\",\"fields\":{\"3\":{\"107\":{\"modified\":\"1\",\"type\":\"cb_section\",\"enabled\":\"1\",\"collapsed\":\"0\",\"level\":\"0\",\"fields\":{\"cb_sectionTitle\":\"Overview\",\"cb_sectionBackgroundColor\":\"gray\"}},\"108\":{\"modified\":\"1\",\"type\":\"centeredTextLockup\",\"enabled\":\"1\",\"collapsed\":\"0\",\"level\":\"1\"},\"109\":{\"modified\":\"1\",\"type\":\"headline\",\"enabled\":\"1\",\"collapsed\":\"0\",\"level\":\"2\",\"fields\":{\"cb_headline\":\"Our ad products are fun and effective, for every objective\"}},\"110\":{\"modified\":\"1\",\"type\":\"mobileDeviceGrid\",\"enabled\":\"1\",\"collapsed\":\"0\",\"level\":\"1\",\"fields\":{\"cb_chillahTooltip\":\"\"}},\"111\":{\"modified\":\"1\",\"type\":\"device\",\"enabled\":\"1\",\"collapsed\":\"0\",\"level\":\"2\",\"fields\":{\"cb_deviceImage\":[\"100\"],\"cb_deviceVideo\":\"\",\"cb_deviceHeadline\":\"Snap Ads\",\"cb_deviceBody\":\"Captivate your audience with full-screen Snap Ads.\"}},\"112\":{\"modified\":\"1\",\"type\":\"device\",\"enabled\":\"1\",\"collapsed\":\"0\",\"level\":\"2\",\"fields\":{\"cb_deviceImage\":[\"99\"],\"cb_deviceVideo\":\"\",\"cb_deviceHeadline\":\"Filters\",\"cb_deviceBody\":\"Own a place or event with location-based Filters.\"}},\"113\":{\"modified\":\"1\",\"type\":\"device\",\"enabled\":\"1\",\"collapsed\":\"0\",\"level\":\"2\",\"fields\":{\"cb_deviceImage\":[\"101\"],\"cb_deviceVideo\":\"\",\"cb_deviceHeadline\":\"Lenses\",\"cb_deviceBody\":\"Invite customers to play and share with Lenses.\"}},\"114\":{\"modified\":\"1\",\"type\":\"cb_section\",\"enabled\":\"1\",\"collapsed\":\"0\",\"level\":\"0\",\"fields\":{\"cb_sectionTitle\":\"Snap Ads\",\"cb_sectionBackgroundColor\":\"white\"}},\"115\":{\"modified\":\"1\",\"type\":\"centeredTextLockup\",\"enabled\":\"1\",\"collapsed\":\"0\",\"level\":\"1\"},\"116\":{\"modified\":\"1\",\"type\":\"headline\",\"enabled\":\"1\",\"collapsed\":\"0\",\"level\":\"2\",\"fields\":{\"cb_headline\":\"Snap Ads\"}},\"117\":{\"modified\":\"1\",\"type\":\"subhead\",\"enabled\":\"1\",\"collapsed\":\"0\",\"level\":\"2\",\"fields\":{\"cb_subhead\":\"The original vertical video ad \\u2014 now with attachments customized for your objectives.\"}},\"118\":{\"modified\":\"1\",\"type\":\"cb_section\",\"enabled\":\"1\",\"collapsed\":\"0\",\"level\":\"0\",\"fields\":{\"cb_sectionTitle\":\"Filters\",\"cb_sectionBackgroundColor\":\"gray\"}},\"119\":{\"modified\":\"1\",\"type\":\"centeredTextLockup\",\"enabled\":\"1\",\"collapsed\":\"0\",\"level\":\"1\"},\"120\":{\"modified\":\"1\",\"type\":\"headline\",\"enabled\":\"1\",\"collapsed\":\"0\",\"level\":\"2\",\"fields\":{\"cb_headline\":\"Filters\"}},\"121\":{\"modified\":\"1\",\"type\":\"subhead\",\"enabled\":\"1\",\"collapsed\":\"0\",\"level\":\"2\",\"fields\":{\"cb_subhead\":\"Filters allow you to be where your product is bought, thought about, or consumed. Create your own Filter and drive awareness, advocacy, and action in one package.\"}},\"122\":{\"modified\":\"1\",\"type\":\"primaryButton\",\"enabled\":\"1\",\"collapsed\":\"0\",\"level\":\"2\",\"fields\":{\"cb_button\":{\"type\":\"custom\",\"custom\":\"http:\\/\\/geofilters.snapchat.com\",\"entry\":\"\",\"customText\":\"Create A Filter\",\"target\":\"_blank\"}}},\"123\":{\"modified\":\"1\",\"type\":\"secondaryButton\",\"enabled\":\"1\",\"collapsed\":\"0\",\"level\":\"2\",\"fields\":{\"cb_button\":{\"type\":\"custom\",\"custom\":\"https:\\/\\/businesshelp.snapchat.com\\/en-US\\/article\\/create-geofilter\",\"entry\":\"\",\"customText\":\"View Guidelines\",\"target\":\"\"}}},\"124\":{\"modified\":\"1\",\"type\":\"mobileDeviceGrid\",\"enabled\":\"1\",\"collapsed\":\"0\",\"level\":\"1\",\"fields\":{\"cb_chillahTooltip\":{\"new1\":{\"type\":\"tooltip\",\"enabled\":\"1\",\"fields\":{\"chillah\":\"\",\"tooltipText\":\"<p>On average, more than a billion Snaps with Filters are viewed every day.<sup>1<\\/sup><\\/p>\",\"location\":\"topRight\"}}}}},\"125\":{\"modified\":\"1\",\"type\":\"device\",\"enabled\":\"1\",\"collapsed\":\"0\",\"level\":\"2\",\"fields\":{\"cb_deviceImage\":[\"101\"],\"cb_deviceVideo\":\"\",\"cb_deviceHeadline\":\"\",\"cb_deviceBody\":\"\"}},\"126\":{\"modified\":\"1\",\"type\":\"device\",\"enabled\":\"1\",\"collapsed\":\"0\",\"level\":\"2\",\"fields\":{\"cb_deviceImage\":[\"102\"],\"cb_deviceVideo\":\"\",\"cb_deviceHeadline\":\"\",\"cb_deviceBody\":\"\"}},\"127\":{\"modified\":\"1\",\"type\":\"device\",\"enabled\":\"1\",\"collapsed\":\"0\",\"level\":\"2\",\"fields\":{\"cb_deviceImage\":[\"103\"],\"cb_deviceVideo\":\"\",\"cb_deviceHeadline\":\"\",\"cb_deviceBody\":\"\"}},\"128\":{\"modified\":\"1\",\"type\":\"cb_section\",\"enabled\":\"1\",\"collapsed\":\"0\",\"level\":\"0\",\"fields\":{\"cb_sectionTitle\":\"Lenses\",\"cb_sectionBackgroundColor\":\"white\"}},\"129\":{\"modified\":\"1\",\"type\":\"centeredTextLockup\",\"enabled\":\"1\",\"collapsed\":\"0\",\"level\":\"1\"},\"130\":{\"modified\":\"1\",\"type\":\"headline\",\"enabled\":\"1\",\"collapsed\":\"0\",\"level\":\"2\",\"fields\":{\"cb_headline\":\"Lenses\"}},\"131\":{\"modified\":\"1\",\"type\":\"subhead\",\"enabled\":\"1\",\"collapsed\":\"0\",\"level\":\"2\",\"fields\":{\"cb_subhead\":\"Lenses are the most playful and memorable way to increase awareness, on a massive scale. With one tap, you can invite Snapchatters into your world \\u2014 and your story.\"}},\"132\":{\"modified\":\"1\",\"type\":\"mobileDeviceGrid\",\"enabled\":\"1\",\"collapsed\":\"0\",\"level\":\"1\",\"fields\":{\"cb_chillahTooltip\":\"\"}},\"133\":{\"modified\":\"1\",\"type\":\"device\",\"enabled\":\"1\",\"collapsed\":\"0\",\"level\":\"2\",\"fields\":{\"cb_deviceImage\":[\"104\"],\"cb_deviceVideo\":\"\",\"cb_deviceHeadline\":\"\",\"cb_deviceBody\":\"\"}},\"134\":{\"modified\":\"1\",\"type\":\"device\",\"enabled\":\"1\",\"collapsed\":\"0\",\"level\":\"2\",\"fields\":{\"cb_deviceImage\":[\"105\"],\"cb_deviceVideo\":\"\",\"cb_deviceHeadline\":\"\",\"cb_deviceBody\":\"\"}},\"135\":{\"modified\":\"1\",\"type\":\"device\",\"enabled\":\"1\",\"collapsed\":\"0\",\"level\":\"2\",\"fields\":{\"cb_deviceImage\":[\"106\"],\"cb_deviceVideo\":\"\",\"cb_deviceHeadline\":\"\",\"cb_deviceBody\":\"\"}},\"136\":{\"modified\":\"1\",\"type\":\"cb_section\",\"enabled\":\"1\",\"collapsed\":\"0\",\"level\":\"0\",\"fields\":{\"cb_sectionTitle\":\"Video\",\"cb_sectionBackgroundColor\":\"gray\"}},\"137\":{\"modified\":\"1\",\"type\":\"centeredTextLockup\",\"enabled\":\"1\",\"collapsed\":\"0\",\"level\":\"1\"},\"138\":{\"modified\":\"1\",\"type\":\"headline\",\"enabled\":\"1\",\"collapsed\":\"0\",\"level\":\"2\",\"fields\":{\"cb_headline\":\"See where your ads will run on Snapchat\"}},\"139\":{\"modified\":\"1\",\"type\":\"cb_centeredVideo\",\"enabled\":\"1\",\"collapsed\":\"0\",\"level\":\"1\",\"fields\":{\"cb_video\":\"\",\"cb_assetWidth\":\"wide\"}}},\"16\":\"1\",\"15\":\"blue\",\"7\":\"solutions\"}}', '2017-07-26 23:08:57', '2017-07-26 23:08:57', '6e4901a8-6732-4bc8-a195-ddcbd3156e1e'),
 ('40', '98', '3', '1', 'en_us', '4', '', '{\"typeId\":\"3\",\"authorId\":\"1\",\"title\":\"Solutions\",\"slug\":\"solutions\",\"postDate\":1501109280,\"expiryDate\":null,\"enabled\":1,\"parentId\":\"\",\"fields\":{\"3\":{\"107\":{\"modified\":\"1\",\"type\":\"cb_section\",\"enabled\":\"1\",\"collapsed\":\"0\",\"level\":\"0\",\"fields\":{\"cb_sectionTitle\":\"Overview\",\"cb_sectionBackgroundColor\":\"gray\"}},\"108\":{\"modified\":\"1\",\"type\":\"centeredTextLockup\",\"enabled\":\"1\",\"collapsed\":\"0\",\"level\":\"1\"},\"109\":{\"modified\":\"1\",\"type\":\"headline\",\"enabled\":\"1\",\"collapsed\":\"0\",\"level\":\"2\",\"fields\":{\"cb_headline\":\"Our ad products are fun and effective, for every objective\"}},\"110\":{\"modified\":\"1\",\"type\":\"mobileDeviceGrid\",\"enabled\":\"1\",\"collapsed\":\"0\",\"level\":\"1\",\"fields\":{\"cb_chillahTooltip\":\"\"}},\"111\":{\"modified\":\"1\",\"type\":\"device\",\"enabled\":\"1\",\"collapsed\":\"0\",\"level\":\"2\",\"fields\":{\"cb_deviceImage\":[\"100\"],\"cb_deviceVideo\":\"\",\"cb_deviceHeadline\":\"Snap Ads\",\"cb_deviceBody\":\"Captivate your audience with full-screen Snap Ads.\"}},\"112\":{\"modified\":\"1\",\"type\":\"device\",\"enabled\":\"1\",\"collapsed\":\"0\",\"level\":\"2\",\"fields\":{\"cb_deviceImage\":[\"99\"],\"cb_deviceVideo\":\"\",\"cb_deviceHeadline\":\"Filters\",\"cb_deviceBody\":\"Own a place or event with location-based Filters.\"}},\"113\":{\"modified\":\"1\",\"type\":\"device\",\"enabled\":\"1\",\"collapsed\":\"0\",\"level\":\"2\",\"fields\":{\"cb_deviceImage\":[\"101\"],\"cb_deviceVideo\":\"\",\"cb_deviceHeadline\":\"Lenses\",\"cb_deviceBody\":\"Invite customers to play and share with Lenses.\"}},\"114\":{\"modified\":\"1\",\"type\":\"cb_section\",\"enabled\":\"1\",\"collapsed\":\"0\",\"level\":\"0\",\"fields\":{\"cb_sectionTitle\":\"Snap Ads\",\"cb_sectionBackgroundColor\":\"white\"}},\"115\":{\"modified\":\"1\",\"type\":\"centeredTextLockup\",\"enabled\":\"1\",\"collapsed\":\"0\",\"level\":\"1\"},\"116\":{\"modified\":\"1\",\"type\":\"headline\",\"enabled\":\"1\",\"collapsed\":\"0\",\"level\":\"2\",\"fields\":{\"cb_headline\":\"Snap Ads\"}},\"117\":{\"modified\":\"1\",\"type\":\"subhead\",\"enabled\":\"1\",\"collapsed\":\"0\",\"level\":\"2\",\"fields\":{\"cb_subhead\":\"The original vertical video ad \\u2014 now with attachments customized for your objectives.\"}},\"118\":{\"modified\":\"1\",\"type\":\"cb_section\",\"enabled\":\"1\",\"collapsed\":\"0\",\"level\":\"0\",\"fields\":{\"cb_sectionTitle\":\"Filters\",\"cb_sectionBackgroundColor\":\"gray\"}},\"119\":{\"modified\":\"1\",\"type\":\"centeredTextLockup\",\"enabled\":\"1\",\"collapsed\":\"0\",\"level\":\"1\"},\"120\":{\"modified\":\"1\",\"type\":\"headline\",\"enabled\":\"1\",\"collapsed\":\"0\",\"level\":\"2\",\"fields\":{\"cb_headline\":\"Filters\"}},\"121\":{\"modified\":\"1\",\"type\":\"subhead\",\"enabled\":\"1\",\"collapsed\":\"0\",\"level\":\"2\",\"fields\":{\"cb_subhead\":\"Filters allow you to be where your product is bought, thought about, or consumed. Create your own Filter and drive awareness, advocacy, and action in one package.\"}},\"122\":{\"modified\":\"1\",\"type\":\"primaryButton\",\"enabled\":\"1\",\"collapsed\":\"0\",\"level\":\"2\",\"fields\":{\"cb_button\":{\"type\":\"custom\",\"custom\":\"http:\\/\\/geofilters.snapchat.com\",\"entry\":\"\",\"customText\":\"Create A Filter\",\"target\":\"_blank\"}}},\"123\":{\"modified\":\"1\",\"type\":\"secondaryButton\",\"enabled\":\"1\",\"collapsed\":\"0\",\"level\":\"2\",\"fields\":{\"cb_button\":{\"type\":\"custom\",\"custom\":\"https:\\/\\/businesshelp.snapchat.com\\/en-US\\/article\\/create-geofilter\",\"entry\":\"\",\"customText\":\"View Guidelines\",\"target\":\"\"}}},\"124\":{\"modified\":\"1\",\"type\":\"mobileDeviceGrid\",\"enabled\":\"1\",\"collapsed\":\"0\",\"level\":\"1\",\"fields\":{\"cb_chillahTooltip\":{\"140\":{\"type\":\"tooltip\",\"enabled\":\"1\",\"fields\":{\"chillah\":\"\",\"tooltipText\":\"<p>On average, more than a billion Snaps with Filters are viewed every day.<sup>1<\\/sup><\\/p>\",\"location\":\"topRight\"}}}}},\"125\":{\"modified\":\"1\",\"type\":\"device\",\"enabled\":\"1\",\"collapsed\":\"0\",\"level\":\"2\",\"fields\":{\"cb_deviceImage\":[\"101\"],\"cb_deviceVideo\":\"\",\"cb_deviceHeadline\":\"\",\"cb_deviceBody\":\"\"}},\"126\":{\"modified\":\"1\",\"type\":\"device\",\"enabled\":\"1\",\"collapsed\":\"0\",\"level\":\"2\",\"fields\":{\"cb_deviceImage\":[\"102\"],\"cb_deviceVideo\":\"\",\"cb_deviceHeadline\":\"\",\"cb_deviceBody\":\"\"}},\"127\":{\"modified\":\"1\",\"type\":\"device\",\"enabled\":\"1\",\"collapsed\":\"0\",\"level\":\"2\",\"fields\":{\"cb_deviceImage\":[\"103\"],\"cb_deviceVideo\":\"\",\"cb_deviceHeadline\":\"\",\"cb_deviceBody\":\"\"}},\"128\":{\"modified\":\"1\",\"type\":\"cb_section\",\"enabled\":\"1\",\"collapsed\":\"0\",\"level\":\"0\",\"fields\":{\"cb_sectionTitle\":\"Lenses\",\"cb_sectionBackgroundColor\":\"white\"}},\"129\":{\"modified\":\"1\",\"type\":\"centeredTextLockup\",\"enabled\":\"1\",\"collapsed\":\"0\",\"level\":\"1\"},\"130\":{\"modified\":\"1\",\"type\":\"headline\",\"enabled\":\"1\",\"collapsed\":\"0\",\"level\":\"2\",\"fields\":{\"cb_headline\":\"Lenses\"}},\"131\":{\"modified\":\"1\",\"type\":\"subhead\",\"enabled\":\"1\",\"collapsed\":\"0\",\"level\":\"2\",\"fields\":{\"cb_subhead\":\"Lenses are the most playful and memorable way to increase awareness, on a massive scale. With one tap, you can invite Snapchatters into your world \\u2014 and your story.\"}},\"132\":{\"modified\":\"1\",\"type\":\"mobileDeviceGrid\",\"enabled\":\"1\",\"collapsed\":\"0\",\"level\":\"1\",\"fields\":{\"cb_chillahTooltip\":\"\"}},\"133\":{\"modified\":\"1\",\"type\":\"device\",\"enabled\":\"1\",\"collapsed\":\"0\",\"level\":\"2\",\"fields\":{\"cb_deviceImage\":[\"104\"],\"cb_deviceVideo\":\"\",\"cb_deviceHeadline\":\"\",\"cb_deviceBody\":\"\"}},\"134\":{\"modified\":\"1\",\"type\":\"device\",\"enabled\":\"1\",\"collapsed\":\"0\",\"level\":\"2\",\"fields\":{\"cb_deviceImage\":[\"105\"],\"cb_deviceVideo\":\"\",\"cb_deviceHeadline\":\"\",\"cb_deviceBody\":\"\"}},\"135\":{\"modified\":\"1\",\"type\":\"device\",\"enabled\":\"1\",\"collapsed\":\"0\",\"level\":\"2\",\"fields\":{\"cb_deviceImage\":[\"106\"],\"cb_deviceVideo\":\"\",\"cb_deviceHeadline\":\"\",\"cb_deviceBody\":\"\"}},\"136\":{\"modified\":\"1\",\"type\":\"cb_section\",\"enabled\":\"1\",\"collapsed\":\"0\",\"level\":\"0\",\"fields\":{\"cb_sectionTitle\":\"Video\",\"cb_sectionBackgroundColor\":\"gray\"}},\"137\":{\"modified\":\"1\",\"type\":\"centeredTextLockup\",\"enabled\":\"1\",\"collapsed\":\"0\",\"level\":\"1\"},\"138\":{\"modified\":\"1\",\"type\":\"headline\",\"enabled\":\"1\",\"collapsed\":\"0\",\"level\":\"2\",\"fields\":{\"cb_headline\":\"See where your ads will run on Snapchat\"}},\"139\":{\"modified\":\"1\",\"type\":\"cb_centeredVideo\",\"enabled\":\"1\",\"collapsed\":\"0\",\"level\":\"1\",\"fields\":{\"cb_video\":\"\",\"cb_assetWidth\":\"wide\"}}},\"16\":\"1\",\"15\":\"blue\",\"7\":\"solutions\"}}', '2017-07-26 23:09:21', '2017-07-26 23:09:21', '3b0a0d0f-d3ab-4178-897f-0db0578803c5'),
 ('41', '98', '3', '1', 'en_us', '5', '', '{\"typeId\":\"3\",\"authorId\":\"1\",\"title\":\"Solutions\",\"slug\":\"solutions\",\"postDate\":1501109280,\"expiryDate\":null,\"enabled\":1,\"parentId\":\"\",\"fields\":{\"3\":{\"107\":{\"modified\":\"1\",\"type\":\"cb_section\",\"enabled\":\"1\",\"collapsed\":\"0\",\"level\":\"0\",\"fields\":{\"cb_sectionTitle\":\"Overview\",\"cb_sectionBackgroundColor\":\"gray\"}},\"108\":{\"modified\":\"1\",\"type\":\"centeredTextLockup\",\"enabled\":\"1\",\"collapsed\":\"0\",\"level\":\"1\"},\"109\":{\"modified\":\"1\",\"type\":\"headline\",\"enabled\":\"1\",\"collapsed\":\"0\",\"level\":\"2\",\"fields\":{\"cb_headline\":\"Our ad products are fun and effective, for every objective\"}},\"110\":{\"modified\":\"1\",\"type\":\"mobileDeviceGrid\",\"enabled\":\"1\",\"collapsed\":\"0\",\"level\":\"1\",\"fields\":{\"cb_chillahTooltip\":\"\"}},\"111\":{\"modified\":\"1\",\"type\":\"device\",\"enabled\":\"1\",\"collapsed\":\"0\",\"level\":\"2\",\"fields\":{\"cb_deviceImage\":[\"100\"],\"cb_deviceVideo\":\"\",\"cb_deviceHeadline\":\"Snap Ads\",\"cb_deviceBody\":\"Captivate your audience with full-screen Snap Ads.\"}},\"112\":{\"modified\":\"1\",\"type\":\"device\",\"enabled\":\"1\",\"collapsed\":\"0\",\"level\":\"2\",\"fields\":{\"cb_deviceImage\":[\"99\"],\"cb_deviceVideo\":\"\",\"cb_deviceHeadline\":\"Filters\",\"cb_deviceBody\":\"Own a place or event with location-based Filters.\"}},\"113\":{\"modified\":\"1\",\"type\":\"device\",\"enabled\":\"1\",\"collapsed\":\"0\",\"level\":\"2\",\"fields\":{\"cb_deviceImage\":[\"101\"],\"cb_deviceVideo\":\"\",\"cb_deviceHeadline\":\"Lenses\",\"cb_deviceBody\":\"Invite customers to play and share with Lenses.\"}},\"new0\":{\"modified\":\"1\",\"type\":\"cb_section\",\"enabled\":\"1\",\"collapsed\":\"0\",\"level\":\"0\",\"fields\":{\"cb_sectionTitle\":\"Snap Ads\",\"cb_sectionBackgroundColor\":\"white\"}},\"114\":{\"modified\":\"1\",\"type\":\"cb_section\",\"enabled\":\"1\",\"collapsed\":\"0\",\"level\":\"0\",\"fields\":{\"cb_sectionTitle\":\"Snap Ads\",\"cb_sectionBackgroundColor\":\"white\"}},\"115\":{\"modified\":\"1\",\"type\":\"centeredTextLockup\",\"enabled\":\"1\",\"collapsed\":\"0\",\"level\":\"1\"},\"116\":{\"modified\":\"1\",\"type\":\"headline\",\"enabled\":\"1\",\"collapsed\":\"0\",\"level\":\"2\",\"fields\":{\"cb_headline\":\"Snap Ads\"}},\"117\":{\"modified\":\"1\",\"type\":\"subhead\",\"enabled\":\"1\",\"collapsed\":\"0\",\"level\":\"2\",\"fields\":{\"cb_subhead\":\"The original vertical video ad \\u2014 now with attachments customized for your objectives.\"}},\"118\":{\"modified\":\"1\",\"type\":\"cb_section\",\"enabled\":\"1\",\"collapsed\":\"0\",\"level\":\"0\",\"fields\":{\"cb_sectionTitle\":\"Filters\",\"cb_sectionBackgroundColor\":\"gray\"}},\"119\":{\"modified\":\"1\",\"type\":\"centeredTextLockup\",\"enabled\":\"1\",\"collapsed\":\"0\",\"level\":\"1\"},\"120\":{\"modified\":\"1\",\"type\":\"headline\",\"enabled\":\"1\",\"collapsed\":\"0\",\"level\":\"2\",\"fields\":{\"cb_headline\":\"Filters\"}},\"121\":{\"modified\":\"1\",\"type\":\"subhead\",\"enabled\":\"1\",\"collapsed\":\"0\",\"level\":\"2\",\"fields\":{\"cb_subhead\":\"Filters allow you to be where your product is bought, thought about, or consumed. Create your own Filter and drive awareness, advocacy, and action in one package.\"}},\"122\":{\"modified\":\"1\",\"type\":\"primaryButton\",\"enabled\":\"1\",\"collapsed\":\"0\",\"level\":\"2\",\"fields\":{\"cb_button\":{\"type\":\"custom\",\"custom\":\"http:\\/\\/geofilters.snapchat.com\",\"entry\":\"\",\"customText\":\"Create A Filter\",\"target\":\"_blank\"}}},\"123\":{\"modified\":\"1\",\"type\":\"secondaryButton\",\"enabled\":\"1\",\"collapsed\":\"0\",\"level\":\"2\",\"fields\":{\"cb_button\":{\"type\":\"custom\",\"custom\":\"https:\\/\\/businesshelp.snapchat.com\\/en-US\\/article\\/create-geofilter\",\"entry\":\"\",\"customText\":\"View Guidelines\",\"target\":\"\"}}},\"124\":{\"modified\":\"1\",\"type\":\"mobileDeviceGrid\",\"enabled\":\"1\",\"collapsed\":\"0\",\"level\":\"1\",\"fields\":{\"cb_chillahTooltip\":{\"140\":{\"type\":\"tooltip\",\"enabled\":\"1\",\"fields\":{\"chillah\":[\"143\"],\"tooltipText\":\"<p>On average, more than a billion Snaps with Filters are viewed every day.<sup>1<\\/sup><\\/p>\",\"location\":\"topRight\"}}}}},\"125\":{\"modified\":\"1\",\"type\":\"device\",\"enabled\":\"1\",\"collapsed\":\"0\",\"level\":\"2\",\"fields\":{\"cb_deviceImage\":[\"101\"],\"cb_deviceVideo\":\"\",\"cb_deviceHeadline\":\"\",\"cb_deviceBody\":\"\"}},\"126\":{\"modified\":\"1\",\"type\":\"device\",\"enabled\":\"1\",\"collapsed\":\"0\",\"level\":\"2\",\"fields\":{\"cb_deviceImage\":[\"102\"],\"cb_deviceVideo\":\"\",\"cb_deviceHeadline\":\"\",\"cb_deviceBody\":\"\"}},\"127\":{\"modified\":\"1\",\"type\":\"device\",\"enabled\":\"1\",\"collapsed\":\"0\",\"level\":\"2\",\"fields\":{\"cb_deviceImage\":[\"103\"],\"cb_deviceVideo\":\"\",\"cb_deviceHeadline\":\"\",\"cb_deviceBody\":\"\"}},\"128\":{\"modified\":\"1\",\"type\":\"cb_section\",\"enabled\":\"1\",\"collapsed\":\"0\",\"level\":\"0\",\"fields\":{\"cb_sectionTitle\":\"Lenses\",\"cb_sectionBackgroundColor\":\"white\"}},\"129\":{\"modified\":\"1\",\"type\":\"centeredTextLockup\",\"enabled\":\"1\",\"collapsed\":\"0\",\"level\":\"1\"},\"130\":{\"modified\":\"1\",\"type\":\"headline\",\"enabled\":\"1\",\"collapsed\":\"0\",\"level\":\"2\",\"fields\":{\"cb_headline\":\"Lenses\"}},\"131\":{\"modified\":\"1\",\"type\":\"subhead\",\"enabled\":\"1\",\"collapsed\":\"0\",\"level\":\"2\",\"fields\":{\"cb_subhead\":\"Lenses are the most playful and memorable way to increase awareness, on a massive scale. With one tap, you can invite Snapchatters into your world \\u2014 and your story.\"}},\"132\":{\"modified\":\"1\",\"type\":\"mobileDeviceGrid\",\"enabled\":\"1\",\"collapsed\":\"0\",\"level\":\"1\",\"fields\":{\"cb_chillahTooltip\":\"\"}},\"133\":{\"modified\":\"1\",\"type\":\"device\",\"enabled\":\"1\",\"collapsed\":\"0\",\"level\":\"2\",\"fields\":{\"cb_deviceImage\":[\"104\"],\"cb_deviceVideo\":\"\",\"cb_deviceHeadline\":\"\",\"cb_deviceBody\":\"\"}},\"134\":{\"modified\":\"1\",\"type\":\"device\",\"enabled\":\"1\",\"collapsed\":\"0\",\"level\":\"2\",\"fields\":{\"cb_deviceImage\":[\"105\"],\"cb_deviceVideo\":\"\",\"cb_deviceHeadline\":\"\",\"cb_deviceBody\":\"\"}},\"135\":{\"modified\":\"1\",\"type\":\"device\",\"enabled\":\"1\",\"collapsed\":\"0\",\"level\":\"2\",\"fields\":{\"cb_deviceImage\":[\"106\"],\"cb_deviceVideo\":\"\",\"cb_deviceHeadline\":\"\",\"cb_deviceBody\":\"\"}},\"136\":{\"modified\":\"1\",\"type\":\"cb_section\",\"enabled\":\"1\",\"collapsed\":\"0\",\"level\":\"0\",\"fields\":{\"cb_sectionTitle\":\"Video\",\"cb_sectionBackgroundColor\":\"gray\"}},\"137\":{\"modified\":\"1\",\"type\":\"centeredTextLockup\",\"enabled\":\"1\",\"collapsed\":\"0\",\"level\":\"1\"},\"138\":{\"modified\":\"1\",\"type\":\"headline\",\"enabled\":\"1\",\"collapsed\":\"0\",\"level\":\"2\",\"fields\":{\"cb_headline\":\"See where your ads will run on Snapchat\"}},\"139\":{\"modified\":\"1\",\"type\":\"cb_centeredVideo\",\"enabled\":\"1\",\"collapsed\":\"0\",\"level\":\"1\",\"fields\":{\"cb_video\":\"\",\"cb_assetWidth\":\"wide\"}}},\"16\":\"1\",\"15\":\"blue\",\"7\":\"solutions\"}}', '2017-07-26 23:22:14', '2017-07-26 23:22:14', '2cd6341a-17aa-4115-abfa-b1feed7ae0a8'),
 ('42', '98', '3', '1', 'en_us', '6', '', '{\"typeId\":\"3\",\"authorId\":\"1\",\"title\":\"Solutions\",\"slug\":\"solutions\",\"postDate\":1501109280,\"expiryDate\":null,\"enabled\":1,\"parentId\":\"\",\"fields\":{\"3\":{\"107\":{\"modified\":\"1\",\"type\":\"cb_section\",\"enabled\":\"1\",\"collapsed\":\"0\",\"level\":\"0\",\"fields\":{\"cb_sectionTitle\":\"Overview\",\"cb_sectionBackgroundColor\":\"gray\"}},\"108\":{\"modified\":\"1\",\"type\":\"centeredTextLockup\",\"enabled\":\"1\",\"collapsed\":\"0\",\"level\":\"1\"},\"109\":{\"modified\":\"1\",\"type\":\"headline\",\"enabled\":\"1\",\"collapsed\":\"0\",\"level\":\"2\",\"fields\":{\"cb_headline\":\"Our ad products are fun and effective, for every objective\"}},\"110\":{\"modified\":\"1\",\"type\":\"mobileDeviceGrid\",\"enabled\":\"1\",\"collapsed\":\"0\",\"level\":\"1\",\"fields\":{\"cb_chillahTooltip\":\"\"}},\"111\":{\"modified\":\"1\",\"type\":\"device\",\"enabled\":\"1\",\"collapsed\":\"0\",\"level\":\"2\",\"fields\":{\"cb_deviceImage\":[\"100\"],\"cb_deviceVideo\":\"\",\"cb_deviceHeadline\":\"Snap Ads\",\"cb_deviceBody\":\"Captivate your audience with full-screen Snap Ads.\"}},\"112\":{\"modified\":\"1\",\"type\":\"device\",\"enabled\":\"1\",\"collapsed\":\"0\",\"level\":\"2\",\"fields\":{\"cb_deviceImage\":[\"99\"],\"cb_deviceVideo\":\"\",\"cb_deviceHeadline\":\"Filters\",\"cb_deviceBody\":\"Own a place or event with location-based Filters.\"}},\"113\":{\"modified\":\"1\",\"type\":\"device\",\"enabled\":\"1\",\"collapsed\":\"0\",\"level\":\"2\",\"fields\":{\"cb_deviceImage\":[\"101\"],\"cb_deviceVideo\":\"\",\"cb_deviceHeadline\":\"Lenses\",\"cb_deviceBody\":\"Invite customers to play and share with Lenses.\"}},\"144\":{\"modified\":\"1\",\"type\":\"cb_section\",\"enabled\":\"1\",\"collapsed\":\"0\",\"level\":\"0\",\"fields\":{\"cb_sectionTitle\":\"Snap Ads\",\"cb_sectionBackgroundColor\":\"white\"}},\"new0\":{\"modified\":\"1\",\"type\":\"deviceTabs\",\"enabled\":\"1\",\"collapsed\":\"0\",\"level\":\"1\",\"fields\":{\"cb_chillahTooltip\":{\"new1\":{\"type\":\"tooltip\",\"enabled\":\"1\",\"fields\":{\"chillah\":[\"141\"],\"tooltipText\":\"<p>On average, over 10 billion videos are watched on Snapchat every day.<sup>1<\\/sup><\\/p>\",\"location\":\"topLeft\"}}}}},\"new1\":{\"modified\":\"1\",\"type\":\"deviceTab\",\"enabled\":\"1\",\"collapsed\":\"0\",\"level\":\"2\",\"fields\":{\"cb_tabImage\":[\"145\"],\"tabLabel\":\"Snap Ads\",\"cb_tabDescription\":\"Snap Ads are full-screen, 100% viewable, and have audio on by default.\",\"tabVideo\":\"\"}},\"new2\":{\"modified\":\"1\",\"type\":\"deviceTab\",\"enabled\":\"1\",\"collapsed\":\"0\",\"level\":\"2\",\"fields\":{\"cb_tabImage\":\"\",\"tabLabel\":\"+ Web View\",\"cb_tabDescription\":\"Drive traffic to your pre-loaded website. With our Auto-Fill feature, Snapchatters can send you their account email and more by just tapping.\",\"tabVideo\":\"\"}},\"new3\":{\"modified\":\"1\",\"type\":\"deviceTab\",\"enabled\":\"1\",\"collapsed\":\"0\",\"level\":\"2\",\"fields\":{\"cb_tabImage\":\"\",\"tabLabel\":\"\",\"cb_tabDescription\":\"\",\"tabVideo\":\"\"}},\"new4\":{\"modified\":\"1\",\"type\":\"deviceTab\",\"enabled\":\"1\",\"collapsed\":\"0\",\"level\":\"2\",\"fields\":{\"cb_tabImage\":\"\",\"tabLabel\":\"\",\"cb_tabDescription\":\"\",\"tabVideo\":\"\"}},\"114\":{\"modified\":\"1\",\"type\":\"cb_section\",\"enabled\":\"1\",\"collapsed\":\"0\",\"level\":\"0\",\"fields\":{\"cb_sectionTitle\":\"Snap Ads\",\"cb_sectionBackgroundColor\":\"white\"}},\"115\":{\"modified\":\"1\",\"type\":\"centeredTextLockup\",\"enabled\":\"1\",\"collapsed\":\"0\",\"level\":\"1\"},\"116\":{\"modified\":\"1\",\"type\":\"headline\",\"enabled\":\"1\",\"collapsed\":\"0\",\"level\":\"2\",\"fields\":{\"cb_headline\":\"Snap Ads\"}},\"117\":{\"modified\":\"1\",\"type\":\"subhead\",\"enabled\":\"1\",\"collapsed\":\"0\",\"level\":\"2\",\"fields\":{\"cb_subhead\":\"The original vertical video ad \\u2014 now with attachments customized for your objectives.\"}},\"118\":{\"modified\":\"1\",\"type\":\"cb_section\",\"enabled\":\"1\",\"collapsed\":\"0\",\"level\":\"0\",\"fields\":{\"cb_sectionTitle\":\"Filters\",\"cb_sectionBackgroundColor\":\"gray\"}},\"119\":{\"modified\":\"1\",\"type\":\"centeredTextLockup\",\"enabled\":\"1\",\"collapsed\":\"0\",\"level\":\"1\"},\"120\":{\"modified\":\"1\",\"type\":\"headline\",\"enabled\":\"1\",\"collapsed\":\"0\",\"level\":\"2\",\"fields\":{\"cb_headline\":\"Filters\"}},\"121\":{\"modified\":\"1\",\"type\":\"subhead\",\"enabled\":\"1\",\"collapsed\":\"0\",\"level\":\"2\",\"fields\":{\"cb_subhead\":\"Filters allow you to be where your product is bought, thought about, or consumed. Create your own Filter and drive awareness, advocacy, and action in one package.\"}},\"122\":{\"modified\":\"1\",\"type\":\"primaryButton\",\"enabled\":\"1\",\"collapsed\":\"0\",\"level\":\"2\",\"fields\":{\"cb_button\":{\"type\":\"custom\",\"custom\":\"http:\\/\\/geofilters.snapchat.com\",\"entry\":\"\",\"customText\":\"Create A Filter\",\"target\":\"_blank\"}}},\"123\":{\"modified\":\"1\",\"type\":\"secondaryButton\",\"enabled\":\"1\",\"collapsed\":\"0\",\"level\":\"2\",\"fields\":{\"cb_button\":{\"type\":\"custom\",\"custom\":\"https:\\/\\/businesshelp.snapchat.com\\/en-US\\/article\\/create-geofilter\",\"entry\":\"\",\"customText\":\"View Guidelines\",\"target\":\"\"}}},\"124\":{\"modified\":\"1\",\"type\":\"mobileDeviceGrid\",\"enabled\":\"1\",\"collapsed\":\"0\",\"level\":\"1\",\"fields\":{\"cb_chillahTooltip\":{\"140\":{\"type\":\"tooltip\",\"enabled\":\"1\",\"fields\":{\"chillah\":[\"143\"],\"tooltipText\":\"<p>On average, more than a billion Snaps with Filters are viewed every day.<sup>1<\\/sup><\\/p>\",\"location\":\"topRight\"}}}}},\"125\":{\"modified\":\"1\",\"type\":\"device\",\"enabled\":\"1\",\"collapsed\":\"0\",\"level\":\"2\",\"fields\":{\"cb_deviceImage\":[\"101\"],\"cb_deviceVideo\":\"\",\"cb_deviceHeadline\":\"\",\"cb_deviceBody\":\"\"}},\"126\":{\"modified\":\"1\",\"type\":\"device\",\"enabled\":\"1\",\"collapsed\":\"0\",\"level\":\"2\",\"fields\":{\"cb_deviceImage\":[\"102\"],\"cb_deviceVideo\":\"\",\"cb_deviceHeadline\":\"\",\"cb_deviceBody\":\"\"}},\"127\":{\"modified\":\"1\",\"type\":\"device\",\"enabled\":\"1\",\"collapsed\":\"0\",\"level\":\"2\",\"fields\":{\"cb_deviceImage\":[\"103\"],\"cb_deviceVideo\":\"\",\"cb_deviceHeadline\":\"\",\"cb_deviceBody\":\"\"}},\"128\":{\"modified\":\"1\",\"type\":\"cb_section\",\"enabled\":\"1\",\"collapsed\":\"0\",\"level\":\"0\",\"fields\":{\"cb_sectionTitle\":\"Lenses\",\"cb_sectionBackgroundColor\":\"white\"}},\"129\":{\"modified\":\"1\",\"type\":\"centeredTextLockup\",\"enabled\":\"1\",\"collapsed\":\"0\",\"level\":\"1\"},\"130\":{\"modified\":\"1\",\"type\":\"headline\",\"enabled\":\"1\",\"collapsed\":\"0\",\"level\":\"2\",\"fields\":{\"cb_headline\":\"Lenses\"}},\"131\":{\"modified\":\"1\",\"type\":\"subhead\",\"enabled\":\"1\",\"collapsed\":\"0\",\"level\":\"2\",\"fields\":{\"cb_subhead\":\"Lenses are the most playful and memorable way to increase awareness, on a massive scale. With one tap, you can invite Snapchatters into your world \\u2014 and your story.\"}},\"132\":{\"modified\":\"1\",\"type\":\"mobileDeviceGrid\",\"enabled\":\"1\",\"collapsed\":\"0\",\"level\":\"1\",\"fields\":{\"cb_chillahTooltip\":\"\"}},\"133\":{\"modified\":\"1\",\"type\":\"device\",\"enabled\":\"1\",\"collapsed\":\"0\",\"level\":\"2\",\"fields\":{\"cb_deviceImage\":[\"104\"],\"cb_deviceVideo\":\"\",\"cb_deviceHeadline\":\"\",\"cb_deviceBody\":\"\"}},\"134\":{\"modified\":\"1\",\"type\":\"device\",\"enabled\":\"1\",\"collapsed\":\"0\",\"level\":\"2\",\"fields\":{\"cb_deviceImage\":[\"105\"],\"cb_deviceVideo\":\"\",\"cb_deviceHeadline\":\"\",\"cb_deviceBody\":\"\"}},\"135\":{\"modified\":\"1\",\"type\":\"device\",\"enabled\":\"1\",\"collapsed\":\"0\",\"level\":\"2\",\"fields\":{\"cb_deviceImage\":[\"106\"],\"cb_deviceVideo\":\"\",\"cb_deviceHeadline\":\"\",\"cb_deviceBody\":\"\"}},\"136\":{\"modified\":\"1\",\"type\":\"cb_section\",\"enabled\":\"1\",\"collapsed\":\"0\",\"level\":\"0\",\"fields\":{\"cb_sectionTitle\":\"Video\",\"cb_sectionBackgroundColor\":\"gray\"}},\"137\":{\"modified\":\"1\",\"type\":\"centeredTextLockup\",\"enabled\":\"1\",\"collapsed\":\"0\",\"level\":\"1\"},\"138\":{\"modified\":\"1\",\"type\":\"headline\",\"enabled\":\"1\",\"collapsed\":\"0\",\"level\":\"2\",\"fields\":{\"cb_headline\":\"See where your ads will run on Snapchat\"}}},\"16\":\"1\",\"15\":\"blue\",\"7\":\"solutions\"}}', '2017-07-26 23:33:33', '2017-07-26 23:33:33', '46e4c353-7c13-45d2-b922-a7f90f98072f'),
 ('43', '98', '3', '1', 'en_us', '7', '', '{\"typeId\":\"3\",\"authorId\":\"1\",\"title\":\"Solutions\",\"slug\":\"solutions\",\"postDate\":1501109280,\"expiryDate\":null,\"enabled\":1,\"parentId\":\"\",\"fields\":{\"3\":{\"107\":{\"modified\":\"1\",\"type\":\"cb_section\",\"enabled\":\"1\",\"collapsed\":\"0\",\"level\":\"0\",\"fields\":{\"cb_sectionTitle\":\"Overview\",\"cb_sectionBackgroundColor\":\"gray\"}},\"108\":{\"modified\":\"1\",\"type\":\"centeredTextLockup\",\"enabled\":\"1\",\"collapsed\":\"0\",\"level\":\"1\"},\"109\":{\"modified\":\"1\",\"type\":\"headline\",\"enabled\":\"1\",\"collapsed\":\"0\",\"level\":\"2\",\"fields\":{\"cb_headline\":\"Our ad products are fun and effective, for every objective\"}},\"110\":{\"modified\":\"1\",\"type\":\"mobileDeviceGrid\",\"enabled\":\"1\",\"collapsed\":\"0\",\"level\":\"1\",\"fields\":{\"cb_chillahTooltip\":\"\"}},\"111\":{\"modified\":\"1\",\"type\":\"device\",\"enabled\":\"1\",\"collapsed\":\"0\",\"level\":\"2\",\"fields\":{\"cb_deviceImage\":[\"100\"],\"cb_deviceVideo\":\"\",\"cb_deviceHeadline\":\"Snap Ads\",\"cb_deviceBody\":\"Captivate your audience with full-screen Snap Ads.\"}},\"112\":{\"modified\":\"1\",\"type\":\"device\",\"enabled\":\"1\",\"collapsed\":\"0\",\"level\":\"2\",\"fields\":{\"cb_deviceImage\":[\"99\"],\"cb_deviceVideo\":\"\",\"cb_deviceHeadline\":\"Filters\",\"cb_deviceBody\":\"Own a place or event with location-based Filters.\"}},\"113\":{\"modified\":\"1\",\"type\":\"device\",\"enabled\":\"1\",\"collapsed\":\"0\",\"level\":\"2\",\"fields\":{\"cb_deviceImage\":[\"160\"],\"cb_deviceVideo\":\"\",\"cb_deviceHeadline\":\"Lenses\",\"cb_deviceBody\":\"Invite customers to play and share with Lenses.\"}},\"144\":{\"modified\":\"1\",\"type\":\"cb_section\",\"enabled\":\"1\",\"collapsed\":\"0\",\"level\":\"0\",\"fields\":{\"cb_sectionTitle\":\"Snap Ads\",\"cb_sectionBackgroundColor\":\"white\"}},\"162\":{\"modified\":\"1\",\"type\":\"deviceTabs\",\"enabled\":\"1\",\"collapsed\":\"0\",\"level\":\"1\",\"fields\":{\"cb_chillahTooltip\":{\"163\":{\"type\":\"tooltip\",\"enabled\":\"1\",\"fields\":{\"chillah\":[\"141\"],\"tooltipText\":\"<p>On average, over 10 billion videos are watched on Snapchat every day.<sup>1<\\/sup><\\/p>\",\"location\":\"topLeft\"}}}}},\"164\":{\"modified\":\"1\",\"type\":\"deviceTab\",\"enabled\":\"1\",\"collapsed\":\"0\",\"level\":\"2\",\"fields\":{\"cb_tabImage\":[\"145\"],\"tabLabel\":\"Snap Ads\",\"cb_tabDescription\":\"Snap Ads are full-screen, 100% viewable, and have audio on by default.\",\"tabPosterImage\":[\"152\"],\"tabVideo\":\"\"}},\"165\":{\"modified\":\"1\",\"type\":\"deviceTab\",\"enabled\":\"1\",\"collapsed\":\"0\",\"level\":\"2\",\"fields\":{\"cb_tabImage\":[\"146\"],\"tabLabel\":\"+ Web View\",\"cb_tabDescription\":\"Drive traffic to your pre-loaded website. With our Auto-Fill feature, Snapchatters can send you their account email and more by just tapping.\",\"tabPosterImage\":[\"102\"],\"tabVideo\":\"\"}},\"166\":{\"modified\":\"1\",\"type\":\"deviceTab\",\"enabled\":\"1\",\"collapsed\":\"0\",\"level\":\"2\",\"fields\":{\"cb_tabImage\":[\"147\"],\"tabLabel\":\"+ App Install\",\"cb_tabDescription\":\"Drive installs for your app with a swipe and a tap. Snapchatters can even install your app without leaving ours.\",\"tabPosterImage\":[\"154\"],\"tabVideo\":\"\"}},\"167\":{\"modified\":\"1\",\"type\":\"deviceTab\",\"enabled\":\"1\",\"collapsed\":\"0\",\"level\":\"2\",\"fields\":{\"cb_tabImage\":[\"148\"],\"tabLabel\":\"+ Long Form Video\",\"cb_tabDescription\":\"Drive views for your trailer, short film, how-to, or any other video.\",\"tabPosterImage\":[\"105\"],\"tabVideo\":\"\"}},\"114\":{\"modified\":\"1\",\"type\":\"cb_section\",\"enabled\":\"1\",\"collapsed\":\"0\",\"level\":\"0\",\"fields\":{\"cb_sectionTitle\":\"Snap Ads\",\"cb_sectionBackgroundColor\":\"white\"}},\"115\":{\"modified\":\"1\",\"type\":\"centeredTextLockup\",\"enabled\":\"1\",\"collapsed\":\"0\",\"level\":\"1\"},\"116\":{\"modified\":\"1\",\"type\":\"headline\",\"enabled\":\"1\",\"collapsed\":\"0\",\"level\":\"2\",\"fields\":{\"cb_headline\":\"Snap Ads\"}},\"117\":{\"modified\":\"1\",\"type\":\"subhead\",\"enabled\":\"1\",\"collapsed\":\"0\",\"level\":\"2\",\"fields\":{\"cb_subhead\":\"The original vertical video ad \\u2014 now with attachments customized for your objectives.\"}},\"118\":{\"modified\":\"1\",\"type\":\"cb_section\",\"enabled\":\"1\",\"collapsed\":\"0\",\"level\":\"0\",\"fields\":{\"cb_sectionTitle\":\"Filters\",\"cb_sectionBackgroundColor\":\"gray\"}},\"119\":{\"modified\":\"1\",\"type\":\"centeredTextLockup\",\"enabled\":\"1\",\"collapsed\":\"0\",\"level\":\"1\"},\"120\":{\"modified\":\"1\",\"type\":\"headline\",\"enabled\":\"1\",\"collapsed\":\"0\",\"level\":\"2\",\"fields\":{\"cb_headline\":\"Filters\"}},\"121\":{\"modified\":\"1\",\"type\":\"subhead\",\"enabled\":\"1\",\"collapsed\":\"0\",\"level\":\"2\",\"fields\":{\"cb_subhead\":\"Filters allow you to be where your product is bought, thought about, or consumed. Create your own Filter and drive awareness, advocacy, and action in one package.\"}},\"122\":{\"modified\":\"1\",\"type\":\"primaryButton\",\"enabled\":\"1\",\"collapsed\":\"0\",\"level\":\"2\",\"fields\":{\"cb_button\":{\"type\":\"custom\",\"custom\":\"http:\\/\\/geofilters.snapchat.com\",\"entry\":\"\",\"customText\":\"Create A Filter\",\"target\":\"_blank\"}}},\"123\":{\"modified\":\"1\",\"type\":\"secondaryButton\",\"enabled\":\"1\",\"collapsed\":\"0\",\"level\":\"2\",\"fields\":{\"cb_button\":{\"type\":\"custom\",\"custom\":\"https:\\/\\/businesshelp.snapchat.com\\/en-US\\/article\\/create-geofilter\",\"entry\":\"\",\"customText\":\"View Guidelines\",\"target\":\"\"}}},\"124\":{\"modified\":\"1\",\"type\":\"mobileDeviceGrid\",\"enabled\":\"1\",\"collapsed\":\"0\",\"level\":\"1\",\"fields\":{\"cb_chillahTooltip\":{\"140\":{\"type\":\"tooltip\",\"enabled\":\"1\",\"fields\":{\"chillah\":[\"143\"],\"tooltipText\":\"<p>On average, more than a billion Snaps with Filters are viewed every day.<sup>1<\\/sup><\\/p>\",\"location\":\"topRight\"}}}}},\"125\":{\"modified\":\"1\",\"type\":\"device\",\"enabled\":\"1\",\"collapsed\":\"0\",\"level\":\"2\",\"fields\":{\"cb_deviceImage\":[\"101\"],\"cb_deviceVideo\":\"\",\"cb_deviceHeadline\":\"\",\"cb_deviceBody\":\"\"}},\"126\":{\"modified\":\"1\",\"type\":\"device\",\"enabled\":\"1\",\"collapsed\":\"0\",\"level\":\"2\",\"fields\":{\"cb_deviceImage\":[\"157\"],\"cb_deviceVideo\":\"\",\"cb_deviceHeadline\":\"\",\"cb_deviceBody\":\"\"}},\"127\":{\"modified\":\"1\",\"type\":\"device\",\"enabled\":\"1\",\"collapsed\":\"0\",\"level\":\"2\",\"fields\":{\"cb_deviceImage\":[\"103\"],\"cb_deviceVideo\":\"\",\"cb_deviceHeadline\":\"\",\"cb_deviceBody\":\"\"}},\"128\":{\"modified\":\"1\",\"type\":\"cb_section\",\"enabled\":\"1\",\"collapsed\":\"0\",\"level\":\"0\",\"fields\":{\"cb_sectionTitle\":\"Lenses\",\"cb_sectionBackgroundColor\":\"white\"}},\"129\":{\"modified\":\"1\",\"type\":\"centeredTextLockup\",\"enabled\":\"1\",\"collapsed\":\"0\",\"level\":\"1\"},\"130\":{\"modified\":\"1\",\"type\":\"headline\",\"enabled\":\"1\",\"collapsed\":\"0\",\"level\":\"2\",\"fields\":{\"cb_headline\":\"Lenses\"}},\"131\":{\"modified\":\"1\",\"type\":\"subhead\",\"enabled\":\"1\",\"collapsed\":\"0\",\"level\":\"2\",\"fields\":{\"cb_subhead\":\"Lenses are the most playful and memorable way to increase awareness, on a massive scale. With one tap, you can invite Snapchatters into your world \\u2014 and your story.\"}},\"132\":{\"modified\":\"1\",\"type\":\"mobileDeviceGrid\",\"enabled\":\"1\",\"collapsed\":\"0\",\"level\":\"1\",\"fields\":{\"cb_chillahTooltip\":\"\"}},\"133\":{\"modified\":\"1\",\"type\":\"device\",\"enabled\":\"1\",\"collapsed\":\"0\",\"level\":\"2\",\"fields\":{\"cb_deviceImage\":[\"159\"],\"cb_deviceVideo\":\"\",\"cb_deviceHeadline\":\"\",\"cb_deviceBody\":\"\"}},\"134\":{\"modified\":\"1\",\"type\":\"device\",\"enabled\":\"1\",\"collapsed\":\"0\",\"level\":\"2\",\"fields\":{\"cb_deviceImage\":[\"151\"],\"cb_deviceVideo\":\"\",\"cb_deviceHeadline\":\"\",\"cb_deviceBody\":\"\"}},\"135\":{\"modified\":\"1\",\"type\":\"device\",\"enabled\":\"1\",\"collapsed\":\"0\",\"level\":\"2\",\"fields\":{\"cb_deviceImage\":[\"161\"],\"cb_deviceVideo\":\"\",\"cb_deviceHeadline\":\"\",\"cb_deviceBody\":\"\"}},\"136\":{\"modified\":\"1\",\"type\":\"cb_section\",\"enabled\":\"1\",\"collapsed\":\"0\",\"level\":\"0\",\"fields\":{\"cb_sectionTitle\":\"Video\",\"cb_sectionBackgroundColor\":\"gray\"}},\"137\":{\"modified\":\"1\",\"type\":\"centeredTextLockup\",\"enabled\":\"1\",\"collapsed\":\"0\",\"level\":\"1\"},\"138\":{\"modified\":\"1\",\"type\":\"headline\",\"enabled\":\"1\",\"collapsed\":\"0\",\"level\":\"2\",\"fields\":{\"cb_headline\":\"See where your ads will run on Snapchat\"}}},\"16\":\"1\",\"15\":\"blue\",\"7\":\"solutions\"}}', '2017-07-26 23:40:25', '2017-07-26 23:40:25', '14fcc0f8-c909-4b8f-abec-384f0b68fd63'),
 ('44', '98', '3', '1', 'en_us', '8', '', '{\"typeId\":\"3\",\"authorId\":\"1\",\"title\":\"Solutions\",\"slug\":\"solutions\",\"postDate\":1501109280,\"expiryDate\":null,\"enabled\":1,\"parentId\":\"\",\"fields\":{\"3\":{\"107\":{\"modified\":\"1\",\"type\":\"cb_section\",\"enabled\":\"1\",\"collapsed\":\"0\",\"level\":\"0\",\"fields\":{\"cb_sectionTitle\":\"Overview\",\"cb_sectionBackgroundColor\":\"gray\"}},\"108\":{\"modified\":\"1\",\"type\":\"centeredTextLockup\",\"enabled\":\"1\",\"collapsed\":\"0\",\"level\":\"1\"},\"109\":{\"modified\":\"1\",\"type\":\"headline\",\"enabled\":\"1\",\"collapsed\":\"0\",\"level\":\"2\",\"fields\":{\"cb_headline\":\"Our ad products are fun and effective, for every objective\"}},\"110\":{\"modified\":\"1\",\"type\":\"mobileDeviceGrid\",\"enabled\":\"1\",\"collapsed\":\"0\",\"level\":\"1\",\"fields\":{\"cb_chillahTooltip\":\"\"}},\"111\":{\"modified\":\"1\",\"type\":\"device\",\"enabled\":\"1\",\"collapsed\":\"0\",\"level\":\"2\",\"fields\":{\"cb_deviceImage\":[\"100\"],\"cb_deviceVideo\":\"\",\"cb_deviceHeadline\":\"Snap Ads\",\"cb_deviceBody\":\"Captivate your audience with full-screen Snap Ads.\"}},\"112\":{\"modified\":\"1\",\"type\":\"device\",\"enabled\":\"1\",\"collapsed\":\"0\",\"level\":\"2\",\"fields\":{\"cb_deviceImage\":[\"99\"],\"cb_deviceVideo\":\"\",\"cb_deviceHeadline\":\"Filters\",\"cb_deviceBody\":\"Own a place or event with location-based Filters.\"}},\"113\":{\"modified\":\"1\",\"type\":\"device\",\"enabled\":\"1\",\"collapsed\":\"0\",\"level\":\"2\",\"fields\":{\"cb_deviceImage\":[\"160\"],\"cb_deviceVideo\":\"\",\"cb_deviceHeadline\":\"Lenses\",\"cb_deviceBody\":\"Invite customers to play and share with Lenses.\"}},\"144\":{\"modified\":\"1\",\"type\":\"cb_section\",\"enabled\":\"1\",\"collapsed\":\"0\",\"level\":\"0\",\"fields\":{\"cb_sectionTitle\":\"Snap Ads\",\"cb_sectionBackgroundColor\":\"white\"}},\"162\":{\"modified\":\"1\",\"type\":\"deviceTabs\",\"enabled\":\"1\",\"collapsed\":\"0\",\"level\":\"1\",\"fields\":{\"cb_chillahTooltip\":{\"163\":{\"type\":\"tooltip\",\"enabled\":\"1\",\"fields\":{\"chillah\":[\"141\"],\"tooltipText\":\"<p>On average, over 10 billion videos are watched on Snapchat every day.<sup>1<\\/sup><\\/p>\",\"location\":\"topLeft\"}}}}},\"164\":{\"modified\":\"1\",\"type\":\"deviceTab\",\"enabled\":\"1\",\"collapsed\":\"0\",\"level\":\"2\",\"fields\":{\"cb_tabImage\":[\"145\"],\"tabLabel\":\"Snap Ads\",\"cb_tabDescription\":\"Snap Ads are full-screen, 100% viewable, and have audio on by default.\",\"tabPosterImage\":[\"152\"],\"tabVideo\":\"\"}},\"165\":{\"modified\":\"1\",\"type\":\"deviceTab\",\"enabled\":\"1\",\"collapsed\":\"0\",\"level\":\"2\",\"fields\":{\"cb_tabImage\":[\"146\"],\"tabLabel\":\"+ Web View\",\"cb_tabDescription\":\"Drive traffic to your pre-loaded website. With our Auto-Fill feature, Snapchatters can send you their account email and more by just tapping.\",\"tabPosterImage\":[\"102\"],\"tabVideo\":\"\"}},\"166\":{\"modified\":\"1\",\"type\":\"deviceTab\",\"enabled\":\"1\",\"collapsed\":\"0\",\"level\":\"2\",\"fields\":{\"cb_tabImage\":[\"147\"],\"tabLabel\":\"+ App Install\",\"cb_tabDescription\":\"Drive installs for your app with a swipe and a tap. Snapchatters can even install your app without leaving ours.\",\"tabPosterImage\":[\"154\"],\"tabVideo\":\"\"}},\"167\":{\"modified\":\"1\",\"type\":\"deviceTab\",\"enabled\":\"1\",\"collapsed\":\"0\",\"level\":\"2\",\"fields\":{\"cb_tabImage\":[\"148\"],\"tabLabel\":\"+ Long Form Video\",\"cb_tabDescription\":\"Drive views for your trailer, short film, how-to, or any other video.\",\"tabPosterImage\":[\"105\"],\"tabVideo\":\"\"}},\"114\":{\"modified\":\"1\",\"type\":\"cb_section\",\"enabled\":\"1\",\"collapsed\":\"0\",\"level\":\"0\",\"fields\":{\"cb_sectionTitle\":\"Snap Ads\",\"cb_sectionBackgroundColor\":\"white\"}},\"115\":{\"modified\":\"1\",\"type\":\"centeredTextLockup\",\"enabled\":\"1\",\"collapsed\":\"0\",\"level\":\"1\"},\"116\":{\"modified\":\"1\",\"type\":\"headline\",\"enabled\":\"1\",\"collapsed\":\"0\",\"level\":\"2\",\"fields\":{\"cb_headline\":\"Snap Ads\"}},\"117\":{\"modified\":\"1\",\"type\":\"subhead\",\"enabled\":\"1\",\"collapsed\":\"0\",\"level\":\"2\",\"fields\":{\"cb_subhead\":\"The original vertical video ad \\u2014 now with attachments customized for your objectives.\"}},\"118\":{\"modified\":\"1\",\"type\":\"cb_section\",\"enabled\":\"1\",\"collapsed\":\"0\",\"level\":\"0\",\"fields\":{\"cb_sectionTitle\":\"Filters\",\"cb_sectionBackgroundColor\":\"gray\"}},\"119\":{\"modified\":\"1\",\"type\":\"centeredTextLockup\",\"enabled\":\"1\",\"collapsed\":\"0\",\"level\":\"1\"},\"120\":{\"modified\":\"1\",\"type\":\"headline\",\"enabled\":\"1\",\"collapsed\":\"0\",\"level\":\"2\",\"fields\":{\"cb_headline\":\"Filters\"}},\"121\":{\"modified\":\"1\",\"type\":\"subhead\",\"enabled\":\"1\",\"collapsed\":\"0\",\"level\":\"2\",\"fields\":{\"cb_subhead\":\"Filters allow you to be where your product is bought, thought about, or consumed. Create your own Filter and drive awareness, advocacy, and action in one package.\"}},\"122\":{\"modified\":\"1\",\"type\":\"primaryButton\",\"enabled\":\"1\",\"collapsed\":\"0\",\"level\":\"2\",\"fields\":{\"cb_button\":{\"type\":\"custom\",\"custom\":\"http:\\/\\/geofilters.snapchat.com\",\"entry\":\"\",\"customText\":\"Create A Filter\",\"target\":\"_blank\"}}},\"123\":{\"modified\":\"1\",\"type\":\"secondaryButton\",\"enabled\":\"1\",\"collapsed\":\"0\",\"level\":\"2\",\"fields\":{\"cb_button\":{\"type\":\"custom\",\"custom\":\"https:\\/\\/businesshelp.snapchat.com\\/en-US\\/article\\/create-geofilter\",\"entry\":\"\",\"customText\":\"View Guidelines\",\"target\":\"\"}}},\"124\":{\"modified\":\"1\",\"type\":\"mobileDeviceGrid\",\"enabled\":\"1\",\"collapsed\":\"0\",\"level\":\"1\",\"fields\":{\"cb_chillahTooltip\":{\"140\":{\"type\":\"tooltip\",\"enabled\":\"1\",\"fields\":{\"chillah\":[\"143\"],\"tooltipText\":\"<p>On average, more than a billion Snaps with Filters are viewed every day.<sup>1<\\/sup><\\/p>\",\"location\":\"topRight\"}}}}},\"125\":{\"modified\":\"1\",\"type\":\"device\",\"enabled\":\"1\",\"collapsed\":\"0\",\"level\":\"2\",\"fields\":{\"cb_deviceImage\":[\"101\"],\"cb_deviceVideo\":\"\",\"cb_deviceHeadline\":\"\",\"cb_deviceBody\":\"\"}},\"126\":{\"modified\":\"1\",\"type\":\"device\",\"enabled\":\"1\",\"collapsed\":\"0\",\"level\":\"2\",\"fields\":{\"cb_deviceImage\":[\"157\"],\"cb_deviceVideo\":\"\",\"cb_deviceHeadline\":\"\",\"cb_deviceBody\":\"\"}},\"127\":{\"modified\":\"1\",\"type\":\"device\",\"enabled\":\"1\",\"collapsed\":\"0\",\"level\":\"2\",\"fields\":{\"cb_deviceImage\":[\"103\"],\"cb_deviceVideo\":\"\",\"cb_deviceHeadline\":\"\",\"cb_deviceBody\":\"\"}},\"128\":{\"modified\":\"1\",\"type\":\"cb_section\",\"enabled\":\"1\",\"collapsed\":\"0\",\"level\":\"0\",\"fields\":{\"cb_sectionTitle\":\"Lenses\",\"cb_sectionBackgroundColor\":\"white\"}},\"129\":{\"modified\":\"1\",\"type\":\"centeredTextLockup\",\"enabled\":\"1\",\"collapsed\":\"0\",\"level\":\"1\"},\"130\":{\"modified\":\"1\",\"type\":\"headline\",\"enabled\":\"1\",\"collapsed\":\"0\",\"level\":\"2\",\"fields\":{\"cb_headline\":\"Lenses\"}},\"131\":{\"modified\":\"1\",\"type\":\"subhead\",\"enabled\":\"1\",\"collapsed\":\"0\",\"level\":\"2\",\"fields\":{\"cb_subhead\":\"Lenses are the most playful and memorable way to increase awareness, on a massive scale. With one tap, you can invite Snapchatters into your world \\u2014 and your story.\"}},\"132\":{\"modified\":\"1\",\"type\":\"mobileDeviceGrid\",\"enabled\":\"1\",\"collapsed\":\"0\",\"level\":\"1\",\"fields\":{\"cb_chillahTooltip\":\"\"}},\"133\":{\"modified\":\"1\",\"type\":\"device\",\"enabled\":\"1\",\"collapsed\":\"0\",\"level\":\"2\",\"fields\":{\"cb_deviceImage\":[\"159\"],\"cb_deviceVideo\":\"\",\"cb_deviceHeadline\":\"\",\"cb_deviceBody\":\"\"}},\"134\":{\"modified\":\"1\",\"type\":\"device\",\"enabled\":\"1\",\"collapsed\":\"0\",\"level\":\"2\",\"fields\":{\"cb_deviceImage\":[\"151\"],\"cb_deviceVideo\":\"\",\"cb_deviceHeadline\":\"\",\"cb_deviceBody\":\"\"}},\"135\":{\"modified\":\"1\",\"type\":\"device\",\"enabled\":\"1\",\"collapsed\":\"0\",\"level\":\"2\",\"fields\":{\"cb_deviceImage\":[\"161\"],\"cb_deviceVideo\":\"\",\"cb_deviceHeadline\":\"\",\"cb_deviceBody\":\"\"}},\"136\":{\"modified\":\"1\",\"type\":\"cb_section\",\"enabled\":\"1\",\"collapsed\":\"0\",\"level\":\"0\",\"fields\":{\"cb_sectionTitle\":\"Video\",\"cb_sectionBackgroundColor\":\"gray\"}},\"137\":{\"modified\":\"1\",\"type\":\"centeredTextLockup\",\"enabled\":\"1\",\"collapsed\":\"0\",\"level\":\"1\"},\"138\":{\"modified\":\"1\",\"type\":\"headline\",\"enabled\":\"1\",\"collapsed\":\"0\",\"level\":\"2\",\"fields\":{\"cb_headline\":\"See where your ads will run on Snapchat\"}}},\"16\":\"1\",\"15\":\"blue\",\"7\":\"solutions\"}}', '2017-07-26 23:40:35', '2017-07-26 23:40:35', '19e2068e-7dee-4bed-9ca5-c3ca91d0de15'),
 ('45', '98', '3', '1', 'en_us', '9', '', '{\"typeId\":\"3\",\"authorId\":\"1\",\"title\":\"Solutions\",\"slug\":\"solutions\",\"postDate\":1501109280,\"expiryDate\":null,\"enabled\":1,\"parentId\":\"\",\"fields\":{\"3\":{\"107\":{\"modified\":\"1\",\"type\":\"cb_section\",\"enabled\":\"1\",\"collapsed\":\"0\",\"level\":\"0\",\"fields\":{\"cb_sectionTitle\":\"Overview\",\"cb_sectionBackgroundColor\":\"gray\"}},\"108\":{\"modified\":\"1\",\"type\":\"centeredTextLockup\",\"enabled\":\"1\",\"collapsed\":\"0\",\"level\":\"1\"},\"109\":{\"modified\":\"1\",\"type\":\"headline\",\"enabled\":\"1\",\"collapsed\":\"0\",\"level\":\"2\",\"fields\":{\"cb_headline\":\"Our ad products are fun and effective, for every objective\"}},\"110\":{\"modified\":\"1\",\"type\":\"mobileDeviceGrid\",\"enabled\":\"1\",\"collapsed\":\"0\",\"level\":\"1\",\"fields\":{\"cb_chillahTooltip\":\"\"}},\"111\":{\"modified\":\"1\",\"type\":\"device\",\"enabled\":\"1\",\"collapsed\":\"0\",\"level\":\"2\",\"fields\":{\"cb_deviceImage\":[\"100\"],\"cb_deviceVideo\":\"\",\"cb_deviceHeadline\":\"Snap Ads\",\"cb_deviceBody\":\"Captivate your audience with full-screen Snap Ads.\"}},\"new0\":{\"modified\":\"1\",\"type\":\"deviceText\",\"enabled\":\"1\",\"collapsed\":\"0\",\"level\":\"3\",\"fields\":{\"cb_headline\":\"Snap Ads\",\"cb_subhead\":\"Captivate your audience with full-screen Snap Ads.\"}},\"112\":{\"modified\":\"1\",\"type\":\"device\",\"enabled\":\"1\",\"collapsed\":\"0\",\"level\":\"2\",\"fields\":{\"cb_deviceImage\":[\"99\"],\"cb_deviceVideo\":\"\",\"cb_deviceHeadline\":\"Filters\",\"cb_deviceBody\":\"Own a place or event with location-based Filters.\"}},\"new1\":{\"modified\":\"1\",\"type\":\"deviceText\",\"enabled\":\"1\",\"collapsed\":\"0\",\"level\":\"3\",\"fields\":{\"cb_headline\":\"Filters\",\"cb_subhead\":\"Own a place or event with location-based Filters.\"}},\"113\":{\"modified\":\"1\",\"type\":\"device\",\"enabled\":\"1\",\"collapsed\":\"0\",\"level\":\"2\",\"fields\":{\"cb_deviceImage\":[\"160\"],\"cb_deviceVideo\":\"\",\"cb_deviceHeadline\":\"Lenses\",\"cb_deviceBody\":\"Invite customers to play and share with Lenses.\"}},\"new2\":{\"modified\":\"1\",\"type\":\"deviceText\",\"enabled\":\"1\",\"collapsed\":\"0\",\"level\":\"3\",\"fields\":{\"cb_headline\":\"Lenses\",\"cb_subhead\":\"Invite customers to play and share with Lenses.\"}},\"144\":{\"modified\":\"1\",\"type\":\"cb_section\",\"enabled\":\"1\",\"collapsed\":\"0\",\"level\":\"0\",\"fields\":{\"cb_sectionTitle\":\"Snap Ads\",\"cb_sectionBackgroundColor\":\"white\"}},\"162\":{\"modified\":\"1\",\"type\":\"deviceTabs\",\"enabled\":\"1\",\"collapsed\":\"0\",\"level\":\"1\",\"fields\":{\"cb_chillahTooltip\":{\"163\":{\"type\":\"tooltip\",\"enabled\":\"1\",\"fields\":{\"chillah\":[\"141\"],\"tooltipText\":\"<p>On average, over 10 billion videos are watched on Snapchat every day.<sup>1<\\/sup><\\/p>\",\"location\":\"topLeft\"}}}}},\"164\":{\"modified\":\"1\",\"type\":\"deviceTab\",\"enabled\":\"1\",\"collapsed\":\"0\",\"level\":\"2\",\"fields\":{\"cb_tabImage\":[\"145\"],\"tabLabel\":\"Snap Ads\",\"cb_tabDescription\":\"Snap Ads are full-screen, 100% viewable, and have audio on by default.\",\"tabPosterImage\":[\"152\"],\"tabVideo\":\"\"}},\"165\":{\"modified\":\"1\",\"type\":\"deviceTab\",\"enabled\":\"1\",\"collapsed\":\"0\",\"level\":\"2\",\"fields\":{\"cb_tabImage\":[\"146\"],\"tabLabel\":\"+ Web View\",\"cb_tabDescription\":\"Drive traffic to your pre-loaded website. With our Auto-Fill feature, Snapchatters can send you their account email and more by just tapping.\",\"tabPosterImage\":[\"102\"],\"tabVideo\":\"\"}},\"166\":{\"modified\":\"1\",\"type\":\"deviceTab\",\"enabled\":\"1\",\"collapsed\":\"0\",\"level\":\"2\",\"fields\":{\"cb_tabImage\":[\"147\"],\"tabLabel\":\"+ App Install\",\"cb_tabDescription\":\"Drive installs for your app with a swipe and a tap. Snapchatters can even install your app without leaving ours.\",\"tabPosterImage\":[\"154\"],\"tabVideo\":\"\"}},\"167\":{\"modified\":\"1\",\"type\":\"deviceTab\",\"enabled\":\"1\",\"collapsed\":\"0\",\"level\":\"2\",\"fields\":{\"cb_tabImage\":[\"148\"],\"tabLabel\":\"+ Long Form Video\",\"cb_tabDescription\":\"Drive views for your trailer, short film, how-to, or any other video.\",\"tabPosterImage\":[\"105\"],\"tabVideo\":\"\"}},\"114\":{\"modified\":\"1\",\"type\":\"cb_section\",\"enabled\":\"1\",\"collapsed\":\"0\",\"level\":\"0\",\"fields\":{\"cb_sectionTitle\":\"Snap Ads\",\"cb_sectionBackgroundColor\":\"white\"}},\"115\":{\"modified\":\"1\",\"type\":\"centeredTextLockup\",\"enabled\":\"1\",\"collapsed\":\"0\",\"level\":\"1\"},\"116\":{\"modified\":\"1\",\"type\":\"headline\",\"enabled\":\"1\",\"collapsed\":\"0\",\"level\":\"2\",\"fields\":{\"cb_headline\":\"Snap Ads\"}},\"117\":{\"modified\":\"1\",\"type\":\"subhead\",\"enabled\":\"1\",\"collapsed\":\"0\",\"level\":\"2\",\"fields\":{\"cb_subhead\":\"The original vertical video ad \\u2014 now with attachments customized for your objectives.\"}},\"118\":{\"modified\":\"1\",\"type\":\"cb_section\",\"enabled\":\"1\",\"collapsed\":\"0\",\"level\":\"0\",\"fields\":{\"cb_sectionTitle\":\"Filters\",\"cb_sectionBackgroundColor\":\"gray\"}},\"119\":{\"modified\":\"1\",\"type\":\"centeredTextLockup\",\"enabled\":\"1\",\"collapsed\":\"0\",\"level\":\"1\"},\"120\":{\"modified\":\"1\",\"type\":\"headline\",\"enabled\":\"1\",\"collapsed\":\"0\",\"level\":\"2\",\"fields\":{\"cb_headline\":\"Filters\"}},\"121\":{\"modified\":\"1\",\"type\":\"subhead\",\"enabled\":\"1\",\"collapsed\":\"0\",\"level\":\"2\",\"fields\":{\"cb_subhead\":\"Filters allow you to be where your product is bought, thought about, or consumed. Create your own Filter and drive awareness, advocacy, and action in one package.\"}},\"122\":{\"modified\":\"1\",\"type\":\"primaryButton\",\"enabled\":\"1\",\"collapsed\":\"0\",\"level\":\"2\",\"fields\":{\"cb_button\":{\"type\":\"custom\",\"custom\":\"http:\\/\\/geofilters.snapchat.com\",\"entry\":\"\",\"customText\":\"Create A Filter\",\"target\":\"_blank\"}}},\"123\":{\"modified\":\"1\",\"type\":\"secondaryButton\",\"enabled\":\"1\",\"collapsed\":\"0\",\"level\":\"2\",\"fields\":{\"cb_button\":{\"type\":\"custom\",\"custom\":\"https:\\/\\/businesshelp.snapchat.com\\/en-US\\/article\\/create-geofilter\",\"entry\":\"\",\"customText\":\"View Guidelines\",\"target\":\"\"}}},\"124\":{\"modified\":\"1\",\"type\":\"mobileDeviceGrid\",\"enabled\":\"1\",\"collapsed\":\"0\",\"level\":\"1\",\"fields\":{\"cb_chillahTooltip\":{\"140\":{\"type\":\"tooltip\",\"enabled\":\"1\",\"fields\":{\"chillah\":[\"143\"],\"tooltipText\":\"<p>On average, more than a billion Snaps with Filters are viewed every day.<sup>1<\\/sup><\\/p>\",\"location\":\"topRight\"}}}}},\"125\":{\"modified\":\"1\",\"type\":\"device\",\"enabled\":\"1\",\"collapsed\":\"0\",\"level\":\"2\",\"fields\":{\"cb_deviceImage\":[\"101\"],\"cb_deviceVideo\":\"\",\"cb_deviceHeadline\":\"\",\"cb_deviceBody\":\"\"}},\"126\":{\"modified\":\"1\",\"type\":\"device\",\"enabled\":\"1\",\"collapsed\":\"0\",\"level\":\"2\",\"fields\":{\"cb_deviceImage\":[\"157\"],\"cb_deviceVideo\":\"\",\"cb_deviceHeadline\":\"\",\"cb_deviceBody\":\"\"}},\"127\":{\"modified\":\"1\",\"type\":\"device\",\"enabled\":\"1\",\"collapsed\":\"0\",\"level\":\"2\",\"fields\":{\"cb_deviceImage\":[\"103\"],\"cb_deviceVideo\":\"\",\"cb_deviceHeadline\":\"\",\"cb_deviceBody\":\"\"}},\"128\":{\"modified\":\"1\",\"type\":\"cb_section\",\"enabled\":\"1\",\"collapsed\":\"0\",\"level\":\"0\",\"fields\":{\"cb_sectionTitle\":\"Lenses\",\"cb_sectionBackgroundColor\":\"white\"}},\"129\":{\"modified\":\"1\",\"type\":\"centeredTextLockup\",\"enabled\":\"1\",\"collapsed\":\"0\",\"level\":\"1\"},\"130\":{\"modified\":\"1\",\"type\":\"headline\",\"enabled\":\"1\",\"collapsed\":\"0\",\"level\":\"2\",\"fields\":{\"cb_headline\":\"Lenses\"}},\"131\":{\"modified\":\"1\",\"type\":\"subhead\",\"enabled\":\"1\",\"collapsed\":\"0\",\"level\":\"2\",\"fields\":{\"cb_subhead\":\"Lenses are the most playful and memorable way to increase awareness, on a massive scale. With one tap, you can invite Snapchatters into your world \\u2014 and your story.\"}},\"132\":{\"modified\":\"1\",\"type\":\"mobileDeviceGrid\",\"enabled\":\"1\",\"collapsed\":\"0\",\"level\":\"1\",\"fields\":{\"cb_chillahTooltip\":\"\"}},\"133\":{\"modified\":\"1\",\"type\":\"device\",\"enabled\":\"1\",\"collapsed\":\"0\",\"level\":\"2\",\"fields\":{\"cb_deviceImage\":[\"159\"],\"cb_deviceVideo\":\"\",\"cb_deviceHeadline\":\"\",\"cb_deviceBody\":\"\"}},\"134\":{\"modified\":\"1\",\"type\":\"device\",\"enabled\":\"1\",\"collapsed\":\"0\",\"level\":\"2\",\"fields\":{\"cb_deviceImage\":[\"151\"],\"cb_deviceVideo\":\"\",\"cb_deviceHeadline\":\"\",\"cb_deviceBody\":\"\"}},\"135\":{\"modified\":\"1\",\"type\":\"device\",\"enabled\":\"1\",\"collapsed\":\"0\",\"level\":\"2\",\"fields\":{\"cb_deviceImage\":[\"161\"],\"cb_deviceVideo\":\"\",\"cb_deviceHeadline\":\"\",\"cb_deviceBody\":\"\"}},\"136\":{\"modified\":\"1\",\"type\":\"cb_section\",\"enabled\":\"1\",\"collapsed\":\"0\",\"level\":\"0\",\"fields\":{\"cb_sectionTitle\":\"Video\",\"cb_sectionBackgroundColor\":\"gray\"}},\"137\":{\"modified\":\"1\",\"type\":\"centeredTextLockup\",\"enabled\":\"1\",\"collapsed\":\"0\",\"level\":\"1\"},\"138\":{\"modified\":\"1\",\"type\":\"headline\",\"enabled\":\"1\",\"collapsed\":\"0\",\"level\":\"2\",\"fields\":{\"cb_headline\":\"See where your ads will run on Snapchat\"}}},\"16\":\"1\",\"15\":\"blue\",\"7\":\"solutions\"}}', '2017-07-26 23:45:50', '2017-07-26 23:45:50', '9b03ee54-b609-4eb2-829d-ebad9a8b52ee'),
 ('46', '98', '3', '1', 'en_us', '10', '', '{\"typeId\":\"3\",\"authorId\":\"1\",\"title\":\"Solutions\",\"slug\":\"solutions\",\"postDate\":1501109280,\"expiryDate\":null,\"enabled\":1,\"parentId\":\"\",\"fields\":{\"3\":{\"107\":{\"modified\":\"1\",\"type\":\"cb_section\",\"enabled\":\"1\",\"collapsed\":\"0\",\"level\":\"0\",\"fields\":{\"cb_sectionTitle\":\"Overview\",\"cb_sectionBackgroundColor\":\"gray\"}},\"108\":{\"modified\":\"1\",\"type\":\"centeredTextLockup\",\"enabled\":\"1\",\"collapsed\":\"0\",\"level\":\"1\"},\"109\":{\"modified\":\"1\",\"type\":\"headline\",\"enabled\":\"1\",\"collapsed\":\"0\",\"level\":\"2\",\"fields\":{\"cb_headline\":\"Our ad products are fun and effective, for every objective\"}},\"110\":{\"modified\":\"1\",\"type\":\"mobileDeviceGrid\",\"enabled\":\"1\",\"collapsed\":\"0\",\"level\":\"1\",\"fields\":{\"cb_chillahTooltip\":\"\"}},\"111\":{\"modified\":\"1\",\"type\":\"device\",\"enabled\":\"1\",\"collapsed\":\"0\",\"level\":\"2\",\"fields\":{\"cb_deviceImage\":[\"100\"],\"cb_deviceVideo\":\"\",\"cb_deviceHeadline\":\"Snap Ads\",\"cb_deviceBody\":\"Captivate your audience with full-screen Snap Ads.\"}},\"168\":{\"modified\":\"1\",\"type\":\"deviceText\",\"enabled\":\"1\",\"collapsed\":\"0\",\"level\":\"3\",\"fields\":{\"cb_headline\":\"Snap Ads\",\"cb_subhead\":\"Captivate your audience with full-screen Snap Ads.\"}},\"112\":{\"modified\":\"1\",\"type\":\"device\",\"enabled\":\"1\",\"collapsed\":\"0\",\"level\":\"2\",\"fields\":{\"cb_deviceImage\":[\"99\"],\"cb_deviceVideo\":\"\",\"cb_deviceHeadline\":\"Filters\",\"cb_deviceBody\":\"Own a place or event with location-based Filters.\"}},\"169\":{\"modified\":\"1\",\"type\":\"deviceText\",\"enabled\":\"1\",\"collapsed\":\"0\",\"level\":\"3\",\"fields\":{\"cb_headline\":\"Filters\",\"cb_subhead\":\"Own a place or event with location-based Filters.\"}},\"113\":{\"modified\":\"1\",\"type\":\"device\",\"enabled\":\"1\",\"collapsed\":\"0\",\"level\":\"2\",\"fields\":{\"cb_deviceImage\":[\"160\"],\"cb_deviceVideo\":\"\",\"cb_deviceHeadline\":\"Lenses\",\"cb_deviceBody\":\"Invite customers to play and share with Lenses.\"}},\"170\":{\"modified\":\"1\",\"type\":\"deviceText\",\"enabled\":\"1\",\"collapsed\":\"0\",\"level\":\"3\",\"fields\":{\"cb_headline\":\"Lenses\",\"cb_subhead\":\"Invite customers to play and share with Lenses.\"}},\"144\":{\"modified\":\"1\",\"type\":\"cb_section\",\"enabled\":\"1\",\"collapsed\":\"0\",\"level\":\"0\",\"fields\":{\"cb_sectionTitle\":\"Snap Ads\",\"cb_sectionBackgroundColor\":\"white\"}},\"162\":{\"modified\":\"1\",\"type\":\"deviceTabs\",\"enabled\":\"1\",\"collapsed\":\"0\",\"level\":\"1\",\"fields\":{\"cb_chillahTooltip\":{\"163\":{\"type\":\"tooltip\",\"enabled\":\"1\",\"fields\":{\"chillah\":[\"141\"],\"tooltipText\":\"<p>On average, over 10 billion videos are watched on Snapchat every day.<sup>1<\\/sup><\\/p>\",\"location\":\"topLeft\"}}}}},\"164\":{\"modified\":\"1\",\"type\":\"deviceTab\",\"enabled\":\"1\",\"collapsed\":\"0\",\"level\":\"2\",\"fields\":{\"cb_tabImage\":[\"145\"],\"tabLabel\":\"Snap Ads\",\"cb_tabDescription\":\"Snap Ads are full-screen, 100% viewable, and have audio on by default.\",\"tabPosterImage\":[\"152\"],\"tabVideo\":\"\"}},\"165\":{\"modified\":\"1\",\"type\":\"deviceTab\",\"enabled\":\"1\",\"collapsed\":\"0\",\"level\":\"2\",\"fields\":{\"cb_tabImage\":[\"146\"],\"tabLabel\":\"+ Web View\",\"cb_tabDescription\":\"Drive traffic to your pre-loaded website. With our Auto-Fill feature, Snapchatters can send you their account email and more by just tapping.\",\"tabPosterImage\":[\"102\"],\"tabVideo\":\"\"}},\"166\":{\"modified\":\"1\",\"type\":\"deviceTab\",\"enabled\":\"1\",\"collapsed\":\"0\",\"level\":\"2\",\"fields\":{\"cb_tabImage\":[\"147\"],\"tabLabel\":\"+ App Install\",\"cb_tabDescription\":\"Drive installs for your app with a swipe and a tap. Snapchatters can even install your app without leaving ours.\",\"tabPosterImage\":[\"154\"],\"tabVideo\":\"\"}},\"167\":{\"modified\":\"1\",\"type\":\"deviceTab\",\"enabled\":\"1\",\"collapsed\":\"0\",\"level\":\"2\",\"fields\":{\"cb_tabImage\":[\"148\"],\"tabLabel\":\"+ Long Form Video\",\"cb_tabDescription\":\"Drive views for your trailer, short film, how-to, or any other video.\",\"tabPosterImage\":[\"105\"],\"tabVideo\":\"\"}},\"114\":{\"modified\":\"1\",\"type\":\"cb_section\",\"enabled\":\"1\",\"collapsed\":\"0\",\"level\":\"0\",\"fields\":{\"cb_sectionTitle\":\"Snap Ads\",\"cb_sectionBackgroundColor\":\"white\"}},\"115\":{\"modified\":\"1\",\"type\":\"centeredTextLockup\",\"enabled\":\"1\",\"collapsed\":\"0\",\"level\":\"1\"},\"116\":{\"modified\":\"1\",\"type\":\"headline\",\"enabled\":\"1\",\"collapsed\":\"0\",\"level\":\"2\",\"fields\":{\"cb_headline\":\"Snap Ads\"}},\"117\":{\"modified\":\"1\",\"type\":\"subhead\",\"enabled\":\"1\",\"collapsed\":\"0\",\"level\":\"2\",\"fields\":{\"cb_subhead\":\"The original vertical video ad \\u2014 now with attachments customized for your objectives.\"}},\"118\":{\"modified\":\"1\",\"type\":\"cb_section\",\"enabled\":\"1\",\"collapsed\":\"0\",\"level\":\"0\",\"fields\":{\"cb_sectionTitle\":\"Filters\",\"cb_sectionBackgroundColor\":\"gray\"}},\"119\":{\"modified\":\"1\",\"type\":\"centeredTextLockup\",\"enabled\":\"1\",\"collapsed\":\"0\",\"level\":\"1\"},\"120\":{\"modified\":\"1\",\"type\":\"headline\",\"enabled\":\"1\",\"collapsed\":\"0\",\"level\":\"2\",\"fields\":{\"cb_headline\":\"Filters\"}},\"121\":{\"modified\":\"1\",\"type\":\"subhead\",\"enabled\":\"1\",\"collapsed\":\"0\",\"level\":\"2\",\"fields\":{\"cb_subhead\":\"Filters allow you to be where your product is bought, thought about, or consumed. Create your own Filter and drive awareness, advocacy, and action in one package.\"}},\"122\":{\"modified\":\"1\",\"type\":\"primaryButton\",\"enabled\":\"1\",\"collapsed\":\"0\",\"level\":\"2\",\"fields\":{\"cb_button\":{\"type\":\"custom\",\"custom\":\"http:\\/\\/geofilters.snapchat.com\",\"entry\":\"\",\"customText\":\"Create A Filter\",\"target\":\"_blank\"}}},\"123\":{\"modified\":\"1\",\"type\":\"secondaryButton\",\"enabled\":\"1\",\"collapsed\":\"0\",\"level\":\"2\",\"fields\":{\"cb_button\":{\"type\":\"custom\",\"custom\":\"https:\\/\\/businesshelp.snapchat.com\\/en-US\\/article\\/create-geofilter\",\"entry\":\"\",\"customText\":\"View Guidelines\",\"target\":\"\"}}},\"124\":{\"modified\":\"1\",\"type\":\"mobileDeviceGrid\",\"enabled\":\"1\",\"collapsed\":\"0\",\"level\":\"1\",\"fields\":{\"cb_chillahTooltip\":{\"140\":{\"type\":\"tooltip\",\"enabled\":\"1\",\"fields\":{\"chillah\":[\"143\"],\"tooltipText\":\"<p>On average, more than a billion Snaps with Filters are viewed every day.<sup>1<\\/sup><\\/p>\",\"location\":\"topRight\"}}}}},\"125\":{\"modified\":\"1\",\"type\":\"device\",\"enabled\":\"1\",\"collapsed\":\"0\",\"level\":\"2\",\"fields\":{\"cb_deviceImage\":[\"101\"],\"cb_deviceVideo\":\"\",\"cb_deviceHeadline\":\"\",\"cb_deviceBody\":\"\"}},\"126\":{\"modified\":\"1\",\"type\":\"device\",\"enabled\":\"1\",\"collapsed\":\"0\",\"level\":\"2\",\"fields\":{\"cb_deviceImage\":[\"157\"],\"cb_deviceVideo\":\"\",\"cb_deviceHeadline\":\"\",\"cb_deviceBody\":\"\"}},\"127\":{\"modified\":\"1\",\"type\":\"device\",\"enabled\":\"1\",\"collapsed\":\"0\",\"level\":\"2\",\"fields\":{\"cb_deviceImage\":[\"103\"],\"cb_deviceVideo\":\"\",\"cb_deviceHeadline\":\"\",\"cb_deviceBody\":\"\"}},\"128\":{\"modified\":\"1\",\"type\":\"cb_section\",\"enabled\":\"1\",\"collapsed\":\"0\",\"level\":\"0\",\"fields\":{\"cb_sectionTitle\":\"Lenses\",\"cb_sectionBackgroundColor\":\"white\"}},\"129\":{\"modified\":\"1\",\"type\":\"centeredTextLockup\",\"enabled\":\"1\",\"collapsed\":\"0\",\"level\":\"1\"},\"130\":{\"modified\":\"1\",\"type\":\"headline\",\"enabled\":\"1\",\"collapsed\":\"0\",\"level\":\"2\",\"fields\":{\"cb_headline\":\"Lenses\"}},\"131\":{\"modified\":\"1\",\"type\":\"subhead\",\"enabled\":\"1\",\"collapsed\":\"0\",\"level\":\"2\",\"fields\":{\"cb_subhead\":\"Lenses are the most playful and memorable way to increase awareness, on a massive scale. With one tap, you can invite Snapchatters into your world \\u2014 and your story.\"}},\"132\":{\"modified\":\"1\",\"type\":\"mobileDeviceGrid\",\"enabled\":\"1\",\"collapsed\":\"0\",\"level\":\"1\",\"fields\":{\"cb_chillahTooltip\":\"\"}},\"133\":{\"modified\":\"1\",\"type\":\"device\",\"enabled\":\"1\",\"collapsed\":\"0\",\"level\":\"2\",\"fields\":{\"cb_deviceImage\":[\"159\"],\"cb_deviceVideo\":\"\",\"cb_deviceHeadline\":\"\",\"cb_deviceBody\":\"\"}},\"134\":{\"modified\":\"1\",\"type\":\"device\",\"enabled\":\"1\",\"collapsed\":\"0\",\"level\":\"2\",\"fields\":{\"cb_deviceImage\":[\"151\"],\"cb_deviceVideo\":\"\",\"cb_deviceHeadline\":\"\",\"cb_deviceBody\":\"\"}},\"135\":{\"modified\":\"1\",\"type\":\"device\",\"enabled\":\"1\",\"collapsed\":\"0\",\"level\":\"2\",\"fields\":{\"cb_deviceImage\":[\"161\"],\"cb_deviceVideo\":\"\",\"cb_deviceHeadline\":\"\",\"cb_deviceBody\":\"\"}},\"136\":{\"modified\":\"1\",\"type\":\"cb_section\",\"enabled\":\"1\",\"collapsed\":\"0\",\"level\":\"0\",\"fields\":{\"cb_sectionTitle\":\"Video\",\"cb_sectionBackgroundColor\":\"gray\"}},\"137\":{\"modified\":\"1\",\"type\":\"centeredTextLockup\",\"enabled\":\"1\",\"collapsed\":\"0\",\"level\":\"1\"},\"138\":{\"modified\":\"1\",\"type\":\"headline\",\"enabled\":\"1\",\"collapsed\":\"0\",\"level\":\"2\",\"fields\":{\"cb_headline\":\"See where your ads will run on Snapchat\"}}},\"16\":\"1\",\"15\":\"blue\",\"7\":\"solutions\"}}', '2017-07-26 23:47:16', '2017-07-26 23:47:16', '6440cb5e-0e49-46a1-a6d2-8db19d9564b9'),
 ('47', '98', '3', '1', 'en_us', '11', '', '{\"typeId\":\"3\",\"authorId\":\"1\",\"title\":\"Solutions\",\"slug\":\"solutions\",\"postDate\":1501109280,\"expiryDate\":null,\"enabled\":1,\"parentId\":\"\",\"fields\":{\"3\":{\"107\":{\"modified\":\"1\",\"type\":\"cb_section\",\"enabled\":\"1\",\"collapsed\":\"0\",\"level\":\"0\",\"fields\":{\"cb_sectionTitle\":\"Overview\",\"cb_sectionBackgroundColor\":\"gray\"}},\"108\":{\"modified\":\"1\",\"type\":\"centeredTextLockup\",\"enabled\":\"1\",\"collapsed\":\"0\",\"level\":\"1\"},\"109\":{\"modified\":\"1\",\"type\":\"headline\",\"enabled\":\"1\",\"collapsed\":\"0\",\"level\":\"2\",\"fields\":{\"cb_headline\":\"Our ad products are fun and effective, for every objective\"}},\"110\":{\"modified\":\"1\",\"type\":\"mobileDeviceGrid\",\"enabled\":\"1\",\"collapsed\":\"0\",\"level\":\"1\",\"fields\":{\"cb_chillahTooltip\":\"\"}},\"111\":{\"modified\":\"1\",\"type\":\"device\",\"enabled\":\"1\",\"collapsed\":\"0\",\"level\":\"2\",\"fields\":{\"cb_devicePosterImage\":[\"100\"],\"cb_deviceVideo\":\"\"}},\"168\":{\"modified\":\"1\",\"type\":\"deviceText\",\"enabled\":\"1\",\"collapsed\":\"0\",\"level\":\"3\",\"fields\":{\"cb_headline\":\"Snap Ads\",\"cb_subhead\":\"Captivate your audience with full-screen Snap Ads.\"}},\"112\":{\"modified\":\"1\",\"type\":\"device\",\"enabled\":\"1\",\"collapsed\":\"0\",\"level\":\"2\",\"fields\":{\"cb_devicePosterImage\":[\"99\"],\"cb_deviceVideo\":\"\"}},\"169\":{\"modified\":\"1\",\"type\":\"deviceText\",\"enabled\":\"1\",\"collapsed\":\"0\",\"level\":\"3\",\"fields\":{\"cb_headline\":\"Filters\",\"cb_subhead\":\"Own a place or event with location-based Filters.\"}},\"113\":{\"modified\":\"1\",\"type\":\"device\",\"enabled\":\"1\",\"collapsed\":\"0\",\"level\":\"2\",\"fields\":{\"cb_devicePosterImage\":[\"160\"],\"cb_deviceVideo\":\"\"}},\"170\":{\"modified\":\"1\",\"type\":\"deviceText\",\"enabled\":\"1\",\"collapsed\":\"0\",\"level\":\"3\",\"fields\":{\"cb_headline\":\"Lenses\",\"cb_subhead\":\"Invite customers to play and share with Lenses.\"}},\"144\":{\"modified\":\"1\",\"type\":\"cb_section\",\"enabled\":\"1\",\"collapsed\":\"0\",\"level\":\"0\",\"fields\":{\"cb_sectionTitle\":\"Snap Ads\",\"cb_sectionBackgroundColor\":\"white\"}},\"162\":{\"modified\":\"1\",\"type\":\"deviceTabs\",\"enabled\":\"1\",\"collapsed\":\"0\",\"level\":\"1\",\"fields\":{\"cb_chillahTooltip\":{\"163\":{\"type\":\"tooltip\",\"enabled\":\"1\",\"fields\":{\"chillah\":[\"141\"],\"tooltipText\":\"<p>On average, over 10 billion videos are watched on Snapchat every day.<sup>1<\\/sup><\\/p>\",\"location\":\"topLeft\"}}}}},\"164\":{\"modified\":\"1\",\"type\":\"deviceTab\",\"enabled\":\"1\",\"collapsed\":\"0\",\"level\":\"2\",\"fields\":{\"cb_tabImage\":[\"145\"],\"tabLabel\":\"Snap Ads\",\"cb_tabDescription\":\"Snap Ads are full-screen, 100% viewable, and have audio on by default.\",\"cb_devicePosterImage\":[\"152\"],\"cb_deviceVideo\":\"\"}},\"165\":{\"modified\":\"1\",\"type\":\"deviceTab\",\"enabled\":\"1\",\"collapsed\":\"0\",\"level\":\"2\",\"fields\":{\"cb_tabImage\":[\"146\"],\"tabLabel\":\"+ Web View\",\"cb_tabDescription\":\"Drive traffic to your pre-loaded website. With our Auto-Fill feature, Snapchatters can send you their account email and more by just tapping.\",\"cb_devicePosterImage\":[\"102\"],\"cb_deviceVideo\":\"\"}},\"166\":{\"modified\":\"1\",\"type\":\"deviceTab\",\"enabled\":\"1\",\"collapsed\":\"0\",\"level\":\"2\",\"fields\":{\"cb_tabImage\":[\"147\"],\"tabLabel\":\"+ App Install\",\"cb_tabDescription\":\"Drive installs for your app with a swipe and a tap. Snapchatters can even install your app without leaving ours.\",\"cb_devicePosterImage\":[\"154\"],\"cb_deviceVideo\":\"\"}},\"167\":{\"modified\":\"1\",\"type\":\"deviceTab\",\"enabled\":\"1\",\"collapsed\":\"0\",\"level\":\"2\",\"fields\":{\"cb_tabImage\":[\"148\"],\"tabLabel\":\"+ Long Form Video\",\"cb_tabDescription\":\"Drive views for your trailer, short film, how-to, or any other video.\",\"cb_devicePosterImage\":[\"105\"],\"cb_deviceVideo\":\"\"}},\"114\":{\"modified\":\"1\",\"type\":\"cb_section\",\"enabled\":\"1\",\"collapsed\":\"0\",\"level\":\"0\",\"fields\":{\"cb_sectionTitle\":\"Snap Ads\",\"cb_sectionBackgroundColor\":\"white\"}},\"115\":{\"modified\":\"1\",\"type\":\"centeredTextLockup\",\"enabled\":\"1\",\"collapsed\":\"0\",\"level\":\"1\"},\"116\":{\"modified\":\"1\",\"type\":\"headline\",\"enabled\":\"1\",\"collapsed\":\"0\",\"level\":\"2\",\"fields\":{\"cb_headline\":\"Snap Ads\"}},\"117\":{\"modified\":\"1\",\"type\":\"subhead\",\"enabled\":\"1\",\"collapsed\":\"0\",\"level\":\"2\",\"fields\":{\"cb_subhead\":\"The original vertical video ad \\u2014 now with attachments customized for your objectives.\"}},\"118\":{\"modified\":\"1\",\"type\":\"cb_section\",\"enabled\":\"1\",\"collapsed\":\"0\",\"level\":\"0\",\"fields\":{\"cb_sectionTitle\":\"Filters\",\"cb_sectionBackgroundColor\":\"gray\"}},\"119\":{\"modified\":\"1\",\"type\":\"centeredTextLockup\",\"enabled\":\"1\",\"collapsed\":\"0\",\"level\":\"1\"},\"120\":{\"modified\":\"1\",\"type\":\"headline\",\"enabled\":\"1\",\"collapsed\":\"0\",\"level\":\"2\",\"fields\":{\"cb_headline\":\"Filters\"}},\"121\":{\"modified\":\"1\",\"type\":\"subhead\",\"enabled\":\"1\",\"collapsed\":\"0\",\"level\":\"2\",\"fields\":{\"cb_subhead\":\"Filters allow you to be where your product is bought, thought about, or consumed. Create your own Filter and drive awareness, advocacy, and action in one package.\"}},\"122\":{\"modified\":\"1\",\"type\":\"primaryButton\",\"enabled\":\"1\",\"collapsed\":\"0\",\"level\":\"2\",\"fields\":{\"cb_button\":{\"type\":\"custom\",\"custom\":\"http:\\/\\/geofilters.snapchat.com\",\"entry\":\"\",\"customText\":\"Create A Filter\",\"target\":\"_blank\"}}},\"123\":{\"modified\":\"1\",\"type\":\"secondaryButton\",\"enabled\":\"1\",\"collapsed\":\"0\",\"level\":\"2\",\"fields\":{\"cb_button\":{\"type\":\"custom\",\"custom\":\"https:\\/\\/businesshelp.snapchat.com\\/en-US\\/article\\/create-geofilter\",\"entry\":\"\",\"customText\":\"View Guidelines\",\"target\":\"\"}}},\"124\":{\"modified\":\"1\",\"type\":\"mobileDeviceGrid\",\"enabled\":\"1\",\"collapsed\":\"0\",\"level\":\"1\",\"fields\":{\"cb_chillahTooltip\":{\"140\":{\"type\":\"tooltip\",\"enabled\":\"1\",\"fields\":{\"chillah\":[\"143\"],\"tooltipText\":\"<p>On average, more than a billion Snaps with Filters are viewed every day.<sup>1<\\/sup><\\/p>\",\"location\":\"topRight\"}}}}},\"125\":{\"modified\":\"1\",\"type\":\"device\",\"enabled\":\"1\",\"collapsed\":\"0\",\"level\":\"2\",\"fields\":{\"cb_devicePosterImage\":[\"101\"],\"cb_deviceVideo\":\"\"}},\"126\":{\"modified\":\"1\",\"type\":\"device\",\"enabled\":\"1\",\"collapsed\":\"0\",\"level\":\"2\",\"fields\":{\"cb_devicePosterImage\":[\"157\"],\"cb_deviceVideo\":\"\"}},\"127\":{\"modified\":\"1\",\"type\":\"device\",\"enabled\":\"1\",\"collapsed\":\"0\",\"level\":\"2\",\"fields\":{\"cb_devicePosterImage\":[\"103\"],\"cb_deviceVideo\":\"\"}},\"128\":{\"modified\":\"1\",\"type\":\"cb_section\",\"enabled\":\"1\",\"collapsed\":\"0\",\"level\":\"0\",\"fields\":{\"cb_sectionTitle\":\"Lenses\",\"cb_sectionBackgroundColor\":\"white\"}},\"129\":{\"modified\":\"1\",\"type\":\"centeredTextLockup\",\"enabled\":\"1\",\"collapsed\":\"0\",\"level\":\"1\"},\"130\":{\"modified\":\"1\",\"type\":\"headline\",\"enabled\":\"1\",\"collapsed\":\"0\",\"level\":\"2\",\"fields\":{\"cb_headline\":\"Lenses\"}},\"131\":{\"modified\":\"1\",\"type\":\"subhead\",\"enabled\":\"1\",\"collapsed\":\"0\",\"level\":\"2\",\"fields\":{\"cb_subhead\":\"Lenses are the most playful and memorable way to increase awareness, on a massive scale. With one tap, you can invite Snapchatters into your world \\u2014 and your story.\"}},\"132\":{\"modified\":\"1\",\"type\":\"mobileDeviceGrid\",\"enabled\":\"1\",\"collapsed\":\"0\",\"level\":\"1\",\"fields\":{\"cb_chillahTooltip\":\"\"}},\"133\":{\"modified\":\"1\",\"type\":\"device\",\"enabled\":\"1\",\"collapsed\":\"0\",\"level\":\"2\",\"fields\":{\"cb_devicePosterImage\":[\"159\"],\"cb_deviceVideo\":\"\"}},\"134\":{\"modified\":\"1\",\"type\":\"device\",\"enabled\":\"1\",\"collapsed\":\"0\",\"level\":\"2\",\"fields\":{\"cb_devicePosterImage\":[\"151\"],\"cb_deviceVideo\":\"\"}},\"135\":{\"modified\":\"1\",\"type\":\"device\",\"enabled\":\"1\",\"collapsed\":\"0\",\"level\":\"2\",\"fields\":{\"cb_devicePosterImage\":[\"161\"],\"cb_deviceVideo\":\"\"}},\"136\":{\"modified\":\"1\",\"type\":\"cb_section\",\"enabled\":\"1\",\"collapsed\":\"0\",\"level\":\"0\",\"fields\":{\"cb_sectionTitle\":\"Video\",\"cb_sectionBackgroundColor\":\"gray\"}},\"137\":{\"modified\":\"1\",\"type\":\"centeredTextLockup\",\"enabled\":\"1\",\"collapsed\":\"0\",\"level\":\"1\"},\"138\":{\"modified\":\"1\",\"type\":\"headline\",\"enabled\":\"1\",\"collapsed\":\"0\",\"level\":\"2\",\"fields\":{\"cb_headline\":\"See where your ads will run on Snapchat\"}}},\"16\":\"1\",\"15\":\"blue\",\"7\":\"solutions\"}}', '2017-07-26 23:52:20', '2017-07-26 23:52:20', '9fae9c83-a9b7-4e24-aaa2-054514ba7760'),
 ('69', '98', '3', '1', 'en_us', '12', '', '{\"typeId\":\"3\",\"authorId\":\"1\",\"title\":\"Solutions\",\"slug\":\"solutions\",\"postDate\":1501109280,\"expiryDate\":null,\"enabled\":1,\"parentId\":\"\",\"fields\":{\"3\":{\"107\":{\"modified\":\"1\",\"type\":\"newSection\",\"enabled\":\"1\",\"collapsed\":\"0\",\"level\":\"0\",\"fields\":{\"sectionTitle\":\"Overview\",\"sectionBackgroundColor\":\"gray\"}},\"108\":{\"modified\":\"1\",\"type\":\"centeredTextLockup\",\"enabled\":\"1\",\"collapsed\":\"0\",\"level\":\"1\",\"fields\":{\"image\":\"\",\"headline\":\"Our ad products are fun and effective, for every objective\",\"subhead\":\"\",\"ctaButtons\":\"\"}},\"110\":{\"modified\":\"1\",\"type\":\"mobileDeviceGrid\",\"enabled\":\"1\",\"collapsed\":\"0\",\"level\":\"1\",\"fields\":{\"mobileDevices\":{\"new1\":{\"type\":\"device\",\"enabled\":\"1\",\"fields\":{\"video\":\"\",\"posterImage\":\"\",\"headline\":\"\",\"subhead\":\"\"}}},\"chillahTooltip\":\"\"}},\"144\":{\"modified\":\"1\",\"type\":\"newSection\",\"enabled\":\"1\",\"collapsed\":\"0\",\"level\":\"0\",\"fields\":{\"sectionTitle\":\"Snap Ads\",\"sectionBackgroundColor\":\"white\"}},\"162\":{\"modified\":\"1\",\"type\":\"deviceTabs\",\"enabled\":\"1\",\"collapsed\":\"0\",\"level\":\"1\",\"fields\":{\"deviceTab\":\"\",\"chillahTooltip\":{\"163\":{\"type\":\"tooltip\",\"enabled\":\"1\",\"fields\":{\"chillah\":[\"141\"],\"tooltipText\":\"<p>On average, over 10 billion videos are watched on Snapchat every day.<sup>1<\\/sup><\\/p>\",\"location\":\"topLeft\"}}}}},\"114\":{\"modified\":\"1\",\"type\":\"newSection\",\"enabled\":\"1\",\"collapsed\":\"0\",\"level\":\"0\",\"fields\":{\"sectionTitle\":\"Snap Ads\",\"sectionBackgroundColor\":\"white\"}},\"115\":{\"modified\":\"1\",\"type\":\"centeredTextLockup\",\"enabled\":\"1\",\"collapsed\":\"0\",\"level\":\"1\",\"fields\":{\"image\":\"\",\"headline\":\"\",\"subhead\":\"\",\"ctaButtons\":\"\"}},\"118\":{\"modified\":\"1\",\"type\":\"newSection\",\"enabled\":\"1\",\"collapsed\":\"0\",\"level\":\"0\",\"fields\":{\"sectionTitle\":\"Filters\",\"sectionBackgroundColor\":\"gray\"}},\"119\":{\"modified\":\"1\",\"type\":\"centeredTextLockup\",\"enabled\":\"1\",\"collapsed\":\"0\",\"level\":\"1\",\"fields\":{\"image\":\"\",\"headline\":\"\",\"subhead\":\"\",\"ctaButtons\":\"\"}},\"124\":{\"modified\":\"1\",\"type\":\"mobileDeviceGrid\",\"enabled\":\"1\",\"collapsed\":\"0\",\"level\":\"1\",\"fields\":{\"mobileDevices\":\"\",\"chillahTooltip\":{\"140\":{\"type\":\"tooltip\",\"enabled\":\"1\",\"fields\":{\"chillah\":[\"143\"],\"tooltipText\":\"<p>On average, more than a billion Snaps with Filters are viewed every day.<sup>1<\\/sup><\\/p>\",\"location\":\"topRight\"}}}}},\"128\":{\"modified\":\"1\",\"type\":\"newSection\",\"enabled\":\"1\",\"collapsed\":\"0\",\"level\":\"0\",\"fields\":{\"sectionTitle\":\"Lenses\",\"sectionBackgroundColor\":\"white\"}},\"129\":{\"modified\":\"1\",\"type\":\"centeredTextLockup\",\"enabled\":\"1\",\"collapsed\":\"0\",\"level\":\"1\",\"fields\":{\"image\":\"\",\"headline\":\"\",\"subhead\":\"\",\"ctaButtons\":\"\"}},\"132\":{\"modified\":\"1\",\"type\":\"mobileDeviceGrid\",\"enabled\":\"1\",\"collapsed\":\"0\",\"level\":\"1\",\"fields\":{\"mobileDevices\":\"\",\"chillahTooltip\":\"\"}},\"136\":{\"modified\":\"1\",\"type\":\"newSection\",\"enabled\":\"1\",\"collapsed\":\"0\",\"level\":\"0\",\"fields\":{\"sectionTitle\":\"Video\",\"sectionBackgroundColor\":\"gray\"}},\"137\":{\"modified\":\"1\",\"type\":\"centeredTextLockup\",\"enabled\":\"1\",\"collapsed\":\"0\",\"level\":\"1\",\"fields\":{\"image\":\"\",\"headline\":\"\",\"subhead\":\"\",\"ctaButtons\":\"\"}}},\"16\":\"1\",\"15\":\"blue\",\"7\":\"solutions\"}}', '2017-08-03 18:46:17', '2017-08-03 18:46:17', '9d8c69c2-723b-452c-b9d1-1d74257d9dc2'),
 ('70', '98', '3', '1', 'en_us', '13', '', '{\"typeId\":\"3\",\"authorId\":\"1\",\"title\":\"Solutions\",\"slug\":\"solutions\",\"postDate\":1501109280,\"expiryDate\":null,\"enabled\":1,\"parentId\":\"\",\"fields\":{\"3\":{\"107\":{\"modified\":\"1\",\"type\":\"newSection\",\"enabled\":\"1\",\"collapsed\":\"0\",\"level\":\"0\",\"fields\":{\"sectionTitle\":\"Overview\",\"sectionBackgroundColor\":\"gray\"}},\"108\":{\"modified\":\"1\",\"type\":\"centeredTextLockup\",\"enabled\":\"1\",\"collapsed\":\"0\",\"level\":\"1\",\"fields\":{\"image\":\"\",\"headline\":\"Our ad products are fun and effective, for every objective\",\"subhead\":\"\",\"ctaButtons\":\"\"}},\"110\":{\"modified\":\"1\",\"type\":\"mobileDeviceGrid\",\"enabled\":\"1\",\"collapsed\":\"0\",\"level\":\"1\",\"fields\":{\"mobileDevices\":{\"206\":{\"type\":\"device\",\"enabled\":\"1\",\"fields\":{\"video\":\"\",\"posterImage\":[\"100\"],\"headline\":\"Snap Ads\",\"subhead\":\"Captivate your audience with full-screen Snap Ads.\"}},\"new1\":{\"type\":\"device\",\"enabled\":\"1\",\"fields\":{\"video\":\"\",\"posterImage\":[\"99\"],\"headline\":\"Filters\",\"subhead\":\"Own a place or event with location-based Filters.\"}},\"new2\":{\"type\":\"device\",\"enabled\":\"1\",\"fields\":{\"video\":\"\",\"posterImage\":[\"160\"],\"headline\":\"Lenses\",\"subhead\":\"Invite customers to play and share with Lenses.\"}}},\"chillahTooltip\":\"\"}},\"144\":{\"modified\":\"1\",\"type\":\"newSection\",\"enabled\":\"1\",\"collapsed\":\"0\",\"level\":\"0\",\"fields\":{\"sectionTitle\":\"Snap Ads\",\"sectionBackgroundColor\":\"white\"}},\"new0\":{\"modified\":\"1\",\"type\":\"centeredTextLockup\",\"enabled\":\"1\",\"collapsed\":\"0\",\"level\":\"1\",\"fields\":{\"image\":\"\",\"headline\":\"Snap Ads\",\"subhead\":\"The original vertical video ad \\u2014 now with attachments customized for your objectives.\",\"ctaButtons\":\"\"}},\"162\":{\"modified\":\"1\",\"type\":\"deviceTabs\",\"enabled\":\"1\",\"collapsed\":\"0\",\"level\":\"1\",\"fields\":{\"deviceTab\":{\"new1\":{\"type\":\"tab\",\"enabled\":\"1\",\"fields\":{\"image\":[\"152\"],\"label\":\"Snap ads\",\"description\":\"Snap Ads are full-screen, 100% viewable, and have audio on by default.\"}},\"new2\":{\"type\":\"tab\",\"enabled\":\"1\",\"fields\":{\"image\":\"\",\"label\":\"+ Web View\",\"description\":\"\"}}},\"chillahTooltip\":{\"163\":{\"type\":\"tooltip\",\"enabled\":\"1\",\"fields\":{\"chillah\":[\"141\"],\"tooltipText\":\"<p>On average, over 10 billion videos are watched on Snapchat every day.<sup>1<\\/sup><\\/p>\",\"location\":\"topLeft\"}}}}},\"114\":{\"modified\":\"1\",\"type\":\"newSection\",\"enabled\":\"1\",\"collapsed\":\"0\",\"level\":\"0\",\"fields\":{\"sectionTitle\":\"Snap Ads\",\"sectionBackgroundColor\":\"white\"}},\"115\":{\"modified\":\"1\",\"type\":\"centeredTextLockup\",\"enabled\":\"1\",\"collapsed\":\"0\",\"level\":\"1\",\"fields\":{\"image\":\"\",\"headline\":\"\",\"subhead\":\"\",\"ctaButtons\":\"\"}},\"118\":{\"modified\":\"1\",\"type\":\"newSection\",\"enabled\":\"1\",\"collapsed\":\"0\",\"level\":\"0\",\"fields\":{\"sectionTitle\":\"Filters\",\"sectionBackgroundColor\":\"gray\"}},\"119\":{\"modified\":\"1\",\"type\":\"centeredTextLockup\",\"enabled\":\"1\",\"collapsed\":\"0\",\"level\":\"1\",\"fields\":{\"image\":\"\",\"headline\":\"\",\"subhead\":\"\",\"ctaButtons\":\"\"}},\"124\":{\"modified\":\"1\",\"type\":\"mobileDeviceGrid\",\"enabled\":\"1\",\"collapsed\":\"0\",\"level\":\"1\",\"fields\":{\"mobileDevices\":\"\",\"chillahTooltip\":{\"140\":{\"type\":\"tooltip\",\"enabled\":\"1\",\"fields\":{\"chillah\":[\"143\"],\"tooltipText\":\"<p>On average, more than a billion Snaps with Filters are viewed every day.<sup>1<\\/sup><\\/p>\",\"location\":\"topRight\"}}}}},\"128\":{\"modified\":\"1\",\"type\":\"newSection\",\"enabled\":\"1\",\"collapsed\":\"0\",\"level\":\"0\",\"fields\":{\"sectionTitle\":\"Lenses\",\"sectionBackgroundColor\":\"white\"}},\"129\":{\"modified\":\"1\",\"type\":\"centeredTextLockup\",\"enabled\":\"1\",\"collapsed\":\"0\",\"level\":\"1\",\"fields\":{\"image\":\"\",\"headline\":\"\",\"subhead\":\"\",\"ctaButtons\":\"\"}},\"132\":{\"modified\":\"1\",\"type\":\"mobileDeviceGrid\",\"enabled\":\"1\",\"collapsed\":\"0\",\"level\":\"1\",\"fields\":{\"mobileDevices\":\"\",\"chillahTooltip\":\"\"}},\"136\":{\"modified\":\"1\",\"type\":\"newSection\",\"enabled\":\"1\",\"collapsed\":\"0\",\"level\":\"0\",\"fields\":{\"sectionTitle\":\"Video\",\"sectionBackgroundColor\":\"gray\"}},\"137\":{\"modified\":\"1\",\"type\":\"centeredTextLockup\",\"enabled\":\"1\",\"collapsed\":\"0\",\"level\":\"1\",\"fields\":{\"image\":\"\",\"headline\":\"\",\"subhead\":\"\",\"ctaButtons\":\"\"}}},\"16\":\"1\",\"15\":\"blue\",\"7\":\"solutions\"}}', '2017-08-03 18:50:27', '2017-08-03 18:50:27', '021e60e7-d6c1-4529-b4a3-bdf541b70b1b'),
 ('71', '98', '3', '1', 'en_us', '14', '', '{\"typeId\":\"3\",\"authorId\":\"1\",\"title\":\"Solutions\",\"slug\":\"solutions\",\"postDate\":1501109280,\"expiryDate\":null,\"enabled\":1,\"parentId\":\"\",\"fields\":{\"3\":{\"107\":{\"modified\":\"1\",\"type\":\"newSection\",\"enabled\":\"1\",\"collapsed\":\"0\",\"level\":\"0\",\"fields\":{\"sectionTitle\":\"Overview\",\"sectionBackgroundColor\":\"gray\"}},\"108\":{\"modified\":\"1\",\"type\":\"centeredTextLockup\",\"enabled\":\"1\",\"collapsed\":\"0\",\"level\":\"1\",\"fields\":{\"image\":\"\",\"headline\":\"Our ad products are fun and effective, for every objective\",\"subhead\":\"\",\"ctaButtons\":\"\"}},\"110\":{\"modified\":\"1\",\"type\":\"mobileDeviceGrid\",\"enabled\":\"1\",\"collapsed\":\"0\",\"level\":\"1\",\"fields\":{\"mobileDevices\":{\"206\":{\"type\":\"device\",\"enabled\":\"1\",\"fields\":{\"video\":\"\",\"posterImage\":[\"100\"],\"headline\":\"Snap Ads\",\"subhead\":\"Captivate your audience with full-screen Snap Ads.\"}},\"207\":{\"type\":\"device\",\"enabled\":\"1\",\"fields\":{\"video\":\"\",\"posterImage\":[\"99\"],\"headline\":\"Filters\",\"subhead\":\"Own a place or event with location-based Filters.\"}},\"208\":{\"type\":\"device\",\"enabled\":\"1\",\"fields\":{\"video\":\"\",\"posterImage\":[\"160\"],\"headline\":\"Lenses\",\"subhead\":\"Invite customers to play and share with Lenses.\"}}},\"chillahTooltip\":\"\"}},\"144\":{\"modified\":\"1\",\"type\":\"newSection\",\"enabled\":\"1\",\"collapsed\":\"0\",\"level\":\"0\",\"fields\":{\"sectionTitle\":\"Snap Ads\",\"sectionBackgroundColor\":\"white\"}},\"209\":{\"modified\":\"1\",\"type\":\"centeredTextLockup\",\"enabled\":\"1\",\"collapsed\":\"0\",\"level\":\"1\",\"fields\":{\"image\":\"\",\"headline\":\"Snap Ads\",\"subhead\":\"The original vertical video ad \\u2014 now with attachments customized for your objectives.\",\"ctaButtons\":\"\"}},\"162\":{\"modified\":\"1\",\"type\":\"deviceTabs\",\"enabled\":\"1\",\"collapsed\":\"0\",\"level\":\"1\",\"fields\":{\"deviceTab\":{\"210\":{\"type\":\"tab\",\"enabled\":\"1\",\"fields\":{\"deviceAsset\":[\"152\"],\"tabImage\":[\"145\"],\"tabLabel\":\"Snap ads\",\"description\":\"Snap Ads are full-screen, 100% viewable, and have audio on by default.\"}},\"211\":{\"type\":\"tab\",\"enabled\":\"1\",\"fields\":{\"deviceAsset\":[\"102\"],\"tabImage\":[\"146\"],\"tabLabel\":\"+ Web View\",\"description\":\"Drive traffic to your pre-loaded website. With our Auto-Fill feature, Snapchatters can send you their account email and more by just tapping.\"}}},\"chillahTooltip\":{\"163\":{\"type\":\"tooltip\",\"enabled\":\"1\",\"fields\":{\"chillah\":[\"141\"],\"tooltipText\":\"<p>On average, over 10 billion videos are watched on Snapchat every day.<sup>1<\\/sup><\\/p>\",\"location\":\"topLeft\"}}}}},\"118\":{\"modified\":\"1\",\"type\":\"newSection\",\"enabled\":\"1\",\"collapsed\":\"0\",\"level\":\"0\",\"fields\":{\"sectionTitle\":\"Filters\",\"sectionBackgroundColor\":\"gray\"}},\"119\":{\"modified\":\"1\",\"type\":\"centeredTextLockup\",\"enabled\":\"1\",\"collapsed\":\"0\",\"level\":\"1\",\"fields\":{\"image\":\"\",\"headline\":\"Filters\",\"subhead\":\"Filters allow you to be where your product is bought, thought about, or consumed. Create your own Filter and drive awareness, advocacy, and action in one package.\",\"ctaButtons\":{\"new1\":{\"type\":\"primaryButton\",\"enabled\":\"1\",\"fields\":{\"button\":{\"type\":\"custom\",\"custom\":\"https:\\/\\/geofilters.snapchat.com\",\"entry\":\"\",\"customText\":\"Create A Filter\",\"target\":\"_blank\"}}},\"new2\":{\"type\":\"secondaryButton\",\"enabled\":\"1\",\"fields\":{\"button\":{\"type\":\"custom\",\"custom\":\"https:\\/\\/businesshelp.snapchat.com\\/en-US\\/article\\/create-geofilter\",\"entry\":\"\",\"customText\":\"View Guidelines\",\"target\":\"_blank\"}}}}}},\"124\":{\"modified\":\"1\",\"type\":\"mobileDeviceGrid\",\"enabled\":\"1\",\"collapsed\":\"0\",\"level\":\"1\",\"fields\":{\"mobileDevices\":{\"new1\":{\"type\":\"device\",\"enabled\":\"1\",\"fields\":{\"video\":\"\",\"posterImage\":[\"101\"],\"headline\":\"\",\"subhead\":\"\"}},\"new2\":{\"type\":\"device\",\"enabled\":\"1\",\"fields\":{\"video\":\"\",\"posterImage\":[\"157\"],\"headline\":\"\",\"subhead\":\"\"}},\"new3\":{\"type\":\"device\",\"enabled\":\"1\",\"fields\":{\"video\":\"\",\"posterImage\":[\"103\"],\"headline\":\"\",\"subhead\":\"\"}}},\"chillahTooltip\":{\"140\":{\"type\":\"tooltip\",\"enabled\":\"1\",\"fields\":{\"chillah\":[\"143\"],\"tooltipText\":\"<p>On average, more than a billion Snaps with Filters are viewed every day.<sup>1<\\/sup><\\/p>\",\"location\":\"topRight\"}}}}},\"128\":{\"modified\":\"1\",\"type\":\"newSection\",\"enabled\":\"1\",\"collapsed\":\"0\",\"level\":\"0\",\"fields\":{\"sectionTitle\":\"Lenses\",\"sectionBackgroundColor\":\"white\"}},\"129\":{\"modified\":\"1\",\"type\":\"centeredTextLockup\",\"enabled\":\"1\",\"collapsed\":\"0\",\"level\":\"1\",\"fields\":{\"image\":\"\",\"headline\":\"Lenses\",\"subhead\":\"Lenses are the most playful and memorable way to increase awareness, on a massive scale. With one tap, you can invite Snapchatters into your world \\u2014 and your story.\",\"ctaButtons\":\"\"}},\"132\":{\"modified\":\"1\",\"type\":\"mobileDeviceGrid\",\"enabled\":\"1\",\"collapsed\":\"0\",\"level\":\"1\",\"fields\":{\"mobileDevices\":{\"new1\":{\"type\":\"device\",\"enabled\":\"1\",\"fields\":{\"video\":\"\",\"posterImage\":[\"159\"],\"headline\":\"\",\"subhead\":\"\"}},\"new2\":{\"type\":\"device\",\"enabled\":\"1\",\"fields\":{\"video\":\"\",\"posterImage\":[\"151\"],\"headline\":\"\",\"subhead\":\"\"}},\"new3\":{\"type\":\"device\",\"enabled\":\"1\",\"fields\":{\"video\":\"\",\"posterImage\":[\"161\"],\"headline\":\"\",\"subhead\":\"\"}}},\"chillahTooltip\":{\"new1\":{\"type\":\"tooltip\",\"enabled\":\"1\",\"fields\":{\"chillah\":[\"142\"],\"tooltipText\":\"<p>The best lenses average more than 20 seconds of play time!<sup>1<\\/sup><\\/p>\",\"location\":\"topRight\"}}}}},\"136\":{\"modified\":\"1\",\"type\":\"newSection\",\"enabled\":\"1\",\"collapsed\":\"0\",\"level\":\"0\",\"fields\":{\"sectionTitle\":\"Video\",\"sectionBackgroundColor\":\"gray\"}},\"137\":{\"modified\":\"1\",\"type\":\"centeredTextLockup\",\"enabled\":\"1\",\"collapsed\":\"0\",\"level\":\"1\",\"fields\":{\"image\":\"\",\"headline\":\"See where your ads will run on Snapchat\",\"subhead\":\"\",\"ctaButtons\":\"\"}},\"new1\":{\"modified\":\"1\",\"type\":\"centeredVideo\",\"enabled\":\"1\",\"collapsed\":\"0\",\"level\":\"1\",\"fields\":{\"video\":\"\",\"assetWidth\":\"wide\"}}},\"16\":\"1\",\"15\":\"blue\",\"7\":\"solutions\"}}', '2017-08-03 19:02:45', '2017-08-03 19:02:45', 'e306d9d1-1fc9-4034-baee-92e4f7d9ea60'),
 ('79', '98', '3', '1', 'en_us', '15', '', '{\"typeId\":\"3\",\"authorId\":\"1\",\"title\":\"Solutions\",\"slug\":\"solutions\",\"postDate\":1501109280,\"expiryDate\":null,\"enabled\":1,\"parentId\":\"\",\"fields\":{\"3\":{\"107\":{\"modified\":\"1\",\"type\":\"newSection\",\"enabled\":\"1\",\"collapsed\":\"0\",\"level\":\"0\",\"fields\":{\"sectionTitle\":\"Overview\",\"sectionBackgroundColor\":\"gray\"}},\"108\":{\"modified\":\"1\",\"type\":\"centeredTextLockup\",\"enabled\":\"1\",\"collapsed\":\"0\",\"level\":\"1\",\"fields\":{\"image\":\"\",\"headline\":\"Our ad products are fun and effective, for every objective\",\"subhead\":\"\",\"ctaButtons\":\"\"}},\"110\":{\"modified\":\"1\",\"type\":\"mobileDeviceGrid\",\"enabled\":\"1\",\"collapsed\":\"0\",\"level\":\"1\",\"fields\":{\"mobileDevices\":{\"206\":{\"type\":\"device\",\"enabled\":\"1\",\"fields\":{\"videoUrl\":\"https:\\/\\/storage.googleapis.com\\/snapchat-web\\/marketing\\/solutions\\/product-examples\\/postmates.mp4\",\"posterImage\":[\"100\"],\"headline\":\"Snap Ads\",\"subhead\":\"Captivate your audience with full-screen Snap Ads.\"}},\"207\":{\"type\":\"device\",\"enabled\":\"1\",\"fields\":{\"videoUrl\":\"https:\\/\\/storage.googleapis.com\\/snapchat-web\\/marketing\\/solutions\\/product-examples\\/philsdonuts.mp4\",\"posterImage\":[\"99\"],\"headline\":\"Filters\",\"subhead\":\"Own a place or event with location-based Filters.\"}},\"208\":{\"type\":\"device\",\"enabled\":\"1\",\"fields\":{\"videoUrl\":\"https:\\/\\/storage.googleapis.com\\/snapchat-web\\/marketing\\/solutions\\/product-examples\\/bloomingdales.mp4\",\"posterImage\":[\"160\"],\"headline\":\"Lenses\",\"subhead\":\"Invite customers to play and share with Lenses.\"}}},\"chillahTooltip\":\"\"}},\"144\":{\"modified\":\"1\",\"type\":\"newSection\",\"enabled\":\"1\",\"collapsed\":\"0\",\"level\":\"0\",\"fields\":{\"sectionTitle\":\"Snap Ads\",\"sectionBackgroundColor\":\"white\"}},\"209\":{\"modified\":\"1\",\"type\":\"centeredTextLockup\",\"enabled\":\"1\",\"collapsed\":\"0\",\"level\":\"1\",\"fields\":{\"image\":\"\",\"headline\":\"Snap Ads\",\"subhead\":\"The original vertical video ad \\u2014 now with attachments customized for your objectives.\",\"ctaButtons\":\"\"}},\"162\":{\"modified\":\"1\",\"type\":\"deviceTabs\",\"enabled\":\"1\",\"collapsed\":\"0\",\"level\":\"1\",\"fields\":{\"deviceTab\":{\"210\":{\"type\":\"tab\",\"enabled\":\"1\",\"fields\":{\"deviceVideo\":\"\",\"tabImage\":[\"145\"],\"tabLabel\":\"Snap ads\",\"description\":\"Snap Ads are full-screen, 100% viewable, and have audio on by default.\"}},\"211\":{\"type\":\"tab\",\"enabled\":\"1\",\"fields\":{\"deviceVideo\":\"\",\"tabImage\":[\"146\"],\"tabLabel\":\"+ Web View\",\"description\":\"Drive traffic to your pre-loaded website. With our Auto-Fill feature, Snapchatters can send you their account email and more by just tapping.\"}}},\"chillahTooltip\":{\"163\":{\"type\":\"tooltip\",\"enabled\":\"1\",\"fields\":{\"chillah\":[\"141\"],\"tooltipText\":\"<p>On average, over 10 billion videos are watched on Snapchat every day.<sup>1<\\/sup><\\/p>\",\"location\":\"topLeft\"}}}}},\"118\":{\"modified\":\"1\",\"type\":\"newSection\",\"enabled\":\"1\",\"collapsed\":\"0\",\"level\":\"0\",\"fields\":{\"sectionTitle\":\"Filters\",\"sectionBackgroundColor\":\"gray\"}},\"119\":{\"modified\":\"1\",\"type\":\"centeredTextLockup\",\"enabled\":\"1\",\"collapsed\":\"0\",\"level\":\"1\",\"fields\":{\"image\":\"\",\"headline\":\"Filters\",\"subhead\":\"Filters allow you to be where your product is bought, thought about, or consumed. Create your own Filter and drive awareness, advocacy, and action in one package.\",\"ctaButtons\":{\"212\":{\"type\":\"primaryButton\",\"enabled\":\"1\",\"fields\":{\"button\":{\"type\":\"custom\",\"custom\":\"https:\\/\\/geofilters.snapchat.com\",\"entry\":\"\",\"customText\":\"Create A Filter\",\"target\":\"_blank\"}}},\"213\":{\"type\":\"secondaryButton\",\"enabled\":\"1\",\"fields\":{\"button\":{\"type\":\"custom\",\"custom\":\"https:\\/\\/businesshelp.snapchat.com\\/en-US\\/article\\/create-geofilter\",\"entry\":\"\",\"customText\":\"View Guidelines\",\"target\":\"_blank\"}}}}}},\"124\":{\"modified\":\"1\",\"type\":\"mobileDeviceGrid\",\"enabled\":\"1\",\"collapsed\":\"0\",\"level\":\"1\",\"fields\":{\"mobileDevices\":{\"214\":{\"type\":\"device\",\"enabled\":\"1\",\"fields\":{\"videoUrl\":\"\",\"posterImage\":[\"101\"],\"headline\":\"\",\"subhead\":\"\"}},\"215\":{\"type\":\"device\",\"enabled\":\"1\",\"fields\":{\"videoUrl\":\"\",\"posterImage\":[\"157\"],\"headline\":\"\",\"subhead\":\"\"}},\"216\":{\"type\":\"device\",\"enabled\":\"1\",\"fields\":{\"videoUrl\":\"\",\"posterImage\":[\"103\"],\"headline\":\"\",\"subhead\":\"\"}}},\"chillahTooltip\":{\"140\":{\"type\":\"tooltip\",\"enabled\":\"1\",\"fields\":{\"chillah\":[\"143\"],\"tooltipText\":\"<p>On average, more than a billion Snaps with Filters are viewed every day.<sup>1<\\/sup><\\/p>\",\"location\":\"topRight\"}}}}},\"128\":{\"modified\":\"1\",\"type\":\"newSection\",\"enabled\":\"1\",\"collapsed\":\"0\",\"level\":\"0\",\"fields\":{\"sectionTitle\":\"Lenses\",\"sectionBackgroundColor\":\"white\"}},\"129\":{\"modified\":\"1\",\"type\":\"centeredTextLockup\",\"enabled\":\"1\",\"collapsed\":\"0\",\"level\":\"1\",\"fields\":{\"image\":\"\",\"headline\":\"Lenses\",\"subhead\":\"Lenses are the most playful and memorable way to increase awareness, on a massive scale. With one tap, you can invite Snapchatters into your world \\u2014 and your story.\",\"ctaButtons\":\"\"}},\"132\":{\"modified\":\"1\",\"type\":\"mobileDeviceGrid\",\"enabled\":\"1\",\"collapsed\":\"0\",\"level\":\"1\",\"fields\":{\"mobileDevices\":{\"217\":{\"type\":\"device\",\"enabled\":\"1\",\"fields\":{\"videoUrl\":\"\",\"posterImage\":[\"159\"],\"headline\":\"\",\"subhead\":\"\"}},\"218\":{\"type\":\"device\",\"enabled\":\"1\",\"fields\":{\"videoUrl\":\"\",\"posterImage\":[\"151\"],\"headline\":\"\",\"subhead\":\"\"}},\"219\":{\"type\":\"device\",\"enabled\":\"1\",\"fields\":{\"videoUrl\":\"\",\"posterImage\":[\"161\"],\"headline\":\"\",\"subhead\":\"\"}}},\"chillahTooltip\":{\"220\":{\"type\":\"tooltip\",\"enabled\":\"1\",\"fields\":{\"chillah\":[\"142\"],\"tooltipText\":\"<p>The best lenses average more than 20 seconds of play time!<sup>1<\\/sup><\\/p>\",\"location\":\"topRight\"}}}}},\"136\":{\"modified\":\"1\",\"type\":\"newSection\",\"enabled\":\"1\",\"collapsed\":\"0\",\"level\":\"0\",\"fields\":{\"sectionTitle\":\"Video\",\"sectionBackgroundColor\":\"gray\"}},\"137\":{\"modified\":\"1\",\"type\":\"centeredTextLockup\",\"enabled\":\"1\",\"collapsed\":\"0\",\"level\":\"1\",\"fields\":{\"image\":\"\",\"headline\":\"See where your ads will run on Snapchat\",\"subhead\":\"\",\"ctaButtons\":\"\"}},\"221\":{\"modified\":\"1\",\"type\":\"centeredVideo\",\"enabled\":\"1\",\"collapsed\":\"0\",\"level\":\"1\",\"fields\":{\"videoUrl\":\"\",\"assetWidth\":\"wide\"}}},\"16\":\"1\",\"15\":\"blue\",\"7\":\"solutions\"}}', '2017-08-07 18:20:21', '2017-08-07 18:20:21', '1348e9c7-343a-4c8c-a92c-2499b1144258'),
 ('80', '264', '8', '1', 'en_us', '1', NULL, '{\"typeId\":\"8\",\"authorId\":null,\"title\":\"Blog\",\"slug\":\"blog\",\"postDate\":1502141337,\"expiryDate\":null,\"enabled\":1,\"parentId\":null,\"fields\":[]}', '2017-08-07 21:28:57', '2017-08-07 21:28:57', '78897f0c-16b7-4eeb-a3a1-f48f82610870'),
 ('81', '264', '8', '1', 'en_us', '2', '', '{\"typeId\":null,\"authorId\":null,\"title\":\"Blog\",\"slug\":\"blog\",\"postDate\":1502141337,\"expiryDate\":null,\"enabled\":1,\"parentId\":null,\"fields\":{\"10\":\"Facts, tips, news, and more to inspire your next campaign\"}}', '2017-08-07 21:30:59', '2017-08-07 21:30:59', '77e47081-7a9c-48c4-a7ef-dfba6a974de4'),
 ('82', '98', '3', '1', 'en_us', '16', '', '{\"typeId\":\"3\",\"authorId\":\"1\",\"title\":\"Ad Products\",\"slug\":\"solutions\",\"postDate\":1501109280,\"expiryDate\":null,\"enabled\":1,\"parentId\":\"\",\"fields\":{\"3\":{\"107\":{\"modified\":\"1\",\"type\":\"newSection\",\"enabled\":\"1\",\"collapsed\":\"0\",\"level\":\"0\",\"fields\":{\"sectionTitle\":\"Overview\",\"sectionBackgroundColor\":\"gray\"}},\"108\":{\"modified\":\"1\",\"type\":\"centeredTextLockup\",\"enabled\":\"1\",\"collapsed\":\"0\",\"level\":\"1\",\"fields\":{\"image\":\"\",\"headline\":\"Our ad products are fun and effective, for every objective\",\"subhead\":\"\",\"ctaButtons\":\"\"}},\"110\":{\"modified\":\"1\",\"type\":\"mobileDeviceGrid\",\"enabled\":\"1\",\"collapsed\":\"0\",\"level\":\"1\",\"fields\":{\"mobileDevices\":{\"206\":{\"type\":\"device\",\"enabled\":\"1\",\"fields\":{\"videoUrl\":\"https:\\/\\/storage.googleapis.com\\/snapchat-web\\/marketing\\/solutions\\/product-examples\\/postmates.mp4\",\"posterImage\":[\"100\"],\"headline\":\"Snap Ads\",\"subhead\":\"Captivate your audience with full-screen Snap Ads.\"}},\"207\":{\"type\":\"device\",\"enabled\":\"1\",\"fields\":{\"videoUrl\":\"https:\\/\\/storage.googleapis.com\\/snapchat-web\\/marketing\\/solutions\\/product-examples\\/philsdonuts.mp4\",\"posterImage\":[\"99\"],\"headline\":\"Filters\",\"subhead\":\"Own a place or event with location-based Filters.\"}},\"208\":{\"type\":\"device\",\"enabled\":\"1\",\"fields\":{\"videoUrl\":\"https:\\/\\/storage.googleapis.com\\/snapchat-web\\/marketing\\/solutions\\/product-examples\\/bloomingdales.mp4\",\"posterImage\":[\"160\"],\"headline\":\"Lenses\",\"subhead\":\"Invite customers to play and share with Lenses.\"}}},\"chillahTooltip\":\"\"}},\"144\":{\"modified\":\"1\",\"type\":\"newSection\",\"enabled\":\"1\",\"collapsed\":\"0\",\"level\":\"0\",\"fields\":{\"sectionTitle\":\"Snap Ads\",\"sectionBackgroundColor\":\"white\"}},\"209\":{\"modified\":\"1\",\"type\":\"centeredTextLockup\",\"enabled\":\"1\",\"collapsed\":\"0\",\"level\":\"1\",\"fields\":{\"image\":\"\",\"headline\":\"Snap Ads\",\"subhead\":\"The original vertical video ad \\u2014 now with attachments customized for your objectives.\",\"ctaButtons\":\"\"}},\"162\":{\"modified\":\"1\",\"type\":\"deviceTabs\",\"enabled\":\"1\",\"collapsed\":\"0\",\"level\":\"1\",\"fields\":{\"deviceTab\":{\"210\":{\"type\":\"tab\",\"enabled\":\"1\",\"fields\":{\"deviceVideo\":\"\",\"tabImage\":[\"145\"],\"tabLabel\":\"Snap ads\",\"description\":\"Snap Ads are full-screen, 100% viewable, and have audio on by default.\"}},\"211\":{\"type\":\"tab\",\"enabled\":\"1\",\"fields\":{\"deviceVideo\":\"\",\"tabImage\":[\"146\"],\"tabLabel\":\"+ Web View\",\"description\":\"Drive traffic to your pre-loaded website. With our Auto-Fill feature, Snapchatters can send you their account email and more by just tapping.\"}}},\"chillahTooltip\":{\"163\":{\"type\":\"tooltip\",\"enabled\":\"1\",\"fields\":{\"chillah\":[\"141\"],\"tooltipText\":\"<p>On average, over 10 billion videos are watched on Snapchat every day.<sup>1<\\/sup><\\/p>\",\"location\":\"topLeft\"}}}}},\"118\":{\"modified\":\"1\",\"type\":\"newSection\",\"enabled\":\"1\",\"collapsed\":\"0\",\"level\":\"0\",\"fields\":{\"sectionTitle\":\"Filters\",\"sectionBackgroundColor\":\"gray\"}},\"119\":{\"modified\":\"1\",\"type\":\"centeredTextLockup\",\"enabled\":\"1\",\"collapsed\":\"0\",\"level\":\"1\",\"fields\":{\"image\":\"\",\"headline\":\"Filters\",\"subhead\":\"Filters allow you to be where your product is bought, thought about, or consumed. Create your own Filter and drive awareness, advocacy, and action in one package.\",\"ctaButtons\":{\"212\":{\"type\":\"primaryButton\",\"enabled\":\"1\",\"fields\":{\"button\":{\"type\":\"custom\",\"custom\":\"https:\\/\\/geofilters.snapchat.com\",\"entry\":\"\",\"customText\":\"Create A Filter\",\"target\":\"_blank\"}}},\"213\":{\"type\":\"secondaryButton\",\"enabled\":\"1\",\"fields\":{\"button\":{\"type\":\"custom\",\"custom\":\"https:\\/\\/businesshelp.snapchat.com\\/en-US\\/article\\/create-geofilter\",\"entry\":\"\",\"customText\":\"View Guidelines\",\"target\":\"_blank\"}}}}}},\"124\":{\"modified\":\"1\",\"type\":\"mobileDeviceGrid\",\"enabled\":\"1\",\"collapsed\":\"0\",\"level\":\"1\",\"fields\":{\"mobileDevices\":{\"214\":{\"type\":\"device\",\"enabled\":\"1\",\"fields\":{\"videoUrl\":\"\",\"posterImage\":[\"101\"],\"headline\":\"\",\"subhead\":\"\"}},\"215\":{\"type\":\"device\",\"enabled\":\"1\",\"fields\":{\"videoUrl\":\"\",\"posterImage\":[\"157\"],\"headline\":\"\",\"subhead\":\"\"}},\"216\":{\"type\":\"device\",\"enabled\":\"1\",\"fields\":{\"videoUrl\":\"\",\"posterImage\":[\"103\"],\"headline\":\"\",\"subhead\":\"\"}}},\"chillahTooltip\":{\"140\":{\"type\":\"tooltip\",\"enabled\":\"1\",\"fields\":{\"chillah\":[\"143\"],\"tooltipText\":\"<p>On average, more than a billion Snaps with Filters are viewed every day.<sup>1<\\/sup><\\/p>\",\"location\":\"topRight\"}}}}},\"128\":{\"modified\":\"1\",\"type\":\"newSection\",\"enabled\":\"1\",\"collapsed\":\"0\",\"level\":\"0\",\"fields\":{\"sectionTitle\":\"Lenses\",\"sectionBackgroundColor\":\"white\"}},\"129\":{\"modified\":\"1\",\"type\":\"centeredTextLockup\",\"enabled\":\"1\",\"collapsed\":\"0\",\"level\":\"1\",\"fields\":{\"image\":\"\",\"headline\":\"Lenses\",\"subhead\":\"Lenses are the most playful and memorable way to increase awareness, on a massive scale. With one tap, you can invite Snapchatters into your world \\u2014 and your story.\",\"ctaButtons\":\"\"}},\"132\":{\"modified\":\"1\",\"type\":\"mobileDeviceGrid\",\"enabled\":\"1\",\"collapsed\":\"0\",\"level\":\"1\",\"fields\":{\"mobileDevices\":{\"217\":{\"type\":\"device\",\"enabled\":\"1\",\"fields\":{\"videoUrl\":\"\",\"posterImage\":[\"159\"],\"headline\":\"\",\"subhead\":\"\"}},\"218\":{\"type\":\"device\",\"enabled\":\"1\",\"fields\":{\"videoUrl\":\"\",\"posterImage\":[\"151\"],\"headline\":\"\",\"subhead\":\"\"}},\"219\":{\"type\":\"device\",\"enabled\":\"1\",\"fields\":{\"videoUrl\":\"\",\"posterImage\":[\"161\"],\"headline\":\"\",\"subhead\":\"\"}}},\"chillahTooltip\":{\"220\":{\"type\":\"tooltip\",\"enabled\":\"1\",\"fields\":{\"chillah\":[\"142\"],\"tooltipText\":\"<p>The best lenses average more than 20 seconds of play time!<sup>1<\\/sup><\\/p>\",\"location\":\"topRight\"}}}}},\"136\":{\"modified\":\"1\",\"type\":\"newSection\",\"enabled\":\"1\",\"collapsed\":\"0\",\"level\":\"0\",\"fields\":{\"sectionTitle\":\"Video\",\"sectionBackgroundColor\":\"gray\"}},\"137\":{\"modified\":\"1\",\"type\":\"centeredTextLockup\",\"enabled\":\"1\",\"collapsed\":\"0\",\"level\":\"1\",\"fields\":{\"image\":\"\",\"headline\":\"See where your ads will run on Snapchat\",\"subhead\":\"\",\"ctaButtons\":\"\"}},\"221\":{\"modified\":\"1\",\"type\":\"centeredVideo\",\"enabled\":\"1\",\"collapsed\":\"0\",\"level\":\"1\",\"fields\":{\"videoUrl\":\"\",\"assetWidth\":\"wide\"}}},\"16\":\"1\",\"15\":\"blue\",\"7\":\"ad-products\"}}', '2017-08-07 21:49:07', '2017-08-07 21:49:07', '577a17a8-5033-4ac4-8d59-b754d6d76cc3'),
 ('83', '270', '9', '1', 'en_us', '1', NULL, '{\"typeId\":\"9\",\"authorId\":null,\"title\":\"home\",\"slug\":\"home\",\"postDate\":1502144603,\"expiryDate\":null,\"enabled\":1,\"parentId\":null,\"fields\":[]}', '2017-08-07 22:23:24', '2017-08-07 22:23:24', '5294300c-3e50-43cf-ac74-2e4b1f60f5b6'),
 ('86', '290', '3', '1', 'en_us', '1', '', '{\"typeId\":null,\"authorId\":\"1\",\"title\":\"Audiences\",\"slug\":\"audiences\",\"postDate\":1502311107,\"expiryDate\":null,\"enabled\":1,\"parentId\":\"\",\"fields\":{\"103\":\"\",\"106\":\"\",\"105\":\"\",\"89\":\"\",\"3\":\"\",\"107\":\"website\",\"102\":\"\",\"104\":\"\",\"101\":\"\",\"16\":\"1\",\"15\":\"blue\",\"7\":\"audiences\"}}', '2017-08-09 20:38:27', '2017-08-09 20:38:27', '6b00425a-a2e0-4abb-8bb9-e473eaa59f49'),
 ('88', '290', '3', '1', 'en_us', '2', '', '{\"typeId\":\"3\",\"authorId\":\"1\",\"title\":\"Audiences\",\"slug\":\"audiences\",\"postDate\":1502311080,\"expiryDate\":null,\"enabled\":1,\"parentId\":\"\",\"fields\":{\"103\":\"\",\"106\":\"\",\"105\":\"\",\"89\":\"\",\"3\":\"\",\"107\":\"website\",\"102\":\"\",\"104\":\"\",\"101\":\"\",\"16\":\"1\",\"15\":\"purple\",\"7\":\"audiences\"}}', '2017-08-09 20:38:46', '2017-08-09 20:38:46', 'f6e67ea6-8fc5-4daf-b83a-2c8fc0eef35b'),
 ('89', '291', '3', '1', 'en_us', '1', '', '{\"typeId\":null,\"authorId\":\"1\",\"title\":\"Measurement\",\"slug\":\"measurement\",\"postDate\":1502311146,\"expiryDate\":null,\"enabled\":1,\"parentId\":\"\",\"fields\":{\"103\":\"\",\"106\":\"\",\"105\":\"\",\"89\":\"\",\"3\":\"\",\"107\":\"website\",\"102\":\"\",\"104\":\"\",\"101\":\"\",\"16\":\"1\",\"15\":\"orange\",\"7\":\"measurement\"}}', '2017-08-09 20:39:06', '2017-08-09 20:39:06', 'f6d59679-6dee-40a7-bc13-118aab8e178c'),
 ('90', '292', '3', '1', 'en_us', '1', '', '{\"typeId\":null,\"authorId\":\"1\",\"title\":\"Get Started\",\"slug\":\"get-started\",\"postDate\":1502311294,\"expiryDate\":null,\"enabled\":1,\"parentId\":\"\",\"fields\":{\"103\":\"\",\"106\":\"\",\"105\":\"\",\"89\":\"\",\"3\":\"\",\"107\":\"website\",\"102\":\"\",\"104\":\"\",\"101\":\"\",\"16\":\"\",\"15\":\"yellow\",\"7\":\"gettingstarted\"}}', '2017-08-09 20:41:34', '2017-08-09 20:41:34', '436b6585-b19a-4382-bd2d-2e146e0966d3'),
 ('91', '314', '3', '1', 'en_us', '1', '', '{\"typeId\":null,\"authorId\":\"1\",\"title\":\"One With Everything\",\"slug\":\"one-with-everything\",\"postDate\":1502402428,\"expiryDate\":null,\"enabled\":1,\"parentId\":\"\",\"fields\":{\"103\":\"\",\"106\":\"\",\"105\":\"\",\"89\":{\"new1\":{\"type\":\"annotation\",\"enabled\":\"1\",\"fields\":{\"number\":\"1\",\"text\":\"Cool annotation bro.\"}},\"new2\":{\"type\":\"annotation\",\"enabled\":\"1\",\"fields\":{\"number\":\"2\",\"text\":\"Great job annotating this.\"}}},\"3\":{\"new0\":{\"modified\":\"1\",\"type\":\"newSection\",\"enabled\":\"1\",\"collapsed\":\"0\",\"level\":\"0\",\"fields\":{\"sectionTitle\":\"Element Grids\",\"sectionBackgroundColor\":\"gray\"}},\"new1\":{\"modified\":\"1\",\"type\":\"imageCardGrid\",\"enabled\":\"1\",\"collapsed\":\"0\",\"level\":\"1\",\"fields\":{\"imageCardRow\":{\"new1\":{\"type\":\"imageCard\",\"enabled\":\"1\",\"fields\":{\"cardImage\":[\"14\"],\"headline\":\"Card 1 Headline\",\"body\":\"<p>Card 1 body text<\\/p>\"}},\"new2\":{\"type\":\"imageCard\",\"enabled\":\"1\",\"fields\":{\"cardImage\":[\"15\"],\"headline\":\"Card 2 Headline\",\"body\":\"<p>Card 2 body text goes right here.<\\/p>\"}},\"new3\":{\"type\":\"imageCard\",\"enabled\":\"1\",\"fields\":{\"cardImage\":[\"16\"],\"headline\":\"Card 3 Headline\",\"body\":\"<p>Card 3 body looks like this.<\\/p>\"}}},\"chillahTooltip\":\"\"}},\"new2\":{\"modified\":\"1\",\"type\":\"logoGrid\",\"enabled\":\"1\",\"collapsed\":\"0\",\"level\":\"1\",\"fields\":{\"logos\":{\"new1\":{\"type\":\"logo\",\"enabled\":\"1\",\"fields\":{\"image\":[\"76\"],\"imageAltText\":\"Adjust logo\",\"imageLinkUrl\":\"https:\\/\\/snapchat.com\"}},\"new2\":{\"type\":\"logo\",\"enabled\":\"1\",\"fields\":{\"image\":[\"77\"],\"imageAltText\":\"Appsflyer logo\",\"imageLinkUrl\":\"https:\\/\\/snapchat.com\"}},\"new3\":{\"type\":\"logo\",\"enabled\":\"1\",\"fields\":{\"image\":[\"78\"],\"imageAltText\":\"Double Click logo\",\"imageLinkUrl\":\"https:\\/\\/snapchat.com\"}}}}},\"new3\":{\"modified\":\"1\",\"type\":\"mobileDeviceGrid\",\"enabled\":\"1\",\"collapsed\":\"0\",\"level\":\"1\",\"fields\":{\"mobileDevices\":{\"new1\":{\"type\":\"device\",\"enabled\":\"1\",\"fields\":{\"videoUrl\":\"\",\"posterImage\":\"\",\"headline\":\"\",\"subhead\":\"\"}}},\"chillahTooltip\":\"\"}}},\"107\":\"website\",\"102\":\"\",\"104\":\"\",\"101\":\"\",\"16\":\"1\",\"15\":\"red\",\"7\":\"one-with-everything\"}}', '2017-08-10 22:00:29', '2017-08-10 22:00:29', '76848690-b01c-402f-9b83-24d53bbf1998'),
 ('92', '314', '3', '1', 'en_us', '2', '', '{\"typeId\":\"3\",\"authorId\":\"1\",\"title\":\"One With Everything\",\"slug\":\"one-with-everything\",\"postDate\":1502402400,\"expiryDate\":null,\"enabled\":1,\"parentId\":\"\",\"fields\":{\"103\":\"\",\"106\":\"\",\"105\":\"\",\"89\":{\"315\":{\"type\":\"annotation\",\"enabled\":\"1\",\"fields\":{\"number\":\"1\",\"text\":\"Cool annotation bro.\"}},\"316\":{\"type\":\"annotation\",\"enabled\":\"1\",\"fields\":{\"number\":\"2\",\"text\":\"Great job annotating this.\"}}},\"3\":{\"317\":{\"modified\":\"1\",\"type\":\"newSection\",\"enabled\":\"1\",\"collapsed\":\"0\",\"level\":\"0\",\"fields\":{\"sectionTitle\":\"Element Grids\",\"sectionBackgroundColor\":\"gray\"}},\"318\":{\"modified\":\"1\",\"type\":\"imageCardGrid\",\"enabled\":\"1\",\"collapsed\":\"0\",\"level\":\"1\",\"fields\":{\"imageCardRow\":{\"319\":{\"type\":\"imageCard\",\"enabled\":\"1\",\"fields\":{\"cardImage\":[\"14\"],\"headline\":\"Card 1 Headline\",\"body\":\"<p>Card 1 body text<\\/p>\"}},\"320\":{\"type\":\"imageCard\",\"enabled\":\"1\",\"fields\":{\"cardImage\":[\"15\"],\"headline\":\"Card 2 Headline\",\"body\":\"<p>Card 2 body text goes right here.<\\/p>\"}},\"321\":{\"type\":\"imageCard\",\"enabled\":\"1\",\"fields\":{\"cardImage\":[\"16\"],\"headline\":\"Card 3 Headline\",\"body\":\"<p>Card 3 body looks like this.<\\/p>\"}}},\"chillahTooltip\":\"\"}},\"322\":{\"modified\":\"1\",\"type\":\"logoGrid\",\"enabled\":\"1\",\"collapsed\":\"0\",\"level\":\"1\",\"fields\":{\"logos\":{\"323\":{\"type\":\"logo\",\"enabled\":\"1\",\"fields\":{\"image\":[\"76\"],\"imageAltText\":\"Adjust logo\",\"imageLinkUrl\":\"https:\\/\\/forbusiness.snapchat.com\"}},\"324\":{\"type\":\"logo\",\"enabled\":\"1\",\"fields\":{\"image\":[\"77\"],\"imageAltText\":\"Appsflyer logo\",\"imageLinkUrl\":\"https:\\/\\/forbusiness.snapchat.com\"}},\"325\":{\"type\":\"logo\",\"enabled\":\"1\",\"fields\":{\"image\":[\"78\"],\"imageAltText\":\"Double Click logo\",\"imageLinkUrl\":\"https:\\/\\/forbusiness.snapchat.com\"}}}}},\"326\":{\"modified\":\"1\",\"type\":\"mobileDeviceGrid\",\"enabled\":\"1\",\"collapsed\":\"0\",\"level\":\"1\",\"fields\":{\"mobileDevices\":{\"327\":{\"type\":\"device\",\"enabled\":\"1\",\"fields\":{\"video\":\"\",\"posterImage\":[\"160\"],\"headline\":\"Device 1 headline\",\"subhead\":\"<p>Quam diu etiam furor iste tuus nos eludet? Plura mihi bona sunt, inclinet, amari petere vellent.<\\/p>\"}},\"new1\":{\"type\":\"device\",\"enabled\":\"1\",\"fields\":{\"video\":\"\",\"posterImage\":[\"159\"],\"headline\":\"Device 2 Headline\",\"subhead\":\"<p>Quam diu etiam furor iste tuus nos eludet? Plura mihi bona sunt, inclinet, amari petere vellent.<\\/p>\"}},\"new2\":{\"type\":\"device\",\"enabled\":\"1\",\"fields\":{\"video\":\"\",\"posterImage\":[\"150\"],\"headline\":\"Device 3 Headline\",\"subhead\":\"<p>Quam diu etiam furor iste tuus nos eludet? Plura mihi bona sunt, inclinet, amari petere vellent.<\\/p>\"}}},\"chillahTooltip\":\"\"}},\"new0\":{\"modified\":\"1\",\"type\":\"newSection\",\"enabled\":\"1\",\"collapsed\":\"0\",\"level\":\"0\",\"fields\":{\"sectionTitle\":\"Text & Images\",\"sectionBackgroundColor\":\"white\"}},\"new1\":{\"modified\":\"1\",\"type\":\"centeredTextLockup\",\"enabled\":\"1\",\"collapsed\":\"0\",\"level\":\"1\",\"fields\":{\"image\":[\"288\"],\"headline\":\"Centered Text Lockup\",\"subhead\":\"<p>Quam diu etiam furor iste tuus nos eludet? Plura mihi bona sunt, inclinet, amari petere vellent.<\\/p>\",\"ctaButtons\":{\"new1\":{\"type\":\"primaryButton\",\"enabled\":\"1\",\"fields\":{\"button\":{\"type\":\"custom\",\"custom\":\"forbusiness.snapchat.com\",\"entry\":\"\",\"customText\":\"Primary Button Outlined\",\"target\":\"_blank\"},\"outline\":\"1\"}},\"new3\":{\"type\":\"primaryButton\",\"enabled\":\"1\",\"fields\":{\"button\":{\"type\":\"custom\",\"custom\":\"forbusiness.snapchat.com\",\"entry\":\"\",\"customText\":\"Primary Button Filled\",\"target\":\"_blank\"},\"outline\":\"\"}},\"new2\":{\"type\":\"secondaryButton\",\"enabled\":\"1\",\"fields\":{\"button\":{\"type\":\"custom\",\"custom\":\"forbusiness.snapchat.com\",\"entry\":\"\",\"customText\":\"Secondary Button\",\"target\":\"_blank\"}}}}}},\"new2\":{\"modified\":\"1\",\"type\":\"imageBesideText\",\"enabled\":\"1\",\"collapsed\":\"0\",\"level\":\"1\",\"fields\":{\"image\":[\"38\"],\"imageLocation\":\"left\",\"headline\":\"Image Beside Text\",\"paragraph\":\"<p>Curabitur blandit tempus ardua ridiculus sed magna. Integer legentibus erat a ante historiarum dapibus. Vivamus sagittis lacus vel augue laoreet rutrum faucibus. Morbi fringilla convallis sapien, id pulvinar odio volutpat. Tu quoque, Brute, fili mi, nihil timor populi, nihil!<\\/p>\",\"ctaButtons\":{\"new1\":{\"type\":\"primaryButton\",\"enabled\":\"1\",\"fields\":{\"button\":{\"type\":\"custom\",\"custom\":\"forbusiness.snapchat.com\",\"entry\":\"\",\"customText\":\"Primary Button Outlined\",\"target\":\"_blank\"},\"outline\":\"1\"}},\"new3\":{\"type\":\"primaryButton\",\"enabled\":\"1\",\"fields\":{\"button\":{\"type\":\"custom\",\"custom\":\"forbusiness.snapchat.com\",\"entry\":\"\",\"customText\":\"Primary Button Filled\",\"target\":\"\"},\"outline\":\"\"}},\"new2\":{\"type\":\"secondaryButton\",\"enabled\":\"1\",\"fields\":{\"button\":{\"type\":\"custom\",\"custom\":\"snapchat.com\",\"entry\":\"\",\"customText\":\"Secondary Button\",\"target\":\"_blank\"}}}}}},\"new3\":{\"modified\":\"1\",\"type\":\"newSection\",\"enabled\":\"1\",\"collapsed\":\"0\",\"level\":\"0\",\"fields\":{\"sectionTitle\":\"Images & Video\",\"sectionBackgroundColor\":\"gray\"}},\"new4\":{\"modified\":\"1\",\"type\":\"centeredImage\",\"enabled\":\"1\",\"collapsed\":\"0\",\"level\":\"1\",\"fields\":{\"image\":[\"38\"],\"imageAltText\":\"Centered Image\",\"assetWidth\":\"normal\",\"roundedCorners\":\"1\",\"mobileImage\":[\"100\"]}},\"new7\":{\"modified\":\"1\",\"type\":\"centeredImage\",\"enabled\":\"1\",\"collapsed\":\"0\",\"level\":\"1\",\"fields\":{\"image\":\"\",\"imageAltText\":\"\",\"assetWidth\":\"normal\",\"roundedCorners\":\"\",\"mobileImage\":\"\"}},\"new6\":{\"modified\":\"1\",\"type\":\"newSection\",\"enabled\":\"1\",\"collapsed\":\"0\",\"level\":\"0\",\"fields\":{\"sectionTitle\":\"\",\"sectionBackgroundColor\":\"gray\"}}},\"107\":\"website\",\"102\":\"\",\"104\":\"\",\"101\":\"\",\"16\":\"1\",\"15\":\"red\",\"7\":\"one-with-everything\"}}', '2017-08-10 22:11:49', '2017-08-10 22:11:49', 'f077f083-6351-4f4b-be3d-8c704d3a740f'),
 ('93', '314', '3', '1', 'en_us', '3', '', '{\"typeId\":\"3\",\"authorId\":\"1\",\"title\":\"One With Everything\",\"slug\":\"one-with-everything\",\"postDate\":1502402400,\"expiryDate\":null,\"enabled\":1,\"parentId\":\"\",\"fields\":{\"103\":\"\",\"106\":\"\",\"105\":\"\",\"89\":{\"315\":{\"type\":\"annotation\",\"enabled\":\"1\",\"fields\":{\"number\":\"1\",\"text\":\"Cool annotation bro.\"}},\"316\":{\"type\":\"annotation\",\"enabled\":\"1\",\"fields\":{\"number\":\"2\",\"text\":\"Great job annotating this.\"}}},\"3\":{\"317\":{\"modified\":\"1\",\"type\":\"newSection\",\"enabled\":\"1\",\"collapsed\":\"0\",\"level\":\"0\",\"fields\":{\"sectionTitle\":\"Element Grids\",\"sectionBackgroundColor\":\"gray\"}},\"318\":{\"modified\":\"1\",\"type\":\"imageCardGrid\",\"enabled\":\"1\",\"collapsed\":\"0\",\"level\":\"1\",\"fields\":{\"imageCardRow\":{\"319\":{\"type\":\"imageCard\",\"enabled\":\"1\",\"fields\":{\"cardImage\":[\"14\"],\"headline\":\"Card 1 Headline\",\"body\":\"<p>Card 1 body text<\\/p>\"}},\"320\":{\"type\":\"imageCard\",\"enabled\":\"1\",\"fields\":{\"cardImage\":[\"15\"],\"headline\":\"Card 2 Headline\",\"body\":\"<p>Card 2 body text goes right here.<\\/p>\"}},\"321\":{\"type\":\"imageCard\",\"enabled\":\"1\",\"fields\":{\"cardImage\":[\"16\"],\"headline\":\"Card 3 Headline\",\"body\":\"<p>Card 3 body looks like this.<\\/p>\"}}},\"chillahTooltip\":\"\"}},\"322\":{\"modified\":\"1\",\"type\":\"logoGrid\",\"enabled\":\"1\",\"collapsed\":\"0\",\"level\":\"1\",\"fields\":{\"logos\":{\"323\":{\"type\":\"logo\",\"enabled\":\"1\",\"fields\":{\"image\":[\"76\"],\"imageAltText\":\"Adjust logo\",\"imageLinkUrl\":\"https:\\/\\/forbusiness.snapchat.com\"}},\"324\":{\"type\":\"logo\",\"enabled\":\"1\",\"fields\":{\"image\":[\"77\"],\"imageAltText\":\"Appsflyer logo\",\"imageLinkUrl\":\"https:\\/\\/forbusiness.snapchat.com\"}},\"325\":{\"type\":\"logo\",\"enabled\":\"1\",\"fields\":{\"image\":[\"78\"],\"imageAltText\":\"Double Click logo\",\"imageLinkUrl\":\"https:\\/\\/forbusiness.snapchat.com\"}}}}},\"326\":{\"modified\":\"1\",\"type\":\"mobileDeviceGrid\",\"enabled\":\"1\",\"collapsed\":\"0\",\"level\":\"1\",\"fields\":{\"mobileDevices\":{\"327\":{\"type\":\"device\",\"enabled\":\"1\",\"fields\":{\"video\":\"\",\"posterImage\":[\"160\"],\"headline\":\"Device 1 headline\",\"subhead\":\"<p>Quam diu etiam furor iste tuus nos eludet? Plura mihi bona sunt, inclinet, amari petere vellent.<\\/p>\"}},\"328\":{\"type\":\"device\",\"enabled\":\"1\",\"fields\":{\"video\":\"\",\"posterImage\":[\"159\"],\"headline\":\"Device 2 Headline\",\"subhead\":\"<p>Quam diu etiam furor iste tuus nos eludet? Plura mihi bona sunt, inclinet, amari petere vellent.<\\/p>\"}},\"329\":{\"type\":\"device\",\"enabled\":\"1\",\"fields\":{\"video\":\"\",\"posterImage\":[\"150\"],\"headline\":\"Device 3 Headline\",\"subhead\":\"<p>Quam diu etiam furor iste tuus nos eludet? Plura mihi bona sunt, inclinet, amari petere vellent.<\\/p>\"}}},\"chillahTooltip\":\"\"}},\"330\":{\"modified\":\"1\",\"type\":\"newSection\",\"enabled\":\"1\",\"collapsed\":\"0\",\"level\":\"0\",\"fields\":{\"sectionTitle\":\"Text & Images\",\"sectionBackgroundColor\":\"white\"}},\"331\":{\"modified\":\"1\",\"type\":\"centeredTextLockup\",\"enabled\":\"1\",\"collapsed\":\"0\",\"level\":\"1\",\"fields\":{\"image\":[\"288\"],\"headline\":\"Centered Text Lockup\",\"subhead\":\"<p>Quam diu etiam furor iste tuus nos eludet? Plura mihi bona sunt, inclinet, amari petere vellent.<\\/p>\",\"ctaButtons\":{\"332\":{\"type\":\"primaryButton\",\"enabled\":\"1\",\"fields\":{\"button\":{\"type\":\"custom\",\"custom\":\"forbusiness.snapchat.com\",\"entry\":\"\",\"customText\":\"Primary Button Outlined\",\"target\":\"_blank\"},\"outline\":\"1\"}},\"333\":{\"type\":\"primaryButton\",\"enabled\":\"1\",\"fields\":{\"button\":{\"type\":\"custom\",\"custom\":\"forbusiness.snapchat.com\",\"entry\":\"\",\"customText\":\"Primary Button Filled\",\"target\":\"_blank\"},\"outline\":\"\"}},\"334\":{\"type\":\"secondaryButton\",\"enabled\":\"1\",\"fields\":{\"button\":{\"type\":\"custom\",\"custom\":\"forbusiness.snapchat.com\",\"entry\":\"\",\"customText\":\"Secondary Button\",\"target\":\"_blank\"}}}}}},\"335\":{\"modified\":\"1\",\"type\":\"imageBesideText\",\"enabled\":\"1\",\"collapsed\":\"0\",\"level\":\"1\",\"fields\":{\"image\":[\"38\"],\"imageLocation\":\"left\",\"headline\":\"Image Beside Text\",\"paragraph\":\"<p>Curabitur blandit tempus ardua ridiculus sed magna. Integer legentibus erat a ante historiarum dapibus. Vivamus sagittis lacus vel augue laoreet rutrum faucibus. Morbi fringilla convallis sapien, id pulvinar odio volutpat. Tu quoque, Brute, fili mi, nihil timor populi, nihil!<\\/p>\",\"ctaButtons\":{\"336\":{\"type\":\"primaryButton\",\"enabled\":\"1\",\"fields\":{\"button\":{\"type\":\"custom\",\"custom\":\"forbusiness.snapchat.com\",\"entry\":\"\",\"customText\":\"Primary Button Outlined\",\"target\":\"_blank\"},\"outline\":\"1\"}},\"337\":{\"type\":\"primaryButton\",\"enabled\":\"1\",\"fields\":{\"button\":{\"type\":\"custom\",\"custom\":\"forbusiness.snapchat.com\",\"entry\":\"\",\"customText\":\"Primary Button Filled\",\"target\":\"\"},\"outline\":\"\"}},\"338\":{\"type\":\"secondaryButton\",\"enabled\":\"1\",\"fields\":{\"button\":{\"type\":\"custom\",\"custom\":\"snapchat.com\",\"entry\":\"\",\"customText\":\"Secondary Button\",\"target\":\"_blank\"}}}}}},\"339\":{\"modified\":\"1\",\"type\":\"newSection\",\"enabled\":\"1\",\"collapsed\":\"0\",\"level\":\"0\",\"fields\":{\"sectionTitle\":\"Images Alone\",\"sectionBackgroundColor\":\"gray\"}},\"340\":{\"modified\":\"1\",\"type\":\"centeredImage\",\"enabled\":\"1\",\"collapsed\":\"0\",\"level\":\"1\",\"fields\":{\"image\":[\"38\"],\"imageAltText\":\"Centered Image\",\"assetWidth\":\"normal\",\"roundedCorners\":\"1\",\"mobileImage\":[\"100\"]}},\"new0\":{\"modified\":\"1\",\"type\":\"centeredImage\",\"enabled\":\"1\",\"collapsed\":\"0\",\"level\":\"1\",\"fields\":{\"image\":[\"172\"],\"imageAltText\":\"Wide centered image\",\"assetWidth\":\"wide\",\"roundedCorners\":\"\",\"mobileImage\":\"\"}},\"341\":{\"modified\":\"1\",\"type\":\"centeredImage\",\"enabled\":\"1\",\"collapsed\":\"0\",\"level\":\"1\",\"fields\":{\"image\":[\"68\"],\"imageAltText\":\"Full centered image\",\"assetWidth\":\"full\",\"roundedCorners\":\"\",\"mobileImage\":\"\"}},\"342\":{\"modified\":\"1\",\"type\":\"newSection\",\"enabled\":\"1\",\"collapsed\":\"0\",\"level\":\"0\",\"fields\":{\"sectionTitle\":\"Interactive\",\"sectionBackgroundColor\":\"white\"}},\"new1\":{\"modified\":\"1\",\"type\":\"deviceTabs\",\"enabled\":\"1\",\"collapsed\":\"0\",\"level\":\"1\",\"fields\":{\"deviceTab\":\"\",\"chillahTooltip\":\"\"}}},\"107\":\"website\",\"102\":\"\",\"104\":\"\",\"101\":\"\",\"16\":\"1\",\"15\":\"red\",\"7\":\"one-with-everything\"}}', '2017-08-10 22:14:42', '2017-08-10 22:14:42', '73eb3581-69a5-4653-b574-d64ac3e503aa'),
 ('94', '314', '3', '1', 'en_us', '4', '', '{\"typeId\":\"3\",\"authorId\":\"1\",\"title\":\"One With Everything\",\"slug\":\"one-with-everything\",\"postDate\":1502402400,\"expiryDate\":null,\"enabled\":1,\"parentId\":\"\",\"fields\":{\"103\":\"\",\"106\":\"\",\"105\":\"\",\"89\":{\"315\":{\"type\":\"annotation\",\"enabled\":\"1\",\"fields\":{\"number\":\"1\",\"text\":\"Cool annotation bro.\"}},\"316\":{\"type\":\"annotation\",\"enabled\":\"1\",\"fields\":{\"number\":\"2\",\"text\":\"Great job annotating this.\"}}},\"3\":{\"317\":{\"modified\":\"1\",\"type\":\"newSection\",\"enabled\":\"1\",\"collapsed\":\"0\",\"level\":\"0\",\"fields\":{\"sectionTitle\":\"Element Grids\",\"sectionBackgroundColor\":\"gray\"}},\"318\":{\"modified\":\"1\",\"type\":\"imageCardGrid\",\"enabled\":\"1\",\"collapsed\":\"0\",\"level\":\"1\",\"fields\":{\"imageCardRow\":{\"319\":{\"type\":\"imageCard\",\"enabled\":\"1\",\"fields\":{\"cardImage\":[\"14\"],\"headline\":\"Card 1 Headline\",\"body\":\"<p>Card 1 body text<\\/p>\"}},\"320\":{\"type\":\"imageCard\",\"enabled\":\"1\",\"fields\":{\"cardImage\":[\"15\"],\"headline\":\"Card 2 Headline\",\"body\":\"<p>Card 2 body text goes right here.<\\/p>\"}},\"321\":{\"type\":\"imageCard\",\"enabled\":\"1\",\"fields\":{\"cardImage\":[\"16\"],\"headline\":\"Card 3 Headline\",\"body\":\"<p>Card 3 body looks like this.<\\/p>\"}}},\"chillahTooltip\":\"\"}},\"322\":{\"modified\":\"1\",\"type\":\"logoGrid\",\"enabled\":\"1\",\"collapsed\":\"0\",\"level\":\"1\",\"fields\":{\"logos\":{\"323\":{\"type\":\"logo\",\"enabled\":\"1\",\"fields\":{\"image\":[\"76\"],\"imageAltText\":\"Adjust logo\",\"imageLinkUrl\":\"https:\\/\\/forbusiness.snapchat.com\"}},\"324\":{\"type\":\"logo\",\"enabled\":\"1\",\"fields\":{\"image\":[\"77\"],\"imageAltText\":\"Appsflyer logo\",\"imageLinkUrl\":\"https:\\/\\/forbusiness.snapchat.com\"}},\"325\":{\"type\":\"logo\",\"enabled\":\"1\",\"fields\":{\"image\":[\"78\"],\"imageAltText\":\"Double Click logo\",\"imageLinkUrl\":\"https:\\/\\/forbusiness.snapchat.com\"}}}}},\"326\":{\"modified\":\"1\",\"type\":\"mobileDeviceGrid\",\"enabled\":\"1\",\"collapsed\":\"0\",\"level\":\"1\",\"fields\":{\"mobileDevices\":{\"327\":{\"type\":\"device\",\"enabled\":\"1\",\"fields\":{\"video\":\"\",\"posterImage\":[\"160\"],\"headline\":\"Device 1 headline\",\"subhead\":\"<p>Quam diu etiam furor iste tuus nos eludet? Plura mihi bona sunt, inclinet, amari petere vellent.<\\/p>\"}},\"328\":{\"type\":\"device\",\"enabled\":\"1\",\"fields\":{\"video\":\"\",\"posterImage\":[\"159\"],\"headline\":\"Device 2 Headline\",\"subhead\":\"<p>Quam diu etiam furor iste tuus nos eludet? Plura mihi bona sunt, inclinet, amari petere vellent.<\\/p>\"}},\"329\":{\"type\":\"device\",\"enabled\":\"1\",\"fields\":{\"video\":\"\",\"posterImage\":[\"150\"],\"headline\":\"Device 3 Headline\",\"subhead\":\"<p>Quam diu etiam furor iste tuus nos eludet? Plura mihi bona sunt, inclinet, amari petere vellent.<\\/p>\"}}},\"chillahTooltip\":\"\"}},\"330\":{\"modified\":\"1\",\"type\":\"newSection\",\"enabled\":\"1\",\"collapsed\":\"0\",\"level\":\"0\",\"fields\":{\"sectionTitle\":\"Text & Images\",\"sectionBackgroundColor\":\"white\"}},\"331\":{\"modified\":\"1\",\"type\":\"centeredTextLockup\",\"enabled\":\"1\",\"collapsed\":\"0\",\"level\":\"1\",\"fields\":{\"image\":[\"288\"],\"headline\":\"Centered Text Lockup\",\"subhead\":\"<p>Quam diu etiam furor iste tuus nos eludet? Plura mihi bona sunt, inclinet, amari petere vellent.<\\/p>\",\"ctaButtons\":{\"332\":{\"type\":\"primaryButton\",\"enabled\":\"1\",\"fields\":{\"button\":{\"type\":\"custom\",\"custom\":\"forbusiness.snapchat.com\",\"entry\":\"\",\"customText\":\"Primary Button Outlined\",\"target\":\"_blank\"},\"outline\":\"1\"}},\"333\":{\"type\":\"primaryButton\",\"enabled\":\"1\",\"fields\":{\"button\":{\"type\":\"custom\",\"custom\":\"forbusiness.snapchat.com\",\"entry\":\"\",\"customText\":\"Primary Button Filled\",\"target\":\"_blank\"},\"outline\":\"\"}},\"334\":{\"type\":\"secondaryButton\",\"enabled\":\"1\",\"fields\":{\"button\":{\"type\":\"custom\",\"custom\":\"forbusiness.snapchat.com\",\"entry\":\"\",\"customText\":\"Secondary Button\",\"target\":\"_blank\"}}}}}},\"335\":{\"modified\":\"1\",\"type\":\"imageBesideText\",\"enabled\":\"1\",\"collapsed\":\"0\",\"level\":\"1\",\"fields\":{\"image\":[\"38\"],\"imageLocation\":\"left\",\"headline\":\"Image Beside Text\",\"paragraph\":\"<p>Curabitur blandit tempus ardua ridiculus sed magna. Integer legentibus erat a ante historiarum dapibus. Vivamus sagittis lacus vel augue laoreet rutrum faucibus. Morbi fringilla convallis sapien, id pulvinar odio volutpat. Tu quoque, Brute, fili mi, nihil timor populi, nihil!<\\/p>\",\"ctaButtons\":{\"336\":{\"type\":\"primaryButton\",\"enabled\":\"1\",\"fields\":{\"button\":{\"type\":\"custom\",\"custom\":\"forbusiness.snapchat.com\",\"entry\":\"\",\"customText\":\"Primary Button Outlined\",\"target\":\"_blank\"},\"outline\":\"1\"}},\"337\":{\"type\":\"primaryButton\",\"enabled\":\"1\",\"fields\":{\"button\":{\"type\":\"custom\",\"custom\":\"forbusiness.snapchat.com\",\"entry\":\"\",\"customText\":\"Primary Button Filled\",\"target\":\"\"},\"outline\":\"\"}},\"338\":{\"type\":\"secondaryButton\",\"enabled\":\"1\",\"fields\":{\"button\":{\"type\":\"custom\",\"custom\":\"snapchat.com\",\"entry\":\"\",\"customText\":\"Secondary Button\",\"target\":\"_blank\"}}}}}},\"339\":{\"modified\":\"1\",\"type\":\"newSection\",\"enabled\":\"1\",\"collapsed\":\"0\",\"level\":\"0\",\"fields\":{\"sectionTitle\":\"Images Alone\",\"sectionBackgroundColor\":\"gray\"}},\"340\":{\"modified\":\"1\",\"type\":\"centeredImage\",\"enabled\":\"1\",\"collapsed\":\"0\",\"level\":\"1\",\"fields\":{\"image\":[\"38\"],\"imageAltText\":\"Centered Image\",\"assetWidth\":\"normal\",\"roundedCorners\":\"1\",\"mobileImage\":[\"100\"]}},\"343\":{\"modified\":\"1\",\"type\":\"centeredImage\",\"enabled\":\"1\",\"collapsed\":\"0\",\"level\":\"1\",\"fields\":{\"image\":[\"172\"],\"imageAltText\":\"Wide centered image\",\"assetWidth\":\"wide\",\"roundedCorners\":\"\",\"mobileImage\":\"\"}},\"341\":{\"modified\":\"1\",\"type\":\"centeredImage\",\"enabled\":\"1\",\"collapsed\":\"0\",\"level\":\"1\",\"fields\":{\"image\":[\"68\"],\"imageAltText\":\"Full centered image\",\"assetWidth\":\"full\",\"roundedCorners\":\"\",\"mobileImage\":\"\"}}},\"107\":\"website\",\"102\":\"\",\"104\":\"\",\"101\":\"\",\"16\":\"1\",\"15\":\"red\",\"7\":\"one-with-everything\"}}', '2017-08-10 22:29:35', '2017-08-10 22:29:35', 'c0d637cb-0f71-4d36-bc09-04c308469652'),
 ('95', '314', '3', '1', 'en_us', '5', '', '{\"typeId\":\"3\",\"authorId\":\"1\",\"title\":\"One With Everything\",\"slug\":\"one-with-everything\",\"postDate\":1502402400,\"expiryDate\":null,\"enabled\":1,\"parentId\":\"\",\"fields\":{\"103\":\"\",\"106\":\"\",\"105\":\"\",\"89\":{\"315\":{\"type\":\"annotation\",\"enabled\":\"1\",\"fields\":{\"number\":\"1\",\"text\":\"Cool annotation bro.\"}},\"316\":{\"type\":\"annotation\",\"enabled\":\"1\",\"fields\":{\"number\":\"2\",\"text\":\"Great job annotating this.\"}}},\"3\":{\"317\":{\"modified\":\"1\",\"type\":\"newSection\",\"enabled\":\"1\",\"collapsed\":\"0\",\"level\":\"0\",\"fields\":{\"sectionTitle\":\"Element Grids\",\"sectionBackgroundColor\":\"gray\"}},\"318\":{\"modified\":\"1\",\"type\":\"imageCardGrid\",\"enabled\":\"1\",\"collapsed\":\"0\",\"level\":\"1\",\"fields\":{\"imageCardRow\":{\"319\":{\"type\":\"imageCard\",\"enabled\":\"1\",\"fields\":{\"cardImage\":[\"14\"],\"headline\":\"Card 1 Headline\",\"body\":\"<p>Card 1 body text<\\/p>\"}},\"320\":{\"type\":\"imageCard\",\"enabled\":\"1\",\"fields\":{\"cardImage\":[\"15\"],\"headline\":\"Card 2 Headline\",\"body\":\"<p>Card 2 body text goes right here.<\\/p>\"}},\"321\":{\"type\":\"imageCard\",\"enabled\":\"1\",\"fields\":{\"cardImage\":[\"16\"],\"headline\":\"Card 3 Headline\",\"body\":\"<p>Card 3 body looks like this.<\\/p>\"}}},\"chillahTooltip\":\"\"}},\"322\":{\"modified\":\"1\",\"type\":\"logoGrid\",\"enabled\":\"1\",\"collapsed\":\"0\",\"level\":\"1\",\"fields\":{\"logos\":{\"323\":{\"type\":\"logo\",\"enabled\":\"1\",\"fields\":{\"image\":[\"76\"],\"imageAltText\":\"Adjust logo\",\"imageLinkUrl\":\"https:\\/\\/forbusiness.snapchat.com\"}},\"324\":{\"type\":\"logo\",\"enabled\":\"1\",\"fields\":{\"image\":[\"77\"],\"imageAltText\":\"Appsflyer logo\",\"imageLinkUrl\":\"https:\\/\\/forbusiness.snapchat.com\"}},\"325\":{\"type\":\"logo\",\"enabled\":\"1\",\"fields\":{\"image\":[\"78\"],\"imageAltText\":\"Double Click logo\",\"imageLinkUrl\":\"https:\\/\\/forbusiness.snapchat.com\"}}}}},\"326\":{\"modified\":\"1\",\"type\":\"mobileDeviceGrid\",\"enabled\":\"1\",\"collapsed\":\"0\",\"level\":\"1\",\"fields\":{\"mobileDevices\":{\"327\":{\"type\":\"device\",\"enabled\":\"1\",\"fields\":{\"video\":\"\",\"posterImage\":[\"160\"],\"headline\":\"Device 1 headline\",\"subhead\":\"<p>Quam diu etiam furor iste tuus nos eludet? Plura mihi bona sunt, inclinet, amari petere vellent.<\\/p>\"}},\"328\":{\"type\":\"device\",\"enabled\":\"1\",\"fields\":{\"video\":\"\",\"posterImage\":[\"159\"],\"headline\":\"Device 2 Headline\",\"subhead\":\"<p>Quam diu etiam furor iste tuus nos eludet? Plura mihi bona sunt, inclinet, amari petere vellent.<\\/p>\"}},\"329\":{\"type\":\"device\",\"enabled\":\"1\",\"fields\":{\"video\":\"\",\"posterImage\":[\"150\"],\"headline\":\"Device 3 Headline\",\"subhead\":\"<p>Quam diu etiam furor iste tuus nos eludet? Plura mihi bona sunt, inclinet, amari petere vellent.<\\/p>\"}}},\"chillahTooltip\":\"\"}},\"330\":{\"modified\":\"1\",\"type\":\"newSection\",\"enabled\":\"1\",\"collapsed\":\"0\",\"level\":\"0\",\"fields\":{\"sectionTitle\":\"Text & Images\",\"sectionBackgroundColor\":\"white\"}},\"331\":{\"modified\":\"1\",\"type\":\"centeredTextLockup\",\"enabled\":\"1\",\"collapsed\":\"0\",\"level\":\"1\",\"fields\":{\"image\":[\"288\"],\"headline\":\"Centered Text Lockup\",\"subhead\":\"<p>Quam diu etiam furor iste tuus nos eludet? Plura mihi bona sunt, inclinet, amari petere vellent.<\\/p>\",\"ctaButtons\":{\"332\":{\"type\":\"primaryButton\",\"enabled\":\"1\",\"fields\":{\"button\":{\"type\":\"custom\",\"custom\":\"forbusiness.snapchat.com\",\"entry\":\"\",\"customText\":\"Primary Button Outlined\",\"target\":\"_blank\"},\"outline\":\"1\"}},\"333\":{\"type\":\"primaryButton\",\"enabled\":\"1\",\"fields\":{\"button\":{\"type\":\"custom\",\"custom\":\"forbusiness.snapchat.com\",\"entry\":\"\",\"customText\":\"Primary Button Filled\",\"target\":\"_blank\"},\"outline\":\"\"}},\"334\":{\"type\":\"secondaryButton\",\"enabled\":\"1\",\"fields\":{\"button\":{\"type\":\"custom\",\"custom\":\"forbusiness.snapchat.com\",\"entry\":\"\",\"customText\":\"Secondary Button\",\"target\":\"_blank\"}}}}}},\"335\":{\"modified\":\"1\",\"type\":\"imageBesideText\",\"enabled\":\"1\",\"collapsed\":\"0\",\"level\":\"1\",\"fields\":{\"image\":[\"38\"],\"imageLocation\":\"left\",\"headline\":\"Image Beside Text\",\"paragraph\":\"<p>Curabitur blandit tempus ardua ridiculus sed magna. Integer legentibus erat a ante historiarum dapibus. Vivamus sagittis lacus vel augue laoreet rutrum faucibus. Morbi fringilla convallis sapien, id pulvinar odio volutpat. Tu quoque, Brute, fili mi, nihil timor populi, nihil!<\\/p>\",\"ctaButtons\":{\"336\":{\"type\":\"primaryButton\",\"enabled\":\"1\",\"fields\":{\"button\":{\"type\":\"custom\",\"custom\":\"forbusiness.snapchat.com\",\"entry\":\"\",\"customText\":\"Primary Button Outlined\",\"target\":\"_blank\"},\"outline\":\"1\"}},\"337\":{\"type\":\"primaryButton\",\"enabled\":\"1\",\"fields\":{\"button\":{\"type\":\"custom\",\"custom\":\"forbusiness.snapchat.com\",\"entry\":\"\",\"customText\":\"Primary Button Filled\",\"target\":\"\"},\"outline\":\"\"}},\"338\":{\"type\":\"secondaryButton\",\"enabled\":\"1\",\"fields\":{\"button\":{\"type\":\"custom\",\"custom\":\"snapchat.com\",\"entry\":\"\",\"customText\":\"Secondary Button\",\"target\":\"_blank\"}}}}}},\"339\":{\"modified\":\"1\",\"type\":\"newSection\",\"enabled\":\"1\",\"collapsed\":\"0\",\"level\":\"0\",\"fields\":{\"sectionTitle\":\"Images Alone\",\"sectionBackgroundColor\":\"gray\"}},\"340\":{\"modified\":\"1\",\"type\":\"centeredImage\",\"enabled\":\"1\",\"collapsed\":\"0\",\"level\":\"1\",\"fields\":{\"image\":[\"38\"],\"imageAltText\":\"Centered Image\",\"assetWidth\":\"normal\",\"roundedCorners\":\"1\",\"mobileImage\":[\"100\"]}},\"343\":{\"modified\":\"1\",\"type\":\"centeredImage\",\"enabled\":\"1\",\"collapsed\":\"0\",\"level\":\"1\",\"fields\":{\"image\":[\"172\"],\"imageAltText\":\"Wide centered image\",\"assetWidth\":\"wide\",\"roundedCorners\":\"\",\"mobileImage\":\"\"}},\"341\":{\"modified\":\"1\",\"type\":\"centeredImage\",\"enabled\":\"1\",\"collapsed\":\"0\",\"level\":\"1\",\"fields\":{\"image\":[\"68\"],\"imageAltText\":\"Full centered image\",\"assetWidth\":\"full\",\"roundedCorners\":\"\",\"mobileImage\":\"\"}}},\"107\":\"website\",\"102\":\"\",\"104\":\"\",\"101\":\"\",\"16\":\"1\",\"15\":\"red\",\"7\":\"one-with-everything\"}}', '2017-08-10 23:07:52', '2017-08-10 23:07:52', '19f54aa8-de1e-4aa1-ae85-6a1187d766d2'),
 ('96', '98', '3', '1', 'en_us', '17', '', '{\"typeId\":\"3\",\"authorId\":\"1\",\"title\":\"Ad Products\",\"slug\":\"solutions\",\"postDate\":1501109280,\"expiryDate\":null,\"enabled\":1,\"parentId\":\"\",\"fields\":{\"103\":\"\",\"106\":\"\",\"105\":\"\",\"89\":\"\",\"3\":{\"107\":{\"modified\":\"1\",\"type\":\"newSection\",\"enabled\":\"1\",\"collapsed\":\"0\",\"level\":\"0\",\"fields\":{\"sectionTitle\":\"Overview\",\"sectionBackgroundColor\":\"gray\"}},\"108\":{\"modified\":\"1\",\"type\":\"centeredTextLockup\",\"enabled\":\"1\",\"collapsed\":\"0\",\"level\":\"1\",\"fields\":{\"image\":\"\",\"headline\":\"Our ad products are fun and effective, for every objective\",\"subhead\":\"\",\"ctaButtons\":\"\"}},\"110\":{\"modified\":\"1\",\"type\":\"mobileDeviceGrid\",\"enabled\":\"1\",\"collapsed\":\"0\",\"level\":\"1\",\"fields\":{\"mobileDevices\":{\"206\":{\"type\":\"device\",\"enabled\":\"1\",\"fields\":{\"video\":\"\",\"posterImage\":[\"100\"],\"headline\":\"Snap Ads\",\"subhead\":\"<p>Captivate your audience with full-screen Snap Ads.<\\/p>\"}},\"207\":{\"type\":\"device\",\"enabled\":\"1\",\"fields\":{\"video\":\"\",\"posterImage\":[\"99\"],\"headline\":\"Filters\",\"subhead\":\"<p>Own a place or event with location-based Filters.<\\/p>\"}},\"208\":{\"type\":\"device\",\"enabled\":\"1\",\"fields\":{\"video\":\"\",\"posterImage\":[\"160\"],\"headline\":\"Lenses\",\"subhead\":\"<p>Invite customers to play and share with Lenses.<\\/p>\"}}},\"chillahTooltip\":\"\"}},\"144\":{\"modified\":\"1\",\"type\":\"newSection\",\"enabled\":\"1\",\"collapsed\":\"0\",\"level\":\"0\",\"fields\":{\"sectionTitle\":\"Snap Ads\",\"sectionBackgroundColor\":\"white\"}},\"209\":{\"modified\":\"1\",\"type\":\"centeredTextLockup\",\"enabled\":\"1\",\"collapsed\":\"0\",\"level\":\"1\",\"fields\":{\"image\":\"\",\"headline\":\"Snap Ads\",\"subhead\":\"<p>The original vertical video ad &mdash; now with attachments customized for your objectives.<\\/p>\",\"ctaButtons\":\"\"}},\"162\":{\"modified\":\"1\",\"type\":\"deviceTabs\",\"enabled\":\"1\",\"collapsed\":\"0\",\"level\":\"1\",\"fields\":{\"deviceTab\":{\"210\":{\"type\":\"tab\",\"enabled\":\"1\",\"fields\":{\"deviceVideo\":\"\",\"deviceImage\":\"\",\"tabImage\":[\"145\"],\"tabLabel\":\"Snap ads\",\"descriptionTitle\":\"\",\"description\":\"<p>Snap Ads are full-screen, 100% viewable, and have audio on by default.<\\/p>\",\"primaryCta\":{\"type\":\"\",\"custom\":\"\",\"entry\":\"\",\"customText\":\"\",\"target\":\"\"},\"secondaryLink\":{\"type\":\"\",\"custom\":\"\",\"entry\":\"\",\"customText\":\"\",\"target\":\"\"}}},\"211\":{\"type\":\"tab\",\"enabled\":\"1\",\"fields\":{\"deviceVideo\":\"\",\"deviceImage\":\"\",\"tabImage\":[\"146\"],\"tabLabel\":\"+ Web View\",\"descriptionTitle\":\"\",\"description\":\"<p>Drive traffic to your pre-loaded website. With our Auto-Fill feature, Snapchatters can send you their account email and more by just tapping.<\\/p>\",\"primaryCta\":{\"type\":\"\",\"custom\":\"\",\"entry\":\"\",\"customText\":\"\",\"target\":\"\"},\"secondaryLink\":{\"type\":\"\",\"custom\":\"\",\"entry\":\"\",\"customText\":\"\",\"target\":\"\"}}}},\"chillahTooltip\":{\"163\":{\"type\":\"tooltip\",\"enabled\":\"1\",\"fields\":{\"chillah\":[\"141\"],\"tooltipText\":\"<p>On average, over 10 billion videos are watched on Snapchat every day.<sup>1<\\/sup><\\/p>\",\"location\":\"topLeft\"}}}}},\"118\":{\"modified\":\"1\",\"type\":\"newSection\",\"enabled\":\"1\",\"collapsed\":\"0\",\"level\":\"0\",\"fields\":{\"sectionTitle\":\"Filters\",\"sectionBackgroundColor\":\"gray\"}},\"119\":{\"modified\":\"1\",\"type\":\"centeredTextLockup\",\"enabled\":\"1\",\"collapsed\":\"0\",\"level\":\"1\",\"fields\":{\"image\":\"\",\"headline\":\"Filters\",\"subhead\":\"<p>Filters allow you to be where your product is bought, thought about, or consumed. Create your own Filter and drive awareness, advocacy, and action in one package.<\\/p>\",\"ctaButtons\":{\"212\":{\"type\":\"primaryButton\",\"enabled\":\"1\",\"fields\":{\"button\":{\"type\":\"custom\",\"custom\":\"https:\\/\\/geofilters.snapchat.com\",\"entry\":\"\",\"customText\":\"Create A Filter\",\"target\":\"_blank\"},\"outline\":\"\",\"buttonType\":\"normal\"}},\"213\":{\"type\":\"secondaryButton\",\"enabled\":\"1\",\"fields\":{\"button\":{\"type\":\"custom\",\"custom\":\"https:\\/\\/businesshelp.snapchat.com\\/en-US\\/article\\/create-geofilter\",\"entry\":\"\",\"customText\":\"View Guidelines\",\"target\":\"_blank\"}}}}}},\"124\":{\"modified\":\"1\",\"type\":\"mobileDeviceGrid\",\"enabled\":\"1\",\"collapsed\":\"0\",\"level\":\"1\",\"fields\":{\"mobileDevices\":{\"214\":{\"type\":\"device\",\"enabled\":\"1\",\"fields\":{\"video\":\"\",\"posterImage\":[\"101\"],\"headline\":\"\",\"subhead\":\"\"}},\"215\":{\"type\":\"device\",\"enabled\":\"1\",\"fields\":{\"video\":\"\",\"posterImage\":[\"157\"],\"headline\":\"\",\"subhead\":\"\"}},\"216\":{\"type\":\"device\",\"enabled\":\"1\",\"fields\":{\"video\":\"\",\"posterImage\":[\"103\"],\"headline\":\"\",\"subhead\":\"\"}}},\"chillahTooltip\":{\"140\":{\"type\":\"tooltip\",\"enabled\":\"1\",\"fields\":{\"chillah\":[\"143\"],\"tooltipText\":\"<p>On average, more than a billion Snaps with Filters are viewed every day.<sup>1<\\/sup><\\/p>\",\"location\":\"topRight\"}}}}},\"128\":{\"modified\":\"1\",\"type\":\"newSection\",\"enabled\":\"1\",\"collapsed\":\"0\",\"level\":\"0\",\"fields\":{\"sectionTitle\":\"Lenses\",\"sectionBackgroundColor\":\"white\"}},\"129\":{\"modified\":\"1\",\"type\":\"centeredTextLockup\",\"enabled\":\"1\",\"collapsed\":\"0\",\"level\":\"1\",\"fields\":{\"image\":\"\",\"headline\":\"Lenses\",\"subhead\":\"<p>Lenses are the most playful and memorable way to increase awareness, on a massive scale. With one tap, you can invite Snapchatters into your world &mdash; and your story.<\\/p>\",\"ctaButtons\":\"\"}},\"132\":{\"modified\":\"1\",\"type\":\"mobileDeviceGrid\",\"enabled\":\"1\",\"collapsed\":\"0\",\"level\":\"1\",\"fields\":{\"mobileDevices\":{\"217\":{\"type\":\"device\",\"enabled\":\"1\",\"fields\":{\"video\":\"\",\"posterImage\":[\"159\"],\"headline\":\"\",\"subhead\":\"\"}},\"218\":{\"type\":\"device\",\"enabled\":\"1\",\"fields\":{\"video\":\"\",\"posterImage\":[\"151\"],\"headline\":\"\",\"subhead\":\"\"}},\"219\":{\"type\":\"device\",\"enabled\":\"1\",\"fields\":{\"video\":\"\",\"posterImage\":[\"161\"],\"headline\":\"\",\"subhead\":\"\"}}},\"chillahTooltip\":{\"220\":{\"type\":\"tooltip\",\"enabled\":\"1\",\"fields\":{\"chillah\":[\"142\"],\"tooltipText\":\"<p>The best lenses average more than 20 seconds of play time!<sup>1<\\/sup><\\/p>\",\"location\":\"topRight\"}}}}},\"136\":{\"modified\":\"1\",\"type\":\"newSection\",\"enabled\":\"1\",\"collapsed\":\"0\",\"level\":\"0\",\"fields\":{\"sectionTitle\":\"Video\",\"sectionBackgroundColor\":\"gray\"}},\"137\":{\"modified\":\"1\",\"type\":\"centeredTextLockup\",\"enabled\":\"1\",\"collapsed\":\"0\",\"level\":\"1\",\"fields\":{\"image\":\"\",\"headline\":\"See where your ads will run on Snapchat\",\"subhead\":\"\",\"ctaButtons\":\"\"}},\"221\":{\"modified\":\"1\",\"type\":\"centeredVideo\",\"enabled\":\"1\",\"collapsed\":\"0\",\"level\":\"1\",\"fields\":{\"horizontalVideo\":\"\",\"horizontalPosterImage\":\"\",\"verticalVideo\":\"\",\"verticalPosterImage\":\"\",\"videoControls\":\"\",\"roundedCorners\":\"\",\"autoplay\":\"\"}}},\"107\":\"website\",\"102\":\"\",\"104\":\"\",\"101\":\"\",\"16\":\"1\",\"15\":\"blue\",\"7\":\"ad-products\"}}', '2017-08-17 17:52:23', '2017-08-17 17:52:23', 'd75a607b-1a0c-422c-b001-86cb9646228a'),
 ('98', '348', '2', '1', 'en_us', '1', '', '{\"typeId\":null,\"authorId\":\"1\",\"title\":\"Test Blog Entry\",\"slug\":\"test-blog-entry\",\"postDate\":1503354660,\"expiryDate\":null,\"enabled\":1,\"parentId\":null,\"fields\":{\"144\":{\"new0\":{\"modified\":\"1\",\"type\":\"centeredImage\",\"enabled\":\"1\",\"collapsed\":\"0\",\"level\":\"0\",\"fields\":{\"image\":[\"8\"],\"imageAltText\":\"Image alt text\"}}},\"145\":[\"347\"],\"103\":\"\",\"106\":\"\",\"105\":\"\",\"107\":\"website\",\"102\":\"\",\"104\":\"\",\"101\":\"\"}}', '2017-08-21 22:32:03', '2017-08-21 22:32:03', '0e8cc68d-5e07-478c-9c77-7a5927b37c9d'),
 ('100', '348', '2', '1', 'en_us', '2', '', '{\"typeId\":\"2\",\"authorId\":\"1\",\"title\":\"Test Blog Entry\",\"slug\":\"test-blog-entry\",\"postDate\":1503354660,\"expiryDate\":null,\"enabled\":1,\"parentId\":null,\"fields\":{\"146\":\"blue\",\"149\":\"\",\"144\":{\"349\":{\"modified\":\"1\",\"type\":\"centeredImage\",\"enabled\":\"1\",\"collapsed\":\"0\",\"level\":\"0\",\"fields\":{\"image\":[\"8\"],\"imageAltText\":\"Image alt text\"}}},\"147\":\"\",\"148\":\"\",\"145\":\"\",\"103\":\"\",\"106\":\"\",\"105\":\"\",\"107\":\"website\",\"102\":\"\",\"104\":\"\",\"101\":\"\"}}', '2017-08-23 17:51:21', '2017-08-23 17:51:21', 'a5823903-d23f-41b3-8c96-81876c0f7084'),
 ('101', '348', '2', '1', 'en_us', '3', '', '{\"typeId\":\"2\",\"authorId\":\"1\",\"title\":\"Insights Entry\",\"slug\":\"test-blog-entry\",\"postDate\":1503354660,\"expiryDate\":null,\"enabled\":1,\"parentId\":null,\"fields\":{\"146\":\"blue\",\"149\":\"\",\"144\":{\"349\":{\"modified\":\"1\",\"type\":\"centeredImage\",\"enabled\":\"1\",\"collapsed\":\"0\",\"level\":\"0\",\"fields\":{\"image\":[\"8\"],\"imageAltText\":\"Image alt text\"}},\"new0\":{\"modified\":\"1\",\"type\":\"headline\",\"enabled\":\"1\",\"collapsed\":\"0\",\"level\":\"0\",\"fields\":{\"headline\":\"Headline text\"}}},\"147\":[\"246\"],\"148\":[\"350\"],\"145\":\"\",\"103\":\"\",\"106\":\"\",\"105\":\"\",\"107\":\"website\",\"102\":\"\",\"104\":\"\",\"101\":\"\"}}', '2017-08-23 17:52:38', '2017-08-23 17:52:38', '7b1829d1-4a25-42ae-9cb4-ced6222d4ed5'),
 ('102', '356', '2', '1', 'en_us', '1', '', '{\"typeId\":\"10\",\"authorId\":\"1\",\"title\":\"News Entry\",\"slug\":\"news-entry\",\"postDate\":1503510822,\"expiryDate\":null,\"enabled\":1,\"parentId\":null,\"fields\":{\"149\":\"\",\"144\":{\"new0\":{\"modified\":\"1\",\"type\":\"headline\",\"enabled\":\"1\",\"collapsed\":\"0\",\"level\":\"0\",\"fields\":{\"headline\":\"News entry headline\"}}},\"147\":[\"252\"],\"148\":[\"351\"],\"145\":\"\",\"103\":\"\",\"106\":\"\",\"105\":\"\",\"107\":\"website\",\"102\":\"\",\"104\":\"\",\"101\":\"\"}}', '2017-08-23 17:53:42', '2017-08-23 17:53:42', '821b84d6-a716-40f4-a3be-43eeeb06475c'),
 ('104', '358', '4', '1', 'en_us', '1', '', '{\"typeId\":\"12\",\"authorId\":\"1\",\"title\":\"Success Story Entry\",\"slug\":\"success-story-entry\",\"postDate\":1503510989,\"expiryDate\":null,\"enabled\":1,\"parentId\":\"\",\"fields\":{\"151\":\"\",\"146\":\"green\",\"38\":[\"97\"],\"150\":\"\",\"144\":{\"new0\":{\"modified\":\"1\",\"type\":\"subhead\",\"enabled\":\"1\",\"collapsed\":\"0\",\"level\":\"0\",\"fields\":{\"subhead\":\"<p>Quo usque tandem abutere, Catilina, patientia nostra? Petierunt uti sibi concilium totius Galliae in diem certam indicere. Qui ipsorum lingua Celtae, nostra Galli appellantur.<\\/p>\"}}},\"103\":\"\",\"106\":\"\",\"105\":\"\",\"107\":\"website\",\"102\":\"\",\"104\":\"\",\"101\":\"\",\"42\":\"Success story summary text Quae vero auctorem tractata ab fiducia dicuntur.\"}}', '2017-08-23 17:56:29', '2017-08-23 17:56:29', '4b35b701-7c60-4c38-9307-53be6d16a63d'),
 ('107', '356', '2', '361', 'en_us', '2', '', '{\"typeId\":\"10\",\"authorId\":\"1\",\"title\":\"Localized News Entry\",\"slug\":\"news-entry\",\"postDate\":1503510780,\"expiryDate\":null,\"enabled\":1,\"parentId\":null,\"fields\":{\"149\":\"\",\"144\":{\"357\":{\"modified\":\"1\",\"type\":\"headline\",\"enabled\":\"1\",\"collapsed\":\"0\",\"level\":\"0\",\"fields\":{\"headline\":\"News entry headline\"}}},\"147\":[\"252\"],\"148\":[\"351\"],\"145\":\"\",\"103\":\"\",\"155\":\"Localized News Entry\",\"106\":\"\",\"105\":\"\",\"107\":\"website\",\"102\":\"\",\"104\":\"\",\"101\":\"\"}}', '2017-08-23 21:53:03', '2017-08-23 21:53:03', '4c73c92c-4de5-4690-a597-01bd4b5d3c13'),
 ('108', '362', '11', '361', 'en_us', '1', NULL, '{\"typeId\":\"14\",\"authorId\":null,\"title\":\"Creative Spotlight\",\"slug\":\"creative-spotlight\",\"postDate\":1503607997,\"expiryDate\":null,\"enabled\":1,\"parentId\":null,\"fields\":[]}', '2017-08-24 20:53:17', '2017-08-24 20:53:17', '34dbba13-64cd-4e2e-8a65-1466cf2d451e'),
 ('109', '363', '12', '361', 'en_us', '1', NULL, '{\"typeId\":\"15\",\"authorId\":null,\"title\":\"Success Stories\",\"slug\":\"success-stories\",\"postDate\":1503608106,\"expiryDate\":null,\"enabled\":1,\"parentId\":null,\"fields\":[]}', '2017-08-24 20:55:06', '2017-08-24 20:55:06', 'f1a9d19c-61dd-4bab-b7dd-3884ec9e1e84'),
 ('111', '314', '3', '1', 'en_us', '6', '', '{\"typeId\":\"3\",\"authorId\":\"1\",\"title\":\"One With Everything\",\"slug\":\"one-with-everything\",\"postDate\":1502402400,\"expiryDate\":null,\"enabled\":1,\"parentId\":\"\",\"fields\":{\"103\":\"\",\"106\":\"\",\"105\":\"\",\"89\":{\"315\":{\"type\":\"annotation\",\"enabled\":\"1\",\"fields\":{\"number\":\"1\",\"text_loc\":\"Cool annotation bro.\"}},\"316\":{\"type\":\"annotation\",\"enabled\":\"1\",\"fields\":{\"number\":\"2\",\"text_loc\":\"Great job annotating this.\"}}},\"3\":{\"317\":{\"modified\":\"1\",\"type\":\"newSection\",\"enabled\":\"1\",\"collapsed\":\"0\",\"level\":\"0\",\"fields\":{\"sectionTitle_loc\":\"Element Grids\",\"sectionBackgroundColor\":\"gray\"}},\"318\":{\"modified\":\"1\",\"type\":\"imageCardGrid\",\"enabled\":\"1\",\"collapsed\":\"0\",\"level\":\"1\",\"fields\":{\"imageCardRow\":{\"319\":{\"type\":\"imageCard\",\"enabled\":\"1\",\"fields\":{\"cardImage\":[\"14\"],\"headline_loc\":\"Card 1 Headline\",\"body_loc\":\"<p>Card 1 body text<\\/p>\"}},\"320\":{\"type\":\"imageCard\",\"enabled\":\"1\",\"fields\":{\"cardImage\":[\"15\"],\"headline_loc\":\"Card 2 Headline\",\"body_loc\":\"<p>Card 2 body text goes right here.<\\/p>\"}},\"321\":{\"type\":\"imageCard\",\"enabled\":\"1\",\"fields\":{\"cardImage\":[\"16\"],\"headline_loc\":\"Card 3 Headline\",\"body_loc\":\"<p>Card 3 body looks like this.<\\/p>\"}}},\"chillahTooltip\":\"\"}},\"322\":{\"modified\":\"1\",\"type\":\"logoGrid\",\"enabled\":\"1\",\"collapsed\":\"0\",\"level\":\"1\",\"fields\":{\"logos\":{\"323\":{\"type\":\"logo\",\"enabled\":\"1\",\"fields\":{\"image\":[\"76\"],\"imageAltText_loc\":\"Adjust logo\",\"imageLinkUrl\":\"https:\\/\\/forbusiness.snapchat.com\"}},\"324\":{\"type\":\"logo\",\"enabled\":\"1\",\"fields\":{\"image\":[\"77\"],\"imageAltText_loc\":\"Appsflyer logo\",\"imageLinkUrl\":\"https:\\/\\/forbusiness.snapchat.com\"}},\"325\":{\"type\":\"logo\",\"enabled\":\"1\",\"fields\":{\"image\":[\"78\"],\"imageAltText_loc\":\"Double Click logo\",\"imageLinkUrl\":\"https:\\/\\/forbusiness.snapchat.com\"}}}}},\"326\":{\"modified\":\"1\",\"type\":\"mobileDeviceGrid\",\"enabled\":\"1\",\"collapsed\":\"0\",\"level\":\"1\",\"fields\":{\"mobileDevices\":{\"327\":{\"type\":\"device\",\"enabled\":\"1\",\"fields\":{\"video\":\"\",\"posterImage\":[\"160\"],\"headline_loc\":\"Device 1 headline\",\"subhead_loc\":\"<p>Quam diu etiam furor iste tuus nos eludet? Plura mihi bona sunt, inclinet, amari petere vellent.<\\/p>\"}},\"328\":{\"type\":\"device\",\"enabled\":\"1\",\"fields\":{\"video\":\"\",\"posterImage\":[\"159\"],\"headline_loc\":\"Device 2 Headline\",\"subhead_loc\":\"<p>Quam diu etiam furor iste tuus nos eludet? Plura mihi bona sunt, inclinet, amari petere vellent.<\\/p>\"}},\"329\":{\"type\":\"device\",\"enabled\":\"1\",\"fields\":{\"video\":\"\",\"posterImage\":[\"150\"],\"headline_loc\":\"Device 3 Headline\",\"subhead_loc\":\"<p>Quam diu etiam furor iste tuus nos eludet? Plura mihi bona sunt, inclinet, amari petere vellent.<\\/p>\"}}},\"chillahTooltip\":\"\"}},\"330\":{\"modified\":\"1\",\"type\":\"newSection\",\"enabled\":\"1\",\"collapsed\":\"0\",\"level\":\"0\",\"fields\":{\"sectionTitle_loc\":\"Text & Images\",\"sectionBackgroundColor\":\"white\"}},\"331\":{\"modified\":\"1\",\"type\":\"centeredTextLockup\",\"enabled\":\"1\",\"collapsed\":\"0\",\"level\":\"1\",\"fields\":{\"image\":[\"288\"],\"headline_loc\":\"Centered Text Lockup\",\"subhead_loc\":\"<p>Quam diu etiam furor iste tuus nos eludet? Plura mihi bona sunt, inclinet, amari petere vellent.<\\/p>\",\"ctaButtons\":{\"332\":{\"type\":\"primaryButton\",\"enabled\":\"1\",\"fields\":{\"button\":{\"type\":\"custom\",\"custom\":\"forbusiness.snapchat.com\",\"entry\":\"\",\"customText\":\"Primary Button Outlined\",\"target\":\"_blank\"},\"outline\":\"1\",\"buttonType\":\"normal\"}},\"333\":{\"type\":\"primaryButton\",\"enabled\":\"1\",\"fields\":{\"button\":{\"type\":\"custom\",\"custom\":\"forbusiness.snapchat.com\",\"entry\":\"\",\"customText\":\"Primary Button Filled\",\"target\":\"_blank\"},\"outline\":\"\",\"buttonType\":\"normal\"}},\"334\":{\"type\":\"secondaryButton\",\"enabled\":\"1\",\"fields\":{\"button\":{\"type\":\"custom\",\"custom\":\"forbusiness.snapchat.com\",\"entry\":\"\",\"customText\":\"Secondary Button\",\"target\":\"_blank\"}}}}}},\"335\":{\"modified\":\"1\",\"type\":\"imageBesideText\",\"enabled\":\"1\",\"collapsed\":\"0\",\"level\":\"1\",\"fields\":{\"image\":[\"38\"],\"imageLocation\":\"left\",\"headline_loc\":\"Image Beside Text\",\"paragraph_loc\":\"<p>Curabitur blandit tempus ardua ridiculus sed magna. Integer legentibus erat a ante historiarum dapibus. Vivamus sagittis lacus vel augue laoreet rutrum faucibus. Morbi fringilla convallis sapien, id pulvinar odio volutpat. Tu quoque, Brute, fili mi, nihil timor populi, nihil!<\\/p>\",\"ctaButtons\":{\"336\":{\"type\":\"primaryButton\",\"enabled\":\"1\",\"fields\":{\"button\":{\"type\":\"custom\",\"custom\":\"forbusiness.snapchat.com\",\"entry\":\"\",\"customText\":\"Primary Button Outlined\",\"target\":\"_blank\"},\"outline\":\"1\",\"buttonType\":\"normal\"}},\"337\":{\"type\":\"primaryButton\",\"enabled\":\"1\",\"fields\":{\"button\":{\"type\":\"custom\",\"custom\":\"forbusiness.snapchat.com\",\"entry\":\"\",\"customText\":\"Primary Button Filled\",\"target\":\"\"},\"outline\":\"\",\"buttonType\":\"normal\"}},\"338\":{\"type\":\"secondaryButton\",\"enabled\":\"1\",\"fields\":{\"button\":{\"type\":\"custom\",\"custom\":\"snapchat.com\",\"entry\":\"\",\"customText\":\"Secondary Button\",\"target\":\"_blank\"}}}}}},\"339\":{\"modified\":\"1\",\"type\":\"newSection\",\"enabled\":\"1\",\"collapsed\":\"0\",\"level\":\"0\",\"fields\":{\"sectionTitle_loc\":\"Images Alone\",\"sectionBackgroundColor\":\"gray\"}},\"340\":{\"modified\":\"1\",\"type\":\"centeredImage\",\"enabled\":\"1\",\"collapsed\":\"0\",\"level\":\"1\",\"fields\":{\"image\":[\"38\"],\"imageAltText_loc\":\"Centered Image\",\"assetWidth\":\"normal\",\"roundedCorners\":\"1\",\"mobileImage\":[\"100\"]}},\"343\":{\"modified\":\"1\",\"type\":\"centeredImage\",\"enabled\":\"1\",\"collapsed\":\"0\",\"level\":\"1\",\"fields\":{\"image\":[\"172\"],\"imageAltText_loc\":\"Wide centered image\",\"assetWidth\":\"wide\",\"roundedCorners\":\"\",\"mobileImage\":\"\"}},\"341\":{\"modified\":\"1\",\"type\":\"centeredImage\",\"enabled\":\"1\",\"collapsed\":\"0\",\"level\":\"1\",\"fields\":{\"image\":[\"68\"],\"imageAltText_loc\":\"Full centered image\",\"assetWidth\":\"full\",\"roundedCorners\":\"\",\"mobileImage\":\"\"}}},\"107\":\"website\",\"102\":\"\",\"104\":\"\",\"101\":\"\",\"16\":\"1\",\"15\":\"red\",\"155\":\"One With Everything\",\"7\":\"one-with-everything\"}}', '2017-08-30 21:02:13', '2017-08-30 21:02:13', 'f1c546d3-0b02-478f-9a80-53455b68b1f2'),
 ('112', '314', '3', '1', 'en_us', '7', '', '{\"typeId\":\"3\",\"authorId\":\"1\",\"title\":\"One With Everything\",\"slug\":\"one-with-everything\",\"postDate\":1502402400,\"expiryDate\":null,\"enabled\":1,\"parentId\":\"\",\"fields\":{\"103\":\"\",\"106\":\"\",\"105\":\"\",\"89\":{\"315\":{\"type\":\"annotation\",\"enabled\":\"1\",\"fields\":{\"number\":\"1\",\"text_loc\":\"Cool annotation bro.\"}},\"316\":{\"type\":\"annotation\",\"enabled\":\"1\",\"fields\":{\"number\":\"2\",\"text_loc\":\"Great job annotating this.\"}}},\"3\":{\"317\":{\"modified\":\"1\",\"type\":\"newSection\",\"enabled\":\"1\",\"collapsed\":\"0\",\"level\":\"0\",\"fields\":{\"sectionTitle_loc\":\"Element Grids\",\"sectionBackgroundColor\":\"gray\"}},\"318\":{\"modified\":\"1\",\"type\":\"imageCardGrid\",\"enabled\":\"1\",\"collapsed\":\"0\",\"level\":\"1\",\"fields\":{\"imageCardRow\":{\"319\":{\"type\":\"imageCard\",\"enabled\":\"1\",\"fields\":{\"cardImage\":[\"14\"],\"headline_loc\":\"Card 1 Headline\",\"body_loc\":\"<p>Card 1 body text<\\/p>\"}},\"320\":{\"type\":\"imageCard\",\"enabled\":\"1\",\"fields\":{\"cardImage\":[\"15\"],\"headline_loc\":\"Card 2 Headline\",\"body_loc\":\"<p>Card 2 body text goes right here.<\\/p>\"}},\"321\":{\"type\":\"imageCard\",\"enabled\":\"1\",\"fields\":{\"cardImage\":[\"16\"],\"headline_loc\":\"Card 3 Headline\",\"body_loc\":\"<p>Card 3 body looks like this.<\\/p>\"}}},\"chillahTooltip\":\"\"}},\"322\":{\"modified\":\"1\",\"type\":\"logoGrid\",\"enabled\":\"1\",\"collapsed\":\"0\",\"level\":\"1\",\"fields\":{\"logos\":{\"323\":{\"type\":\"logo\",\"enabled\":\"1\",\"fields\":{\"image\":[\"76\"],\"imageAltText_loc\":\"Adjust logo\",\"imageLinkUrl\":\"https:\\/\\/forbusiness.snapchat.com\"}},\"324\":{\"type\":\"logo\",\"enabled\":\"1\",\"fields\":{\"image\":[\"77\"],\"imageAltText_loc\":\"Appsflyer logo\",\"imageLinkUrl\":\"https:\\/\\/forbusiness.snapchat.com\"}},\"325\":{\"type\":\"logo\",\"enabled\":\"1\",\"fields\":{\"image\":[\"78\"],\"imageAltText_loc\":\"Double Click logo\",\"imageLinkUrl\":\"https:\\/\\/forbusiness.snapchat.com\"}}}}},\"326\":{\"modified\":\"1\",\"type\":\"mobileDeviceGrid\",\"enabled\":\"1\",\"collapsed\":\"0\",\"level\":\"1\",\"fields\":{\"mobileDevices\":{\"327\":{\"type\":\"device\",\"enabled\":\"1\",\"fields\":{\"video\":[\"381\"],\"posterImage\":[\"160\"],\"headline_loc\":\"Device 1 headline\",\"subhead_loc\":\"<p>Quam diu etiam furor iste tuus nos eludet? Plura mihi bona sunt, inclinet, amari petere vellent.<\\/p>\"}},\"328\":{\"type\":\"device\",\"enabled\":\"1\",\"fields\":{\"video\":[\"407\"],\"posterImage\":[\"159\"],\"headline_loc\":\"Device 2 Headline\",\"subhead_loc\":\"<p>Quam diu etiam furor iste tuus nos eludet? Plura mihi bona sunt, inclinet, amari petere vellent.<\\/p>\"}},\"329\":{\"type\":\"device\",\"enabled\":\"1\",\"fields\":{\"video\":[\"402\"],\"posterImage\":[\"150\"],\"headline_loc\":\"Device 3 Headline\",\"subhead_loc\":\"<p>Quam diu etiam furor iste tuus nos eludet? Plura mihi bona sunt, inclinet, amari petere vellent.<\\/p>\"}}},\"chillahTooltip\":\"\"}},\"330\":{\"modified\":\"1\",\"type\":\"newSection\",\"enabled\":\"1\",\"collapsed\":\"0\",\"level\":\"0\",\"fields\":{\"sectionTitle_loc\":\"Text & Images\",\"sectionBackgroundColor\":\"white\"}},\"331\":{\"modified\":\"1\",\"type\":\"centeredTextLockup\",\"enabled\":\"1\",\"collapsed\":\"0\",\"level\":\"1\",\"fields\":{\"image\":[\"288\"],\"headline_loc\":\"Centered Text Lockup\",\"subhead_loc\":\"<p>Quam diu etiam furor iste tuus nos eludet? Plura mihi bona sunt, inclinet, amari petere vellent.<\\/p>\",\"ctaButtons\":{\"332\":{\"type\":\"primaryButton\",\"enabled\":\"1\",\"fields\":{\"button\":{\"type\":\"custom\",\"custom\":\"forbusiness.snapchat.com\",\"entry\":\"\",\"customText\":\"Primary Button Outlined\",\"target\":\"_blank\"},\"outline\":\"1\",\"buttonType\":\"normal\"}},\"333\":{\"type\":\"primaryButton\",\"enabled\":\"1\",\"fields\":{\"button\":{\"type\":\"custom\",\"custom\":\"forbusiness.snapchat.com\",\"entry\":\"\",\"customText\":\"Primary Button Filled\",\"target\":\"_blank\"},\"outline\":\"\",\"buttonType\":\"normal\"}},\"334\":{\"type\":\"secondaryButton\",\"enabled\":\"1\",\"fields\":{\"button\":{\"type\":\"custom\",\"custom\":\"forbusiness.snapchat.com\",\"entry\":\"\",\"customText\":\"Secondary Button\",\"target\":\"_blank\"}}}}}},\"335\":{\"modified\":\"1\",\"type\":\"imageBesideText\",\"enabled\":\"1\",\"collapsed\":\"0\",\"level\":\"1\",\"fields\":{\"image\":[\"38\"],\"imageLocation\":\"left\",\"headline_loc\":\"Image Beside Text\",\"paragraph_loc\":\"<p>Curabitur blandit tempus ardua ridiculus sed magna. Integer legentibus erat a ante historiarum dapibus. Vivamus sagittis lacus vel augue laoreet rutrum faucibus. Morbi fringilla convallis sapien, id pulvinar odio volutpat. Tu quoque, Brute, fili mi, nihil timor populi, nihil!<\\/p>\",\"ctaButtons\":{\"336\":{\"type\":\"primaryButton\",\"enabled\":\"1\",\"fields\":{\"button\":{\"type\":\"custom\",\"custom\":\"forbusiness.snapchat.com\",\"entry\":\"\",\"customText\":\"Primary Button Outlined\",\"target\":\"_blank\"},\"outline\":\"1\",\"buttonType\":\"normal\"}},\"337\":{\"type\":\"primaryButton\",\"enabled\":\"1\",\"fields\":{\"button\":{\"type\":\"custom\",\"custom\":\"forbusiness.snapchat.com\",\"entry\":\"\",\"customText\":\"Primary Button Filled\",\"target\":\"\"},\"outline\":\"\",\"buttonType\":\"normal\"}},\"338\":{\"type\":\"secondaryButton\",\"enabled\":\"1\",\"fields\":{\"button\":{\"type\":\"custom\",\"custom\":\"snapchat.com\",\"entry\":\"\",\"customText\":\"Secondary Button\",\"target\":\"_blank\"}}}}}},\"339\":{\"modified\":\"1\",\"type\":\"newSection\",\"enabled\":\"1\",\"collapsed\":\"0\",\"level\":\"0\",\"fields\":{\"sectionTitle_loc\":\"Images Alone\",\"sectionBackgroundColor\":\"gray\"}},\"340\":{\"modified\":\"1\",\"type\":\"centeredImage\",\"enabled\":\"1\",\"collapsed\":\"0\",\"level\":\"1\",\"fields\":{\"image\":[\"38\"],\"imageAltText_loc\":\"Centered Image with round corners\",\"assetWidth\":\"normal\",\"roundedCorners\":\"1\",\"mobileImage\":[\"100\"]}},\"343\":{\"modified\":\"1\",\"type\":\"centeredImage\",\"enabled\":\"1\",\"collapsed\":\"0\",\"level\":\"1\",\"fields\":{\"image\":[\"172\"],\"imageAltText_loc\":\"Wide centered image\",\"assetWidth\":\"wide\",\"roundedCorners\":\"\",\"mobileImage\":\"\"}},\"341\":{\"modified\":\"1\",\"type\":\"centeredImage\",\"enabled\":\"1\",\"collapsed\":\"0\",\"level\":\"1\",\"fields\":{\"image\":[\"68\"],\"imageAltText_loc\":\"Full centered image\",\"assetWidth\":\"full\",\"roundedCorners\":\"\",\"mobileImage\":\"\"}},\"new0\":{\"modified\":\"1\",\"type\":\"newSection\",\"enabled\":\"1\",\"collapsed\":\"0\",\"level\":\"0\",\"fields\":{\"sectionTitle_loc\":\"Video stuff\",\"sectionBackgroundColor\":\"gray\"}},\"new1\":{\"modified\":\"1\",\"type\":\"centeredVideo\",\"enabled\":\"1\",\"collapsed\":\"0\",\"level\":\"1\",\"fields\":{\"horizontalVideo\":[\"394\"],\"horizontalPosterImage\":[\"38\"],\"verticalVideo\":[\"374\"],\"verticalPosterImage\":[\"152\"],\"videoControls\":\"1\",\"roundedCorners\":\"1\",\"autoplay\":\"\"}},\"new2\":{\"modified\":\"1\",\"type\":\"newSection\",\"enabled\":\"1\",\"collapsed\":\"0\",\"level\":\"0\",\"fields\":{\"sectionTitle_loc\":\"Side by side\",\"sectionBackgroundColor\":\"white\"}},\"new3\":{\"modified\":\"1\",\"type\":\"imageBesideText\",\"enabled\":\"1\",\"collapsed\":\"0\",\"level\":\"1\",\"fields\":{\"image\":[\"8\"],\"imageLocation\":\"left\",\"headline_loc\":\"Image left of text\",\"paragraph_loc\":\"<p>Gallia est omnis divisa in partes tres, quarum. Contra legem facit qui id facit quod lex prohibet. Tu quoque, Brute, fili mi, nihil timor populi, nihil! Nec dubitamus multa iter quae et nos invenerat. Nihil hic munitissimus habendi senatus locus, nihil horum? Idque Caesaris facere voluntate liceret: sese habere.<\\/p>\",\"ctaButtons\":{\"new1\":{\"type\":\"primaryButton\",\"enabled\":\"1\",\"fields\":{\"button\":{\"type\":\"custom\",\"custom\":\"http:\\/\\/snapchat.com\",\"entry\":\"\",\"customText\":\"CTA Button\",\"target\":\"_blank\"},\"outline\":\"1\",\"buttonType\":\"normal\"}}}}},\"new4\":{\"modified\":\"1\",\"type\":\"imageBesideText\",\"enabled\":\"1\",\"collapsed\":\"0\",\"level\":\"1\",\"fields\":{\"image\":[\"38\"],\"imageLocation\":\"right\",\"headline_loc\":\"Image to the RIGHT of text\",\"paragraph_loc\":\"<p>Gallia est omnis divisa in partes tres, quarum. Contra legem facit qui id facit quod lex prohibet. Tu quoque, Brute, fili mi, nihil timor populi, nihil! Nec dubitamus multa iter quae et nos invenerat. Nihil hic munitissimus habendi senatus locus, nihil horum? Idque Caesaris facere voluntate liceret: sese habere.<\\/p>\",\"ctaButtons\":{\"new1\":{\"type\":\"primaryButton\",\"enabled\":\"1\",\"fields\":{\"button\":{\"type\":\"custom\",\"custom\":\"http:\\/\\/snapchat.com\",\"entry\":\"\",\"customText\":\"CTA Button\",\"target\":\"\"},\"outline\":\"\",\"buttonType\":\"normal\"}}}}},\"new5\":{\"modified\":\"1\",\"type\":\"videoBesideText\",\"enabled\":\"1\",\"collapsed\":\"0\",\"level\":\"1\",\"fields\":{\"video\":{\"new1\":{\"type\":\"videoAttributes\",\"enabled\":\"1\",\"fields\":{\"videoFile\":[\"392\"],\"posterImage\":[\"155\"]}}},\"desktopVideoLocation\":\"left\",\"headline_loc\":\"Video to the left of this text\",\"paragraph_loc\":\"<p>Gallia est omnis divisa in partes tres, quarum. Contra legem facit qui id facit quod lex prohibet. Tu quoque, Brute, fili mi, nihil timor populi, nihil! Nec dubitamus multa iter quae et nos invenerat. Nihil hic munitissimus habendi senatus locus, nihil horum? Idque Caesaris facere voluntate liceret: sese habere.<\\/p>\",\"ctaButtons\":{\"new1\":{\"type\":\"primaryButton\",\"enabled\":\"1\",\"fields\":{\"button\":{\"type\":\"\",\"custom\":\"\",\"entry\":\"\",\"customText\":\"\",\"target\":\"\"},\"outline\":\"1\",\"buttonType\":\"normal\"}},\"new2\":{\"type\":\"secondaryButton\",\"enabled\":\"1\",\"fields\":{\"button\":{\"type\":\"\",\"custom\":\"\",\"entry\":\"\",\"customText\":\"\",\"target\":\"\"}}}}}}},\"107\":\"website\",\"102\":\"\",\"104\":\"\",\"101\":\"\",\"16\":\"1\",\"15\":\"red\",\"155\":\"One With Everything\",\"7\":\"one-with-everything\"}}', '2017-08-30 22:28:57', '2017-08-30 22:28:57', '69fa75ad-b496-4119-89f5-978d125a901b'),
 ('113', '314', '3', '1', 'en_us', '8', '', '{\"typeId\":\"3\",\"authorId\":\"1\",\"title\":\"One With Everything\",\"slug\":\"one-with-everything\",\"postDate\":1502402400,\"expiryDate\":null,\"enabled\":1,\"parentId\":\"\",\"fields\":{\"103\":\"\",\"106\":\"\",\"105\":\"\",\"89\":{\"315\":{\"type\":\"annotation\",\"enabled\":\"1\",\"fields\":{\"number\":\"1\",\"text_loc\":\"Cool annotation bro.\"}},\"316\":{\"type\":\"annotation\",\"enabled\":\"1\",\"fields\":{\"number\":\"2\",\"text_loc\":\"Great job annotating this.\"}}},\"3\":{\"317\":{\"modified\":\"1\",\"type\":\"newSection\",\"enabled\":\"1\",\"collapsed\":\"0\",\"level\":\"0\",\"fields\":{\"sectionTitle_loc\":\"Element Grids\",\"sectionBackgroundColor\":\"gray\"}},\"318\":{\"modified\":\"1\",\"type\":\"imageCardGrid\",\"enabled\":\"1\",\"collapsed\":\"0\",\"level\":\"1\",\"fields\":{\"imageCardRow\":{\"319\":{\"type\":\"imageCard\",\"enabled\":\"1\",\"fields\":{\"cardImage\":[\"14\"],\"headline_loc\":\"Card 1 Headline\",\"body_loc\":\"<p>Card 1 body text<\\/p>\"}},\"320\":{\"type\":\"imageCard\",\"enabled\":\"1\",\"fields\":{\"cardImage\":[\"15\"],\"headline_loc\":\"Card 2 Headline\",\"body_loc\":\"<p>Card 2 body text goes right here.<\\/p>\"}},\"321\":{\"type\":\"imageCard\",\"enabled\":\"1\",\"fields\":{\"cardImage\":[\"16\"],\"headline_loc\":\"Card 3 Headline\",\"body_loc\":\"<p>Card 3 body looks like this.<\\/p>\"}}},\"chillahTooltip\":\"\"}},\"322\":{\"modified\":\"1\",\"type\":\"logoGrid\",\"enabled\":\"1\",\"collapsed\":\"0\",\"level\":\"1\",\"fields\":{\"logos\":{\"323\":{\"type\":\"logo\",\"enabled\":\"1\",\"fields\":{\"image\":[\"76\"],\"imageAltText_loc\":\"Adjust logo\",\"imageLinkUrl\":\"https:\\/\\/forbusiness.snapchat.com\"}},\"324\":{\"type\":\"logo\",\"enabled\":\"1\",\"fields\":{\"image\":[\"77\"],\"imageAltText_loc\":\"Appsflyer logo\",\"imageLinkUrl\":\"https:\\/\\/forbusiness.snapchat.com\"}},\"325\":{\"type\":\"logo\",\"enabled\":\"1\",\"fields\":{\"image\":[\"78\"],\"imageAltText_loc\":\"Double Click logo\",\"imageLinkUrl\":\"https:\\/\\/forbusiness.snapchat.com\"}}}}},\"326\":{\"modified\":\"1\",\"type\":\"mobileDeviceGrid\",\"enabled\":\"1\",\"collapsed\":\"0\",\"level\":\"1\",\"fields\":{\"mobileDevices\":{\"327\":{\"type\":\"device\",\"enabled\":\"1\",\"fields\":{\"video\":[\"381\"],\"posterImage\":[\"160\"],\"headline_loc\":\"Device 1 headline\",\"subhead_loc\":\"<p>Quam diu etiam furor iste tuus nos eludet? Plura mihi bona sunt, inclinet, amari petere vellent.<\\/p>\"}},\"328\":{\"type\":\"device\",\"enabled\":\"1\",\"fields\":{\"video\":[\"407\"],\"posterImage\":[\"159\"],\"headline_loc\":\"Device 2 Headline\",\"subhead_loc\":\"<p>Quam diu etiam furor iste tuus nos eludet? Plura mihi bona sunt, inclinet, amari petere vellent.<\\/p>\"}},\"329\":{\"type\":\"device\",\"enabled\":\"1\",\"fields\":{\"video\":[\"402\"],\"posterImage\":[\"150\"],\"headline_loc\":\"Device 3 Headline\",\"subhead_loc\":\"<p>Quam diu etiam furor iste tuus nos eludet? Plura mihi bona sunt, inclinet, amari petere vellent.<\\/p>\"}}},\"chillahTooltip\":\"\"}},\"330\":{\"modified\":\"1\",\"type\":\"newSection\",\"enabled\":\"1\",\"collapsed\":\"0\",\"level\":\"0\",\"fields\":{\"sectionTitle_loc\":\"Text & Images\",\"sectionBackgroundColor\":\"white\"}},\"331\":{\"modified\":\"1\",\"type\":\"centeredTextLockup\",\"enabled\":\"1\",\"collapsed\":\"0\",\"level\":\"1\",\"fields\":{\"image\":[\"288\"],\"headline_loc\":\"Centered Text Lockup\",\"subhead_loc\":\"<p>Quam diu etiam furor iste tuus nos eludet? Plura mihi bona sunt, inclinet, amari petere vellent.<\\/p>\",\"ctaButtons\":{\"332\":{\"type\":\"primaryButton\",\"enabled\":\"1\",\"fields\":{\"button\":{\"type\":\"custom\",\"custom\":\"forbusiness.snapchat.com\",\"entry\":\"\",\"customText\":\"Primary Button Outlined\",\"target\":\"_blank\"},\"outline\":\"1\",\"buttonType\":\"normal\"}},\"333\":{\"type\":\"primaryButton\",\"enabled\":\"1\",\"fields\":{\"button\":{\"type\":\"custom\",\"custom\":\"forbusiness.snapchat.com\",\"entry\":\"\",\"customText\":\"Primary Button Filled\",\"target\":\"_blank\"},\"outline\":\"\",\"buttonType\":\"normal\"}},\"334\":{\"type\":\"secondaryButton\",\"enabled\":\"1\",\"fields\":{\"button\":{\"type\":\"custom\",\"custom\":\"forbusiness.snapchat.com\",\"entry\":\"\",\"customText\":\"Secondary Button\",\"target\":\"_blank\"}}}}}},\"335\":{\"modified\":\"1\",\"type\":\"imageBesideText\",\"enabled\":\"1\",\"collapsed\":\"0\",\"level\":\"1\",\"fields\":{\"image\":[\"38\"],\"imageLocation\":\"left\",\"headline_loc\":\"Image Beside Text\",\"paragraph_loc\":\"<p>Curabitur blandit tempus ardua ridiculus sed magna. Integer legentibus erat a ante historiarum dapibus. Vivamus sagittis lacus vel augue laoreet rutrum faucibus. Morbi fringilla convallis sapien, id pulvinar odio volutpat. Tu quoque, Brute, fili mi, nihil timor populi, nihil!<\\/p>\",\"ctaButtons\":{\"336\":{\"type\":\"primaryButton\",\"enabled\":\"1\",\"fields\":{\"button\":{\"type\":\"custom\",\"custom\":\"forbusiness.snapchat.com\",\"entry\":\"\",\"customText\":\"Primary Button Outlined\",\"target\":\"_blank\"},\"outline\":\"1\",\"buttonType\":\"normal\"}},\"337\":{\"type\":\"primaryButton\",\"enabled\":\"1\",\"fields\":{\"button\":{\"type\":\"custom\",\"custom\":\"forbusiness.snapchat.com\",\"entry\":\"\",\"customText\":\"Primary Button Filled\",\"target\":\"\"},\"outline\":\"\",\"buttonType\":\"normal\"}},\"338\":{\"type\":\"secondaryButton\",\"enabled\":\"1\",\"fields\":{\"button\":{\"type\":\"custom\",\"custom\":\"snapchat.com\",\"entry\":\"\",\"customText\":\"Secondary Button\",\"target\":\"_blank\"}}}}}},\"339\":{\"modified\":\"1\",\"type\":\"newSection\",\"enabled\":\"1\",\"collapsed\":\"0\",\"level\":\"0\",\"fields\":{\"sectionTitle_loc\":\"Images Alone\",\"sectionBackgroundColor\":\"gray\"}},\"340\":{\"modified\":\"1\",\"type\":\"centeredImage\",\"enabled\":\"1\",\"collapsed\":\"0\",\"level\":\"1\",\"fields\":{\"image\":[\"38\"],\"imageAltText_loc\":\"Centered Image with round corners\",\"assetWidth\":\"normal\",\"roundedCorners\":\"1\",\"mobileImage\":[\"100\"]}},\"343\":{\"modified\":\"1\",\"type\":\"centeredImage\",\"enabled\":\"1\",\"collapsed\":\"0\",\"level\":\"1\",\"fields\":{\"image\":[\"172\"],\"imageAltText_loc\":\"Wide centered image\",\"assetWidth\":\"wide\",\"roundedCorners\":\"\",\"mobileImage\":\"\"}},\"341\":{\"modified\":\"1\",\"type\":\"centeredImage\",\"enabled\":\"1\",\"collapsed\":\"0\",\"level\":\"1\",\"fields\":{\"image\":[\"68\"],\"imageAltText_loc\":\"Full centered image\",\"assetWidth\":\"full\",\"roundedCorners\":\"\",\"mobileImage\":\"\"}},\"426\":{\"modified\":\"1\",\"type\":\"newSection\",\"enabled\":\"1\",\"collapsed\":\"0\",\"level\":\"0\",\"fields\":{\"sectionTitle_loc\":\"Video stuff\",\"sectionBackgroundColor\":\"gray\"}},\"427\":{\"modified\":\"1\",\"type\":\"centeredVideo\",\"enabled\":\"1\",\"collapsed\":\"0\",\"level\":\"1\",\"fields\":{\"horizontalVideo\":[\"394\"],\"horizontalPosterImage\":[\"38\"],\"verticalVideo\":[\"374\"],\"verticalPosterImage\":[\"152\"],\"videoControls\":\"1\",\"roundedCorners\":\"1\",\"autoplay\":\"\"}},\"428\":{\"modified\":\"1\",\"type\":\"newSection\",\"enabled\":\"1\",\"collapsed\":\"0\",\"level\":\"0\",\"fields\":{\"sectionTitle_loc\":\"Side by side\",\"sectionBackgroundColor\":\"white\"}},\"429\":{\"modified\":\"1\",\"type\":\"imageBesideText\",\"enabled\":\"1\",\"collapsed\":\"0\",\"level\":\"1\",\"fields\":{\"image\":[\"8\"],\"imageLocation\":\"left\",\"headline_loc\":\"Image left of text\",\"paragraph_loc\":\"<p>Gallia est omnis divisa in partes tres, quarum. Contra legem facit qui id facit quod lex prohibet. Tu quoque, Brute, fili mi, nihil timor populi, nihil! Nec dubitamus multa iter quae et nos invenerat. Nihil hic munitissimus habendi senatus locus, nihil horum? Idque Caesaris facere voluntate liceret: sese habere.<\\/p>\",\"ctaButtons\":{\"430\":{\"type\":\"primaryButton\",\"enabled\":\"1\",\"fields\":{\"button\":{\"type\":\"custom\",\"custom\":\"http:\\/\\/snapchat.com\",\"entry\":\"\",\"customText\":\"CTA Button\",\"target\":\"_blank\"},\"outline\":\"1\",\"buttonType\":\"normal\"}}}}},\"431\":{\"modified\":\"1\",\"type\":\"imageBesideText\",\"enabled\":\"1\",\"collapsed\":\"0\",\"level\":\"1\",\"fields\":{\"image\":[\"38\"],\"imageLocation\":\"right\",\"headline_loc\":\"Image to the RIGHT of text\",\"paragraph_loc\":\"<p>Gallia est omnis divisa in partes tres, quarum. Contra legem facit qui id facit quod lex prohibet. Tu quoque, Brute, fili mi, nihil timor populi, nihil! Nec dubitamus multa iter quae et nos invenerat. Nihil hic munitissimus habendi senatus locus, nihil horum? Idque Caesaris facere voluntate liceret: sese habere.<\\/p>\",\"ctaButtons\":{\"432\":{\"type\":\"primaryButton\",\"enabled\":\"1\",\"fields\":{\"button\":{\"type\":\"custom\",\"custom\":\"http:\\/\\/snapchat.com\",\"entry\":\"\",\"customText\":\"CTA Button\",\"target\":\"\"},\"outline\":\"\",\"buttonType\":\"normal\"}}}}},\"433\":{\"modified\":\"1\",\"type\":\"videoBesideText\",\"enabled\":\"1\",\"collapsed\":\"0\",\"level\":\"1\",\"fields\":{\"video\":{\"434\":{\"type\":\"videoAttributes\",\"enabled\":\"1\",\"fields\":{\"videoFile\":[\"392\"],\"posterImage\":[\"155\"]}}},\"desktopVideoLocation\":\"left\",\"headline_loc\":\"Video to the left of this text\",\"paragraph_loc\":\"<p>Gallia est omnis divisa in partes tres, quarum. Contra legem facit qui id facit quod lex prohibet. Tu quoque, Brute, fili mi, nihil timor populi, nihil! Nec dubitamus multa iter quae et nos invenerat. Nihil hic munitissimus habendi senatus locus, nihil horum? Idque Caesaris facere voluntate liceret: sese habere.<\\/p>\",\"ctaButtons\":{\"435\":{\"type\":\"primaryButton\",\"enabled\":\"1\",\"fields\":{\"button\":{\"type\":\"\",\"custom\":\"\",\"entry\":\"\",\"customText\":\"\",\"target\":\"\"},\"outline\":\"1\",\"buttonType\":\"normal\"}},\"436\":{\"type\":\"secondaryButton\",\"enabled\":\"1\",\"fields\":{\"button\":{\"type\":\"\",\"custom\":\"\",\"entry\":\"\",\"customText\":\"\",\"target\":\"\"}}}}}}},\"107\":\"website\",\"102\":\"\",\"104\":\"\",\"101\":\"\",\"16\":\"1\",\"15\":\"red\",\"155\":\"One With Everything\",\"7\":\"everything\"}}', '2017-08-31 18:28:55', '2017-08-31 18:28:55', '7317594b-09d5-4483-9b22-9b94ef205244'),
 ('114', '314', '3', '1', 'en_us', '9', '', '{\"typeId\":\"3\",\"authorId\":\"1\",\"title\":\"One With Everything\",\"slug\":\"one-with-everything\",\"postDate\":1502402400,\"expiryDate\":null,\"enabled\":1,\"parentId\":\"\",\"fields\":{\"103\":\"\",\"106\":\"\",\"105\":\"\",\"89\":{\"315\":{\"type\":\"annotation\",\"enabled\":\"1\",\"fields\":{\"number\":\"1\",\"text_loc\":\"Cool annotation bro.\"}},\"316\":{\"type\":\"annotation\",\"enabled\":\"1\",\"fields\":{\"number\":\"2\",\"text_loc\":\"Great job annotating this.\"}}},\"3\":{\"317\":{\"modified\":\"1\",\"type\":\"newSection\",\"enabled\":\"1\",\"collapsed\":\"0\",\"level\":\"0\",\"fields\":{\"sectionTitle_loc\":\"Element Grids\",\"sectionBackgroundColor\":\"gray\"}},\"318\":{\"modified\":\"1\",\"type\":\"imageCardGrid\",\"enabled\":\"1\",\"collapsed\":\"0\",\"level\":\"1\",\"fields\":{\"imageCardRow\":{\"319\":{\"type\":\"imageCard\",\"enabled\":\"1\",\"fields\":{\"cardImage\":[\"14\"],\"headline_loc\":\"Card 1 Headline\",\"body_loc\":\"<p>Card 1 body text<\\/p>\"}},\"320\":{\"type\":\"imageCard\",\"enabled\":\"1\",\"fields\":{\"cardImage\":[\"15\"],\"headline_loc\":\"Card 2 Headline\",\"body_loc\":\"<p>Card 2 body text goes right here.<\\/p>\"}},\"321\":{\"type\":\"imageCard\",\"enabled\":\"1\",\"fields\":{\"cardImage\":[\"16\"],\"headline_loc\":\"Card 3 Headline\",\"body_loc\":\"<p>Card 3 body looks like this.<\\/p>\"}}},\"chillahTooltip\":\"\"}},\"322\":{\"modified\":\"1\",\"type\":\"logoGrid\",\"enabled\":\"1\",\"collapsed\":\"0\",\"level\":\"1\",\"fields\":{\"logos\":{\"323\":{\"type\":\"logo\",\"enabled\":\"1\",\"fields\":{\"image\":[\"76\"],\"imageAltText_loc\":\"Adjust logo\",\"imageLinkUrl\":\"https:\\/\\/forbusiness.snapchat.com\"}},\"324\":{\"type\":\"logo\",\"enabled\":\"1\",\"fields\":{\"image\":[\"77\"],\"imageAltText_loc\":\"Appsflyer logo\",\"imageLinkUrl\":\"https:\\/\\/forbusiness.snapchat.com\"}},\"325\":{\"type\":\"logo\",\"enabled\":\"1\",\"fields\":{\"image\":[\"78\"],\"imageAltText_loc\":\"Double Click logo\",\"imageLinkUrl\":\"https:\\/\\/forbusiness.snapchat.com\"}}}}},\"326\":{\"modified\":\"1\",\"type\":\"mobileDeviceGrid\",\"enabled\":\"1\",\"collapsed\":\"0\",\"level\":\"1\",\"fields\":{\"mobileDevices\":{\"327\":{\"type\":\"device\",\"enabled\":\"1\",\"fields\":{\"video\":[\"381\"],\"posterImage\":[\"160\"],\"headline_loc\":\"Device 1 headline\",\"subhead_loc\":\"<p>Quam diu etiam furor iste tuus nos eludet? Plura mihi bona sunt, inclinet, amari petere vellent.<\\/p>\"}},\"328\":{\"type\":\"device\",\"enabled\":\"1\",\"fields\":{\"video\":[\"407\"],\"posterImage\":[\"159\"],\"headline_loc\":\"Device 2 Headline\",\"subhead_loc\":\"<p>Quam diu etiam furor iste tuus nos eludet? Plura mihi bona sunt, inclinet, amari petere vellent.<\\/p>\"}},\"329\":{\"type\":\"device\",\"enabled\":\"1\",\"fields\":{\"video\":[\"402\"],\"posterImage\":[\"150\"],\"headline_loc\":\"Device 3 Headline\",\"subhead_loc\":\"<p>Quam diu etiam furor iste tuus nos eludet? Plura mihi bona sunt, inclinet, amari petere vellent.<\\/p>\"}}},\"chillahTooltip\":\"\"}},\"330\":{\"modified\":\"1\",\"type\":\"newSection\",\"enabled\":\"1\",\"collapsed\":\"0\",\"level\":\"0\",\"fields\":{\"sectionTitle_loc\":\"Text & Images\",\"sectionBackgroundColor\":\"white\"}},\"331\":{\"modified\":\"1\",\"type\":\"centeredTextLockup\",\"enabled\":\"1\",\"collapsed\":\"0\",\"level\":\"1\",\"fields\":{\"image\":[\"288\"],\"headline_loc\":\"Centered Text Lockup\",\"subhead_loc\":\"<p>Quam diu etiam furor iste tuus nos eludet? Plura mihi bona sunt, inclinet, amari petere vellent.<\\/p>\",\"ctaButtons\":{\"332\":{\"type\":\"primaryButton\",\"enabled\":\"1\",\"fields\":{\"button\":{\"type\":\"custom\",\"custom\":\"forbusiness.snapchat.com\",\"entry\":\"\",\"customText\":\"Primary Button Outlined\",\"target\":\"_blank\"},\"outline\":\"1\",\"buttonType\":\"normal\"}},\"333\":{\"type\":\"primaryButton\",\"enabled\":\"1\",\"fields\":{\"button\":{\"type\":\"custom\",\"custom\":\"forbusiness.snapchat.com\",\"entry\":\"\",\"customText\":\"Primary Button Filled\",\"target\":\"_blank\"},\"outline\":\"\",\"buttonType\":\"normal\"}},\"334\":{\"type\":\"secondaryButton\",\"enabled\":\"1\",\"fields\":{\"button\":{\"type\":\"custom\",\"custom\":\"forbusiness.snapchat.com\",\"entry\":\"\",\"customText\":\"Secondary Button\",\"target\":\"_blank\"}}}}}},\"335\":{\"modified\":\"1\",\"type\":\"imageBesideText\",\"enabled\":\"1\",\"collapsed\":\"0\",\"level\":\"1\",\"fields\":{\"image\":[\"38\"],\"imageLocation\":\"left\",\"headline_loc\":\"Image Beside Text\",\"paragraph_loc\":\"<p>Curabitur blandit tempus ardua ridiculus sed magna. Integer legentibus erat a ante historiarum dapibus. Vivamus sagittis lacus vel augue laoreet rutrum faucibus. Morbi fringilla convallis sapien, id pulvinar odio volutpat. Tu quoque, Brute, fili mi, nihil timor populi, nihil!<\\/p>\",\"ctaButtons\":{\"336\":{\"type\":\"primaryButton\",\"enabled\":\"1\",\"fields\":{\"button\":{\"type\":\"custom\",\"custom\":\"forbusiness.snapchat.com\",\"entry\":\"\",\"customText\":\"Primary Button Outlined\",\"target\":\"_blank\"},\"outline\":\"1\",\"buttonType\":\"normal\"}},\"337\":{\"type\":\"primaryButton\",\"enabled\":\"1\",\"fields\":{\"button\":{\"type\":\"custom\",\"custom\":\"forbusiness.snapchat.com\",\"entry\":\"\",\"customText\":\"Primary Button Filled\",\"target\":\"\"},\"outline\":\"\",\"buttonType\":\"normal\"}},\"338\":{\"type\":\"secondaryButton\",\"enabled\":\"1\",\"fields\":{\"button\":{\"type\":\"custom\",\"custom\":\"snapchat.com\",\"entry\":\"\",\"customText\":\"Secondary Button\",\"target\":\"_blank\"}}}}}},\"339\":{\"modified\":\"1\",\"type\":\"newSection\",\"enabled\":\"1\",\"collapsed\":\"0\",\"level\":\"0\",\"fields\":{\"sectionTitle_loc\":\"Images Alone\",\"sectionBackgroundColor\":\"gray\"}},\"340\":{\"modified\":\"1\",\"type\":\"centeredImage\",\"enabled\":\"1\",\"collapsed\":\"0\",\"level\":\"1\",\"fields\":{\"image\":[\"38\"],\"imageAltText_loc\":\"Centered Image with round corners\",\"assetWidth\":\"normal\",\"roundedCorners\":\"1\",\"mobileImage\":[\"100\"]}},\"343\":{\"modified\":\"1\",\"type\":\"centeredImage\",\"enabled\":\"1\",\"collapsed\":\"0\",\"level\":\"1\",\"fields\":{\"image\":[\"172\"],\"imageAltText_loc\":\"Wide centered image\",\"assetWidth\":\"wide\",\"roundedCorners\":\"\",\"mobileImage\":\"\"}},\"341\":{\"modified\":\"1\",\"type\":\"centeredImage\",\"enabled\":\"1\",\"collapsed\":\"0\",\"level\":\"1\",\"fields\":{\"image\":[\"68\"],\"imageAltText_loc\":\"Full centered image\",\"assetWidth\":\"full\",\"roundedCorners\":\"\",\"mobileImage\":\"\"}},\"426\":{\"modified\":\"1\",\"type\":\"newSection\",\"enabled\":\"1\",\"collapsed\":\"0\",\"level\":\"0\",\"fields\":{\"sectionTitle_loc\":\"Video stuff\",\"sectionBackgroundColor\":\"gray\"}},\"427\":{\"modified\":\"1\",\"type\":\"centeredVideo\",\"enabled\":\"1\",\"collapsed\":\"0\",\"level\":\"1\",\"fields\":{\"horizontalVideo\":[\"394\"],\"horizontalPosterImage\":[\"38\"],\"verticalVideo\":[\"374\"],\"verticalPosterImage\":[\"152\"],\"videoControls\":\"1\",\"roundedCorners\":\"1\",\"autoplay\":\"\"}},\"428\":{\"modified\":\"1\",\"type\":\"newSection\",\"enabled\":\"1\",\"collapsed\":\"0\",\"level\":\"0\",\"fields\":{\"sectionTitle_loc\":\"Side by side\",\"sectionBackgroundColor\":\"white\"}},\"429\":{\"modified\":\"1\",\"type\":\"imageBesideText\",\"enabled\":\"1\",\"collapsed\":\"0\",\"level\":\"1\",\"fields\":{\"image\":[\"8\"],\"imageLocation\":\"left\",\"headline_loc\":\"Image left of text\",\"paragraph_loc\":\"<p>Gallia est omnis divisa in partes tres, quarum. Contra legem facit qui id facit quod lex prohibet. Tu quoque, Brute, fili mi, nihil timor populi, nihil! Nec dubitamus multa iter quae et nos invenerat. Nihil hic munitissimus habendi senatus locus, nihil horum? Idque Caesaris facere voluntate liceret: sese habere.<\\/p>\",\"ctaButtons\":{\"430\":{\"type\":\"primaryButton\",\"enabled\":\"1\",\"fields\":{\"button\":{\"type\":\"custom\",\"custom\":\"http:\\/\\/snapchat.com\",\"entry\":\"\",\"customText\":\"CTA Button\",\"target\":\"_blank\"},\"outline\":\"1\",\"buttonType\":\"normal\"}}}}},\"431\":{\"modified\":\"1\",\"type\":\"imageBesideText\",\"enabled\":\"1\",\"collapsed\":\"0\",\"level\":\"1\",\"fields\":{\"image\":[\"38\"],\"imageLocation\":\"right\",\"headline_loc\":\"Image to the RIGHT of text\",\"paragraph_loc\":\"<p>Gallia est omnis divisa in partes tres, quarum. Contra legem facit qui id facit quod lex prohibet. Tu quoque, Brute, fili mi, nihil timor populi, nihil! Nec dubitamus multa iter quae et nos invenerat. Nihil hic munitissimus habendi senatus locus, nihil horum? Idque Caesaris facere voluntate liceret: sese habere.<\\/p>\",\"ctaButtons\":{\"432\":{\"type\":\"primaryButton\",\"enabled\":\"1\",\"fields\":{\"button\":{\"type\":\"custom\",\"custom\":\"http:\\/\\/snapchat.com\",\"entry\":\"\",\"customText\":\"CTA Button\",\"target\":\"\"},\"outline\":\"\",\"buttonType\":\"normal\"}}}}},\"433\":{\"modified\":\"1\",\"type\":\"videoBesideText\",\"enabled\":\"1\",\"collapsed\":\"0\",\"level\":\"1\",\"fields\":{\"video\":{\"434\":{\"type\":\"videoAttributes\",\"enabled\":\"1\",\"fields\":{\"videoFile\":[\"392\"],\"posterImage\":[\"155\"]}}},\"desktopVideoLocation\":\"left\",\"headline_loc\":\"Video to the left of this text\",\"paragraph_loc\":\"<p>Gallia est omnis divisa in partes tres, quarum. Contra legem facit qui id facit quod lex prohibet. Tu quoque, Brute, fili mi, nihil timor populi, nihil! Nec dubitamus multa iter quae et nos invenerat. Nihil hic munitissimus habendi senatus locus, nihil horum? Idque Caesaris facere voluntate liceret: sese habere.<\\/p>\",\"ctaButtons\":{\"435\":{\"type\":\"primaryButton\",\"enabled\":\"1\",\"fields\":{\"button\":{\"type\":\"\",\"custom\":\"\",\"entry\":\"\",\"customText\":\"\",\"target\":\"\"},\"outline\":\"1\",\"buttonType\":\"normal\"}},\"436\":{\"type\":\"secondaryButton\",\"enabled\":\"1\",\"fields\":{\"button\":{\"type\":\"\",\"custom\":\"\",\"entry\":\"\",\"customText\":\"\",\"target\":\"\"}}}}}}},\"107\":\"website\",\"102\":\"\",\"104\":\"\",\"101\":\"\",\"16\":\"1\",\"15\":\"red\",\"155\":\"One With Everything\",\"7\":\"everything\"}}', '2017-08-31 18:33:40', '2017-08-31 18:33:40', '73fb3ae9-b1f1-4b95-8a6d-9a0571777e09'),
 ('115', '314', '3', '1', 'en_us', '10', '', '{\"typeId\":\"3\",\"authorId\":\"1\",\"title\":\"One With Everything\",\"slug\":\"everything\",\"postDate\":1502402400,\"expiryDate\":null,\"enabled\":1,\"parentId\":\"\",\"fields\":{\"103\":\"\",\"106\":\"\",\"105\":\"\",\"89\":{\"315\":{\"type\":\"annotation\",\"enabled\":\"1\",\"fields\":{\"number\":\"1\",\"text_loc\":\"Cool annotation bro.\"}},\"316\":{\"type\":\"annotation\",\"enabled\":\"1\",\"fields\":{\"number\":\"2\",\"text_loc\":\"Great job annotating this.\"}}},\"3\":{\"317\":{\"modified\":\"1\",\"type\":\"newSection\",\"enabled\":\"1\",\"collapsed\":\"0\",\"level\":\"0\",\"fields\":{\"sectionTitle_loc\":\"Element Grids\",\"sectionBackgroundColor\":\"gray\"}},\"318\":{\"modified\":\"1\",\"type\":\"imageCardGrid\",\"enabled\":\"1\",\"collapsed\":\"0\",\"level\":\"1\",\"fields\":{\"imageCardRow\":{\"319\":{\"type\":\"imageCard\",\"enabled\":\"1\",\"fields\":{\"cardImage\":[\"14\"],\"headline_loc\":\"Card 1 Headline\",\"body_loc\":\"<p>Card 1 body text<\\/p>\"}},\"320\":{\"type\":\"imageCard\",\"enabled\":\"1\",\"fields\":{\"cardImage\":[\"15\"],\"headline_loc\":\"Card 2 Headline\",\"body_loc\":\"<p>Card 2 body text goes right here.<\\/p>\"}},\"321\":{\"type\":\"imageCard\",\"enabled\":\"1\",\"fields\":{\"cardImage\":[\"16\"],\"headline_loc\":\"Card 3 Headline\",\"body_loc\":\"<p>Card 3 body looks like this.<\\/p>\"}}},\"chillahTooltip\":\"\"}},\"322\":{\"modified\":\"1\",\"type\":\"logoGrid\",\"enabled\":\"1\",\"collapsed\":\"0\",\"level\":\"1\",\"fields\":{\"logos\":{\"323\":{\"type\":\"logo\",\"enabled\":\"1\",\"fields\":{\"image\":[\"76\"],\"imageAltText_loc\":\"Adjust logo\",\"imageLinkUrl\":\"https:\\/\\/forbusiness.snapchat.com\"}},\"324\":{\"type\":\"logo\",\"enabled\":\"1\",\"fields\":{\"image\":[\"77\"],\"imageAltText_loc\":\"Appsflyer logo\",\"imageLinkUrl\":\"https:\\/\\/forbusiness.snapchat.com\"}},\"325\":{\"type\":\"logo\",\"enabled\":\"1\",\"fields\":{\"image\":[\"78\"],\"imageAltText_loc\":\"Double Click logo\",\"imageLinkUrl\":\"https:\\/\\/forbusiness.snapchat.com\"}}}}},\"326\":{\"modified\":\"1\",\"type\":\"mobileDeviceGrid\",\"enabled\":\"1\",\"collapsed\":\"0\",\"level\":\"1\",\"fields\":{\"mobileDevices\":{\"327\":{\"type\":\"device\",\"enabled\":\"1\",\"fields\":{\"video\":[\"381\"],\"posterImage\":[\"160\"],\"headline_loc\":\"Device 1 headline\",\"subhead_loc\":\"<p>Quam diu etiam furor iste tuus nos eludet? Plura mihi bona sunt, inclinet, amari petere vellent.<\\/p>\"}},\"328\":{\"type\":\"device\",\"enabled\":\"1\",\"fields\":{\"video\":[\"407\"],\"posterImage\":[\"159\"],\"headline_loc\":\"Device 2 Headline\",\"subhead_loc\":\"<p>Quam diu etiam furor iste tuus nos eludet? Plura mihi bona sunt, inclinet, amari petere vellent.<\\/p>\"}},\"329\":{\"type\":\"device\",\"enabled\":\"1\",\"fields\":{\"video\":[\"402\"],\"posterImage\":[\"150\"],\"headline_loc\":\"Device 3 Headline\",\"subhead_loc\":\"<p>Quam diu etiam furor iste tuus nos eludet? Plura mihi bona sunt, inclinet, amari petere vellent.<\\/p>\"}}},\"chillahTooltip\":\"\"}},\"330\":{\"modified\":\"1\",\"type\":\"newSection\",\"enabled\":\"1\",\"collapsed\":\"0\",\"level\":\"0\",\"fields\":{\"sectionTitle_loc\":\"Text & Images\",\"sectionBackgroundColor\":\"white\"}},\"331\":{\"modified\":\"1\",\"type\":\"centeredTextLockup\",\"enabled\":\"1\",\"collapsed\":\"0\",\"level\":\"1\",\"fields\":{\"image\":[\"288\"],\"headline_loc\":\"Centered Text Lockup\",\"subhead_loc\":\"<p>Quam diu etiam furor iste tuus nos eludet? Plura mihi bona sunt, inclinet, amari petere vellent.<\\/p>\",\"ctaButtons\":{\"332\":{\"type\":\"primaryButton\",\"enabled\":\"1\",\"fields\":{\"button\":{\"type\":\"custom\",\"custom\":\"forbusiness.snapchat.com\",\"entry\":\"\",\"customText\":\"Primary Button Outlined\",\"target\":\"_blank\"},\"outline\":\"1\",\"buttonType\":\"normal\"}},\"333\":{\"type\":\"primaryButton\",\"enabled\":\"1\",\"fields\":{\"button\":{\"type\":\"custom\",\"custom\":\"forbusiness.snapchat.com\",\"entry\":\"\",\"customText\":\"Primary Button Filled\",\"target\":\"_blank\"},\"outline\":\"\",\"buttonType\":\"normal\"}},\"334\":{\"type\":\"secondaryButton\",\"enabled\":\"1\",\"fields\":{\"button\":{\"type\":\"custom\",\"custom\":\"forbusiness.snapchat.com\",\"entry\":\"\",\"customText\":\"Secondary Button\",\"target\":\"_blank\"}}}}}},\"335\":{\"modified\":\"1\",\"type\":\"imageBesideText\",\"enabled\":\"1\",\"collapsed\":\"0\",\"level\":\"1\",\"fields\":{\"image\":[\"38\"],\"imageLocation\":\"left\",\"headline_loc\":\"Image Beside Text\",\"paragraph_loc\":\"<p>Curabitur blandit tempus ardua ridiculus sed magna. Integer legentibus erat a ante historiarum dapibus. Vivamus sagittis lacus vel augue laoreet rutrum faucibus. Morbi fringilla convallis sapien, id pulvinar odio volutpat. Tu quoque, Brute, fili mi, nihil timor populi, nihil!<\\/p>\",\"ctaButtons\":{\"336\":{\"type\":\"primaryButton\",\"enabled\":\"1\",\"fields\":{\"button\":{\"type\":\"custom\",\"custom\":\"forbusiness.snapchat.com\",\"entry\":\"\",\"customText\":\"Primary Button Outlined\",\"target\":\"_blank\"},\"outline\":\"1\",\"buttonType\":\"normal\"}},\"337\":{\"type\":\"primaryButton\",\"enabled\":\"1\",\"fields\":{\"button\":{\"type\":\"custom\",\"custom\":\"forbusiness.snapchat.com\",\"entry\":\"\",\"customText\":\"Primary Button Filled\",\"target\":\"\"},\"outline\":\"\",\"buttonType\":\"normal\"}},\"338\":{\"type\":\"secondaryButton\",\"enabled\":\"1\",\"fields\":{\"button\":{\"type\":\"custom\",\"custom\":\"snapchat.com\",\"entry\":\"\",\"customText\":\"Secondary Button\",\"target\":\"_blank\"}}}}}},\"339\":{\"modified\":\"1\",\"type\":\"newSection\",\"enabled\":\"1\",\"collapsed\":\"0\",\"level\":\"0\",\"fields\":{\"sectionTitle_loc\":\"Images Alone\",\"sectionBackgroundColor\":\"gray\"}},\"340\":{\"modified\":\"1\",\"type\":\"centeredImage\",\"enabled\":\"1\",\"collapsed\":\"0\",\"level\":\"1\",\"fields\":{\"image\":[\"38\"],\"imageAltText_loc\":\"Centered Image with round corners\",\"assetWidth\":\"normal\",\"roundedCorners\":\"1\",\"mobileImage\":[\"100\"]}},\"343\":{\"modified\":\"1\",\"type\":\"centeredImage\",\"enabled\":\"1\",\"collapsed\":\"0\",\"level\":\"1\",\"fields\":{\"image\":[\"172\"],\"imageAltText_loc\":\"Wide centered image\",\"assetWidth\":\"wide\",\"roundedCorners\":\"\",\"mobileImage\":\"\"}},\"341\":{\"modified\":\"1\",\"type\":\"centeredImage\",\"enabled\":\"1\",\"collapsed\":\"0\",\"level\":\"1\",\"fields\":{\"image\":[\"68\"],\"imageAltText_loc\":\"Full centered image\",\"assetWidth\":\"full\",\"roundedCorners\":\"\",\"mobileImage\":\"\"}},\"426\":{\"modified\":\"1\",\"type\":\"newSection\",\"enabled\":\"1\",\"collapsed\":\"0\",\"level\":\"0\",\"fields\":{\"sectionTitle_loc\":\"Video stuff\",\"sectionBackgroundColor\":\"gray\"}},\"427\":{\"modified\":\"1\",\"type\":\"centeredVideo\",\"enabled\":\"1\",\"collapsed\":\"0\",\"level\":\"1\",\"fields\":{\"horizontalVideo\":[\"394\"],\"horizontalPosterImage\":[\"38\"],\"verticalVideo\":[\"374\"],\"verticalPosterImage\":[\"152\"],\"videoControls\":\"1\",\"roundedCorners\":\"1\",\"autoplay\":\"\"}},\"428\":{\"modified\":\"1\",\"type\":\"newSection\",\"enabled\":\"1\",\"collapsed\":\"0\",\"level\":\"0\",\"fields\":{\"sectionTitle_loc\":\"Side by side\",\"sectionBackgroundColor\":\"white\"}},\"429\":{\"modified\":\"1\",\"type\":\"imageBesideText\",\"enabled\":\"1\",\"collapsed\":\"0\",\"level\":\"1\",\"fields\":{\"image\":[\"8\"],\"imageLocation\":\"left\",\"headline_loc\":\"Image left of text\",\"paragraph_loc\":\"<p>Gallia est omnis divisa in partes tres, quarum. Contra legem facit qui id facit quod lex prohibet. Tu quoque, Brute, fili mi, nihil timor populi, nihil! Nec dubitamus multa iter quae et nos invenerat. Nihil hic munitissimus habendi senatus locus, nihil horum? Idque Caesaris facere voluntate liceret: sese habere.<\\/p>\",\"ctaButtons\":{\"430\":{\"type\":\"primaryButton\",\"enabled\":\"1\",\"fields\":{\"button\":{\"type\":\"custom\",\"custom\":\"http:\\/\\/snapchat.com\",\"entry\":\"\",\"customText\":\"CTA Button\",\"target\":\"_blank\"},\"outline\":\"1\",\"buttonType\":\"normal\"}}}}},\"431\":{\"modified\":\"1\",\"type\":\"imageBesideText\",\"enabled\":\"1\",\"collapsed\":\"0\",\"level\":\"1\",\"fields\":{\"image\":[\"38\"],\"imageLocation\":\"right\",\"headline_loc\":\"Image to the RIGHT of text\",\"paragraph_loc\":\"<p>Gallia est omnis divisa in partes tres, quarum. Contra legem facit qui id facit quod lex prohibet. Tu quoque, Brute, fili mi, nihil timor populi, nihil! Nec dubitamus multa iter quae et nos invenerat. Nihil hic munitissimus habendi senatus locus, nihil horum? Idque Caesaris facere voluntate liceret: sese habere.<\\/p>\",\"ctaButtons\":{\"432\":{\"type\":\"primaryButton\",\"enabled\":\"1\",\"fields\":{\"button\":{\"type\":\"custom\",\"custom\":\"http:\\/\\/snapchat.com\",\"entry\":\"\",\"customText\":\"CTA Button\",\"target\":\"\"},\"outline\":\"\",\"buttonType\":\"normal\"}}}}},\"433\":{\"modified\":\"1\",\"type\":\"videoBesideText\",\"enabled\":\"1\",\"collapsed\":\"0\",\"level\":\"1\",\"fields\":{\"video\":{\"434\":{\"type\":\"videoAttributes\",\"enabled\":\"1\",\"fields\":{\"videoFile\":[\"392\"],\"posterImage\":[\"155\"]}}},\"desktopVideoLocation\":\"left\",\"headline_loc\":\"Video to the left of this text\",\"paragraph_loc\":\"<p>Gallia est omnis divisa in partes tres, quarum. Contra legem facit qui id facit quod lex prohibet. Tu quoque, Brute, fili mi, nihil timor populi, nihil! Nec dubitamus multa iter quae et nos invenerat. Nihil hic munitissimus habendi senatus locus, nihil horum? Idque Caesaris facere voluntate liceret: sese habere.<\\/p>\",\"ctaButtons\":{\"435\":{\"type\":\"primaryButton\",\"enabled\":\"1\",\"fields\":{\"button\":{\"type\":\"\",\"custom\":\"\",\"entry\":\"\",\"customText\":\"\",\"target\":\"\"},\"outline\":\"1\",\"buttonType\":\"normal\"}},\"436\":{\"type\":\"secondaryButton\",\"enabled\":\"1\",\"fields\":{\"button\":{\"type\":\"\",\"custom\":\"\",\"entry\":\"\",\"customText\":\"\",\"target\":\"\"}}}}}}},\"107\":\"website\",\"102\":\"\",\"104\":\"\",\"101\":\"\",\"16\":\"1\",\"15\":\"red\",\"155\":\"One With Everything\",\"7\":\"everything\"}}', '2017-08-31 18:34:20', '2017-08-31 18:34:20', '6d88c190-fd4c-41a0-80e6-b3b2c7b09cb4'),
 ('116', '314', '3', '1', 'en_us', '11', '', '{\"typeId\":\"3\",\"authorId\":\"1\",\"title\":\"One With Everything\",\"slug\":\"everything\",\"postDate\":1502402400,\"expiryDate\":null,\"enabled\":1,\"parentId\":\"\",\"fields\":{\"103\":\"\",\"106\":\"\",\"105\":\"\",\"89\":{\"315\":{\"type\":\"annotation\",\"enabled\":\"1\",\"fields\":{\"number\":\"1\",\"text_loc\":\"Cool annotation bro.\"}},\"316\":{\"type\":\"annotation\",\"enabled\":\"1\",\"fields\":{\"number\":\"2\",\"text_loc\":\"Great job annotating this.\"}}},\"3\":{\"317\":{\"modified\":\"1\",\"type\":\"newSection\",\"enabled\":\"1\",\"collapsed\":\"0\",\"level\":\"0\",\"fields\":{\"sectionTitle_loc\":\"Element Grids\",\"sectionBackgroundColor\":\"gray\"}},\"318\":{\"modified\":\"1\",\"type\":\"imageCardGrid\",\"enabled\":\"1\",\"collapsed\":\"0\",\"level\":\"1\",\"fields\":{\"imageCardRow\":{\"319\":{\"type\":\"imageCard\",\"enabled\":\"1\",\"fields\":{\"cardImage\":[\"14\"],\"headline_loc\":\"Card 1 Headline\",\"body_loc\":\"<p>Card 1 body text<\\/p>\"}},\"320\":{\"type\":\"imageCard\",\"enabled\":\"1\",\"fields\":{\"cardImage\":[\"15\"],\"headline_loc\":\"Card 2 Headline\",\"body_loc\":\"<p>Card 2 body text goes right here.<\\/p>\"}},\"321\":{\"type\":\"imageCard\",\"enabled\":\"1\",\"fields\":{\"cardImage\":[\"16\"],\"headline_loc\":\"Card 3 Headline\",\"body_loc\":\"<p>Card 3 body looks like this.<\\/p>\"}}},\"chillahTooltip\":\"\"}},\"322\":{\"modified\":\"1\",\"type\":\"logoGrid\",\"enabled\":\"1\",\"collapsed\":\"0\",\"level\":\"1\",\"fields\":{\"logos\":{\"323\":{\"type\":\"logo\",\"enabled\":\"1\",\"fields\":{\"image\":[\"76\"],\"imageAltText_loc\":\"Adjust logo\",\"imageLinkUrl\":\"https:\\/\\/forbusiness.snapchat.com\"}},\"324\":{\"type\":\"logo\",\"enabled\":\"1\",\"fields\":{\"image\":[\"77\"],\"imageAltText_loc\":\"Appsflyer logo\",\"imageLinkUrl\":\"https:\\/\\/forbusiness.snapchat.com\"}},\"325\":{\"type\":\"logo\",\"enabled\":\"1\",\"fields\":{\"image\":[\"78\"],\"imageAltText_loc\":\"Double Click logo\",\"imageLinkUrl\":\"https:\\/\\/forbusiness.snapchat.com\"}}}}},\"326\":{\"modified\":\"1\",\"type\":\"mobileDeviceGrid\",\"enabled\":\"1\",\"collapsed\":\"0\",\"level\":\"1\",\"fields\":{\"mobileDevices\":{\"327\":{\"type\":\"device\",\"enabled\":\"1\",\"fields\":{\"video\":[\"381\"],\"posterImage\":[\"160\"],\"headline_loc\":\"Device 1 headline\",\"subhead_loc\":\"<p>Quam diu etiam furor iste tuus nos eludet? Plura mihi bona sunt, inclinet, amari petere vellent.<\\/p>\"}},\"328\":{\"type\":\"device\",\"enabled\":\"1\",\"fields\":{\"video\":[\"407\"],\"posterImage\":[\"159\"],\"headline_loc\":\"Device 2 Headline\",\"subhead_loc\":\"<p>Quam diu etiam furor iste tuus nos eludet? Plura mihi bona sunt, inclinet, amari petere vellent.<\\/p>\"}},\"329\":{\"type\":\"device\",\"enabled\":\"1\",\"fields\":{\"video\":[\"402\"],\"posterImage\":[\"150\"],\"headline_loc\":\"Device 3 Headline\",\"subhead_loc\":\"<p>Quam diu etiam furor iste tuus nos eludet? Plura mihi bona sunt, inclinet, amari petere vellent.<\\/p>\"}}},\"chillahTooltip\":\"\"}},\"330\":{\"modified\":\"1\",\"type\":\"newSection\",\"enabled\":\"1\",\"collapsed\":\"0\",\"level\":\"0\",\"fields\":{\"sectionTitle_loc\":\"Text & Images\",\"sectionBackgroundColor\":\"white\"}},\"331\":{\"modified\":\"1\",\"type\":\"centeredTextLockup\",\"enabled\":\"1\",\"collapsed\":\"0\",\"level\":\"1\",\"fields\":{\"image\":[\"288\"],\"headline_loc\":\"Centered Text Lockup\",\"subhead_loc\":\"<p>Quam diu etiam furor iste tuus nos eludet? Plura mihi bona sunt, inclinet, amari petere vellent.<\\/p>\",\"ctaButtons\":{\"332\":{\"type\":\"primaryButton\",\"enabled\":\"1\",\"fields\":{\"button\":{\"type\":\"custom\",\"custom\":\"forbusiness.snapchat.com\",\"entry\":\"\",\"customText\":\"Primary Button Outlined\",\"target\":\"_blank\"},\"outline\":\"1\",\"buttonType\":\"normal\"}},\"333\":{\"type\":\"primaryButton\",\"enabled\":\"1\",\"fields\":{\"button\":{\"type\":\"custom\",\"custom\":\"forbusiness.snapchat.com\",\"entry\":\"\",\"customText\":\"Primary Button Filled\",\"target\":\"_blank\"},\"outline\":\"\",\"buttonType\":\"normal\"}},\"334\":{\"type\":\"secondaryButton\",\"enabled\":\"1\",\"fields\":{\"button\":{\"type\":\"custom\",\"custom\":\"forbusiness.snapchat.com\",\"entry\":\"\",\"customText\":\"Secondary Button\",\"target\":\"_blank\"}}}}}},\"335\":{\"modified\":\"1\",\"type\":\"imageBesideText\",\"enabled\":\"1\",\"collapsed\":\"0\",\"level\":\"1\",\"fields\":{\"image\":[\"38\"],\"imageLocation\":\"left\",\"headline_loc\":\"Image Beside Text\",\"paragraph_loc\":\"<p>Curabitur blandit tempus ardua ridiculus sed magna. Integer legentibus erat a ante historiarum dapibus. Vivamus sagittis lacus vel augue laoreet rutrum faucibus. Morbi fringilla convallis sapien, id pulvinar odio volutpat. Tu quoque, Brute, fili mi, nihil timor populi, nihil!<\\/p>\",\"ctaButtons\":{\"336\":{\"type\":\"primaryButton\",\"enabled\":\"1\",\"fields\":{\"button\":{\"type\":\"custom\",\"custom\":\"forbusiness.snapchat.com\",\"entry\":\"\",\"customText\":\"Primary Button Outlined\",\"target\":\"_blank\"},\"outline\":\"1\",\"buttonType\":\"normal\"}},\"337\":{\"type\":\"primaryButton\",\"enabled\":\"1\",\"fields\":{\"button\":{\"type\":\"custom\",\"custom\":\"forbusiness.snapchat.com\",\"entry\":\"\",\"customText\":\"Primary Button Filled\",\"target\":\"\"},\"outline\":\"\",\"buttonType\":\"normal\"}},\"338\":{\"type\":\"secondaryButton\",\"enabled\":\"1\",\"fields\":{\"button\":{\"type\":\"custom\",\"custom\":\"snapchat.com\",\"entry\":\"\",\"customText\":\"Secondary Button\",\"target\":\"_blank\"}}}}}},\"339\":{\"modified\":\"1\",\"type\":\"newSection\",\"enabled\":\"1\",\"collapsed\":\"0\",\"level\":\"0\",\"fields\":{\"sectionTitle_loc\":\"Images Alone\",\"sectionBackgroundColor\":\"gray\"}},\"340\":{\"modified\":\"1\",\"type\":\"centeredImage\",\"enabled\":\"1\",\"collapsed\":\"0\",\"level\":\"1\",\"fields\":{\"image\":[\"38\"],\"imageAltText_loc\":\"Centered Image with round corners\",\"assetWidth\":\"normal\",\"roundedCorners\":\"1\",\"mobileImage\":[\"100\"]}},\"343\":{\"modified\":\"1\",\"type\":\"centeredImage\",\"enabled\":\"1\",\"collapsed\":\"0\",\"level\":\"1\",\"fields\":{\"image\":[\"172\"],\"imageAltText_loc\":\"Wide centered image\",\"assetWidth\":\"wide\",\"roundedCorners\":\"\",\"mobileImage\":\"\"}},\"341\":{\"modified\":\"1\",\"type\":\"centeredImage\",\"enabled\":\"1\",\"collapsed\":\"0\",\"level\":\"1\",\"fields\":{\"image\":[\"68\"],\"imageAltText_loc\":\"Full centered image\",\"assetWidth\":\"full\",\"roundedCorners\":\"\",\"mobileImage\":\"\"}},\"426\":{\"modified\":\"1\",\"type\":\"newSection\",\"enabled\":\"1\",\"collapsed\":\"0\",\"level\":\"0\",\"fields\":{\"sectionTitle_loc\":\"Video stuff\",\"sectionBackgroundColor\":\"gray\"}},\"427\":{\"modified\":\"1\",\"type\":\"centeredVideo\",\"enabled\":\"1\",\"collapsed\":\"0\",\"level\":\"1\",\"fields\":{\"horizontalVideo\":[\"394\"],\"horizontalPosterImage\":[\"38\"],\"verticalVideo\":[\"374\"],\"verticalPosterImage\":[\"152\"],\"videoControls\":\"1\",\"roundedCorners\":\"1\",\"autoplay\":\"\"}},\"428\":{\"modified\":\"1\",\"type\":\"newSection\",\"enabled\":\"1\",\"collapsed\":\"0\",\"level\":\"0\",\"fields\":{\"sectionTitle_loc\":\"Side by side\",\"sectionBackgroundColor\":\"white\"}},\"429\":{\"modified\":\"1\",\"type\":\"imageBesideText\",\"enabled\":\"1\",\"collapsed\":\"0\",\"level\":\"1\",\"fields\":{\"image\":[\"8\"],\"imageLocation\":\"left\",\"headline_loc\":\"Image left of text\",\"paragraph_loc\":\"<p>Gallia est omnis divisa in partes tres, quarum. Contra legem facit qui id facit quod lex prohibet. Tu quoque, Brute, fili mi, nihil timor populi, nihil! Nec dubitamus multa iter quae et nos invenerat. Nihil hic munitissimus habendi senatus locus, nihil horum? Idque Caesaris facere voluntate liceret: sese habere.<\\/p>\",\"ctaButtons\":{\"430\":{\"type\":\"primaryButton\",\"enabled\":\"1\",\"fields\":{\"button\":{\"type\":\"custom\",\"custom\":\"http:\\/\\/snapchat.com\",\"entry\":\"\",\"customText\":\"CTA Button\",\"target\":\"_blank\"},\"outline\":\"1\",\"buttonType\":\"normal\"}}}}},\"431\":{\"modified\":\"1\",\"type\":\"imageBesideText\",\"enabled\":\"1\",\"collapsed\":\"0\",\"level\":\"1\",\"fields\":{\"image\":[\"38\"],\"imageLocation\":\"right\",\"headline_loc\":\"Image to the RIGHT of text\",\"paragraph_loc\":\"<p>Gallia est omnis divisa in partes tres, quarum. Contra legem facit qui id facit quod lex prohibet. Tu quoque, Brute, fili mi, nihil timor populi, nihil! Nec dubitamus multa iter quae et nos invenerat. Nihil hic munitissimus habendi senatus locus, nihil horum? Idque Caesaris facere voluntate liceret: sese habere.<\\/p>\",\"ctaButtons\":{\"432\":{\"type\":\"primaryButton\",\"enabled\":\"1\",\"fields\":{\"button\":{\"type\":\"custom\",\"custom\":\"http:\\/\\/snapchat.com\",\"entry\":\"\",\"customText\":\"CTA Button\",\"target\":\"\"},\"outline\":\"\",\"buttonType\":\"normal\"}}}}},\"433\":{\"modified\":\"1\",\"type\":\"videoBesideText\",\"enabled\":\"1\",\"collapsed\":\"0\",\"level\":\"1\",\"fields\":{\"video\":{\"434\":{\"type\":\"videoAttributes\",\"enabled\":\"1\",\"fields\":{\"videoFile\":[\"392\"],\"posterImage\":[\"155\"]}}},\"desktopVideoLocation\":\"left\",\"headline_loc\":\"Video to the left of this text\",\"paragraph_loc\":\"<p>Gallia est omnis divisa in partes tres, quarum. Contra legem facit qui id facit quod lex prohibet. Tu quoque, Brute, fili mi, nihil timor populi, nihil! Nec dubitamus multa iter quae et nos invenerat. Nihil hic munitissimus habendi senatus locus, nihil horum? Idque Caesaris facere voluntate liceret: sese habere.<\\/p>\",\"ctaButtons\":{\"435\":{\"type\":\"primaryButton\",\"enabled\":\"1\",\"fields\":{\"button\":{\"type\":\"\",\"custom\":\"\",\"entry\":\"\",\"customText\":\"\",\"target\":\"\"},\"outline\":\"1\",\"buttonType\":\"normal\"}},\"436\":{\"type\":\"secondaryButton\",\"enabled\":\"1\",\"fields\":{\"button\":{\"type\":\"\",\"custom\":\"\",\"entry\":\"\",\"customText\":\"\",\"target\":\"\"}}}}}}},\"107\":\"website\",\"102\":\"\",\"104\":\"\",\"101\":\"\",\"16\":\"1\",\"15\":\"red\",\"155\":\"One With Everything\",\"7\":\"everything\"}}', '2017-08-31 18:34:22', '2017-08-31 18:34:22', '06cbc93d-2cee-4731-902d-04bde67b1d96'),
 ('117', '314', '3', '1', 'en_us', '12', '', '{\"typeId\":\"3\",\"authorId\":\"1\",\"title\":\"Everything\",\"slug\":\"everything\",\"postDate\":1502402400,\"expiryDate\":null,\"enabled\":1,\"parentId\":\"\",\"fields\":{\"103\":\"\",\"106\":\"\",\"105\":\"\",\"89\":{\"315\":{\"type\":\"annotation\",\"enabled\":\"1\",\"fields\":{\"number\":\"1\",\"text_loc\":\"Cool annotation bro.\"}},\"316\":{\"type\":\"annotation\",\"enabled\":\"1\",\"fields\":{\"number\":\"2\",\"text_loc\":\"Great job annotating this.\"}}},\"3\":{\"317\":{\"modified\":\"1\",\"type\":\"newSection\",\"enabled\":\"1\",\"collapsed\":\"0\",\"level\":\"0\",\"fields\":{\"sectionTitle_loc\":\"Element Grids\",\"sectionBackgroundColor\":\"gray\"}},\"318\":{\"modified\":\"1\",\"type\":\"imageCardGrid\",\"enabled\":\"1\",\"collapsed\":\"0\",\"level\":\"1\",\"fields\":{\"imageCardRow\":{\"319\":{\"type\":\"imageCard\",\"enabled\":\"1\",\"fields\":{\"cardImage\":[\"14\"],\"headline_loc\":\"Card 1 Headline\",\"body_loc\":\"<p>Card 1 body text<\\/p>\"}},\"320\":{\"type\":\"imageCard\",\"enabled\":\"1\",\"fields\":{\"cardImage\":[\"15\"],\"headline_loc\":\"Card 2 Headline\",\"body_loc\":\"<p>Card 2 body text goes right here.<\\/p>\"}},\"321\":{\"type\":\"imageCard\",\"enabled\":\"1\",\"fields\":{\"cardImage\":[\"16\"],\"headline_loc\":\"Card 3 Headline\",\"body_loc\":\"<p>Card 3 body looks like this.<\\/p>\"}}},\"chillahTooltip\":\"\"}},\"322\":{\"modified\":\"1\",\"type\":\"logoGrid\",\"enabled\":\"1\",\"collapsed\":\"0\",\"level\":\"1\",\"fields\":{\"logos\":{\"323\":{\"type\":\"logo\",\"enabled\":\"1\",\"fields\":{\"image\":[\"76\"],\"imageAltText_loc\":\"Adjust logo\",\"imageLinkUrl\":\"https:\\/\\/forbusiness.snapchat.com\"}},\"324\":{\"type\":\"logo\",\"enabled\":\"1\",\"fields\":{\"image\":[\"77\"],\"imageAltText_loc\":\"Appsflyer logo\",\"imageLinkUrl\":\"https:\\/\\/forbusiness.snapchat.com\"}},\"325\":{\"type\":\"logo\",\"enabled\":\"1\",\"fields\":{\"image\":[\"78\"],\"imageAltText_loc\":\"Double Click logo\",\"imageLinkUrl\":\"https:\\/\\/forbusiness.snapchat.com\"}}}}},\"326\":{\"modified\":\"1\",\"type\":\"mobileDeviceGrid\",\"enabled\":\"1\",\"collapsed\":\"0\",\"level\":\"1\",\"fields\":{\"mobileDevices\":{\"327\":{\"type\":\"device\",\"enabled\":\"1\",\"fields\":{\"video\":[\"381\"],\"posterImage\":[\"160\"],\"headline_loc\":\"Device 1 headline\",\"subhead_loc\":\"<p>Quam diu etiam furor iste tuus nos eludet? Plura mihi bona sunt, inclinet, amari petere vellent.<\\/p>\"}},\"328\":{\"type\":\"device\",\"enabled\":\"1\",\"fields\":{\"video\":[\"407\"],\"posterImage\":[\"159\"],\"headline_loc\":\"Device 2 Headline\",\"subhead_loc\":\"<p>Quam diu etiam furor iste tuus nos eludet? Plura mihi bona sunt, inclinet, amari petere vellent.<\\/p>\"}},\"329\":{\"type\":\"device\",\"enabled\":\"1\",\"fields\":{\"video\":[\"402\"],\"posterImage\":[\"150\"],\"headline_loc\":\"Device 3 Headline\",\"subhead_loc\":\"<p>Quam diu etiam furor iste tuus nos eludet? Plura mihi bona sunt, inclinet, amari petere vellent.<\\/p>\"}}},\"chillahTooltip\":\"\"}},\"330\":{\"modified\":\"1\",\"type\":\"newSection\",\"enabled\":\"1\",\"collapsed\":\"0\",\"level\":\"0\",\"fields\":{\"sectionTitle_loc\":\"Text & Images\",\"sectionBackgroundColor\":\"white\"}},\"331\":{\"modified\":\"1\",\"type\":\"centeredTextLockup\",\"enabled\":\"1\",\"collapsed\":\"0\",\"level\":\"1\",\"fields\":{\"image\":[\"288\"],\"headline_loc\":\"Centered Text Lockup\",\"subhead_loc\":\"<p>Quam diu etiam furor iste tuus nos eludet? Plura mihi bona sunt, inclinet, amari petere vellent.<\\/p>\",\"ctaButtons\":{\"332\":{\"type\":\"primaryButton\",\"enabled\":\"1\",\"fields\":{\"button\":{\"type\":\"custom\",\"custom\":\"forbusiness.snapchat.com\",\"entry\":\"\",\"customText\":\"Primary Button Outlined\",\"target\":\"_blank\"},\"outline\":\"1\",\"buttonType\":\"normal\"}},\"333\":{\"type\":\"primaryButton\",\"enabled\":\"1\",\"fields\":{\"button\":{\"type\":\"custom\",\"custom\":\"forbusiness.snapchat.com\",\"entry\":\"\",\"customText\":\"Primary Button Filled\",\"target\":\"_blank\"},\"outline\":\"\",\"buttonType\":\"normal\"}},\"334\":{\"type\":\"secondaryButton\",\"enabled\":\"1\",\"fields\":{\"button\":{\"type\":\"custom\",\"custom\":\"forbusiness.snapchat.com\",\"entry\":\"\",\"customText\":\"Secondary Button\",\"target\":\"_blank\"}}}}}},\"335\":{\"modified\":\"1\",\"type\":\"imageBesideText\",\"enabled\":\"1\",\"collapsed\":\"0\",\"level\":\"1\",\"fields\":{\"image\":[\"38\"],\"imageLocation\":\"left\",\"headline_loc\":\"Image Beside Text\",\"paragraph_loc\":\"<p>Curabitur blandit tempus ardua ridiculus sed magna. Integer legentibus erat a ante historiarum dapibus. Vivamus sagittis lacus vel augue laoreet rutrum faucibus. Morbi fringilla convallis sapien, id pulvinar odio volutpat. Tu quoque, Brute, fili mi, nihil timor populi, nihil!<\\/p>\",\"ctaButtons\":{\"336\":{\"type\":\"primaryButton\",\"enabled\":\"1\",\"fields\":{\"button\":{\"type\":\"custom\",\"custom\":\"forbusiness.snapchat.com\",\"entry\":\"\",\"customText\":\"Primary Button Outlined\",\"target\":\"_blank\"},\"outline\":\"1\",\"buttonType\":\"normal\"}},\"337\":{\"type\":\"primaryButton\",\"enabled\":\"1\",\"fields\":{\"button\":{\"type\":\"custom\",\"custom\":\"forbusiness.snapchat.com\",\"entry\":\"\",\"customText\":\"Primary Button Filled\",\"target\":\"\"},\"outline\":\"\",\"buttonType\":\"normal\"}},\"338\":{\"type\":\"secondaryButton\",\"enabled\":\"1\",\"fields\":{\"button\":{\"type\":\"custom\",\"custom\":\"snapchat.com\",\"entry\":\"\",\"customText\":\"Secondary Button\",\"target\":\"_blank\"}}}}}},\"339\":{\"modified\":\"1\",\"type\":\"newSection\",\"enabled\":\"1\",\"collapsed\":\"0\",\"level\":\"0\",\"fields\":{\"sectionTitle_loc\":\"Images Alone\",\"sectionBackgroundColor\":\"gray\"}},\"340\":{\"modified\":\"1\",\"type\":\"centeredImage\",\"enabled\":\"1\",\"collapsed\":\"0\",\"level\":\"1\",\"fields\":{\"image\":[\"38\"],\"imageAltText_loc\":\"Centered Image with round corners\",\"assetWidth\":\"normal\",\"roundedCorners\":\"1\",\"mobileImage\":[\"100\"]}},\"343\":{\"modified\":\"1\",\"type\":\"centeredImage\",\"enabled\":\"1\",\"collapsed\":\"0\",\"level\":\"1\",\"fields\":{\"image\":[\"172\"],\"imageAltText_loc\":\"Wide centered image\",\"assetWidth\":\"wide\",\"roundedCorners\":\"\",\"mobileImage\":\"\"}},\"341\":{\"modified\":\"1\",\"type\":\"centeredImage\",\"enabled\":\"1\",\"collapsed\":\"0\",\"level\":\"1\",\"fields\":{\"image\":[\"68\"],\"imageAltText_loc\":\"Full centered image\",\"assetWidth\":\"full\",\"roundedCorners\":\"\",\"mobileImage\":\"\"}},\"426\":{\"modified\":\"1\",\"type\":\"newSection\",\"enabled\":\"1\",\"collapsed\":\"0\",\"level\":\"0\",\"fields\":{\"sectionTitle_loc\":\"Video stuff\",\"sectionBackgroundColor\":\"gray\"}},\"427\":{\"modified\":\"1\",\"type\":\"centeredVideo\",\"enabled\":\"1\",\"collapsed\":\"0\",\"level\":\"1\",\"fields\":{\"horizontalVideo\":[\"394\"],\"horizontalPosterImage\":[\"38\"],\"verticalVideo\":[\"374\"],\"verticalPosterImage\":[\"152\"],\"videoControls\":\"1\",\"roundedCorners\":\"1\",\"autoplay\":\"\"}},\"428\":{\"modified\":\"1\",\"type\":\"newSection\",\"enabled\":\"1\",\"collapsed\":\"0\",\"level\":\"0\",\"fields\":{\"sectionTitle_loc\":\"Side by side\",\"sectionBackgroundColor\":\"white\"}},\"429\":{\"modified\":\"1\",\"type\":\"imageBesideText\",\"enabled\":\"1\",\"collapsed\":\"0\",\"level\":\"1\",\"fields\":{\"image\":[\"8\"],\"imageLocation\":\"left\",\"headline_loc\":\"Image left of text\",\"paragraph_loc\":\"<p>Gallia est omnis divisa in partes tres, quarum. Contra legem facit qui id facit quod lex prohibet. Tu quoque, Brute, fili mi, nihil timor populi, nihil! Nec dubitamus multa iter quae et nos invenerat. Nihil hic munitissimus habendi senatus locus, nihil horum? Idque Caesaris facere voluntate liceret: sese habere.<\\/p>\",\"ctaButtons\":{\"430\":{\"type\":\"primaryButton\",\"enabled\":\"1\",\"fields\":{\"button\":{\"type\":\"custom\",\"custom\":\"http:\\/\\/snapchat.com\",\"entry\":\"\",\"customText\":\"CTA Button\",\"target\":\"_blank\"},\"outline\":\"1\",\"buttonType\":\"normal\"}}}}},\"431\":{\"modified\":\"1\",\"type\":\"imageBesideText\",\"enabled\":\"1\",\"collapsed\":\"0\",\"level\":\"1\",\"fields\":{\"image\":[\"38\"],\"imageLocation\":\"right\",\"headline_loc\":\"Image to the RIGHT of text\",\"paragraph_loc\":\"<p>Gallia est omnis divisa in partes tres, quarum. Contra legem facit qui id facit quod lex prohibet. Tu quoque, Brute, fili mi, nihil timor populi, nihil! Nec dubitamus multa iter quae et nos invenerat. Nihil hic munitissimus habendi senatus locus, nihil horum? Idque Caesaris facere voluntate liceret: sese habere.<\\/p>\",\"ctaButtons\":{\"432\":{\"type\":\"primaryButton\",\"enabled\":\"1\",\"fields\":{\"button\":{\"type\":\"custom\",\"custom\":\"http:\\/\\/snapchat.com\",\"entry\":\"\",\"customText\":\"CTA Button\",\"target\":\"\"},\"outline\":\"\",\"buttonType\":\"normal\"}}}}},\"433\":{\"modified\":\"1\",\"type\":\"videoBesideText\",\"enabled\":\"1\",\"collapsed\":\"0\",\"level\":\"1\",\"fields\":{\"video\":{\"434\":{\"type\":\"videoAttributes\",\"enabled\":\"1\",\"fields\":{\"videoFile\":[\"392\"],\"posterImage\":[\"155\"]}}},\"desktopVideoLocation\":\"left\",\"headline_loc\":\"Video to the left of this text\",\"paragraph_loc\":\"<p>Gallia est omnis divisa in partes tres, quarum. Contra legem facit qui id facit quod lex prohibet. Tu quoque, Brute, fili mi, nihil timor populi, nihil! Nec dubitamus multa iter quae et nos invenerat. Nihil hic munitissimus habendi senatus locus, nihil horum? Idque Caesaris facere voluntate liceret: sese habere.<\\/p>\",\"ctaButtons\":{\"435\":{\"type\":\"primaryButton\",\"enabled\":\"1\",\"fields\":{\"button\":{\"type\":\"\",\"custom\":\"\",\"entry\":\"\",\"customText\":\"\",\"target\":\"\"},\"outline\":\"1\",\"buttonType\":\"normal\"}},\"436\":{\"type\":\"secondaryButton\",\"enabled\":\"1\",\"fields\":{\"button\":{\"type\":\"\",\"custom\":\"\",\"entry\":\"\",\"customText\":\"\",\"target\":\"\"}}}}}}},\"107\":\"website\",\"102\":\"\",\"104\":\"\",\"101\":\"\",\"16\":\"1\",\"15\":\"red\",\"155\":\"Everything\",\"7\":\"everything\"}}', '2017-08-31 18:35:46', '2017-08-31 18:35:46', 'de23b86d-3f50-44ea-8e58-9a310e62df5a'),
 ('118', '270', '9', '1', 'en_us', '2', '', '{\"typeId\":\"9\",\"authorId\":null,\"title\":\"Home\",\"slug\":\"home\",\"postDate\":1502144969,\"expiryDate\":null,\"enabled\":1,\"parentId\":null,\"fields\":{\"112\":{\"new1\":{\"type\":\"hero\",\"enabled\":\"1\",\"fields\":{\"headline_loc\":\"Home Hero headline right here looking awesome.\",\"button\":{\"type\":\"entry\",\"custom\":\"\",\"entry\":[\"270\"],\"customText\":\"Link to home\",\"target\":\"\"},\"buttonOutline\":\"1\",\"sectionTitle_loc\":\"Introduction\"}}},\"103\":\"\",\"106\":\"\",\"105\":\"\",\"89\":\"\",\"3\":\"\",\"107\":\"website\",\"102\":\"\",\"104\":\"\",\"101\":\"\",\"16\":\"1\",\"15\":\"yellow\"}}', '2017-08-31 18:41:38', '2017-08-31 18:41:38', '4c041e67-1bd9-4858-a26e-f80487371124'),
 ('119', '270', '9', '1', 'en_us', '3', '', '{\"typeId\":\"9\",\"authorId\":null,\"title\":\"Home\",\"slug\":\"home\",\"postDate\":1502144969,\"expiryDate\":null,\"enabled\":1,\"parentId\":null,\"fields\":{\"112\":{\"437\":{\"type\":\"hero\",\"enabled\":\"1\",\"fields\":{\"headline_loc\":\"Home Hero headline right here looking awesome.\",\"button\":{\"type\":\"entry\",\"custom\":\"\",\"entry\":[\"270\"],\"customText\":\"Link to home\",\"target\":\"\"},\"buttonOutline\":\"1\",\"sectionTitle_loc\":\"Introduction\"}}},\"103\":\"\",\"106\":\"\",\"105\":\"\",\"89\":\"\",\"3\":\"\",\"107\":\"website\",\"102\":\"\",\"104\":\"\",\"101\":\"\",\"16\":\"1\",\"15\":\"yellow\"}}', '2017-08-31 18:42:31', '2017-08-31 18:42:31', '91d5bdb0-af63-4389-ac35-1c26363bcc1e'),
 ('120', '270', '9', '1', 'en_us', '4', '', '{\"typeId\":\"9\",\"authorId\":null,\"title\":\"Home\",\"slug\":\"home\",\"postDate\":1502144969,\"expiryDate\":null,\"enabled\":1,\"parentId\":null,\"fields\":{\"112\":\"\",\"103\":\"\",\"106\":\"\",\"105\":\"\",\"89\":\"\",\"3\":{\"new0\":{\"modified\":\"1\",\"type\":\"newSection\",\"enabled\":\"1\",\"collapsed\":\"0\",\"level\":\"0\",\"fields\":{\"sectionTitle_loc\":\"First Section\",\"sectionBackgroundColor\":\"gray\"}},\"new1\":{\"modified\":\"1\",\"type\":\"centeredImage\",\"enabled\":\"1\",\"collapsed\":\"0\",\"level\":\"1\",\"fields\":{\"image\":[\"38\"],\"imageAltText_loc\":\"Cool image\",\"assetWidth\":\"normal\",\"roundedCorners\":\"1\",\"mobileImage\":\"\"}}},\"107\":\"website\",\"102\":\"\",\"104\":\"\",\"101\":\"\",\"16\":\"1\",\"15\":\"yellow\"}}', '2017-08-31 18:46:00', '2017-08-31 18:46:00', 'a949d014-eda1-43b3-a020-2c2a5b548979'),
 ('121', '290', '3', '1', 'en_us', '3', '', '{\"typeId\":\"3\",\"authorId\":\"1\",\"title\":\"Audiences\",\"slug\":\"audiences\",\"postDate\":1502311080,\"expiryDate\":null,\"enabled\":1,\"parentId\":\"\",\"fields\":{\"103\":\"\",\"106\":\"\",\"105\":\"\",\"89\":\"\",\"3\":{\"new0\":{\"modified\":\"1\",\"type\":\"newSection\",\"enabled\":\"1\",\"collapsed\":\"0\",\"level\":\"0\",\"fields\":{\"sectionTitle_loc\":\"intro\",\"sectionBackgroundColor\":\"gray\"}},\"new1\":{\"modified\":\"1\",\"type\":\"centeredImage\",\"enabled\":\"1\",\"collapsed\":\"0\",\"level\":\"1\",\"fields\":{\"image\":[\"38\"],\"imageAltText_loc\":\"kjh\",\"assetWidth\":\"normal\",\"roundedCorners\":\"\",\"mobileImage\":\"\"}}},\"107\":\"website\",\"102\":\"\",\"104\":\"\",\"101\":\"\",\"16\":\"1\",\"15\":\"purple\",\"155\":\"Audiences\",\"7\":\"audiences\"}}', '2017-08-31 20:48:20', '2017-08-31 20:48:20', 'c5342e45-c054-4e39-9f74-3273fad85e99'),
 ('122', '270', '9', '1', 'en_us', '5', '', '{\"typeId\":\"9\",\"authorId\":null,\"title\":\"Home\",\"slug\":\"home\",\"postDate\":1502144969,\"expiryDate\":null,\"enabled\":1,\"parentId\":null,\"fields\":{\"112\":\"\",\"103\":\"\",\"106\":\"\",\"105\":\"\",\"89\":\"\",\"3\":{\"438\":{\"modified\":\"1\",\"type\":\"newSection\",\"enabled\":\"1\",\"collapsed\":\"0\",\"level\":\"0\",\"fields\":{\"sectionTitle_loc\":\"First Section\",\"sectionBackgroundColor\":\"gray\"}},\"439\":{\"modified\":\"1\",\"type\":\"centeredImage\",\"enabled\":\"1\",\"collapsed\":\"0\",\"level\":\"1\",\"fields\":{\"image\":[\"38\"],\"imageAltText_loc\":\"Cool image\",\"assetWidth\":\"normal\",\"roundedCorners\":\"1\",\"mobileImage\":\"\"}}},\"107\":\"website\",\"102\":\"\",\"104\":\"\",\"101\":\"\",\"16\":\"1\",\"15\":\"green\"}}', '2017-08-31 20:54:14', '2017-08-31 20:54:14', 'ded08e26-1fa4-40dd-a9cf-8c846cff8a9f'),
 ('123', '270', '9', '1', 'en_us', '6', '', '{\"typeId\":\"9\",\"authorId\":null,\"title\":\"Home\",\"slug\":\"home\",\"postDate\":1502144969,\"expiryDate\":null,\"enabled\":1,\"parentId\":null,\"fields\":{\"112\":\"\",\"103\":\"\",\"106\":\"\",\"105\":\"\",\"89\":\"\",\"3\":{\"438\":{\"modified\":\"1\",\"type\":\"newSection\",\"enabled\":\"1\",\"collapsed\":\"0\",\"level\":\"0\",\"fields\":{\"sectionTitle_loc\":\"First Section\",\"sectionBackgroundColor\":\"gray\"}},\"439\":{\"modified\":\"1\",\"type\":\"centeredImage\",\"enabled\":\"1\",\"collapsed\":\"0\",\"level\":\"1\",\"fields\":{\"image\":[\"38\"],\"imageAltText_loc\":\"Cool image\",\"assetWidth\":\"normal\",\"roundedCorners\":\"1\",\"mobileImage\":\"\"}}},\"107\":\"website\",\"102\":\"\",\"104\":\"\",\"101\":\"\",\"16\":\"1\",\"15\":\"yellow\"}}', '2017-08-31 20:54:24', '2017-08-31 20:54:24', '384d86b5-5c25-4a23-bff1-a75397125a55'),
 ('124', '290', '3', '1', 'en_us', '4', '', '{\"typeId\":\"3\",\"authorId\":\"1\",\"title\":\"Audiences\",\"slug\":\"audiences\",\"postDate\":1502311080,\"expiryDate\":null,\"enabled\":1,\"parentId\":\"\",\"fields\":{\"103\":\"\",\"106\":\"\",\"105\":\"\",\"89\":\"\",\"3\":{\"440\":{\"modified\":\"1\",\"type\":\"newSection\",\"enabled\":\"1\",\"collapsed\":\"0\",\"level\":\"0\",\"fields\":{\"sectionTitle_loc\":\"intro\",\"sectionBackgroundColor\":\"gray\"}},\"441\":{\"modified\":\"1\",\"type\":\"centeredImage\",\"enabled\":\"1\",\"collapsed\":\"0\",\"level\":\"1\",\"fields\":{\"image\":[\"38\"],\"imageAltText_loc\":\"kjh\",\"assetWidth\":\"normal\",\"roundedCorners\":\"\",\"mobileImage\":\"\"}}},\"107\":\"website\",\"102\":\"\",\"104\":\"\",\"101\":\"\",\"16\":\"1\",\"15\":\"blue\",\"155\":\"Audiences\",\"7\":\"audiences\"}}', '2017-08-31 21:05:59', '2017-08-31 21:05:59', '61f797b1-058f-4af5-9a6d-17fd4a770be4'),
 ('125', '290', '3', '1', 'en_us', '5', '', '{\"typeId\":\"3\",\"authorId\":\"1\",\"title\":\"Audiences\",\"slug\":\"audiences\",\"postDate\":1502311080,\"expiryDate\":null,\"enabled\":1,\"parentId\":\"\",\"fields\":{\"103\":\"\",\"106\":\"\",\"105\":\"\",\"89\":\"\",\"3\":{\"440\":{\"modified\":\"1\",\"type\":\"newSection\",\"enabled\":\"1\",\"collapsed\":\"0\",\"level\":\"0\",\"fields\":{\"sectionTitle_loc\":\"intro\",\"sectionBackgroundColor\":\"gray\"}},\"441\":{\"modified\":\"1\",\"type\":\"centeredImage\",\"enabled\":\"1\",\"collapsed\":\"0\",\"level\":\"1\",\"fields\":{\"image\":[\"38\"],\"imageAltText_loc\":\"kjh\",\"assetWidth\":\"normal\",\"roundedCorners\":\"\",\"mobileImage\":\"\"}}},\"107\":\"website\",\"102\":\"\",\"104\":\"\",\"101\":\"\",\"16\":\"1\",\"15\":\"blue\",\"155\":\"Audiences\",\"7\":\"audiences\"}}', '2017-08-31 21:06:00', '2017-08-31 21:06:00', 'ff2ab684-7ee5-4bca-9fb2-169dbcf50af5'),
 ('126', '290', '3', '1', 'en_us', '6', '', '{\"typeId\":\"3\",\"authorId\":\"1\",\"title\":\"Audiences\",\"slug\":\"audiences\",\"postDate\":1502311080,\"expiryDate\":null,\"enabled\":1,\"parentId\":\"\",\"fields\":{\"103\":\"\",\"106\":\"\",\"105\":\"\",\"89\":\"\",\"3\":{\"440\":{\"modified\":\"1\",\"type\":\"newSection\",\"enabled\":\"1\",\"collapsed\":\"0\",\"level\":\"0\",\"fields\":{\"sectionTitle_loc\":\"intro\",\"sectionBackgroundColor\":\"gray\"}},\"441\":{\"modified\":\"1\",\"type\":\"centeredImage\",\"enabled\":\"1\",\"collapsed\":\"0\",\"level\":\"1\",\"fields\":{\"image\":[\"38\"],\"imageAltText_loc\":\"kjh\",\"assetWidth\":\"normal\",\"roundedCorners\":\"\",\"mobileImage\":\"\"}}},\"107\":\"website\",\"102\":\"\",\"104\":\"\",\"101\":\"\",\"16\":\"1\",\"15\":\"purple\",\"155\":\"Audiences\",\"7\":\"audiences\"}}', '2017-08-31 21:07:27', '2017-08-31 21:07:27', 'ad512d50-07d1-4d84-a26e-ae6925d299b7'),
 ('127', '290', '3', '1', 'en_us', '7', '', '{\"typeId\":\"3\",\"authorId\":\"1\",\"title\":\"Audiences\",\"slug\":\"audiences\",\"postDate\":1502311080,\"expiryDate\":null,\"enabled\":1,\"parentId\":\"\",\"fields\":{\"103\":\"\",\"106\":\"\",\"105\":\"\",\"89\":\"\",\"3\":{\"440\":{\"modified\":\"1\",\"type\":\"newSection\",\"enabled\":\"1\",\"collapsed\":\"0\",\"level\":\"0\",\"fields\":{\"sectionTitle_loc\":\"intro\",\"sectionBackgroundColor\":\"gray\"}},\"441\":{\"modified\":\"1\",\"type\":\"centeredImage\",\"enabled\":\"1\",\"collapsed\":\"0\",\"level\":\"1\",\"fields\":{\"image\":[\"38\"],\"imageAltText_loc\":\"kjh\",\"assetWidth\":\"normal\",\"roundedCorners\":\"\",\"mobileImage\":\"\"}}},\"107\":\"website\",\"102\":\"\",\"104\":\"\",\"101\":\"\",\"16\":\"1\",\"15\":\"purple\",\"155\":\"Audiences\",\"7\":\"audiences\"}}', '2017-08-31 21:10:35', '2017-08-31 21:10:35', 'e545d82f-ad24-4701-9d7d-a65d73ade1b3'),
 ('128', '270', '9', '1', 'en_us', '7', '', '{\"typeId\":\"9\",\"authorId\":null,\"title\":\"Home\",\"slug\":\"home\",\"postDate\":1504214597,\"expiryDate\":null,\"enabled\":1,\"parentId\":null,\"fields\":{\"112\":{\"new1\":{\"type\":\"hero\",\"enabled\":\"1\",\"fields\":{\"headline_loc\":\"This is the hero headline\",\"button\":{\"type\":\"custom\",\"custom\":\"snapchat.com\",\"entry\":\"\",\"customText\":\"I\'m a button\",\"target\":\"_blank\"},\"buttonOutline\":\"\",\"sectionTitle_loc\":\"Intro to home\"}}},\"103\":\"\",\"106\":\"\",\"105\":\"\",\"89\":\"\",\"3\":{\"438\":{\"modified\":\"1\",\"type\":\"newSection\",\"enabled\":\"1\",\"collapsed\":\"0\",\"level\":\"0\",\"fields\":{\"sectionTitle_loc\":\"First Section\",\"sectionBackgroundColor\":\"gray\"}},\"439\":{\"modified\":\"1\",\"type\":\"centeredImage\",\"enabled\":\"1\",\"collapsed\":\"0\",\"level\":\"1\",\"fields\":{\"image\":[\"38\"],\"imageAltText_loc\":\"Cool image\",\"assetWidth\":\"normal\",\"roundedCorners\":\"1\",\"mobileImage\":\"\"}}},\"107\":\"website\",\"102\":\"\",\"104\":\"\",\"101\":\"\",\"16\":\"1\",\"15\":\"yellow\"}}', '2017-08-31 21:30:07', '2017-08-31 21:30:07', '48d38927-cdf5-4211-af33-4c2fdd95089f'),
 ('129', '270', '9', '1', 'en_us', '8', '', '{\"typeId\":\"9\",\"authorId\":null,\"title\":\"Home\",\"slug\":\"home\",\"postDate\":1504214597,\"expiryDate\":null,\"enabled\":1,\"parentId\":null,\"fields\":{\"112\":{\"442\":{\"type\":\"hero\",\"enabled\":\"1\",\"fields\":{\"headline_loc\":\"This is the hero headline\",\"button\":{\"type\":\"custom\",\"custom\":\"snapchat.com\",\"entry\":\"\",\"customText\":\"I\'m a button\",\"target\":\"_blank\"},\"buttonOutline\":\"\",\"sectionTitle_loc\":\"Intro to home\"}}},\"103\":\"\",\"106\":\"\",\"105\":\"\",\"89\":\"\",\"3\":{\"438\":{\"modified\":\"1\",\"type\":\"newSection\",\"enabled\":\"1\",\"collapsed\":\"0\",\"level\":\"0\",\"fields\":{\"sectionTitle_loc\":\"First Section\",\"sectionBackgroundColor\":\"gray\"}},\"439\":{\"modified\":\"1\",\"type\":\"centeredImage\",\"enabled\":\"1\",\"collapsed\":\"0\",\"level\":\"1\",\"fields\":{\"image\":[\"38\"],\"imageAltText_loc\":\"Cool image\",\"assetWidth\":\"normal\",\"roundedCorners\":\"1\",\"mobileImage\":\"\"}}},\"107\":\"website\",\"102\":\"\",\"104\":\"\",\"101\":\"\",\"16\":\"1\",\"15\":\"yellow\"}}', '2017-08-31 21:43:48', '2017-08-31 21:43:48', '0f988cea-7351-4990-9612-12e1c03fa32d'),
 ('130', '314', '3', '1', 'en_us', '13', '', '{\"typeId\":\"3\",\"authorId\":\"1\",\"title\":\"Everything\",\"slug\":\"everything\",\"postDate\":1502402400,\"expiryDate\":null,\"enabled\":1,\"parentId\":\"\",\"fields\":{\"103\":\"\",\"106\":\"\",\"105\":\"\",\"89\":{\"315\":{\"type\":\"annotation\",\"enabled\":\"1\",\"fields\":{\"number\":\"1\",\"text_loc\":\"Cool annotation bro.\"}},\"316\":{\"type\":\"annotation\",\"enabled\":\"1\",\"fields\":{\"number\":\"2\",\"text_loc\":\"Great job annotating this.\"}}},\"3\":{\"317\":{\"modified\":\"1\",\"type\":\"newSection\",\"enabled\":\"1\",\"collapsed\":\"0\",\"level\":\"0\",\"fields\":{\"sectionTitle_loc\":\"Element Grids\",\"sectionBackgroundColor\":\"gray\"}},\"318\":{\"modified\":\"1\",\"type\":\"imageCardGrid\",\"enabled\":\"1\",\"collapsed\":\"0\",\"level\":\"1\",\"fields\":{\"imageCardRow\":{\"319\":{\"type\":\"imageCard\",\"enabled\":\"1\",\"fields\":{\"cardImage\":[\"14\"],\"headline_loc\":\"Card 1 Headline\",\"body_loc\":\"<p>Card 1 body text<\\/p>\"}},\"320\":{\"type\":\"imageCard\",\"enabled\":\"1\",\"fields\":{\"cardImage\":[\"15\"],\"headline_loc\":\"Card 2 Headline\",\"body_loc\":\"<p>Card 2 body text goes right here.<\\/p>\"}},\"321\":{\"type\":\"imageCard\",\"enabled\":\"1\",\"fields\":{\"cardImage\":[\"16\"],\"headline_loc\":\"Card 3 Headline\",\"body_loc\":\"<p>Card 3 body looks like this.<\\/p>\"}}},\"chillahTooltip\":\"\"}},\"322\":{\"modified\":\"1\",\"type\":\"logoGrid\",\"enabled\":\"1\",\"collapsed\":\"0\",\"level\":\"1\",\"fields\":{\"logos\":{\"323\":{\"type\":\"logo\",\"enabled\":\"1\",\"fields\":{\"image\":[\"76\"],\"imageAltText_loc\":\"Adjust logo\",\"imageLinkUrl\":\"https:\\/\\/forbusiness.snapchat.com\"}},\"324\":{\"type\":\"logo\",\"enabled\":\"1\",\"fields\":{\"image\":[\"77\"],\"imageAltText_loc\":\"Appsflyer logo\",\"imageLinkUrl\":\"https:\\/\\/forbusiness.snapchat.com\"}},\"325\":{\"type\":\"logo\",\"enabled\":\"1\",\"fields\":{\"image\":[\"78\"],\"imageAltText_loc\":\"Double Click logo\",\"imageLinkUrl\":\"https:\\/\\/forbusiness.snapchat.com\"}}}}},\"326\":{\"modified\":\"1\",\"type\":\"mobileDeviceGrid\",\"enabled\":\"1\",\"collapsed\":\"0\",\"level\":\"1\",\"fields\":{\"mobileDevices\":{\"327\":{\"type\":\"device\",\"enabled\":\"1\",\"fields\":{\"video\":[\"381\"],\"posterImage\":[\"160\"],\"headline_loc\":\"Device 1 headline\",\"subhead_loc\":\"<p>Quam diu etiam furor iste tuus nos eludet? Plura mihi bona sunt, inclinet, amari petere vellent.<\\/p>\"}},\"328\":{\"type\":\"device\",\"enabled\":\"1\",\"fields\":{\"video\":[\"407\"],\"posterImage\":[\"159\"],\"headline_loc\":\"Device 2 Headline\",\"subhead_loc\":\"<p>Quam diu etiam furor iste tuus nos eludet? Plura mihi bona sunt, inclinet, amari petere vellent.<\\/p>\"}},\"329\":{\"type\":\"device\",\"enabled\":\"1\",\"fields\":{\"video\":[\"402\"],\"posterImage\":[\"150\"],\"headline_loc\":\"Device 3 Headline\",\"subhead_loc\":\"<p>Quam diu etiam furor iste tuus nos eludet? Plura mihi bona sunt, inclinet, amari petere vellent.<\\/p>\"}}},\"chillahTooltip\":\"\"}},\"330\":{\"modified\":\"1\",\"type\":\"newSection\",\"enabled\":\"1\",\"collapsed\":\"0\",\"level\":\"0\",\"fields\":{\"sectionTitle_loc\":\"Text & Images\",\"sectionBackgroundColor\":\"white\"}},\"331\":{\"modified\":\"1\",\"type\":\"centeredTextLockup\",\"enabled\":\"1\",\"collapsed\":\"0\",\"level\":\"1\",\"fields\":{\"image\":[\"288\"],\"headline_loc\":\"Centered Text Lockup\",\"subhead_loc\":\"<p>Quam diu etiam furor iste tuus nos eludet? Plura mihi bona sunt, inclinet, amari petere vellent.<\\/p>\",\"ctaButtons\":{\"332\":{\"type\":\"primaryButton\",\"enabled\":\"1\",\"fields\":{\"button\":{\"type\":\"custom\",\"custom\":\"forbusiness.snapchat.com\",\"entry\":\"\",\"customText\":\"Primary Button Outlined\",\"target\":\"_blank\"},\"outline\":\"1\",\"buttonType\":\"normal\"}},\"333\":{\"type\":\"primaryButton\",\"enabled\":\"1\",\"fields\":{\"button\":{\"type\":\"custom\",\"custom\":\"forbusiness.snapchat.com\",\"entry\":\"\",\"customText\":\"Primary Button Filled\",\"target\":\"_blank\"},\"outline\":\"\",\"buttonType\":\"normal\"}},\"334\":{\"type\":\"secondaryButton\",\"enabled\":\"1\",\"fields\":{\"button\":{\"type\":\"custom\",\"custom\":\"forbusiness.snapchat.com\",\"entry\":\"\",\"customText\":\"Secondary Button\",\"target\":\"_blank\"}}}}}},\"335\":{\"modified\":\"1\",\"type\":\"imageBesideText\",\"enabled\":\"1\",\"collapsed\":\"0\",\"level\":\"1\",\"fields\":{\"image\":[\"38\"],\"imageLocation\":\"left\",\"headline_loc\":\"Image Beside Text\",\"paragraph_loc\":\"<p>Curabitur blandit tempus ardua ridiculus sed magna. Integer legentibus erat a ante historiarum dapibus. Vivamus sagittis lacus vel augue laoreet rutrum faucibus. Morbi fringilla convallis sapien, id pulvinar odio volutpat. Tu quoque, Brute, fili mi, nihil timor populi, nihil!<\\/p>\",\"ctaButtons\":{\"336\":{\"type\":\"primaryButton\",\"enabled\":\"1\",\"fields\":{\"button\":{\"type\":\"custom\",\"custom\":\"forbusiness.snapchat.com\",\"entry\":\"\",\"customText\":\"Primary Button Outlined\",\"target\":\"_blank\"},\"outline\":\"1\",\"buttonType\":\"normal\"}},\"337\":{\"type\":\"primaryButton\",\"enabled\":\"1\",\"fields\":{\"button\":{\"type\":\"custom\",\"custom\":\"forbusiness.snapchat.com\",\"entry\":\"\",\"customText\":\"Primary Button Filled\",\"target\":\"\"},\"outline\":\"\",\"buttonType\":\"normal\"}},\"338\":{\"type\":\"secondaryButton\",\"enabled\":\"1\",\"fields\":{\"button\":{\"type\":\"custom\",\"custom\":\"snapchat.com\",\"entry\":\"\",\"customText\":\"Secondary Button\",\"target\":\"_blank\"}}}}}},\"339\":{\"modified\":\"1\",\"type\":\"newSection\",\"enabled\":\"1\",\"collapsed\":\"0\",\"level\":\"0\",\"fields\":{\"sectionTitle_loc\":\"Images Alone\",\"sectionBackgroundColor\":\"gray\"}},\"340\":{\"modified\":\"1\",\"type\":\"centeredImage\",\"enabled\":\"1\",\"collapsed\":\"0\",\"level\":\"1\",\"fields\":{\"image\":[\"38\"],\"imageAltText_loc\":\"Centered Image with round corners\",\"assetWidth\":\"normal\",\"roundedCorners\":\"1\",\"mobileImage\":[\"100\"]}},\"343\":{\"modified\":\"1\",\"type\":\"centeredImage\",\"enabled\":\"1\",\"collapsed\":\"0\",\"level\":\"1\",\"fields\":{\"image\":[\"172\"],\"imageAltText_loc\":\"Wide centered image\",\"assetWidth\":\"wide\",\"roundedCorners\":\"\",\"mobileImage\":\"\"}},\"341\":{\"modified\":\"1\",\"type\":\"centeredImage\",\"enabled\":\"1\",\"collapsed\":\"0\",\"level\":\"1\",\"fields\":{\"image\":[\"68\"],\"imageAltText_loc\":\"Full centered image\",\"assetWidth\":\"full\",\"roundedCorners\":\"\",\"mobileImage\":\"\"}},\"426\":{\"modified\":\"1\",\"type\":\"newSection\",\"enabled\":\"1\",\"collapsed\":\"0\",\"level\":\"0\",\"fields\":{\"sectionTitle_loc\":\"Video stuff\",\"sectionBackgroundColor\":\"gray\"}},\"427\":{\"modified\":\"1\",\"type\":\"centeredVideo\",\"enabled\":\"1\",\"collapsed\":\"0\",\"level\":\"1\",\"fields\":{\"horizontalVideo\":[\"394\"],\"horizontalPosterImage\":[\"38\"],\"verticalVideo\":[\"374\"],\"verticalPosterImage\":[\"152\"],\"videoControls\":\"1\",\"roundedCorners\":\"1\",\"autoplay\":\"\"}},\"428\":{\"modified\":\"1\",\"type\":\"newSection\",\"enabled\":\"1\",\"collapsed\":\"0\",\"level\":\"0\",\"fields\":{\"sectionTitle_loc\":\"Side by side\",\"sectionBackgroundColor\":\"white\"}},\"429\":{\"modified\":\"1\",\"type\":\"imageBesideText\",\"enabled\":\"1\",\"collapsed\":\"0\",\"level\":\"1\",\"fields\":{\"image\":[\"8\"],\"imageLocation\":\"left\",\"headline_loc\":\"Image left of text\",\"paragraph_loc\":\"<p>Gallia est omnis divisa in partes tres, quarum. Contra legem facit qui id facit quod lex prohibet. Tu quoque, Brute, fili mi, nihil timor populi, nihil! Nec dubitamus multa iter quae et nos invenerat. Nihil hic munitissimus habendi senatus locus, nihil horum? Idque Caesaris facere voluntate liceret: sese habere.<\\/p>\",\"ctaButtons\":{\"430\":{\"type\":\"primaryButton\",\"enabled\":\"1\",\"fields\":{\"button\":{\"type\":\"custom\",\"custom\":\"http:\\/\\/snapchat.com\",\"entry\":\"\",\"customText\":\"CTA Button\",\"target\":\"_blank\"},\"outline\":\"1\",\"buttonType\":\"normal\"}}}}},\"431\":{\"modified\":\"1\",\"type\":\"imageBesideText\",\"enabled\":\"1\",\"collapsed\":\"0\",\"level\":\"1\",\"fields\":{\"image\":[\"38\"],\"imageLocation\":\"right\",\"headline_loc\":\"Image to the RIGHT of text\",\"paragraph_loc\":\"<p>Gallia est omnis divisa in partes tres, quarum. Contra legem facit qui id facit quod lex prohibet. Tu quoque, Brute, fili mi, nihil timor populi, nihil! Nec dubitamus multa iter quae et nos invenerat. Nihil hic munitissimus habendi senatus locus, nihil horum? Idque Caesaris facere voluntate liceret: sese habere.<\\/p>\",\"ctaButtons\":{\"432\":{\"type\":\"primaryButton\",\"enabled\":\"1\",\"fields\":{\"button\":{\"type\":\"custom\",\"custom\":\"http:\\/\\/snapchat.com\",\"entry\":\"\",\"customText\":\"CTA Button\",\"target\":\"\"},\"outline\":\"\",\"buttonType\":\"normal\"}}}}},\"433\":{\"modified\":\"1\",\"type\":\"videoBesideText\",\"enabled\":\"1\",\"collapsed\":\"0\",\"level\":\"1\",\"fields\":{\"video\":{\"434\":{\"type\":\"videoAttributes\",\"enabled\":\"1\",\"fields\":{\"videoFile\":[\"392\"],\"posterImage\":[\"155\"]}}},\"desktopVideoLocation\":\"left\",\"headline_loc\":\"Video to the left of this text\",\"paragraph_loc\":\"<p>Gallia est omnis divisa in partes tres, quarum. Contra legem facit qui id facit quod lex prohibet. Tu quoque, Brute, fili mi, nihil timor populi, nihil! Nec dubitamus multa iter quae et nos invenerat. Nihil hic munitissimus habendi senatus locus, nihil horum? Idque Caesaris facere voluntate liceret: sese habere.<\\/p>\",\"ctaButtons\":{\"new1\":{\"type\":\"primaryButton\",\"enabled\":\"1\",\"fields\":{\"button\":{\"type\":\"custom\",\"custom\":\"http:\\/\\/google.com\",\"entry\":\"\",\"customText\":\"Test\",\"target\":\"\"},\"outline\":\"1\",\"buttonType\":\"normal\"}}}}}},\"107\":\"website\",\"102\":\"\",\"104\":\"\",\"101\":\"\",\"16\":\"1\",\"15\":\"red\",\"155\":\"Everything\",\"7\":\"everything\"}}', '2017-08-31 22:08:13', '2017-08-31 22:08:13', '7e3bfaca-d95d-4b52-ac3b-418c5d4c6f6d'),
 ('131', '444', '13', '1', 'en_us', '1', NULL, '{\"typeId\":\"16\",\"authorId\":null,\"title\":\"Inspiration\",\"slug\":\"inspiration\",\"postDate\":1504733196,\"expiryDate\":null,\"enabled\":1,\"parentId\":null,\"fields\":[]}', '2017-09-06 21:26:36', '2017-09-06 21:26:36', 'ccefeff5-8cef-43eb-b880-ffe8c04f987a'),
 ('132', '444', '13', '1', 'en_us', '2', '', '{\"typeId\":null,\"authorId\":null,\"title\":\"Inspiration\",\"slug\":\"inspiration\",\"postDate\":1504733196,\"expiryDate\":null,\"enabled\":1,\"parentId\":null,\"fields\":{\"195\":{\"type\":\"entry\",\"entry\":[\"362\"],\"customText\":\"View All\"},\"193\":\"Creative Spotlight\",\"10\":\"Get inspired by results-driven and world-class creative\",\"103\":\"\",\"106\":\"\",\"105\":\"\",\"89\":\"\",\"107\":\"website\",\"102\":\"\",\"104\":\"\",\"101\":\"\",\"192\":{\"type\":\"entry\",\"entry\":[\"363\"],\"customText\":\"View All\"},\"191\":\"Latest Success Stories\",\"15\":\"yellow\",\"155\":\"Inspiration\",\"7\":\"inspiration\"}}', '2017-09-06 23:17:09', '2017-09-06 23:17:09', '92d4ad58-a23c-40e5-8b00-4aa9951ac4f7'),
 ('133', '362', '11', '1', 'en_us', '2', '', '{\"typeId\":null,\"authorId\":null,\"title\":\"Creative Spotlight\",\"slug\":\"creative-spotlight\",\"postDate\":1503607997,\"expiryDate\":null,\"enabled\":1,\"parentId\":null,\"fields\":{\"10\":\"Explore the most compelling ads on mobile\",\"138\":\"Industry\",\"200\":\"Creative Spotlight\",\"137\":\"Objective\",\"202\":\"Objective\",\"136\":\"Ad Products\",\"201\":\"Product Used\",\"156\":\"Region\",\"15\":\"yellow\",\"7\":\"creative-spotlight\"}}', '2017-09-07 18:46:47', '2017-09-07 18:46:47', 'fb624ea0-c870-4b73-8fbd-0e78bbbcdbe6'),
 ('134', '457', '10', '1', 'en_us', '1', '', '{\"typeId\":\"18\",\"authorId\":\"1\",\"title\":\"bareMinerals\",\"slug\":\"bareminerals\",\"postDate\":1504817417,\"expiryDate\":null,\"enabled\":1,\"parentId\":\"\",\"fields\":{\"208\":{\"new1\":{\"type\":\"deviceVideo\",\"enabled\":\"1\",\"fields\":{\"videoAsset\":[\"381\"],\"videoPosterImage\":[\"149\"]}}},\"204\":\"raiseAwareness\",\"203\":\"longFormVideo\",\"205\":\"bareMinerals increased search traffic with its Snap Ads Long-Form Video campaign\",\"155\":\"bareMinerals\"}}', '2017-09-07 20:50:17', '2017-09-07 20:50:17', '0ee13e70-8034-48f9-8f88-78607aea2e47'),
 ('135', '457', '10', '1', 'en_us', '2', '', '{\"typeId\":\"18\",\"authorId\":\"1\",\"title\":\"bareMinerals\",\"slug\":\"bareminerals\",\"postDate\":1504817400,\"expiryDate\":null,\"enabled\":1,\"parentId\":\"\",\"fields\":{\"208\":{\"458\":{\"type\":\"deviceVideo\",\"enabled\":\"1\",\"fields\":{\"videoAsset\":[\"381\"],\"videoPosterImage\":[\"149\"]}}},\"204\":\"raiseAwareness\",\"203\":\"longFormVideo\",\"205\":\"bareMinerals increased search traffic with its Snap Ads Long-Form Video campaign\",\"155\":\"bareMinerals\"}}', '2017-09-07 20:53:07', '2017-09-07 20:53:07', 'fdec7a6b-0cb8-4926-8fab-86fd51933781'),
 ('136', '358', '4', '1', 'en_us', '2', '', '{\"typeId\":\"12\",\"authorId\":\"1\",\"title\":\"ABInBev\",\"slug\":\"success-story-entry\",\"postDate\":1503510960,\"expiryDate\":null,\"enabled\":1,\"parentId\":\"\",\"fields\":{\"151\":\"\",\"38\":[\"97\"],\"145\":\"\",\"126\":\"\",\"103\":\"\",\"177\":\"\",\"106\":\"\",\"105\":\"\",\"107\":\"website\",\"197\":{\"type\":\"\",\"entry\":\"\",\"customText\":\"\"},\"196\":\"\",\"198\":\"\",\"102\":\"\",\"104\":\"\",\"101\":\"\",\"88\":\"\",\"179\":\"\",\"40\":\"\",\"86\":\"\",\"87\":\"\",\"42\":\"Success story summary text Quae vero auctorem tractata ab fiducia dicuntur.\",\"155\":\"ABInBev\"}}', '2017-09-07 21:04:19', '2017-09-07 21:04:19', 'd1e04c5c-c447-4528-9201-1937fa583350'),
 ('139', '358', '4', '1', 'en_us', '3', '', '{\"typeId\":\"12\",\"authorId\":\"1\",\"title\":\"ABInBev\",\"slug\":\"success-story-entry\",\"postDate\":1503510960,\"expiryDate\":null,\"enabled\":1,\"parentId\":\"\",\"fields\":{\"151\":\"\",\"38\":[\"97\"],\"145\":\"\",\"126\":\"\",\"103\":\"\",\"177\":\"\",\"106\":\"\",\"105\":\"\",\"107\":\"website\",\"197\":{\"type\":\"\",\"entry\":\"\",\"customText\":\"\"},\"196\":\"\",\"198\":\"\",\"102\":\"\",\"104\":\"\",\"101\":\"\",\"88\":\"\",\"179\":{\"new0\":{\"modified\":\"1\",\"type\":\"textBock\",\"enabled\":\"1\",\"collapsed\":\"0\",\"level\":\"0\",\"fields\":{\"textBlock\":\"<h3 class=\\\"block-headline\\\"><cite class=\\\"block-quote-author\\\"><\\/cite>Cool title dude<\\/h3><p>\\\"Morbi odio eros, volutpat ut pharetra vitae, lobortis sed nibh. Vivamus sagittis lacus vel augue laoreet rutrum faucibus. Tu quoque, Brute, fili mi, nihil timor populi, nihil! Plura mihi bona sunt, inclinet, amari petere vellent. Excepteur sint obcaecat cupiditat non proident culpa. Fabio vel iudice vincam, sunt in culpa qui officia.\\\"<br><\\/p><p><cite class=\\\"block-quote-author\\\">Author of quote<\\/cite><br><\\/p>\"}}},\"40\":\"\",\"86\":\"\",\"87\":\"\",\"42\":\"Success story summary text Quae vero auctorem tractata ab fiducia dicuntur.\",\"155\":\"ABInBev\"}}', '2017-09-07 23:07:19', '2017-09-07 23:07:19', 'a692b952-f235-4973-8b00-f37a26cdf828'),
 ('140', '98', '3', '1', 'en_us', '18', '', '{\"typeId\":\"3\",\"authorId\":\"1\",\"title\":\"Ad Products\",\"slug\":\"solutions\",\"postDate\":1501109280,\"expiryDate\":null,\"enabled\":1,\"parentId\":\"\",\"fields\":{\"103\":\"\",\"106\":\"\",\"105\":\"\",\"89\":\"\",\"3\":\"\",\"107\":\"website\",\"197\":{\"type\":\"\",\"entry\":\"\",\"customText\":\"\"},\"196\":\"\",\"198\":\"\",\"102\":\"\",\"104\":\"\",\"101\":\"\",\"16\":\"1\",\"15\":\"blue\",\"155\":\"Ad Products\",\"7\":\"ad-products\"}}', '2017-09-12 21:20:19', '2017-09-12 21:20:19', '49709b48-07f2-4531-bb23-0f7c6f979270'),
 ('141', '290', '3', '1', 'en_us', '8', '', '{\"typeId\":\"3\",\"authorId\":\"1\",\"title\":\"Audiences\",\"slug\":\"audiences\",\"postDate\":1502311080,\"expiryDate\":null,\"enabled\":1,\"parentId\":\"\",\"fields\":{\"103\":\"\",\"106\":\"\",\"105\":\"\",\"89\":\"\",\"3\":{\"440\":{\"modified\":\"1\",\"type\":\"newSection\",\"enabled\":\"1\",\"collapsed\":\"0\",\"level\":\"0\",\"fields\":{\"sectionTitle_loc\":\"intro\",\"sectionBackgroundColor\":\"gray\"}},\"441\":{\"modified\":\"1\",\"type\":\"centeredImage\",\"enabled\":\"1\",\"collapsed\":\"0\",\"level\":\"1\",\"fields\":{\"image\":[\"38\"],\"imageAltText_loc\":\"kjh\",\"assetWidth\":\"normal\",\"roundedCorners\":\"\",\"mobileImage\":\"\"}}},\"107\":\"website\",\"197\":{\"type\":\"\",\"entry\":\"\",\"customText\":\"\"},\"196\":\"\",\"198\":\"\",\"102\":\"\",\"104\":\"\",\"101\":\"\",\"16\":\"1\",\"15\":\"purple\",\"155\":\"Audiences\",\"7\":\"audiences\"}}', '2017-09-12 21:20:29', '2017-09-12 21:20:29', '62766924-ecb7-4887-b017-270e7d1815df'),
 ('142', '291', '3', '1', 'en_us', '2', '', '{\"typeId\":\"3\",\"authorId\":\"1\",\"title\":\"Measurement\",\"slug\":\"measurement\",\"postDate\":1502311140,\"expiryDate\":null,\"enabled\":1,\"parentId\":\"\",\"fields\":{\"103\":\"\",\"106\":\"\",\"105\":\"\",\"89\":\"\",\"3\":\"\",\"107\":\"website\",\"197\":{\"type\":\"\",\"entry\":\"\",\"customText\":\"\"},\"196\":\"\",\"198\":\"\",\"102\":\"\",\"104\":\"\",\"101\":\"\",\"16\":\"1\",\"15\":\"orange\",\"155\":\"Measurement\",\"7\":\"measurement\"}}', '2017-09-12 21:20:37', '2017-09-12 21:20:37', '1c059ab5-94dd-4495-acd4-501be584165b'),
 ('143', '292', '3', '1', 'en_us', '2', '', '{\"typeId\":\"3\",\"authorId\":\"1\",\"title\":\"Get Started\",\"slug\":\"get-started\",\"postDate\":1502311260,\"expiryDate\":null,\"enabled\":1,\"parentId\":\"\",\"fields\":{\"103\":\"\",\"106\":\"\",\"105\":\"\",\"89\":\"\",\"3\":\"\",\"107\":\"website\",\"197\":{\"type\":\"\",\"entry\":\"\",\"customText\":\"\"},\"196\":\"\",\"198\":\"\",\"102\":\"\",\"104\":\"\",\"101\":\"\",\"16\":\"\",\"15\":\"yellow\",\"155\":\"Get Started\",\"7\":\"gettingstarted\"}}', '2017-09-12 21:20:53', '2017-09-12 21:20:53', 'b4ec443b-27db-4a3e-8f42-590e0ec7bae1'),
 ('144', '358', '4', '1', 'en_us', '4', '', '{\"typeId\":\"12\",\"authorId\":\"1\",\"title\":\"ABInBev\",\"slug\":\"success-story-entry\",\"postDate\":1503510960,\"expiryDate\":null,\"enabled\":1,\"parentId\":\"\",\"fields\":{\"38\":\"\",\"151\":\"\",\"145\":\"\",\"126\":\"\",\"103\":\"\",\"177\":\"\",\"106\":\"\",\"105\":\"\",\"107\":\"website\",\"197\":{\"type\":\"\",\"entry\":\"\",\"customText\":\"\"},\"196\":\"\",\"198\":\"\",\"102\":\"\",\"104\":\"\",\"101\":\"\",\"88\":\"\",\"179\":\"\",\"40\":\"\",\"86\":\"\",\"87\":\"\",\"42\":\"Success story summary text Quae vero auctorem tractata ab fiducia dicuntur.\",\"155\":\"ABInBev\"}}', '2017-09-12 23:12:25', '2017-09-12 23:12:25', '0126d82c-9718-43ec-9bad-824d5f69a1d5'),
 ('145', '457', '10', '1', 'en_us', '3', '', '{\"typeId\":\"18\",\"authorId\":\"1\",\"title\":\"bareMinerals\",\"slug\":\"bareminerals\",\"postDate\":1504817400,\"expiryDate\":null,\"enabled\":1,\"parentId\":\"\",\"fields\":{\"208\":{\"458\":{\"type\":\"deviceVideo\",\"enabled\":\"1\",\"fields\":{\"videoAssetMp4\":\"\",\"videoAssetWebm\":\"\",\"videoPosterImage\":\"\"}}},\"204\":\"raiseAwareness\",\"203\":\"longFormVideo\",\"205\":\"bareMinerals increased search traffic with its Snap Ads Long-Form Video campaign\",\"155\":\"bareMinerals\"}}', '2017-09-12 23:44:09', '2017-09-12 23:44:09', '797c8a2a-adcb-4aaf-a55d-48eab094914a'),
 ('146', '270', '9', '1', 'en_us', '9', '', '{\"typeId\":\"9\",\"authorId\":null,\"title\":\"Home\",\"slug\":\"home\",\"postDate\":1504214597,\"expiryDate\":null,\"enabled\":1,\"parentId\":null,\"fields\":{\"112\":{\"442\":{\"type\":\"hero\",\"enabled\":\"1\",\"fields\":{\"headline_loc\":\"This is the hero headline\",\"button\":{\"type\":\"custom\",\"custom\":\"snapchat.com\",\"entry\":\"\",\"customText\":\"I\'m a button\",\"target\":\"_blank\"},\"buttonOutline\":\"\",\"sectionTitle_loc\":\"Intro to home\"}}},\"103\":\"\",\"106\":\"\",\"105\":\"\",\"89\":\"\",\"3\":\"\",\"107\":\"website\",\"197\":{\"type\":\"\",\"entry\":\"\",\"customText\":\"\"},\"196\":\"\",\"198\":\"\",\"102\":\"\",\"104\":\"\",\"101\":\"\",\"16\":\"1\",\"15\":\"yellow\"}}', '2017-09-12 23:44:45', '2017-09-12 23:44:45', '97eb2827-2b54-447d-acb6-cc5e9f61d323'),
 ('147', '358', '4', '1', 'en_us', '5', '', '{\"typeId\":\"12\",\"authorId\":\"1\",\"title\":\"ABInBev\",\"slug\":\"success-story-entry\",\"postDate\":1503510960,\"expiryDate\":null,\"enabled\":1,\"parentId\":\"\",\"fields\":{\"38\":\"\",\"151\":\"\",\"145\":\"\",\"126\":\"\",\"103\":\"\",\"177\":\"\",\"106\":\"\",\"105\":\"\",\"107\":\"website\",\"197\":{\"type\":\"\",\"entry\":\"\",\"customText\":\"\"},\"196\":\"\",\"198\":\"\",\"102\":\"\",\"104\":\"\",\"101\":\"\",\"88\":\"\",\"179\":\"\",\"40\":\"\",\"86\":\"\",\"87\":\"\",\"42\":\"Success story summary text Quae vero auctorem tractata ab fiducia dicuntur.\",\"155\":\"ABInBev\"}}', '2017-09-12 23:45:19', '2017-09-12 23:45:19', 'b3a8a1cc-cac8-4fe4-ba75-41e543e9abe6'),
 ('148', '356', '2', '1', 'en_us', '3', '', '{\"typeId\":\"10\",\"authorId\":\"1\",\"title\":\"Localized News Entry\",\"slug\":\"news-entry\",\"postDate\":1503510780,\"expiryDate\":null,\"enabled\":1,\"parentId\":null,\"fields\":{\"144\":\"\",\"149\":\"\",\"147\":[\"252\"],\"148\":[\"351\"],\"103\":\"\",\"106\":\"\",\"105\":\"\",\"107\":\"website\",\"197\":{\"type\":\"\",\"entry\":\"\",\"customText\":\"\"},\"196\":\"\",\"198\":\"\",\"102\":\"\",\"104\":\"\",\"101\":\"\",\"155\":\"Localized News Entry\"}}', '2017-09-12 23:46:12', '2017-09-12 23:46:12', '48a3d531-6dd5-460b-b5a2-a9f5755fb1ea'),
 ('149', '348', '2', '1', 'en_us', '4', '', '{\"typeId\":\"2\",\"authorId\":\"1\",\"title\":\"Insights entry\",\"slug\":\"test-blog-entry\",\"postDate\":1503354660,\"expiryDate\":null,\"enabled\":1,\"parentId\":null,\"fields\":{\"144\":\"\",\"146\":\"blue\",\"149\":\"\",\"147\":[\"246\"],\"148\":[\"350\"],\"103\":\"\",\"106\":\"\",\"105\":\"\",\"107\":\"website\",\"197\":{\"type\":\"\",\"entry\":\"\",\"customText\":\"\"},\"196\":\"\",\"198\":\"\",\"102\":\"\",\"104\":\"\",\"101\":\"\",\"155\":\"Insights entry\"}}', '2017-09-12 23:46:53', '2017-09-12 23:46:53', 'c9f3103a-66ff-4d05-a5fe-a5703b7c8dab'),
 ('150', '356', '2', '1', 'en_us', '4', '', '{\"typeId\":\"10\",\"authorId\":\"1\",\"title\":\"News Entry\",\"slug\":\"news-entry\",\"postDate\":1503510780,\"expiryDate\":null,\"enabled\":1,\"parentId\":null,\"fields\":{\"144\":\"\",\"149\":\"\",\"147\":[\"252\"],\"148\":[\"351\"],\"103\":\"\",\"106\":\"\",\"105\":\"\",\"107\":\"website\",\"197\":{\"type\":\"\",\"entry\":\"\",\"customText\":\"\"},\"196\":\"\",\"198\":\"\",\"102\":\"\",\"104\":\"\",\"101\":\"\",\"155\":\"News Entry\"}}', '2017-09-12 23:47:19', '2017-09-12 23:47:19', '93ec3e97-3f5c-4f74-93f5-95a3c1124793'),
 ('151', '348', '2', '1', 'en_us', '5', '', '{\"typeId\":\"2\",\"authorId\":\"1\",\"title\":\"Insights Entry\",\"slug\":\"test-blog-entry\",\"postDate\":1503354660,\"expiryDate\":null,\"enabled\":1,\"parentId\":null,\"fields\":{\"144\":\"\",\"146\":\"blue\",\"149\":\"\",\"147\":[\"246\"],\"148\":[\"350\"],\"103\":\"\",\"106\":\"\",\"105\":\"\",\"107\":\"website\",\"197\":{\"type\":\"\",\"entry\":\"\",\"customText\":\"\"},\"196\":\"\",\"198\":\"\",\"102\":\"\",\"104\":\"\",\"101\":\"\",\"155\":\"Insights Entry\"}}', '2017-09-12 23:47:33', '2017-09-12 23:47:33', '44f678d8-decf-4ed4-8980-0bb2f228bb29'),
 ('152', '290', '3', '1', 'en_us', '9', '', '{\"typeId\":\"3\",\"authorId\":\"1\",\"title\":\"Audiences\",\"slug\":\"audiences\",\"postDate\":1502311080,\"expiryDate\":null,\"enabled\":1,\"parentId\":\"\",\"fields\":{\"103\":\"\",\"106\":\"\",\"105\":\"\",\"89\":\"\",\"3\":\"\",\"107\":\"website\",\"197\":{\"type\":\"\",\"entry\":\"\",\"customText\":\"\"},\"196\":\"\",\"198\":\"\",\"102\":\"\",\"104\":\"\",\"101\":\"\",\"16\":\"1\",\"15\":\"purple\",\"155\":\"Audiences\",\"7\":\"audiences\"}}', '2017-09-12 23:48:12', '2017-09-12 23:48:12', 'd4316866-39b9-46ec-93d9-700150a0a828'),
 ('153', '314', '3', '1', 'en_us', '14', '', '{\"typeId\":\"3\",\"authorId\":\"1\",\"title\":\"Everything\",\"slug\":\"everything\",\"postDate\":1502402400,\"expiryDate\":null,\"enabled\":1,\"parentId\":\"\",\"fields\":{\"103\":\"\",\"106\":\"\",\"105\":\"\",\"89\":{\"315\":{\"type\":\"annotation\",\"enabled\":\"1\",\"fields\":{\"number\":\"1\",\"text_loc\":\"Cool annotation bro.\"}},\"316\":{\"type\":\"annotation\",\"enabled\":\"1\",\"fields\":{\"number\":\"2\",\"text_loc\":\"Great job annotating this.\"}}},\"3\":{\"317\":{\"modified\":\"1\",\"type\":\"newSection\",\"enabled\":\"1\",\"collapsed\":\"0\",\"level\":\"0\",\"fields\":{\"sectionTitle_loc\":\"Element Grids\",\"sectionBackgroundColor\":\"gray\"}},\"318\":{\"modified\":\"1\",\"type\":\"imageCardGrid\",\"enabled\":\"1\",\"collapsed\":\"0\",\"level\":\"1\",\"fields\":{\"imageCardRow\":{\"319\":{\"type\":\"imageCard\",\"enabled\":\"1\",\"fields\":{\"cardImage\":[\"460\"],\"headline_loc\":\"Card 1 Headline\",\"body_loc\":\"<p>Card 1 body text<\\/p>\"}},\"320\":{\"type\":\"imageCard\",\"enabled\":\"1\",\"fields\":{\"cardImage\":[\"461\"],\"headline_loc\":\"Card 2 Headline\",\"body_loc\":\"<p>Card 2 body text goes right here.<\\/p>\"}},\"321\":{\"type\":\"imageCard\",\"enabled\":\"1\",\"fields\":{\"cardImage\":[\"462\"],\"headline_loc\":\"Card 3 Headline\",\"body_loc\":\"<p>Card 3 body looks like this.<\\/p>\"}}},\"chillahTooltip\":\"\"}},\"322\":{\"modified\":\"1\",\"type\":\"logoGrid\",\"enabled\":\"1\",\"collapsed\":\"0\",\"level\":\"1\",\"fields\":{\"logos\":{\"323\":{\"type\":\"logo\",\"enabled\":\"1\",\"fields\":{\"image\":[\"463\"],\"imageAltText_loc\":\"Adjust logo\",\"imageLinkUrl\":\"https:\\/\\/forbusiness.snapchat.com\"}},\"324\":{\"type\":\"logo\",\"enabled\":\"1\",\"fields\":{\"image\":[\"464\"],\"imageAltText_loc\":\"Appsflyer logo\",\"imageLinkUrl\":\"https:\\/\\/forbusiness.snapchat.com\"}},\"325\":{\"type\":\"logo\",\"enabled\":\"1\",\"fields\":{\"image\":[\"465\"],\"imageAltText_loc\":\"Double Click logo\",\"imageLinkUrl\":\"https:\\/\\/forbusiness.snapchat.com\"}}}}},\"326\":{\"modified\":\"1\",\"type\":\"mobileDeviceGrid\",\"enabled\":\"1\",\"collapsed\":\"0\",\"level\":\"1\",\"fields\":{\"mobileDevices\":{\"327\":{\"type\":\"device\",\"enabled\":\"1\",\"fields\":{\"videoAssetMp4\":[\"381\"],\"videoAssetWebm\":\"\",\"posterImage\":\"\",\"headline_loc\":\"Device 1 headline\",\"subhead_loc\":\"<p>Quam diu etiam furor iste tuus nos eludet? Plura mihi bona sunt, inclinet, amari petere vellent.<\\/p>\"}},\"328\":{\"type\":\"device\",\"enabled\":\"1\",\"fields\":{\"videoAssetMp4\":[\"407\"],\"videoAssetWebm\":\"\",\"posterImage\":\"\",\"headline_loc\":\"Device 2 Headline\",\"subhead_loc\":\"<p>Quam diu etiam furor iste tuus nos eludet? Plura mihi bona sunt, inclinet, amari petere vellent.<\\/p>\"}},\"329\":{\"type\":\"device\",\"enabled\":\"1\",\"fields\":{\"videoAssetMp4\":[\"402\"],\"videoAssetWebm\":\"\",\"posterImage\":\"\",\"headline_loc\":\"Device 3 Headline\",\"subhead_loc\":\"<p>Quam diu etiam furor iste tuus nos eludet? Plura mihi bona sunt, inclinet, amari petere vellent.<\\/p>\"}}},\"chillahTooltip\":\"\"}},\"330\":{\"modified\":\"1\",\"type\":\"newSection\",\"enabled\":\"1\",\"collapsed\":\"0\",\"level\":\"0\",\"fields\":{\"sectionTitle_loc\":\"Text & Images\",\"sectionBackgroundColor\":\"white\"}},\"331\":{\"modified\":\"1\",\"type\":\"textLockup\",\"enabled\":\"1\",\"collapsed\":\"0\",\"level\":\"1\",\"fields\":{\"headline_loc\":\"Centered Text Lockup\",\"subhead_loc\":\"<p>Quam diu etiam furor iste tuus nos eludet? Plura mihi bona sunt, inclinet, amari petere vellent.<\\/p>\",\"ctaButtons\":{\"332\":{\"type\":\"primaryButton\",\"enabled\":\"1\",\"fields\":{\"button\":{\"type\":\"custom\",\"custom\":\"forbusiness.snapchat.com\",\"entry\":\"\",\"customText\":\"Primary Button Outlined\",\"target\":\"_blank\"},\"outline\":\"1\",\"buttonType\":\"normal\"}},\"334\":{\"type\":\"secondaryButton\",\"enabled\":\"1\",\"fields\":{\"button\":{\"type\":\"custom\",\"custom\":\"forbusiness.snapchat.com\",\"entry\":\"\",\"customText\":\"Secondary Button\",\"target\":\"_blank\"}}}}}},\"335\":{\"modified\":\"1\",\"type\":\"imageBesideText\",\"enabled\":\"1\",\"collapsed\":\"0\",\"level\":\"1\",\"fields\":{\"image\":\"\",\"imageLocation\":\"left\",\"headline_loc\":\"Image Beside Text\",\"paragraph_loc\":\"<p>Curabitur blandit tempus ardua ridiculus sed magna. Integer legentibus erat a ante historiarum dapibus. Vivamus sagittis lacus vel augue laoreet rutrum faucibus. Morbi fringilla convallis sapien, id pulvinar odio volutpat. Tu quoque, Brute, fili mi, nihil timor populi, nihil!<\\/p>\",\"primaryCta\":{\"type\":\"\",\"custom\":\"\",\"entry\":\"\",\"customText\":\"\",\"target\":\"\"},\"secondaryCta\":{\"type\":\"\",\"custom\":\"\",\"entry\":\"\",\"customText\":\"\",\"target\":\"\"}}},\"339\":{\"modified\":\"1\",\"type\":\"newSection\",\"enabled\":\"1\",\"collapsed\":\"0\",\"level\":\"0\",\"fields\":{\"sectionTitle_loc\":\"Images Alone\",\"sectionBackgroundColor\":\"gray\"}},\"340\":{\"modified\":\"1\",\"type\":\"centeredImage\",\"enabled\":\"1\",\"collapsed\":\"0\",\"level\":\"1\",\"fields\":{\"image\":\"\",\"imageAltText_loc\":\"Centered Image with round corners\",\"assetWidth\":\"normal\",\"roundedCorners\":\"1\",\"mobileImage\":\"\"}},\"343\":{\"modified\":\"1\",\"type\":\"centeredImage\",\"enabled\":\"1\",\"collapsed\":\"0\",\"level\":\"1\",\"fields\":{\"image\":\"\",\"imageAltText_loc\":\"Wide centered image\",\"assetWidth\":\"wide\",\"roundedCorners\":\"\",\"mobileImage\":\"\"}},\"341\":{\"modified\":\"1\",\"type\":\"centeredImage\",\"enabled\":\"1\",\"collapsed\":\"0\",\"level\":\"1\",\"fields\":{\"image\":\"\",\"imageAltText_loc\":\"Full centered image\",\"assetWidth\":\"full\",\"roundedCorners\":\"\",\"mobileImage\":\"\"}},\"426\":{\"modified\":\"1\",\"type\":\"newSection\",\"enabled\":\"1\",\"collapsed\":\"0\",\"level\":\"0\",\"fields\":{\"sectionTitle_loc\":\"Video stuff\",\"sectionBackgroundColor\":\"gray\"}},\"427\":{\"modified\":\"1\",\"type\":\"centeredVideo\",\"enabled\":\"1\",\"collapsed\":\"0\",\"level\":\"1\",\"fields\":{\"horizontalVideoMp4\":[\"394\"],\"horizontalVideoWebm\":\"\",\"horizontalPosterImage\":\"\",\"verticalVideoMp4\":[\"374\"],\"verticalVideoWebm\":\"\",\"verticalPosterImage\":\"\",\"videoControls\":\"1\",\"roundedCorners\":\"1\",\"autoplay\":\"\"}},\"428\":{\"modified\":\"1\",\"type\":\"newSection\",\"enabled\":\"1\",\"collapsed\":\"0\",\"level\":\"0\",\"fields\":{\"sectionTitle_loc\":\"Side by side\",\"sectionBackgroundColor\":\"white\"}},\"429\":{\"modified\":\"1\",\"type\":\"imageBesideText\",\"enabled\":\"1\",\"collapsed\":\"0\",\"level\":\"1\",\"fields\":{\"image\":\"\",\"imageLocation\":\"left\",\"headline_loc\":\"Image left of text\",\"paragraph_loc\":\"<p>Gallia est omnis divisa in partes tres, quarum. Contra legem facit qui id facit quod lex prohibet. Tu quoque, Brute, fili mi, nihil timor populi, nihil! Nec dubitamus multa iter quae et nos invenerat. Nihil hic munitissimus habendi senatus locus, nihil horum? Idque Caesaris facere voluntate liceret: sese habere.<\\/p>\",\"primaryCta\":{\"type\":\"\",\"custom\":\"\",\"entry\":\"\",\"customText\":\"\",\"target\":\"\"},\"secondaryCta\":{\"type\":\"\",\"custom\":\"\",\"entry\":\"\",\"customText\":\"\",\"target\":\"\"}}},\"431\":{\"modified\":\"1\",\"type\":\"imageBesideText\",\"enabled\":\"1\",\"collapsed\":\"0\",\"level\":\"1\",\"fields\":{\"image\":\"\",\"imageLocation\":\"right\",\"headline_loc\":\"Image to the RIGHT of text\",\"paragraph_loc\":\"<p>Gallia est omnis divisa in partes tres, quarum. Contra legem facit qui id facit quod lex prohibet. Tu quoque, Brute, fili mi, nihil timor populi, nihil! Nec dubitamus multa iter quae et nos invenerat. Nihil hic munitissimus habendi senatus locus, nihil horum? Idque Caesaris facere voluntate liceret: sese habere.<\\/p>\",\"primaryCta\":{\"type\":\"\",\"custom\":\"\",\"entry\":\"\",\"customText\":\"\",\"target\":\"\"},\"secondaryCta\":{\"type\":\"\",\"custom\":\"\",\"entry\":\"\",\"customText\":\"\",\"target\":\"\"}}},\"433\":{\"modified\":\"1\",\"type\":\"videoBesideText\",\"enabled\":\"1\",\"collapsed\":\"0\",\"level\":\"1\",\"fields\":{\"video\":{\"434\":{\"type\":\"videoAttributes\",\"enabled\":\"1\",\"fields\":{\"videoFileMp4\":[\"392\"],\"videoFileWebm\":\"\",\"posterImage\":\"\"}}},\"desktopVideoLocation\":\"left\",\"headline_loc\":\"Video to the left of this text\",\"paragraph_loc\":\"<p>Gallia est omnis divisa in partes tres, quarum. Contra legem facit qui id facit quod lex prohibet. Tu quoque, Brute, fili mi, nihil timor populi, nihil! Nec dubitamus multa iter quae et nos invenerat. Nihil hic munitissimus habendi senatus locus, nihil horum? Idque Caesaris facere voluntate liceret: sese habere.<\\/p>\",\"primaryCta\":{\"type\":\"\",\"custom\":\"\",\"entry\":\"\",\"customText\":\"\",\"target\":\"\"},\"secondaryCta\":{\"type\":\"\",\"custom\":\"\",\"entry\":\"\",\"customText\":\"\",\"target\":\"\"}}}},\"107\":\"website\",\"197\":{\"type\":\"\",\"entry\":\"\",\"customText\":\"\"},\"196\":\"\",\"198\":\"\",\"102\":\"\",\"104\":\"\",\"101\":\"\",\"16\":\"1\",\"15\":\"red\",\"155\":\"Everything\",\"7\":\"everything\"}}', '2017-09-12 23:59:47', '2017-09-12 23:59:47', '18192b71-92c5-46f6-8ae0-61ef58966399'),
 ('154', '314', '3', '1', 'en_us', '15', '', '{\"typeId\":\"3\",\"authorId\":\"1\",\"title\":\"Everything\",\"slug\":\"everything\",\"postDate\":1502402400,\"expiryDate\":null,\"enabled\":1,\"parentId\":\"\",\"fields\":{\"103\":\"\",\"106\":\"\",\"105\":\"\",\"89\":{\"315\":{\"type\":\"annotation\",\"enabled\":\"1\",\"fields\":{\"number\":\"1\",\"text_loc\":\"Cool annotation bro.\"}},\"316\":{\"type\":\"annotation\",\"enabled\":\"1\",\"fields\":{\"number\":\"2\",\"text_loc\":\"Great job annotating this.\"}}},\"3\":{\"317\":{\"modified\":\"1\",\"type\":\"newSection\",\"enabled\":\"1\",\"collapsed\":\"0\",\"level\":\"0\",\"fields\":{\"sectionTitle_loc\":\"Element Grids\",\"sectionBackgroundColor\":\"gray\"}},\"318\":{\"modified\":\"1\",\"type\":\"imageCardGrid\",\"enabled\":\"1\",\"collapsed\":\"0\",\"level\":\"1\",\"fields\":{\"imageCardRow\":{\"319\":{\"type\":\"imageCard\",\"enabled\":\"1\",\"fields\":{\"cardImage\":[\"460\"],\"headline_loc\":\"Card 1 Headline\",\"body_loc\":\"<p>Card 1 body text<\\/p>\"}},\"320\":{\"type\":\"imageCard\",\"enabled\":\"1\",\"fields\":{\"cardImage\":[\"461\"],\"headline_loc\":\"Card 2 Headline\",\"body_loc\":\"<p>Card 2 body text goes right here.<\\/p>\"}},\"321\":{\"type\":\"imageCard\",\"enabled\":\"1\",\"fields\":{\"cardImage\":[\"462\"],\"headline_loc\":\"Card 3 Headline\",\"body_loc\":\"<p>Card 3 body looks like this.<\\/p>\"}}},\"chillahTooltip\":\"\"}},\"322\":{\"modified\":\"1\",\"type\":\"logoGrid\",\"enabled\":\"1\",\"collapsed\":\"0\",\"level\":\"1\",\"fields\":{\"logos\":{\"323\":{\"type\":\"logo\",\"enabled\":\"1\",\"fields\":{\"image\":[\"463\"],\"imageAltText_loc\":\"Adjust logo\",\"imageLinkUrl\":\"https:\\/\\/forbusiness.snapchat.com\"}},\"324\":{\"type\":\"logo\",\"enabled\":\"1\",\"fields\":{\"image\":[\"464\"],\"imageAltText_loc\":\"Appsflyer logo\",\"imageLinkUrl\":\"https:\\/\\/forbusiness.snapchat.com\"}},\"325\":{\"type\":\"logo\",\"enabled\":\"1\",\"fields\":{\"image\":[\"465\"],\"imageAltText_loc\":\"Double Click logo\",\"imageLinkUrl\":\"https:\\/\\/forbusiness.snapchat.com\"}}}}},\"326\":{\"modified\":\"1\",\"type\":\"mobileDeviceGrid\",\"enabled\":\"1\",\"collapsed\":\"0\",\"level\":\"1\",\"fields\":{\"mobileDevices\":{\"327\":{\"type\":\"device\",\"enabled\":\"1\",\"fields\":{\"videoAssetMp4\":[\"381\"],\"videoAssetWebm\":\"\",\"posterImage\":\"\",\"headline_loc\":\"Device 1 headline\",\"subhead_loc\":\"<p>Quam diu etiam furor iste tuus nos eludet? Plura mihi bona sunt, inclinet, amari petere vellent.<\\/p>\"}},\"328\":{\"type\":\"device\",\"enabled\":\"1\",\"fields\":{\"videoAssetMp4\":[\"407\"],\"videoAssetWebm\":\"\",\"posterImage\":\"\",\"headline_loc\":\"Device 2 Headline\",\"subhead_loc\":\"<p>Quam diu etiam furor iste tuus nos eludet? Plura mihi bona sunt, inclinet, amari petere vellent.<\\/p>\"}},\"329\":{\"type\":\"device\",\"enabled\":\"1\",\"fields\":{\"videoAssetMp4\":[\"402\"],\"videoAssetWebm\":\"\",\"posterImage\":\"\",\"headline_loc\":\"Device 3 Headline\",\"subhead_loc\":\"<p>Quam diu etiam furor iste tuus nos eludet? Plura mihi bona sunt, inclinet, amari petere vellent.<\\/p>\"}}},\"chillahTooltip\":\"\"}},\"330\":{\"modified\":\"1\",\"type\":\"newSection\",\"enabled\":\"1\",\"collapsed\":\"0\",\"level\":\"0\",\"fields\":{\"sectionTitle_loc\":\"Text & Images\",\"sectionBackgroundColor\":\"white\"}},\"331\":{\"modified\":\"1\",\"type\":\"textLockup\",\"enabled\":\"1\",\"collapsed\":\"0\",\"level\":\"1\",\"fields\":{\"headline_loc\":\"Centered Text Lockup\",\"subhead_loc\":\"<p>Quam diu etiam furor iste tuus nos eludet? Plura mihi bona sunt, inclinet, amari petere vellent.<\\/p>\",\"ctaButtons\":{\"332\":{\"type\":\"primaryButton\",\"enabled\":\"1\",\"fields\":{\"button\":{\"type\":\"custom\",\"custom\":\"forbusiness.snapchat.com\",\"entry\":\"\",\"customText\":\"Primary Button Outlined\",\"target\":\"_blank\"},\"outline\":\"1\",\"buttonType\":\"normal\"}},\"334\":{\"type\":\"secondaryButton\",\"enabled\":\"1\",\"fields\":{\"button\":{\"type\":\"custom\",\"custom\":\"forbusiness.snapchat.com\",\"entry\":\"\",\"customText\":\"Secondary Button\",\"target\":\"_blank\"}}}}}},\"335\":{\"modified\":\"1\",\"type\":\"imageBesideText\",\"enabled\":\"1\",\"collapsed\":\"0\",\"level\":\"1\",\"fields\":{\"image\":\"\",\"imageLocation\":\"left\",\"headline_loc\":\"Image Beside Text\",\"paragraph_loc\":\"<p>Curabitur blandit tempus ardua ridiculus sed magna. Integer legentibus erat a ante historiarum dapibus. Vivamus sagittis lacus vel augue laoreet rutrum faucibus. Morbi fringilla convallis sapien, id pulvinar odio volutpat. Tu quoque, Brute, fili mi, nihil timor populi, nihil!<\\/p>\",\"primaryCta\":{\"type\":\"\",\"custom\":\"\",\"entry\":\"\",\"customText\":\"\",\"target\":\"\"},\"secondaryCta\":{\"type\":\"\",\"custom\":\"\",\"entry\":\"\",\"customText\":\"\",\"target\":\"\"}}},\"339\":{\"modified\":\"1\",\"type\":\"newSection\",\"enabled\":\"1\",\"collapsed\":\"0\",\"level\":\"0\",\"fields\":{\"sectionTitle_loc\":\"Images Alone\",\"sectionBackgroundColor\":\"gray\"}},\"340\":{\"modified\":\"1\",\"type\":\"centeredImage\",\"enabled\":\"1\",\"collapsed\":\"0\",\"level\":\"1\",\"fields\":{\"image\":\"\",\"imageAltText_loc\":\"Centered Image with round corners\",\"assetWidth\":\"normal\",\"roundedCorners\":\"1\",\"mobileImage\":\"\"}},\"343\":{\"modified\":\"1\",\"type\":\"centeredImage\",\"enabled\":\"1\",\"collapsed\":\"0\",\"level\":\"1\",\"fields\":{\"image\":\"\",\"imageAltText_loc\":\"Wide centered image\",\"assetWidth\":\"wide\",\"roundedCorners\":\"\",\"mobileImage\":\"\"}},\"341\":{\"modified\":\"1\",\"type\":\"centeredImage\",\"enabled\":\"1\",\"collapsed\":\"0\",\"level\":\"1\",\"fields\":{\"image\":\"\",\"imageAltText_loc\":\"Full centered image\",\"assetWidth\":\"full\",\"roundedCorners\":\"\",\"mobileImage\":\"\"}},\"426\":{\"modified\":\"1\",\"type\":\"newSection\",\"enabled\":\"1\",\"collapsed\":\"0\",\"level\":\"0\",\"fields\":{\"sectionTitle_loc\":\"Video stuff\",\"sectionBackgroundColor\":\"gray\"}},\"427\":{\"modified\":\"1\",\"type\":\"centeredVideo\",\"enabled\":\"1\",\"collapsed\":\"0\",\"level\":\"1\",\"fields\":{\"horizontalVideoMp4\":[\"394\"],\"horizontalVideoWebm\":\"\",\"horizontalPosterImage\":\"\",\"verticalVideoMp4\":[\"374\"],\"verticalVideoWebm\":\"\",\"verticalPosterImage\":\"\",\"videoControls\":\"1\",\"roundedCorners\":\"1\",\"autoplay\":\"\"}},\"428\":{\"modified\":\"1\",\"type\":\"newSection\",\"enabled\":\"1\",\"collapsed\":\"0\",\"level\":\"0\",\"fields\":{\"sectionTitle_loc\":\"Side by side\",\"sectionBackgroundColor\":\"white\"}},\"429\":{\"modified\":\"1\",\"type\":\"imageBesideText\",\"enabled\":\"1\",\"collapsed\":\"0\",\"level\":\"1\",\"fields\":{\"image\":\"\",\"imageLocation\":\"left\",\"headline_loc\":\"Image left of text\",\"paragraph_loc\":\"<p>Gallia est omnis divisa in partes tres, quarum. Contra legem facit qui id facit quod lex prohibet. Tu quoque, Brute, fili mi, nihil timor populi, nihil! Nec dubitamus multa iter quae et nos invenerat. Nihil hic munitissimus habendi senatus locus, nihil horum? Idque Caesaris facere voluntate liceret: sese habere.<\\/p>\",\"primaryCta\":{\"type\":\"\",\"custom\":\"\",\"entry\":\"\",\"customText\":\"\",\"target\":\"\"},\"secondaryCta\":{\"type\":\"\",\"custom\":\"\",\"entry\":\"\",\"customText\":\"\",\"target\":\"\"}}},\"431\":{\"modified\":\"1\",\"type\":\"imageBesideText\",\"enabled\":\"1\",\"collapsed\":\"0\",\"level\":\"1\",\"fields\":{\"image\":\"\",\"imageLocation\":\"right\",\"headline_loc\":\"Image to the RIGHT of text\",\"paragraph_loc\":\"<p>Gallia est omnis divisa in partes tres, quarum. Contra legem facit qui id facit quod lex prohibet. Tu quoque, Brute, fili mi, nihil timor populi, nihil! Nec dubitamus multa iter quae et nos invenerat. Nihil hic munitissimus habendi senatus locus, nihil horum? Idque Caesaris facere voluntate liceret: sese habere.<\\/p>\",\"primaryCta\":{\"type\":\"\",\"custom\":\"\",\"entry\":\"\",\"customText\":\"\",\"target\":\"\"},\"secondaryCta\":{\"type\":\"\",\"custom\":\"\",\"entry\":\"\",\"customText\":\"\",\"target\":\"\"}}},\"433\":{\"modified\":\"1\",\"type\":\"videoBesideText\",\"enabled\":\"1\",\"collapsed\":\"0\",\"level\":\"1\",\"fields\":{\"video\":{\"434\":{\"type\":\"videoAttributes\",\"enabled\":\"1\",\"fields\":{\"videoFileMp4\":[\"392\"],\"videoFileWebm\":\"\",\"posterImage\":\"\"}}},\"desktopVideoLocation\":\"left\",\"headline_loc\":\"Video to the left of this text\",\"paragraph_loc\":\"<p>Gallia est omnis divisa in partes tres, quarum. Contra legem facit qui id facit quod lex prohibet. Tu quoque, Brute, fili mi, nihil timor populi, nihil! Nec dubitamus multa iter quae et nos invenerat. Nihil hic munitissimus habendi senatus locus, nihil horum? Idque Caesaris facere voluntate liceret: sese habere.<\\/p>\",\"primaryCta\":{\"type\":\"\",\"custom\":\"\",\"entry\":\"\",\"customText\":\"\",\"target\":\"\"},\"secondaryCta\":{\"type\":\"\",\"custom\":\"\",\"entry\":\"\",\"customText\":\"\",\"target\":\"\"}}}},\"107\":\"website\",\"197\":{\"type\":\"\",\"entry\":\"\",\"customText\":\"\"},\"196\":\"\",\"198\":\"\",\"102\":\"\",\"104\":\"\",\"101\":\"\",\"16\":\"1\",\"15\":\"red\",\"155\":\"Everything\",\"7\":\"everything\"}}', '2017-09-13 00:17:50', '2017-09-13 00:17:50', 'c88dde9e-89d4-4a7f-a357-ac2835191270'),
 ('155', '314', '3', '1', 'en_us', '16', '', '{\"typeId\":\"3\",\"authorId\":\"1\",\"title\":\"Everything\",\"slug\":\"everything\",\"postDate\":1502402400,\"expiryDate\":null,\"enabled\":1,\"parentId\":\"\",\"fields\":{\"103\":\"\",\"106\":\"\",\"105\":\"\",\"89\":{\"315\":{\"type\":\"annotation\",\"enabled\":\"1\",\"fields\":{\"number\":\"1\",\"text_loc\":\"Cool annotation bro.\"}},\"316\":{\"type\":\"annotation\",\"enabled\":\"1\",\"fields\":{\"number\":\"2\",\"text_loc\":\"Great job annotating this.\"}}},\"3\":{\"317\":{\"modified\":\"1\",\"type\":\"newSection\",\"enabled\":\"1\",\"collapsed\":\"0\",\"level\":\"0\",\"fields\":{\"sectionTitle_loc\":\"Element Grids\",\"sectionBackgroundColor\":\"gray\"}},\"318\":{\"modified\":\"1\",\"type\":\"imageCardGrid\",\"enabled\":\"1\",\"collapsed\":\"0\",\"level\":\"1\",\"fields\":{\"imageCardRow\":{\"319\":{\"type\":\"imageCard\",\"enabled\":\"1\",\"fields\":{\"cardImage\":[\"460\"],\"headline_loc\":\"Card 1 Headline\",\"body_loc\":\"<p>Card 1 body text<\\/p>\"}},\"320\":{\"type\":\"imageCard\",\"enabled\":\"1\",\"fields\":{\"cardImage\":[\"461\"],\"headline_loc\":\"Card 2 Headline\",\"body_loc\":\"<p>Card 2 body text goes right here.<\\/p>\"}},\"321\":{\"type\":\"imageCard\",\"enabled\":\"1\",\"fields\":{\"cardImage\":[\"462\"],\"headline_loc\":\"Card 3 Headline\",\"body_loc\":\"<p>Card 3 body looks like this.<\\/p>\"}}},\"chillahTooltip\":\"\"}},\"322\":{\"modified\":\"1\",\"type\":\"logoGrid\",\"enabled\":\"1\",\"collapsed\":\"0\",\"level\":\"1\",\"fields\":{\"logos\":{\"323\":{\"type\":\"logo\",\"enabled\":\"1\",\"fields\":{\"image\":[\"463\"],\"imageAltText_loc\":\"Adjust logo\",\"imageLinkUrl\":\"https:\\/\\/forbusiness.snapchat.com\"}},\"324\":{\"type\":\"logo\",\"enabled\":\"1\",\"fields\":{\"image\":[\"464\"],\"imageAltText_loc\":\"Appsflyer logo\",\"imageLinkUrl\":\"https:\\/\\/forbusiness.snapchat.com\"}},\"325\":{\"type\":\"logo\",\"enabled\":\"1\",\"fields\":{\"image\":[\"465\"],\"imageAltText_loc\":\"Double Click logo\",\"imageLinkUrl\":\"https:\\/\\/forbusiness.snapchat.com\"}}}}},\"326\":{\"modified\":\"1\",\"type\":\"mobileDeviceGrid\",\"enabled\":\"1\",\"collapsed\":\"0\",\"level\":\"1\",\"fields\":{\"mobileDevices\":{\"327\":{\"type\":\"device\",\"enabled\":\"1\",\"fields\":{\"videoAssetMp4\":[\"381\"],\"videoAssetWebm\":\"\",\"posterImage\":\"\",\"headline_loc\":\"Device 1 headline\",\"subhead_loc\":\"<p>Quam diu etiam furor iste tuus nos eludet? Plura mihi bona sunt, inclinet, amari petere vellent.<\\/p>\"}},\"328\":{\"type\":\"device\",\"enabled\":\"1\",\"fields\":{\"videoAssetMp4\":[\"407\"],\"videoAssetWebm\":\"\",\"posterImage\":\"\",\"headline_loc\":\"Device 2 Headline\",\"subhead_loc\":\"<p>Quam diu etiam furor iste tuus nos eludet? Plura mihi bona sunt, inclinet, amari petere vellent.<\\/p>\"}},\"329\":{\"type\":\"device\",\"enabled\":\"1\",\"fields\":{\"videoAssetMp4\":[\"402\"],\"videoAssetWebm\":\"\",\"posterImage\":\"\",\"headline_loc\":\"Device 3 Headline\",\"subhead_loc\":\"<p>Quam diu etiam furor iste tuus nos eludet? Plura mihi bona sunt, inclinet, amari petere vellent.<\\/p>\"}}},\"chillahTooltip\":\"\"}},\"330\":{\"modified\":\"1\",\"type\":\"newSection\",\"enabled\":\"1\",\"collapsed\":\"0\",\"level\":\"0\",\"fields\":{\"sectionTitle_loc\":\"Text & Images\",\"sectionBackgroundColor\":\"white\"}},\"331\":{\"modified\":\"1\",\"type\":\"textLockup\",\"enabled\":\"1\",\"collapsed\":\"0\",\"level\":\"1\",\"fields\":{\"headline_loc\":\"Centered Text Lockup\",\"subhead_loc\":\"<p>Quam diu etiam furor iste tuus nos eludet? Plura mihi bona sunt, inclinet, amari petere vellent.<\\/p>\",\"ctaButtons\":{\"332\":{\"type\":\"primaryButton\",\"enabled\":\"1\",\"fields\":{\"button\":{\"type\":\"custom\",\"custom\":\"forbusiness.snapchat.com\",\"entry\":\"\",\"customText\":\"Primary Button Outlined\",\"target\":\"_blank\"},\"outline\":\"1\",\"buttonType\":\"normal\"}},\"334\":{\"type\":\"secondaryButton\",\"enabled\":\"1\",\"fields\":{\"button\":{\"type\":\"custom\",\"custom\":\"forbusiness.snapchat.com\",\"entry\":\"\",\"customText\":\"Secondary Button\",\"target\":\"_blank\"}}}}}},\"335\":{\"modified\":\"1\",\"type\":\"imageBesideText\",\"enabled\":\"1\",\"collapsed\":\"0\",\"level\":\"1\",\"fields\":{\"image\":\"\",\"imageLocation\":\"left\",\"headline_loc\":\"Image Beside Text\",\"paragraph_loc\":\"<p>Curabitur blandit tempus ardua ridiculus sed magna. Integer legentibus erat a ante historiarum dapibus. Vivamus sagittis lacus vel augue laoreet rutrum faucibus. Morbi fringilla convallis sapien, id pulvinar odio volutpat. Tu quoque, Brute, fili mi, nihil timor populi, nihil!<\\/p>\",\"primaryCta\":{\"type\":\"\",\"custom\":\"\",\"entry\":\"\",\"customText\":\"\",\"target\":\"\"},\"secondaryCta\":{\"type\":\"\",\"custom\":\"\",\"entry\":\"\",\"customText\":\"\",\"target\":\"\"}}},\"339\":{\"modified\":\"1\",\"type\":\"newSection\",\"enabled\":\"1\",\"collapsed\":\"0\",\"level\":\"0\",\"fields\":{\"sectionTitle_loc\":\"Images Alone\",\"sectionBackgroundColor\":\"gray\"}},\"340\":{\"modified\":\"1\",\"type\":\"centeredImage\",\"enabled\":\"1\",\"collapsed\":\"0\",\"level\":\"1\",\"fields\":{\"image\":\"\",\"imageAltText_loc\":\"Centered Image with round corners\",\"assetWidth\":\"normal\",\"roundedCorners\":\"1\",\"mobileImage\":\"\"}},\"343\":{\"modified\":\"1\",\"type\":\"centeredImage\",\"enabled\":\"1\",\"collapsed\":\"0\",\"level\":\"1\",\"fields\":{\"image\":\"\",\"imageAltText_loc\":\"Wide centered image\",\"assetWidth\":\"wide\",\"roundedCorners\":\"\",\"mobileImage\":\"\"}},\"341\":{\"modified\":\"1\",\"type\":\"centeredImage\",\"enabled\":\"1\",\"collapsed\":\"0\",\"level\":\"1\",\"fields\":{\"image\":\"\",\"imageAltText_loc\":\"Full centered image\",\"assetWidth\":\"full\",\"roundedCorners\":\"\",\"mobileImage\":\"\"}},\"426\":{\"modified\":\"1\",\"type\":\"newSection\",\"enabled\":\"1\",\"collapsed\":\"0\",\"level\":\"0\",\"fields\":{\"sectionTitle_loc\":\"Video stuff\",\"sectionBackgroundColor\":\"gray\"}},\"427\":{\"modified\":\"1\",\"type\":\"centeredVideo\",\"enabled\":\"1\",\"collapsed\":\"0\",\"level\":\"1\",\"fields\":{\"horizontalVideoMp4\":[\"394\"],\"horizontalVideoWebm\":\"\",\"horizontalPosterImage\":\"\",\"verticalVideoMp4\":[\"374\"],\"verticalVideoWebm\":\"\",\"verticalPosterImage\":\"\",\"videoControls\":\"1\",\"roundedCorners\":\"1\",\"autoplay\":\"\"}},\"428\":{\"modified\":\"1\",\"type\":\"newSection\",\"enabled\":\"1\",\"collapsed\":\"0\",\"level\":\"0\",\"fields\":{\"sectionTitle_loc\":\"Side by side\",\"sectionBackgroundColor\":\"white\"}},\"429\":{\"modified\":\"1\",\"type\":\"imageBesideText\",\"enabled\":\"1\",\"collapsed\":\"0\",\"level\":\"1\",\"fields\":{\"image\":\"\",\"imageLocation\":\"left\",\"headline_loc\":\"Image left of text\",\"paragraph_loc\":\"<p>Gallia est omnis divisa in partes tres, quarum. Contra legem facit qui id facit quod lex prohibet. Tu quoque, Brute, fili mi, nihil timor populi, nihil! Nec dubitamus multa iter quae et nos invenerat. Nihil hic munitissimus habendi senatus locus, nihil horum? Idque Caesaris facere voluntate liceret: sese habere.<\\/p>\",\"primaryCta\":{\"type\":\"\",\"custom\":\"\",\"entry\":\"\",\"customText\":\"\",\"target\":\"\"},\"secondaryCta\":{\"type\":\"\",\"custom\":\"\",\"entry\":\"\",\"customText\":\"\",\"target\":\"\"}}},\"431\":{\"modified\":\"1\",\"type\":\"imageBesideText\",\"enabled\":\"1\",\"collapsed\":\"0\",\"level\":\"1\",\"fields\":{\"image\":\"\",\"imageLocation\":\"right\",\"headline_loc\":\"Image to the RIGHT of text\",\"paragraph_loc\":\"<p>Gallia est omnis divisa in partes tres, quarum. Contra legem facit qui id facit quod lex prohibet. Tu quoque, Brute, fili mi, nihil timor populi, nihil! Nec dubitamus multa iter quae et nos invenerat. Nihil hic munitissimus habendi senatus locus, nihil horum? Idque Caesaris facere voluntate liceret: sese habere.<\\/p>\",\"primaryCta\":{\"type\":\"\",\"custom\":\"\",\"entry\":\"\",\"customText\":\"\",\"target\":\"\"},\"secondaryCta\":{\"type\":\"\",\"custom\":\"\",\"entry\":\"\",\"customText\":\"\",\"target\":\"\"}}},\"433\":{\"modified\":\"1\",\"type\":\"videoBesideText\",\"enabled\":\"1\",\"collapsed\":\"0\",\"level\":\"1\",\"fields\":{\"video\":{\"434\":{\"type\":\"videoAttributes\",\"enabled\":\"1\",\"fields\":{\"videoFileMp4\":[\"392\"],\"videoFileWebm\":\"\",\"posterImage\":\"\"}}},\"desktopVideoLocation\":\"left\",\"headline_loc\":\"Video to the left of this text\",\"paragraph_loc\":\"<p>Gallia est omnis divisa in partes tres, quarum. Contra legem facit qui id facit quod lex prohibet. Tu quoque, Brute, fili mi, nihil timor populi, nihil! Nec dubitamus multa iter quae et nos invenerat. Nihil hic munitissimus habendi senatus locus, nihil horum? Idque Caesaris facere voluntate liceret: sese habere.<\\/p>\",\"primaryCta\":{\"type\":\"\",\"custom\":\"\",\"entry\":\"\",\"customText\":\"\",\"target\":\"\"},\"secondaryCta\":{\"type\":\"\",\"custom\":\"\",\"entry\":\"\",\"customText\":\"\",\"target\":\"\"}}}},\"107\":\"website\",\"197\":{\"type\":\"\",\"entry\":\"\",\"customText\":\"\"},\"196\":\"\",\"198\":\"\",\"102\":\"\",\"104\":\"\",\"101\":\"\",\"16\":\"1\",\"15\":\"red\",\"155\":\"Everything\",\"7\":\"everything\"}}', '2017-09-13 00:19:19', '2017-09-13 00:19:19', '917661dc-e814-4aaa-a5d1-5304945fe89c'),
 ('156', '270', '9', '1', 'en_us', '10', '', '{\"typeId\":\"9\",\"authorId\":null,\"title\":\"Home\",\"slug\":\"home\",\"postDate\":1504214597,\"expiryDate\":null,\"enabled\":1,\"parentId\":null,\"fields\":{\"112\":{\"442\":{\"type\":\"hero\",\"enabled\":\"1\",\"fields\":{\"headline_loc\":\"Snapchat. It\'s your business \\u2014 on mobile.\",\"button\":{\"type\":\"entry\",\"custom\":\"snapchat.com\",\"entry\":[\"292\"],\"customText\":\"Get Started\",\"target\":\"\"},\"buttonOutline\":\"\",\"sectionTitle_loc\":\"Intro\"}}},\"103\":\"\",\"106\":\"\",\"105\":\"\",\"89\":\"\",\"3\":{\"new0\":{\"modified\":\"1\",\"type\":\"newSection\",\"enabled\":\"1\",\"collapsed\":\"0\",\"level\":\"0\",\"fields\":{\"sectionTitle_loc\":\"Audiences\",\"sectionBackgroundColor\":\"gray\"}},\"new1\":{\"modified\":\"1\",\"type\":\"imageCardGrid\",\"enabled\":\"1\",\"collapsed\":\"0\",\"level\":\"1\",\"fields\":{\"imageCardRow\":{\"new1\":{\"type\":\"imageCard\",\"enabled\":\"1\",\"fields\":{\"cardImage\":\"\",\"headline_loc\":\"\",\"body_loc\":\"\"}},\"new2\":{\"type\":\"imageCard\",\"enabled\":\"1\",\"fields\":{\"cardImage\":\"\",\"headline_loc\":\"\",\"body_loc\":\"\"}},\"new3\":{\"type\":\"imageCard\",\"enabled\":\"1\",\"fields\":{\"cardImage\":\"\",\"headline_loc\":\"\",\"body_loc\":\"\"}}},\"chillahTooltip\":\"\"}}},\"107\":\"website\",\"197\":{\"type\":\"\",\"entry\":\"\",\"customText\":\"\"},\"196\":\"\",\"198\":\"\",\"102\":\"\",\"104\":\"\",\"101\":\"\",\"16\":\"1\",\"15\":\"yellow\"}}', '2017-09-13 17:13:58', '2017-09-13 17:13:58', '5410af06-e307-42be-a865-d4a37fe30c8a'),
 ('157', '270', '9', '1', 'en_us', '11', '', '{\"typeId\":\"9\",\"authorId\":null,\"title\":\"Home\",\"slug\":\"home\",\"postDate\":1504214597,\"expiryDate\":null,\"enabled\":1,\"parentId\":null,\"fields\":{\"112\":{\"442\":{\"type\":\"hero\",\"enabled\":\"1\",\"fields\":{\"headline_loc\":\"Snapchat. It\'s your business \\u2014 on mobile.\",\"button\":{\"type\":\"entry\",\"custom\":\"\",\"entry\":[\"292\"],\"customText\":\"Get Started\",\"target\":\"\"},\"buttonOutline\":\"\",\"sectionTitle_loc\":\"Intro\"}}},\"103\":\"\",\"106\":\"\",\"105\":\"\",\"89\":\"\",\"3\":{\"468\":{\"modified\":\"1\",\"type\":\"newSection\",\"enabled\":\"1\",\"collapsed\":\"0\",\"level\":\"0\",\"fields\":{\"sectionTitle_loc\":\"Audiences\",\"sectionBackgroundColor\":\"gray\"}},\"469\":{\"modified\":\"1\",\"type\":\"imageCardGrid\",\"enabled\":\"1\",\"collapsed\":\"0\",\"level\":\"1\",\"fields\":{\"showCards\":\"1\",\"imageCardRow\":{\"470\":{\"type\":\"imageCard\",\"enabled\":\"1\",\"fields\":{\"cardImage\":[\"460\"],\"headline_loc\":\"\",\"body_loc\":\"<p>Average daily active Snapchatters globally<sup>1<\\/sup><\\/p>\"}},\"471\":{\"type\":\"imageCard\",\"enabled\":\"1\",\"fields\":{\"cardImage\":[\"461\"],\"headline_loc\":\"\",\"body_loc\":\"<p>Average number of times daily active Snapchatters open the app each day<sup>2<\\/sup><\\/p>\"}},\"472\":{\"type\":\"imageCard\",\"enabled\":\"1\",\"fields\":{\"cardImage\":[\"462\"],\"headline_loc\":\"\",\"body_loc\":\"<p>Average minutes spent in the app each day by daily active Snapchatters<sup>2<\\/sup><\\/p>\"}},\"new1\":{\"type\":\"imageCard\",\"enabled\":\"1\",\"fields\":{\"cardImage\":[\"460\"],\"headline_loc\":\"\",\"body_loc\":\"<p>Average percentage of daily active Snapchatters who create with our camera every day<sup>1<\\/sup><\\/p>\"}}},\"chillahTooltip\":\"\"}},\"new0\":{\"modified\":\"1\",\"type\":\"newSection\",\"enabled\":\"1\",\"collapsed\":\"0\",\"level\":\"0\",\"fields\":{\"sectionTitle_loc\":\"Ad Products\",\"sectionBackgroundColor\":\"white\"}},\"new1\":{\"modified\":\"1\",\"type\":\"deviceTabs\",\"enabled\":\"1\",\"collapsed\":\"0\",\"level\":\"1\",\"fields\":{\"deviceTab\":{\"new1\":{\"type\":\"tab\",\"enabled\":\"1\",\"fields\":{\"deviceVideo\":\"\",\"deviceImage\":\"\",\"tabImage\":\"\",\"tabLabel_loc\":\"\",\"descriptionTitle_loc\":\"\",\"description_loc\":\"\",\"primaryCta\":{\"type\":\"\",\"custom\":\"\",\"entry\":\"\",\"customText\":\"\",\"target\":\"\"},\"secondaryLink\":{\"type\":\"\",\"custom\":\"\",\"entry\":\"\",\"customText\":\"\",\"target\":\"\"}}}},\"chillahTooltip\":\"\"}}},\"107\":\"website\",\"197\":{\"type\":\"\",\"entry\":\"\",\"customText\":\"\"},\"196\":\"\",\"198\":\"\",\"102\":\"\",\"104\":\"\",\"101\":\"\",\"16\":\"1\",\"15\":\"yellow\"}}', '2017-09-13 17:18:46', '2017-09-13 17:18:46', '9d189bf3-597e-46f4-8ee4-a430bc4d9b36'),
 ('158', '270', '9', '1', 'en_us', '12', '', '{\"typeId\":\"9\",\"authorId\":null,\"title\":\"Home\",\"slug\":\"home\",\"postDate\":1504214597,\"expiryDate\":null,\"enabled\":1,\"parentId\":null,\"fields\":{\"112\":{\"442\":{\"type\":\"hero\",\"enabled\":\"1\",\"fields\":{\"headline_loc\":\"Snapchat. It\'s your business \\u2014 on mobile.\",\"button\":{\"type\":\"entry\",\"custom\":\"\",\"entry\":[\"292\"],\"customText\":\"Get Started\",\"target\":\"\"},\"buttonOutline\":\"\",\"sectionTitle_loc\":\"Intro\"}}},\"103\":\"\",\"106\":\"\",\"105\":\"\",\"89\":\"\",\"3\":{\"468\":{\"modified\":\"1\",\"type\":\"newSection\",\"enabled\":\"1\",\"collapsed\":\"1\",\"level\":\"0\",\"fields\":{\"sectionTitle_loc\":\"Audiences\",\"sectionBackgroundColor\":\"gray\"}},\"469\":{\"modified\":\"1\",\"type\":\"imageCardGrid\",\"enabled\":\"1\",\"collapsed\":\"0\",\"level\":\"1\",\"fields\":{\"showCards\":\"1\",\"imageCardRow\":{\"470\":{\"type\":\"imageCard\",\"enabled\":\"1\",\"fields\":{\"cardImage\":[\"460\"],\"headline_loc\":\"\",\"body_loc\":\"<p>Average daily active Snapchatters globally<sup>1<\\/sup><\\/p>\"}},\"471\":{\"type\":\"imageCard\",\"enabled\":\"1\",\"fields\":{\"cardImage\":[\"461\"],\"headline_loc\":\"\",\"body_loc\":\"<p>Average number of times daily active Snapchatters open the app each day<sup>2<\\/sup><\\/p>\"}},\"472\":{\"type\":\"imageCard\",\"enabled\":\"1\",\"fields\":{\"cardImage\":[\"462\"],\"headline_loc\":\"\",\"body_loc\":\"<p>Average minutes spent in the app each day by daily active Snapchatters<sup>2<\\/sup><\\/p>\"}},\"473\":{\"type\":\"imageCard\",\"enabled\":\"1\",\"fields\":{\"cardImage\":[\"460\"],\"headline_loc\":\"\",\"body_loc\":\"<p>Average percentage of daily active Snapchatters who create with our camera every day<sup>1<\\/sup><\\/p>\"}}},\"chillahTooltip\":\"\"}},\"474\":{\"modified\":\"1\",\"type\":\"newSection\",\"enabled\":\"1\",\"collapsed\":\"1\",\"level\":\"0\",\"fields\":{\"sectionTitle_loc\":\"Ad Products\",\"sectionBackgroundColor\":\"white\"}},\"475\":{\"modified\":\"1\",\"type\":\"deviceTabs\",\"enabled\":\"1\",\"collapsed\":\"0\",\"level\":\"1\",\"fields\":{\"deviceTab\":{\"476\":{\"type\":\"tab\",\"enabled\":\"1\",\"fields\":{\"deviceVideoMp4\":[\"386\"],\"deviceVideoWebm\":[\"387\"],\"deviceImage\":[\"477\"],\"tabImage\":[\"478\"],\"tabLabel_loc\":\"Raise Awareness\",\"descriptionTitle_loc\":\"Raise Awareness\",\"description_loc\":\"<p>Reach a huge audience with the most engaging ad formats on mobile.<\\/p>\",\"primaryCta\":{\"type\":\"entry\",\"custom\":\"\",\"entry\":[\"98\"],\"customText\":\"Explore Solutions\",\"target\":\"\"},\"secondaryLink\":{\"type\":\"\",\"custom\":\"\",\"entry\":\"\",\"customText\":\"\",\"target\":\"\"}}},\"new1\":{\"type\":\"tab\",\"enabled\":\"1\",\"fields\":{\"deviceVideoMp4\":[\"383\"],\"deviceVideoWebm\":[\"384\"],\"deviceImage\":[\"479\"],\"tabImage\":[\"480\"],\"tabLabel_loc\":\"Increase Consideration\",\"descriptionTitle_loc\":\"Increase Consideration\",\"description_loc\":\"<p>Inspire our engaged audience to lean in and learn more, seamlessly.<\\/p>\",\"primaryCta\":{\"type\":\"entry\",\"custom\":\"\",\"entry\":[\"98\"],\"customText\":\"Explore Solutions\",\"target\":\"\"},\"secondaryLink\":{\"type\":\"\",\"custom\":\"\",\"entry\":\"\",\"customText\":\"\",\"target\":\"\"}}},\"new2\":{\"type\":\"tab\",\"enabled\":\"1\",\"fields\":{\"deviceVideoMp4\":[\"390\"],\"deviceVideoWebm\":[\"391\"],\"deviceImage\":[\"481\"],\"tabImage\":[\"482\"],\"tabLabel_loc\":\"Drive Action\",\"descriptionTitle_loc\":\"Drive Action\",\"description_loc\":\"<p>Make an impact instantly with ads that are fun to interact with.<\\/p>\",\"primaryCta\":{\"type\":\"entry\",\"custom\":\"\",\"entry\":[\"98\"],\"customText\":\"Explore Solutions\",\"target\":\"\"},\"secondaryLink\":{\"type\":\"\",\"custom\":\"\",\"entry\":\"\",\"customText\":\"\",\"target\":\"\"}}}},\"chillahTooltip\":\"\"}},\"new0\":{\"modified\":\"1\",\"type\":\"newSection\",\"enabled\":\"1\",\"collapsed\":\"1\",\"level\":\"0\",\"fields\":{\"sectionTitle_loc\":\"Ad Tools\",\"sectionBackgroundColor\":\"gray\"}},\"new1\":{\"modified\":\"1\",\"type\":\"imageBesideText\",\"enabled\":\"1\",\"collapsed\":\"0\",\"level\":\"1\",\"fields\":{\"image\":[\"483\"],\"imageLocation\":\"left\",\"headline_loc\":\"Ad Tools\",\"paragraph_loc\":\"<p>Create, manage, and measure your campaigns &mdash; at work or on the go.<\\/p>\",\"primaryCta\":{\"type\":\"entry\",\"custom\":\"\",\"entry\":[\"98\"],\"customText\":\"Learn More\",\"target\":\"\"},\"secondaryCta\":{\"type\":\"\",\"custom\":\"\",\"entry\":\"\",\"customText\":\"\",\"target\":\"\"}}},\"new2\":{\"modified\":\"1\",\"type\":\"newSection\",\"enabled\":\"1\",\"collapsed\":\"0\",\"level\":\"0\",\"fields\":{\"sectionTitle_loc\":\"Video\",\"sectionBackgroundColor\":\"white\"}},\"new4\":{\"modified\":\"1\",\"type\":\"textLockup\",\"enabled\":\"1\",\"collapsed\":\"0\",\"level\":\"1\",\"fields\":{\"headline_loc\":\"Snapchat is...\",\"subhead_loc\":\"\",\"ctaButtons\":\"\"}},\"new3\":{\"modified\":\"1\",\"type\":\"centeredVideo\",\"enabled\":\"1\",\"collapsed\":\"0\",\"level\":\"1\",\"fields\":{\"horizontalVideoMp4\":[\"412\"],\"horizontalVideoWebm\":[\"413\"],\"horizontalPosterImage\":[\"484\"],\"verticalVideoMp4\":\"\",\"verticalVideoWebm\":\"\",\"verticalPosterImage\":\"\",\"videoControls\":\"\",\"roundedCorners\":\"1\",\"autoplay\":\"\"}}},\"107\":\"website\",\"197\":{\"type\":\"\",\"entry\":\"\",\"customText\":\"\"},\"196\":\"\",\"198\":\"\",\"102\":\"\",\"104\":\"\",\"101\":\"\",\"16\":\"1\",\"15\":\"yellow\"}}', '2017-09-13 17:39:24', '2017-09-13 17:39:24', '51554b66-6559-4f62-9391-a55880c77030'),
 ('159', '270', '9', '1', 'en_us', '13', '', '{\"typeId\":\"9\",\"authorId\":null,\"title\":\"Home\",\"slug\":\"home\",\"postDate\":1504214597,\"expiryDate\":null,\"enabled\":1,\"parentId\":null,\"fields\":{\"112\":{\"442\":{\"type\":\"hero\",\"enabled\":\"1\",\"fields\":{\"headline_loc\":\"Snapchat. It\'s your business \\u2014 on mobile.\",\"button\":{\"type\":\"entry\",\"custom\":\"\",\"entry\":[\"292\"],\"customText\":\"Get Started\",\"target\":\"\"},\"buttonOutline\":\"\",\"sectionTitle_loc\":\"Intro\"}}},\"103\":\"\",\"106\":\"\",\"105\":\"\",\"89\":\"\",\"3\":{\"468\":{\"modified\":\"1\",\"type\":\"newSection\",\"enabled\":\"1\",\"collapsed\":\"1\",\"level\":\"0\",\"fields\":{\"sectionTitle_loc\":\"Audiences\",\"sectionBackgroundColor\":\"gray\"}},\"469\":{\"modified\":\"1\",\"type\":\"imageCardGrid\",\"enabled\":\"1\",\"collapsed\":\"0\",\"level\":\"1\",\"fields\":{\"showCards\":\"1\",\"imageCardRow\":{\"470\":{\"type\":\"imageCard\",\"enabled\":\"1\",\"fields\":{\"cardImage\":[\"460\"],\"headline_loc\":\"\",\"body_loc\":\"<p>Average daily active Snapchatters globally<sup>1<\\/sup><\\/p>\"}},\"471\":{\"type\":\"imageCard\",\"enabled\":\"1\",\"fields\":{\"cardImage\":[\"461\"],\"headline_loc\":\"\",\"body_loc\":\"<p>Average number of times daily active Snapchatters open the app each day<sup>2<\\/sup><\\/p>\"}},\"472\":{\"type\":\"imageCard\",\"enabled\":\"1\",\"fields\":{\"cardImage\":[\"462\"],\"headline_loc\":\"\",\"body_loc\":\"<p>Average minutes spent in the app each day by daily active Snapchatters<sup>2<\\/sup><\\/p>\"}},\"473\":{\"type\":\"imageCard\",\"enabled\":\"1\",\"fields\":{\"cardImage\":[\"460\"],\"headline_loc\":\"\",\"body_loc\":\"<p>Average percentage of daily active Snapchatters who create with our camera every day<sup>1<\\/sup><\\/p>\"}}},\"chillahTooltip\":\"\"}},\"474\":{\"modified\":\"1\",\"type\":\"newSection\",\"enabled\":\"1\",\"collapsed\":\"1\",\"level\":\"0\",\"fields\":{\"sectionTitle_loc\":\"Ad Products\",\"sectionBackgroundColor\":\"white\"}},\"475\":{\"modified\":\"1\",\"type\":\"deviceTabs\",\"enabled\":\"1\",\"collapsed\":\"0\",\"level\":\"1\",\"fields\":{\"deviceTab\":{\"476\":{\"type\":\"tab\",\"enabled\":\"1\",\"fields\":{\"deviceVideoMp4\":[\"386\"],\"deviceVideoWebm\":[\"387\"],\"deviceImage\":[\"477\"],\"tabImage\":[\"478\"],\"tabLabel_loc\":\"Raise Awareness\",\"descriptionTitle_loc\":\"Raise Awareness\",\"description_loc\":\"<p>Reach a huge audience with the most engaging ad formats on mobile.<\\/p>\",\"primaryCta\":{\"type\":\"entry\",\"custom\":\"\",\"entry\":[\"98\"],\"customText\":\"Explore Solutions\",\"target\":\"\"},\"secondaryLink\":{\"type\":\"\",\"custom\":\"\",\"entry\":\"\",\"customText\":\"\",\"target\":\"\"}}},\"485\":{\"type\":\"tab\",\"enabled\":\"1\",\"fields\":{\"deviceVideoMp4\":[\"383\"],\"deviceVideoWebm\":[\"384\"],\"deviceImage\":[\"479\"],\"tabImage\":[\"480\"],\"tabLabel_loc\":\"Increase Consideration\",\"descriptionTitle_loc\":\"Increase Consideration\",\"description_loc\":\"<p>Inspire our engaged audience to lean in and learn more, seamlessly.<\\/p>\",\"primaryCta\":{\"type\":\"entry\",\"custom\":\"\",\"entry\":[\"98\"],\"customText\":\"Explore Solutions\",\"target\":\"\"},\"secondaryLink\":{\"type\":\"\",\"custom\":\"\",\"entry\":\"\",\"customText\":\"\",\"target\":\"\"}}},\"486\":{\"type\":\"tab\",\"enabled\":\"1\",\"fields\":{\"deviceVideoMp4\":[\"390\"],\"deviceVideoWebm\":[\"391\"],\"deviceImage\":[\"481\"],\"tabImage\":[\"482\"],\"tabLabel_loc\":\"Drive Action\",\"descriptionTitle_loc\":\"Drive Action\",\"description_loc\":\"<p>Make an impact instantly with ads that are fun to interact with.<\\/p>\",\"primaryCta\":{\"type\":\"entry\",\"custom\":\"\",\"entry\":[\"98\"],\"customText\":\"Explore Solutions\",\"target\":\"\"},\"secondaryLink\":{\"type\":\"\",\"custom\":\"\",\"entry\":\"\",\"customText\":\"\",\"target\":\"\"}}}},\"chillahTooltip\":\"\"}},\"487\":{\"modified\":\"1\",\"type\":\"newSection\",\"enabled\":\"1\",\"collapsed\":\"1\",\"level\":\"0\",\"fields\":{\"sectionTitle_loc\":\"Ad Tools\",\"sectionBackgroundColor\":\"gray\"}},\"488\":{\"modified\":\"1\",\"type\":\"imageBesideText\",\"enabled\":\"1\",\"collapsed\":\"0\",\"level\":\"1\",\"fields\":{\"image\":[\"483\"],\"imageLocation\":\"left\",\"headline_loc\":\"Ad Tools\",\"paragraph_loc\":\"<p>Create, manage, and measure your campaigns &mdash; at work or on the go.<\\/p>\",\"primaryCta\":{\"type\":\"entry\",\"custom\":\"\",\"entry\":[\"98\"],\"customText\":\"Learn More\",\"target\":\"\"},\"secondaryCta\":{\"type\":\"\",\"custom\":\"\",\"entry\":\"\",\"customText\":\"\",\"target\":\"\"}}},\"489\":{\"modified\":\"1\",\"type\":\"newSection\",\"enabled\":\"1\",\"collapsed\":\"1\",\"level\":\"0\",\"fields\":{\"sectionTitle_loc\":\"Video\",\"sectionBackgroundColor\":\"white\"}},\"490\":{\"modified\":\"1\",\"type\":\"textLockup\",\"enabled\":\"1\",\"collapsed\":\"0\",\"level\":\"1\",\"fields\":{\"headline_loc\":\"Snapchat is...\",\"subhead_loc\":\"\",\"ctaButtons\":\"\"}},\"491\":{\"modified\":\"1\",\"type\":\"centeredVideo\",\"enabled\":\"1\",\"collapsed\":\"0\",\"level\":\"1\",\"fields\":{\"horizontalVideoMp4\":[\"412\"],\"horizontalVideoWebm\":[\"413\"],\"horizontalPosterImage\":[\"484\"],\"verticalVideoMp4\":\"\",\"verticalVideoWebm\":\"\",\"verticalPosterImage\":\"\",\"videoControls\":\"\",\"roundedCorners\":\"1\",\"autoplay\":\"\"}}},\"107\":\"website\",\"197\":{\"type\":\"\",\"entry\":\"\",\"customText\":\"\"},\"196\":\"\",\"198\":\"\",\"102\":\"\",\"104\":\"\",\"101\":\"\",\"16\":\"1\",\"15\":\"yellow\"}}', '2017-09-13 17:39:49', '2017-09-13 17:39:49', 'ba44feb2-94f1-4b40-b76b-72c05e535892'),
 ('160', '457', '10', '1', 'en_us', '4', '', '{\"typeId\":\"18\",\"authorId\":\"1\",\"title\":\"bareMinerals\",\"slug\":\"bareminerals\",\"postDate\":1504817400,\"expiryDate\":null,\"enabled\":1,\"parentId\":\"\",\"fields\":{\"208\":\"\",\"204\":\"raiseAwareness\",\"203\":\"snapAd\",\"205\":\"bareMinerals increased search traffic with its Snap Ads Long-Form Video campaign\",\"155\":\"bareMinerals\"}}', '2017-09-13 23:13:07', '2017-09-13 23:13:07', '834c254f-2d60-427c-a7eb-55ace25767d8'),
 ('161', '270', '9', '1', 'en_us', '14', '', '{\"typeId\":\"9\",\"authorId\":null,\"title\":\"Home\",\"slug\":\"home\",\"postDate\":1504214597,\"expiryDate\":null,\"enabled\":1,\"parentId\":null,\"fields\":{\"112\":{\"442\":{\"type\":\"hero\",\"enabled\":\"1\",\"fields\":{\"headline_loc\":\"Snapchat. It\'s your business \\u2014 on mobile.\",\"button\":{\"type\":\"entry\",\"custom\":\"\",\"entry\":[\"292\"],\"customText\":\"Get Started\",\"target\":\"\"},\"buttonOutline\":\"\",\"sectionTitle_loc\":\"Intro\"}}},\"103\":\"\",\"106\":\"\",\"105\":\"\",\"89\":\"\",\"3\":{\"468\":{\"modified\":\"1\",\"type\":\"newSection\",\"enabled\":\"1\",\"collapsed\":\"0\",\"level\":\"0\",\"fields\":{\"sectionTitle_loc\":\"Audiences\",\"sectionBackgroundColor\":\"gray\"}},\"469\":{\"modified\":\"1\",\"type\":\"imageCardGrid\",\"enabled\":\"1\",\"collapsed\":\"0\",\"level\":\"1\",\"fields\":{\"showCards\":\"1\",\"imageCardRow\":{\"470\":{\"type\":\"imageCard\",\"enabled\":\"1\",\"fields\":{\"cardImage\":[\"460\"],\"headline_loc\":\"\",\"body_loc\":\"<p>Average daily active Snapchatters globally<sup>1<\\/sup><\\/p>\"}},\"471\":{\"type\":\"imageCard\",\"enabled\":\"1\",\"fields\":{\"cardImage\":[\"461\"],\"headline_loc\":\"\",\"body_loc\":\"<p>Average number of times daily active Snapchatters open the app each day<sup>2<\\/sup><\\/p>\"}},\"472\":{\"type\":\"imageCard\",\"enabled\":\"1\",\"fields\":{\"cardImage\":[\"462\"],\"headline_loc\":\"\",\"body_loc\":\"<p>Average minutes spent in the app each day by daily active Snapchatters<sup>2<\\/sup><\\/p>\"}},\"473\":{\"type\":\"imageCard\",\"enabled\":\"1\",\"fields\":{\"cardImage\":[\"460\"],\"headline_loc\":\"\",\"body_loc\":\"<p>Average percentage of daily active Snapchatters who create with our camera every day<sup>1<\\/sup><\\/p>\"}}},\"chillahTooltip\":\"\"}},\"474\":{\"modified\":\"1\",\"type\":\"newSection\",\"enabled\":\"1\",\"collapsed\":\"0\",\"level\":\"0\",\"fields\":{\"sectionTitle_loc\":\"Ad Products\",\"sectionBackgroundColor\":\"white\"}},\"475\":{\"modified\":\"1\",\"type\":\"deviceTabs\",\"enabled\":\"1\",\"collapsed\":\"0\",\"level\":\"1\",\"fields\":{\"deviceTab\":{\"476\":{\"type\":\"tab\",\"enabled\":\"1\",\"fields\":{\"deviceVideoMp4\":[\"386\"],\"deviceVideoWebm\":[\"387\"],\"deviceImage\":[\"477\"],\"tabImage\":[\"478\"],\"tabLabel_loc\":\"Raise Awareness\",\"descriptionTitle_loc\":\"Raise Awareness\",\"description_loc\":\"<p>Reach a huge audience with the most engaging ad formats on mobile.<\\/p>\",\"primaryCta\":{\"type\":\"entry\",\"custom\":\"\",\"entry\":[\"98\"],\"customText\":\"Explore Solutions\",\"target\":\"\"},\"secondaryLink\":{\"type\":\"\",\"custom\":\"\",\"entry\":\"\",\"customText\":\"\",\"target\":\"\"}}},\"485\":{\"type\":\"tab\",\"enabled\":\"1\",\"fields\":{\"deviceVideoMp4\":[\"383\"],\"deviceVideoWebm\":[\"384\"],\"deviceImage\":[\"479\"],\"tabImage\":[\"480\"],\"tabLabel_loc\":\"Increase Consideration\",\"descriptionTitle_loc\":\"Increase Consideration\",\"description_loc\":\"<p>Inspire our engaged audience to lean in and learn more, seamlessly.<\\/p>\",\"primaryCta\":{\"type\":\"entry\",\"custom\":\"\",\"entry\":[\"98\"],\"customText\":\"Explore Solutions\",\"target\":\"\"},\"secondaryLink\":{\"type\":\"\",\"custom\":\"\",\"entry\":\"\",\"customText\":\"\",\"target\":\"\"}}},\"486\":{\"type\":\"tab\",\"enabled\":\"1\",\"fields\":{\"deviceVideoMp4\":[\"390\"],\"deviceVideoWebm\":[\"391\"],\"deviceImage\":[\"481\"],\"tabImage\":[\"482\"],\"tabLabel_loc\":\"Drive Action\",\"descriptionTitle_loc\":\"Drive Action\",\"description_loc\":\"<p>Make an impact instantly with ads that are fun to interact with.<\\/p>\",\"primaryCta\":{\"type\":\"entry\",\"custom\":\"\",\"entry\":[\"98\"],\"customText\":\"Explore Solutions\",\"target\":\"\"},\"secondaryLink\":{\"type\":\"\",\"custom\":\"\",\"entry\":\"\",\"customText\":\"\",\"target\":\"\"}}}},\"chillahTooltip\":\"\"}},\"487\":{\"modified\":\"1\",\"type\":\"newSection\",\"enabled\":\"1\",\"collapsed\":\"1\",\"level\":\"0\",\"fields\":{\"sectionTitle_loc\":\"Ad Tools\",\"sectionBackgroundColor\":\"gray\"}},\"488\":{\"modified\":\"1\",\"type\":\"imageBesideText\",\"enabled\":\"1\",\"collapsed\":\"0\",\"level\":\"1\",\"fields\":{\"image\":[\"483\"],\"imageLocation\":\"left\",\"headline_loc\":\"Ad Tools\",\"paragraph_loc\":\"<p>Create, manage, and measure your campaigns &mdash; at work or on the go.<\\/p>\",\"primaryCta\":{\"type\":\"entry\",\"custom\":\"\",\"entry\":[\"98\"],\"customText\":\"Learn More\",\"target\":\"\"},\"secondaryCta\":{\"type\":\"\",\"custom\":\"\",\"entry\":\"\",\"customText\":\"\",\"target\":\"\"}}},\"489\":{\"modified\":\"1\",\"type\":\"newSection\",\"enabled\":\"1\",\"collapsed\":\"1\",\"level\":\"0\",\"fields\":{\"sectionTitle_loc\":\"Video\",\"sectionBackgroundColor\":\"white\"}},\"490\":{\"modified\":\"1\",\"type\":\"textLockup\",\"enabled\":\"1\",\"collapsed\":\"0\",\"level\":\"1\",\"fields\":{\"headline_loc\":\"Snapchat is...\",\"subhead_loc\":\"\",\"ctaButtons\":\"\"}},\"491\":{\"modified\":\"1\",\"type\":\"centeredVideo\",\"enabled\":\"1\",\"collapsed\":\"0\",\"level\":\"1\",\"fields\":{\"horizontalVideoMp4\":[\"412\"],\"horizontalVideoWebm\":[\"413\"],\"horizontalPosterImage\":[\"484\"],\"verticalVideoMp4\":\"\",\"verticalVideoWebm\":\"\",\"verticalPosterImage\":\"\",\"videoControls\":\"\",\"roundedCorners\":\"1\",\"autoplay\":\"\"}}},\"107\":\"website\",\"197\":{\"type\":\"\",\"entry\":\"\",\"customText\":\"\"},\"196\":\"\",\"198\":\"\",\"102\":\"\",\"104\":\"\",\"101\":\"\",\"16\":\"1\",\"15\":\"yellow\"}}', '2017-09-14 16:09:31', '2017-09-14 16:09:31', '9d1b8f1c-10f2-4458-8a2b-72f9f4cb01ef'),
 ('162', '270', '9', '1', 'en_us', '15', '', '{\"typeId\":\"9\",\"authorId\":null,\"title\":\"Home\",\"slug\":\"home\",\"postDate\":1504214597,\"expiryDate\":null,\"enabled\":1,\"parentId\":null,\"fields\":{\"112\":{\"442\":{\"type\":\"hero\",\"enabled\":\"1\",\"fields\":{\"headline_loc\":\"Snapchat. It\'s your business \\u2014 on mobile.\",\"button\":{\"type\":\"entry\",\"custom\":\"\",\"entry\":[\"292\"],\"customText\":\"Get Started\",\"target\":\"\"},\"buttonOutline\":\"\",\"sectionTitle_loc\":\"Intro\"}}},\"103\":\"\",\"106\":\"\",\"105\":\"\",\"89\":\"\",\"3\":{\"468\":{\"modified\":\"1\",\"type\":\"newSection\",\"enabled\":\"1\",\"collapsed\":\"0\",\"level\":\"0\",\"fields\":{\"sectionTitle_loc\":\"Audiences\",\"sectionBackgroundColor\":\"gray\"}},\"469\":{\"modified\":\"1\",\"type\":\"imageCardGrid\",\"enabled\":\"1\",\"collapsed\":\"0\",\"level\":\"1\",\"fields\":{\"showCards\":\"1\",\"imageCardRow\":{\"470\":{\"type\":\"imageCard\",\"enabled\":\"1\",\"fields\":{\"cardImage\":[\"460\"],\"headline_loc\":\"\",\"body_loc\":\"<p>Average daily active Snapchatters globally<sup>1<\\/sup><\\/p>\"}},\"471\":{\"type\":\"imageCard\",\"enabled\":\"1\",\"fields\":{\"cardImage\":[\"461\"],\"headline_loc\":\"\",\"body_loc\":\"<p>Average number of times daily active Snapchatters open the app each day<sup>2<\\/sup><\\/p>\"}},\"472\":{\"type\":\"imageCard\",\"enabled\":\"1\",\"fields\":{\"cardImage\":[\"462\"],\"headline_loc\":\"\",\"body_loc\":\"<p>Average minutes spent in the app each day by daily active Snapchatters<sup>2<\\/sup><\\/p>\"}},\"473\":{\"type\":\"imageCard\",\"enabled\":\"1\",\"fields\":{\"cardImage\":[\"460\"],\"headline_loc\":\"\",\"body_loc\":\"<p>Average percentage of daily active Snapchatters who create with our camera every day<sup>1<\\/sup><\\/p>\"}}},\"chillahTooltip\":\"\"}},\"474\":{\"modified\":\"1\",\"type\":\"newSection\",\"enabled\":\"1\",\"collapsed\":\"0\",\"level\":\"0\",\"fields\":{\"sectionTitle_loc\":\"Ad Products\",\"sectionBackgroundColor\":\"white\"}},\"475\":{\"modified\":\"1\",\"type\":\"deviceTabs\",\"enabled\":\"1\",\"collapsed\":\"0\",\"level\":\"1\",\"fields\":{\"deviceTab\":{\"476\":{\"type\":\"tab\",\"enabled\":\"1\",\"fields\":{\"deviceVideoMp4\":[\"386\"],\"deviceVideoWebm\":[\"387\"],\"deviceImage\":[\"477\"],\"tabImage\":[\"478\"],\"tabLabel_loc\":\"Raise Awareness\",\"descriptionTitle_loc\":\"Raise Awareness\",\"description_loc\":\"<p>Reach a huge audience with the most engaging ad formats on mobile.<\\/p>\",\"primaryCta\":{\"type\":\"entry\",\"custom\":\"\",\"entry\":[\"98\"],\"customText\":\"Explore Solutions\",\"target\":\"\"},\"secondaryLink\":{\"type\":\"\",\"custom\":\"\",\"entry\":\"\",\"customText\":\"\",\"target\":\"\"}}},\"485\":{\"type\":\"tab\",\"enabled\":\"1\",\"fields\":{\"deviceVideoMp4\":[\"383\"],\"deviceVideoWebm\":[\"384\"],\"deviceImage\":[\"479\"],\"tabImage\":[\"480\"],\"tabLabel_loc\":\"Increase Consideration\",\"descriptionTitle_loc\":\"Increase Consideration\",\"description_loc\":\"<p>Inspire our engaged audience to lean in and learn more, seamlessly.<\\/p>\",\"primaryCta\":{\"type\":\"entry\",\"custom\":\"\",\"entry\":[\"98\"],\"customText\":\"Explore Solutions\",\"target\":\"\"},\"secondaryLink\":{\"type\":\"\",\"custom\":\"\",\"entry\":\"\",\"customText\":\"\",\"target\":\"\"}}},\"486\":{\"type\":\"tab\",\"enabled\":\"1\",\"fields\":{\"deviceVideoMp4\":[\"390\"],\"deviceVideoWebm\":[\"391\"],\"deviceImage\":[\"481\"],\"tabImage\":[\"482\"],\"tabLabel_loc\":\"Drive Action\",\"descriptionTitle_loc\":\"Drive Action\",\"description_loc\":\"<p>Make an impact instantly with ads that are fun to interact with.<\\/p>\",\"primaryCta\":{\"type\":\"entry\",\"custom\":\"\",\"entry\":[\"98\"],\"customText\":\"Explore Solutions\",\"target\":\"\"},\"secondaryLink\":{\"type\":\"\",\"custom\":\"\",\"entry\":\"\",\"customText\":\"\",\"target\":\"\"}}}},\"chillahTooltip\":\"\"}},\"487\":{\"modified\":\"1\",\"type\":\"newSection\",\"enabled\":\"1\",\"collapsed\":\"1\",\"level\":\"0\",\"fields\":{\"sectionTitle_loc\":\"Ad Tools\",\"sectionBackgroundColor\":\"gray\"}},\"488\":{\"modified\":\"1\",\"type\":\"imageBesideText\",\"enabled\":\"1\",\"collapsed\":\"0\",\"level\":\"1\",\"fields\":{\"image\":[\"483\"],\"imageLocation\":\"left\",\"headline_loc\":\"Ad Tools\",\"paragraph_loc\":\"<p>Create, manage, and measure your campaigns &mdash; at work or on the go.<\\/p>\",\"primaryCta\":{\"type\":\"entry\",\"custom\":\"\",\"entry\":[\"98\"],\"customText\":\"Learn More\",\"target\":\"\"},\"secondaryCta\":{\"type\":\"\",\"custom\":\"\",\"entry\":\"\",\"customText\":\"\",\"target\":\"\"}}},\"489\":{\"modified\":\"1\",\"type\":\"newSection\",\"enabled\":\"1\",\"collapsed\":\"1\",\"level\":\"0\",\"fields\":{\"sectionTitle_loc\":\"Video\",\"sectionBackgroundColor\":\"white\"}},\"490\":{\"modified\":\"1\",\"type\":\"textLockup\",\"enabled\":\"1\",\"collapsed\":\"0\",\"level\":\"1\",\"fields\":{\"headline_loc\":\"Snapchat is...\",\"subhead_loc\":\"\",\"ctaButtons\":\"\"}},\"491\":{\"modified\":\"1\",\"type\":\"centeredVideo\",\"enabled\":\"1\",\"collapsed\":\"0\",\"level\":\"1\",\"fields\":{\"horizontalVideoMp4\":[\"412\"],\"horizontalVideoWebm\":[\"413\"],\"horizontalPosterImage\":[\"484\"],\"verticalVideoMp4\":\"\",\"verticalVideoWebm\":\"\",\"verticalPosterImage\":\"\",\"videoControls\":\"\",\"roundedCorners\":\"1\",\"autoplay\":\"\"}}},\"107\":\"website\",\"197\":{\"type\":\"\",\"entry\":\"\",\"customText\":\"\"},\"196\":\"\",\"198\":\"\",\"102\":\"\",\"104\":\"\",\"101\":\"\",\"16\":\"1\",\"15\":\"yellow\"}}', '2017-09-14 17:50:34', '2017-09-14 17:50:34', 'b839ccdf-a3fd-4779-a3d8-65255370e5b8'),
 ('163', '363', '12', '1', 'en_us', '2', '', '{\"typeId\":null,\"authorId\":null,\"title\":\"Success Stories\",\"slug\":\"success-stories\",\"postDate\":1503608106,\"expiryDate\":null,\"enabled\":1,\"parentId\":null,\"fields\":{\"10\":\"See how others grew their businesses with Snapchat\",\"138\":\"All Industries\",\"137\":\"All Objectives\",\"89\":\"\",\"136\":\"All Ad Products\",\"156\":\"All Regions\",\"15\":\"blue\"}}', '2017-09-14 18:16:55', '2017-09-14 18:16:55', 'f3f01e44-e708-4484-824a-67f5de63a24c'),
 ('164', '362', '11', '1', 'en_us', '3', '', '{\"typeId\":null,\"authorId\":null,\"title\":\"Creative Spotlight\",\"slug\":\"creative-spotlight\",\"postDate\":1503607997,\"expiryDate\":null,\"enabled\":1,\"parentId\":null,\"fields\":{\"10\":\"Explore the most compelling ads on mobile\",\"138\":\"Industry\",\"103\":\"\",\"200\":\"Creative Spotlight\",\"137\":\"Objective\",\"202\":\"Objective\",\"106\":\"\",\"105\":\"\",\"107\":\"website\",\"136\":\"Ad Product\",\"201\":\"Product Used\",\"156\":\"Region\",\"197\":{\"type\":\"\",\"entry\":\"\",\"customText\":\"\"},\"196\":\"\",\"198\":\"\",\"102\":\"\",\"104\":\"\",\"101\":\"\",\"15\":\"yellow\",\"7\":\"creative-spotlight\"}}', '2017-09-14 18:21:54', '2017-09-14 18:21:54', '39a07768-572d-47d7-a370-2ab8054cdd05'),
 ('165', '363', '12', '1', 'en_us', '3', '', '{\"typeId\":null,\"authorId\":null,\"title\":\"Success Stories\",\"slug\":\"success-stories\",\"postDate\":1503608106,\"expiryDate\":null,\"enabled\":1,\"parentId\":null,\"fields\":{\"10\":\"See how others grew their businesses with Snapchat\",\"138\":\"Industry\",\"103\":\"\",\"137\":\"Objetive\",\"106\":\"\",\"105\":\"\",\"107\":\"website\",\"136\":\"Ad Product\",\"156\":\"Region\",\"197\":{\"type\":\"\",\"entry\":\"\",\"customText\":\"\"},\"196\":\"\",\"198\":\"\",\"102\":\"\",\"104\":\"\",\"101\":\"\",\"15\":\"blue\"}}', '2017-09-14 18:22:16', '2017-09-14 18:22:16', 'd6914850-a94b-4487-826c-5bd5798f3b2c'),
 ('166', '264', '8', '1', 'en_us', '3', '', '{\"typeId\":\"8\",\"authorId\":null,\"title\":\"Insights and News\",\"slug\":\"blog\",\"postDate\":1503426063,\"expiryDate\":null,\"enabled\":1,\"parentId\":null,\"fields\":{\"10\":\"The latest industry research, insights, and news from Snapchat\",\"138\":\"\",\"103\":\"\",\"106\":\"\",\"105\":\"\",\"107\":\"website\",\"102\":\"\",\"104\":\"\",\"101\":\"\",\"15\":\"yellow\"}}', '2017-09-14 18:29:40', '2017-09-14 18:29:40', '7f4c096d-4e3a-47b2-a255-1f02f9a18871'),
 ('167', '264', '8', '1', 'en_us', '4', '', '{\"typeId\":\"8\",\"authorId\":null,\"title\":\"Insights and News\",\"slug\":\"blog\",\"postDate\":1503426063,\"expiryDate\":null,\"enabled\":1,\"parentId\":null,\"fields\":{\"10\":\"The latest industry research, insights, and news from Snapchat\",\"138\":\"Industry\",\"103\":\"\",\"106\":\"\",\"105\":\"\",\"107\":\"website\",\"156\":\"Region\",\"102\":\"\",\"104\":\"\",\"101\":\"\",\"15\":\"yellow\"}}', '2017-09-14 18:29:48', '2017-09-14 18:29:48', '8195cbf5-4632-4bb3-829c-b932582f9baf'),
 ('168', '270', '9', '1', 'en_us', '16', '', '{\"typeId\":\"9\",\"authorId\":null,\"title\":\"Home\",\"slug\":\"home\",\"postDate\":1504214597,\"expiryDate\":null,\"enabled\":1,\"parentId\":null,\"fields\":{\"112\":{\"442\":{\"type\":\"hero\",\"enabled\":\"1\",\"fields\":{\"headline_loc\":\"Snapchat. It\'s your business \\u2014 on mobile.\",\"button\":{\"type\":\"entry\",\"custom\":\"\",\"entry\":[\"292\"],\"customText\":\"Get Started\",\"target\":\"\"},\"buttonOutline\":\"\",\"sectionTitle_loc\":\"Intro\"}}},\"103\":\"\",\"106\":\"\",\"105\":\"\",\"89\":\"\",\"3\":{\"468\":{\"modified\":\"1\",\"type\":\"newSection\",\"enabled\":\"1\",\"collapsed\":\"1\",\"level\":\"0\",\"fields\":{\"sectionTitle_loc\":\"Audiences\",\"sectionBackgroundColor\":\"gray\"}},\"469\":{\"modified\":\"1\",\"type\":\"imageCardGrid\",\"enabled\":\"1\",\"collapsed\":\"0\",\"level\":\"1\",\"fields\":{\"showCards\":\"1\",\"imageCardRow\":{\"470\":{\"type\":\"imageCard\",\"enabled\":\"1\",\"fields\":{\"cardImage\":[\"460\"],\"headline_loc\":\"\",\"body_loc\":\"<p>Average daily active Snapchatters globally<sup>1<\\/sup><\\/p>\"}},\"471\":{\"type\":\"imageCard\",\"enabled\":\"1\",\"fields\":{\"cardImage\":[\"461\"],\"headline_loc\":\"\",\"body_loc\":\"<p>Average number of times daily active Snapchatters open the app each day<sup>2<\\/sup><\\/p>\"}},\"472\":{\"type\":\"imageCard\",\"enabled\":\"1\",\"fields\":{\"cardImage\":[\"462\"],\"headline_loc\":\"\",\"body_loc\":\"<p>Average minutes spent in the app each day by daily active Snapchatters<sup>2<\\/sup><\\/p>\"}},\"473\":{\"type\":\"imageCard\",\"enabled\":\"1\",\"fields\":{\"cardImage\":[\"460\"],\"headline_loc\":\"\",\"body_loc\":\"<p>Average percentage of daily active Snapchatters who create with our camera every day<sup>1<\\/sup><\\/p>\"}}},\"chillahTooltip\":\"\"}},\"474\":{\"modified\":\"1\",\"type\":\"newSection\",\"enabled\":\"1\",\"collapsed\":\"1\",\"level\":\"0\",\"fields\":{\"sectionTitle_loc\":\"Ad Products\",\"sectionBackgroundColor\":\"white\"}},\"475\":{\"modified\":\"1\",\"type\":\"deviceTabs\",\"enabled\":\"1\",\"collapsed\":\"0\",\"level\":\"1\",\"fields\":{\"deviceTab\":{\"476\":{\"type\":\"tab\",\"enabled\":\"1\",\"fields\":{\"deviceVideoMp4\":[\"386\"],\"deviceVideoWebm\":[\"387\"],\"deviceImage\":[\"477\"],\"tabImage\":[\"478\"],\"tabLabel_loc\":\"Raise Awareness\",\"descriptionTitle_loc\":\"Raise Awareness\",\"description_loc\":\"<p>Reach a huge audience with the most engaging ad formats on mobile.<\\/p>\",\"primaryCta\":{\"type\":\"entry\",\"custom\":\"\",\"entry\":[\"98\"],\"customText\":\"Explore Solutions\",\"target\":\"\"},\"secondaryLink\":{\"type\":\"\",\"custom\":\"\",\"entry\":\"\",\"customText\":\"\",\"target\":\"\"}}},\"485\":{\"type\":\"tab\",\"enabled\":\"1\",\"fields\":{\"deviceVideoMp4\":[\"383\"],\"deviceVideoWebm\":[\"384\"],\"deviceImage\":[\"479\"],\"tabImage\":[\"480\"],\"tabLabel_loc\":\"Increase Consideration\",\"descriptionTitle_loc\":\"Increase Consideration\",\"description_loc\":\"<p>Inspire our engaged audience to lean in and learn more, seamlessly.<\\/p>\",\"primaryCta\":{\"type\":\"entry\",\"custom\":\"\",\"entry\":[\"98\"],\"customText\":\"Explore Solutions\",\"target\":\"\"},\"secondaryLink\":{\"type\":\"\",\"custom\":\"\",\"entry\":\"\",\"customText\":\"\",\"target\":\"\"}}},\"486\":{\"type\":\"tab\",\"enabled\":\"1\",\"fields\":{\"deviceVideoMp4\":[\"390\"],\"deviceVideoWebm\":[\"391\"],\"deviceImage\":[\"481\"],\"tabImage\":[\"482\"],\"tabLabel_loc\":\"Drive Action\",\"descriptionTitle_loc\":\"Drive Action\",\"description_loc\":\"<p>Make an impact instantly with ads that are fun to interact with.<\\/p>\",\"primaryCta\":{\"type\":\"entry\",\"custom\":\"\",\"entry\":[\"98\"],\"customText\":\"Explore Solutions\",\"target\":\"\"},\"secondaryLink\":{\"type\":\"\",\"custom\":\"\",\"entry\":\"\",\"customText\":\"\",\"target\":\"\"}}}},\"chillahTooltip\":\"\"}},\"487\":{\"modified\":\"1\",\"type\":\"newSection\",\"enabled\":\"1\",\"collapsed\":\"1\",\"level\":\"0\",\"fields\":{\"sectionTitle_loc\":\"Ad Tools\",\"sectionBackgroundColor\":\"gray\"}},\"488\":{\"modified\":\"1\",\"type\":\"imageBesideText\",\"enabled\":\"1\",\"collapsed\":\"0\",\"level\":\"1\",\"fields\":{\"image\":[\"483\"],\"imageLocation\":\"left\",\"headline_loc\":\"Ad Tools\",\"paragraph_loc\":\"<p>Create, manage, and measure your campaigns &mdash; at work or on the go.<\\/p>\",\"primaryCta\":{\"type\":\"entry\",\"custom\":\"\",\"entry\":[\"98\"],\"customText\":\"Learn More\",\"target\":\"\"},\"secondaryCta\":{\"type\":\"\",\"custom\":\"\",\"entry\":\"\",\"customText\":\"\",\"target\":\"\"}}},\"489\":{\"modified\":\"1\",\"type\":\"newSection\",\"enabled\":\"1\",\"collapsed\":\"1\",\"level\":\"0\",\"fields\":{\"sectionTitle_loc\":\"Video\",\"sectionBackgroundColor\":\"white\"}},\"490\":{\"modified\":\"1\",\"type\":\"textLockup\",\"enabled\":\"1\",\"collapsed\":\"0\",\"level\":\"1\",\"fields\":{\"headline_loc\":\"Snapchat is...\",\"subhead_loc\":\"\",\"ctaButtons\":\"\"}},\"491\":{\"modified\":\"1\",\"type\":\"centeredVideo\",\"enabled\":\"1\",\"collapsed\":\"0\",\"level\":\"1\",\"fields\":{\"horizontalVideoMp4\":[\"412\"],\"horizontalVideoWebm\":[\"413\"],\"horizontalPosterImage\":[\"484\"],\"verticalVideoMp4\":\"\",\"verticalVideoWebm\":\"\",\"verticalPosterImage\":\"\",\"videoControls\":\"\",\"roundedCorners\":\"1\",\"autoplay\":\"\"}}},\"107\":\"website\",\"197\":{\"type\":\"\",\"entry\":\"\",\"customText\":\"\"},\"196\":\"\",\"198\":\"\",\"102\":\"\",\"104\":\"\",\"101\":\"\",\"16\":\"1\",\"15\":\"yellow\"}}', '2017-09-14 18:41:31', '2017-09-14 18:41:31', '43da25b2-3c03-4627-95c2-b7267cf52b11'),
 ('169', '348', '2', '1', 'en_us', '6', '', '{\"typeId\":\"2\",\"authorId\":\"1\",\"title\":\"Insights Entry Name\",\"slug\":\"test-blog-entry\",\"postDate\":1503354660,\"expiryDate\":null,\"enabled\":1,\"parentId\":null,\"fields\":{\"146\":\"blue\",\"149\":\"\",\"144\":\"\",\"147\":[\"246\"],\"148\":[\"350\"],\"103\":\"\",\"106\":\"\",\"105\":\"\",\"89\":\"\",\"107\":\"website\",\"197\":{\"type\":\"\",\"entry\":\"\",\"customText\":\"\"},\"196\":\"\",\"198\":\"\",\"102\":\"\",\"104\":\"\",\"101\":\"\",\"155\":\"Insights Entry Name\"}}', '2017-09-14 18:44:36', '2017-09-14 18:44:36', '8ad42ae6-dce3-4435-b879-e158dc0dc363'),
 ('170', '348', '2', '1', 'en_us', '7', '', '{\"typeId\":\"2\",\"authorId\":\"1\",\"title\":\"Insights Entry\",\"slug\":\"test-blog-entry\",\"postDate\":1503354660,\"expiryDate\":null,\"enabled\":1,\"parentId\":null,\"fields\":{\"146\":\"blue\",\"149\":\"\",\"144\":\"\",\"147\":[\"246\"],\"148\":[\"350\"],\"103\":\"\",\"106\":\"\",\"105\":\"\",\"89\":\"\",\"107\":\"website\",\"197\":{\"type\":\"\",\"entry\":\"\",\"customText\":\"\"},\"196\":\"\",\"198\":\"\",\"102\":\"\",\"104\":\"\",\"101\":\"\",\"155\":\"Insights Entry\"}}', '2017-09-14 18:44:46', '2017-09-14 18:44:46', 'fa5d4cef-d642-4992-96a5-36da24ae5e2a');



DROP TABLE IF EXISTS `craft_fieldgroups`;


--
-- Schema for table `craft_fieldgroups`
--
CREATE TABLE `craft_fieldgroups` (
  `id` int(11) NOT NULL AUTO_INCREMENT,
  `name` varchar(255) COLLATE utf8_unicode_ci NOT NULL,
  `dateCreated` datetime NOT NULL,
  `dateUpdated` datetime NOT NULL,
  `uid` char(36) COLLATE utf8_unicode_ci NOT NULL DEFAULT '0',
  PRIMARY KEY (`id`),
  UNIQUE KEY `craft_fieldgroups_name_unq_idx` (`name`)
) ENGINE=InnoDB AUTO_INCREMENT=11 DEFAULT CHARSET=utf8 COLLATE=utf8_unicode_ci;

--
-- Data for table `craft_fieldgroups`
--

INSERT INTO `craft_fieldgroups` (`id`, `name`, `dateCreated`, `dateUpdated`, `uid`) VALUES
 ('2', 'Page Builder', '2017-07-20 17:56:22', '2017-08-22 19:32:19', '85906d6e-0c88-4ade-b0dc-ccd9377288c8'),
 ('3', 'Pages', '2017-07-20 18:28:53', '2017-07-20 18:28:53', '56d3472b-b560-4b25-9fd1-d9f69deae029'),
 ('4', 'Global', '2017-07-21 23:07:44', '2017-07-21 23:07:44', '3bd7462c-23b3-47e5-9c9e-e6a0cc78f489'),
 ('5', 'Inspiration', '2017-07-21 23:18:42', '2017-08-22 21:18:19', '5e22c3b1-1eba-4cd2-b670-bfb2336f0cf6'),
 ('6', 'SEO', '2017-08-07 23:16:43', '2017-08-07 23:16:43', '12832f2e-ea20-4281-85a4-cb51e08a216a'),
 ('7', 'Insights & News', '2017-08-21 20:54:24', '2017-08-22 19:31:54', '7fae07d9-287f-4761-8777-6ba017673ac5'),
 ('8', 'Default', '2017-08-24 21:20:44', '2017-08-24 21:20:44', '7bcb76eb-0182-4e75-9af1-0f2166879961'),
 ('9', 'Related Content', '2017-09-07 18:08:08', '2017-09-07 18:08:08', 'e8fbf204-4762-441c-afe5-1a037d944302'),
 ('10', 'Modal', '2017-09-07 18:37:28', '2017-09-07 18:37:28', '6e79c4f2-046b-4d3d-a92e-2177b7520467');



DROP TABLE IF EXISTS `craft_fieldlayoutfields`;


--
-- Schema for table `craft_fieldlayoutfields`
--
CREATE TABLE `craft_fieldlayoutfields` (
  `id` int(11) NOT NULL AUTO_INCREMENT,
  `layoutId` int(11) NOT NULL,
  `tabId` int(11) NOT NULL,
  `fieldId` int(11) NOT NULL,
  `required` tinyint(1) unsigned NOT NULL DEFAULT '0',
  `sortOrder` smallint(6) unsigned DEFAULT NULL,
  `dateCreated` datetime NOT NULL,
  `dateUpdated` datetime NOT NULL,
  `uid` char(36) COLLATE utf8_unicode_ci NOT NULL DEFAULT '0',
  PRIMARY KEY (`id`),
  UNIQUE KEY `craft_fieldlayoutfields_layoutId_fieldId_unq_idx` (`layoutId`,`fieldId`),
  KEY `craft_fieldlayoutfields_sortOrder_idx` (`sortOrder`),
  KEY `craft_fieldlayoutfields_tabId_fk` (`tabId`),
  KEY `craft_fieldlayoutfields_fieldId_fk` (`fieldId`)
) ENGINE=InnoDB AUTO_INCREMENT=5592 DEFAULT CHARSET=utf8 COLLATE=utf8_unicode_ci;

--
-- Data for table `craft_fieldlayoutfields`
--

INSERT INTO `craft_fieldlayoutfields` (`id`, `layoutId`, `tabId`, `fieldId`, `required`, `sortOrder`, `dateCreated`, `dateUpdated`, `uid`) VALUES
 ('105', '79', '80', '13', '0', '1', '2017-07-20 20:18:09', '2017-07-20 20:18:09', 'a4d92aaa-0746-4ad5-a476-9e9dfc2867ba'),
 ('106', '79', '80', '14', '0', '2', '2017-07-20 20:18:09', '2017-07-20 20:18:09', 'cf292443-825e-470a-a206-bfab046c544a'),
 ('1809', '1168', '1107', '56', '0', '1', '2017-08-01 17:05:51', '2017-08-01 17:05:51', 'c31a8c59-a86d-4337-9887-f059fe65020b'),
 ('1810', '1168', '1107', '57', '0', '2', '2017-08-01 17:05:51', '2017-08-01 17:05:51', '71a6c150-bde1-48b4-ba72-5c4739bbd06c'),
 ('1811', '1169', '1108', '55', '0', '1', '2017-08-01 17:05:51', '2017-08-01 17:05:51', '72f24f05-0d8c-43b7-96b2-39b9ebe4f67b'),
 ('2884', '1739', '1694', '109', '0', '1', '2017-08-08 17:41:58', '2017-08-08 17:41:58', '5fe58be1-d2f8-4801-bd26-eada3a452bd6'),
 ('2885', '1739', '1694', '99', '0', '2', '2017-08-08 17:41:58', '2017-08-08 17:41:58', '3fdc5ff2-7332-421a-b4fa-bb73602d2c38'),
 ('2886', '1740', '1695', '92', '0', '1', '2017-08-08 17:46:42', '2017-08-08 17:46:42', 'c64fdc2b-3222-479d-bbed-0a8ba056f37a'),
 ('2887', '1740', '1695', '96', '0', '2', '2017-08-08 17:46:42', '2017-08-08 17:46:42', '4fd7c02b-816b-44e8-b387-76ca340b080b'),
 ('2888', '1740', '1695', '82', '0', '3', '2017-08-08 17:46:42', '2017-08-08 17:46:42', '817d0bd6-82ef-4e09-9118-877004fb1429'),
 ('2903', '1748', '1702', '8', '0', '1', '2017-08-09 17:48:15', '2017-08-09 17:48:15', '58af5f0f-23b5-46cc-bb74-9b1b0aff616e'),
 ('2904', '1748', '1702', '10', '0', '2', '2017-08-09 17:48:15', '2017-08-09 17:48:15', '5ca70786-0e0e-43bd-ba27-bfe2782f4160'),
 ('2905', '1748', '1702', '18', '0', '3', '2017-08-09 17:48:15', '2017-08-09 17:48:15', 'fab490c2-4a09-46a2-8168-c287f5a64879'),
 ('2906', '1748', '1702', '111', '0', '4', '2017-08-09 17:48:15', '2017-08-09 17:48:15', 'e8136b64-1205-4e7a-9d74-e57e495d4aba'),
 ('3728', '1955', '1974', '140', '0', '1', '2017-08-24 21:18:16', '2017-08-24 21:18:16', '828b1c01-57b9-44f9-bec0-1e86a16b6d3c'),
 ('3729', '1955', '1974', '93', '0', '2', '2017-08-24 21:18:16', '2017-08-24 21:18:16', '8cdfc63f-a824-4e97-b0c2-b4e3491963a9'),
 ('3730', '1955', '1974', '94', '0', '3', '2017-08-24 21:18:16', '2017-08-24 21:18:16', '1a1d972a-2438-4c1b-b776-451232459e0f'),
 ('3731', '1955', '1974', '95', '0', '4', '2017-08-24 21:18:16', '2017-08-24 21:18:16', '6d6c1d7f-f5ff-4ad5-aebb-6ed29c8fb710'),
 ('3738', '1959', '1978', '90', '0', '1', '2017-08-24 21:25:18', '2017-08-24 21:25:18', 'ed5552ba-cfde-4539-a721-883c5fc8a207'),
 ('3739', '1959', '1978', '91', '0', '2', '2017-08-24 21:25:18', '2017-08-24 21:25:18', 'b58fdbe6-9c4a-49d8-b502-c710e166e029'),
 ('3768', '1968', '1987', '79', '0', '1', '2017-08-24 21:34:21', '2017-08-24 21:34:21', '31dd15ce-9868-4d41-a171-22e1d294172b'),
 ('3769', '1968', '1987', '80', '0', '2', '2017-08-24 21:34:21', '2017-08-24 21:34:21', 'b768de47-a78a-46c0-afbe-ae6cbbebe6ae'),
 ('3787', '1973', '1992', '37', '0', '1', '2017-08-29 21:50:41', '2017-08-29 21:50:41', 'e1e1be48-0ef6-4723-ace9-e5c2d6acdb00'),
 ('3789', '1975', '1994', '100', '0', '1', '2017-08-29 21:51:06', '2017-08-29 21:51:06', '696a8c36-822b-4f06-b8b9-9bf545e07158'),
 ('3791', '1977', '1996', '85', '0', '1', '2017-08-29 21:53:18', '2017-08-29 21:53:18', '53aab405-d962-4bb5-9755-2c98b116af83'),
 ('3792', '1978', '1997', '83', '0', '1', '2017-08-29 21:53:33', '2017-08-29 21:53:33', 'e52b7dba-0cef-4aed-b726-e3046bc58ea8'),
 ('3793', '1978', '1997', '84', '0', '2', '2017-08-29 21:53:33', '2017-08-29 21:53:33', 'ab6fc172-9f96-4dc6-a4bd-04f86bda4710'),
 ('3794', '1979', '1998', '97', '0', '1', '2017-08-29 21:53:48', '2017-08-29 21:53:48', 'adfebf62-cf59-439e-a3a9-ad69083bf10d'),
 ('3795', '1979', '1998', '98', '0', '2', '2017-08-29 21:53:48', '2017-08-29 21:53:48', 'a555243f-4ded-4a60-a175-fdd9ce1c72e0'),
 ('3796', '1980', '1999', '25', '0', '1', '2017-08-29 21:54:09', '2017-08-29 21:54:09', 'd21e7417-31f8-4b44-bcdf-f96adb980c4e'),
 ('3797', '1980', '1999', '26', '0', '2', '2017-08-29 21:54:09', '2017-08-29 21:54:09', 'fecae623-0a58-4422-b9e7-7a3cc20cd446'),
 ('3798', '1980', '1999', '27', '0', '3', '2017-08-29 21:54:09', '2017-08-29 21:54:09', 'b66d4a35-3d5d-48f4-8eff-4640c46ff55b'),
 ('3811', '1983', '2002', '113', '0', '1', '2017-08-31 18:42:03', '2017-08-31 18:42:03', 'e239e831-99f1-4142-bfae-0322d42f8a92'),
 ('3812', '1983', '2002', '114', '0', '2', '2017-08-31 18:42:03', '2017-08-31 18:42:03', 'fa1a1d03-e36d-441a-8a9f-671db52652b9'),
 ('3813', '1983', '2002', '115', '0', '3', '2017-08-31 18:42:03', '2017-08-31 18:42:03', '323a9bdf-577b-4814-aa50-6dcf84112bd3'),
 ('3814', '1983', '2002', '141', '0', '4', '2017-08-31 18:42:03', '2017-08-31 18:42:03', '730fa69b-e33d-43b6-b676-f537cb6eb7d2'),
 ('3815', '1992', '2003', '158', '1', '1', '2017-09-05 21:24:49', '2017-09-05 21:24:49', 'b7e57be7-b6be-432d-baae-36ad77f3ab6f'),
 ('3816', '1992', '2003', '159', '0', '2', '2017-09-05 21:24:49', '2017-09-05 21:24:49', '548fb277-4dea-44a1-862b-7be9f82fc615'),
 ('3838', '2010', '2018', '162', '0', '1', '2017-09-05 23:37:50', '2017-09-05 23:37:50', '9011b16f-8ab6-4e82-a2cd-4d320718cd6a'),
 ('3839', '2010', '2018', '163', '0', '2', '2017-09-05 23:37:50', '2017-09-05 23:37:50', 'dbf34ba6-7259-4093-b695-d1900db0ba39'),
 ('4084', '2107', '2122', '175', '0', '1', '2017-09-06 00:18:08', '2017-09-06 00:18:08', '3127322d-e0f1-4c98-8854-7a62180d891e'),
 ('4085', '2107', '2122', '176', '0', '2', '2017-09-06 00:18:08', '2017-09-06 00:18:08', 'e1d1dab4-72bf-4401-a76e-fac60ce91980'),
 ('4129', '2123', '2141', '72', '0', '1', '2017-09-06 00:19:26', '2017-09-06 00:19:26', '42b448a2-b714-473d-a37e-169dce65d8d9'),
 ('4130', '2123', '2141', '110', '0', '2', '2017-09-06 00:19:26', '2017-09-06 00:19:26', 'f0dfb561-0c71-4dab-9d45-7f309455865f'),
 ('4131', '2123', '2141', '135', '0', '3', '2017-09-06 00:19:26', '2017-09-06 00:19:26', '10801b1d-c02a-4a64-bfc9-fc7f6e68d8ba'),
 ('4132', '2124', '2142', '73', '0', '1', '2017-09-06 00:19:26', '2017-09-06 00:19:26', '7e9604e3-0963-4821-a407-c49f361c5d15'),
 ('4202', '2153', '2169', '185', '0', '1', '2017-09-06 20:48:13', '2017-09-06 20:48:13', 'fd849c0a-94f6-4d91-8e35-5d77792cbeb4'),
 ('4203', '2153', '2169', '186', '0', '2', '2017-09-06 20:48:13', '2017-09-06 20:48:13', 'a0308280-3edf-40f7-8708-97432165b789'),
 ('4310', '2179', '2200', '35', '0', '1', '2017-09-06 22:47:43', '2017-09-06 22:47:43', '271d9998-b9ef-4e14-822c-12068fdc5535'),
 ('4311', '2180', '2201', '190', '0', '1', '2017-09-06 22:47:55', '2017-09-06 22:47:55', 'fff7a185-bd5c-4da3-bc4d-6446c1610eb7'),
 ('4314', '2185', '2206', '108', '0', '1', '2017-09-06 22:49:54', '2017-09-06 22:49:54', '436bb8e4-5fbe-4419-9d5a-a9827b3e7af4'),
 ('4315', '2185', '2206', '188', '0', '2', '2017-09-06 22:49:54', '2017-09-06 22:49:54', '1fb3a13f-611f-4bf6-b7ff-032c6738b63a'),
 ('4316', '2185', '2206', '36', '0', '3', '2017-09-06 22:49:54', '2017-09-06 22:49:54', '09b98f18-4a85-49de-ab8f-0c61a3eafc36'),
 ('4324', '2191', '2212', '34', '1', '1', '2017-09-06 23:01:26', '2017-09-06 23:01:26', 'eae1b5dd-4afe-40b6-97fc-9b3d174f33de'),
 ('4325', '2192', '2213', '34', '1', '1', '2017-09-06 23:01:26', '2017-09-06 23:01:26', 'a16c9c9e-bb50-4b17-a2d8-11058f882034'),
 ('4326', '2192', '2213', '189', '1', '2', '2017-09-06 23:01:26', '2017-09-06 23:01:26', '1368aeb1-02d4-4332-9d00-b2d412466219'),
 ('4438', '2201', '2231', '199', '0', '1', '2017-09-07 18:13:30', '2017-09-07 18:13:30', '6e2681b5-42fc-4023-a8c1-159e0b8b3fd2'),
 ('4439', '2202', '2232', '15', '0', '1', '2017-09-07 18:14:08', '2017-09-07 18:14:08', '0520d0be-2876-4173-b107-c0480c5924de'),
 ('4440', '2202', '2232', '16', '0', '2', '2017-09-07 18:14:08', '2017-09-07 18:14:08', 'b1a26e0e-0858-4ea0-ad45-60c53af3421b'),
 ('4441', '2202', '2232', '89', '0', '3', '2017-09-07 18:14:08', '2017-09-07 18:14:08', '3080e65f-0372-45cf-9409-1308ba5b8d09'),
 ('4442', '2202', '2233', '112', '0', '1', '2017-09-07 18:14:08', '2017-09-07 18:14:08', '931c9caa-e2af-4fd5-9be6-fb2dd9d7bcbe'),
 ('4443', '2202', '2233', '3', '0', '2', '2017-09-07 18:14:08', '2017-09-07 18:14:08', '26557740-761b-4a9b-bd79-9bbcdff5f866'),
 ('4444', '2202', '2234', '196', '0', '1', '2017-09-07 18:14:08', '2017-09-07 18:14:08', '781b8ae8-1c1d-4657-932a-569fe312dec6'),
 ('4445', '2202', '2234', '197', '0', '2', '2017-09-07 18:14:08', '2017-09-07 18:14:08', '5a49d8eb-398f-4b0c-abd4-3eb97e6b08e9'),
 ('4446', '2202', '2234', '198', '0', '3', '2017-09-07 18:14:08', '2017-09-07 18:14:08', '7de38c2e-3a7f-439f-8f20-d64db106d2b0'),
 ('4447', '2202', '2235', '101', '0', '1', '2017-09-07 18:14:08', '2017-09-07 18:14:08', 'bb06a2f4-5c24-4a60-895d-2cb92ecef5d9'),
 ('4448', '2202', '2235', '102', '0', '2', '2017-09-07 18:14:08', '2017-09-07 18:14:08', '53c43b66-a586-48f6-9cc0-0eff31da6ce6'),
 ('4449', '2202', '2235', '104', '0', '3', '2017-09-07 18:14:08', '2017-09-07 18:14:08', 'f00888c5-7bdf-4362-a020-06128d8792f2'),
 ('4450', '2202', '2235', '107', '0', '4', '2017-09-07 18:14:08', '2017-09-07 18:14:08', '046b7729-a9ce-4096-b5fb-70d96b1aa225'),
 ('4451', '2202', '2235', '103', '0', '5', '2017-09-07 18:14:08', '2017-09-07 18:14:08', '6c6d72f3-b38b-480e-9a99-e09e6936dd4d'),
 ('4452', '2202', '2235', '105', '0', '6', '2017-09-07 18:14:08', '2017-09-07 18:14:08', '1255fbf1-afaf-4af0-a3e1-15f58c29b95b'),
 ('4453', '2202', '2235', '106', '0', '7', '2017-09-07 18:14:08', '2017-09-07 18:14:08', 'b4a40b41-0215-45a9-bcd4-0628efd670cf'),
 ('4653', '2233', '2289', '155', '1', '1', '2017-09-07 22:28:03', '2017-09-07 22:28:03', '7696347d-de9b-467b-828a-8ec094e8707f'),
 ('4654', '2233', '2289', '208', '0', '2', '2017-09-07 22:28:03', '2017-09-07 22:28:03', '59bac871-30d0-4f79-9733-15dedf640b3a'),
 ('4655', '2233', '2289', '205', '0', '3', '2017-09-07 22:28:03', '2017-09-07 22:28:03', '0c2d02e0-3f1f-4f58-823d-3754bae5545b'),
 ('4656', '2233', '2289', '203', '0', '4', '2017-09-07 22:28:03', '2017-09-07 22:28:03', '17f0e280-7e13-4ece-ba10-546a9bd36197'),
 ('4657', '2233', '2289', '204', '0', '5', '2017-09-07 22:28:03', '2017-09-07 22:28:03', '654586cb-97f9-402b-b379-ec35d63ffe88'),
 ('4658', '2234', '2290', '155', '1', '1', '2017-09-07 22:28:07', '2017-09-07 22:28:07', '2c1eaa5a-3324-444b-8885-4fe6dd52b919'),
 ('4659', '2234', '2290', '146', '0', '2', '2017-09-07 22:28:07', '2017-09-07 22:28:07', 'cf33e8fd-d876-48b3-80b4-d92938cafb5a'),
 ('4660', '2234', '2290', '206', '0', '3', '2017-09-07 22:28:07', '2017-09-07 22:28:07', '6ddf3375-14f9-4713-8b86-73b3b5017cf1'),
 ('4661', '2234', '2290', '207', '0', '4', '2017-09-07 22:28:07', '2017-09-07 22:28:07', 'e24e637e-eb4a-4256-8e9e-29c097697340'),
 ('4662', '2234', '2290', '205', '0', '5', '2017-09-07 22:28:07', '2017-09-07 22:28:07', 'e278ee0e-2c0a-480c-adbf-487685834464'),
 ('4663', '2234', '2290', '203', '0', '6', '2017-09-07 22:28:07', '2017-09-07 22:28:07', 'ab060a46-cf50-4b18-a342-420cb3ca4b5b'),
 ('4664', '2234', '2290', '204', '0', '7', '2017-09-07 22:28:07', '2017-09-07 22:28:07', '5543b426-e74a-445c-bf79-91d4ff850ccb'),
 ('4665', '2235', '2291', '155', '1', '1', '2017-09-07 22:29:26', '2017-09-07 22:29:26', 'be5a8c7d-a680-48c1-915c-4fbb7944026a'),
 ('4666', '2235', '2291', '7', '1', '2', '2017-09-07 22:29:26', '2017-09-07 22:29:26', '9f8fb7ac-d4eb-4f70-a8b2-10a82450ac56'),
 ('4667', '2235', '2291', '15', '0', '3', '2017-09-07 22:29:26', '2017-09-07 22:29:26', '86a2aef9-7a55-4211-9d72-832e4094a3c9'),
 ('4668', '2235', '2291', '16', '0', '4', '2017-09-07 22:29:26', '2017-09-07 22:29:26', 'a01a5579-3a2e-4789-8aef-4097122c3cd7'),
 ('4669', '2235', '2291', '89', '0', '5', '2017-09-07 22:29:26', '2017-09-07 22:29:26', '040b8a8b-a2a4-416a-ab24-2da49a7268da'),
 ('4670', '2235', '2292', '3', '0', '1', '2017-09-07 22:29:26', '2017-09-07 22:29:26', '53211b09-6825-48d6-b6c7-8fc7fdfc0887'),
 ('4671', '2235', '2293', '196', '0', '1', '2017-09-07 22:29:26', '2017-09-07 22:29:26', 'e4d70f75-bba7-4b89-bdb1-823c5dc9e1c6'),
 ('4672', '2235', '2293', '197', '0', '2', '2017-09-07 22:29:26', '2017-09-07 22:29:26', '7a325fd2-f630-44fb-b77c-8604920e19b6'),
 ('4673', '2235', '2293', '198', '0', '3', '2017-09-07 22:29:26', '2017-09-07 22:29:26', '6267b959-8121-47e3-bf2c-19506e263403'),
 ('4674', '2235', '2294', '101', '0', '1', '2017-09-07 22:29:26', '2017-09-07 22:29:26', 'aa693e88-0fa8-4e22-9f38-43c7cbbbaa58'),
 ('4675', '2235', '2294', '102', '0', '2', '2017-09-07 22:29:26', '2017-09-07 22:29:26', '8d35d541-39aa-4d14-9c2a-ed759ec736ee'),
 ('4676', '2235', '2294', '104', '0', '3', '2017-09-07 22:29:26', '2017-09-07 22:29:26', 'f4e97f8a-0009-44da-ab82-e86148cf0607'),
 ('4677', '2235', '2294', '107', '0', '4', '2017-09-07 22:29:26', '2017-09-07 22:29:26', '4cc49870-b526-43e6-a299-06934fa5fcbc'),
 ('4678', '2235', '2294', '103', '0', '5', '2017-09-07 22:29:26', '2017-09-07 22:29:26', '34e5ea48-9c64-4a18-ac29-c0b79bbd2025'),
 ('4679', '2235', '2294', '105', '0', '6', '2017-09-07 22:29:26', '2017-09-07 22:29:26', '3cfe526b-fcf9-4a14-b552-89c9744cfced'),
 ('4680', '2235', '2294', '106', '0', '7', '2017-09-07 22:29:26', '2017-09-07 22:29:26', '6cee6323-c876-409a-8e55-b35344b78fb8');
INSERT INTO `craft_fieldlayoutfields` (`id`, `layoutId`, `tabId`, `fieldId`, `required`, `sortOrder`, `dateCreated`, `dateUpdated`, `uid`) VALUES
 ('4682', '2237', '2296', '216', '0', '1', '2017-09-11 18:03:17', '2017-09-11 18:03:17', '0ff73c33-de56-4501-81da-850412dd597f'),
 ('4683', '2238', '2297', '214', '1', '1', '2017-09-11 18:03:24', '2017-09-11 18:03:24', '0e12ba40-f9b6-4e4f-8c08-927e47026665'),
 ('4786', '2283', '2342', '219', '1', '1', '2017-09-12 17:29:38', '2017-09-12 17:29:38', 'a2c2f709-c399-4ad3-b0bd-2967274066cd'),
 ('4787', '2283', '2342', '220', '0', '2', '2017-09-12 17:29:38', '2017-09-12 17:29:38', '322f0aab-07fc-46a6-9b2a-1afef83e2541'),
 ('4788', '2283', '2342', '221', '0', '3', '2017-09-12 17:29:38', '2017-09-12 17:29:38', '989eb34d-6cea-404d-816f-01d21617dc85'),
 ('4789', '2283', '2342', '222', '0', '4', '2017-09-12 17:29:38', '2017-09-12 17:29:38', '7153b59f-2820-4ee8-868e-7bfac5ec3f1b'),
 ('4836', '2298', '2360', '128', '1', '1', '2017-09-12 17:50:03', '2017-09-12 17:50:03', 'ba8a58a7-64ae-4a70-9876-49ff2aa9d8a6'),
 ('4837', '2298', '2360', '226', '0', '2', '2017-09-12 17:50:03', '2017-09-12 17:50:03', 'ed351a45-1a9f-4789-acec-090400d08749'),
 ('4838', '2298', '2360', '129', '0', '3', '2017-09-12 17:50:03', '2017-09-12 17:50:03', '1a8e4e29-4a0a-4a0c-b51d-48b4f71f1026'),
 ('5002', '2373', '2430', '230', '0', '1', '2017-09-12 23:22:01', '2017-09-12 23:22:01', 'd318073e-bc0d-4ea7-861f-9d27bbb3eb11'),
 ('5082', '2401', '2464', '209', '0', '1', '2017-09-12 23:43:44', '2017-09-12 23:43:44', 'ac1171a9-728d-4d8e-af85-1bfee22f10dd'),
 ('5083', '2401', '2464', '232', '0', '2', '2017-09-12 23:43:44', '2017-09-12 23:43:44', '6e2595c4-c467-4a62-a3a9-710c43a45b05'),
 ('5084', '2401', '2464', '210', '0', '3', '2017-09-12 23:43:44', '2017-09-12 23:43:44', '7c3df38b-6d89-45b6-873b-4b46b2514dae'),
 ('5085', '2402', '2465', '211', '0', '1', '2017-09-12 23:43:44', '2017-09-12 23:43:44', 'c748b5a2-9001-403d-a865-92c4f7d235fd'),
 ('5086', '2402', '2465', '212', '0', '2', '2017-09-12 23:43:44', '2017-09-12 23:43:44', '7ff23e3e-9bef-4a31-bb5d-9ef2226d207a'),
 ('5087', '2403', '2466', '155', '1', '1', '2017-09-12 23:45:41', '2017-09-12 23:45:41', 'b2a63717-6f2d-4de2-8ac7-6d544ec8a9b0'),
 ('5088', '2403', '2466', '38', '0', '2', '2017-09-12 23:45:41', '2017-09-12 23:45:41', '87249408-7d01-49f2-bd3c-603bab31528a'),
 ('5089', '2403', '2466', '42', '0', '3', '2017-09-12 23:45:41', '2017-09-12 23:45:41', '58470656-8a83-4dff-aa16-41ad8b24d914'),
 ('5090', '2403', '2466', '151', '0', '4', '2017-09-12 23:45:41', '2017-09-12 23:45:41', 'a45e43dd-8de3-4325-a79f-c983f140069f'),
 ('5091', '2403', '2466', '40', '0', '5', '2017-09-12 23:45:41', '2017-09-12 23:45:41', '2a8b1148-b75d-4854-a021-f0a2f6b50f73'),
 ('5092', '2403', '2466', '177', '0', '6', '2017-09-12 23:45:41', '2017-09-12 23:45:41', '2b084b12-1580-4b52-b440-a7d052aaf56d'),
 ('5093', '2403', '2466', '88', '0', '7', '2017-09-12 23:45:41', '2017-09-12 23:45:41', '4dc9af23-ccdd-4c7b-a843-d006b626aeac'),
 ('5094', '2403', '2466', '87', '0', '8', '2017-09-12 23:45:41', '2017-09-12 23:45:41', '2ae419d1-76a8-45af-a43e-a098337c9b62'),
 ('5095', '2403', '2466', '86', '0', '9', '2017-09-12 23:45:41', '2017-09-12 23:45:41', 'dd34517a-c8a9-49cd-8fe1-0c1308b6e9b9'),
 ('5096', '2403', '2467', '179', '0', '1', '2017-09-12 23:45:41', '2017-09-12 23:45:41', 'bd834b7c-c0cc-490a-9177-12c86074ee66'),
 ('5097', '2403', '2468', '196', '0', '1', '2017-09-12 23:45:41', '2017-09-12 23:45:41', 'a60d2765-b55b-46ab-ade8-ab9fceb40a13'),
 ('5098', '2403', '2468', '197', '0', '2', '2017-09-12 23:45:41', '2017-09-12 23:45:41', '06478d28-e33d-47a9-9233-9693ca1c1bd6'),
 ('5099', '2403', '2468', '198', '0', '3', '2017-09-12 23:45:41', '2017-09-12 23:45:41', '183c4c38-2c99-47b8-a7a7-e059dec5aa92'),
 ('5100', '2403', '2469', '101', '0', '1', '2017-09-12 23:45:41', '2017-09-12 23:45:41', '2cc84087-2ddc-4c52-bdcb-24d3dab1e851'),
 ('5101', '2403', '2469', '104', '0', '2', '2017-09-12 23:45:41', '2017-09-12 23:45:41', '2488a7eb-1e61-4bd5-a4cf-6f5d75fb1b9e'),
 ('5102', '2403', '2469', '102', '0', '3', '2017-09-12 23:45:41', '2017-09-12 23:45:41', 'a33b0f8a-0166-4676-9165-dfc848c4f2e7'),
 ('5103', '2403', '2469', '107', '0', '4', '2017-09-12 23:45:41', '2017-09-12 23:45:41', '687116c9-e575-4a2f-a480-a519f190a41f'),
 ('5104', '2403', '2469', '103', '0', '5', '2017-09-12 23:45:41', '2017-09-12 23:45:41', 'fd2d742b-2115-45a6-80ce-7464b5f509b0'),
 ('5105', '2403', '2469', '105', '0', '6', '2017-09-12 23:45:41', '2017-09-12 23:45:41', '6a7aa8e7-b2e3-4d9a-94e2-f9fe5ad0d52b'),
 ('5106', '2403', '2469', '106', '0', '7', '2017-09-12 23:45:41', '2017-09-12 23:45:41', 'a51ad79f-a073-4516-9006-12f332cf821c'),
 ('5107', '2404', '2470', '59', '0', '1', '2017-09-12 23:52:47', '2017-09-12 23:52:47', '6c43781e-7228-4e6d-9d69-283fa036559a'),
 ('5108', '2404', '2470', '233', '0', '2', '2017-09-12 23:52:47', '2017-09-12 23:52:47', '98c01adc-c94c-47dd-b550-2a2041541f3c'),
 ('5109', '2404', '2470', '60', '0', '3', '2017-09-12 23:52:47', '2017-09-12 23:52:47', 'c05262e9-19e5-4c09-9a5b-660738c647af'),
 ('5110', '2404', '2470', '61', '0', '4', '2017-09-12 23:52:47', '2017-09-12 23:52:47', '3a1235e1-8488-414e-b46f-3d131f1c993d'),
 ('5111', '2404', '2470', '62', '0', '5', '2017-09-12 23:52:47', '2017-09-12 23:52:47', '62fa0c65-2cf2-4af8-995d-ba67e9eaca1c'),
 ('5112', '2405', '2471', '68', '0', '1', '2017-09-13 17:12:56', '2017-09-13 17:12:56', '2bfd4837-fa82-4429-8d14-f1c442dd3c5d'),
 ('5113', '2405', '2471', '69', '0', '2', '2017-09-13 17:12:56', '2017-09-13 17:12:56', '14bd5d0a-a161-4f1d-823d-32d76a4a9891'),
 ('5114', '2405', '2471', '70', '0', '3', '2017-09-13 17:12:56', '2017-09-13 17:12:56', '22d677bc-1940-4705-8077-0a636e981fb0'),
 ('5115', '2406', '2472', '23', '0', '1', '2017-09-13 17:14:20', '2017-09-13 17:14:20', 'f1d39dfe-3bfa-4a57-91dd-fb77f3c7150b'),
 ('5116', '2406', '2472', '20', '0', '2', '2017-09-13 17:14:20', '2017-09-13 17:14:20', 'f42233ad-a0f8-4619-9893-985be236cb18'),
 ('5117', '2407', '2473', '234', '0', '1', '2017-09-13 17:14:20', '2017-09-13 17:14:20', '8b41b68d-578e-4a78-bde9-3eb4d7743ca7'),
 ('5118', '2407', '2473', '67', '0', '2', '2017-09-13 17:14:20', '2017-09-13 17:14:20', '57e2bb31-1fe6-4a05-9697-29b71738faa5'),
 ('5119', '2407', '2474', '24', '0', '1', '2017-09-13 17:14:20', '2017-09-13 17:14:20', '2f36eaad-70a5-49a1-b895-1f8658f6a611'),
 ('5120', '2408', '2475', '45', '0', '1', '2017-09-13 17:14:20', '2017-09-13 17:14:20', '58ec0b8c-3cea-491f-97c7-aac659541ef3'),
 ('5121', '2409', '2476', '58', '0', '1', '2017-09-13 17:14:20', '2017-09-13 17:14:20', '6866ae2a-a747-4b5b-8cef-2b57f5284066'),
 ('5122', '2409', '2477', '24', '0', '1', '2017-09-13 17:14:20', '2017-09-13 17:14:20', 'ebf1da6c-e4b2-460b-b4e7-2a493816ac29'),
 ('5123', '2410', '2478', '10', '0', '1', '2017-09-13 17:14:20', '2017-09-13 17:14:20', 'c3a6f817-d3f0-4284-b8df-4c0ae88f9b1f'),
 ('5124', '2410', '2478', '18', '0', '2', '2017-09-13 17:14:20', '2017-09-13 17:14:20', '0f71ff19-9858-4972-8e90-e0a84f311aed'),
 ('5125', '2410', '2478', '71', '0', '3', '2017-09-13 17:14:20', '2017-09-13 17:14:20', 'f4a7d374-a29d-49a6-a409-95420d21b7cf'),
 ('5126', '2411', '2479', '8', '0', '1', '2017-09-13 17:14:20', '2017-09-13 17:14:20', '900928f9-5ca5-4864-bdb4-18d1c15ada82'),
 ('5127', '2411', '2479', '126', '0', '2', '2017-09-13 17:14:20', '2017-09-13 17:14:20', '929537a5-5cfe-4001-8dd6-db286a8c514d'),
 ('5128', '2411', '2479', '28', '0', '3', '2017-09-13 17:14:20', '2017-09-13 17:14:20', '0fbd422c-5274-42f9-8fb0-bae4567895e2'),
 ('5129', '2411', '2479', '132', '0', '4', '2017-09-13 17:14:20', '2017-09-13 17:14:20', '92188922-a34c-4c2a-bb30-053a0bc18504'),
 ('5130', '2411', '2479', '127', '0', '5', '2017-09-13 17:14:20', '2017-09-13 17:14:20', '66c5f991-62f5-4c01-ad48-95bf0a8e88b4'),
 ('5131', '2412', '2480', '122', '0', '1', '2017-09-13 17:14:20', '2017-09-13 17:14:20', '9f884a4f-2f23-42ca-b6d9-41aff91fc13d'),
 ('5132', '2412', '2480', '223', '0', '2', '2017-09-13 17:14:20', '2017-09-13 17:14:20', '4b7ed521-2141-4321-93d5-36f0e70469c8'),
 ('5133', '2412', '2480', '124', '0', '3', '2017-09-13 17:14:20', '2017-09-13 17:14:20', '8d676123-1f42-41ac-a04c-d6461ec6ee2f'),
 ('5134', '2412', '2480', '123', '0', '4', '2017-09-13 17:14:20', '2017-09-13 17:14:20', 'b539e2d8-702a-4ed6-96a0-83537e8d38ef'),
 ('5135', '2412', '2480', '224', '0', '5', '2017-09-13 17:14:20', '2017-09-13 17:14:20', '132a4b60-801c-4d17-b787-e8399f5ffe63'),
 ('5136', '2412', '2480', '125', '0', '6', '2017-09-13 17:14:20', '2017-09-13 17:14:20', '00d6e7bb-d25f-454f-bfbb-86cca7026f9d'),
 ('5137', '2412', '2480', '143', '0', '7', '2017-09-13 17:14:20', '2017-09-13 17:14:20', '5e9b394e-23a6-4793-9462-3c28995ec9da'),
 ('5138', '2412', '2480', '132', '0', '8', '2017-09-13 17:14:20', '2017-09-13 17:14:20', '16c547d3-736c-4ed5-912c-d8e2b1e43e33'),
 ('5139', '2412', '2480', '142', '0', '9', '2017-09-13 17:14:20', '2017-09-13 17:14:20', 'a28dc73d-212f-4482-a62a-45c6ebb20a1a'),
 ('5140', '2413', '2481', '12', '0', '1', '2017-09-13 17:14:20', '2017-09-13 17:14:20', 'effa4db1-c213-49c8-ae96-e3afbaff8153'),
 ('5141', '2414', '2482', '8', '0', '1', '2017-09-13 17:14:20', '2017-09-13 17:14:20', 'ee93bb91-457f-430f-b9a1-16dde224d5f2'),
 ('5142', '2414', '2482', '9', '0', '2', '2017-09-13 17:14:20', '2017-09-13 17:14:20', '42d90a5a-db06-4da9-9d6b-480612fff3e1'),
 ('5143', '2414', '2482', '10', '0', '3', '2017-09-13 17:14:20', '2017-09-13 17:14:20', 'c24b0873-ca4e-47c2-85a1-6b41b9f503a3'),
 ('5144', '2414', '2482', '11', '0', '4', '2017-09-13 17:14:20', '2017-09-13 17:14:20', '4e846e54-3861-4edf-a85a-60d967051902'),
 ('5145', '2414', '2482', '213', '0', '5', '2017-09-13 17:14:20', '2017-09-13 17:14:20', 'f5dec9e3-ec80-42ef-bd32-96dc1629bbf4'),
 ('5146', '2414', '2482', '215', '0', '6', '2017-09-13 17:14:20', '2017-09-13 17:14:20', '854701f3-0167-46e2-8cfa-f572aff9a4b7'),
 ('5147', '2415', '2483', '29', '0', '1', '2017-09-13 17:14:20', '2017-09-13 17:14:20', '1ef3bf87-268c-48fb-a392-3c262893332d'),
 ('5148', '2415', '2483', '131', '0', '2', '2017-09-13 17:14:20', '2017-09-13 17:14:20', '7260444f-df0c-41d6-b9d0-3aef0f59d668'),
 ('5149', '2415', '2483', '10', '0', '3', '2017-09-13 17:14:20', '2017-09-13 17:14:20', '479d775c-90a5-4a0f-a248-cbcee4687fac'),
 ('5150', '2415', '2483', '11', '0', '4', '2017-09-13 17:14:20', '2017-09-13 17:14:20', 'a52b91e4-dab3-4e92-8321-ad42babd5eb8'),
 ('5151', '2415', '2483', '213', '0', '5', '2017-09-13 17:14:20', '2017-09-13 17:14:20', '2a61b0eb-06d2-44a4-9c05-8a46e2192683'),
 ('5152', '2415', '2483', '215', '0', '6', '2017-09-13 17:14:20', '2017-09-13 17:14:20', 'ac7b668a-0b8e-4b10-a2bf-d3ee076ba39c'),
 ('5153', '2416', '2484', '24', '0', '1', '2017-09-13 17:14:20', '2017-09-13 17:14:20', 'a3b79c40-c0a9-4c22-a7e4-b24b7466f5d8'),
 ('5154', '2417', '2485', '74', '0', '1', '2017-09-13 17:14:20', '2017-09-13 17:14:20', 'b67a2330-8a8e-4f61-83fc-eb73e4202130'),
 ('5155', '2417', '2486', '24', '0', '1', '2017-09-13 17:14:20', '2017-09-13 17:14:20', 'fa651987-e793-4d81-b66e-7ea796e9097f'),
 ('5156', '2418', '2487', '29', '0', '1', '2017-09-13 17:14:20', '2017-09-13 17:14:20', '165ce351-1024-456d-bfa1-90ef17c98f0b'),
 ('5157', '2418', '2487', '78', '0', '2', '2017-09-13 17:14:20', '2017-09-13 17:14:20', 'dd5f18b1-9621-492d-9587-855f89880550'),
 ('5167', '2420', '2489', '81', '0', '1', '2017-09-13 22:00:50', '2017-09-13 22:00:50', 'a5d97f0b-6886-435c-b6fe-7fb024063e4a'),
 ('5168', '2420', '2489', '235', '0', '2', '2017-09-13 22:00:50', '2017-09-13 22:00:50', '6d203784-faf6-4f68-b3b9-e2b3b4df0217'),
 ('5169', '2420', '2489', '133', '0', '3', '2017-09-13 22:00:50', '2017-09-13 22:00:50', 'ad674d61-489c-4ed9-8997-00d208d776f8'),
 ('5170', '2420', '2489', '75', '0', '4', '2017-09-13 22:00:50', '2017-09-13 22:00:50', '22744225-f095-4bbc-8784-6cede28c2974'),
 ('5171', '2420', '2489', '76', '0', '5', '2017-09-13 22:00:50', '2017-09-13 22:00:50', '300498b9-84a0-44ce-a229-f2ba2c57db3c'),
 ('5172', '2420', '2489', '130', '0', '6', '2017-09-13 22:00:50', '2017-09-13 22:00:50', 'e2106e12-d8ce-4336-8e9f-1f39da7cde5c'),
 ('5173', '2420', '2489', '77', '0', '7', '2017-09-13 22:00:50', '2017-09-13 22:00:50', 'f91789d5-6275-4b48-b790-4e30bb3309f5'),
 ('5174', '2420', '2489', '116', '0', '8', '2017-09-13 22:00:50', '2017-09-13 22:00:50', 'b4955272-86cb-4fe6-bb1c-7b089a1e53d9'),
 ('5175', '2420', '2489', '117', '0', '9', '2017-09-13 22:00:50', '2017-09-13 22:00:50', 'c1e54a28-5f5a-49a9-b9ab-263f6a300825'),
 ('5176', '2421', '2490', '118', '1', '1', '2017-09-13 22:03:20', '2017-09-13 22:03:20', 'f8c31588-da36-4a65-944c-e16e04a22cb4'),
 ('5177', '2421', '2490', '119', '0', '2', '2017-09-13 22:03:20', '2017-09-13 22:03:20', '29b8b372-2336-4784-9926-3917061daf9a'),
 ('5178', '2421', '2490', '120', '0', '3', '2017-09-13 22:03:21', '2017-09-13 22:03:21', '65355c29-5212-46ab-a3b2-6b515b886b67'),
 ('5229', '2449', '2518', '165', '0', '1', '2017-09-13 22:25:05', '2017-09-13 22:25:05', 'f116d6f9-468a-405b-85e8-12b0c4267198'),
 ('5230', '2449', '2518', '166', '0', '2', '2017-09-13 22:25:05', '2017-09-13 22:25:05', '4cd398fd-8d5c-446f-b34d-eb7dbf3b0c53');
INSERT INTO `craft_fieldlayoutfields` (`id`, `layoutId`, `tabId`, `fieldId`, `required`, `sortOrder`, `dateCreated`, `dateUpdated`, `uid`) VALUES
 ('5231', '2449', '2518', '167', '0', '3', '2017-09-13 22:25:05', '2017-09-13 22:25:05', '3910423c-7ae2-42d3-b4b7-3269d4903ce6'),
 ('5248', '2459', '2528', '172', '0', '1', '2017-09-13 22:27:12', '2017-09-13 22:27:12', '2fccf20e-5118-41eb-8d14-ed9d78dc729e'),
 ('5249', '2459', '2528', '173', '0', '2', '2017-09-13 22:27:12', '2017-09-13 22:27:12', 'a2241898-783a-4b79-af70-1aaaa628ff3d'),
 ('5383', '2531', '2600', '237', '0', '1', '2017-09-13 23:50:55', '2017-09-13 23:50:55', 'b0babb86-64ad-4d03-a2bb-d8c1e09723b2'),
 ('5384', '2531', '2600', '240', '0', '2', '2017-09-13 23:50:55', '2017-09-13 23:50:55', '0d6074c6-8196-4d7a-ab8c-da194e87db90'),
 ('5428', '2555', '2624', '155', '1', '1', '2017-09-14 00:04:38', '2017-09-14 00:04:38', '7907d85f-49ab-4d5b-b2b0-4831d7a31daf'),
 ('5429', '2555', '2624', '149', '0', '2', '2017-09-14 00:04:38', '2017-09-14 00:04:38', '9d2f9bfc-fba9-417f-9a73-29eac287466f'),
 ('5430', '2555', '2624', '146', '0', '3', '2017-09-14 00:04:38', '2017-09-14 00:04:38', '5ec11f01-2078-4395-b249-020af00dc32c'),
 ('5431', '2555', '2624', '147', '0', '4', '2017-09-14 00:04:38', '2017-09-14 00:04:38', '3dfbc923-b435-4813-907b-9df7ac5d1c5f'),
 ('5432', '2555', '2624', '148', '0', '5', '2017-09-14 00:04:38', '2017-09-14 00:04:38', '914d31d7-963a-413a-9909-60fac4a50474'),
 ('5433', '2555', '2625', '144', '0', '1', '2017-09-14 00:04:38', '2017-09-14 00:04:38', 'f2b26983-b731-497c-82ae-8fa536dda57b'),
 ('5434', '2555', '2625', '89', '0', '2', '2017-09-14 00:04:38', '2017-09-14 00:04:38', '17d64a23-d31f-45bb-bc25-ff6376976ba8'),
 ('5435', '2555', '2626', '196', '0', '1', '2017-09-14 00:04:38', '2017-09-14 00:04:38', '399a8d9e-69c1-44d7-9ad1-8d1418f9974e'),
 ('5436', '2555', '2626', '197', '0', '2', '2017-09-14 00:04:38', '2017-09-14 00:04:38', '5ffbaff0-3c61-4cc9-b1e8-56ca7c5c7959'),
 ('5437', '2555', '2626', '198', '0', '3', '2017-09-14 00:04:38', '2017-09-14 00:04:38', '84108981-9b3a-41a2-9758-29ff08c3e339'),
 ('5438', '2555', '2627', '101', '0', '1', '2017-09-14 00:04:38', '2017-09-14 00:04:38', '1d95b274-a524-489c-b878-3e086eeed09b'),
 ('5439', '2555', '2627', '102', '0', '2', '2017-09-14 00:04:38', '2017-09-14 00:04:38', '67f0a538-9553-41a3-a274-62a96ab8cbd4'),
 ('5440', '2555', '2627', '104', '0', '3', '2017-09-14 00:04:38', '2017-09-14 00:04:38', 'fbacbee1-e98b-41d3-b6d2-dc0e808d0ff6'),
 ('5441', '2555', '2627', '103', '0', '4', '2017-09-14 00:04:38', '2017-09-14 00:04:38', 'ab542bd7-f0c4-4c09-a344-0363c9be0bb0'),
 ('5442', '2555', '2627', '107', '0', '5', '2017-09-14 00:04:38', '2017-09-14 00:04:38', '6e96e777-d15d-4231-9c12-20b43d848ab3'),
 ('5443', '2555', '2627', '105', '0', '6', '2017-09-14 00:04:38', '2017-09-14 00:04:38', 'bd160f14-bee3-4e29-bb8f-6ce821761cac'),
 ('5444', '2555', '2627', '106', '0', '7', '2017-09-14 00:04:38', '2017-09-14 00:04:38', '2c91e0ed-8d0f-414b-acc6-5a928e21e030'),
 ('5445', '2556', '2628', '155', '1', '1', '2017-09-14 00:04:52', '2017-09-14 00:04:52', '6bb57e51-d6bb-4db7-821a-131e8c2806d7'),
 ('5446', '2556', '2628', '149', '0', '2', '2017-09-14 00:04:52', '2017-09-14 00:04:52', 'e54b7e07-38d3-4d36-9ec9-088ca5b5796d'),
 ('5447', '2556', '2628', '147', '0', '3', '2017-09-14 00:04:52', '2017-09-14 00:04:52', 'efa27b7d-d1b0-45a4-a44a-f1275dc1d2a1'),
 ('5448', '2556', '2628', '148', '0', '4', '2017-09-14 00:04:52', '2017-09-14 00:04:52', 'fde13372-4610-4ba4-9783-246872be4341'),
 ('5449', '2556', '2629', '144', '0', '1', '2017-09-14 00:04:52', '2017-09-14 00:04:52', 'cb56f5d1-0cba-412a-985c-2a0dcabedcaa'),
 ('5450', '2556', '2629', '89', '0', '2', '2017-09-14 00:04:52', '2017-09-14 00:04:52', '584acc4d-1c92-4c7a-b57e-398b40d47b81'),
 ('5451', '2556', '2630', '196', '0', '1', '2017-09-14 00:04:52', '2017-09-14 00:04:52', '73df9367-a29d-4736-a695-5c74ec814ff4'),
 ('5452', '2556', '2630', '197', '0', '2', '2017-09-14 00:04:52', '2017-09-14 00:04:52', '7da21d42-14d3-430e-825d-86d7b5190ec5'),
 ('5453', '2556', '2630', '198', '0', '3', '2017-09-14 00:04:52', '2017-09-14 00:04:52', '588e5880-dcdd-4007-a93c-6911627c0825'),
 ('5454', '2556', '2631', '101', '0', '1', '2017-09-14 00:04:52', '2017-09-14 00:04:52', '39806025-1c86-47e0-b264-b5a3c33c939f'),
 ('5455', '2556', '2631', '102', '0', '2', '2017-09-14 00:04:52', '2017-09-14 00:04:52', '458f71c1-2ef2-4e3e-a340-2aa37ebda9d3'),
 ('5456', '2556', '2631', '104', '0', '3', '2017-09-14 00:04:52', '2017-09-14 00:04:52', '7f4f54a2-b6ae-4011-8235-4f8420814369'),
 ('5457', '2556', '2631', '107', '0', '4', '2017-09-14 00:04:52', '2017-09-14 00:04:52', '7a24bc22-3d85-4eff-afac-8f37f768cded'),
 ('5458', '2556', '2631', '103', '0', '5', '2017-09-14 00:04:52', '2017-09-14 00:04:52', '51cfbe9e-196b-40b5-9901-98602845b73e'),
 ('5459', '2556', '2631', '105', '0', '6', '2017-09-14 00:04:52', '2017-09-14 00:04:52', '5c9ce242-930c-4b30-a07c-3ad181a9b821'),
 ('5460', '2556', '2631', '106', '0', '7', '2017-09-14 00:04:52', '2017-09-14 00:04:52', '10d6c551-b0d8-415c-9a2c-f7916f673f72'),
 ('5461', '2557', '2632', '8', '0', '1', '2017-09-14 00:09:36', '2017-09-14 00:09:36', '4ff7f9f3-d5ff-41e5-b864-b834196e6cbc'),
 ('5462', '2557', '2632', '126', '0', '2', '2017-09-14 00:09:36', '2017-09-14 00:09:36', '7a898f49-3504-41df-b761-13de6f72d583'),
 ('5463', '2558', '2633', '228', '0', '1', '2017-09-14 00:09:36', '2017-09-14 00:09:36', 'ea422437-2795-442e-903d-2f9125bc3c69'),
 ('5464', '2559', '2634', '160', '0', '1', '2017-09-14 00:09:36', '2017-09-14 00:09:36', '959c3c10-68ad-4ee2-8a36-219b3f43506a'),
 ('5465', '2560', '2635', '231', '0', '1', '2017-09-14 00:09:36', '2017-09-14 00:09:36', 'e6ce2428-bfd0-4eff-98d1-e2fe7896dfcd'),
 ('5466', '2560', '2635', '229', '0', '2', '2017-09-14 00:09:36', '2017-09-14 00:09:36', '22b90e33-f698-425c-8605-6490202500b6'),
 ('5467', '2561', '2636', '10', '0', '1', '2017-09-14 00:09:36', '2017-09-14 00:09:36', '390e1819-3cde-4385-8394-7e73f23946a5'),
 ('5468', '2561', '2636', '11', '0', '2', '2017-09-14 00:09:36', '2017-09-14 00:09:36', '70862320-cc85-4305-b75d-7226140d7fcc'),
 ('5469', '2561', '2636', '184', '0', '3', '2017-09-14 00:09:36', '2017-09-14 00:09:36', 'a27f446c-5ab7-4937-b59a-a4dc7d7744d9'),
 ('5470', '2561', '2636', '244', '0', '4', '2017-09-14 00:09:36', '2017-09-14 00:09:36', 'e054bf41-6d5f-4c01-b0ee-12e0ce33a67d'),
 ('5471', '2562', '2637', '171', '0', '1', '2017-09-14 00:09:36', '2017-09-14 00:09:36', '344cc6c8-ff98-4451-9874-c837af31e67c'),
 ('5472', '2563', '2638', '218', '0', '1', '2017-09-14 00:09:36', '2017-09-14 00:09:36', '83293ac8-7188-40a7-a7f8-2095b826d030'),
 ('5473', '2564', '2639', '183', '0', '1', '2017-09-14 00:09:36', '2017-09-14 00:09:36', '7c8df428-3bc5-421c-9f61-697d31fae029'),
 ('5474', '2564', '2639', '126', '0', '2', '2017-09-14 00:09:36', '2017-09-14 00:09:36', 'e1950f22-bd71-40da-95fe-94844ea71b87'),
 ('5475', '2564', '2639', '217', '0', '3', '2017-09-14 00:09:36', '2017-09-14 00:09:36', '8f2ca224-38a3-4721-a3fc-c49d05260203'),
 ('5476', '2565', '2640', '180', '0', '1', '2017-09-14 00:09:36', '2017-09-14 00:09:36', '1537847f-2775-4947-b4db-78fe77970b7e'),
 ('5477', '2565', '2640', '227', '0', '2', '2017-09-14 00:09:36', '2017-09-14 00:09:36', '24072de4-4d0a-4b1a-8003-89dd32992dff'),
 ('5478', '2565', '2640', '181', '0', '3', '2017-09-14 00:09:36', '2017-09-14 00:09:36', '7f87481c-151a-464f-a475-37068f358275'),
 ('5479', '2565', '2640', '217', '0', '4', '2017-09-14 00:09:36', '2017-09-14 00:09:36', '42b5e6f9-b5b6-41e5-b81c-b2be6c97392f'),
 ('5480', '2566', '2641', '242', '0', '1', '2017-09-14 17:45:47', '2017-09-14 17:45:47', '12f2eadd-17c5-4103-8a02-426cfe8b8e36'),
 ('5481', '2566', '2641', '243', '0', '2', '2017-09-14 17:45:47', '2017-09-14 17:45:47', '277628d6-095c-4e71-94bc-a482dda06dc8'),
 ('5482', '2567', '2642', '155', '0', '1', '2017-09-14 18:16:57', '2017-09-14 18:16:57', '70c09907-6e71-47e2-8420-97abfdcacd06'),
 ('5483', '2567', '2642', '7', '1', '2', '2017-09-14 18:16:57', '2017-09-14 18:16:57', '86344d7d-7b00-499e-8cbd-aa6f2d4fb330'),
 ('5484', '2567', '2642', '15', '0', '3', '2017-09-14 18:16:57', '2017-09-14 18:16:57', '5e1d9376-d4b7-4c8e-854d-8a4b6c09e819'),
 ('5485', '2567', '2642', '10', '0', '4', '2017-09-14 18:16:57', '2017-09-14 18:16:57', 'e542ada3-01e4-4e11-b736-9095c0118486'),
 ('5486', '2567', '2642', '191', '0', '5', '2017-09-14 18:16:57', '2017-09-14 18:16:57', 'f7f97ee5-ce03-46a9-a966-240b179fcd0d'),
 ('5487', '2567', '2642', '192', '0', '6', '2017-09-14 18:16:57', '2017-09-14 18:16:57', '0ade9761-7a07-4ddb-9817-d0acb68ca887'),
 ('5488', '2567', '2642', '193', '0', '7', '2017-09-14 18:16:57', '2017-09-14 18:16:57', '62768545-88d2-4f42-a086-d06e897473f3'),
 ('5489', '2567', '2642', '195', '0', '8', '2017-09-14 18:16:57', '2017-09-14 18:16:57', '539b4fce-2061-4e7d-bdcf-8d33c2a34fd1'),
 ('5490', '2567', '2643', '103', '0', '1', '2017-09-14 18:16:57', '2017-09-14 18:16:57', '6c311d5e-e71a-4074-9d7a-57be771af27a'),
 ('5491', '2567', '2643', '106', '0', '2', '2017-09-14 18:16:57', '2017-09-14 18:16:57', 'f360683c-a86a-4f18-aa6d-bcfdac6869d0'),
 ('5492', '2567', '2643', '105', '0', '3', '2017-09-14 18:16:57', '2017-09-14 18:16:57', 'b3f512b8-fd95-4bff-ba36-b2bb89d75ee2'),
 ('5493', '2567', '2643', '107', '0', '4', '2017-09-14 18:16:57', '2017-09-14 18:16:57', '66fa5764-ea11-40a0-a7d4-ede7942e39b9'),
 ('5494', '2567', '2643', '102', '0', '5', '2017-09-14 18:16:57', '2017-09-14 18:16:57', 'e073601f-1759-4086-990a-e29673f5acb8'),
 ('5495', '2567', '2643', '104', '0', '6', '2017-09-14 18:16:57', '2017-09-14 18:16:57', 'e21fed03-f4d1-4bdd-aae5-b00cc3dff0bd'),
 ('5496', '2567', '2643', '101', '0', '7', '2017-09-14 18:16:57', '2017-09-14 18:16:57', '8c6822ae-6da8-47d2-94cd-6d9d9ca4e48e'),
 ('5497', '2568', '2644', '15', '0', '1', '2017-09-14 18:18:59', '2017-09-14 18:18:59', 'c9f4aed7-e073-4437-9787-f07aa61ac067'),
 ('5498', '2568', '2644', '10', '0', '2', '2017-09-14 18:18:59', '2017-09-14 18:18:59', '12e193db-ede0-4316-902b-c80270d1abbd'),
 ('5499', '2568', '2644', '136', '0', '3', '2017-09-14 18:18:59', '2017-09-14 18:18:59', '2d0243ed-3f5b-495f-a072-ebd537f24d18'),
 ('5500', '2568', '2644', '137', '0', '4', '2017-09-14 18:18:59', '2017-09-14 18:18:59', '2c20f3ba-b588-4955-9d5b-ce2dd7f8c0e3'),
 ('5501', '2568', '2644', '138', '0', '5', '2017-09-14 18:18:59', '2017-09-14 18:18:59', '64917c5b-801a-4b0a-a5ea-a6a302ff0399'),
 ('5502', '2568', '2644', '156', '0', '6', '2017-09-14 18:18:59', '2017-09-14 18:18:59', 'e2be19c3-e2c4-418b-874f-18d6cf2c7e15'),
 ('5503', '2568', '2645', '196', '0', '1', '2017-09-14 18:18:59', '2017-09-14 18:18:59', '0b564201-077b-4ec3-be61-2e4fb4044027'),
 ('5504', '2568', '2645', '197', '0', '2', '2017-09-14 18:18:59', '2017-09-14 18:18:59', '548f27a9-4800-4ee3-b7a0-0320b4f2eab9'),
 ('5505', '2568', '2645', '198', '0', '3', '2017-09-14 18:18:59', '2017-09-14 18:18:59', '2e93360f-1eb3-4623-9d90-16aa0eb7e4d0'),
 ('5506', '2568', '2646', '101', '0', '1', '2017-09-14 18:18:59', '2017-09-14 18:18:59', 'fbeb5be1-9d85-489c-99f8-b4576e7107a2'),
 ('5507', '2568', '2646', '104', '0', '2', '2017-09-14 18:18:59', '2017-09-14 18:18:59', 'f4fefbb5-7878-482d-b379-8ed2502e9b18'),
 ('5508', '2568', '2646', '102', '0', '3', '2017-09-14 18:18:59', '2017-09-14 18:18:59', 'bf242e81-5ba0-4911-9276-e04d14529ee7'),
 ('5509', '2568', '2646', '107', '0', '4', '2017-09-14 18:18:59', '2017-09-14 18:18:59', '0c888bb1-a2d2-40cb-b5a7-e5198c3af868'),
 ('5510', '2568', '2646', '103', '0', '5', '2017-09-14 18:18:59', '2017-09-14 18:18:59', '3831196a-25f5-4764-9852-b9cd3514466d'),
 ('5511', '2568', '2646', '106', '0', '6', '2017-09-14 18:18:59', '2017-09-14 18:18:59', '94321ed8-ee4d-43ca-8e6c-d1e6b2e7d16e'),
 ('5512', '2568', '2646', '105', '0', '7', '2017-09-14 18:18:59', '2017-09-14 18:18:59', 'da1d4ece-d524-4d7a-9c4d-5510054636d7'),
 ('5513', '2569', '2647', '7', '1', '1', '2017-09-14 18:20:24', '2017-09-14 18:20:24', '6f2f9d06-a57a-4ce7-a5fe-23ee705e30d2'),
 ('5514', '2569', '2647', '15', '0', '2', '2017-09-14 18:20:24', '2017-09-14 18:20:24', '4bc0fab4-4e7b-4718-a23d-dc2bc3e2b10c'),
 ('5515', '2569', '2647', '10', '0', '3', '2017-09-14 18:20:24', '2017-09-14 18:20:24', 'a24b4399-bce1-4ce4-9899-e8b87923be85'),
 ('5516', '2569', '2647', '136', '0', '4', '2017-09-14 18:20:24', '2017-09-14 18:20:24', '2ae944c8-de26-40be-b91f-b646fbac7c35'),
 ('5517', '2569', '2647', '137', '0', '5', '2017-09-14 18:20:24', '2017-09-14 18:20:24', '882d0174-86fc-4dea-b55b-22d7f7291a86'),
 ('5518', '2569', '2647', '138', '0', '6', '2017-09-14 18:20:24', '2017-09-14 18:20:24', '4d621404-d774-4acd-8a65-f6c4671c6606'),
 ('5519', '2569', '2647', '156', '0', '7', '2017-09-14 18:20:24', '2017-09-14 18:20:24', '8383f0e9-ae08-488b-90e7-8ecfb315768c'),
 ('5520', '2569', '2648', '200', '0', '1', '2017-09-14 18:20:24', '2017-09-14 18:20:24', 'e17e4e5e-19f6-4160-8c73-92677c2bc6c0'),
 ('5521', '2569', '2648', '201', '0', '2', '2017-09-14 18:20:24', '2017-09-14 18:20:24', '0a86a3d4-8237-4fb5-8bfd-bf80c396ea88'),
 ('5522', '2569', '2648', '202', '0', '3', '2017-09-14 18:20:24', '2017-09-14 18:20:24', 'c5fa154b-b4c6-4d64-a213-3114f25e06fe');
INSERT INTO `craft_fieldlayoutfields` (`id`, `layoutId`, `tabId`, `fieldId`, `required`, `sortOrder`, `dateCreated`, `dateUpdated`, `uid`) VALUES
 ('5523', '2569', '2649', '196', '0', '1', '2017-09-14 18:20:24', '2017-09-14 18:20:24', 'c844b0f3-090f-4b89-9309-8042eb67071d'),
 ('5524', '2569', '2649', '197', '0', '2', '2017-09-14 18:20:24', '2017-09-14 18:20:24', 'a4c48556-bb84-4240-aecc-28e2fd07df4c'),
 ('5525', '2569', '2649', '198', '0', '3', '2017-09-14 18:20:24', '2017-09-14 18:20:24', 'c5d98b7f-20cb-4f4d-84a3-0cb45845987b'),
 ('5526', '2569', '2650', '101', '0', '1', '2017-09-14 18:20:24', '2017-09-14 18:20:24', '16bd2d59-0dd5-4cc3-becc-7ccccd0b0f13'),
 ('5527', '2569', '2650', '104', '0', '2', '2017-09-14 18:20:24', '2017-09-14 18:20:24', '6df7b91a-4322-4432-aa33-1ba896acda70'),
 ('5528', '2569', '2650', '102', '0', '3', '2017-09-14 18:20:24', '2017-09-14 18:20:24', '9c2b7b8d-6f28-48be-9aa1-65ca1518993c'),
 ('5529', '2569', '2650', '103', '0', '4', '2017-09-14 18:20:24', '2017-09-14 18:20:24', 'e70e19e8-fe5c-464f-91d4-ca6dba09f0a2'),
 ('5530', '2569', '2650', '107', '0', '5', '2017-09-14 18:20:24', '2017-09-14 18:20:24', 'd66da44b-9a66-45f4-98e7-b9cdfe8a0f64'),
 ('5531', '2569', '2650', '105', '0', '6', '2017-09-14 18:20:24', '2017-09-14 18:20:24', '6bcb33f9-6e94-4fe6-b03e-fd7b77447979'),
 ('5532', '2569', '2650', '106', '0', '7', '2017-09-14 18:20:24', '2017-09-14 18:20:24', '155ca828-51e7-4bd3-b3b7-ef971f4b2153'),
 ('5560', '2572', '2655', '15', '0', '1', '2017-09-14 18:29:23', '2017-09-14 18:29:23', '35bd75b7-e29d-4793-b647-f395e9be2f14'),
 ('5561', '2572', '2655', '10', '0', '2', '2017-09-14 18:29:23', '2017-09-14 18:29:23', 'cf445c2b-c83d-4e43-8913-98156f84098c'),
 ('5562', '2572', '2655', '138', '0', '3', '2017-09-14 18:29:23', '2017-09-14 18:29:23', '165c2578-6ae2-442f-812c-cce341aefb9c'),
 ('5563', '2572', '2655', '156', '0', '4', '2017-09-14 18:29:23', '2017-09-14 18:29:23', '9df88268-6e21-430f-8843-a515c380c83b'),
 ('5564', '2572', '2656', '101', '0', '1', '2017-09-14 18:29:23', '2017-09-14 18:29:23', 'f0da7a0e-d858-4234-9d01-6fca9119d455'),
 ('5565', '2572', '2656', '102', '0', '2', '2017-09-14 18:29:23', '2017-09-14 18:29:23', 'dd5ef29e-a4d5-44e6-b077-2bef96d86d11'),
 ('5566', '2572', '2656', '104', '0', '3', '2017-09-14 18:29:23', '2017-09-14 18:29:23', '9d56c0c2-d283-43b8-90c8-eef99de379a3'),
 ('5567', '2572', '2656', '103', '0', '4', '2017-09-14 18:29:23', '2017-09-14 18:29:23', '7fdb992f-d87d-4c03-bc50-2e338beae516'),
 ('5568', '2572', '2656', '107', '0', '5', '2017-09-14 18:29:23', '2017-09-14 18:29:23', 'c088524f-5a8b-406d-8c05-2d60fde0e6dc'),
 ('5569', '2572', '2656', '105', '0', '6', '2017-09-14 18:29:23', '2017-09-14 18:29:23', '7884a654-5c0c-4923-84c1-f7b0099f74ce'),
 ('5570', '2572', '2656', '106', '0', '7', '2017-09-14 18:29:23', '2017-09-14 18:29:23', '20c0f1ac-6f95-4b4a-88e7-0e6197be1831'),
 ('5571', '2573', '2657', '228', '0', '1', '2017-09-14 20:28:17', '2017-09-14 20:28:17', '775fbe3c-2499-48be-9462-702b7fd6990f'),
 ('5572', '2574', '2658', '160', '0', '1', '2017-09-14 20:28:17', '2017-09-14 20:28:17', '2b0c96d1-d6c7-4040-8525-36cdb15a6d04'),
 ('5573', '2575', '2659', '231', '0', '1', '2017-09-14 20:28:17', '2017-09-14 20:28:17', 'c9e78503-203f-44b6-bd4c-71031954da84'),
 ('5574', '2575', '2659', '229', '0', '2', '2017-09-14 20:28:17', '2017-09-14 20:28:17', '038192c5-a4f2-4216-a059-d00a91093942'),
 ('5575', '2576', '2660', '145', '0', '1', '2017-09-14 20:28:17', '2017-09-14 20:28:17', 'a1f99d81-a90c-4d62-9151-24e7f65a16ed'),
 ('5576', '2577', '2661', '238', '0', '1', '2017-09-14 20:28:17', '2017-09-14 20:28:17', '543e72e1-9d40-4506-8a84-040d0312ce48'),
 ('5577', '2577', '2661', '239', '0', '2', '2017-09-14 20:28:17', '2017-09-14 20:28:17', 'ec1b535c-73d7-490f-a8c8-007b513175f0'),
 ('5578', '2577', '2661', '236', '0', '3', '2017-09-14 20:28:17', '2017-09-14 20:28:17', '4ad53e7f-aac8-4a45-8dcf-1382ccc5492e'),
 ('5579', '2577', '2661', '170', '0', '4', '2017-09-14 20:28:17', '2017-09-14 20:28:17', '39079e6a-c609-4ea1-ac76-0a02b37bb596'),
 ('5580', '2577', '2661', '168', '0', '5', '2017-09-14 20:28:17', '2017-09-14 20:28:17', 'd288a8df-f7c3-4e5b-94fa-f8ce817347cf'),
 ('5581', '2578', '2662', '241', '0', '1', '2017-09-14 20:28:17', '2017-09-14 20:28:17', '31ab8938-3174-4d2b-9cbe-2a5ca29b4c45'),
 ('5582', '2578', '2662', '217', '0', '2', '2017-09-14 20:28:17', '2017-09-14 20:28:17', 'd1ec75bc-5dee-492d-929e-225896020187'),
 ('5583', '2579', '2663', '29', '0', '1', '2017-09-14 20:28:17', '2017-09-14 20:28:17', '38e4bd5e-3a65-47c7-84b6-447883e8049b'),
 ('5584', '2579', '2663', '143', '0', '2', '2017-09-14 20:28:17', '2017-09-14 20:28:17', '794b3e72-ca8c-48fc-a8f3-e3355ff0e363'),
 ('5585', '2579', '2663', '132', '0', '3', '2017-09-14 20:28:17', '2017-09-14 20:28:17', 'b8deee55-43fb-49d5-84e1-118c86951d93'),
 ('5586', '2580', '2664', '161', '0', '1', '2017-09-14 20:28:17', '2017-09-14 20:28:17', 'f232de6c-6fa1-4ecb-9136-e32447020439'),
 ('5587', '2581', '2665', '8', '0', '1', '2017-09-14 20:28:17', '2017-09-14 20:28:17', 'cba8b2ce-1cd7-4ac6-9421-f37e7cdc3f9d'),
 ('5588', '2581', '2665', '126', '0', '2', '2017-09-14 20:28:17', '2017-09-14 20:28:17', '52a5292d-6f06-4dd3-b94d-9b37f2270eb3'),
 ('5589', '2581', '2665', '161', '0', '3', '2017-09-14 20:28:17', '2017-09-14 20:28:17', 'dd7833dc-d452-4135-9385-071a7207a36c'),
 ('5590', '2582', '2666', '164', '0', '1', '2017-09-14 20:28:17', '2017-09-14 20:28:17', '39a0563e-14f7-4a96-b5c7-bed7b5b1ccca'),
 ('5591', '2583', '2667', '171', '0', '1', '2017-09-14 20:28:17', '2017-09-14 20:28:17', 'bdd89755-b761-4f2c-9af0-b944c7219dc2');



DROP TABLE IF EXISTS `craft_fieldlayouts`;


--
-- Schema for table `craft_fieldlayouts`
--
CREATE TABLE `craft_fieldlayouts` (
  `id` int(11) NOT NULL AUTO_INCREMENT,
  `type` varchar(150) COLLATE utf8_unicode_ci NOT NULL,
  `dateCreated` datetime NOT NULL,
  `dateUpdated` datetime NOT NULL,
  `uid` char(36) COLLATE utf8_unicode_ci NOT NULL DEFAULT '0',
  PRIMARY KEY (`id`),
  KEY `craft_fieldlayouts_type_idx` (`type`)
) ENGINE=InnoDB AUTO_INCREMENT=2584 DEFAULT CHARSET=utf8 COLLATE=utf8_unicode_ci;

--
-- Data for table `craft_fieldlayouts`
--

INSERT INTO `craft_fieldlayouts` (`id`, `type`, `dateCreated`, `dateUpdated`, `uid`) VALUES
 ('1', 'Tag', '2017-07-20 17:27:58', '2017-07-20 17:27:58', '2e0ffb99-db70-4d30-a521-199785e74613'),
 ('79', 'MatrixBlock', '2017-07-20 20:18:09', '2017-07-20 20:18:09', 'cbbffd58-9566-4358-9be9-43ba0f2e3ef2'),
 ('1168', 'MatrixBlock', '2017-08-01 17:05:51', '2017-08-01 17:05:51', '52c1d875-27db-4575-b71f-ebb42983793e'),
 ('1169', 'SuperTable_Block', '2017-08-01 17:05:51', '2017-08-01 17:05:51', '47ebc690-acfb-44c7-bf31-6e87db999d00'),
 ('1715', 'Category', '2017-08-07 21:31:43', '2017-08-07 21:31:43', 'f41fcf65-e31e-4c9a-893e-948ee4573e1c'),
 ('1739', 'GlobalSet', '2017-08-08 17:41:58', '2017-08-08 17:41:58', 'da1b99f2-1cda-4487-bd6d-d4be10a3d19c'),
 ('1740', 'GlobalSet', '2017-08-08 17:46:42', '2017-08-08 17:46:42', '6bd48392-3782-412d-b04e-8e3c8a28c54c'),
 ('1748', 'GlobalSet', '2017-08-09 17:48:15', '2017-08-09 17:48:15', '72feb5fb-51ed-4eb5-8776-3573481f61cf'),
 ('1913', 'Category', '2017-08-22 20:49:35', '2017-08-22 20:49:35', '577f972f-2229-419f-9772-d9558df97f7c'),
 ('1914', 'Category', '2017-08-22 20:52:00', '2017-08-22 20:52:00', 'f50d55cb-8d1e-49e5-a49b-face69fe35d1'),
 ('1915', 'Category', '2017-08-22 20:52:13', '2017-08-22 20:52:13', '00d2a762-b315-4eff-b094-77b5eb3280ea'),
 ('1916', 'Category', '2017-08-22 20:52:47', '2017-08-22 20:52:47', 'd25922e3-53d6-46d0-a76a-46564246e2cd'),
 ('1955', 'MatrixBlock', '2017-08-24 21:18:16', '2017-08-24 21:18:16', '7d3a0d13-e656-4015-bed1-ec06f70ed6f8'),
 ('1959', 'MatrixBlock', '2017-08-24 21:25:18', '2017-08-24 21:25:18', '37611dca-da92-44a4-ba12-b538098b529a'),
 ('1968', 'MatrixBlock', '2017-08-24 21:34:21', '2017-08-24 21:34:21', '2603810f-065f-4c7c-a5f1-6220e687f003'),
 ('1973', 'MatrixBlock', '2017-08-29 21:50:41', '2017-08-29 21:50:41', 'e30e33ea-2903-49f9-96f8-ccade55a8dbe'),
 ('1975', 'MatrixBlock', '2017-08-29 21:51:06', '2017-08-29 21:51:06', '5abef0c0-d88d-46ad-8ea8-9e07b1f790c2'),
 ('1977', 'MatrixBlock', '2017-08-29 21:53:18', '2017-08-29 21:53:18', '9a928a1d-ced2-49d1-b00e-6ba4be9fa9ef'),
 ('1978', 'Neo_Block', '2017-08-29 21:53:33', '2017-08-29 21:53:33', 'd510d127-c7ca-4378-b25e-2aa22601a760'),
 ('1979', 'MatrixBlock', '2017-08-29 21:53:48', '2017-08-29 21:53:48', 'ffe13eda-ee97-42a1-9f32-955572dbc88f'),
 ('1980', 'MatrixBlock', '2017-08-29 21:54:09', '2017-08-29 21:54:09', '40545b07-7f3f-48f1-b662-a093b4a9b81a'),
 ('1983', 'MatrixBlock', '2017-08-31 18:42:03', '2017-08-31 18:42:03', 'fc98eeef-bd21-4753-ab3d-b31d8077d8c9'),
 ('1992', 'MatrixBlock', '2017-09-05 21:24:44', '2017-09-05 21:24:44', 'c15ee9f3-9b9b-4255-84de-aa6fa999472e'),
 ('2010', 'MatrixBlock', '2017-09-05 23:37:50', '2017-09-05 23:37:50', '79ce2b1b-c005-4090-b76a-bef0917e4c2a'),
 ('2107', 'MatrixBlock', '2017-09-06 00:18:08', '2017-09-06 00:18:08', '75e8b99a-acc9-4f47-8945-44736b3c72ad'),
 ('2123', 'MatrixBlock', '2017-09-06 00:19:26', '2017-09-06 00:19:26', '80e123bc-78b0-443c-8540-8930a1afde8e'),
 ('2124', 'MatrixBlock', '2017-09-06 00:19:26', '2017-09-06 00:19:26', '17060e2c-339d-4106-9d3d-d2ccdd63bafd'),
 ('2153', 'MatrixBlock', '2017-09-06 20:48:13', '2017-09-06 20:48:13', 'f503f2a7-fe2c-4ba5-acda-8584450e27c7'),
 ('2179', 'MatrixBlock', '2017-09-06 22:47:43', '2017-09-06 22:47:43', 'a3f1eaee-077a-4413-bda3-233d680938ba'),
 ('2180', 'MatrixBlock', '2017-09-06 22:47:55', '2017-09-06 22:47:55', 'd95fb4fa-77cd-4760-8b38-210054b45182'),
 ('2185', 'GlobalSet', '2017-09-06 22:49:54', '2017-09-06 22:49:54', '7e494836-f81b-4854-8916-15e43c205433'),
 ('2191', 'Neo_Block', '2017-09-06 23:01:26', '2017-09-06 23:01:26', '06e1ec52-6ecb-450d-ae01-7ee31517fb5c'),
 ('2192', 'Neo_Block', '2017-09-06 23:01:26', '2017-09-06 23:01:26', '4bc83e91-3b0c-4248-95c6-e98d5a217e33'),
 ('2201', 'MatrixBlock', '2017-09-07 18:13:30', '2017-09-07 18:13:30', 'aec473b3-e0dc-4676-bb5a-cde343d3dd0a'),
 ('2202', 'Entry', '2017-09-07 18:14:08', '2017-09-07 18:14:08', '63b576a8-8a15-4046-9a35-a78287f4ac75'),
 ('2233', 'Entry', '2017-09-07 22:28:03', '2017-09-07 22:28:03', 'a5444350-1212-43dc-ac99-b6d78a37adfe'),
 ('2234', 'Entry', '2017-09-07 22:28:07', '2017-09-07 22:28:07', 'ed853d7c-070c-44c8-af9e-0db222af4287'),
 ('2235', 'Entry', '2017-09-07 22:29:26', '2017-09-07 22:29:26', 'bbd4cdaf-d38f-4a66-a826-ae5b26835031'),
 ('2237', 'MatrixBlock', '2017-09-11 18:03:17', '2017-09-11 18:03:17', '1a90db5c-5079-46fd-8ae7-f8e015239130'),
 ('2238', 'MatrixBlock', '2017-09-11 18:03:24', '2017-09-11 18:03:24', '4541d149-2f3b-4b8b-a04f-020d0622da8d'),
 ('2283', 'MatrixBlock', '2017-09-12 17:29:38', '2017-09-12 17:29:38', 'cc9d6bc4-e66d-4bc2-9986-a45c65fb54b9'),
 ('2298', 'MatrixBlock', '2017-09-12 17:50:03', '2017-09-12 17:50:03', '6d16a3e9-9939-496d-b371-67777d3bbc6e'),
 ('2326', 'Asset', '2017-09-12 18:16:36', '2017-09-12 18:16:36', '27ce8bd3-7a3d-4fc8-9b95-fe5b82eee74b'),
 ('2327', 'Asset', '2017-09-12 18:16:50', '2017-09-12 18:16:50', '01476ed5-dc27-4d25-b96a-6e50195668a5'),
 ('2328', 'Asset', '2017-09-12 18:18:10', '2017-09-12 18:18:10', 'c5741284-0ae5-4470-b108-0bb1f6d68bea'),
 ('2329', 'Asset', '2017-09-12 18:18:39', '2017-09-12 18:18:39', 'd94ab944-3471-4191-87ce-3a2178796566'),
 ('2345', 'Asset', '2017-09-12 18:44:52', '2017-09-12 18:44:52', 'c4987047-0810-4ef4-88b8-ffb00dde421f'),
 ('2347', 'Asset', '2017-09-12 18:45:56', '2017-09-12 18:45:56', '0f51c803-0b94-49af-a50c-22f92b9383a5'),
 ('2348', 'Asset', '2017-09-12 21:14:07', '2017-09-12 21:14:07', '91b0651e-5d7a-461c-abfa-e6c4d451cd8b'),
 ('2349', 'Asset', '2017-09-12 21:17:11', '2017-09-12 21:17:11', '2a8e08a1-4826-4f3d-823e-146ab8bb85a9'),
 ('2373', 'MatrixBlock', '2017-09-12 23:22:01', '2017-09-12 23:22:01', '39f14f76-9ef6-43e6-901b-9fd83b77d604'),
 ('2401', 'MatrixBlock', '2017-09-12 23:43:44', '2017-09-12 23:43:44', 'cc36d5e8-0f1a-4e33-8e2a-57e0091017de'),
 ('2402', 'MatrixBlock', '2017-09-12 23:43:44', '2017-09-12 23:43:44', '491491fb-6b13-4535-b473-ddaee470e566'),
 ('2403', 'Entry', '2017-09-12 23:45:41', '2017-09-12 23:45:41', '9762eec0-0601-4224-a9c0-e52d4a80279c'),
 ('2404', 'MatrixBlock', '2017-09-12 23:52:47', '2017-09-12 23:52:47', '0e0fc099-d42d-4007-a848-8796a2965c93'),
 ('2405', 'MatrixBlock', '2017-09-13 17:12:56', '2017-09-13 17:12:56', 'aecc52e4-d076-4682-b068-0f6cb22f0760'),
 ('2406', 'Neo_Block', '2017-09-13 17:14:20', '2017-09-13 17:14:20', 'ceddf9cd-497c-4913-8335-3b7ff56ee566'),
 ('2407', 'Neo_Block', '2017-09-13 17:14:20', '2017-09-13 17:14:20', '57dff304-f60a-4610-82b2-805b1b112647'),
 ('2408', 'Neo_Block', '2017-09-13 17:14:20', '2017-09-13 17:14:20', '92f419e5-3476-45a8-a5f0-846879169a89'),
 ('2409', 'Neo_Block', '2017-09-13 17:14:20', '2017-09-13 17:14:20', '3092e1af-8035-4f8f-8c78-7812032c9541'),
 ('2410', 'Neo_Block', '2017-09-13 17:14:20', '2017-09-13 17:14:20', '106dceb6-6a9e-4215-ac09-8e769f05aab9'),
 ('2411', 'Neo_Block', '2017-09-13 17:14:20', '2017-09-13 17:14:20', '03cc5479-982a-487f-9546-ed59da9432cf'),
 ('2412', 'Neo_Block', '2017-09-13 17:14:20', '2017-09-13 17:14:20', 'e50721d1-621e-4a74-b4f0-28d20de8fc7a'),
 ('2413', 'Neo_Block', '2017-09-13 17:14:20', '2017-09-13 17:14:20', 'd12a3f3c-d045-4a06-b727-d139115e3d0d'),
 ('2414', 'Neo_Block', '2017-09-13 17:14:20', '2017-09-13 17:14:20', 'dd1f6dce-c06c-41b8-9585-e75529322223'),
 ('2415', 'Neo_Block', '2017-09-13 17:14:20', '2017-09-13 17:14:20', '44bc4c84-f6ba-402c-8b82-bba66ba30c77'),
 ('2416', 'Neo_Block', '2017-09-13 17:14:20', '2017-09-13 17:14:20', '0c88fc10-dd9a-4ed9-8e21-5f1d2d69ec8d'),
 ('2417', 'Neo_Block', '2017-09-13 17:14:20', '2017-09-13 17:14:20', '34672ead-0ede-4a30-a4bf-ab2615ea7241'),
 ('2418', 'Neo_Block', '2017-09-13 17:14:20', '2017-09-13 17:14:20', '168017ef-9361-462d-b8ce-d772a4220f92'),
 ('2420', 'MatrixBlock', '2017-09-13 22:00:50', '2017-09-13 22:00:50', '28ca3e48-ee7d-40c8-b716-f9b5e88cda04'),
 ('2421', 'MatrixBlock', '2017-09-13 22:03:20', '2017-09-13 22:03:20', '6a6325a1-cf8b-4149-ae8a-be4c851eb214'),
 ('2449', 'MatrixBlock', '2017-09-13 22:25:05', '2017-09-13 22:25:05', 'acb54b8a-4565-4d23-b522-e50e554b039f'),
 ('2459', 'MatrixBlock', '2017-09-13 22:27:12', '2017-09-13 22:27:12', '6890f66d-3e3e-4547-a824-7a962bcfb5ea'),
 ('2531', 'MatrixBlock', '2017-09-13 23:50:55', '2017-09-13 23:50:55', '46cc3ed5-983b-4311-b6b4-2d1919a99f5a'),
 ('2555', 'Entry', '2017-09-14 00:04:38', '2017-09-14 00:04:38', 'f9b209f1-c87f-40e7-b8e0-c80635c07678'),
 ('2556', 'Entry', '2017-09-14 00:04:52', '2017-09-14 00:04:52', '634dfb85-94bc-45b3-a670-08766d827d6e'),
 ('2557', 'Neo_Block', '2017-09-14 00:09:36', '2017-09-14 00:09:36', 'c35a709b-81ca-4f50-b888-1b8eef534684'),
 ('2558', 'Neo_Block', '2017-09-14 00:09:36', '2017-09-14 00:09:36', '01d475d2-d169-48b4-b9df-f3e0c3df517f'),
 ('2559', 'Neo_Block', '2017-09-14 00:09:36', '2017-09-14 00:09:36', 'be67767c-0539-41d3-a30e-e8c1a3311902'),
 ('2560', 'Neo_Block', '2017-09-14 00:09:36', '2017-09-14 00:09:36', 'b1f6e64e-b82e-4c71-bbd2-4138f31addf9'),
 ('2561', 'Neo_Block', '2017-09-14 00:09:36', '2017-09-14 00:09:36', '39200ac7-4049-4775-a0a4-057703785e2c'),
 ('2562', 'Neo_Block', '2017-09-14 00:09:36', '2017-09-14 00:09:36', '6f00949d-3dc5-4536-af7a-653e62c02dbd'),
 ('2563', 'Neo_Block', '2017-09-14 00:09:36', '2017-09-14 00:09:36', '85f0b7c1-4335-4c22-879a-354b506bcb8e'),
 ('2564', 'Neo_Block', '2017-09-14 00:09:36', '2017-09-14 00:09:36', '6df6872d-0ddc-4a41-a9b5-7effd1a82a05'),
 ('2565', 'Neo_Block', '2017-09-14 00:09:36', '2017-09-14 00:09:36', '48937eda-abf9-4940-986e-02cc52063899'),
 ('2566', 'MatrixBlock', '2017-09-14 17:45:47', '2017-09-14 17:45:47', '7ad74637-2c42-49f6-9c2d-407dad4f94c6'),
 ('2567', 'Entry', '2017-09-14 18:16:57', '2017-09-14 18:16:57', '8b0bfccb-883d-443d-88f2-4e2381ad1c96'),
 ('2568', 'Entry', '2017-09-14 18:18:59', '2017-09-14 18:18:59', '1a91ecb0-7105-48c6-8dc1-59b48c48214f'),
 ('2569', 'Entry', '2017-09-14 18:20:24', '2017-09-14 18:20:24', 'da4a30f2-2f17-4970-a84f-4caa773abe3a'),
 ('2572', 'Entry', '2017-09-14 18:29:23', '2017-09-14 18:29:23', 'dcb6afa6-f974-4a1e-b501-f5b5080dd288'),
 ('2573', 'Neo_Block', '2017-09-14 20:28:17', '2017-09-14 20:28:17', 'a52c2e8b-6906-4c6d-b48d-2c456eabbcc1'),
 ('2574', 'Neo_Block', '2017-09-14 20:28:17', '2017-09-14 20:28:17', 'f5bd065a-c1be-4d25-bf1e-574bbb6d01b4'),
 ('2575', 'Neo_Block', '2017-09-14 20:28:17', '2017-09-14 20:28:17', '3ae3751e-7965-4e89-8177-648c1321e627'),
 ('2576', 'Neo_Block', '2017-09-14 20:28:17', '2017-09-14 20:28:17', '264a5317-4363-41b2-92ef-18b11d276f4b'),
 ('2577', 'Neo_Block', '2017-09-14 20:28:17', '2017-09-14 20:28:17', '8bbf56a2-a4f5-42ce-a783-e5eef7a682c6'),
 ('2578', 'Neo_Block', '2017-09-14 20:28:17', '2017-09-14 20:28:17', 'c94c2a96-f840-4753-85b0-b90500449084'),
 ('2579', 'Neo_Block', '2017-09-14 20:28:17', '2017-09-14 20:28:17', '5b07df15-4012-4cf3-a9ea-bce9422b1820'),
 ('2580', 'Neo_Block', '2017-09-14 20:28:17', '2017-09-14 20:28:17', '676ae128-a5e3-4996-8c15-232a02606cd3'),
 ('2581', 'Neo_Block', '2017-09-14 20:28:17', '2017-09-14 20:28:17', '13d79d87-0732-421c-94c8-c1df43db9c28'),
 ('2582', 'Neo_Block', '2017-09-14 20:28:17', '2017-09-14 20:28:17', '00d21194-311e-47c8-ada2-819ced67feec');
INSERT INTO `craft_fieldlayouts` (`id`, `type`, `dateCreated`, `dateUpdated`, `uid`) VALUES
 ('2583', 'Neo_Block', '2017-09-14 20:28:17', '2017-09-14 20:28:17', 'd4e3688d-a928-420c-a8fa-ff3fab713314');



DROP TABLE IF EXISTS `craft_fieldlayouttabs`;


--
-- Schema for table `craft_fieldlayouttabs`
--
CREATE TABLE `craft_fieldlayouttabs` (
  `id` int(11) NOT NULL AUTO_INCREMENT,
  `layoutId` int(11) NOT NULL,
  `name` varchar(255) COLLATE utf8_unicode_ci NOT NULL,
  `sortOrder` smallint(6) unsigned DEFAULT NULL,
  `dateCreated` datetime NOT NULL,
  `dateUpdated` datetime NOT NULL,
  `uid` char(36) COLLATE utf8_unicode_ci NOT NULL DEFAULT '0',
  PRIMARY KEY (`id`),
  KEY `craft_fieldlayouttabs_sortOrder_idx` (`sortOrder`),
  KEY `craft_fieldlayouttabs_layoutId_fk` (`layoutId`)
) ENGINE=InnoDB AUTO_INCREMENT=2668 DEFAULT CHARSET=utf8 COLLATE=utf8_unicode_ci;

--
-- Data for table `craft_fieldlayouttabs`
--

INSERT INTO `craft_fieldlayouttabs` (`id`, `layoutId`, `name`, `sortOrder`, `dateCreated`, `dateUpdated`, `uid`) VALUES
 ('80', '79', 'Content', '1', '2017-07-20 20:18:09', '2017-07-20 20:18:09', '7371d629-718b-435c-92e7-92b2de579e20'),
 ('1107', '1168', 'Content', '1', '2017-08-01 17:05:51', '2017-08-01 17:05:51', 'a7b65300-ab3e-4c29-ad65-bd69b30832db'),
 ('1108', '1169', 'Content', '1', '2017-08-01 17:05:51', '2017-08-01 17:05:51', '48375463-366c-45ec-9ff5-a04b81fcf696'),
 ('1694', '1739', 'Content', '1', '2017-08-08 17:41:58', '2017-08-08 17:41:58', 'c00e836c-6533-451d-a4fc-a9ff836c79f9'),
 ('1695', '1740', 'Content', '1', '2017-08-08 17:46:42', '2017-08-08 17:46:42', '0775b0ae-aa78-4127-999c-7c6c79adc2b4'),
 ('1702', '1748', 'Content', '1', '2017-08-09 17:48:15', '2017-08-09 17:48:15', '155f8e51-35ce-4b3f-9085-ce3f9c6f1f53'),
 ('1974', '1955', 'Content', '1', '2017-08-24 21:18:16', '2017-08-24 21:18:16', 'c1c6c872-846e-408c-b748-d5bc67c44670'),
 ('1978', '1959', 'Content', '1', '2017-08-24 21:25:18', '2017-08-24 21:25:18', '19d35209-adde-405d-9191-e5d985b62687'),
 ('1987', '1968', 'Content', '1', '2017-08-24 21:34:21', '2017-08-24 21:34:21', 'a55319c2-9daa-47e1-b7cd-c1c5673c055e'),
 ('1992', '1973', 'Content', '1', '2017-08-29 21:50:41', '2017-08-29 21:50:41', '00ab10d5-e884-4503-b69f-58aec496c385'),
 ('1994', '1975', 'Content', '1', '2017-08-29 21:51:06', '2017-08-29 21:51:06', '3cd21712-3dc8-4b4d-bacc-787170aaf79c'),
 ('1996', '1977', 'Content', '1', '2017-08-29 21:53:18', '2017-08-29 21:53:18', '1ee2988f-cab0-4b5d-a5b2-8069263e190d'),
 ('1997', '1978', 'Content', '1', '2017-08-29 21:53:33', '2017-08-29 21:53:33', '42c3a395-542a-435e-bacb-ad0599d7456d'),
 ('1998', '1979', 'Content', '1', '2017-08-29 21:53:48', '2017-08-29 21:53:48', 'f7215862-3b1f-4ebf-9347-68305156f5c5'),
 ('1999', '1980', 'Content', '1', '2017-08-29 21:54:09', '2017-08-29 21:54:09', '63c73b89-cf3b-46ae-8409-9d7a4dadf003'),
 ('2002', '1983', 'Content', '1', '2017-08-31 18:42:03', '2017-08-31 18:42:03', 'c0102575-ee88-4c3e-8d9f-70be114d655a'),
 ('2003', '1992', 'Content', '1', '2017-09-05 21:24:49', '2017-09-05 21:24:49', 'dfae6966-ff10-4079-99c5-4bc8491c3ebd'),
 ('2018', '2010', 'Content', '1', '2017-09-05 23:37:50', '2017-09-05 23:37:50', 'af236531-460c-4acf-8cc9-28dacd673165'),
 ('2122', '2107', 'Content', '1', '2017-09-06 00:18:08', '2017-09-06 00:18:08', '0b7aa812-e663-41ca-a2dd-95c3a0ba2580'),
 ('2141', '2123', 'Content', '1', '2017-09-06 00:19:26', '2017-09-06 00:19:26', '33e79eb8-f97b-48cb-b605-2bbe317c85c2'),
 ('2142', '2124', 'Content', '1', '2017-09-06 00:19:26', '2017-09-06 00:19:26', 'af2c8864-bd71-4de3-b0d5-ce6f08ebe49f'),
 ('2169', '2153', 'Content', '1', '2017-09-06 20:48:13', '2017-09-06 20:48:13', 'c635c1a9-4cec-415f-be0a-cb3b82d9af7b'),
 ('2200', '2179', 'Content', '1', '2017-09-06 22:47:43', '2017-09-06 22:47:43', '1bba0f74-a86d-4476-92ee-6d8647e3bec8'),
 ('2201', '2180', 'Content', '1', '2017-09-06 22:47:55', '2017-09-06 22:47:55', 'fdbbef6c-2a27-4333-9764-1d2533fb138f'),
 ('2206', '2185', 'Content', '1', '2017-09-06 22:49:54', '2017-09-06 22:49:54', '22abcca3-000e-4386-b427-f523e20a2b83'),
 ('2212', '2191', 'Content', '1', '2017-09-06 23:01:26', '2017-09-06 23:01:26', 'ac0d117f-c9e2-4087-a9f0-8da88dff2287'),
 ('2213', '2192', 'Content', '1', '2017-09-06 23:01:26', '2017-09-06 23:01:26', 'dd6df08b-0c17-4e1d-ae44-ee9f5a5fba17'),
 ('2231', '2201', 'Content', '1', '2017-09-07 18:13:30', '2017-09-07 18:13:30', 'a6e0766a-425b-42f1-b9f8-18207f0b8708'),
 ('2232', '2202', 'Page Info', '1', '2017-09-07 18:14:08', '2017-09-07 18:14:08', '0c9edc2d-782f-4e1f-b9da-e383a281c5df'),
 ('2233', '2202', 'Content', '2', '2017-09-07 18:14:08', '2017-09-07 18:14:08', 'ba7a20b1-08fe-4447-9060-32221ddc58d3'),
 ('2234', '2202', 'Related Content', '3', '2017-09-07 18:14:08', '2017-09-07 18:14:08', '0a119668-9399-4d05-a875-557878bceacf'),
 ('2235', '2202', 'SEO', '4', '2017-09-07 18:14:08', '2017-09-07 18:14:08', '6c942897-7e26-4aa3-9e4a-c365f668e855'),
 ('2289', '2233', 'Content', '1', '2017-09-07 22:28:03', '2017-09-07 22:28:03', '91df9a1c-6756-444e-9e64-208f9f4f8c1b'),
 ('2290', '2234', 'Content', '1', '2017-09-07 22:28:07', '2017-09-07 22:28:07', 'b4ae98bd-f861-4733-a3d8-86790a51c1fe'),
 ('2291', '2235', 'Page Info', '1', '2017-09-07 22:29:26', '2017-09-07 22:29:26', '24e72ea5-dad9-4ae8-9dd2-6c9c07b363b4'),
 ('2292', '2235', 'Page Content', '2', '2017-09-07 22:29:26', '2017-09-07 22:29:26', '4829e03b-9e12-4e40-928d-4f54b89f23e0'),
 ('2293', '2235', 'Related Content', '3', '2017-09-07 22:29:26', '2017-09-07 22:29:26', '29db501b-e990-4da6-acfc-546d3e8add78'),
 ('2294', '2235', 'SEO', '4', '2017-09-07 22:29:26', '2017-09-07 22:29:26', 'dade00c9-a856-439f-8798-a22406b98535'),
 ('2296', '2237', 'Content', '1', '2017-09-11 18:03:17', '2017-09-11 18:03:17', 'ce5b60c3-a458-4003-871a-308f6c19805e'),
 ('2297', '2238', 'Content', '1', '2017-09-11 18:03:24', '2017-09-11 18:03:24', '0e149c84-0ea7-427a-8b13-f12024e51e2c'),
 ('2342', '2283', 'Content', '1', '2017-09-12 17:29:38', '2017-09-12 17:29:38', '1fd60f8e-119e-48f8-8b66-bdb2a5b3c201'),
 ('2360', '2298', 'Content', '1', '2017-09-12 17:50:03', '2017-09-12 17:50:03', 'be9158fe-c708-4b0d-b9f4-f84339fd5c22'),
 ('2430', '2373', 'Content', '1', '2017-09-12 23:22:01', '2017-09-12 23:22:01', '61ad2ae1-81d6-48dd-b940-2985e684958d'),
 ('2464', '2401', 'Content', '1', '2017-09-12 23:43:44', '2017-09-12 23:43:44', '01f31f65-c184-4de5-8e18-b5f54f910fd3'),
 ('2465', '2402', 'Content', '1', '2017-09-12 23:43:44', '2017-09-12 23:43:44', '4dd38c40-c721-4e25-a9da-84fdda9ab9ab'),
 ('2466', '2403', 'Entry Card', '1', '2017-09-12 23:45:41', '2017-09-12 23:45:41', '490d2d82-bcf2-483a-b68d-17eb393732d3'),
 ('2467', '2403', 'Entry Content', '2', '2017-09-12 23:45:41', '2017-09-12 23:45:41', '74f902cd-9966-4c77-b0b3-f283bf95d48f'),
 ('2468', '2403', 'Related Content', '3', '2017-09-12 23:45:41', '2017-09-12 23:45:41', '59414bcb-2195-4ea5-9ca3-90c967212ff9'),
 ('2469', '2403', 'SEO', '4', '2017-09-12 23:45:41', '2017-09-12 23:45:41', 'dbb6f614-b66a-409f-8b93-e29cfcc30587'),
 ('2470', '2404', 'Content', '1', '2017-09-12 23:52:47', '2017-09-12 23:52:47', '04bccb9a-c260-4843-beaa-55ea935239a9'),
 ('2471', '2405', 'Content', '1', '2017-09-13 17:12:56', '2017-09-13 17:12:56', '7f265709-aaf4-4b47-81bf-b52c2bb638ee'),
 ('2472', '2406', 'Section Info', '1', '2017-09-13 17:14:20', '2017-09-13 17:14:20', '9fef77a3-2498-4a0c-8fb8-b556972fec67'),
 ('2473', '2407', 'Content', '1', '2017-09-13 17:14:20', '2017-09-13 17:14:20', '9cd907db-c357-4542-96aa-92e8e3c357f7'),
 ('2474', '2407', 'Chillah', '2', '2017-09-13 17:14:20', '2017-09-13 17:14:20', '3225ba1e-e8c4-4b44-b448-1f8daa312692'),
 ('2475', '2408', 'Content', '1', '2017-09-13 17:14:20', '2017-09-13 17:14:20', '42cdd380-63d3-4e0d-8598-70bec5623923'),
 ('2476', '2409', 'Content', '1', '2017-09-13 17:14:20', '2017-09-13 17:14:20', '25bfcd6b-78fc-4e1c-b58a-788b3f0cd835'),
 ('2477', '2409', 'Chillah', '2', '2017-09-13 17:14:20', '2017-09-13 17:14:20', 'ec9313a6-8581-45a0-aa86-389fc72a2db6'),
 ('2478', '2410', 'Content', '1', '2017-09-13 17:14:20', '2017-09-13 17:14:20', '2a63beeb-1e27-404e-9093-2f0a980a056d'),
 ('2479', '2411', 'Content', '1', '2017-09-13 17:14:20', '2017-09-13 17:14:20', 'b6ef257a-d51a-4960-a31e-4c1d6d8c4bbb'),
 ('2480', '2412', 'Content', '1', '2017-09-13 17:14:20', '2017-09-13 17:14:20', '0b2ed671-4af0-477f-a9a4-5164f9f0778f'),
 ('2481', '2413', 'Content', '1', '2017-09-13 17:14:20', '2017-09-13 17:14:20', '503d113d-4f5e-4acc-b68e-b3ed27431dae'),
 ('2482', '2414', 'Content', '1', '2017-09-13 17:14:20', '2017-09-13 17:14:20', '94baab07-bb6a-47e0-8714-a9bd1a68d866'),
 ('2483', '2415', 'Content', '1', '2017-09-13 17:14:20', '2017-09-13 17:14:20', '0ed5bedb-3390-4eea-8283-4cda2fa0a1bc'),
 ('2484', '2416', 'Content', '1', '2017-09-13 17:14:20', '2017-09-13 17:14:20', '8e15bab9-95e3-48b8-a72a-581e097be17c'),
 ('2485', '2417', 'Content', '1', '2017-09-13 17:14:20', '2017-09-13 17:14:20', '7888c174-bea9-49e0-bf1e-7fc0bb3eaaab'),
 ('2486', '2417', 'Chillah', '2', '2017-09-13 17:14:20', '2017-09-13 17:14:20', '40f65af3-6f8c-4454-8c8b-b53071234ae9'),
 ('2487', '2418', 'Tab 1', '1', '2017-09-13 17:14:20', '2017-09-13 17:14:20', '25b509e4-b1d8-406c-84ab-9e76031a58c9'),
 ('2489', '2420', 'Content', '1', '2017-09-13 22:00:50', '2017-09-13 22:00:50', 'ff7b8f92-4392-401f-b770-49eb9c81e4e5'),
 ('2490', '2421', 'Content', '1', '2017-09-13 22:03:20', '2017-09-13 22:03:20', '380fb680-8221-4425-a215-91346105ddc5'),
 ('2518', '2449', 'Content', '1', '2017-09-13 22:25:05', '2017-09-13 22:25:05', '09a1fa00-b347-4f93-8d94-e5338ecddfef'),
 ('2528', '2459', 'Content', '1', '2017-09-13 22:27:12', '2017-09-13 22:27:12', 'b966cf69-e840-4755-a978-413d788ad83c'),
 ('2600', '2531', 'Content', '1', '2017-09-13 23:50:55', '2017-09-13 23:50:55', '78e99796-291a-4c84-ab16-284612bfcc74'),
 ('2624', '2555', 'Entry Card', '1', '2017-09-14 00:04:38', '2017-09-14 00:04:38', '306f7df5-9f3f-420a-8874-341987156546'),
 ('2625', '2555', 'Entry Content', '2', '2017-09-14 00:04:38', '2017-09-14 00:04:38', '2bec4deb-b3a3-4525-9477-d0afdbd5043b'),
 ('2626', '2555', 'Related Content', '3', '2017-09-14 00:04:38', '2017-09-14 00:04:38', '3c2682e9-cb49-4566-b92b-765ae49feebb'),
 ('2627', '2555', 'SEO', '4', '2017-09-14 00:04:38', '2017-09-14 00:04:38', '2e285f34-2390-4bf7-abbf-6ad4880bbcb1'),
 ('2628', '2556', 'Entry Card', '1', '2017-09-14 00:04:52', '2017-09-14 00:04:52', '054ad4d1-5164-4a3b-94cd-46c53ebbbc80'),
 ('2629', '2556', 'Entry Content', '2', '2017-09-14 00:04:52', '2017-09-14 00:04:52', '7527e3d3-f576-4586-a665-ca1d93517cb8'),
 ('2630', '2556', 'Related Content', '3', '2017-09-14 00:04:52', '2017-09-14 00:04:52', '2a7805fa-e641-48b6-948c-9009100ca431'),
 ('2631', '2556', 'SEO', '4', '2017-09-14 00:04:52', '2017-09-14 00:04:52', '61b879af-b3b6-47ed-9149-114ce77e544b'),
 ('2632', '2557', 'Content', '1', '2017-09-14 00:09:36', '2017-09-14 00:09:36', '6f116df2-3d52-411b-99f1-814b184679b3'),
 ('2633', '2558', 'Content', '1', '2017-09-14 00:09:36', '2017-09-14 00:09:36', '321a2e62-eec5-48bf-a5ad-7fae1d3ab589'),
 ('2634', '2559', 'Content', '1', '2017-09-14 00:09:36', '2017-09-14 00:09:36', 'd0a8d50b-ec22-4831-a584-254e88e69ddf'),
 ('2635', '2560', 'Content', '1', '2017-09-14 00:09:36', '2017-09-14 00:09:36', '9ff1c5bd-6629-4fee-aa69-85a49b36f5c7'),
 ('2636', '2561', 'Content', '1', '2017-09-14 00:09:36', '2017-09-14 00:09:36', 'f28b223f-6748-4c09-9c6c-c138f78e1603'),
 ('2637', '2562', 'Content', '1', '2017-09-14 00:09:36', '2017-09-14 00:09:36', 'af12d0e3-f752-44d3-889f-9e3c5674469f'),
 ('2638', '2563', 'Content', '1', '2017-09-14 00:09:36', '2017-09-14 00:09:36', '05818a02-40a5-4750-9be5-10a74b5bcc1e'),
 ('2639', '2564', 'Content', '1', '2017-09-14 00:09:36', '2017-09-14 00:09:36', 'c55bd6b9-e871-400d-82e2-288f23e1fca6'),
 ('2640', '2565', 'Content', '1', '2017-09-14 00:09:36', '2017-09-14 00:09:36', 'a3dc28cd-48ce-43b3-8ebf-92a99ef99f50'),
 ('2641', '2566', 'Content', '1', '2017-09-14 17:45:47', '2017-09-14 17:45:47', '397b95bb-c577-4efb-a67e-1505744f2d27'),
 ('2642', '2567', 'Page Content', '1', '2017-09-14 18:16:57', '2017-09-14 18:16:57', 'c66d4b08-595a-465b-a3c5-533dcfb1fe0f'),
 ('2643', '2567', 'SEO', '2', '2017-09-14 18:16:57', '2017-09-14 18:16:57', 'c8126b2a-9965-42b6-9a8e-ee8cb375f2f4'),
 ('2644', '2568', 'Content', '1', '2017-09-14 18:18:59', '2017-09-14 18:18:59', 'aa108e11-c4b1-4126-935d-7641c82374e7'),
 ('2645', '2568', 'Related Content', '2', '2017-09-14 18:18:59', '2017-09-14 18:18:59', '2392850e-01b5-4630-8661-103ce46c722c'),
 ('2646', '2568', 'SEO', '3', '2017-09-14 18:18:59', '2017-09-14 18:18:59', '194f8aa1-3b54-47ea-a7c9-d317cc18f64a'),
 ('2647', '2569', 'Content', '1', '2017-09-14 18:20:24', '2017-09-14 18:20:24', '51040eb1-2086-4d01-a093-755f65a7213c'),
 ('2648', '2569', 'Modal', '2', '2017-09-14 18:20:24', '2017-09-14 18:20:24', '9e86c1d0-49ff-457c-a280-bb28052cc587'),
 ('2649', '2569', 'Related Content', '3', '2017-09-14 18:20:24', '2017-09-14 18:20:24', '83235abf-77a6-49d7-a5a7-540f22241b24'),
 ('2650', '2569', 'SEO', '4', '2017-09-14 18:20:24', '2017-09-14 18:20:24', 'dbfd089f-cdc5-414a-ae58-b54da5a0b422'),
 ('2655', '2572', 'Content', '1', '2017-09-14 18:29:23', '2017-09-14 18:29:23', '900f4f8d-0bb3-4884-be58-63027cdd6f41');
INSERT INTO `craft_fieldlayouttabs` (`id`, `layoutId`, `name`, `sortOrder`, `dateCreated`, `dateUpdated`, `uid`) VALUES
 ('2656', '2572', 'SEO', '2', '2017-09-14 18:29:23', '2017-09-14 18:29:23', 'b13f6de9-d3ec-48c9-b937-336da5b0a29d'),
 ('2657', '2573', 'Content', '1', '2017-09-14 20:28:17', '2017-09-14 20:28:17', '85605840-bb7b-491e-ae7d-25ba645fb03a'),
 ('2658', '2574', 'Content', '1', '2017-09-14 20:28:17', '2017-09-14 20:28:17', '9c425393-44b8-4102-bf07-d1863b177926'),
 ('2659', '2575', 'Content', '1', '2017-09-14 20:28:17', '2017-09-14 20:28:17', 'ae28fd98-458b-4bad-9ac7-1c07e038ce77'),
 ('2660', '2576', 'Content', '1', '2017-09-14 20:28:17', '2017-09-14 20:28:17', '3390b63e-01dc-41da-8a3e-f9d8d4519f78'),
 ('2661', '2577', 'Content', '1', '2017-09-14 20:28:17', '2017-09-14 20:28:17', '19ce1ff5-4d00-46f3-9e3a-bf6a4e650bb3'),
 ('2662', '2578', 'Content', '1', '2017-09-14 20:28:17', '2017-09-14 20:28:17', 'd037f620-25e6-42e0-8d78-3ee3f048c170'),
 ('2663', '2579', 'Content', '1', '2017-09-14 20:28:17', '2017-09-14 20:28:17', 'f542476c-38d5-4b7a-b799-e552b6682942'),
 ('2664', '2580', 'Content', '1', '2017-09-14 20:28:17', '2017-09-14 20:28:17', '28223990-c15b-4550-9515-383d692c38e8'),
 ('2665', '2581', 'Content', '1', '2017-09-14 20:28:17', '2017-09-14 20:28:17', 'd8132da3-210d-4b8b-a64f-5681de66a3ad'),
 ('2666', '2582', 'Content', '1', '2017-09-14 20:28:17', '2017-09-14 20:28:17', '0acbf2ff-5f0a-4e88-ba48-3466f7f1a505'),
 ('2667', '2583', 'Content', '1', '2017-09-14 20:28:17', '2017-09-14 20:28:17', 'b8384625-fa8a-41ac-bf8e-3cbb14f3b9db');



DROP TABLE IF EXISTS `craft_fields`;


--
-- Schema for table `craft_fields`
--
CREATE TABLE `craft_fields` (
  `id` int(11) NOT NULL AUTO_INCREMENT,
  `groupId` int(11) DEFAULT NULL,
  `name` varchar(255) COLLATE utf8_unicode_ci NOT NULL,
  `handle` varchar(58) COLLATE utf8_unicode_ci NOT NULL,
  `context` varchar(255) COLLATE utf8_unicode_ci NOT NULL DEFAULT 'global',
  `instructions` text COLLATE utf8_unicode_ci,
  `translatable` tinyint(1) unsigned NOT NULL DEFAULT '0',
  `type` varchar(150) COLLATE utf8_unicode_ci NOT NULL,
  `settings` text COLLATE utf8_unicode_ci,
  `dateCreated` datetime NOT NULL,
  `dateUpdated` datetime NOT NULL,
  `uid` char(36) COLLATE utf8_unicode_ci NOT NULL DEFAULT '0',
  PRIMARY KEY (`id`),
  UNIQUE KEY `craft_fields_handle_context_unq_idx` (`handle`,`context`),
  KEY `craft_fields_context_idx` (`context`),
  KEY `craft_fields_groupId_fk` (`groupId`)
) ENGINE=InnoDB AUTO_INCREMENT=245 DEFAULT CHARSET=utf8 COLLATE=utf8_unicode_ci;

--
-- Data for table `craft_fields`
--

INSERT INTO `craft_fields` (`id`, `groupId`, `name`, `handle`, `context`, `instructions`, `translatable`, `type`, `settings`, `dateCreated`, `dateUpdated`, `uid`) VALUES
 ('3', '2', 'Page Builder', 'pageBuilder', 'global', '', '1', 'Neo', '{\"maxBlocks\":null}', '2017-07-20 18:17:35', '2017-09-13 17:14:20', '0e458475-6557-422c-8593-97467634c5d0'),
 ('7', '3', 'URI', 'page_uri', 'global', 'Example: \"`about-us`\" would create a page at \"`http://forbusiness.snapchat.com/about-us`\"', '0', 'PlainText', '{\"placeholder\":\"(optional: defaults to `lowercase-hyphenated-version-of-title`)\",\"maxLength\":\"\",\"multiline\":\"\",\"initialRows\":\"4\"}', '2017-07-20 18:33:25', '2017-09-06 17:53:18', 'e8128201-0ee4-4177-b0a5-4b6ad89ddfe8'),
 ('8', '2', 'Image', 'image', 'global', '', '1', 'Assets', '{\"useSingleFolder\":\"\",\"sources\":\"*\",\"defaultUploadLocationSource\":\"2\",\"defaultUploadLocationSubpath\":\"\",\"singleUploadLocationSource\":\"1\",\"singleUploadLocationSubpath\":\"\",\"restrictFiles\":\"1\",\"allowedKinds\":[\"image\"],\"targetLocale\":\"\",\"limit\":\"1\",\"viewMode\":\"large\",\"selectionLabel\":\"\"}', '2017-07-20 18:40:39', '2017-08-07 16:53:17', 'a83da0b3-49f1-4f06-acac-1a9d1fab0f5e'),
 ('9', '2', 'Desktop Image Location', 'imageLocation', 'global', '', '0', 'Dropdown', '{\"options\":[{\"label\":\"Left\",\"value\":\"left\",\"default\":\"1\"},{\"label\":\"Right\",\"value\":\"right\",\"default\":\"\"}]}', '2017-07-20 18:42:05', '2017-08-03 18:06:58', '7d321da6-f4b0-495c-a1ff-c6585cbd6a94'),
 ('10', '2', 'Headline', 'headline_loc', 'global', '', '1', 'PlainText', '{\"placeholder\":\"\",\"maxLength\":\"\",\"multiline\":\"\",\"initialRows\":\"4\"}', '2017-07-20 18:42:50', '2017-08-24 21:29:27', '8d50c79c-34b9-4ea9-b2b8-53f9984ec920'),
 ('11', '2', 'Paragraph', 'paragraph_loc', 'global', '', '0', 'RichText', '{\"configFile\":\"Simple.json\",\"availableAssetSources\":\"*\",\"availableTransforms\":\"*\",\"cleanupHtml\":\"1\",\"purifyHtml\":\"1\",\"purifierConfig\":\"\",\"columnType\":\"text\"}', '2017-07-20 18:43:18', '2017-08-24 21:32:44', 'd74a20fb-d041-43a7-a1a2-6e237c26b1cc'),
 ('12', '2', 'Button', 'button', 'global', '', '1', 'FruitLinkIt', '{\"types\":[\"custom\",\"entry\"],\"defaultText\":\"\",\"allowCustomText\":\"1\",\"allowTarget\":\"1\",\"entrySources\":\"*\",\"entrySelectionLabel\":\"Select a page\",\"assetSources\":\"*\",\"assetSelectionLabel\":\"Select an asset\",\"categorySources\":\"*\",\"categorySelectionLabel\":\"Select a category\"}', '2017-07-20 18:44:26', '2017-08-29 16:30:54', 'c044c12a-246d-421a-a144-fb188ea4b8cf'),
 ('13', NULL, 'Headline', 'headline', 'matrixBlockType:1', '', '0', 'PlainText', '{\"placeholder\":\"\",\"maxLength\":\"\",\"multiline\":\"\",\"initialRows\":\"4\"}', '2017-07-20 20:18:09', '2017-07-20 20:18:09', 'f734e931-d195-4b9a-864f-52abaf20408e'),
 ('14', NULL, 'Paragraph', 'paragraph', 'matrixBlockType:1', '', '0', 'PlainText', '{\"placeholder\":\"\",\"maxLength\":\"\",\"multiline\":\"\",\"initialRows\":\"4\"}', '2017-07-20 20:18:09', '2017-07-20 20:18:09', '1c406294-8a49-4d7e-b04e-eddc75f936ee'),
 ('15', '3', 'Theme Color', 'page_themeColor', 'global', 'Define the color gradient of the header for this page as well as the buttons and section full-color backgrounds.', '0', 'ButtonBox_Colours', '{\"options\":[{\"label\":\"Blue\",\"value\":\"blue\",\"cssColour\":\"#5CC8FF\",\"default\":\"\"},{\"label\":\"Green\",\"value\":\"green\",\"cssColour\":\"#53D1B6\",\"default\":\"\"},{\"label\":\"Orange\",\"value\":\"orange\",\"cssColour\":\"#FFB34D\",\"default\":\"\"},{\"label\":\"Purple\",\"value\":\"purple\",\"cssColour\":\"#C293E0\",\"default\":\"\"},{\"label\":\"Red\",\"value\":\"red\",\"cssColour\":\"#FD6F5F\",\"default\":\"\"},{\"label\":\"Yellow\",\"value\":\"yellow\",\"cssColour\":\"#FFFC00\",\"default\":\"\"}]}', '2017-07-20 21:02:11', '2017-08-07 22:44:13', 'ac129492-62c2-44b4-8ac3-1f1221400c3f'),
 ('16', '3', 'Side Navigation', 'page_sideNavigation', 'global', 'Enable the dot navigation on the left side of the page.', '1', 'Lightswitch', '{\"default\":\"\"}', '2017-07-20 21:02:49', '2017-08-07 16:50:58', 'e056e5c6-2b3d-4b7e-b5c3-6f88cb21bfbe'),
 ('17', '2', 'Button Style', 'buttonStyle', 'global', '', '0', 'Dropdown', '{\"options\":[{\"label\":\"Primary (outline)\",\"value\":\"primary\",\"default\":\"1\"},{\"label\":\"Secondary\",\"value\":\"secondary\",\"default\":\"\"}]}', '2017-07-20 21:53:39', '2017-08-03 18:04:09', '65a36955-274f-42f7-8ac7-dfc2170866cb'),
 ('18', '2', 'Subhead', 'subhead_loc', 'global', '', '1', 'RichText', '{\"configFile\":\"Simple.json\",\"availableAssetSources\":\"*\",\"availableTransforms\":\"*\",\"cleanupHtml\":\"1\",\"purifyHtml\":\"1\",\"purifierConfig\":\"\",\"columnType\":\"text\"}', '2017-07-20 22:05:08', '2017-08-24 21:32:56', 'bf586fba-4e98-45f4-b795-79e22f45c325'),
 ('20', '2', 'Section Background Color', 'sectionBackgroundColor', 'global', '', '1', 'Dropdown', '{\"options\":[{\"label\":\"Gray\",\"value\":\"gray\",\"default\":\"1\"},{\"label\":\"White\",\"value\":\"white\",\"default\":\"\"}]}', '2017-07-20 22:34:39', '2017-08-07 16:54:46', '03d60a1b-7bd5-46b8-9c93-bbc78b394a52'),
 ('23', '2', 'Section Title', 'sectionTitle_loc', 'global', 'Used for side navigation', '1', 'PlainText', '{\"placeholder\":\"\",\"maxLength\":\"\",\"multiline\":\"\",\"initialRows\":\"4\"}', '2017-07-21 20:42:50', '2017-08-24 21:32:52', '40504ea0-de0f-43b2-8ed9-bbe6cce5234d'),
 ('24', '2', 'Chillah Tooltip', 'chillahTooltip', 'global', '(optional)', '1', 'Matrix', '{\"maxBlocks\":\"1\"}', '2017-07-21 21:26:05', '2017-08-29 21:54:09', '79170d95-16a0-4730-b085-47bd285430a9'),
 ('25', NULL, 'Chillah', 'chillah', 'matrixBlockType:2', '', '0', 'Assets', '{\"useSingleFolder\":\"\",\"sources\":\"*\",\"defaultUploadLocationSource\":\"2\",\"defaultUploadLocationSubpath\":\"chillahs\",\"singleUploadLocationSource\":\"1\",\"singleUploadLocationSubpath\":\"\",\"restrictFiles\":\"1\",\"allowedKinds\":[\"image\"],\"targetLocale\":\"\",\"limit\":\"1\",\"viewMode\":\"large\",\"selectionLabel\":\"\"}', '2017-07-21 21:26:05', '2017-08-29 21:54:09', '70d21636-dbcd-4c62-970d-094afa2bb20d'),
 ('26', NULL, 'Tooltip Text', 'tooltipText_loc', 'matrixBlockType:2', '', '0', 'RichText', '{\"configFile\":\"Tooltip.json\",\"availableAssetSources\":\"*\",\"availableTransforms\":\"*\",\"cleanupHtml\":\"1\",\"purifyHtml\":\"1\",\"purifierConfig\":\"\",\"columnType\":\"text\"}', '2017-07-21 21:26:05', '2017-08-29 21:54:09', '3129b543-ef6f-4d5a-956b-0d7c626b3d5f'),
 ('27', NULL, 'Location', 'location', 'matrixBlockType:2', '', '0', 'Dropdown', '{\"options\":[{\"label\":\"Top Left\",\"value\":\"topLeft\",\"default\":\"1\"},{\"label\":\"Top Right\",\"value\":\"topRight\",\"default\":\"\"}]}', '2017-07-21 21:26:05', '2017-08-29 21:54:09', '00dd4acb-f0ad-46ca-9349-e9474464d654'),
 ('28', '2', 'Asset Width', 'assetWidth', 'global', '', '0', 'Dropdown', '{\"options\":[{\"label\":\"Normal\",\"value\":\"normal\",\"default\":\"1\"},{\"label\":\"Wide\",\"value\":\"wide\",\"default\":\"\"},{\"label\":\"Full\",\"value\":\"full\",\"default\":\"\"}]}', '2017-07-21 22:01:02', '2017-08-10 21:54:15', 'd3fac9f9-8be8-4183-88a3-3dae9fa7cb0e'),
 ('29', '2', 'Video', 'video', 'global', '', '0', 'Matrix', '{\"maxBlocks\":\"1\"}', '2017-07-21 22:06:02', '2017-09-12 17:50:03', '6db5d1d0-e611-4c23-9beb-4a44c0278888'),
 ('34', '4', 'Nav Item', 'navItem', 'global', '', '1', 'FruitLinkIt', '{\"types\":[\"custom\",\"entry\"],\"defaultText\":\"\",\"allowCustomText\":\"1\",\"allowTarget\":\"1\",\"entrySources\":\"*\",\"entrySelectionLabel\":\"Select an entry\",\"assetSources\":\"\",\"assetSelectionLabel\":\"Select an asset\",\"categorySources\":\"\",\"categorySelectionLabel\":\"Select a category\"}', '2017-07-21 23:09:34', '2017-09-06 22:48:59', 'e5969a63-c298-4b00-8a59-d9cd49346107'),
 ('35', NULL, 'Link Info', 'linkInfo', 'matrixBlockType:3', '', '0', 'FruitLinkIt', '{\"types\":[\"custom\",\"entry\"],\"defaultText\":\"\",\"allowCustomText\":\"1\",\"allowTarget\":\"1\",\"entrySources\":\"*\",\"entrySelectionLabel\":\"Select a page\",\"assetSources\":\"*\",\"assetSelectionLabel\":\"Select an asset\",\"categorySources\":\"*\",\"categorySelectionLabel\":\"Select a category\"}', '2017-07-21 23:09:34', '2017-09-06 22:47:43', 'f865cd72-d1d6-4522-8433-66775e678a40'),
 ('36', '4', 'Secondary Navigation', 'secondaryNavigation', 'global', '', '1', 'Matrix', '{\"maxBlocks\":null}', '2017-07-21 23:10:13', '2017-08-29 21:50:41', '4b69a483-812e-470d-9feb-ad8fa06cbd97'),
 ('37', NULL, 'Link Info', 'linkInfo', 'matrixBlockType:4', '', '0', 'FruitLinkIt', '{\"types\":[\"custom\",\"entry\"],\"defaultText\":\"\",\"allowCustomText\":\"1\",\"allowTarget\":\"1\",\"entrySources\":\"*\",\"entrySelectionLabel\":\"Select an entry\",\"assetSources\":\"*\",\"assetSelectionLabel\":\"Select an asset\",\"categorySources\":\"*\",\"categorySelectionLabel\":\"Select a category\"}', '2017-07-21 23:10:13', '2017-08-29 21:50:41', '4ec2db37-17c6-4d73-8ff4-e737100d1b80'),
 ('38', '5', 'Brand Logo', 'brandLogo', 'global', '', '0', 'Assets', '{\"useSingleFolder\":\"\",\"sources\":[\"folder:2\"],\"defaultUploadLocationSource\":\"2\",\"defaultUploadLocationSubpath\":\"stories\",\"singleUploadLocationSource\":\"2\",\"singleUploadLocationSubpath\":\"\",\"restrictFiles\":\"1\",\"allowedKinds\":[\"image\"],\"targetLocale\":\"\",\"limit\":\"1\",\"viewMode\":\"large\",\"selectionLabel\":\"\"}', '2017-07-21 23:19:35', '2017-09-12 22:21:52', '0163a356-be92-47ae-a790-a1b264137aae'),
 ('39', '5', 'Eyebrow', 'eyebrow_loc', 'global', '', '1', 'PlainText', '{\"placeholder\":\"\",\"maxLength\":\"\",\"multiline\":\"\",\"initialRows\":\"4\"}', '2017-07-21 23:19:59', '2017-08-24 21:21:24', 'de8787c4-069b-450e-9cf0-68d48789e7fb'),
 ('40', '5', 'Brand Color', 'brandColor', 'global', '', '0', 'Hue', '{\"defaultColor\":\"\"}', '2017-07-21 23:23:21', '2017-09-13 22:53:47', '3e3b1e52-875c-49ea-bfa7-84c0c70a5834'),
 ('41', '5', 'Company Name', 'companyName', 'global', '', '0', 'PlainText', '{\"placeholder\":\"\",\"maxLength\":\"\",\"multiline\":\"\",\"initialRows\":\"4\"}', '2017-07-21 23:24:05', '2017-08-24 21:21:16', '349a2af3-848b-4bc0-9273-22f0eef2eb70'),
 ('42', '5', 'Card Headline', 'cardHeadline_loc', 'global', '', '1', 'PlainText', '{\"placeholder\":\"\",\"maxLength\":\"\",\"multiline\":\"1\",\"initialRows\":\"2\"}', '2017-07-21 23:24:52', '2017-09-13 22:52:51', '01f5d04e-9424-4f30-8a4c-55a99efdb606'),
 ('43', '5', 'PDF File', 'pdfFile', 'global', '', '0', 'Assets', '{\"useSingleFolder\":\"\",\"sources\":\"*\",\"defaultUploadLocationSource\":\"2\",\"defaultUploadLocationSubpath\":\"\",\"singleUploadLocationSource\":\"1\",\"singleUploadLocationSubpath\":\"\",\"restrictFiles\":\"1\",\"allowedKinds\":[\"image\",\"pdf\"],\"targetLocale\":\"\",\"limit\":\"1\",\"viewMode\":\"large\",\"selectionLabel\":\"\"}', '2017-07-21 23:26:19', '2017-09-06 20:53:23', 'f46f135c-fb21-4bc7-9afc-c191c744d7b4'),
 ('45', '2', 'Logos', 'logos', 'global', '', '0', 'Matrix', '{\"maxBlocks\":null}', '2017-07-26 21:48:22', '2017-09-13 22:03:20', 'c362955e-d30e-4ad2-a088-9764060ddf13'),
 ('47', '2', 'Tab Image', 'tabImage', 'global', '', '0', 'Assets', '{\"useSingleFolder\":\"\",\"sources\":[\"folder:2\"],\"defaultUploadLocationSource\":\"2\",\"defaultUploadLocationSubpath\":\"\",\"singleUploadLocationSource\":\"1\",\"singleUploadLocationSubpath\":\"\",\"restrictFiles\":\"1\",\"allowedKinds\":[\"image\"],\"limit\":\"1\",\"viewMode\":\"large\",\"selectionLabel\":\"\"}', '2017-07-26 23:18:22', '2017-08-03 18:11:10', '467cc32d-386d-4a59-977b-064e5b37c3b9'),
 ('48', '2', 'Tab Label', 'tabLabel_loc', 'global', '', '0', 'PlainText', '{\"placeholder\":\"\",\"maxLength\":\"\",\"multiline\":\"\",\"initialRows\":\"4\"}', '2017-07-26 23:18:50', '2017-08-24 21:33:06', '74cef22c-9772-4cc7-9b4d-b5d5ba0594c7'),
 ('49', '2', 'Tab Description', 'tabDescription_loc', 'global', '', '0', 'RichText', '{\"configFile\":\"Simple.json\",\"availableAssetSources\":\"*\",\"availableTransforms\":\"*\",\"cleanupHtml\":\"1\",\"purifyHtml\":\"1\",\"purifierConfig\":\"\",\"columnType\":\"text\"}', '2017-07-26 23:20:06', '2017-08-24 21:33:01', '5b966594-4a5b-4808-a292-8310fdd629a2'),
 ('50', '2', 'Tab Video', 'tabVideo', 'global', '', '0', 'Assets', '{\"useSingleFolder\":\"\",\"sources\":[\"folder:2\",\"folder:6\"],\"defaultUploadLocationSource\":\"2\",\"defaultUploadLocationSubpath\":\"\",\"singleUploadLocationSource\":\"1\",\"singleUploadLocationSubpath\":\"\",\"restrictFiles\":\"1\",\"allowedKinds\":[\"video\"],\"targetLocale\":\"\",\"limit\":\"1\",\"viewMode\":\"large\",\"selectionLabel\":\"\"}', '2017-07-26 23:23:28', '2017-08-24 21:33:25', '32782dd2-6157-45e0-aa3d-9722e06a55e4'),
 ('51', '2', 'Tab Poster Image', 'tabPosterImage', 'global', '', '0', 'Assets', '{\"useSingleFolder\":\"\",\"sources\":[\"folder:2\"],\"defaultUploadLocationSource\":\"2\",\"defaultUploadLocationSubpath\":\"\",\"singleUploadLocationSource\":\"1\",\"singleUploadLocationSubpath\":\"\",\"restrictFiles\":\"1\",\"allowedKinds\":[\"image\"],\"limit\":\"1\",\"viewMode\":\"large\",\"selectionLabel\":\"\"}', '2017-07-26 23:32:44', '2017-08-03 18:11:25', 'c0782223-812f-4b11-8254-6243b3fd1b3b'),
 ('52', '2', 'Time Code', 'timeCode', 'global', 'Time in seconds where you want the step to start', '0', 'Number', '{\"min\":\"0\",\"max\":\"\",\"decimals\":\"1\"}', '2017-07-27 16:46:52', '2017-08-03 18:11:37', '4556fed4-40ca-495c-90fe-9742ba7f2a41'),
 ('53', '2', 'Description Label', 'descriptionLabel_loc', 'global', '', '1', 'PlainText', '{\"placeholder\":\"\",\"maxLength\":\"\",\"multiline\":\"\",\"initialRows\":\"4\"}', '2017-07-27 16:47:48', '2017-08-24 21:28:47', 'cc2248ce-955e-4666-b1f7-f1c72c384327'),
 ('55', NULL, 'Device Grid', 'deviceGrid', 'superTableBlockType:1', '', '0', 'Matrix', '{\"maxBlocks\":null}', '2017-08-01 17:05:51', '2017-08-01 17:05:51', '62fbe648-3cd2-4b49-8b6d-9dd7bcac5003'),
 ('56', NULL, 'Video', 'video', 'matrixBlockType:5', '', '0', 'Assets', '{\"useSingleFolder\":\"\",\"sources\":\"*\",\"defaultUploadLocationSource\":\"1\",\"defaultUploadLocationSubpath\":\"\",\"singleUploadLocationSource\":\"1\",\"singleUploadLocationSubpath\":\"\",\"restrictFiles\":\"\",\"limit\":\"\",\"viewMode\":\"list\",\"selectionLabel\":\"\"}', '2017-08-01 17:05:51', '2017-08-01 17:05:51', 'b023cc72-fdee-404a-a393-1dd7eb75c7af'),
 ('57', NULL, 'Poster Image', 'posterImage', 'matrixBlockType:5', '', '0', 'Assets', '{\"useSingleFolder\":\"\",\"sources\":\"*\",\"defaultUploadLocationSource\":\"1\",\"defaultUploadLocationSubpath\":\"\",\"singleUploadLocationSource\":\"1\",\"singleUploadLocationSubpath\":\"\",\"restrictFiles\":\"\",\"limit\":\"\",\"viewMode\":\"list\",\"selectionLabel\":\"\"}', '2017-08-01 17:05:51', '2017-08-01 17:05:51', '001dffe9-4948-4c70-8a3a-661dc3fefe91'),
 ('58', '2', 'Mobile Devices', 'mobileDevices', 'global', '', '0', 'Matrix', '{\"maxBlocks\":\"3\"}', '2017-08-01 20:47:10', '2017-09-12 23:52:47', 'ffe08390-1432-46ab-a9fe-8cfb7b4a2513'),
 ('59', NULL, 'Video Asset MP4', 'videoAssetMp4', 'matrixBlockType:6', '', '0', 'Assets', '{\"useSingleFolder\":\"\",\"sources\":[\"folder:6\"],\"defaultUploadLocationSource\":\"3\",\"defaultUploadLocationSubpath\":\"\",\"singleUploadLocationSource\":\"2\",\"singleUploadLocationSubpath\":\"\",\"restrictFiles\":\"1\",\"allowedKinds\":[\"video\"],\"targetLocale\":\"\",\"limit\":\"1\",\"viewMode\":\"large\",\"selectionLabel\":\"\"}', '2017-08-01 20:47:10', '2017-09-12 23:52:47', '70923ff1-1640-4583-aa7e-bd2f979f9c12'),
 ('60', NULL, 'Poster Image', 'posterImage', 'matrixBlockType:6', '', '0', 'Assets', '{\"useSingleFolder\":\"\",\"sources\":[\"folder:2\"],\"defaultUploadLocationSource\":\"2\",\"defaultUploadLocationSubpath\":\"\",\"singleUploadLocationSource\":\"2\",\"singleUploadLocationSubpath\":\"\",\"restrictFiles\":\"1\",\"allowedKinds\":[\"image\"],\"targetLocale\":\"\",\"limit\":\"1\",\"viewMode\":\"large\",\"selectionLabel\":\"\"}', '2017-08-01 20:47:10', '2017-09-12 23:52:47', 'a1284253-3b4c-43a4-b49e-b2be7c86a89e'),
 ('61', NULL, 'Headline', 'headline_loc', 'matrixBlockType:6', '', '0', 'PlainText', '{\"placeholder\":\"\",\"maxLength\":\"\",\"multiline\":\"\",\"initialRows\":\"4\"}', '2017-08-01 20:47:10', '2017-09-12 23:52:47', '34e72d73-9fb0-4454-b38b-036ac72c070c'),
 ('62', NULL, 'Subhead', 'subhead_loc', 'matrixBlockType:6', '', '0', 'RichText', '{\"configFile\":\"Simple.json\",\"availableAssetSources\":\"*\",\"availableTransforms\":\"*\",\"cleanupHtml\":\"1\",\"purifyHtml\":\"1\",\"purifierConfig\":\"\",\"columnType\":\"text\"}', '2017-08-01 20:47:10', '2017-09-12 23:52:47', 'e6b50d39-3f3d-4ba0-8298-9c67d7d3dc10'),
 ('67', '2', 'Image Card Row', 'imageCardRow', 'global', '', '1', 'Matrix', '{\"maxBlocks\":\"4\"}', '2017-08-03 17:57:36', '2017-09-13 17:12:56', 'f5ee95f1-e20e-423e-8f9c-13705b5edb37'),
 ('68', NULL, 'Card Image', 'cardImage', 'matrixBlockType:10', '', '0', 'Assets', '{\"useSingleFolder\":\"\",\"sources\":[\"folder:2\"],\"defaultUploadLocationSource\":\"2\",\"defaultUploadLocationSubpath\":\"\",\"singleUploadLocationSource\":\"2\",\"singleUploadLocationSubpath\":\"\",\"restrictFiles\":\"1\",\"allowedKinds\":[\"image\"],\"targetLocale\":\"\",\"limit\":\"1\",\"viewMode\":\"large\",\"selectionLabel\":\"\"}', '2017-08-03 17:57:36', '2017-09-13 17:12:56', '18b2b995-3e06-48b9-bdaa-89f7c3674428'),
 ('69', NULL, 'Headline', 'headline_loc', 'matrixBlockType:10', '', '0', 'PlainText', '{\"placeholder\":\"\",\"maxLength\":\"\",\"multiline\":\"\",\"initialRows\":\"4\"}', '2017-08-03 17:57:36', '2017-09-13 17:12:56', '382ec30b-0a1d-48cc-b56c-5bbcd7643f63'),
 ('70', NULL, 'Body', 'body_loc', 'matrixBlockType:10', '', '0', 'RichText', '{\"configFile\":\"Simple.json\",\"availableAssetSources\":\"*\",\"availableTransforms\":\"*\",\"cleanupHtml\":\"1\",\"purifyHtml\":\"1\",\"purifierConfig\":\"\",\"columnType\":\"text\"}', '2017-08-03 17:57:36', '2017-09-13 17:12:56', 'f3bd9aca-8939-4ec7-8c7c-748742793860'),
 ('71', '2', 'CTA Buttons', 'ctaButtons', 'global', '', '1', 'Matrix', '{\"maxBlocks\":\"2\"}', '2017-08-03 18:14:16', '2017-09-06 00:19:26', '9142ce2f-4685-4a7a-b819-3329fcf1350a'),
 ('72', NULL, 'Button', 'button', 'matrixBlockType:11', '', '0', 'FruitLinkIt', '{\"types\":[\"custom\",\"entry\"],\"defaultText\":\"\",\"allowCustomText\":\"1\",\"allowTarget\":\"1\",\"entrySources\":\"*\",\"entrySelectionLabel\":\"Select an entry\",\"assetSources\":\"*\",\"assetSelectionLabel\":\"Select an asset\",\"categorySources\":\"*\",\"categorySelectionLabel\":\"Select a category\"}', '2017-08-03 18:14:16', '2017-09-06 00:19:26', '533a8d21-c867-46a7-9ccf-88cbe4b52d7d'),
 ('73', NULL, 'Button', 'button', 'matrixBlockType:12', '', '0', 'FruitLinkIt', '{\"types\":[\"custom\",\"entry\"],\"defaultText\":\"\",\"allowCustomText\":\"1\",\"allowTarget\":\"1\",\"entrySources\":\"*\",\"entrySelectionLabel\":\"Select an entry\",\"assetSources\":\"*\",\"assetSelectionLabel\":\"Select an asset\",\"categorySources\":\"*\",\"categorySelectionLabel\":\"Select a category\"}', '2017-08-03 18:14:16', '2017-09-06 00:19:26', '75117115-67fe-4d48-bcbe-53d25c5f5ec2'),
 ('74', '2', 'Device Tab', 'deviceTab', 'global', '', '1', 'Matrix', '{\"maxBlocks\":null}', '2017-08-03 18:33:03', '2017-09-13 22:00:50', '1f6d1a00-5642-41c5-80aa-b061a84cb6a2'),
 ('75', NULL, 'Tab Image', 'tabImage', 'matrixBlockType:13', '', '0', 'Assets', '{\"useSingleFolder\":\"\",\"sources\":[\"folder:2\"],\"defaultUploadLocationSource\":\"2\",\"defaultUploadLocationSubpath\":\"\",\"singleUploadLocationSource\":\"2\",\"singleUploadLocationSubpath\":\"\",\"restrictFiles\":\"1\",\"allowedKinds\":[\"image\"],\"targetLocale\":\"\",\"limit\":\"1\",\"viewMode\":\"large\",\"selectionLabel\":\"\"}', '2017-08-03 18:33:03', '2017-09-13 22:00:50', '859f1bc0-c5c1-4d33-b205-0e9d178ce169'),
 ('76', NULL, 'Tab Label', 'tabLabel_loc', 'matrixBlockType:13', '', '0', 'PlainText', '{\"placeholder\":\"\",\"maxLength\":\"\",\"multiline\":\"\",\"initialRows\":\"4\"}', '2017-08-03 18:33:03', '2017-09-13 22:00:50', '78b909d4-a8cb-43c7-afa3-617f847b6116'),
 ('77', NULL, 'Description Body', 'description_loc', 'matrixBlockType:13', '', '0', 'RichText', '{\"configFile\":\"Simple.json\",\"availableAssetSources\":\"*\",\"availableTransforms\":\"*\",\"cleanupHtml\":\"1\",\"purifyHtml\":\"1\",\"purifierConfig\":\"\",\"columnType\":\"text\"}', '2017-08-03 18:33:03', '2017-09-13 22:00:50', '0a07a29e-ec3c-4c28-bf5f-cd13748ff1a2'),
 ('78', '2', 'Video Step', 'videoStep', 'global', '', '0', 'Matrix', '{\"maxBlocks\":null}', '2017-08-03 18:36:28', '2017-08-24 21:34:21', 'db5cfce9-a9bc-40f2-8a2c-caef324ba3fe'),
 ('79', NULL, 'Time Code', 'timeCode', 'matrixBlockType:14', '', '0', 'Number', '{\"min\":\"0\",\"max\":\"\",\"decimals\":\"1\"}', '2017-08-03 18:36:28', '2017-08-24 21:34:21', '1a8814fd-36d4-4423-945f-a5a7a8d4e49a'),
 ('80', NULL, 'Description Label', 'descriptionLabel_loc', 'matrixBlockType:14', '', '0', 'PlainText', '{\"placeholder\":\"\",\"maxLength\":\"\",\"multiline\":\"\",\"initialRows\":\"4\"}', '2017-08-03 18:36:28', '2017-08-24 21:34:21', 'a9ab1e84-78a2-48be-8f71-3b6765dabdd3'),
 ('81', NULL, 'Device Video MP4', 'deviceVideoMp4', 'matrixBlockType:13', '', '0', 'Assets', '{\"useSingleFolder\":\"\",\"sources\":[\"folder:6\"],\"defaultUploadLocationSource\":\"3\",\"defaultUploadLocationSubpath\":\"\",\"singleUploadLocationSource\":\"2\",\"singleUploadLocationSubpath\":\"\",\"restrictFiles\":\"1\",\"allowedKinds\":[\"video\"],\"targetLocale\":\"\",\"limit\":\"1\",\"viewMode\":\"list\",\"selectionLabel\":\"\"}', '2017-08-03 18:52:25', '2017-09-13 22:00:50', 'ad21f048-0291-4792-9820-8e4189d0941f'),
 ('82', '4', 'Footer Links', 'footerLinks', 'global', '', '1', 'Neo', '{\"maxBlocks\":null}', '2017-08-03 22:16:07', '2017-08-29 21:53:33', '634a3094-5da7-44ba-8dfa-bb14026bc0b4'),
 ('83', '4', 'Group Title', 'groupTitle_loc', 'global', '', '1', 'PlainText', '{\"placeholder\":\"\",\"maxLength\":\"\",\"multiline\":\"\",\"initialRows\":\"4\"}', '2017-08-03 22:16:43', '2017-08-24 21:09:15', '4bc083fb-03b0-4a20-96af-9510f0b6166c'),
 ('84', '4', 'Group Links', 'groupLinks', 'global', '', '1', 'Matrix', '{\"maxBlocks\":null}', '2017-08-03 22:18:12', '2017-08-29 21:53:18', 'dbcd7f40-4bbc-45f5-bf3b-0359df0a63a9'),
 ('85', NULL, 'Footer Link', 'footerLink', 'matrixBlockType:15', '', '0', 'FruitLinkIt', '{\"types\":[\"custom\",\"entry\"],\"defaultText\":\"\",\"allowCustomText\":\"1\",\"allowTarget\":\"1\",\"entrySources\":\"*\",\"entrySelectionLabel\":\"Select an entry\",\"assetSources\":\"*\",\"assetSelectionLabel\":\"Select an asset\",\"categorySources\":\"*\",\"categorySelectionLabel\":\"Select a category\"}', '2017-08-03 22:18:12', '2017-08-29 21:53:18', '9867647f-a4d0-45ea-958f-c52e8789f720'),
 ('86', '5', 'Story Industry', 'storyIndustry', 'global', '', '0', 'Categories', '{\"source\":\"group:2\",\"targetLocale\":\"\",\"limit\":\"\",\"selectionLabel\":\"Add an Industry\"}', '2017-08-07 17:29:00', '2017-08-22 20:48:43', 'fe40dba3-578c-4911-8fc5-115dee10853f'),
 ('87', '5', 'Story Objective', 'storyObjective', 'global', '', '0', 'Categories', '{\"source\":\"group:1\",\"targetLocale\":\"\",\"limit\":\"\",\"selectionLabel\":\"\"}', '2017-08-07 17:29:23', '2017-08-22 21:04:22', 'ab47f487-3168-4fbf-96e5-7aeef60f95d3'),
 ('88', '5', 'Snap Product', 'snapProduct', 'global', '', '0', 'Categories', '{\"source\":\"group:3\",\"targetLocale\":\"\",\"limit\":\"\",\"selectionLabel\":\"\"}', '2017-08-07 17:32:23', '2017-08-07 18:17:45', '8c9b775a-7793-4c5b-aedf-d3989ed8ed75'),
 ('89', '3', 'Page Annotations', 'pageAnnotations', 'global', '', '1', 'Matrix', '{\"maxBlocks\":null}', '2017-08-07 22:10:30', '2017-08-24 21:25:18', 'ebf855ee-91c1-441d-9235-1787d701c526'),
 ('90', NULL, 'Number', 'number', 'matrixBlockType:16', '', '0', 'Number', '{\"min\":\"0\",\"max\":\"\",\"decimals\":\"0\"}', '2017-08-07 22:10:30', '2017-08-24 21:25:18', '39c28e57-6640-4882-b607-fce60cffbb62'),
 ('91', NULL, 'Text', 'text_loc', 'matrixBlockType:16', '', '0', 'PlainText', '{\"placeholder\":\"\",\"maxLength\":\"\",\"multiline\":\"\",\"initialRows\":\"4\"}', '2017-08-07 22:10:30', '2017-08-24 21:25:18', '82c1a4a2-6b52-4a7c-a376-15d859c5fc28'),
 ('92', '4', 'Pre Footer', 'preFooterHeadline', 'global', '', '1', 'Matrix', '{\"maxBlocks\":\"1\"}', '2017-08-07 22:51:53', '2017-08-24 21:18:16', '51d13546-5448-4054-bd67-33eeedf7921c'),
 ('93', NULL, 'Background Color', 'backgroundColor', 'matrixBlockType:17', '', '0', 'Hue', '{\"defaultColor\":\"#FFFC00\"}', '2017-08-07 22:56:53', '2017-08-24 21:18:16', '1ea7e135-6b86-409d-98c6-886f0f551b38'),
 ('94', NULL, 'Headline', 'headline_loc', 'matrixBlockType:17', '', '0', 'PlainText', '{\"placeholder\":\"\",\"maxLength\":\"\",\"multiline\":\"\",\"initialRows\":\"4\"}', '2017-08-07 22:56:53', '2017-08-24 21:18:16', '9b022967-f2fe-4f04-8061-7bd7d1ce9ff0'),
 ('95', NULL, 'CTA Button', 'ctaButton', 'matrixBlockType:17', '', '0', 'FruitLinkIt', '{\"types\":[\"custom\",\"entry\"],\"defaultText\":\"\",\"allowCustomText\":\"1\",\"allowTarget\":\"1\",\"entrySources\":\"*\",\"entrySelectionLabel\":\"Select an entry\",\"assetSources\":\"*\",\"assetSelectionLabel\":\"Select an asset\",\"categorySources\":\"*\",\"categorySelectionLabel\":\"Select a category\"}', '2017-08-07 22:56:53', '2017-08-24 21:18:16', '2d096325-a549-44b9-8005-3d6a85fe91c7'),
 ('96', '4', 'Ad Manager', 'adManager', 'global', '', '1', 'Matrix', '{\"maxBlocks\":\"1\"}', '2017-08-07 22:58:56', '2017-08-29 21:53:48', 'f4e33ddb-e2b0-4574-8b1a-baa74c596d7b'),
 ('97', NULL, 'Text', 'text_loc', 'matrixBlockType:18', '', '0', 'PlainText', '{\"placeholder\":\"\",\"maxLength\":\"\",\"multiline\":\"\",\"initialRows\":\"4\"}', '2017-08-07 22:58:56', '2017-08-29 21:53:48', '9c3163a4-f4cb-4fcc-9905-60494e19faa2'),
 ('98', NULL, 'Login Link', 'loginLink', 'matrixBlockType:18', '', '0', 'FruitLinkIt', '{\"types\":[\"custom\",\"entry\"],\"defaultText\":\"\",\"allowCustomText\":\"1\",\"allowTarget\":\"1\",\"entrySources\":\"*\",\"entrySelectionLabel\":\"Select an entry\",\"assetSources\":\"*\",\"assetSelectionLabel\":\"Select an asset\",\"categorySources\":\"*\",\"categorySelectionLabel\":\"Select a category\"}', '2017-08-07 22:58:56', '2017-08-29 21:53:48', 'e1068166-e2b3-4cda-9cd5-c1c3817a4467'),
 ('99', '4', 'Legal Links', 'legalLinks', 'global', '', '1', 'Matrix', '{\"maxBlocks\":null}', '2017-08-07 23:00:59', '2017-08-29 21:51:06', '31dac4de-36b9-43ad-b72c-21ca688e755e'),
 ('100', NULL, 'Link Info', 'linkInfo', 'matrixBlockType:19', '', '1', 'FruitLinkIt', '{\"types\":[\"custom\",\"entry\"],\"defaultText\":\"\",\"allowCustomText\":\"1\",\"allowTarget\":\"1\",\"entrySources\":\"*\",\"entrySelectionLabel\":\"Select an entry\",\"assetSources\":\"*\",\"assetSelectionLabel\":\"Select an asset\",\"categorySources\":\"*\",\"categorySelectionLabel\":\"Select a category\"}', '2017-08-07 23:00:59', '2017-08-29 21:51:06', '17542e01-d8ae-43eb-9e1d-c5460402d5c2'),
 ('101', '6', 'SEO Title', 'seoTitle', 'global', '', '1', 'PlainText', '{\"placeholder\":\"\",\"maxLength\":\"\",\"multiline\":\"\",\"initialRows\":\"4\"}', '2017-08-07 23:17:12', '2017-08-07 23:20:40', 'b483ee63-6943-496d-b0c4-12ef340a5241'),
 ('102', '6', 'SEO Description', 'seoDescription', 'global', '', '1', 'PlainText', '{\"placeholder\":\"\",\"maxLength\":\"\",\"multiline\":\"1\",\"initialRows\":\"2\"}', '2017-08-07 23:17:28', '2017-08-07 23:24:02', '3d8c75e3-1336-4c14-93fe-05588979ebda'),
 ('103', '6', 'Keywords', 'keywords', 'global', '', '1', 'PlainText', '{\"placeholder\":\"comma, separated, keywords\",\"maxLength\":\"\",\"multiline\":\"\",\"initialRows\":\"4\"}', '2017-08-07 23:18:49', '2017-08-07 23:18:49', '1140d567-8749-48f5-80e8-83e5b3228768'),
 ('104', '6', 'SEO Image', 'seoImage', 'global', '', '0', 'Assets', '{\"useSingleFolder\":\"\",\"sources\":[\"folder:2\"],\"defaultUploadLocationSource\":\"2\",\"defaultUploadLocationSubpath\":\"\",\"singleUploadLocationSource\":\"1\",\"singleUploadLocationSubpath\":\"\",\"restrictFiles\":\"1\",\"allowedKinds\":[\"image\"],\"targetLocale\":\"\",\"limit\":\"1\",\"viewMode\":\"large\",\"selectionLabel\":\"\"}', '2017-08-07 23:19:45', '2017-08-07 23:19:45', 'cc3ab067-b85e-45aa-a3a7-6fc16cb515db'),
 ('105', '6', 'OG Title', 'ogTitle', 'global', '', '1', 'PlainText', '{\"placeholder\":\"\",\"maxLength\":\"\",\"multiline\":\"\",\"initialRows\":\"4\"}', '2017-08-07 23:20:23', '2017-08-07 23:20:46', 'f3674a2f-9a42-4d42-bf22-652043be8077'),
 ('106', '6', 'OG Description', 'ogDescription', 'global', '', '1', 'PlainText', '{\"placeholder\":\"\",\"maxLength\":\"300\",\"multiline\":\"1\",\"initialRows\":\"2\"}', '2017-08-07 23:21:27', '2017-08-07 23:21:27', '69dcdf7d-5026-4ed6-81d1-beafb9264652'),
 ('107', '6', 'Page Type', 'pageType', 'global', '', '0', 'Dropdown', '{\"options\":[{\"label\":\"blog\",\"value\":\"blog\",\"default\":\"\"},{\"label\":\"website\",\"value\":\"website\",\"default\":\"1\"}]}', '2017-08-07 23:22:46', '2017-08-07 23:22:46', '79127a02-8117-4855-a01a-ef69796cac92'),
 ('108', '4', 'Main Navigation CTA', 'mainNavigationCta', 'global', '', '1', 'FruitLinkIt', '{\"types\":[\"custom\",\"entry\"],\"defaultText\":\"\",\"allowCustomText\":\"1\",\"allowTarget\":\"1\",\"entrySources\":\"*\",\"entrySelectionLabel\":\"Select an entry\",\"assetSources\":\"*\",\"assetSelectionLabel\":\"Select an asset\",\"categorySources\":\"*\",\"categorySelectionLabel\":\"Select a category\"}', '2017-08-07 23:32:53', '2017-08-29 21:50:24', '94b0c5ec-397a-438e-99f1-f7242a90b827'),
 ('109', '4', 'Cookie Policy', 'cookiePolicy_loc', 'global', '', '0', 'RichText', '{\"configFile\":\"Link.json\",\"availableAssetSources\":\"*\",\"availableTransforms\":\"*\",\"cleanupHtml\":\"1\",\"purifyHtml\":\"1\",\"purifierConfig\":\"\",\"columnType\":\"text\"}', '2017-08-08 17:36:49', '2017-08-24 21:08:33', '37a3806b-3283-46f7-bbfb-269653e98a5d'),
 ('110', NULL, 'Outlined', 'outline', 'matrixBlockType:11', '', '0', 'Lightswitch', '{\"default\":\"1\"}', '2017-08-08 23:53:11', '2017-09-06 00:19:26', '03def7e2-59b1-4749-aa98-47b6a6f62181'),
 ('111', '4', 'Button Text', 'buttonText_loc', 'global', 'This button takes the user to their previous page, unless there wasn\'t one. In which case, it takes them to the home page.', '1', 'PlainText', '{\"placeholder\":\"\",\"maxLength\":\"\",\"multiline\":\"\",\"initialRows\":\"4\"}', '2017-08-09 17:47:55', '2017-08-24 21:08:23', 'e415b8ee-7ef1-4dc6-9dea-513d087da52a'),
 ('112', '3', 'Home Hero', 'homeHero', 'global', '', '1', 'Matrix', '{\"maxBlocks\":\"1\"}', '2017-08-09 18:18:34', '2017-08-31 18:42:03', 'fbfab34a-fae9-4482-9b94-cc54cc3f52d8'),
 ('113', NULL, 'Headline', 'headline_loc', 'matrixBlockType:20', '', '1', 'PlainText', '{\"placeholder\":\"\",\"maxLength\":\"\",\"multiline\":\"\",\"initialRows\":\"4\"}', '2017-08-09 18:18:34', '2017-08-31 18:42:03', 'f7f9d6b7-c1aa-4d6a-b9fa-d9252e57b936'),
 ('114', NULL, 'Button', 'button', 'matrixBlockType:20', '', '1', 'FruitLinkIt', '{\"types\":[\"custom\",\"entry\"],\"defaultText\":\"\",\"allowCustomText\":\"1\",\"allowTarget\":\"1\",\"entrySources\":\"*\",\"entrySelectionLabel\":\"Select an entry\",\"assetSources\":\"*\",\"assetSelectionLabel\":\"Select an asset\",\"categorySources\":\"*\",\"categorySelectionLabel\":\"Select a category\"}', '2017-08-09 18:18:34', '2017-08-31 18:42:03', '8a1e2243-cf0c-4b29-9b7c-d3f29d7c7caa'),
 ('115', NULL, 'Button Outline', 'buttonOutline', 'matrixBlockType:20', '', '0', 'Lightswitch', '{\"default\":\"1\"}', '2017-08-09 18:18:34', '2017-08-31 18:42:03', 'a7e55199-d081-46f3-8197-25e983dcff0b'),
 ('116', NULL, 'Primary CTA', 'primaryCta', 'matrixBlockType:13', '', '0', 'FruitLinkIt', '{\"types\":[\"custom\",\"entry\"],\"defaultText\":\"\",\"allowCustomText\":\"1\",\"allowTarget\":\"1\",\"entrySources\":\"*\",\"entrySelectionLabel\":\"Select an entry\",\"assetSources\":\"*\",\"assetSelectionLabel\":\"Select an asset\",\"categorySources\":\"*\",\"categorySelectionLabel\":\"Select a category\"}', '2017-08-09 20:36:40', '2017-09-13 22:00:50', '49ed5d2d-9c06-437d-87c3-d13e9fbab766'),
 ('117', NULL, 'Secondary Link', 'secondaryLink', 'matrixBlockType:13', '', '0', 'FruitLinkIt', '{\"types\":[\"custom\",\"entry\"],\"defaultText\":\"\",\"allowCustomText\":\"1\",\"allowTarget\":\"1\",\"entrySources\":\"*\",\"entrySelectionLabel\":\"Select an entry\",\"assetSources\":\"*\",\"assetSelectionLabel\":\"Select an asset\",\"categorySources\":\"*\",\"categorySelectionLabel\":\"Select a category\"}', '2017-08-09 20:36:40', '2017-09-13 22:00:50', '97bb0187-6a1d-46e5-b973-3566d44ebba7'),
 ('118', NULL, 'Image', 'image', 'matrixBlockType:21', '', '0', 'Assets', '{\"useSingleFolder\":\"\",\"sources\":[\"folder:2\"],\"defaultUploadLocationSource\":\"2\",\"defaultUploadLocationSubpath\":\"\",\"singleUploadLocationSource\":\"2\",\"singleUploadLocationSubpath\":\"\",\"restrictFiles\":\"\",\"targetLocale\":\"\",\"limit\":\"1\",\"viewMode\":\"large\",\"selectionLabel\":\"\"}', '2017-08-10 16:55:47', '2017-09-13 22:03:20', 'a7638b1c-2499-4c1c-9c3f-1ba1066dd79a'),
 ('119', NULL, 'Image Alt Text', 'imageAltText_loc', 'matrixBlockType:21', '', '0', 'PlainText', '{\"placeholder\":\"\",\"maxLength\":\"\",\"multiline\":\"\",\"initialRows\":\"4\"}', '2017-08-10 16:55:47', '2017-09-13 22:03:20', '5b2f1ef6-bf1a-4ea9-97a5-ca0f688bbf20');
INSERT INTO `craft_fields` (`id`, `groupId`, `name`, `handle`, `context`, `instructions`, `translatable`, `type`, `settings`, `dateCreated`, `dateUpdated`, `uid`) VALUES
 ('120', NULL, 'Image Link Url', 'imageLinkUrl', 'matrixBlockType:21', '', '0', 'PlainText', '{\"placeholder\":\"https:\\/\\/logowebsite.com\",\"maxLength\":\"\",\"multiline\":\"\",\"initialRows\":\"4\"}', '2017-08-10 16:55:47', '2017-09-13 22:03:20', '85cca3f0-f06c-4a26-bbb9-eee7389d95a8'),
 ('121', '2', 'Vertical Video Url', 'verticalVideoUrl', 'global', '', '0', 'PlainText', '{\"placeholder\":\"\",\"maxLength\":\"\",\"multiline\":\"\",\"initialRows\":\"4\"}', '2017-08-10 17:03:38', '2017-08-24 21:33:49', 'a4b4e511-4503-4bfe-91f2-d4f3628cf2c2'),
 ('122', '2', 'Horizontal Video MP4', 'horizontalVideoMp4', 'global', '', '0', 'Assets', '{\"useSingleFolder\":\"\",\"sources\":[\"folder:6\"],\"defaultUploadLocationSource\":\"3\",\"defaultUploadLocationSubpath\":\"\",\"singleUploadLocationSource\":\"1\",\"singleUploadLocationSubpath\":\"\",\"restrictFiles\":\"1\",\"allowedKinds\":[\"video\"],\"targetLocale\":\"\",\"limit\":\"1\",\"viewMode\":\"large\",\"selectionLabel\":\"\"}', '2017-08-10 17:12:08', '2017-09-12 17:39:12', '37095f02-c453-4bf8-942f-a411163406da'),
 ('123', '2', 'Vertical Video MP4', 'verticalVideoMp4', 'global', '', '0', 'Assets', '{\"useSingleFolder\":\"\",\"sources\":[\"folder:6\"],\"defaultUploadLocationSource\":\"3\",\"defaultUploadLocationSubpath\":\"\",\"singleUploadLocationSource\":\"1\",\"singleUploadLocationSubpath\":\"\",\"restrictFiles\":\"1\",\"allowedKinds\":[\"video\"],\"targetLocale\":\"\",\"limit\":\"1\",\"viewMode\":\"large\",\"selectionLabel\":\"\"}', '2017-08-10 17:12:46', '2017-09-12 17:40:26', '5591aa23-6714-4106-9693-da674a32bcb8'),
 ('124', '2', 'Horizontal Poster Image', 'horizontalPosterImage', 'global', 'Poster Image for the Horizontal Video', '0', 'Assets', '{\"useSingleFolder\":\"\",\"sources\":[\"folder:2\"],\"defaultUploadLocationSource\":\"2\",\"defaultUploadLocationSubpath\":\"\",\"singleUploadLocationSource\":\"2\",\"singleUploadLocationSubpath\":\"\",\"restrictFiles\":\"1\",\"allowedKinds\":[\"image\"],\"targetLocale\":\"\",\"limit\":\"1\",\"viewMode\":\"large\",\"selectionLabel\":\"\"}', '2017-08-10 17:17:51', '2017-09-13 22:04:06', '6cd469ec-80e3-47ec-a477-7af448642a75'),
 ('125', '2', 'Vertical Poster Image', 'verticalPosterImage', 'global', 'Poster Image for the Vertical Video', '0', 'Assets', '{\"useSingleFolder\":\"\",\"sources\":[\"folder:2\"],\"defaultUploadLocationSource\":\"2\",\"defaultUploadLocationSubpath\":\"posters\",\"singleUploadLocationSource\":\"1\",\"singleUploadLocationSubpath\":\"\",\"restrictFiles\":\"\",\"targetLocale\":\"\",\"limit\":\"1\",\"viewMode\":\"large\",\"selectionLabel\":\"\"}', '2017-08-10 17:18:33', '2017-08-10 17:18:33', 'c8cf62ba-e877-4c82-ac20-374f86f940c7'),
 ('126', '2', 'Image Alt Text', 'imageAltText_loc', 'global', '', '1', 'PlainText', '{\"placeholder\":\"\",\"maxLength\":\"\",\"multiline\":\"\",\"initialRows\":\"4\"}', '2017-08-10 20:22:31', '2017-08-24 21:29:39', 'c4f90e58-2ac9-4c12-83e9-9198eb971be9'),
 ('127', '2', 'Mobile Image', 'mobileImage', 'global', 'Optional  only use if there is a different image needed for mobile.', '0', 'Assets', '{\"useSingleFolder\":\"\",\"sources\":[\"folder:2\"],\"defaultUploadLocationSource\":\"2\",\"defaultUploadLocationSubpath\":\"\",\"singleUploadLocationSource\":\"1\",\"singleUploadLocationSubpath\":\"\",\"restrictFiles\":\"1\",\"allowedKinds\":[\"image\"],\"targetLocale\":\"\",\"limit\":\"1\",\"viewMode\":\"large\",\"selectionLabel\":\"\"}', '2017-08-10 20:23:58', '2017-08-10 20:27:40', '92316498-c45b-4692-a2e6-337b09d9686e'),
 ('128', NULL, 'Video File MP4', 'videoFileMp4', 'matrixBlockType:22', '', '0', 'Assets', '{\"useSingleFolder\":\"\",\"sources\":[\"folder:6\"],\"defaultUploadLocationSource\":\"3\",\"defaultUploadLocationSubpath\":\"\",\"singleUploadLocationSource\":\"1\",\"singleUploadLocationSubpath\":\"\",\"restrictFiles\":\"1\",\"allowedKinds\":[\"video\"],\"targetLocale\":\"\",\"limit\":\"1\",\"viewMode\":\"large\",\"selectionLabel\":\"\"}', '2017-08-10 21:46:15', '2017-09-12 17:50:03', '8fdb0efa-cf47-49e2-b321-83df4c824b2d'),
 ('129', NULL, 'Poster Image', 'posterImage', 'matrixBlockType:22', '', '0', 'Assets', '{\"useSingleFolder\":\"\",\"sources\":[\"folder:2\"],\"defaultUploadLocationSource\":\"2\",\"defaultUploadLocationSubpath\":\"\",\"singleUploadLocationSource\":\"1\",\"singleUploadLocationSubpath\":\"\",\"restrictFiles\":\"\",\"targetLocale\":\"\",\"limit\":\"1\",\"viewMode\":\"large\",\"selectionLabel\":\"\"}', '2017-08-10 21:46:15', '2017-09-12 17:50:03', '681ac01a-8bef-4667-ba03-1ade4aff1eae'),
 ('130', NULL, 'Description Title', 'descriptionTitle_loc', 'matrixBlockType:13', '', '0', 'PlainText', '{\"placeholder\":\"\",\"maxLength\":\"\",\"multiline\":\"\",\"initialRows\":\"4\"}', '2017-08-10 21:47:58', '2017-09-13 22:00:50', '30d571cf-6501-427c-8463-22ae9b98546f'),
 ('131', '2', 'Desktop Video Location', 'desktopVideoLocation', 'global', '', '0', 'Dropdown', '{\"options\":[{\"label\":\"Left\",\"value\":\"left\",\"default\":\"1\"},{\"label\":\"Right\",\"value\":\"right\",\"default\":\"\"}]}', '2017-08-10 21:51:07', '2017-08-10 21:51:07', 'e82ca392-db97-402e-a073-69194499bcc4'),
 ('132', '2', 'Rounded Corners', 'roundedCorners', 'global', '', '0', 'Lightswitch', '{\"default\":\"\"}', '2017-08-10 21:53:08', '2017-08-10 21:53:08', 'b3c75bb9-33e1-48c3-9a71-5969cad10051'),
 ('133', NULL, 'Device Image', 'deviceImage', 'matrixBlockType:13', 'Poster Image for video or stand-alone image', '0', 'Assets', '{\"useSingleFolder\":\"\",\"sources\":[\"folder:2\"],\"defaultUploadLocationSource\":\"2\",\"defaultUploadLocationSubpath\":\"\",\"singleUploadLocationSource\":\"2\",\"singleUploadLocationSubpath\":\"\",\"restrictFiles\":\"1\",\"allowedKinds\":[\"image\"],\"targetLocale\":\"\",\"limit\":\"1\",\"viewMode\":\"large\",\"selectionLabel\":\"\"}', '2017-08-10 22:06:49', '2017-09-13 22:00:50', 'f96c929f-189b-4a2f-838b-aee45816f748'),
 ('135', NULL, 'Button Type', 'buttonType', 'matrixBlockType:11', 'For tracking specific button cases.', '0', 'Dropdown', '{\"options\":[{\"label\":\"Normal\",\"value\":\"normal\",\"default\":\"1\"},{\"label\":\"Getting Started\",\"value\":\"gettingStarted\",\"default\":\"\"},{\"label\":\"Sign Up\",\"value\":\"signUp\",\"default\":\"\"}]}', '2017-08-10 23:29:47', '2017-09-06 00:19:26', '36050d13-8a23-4a9b-b00e-1317754b2d67'),
 ('136', '5', 'Product Filter Title', 'productFilterTitle_loc', 'global', '', '1', 'PlainText', '{\"placeholder\":\"\",\"maxLength\":\"\",\"multiline\":\"\",\"initialRows\":\"4\"}', '2017-08-10 23:31:57', '2017-08-24 21:22:23', '589f2185-9c12-43bb-8efb-237df6ddb6db'),
 ('137', '5', 'Objective Filter Title', 'objectiveFilterTitle_loc', 'global', '', '1', 'PlainText', '{\"placeholder\":\"\",\"maxLength\":\"\",\"multiline\":\"\",\"initialRows\":\"4\"}', '2017-08-10 23:32:15', '2017-08-24 21:22:17', '68bcd39a-2d0f-440a-9e99-c4d149d401d6'),
 ('138', '5', 'Industry Filter Title', 'industryFilterTitle_loc', 'global', '', '1', 'PlainText', '{\"placeholder\":\"\",\"maxLength\":\"\",\"multiline\":\"\",\"initialRows\":\"4\"}', '2017-08-10 23:32:29', '2017-08-24 21:21:38', '1fc78120-cf9e-4a28-94ec-6ae28319db90'),
 ('139', '5', 'No Results Text', 'noResultsText_loc', 'global', 'Translatable text for an empty results return.', '1', 'PlainText', '{\"placeholder\":\"\",\"maxLength\":\"\",\"multiline\":\"\",\"initialRows\":\"4\"}', '2017-08-10 23:36:39', '2017-08-24 21:22:03', 'a09f0f92-e3db-4d86-a29b-cebeef3cfa77'),
 ('140', NULL, 'Section Title', 'sectionTitle_loc', 'matrixBlockType:17', 'Used for side navigation', '0', 'PlainText', '{\"placeholder\":\"\",\"maxLength\":\"\",\"multiline\":\"\",\"initialRows\":\"4\"}', '2017-08-15 23:37:53', '2017-08-24 21:18:16', 'cabeda5e-777f-46c7-ac4a-edf3186e9373'),
 ('141', NULL, 'Section Title', 'sectionTitle_loc', 'matrixBlockType:20', 'Used for side navigation', '0', 'PlainText', '{\"placeholder\":\"\",\"maxLength\":\"\",\"multiline\":\"\",\"initialRows\":\"4\"}', '2017-08-15 23:38:32', '2017-08-31 18:42:03', '3a4d930b-7b1b-4229-8537-de570e4d8472'),
 ('142', '2', 'Autoplay', 'autoplay', 'global', 'When autoplay is enabled, the video will default to muted audio.', '0', 'Lightswitch', '{\"default\":\"\"}', '2017-08-16 18:28:00', '2017-08-29 17:07:24', 'ad4833c3-007f-45ed-bff7-c86231926ab4'),
 ('143', '2', 'Video Controls', 'videoControls', 'global', '', '0', 'Lightswitch', '{\"default\":\"\"}', '2017-08-16 18:28:16', '2017-08-16 18:28:16', 'd158f4cb-8774-434d-9db6-0b76f7329a0f'),
 ('144', '7', 'Entry Builder', 'entryBuilder', 'global', '', '0', 'Neo', '{\"maxBlocks\":null}', '2017-08-21 21:04:13', '2017-09-14 20:28:17', '83db318b-d2e2-45c0-a2fd-9b808ab80287'),
 ('145', '7', 'Hero Image', 'heroImage', 'global', '', '0', 'Matrix', '{\"maxBlocks\":\"1\"}', '2017-08-21 22:24:22', '2017-09-05 21:24:44', '5d765144-8a3f-4887-b34d-0d9e25d84ffe'),
 ('146', '7', 'Card Color', 'cardColor', 'global', '', '0', 'Dropdown', '{\"options\":[{\"label\":\"blue\",\"value\":\"blue\",\"default\":\"\"},{\"label\":\"light blue\",\"value\":\"lightBlue\",\"default\":\"\"},{\"label\":\"green\",\"value\":\"green\",\"default\":\"\"},{\"label\":\"light green\",\"value\":\"lightGreen\",\"default\":\"\"},{\"label\":\"purple\",\"value\":\"purple\",\"default\":\"\"},{\"label\":\"light purple\",\"value\":\"lightPurple\",\"default\":\"\"},{\"label\":\"yellow\",\"value\":\"yellow\",\"default\":\"\"},{\"label\":\"orange\",\"value\":\"orange\",\"default\":\"\"},{\"label\":\"light orange\",\"value\":\"lightOrange\",\"default\":\"\"},{\"label\":\"red\",\"value\":\"red\",\"default\":\"\"},{\"label\":\"light red\",\"value\":\"lightRed\",\"default\":\"\"}]}', '2017-08-22 18:19:36', '2017-08-22 22:33:35', 'c99ccfe0-971c-4d5b-a163-2b6f723f39a0'),
 ('147', '7', 'Entry Industry', 'entryIndustry', 'global', '', '0', 'Categories', '{\"source\":\"group:2\",\"targetLocale\":\"\",\"limit\":\"\",\"selectionLabel\":\"\"}', '2017-08-22 21:11:49', '2017-08-22 21:17:38', 'a2d749d2-9f4e-4aea-a4fc-30c0f0338c33'),
 ('148', '7', 'Entry Region', 'entryRegion', 'global', '', '0', 'Categories', '{\"source\":\"group:6\",\"targetLocale\":\"\",\"limit\":\"\",\"selectionLabel\":\"\"}', '2017-08-22 21:12:51', '2017-08-22 21:17:50', 'eeb1f641-73e5-4ff2-b2ef-d129f97cf7cb'),
 ('149', '7', 'Card Image', 'cardImage', 'global', '', '0', 'Assets', '{\"useSingleFolder\":\"\",\"sources\":[\"folder:2\"],\"defaultUploadLocationSource\":\"2\",\"defaultUploadLocationSubpath\":\"\",\"singleUploadLocationSource\":\"1\",\"singleUploadLocationSubpath\":\"\",\"restrictFiles\":\"1\",\"allowedKinds\":[\"image\"],\"targetLocale\":\"\",\"limit\":\"1\",\"viewMode\":\"large\",\"selectionLabel\":\"\"}', '2017-08-22 21:13:46', '2017-09-12 18:34:29', 'db2c2c76-2d1d-4ba4-b8f5-ff2351b4f10c'),
 ('150', '5', 'Hero Device Image', 'heroDeviceImage', 'global', 'Should be straight-on device (non-angled).', '0', 'Assets', '{\"useSingleFolder\":\"\",\"sources\":\"*\",\"defaultUploadLocationSource\":\"2\",\"defaultUploadLocationSubpath\":\"\",\"singleUploadLocationSource\":\"1\",\"singleUploadLocationSubpath\":\"\",\"restrictFiles\":\"1\",\"allowedKinds\":[\"image\"],\"targetLocale\":\"\",\"limit\":\"1\",\"viewMode\":\"large\",\"selectionLabel\":\"\"}', '2017-08-22 23:05:13', '2017-09-06 18:14:36', '6dffb3fe-1a4c-41da-a921-6802a82da144'),
 ('151', '5', 'Card Device Image', 'cardDeviceImage', 'global', 'Should be the angled version.', '0', 'Assets', '{\"useSingleFolder\":\"\",\"sources\":[\"folder:2\"],\"defaultUploadLocationSource\":\"2\",\"defaultUploadLocationSubpath\":\"\",\"singleUploadLocationSource\":\"1\",\"singleUploadLocationSubpath\":\"\",\"restrictFiles\":\"1\",\"allowedKinds\":[\"image\"],\"targetLocale\":\"\",\"limit\":\"1\",\"viewMode\":\"large\",\"selectionLabel\":\"\"}', '2017-08-22 23:05:41', '2017-09-12 18:34:15', '8cbfd3eb-f630-4986-ad96-651c9f7eb1f9'),
 ('152', '5', 'Spotlight Description', 'spotlightDescription_loc', 'global', '', '0', 'PlainText', '{\"placeholder\":\"\",\"maxLength\":\"\",\"multiline\":\"\",\"initialRows\":\"4\"}', '2017-08-23 17:58:37', '2017-08-24 21:23:55', '9f0959ba-d485-465d-b7fb-1ff8cc6bb23b'),
 ('153', '5', 'Product Used', 'productUsed_loc', 'global', '', '0', 'PlainText', '{\"placeholder\":\"\",\"maxLength\":\"\",\"multiline\":\"\",\"initialRows\":\"4\"}', '2017-08-23 17:58:52', '2017-08-24 21:22:29', '5ff7f054-adbf-41a5-a3c7-592c43ff50e1'),
 ('154', '5', 'Objective', 'objective_loc', 'global', '', '0', 'PlainText', '{\"placeholder\":\"\",\"maxLength\":\"\",\"multiline\":\"\",\"initialRows\":\"4\"}', '2017-08-23 17:58:59', '2017-08-24 21:22:09', '4ea1dd4a-f5a7-4ec4-b58b-1390bed0ae61'),
 ('155', '4', 'Title', 'title_loc', 'global', '', '1', 'PlainText', '{\"placeholder\":\"\",\"maxLength\":\"\",\"multiline\":\"\",\"initialRows\":\"4\"}', '2017-08-23 21:50:48', '2017-08-23 22:32:50', '69639a7a-196b-4861-bb47-e305bf621346'),
 ('156', '5', 'Region Filter Title', 'regionFilterTitle_loc', 'global', '', '0', 'PlainText', '{\"placeholder\":\"\",\"maxLength\":\"\",\"multiline\":\"\",\"initialRows\":\"4\"}', '2017-08-24 20:59:30', '2017-08-24 21:22:38', '0e8e518f-71a4-4fa7-9bb6-fb905cee7df0'),
 ('157', '8', 'Body', 'body', 'global', '', '0', 'RichText', '{\"configFile\":\"Link.json\",\"availableAssetSources\":\"*\",\"availableTransforms\":\"*\",\"cleanupHtml\":\"1\",\"purifyHtml\":\"1\",\"purifierConfig\":\"\",\"columnType\":\"text\"}', '2017-08-24 21:20:59', '2017-08-24 21:20:59', '7e9afd91-c555-4d76-b8c0-cff87931de14'),
 ('158', NULL, 'Image', 'image', 'matrixBlockType:23', '', '0', 'Assets', '{\"useSingleFolder\":\"\",\"sources\":[\"folder:2\"],\"defaultUploadLocationSource\":\"2\",\"defaultUploadLocationSubpath\":\"\",\"singleUploadLocationSource\":\"1\",\"singleUploadLocationSubpath\":\"\",\"restrictFiles\":\"1\",\"allowedKinds\":[\"image\"],\"targetLocale\":\"\",\"limit\":\"1\",\"viewMode\":\"large\",\"selectionLabel\":\"\"}', '2017-09-05 21:24:44', '2017-09-05 21:24:44', '5daca863-4279-48c0-8c5c-252ef879ddcd'),
 ('159', NULL, 'Alt Text', 'altText', 'matrixBlockType:23', '', '0', 'PlainText', '{\"placeholder\":\"\",\"maxLength\":\"\",\"multiline\":\"\",\"initialRows\":\"4\"}', '2017-09-05 21:24:44', '2017-09-05 21:24:44', '7d89c83f-1385-4309-a6a4-a161e10c3ebe'),
 ('160', '7', 'Text Block', 'textBlock', 'global', '', '0', 'RichText', '{\"configFile\":\"Simple.json\",\"availableAssetSources\":\"\",\"availableTransforms\":\"\",\"cleanupHtml\":\"1\",\"purifyHtml\":\"1\",\"purifierConfig\":\"\",\"columnType\":\"text\"}', '2017-09-05 22:18:06', '2017-09-05 22:18:06', '66cc709b-86a3-4b8d-9b91-81888b7c4569'),
 ('161', '7', 'Block Quote', 'blockQuote', 'global', '', '0', 'Matrix', '{\"maxBlocks\":\"1\"}', '2017-09-05 22:45:02', '2017-09-05 23:37:50', 'e4eb6ab9-3fcd-40ff-a54d-17905278286c'),
 ('162', NULL, 'Quote Text', 'quoteText_loc', 'matrixBlockType:24', '', '1', 'PlainText', '{\"placeholder\":\"\",\"maxLength\":\"\",\"multiline\":\"\",\"initialRows\":\"4\"}', '2017-09-05 22:45:02', '2017-09-05 23:37:50', 'b7fef297-ba5e-49cc-92e6-edca972581b7'),
 ('163', NULL, 'Attribution', 'attribution_loc', 'matrixBlockType:24', 'Adding attribution automatically adds quote marks to block quote.', '1', 'PlainText', '{\"placeholder\":\"(optional)\",\"maxLength\":\"\",\"multiline\":\"\",\"initialRows\":\"4\"}', '2017-09-05 22:45:02', '2017-09-05 23:37:50', '64a14907-af03-4e0a-8e08-fe3fc5d59d11'),
 ('164', '7', 'Learnings Cards', 'learningsCards', 'global', '', '0', 'Matrix', '{\"maxBlocks\":\"3\"}', '2017-09-05 23:48:17', '2017-09-13 22:25:05', '88c1303c-1090-4854-ac3f-98fdbf8fba66'),
 ('165', NULL, 'Image', 'image', 'matrixBlockType:25', '', '0', 'Assets', '{\"useSingleFolder\":\"\",\"sources\":[\"folder:2\"],\"defaultUploadLocationSource\":\"2\",\"defaultUploadLocationSubpath\":\"\",\"singleUploadLocationSource\":\"2\",\"singleUploadLocationSubpath\":\"\",\"restrictFiles\":\"1\",\"allowedKinds\":[\"image\"],\"targetLocale\":\"\",\"limit\":\"1\",\"viewMode\":\"large\",\"selectionLabel\":\"\"}', '2017-09-05 23:48:17', '2017-09-13 22:25:05', 'fe51d9c0-2d6c-4f79-b30c-4ed50114a25d'),
 ('166', NULL, 'Image Alt', 'imageAlt_loc', 'matrixBlockType:25', '', '1', 'PlainText', '{\"placeholder\":\"\",\"maxLength\":\"\",\"multiline\":\"\",\"initialRows\":\"4\"}', '2017-09-05 23:48:17', '2017-09-13 22:25:05', 'cf7c72db-07a1-42e4-915c-1f9eeeb0d551'),
 ('167', NULL, 'Card Body', 'cardBody_loc', 'matrixBlockType:25', '', '1', 'RichText', '{\"configFile\":\"Tooltip.json\",\"availableAssetSources\":\"*\",\"availableTransforms\":\"*\",\"cleanupHtml\":\"1\",\"purifyHtml\":\"1\",\"purifierConfig\":\"\",\"columnType\":\"text\"}', '2017-09-05 23:48:17', '2017-09-13 22:25:05', '15bb76b2-0a91-46a0-83c6-7dc3a0a44186'),
 ('168', '2', 'Image Caption', 'imageCaption_loc', 'global', '', '1', 'PlainText', '{\"placeholder\":\"(optional)\",\"maxLength\":\"\",\"multiline\":\"\",\"initialRows\":\"4\"}', '2017-09-05 23:51:35', '2017-09-05 23:52:01', 'e2779407-87b2-4b59-b857-bf5edd547f5c'),
 ('169', '7', 'Image Download Button', 'imageDownloadButton', 'global', '', '0', 'Lightswitch', '{\"default\":\"\"}', '2017-09-05 23:53:26', '2017-09-05 23:53:26', '8a830c9e-c246-41f0-8685-18c00c3cc8a2'),
 ('170', '7', 'wide image', 'wideImage', 'global', '', '0', 'Lightswitch', '{\"default\":\"\"}', '2017-09-06 00:03:24', '2017-09-06 00:03:24', '36f40572-c302-4815-9f73-247c4269f677'),
 ('171', '7', 'Metric Cards', 'metricCards', 'global', '', '0', 'Matrix', '{\"maxBlocks\":\"4\"}', '2017-09-06 00:06:37', '2017-09-13 22:27:12', 'a875cfff-2932-4348-802f-3278b11fd340'),
 ('172', NULL, 'Large Number', 'largeNumber', 'matrixBlockType:26', '', '0', 'PlainText', '{\"placeholder\":\"\",\"maxLength\":\"\",\"multiline\":\"\",\"initialRows\":\"4\"}', '2017-09-06 00:06:37', '2017-09-13 22:27:12', '2f692511-3a84-41de-8601-aa8c525f6822'),
 ('173', NULL, 'Small Text', 'smallText', 'matrixBlockType:26', '', '1', 'RichText', '{\"configFile\":\"Tooltip.json\",\"availableAssetSources\":\"*\",\"availableTransforms\":\"*\",\"cleanupHtml\":\"1\",\"purifyHtml\":\"1\",\"purifierConfig\":\"\",\"columnType\":\"text\"}', '2017-09-06 00:06:37', '2017-09-13 22:27:12', '9f60e25d-23bc-47ca-bbae-778c4e88a2c9'),
 ('174', '2', 'Image With Alt', 'imageWithAlt', 'global', '', '0', 'Matrix', '{\"maxBlocks\":null}', '2017-09-06 00:18:08', '2017-09-06 00:18:08', 'c740a8ec-6410-435e-923d-11be534d2e31'),
 ('175', NULL, 'Asset', 'asset', 'matrixBlockType:27', '', '0', 'Assets', '{\"useSingleFolder\":\"\",\"sources\":[\"folder:2\"],\"defaultUploadLocationSource\":\"2\",\"defaultUploadLocationSubpath\":\"\",\"singleUploadLocationSource\":\"1\",\"singleUploadLocationSubpath\":\"\",\"restrictFiles\":\"1\",\"allowedKinds\":[\"image\"],\"targetLocale\":\"\",\"limit\":\"1\",\"viewMode\":\"large\",\"selectionLabel\":\"\"}', '2017-09-06 00:18:08', '2017-09-06 00:18:08', '4451fcfc-367e-4a45-9d3a-c80aa74c3256'),
 ('176', NULL, 'Alt Text', 'altText_loc', 'matrixBlockType:27', '', '1', 'PlainText', '{\"placeholder\":\"\",\"maxLength\":\"\",\"multiline\":\"\",\"initialRows\":\"4\"}', '2017-09-06 00:18:08', '2017-09-06 00:18:08', 'c4c97519-3b7a-42e9-bde3-67683e78f519'),
 ('177', '5', 'Light Text', 'lightText', 'global', '', '0', 'Lightswitch', '{\"default\":\"\"}', '2017-09-06 18:00:48', '2017-09-06 18:00:48', 'cd20f956-8921-47a1-b57d-a900a5587afb'),
 ('179', '5', 'Story Builder', 'storyBuilder', 'global', '', '0', 'Neo', '{\"maxBlocks\":null}', '2017-09-06 20:16:26', '2017-09-14 00:09:36', '1fe91a14-414a-4871-920b-83bb7162f052'),
 ('180', '5', 'Video Asset MP4', 'videoAssetMp4', 'global', '', '0', 'Assets', '{\"useSingleFolder\":\"\",\"sources\":[\"folder:6\"],\"defaultUploadLocationSource\":\"3\",\"defaultUploadLocationSubpath\":\"\",\"singleUploadLocationSource\":\"1\",\"singleUploadLocationSubpath\":\"\",\"restrictFiles\":\"1\",\"allowedKinds\":[\"video\"],\"targetLocale\":\"\",\"limit\":\"1\",\"viewMode\":\"list\",\"selectionLabel\":\"\"}', '2017-09-06 20:35:50', '2017-09-12 17:56:31', 'ffd8e093-612f-4b30-8efc-adbac0c66976'),
 ('181', '5', 'Poster Image', 'posterImage', 'global', '', '0', 'Assets', '{\"useSingleFolder\":\"\",\"sources\":[\"folder:2\"],\"defaultUploadLocationSource\":\"2\",\"defaultUploadLocationSubpath\":\"\",\"singleUploadLocationSource\":\"1\",\"singleUploadLocationSubpath\":\"\",\"restrictFiles\":\"1\",\"allowedKinds\":[\"image\"],\"targetLocale\":\"\",\"limit\":\"1\",\"viewMode\":\"list\",\"selectionLabel\":\"\"}', '2017-09-06 20:36:55', '2017-09-06 20:36:55', '0e6885f1-0ef2-4023-a716-fbda6b6f6bca'),
 ('182', '5', 'Description', 'description_loc', 'global', '', '1', 'RichText', '{\"configFile\":\"Tooltip.json\",\"availableAssetSources\":\"\",\"availableTransforms\":\"\",\"cleanupHtml\":\"1\",\"purifyHtml\":\"1\",\"purifierConfig\":\"\",\"columnType\":\"text\"}', '2017-09-06 20:41:11', '2017-09-06 20:41:11', 'e1737f3c-36b1-4bbd-af8f-c054690cadc2'),
 ('183', '5', 'Image Asset', 'imageAsset', 'global', '', '0', 'Assets', '{\"useSingleFolder\":\"\",\"sources\":[\"folder:2\"],\"defaultUploadLocationSource\":\"2\",\"defaultUploadLocationSubpath\":\"\",\"singleUploadLocationSource\":\"1\",\"singleUploadLocationSubpath\":\"\",\"restrictFiles\":\"\",\"targetLocale\":\"\",\"limit\":\"1\",\"viewMode\":\"list\",\"selectionLabel\":\"\"}', '2017-09-06 20:42:34', '2017-09-06 20:42:34', 'adff7867-a376-4b17-81c1-e8d4c2a38ffb'),
 ('184', '5', 'Story Metrics', 'storyMetrics', 'global', '', '0', 'Matrix', '{\"maxBlocks\":\"2\"}', '2017-09-06 20:48:13', '2017-09-06 20:48:13', '4c4a3205-9743-4393-902c-956f5a1b4b76'),
 ('185', NULL, 'Large Number', 'largeNumber_loc', 'matrixBlockType:28', '', '1', 'PlainText', '{\"placeholder\":\"\",\"maxLength\":\"\",\"multiline\":\"\",\"initialRows\":\"4\"}', '2017-09-06 20:48:13', '2017-09-06 20:48:13', '03fa1347-ab08-4bb7-af0c-c1c19360810a'),
 ('186', NULL, 'Small Text', 'smallText_loc', 'matrixBlockType:28', '', '1', 'PlainText', '{\"placeholder\":\"\",\"maxLength\":\"\",\"multiline\":\"\",\"initialRows\":\"4\"}', '2017-09-06 20:48:13', '2017-09-06 20:48:13', 'a959f0a0-e3ad-4d4f-b569-d634fd468aaf'),
 ('187', '5', 'PDF Image', 'pdfImage', 'global', '', '0', 'Assets', '{\"useSingleFolder\":\"\",\"sources\":[\"folder:2\"],\"defaultUploadLocationSource\":\"2\",\"defaultUploadLocationSubpath\":\"\",\"singleUploadLocationSource\":\"1\",\"singleUploadLocationSubpath\":\"\",\"restrictFiles\":\"\",\"targetLocale\":\"\",\"limit\":\"1\",\"viewMode\":\"list\",\"selectionLabel\":\"\"}', '2017-09-06 20:52:41', '2017-09-06 20:52:41', '5ef7724c-3f59-43c6-aa1e-4ad3a556bb3b'),
 ('188', '4', 'Primary Navigation', 'primaryNavigation', 'global', '', '0', 'Neo', '{\"maxBlocks\":\"5\"}', '2017-09-06 22:45:21', '2017-09-06 23:01:26', 'cdc6614a-b5bf-43c8-b30a-2e6bac5f678b'),
 ('189', '4', 'Subnav Items', 'subnavItems', 'global', '', '0', 'Matrix', '{\"maxBlocks\":null}', '2017-09-06 22:47:32', '2017-09-06 22:47:55', 'e43ae94c-3013-4faa-b8bb-87647981015d'),
 ('190', NULL, 'Link Info', 'linkInfo', 'matrixBlockType:29', '', '0', 'FruitLinkIt', '{\"types\":[\"custom\",\"entry\"],\"defaultText\":\"\",\"allowCustomText\":\"1\",\"allowTarget\":\"1\",\"entrySources\":\"*\",\"entrySelectionLabel\":\"Select an entry\",\"assetSources\":\"*\",\"assetSelectionLabel\":\"Select an asset\",\"categorySources\":\"*\",\"categorySelectionLabel\":\"Select a category\"}', '2017-09-06 22:47:32', '2017-09-06 22:47:55', '558ded19-bbcc-4446-b8df-cafa2f5f492b'),
 ('191', '5', 'Success Stories Title', 'successStoriesTitle_loc', 'global', '', '1', 'PlainText', '{\"placeholder\":\"\",\"maxLength\":\"\",\"multiline\":\"\",\"initialRows\":\"4\"}', '2017-09-06 23:10:35', '2017-09-06 23:19:54', 'e1b56156-158e-4678-934f-a311b866575e'),
 ('192', '5', 'Success Stories Button', 'successStoriesButton', 'global', '', '0', 'FruitLinkIt', '{\"types\":[\"entry\"],\"defaultText\":\"\",\"allowCustomText\":\"1\",\"allowTarget\":\"\",\"entrySources\":\"*\",\"entrySelectionLabel\":\"Select an entry\",\"assetSources\":\"\",\"assetSelectionLabel\":\"Select an asset\",\"categorySources\":\"\",\"categorySelectionLabel\":\"Select a category\"}', '2017-09-06 23:11:15', '2017-09-06 23:11:15', 'd48b0ef7-dd52-401b-86e5-8bd6491858ac'),
 ('193', '5', 'Creative Spotlight Title', 'creativeSpotlightTitle_loc', 'global', '', '1', 'PlainText', '{\"placeholder\":\"\",\"maxLength\":\"\",\"multiline\":\"\",\"initialRows\":\"4\"}', '2017-09-06 23:11:37', '2017-09-06 23:19:49', '1cfb597d-fcba-4e4d-9645-02313b7c436d'),
 ('195', '5', 'Creative Spotlight Button', 'creativeSpotlightButton', 'global', '', '0', 'FruitLinkIt', '{\"types\":[\"entry\"],\"defaultText\":\"\",\"allowCustomText\":\"1\",\"allowTarget\":\"\",\"entrySources\":\"*\",\"entrySelectionLabel\":\"Select an entry\",\"assetSources\":\"\",\"assetSelectionLabel\":\"Select an asset\",\"categorySources\":\"\",\"categorySelectionLabel\":\"Select a category\"}', '2017-09-06 23:14:45', '2017-09-06 23:14:45', '80f7b8dc-f9e3-435e-80f4-f738a18dd640'),
 ('196', '9', 'Related Content Headline', 'relatedContentHeadline_loc', 'global', 'e.g. \"Find your inspiration\"', '1', 'PlainText', '{\"placeholder\":\"\",\"maxLength\":\"\",\"multiline\":\"\",\"initialRows\":\"4\"}', '2017-09-07 18:10:34', '2017-09-14 00:08:12', '5ff51a70-6ee5-4c8d-9a7d-83b5e23dc165'),
 ('197', '9', 'Related Content Button', 'relatedContentButton', 'global', '', '0', 'FruitLinkIt', '{\"types\":[\"entry\"],\"defaultText\":\"\",\"allowCustomText\":\"1\",\"allowTarget\":\"\",\"entrySources\":\"*\",\"entrySelectionLabel\":\"Select an entry\",\"assetSources\":\"\",\"assetSelectionLabel\":\"Select an asset\",\"categorySources\":\"\",\"categorySelectionLabel\":\"Select a category\"}', '2017-09-07 18:11:13', '2017-09-07 18:11:13', 'b7401015-24e6-4dc9-875a-6b2a3eddcf30'),
 ('198', '9', 'Related Entries', 'relatedEntries', 'global', 'Add up to 3 related entries.', '0', 'Matrix', '{\"maxBlocks\":\"3\"}', '2017-09-07 18:13:30', '2017-09-07 18:13:30', 'd27b78db-cae3-4bdb-afa5-3d722e957940'),
 ('199', NULL, 'Entry', 'entry', 'matrixBlockType:30', '', '0', 'Entries', '{\"sources\":[\"section:10\",\"section:2\",\"section:4\"],\"targetLocale\":\"\",\"limit\":\"\",\"selectionLabel\":\"\"}', '2017-09-07 18:13:30', '2017-09-07 18:13:30', 'f0d71a45-5335-47f4-bec3-4bb6913f6ee0'),
 ('200', '10', 'Modal Eyebrow', 'modalEyebrow_loc', 'global', '', '1', 'PlainText', '{\"placeholder\":\"\",\"maxLength\":\"\",\"multiline\":\"\",\"initialRows\":\"4\"}', '2017-09-07 18:37:52', '2017-09-07 18:37:52', 'dc19edc7-6f01-40c4-9c7e-37a255ed7c4a'),
 ('201', '10', 'Product Used Title', 'productUsedTitle_loc', 'global', '', '0', 'PlainText', '{\"placeholder\":\"\",\"maxLength\":\"\",\"multiline\":\"\",\"initialRows\":\"4\"}', '2017-09-07 18:38:13', '2017-09-07 20:36:51', '78866c79-0fd3-4c63-9d60-e815320b2f25'),
 ('202', '10', 'Objective Title', 'objectiveTitle_loc', 'global', '', '0', 'PlainText', '{\"placeholder\":\"\",\"maxLength\":\"\",\"multiline\":\"\",\"initialRows\":\"4\"}', '2017-09-07 18:38:27', '2017-09-07 20:36:35', '9e86443b-d886-46c4-bcfc-f69f1d4d6dbf'),
 ('203', '10', 'Spotlight Product Used', 'spotlightProductUsed_loc', 'global', '', '1', 'Dropdown', '{\"options\":[{\"label\":\"Filters\",\"value\":\"filters\",\"default\":\"\"},{\"label\":\"Lenses\",\"value\":\"lenses\",\"default\":\"\"},{\"label\":\"Snap Ad\",\"value\":\"snapAd\",\"default\":\"\"},{\"label\":\"Snap Ad + Long-form Video\",\"value\":\"longFormVideo\",\"default\":\"\"},{\"label\":\"Snap Ad + App Install\",\"value\":\"appInstall\",\"default\":\"\"},{\"label\":\"Snap Ad + Web View\",\"value\":\"webView\",\"default\":\"\"}]}', '2017-09-07 20:36:16', '2017-09-13 18:09:23', '92a39d48-a3df-45e3-ae8a-5288abea9f5b'),
 ('204', '10', 'Spotlight Objective', 'spotlightObjective_loc', 'global', '', '1', 'Dropdown', '{\"options\":[{\"label\":\"Raise Awareness\",\"value\":\"raiseAwareness\",\"default\":\"\"},{\"label\":\"Increase Consideration\",\"value\":\"increaseConsideration\",\"default\":\"\"},{\"label\":\"Drive Action\",\"value\":\"driveAction\",\"default\":\"\"}]}', '2017-09-07 20:38:07', '2017-09-07 20:38:07', '07522711-4f7e-45cb-a428-07a3329a4143'),
 ('205', '10', 'Spotlight Summary', 'spotlightSummary_loc', 'global', '', '1', 'PlainText', '{\"placeholder\":\"\",\"maxLength\":\"\",\"multiline\":\"1\",\"initialRows\":\"2\"}', '2017-09-07 20:39:17', '2017-09-07 20:39:17', 'b4529d49-d617-4a1a-a93a-6136212902c0'),
 ('206', '10', 'Spotlight Video', 'spotlightVideo', 'global', '', '0', 'Assets', '{\"useSingleFolder\":\"\",\"sources\":[\"folder:6\"],\"defaultUploadLocationSource\":\"3\",\"defaultUploadLocationSubpath\":\"\",\"singleUploadLocationSource\":\"1\",\"singleUploadLocationSubpath\":\"\",\"restrictFiles\":\"1\",\"allowedKinds\":[\"video\"],\"targetLocale\":\"\",\"limit\":\"1\",\"viewMode\":\"list\",\"selectionLabel\":\"\"}', '2017-09-07 20:39:59', '2017-09-07 20:39:59', '1fb9510c-ac4f-437d-968d-d7dc6f501888'),
 ('207', '10', 'Spotlight Video Poster Image', 'spotlightVideoPosterImage', 'global', '', '0', 'Assets', '{\"useSingleFolder\":\"\",\"sources\":[\"folder:2\"],\"defaultUploadLocationSource\":\"2\",\"defaultUploadLocationSubpath\":\"\",\"singleUploadLocationSource\":\"1\",\"singleUploadLocationSubpath\":\"\",\"restrictFiles\":\"1\",\"allowedKinds\":[\"image\"],\"targetLocale\":\"\",\"limit\":\"1\",\"viewMode\":\"large\",\"selectionLabel\":\"\"}', '2017-09-07 20:40:31', '2017-09-07 20:40:31', 'de1671e7-d2e1-4062-b891-29cd9a1722b2'),
 ('208', '10', 'Spotlight Device Asset', 'spotlightDeviceAsset', 'global', '', '0', 'Matrix', '{\"maxBlocks\":\"1\"}', '2017-09-07 20:44:11', '2017-09-12 23:43:44', 'e4c84b67-475b-462d-aa90-0936630999e8'),
 ('209', NULL, 'Video Asset MP4', 'videoAssetMp4', 'matrixBlockType:31', '', '0', 'Assets', '{\"useSingleFolder\":\"\",\"sources\":[\"folder:6\"],\"defaultUploadLocationSource\":\"3\",\"defaultUploadLocationSubpath\":\"\",\"singleUploadLocationSource\":\"2\",\"singleUploadLocationSubpath\":\"\",\"restrictFiles\":\"1\",\"allowedKinds\":[\"video\"],\"targetLocale\":\"\",\"limit\":\"1\",\"viewMode\":\"list\",\"selectionLabel\":\"\"}', '2017-09-07 20:44:11', '2017-09-12 23:43:44', 'e84c1077-0b7e-4d7b-8e9c-50e28e72fa12'),
 ('210', NULL, 'Video Poster Image', 'videoPosterImage', 'matrixBlockType:31', '', '0', 'Assets', '{\"useSingleFolder\":\"\",\"sources\":[\"folder:2\"],\"defaultUploadLocationSource\":\"2\",\"defaultUploadLocationSubpath\":\"\",\"singleUploadLocationSource\":\"2\",\"singleUploadLocationSubpath\":\"\",\"restrictFiles\":\"1\",\"allowedKinds\":[\"image\"],\"targetLocale\":\"\",\"limit\":\"1\",\"viewMode\":\"list\",\"selectionLabel\":\"\"}', '2017-09-07 20:44:11', '2017-09-12 23:43:44', '4c78be42-febf-413f-8a06-75551b21c81d'),
 ('211', NULL, 'Image Asset', 'imageAsset', 'matrixBlockType:32', '', '0', 'Assets', '{\"useSingleFolder\":\"\",\"sources\":[\"folder:2\"],\"defaultUploadLocationSource\":\"2\",\"defaultUploadLocationSubpath\":\"\",\"singleUploadLocationSource\":\"2\",\"singleUploadLocationSubpath\":\"\",\"restrictFiles\":\"1\",\"allowedKinds\":[\"image\"],\"targetLocale\":\"\",\"limit\":\"1\",\"viewMode\":\"large\",\"selectionLabel\":\"\"}', '2017-09-07 20:44:11', '2017-09-12 23:43:44', 'c0b26577-f30f-49dd-8f4e-79591add3163'),
 ('212', NULL, 'Image Alt Text', 'imageAltText', 'matrixBlockType:32', '', '0', 'PlainText', '{\"placeholder\":\"\",\"maxLength\":\"\",\"multiline\":\"\",\"initialRows\":\"4\"}', '2017-09-07 20:44:11', '2017-09-12 23:43:44', 'be1f8157-64eb-4fd0-a4d2-2df45908c09b'),
 ('213', '2', 'Primary CTA', 'primaryCta', 'global', '', '0', 'FruitLinkIt', '{\"types\":[\"custom\",\"entry\"],\"defaultText\":\"\",\"allowCustomText\":\"1\",\"allowTarget\":\"1\",\"entrySources\":\"*\",\"entrySelectionLabel\":\"Select an entry\",\"assetSources\":\"\",\"assetSelectionLabel\":\"Select an asset\",\"categorySources\":\"\",\"categorySelectionLabel\":\"Select a category\"}', '2017-09-11 18:02:15', '2017-09-11 18:10:01', 'c87a5590-d4c1-4fc2-98a5-7588f2ede2fd'),
 ('214', NULL, 'Button', 'button', 'matrixBlockType:33', '', '0', 'FruitLinkIt', '{\"types\":[\"custom\",\"entry\"],\"defaultText\":\"\",\"allowCustomText\":\"1\",\"allowTarget\":\"1\",\"entrySources\":\"*\",\"entrySelectionLabel\":\"Select an entry\",\"assetSources\":\"*\",\"assetSelectionLabel\":\"Select an asset\",\"categorySources\":\"*\",\"categorySelectionLabel\":\"Select a category\"}', '2017-09-11 18:02:16', '2017-09-11 18:03:24', '70f48fe4-b78a-47ec-9cbe-ebbf9be950cf'),
 ('215', '2', 'Secondary CTA', 'secondaryCta', 'global', '', '0', 'FruitLinkIt', '{\"types\":[\"custom\",\"entry\"],\"defaultText\":\"\",\"allowCustomText\":\"1\",\"allowTarget\":\"1\",\"entrySources\":\"*\",\"entrySelectionLabel\":\"Select an entry\",\"assetSources\":\"\",\"assetSelectionLabel\":\"Select an asset\",\"categorySources\":\"\",\"categorySelectionLabel\":\"Select a category\"}', '2017-09-11 18:03:16', '2017-09-11 18:11:53', '4f3330cc-8801-4ce7-b08d-858fe7e975b2'),
 ('216', NULL, 'Button', 'button', 'matrixBlockType:34', '', '0', 'FruitLinkIt', '{\"types\":[\"custom\",\"entry\"],\"defaultText\":\"\",\"allowCustomText\":\"1\",\"allowTarget\":\"1\",\"entrySources\":\"*\",\"entrySelectionLabel\":\"Select an entry\",\"assetSources\":\"\",\"assetSelectionLabel\":\"Select an asset\",\"categorySources\":\"\",\"categorySelectionLabel\":\"Select a category\"}', '2017-09-11 18:03:17', '2017-09-11 18:03:17', 'bf5cedc1-b391-4ac3-8e82-a09fc40f9377'),
 ('217', '5', 'Caption', 'caption_loc', 'global', '', '0', 'PlainText', '{\"placeholder\":\"\",\"maxLength\":\"\",\"multiline\":\"\",\"initialRows\":\"4\"}', '2017-09-12 16:56:03', '2017-09-14 17:45:59', '89a4cf2f-ed54-4e45-b336-1e432facc4c2'),
 ('218', '5', 'Downloadable Asset', 'downloadableAsset', 'global', '', '0', 'Matrix', '{\"maxBlocks\":\"1\"}', '2017-09-12 17:29:15', '2017-09-12 17:29:38', '6db0b031-79c1-4475-b897-d826004e1285'),
 ('219', NULL, 'Site Image', 'siteImage', 'matrixBlockType:35', '', '0', 'Assets', '{\"useSingleFolder\":\"\",\"sources\":[\"folder:2\"],\"defaultUploadLocationSource\":\"2\",\"defaultUploadLocationSubpath\":\"\",\"singleUploadLocationSource\":\"1\",\"singleUploadLocationSubpath\":\"\",\"restrictFiles\":\"1\",\"allowedKinds\":[\"image\"],\"targetLocale\":\"\",\"limit\":\"1\",\"viewMode\":\"list\",\"selectionLabel\":\"\"}', '2017-09-12 17:29:15', '2017-09-12 17:29:38', 'aff783ff-ecf6-4cee-95cf-7c3915671e4b'),
 ('220', NULL, 'Image Alt Text', 'imageAltText', 'matrixBlockType:35', '', '0', 'PlainText', '{\"placeholder\":\"\",\"maxLength\":\"\",\"multiline\":\"\",\"initialRows\":\"4\"}', '2017-09-12 17:29:15', '2017-09-12 17:29:38', '3b59241c-330c-46fc-889d-45c426fc065e'),
 ('221', NULL, 'Downloadable Asset', 'downloadableAsset', 'matrixBlockType:35', '', '0', 'Assets', '{\"useSingleFolder\":\"\",\"sources\":\"*\",\"defaultUploadLocationSource\":\"2\",\"defaultUploadLocationSubpath\":\"\",\"singleUploadLocationSource\":\"1\",\"singleUploadLocationSubpath\":\"\",\"restrictFiles\":\"1\",\"allowedKinds\":[\"audio\",\"compressed\",\"excel\",\"illustrator\",\"image\",\"pdf\",\"photoshop\",\"powerpoint\",\"text\",\"video\",\"word\"],\"targetLocale\":\"\",\"limit\":\"1\",\"viewMode\":\"list\",\"selectionLabel\":\"\"}', '2017-09-12 17:29:15', '2017-09-12 17:29:38', '01c39da3-9910-4a58-b805-67d655ff8d82'),
 ('222', NULL, 'Caption', 'caption', 'matrixBlockType:35', '', '0', 'PlainText', '{\"placeholder\":\"\",\"maxLength\":\"\",\"multiline\":\"\",\"initialRows\":\"4\"}', '2017-09-12 17:29:15', '2017-09-12 17:29:38', 'de982ac8-b5f5-4e67-8cc4-b02e2c0ff637');
INSERT INTO `craft_fields` (`id`, `groupId`, `name`, `handle`, `context`, `instructions`, `translatable`, `type`, `settings`, `dateCreated`, `dateUpdated`, `uid`) VALUES
 ('223', '2', 'Horizontal Video WEBM', 'horizontalVideoWebm', 'global', '', '0', 'Assets', '{\"useSingleFolder\":\"\",\"sources\":[\"folder:6\"],\"defaultUploadLocationSource\":\"3\",\"defaultUploadLocationSubpath\":\"\",\"singleUploadLocationSource\":\"1\",\"singleUploadLocationSubpath\":\"\",\"restrictFiles\":\"1\",\"allowedKinds\":[\"video\"],\"targetLocale\":\"\",\"limit\":\"1\",\"viewMode\":\"list\",\"selectionLabel\":\"\"}', '2017-09-12 17:39:57', '2017-09-12 17:39:57', 'c849f51d-6a92-4ae9-9350-6888754220b9'),
 ('224', '2', 'Vertical Video WEBM', 'verticalVideoWebm', 'global', '', '0', 'Assets', '{\"useSingleFolder\":\"\",\"sources\":[\"folder:6\"],\"defaultUploadLocationSource\":\"3\",\"defaultUploadLocationSubpath\":\"\",\"singleUploadLocationSource\":\"1\",\"singleUploadLocationSubpath\":\"\",\"restrictFiles\":\"1\",\"allowedKinds\":[\"video\"],\"targetLocale\":\"\",\"limit\":\"1\",\"viewMode\":\"list\",\"selectionLabel\":\"\"}', '2017-09-12 17:40:56', '2017-09-12 17:40:56', '701011ed-59c7-45ad-b369-fe4d06edec62'),
 ('226', NULL, 'Video File WEBM', 'videoFileWebm', 'matrixBlockType:22', '', '0', 'Assets', '{\"useSingleFolder\":\"\",\"sources\":[\"folder:6\"],\"defaultUploadLocationSource\":\"3\",\"defaultUploadLocationSubpath\":\"\",\"singleUploadLocationSource\":\"1\",\"singleUploadLocationSubpath\":\"\",\"restrictFiles\":\"1\",\"allowedKinds\":[\"video\"],\"targetLocale\":\"\",\"limit\":\"1\",\"viewMode\":\"list\",\"selectionLabel\":\"\"}', '2017-09-12 17:50:03', '2017-09-12 17:50:03', '2db8d6af-72cb-49ab-8f9f-11e985362548'),
 ('227', '5', 'Video Asset WEBM', 'videoAssetWebm', 'global', '', '0', 'Assets', '{\"useSingleFolder\":\"\",\"sources\":[\"folder:6\"],\"defaultUploadLocationSource\":\"3\",\"defaultUploadLocationSubpath\":\"\",\"singleUploadLocationSource\":\"1\",\"singleUploadLocationSubpath\":\"\",\"restrictFiles\":\"1\",\"allowedKinds\":[\"video\"],\"targetLocale\":\"\",\"limit\":\"\",\"viewMode\":\"list\",\"selectionLabel\":\"\"}', '2017-09-12 17:56:56', '2017-09-12 17:56:56', '5cad57eb-3f2c-41c1-829f-cf791e8ca8d9'),
 ('228', '7', 'Lead-in Copy Block', 'leadInCopyBlock_loc', 'global', '', '1', 'PlainText', '{\"placeholder\":\"\",\"maxLength\":\"\",\"multiline\":\"1\",\"initialRows\":\"2\"}', '2017-09-12 23:09:26', '2017-09-12 23:09:26', '8ffe6c03-4b92-4a61-aa3c-5c1e09b7d223'),
 ('229', '7', 'Text List', 'textList', 'global', '', '0', 'Matrix', '{\"maxBlocks\":null}', '2017-09-12 23:22:01', '2017-09-12 23:22:01', 'bb62e08d-0cb1-441b-a5ec-15ed0657f308'),
 ('230', NULL, 'Text', 'text_loc', 'matrixBlockType:36', '', '1', 'PlainText', '{\"placeholder\":\"\",\"maxLength\":\"\",\"multiline\":\"1\",\"initialRows\":\"1\"}', '2017-09-12 23:22:01', '2017-09-12 23:22:01', 'e2327481-7d7e-4d19-954f-009fbf867c0f'),
 ('231', '7', 'Numbered List', 'numberedList', 'global', '', '0', 'Lightswitch', '{\"default\":\"\"}', '2017-09-12 23:22:19', '2017-09-12 23:27:41', 'a3507242-ae0d-4157-8ae5-0a32021877a9'),
 ('232', NULL, 'Video Asset WEBM', 'videoAssetWebm', 'matrixBlockType:31', '', '0', 'Assets', '{\"useSingleFolder\":\"\",\"sources\":[\"folder:6\"],\"defaultUploadLocationSource\":\"3\",\"defaultUploadLocationSubpath\":\"\",\"singleUploadLocationSource\":\"2\",\"singleUploadLocationSubpath\":\"\",\"restrictFiles\":\"1\",\"allowedKinds\":[\"video\"],\"targetLocale\":\"\",\"limit\":\"1\",\"viewMode\":\"list\",\"selectionLabel\":\"\"}', '2017-09-12 23:43:44', '2017-09-12 23:43:44', 'c0521cf9-9ced-455f-95a8-16d4cc4ccac3'),
 ('233', NULL, 'Video Asset WEBM', 'videoAssetWebm', 'matrixBlockType:6', '', '0', 'Assets', '{\"useSingleFolder\":\"\",\"sources\":[\"folder:6\"],\"defaultUploadLocationSource\":\"3\",\"defaultUploadLocationSubpath\":\"\",\"singleUploadLocationSource\":\"2\",\"singleUploadLocationSubpath\":\"\",\"restrictFiles\":\"1\",\"allowedKinds\":[\"video\"],\"targetLocale\":\"\",\"limit\":\"1\",\"viewMode\":\"list\",\"selectionLabel\":\"\"}', '2017-09-12 23:52:47', '2017-09-12 23:52:47', 'f6cf543d-12c3-4265-9989-512a3451f927'),
 ('234', '2', 'Show Cards', 'showCards', 'global', '', '0', 'Lightswitch', '{\"default\":\"1\"}', '2017-09-13 17:13:43', '2017-09-13 17:13:43', '082637a7-da91-422a-84ae-4311b9aef200'),
 ('235', NULL, 'Device Video WEBM', 'deviceVideoWebm', 'matrixBlockType:13', '', '0', 'Assets', '{\"useSingleFolder\":\"\",\"sources\":[\"folder:6\"],\"defaultUploadLocationSource\":\"3\",\"defaultUploadLocationSubpath\":\"\",\"singleUploadLocationSource\":\"2\",\"singleUploadLocationSubpath\":\"\",\"restrictFiles\":\"\",\"targetLocale\":\"\",\"limit\":\"1\",\"viewMode\":\"list\",\"selectionLabel\":\"\"}', '2017-09-13 17:18:42', '2017-09-13 22:00:50', 'e030311f-7430-4e58-ab4a-dc466f9ab0e3'),
 ('236', '7', 'Downloadable Image', 'downloadableImage', 'global', 'To make the image downloadable, add the full res version here.', '0', 'Matrix', '{\"maxBlocks\":null}', '2017-09-13 23:43:08', '2017-09-13 23:50:55', 'd030fdc0-4452-4ffc-b11b-5a947dc6736b'),
 ('237', NULL, 'Asset', 'asset', 'matrixBlockType:37', '', '0', 'Assets', '{\"useSingleFolder\":\"\",\"sources\":[\"folder:2\",\"folder:32\"],\"defaultUploadLocationSource\":\"2\",\"defaultUploadLocationSubpath\":\"\",\"singleUploadLocationSource\":\"2\",\"singleUploadLocationSubpath\":\"\",\"restrictFiles\":\"1\",\"allowedKinds\":[\"image\",\"pdf\"],\"targetLocale\":\"\",\"limit\":\"1\",\"viewMode\":\"list\",\"selectionLabel\":\"\"}', '2017-09-13 23:43:08', '2017-09-13 23:50:55', '7bd43354-6e0d-4d39-9e47-a56520915e5b'),
 ('238', '7', 'Web Image', 'webImage', 'global', 'This image will be optimized for the web.', '0', 'Assets', '{\"useSingleFolder\":\"\",\"sources\":[\"folder:2\"],\"defaultUploadLocationSource\":\"2\",\"defaultUploadLocationSubpath\":\"\",\"singleUploadLocationSource\":\"2\",\"singleUploadLocationSubpath\":\"\",\"restrictFiles\":\"1\",\"allowedKinds\":[\"image\"],\"targetLocale\":\"\",\"limit\":\"1\",\"viewMode\":\"list\",\"selectionLabel\":\"\"}', '2017-09-13 23:44:27', '2017-09-13 23:50:15', '99c0c3d9-7021-4255-8e95-1d876a7c593b'),
 ('239', '7', 'Web Image Alt Text', 'webImageAltText', 'global', '', '0', 'PlainText', '{\"placeholder\":\"\",\"maxLength\":\"\",\"multiline\":\"\",\"initialRows\":\"4\"}', '2017-09-13 23:44:36', '2017-09-13 23:44:36', 'a6aeabdb-6846-4a25-8dc0-b012bd0c3a99'),
 ('240', NULL, 'Download Hover Text', 'downloadHoverText_loc', 'matrixBlockType:37', '\"Download and share this infographic\"', '0', 'PlainText', '{\"placeholder\":\"\",\"maxLength\":\"\",\"multiline\":\"\",\"initialRows\":\"4\"}', '2017-09-13 23:50:55', '2017-09-13 23:50:55', '8a2b26ce-22b7-4e16-b0b3-199b622072db'),
 ('241', '7', 'Multi Image', 'multiImage', 'global', '', '0', 'Matrix', '{\"maxBlocks\":\"3\"}', '2017-09-14 00:03:15', '2017-09-14 17:45:47', '1391cc42-203d-40cc-83b1-f023136465fc'),
 ('242', NULL, 'Image Asset', 'imageAsset', 'matrixBlockType:38', '', '0', 'Assets', '{\"useSingleFolder\":\"\",\"sources\":[\"folder:2\"],\"defaultUploadLocationSource\":\"2\",\"defaultUploadLocationSubpath\":\"\",\"singleUploadLocationSource\":\"2\",\"singleUploadLocationSubpath\":\"\",\"restrictFiles\":\"1\",\"allowedKinds\":[\"image\"],\"targetLocale\":\"\",\"limit\":\"1\",\"viewMode\":\"list\",\"selectionLabel\":\"\"}', '2017-09-14 00:03:16', '2017-09-14 17:45:47', 'd8ddeebc-b9e9-4e5d-ae49-131fe7501efb'),
 ('243', NULL, 'Image Alt Text', 'imageAltText_loc', 'matrixBlockType:38', '', '0', 'PlainText', '{\"placeholder\":\"\",\"maxLength\":\"\",\"multiline\":\"\",\"initialRows\":\"4\"}', '2017-09-14 00:03:16', '2017-09-14 17:45:47', 'a10b644d-c40a-4746-aae6-63cf9c2d42c9'),
 ('244', '4', 'Flip Content', 'flipContent', 'global', '', '0', 'Lightswitch', '{\"default\":\"\"}', '2017-09-14 00:09:05', '2017-09-14 00:09:05', '7e880cf5-73ee-4be5-bfef-4c701f856969');



DROP TABLE IF EXISTS `craft_globalsets`;


--
-- Schema for table `craft_globalsets`
--
CREATE TABLE `craft_globalsets` (
  `id` int(11) NOT NULL,
  `name` varchar(255) COLLATE utf8_unicode_ci NOT NULL,
  `handle` varchar(255) COLLATE utf8_unicode_ci NOT NULL,
  `fieldLayoutId` int(10) DEFAULT NULL,
  `dateCreated` datetime NOT NULL,
  `dateUpdated` datetime NOT NULL,
  `uid` char(36) COLLATE utf8_unicode_ci NOT NULL DEFAULT '0',
  PRIMARY KEY (`id`),
  UNIQUE KEY `craft_globalsets_name_unq_idx` (`name`),
  UNIQUE KEY `craft_globalsets_handle_unq_idx` (`handle`),
  KEY `craft_globalsets_fieldLayoutId_fk` (`fieldLayoutId`)
) ENGINE=InnoDB DEFAULT CHARSET=utf8 COLLATE=utf8_unicode_ci;

--
-- Data for table `craft_globalsets`
--

INSERT INTO `craft_globalsets` (`id`, `name`, `handle`, `fieldLayoutId`, `dateCreated`, `dateUpdated`, `uid`) VALUES
 ('262', 'Header Navigation', 'headerNavigation', '2185', '2017-08-07 21:07:07', '2017-09-06 22:49:54', '8da608e6-b284-4f19-b32d-c91380d30baa'),
 ('263', 'Footer', 'footer', '1740', '2017-08-07 21:07:30', '2017-08-08 17:46:42', '123b4547-a497-446a-915a-ebee552691bd'),
 ('283', 'Legal', 'legal', '1739', '2017-08-08 17:41:58', '2017-08-08 17:41:58', '4175aae5-9dd8-4b2b-88d0-9b54a0638924'),
 ('287', '404', 'error404', '1748', '2017-08-09 17:45:23', '2017-08-09 17:48:15', '02f42d24-fc04-4e70-99eb-5ff0812d1dc4');



DROP TABLE IF EXISTS `craft_info`;


--
-- Schema for table `craft_info`
--
CREATE TABLE `craft_info` (
  `id` int(11) NOT NULL AUTO_INCREMENT,
  `version` varchar(50) COLLATE utf8_unicode_ci NOT NULL,
  `schemaVersion` varchar(15) COLLATE utf8_unicode_ci NOT NULL,
  `edition` tinyint(1) unsigned NOT NULL DEFAULT '0',
  `siteName` varchar(100) COLLATE utf8_unicode_ci NOT NULL,
  `siteUrl` varchar(255) COLLATE utf8_unicode_ci NOT NULL,
  `timezone` varchar(30) COLLATE utf8_unicode_ci DEFAULT NULL,
  `on` tinyint(1) unsigned NOT NULL DEFAULT '0',
  `maintenance` tinyint(1) unsigned NOT NULL DEFAULT '0',
  `dateCreated` datetime NOT NULL,
  `dateUpdated` datetime NOT NULL,
  `uid` char(36) COLLATE utf8_unicode_ci NOT NULL DEFAULT '0',
  PRIMARY KEY (`id`)
) ENGINE=InnoDB AUTO_INCREMENT=2 DEFAULT CHARSET=utf8 COLLATE=utf8_unicode_ci;

--
-- Data for table `craft_info`
--

INSERT INTO `craft_info` (`id`, `version`, `schemaVersion`, `edition`, `siteName`, `siteUrl`, `timezone`, `on`, `maintenance`, `dateCreated`, `dateUpdated`, `uid`) VALUES
 ('1', '2.6.2989', '2.6.10', '2', 'Snapchat Craft', 'http://snapchat.craft.dev', 'America/Los_Angeles', '1', '0', '2017-07-20 17:27:57', '2017-08-16 18:29:45', 'fa51eaf6-9525-4d27-a16b-917e5f67ede4');



DROP TABLE IF EXISTS `craft_locales`;


--
-- Schema for table `craft_locales`
--
CREATE TABLE `craft_locales` (
  `locale` char(12) COLLATE utf8_unicode_ci NOT NULL,
  `sortOrder` smallint(6) unsigned DEFAULT NULL,
  `dateCreated` datetime NOT NULL,
  `dateUpdated` datetime NOT NULL,
  `uid` char(36) COLLATE utf8_unicode_ci NOT NULL DEFAULT '0',
  PRIMARY KEY (`locale`),
  KEY `craft_locales_sortOrder_idx` (`sortOrder`)
) ENGINE=InnoDB DEFAULT CHARSET=utf8 COLLATE=utf8_unicode_ci;

--
-- Data for table `craft_locales`
--

INSERT INTO `craft_locales` (`locale`, `sortOrder`, `dateCreated`, `dateUpdated`, `uid`) VALUES
 ('de_de', '2', '2017-08-07 16:49:39', '2017-08-07 16:49:39', '20861f0e-49ff-4792-a376-ee13c1eeeeed'),
 ('en_us', '1', '2017-07-20 17:27:57', '2017-07-20 17:27:57', '136db553-895a-4d57-93a3-5d0fef9a25fa');



DROP TABLE IF EXISTS `craft_matrixblocks`;


--
-- Schema for table `craft_matrixblocks`
--
CREATE TABLE `craft_matrixblocks` (
  `id` int(11) NOT NULL,
  `ownerId` int(11) NOT NULL,
  `fieldId` int(11) NOT NULL,
  `typeId` int(11) DEFAULT NULL,
  `sortOrder` smallint(6) unsigned DEFAULT NULL,
  `ownerLocale` char(12) COLLATE utf8_unicode_ci DEFAULT NULL,
  `dateCreated` datetime NOT NULL,
  `dateUpdated` datetime NOT NULL,
  `uid` char(36) COLLATE utf8_unicode_ci NOT NULL DEFAULT '0',
  PRIMARY KEY (`id`),
  KEY `craft_matrixblocks_ownerId_idx` (`ownerId`),
  KEY `craft_matrixblocks_fieldId_idx` (`fieldId`),
  KEY `craft_matrixblocks_typeId_idx` (`typeId`),
  KEY `craft_matrixblocks_sortOrder_idx` (`sortOrder`),
  KEY `craft_matrixblocks_ownerLocale_fk` (`ownerLocale`)
) ENGINE=InnoDB DEFAULT CHARSET=utf8 COLLATE=utf8_unicode_ci;

--
-- Data for table `craft_matrixblocks`
--

INSERT INTO `craft_matrixblocks` (`id`, `ownerId`, `fieldId`, `typeId`, `sortOrder`, `ownerLocale`, `dateCreated`, `dateUpdated`, `uid`) VALUES
 ('191', '190', '58', '6', '1', NULL, '2017-08-01 22:35:00', '2017-08-03 17:11:59', '134b6ed7-b570-4c0c-9e75-429b65a92c31'),
 ('195', '194', '58', '6', '1', NULL, '2017-08-02 00:32:53', '2017-08-03 17:11:59', '16bb9c44-d8a3-4592-b1c2-ad6927310691'),
 ('224', '223', '84', '15', '1', NULL, '2017-08-03 22:25:09', '2017-08-03 22:33:25', 'da397990-f746-4965-bb3a-8e3bf49b0c4c'),
 ('225', '223', '84', '15', '2', NULL, '2017-08-03 22:33:25', '2017-08-03 22:33:25', 'b6ac75fc-a10c-4c9e-853a-3e4e1319ae69'),
 ('226', '223', '84', '15', '3', NULL, '2017-08-03 22:33:25', '2017-08-03 22:33:25', 'e13ab477-ba2f-43c3-817a-30d06f0ca1f7'),
 ('227', '223', '84', '15', '4', NULL, '2017-08-03 22:33:25', '2017-08-03 22:33:25', '165ee16a-237a-4c21-ad3d-dab5ce8036af'),
 ('229', '228', '84', '15', '1', NULL, '2017-08-03 22:33:25', '2017-08-03 22:33:25', '82bfe89c-dc31-4669-9d22-8056078885a7'),
 ('230', '228', '84', '15', '2', NULL, '2017-08-03 22:33:25', '2017-08-03 22:33:25', '090575fa-cf88-473b-9f7d-f63d2b786a27'),
 ('231', '228', '84', '15', '3', NULL, '2017-08-03 22:33:25', '2017-08-03 22:33:25', '91063f01-c71f-4762-a1a0-16bf48a2dc45'),
 ('233', '232', '84', '15', '1', NULL, '2017-08-03 22:33:26', '2017-08-03 22:33:26', '3374e180-3f2f-44f2-9004-6d81530c717d'),
 ('234', '232', '84', '15', '2', NULL, '2017-08-03 22:33:26', '2017-08-03 22:33:26', '22f8cc7b-c250-4e00-91ae-bf0a562d5e24'),
 ('235', '232', '84', '15', '3', NULL, '2017-08-03 22:33:26', '2017-08-03 22:33:26', '946df1e1-946c-444d-a2b8-fbe09a9a68cb'),
 ('236', '232', '84', '15', '4', NULL, '2017-08-03 22:33:26', '2017-08-03 22:33:26', 'd9cd155d-8b91-4c1b-8f25-372d4b65835a'),
 ('238', '237', '84', '15', '1', NULL, '2017-08-03 22:33:26', '2017-08-03 22:33:26', 'e284b323-e9a6-4852-8532-f861750f3c86'),
 ('239', '237', '84', '15', '2', NULL, '2017-08-03 22:33:26', '2017-08-03 22:33:26', 'd7f33753-3a5f-47a4-8f63-954b7045c9dc'),
 ('240', '237', '84', '15', '3', NULL, '2017-08-03 22:33:26', '2017-08-03 22:33:26', '6bd433bc-228b-4461-aed8-44e7335d0d20'),
 ('241', '237', '84', '15', '4', NULL, '2017-08-03 22:33:26', '2017-08-03 22:33:26', 'b9830cde-7b99-461d-bc46-35dbbb536579'),
 ('242', '237', '84', '15', '5', NULL, '2017-08-03 22:33:26', '2017-08-03 22:33:26', 'fbcd6cc5-11a9-41da-8eb0-b0a779dc86fd'),
 ('268', '262', '34', '3', '1', 'en_us', '2017-08-07 21:48:31', '2017-09-06 20:51:17', 'f2899f96-8d96-4b5a-9bb8-788a49823353'),
 ('269', '262', '34', '3', '4', 'en_us', '2017-08-07 21:48:31', '2017-09-06 20:51:17', '5eb27354-ec0c-4140-8842-3a3f14046986'),
 ('272', '263', '92', '17', '1', 'en_us', '2017-08-07 23:13:17', '2017-08-09 20:57:20', '9acc6e70-11bc-4ff2-b5c0-e12262caf748'),
 ('273', '263', '96', '18', '1', 'en_us', '2017-08-07 23:13:17', '2017-08-09 20:57:20', '7a2f437f-9bd8-4401-9ffa-a9d5d93382dd'),
 ('275', '263', '99', '19', '1', 'en_us', '2017-08-07 23:13:17', '2017-08-07 23:39:40', '391c64f2-a785-444a-beee-145598a1a174'),
 ('276', '263', '99', '19', '2', 'en_us', '2017-08-07 23:13:17', '2017-08-07 23:39:40', 'b335f538-47ba-4e36-b274-77d86a1f5edc'),
 ('277', '274', '84', '15', '1', 'en_us', '2017-08-07 23:39:40', '2017-08-09 20:57:20', 'd4acc118-4279-4899-af17-5aee608e8d27'),
 ('278', '274', '84', '15', '2', 'en_us', '2017-08-07 23:39:40', '2017-08-09 20:57:20', '1d382981-3c11-4c63-83b8-ffadbae390ac'),
 ('279', '274', '84', '15', '3', 'en_us', '2017-08-07 23:39:40', '2017-08-09 20:57:20', '86634209-8846-4dff-9df7-e2afb05f64a5'),
 ('280', '274', '84', '15', '4', 'en_us', '2017-08-07 23:39:40', '2017-08-09 20:57:20', '8c625660-30c6-4838-9392-29137c763573'),
 ('282', '262', '36', '4', '1', 'en_us', '2017-08-07 23:46:45', '2017-09-06 23:00:13', 'c597c093-05bd-4ba8-b14c-847207dc702a'),
 ('284', '283', '99', '19', '1', 'en_us', '2017-08-08 17:46:27', '2017-08-08 17:46:47', '36860201-7106-4381-8372-2a17d8add60f'),
 ('285', '283', '99', '19', '2', 'en_us', '2017-08-08 17:46:27', '2017-08-08 17:46:47', '071d5230-30a3-4e46-b392-431810ba0ef6'),
 ('293', '262', '34', '3', '2', 'en_us', '2017-08-09 20:50:51', '2017-09-06 20:51:17', 'bafe3696-79f6-428b-91a0-c7bb6907f435'),
 ('294', '262', '34', '3', '3', 'en_us', '2017-08-09 20:50:51', '2017-09-06 20:51:17', '14c557f6-39b0-4ac0-946b-4e44707aafeb'),
 ('297', '262', '36', '4', '2', 'en_us', '2017-08-09 20:50:51', '2017-09-06 23:00:13', '93a2d327-f2da-41cb-987a-38c5eed8dfb7'),
 ('298', '262', '36', '4', '3', 'en_us', '2017-08-09 20:50:51', '2017-09-06 23:00:13', 'b2554af3-1019-469f-b059-30d8a6bf556b'),
 ('300', '299', '84', '15', '1', 'en_us', '2017-08-09 20:57:20', '2017-08-09 20:57:20', '998f0496-9862-414a-9261-75652c9cc5c6'),
 ('301', '299', '84', '15', '2', 'en_us', '2017-08-09 20:57:20', '2017-08-09 20:57:20', '759c3be6-b9fe-4f8b-aee0-6ac468f2a07e'),
 ('302', '299', '84', '15', '3', 'en_us', '2017-08-09 20:57:20', '2017-08-09 20:57:20', 'a1927e64-520e-475b-9331-7b3728da37f3'),
 ('304', '303', '84', '15', '1', 'en_us', '2017-08-09 20:57:20', '2017-08-09 20:57:20', 'e7a06aac-11c0-47ab-8e7e-4f96734832ee'),
 ('305', '303', '84', '15', '2', 'en_us', '2017-08-09 20:57:20', '2017-08-09 20:57:20', 'b6309041-130f-4786-bc75-531595cd4d7f'),
 ('306', '303', '84', '15', '3', 'en_us', '2017-08-09 20:57:20', '2017-08-09 20:57:20', '2e292e31-7326-4194-8aeb-592fbbc37804'),
 ('307', '303', '84', '15', '4', 'en_us', '2017-08-09 20:57:20', '2017-08-09 20:57:20', '91446fd3-7a11-464b-be8c-a988d07f638d'),
 ('309', '308', '84', '15', '1', 'en_us', '2017-08-09 20:57:20', '2017-08-09 20:57:20', '60a427a9-b51e-429c-8a8e-b53606de0941'),
 ('310', '308', '84', '15', '2', 'en_us', '2017-08-09 20:57:20', '2017-08-09 20:57:20', '41fc9d75-deb9-4d79-9a95-8f956b52efa9'),
 ('311', '308', '84', '15', '3', 'en_us', '2017-08-09 20:57:20', '2017-08-09 20:57:20', 'ef52bfc4-a1fb-4d68-95c2-c998b842125f'),
 ('312', '308', '84', '15', '4', 'en_us', '2017-08-09 20:57:20', '2017-08-09 20:57:20', 'd12719ae-d9bf-43b5-ac06-1030286c9f69'),
 ('313', '308', '84', '15', '5', 'en_us', '2017-08-09 20:57:20', '2017-08-09 20:57:20', 'e5bb86aa-3748-4a0f-a797-d7391b175c57'),
 ('315', '314', '89', '16', '1', 'en_us', '2017-08-10 22:00:29', '2017-09-13 00:19:18', 'af7c7a1c-8501-4b40-bc35-465f036f23f9'),
 ('316', '314', '89', '16', '2', 'en_us', '2017-08-10 22:00:29', '2017-09-13 00:19:18', 'a62adb27-9b3c-40ed-955c-3efb33f63e0e'),
 ('319', '318', '67', '10', '1', 'en_us', '2017-08-10 22:00:29', '2017-09-13 00:19:18', '0e9573d1-5020-4f98-834a-e6b631d5c248'),
 ('320', '318', '67', '10', '2', 'en_us', '2017-08-10 22:00:29', '2017-09-13 00:19:18', 'c50d2337-d093-42a7-8263-7b003d01acde'),
 ('321', '318', '67', '10', '3', 'en_us', '2017-08-10 22:00:29', '2017-09-13 00:19:18', '939d5695-1754-4824-8299-8c320b62ab73'),
 ('323', '322', '45', '21', '1', NULL, '2017-08-10 22:00:29', '2017-09-13 00:19:18', '91ab01b0-4fa7-4832-8253-bf579e288c58'),
 ('324', '322', '45', '21', '2', NULL, '2017-08-10 22:00:29', '2017-09-13 00:19:18', '227e8646-c5f1-4e23-9f1a-5bbb813bfa36'),
 ('325', '322', '45', '21', '3', NULL, '2017-08-10 22:00:29', '2017-09-13 00:19:18', '2e3b7654-473e-4fa3-ac09-d4f056466980'),
 ('327', '326', '58', '6', '1', NULL, '2017-08-10 22:00:29', '2017-09-13 00:19:19', '75ee204b-52dc-4df7-8b0f-dae957dc7bc9'),
 ('328', '326', '58', '6', '2', NULL, '2017-08-10 22:11:49', '2017-09-13 00:19:19', '8376f7d8-d4f3-470e-a96a-ea34b8992da8'),
 ('329', '326', '58', '6', '3', NULL, '2017-08-10 22:11:49', '2017-09-13 00:19:19', 'b93dee75-ea1c-4936-96dc-74c716987f2e'),
 ('332', '331', '71', '11', '1', 'en_us', '2017-08-10 22:11:49', '2017-09-13 00:19:19', '3fe4092f-c1ef-4bb1-b313-f61908c46ab8'),
 ('334', '331', '71', '12', '2', 'en_us', '2017-08-10 22:11:49', '2017-09-13 00:19:19', '04b7f4d8-26c5-4991-92fa-b5bd7fd8af83'),
 ('336', '335', '71', '11', '1', 'en_us', '2017-08-10 22:11:49', '2017-08-31 22:08:13', 'f7b11afa-d5d5-4fe7-b54f-8bf768360c45'),
 ('337', '335', '71', '11', '2', 'en_us', '2017-08-10 22:11:49', '2017-08-31 22:08:13', '4d018278-e3af-4045-a3bb-695b7817a408'),
 ('338', '335', '71', '12', '3', 'en_us', '2017-08-10 22:11:49', '2017-08-31 22:08:13', 'b94a53ca-4994-4dc4-86a3-7c0a7647f580'),
 ('430', '429', '71', '11', '1', 'en_us', '2017-08-30 22:28:57', '2017-08-31 22:08:13', 'b1facd29-262e-41be-b796-7cefa287d94b'),
 ('432', '431', '71', '11', '1', 'en_us', '2017-08-30 22:28:57', '2017-08-31 22:08:13', '3f3a6703-5be6-4dcf-8ee3-6f17b7d53537'),
 ('434', '433', '29', '22', '1', NULL, '2017-08-30 22:28:57', '2017-09-13 00:19:19', 'd46778a2-9bef-4ad6-8033-a8c0142d8e10'),
 ('442', '270', '112', '20', '1', 'en_us', '2017-08-31 21:30:07', '2017-09-14 18:41:30', '82c306e9-9839-41f7-aca2-78681d3209e4'),
 ('443', '433', '71', '11', '1', 'en_us', '2017-08-31 22:08:13', '2017-08-31 22:08:13', 'a672ba87-5de0-493f-ab0a-4b48a48cd9c9'),
 ('452', '447', '189', '29', '1', NULL, '2017-09-06 22:56:51', '2017-09-06 22:56:51', '9019b48a-f89e-451e-b24d-6655ee6b4b9a'),
 ('453', '447', '189', '29', '2', NULL, '2017-09-06 22:56:51', '2017-09-06 22:56:51', '7723db7a-e6dc-446f-a037-83e67f510209'),
 ('455', '454', '189', '29', '1', NULL, '2017-09-06 22:59:39', '2017-09-06 23:00:13', '0eff84f3-c992-4b5f-9aa5-0acfbe46bdd3'),
 ('456', '454', '189', '29', '2', NULL, '2017-09-06 22:59:39', '2017-09-06 23:00:13', 'a41b7635-5251-4fa7-973f-b5cfa8735d24'),
 ('470', '469', '67', '10', '1', 'en_us', '2017-09-13 17:13:57', '2017-09-14 18:41:30', 'a280472e-44d7-435a-a417-f585e7e1d15d'),
 ('471', '469', '67', '10', '2', 'en_us', '2017-09-13 17:13:57', '2017-09-14 18:41:30', '8a0cec98-c305-4ccf-9a8e-ecb594c82ce6'),
 ('472', '469', '67', '10', '3', 'en_us', '2017-09-13 17:13:57', '2017-09-14 18:41:30', '5804611f-1617-401e-953c-0b643fbc10a6'),
 ('473', '469', '67', '10', '4', 'en_us', '2017-09-13 17:18:46', '2017-09-14 18:41:30', 'a9298570-b041-44b9-9e08-352ccf4367b5'),
 ('476', '475', '74', '13', '1', 'en_us', '2017-09-13 17:18:46', '2017-09-14 18:41:31', 'e0070538-1239-4917-a537-bb0aaa3a0381'),
 ('485', '475', '74', '13', '2', 'en_us', '2017-09-13 17:39:24', '2017-09-14 18:41:31', '655ebd45-80b2-4ce9-9ded-42c1212e6e2e'),
 ('486', '475', '74', '13', '3', 'en_us', '2017-09-13 17:39:24', '2017-09-14 18:41:31', 'ba36b3c7-4158-4742-8550-1e1799582e0f');



DROP TABLE IF EXISTS `craft_matrixblocktypes`;


--
-- Schema for table `craft_matrixblocktypes`
--
CREATE TABLE `craft_matrixblocktypes` (
  `id` int(11) NOT NULL AUTO_INCREMENT,
  `fieldId` int(11) NOT NULL,
  `fieldLayoutId` int(11) DEFAULT NULL,
  `name` varchar(255) COLLATE utf8_unicode_ci NOT NULL,
  `handle` varchar(255) COLLATE utf8_unicode_ci NOT NULL,
  `sortOrder` smallint(6) unsigned DEFAULT NULL,
  `dateCreated` datetime NOT NULL,
  `dateUpdated` datetime NOT NULL,
  `uid` char(36) COLLATE utf8_unicode_ci NOT NULL DEFAULT '0',
  PRIMARY KEY (`id`),
  UNIQUE KEY `craft_matrixblocktypes_name_fieldId_unq_idx` (`name`,`fieldId`),
  UNIQUE KEY `craft_matrixblocktypes_handle_fieldId_unq_idx` (`handle`,`fieldId`),
  KEY `craft_matrixblocktypes_fieldId_fk` (`fieldId`),
  KEY `craft_matrixblocktypes_fieldLayoutId_fk` (`fieldLayoutId`)
) ENGINE=InnoDB AUTO_INCREMENT=39 DEFAULT CHARSET=utf8 COLLATE=utf8_unicode_ci;

--
-- Data for table `craft_matrixblocktypes`
--

INSERT INTO `craft_matrixblocktypes` (`id`, `fieldId`, `fieldLayoutId`, `name`, `handle`, `sortOrder`, `dateCreated`, `dateUpdated`, `uid`) VALUES
 ('1', '10', '79', 'copy', 'copy', '1', '2017-07-20 20:18:09', '2017-07-20 20:18:09', 'd9024681-3fef-45a5-909d-9188e3267d1e'),
 ('2', '24', '1980', 'tooltip', 'tooltip', '1', '2017-07-21 21:26:05', '2017-08-29 21:54:09', 'ff10a70c-3d90-4dd3-b7af-df100be5c150'),
 ('3', '34', '2179', 'Nav Item', 'navItem', '1', '2017-07-21 23:09:34', '2017-09-06 22:47:43', 'a472d260-0711-41a1-b637-4b4eb1e268f8'),
 ('4', '36', '1973', 'Nav Item', 'navItem', '1', '2017-07-21 23:10:13', '2017-08-29 21:50:41', 'd6681651-3e00-4d4b-b6f8-b5217f987ddc'),
 ('5', '55', '1168', 'Device', 'device', '1', '2017-08-01 17:05:51', '2017-08-01 17:05:51', '782834b1-153b-4dde-a94f-75f36df2f989'),
 ('6', '58', '2404', 'Device', 'device', '1', '2017-08-01 20:47:10', '2017-09-12 23:52:47', '03260055-f663-454e-9e8e-7023481dcceb'),
 ('10', '67', '2405', 'Image Card', 'imageCard', '1', '2017-08-03 17:57:36', '2017-09-13 17:12:56', '81e0b783-ec63-4a54-99e8-0293b4a443bb'),
 ('11', '71', '2123', 'Primary Button', 'primaryButton', '1', '2017-08-03 18:14:16', '2017-09-06 00:19:26', 'c7ab1968-0e66-4c61-9914-e73cc9c28548'),
 ('12', '71', '2124', 'Secondary Button', 'secondaryButton', '2', '2017-08-03 18:14:16', '2017-09-06 00:19:26', '2819a98e-d51d-4a14-b62e-9713bac9e68e'),
 ('13', '74', '2420', 'Tab', 'tab', '1', '2017-08-03 18:33:03', '2017-09-13 22:00:50', '24693de1-e4f9-4ba5-9f1b-22694a511b9c'),
 ('14', '78', '1968', 'Step', 'step', '1', '2017-08-03 18:36:28', '2017-08-24 21:34:21', '6a266812-30bd-46ca-9b88-1dd8dcfd2e49'),
 ('15', '84', '1977', 'Link', 'link', '1', '2017-08-03 22:18:12', '2017-08-29 21:53:18', '4be83893-c18d-407d-874e-9dedb424745a'),
 ('16', '89', '1959', 'Annotation', 'annotation', '1', '2017-08-07 22:10:30', '2017-08-24 21:25:18', '953391f5-5deb-44a2-a0bc-9daeab96eda6'),
 ('17', '92', '1955', 'Pre Footer Component', 'preFooterComponent', '1', '2017-08-07 22:56:53', '2017-08-24 21:18:16', 'f16a4347-3758-4bdc-972b-73534daf142a'),
 ('18', '96', '1979', 'Ad Manger Component', 'adMangerComponent', '1', '2017-08-07 22:58:56', '2017-08-29 21:53:48', 'b8456be9-da35-429c-b214-1a8da9b1c0f7'),
 ('19', '99', '1975', 'Legal Link', 'legalLink', '1', '2017-08-07 23:00:59', '2017-08-29 21:51:06', '0a0d6390-55cb-4203-9583-b45e33effd94'),
 ('20', '112', '1983', 'hero', 'hero', '1', '2017-08-09 18:18:34', '2017-08-31 18:42:03', '41345ca3-55ac-4bd6-9154-38f355fb47ea'),
 ('21', '45', '2421', 'logo', 'logo', '1', '2017-08-10 16:55:47', '2017-09-13 22:03:21', '99b4f145-c4b4-4b35-aa0c-6a86b0047f62'),
 ('22', '29', '2298', 'Video Attributes', 'videoAttributes', '1', '2017-08-10 21:46:15', '2017-09-12 17:50:03', 'b06c3887-a2f5-497c-935b-ab173e12e927'),
 ('23', '145', '1992', 'Hero', 'hero', '1', '2017-09-05 21:24:44', '2017-09-05 21:24:49', '76f4901d-3e00-40e2-8f7f-74e48a5cf174'),
 ('24', '161', '2010', 'Quote Content', 'quoteContent', '1', '2017-09-05 22:45:02', '2017-09-05 23:37:50', '18fffe1a-1469-4360-93e5-2f2d63275e4a'),
 ('25', '164', '2449', 'Card', 'card', '1', '2017-09-05 23:48:17', '2017-09-13 22:25:05', 'd4283fb0-8c9c-423a-afd4-1c453c3c4dfa'),
 ('26', '171', '2459', 'Card', 'Card', '1', '2017-09-06 00:06:37', '2017-09-13 22:27:12', '969690cc-9692-46af-ae3d-031e45c56430'),
 ('27', '174', '2107', 'Image', 'image', '1', '2017-09-06 00:18:08', '2017-09-06 00:18:08', '7ce222f0-ccb5-4205-bd67-fefee0481ec4'),
 ('28', '184', '2153', 'Metric', 'metric', '1', '2017-09-06 20:48:13', '2017-09-06 20:48:13', '7b1961d3-8d0e-4395-93c8-5061a98e8986'),
 ('29', '189', '2180', 'Subnav Item', 'subnavItem', '1', '2017-09-06 22:47:32', '2017-09-06 22:47:55', '52ead2a5-53b3-4f93-8357-0c730a351bca'),
 ('30', '198', '2201', 'Entry', 'entry', '1', '2017-09-07 18:13:30', '2017-09-07 18:13:30', 'c3bb69d8-8c13-4163-819c-b30bd00f4b9b'),
 ('31', '208', '2401', 'Device Video', 'deviceVideo', '1', '2017-09-07 20:44:11', '2017-09-12 23:43:44', '642ef265-a3b5-485d-8803-8929c572e527'),
 ('32', '208', '2402', 'Device Image', 'deviceImage', '2', '2017-09-07 20:44:11', '2017-09-12 23:43:44', 'fc0cc818-7067-4659-9e21-b062350e21f7'),
 ('33', '213', '2238', 'CTA', 'cta', '1', '2017-09-11 18:02:16', '2017-09-11 18:03:24', 'aceb28a8-374a-46d8-97ee-015a1325567f'),
 ('34', '215', '2237', 'CTA', 'cta', '1', '2017-09-11 18:03:17', '2017-09-11 18:03:17', 'aed642e2-1860-4acb-99b5-9462f5f32fe6'),
 ('35', '218', '2283', 'Asset Block', 'assetBlock', '1', '2017-09-12 17:29:15', '2017-09-12 17:29:38', '8aa461fb-3cbd-44f9-bc2f-84cfa4efdd2a'),
 ('36', '229', '2373', 'List Item', 'listItem', '1', '2017-09-12 23:22:01', '2017-09-12 23:22:01', '0c31fa99-d656-40e9-802d-cada0e356881'),
 ('37', '236', '2531', 'Image', 'image', '1', '2017-09-13 23:43:08', '2017-09-13 23:50:55', '676da2d4-66a0-465e-8c8b-6ea1efb162bf'),
 ('38', '241', '2566', 'Image', 'image', '1', '2017-09-14 00:03:16', '2017-09-14 17:45:47', '76c59484-cd92-43c6-a8ca-4ed78fa49ec3');



DROP TABLE IF EXISTS `craft_matrixcontent_admanager`;


--
-- Schema for table `craft_matrixcontent_admanager`
--
CREATE TABLE `craft_matrixcontent_admanager` (
  `id` int(11) NOT NULL AUTO_INCREMENT,
  `elementId` int(11) NOT NULL,
  `locale` char(12) COLLATE utf8_unicode_ci NOT NULL,
  `field_adMangerComponent_text_loc` text COLLATE utf8_unicode_ci,
  `field_adMangerComponent_loginLink` text COLLATE utf8_unicode_ci,
  `dateCreated` datetime NOT NULL,
  `dateUpdated` datetime NOT NULL,
  `uid` char(36) COLLATE utf8_unicode_ci NOT NULL DEFAULT '0',
  PRIMARY KEY (`id`),
  UNIQUE KEY `craft_matrixcontent_admanager_elementId_locale_unq_idx` (`elementId`,`locale`),
  KEY `craft_matrixcontent_admanager_locale_idx` (`locale`)
) ENGINE=InnoDB AUTO_INCREMENT=2 DEFAULT CHARSET=utf8 COLLATE=utf8_unicode_ci;

--
-- Data for table `craft_matrixcontent_admanager`
--

INSERT INTO `craft_matrixcontent_admanager` (`id`, `elementId`, `locale`, `field_adMangerComponent_text_loc`, `field_adMangerComponent_loginLink`, `dateCreated`, `dateUpdated`, `uid`) VALUES
 ('1', '273', 'en_us', 'Already have an account?', '{\"type\":\"custom\",\"custom\":\"https:\\/\\/business.snapchat.com\",\"entry\":\"\",\"customText\":\"Log in to Ad Manager\",\"target\":\"_blank\"}', '2017-08-07 23:13:17', '2017-08-09 20:57:20', '434d88a7-f69a-400f-a2c3-f84319b12a7a');



DROP TABLE IF EXISTS `craft_matrixcontent_blockquote`;


--
-- Schema for table `craft_matrixcontent_blockquote`
--
CREATE TABLE `craft_matrixcontent_blockquote` (
  `id` int(11) NOT NULL AUTO_INCREMENT,
  `elementId` int(11) NOT NULL,
  `locale` char(12) COLLATE utf8_unicode_ci NOT NULL,
  `field_quoteContent_quoteText_loc` text COLLATE utf8_unicode_ci,
  `field_quoteContent_attribution_loc` text COLLATE utf8_unicode_ci,
  `dateCreated` datetime NOT NULL,
  `dateUpdated` datetime NOT NULL,
  `uid` char(36) COLLATE utf8_unicode_ci NOT NULL DEFAULT '0',
  PRIMARY KEY (`id`),
  UNIQUE KEY `craft_matrixcontent_blockquote_elementId_locale_unq_idx` (`elementId`,`locale`),
  KEY `craft_matrixcontent_blockquote_locale_fk` (`locale`)
) ENGINE=InnoDB DEFAULT CHARSET=utf8 COLLATE=utf8_unicode_ci;

DROP TABLE IF EXISTS `craft_matrixcontent_cb_copylockup`;


--
-- Schema for table `craft_matrixcontent_cb_copylockup`
--
CREATE TABLE `craft_matrixcontent_cb_copylockup` (
  `id` int(11) NOT NULL AUTO_INCREMENT,
  `elementId` int(11) NOT NULL,
  `locale` char(12) COLLATE utf8_unicode_ci NOT NULL,
  `field_copy_headline` text COLLATE utf8_unicode_ci,
  `field_copy_paragraph` text COLLATE utf8_unicode_ci,
  `dateCreated` datetime NOT NULL,
  `dateUpdated` datetime NOT NULL,
  `uid` char(36) COLLATE utf8_unicode_ci NOT NULL DEFAULT '0',
  PRIMARY KEY (`id`),
  UNIQUE KEY `craft_matrixcontent_cb_copylockup_elementId_locale_unq_idx` (`elementId`,`locale`),
  KEY `craft_matrixcontent_cb_copylockup_locale_fk` (`locale`)
) ENGINE=InnoDB DEFAULT CHARSET=utf8 COLLATE=utf8_unicode_ci;

DROP TABLE IF EXISTS `craft_matrixcontent_chillahtooltip`;


--
-- Schema for table `craft_matrixcontent_chillahtooltip`
--
CREATE TABLE `craft_matrixcontent_chillahtooltip` (
  `id` int(11) NOT NULL AUTO_INCREMENT,
  `elementId` int(11) NOT NULL,
  `locale` char(12) COLLATE utf8_unicode_ci NOT NULL,
  `field_tooltip_tooltipText_loc` text COLLATE utf8_unicode_ci,
  `field_tooltip_location` varchar(255) COLLATE utf8_unicode_ci DEFAULT 'topLeft',
  `dateCreated` datetime NOT NULL,
  `dateUpdated` datetime NOT NULL,
  `uid` char(36) COLLATE utf8_unicode_ci NOT NULL DEFAULT '0',
  PRIMARY KEY (`id`),
  UNIQUE KEY `craft_matrixcontent_chillahtooltip_elementId_locale_unq_idx` (`elementId`,`locale`),
  KEY `craft_matrixcontent_chillahtooltip_locale_idx` (`locale`)
) ENGINE=InnoDB DEFAULT CHARSET=utf8 COLLATE=utf8_unicode_ci;

DROP TABLE IF EXISTS `craft_matrixcontent_ctabuttons`;


--
-- Schema for table `craft_matrixcontent_ctabuttons`
--
CREATE TABLE `craft_matrixcontent_ctabuttons` (
  `id` int(11) NOT NULL AUTO_INCREMENT,
  `elementId` int(11) NOT NULL,
  `locale` char(12) COLLATE utf8_unicode_ci NOT NULL,
  `field_primaryButton_button` text COLLATE utf8_unicode_ci,
  `field_secondaryButton_button` text COLLATE utf8_unicode_ci,
  `field_primaryButton_outline` tinyint(1) unsigned NOT NULL DEFAULT '0',
  `field_primaryButton_buttonType` varchar(255) COLLATE utf8_unicode_ci DEFAULT 'normal',
  `dateCreated` datetime NOT NULL,
  `dateUpdated` datetime NOT NULL,
  `uid` char(36) COLLATE utf8_unicode_ci NOT NULL DEFAULT '0',
  PRIMARY KEY (`id`),
  UNIQUE KEY `craft_matrixcontent_ctabuttons_elementId_locale_unq_idx` (`elementId`,`locale`),
  KEY `craft_matrixcontent_ctabuttons_locale_fk` (`locale`)
) ENGINE=InnoDB AUTO_INCREMENT=14 DEFAULT CHARSET=utf8 COLLATE=utf8_unicode_ci;

--
-- Data for table `craft_matrixcontent_ctabuttons`
--

INSERT INTO `craft_matrixcontent_ctabuttons` (`id`, `elementId`, `locale`, `field_primaryButton_button`, `field_secondaryButton_button`, `field_primaryButton_outline`, `field_primaryButton_buttonType`, `dateCreated`, `dateUpdated`, `uid`) VALUES
 ('3', '332', 'en_us', '{\"type\":\"custom\",\"custom\":\"forbusiness.snapchat.com\",\"entry\":\"\",\"customText\":\"Primary Button Outlined\",\"target\":\"_blank\"}', NULL, '1', 'normal', '2017-08-10 22:11:49', '2017-09-13 00:19:19', '615c1f1f-9669-4cac-a4ba-2ab4153d91df'),
 ('5', '334', 'en_us', NULL, '{\"type\":\"custom\",\"custom\":\"forbusiness.snapchat.com\",\"entry\":\"\",\"customText\":\"Secondary Button\",\"target\":\"_blank\"}', '0', NULL, '2017-08-10 22:11:49', '2017-09-13 00:19:19', '3803cce5-bfa5-4b71-ac92-e506750c9660'),
 ('6', '336', 'en_us', '{\"type\":\"custom\",\"custom\":\"forbusiness.snapchat.com\",\"entry\":\"\",\"customText\":\"Primary Button Outlined\",\"target\":\"_blank\"}', NULL, '1', 'normal', '2017-08-10 22:11:49', '2017-08-31 22:08:13', 'bdcff621-730d-4287-b189-c69a54ccfa4d'),
 ('7', '337', 'en_us', '{\"type\":\"custom\",\"custom\":\"forbusiness.snapchat.com\",\"entry\":\"\",\"customText\":\"Primary Button Filled\",\"target\":\"\"}', NULL, '0', 'normal', '2017-08-10 22:11:49', '2017-08-31 22:08:13', 'adf77909-196e-4730-a045-2ea74e2e8da3'),
 ('8', '338', 'en_us', NULL, '{\"type\":\"custom\",\"custom\":\"snapchat.com\",\"entry\":\"\",\"customText\":\"Secondary Button\",\"target\":\"_blank\"}', '0', NULL, '2017-08-10 22:11:49', '2017-08-31 22:08:13', '7ad6c1de-d485-4481-a0ef-91457b028e94'),
 ('9', '430', 'en_us', '{\"type\":\"custom\",\"custom\":\"http:\\/\\/snapchat.com\",\"entry\":\"\",\"customText\":\"CTA Button\",\"target\":\"_blank\"}', NULL, '1', 'normal', '2017-08-30 22:28:57', '2017-08-31 22:08:13', '53b977bf-d828-4bc7-921b-6383a6e40891'),
 ('10', '432', 'en_us', '{\"type\":\"custom\",\"custom\":\"http:\\/\\/snapchat.com\",\"entry\":\"\",\"customText\":\"CTA Button\",\"target\":\"\"}', NULL, '0', 'normal', '2017-08-30 22:28:57', '2017-08-31 22:08:13', '0c171dd5-4f78-4e19-8b7d-b825b69f3c86'),
 ('13', '443', 'en_us', '{\"type\":\"custom\",\"custom\":\"http:\\/\\/google.com\",\"entry\":\"\",\"customText\":\"Test\",\"target\":\"\"}', NULL, '1', 'normal', '2017-08-31 22:08:13', '2017-08-31 22:08:13', 'ecd13cb3-8424-4337-8469-ee89e05fee51');



DROP TABLE IF EXISTS `craft_matrixcontent_devicetab`;


--
-- Schema for table `craft_matrixcontent_devicetab`
--
CREATE TABLE `craft_matrixcontent_devicetab` (
  `id` int(11) NOT NULL AUTO_INCREMENT,
  `elementId` int(11) NOT NULL,
  `locale` char(12) COLLATE utf8_unicode_ci NOT NULL,
  `field_tab_tabLabel_loc` text COLLATE utf8_unicode_ci,
  `field_tab_description_loc` text COLLATE utf8_unicode_ci,
  `field_tab_primaryCta` text COLLATE utf8_unicode_ci,
  `field_tab_secondaryLink` text COLLATE utf8_unicode_ci,
  `field_tab_descriptionTitle_loc` text COLLATE utf8_unicode_ci,
  `dateCreated` datetime NOT NULL,
  `dateUpdated` datetime NOT NULL,
  `uid` char(36) COLLATE utf8_unicode_ci NOT NULL DEFAULT '0',
  PRIMARY KEY (`id`),
  UNIQUE KEY `craft_matrixcontent_devicetab_elementId_locale_unq_idx` (`elementId`,`locale`),
  KEY `craft_matrixcontent_devicetab_locale_fk` (`locale`)
) ENGINE=InnoDB AUTO_INCREMENT=4 DEFAULT CHARSET=utf8 COLLATE=utf8_unicode_ci;

--
-- Data for table `craft_matrixcontent_devicetab`
--

INSERT INTO `craft_matrixcontent_devicetab` (`id`, `elementId`, `locale`, `field_tab_tabLabel_loc`, `field_tab_description_loc`, `field_tab_primaryCta`, `field_tab_secondaryLink`, `field_tab_descriptionTitle_loc`, `dateCreated`, `dateUpdated`, `uid`) VALUES
 ('1', '476', 'en_us', 'Raise Awareness', '<p>Reach a huge audience with the most engaging ad formats on mobile.</p>', '{\"type\":\"entry\",\"custom\":\"\",\"entry\":[\"98\"],\"customText\":\"Explore Solutions\",\"target\":\"\"}', '', 'Raise Awareness', '2017-09-13 17:18:46', '2017-09-14 18:41:31', '2e80d8af-76a2-4f59-b5e9-a6aa6fd04bd1'),
 ('2', '485', 'en_us', 'Increase Consideration', '<p>Inspire our engaged audience to lean in and learn more, seamlessly.</p>', '{\"type\":\"entry\",\"custom\":\"\",\"entry\":[\"98\"],\"customText\":\"Explore Solutions\",\"target\":\"\"}', '', 'Increase Consideration', '2017-09-13 17:39:23', '2017-09-14 18:41:31', '896d8acd-be61-4c55-a210-740f75994313'),
 ('3', '486', 'en_us', 'Drive Action', '<p>Make an impact instantly with ads that are fun to interact with.</p>', '{\"type\":\"entry\",\"custom\":\"\",\"entry\":[\"98\"],\"customText\":\"Explore Solutions\",\"target\":\"\"}', '', 'Drive Action', '2017-09-13 17:39:24', '2017-09-14 18:41:31', 'b8cca2de-0e89-48a0-9ca5-d46bdb4b4b9a');



DROP TABLE IF EXISTS `craft_matrixcontent_downloadableasset`;


--
-- Schema for table `craft_matrixcontent_downloadableasset`
--
CREATE TABLE `craft_matrixcontent_downloadableasset` (
  `id` int(11) NOT NULL AUTO_INCREMENT,
  `elementId` int(11) NOT NULL,
  `locale` char(12) COLLATE utf8_unicode_ci NOT NULL,
  `field_assetBlock_imageAltText` text COLLATE utf8_unicode_ci,
  `field_assetBlock_caption` text COLLATE utf8_unicode_ci,
  `dateCreated` datetime NOT NULL,
  `dateUpdated` datetime NOT NULL,
  `uid` char(36) COLLATE utf8_unicode_ci NOT NULL DEFAULT '0',
  PRIMARY KEY (`id`),
  UNIQUE KEY `craft_matrixcontent_downloadableasset_elementId_locale_unq_idx` (`elementId`,`locale`),
  KEY `craft_matrixcontent_downloadableasset_locale_fk` (`locale`)
) ENGINE=InnoDB DEFAULT CHARSET=utf8 COLLATE=utf8_unicode_ci;

DROP TABLE IF EXISTS `craft_matrixcontent_downloadableimage`;


--
-- Schema for table `craft_matrixcontent_downloadableimage`
--
CREATE TABLE `craft_matrixcontent_downloadableimage` (
  `id` int(11) NOT NULL AUTO_INCREMENT,
  `elementId` int(11) NOT NULL,
  `locale` char(12) COLLATE utf8_unicode_ci NOT NULL,
  `field_image_downloadHoverText_loc` text COLLATE utf8_unicode_ci,
  `dateCreated` datetime NOT NULL,
  `dateUpdated` datetime NOT NULL,
  `uid` char(36) COLLATE utf8_unicode_ci NOT NULL DEFAULT '0',
  PRIMARY KEY (`id`),
  UNIQUE KEY `craft_matrixcontent_downloadableimage_elementId_locale_unq_idx` (`elementId`,`locale`),
  KEY `craft_matrixcontent_downloadableimage_locale_idx` (`locale`)
) ENGINE=InnoDB DEFAULT CHARSET=utf8 COLLATE=utf8_unicode_ci;

DROP TABLE IF EXISTS `craft_matrixcontent_grouplinks`;


--
-- Schema for table `craft_matrixcontent_grouplinks`
--
CREATE TABLE `craft_matrixcontent_grouplinks` (
  `id` int(11) NOT NULL AUTO_INCREMENT,
  `elementId` int(11) NOT NULL,
  `locale` char(12) COLLATE utf8_unicode_ci NOT NULL,
  `field_link_footerLink` text COLLATE utf8_unicode_ci,
  `dateCreated` datetime NOT NULL,
  `dateUpdated` datetime NOT NULL,
  `uid` char(36) COLLATE utf8_unicode_ci NOT NULL DEFAULT '0',
  PRIMARY KEY (`id`),
  UNIQUE KEY `craft_matrixcontent_grouplinks_elementId_locale_unq_idx` (`elementId`,`locale`),
  KEY `craft_matrixcontent_grouplinks_locale_idx` (`locale`)
) ENGINE=InnoDB AUTO_INCREMENT=33 DEFAULT CHARSET=utf8 COLLATE=utf8_unicode_ci;

--
-- Data for table `craft_matrixcontent_grouplinks`
--

INSERT INTO `craft_matrixcontent_grouplinks` (`id`, `elementId`, `locale`, `field_link_footerLink`, `dateCreated`, `dateUpdated`, `uid`) VALUES
 ('1', '224', 'en_us', '{\"type\":\"custom\",\"custom\":\"https:\\/\\/www.snap.com\\/en-US\\/\",\"entry\":\"\",\"customText\":\"Snap Inc.\",\"target\":\"_blank\"}', '2017-08-03 22:25:09', '2017-08-07 16:49:46', 'b870245d-1029-4e0b-a20d-30f140aeda34'),
 ('2', '225', 'en_us', '{\"type\":\"custom\",\"custom\":\"https:\\/\\/www.snapchat.com\\/\",\"entry\":\"\",\"customText\":\"Snapchat\",\"target\":\"_blank\"}', '2017-08-03 22:33:25', '2017-08-07 16:49:46', 'ef3a7a60-05f4-4367-b908-513daa8fb063'),
 ('3', '226', 'en_us', '{\"type\":\"custom\",\"custom\":\"https:\\/\\/www.snap.com\\/en-US\\/jobs\\/\",\"entry\":\"\",\"customText\":\"Jobs\",\"target\":\"_blank\"}', '2017-08-03 22:33:25', '2017-08-07 16:49:46', 'a5caa3f6-4b92-43dd-bf27-12e1322ecc7b'),
 ('4', '227', 'en_us', '{\"type\":\"custom\",\"custom\":\"https:\\/\\/www.snap.com\\/en-US\\/news\\/\",\"entry\":\"\",\"customText\":\"News\",\"target\":\"_blank\"}', '2017-08-03 22:33:25', '2017-08-07 16:49:46', 'b7fa59c0-64dc-4f1d-a810-239526caf436'),
 ('5', '229', 'en_us', '{\"type\":\"custom\",\"custom\":\"https:\\/\\/support.snapchat.com\",\"entry\":\"\",\"customText\":\"Support\",\"target\":\"_blank\"}', '2017-08-03 22:33:25', '2017-08-07 16:49:46', '79f8be87-a659-4051-a901-b7483e54bec7'),
 ('6', '230', 'en_us', '{\"type\":\"custom\",\"custom\":\"https:\\/\\/support.snapchat.com\\/en-US\\/a\\/guidelines\",\"entry\":\"\",\"customText\":\"Community Guidelines\",\"target\":\"_blank\"}', '2017-08-03 22:33:25', '2017-08-07 16:49:46', 'a1513d0c-4582-452a-bfde-0d9d70168fce'),
 ('7', '231', 'en_us', '{\"type\":\"custom\",\"custom\":\"https:\\/\\/www.snapchat.com\\/safety\",\"entry\":\"\",\"customText\":\"Safety Center\",\"target\":\"_blank\"}', '2017-08-03 22:33:25', '2017-08-07 16:49:46', '29527e7a-c2fe-44ca-bea6-320141d9efcd'),
 ('8', '233', 'en_us', '{\"type\":\"custom\",\"custom\":\"https:\\/\\/ads.snapchat.com\\/getstarted\",\"entry\":\"\",\"customText\":\"Buy Ads\",\"target\":\"_blank\"}', '2017-08-03 22:33:25', '2017-08-07 16:49:46', 'd65202f6-6570-4b2a-9084-ba7953ff8c71'),
 ('9', '234', 'en_us', '{\"type\":\"custom\",\"custom\":\"https:\\/\\/www.snap.com\\/en-US\\/ad-policies\\/\",\"entry\":\"\",\"customText\":\"Advertising Policies\",\"target\":\"_blank\"}', '2017-08-03 22:33:26', '2017-08-07 16:49:46', '554f11d9-5621-409f-88e9-bc86d27d3597'),
 ('10', '235', 'en_us', '{\"type\":\"custom\",\"custom\":\"https:\\/\\/www.snap.com\\/en-US\\/brand-guidelines\\/\",\"entry\":\"\",\"customText\":\"Brand Guidelines\",\"target\":\"_blank\"}', '2017-08-03 22:33:26', '2017-08-07 16:49:47', 'b55526c6-ee13-4292-853c-ad1e8cf3a2d5'),
 ('11', '236', 'en_us', '{\"type\":\"custom\",\"custom\":\"https:\\/\\/support.snapchat.com\\/en-US\\/a\\/promotions-rules\",\"entry\":\"\",\"customText\":\"Pormotions Rules\",\"target\":\"_blank\"}', '2017-08-03 22:33:26', '2017-08-07 16:49:47', 'e1ed5e43-29ce-4aa4-a6bf-1f88e1da0779'),
 ('12', '238', 'en_us', '{\"type\":\"custom\",\"custom\":\"https:\\/\\/www.snap.com\\/en-US\\/privacy\\/privacy-center\\/\",\"entry\":\"\",\"customText\":\"Privacy Center\",\"target\":\"_blank\"}', '2017-08-03 22:33:26', '2017-08-07 16:49:47', '6cccb752-c57c-473a-913c-7c0255c894ca'),
 ('13', '239', 'en_us', '{\"type\":\"custom\",\"custom\":\"https:\\/\\/www.snap.com\\/en-US\\/cookie-policy\\/\",\"entry\":\"\",\"customText\":\"Cookie Policy\",\"target\":\"_blank\"}', '2017-08-03 22:33:26', '2017-08-07 16:49:47', '59d39cf3-df9e-4aa6-9d88-64d10c287e40'),
 ('14', '240', 'en_us', '{\"type\":\"custom\",\"custom\":\"https:\\/\\/support.snapchat.com\\/en-US\\/co\\/report-copyright\",\"entry\":\"\",\"customText\":\"Copyright\",\"target\":\"_blank\"}', '2017-08-03 22:33:26', '2017-08-07 16:49:47', '7e728541-d56e-41bd-a7ae-dc6ad0b65654'),
 ('15', '241', 'en_us', '{\"type\":\"custom\",\"custom\":\"https:\\/\\/www.snap.com\\/en-US\\/terms\\/on-demand-geofilters\\/\",\"entry\":\"\",\"customText\":\"On-Demand Geofilter Terms and Conditions\",\"target\":\"_blank\"}', '2017-08-03 22:33:26', '2017-08-07 16:49:47', '4a2b1ca7-152a-4f0d-b283-413ccba473c3'),
 ('16', '242', 'en_us', '{\"type\":\"custom\",\"custom\":\"https:\\/\\/www.snapchat.com\\/geofilters\\/terms.html\",\"entry\":\"\",\"customText\":\"Community Filter Terms and Conditions\",\"target\":\"_blank\"}', '2017-08-03 22:33:26', '2017-08-07 16:49:47', 'd7390a38-0558-4fff-bbe1-11a301c60f0b'),
 ('17', '277', 'en_us', '{\"type\":\"custom\",\"custom\":\"https:\\/\\/www.snap.com\\/\",\"entry\":\"\",\"customText\":\"Snap Inc.\",\"target\":\"_blank\"}', '2017-08-07 23:39:40', '2017-08-09 20:57:20', '09dd432b-4887-4bbd-be9e-72c797c39309'),
 ('18', '278', 'en_us', '{\"type\":\"custom\",\"custom\":\"https:\\/\\/www.snapchat.com\",\"entry\":\"\",\"customText\":\"Snapchat\",\"target\":\"_blank\"}', '2017-08-07 23:39:40', '2017-08-09 20:57:20', '080c1567-9e8a-4ad7-b69e-f805485fbedf'),
 ('19', '279', 'en_us', '{\"type\":\"custom\",\"custom\":\"https:\\/\\/www.snap.com\\/jobs\\/\",\"entry\":\"\",\"customText\":\"Jobs\",\"target\":\"_blank\"}', '2017-08-07 23:39:40', '2017-08-09 20:57:20', '0a8d1b5e-847b-4055-9e65-16d3909ecec2'),
 ('20', '280', 'en_us', '{\"type\":\"custom\",\"custom\":\"https:\\/\\/www.snap.com\\/news\\/\",\"entry\":\"\",\"customText\":\"News\",\"target\":\"_blank\"}', '2017-08-07 23:39:40', '2017-08-09 20:57:20', '6ffa34d4-5cda-4414-a4ad-1eee0f25c21f'),
 ('21', '300', 'en_us', '{\"type\":\"custom\",\"custom\":\"https:\\/\\/support.snapchat.com\",\"entry\":\"\",\"customText\":\"Support\",\"target\":\"_blank\"}', '2017-08-09 20:57:20', '2017-08-09 20:57:20', '7f6892fd-1725-4e02-bb7e-c3cca59a83b0'),
 ('22', '301', 'en_us', '{\"type\":\"custom\",\"custom\":\"https:\\/\\/support.snapchat.com\",\"entry\":\"\",\"customText\":\"Community Guidelines\",\"target\":\"_blank\"}', '2017-08-09 20:57:20', '2017-08-09 20:57:20', '6f78a193-7b12-4c6f-ba20-f8931cc96592'),
 ('23', '302', 'en_us', '{\"type\":\"custom\",\"custom\":\"https:\\/\\/www.snapchat.com\\/safety\",\"entry\":\"\",\"customText\":\"Safety Center\",\"target\":\"_blank\"}', '2017-08-09 20:57:20', '2017-08-09 20:57:20', 'fc8b55a1-27fe-41b3-961c-e0a71ca01806'),
 ('24', '304', 'en_us', '{\"type\":\"custom\",\"custom\":\"https:\\/\\/ads.snapchat.com\\/getstarted\",\"entry\":\"\",\"customText\":\"Buy Ads\",\"target\":\"_blank\"}', '2017-08-09 20:57:20', '2017-08-09 20:57:20', '3405eaef-abbe-4299-b5d9-7d2425f5fc9e'),
 ('25', '305', 'en_us', '{\"type\":\"custom\",\"custom\":\"https:\\/\\/www.snap.com\\/en-US\\/ad-policies\\/\",\"entry\":\"\",\"customText\":\"Advertising Policies\",\"target\":\"_blank\"}', '2017-08-09 20:57:20', '2017-08-09 20:57:20', '244ac2f8-3df5-4596-b6af-355e555c6afc'),
 ('26', '306', 'en_us', '{\"type\":\"custom\",\"custom\":\"https:\\/\\/www.snap.com\\/en-US\\/brand-guidelines\\/\",\"entry\":\"\",\"customText\":\"Brand Guidelines\",\"target\":\"_blank\"}', '2017-08-09 20:57:20', '2017-08-09 20:57:20', '7ea008fc-9b11-402c-ad72-43a806ef3049'),
 ('27', '307', 'en_us', '{\"type\":\"custom\",\"custom\":\"https:\\/\\/support.snapchat.com\\/en-US\\/a\\/promotions-rules\",\"entry\":\"\",\"customText\":\"Promotions Rules\",\"target\":\"_blank\"}', '2017-08-09 20:57:20', '2017-08-09 20:57:20', '339d4503-3be6-455a-a659-5357aff32b30'),
 ('28', '309', 'en_us', '{\"type\":\"custom\",\"custom\":\"https:\\/\\/www.snap.com\\/en-US\\/privacy\\/privacy-center\\/\",\"entry\":\"\",\"customText\":\"Privacy Center\",\"target\":\"_blank\"}', '2017-08-09 20:57:20', '2017-08-09 20:57:20', 'b634539b-f5dd-4766-bf65-acdb70221958'),
 ('29', '310', 'en_us', '{\"type\":\"custom\",\"custom\":\"https:\\/\\/www.snap.com\\/en-US\\/cookie-policy\\/\",\"entry\":\"\",\"customText\":\"Cookie Policy\",\"target\":\"_blank\"}', '2017-08-09 20:57:20', '2017-08-09 20:57:20', '64b0e983-932f-4614-8c0f-2409a5ef4418'),
 ('30', '311', 'en_us', '{\"type\":\"custom\",\"custom\":\"https:\\/\\/support.snapchat.com\\/en-US\\/co\\/report-copyright\",\"entry\":\"\",\"customText\":\"Copyright\",\"target\":\"_blank\"}', '2017-08-09 20:57:20', '2017-08-09 20:57:20', '1d979de5-72e9-48d7-b777-6e5e70de8d34'),
 ('31', '312', 'en_us', '{\"type\":\"custom\",\"custom\":\"https:\\/\\/www.snap.com\\/en-US\\/terms\\/on-demand-geofilters\\/\",\"entry\":\"\",\"customText\":\"On-Demand Geofilter Terms and Conditions\",\"target\":\"_blank\"}', '2017-08-09 20:57:20', '2017-08-09 20:57:20', '306dfd30-0d67-4018-a40a-be069a921b4c'),
 ('32', '313', 'en_us', '{\"type\":\"custom\",\"custom\":\"https:\\/\\/www.snapchat.com\\/geofilters\\/terms.html\",\"entry\":\"\",\"customText\":\"Community Filter Terms and Conditions\",\"target\":\"_blank\"}', '2017-08-09 20:57:20', '2017-08-09 20:57:20', 'f7cbf4b4-d188-4dd3-9965-ec418cc5a3fb');



DROP TABLE IF EXISTS `craft_matrixcontent_heroimage`;


--
-- Schema for table `craft_matrixcontent_heroimage`
--
CREATE TABLE `craft_matrixcontent_heroimage` (
  `id` int(11) NOT NULL AUTO_INCREMENT,
  `elementId` int(11) NOT NULL,
  `locale` char(12) COLLATE utf8_unicode_ci NOT NULL,
  `field_hero_altText` text COLLATE utf8_unicode_ci,
  `dateCreated` datetime NOT NULL,
  `dateUpdated` datetime NOT NULL,
  `uid` char(36) COLLATE utf8_unicode_ci NOT NULL DEFAULT '0',
  PRIMARY KEY (`id`),
  UNIQUE KEY `craft_matrixcontent_heroimage_elementId_locale_unq_idx` (`elementId`,`locale`),
  KEY `craft_matrixcontent_heroimage_locale_fk` (`locale`)
) ENGINE=InnoDB DEFAULT CHARSET=utf8 COLLATE=utf8_unicode_ci;

DROP TABLE IF EXISTS `craft_matrixcontent_homehero`;


--
-- Schema for table `craft_matrixcontent_homehero`
--
CREATE TABLE `craft_matrixcontent_homehero` (
  `id` int(11) NOT NULL AUTO_INCREMENT,
  `elementId` int(11) NOT NULL,
  `locale` char(12) COLLATE utf8_unicode_ci NOT NULL,
  `field_hero_headline_loc` text COLLATE utf8_unicode_ci,
  `field_hero_button` text COLLATE utf8_unicode_ci,
  `field_hero_buttonOutline` tinyint(1) unsigned NOT NULL DEFAULT '0',
  `field_hero_sectionTitle_loc` text COLLATE utf8_unicode_ci,
  `dateCreated` datetime NOT NULL,
  `dateUpdated` datetime NOT NULL,
  `uid` char(36) COLLATE utf8_unicode_ci NOT NULL DEFAULT '0',
  PRIMARY KEY (`id`),
  UNIQUE KEY `craft_matrixcontent_homehero_elementId_locale_unq_idx` (`elementId`,`locale`),
  KEY `craft_matrixcontent_homehero_locale_fk` (`locale`)
) ENGINE=InnoDB AUTO_INCREMENT=3 DEFAULT CHARSET=utf8 COLLATE=utf8_unicode_ci;

--
-- Data for table `craft_matrixcontent_homehero`
--

INSERT INTO `craft_matrixcontent_homehero` (`id`, `elementId`, `locale`, `field_hero_headline_loc`, `field_hero_button`, `field_hero_buttonOutline`, `field_hero_sectionTitle_loc`, `dateCreated`, `dateUpdated`, `uid`) VALUES
 ('2', '442', 'en_us', 'Snapchat. It\'s your business  on mobile.', '{\"type\":\"entry\",\"custom\":\"\",\"entry\":[\"292\"],\"customText\":\"Get Started\",\"target\":\"\"}', '0', 'Intro', '2017-08-31 21:30:07', '2017-09-14 18:41:30', 'd8d154be-2982-428b-8f37-840178a62e36');



DROP TABLE IF EXISTS `craft_matrixcontent_imagecardrow`;


--
-- Schema for table `craft_matrixcontent_imagecardrow`
--
CREATE TABLE `craft_matrixcontent_imagecardrow` (
  `id` int(11) NOT NULL AUTO_INCREMENT,
  `elementId` int(11) NOT NULL,
  `locale` char(12) COLLATE utf8_unicode_ci NOT NULL,
  `field_imageCard_headline_loc` text COLLATE utf8_unicode_ci,
  `field_imageCard_body_loc` text COLLATE utf8_unicode_ci,
  `dateCreated` datetime NOT NULL,
  `dateUpdated` datetime NOT NULL,
  `uid` char(36) COLLATE utf8_unicode_ci NOT NULL DEFAULT '0',
  PRIMARY KEY (`id`),
  UNIQUE KEY `craft_matrixcontent_imagecardrow_elementId_locale_unq_idx` (`elementId`,`locale`),
  KEY `craft_matrixcontent_imagecardrow_locale_fk` (`locale`)
) ENGINE=InnoDB AUTO_INCREMENT=8 DEFAULT CHARSET=utf8 COLLATE=utf8_unicode_ci;

--
-- Data for table `craft_matrixcontent_imagecardrow`
--

INSERT INTO `craft_matrixcontent_imagecardrow` (`id`, `elementId`, `locale`, `field_imageCard_headline_loc`, `field_imageCard_body_loc`, `dateCreated`, `dateUpdated`, `uid`) VALUES
 ('1', '319', 'en_us', 'Card 1 Headline', '<p>Card 1 body text</p>', '2017-08-10 22:00:29', '2017-09-13 00:19:18', 'f0fcca3e-b84e-4144-a4e8-c7c5350c0a76'),
 ('2', '320', 'en_us', 'Card 2 Headline', '<p>Card 2 body text goes right here.</p>', '2017-08-10 22:00:29', '2017-09-13 00:19:18', '1f6f161f-137c-4fd5-a99d-119b0fa72902'),
 ('3', '321', 'en_us', 'Card 3 Headline', '<p>Card 3 body looks like this.</p>', '2017-08-10 22:00:29', '2017-09-13 00:19:18', '183cb3bc-e2d2-40a1-9f83-8f7d9cd99413'),
 ('4', '470', 'en_us', '', '<p>Average daily active Snapchatters globally<sup>1</sup></p>', '2017-09-13 17:13:57', '2017-09-14 18:41:30', '911ead7c-2244-4287-93fc-ee1b3218619b'),
 ('5', '471', 'en_us', '', '<p>Average number of times daily active Snapchatters open the app each day<sup>2</sup></p>', '2017-09-13 17:13:57', '2017-09-14 18:41:30', '32d28a5f-a29a-40af-8d9e-d6433012af95'),
 ('6', '472', 'en_us', '', '<p>Average minutes spent in the app each day by daily active Snapchatters<sup>2</sup></p>', '2017-09-13 17:13:57', '2017-09-14 18:41:30', '2cf9c143-fe05-4b4d-a4ae-980e4cbc1a0e'),
 ('7', '473', 'en_us', '', '<p>Average percentage of daily active Snapchatters who create with our camera every day<sup>1</sup></p>', '2017-09-13 17:18:46', '2017-09-14 18:41:30', '2cb38efa-aa08-4769-9128-433d018317a5');



DROP TABLE IF EXISTS `craft_matrixcontent_imagewithalt`;


--
-- Schema for table `craft_matrixcontent_imagewithalt`
--
CREATE TABLE `craft_matrixcontent_imagewithalt` (
  `id` int(11) NOT NULL AUTO_INCREMENT,
  `elementId` int(11) NOT NULL,
  `locale` char(12) COLLATE utf8_unicode_ci NOT NULL,
  `field_image_altText_loc` text COLLATE utf8_unicode_ci,
  `dateCreated` datetime NOT NULL,
  `dateUpdated` datetime NOT NULL,
  `uid` char(36) COLLATE utf8_unicode_ci NOT NULL DEFAULT '0',
  PRIMARY KEY (`id`),
  UNIQUE KEY `craft_matrixcontent_imagewithalt_elementId_locale_unq_idx` (`elementId`,`locale`),
  KEY `craft_matrixcontent_imagewithalt_locale_fk` (`locale`)
) ENGINE=InnoDB DEFAULT CHARSET=utf8 COLLATE=utf8_unicode_ci;

DROP TABLE IF EXISTS `craft_matrixcontent_learningscards`;


--
-- Schema for table `craft_matrixcontent_learningscards`
--
CREATE TABLE `craft_matrixcontent_learningscards` (
  `id` int(11) NOT NULL AUTO_INCREMENT,
  `elementId` int(11) NOT NULL,
  `locale` char(12) COLLATE utf8_unicode_ci NOT NULL,
  `field_card_imageAlt_loc` text COLLATE utf8_unicode_ci,
  `field_card_cardBody_loc` text COLLATE utf8_unicode_ci,
  `dateCreated` datetime NOT NULL,
  `dateUpdated` datetime NOT NULL,
  `uid` char(36) COLLATE utf8_unicode_ci NOT NULL DEFAULT '0',
  PRIMARY KEY (`id`),
  UNIQUE KEY `craft_matrixcontent_learningscards_elementId_locale_unq_idx` (`elementId`,`locale`),
  KEY `craft_matrixcontent_learningscards_locale_idx` (`locale`)
) ENGINE=InnoDB DEFAULT CHARSET=utf8 COLLATE=utf8_unicode_ci;

DROP TABLE IF EXISTS `craft_matrixcontent_legallinks`;


--
-- Schema for table `craft_matrixcontent_legallinks`
--
CREATE TABLE `craft_matrixcontent_legallinks` (
  `id` int(11) NOT NULL AUTO_INCREMENT,
  `elementId` int(11) NOT NULL,
  `locale` char(12) COLLATE utf8_unicode_ci NOT NULL,
  `field_legalLink_linkInfo` text COLLATE utf8_unicode_ci,
  `dateCreated` datetime NOT NULL,
  `dateUpdated` datetime NOT NULL,
  `uid` char(36) COLLATE utf8_unicode_ci NOT NULL DEFAULT '0',
  PRIMARY KEY (`id`),
  UNIQUE KEY `craft_matrixcontent_legallinks_elementId_locale_unq_idx` (`elementId`,`locale`),
  KEY `craft_matrixcontent_legallinks_locale_idx` (`locale`)
) ENGINE=InnoDB AUTO_INCREMENT=5 DEFAULT CHARSET=utf8 COLLATE=utf8_unicode_ci;

--
-- Data for table `craft_matrixcontent_legallinks`
--

INSERT INTO `craft_matrixcontent_legallinks` (`id`, `elementId`, `locale`, `field_legalLink_linkInfo`, `dateCreated`, `dateUpdated`, `uid`) VALUES
 ('1', '275', 'en_us', '{\"type\":\"custom\",\"custom\":\"https:\\/\\/www.snap.com\\/en-US\\/privacy\\/privacy-policy\\/\",\"entry\":\"\",\"customText\":\"Privacy Policy\",\"target\":\"_blank\"}', '2017-08-07 23:13:17', '2017-08-07 23:39:40', '1a828335-e74e-49ff-86fb-8d38498579af'),
 ('2', '276', 'en_us', '{\"type\":\"custom\",\"custom\":\"https:\\/\\/www.snap.com\\/en-US\\/terms\\/\",\"entry\":\"\",\"customText\":\"Terms of Service\",\"target\":\"_blank\"}', '2017-08-07 23:13:17', '2017-08-07 23:39:40', 'b804b62a-7fd9-40a6-8d9b-b2f240f93160'),
 ('3', '284', 'en_us', '{\"type\":\"custom\",\"custom\":\"https:\\/\\/www.snap.com\\/en-US\\/privacy\\/privacy-policy\\/\",\"entry\":\"\",\"customText\":\"Privacy Policy\",\"target\":\"_blank\"}', '2017-08-08 17:46:27', '2017-08-08 17:46:47', '2c458b34-1e8d-452e-aaf9-b4b706088f96'),
 ('4', '285', 'en_us', '{\"type\":\"custom\",\"custom\":\"https:\\/\\/www.snap.com\\/en-US\\/terms\\/\",\"entry\":\"\",\"customText\":\"Terms of Service\",\"target\":\"_blank\"}', '2017-08-08 17:46:27', '2017-08-08 17:46:47', '4de022ac-7371-4317-a276-b185be98c0eb');



DROP TABLE IF EXISTS `craft_matrixcontent_logos`;


--
-- Schema for table `craft_matrixcontent_logos`
--
CREATE TABLE `craft_matrixcontent_logos` (
  `id` int(11) NOT NULL AUTO_INCREMENT,
  `elementId` int(11) NOT NULL,
  `locale` char(12) COLLATE utf8_unicode_ci NOT NULL,
  `field_logo_imageAltText_loc` text COLLATE utf8_unicode_ci,
  `field_logo_imageLinkUrl` text COLLATE utf8_unicode_ci,
  `dateCreated` datetime NOT NULL,
  `dateUpdated` datetime NOT NULL,
  `uid` char(36) COLLATE utf8_unicode_ci NOT NULL DEFAULT '0',
  PRIMARY KEY (`id`),
  UNIQUE KEY `craft_matrixcontent_logos_elementId_locale_unq_idx` (`elementId`,`locale`),
  KEY `craft_matrixcontent_logos_locale_fk` (`locale`)
) ENGINE=InnoDB AUTO_INCREMENT=4 DEFAULT CHARSET=utf8 COLLATE=utf8_unicode_ci;

--
-- Data for table `craft_matrixcontent_logos`
--

INSERT INTO `craft_matrixcontent_logos` (`id`, `elementId`, `locale`, `field_logo_imageAltText_loc`, `field_logo_imageLinkUrl`, `dateCreated`, `dateUpdated`, `uid`) VALUES
 ('1', '323', 'en_us', 'Adjust logo', 'https://forbusiness.snapchat.com', '2017-08-10 22:00:29', '2017-09-13 00:19:18', '925d7917-44c3-45d0-aa05-187d510a36ad'),
 ('2', '324', 'en_us', 'Appsflyer logo', 'https://forbusiness.snapchat.com', '2017-08-10 22:00:29', '2017-09-13 00:19:18', 'd16feb2a-9089-4683-8cbf-8c20675c1a47'),
 ('3', '325', 'en_us', 'Double Click logo', 'https://forbusiness.snapchat.com', '2017-08-10 22:00:29', '2017-09-13 00:19:18', '3a8d5e2d-a620-4afa-a6a5-0801c1f222c4');



DROP TABLE IF EXISTS `craft_matrixcontent_metriccards`;


--
-- Schema for table `craft_matrixcontent_metriccards`
--
CREATE TABLE `craft_matrixcontent_metriccards` (
  `id` int(11) NOT NULL AUTO_INCREMENT,
  `elementId` int(11) NOT NULL,
  `locale` char(12) COLLATE utf8_unicode_ci NOT NULL,
  `field_Card_largeNumber` text COLLATE utf8_unicode_ci,
  `field_Card_smallText` text COLLATE utf8_unicode_ci,
  `dateCreated` datetime NOT NULL,
  `dateUpdated` datetime NOT NULL,
  `uid` char(36) COLLATE utf8_unicode_ci NOT NULL DEFAULT '0',
  PRIMARY KEY (`id`),
  UNIQUE KEY `craft_matrixcontent_metriccards_elementId_locale_unq_idx` (`elementId`,`locale`),
  KEY `craft_matrixcontent_metriccards_locale_idx` (`locale`)
) ENGINE=InnoDB DEFAULT CHARSET=utf8 COLLATE=utf8_unicode_ci;

DROP TABLE IF EXISTS `craft_matrixcontent_mobiledevices`;


--
-- Schema for table `craft_matrixcontent_mobiledevices`
--
CREATE TABLE `craft_matrixcontent_mobiledevices` (
  `id` int(11) NOT NULL AUTO_INCREMENT,
  `elementId` int(11) NOT NULL,
  `locale` char(12) COLLATE utf8_unicode_ci NOT NULL,
  `field_device_headline_loc` text COLLATE utf8_unicode_ci,
  `field_device_subhead_loc` text COLLATE utf8_unicode_ci,
  `dateCreated` datetime NOT NULL,
  `dateUpdated` datetime NOT NULL,
  `uid` char(36) COLLATE utf8_unicode_ci NOT NULL DEFAULT '0',
  PRIMARY KEY (`id`),
  UNIQUE KEY `craft_matrixcontent_mobiledevices_elementId_locale_unq_idx` (`elementId`,`locale`),
  KEY `craft_matrixcontent_mobiledevices_locale_fk` (`locale`)
) ENGINE=InnoDB AUTO_INCREMENT=21 DEFAULT CHARSET=utf8 COLLATE=utf8_unicode_ci;

--
-- Data for table `craft_matrixcontent_mobiledevices`
--

INSERT INTO `craft_matrixcontent_mobiledevices` (`id`, `elementId`, `locale`, `field_device_headline_loc`, `field_device_subhead_loc`, `dateCreated`, `dateUpdated`, `uid`) VALUES
 ('5', '191', 'en_us', 'Headline john', 'subhead jogn', '2017-08-01 22:35:00', '2017-08-07 16:49:46', '3d4f5e30-bd9d-4b60-9768-0ad402827125'),
 ('7', '195', 'en_us', 'test1', 'test1', '2017-08-02 00:32:52', '2017-08-07 16:49:46', 'e97ebff3-6edb-4d85-8402-77db2f700dfd'),
 ('18', '327', 'en_us', 'Device 1 headline', '<p>Quam diu etiam furor iste tuus nos eludet? Plura mihi bona sunt, inclinet, amari petere vellent.</p>', '2017-08-10 22:00:29', '2017-09-13 00:19:19', 'f0fdde0e-e5fb-420b-b547-aded6a095801'),
 ('19', '328', 'en_us', 'Device 2 Headline', '<p>Quam diu etiam furor iste tuus nos eludet? Plura mihi bona sunt, inclinet, amari petere vellent.</p>', '2017-08-10 22:11:49', '2017-09-13 00:19:19', '83255f0e-218e-4ed4-a447-0d0eb174ef87'),
 ('20', '329', 'en_us', 'Device 3 Headline', '<p>Quam diu etiam furor iste tuus nos eludet? Plura mihi bona sunt, inclinet, amari petere vellent.</p>', '2017-08-10 22:11:49', '2017-09-13 00:19:19', 'f04de447-e110-4edd-a87b-da4b99c8cdf1');



DROP TABLE IF EXISTS `craft_matrixcontent_multiimage`;


--
-- Schema for table `craft_matrixcontent_multiimage`
--
CREATE TABLE `craft_matrixcontent_multiimage` (
  `id` int(11) NOT NULL AUTO_INCREMENT,
  `elementId` int(11) NOT NULL,
  `locale` char(12) COLLATE utf8_unicode_ci NOT NULL,
  `field_image_imageAltText_loc` text COLLATE utf8_unicode_ci,
  `dateCreated` datetime NOT NULL,
  `dateUpdated` datetime NOT NULL,
  `uid` char(36) COLLATE utf8_unicode_ci NOT NULL DEFAULT '0',
  PRIMARY KEY (`id`),
  UNIQUE KEY `craft_matrixcontent_multiimage_elementId_locale_unq_idx` (`elementId`,`locale`),
  KEY `craft_matrixcontent_multiimage_locale_fk` (`locale`)
) ENGINE=InnoDB DEFAULT CHARSET=utf8 COLLATE=utf8_unicode_ci;

DROP TABLE IF EXISTS `craft_matrixcontent_navitems`;


--
-- Schema for table `craft_matrixcontent_navitems`
--
CREATE TABLE `craft_matrixcontent_navitems` (
  `id` int(11) NOT NULL AUTO_INCREMENT,
  `elementId` int(11) NOT NULL,
  `locale` char(12) COLLATE utf8_unicode_ci NOT NULL,
  `field_navItem_linkInfo` text COLLATE utf8_unicode_ci,
  `dateCreated` datetime NOT NULL,
  `dateUpdated` datetime NOT NULL,
  `uid` char(36) COLLATE utf8_unicode_ci NOT NULL DEFAULT '0',
  PRIMARY KEY (`id`),
  UNIQUE KEY `craft_matrixcontent_navitems_elementId_locale_unq_idx` (`elementId`,`locale`),
  KEY `craft_matrixcontent_navitems_locale_idx` (`locale`)
) ENGINE=InnoDB AUTO_INCREMENT=5 DEFAULT CHARSET=utf8 COLLATE=utf8_unicode_ci;

--
-- Data for table `craft_matrixcontent_navitems`
--

INSERT INTO `craft_matrixcontent_navitems` (`id`, `elementId`, `locale`, `field_navItem_linkInfo`, `dateCreated`, `dateUpdated`, `uid`) VALUES
 ('1', '268', 'en_us', '{\"type\":\"entry\",\"custom\":\"\",\"entry\":[\"98\"],\"customText\":\"Ad Products\",\"target\":\"\"}', '2017-08-07 21:48:31', '2017-09-06 20:51:17', 'b6380389-5bec-442d-bcdf-6364ae69e5d7'),
 ('2', '269', 'en_us', '{\"type\":\"entry\",\"custom\":\"\",\"entry\":[\"264\"],\"customText\":\"Blog\",\"target\":\"\"}', '2017-08-07 21:48:31', '2017-09-06 20:51:17', '6342c0b8-1e9e-4744-a8aa-7798cfe66427'),
 ('3', '293', 'en_us', '{\"type\":\"entry\",\"custom\":\"\",\"entry\":[\"290\"],\"customText\":\"Audiences\",\"target\":\"\"}', '2017-08-09 20:50:51', '2017-09-06 20:51:17', '33d70c58-67e5-4ce9-b60e-16284ecbaf05'),
 ('4', '294', 'en_us', '{\"type\":\"entry\",\"custom\":\"\",\"entry\":[\"291\"],\"customText\":\"\",\"target\":\"\"}', '2017-08-09 20:50:51', '2017-09-06 20:51:17', 'c827f119-c6e8-4d0b-baa4-fe7a8808bbbd');



DROP TABLE IF EXISTS `craft_matrixcontent_pageannotations`;


--
-- Schema for table `craft_matrixcontent_pageannotations`
--
CREATE TABLE `craft_matrixcontent_pageannotations` (
  `id` int(11) NOT NULL AUTO_INCREMENT,
  `elementId` int(11) NOT NULL,
  `locale` char(12) COLLATE utf8_unicode_ci NOT NULL,
  `field_annotation_number` int(10) unsigned DEFAULT '0',
  `field_annotation_text_loc` text COLLATE utf8_unicode_ci,
  `dateCreated` datetime NOT NULL,
  `dateUpdated` datetime NOT NULL,
  `uid` char(36) COLLATE utf8_unicode_ci NOT NULL DEFAULT '0',
  PRIMARY KEY (`id`),
  UNIQUE KEY `craft_matrixcontent_pageannotations_elementId_locale_unq_idx` (`elementId`,`locale`),
  KEY `craft_matrixcontent_pageannotations_locale_fk` (`locale`)
) ENGINE=InnoDB AUTO_INCREMENT=3 DEFAULT CHARSET=utf8 COLLATE=utf8_unicode_ci;

--
-- Data for table `craft_matrixcontent_pageannotations`
--

INSERT INTO `craft_matrixcontent_pageannotations` (`id`, `elementId`, `locale`, `field_annotation_number`, `field_annotation_text_loc`, `dateCreated`, `dateUpdated`, `uid`) VALUES
 ('1', '315', 'en_us', '1', 'Cool annotation bro.', '2017-08-10 22:00:29', '2017-09-13 00:19:18', '5b457a96-7b41-412a-9f95-defe579398de'),
 ('2', '316', 'en_us', '2', 'Great job annotating this.', '2017-08-10 22:00:29', '2017-09-13 00:19:18', 'd7c07f4c-5f36-4afe-bb40-c29d74a11936');



DROP TABLE IF EXISTS `craft_matrixcontent_prefooterheadline`;


--
-- Schema for table `craft_matrixcontent_prefooterheadline`
--
CREATE TABLE `craft_matrixcontent_prefooterheadline` (
  `id` int(11) NOT NULL AUTO_INCREMENT,
  `elementId` int(11) NOT NULL,
  `locale` char(12) COLLATE utf8_unicode_ci NOT NULL,
  `field_preFooterComponent_backgroundColor` varchar(255) COLLATE utf8_unicode_ci DEFAULT NULL,
  `field_preFooterComponent_headline_loc` text COLLATE utf8_unicode_ci,
  `field_preFooterComponent_ctaButton` text COLLATE utf8_unicode_ci,
  `field_preFooterComponent_sectionTitle_loc` text COLLATE utf8_unicode_ci,
  `dateCreated` datetime NOT NULL,
  `dateUpdated` datetime NOT NULL,
  `uid` char(36) COLLATE utf8_unicode_ci NOT NULL DEFAULT '0',
  PRIMARY KEY (`id`),
  UNIQUE KEY `craft_matrixcontent_prefooterheadline_elementId_locale_unq_idx` (`elementId`,`locale`),
  KEY `craft_matrixcontent_prefooterheadline_locale_idx` (`locale`)
) ENGINE=InnoDB AUTO_INCREMENT=2 DEFAULT CHARSET=utf8 COLLATE=utf8_unicode_ci;

--
-- Data for table `craft_matrixcontent_prefooterheadline`
--

INSERT INTO `craft_matrixcontent_prefooterheadline` (`id`, `elementId`, `locale`, `field_preFooterComponent_backgroundColor`, `field_preFooterComponent_headline_loc`, `field_preFooterComponent_ctaButton`, `field_preFooterComponent_sectionTitle_loc`, `dateCreated`, `dateUpdated`, `uid`) VALUES
 ('1', '272', 'en_us', '#FFFC00', 'Its easy to create and manage campaigns on Snapchat', '{\"type\":\"custom\",\"custom\":\"snapchat.com\",\"entry\":\"\",\"customText\":\"Get Started\",\"target\":\"\"}', NULL, '2017-08-07 23:13:17', '2017-08-09 20:57:20', 'a2b77577-e3f2-4770-913e-23e0c096380f');



DROP TABLE IF EXISTS `craft_matrixcontent_primarycta`;


--
-- Schema for table `craft_matrixcontent_primarycta`
--
CREATE TABLE `craft_matrixcontent_primarycta` (
  `id` int(11) NOT NULL AUTO_INCREMENT,
  `elementId` int(11) NOT NULL,
  `locale` char(12) COLLATE utf8_unicode_ci NOT NULL,
  `field_cta_button` text COLLATE utf8_unicode_ci,
  `dateCreated` datetime NOT NULL,
  `dateUpdated` datetime NOT NULL,
  `uid` char(36) COLLATE utf8_unicode_ci NOT NULL DEFAULT '0',
  PRIMARY KEY (`id`),
  UNIQUE KEY `craft_matrixcontent_primarycta_elementId_locale_unq_idx` (`elementId`,`locale`),
  KEY `craft_matrixcontent_primarycta_locale_fk` (`locale`)
) ENGINE=InnoDB DEFAULT CHARSET=utf8 COLLATE=utf8_unicode_ci;

DROP TABLE IF EXISTS `craft_matrixcontent_relatedentries`;


--
-- Schema for table `craft_matrixcontent_relatedentries`
--
CREATE TABLE `craft_matrixcontent_relatedentries` (
  `id` int(11) NOT NULL AUTO_INCREMENT,
  `elementId` int(11) NOT NULL,
  `locale` char(12) COLLATE utf8_unicode_ci NOT NULL,
  `dateCreated` datetime NOT NULL,
  `dateUpdated` datetime NOT NULL,
  `uid` char(36) COLLATE utf8_unicode_ci NOT NULL DEFAULT '0',
  PRIMARY KEY (`id`),
  UNIQUE KEY `craft_matrixcontent_relatedentries_elementId_locale_unq_idx` (`elementId`,`locale`),
  KEY `craft_matrixcontent_relatedentries_locale_fk` (`locale`)
) ENGINE=InnoDB DEFAULT CHARSET=utf8 COLLATE=utf8_unicode_ci;

DROP TABLE IF EXISTS `craft_matrixcontent_secondarycta`;


--
-- Schema for table `craft_matrixcontent_secondarycta`
--
CREATE TABLE `craft_matrixcontent_secondarycta` (
  `id` int(11) NOT NULL AUTO_INCREMENT,
  `elementId` int(11) NOT NULL,
  `locale` char(12) COLLATE utf8_unicode_ci NOT NULL,
  `field_cta_button` text COLLATE utf8_unicode_ci,
  `dateCreated` datetime NOT NULL,
  `dateUpdated` datetime NOT NULL,
  `uid` char(36) COLLATE utf8_unicode_ci NOT NULL DEFAULT '0',
  PRIMARY KEY (`id`),
  UNIQUE KEY `craft_matrixcontent_secondarycta_elementId_locale_unq_idx` (`elementId`,`locale`),
  KEY `craft_matrixcontent_secondarycta_locale_fk` (`locale`)
) ENGINE=InnoDB DEFAULT CHARSET=utf8 COLLATE=utf8_unicode_ci;

DROP TABLE IF EXISTS `craft_matrixcontent_secondarynavigation`;


--
-- Schema for table `craft_matrixcontent_secondarynavigation`
--
CREATE TABLE `craft_matrixcontent_secondarynavigation` (
  `id` int(11) NOT NULL AUTO_INCREMENT,
  `elementId` int(11) NOT NULL,
  `locale` char(12) COLLATE utf8_unicode_ci NOT NULL,
  `field_navItem_linkInfo` text COLLATE utf8_unicode_ci,
  `dateCreated` datetime NOT NULL,
  `dateUpdated` datetime NOT NULL,
  `uid` char(36) COLLATE utf8_unicode_ci NOT NULL DEFAULT '0',
  PRIMARY KEY (`id`),
  UNIQUE KEY `craft_matrixcontent_secondarynavigation_elementId_locale_unq_idx` (`elementId`,`locale`),
  KEY `craft_matrixcontent_secondarynavigation_locale_fk` (`locale`)
) ENGINE=InnoDB AUTO_INCREMENT=7 DEFAULT CHARSET=utf8 COLLATE=utf8_unicode_ci;

--
-- Data for table `craft_matrixcontent_secondarynavigation`
--

INSERT INTO `craft_matrixcontent_secondarynavigation` (`id`, `elementId`, `locale`, `field_navItem_linkInfo`, `dateCreated`, `dateUpdated`, `uid`) VALUES
 ('2', '282', 'en_us', '{\"type\":\"custom\",\"custom\":\"https:\\/\\/businesshelp.snapchat.com\\/\",\"entry\":\"\",\"customText\":\"Support\",\"target\":\"_blank\"}', '2017-08-07 23:46:45', '2017-09-06 23:00:13', '65d4cba4-426a-4a0e-8d28-1362fab47a07'),
 ('5', '297', 'en_us', '{\"type\":\"custom\",\"custom\":\"https:\\/\\/developers.snapchat.com\\/ads\\/partners\\/\",\"entry\":\"\",\"customText\":\"Partners\",\"target\":\"\"}', '2017-08-09 20:50:51', '2017-09-06 23:00:13', 'd12c058e-d11f-435a-8d31-16c2c40452f5'),
 ('6', '298', 'en_us', '{\"type\":\"custom\",\"custom\":\"https:\\/\\/accounts.snapchat.com\",\"entry\":\"\",\"customText\":\"Log In\",\"target\":\"\"}', '2017-08-09 20:50:51', '2017-09-06 23:00:13', 'd508789b-3c92-4c21-87c2-c66619bde18f');



DROP TABLE IF EXISTS `craft_matrixcontent_spotlightdeviceasset`;


--
-- Schema for table `craft_matrixcontent_spotlightdeviceasset`
--
CREATE TABLE `craft_matrixcontent_spotlightdeviceasset` (
  `id` int(11) NOT NULL AUTO_INCREMENT,
  `elementId` int(11) NOT NULL,
  `locale` char(12) COLLATE utf8_unicode_ci NOT NULL,
  `field_deviceImage_imageAltText` text COLLATE utf8_unicode_ci,
  `dateCreated` datetime NOT NULL,
  `dateUpdated` datetime NOT NULL,
  `uid` char(36) COLLATE utf8_unicode_ci NOT NULL DEFAULT '0',
  PRIMARY KEY (`id`),
  UNIQUE KEY `craft_matrixcontent_spotlightdeviceasset_elementId_locale_unq_id` (`elementId`,`locale`),
  KEY `craft_matrixcontent_spotlightdeviceasset_locale_fk` (`locale`)
) ENGINE=InnoDB DEFAULT CHARSET=utf8 COLLATE=utf8_unicode_ci;

DROP TABLE IF EXISTS `craft_matrixcontent_storymetrics`;


--
-- Schema for table `craft_matrixcontent_storymetrics`
--
CREATE TABLE `craft_matrixcontent_storymetrics` (
  `id` int(11) NOT NULL AUTO_INCREMENT,
  `elementId` int(11) NOT NULL,
  `locale` char(12) COLLATE utf8_unicode_ci NOT NULL,
  `field_metric_largeNumber_loc` text COLLATE utf8_unicode_ci,
  `field_metric_smallText_loc` text COLLATE utf8_unicode_ci,
  `dateCreated` datetime NOT NULL,
  `dateUpdated` datetime NOT NULL,
  `uid` char(36) COLLATE utf8_unicode_ci NOT NULL DEFAULT '0',
  PRIMARY KEY (`id`),
  UNIQUE KEY `craft_matrixcontent_storymetrics_elementId_locale_unq_idx` (`elementId`,`locale`),
  KEY `craft_matrixcontent_storymetrics_locale_fk` (`locale`)
) ENGINE=InnoDB DEFAULT CHARSET=utf8 COLLATE=utf8_unicode_ci;

DROP TABLE IF EXISTS `craft_matrixcontent_subnavitems`;


--
-- Schema for table `craft_matrixcontent_subnavitems`
--
CREATE TABLE `craft_matrixcontent_subnavitems` (
  `id` int(11) NOT NULL AUTO_INCREMENT,
  `elementId` int(11) NOT NULL,
  `locale` char(12) COLLATE utf8_unicode_ci NOT NULL,
  `field_subnavItem_linkInfo` text COLLATE utf8_unicode_ci,
  `dateCreated` datetime NOT NULL,
  `dateUpdated` datetime NOT NULL,
  `uid` char(36) COLLATE utf8_unicode_ci NOT NULL DEFAULT '0',
  PRIMARY KEY (`id`),
  UNIQUE KEY `craft_matrixcontent_subnavitems_elementId_locale_unq_idx` (`elementId`,`locale`),
  KEY `craft_matrixcontent_subnavitems_locale_fk` (`locale`)
) ENGINE=InnoDB AUTO_INCREMENT=9 DEFAULT CHARSET=utf8 COLLATE=utf8_unicode_ci;

--
-- Data for table `craft_matrixcontent_subnavitems`
--

INSERT INTO `craft_matrixcontent_subnavitems` (`id`, `elementId`, `locale`, `field_subnavItem_linkInfo`, `dateCreated`, `dateUpdated`, `uid`) VALUES
 ('1', '452', 'en_us', '{\"type\":\"entry\",\"custom\":\"\",\"entry\":[\"363\"],\"customText\":\"Success Stories\",\"target\":\"\"}', '2017-09-06 22:56:51', '2017-09-06 22:56:51', '3996f269-084f-47c5-a4da-adbe5c1fafe3'),
 ('2', '452', 'de_de', '{\"type\":\"entry\",\"custom\":\"\",\"entry\":[\"363\"],\"customText\":\"Success Stories\",\"target\":\"\"}', '2017-09-06 22:56:51', '2017-09-06 22:56:51', '992a11cd-7c70-45e0-b507-069ab89a5a9f'),
 ('3', '453', 'en_us', '{\"type\":\"entry\",\"custom\":\"\",\"entry\":[\"362\"],\"customText\":\"Creative Spotlight\",\"target\":\"\"}', '2017-09-06 22:56:51', '2017-09-06 22:56:51', 'f4f1f872-6474-45e8-9fe7-19f8cd1429c9'),
 ('4', '453', 'de_de', '{\"type\":\"entry\",\"custom\":\"\",\"entry\":[\"362\"],\"customText\":\"Creative Spotlight\",\"target\":\"\"}', '2017-09-06 22:56:51', '2017-09-06 22:56:51', '62a26c93-7d10-41cc-8ae4-34b8402a5084'),
 ('5', '455', 'en_us', '{\"type\":\"entry\",\"custom\":\"\",\"entry\":[\"363\"],\"customText\":\"Success Stories\",\"target\":\"\"}', '2017-09-06 22:59:39', '2017-09-06 23:00:13', '089e9b5d-21dc-497d-a51b-c286d68209e6'),
 ('6', '455', 'de_de', '{\"type\":\"entry\",\"custom\":\"\",\"entry\":[\"363\"],\"customText\":\"Success Stories\",\"target\":\"\"}', '2017-09-06 22:59:39', '2017-09-06 23:00:13', '5ab166d4-73d6-4513-b7ed-6273a354f352'),
 ('7', '456', 'en_us', '{\"type\":\"entry\",\"custom\":\"\",\"entry\":[\"362\"],\"customText\":\"Creative Spotlight\",\"target\":\"\"}', '2017-09-06 22:59:39', '2017-09-06 23:00:13', 'b97c780a-3a3c-48e8-91f2-5ee64827e378'),
 ('8', '456', 'de_de', '{\"type\":\"entry\",\"custom\":\"\",\"entry\":[\"362\"],\"customText\":\"Creative Spotlight\",\"target\":\"\"}', '2017-09-06 22:59:39', '2017-09-06 23:00:13', '83311ad3-6310-4f47-a688-3e0bf365e7b6');



DROP TABLE IF EXISTS `craft_matrixcontent_textlist`;


--
-- Schema for table `craft_matrixcontent_textlist`
--
CREATE TABLE `craft_matrixcontent_textlist` (
  `id` int(11) NOT NULL AUTO_INCREMENT,
  `elementId` int(11) NOT NULL,
  `locale` char(12) COLLATE utf8_unicode_ci NOT NULL,
  `field_listItem_text_loc` text COLLATE utf8_unicode_ci,
  `dateCreated` datetime NOT NULL,
  `dateUpdated` datetime NOT NULL,
  `uid` char(36) COLLATE utf8_unicode_ci NOT NULL DEFAULT '0',
  PRIMARY KEY (`id`),
  UNIQUE KEY `craft_matrixcontent_textlist_elementId_locale_unq_idx` (`elementId`,`locale`),
  KEY `craft_matrixcontent_textlist_locale_fk` (`locale`)
) ENGINE=InnoDB DEFAULT CHARSET=utf8 COLLATE=utf8_unicode_ci;

DROP TABLE IF EXISTS `craft_matrixcontent_video`;


--
-- Schema for table `craft_matrixcontent_video`
--
CREATE TABLE `craft_matrixcontent_video` (
  `id` int(11) NOT NULL AUTO_INCREMENT,
  `elementId` int(11) NOT NULL,
  `locale` char(12) COLLATE utf8_unicode_ci NOT NULL,
  `dateCreated` datetime NOT NULL,
  `dateUpdated` datetime NOT NULL,
  `uid` char(36) COLLATE utf8_unicode_ci NOT NULL DEFAULT '0',
  PRIMARY KEY (`id`),
  UNIQUE KEY `craft_matrixcontent_video_elementId_locale_unq_idx` (`elementId`,`locale`),
  KEY `craft_matrixcontent_video_locale_fk` (`locale`)
) ENGINE=InnoDB AUTO_INCREMENT=2 DEFAULT CHARSET=utf8 COLLATE=utf8_unicode_ci;

--
-- Data for table `craft_matrixcontent_video`
--

INSERT INTO `craft_matrixcontent_video` (`id`, `elementId`, `locale`, `dateCreated`, `dateUpdated`, `uid`) VALUES
 ('1', '434', 'en_us', '2017-08-30 22:28:57', '2017-09-13 00:19:19', '3bd3f71d-467e-4b13-8112-bd762677ed98');



DROP TABLE IF EXISTS `craft_matrixcontent_videostep`;


--
-- Schema for table `craft_matrixcontent_videostep`
--
CREATE TABLE `craft_matrixcontent_videostep` (
  `id` int(11) NOT NULL AUTO_INCREMENT,
  `elementId` int(11) NOT NULL,
  `locale` char(12) COLLATE utf8_unicode_ci NOT NULL,
  `field_step_timeCode` decimal(11,1) unsigned DEFAULT '0.0',
  `field_step_descriptionLabel_loc` text COLLATE utf8_unicode_ci,
  `dateCreated` datetime NOT NULL,
  `dateUpdated` datetime NOT NULL,
  `uid` char(36) COLLATE utf8_unicode_ci NOT NULL DEFAULT '0',
  PRIMARY KEY (`id`),
  UNIQUE KEY `craft_matrixcontent_videostep_elementId_locale_unq_idx` (`elementId`,`locale`),
  KEY `craft_matrixcontent_videostep_locale_fk` (`locale`)
) ENGINE=InnoDB DEFAULT CHARSET=utf8 COLLATE=utf8_unicode_ci;

DROP TABLE IF EXISTS `craft_migrations`;


--
-- Schema for table `craft_migrations`
--
CREATE TABLE `craft_migrations` (
  `id` int(11) NOT NULL AUTO_INCREMENT,
  `pluginId` int(11) DEFAULT NULL,
  `version` varchar(255) COLLATE utf8_unicode_ci NOT NULL,
  `applyTime` datetime NOT NULL,
  `dateCreated` datetime NOT NULL,
  `dateUpdated` datetime NOT NULL,
  `uid` char(36) COLLATE utf8_unicode_ci NOT NULL DEFAULT '0',
  PRIMARY KEY (`id`),
  UNIQUE KEY `craft_migrations_version_unq_idx` (`version`),
  KEY `craft_migrations_pluginId_fk` (`pluginId`)
) ENGINE=InnoDB AUTO_INCREMENT=46 DEFAULT CHARSET=utf8 COLLATE=utf8_unicode_ci;

--
-- Data for table `craft_migrations`
--

INSERT INTO `craft_migrations` (`id`, `pluginId`, `version`, `applyTime`, `dateCreated`, `dateUpdated`, `uid`) VALUES
 ('1', NULL, 'm000000_000000_base', '2017-07-20 17:27:57', '2017-07-20 17:27:57', '2017-07-20 17:27:57', 'efe2d07e-f3c1-4fde-91dc-23427e2c85d7'),
 ('2', NULL, 'm140730_000001_add_filename_and_format_to_transformindex', '2017-07-20 17:27:57', '2017-07-20 17:27:57', '2017-07-20 17:27:57', '345547ee-c45a-495d-a3c8-3ffa9efc5177'),
 ('3', NULL, 'm140815_000001_add_format_to_transforms', '2017-07-20 17:27:57', '2017-07-20 17:27:57', '2017-07-20 17:27:57', '16ce6a9f-c104-4798-8b14-e4262cd278f4'),
 ('4', NULL, 'm140822_000001_allow_more_than_128_items_per_field', '2017-07-20 17:27:57', '2017-07-20 17:27:57', '2017-07-20 17:27:57', 'eb88a8e9-67bb-435c-bf6d-ea96fba0990e'),
 ('5', NULL, 'm140829_000001_single_title_formats', '2017-07-20 17:27:57', '2017-07-20 17:27:57', '2017-07-20 17:27:57', '137b4cc7-40ac-4b6b-8a5b-aa61f6293e5c'),
 ('6', NULL, 'm140831_000001_extended_cache_keys', '2017-07-20 17:27:57', '2017-07-20 17:27:57', '2017-07-20 17:27:57', 'e17e659f-185f-4b0d-a5ac-1edca0ceee94'),
 ('7', NULL, 'm140922_000001_delete_orphaned_matrix_blocks', '2017-07-20 17:27:57', '2017-07-20 17:27:57', '2017-07-20 17:27:57', '10847926-412e-4149-96a7-620eae4bfcae'),
 ('8', NULL, 'm141008_000001_elements_index_tune', '2017-07-20 17:27:57', '2017-07-20 17:27:57', '2017-07-20 17:27:57', 'e80676ce-3a77-4185-808c-645a32273ab6'),
 ('9', NULL, 'm141009_000001_assets_source_handle', '2017-07-20 17:27:57', '2017-07-20 17:27:57', '2017-07-20 17:27:57', 'caa41901-1469-49b0-890b-f06f3f78204e'),
 ('10', NULL, 'm141024_000001_field_layout_tabs', '2017-07-20 17:27:57', '2017-07-20 17:27:57', '2017-07-20 17:27:57', '948e4331-6a60-47ed-ae26-a333d9258f97'),
 ('11', NULL, 'm141030_000000_plugin_schema_versions', '2017-07-20 17:27:57', '2017-07-20 17:27:57', '2017-07-20 17:27:57', '46b49a3f-ed05-4aa2-8a4e-025ec3bfb274'),
 ('12', NULL, 'm141030_000001_drop_structure_move_permission', '2017-07-20 17:27:57', '2017-07-20 17:27:57', '2017-07-20 17:27:57', '4c35154b-80ce-4985-a215-aff84268c6df'),
 ('13', NULL, 'm141103_000001_tag_titles', '2017-07-20 17:27:57', '2017-07-20 17:27:57', '2017-07-20 17:27:57', 'e4a8ad51-c356-430f-bbad-5c3498a5eaf7'),
 ('14', NULL, 'm141109_000001_user_status_shuffle', '2017-07-20 17:27:57', '2017-07-20 17:27:57', '2017-07-20 17:27:57', '9e5a07ea-6b45-4c5c-902e-e949ddcc2996'),
 ('15', NULL, 'm141126_000001_user_week_start_day', '2017-07-20 17:27:57', '2017-07-20 17:27:57', '2017-07-20 17:27:57', '6c3adfa2-1a6f-4a27-910e-bcf82dad17cc'),
 ('16', NULL, 'm150210_000001_adjust_user_photo_size', '2017-07-20 17:27:57', '2017-07-20 17:27:57', '2017-07-20 17:27:57', '2e4ce147-9d77-46f1-a937-20736ca47f1f'),
 ('17', NULL, 'm150724_000001_adjust_quality_settings', '2017-07-20 17:27:57', '2017-07-20 17:27:57', '2017-07-20 17:27:57', '41901dad-f62d-4e3f-bdc6-6867989386a8'),
 ('18', NULL, 'm150827_000000_element_index_settings', '2017-07-20 17:27:57', '2017-07-20 17:27:57', '2017-07-20 17:27:57', '5cb3cdc0-d1be-428d-a4db-7503547bc526'),
 ('19', NULL, 'm150918_000001_add_colspan_to_widgets', '2017-07-20 17:27:57', '2017-07-20 17:27:57', '2017-07-20 17:27:57', 'b93d37a0-ca8a-4133-9b03-017c780c6cf2'),
 ('20', NULL, 'm151007_000000_clear_asset_caches', '2017-07-20 17:27:57', '2017-07-20 17:27:57', '2017-07-20 17:27:57', 'e8553fbc-d628-41de-b450-23988562f4b8'),
 ('21', NULL, 'm151109_000000_text_url_formats', '2017-07-20 17:27:57', '2017-07-20 17:27:57', '2017-07-20 17:27:57', 'fafa5a1e-bc9a-4226-8a9a-d1b3b8977697'),
 ('22', NULL, 'm151110_000000_move_logo', '2017-07-20 17:27:57', '2017-07-20 17:27:57', '2017-07-20 17:27:57', '3c182eff-23db-4c2d-9444-a97e1d99a1ef'),
 ('23', NULL, 'm151117_000000_adjust_image_widthheight', '2017-07-20 17:27:57', '2017-07-20 17:27:57', '2017-07-20 17:27:57', 'e9b38d15-059b-4ebe-bdd9-af994e2b6e77'),
 ('24', NULL, 'm151127_000000_clear_license_key_status', '2017-07-20 17:27:57', '2017-07-20 17:27:57', '2017-07-20 17:27:57', '138eb436-06b6-4b9e-8601-faf1416390f5'),
 ('25', NULL, 'm151127_000000_plugin_license_keys', '2017-07-20 17:27:57', '2017-07-20 17:27:57', '2017-07-20 17:27:57', '4c894a6d-f5f7-48be-a392-024444eb51c3'),
 ('26', NULL, 'm151130_000000_update_pt_widget_feeds', '2017-07-20 17:27:57', '2017-07-20 17:27:57', '2017-07-20 17:27:57', '1a5713c1-89ca-456e-a43c-6545391191e6'),
 ('27', NULL, 'm160114_000000_asset_sources_public_url_default_true', '2017-07-20 17:27:57', '2017-07-20 17:27:57', '2017-07-20 17:27:57', '9bd28ef8-1b47-4c22-8f05-e09820bb8c56'),
 ('28', NULL, 'm160223_000000_sortorder_to_smallint', '2017-07-20 17:27:57', '2017-07-20 17:27:57', '2017-07-20 17:27:57', '2774aa51-03f4-4ccb-92d7-f9701f8d4045'),
 ('29', NULL, 'm160229_000000_set_default_entry_statuses', '2017-07-20 17:27:57', '2017-07-20 17:27:57', '2017-07-20 17:27:57', '892e5cd0-2a13-49f3-863d-a153a1e73952'),
 ('30', NULL, 'm160304_000000_client_permissions', '2017-07-20 17:27:57', '2017-07-20 17:27:57', '2017-07-20 17:27:57', '8a517f9e-9465-428a-9493-2f0f80ed110c'),
 ('31', NULL, 'm160322_000000_asset_filesize', '2017-07-20 17:27:57', '2017-07-20 17:27:57', '2017-07-20 17:27:57', '1b714e6a-085d-4228-a357-871cc99fbf61'),
 ('32', NULL, 'm160503_000000_orphaned_fieldlayouts', '2017-07-20 17:27:57', '2017-07-20 17:27:57', '2017-07-20 17:27:57', '5a3c33d5-fed0-42c7-80a5-f0552a6b04c0'),
 ('33', NULL, 'm160510_000000_tasksettings', '2017-07-20 17:27:57', '2017-07-20 17:27:57', '2017-07-20 17:27:57', '4efebc0a-45aa-4cdb-90d5-128da73708a5'),
 ('34', NULL, 'm160829_000000_pending_user_content_cleanup', '2017-07-20 17:27:57', '2017-07-20 17:27:57', '2017-07-20 17:27:57', 'b78a8313-53e3-4f17-aed4-ed3ac1800d13'),
 ('35', NULL, 'm160830_000000_asset_index_uri_increase', '2017-07-20 17:27:57', '2017-07-20 17:27:57', '2017-07-20 17:27:57', '3056d019-2ff2-4217-a4f1-56bcdac48a82'),
 ('36', NULL, 'm160919_000000_usergroup_handle_title_unique', '2017-07-20 17:27:57', '2017-07-20 17:27:57', '2017-07-20 17:27:57', '288fd53a-8412-4bd4-ba3e-b4ad34e14011'),
 ('37', NULL, 'm161108_000000_new_version_format', '2017-07-20 17:27:57', '2017-07-20 17:27:57', '2017-07-20 17:27:57', '23c9ed46-7c8c-4793-93f9-f1c7fdfcb465'),
 ('38', NULL, 'm161109_000000_index_shuffle', '2017-07-20 17:27:57', '2017-07-20 17:27:57', '2017-07-20 17:27:57', '8b4219a1-cc1f-4173-b873-063bc7df55ff'),
 ('39', NULL, 'm170612_000000_route_index_shuffle', '2017-07-20 17:27:57', '2017-07-20 17:27:57', '2017-07-20 17:27:57', '1bcf337b-c17d-4fc2-8f0f-6c4cc4949cc2'),
 ('40', '1', 'm160428_202308_Neo_UpdateBlockLevels', '2017-07-20 17:32:06', '2017-07-20 17:32:06', '2017-07-20 17:32:06', 'bd6e1460-52fb-4e8f-965c-0fb22c29ce0b'),
 ('41', '1', 'm160515_005002_Neo_UpdateBlockStructure', '2017-07-20 17:32:06', '2017-07-20 17:32:06', '2017-07-20 17:32:06', 'c7df5320-0e77-4eba-8ded-bfd92a96af8a'),
 ('42', '1', 'm160605_191540_Neo_UpdateBlockStructureLocales', '2017-07-20 17:32:06', '2017-07-20 17:32:06', '2017-07-20 17:32:06', '39377eef-c60a-41c0-9b08-b2022cd95262'),
 ('43', '1', 'm161029_230849_Neo_AddMaxChildBlocksSetting', '2017-07-20 17:32:06', '2017-07-20 17:32:06', '2017-07-20 17:32:06', '431657ce-9d11-47e3-8c54-482aa21fe6ed'),
 ('44', '2', 'm160208_010101_FruitLinkIt_UpdateExistingLinkItFields', '2017-07-20 17:36:24', '2017-07-20 17:36:24', '2017-07-20 17:36:24', '83607e0a-ee60-4352-897e-043bc73930ec'),
 ('45', '8', 'm140516_000000_cpCss_changeSettingsFieldName', '2017-08-23 22:58:12', '2017-08-23 22:58:12', '2017-08-23 22:58:12', '4563e5e6-1013-416d-916d-dc930bc08cb6');



DROP TABLE IF EXISTS `craft_neoblocks`;


--
-- Schema for table `craft_neoblocks`
--
CREATE TABLE `craft_neoblocks` (
  `id` int(11) NOT NULL,
  `ownerId` int(11) NOT NULL,
  `fieldId` int(11) NOT NULL,
  `typeId` int(11) DEFAULT NULL,
  `collapsed` tinyint(1) unsigned NOT NULL DEFAULT '0',
  `ownerLocale` char(12) COLLATE utf8_unicode_ci DEFAULT NULL,
  `dateCreated` datetime NOT NULL,
  `dateUpdated` datetime NOT NULL,
  `uid` char(36) COLLATE utf8_unicode_ci NOT NULL DEFAULT '0',
  PRIMARY KEY (`id`),
  KEY `craft_neoblocks_ownerId_idx` (`ownerId`),
  KEY `craft_neoblocks_fieldId_idx` (`fieldId`),
  KEY `craft_neoblocks_typeId_idx` (`typeId`),
  KEY `craft_neoblocks_collapsed_idx` (`collapsed`),
  KEY `craft_neoblocks_ownerLocale_fk` (`ownerLocale`)
) ENGINE=InnoDB DEFAULT CHARSET=utf8 COLLATE=utf8_unicode_ci;

--
-- Data for table `craft_neoblocks`
--

INSERT INTO `craft_neoblocks` (`id`, `ownerId`, `fieldId`, `typeId`, `collapsed`, `ownerLocale`, `dateCreated`, `dateUpdated`, `uid`) VALUES
 ('274', '263', '82', '31', '0', 'en_us', '2017-08-07 23:13:17', '2017-08-09 20:57:20', 'a8cad148-cabe-4fdd-b28a-2a7bf317c799'),
 ('299', '263', '82', '31', '0', 'en_us', '2017-08-09 20:57:20', '2017-08-09 20:57:20', '6b964f19-7ece-4d6d-933c-50f6ce0acd46'),
 ('303', '263', '82', '31', '0', 'en_us', '2017-08-09 20:57:20', '2017-08-09 20:57:20', 'b7ccf693-9814-482d-841a-547da542f3e4'),
 ('308', '263', '82', '31', '0', 'en_us', '2017-08-09 20:57:20', '2017-08-09 20:57:20', '1a73855d-a71e-4029-a4f3-516e801341a4'),
 ('317', '314', '3', '15', '0', 'en_us', '2017-08-10 22:00:29', '2017-09-13 00:19:18', '78464344-ebb1-4132-a222-73981916fd4b'),
 ('318', '314', '3', '1', '0', 'en_us', '2017-08-10 22:00:29', '2017-09-13 00:19:18', '1ebfd6ef-1ed3-4a7e-8bf8-6aefa87311b2'),
 ('322', '314', '3', '24', '0', 'en_us', '2017-08-10 22:00:29', '2017-09-13 00:19:18', 'c8cd8809-e938-4570-ae96-1dc310dcdeb2'),
 ('326', '314', '3', '20', '0', 'en_us', '2017-08-10 22:00:29', '2017-09-13 00:19:19', '3b42a167-18fe-48c2-bcf0-84a5b15a47ef'),
 ('330', '314', '3', '15', '0', 'en_us', '2017-08-10 22:11:49', '2017-09-13 00:19:19', 'bcba92fe-6da1-4427-960d-330e384592e8'),
 ('331', '314', '3', '16', '0', 'en_us', '2017-08-10 22:11:49', '2017-09-13 00:19:19', '22741398-64d9-4109-aaf7-a2c490a7491f'),
 ('335', '314', '3', '3', '0', 'en_us', '2017-08-10 22:11:49', '2017-09-13 00:19:19', '80ca16a0-a417-40b1-8388-0027a97fd5f0'),
 ('339', '314', '3', '15', '0', 'en_us', '2017-08-10 22:11:49', '2017-09-13 00:19:19', '9cd916cb-6345-4e05-835f-84c4ebb52ebd'),
 ('340', '314', '3', '17', '0', 'en_us', '2017-08-10 22:11:49', '2017-09-13 00:19:19', '45588d1a-aa63-46fe-8098-3eee353d89e7'),
 ('341', '314', '3', '17', '0', 'en_us', '2017-08-10 22:11:49', '2017-09-13 00:19:19', '508acf15-3e9c-493d-972e-cca7687ed33b'),
 ('343', '314', '3', '17', '0', 'en_us', '2017-08-10 22:14:42', '2017-09-13 00:19:19', '6c76f654-96b8-4314-99c9-f297dd5819d2'),
 ('426', '314', '3', '15', '0', 'en_us', '2017-08-30 22:28:57', '2017-09-13 00:19:19', '4d707972-924e-47bb-a231-124e0ea35c9c'),
 ('427', '314', '3', '19', '0', 'en_us', '2017-08-30 22:28:57', '2017-09-13 00:19:19', 'f6105304-a01c-40d9-b62d-d1b49d600d55'),
 ('428', '314', '3', '15', '0', 'en_us', '2017-08-30 22:28:57', '2017-09-13 00:19:19', '0e9a7887-dd37-4911-afa7-7bdcc1d2c35f'),
 ('429', '314', '3', '3', '0', 'en_us', '2017-08-30 22:28:57', '2017-09-13 00:19:19', '6189e069-611d-46f4-a473-95e7092cdbd0'),
 ('431', '314', '3', '3', '0', 'en_us', '2017-08-30 22:28:57', '2017-09-13 00:19:19', '2825b78a-c9b0-4cd2-9e23-5d7882e57de9'),
 ('433', '314', '3', '32', '0', 'en_us', '2017-08-30 22:28:57', '2017-09-13 00:19:19', '7fbfbbfb-fef3-4962-be3a-d945ce2f640b'),
 ('445', '262', '188', '53', '0', NULL, '2017-09-06 22:52:59', '2017-09-06 23:00:13', '6815b9c6-755b-483c-951c-63a6b2e0368a'),
 ('447', '262', '188', '53', '0', NULL, '2017-09-06 22:52:59', '2017-09-06 23:00:13', 'e1febc5e-4ae9-42ea-91c2-7ad64bebdf4d'),
 ('450', '262', '188', '53', '0', NULL, '2017-09-06 22:52:59', '2017-09-06 23:00:13', '31da3a69-a597-46cb-92ee-dd5a556bc6a3'),
 ('451', '262', '188', '53', '0', NULL, '2017-09-06 22:52:59', '2017-09-06 23:00:13', 'c8e16248-7e25-408f-aefa-2a6cc060cef6'),
 ('454', '262', '188', '55', '0', NULL, '2017-09-06 22:59:39', '2017-09-06 23:00:13', 'a404a0fd-4348-4dc6-9e89-5a8ad2abb0a7'),
 ('468', '270', '3', '15', '1', 'en_us', '2017-09-13 17:13:57', '2017-09-14 18:41:30', '5187778f-aa62-45d9-8b86-3590d9217aa7'),
 ('469', '270', '3', '1', '0', 'en_us', '2017-09-13 17:13:58', '2017-09-14 18:41:30', '3243835c-617b-44e4-8170-0568a638058d'),
 ('474', '270', '3', '15', '1', 'en_us', '2017-09-13 17:18:46', '2017-09-14 18:41:30', '6ad312c0-085e-4615-9678-2f25b06869fa'),
 ('475', '270', '3', '26', '0', 'en_us', '2017-09-13 17:18:46', '2017-09-14 18:41:31', 'd25c8440-a968-4d8d-8083-1d10e5c84b9e'),
 ('487', '270', '3', '15', '1', 'en_us', '2017-09-13 17:39:24', '2017-09-14 18:41:31', '3c6417b4-41cf-4a52-9ca3-61dde433aeb5'),
 ('488', '270', '3', '3', '0', 'en_us', '2017-09-13 17:39:24', '2017-09-14 18:41:31', '14e37511-6fd9-416d-bf1b-186023b9f587'),
 ('489', '270', '3', '15', '1', 'en_us', '2017-09-13 17:39:24', '2017-09-14 18:41:31', '763077ab-c48a-4f06-ab90-1b96e61ab0b9'),
 ('490', '270', '3', '16', '0', 'en_us', '2017-09-13 17:39:24', '2017-09-14 18:41:31', 'adc85d79-807e-4a33-abfc-1e309a56e9d8'),
 ('491', '270', '3', '19', '0', 'en_us', '2017-09-13 17:39:24', '2017-09-14 18:41:31', '779150b8-f2cd-4c44-8d0a-a44907b0e46e');



DROP TABLE IF EXISTS `craft_neoblockstructures`;


--
-- Schema for table `craft_neoblockstructures`
--
CREATE TABLE `craft_neoblockstructures` (
  `id` int(11) NOT NULL AUTO_INCREMENT,
  `structureId` int(11) NOT NULL,
  `ownerId` int(11) NOT NULL,
  `fieldId` int(11) NOT NULL,
  `ownerLocale` char(12) COLLATE utf8_unicode_ci DEFAULT NULL,
  `dateCreated` datetime NOT NULL,
  `dateUpdated` datetime NOT NULL,
  `uid` char(36) COLLATE utf8_unicode_ci NOT NULL DEFAULT '0',
  PRIMARY KEY (`id`),
  KEY `craft_neoblockstructures_structureId_idx` (`structureId`),
  KEY `craft_neoblockstructures_ownerId_idx` (`ownerId`),
  KEY `craft_neoblockstructures_fieldId_idx` (`fieldId`),
  KEY `craft_neoblockstructures_ownerLocale_fk` (`ownerLocale`)
) ENGINE=InnoDB AUTO_INCREMENT=140 DEFAULT CHARSET=utf8 COLLATE=utf8_unicode_ci;

--
-- Data for table `craft_neoblockstructures`
--

INSERT INTO `craft_neoblockstructures` (`id`, `structureId`, `ownerId`, `fieldId`, `ownerLocale`, `dateCreated`, `dateUpdated`, `uid`) VALUES
 ('74', '81', '263', '82', 'en_us', '2017-08-09 20:57:20', '2017-08-09 20:57:20', 'd89cf8aa-d662-49c9-b68a-71c85df339ea'),
 ('87', '95', '358', '144', NULL, '2017-08-23 17:56:29', '2017-08-23 17:56:29', '25f6cb68-7ef3-4ab5-9053-3017b734c7d1'),
 ('113', '122', '262', '188', NULL, '2017-09-06 23:00:13', '2017-09-06 23:00:13', '27b48d27-6fa4-48ad-a29e-a398f9730b65'),
 ('116', '125', '98', '3', 'en_us', '2017-09-12 21:20:19', '2017-09-12 21:20:19', '1bb949d5-dd49-4e9e-aa1c-e5b43569f587'),
 ('118', '127', '291', '3', 'en_us', '2017-09-12 21:20:37', '2017-09-12 21:20:37', '94778bd3-de3d-4bfb-bdb3-55d55f6257ef'),
 ('119', '128', '292', '3', 'en_us', '2017-09-12 21:20:53', '2017-09-12 21:20:53', 'e631d2ae-bf78-458a-b1af-608223d7dd50'),
 ('122', '131', '358', '179', NULL, '2017-09-12 23:45:19', '2017-09-12 23:45:19', '8d54872b-6c8f-47a0-a617-dc9cc542f2ed'),
 ('125', '134', '356', '144', NULL, '2017-09-12 23:47:19', '2017-09-12 23:47:19', '88b3fdad-20bd-45a9-a4ac-95597e6ec3a6'),
 ('127', '136', '290', '3', 'en_us', '2017-09-12 23:48:12', '2017-09-12 23:48:12', 'ec207826-ab64-457f-9ab6-7097b1886bcd'),
 ('130', '139', '314', '3', 'en_us', '2017-09-13 00:19:18', '2017-09-13 00:19:18', '1c4e68c6-7489-493b-b289-2a920bb9ab61'),
 ('137', '146', '270', '3', 'en_us', '2017-09-14 18:41:30', '2017-09-14 18:41:30', '4a274680-f504-452d-96ec-9ae07e2466ef'),
 ('139', '148', '348', '144', NULL, '2017-09-14 18:44:46', '2017-09-14 18:44:46', '0d33216a-dab4-46cc-acbc-24fbe9a11091');



DROP TABLE IF EXISTS `craft_neoblocktypes`;


--
-- Schema for table `craft_neoblocktypes`
--
CREATE TABLE `craft_neoblocktypes` (
  `id` int(11) NOT NULL AUTO_INCREMENT,
  `fieldId` int(11) NOT NULL,
  `fieldLayoutId` int(11) DEFAULT NULL,
  `name` varchar(255) COLLATE utf8_unicode_ci NOT NULL,
  `handle` varchar(255) COLLATE utf8_unicode_ci NOT NULL,
  `maxBlocks` int(10) DEFAULT '0',
  `maxChildBlocks` int(10) DEFAULT '0',
  `childBlocks` text COLLATE utf8_unicode_ci,
  `topLevel` tinyint(1) unsigned NOT NULL DEFAULT '1',
  `sortOrder` smallint(6) unsigned DEFAULT NULL,
  `dateCreated` datetime NOT NULL,
  `dateUpdated` datetime NOT NULL,
  `uid` char(36) COLLATE utf8_unicode_ci NOT NULL DEFAULT '0',
  PRIMARY KEY (`id`),
  UNIQUE KEY `craft_neoblocktypes_name_fieldId_unq_idx` (`name`,`fieldId`),
  UNIQUE KEY `craft_neoblocktypes_handle_fieldId_unq_idx` (`handle`,`fieldId`),
  KEY `craft_neoblocktypes_fieldId_fk` (`fieldId`),
  KEY `craft_neoblocktypes_fieldLayoutId_fk` (`fieldLayoutId`)
) ENGINE=InnoDB AUTO_INCREMENT=64 DEFAULT CHARSET=utf8 COLLATE=utf8_unicode_ci;

--
-- Data for table `craft_neoblocktypes`
--

INSERT INTO `craft_neoblocktypes` (`id`, `fieldId`, `fieldLayoutId`, `name`, `handle`, `maxBlocks`, `maxChildBlocks`, `childBlocks`, `topLevel`, `sortOrder`, `dateCreated`, `dateUpdated`, `uid`) VALUES
 ('1', '3', '2407', 'Image Card Grid', 'imageCardGrid', NULL, NULL, '', '0', '4', '2017-07-20 18:17:35', '2017-09-13 17:14:20', '7b7a7615-e616-4597-96d6-c79f7b806ae0'),
 ('3', '3', '2414', 'Image Beside Text', 'imageBesideText', NULL, '2', '', '0', '12', '2017-07-20 18:47:31', '2017-09-13 17:14:20', '7ce0bed2-0dbe-4ce4-9f47-41841c7cd592'),
 ('15', '3', '2406', 'New Section', 'newSection', NULL, NULL, '[\"imageCardGrid\",\"logoGrid\",\"mobileDeviceGrid\",\"textLockup\",\"centeredImage\",\"centeredVideo\",\"button\",\"imageBesideText\",\"videoBesideText\",\"deviceTabs\",\"progressiveVideo\"]', '1', '2', '2017-07-21 20:42:23', '2017-09-13 17:14:20', '79ad8aad-b1ae-4bb5-a7b3-640af9a0692f'),
 ('16', '3', '2410', 'Text Lockup', 'textLockup', NULL, NULL, '', '0', '8', '2017-07-21 20:50:02', '2017-09-13 17:14:20', '74b48f3c-956b-4ce3-890d-554014c11858'),
 ('17', '3', '2411', 'Centered Image', 'centeredImage', NULL, NULL, '', '0', '9', '2017-07-21 20:50:02', '2017-09-13 17:14:20', '7b09f799-dc5b-4daa-99fc-f249b93e9484'),
 ('18', '3', '2416', 'Chillah Tooltip', 'chillahTooltip', NULL, NULL, '', '0', '14', '2017-07-21 21:50:46', '2017-09-13 17:14:20', '41647005-dd23-44df-aed5-2b39c3e3856a'),
 ('19', '3', '2412', 'Centered Video', 'centeredVideo', NULL, NULL, '', '0', '10', '2017-07-21 22:07:54', '2017-09-13 17:14:20', 'c9becd96-b1a7-46ce-b33e-a183c9416dc8'),
 ('20', '3', '2409', 'Mobile Device Grid', 'mobileDeviceGrid', NULL, '3', '', '0', '6', '2017-07-21 22:39:53', '2017-09-13 17:14:20', '0031a068-c0c5-4fc4-a205-d231407baee8'),
 ('24', '3', '2408', 'Logo Grid', 'logoGrid', NULL, NULL, '', '0', '5', '2017-07-26 21:47:04', '2017-09-13 17:14:20', 'e040563a-4d2a-4f64-a724-18a9c6c5830b'),
 ('26', '3', '2417', 'Device Tabs', 'deviceTabs', NULL, '4', '', '0', '16', '2017-07-26 23:17:32', '2017-09-13 17:14:20', '350e8255-057a-4f5a-a308-f0a5df31c5a9'),
 ('29', '3', '2418', 'Progressive Video', 'progressiveVideo', NULL, '5', '', '0', '17', '2017-07-27 16:42:28', '2017-09-13 17:14:20', '1c66066d-09d6-4752-9524-3f7a8003ad7f'),
 ('31', '82', '1978', 'Footer Group', 'footerGroup', '4', NULL, '', '1', '1', '2017-08-03 22:16:07', '2017-08-29 21:53:33', '529194b3-8af4-4e30-9304-2b419ebf655a'),
 ('32', '3', '2415', 'Video Beside Text', 'videoBesideText', NULL, NULL, '', '0', '13', '2017-08-10 21:51:08', '2017-09-13 17:14:20', '6c1a720c-85eb-44d8-aeee-b271c3839cc2'),
 ('33', '3', '2413', 'Button', 'button', NULL, NULL, '', '0', '11', '2017-08-10 23:41:06', '2017-09-13 17:14:20', 'b0519e82-e82b-4710-8933-738ffbc41b00'),
 ('34', '144', '2573', 'Lead-In Copy Block', 'leadInCopyBlock', NULL, NULL, '', '1', '2', '2017-08-21 21:04:55', '2017-09-14 20:28:17', '1329cf02-058d-4848-9d01-841b2ba5936f'),
 ('37', '144', '2577', 'Centered Image', 'centeredImage', NULL, NULL, '', '1', '7', '2017-08-21 21:16:21', '2017-09-14 20:28:17', '579b3b4e-502b-428e-b75e-760b10df7c6a'),
 ('38', '144', '2574', 'Text Block', 'textBlock', '1', NULL, '', '1', '3', '2017-09-05 22:19:03', '2017-09-14 20:28:17', '045dee4d-c10a-49a4-bda1-d05d52b88c01'),
 ('39', '144', '2581', 'Block Quote with Image', 'blockQuoteWithImage', NULL, NULL, '', '1', '12', '2017-09-05 22:35:00', '2017-09-14 20:28:17', '266e1210-04ba-4a52-9e06-b6bf5ad35431'),
 ('40', '144', '2580', 'Block Quote', 'blockQuote', NULL, NULL, '', '1', '11', '2017-09-05 22:35:00', '2017-09-14 20:28:17', '62b1694a-ccb7-40d7-b301-53ef3e915e77'),
 ('41', '144', '2582', 'Key Learnings', 'keyLearnings', NULL, NULL, '', '1', '14', '2017-09-05 23:44:34', '2017-09-14 20:28:17', 'e484dbd8-9fb6-4b8d-9a3e-ea7992ad690e'),
 ('43', '144', '2583', 'Metrics', 'metrics', NULL, NULL, '', '1', '15', '2017-09-06 00:05:53', '2017-09-14 20:28:17', 'fd108a1d-9ae8-41ad-94de-e3d11c8332b4'),
 ('48', '179', '2559', 'Text Block', 'textBlock', NULL, NULL, '', '1', '4', '2017-09-06 20:16:26', '2017-09-14 00:09:36', '58ac9ea8-875c-405e-836a-cbb5ae37bdda'),
 ('49', '179', '2561', 'Ad Product Block', 'adProductBlock', NULL, '2', '[\"image\",\"video\"]', '1', '6', '2017-09-06 20:16:26', '2017-09-14 00:09:36', '7912f6cf-fb16-4ea1-accf-1dcda60da29d'),
 ('50', '179', '2565', 'Video', 'video', NULL, NULL, '', '0', '13', '2017-09-06 20:16:26', '2017-09-14 00:09:36', '7c2975b2-38d9-45bc-99d6-fd95ab3dbc81'),
 ('51', '179', '2564', 'Image', 'image', NULL, NULL, '', '0', '12', '2017-09-06 20:16:26', '2017-09-14 00:09:36', 'add55751-6deb-401f-9c6e-01af37aba318'),
 ('52', '179', '2563', 'Downloads', 'downloads', NULL, NULL, '', '1', '10', '2017-09-06 20:16:26', '2017-09-14 00:09:36', 'a8b28f83-e73c-4261-877a-5f5780c5f60d'),
 ('53', '188', '2191', 'Nav Item', 'navItem', NULL, NULL, '', '1', '1', '2017-09-06 22:45:21', '2017-09-06 23:01:26', 'ade263a3-0a4c-4f26-827b-d4c1cd88aa3e'),
 ('55', '188', '2192', 'Nav Item with Subnav', 'navItemWithSubnav', NULL, NULL, '', '1', '2', '2017-09-06 22:58:08', '2017-09-06 23:01:26', '0e0be1c8-994b-4a5d-8e6f-c2b123b7ccbb'),
 ('56', '179', '2562', 'Metric Cards', 'metricCards', NULL, NULL, '', '1', '8', '2017-09-07 21:10:53', '2017-09-14 00:09:36', '9005c82f-fbff-4da5-a3f9-8a6b805f6f94'),
 ('57', '179', '2558', 'Lead-in Copy Block', 'leadInCopyBlock', NULL, NULL, '', '1', '3', '2017-09-12 23:13:52', '2017-09-14 00:09:36', '0b5191ea-cf5c-4b8f-8708-9a486181e1f2'),
 ('58', '179', '2557', 'Hero Image', 'heroImage', NULL, NULL, '', '1', '2', '2017-09-12 23:15:26', '2017-09-14 00:09:36', '56f08585-c49b-419f-8809-3fc62b145d36'),
 ('59', '144', '2575', 'Text List', 'textList', NULL, NULL, '', '1', '4', '2017-09-12 23:23:46', '2017-09-14 20:28:17', '7a5cb2e2-c933-4c94-8c77-9830f6ad245f'),
 ('60', '179', '2560', 'Text List', 'textList', NULL, NULL, '', '1', '5', '2017-09-12 23:29:01', '2017-09-14 00:09:36', '2fc4e147-3776-4276-8c46-9ea7bfb0d826'),
 ('61', '144', '2576', 'Hero Image', 'heroImage', NULL, NULL, '', '1', '6', '2017-09-13 22:18:40', '2017-09-14 20:28:17', '4629d0e4-f34a-45f2-a286-1c7a16c56a06'),
 ('62', '144', '2578', 'Multi Image', 'multiImage', NULL, NULL, '', '1', '8', '2017-09-13 22:33:06', '2017-09-14 20:28:17', '7eda1f7a-7ef8-46f0-89c0-a56297105344'),
 ('63', '144', '2579', 'Centered Video', 'centeredVideo', NULL, NULL, '', '1', '9', '2017-09-13 22:33:06', '2017-09-14 20:28:17', 'bcbca02e-9023-4151-ad6d-fb2634d46c9f');



DROP TABLE IF EXISTS `craft_neogroups`;


--
-- Schema for table `craft_neogroups`
--
CREATE TABLE `craft_neogroups` (
  `id` int(11) NOT NULL AUTO_INCREMENT,
  `fieldId` int(11) NOT NULL,
  `name` varchar(255) COLLATE utf8_unicode_ci DEFAULT NULL,
  `sortOrder` smallint(6) unsigned DEFAULT NULL,
  `dateCreated` datetime NOT NULL,
  `dateUpdated` datetime NOT NULL,
  `uid` char(36) COLLATE utf8_unicode_ci NOT NULL DEFAULT '0',
  PRIMARY KEY (`id`),
  KEY `craft_neogroups_fieldId_fk` (`fieldId`)
) ENGINE=InnoDB AUTO_INCREMENT=750 DEFAULT CHARSET=utf8 COLLATE=utf8_unicode_ci;

--
-- Data for table `craft_neogroups`
--

INSERT INTO `craft_neogroups` (`id`, `fieldId`, `name`, `sortOrder`, `dateCreated`, `dateUpdated`, `uid`) VALUES
 ('686', '3', 'Section', '1', '2017-09-13 17:14:20', '2017-09-13 17:14:20', '0ee1d0e5-f1fa-4d4b-9df5-574c96ce00d3'),
 ('687', '3', 'Element Grids', '3', '2017-09-13 17:14:20', '2017-09-13 17:14:20', 'add4866b-ceed-48d2-b886-4a93869650b8'),
 ('688', '3', 'Text / Images / Video', '7', '2017-09-13 17:14:20', '2017-09-13 17:14:20', '544c7519-9988-49e5-9223-a751ee1fabc5'),
 ('689', '3', 'Interactive', '15', '2017-09-13 17:14:20', '2017-09-13 17:14:20', 'e5a3e887-12ae-4398-bda6-2d5dd497dc50'),
 ('742', '179', 'Text & Images', '1', '2017-09-14 00:09:36', '2017-09-14 00:09:36', 'da315a6b-d6b8-44b8-b5d6-6df9418c042a'),
 ('743', '179', 'Metrics', '7', '2017-09-14 00:09:36', '2017-09-14 00:09:36', 'eeb3094c-9b23-46ab-8459-98d3cf3a512e'),
 ('744', '179', 'Downloads', '9', '2017-09-14 00:09:36', '2017-09-14 00:09:36', '971bbb92-3ca1-47b4-a82e-6aaf228a5cca'),
 ('745', '179', 'Ad Creative', '11', '2017-09-14 00:09:36', '2017-09-14 00:09:36', '2ebb97ec-3611-42c1-aab3-eb67580b2b9d'),
 ('746', '144', 'Text', '1', '2017-09-14 20:28:17', '2017-09-14 20:28:17', '32c0e844-8e86-4b7d-aabc-dd03aa60840b'),
 ('747', '144', 'Images & Video', '5', '2017-09-14 20:28:17', '2017-09-14 20:28:17', '9f4513d8-6785-4aa7-9255-b59f1fba9238'),
 ('748', '144', 'Block Quotes', '10', '2017-09-14 20:28:17', '2017-09-14 20:28:17', '1411104b-77c4-4b44-a755-bb3b2ffee48c'),
 ('749', '144', 'Cards', '13', '2017-09-14 20:28:17', '2017-09-14 20:28:17', 'd424ced5-8da5-4ca4-8e03-f82dbb667f7c');



DROP TABLE IF EXISTS `craft_plugins`;


--
-- Schema for table `craft_plugins`
--
CREATE TABLE `craft_plugins` (
  `id` int(11) NOT NULL AUTO_INCREMENT,
  `class` varchar(150) COLLATE utf8_unicode_ci NOT NULL,
  `version` varchar(15) COLLATE utf8_unicode_ci NOT NULL,
  `schemaVersion` varchar(15) COLLATE utf8_unicode_ci DEFAULT NULL,
  `licenseKey` char(24) COLLATE utf8_unicode_ci DEFAULT NULL,
  `licenseKeyStatus` enum('valid','invalid','mismatched','unknown') COLLATE utf8_unicode_ci NOT NULL DEFAULT 'unknown',
  `enabled` tinyint(1) unsigned NOT NULL DEFAULT '0',
  `settings` text COLLATE utf8_unicode_ci,
  `installDate` datetime NOT NULL,
  `dateCreated` datetime NOT NULL,
  `dateUpdated` datetime NOT NULL,
  `uid` char(36) COLLATE utf8_unicode_ci NOT NULL DEFAULT '0',
  PRIMARY KEY (`id`)
) ENGINE=InnoDB AUTO_INCREMENT=13 DEFAULT CHARSET=utf8 COLLATE=utf8_unicode_ci;

--
-- Data for table `craft_plugins`
--

INSERT INTO `craft_plugins` (`id`, `class`, `version`, `schemaVersion`, `licenseKey`, `licenseKeyStatus`, `enabled`, `settings`, `installDate`, `dateCreated`, `dateUpdated`, `uid`) VALUES
 ('1', 'Neo', '1.4.1', '1.4.1', NULL, 'unknown', '1', NULL, '2017-07-20 17:32:06', '2017-07-20 17:32:06', '2017-09-13 23:40:13', 'f62939cb-94c4-4a82-b8fc-b9cfd5785e9a'),
 ('2', 'FruitLinkIt', '2.3.4', '2.3.0', NULL, 'unknown', '1', NULL, '2017-07-20 17:36:24', '2017-07-20 17:36:24', '2017-09-13 23:40:13', 'f89571c1-b4a7-4b72-af95-ecadce627765'),
 ('3', 'ButtonBox', '1.3.2', NULL, NULL, 'unknown', '1', NULL, '2017-07-20 21:14:51', '2017-07-20 21:14:51', '2017-09-13 23:40:13', 'b57c5bbd-32fd-428d-ad00-720ffd4bff96'),
 ('4', 'redactorExtras', '1.3.2', NULL, NULL, 'unknown', '1', '{\"scriptButtons\":\"1\",\"counter\":\"\",\"alignment\":\"\",\"properties\":\"\",\"definedlinks\":\"\",\"limiter\":\"1\",\"extraPluginJs\":\"\",\"extraPluginCss\":\"\"}', '2017-07-21 21:26:12', '2017-07-21 21:26:12', '2017-09-13 23:40:13', 'c6964b37-2134-4c41-88b3-3937c98f423b'),
 ('5', 'Hue', '1.1.1', '0.0.0.0', NULL, 'unknown', '1', NULL, '2017-07-21 23:22:41', '2017-07-21 23:22:41', '2017-09-13 23:40:13', '5fcf4f47-fc06-4673-b966-3a6c4cbe9423'),
 ('6', 'ElementApi', '1.6.0', '1.0.0', NULL, 'unknown', '1', NULL, '2017-07-31 18:50:15', '2017-07-31 18:50:15', '2017-09-13 23:40:13', '69587eba-28d1-45ff-b4bc-7a7fa8f7fb2e'),
 ('7', 'SimpleApi', '1.0.0', NULL, NULL, 'unknown', '1', NULL, '2017-08-17 23:19:24', '2017-08-17 23:19:24', '2017-09-13 23:40:13', 'fffe3b07-74fb-443c-9210-059ae663ec5f'),
 ('8', 'CpCss', '1.1.1', '1.1.0', NULL, 'unknown', '1', NULL, '2017-08-23 22:58:12', '2017-08-23 22:58:12', '2017-09-13 23:40:13', '5a520aea-5367-4a92-ba12-cf78e800c40e'),
 ('9', 'CpJs', '1.1.0', '1.1.0', NULL, 'unknown', '1', NULL, '2017-08-23 22:58:13', '2017-08-23 22:58:13', '2017-09-13 23:40:13', '3d0bbd2f-e7e9-40ee-aeb4-6649218d5f5a'),
 ('10', 'ImagerPretransform', '1.0.3', '1.0.0', NULL, 'unknown', '1', NULL, '2017-09-12 20:27:10', '2017-09-12 20:27:10', '2017-09-14 17:12:35', 'bcb89058-019a-4249-ba39-1575f6511d17'),
 ('11', 'Imager', '1.6.3', '1.0.0', NULL, 'unknown', '1', NULL, '2017-09-12 20:27:13', '2017-09-12 20:27:13', '2017-09-13 23:40:13', 'ba74665b-4967-4270-8202-92f5d97af717'),
 ('12', 'AcclaroTranslations', '1.0.1', '1.0.0', NULL, 'unknown', '1', NULL, '2017-09-13 16:58:38', '2017-09-13 16:58:38', '2017-09-13 23:40:13', '57269247-c709-4d99-aff2-59558ca23e77');



DROP TABLE IF EXISTS `craft_rackspaceaccess`;


--
-- Schema for table `craft_rackspaceaccess`
--
CREATE TABLE `craft_rackspaceaccess` (
  `id` int(11) NOT NULL AUTO_INCREMENT,
  `connectionKey` varchar(255) COLLATE utf8_unicode_ci NOT NULL,
  `token` varchar(255) COLLATE utf8_unicode_ci NOT NULL,
  `storageUrl` varchar(255) COLLATE utf8_unicode_ci NOT NULL,
  `cdnUrl` varchar(255) COLLATE utf8_unicode_ci NOT NULL,
  `dateCreated` datetime NOT NULL,
  `dateUpdated` datetime NOT NULL,
  `uid` char(36) COLLATE utf8_unicode_ci NOT NULL DEFAULT '0',
  PRIMARY KEY (`id`),
  UNIQUE KEY `craft_rackspaceaccess_connectionKey_unq_idx` (`connectionKey`)
) ENGINE=InnoDB DEFAULT CHARSET=utf8 COLLATE=utf8_unicode_ci;

DROP TABLE IF EXISTS `craft_relations`;


--
-- Schema for table `craft_relations`
--
CREATE TABLE `craft_relations` (
  `id` int(11) NOT NULL AUTO_INCREMENT,
  `fieldId` int(11) NOT NULL,
  `sourceId` int(11) NOT NULL,
  `sourceLocale` char(12) COLLATE utf8_unicode_ci DEFAULT NULL,
  `targetId` int(11) NOT NULL,
  `sortOrder` smallint(6) DEFAULT NULL,
  `dateCreated` datetime NOT NULL,
  `dateUpdated` datetime NOT NULL,
  `uid` char(36) COLLATE utf8_unicode_ci NOT NULL DEFAULT '0',
  PRIMARY KEY (`id`),
  UNIQUE KEY `craft_relations_fieldId_sourceId_sourceLocale_targetId_unq_idx` (`fieldId`,`sourceId`,`sourceLocale`,`targetId`),
  KEY `craft_relations_sourceId_fk` (`sourceId`),
  KEY `craft_relations_sourceLocale_fk` (`sourceLocale`),
  KEY `craft_relations_targetId_fk` (`targetId`)
) ENGINE=InnoDB AUTO_INCREMENT=829 DEFAULT CHARSET=utf8 COLLATE=utf8_unicode_ci;

--
-- Data for table `craft_relations`
--

INSERT INTO `craft_relations` (`id`, `fieldId`, `sourceId`, `sourceLocale`, `targetId`, `sortOrder`, `dateCreated`, `dateUpdated`, `uid`) VALUES
 ('681', '147', '356', NULL, '252', '1', '2017-09-12 23:47:19', '2017-09-12 23:47:19', '66d3d02a-7152-4a32-8750-1e3776af8e2b'),
 ('682', '148', '356', NULL, '351', '1', '2017-09-12 23:47:19', '2017-09-12 23:47:19', 'b4c2825c-4e02-4d87-a624-85829b493a1f'),
 ('709', '68', '319', NULL, '460', '1', '2017-09-13 00:19:18', '2017-09-13 00:19:18', '4046266f-b6e5-4941-9dae-8987b771485e'),
 ('710', '68', '320', NULL, '461', '1', '2017-09-13 00:19:18', '2017-09-13 00:19:18', '15768f04-237b-4b61-a171-8ec17cc0e868'),
 ('711', '68', '321', NULL, '462', '1', '2017-09-13 00:19:18', '2017-09-13 00:19:18', '2f0b6b85-9563-47ae-b548-66e01584971e'),
 ('712', '118', '323', NULL, '463', '1', '2017-09-13 00:19:18', '2017-09-13 00:19:18', '0c77d8c0-a8c1-46f5-85d3-0d5ca51aa8d0'),
 ('713', '118', '324', NULL, '464', '1', '2017-09-13 00:19:18', '2017-09-13 00:19:18', 'd07dac3d-9c25-4f71-a74b-aa17cefacb7f'),
 ('714', '118', '325', NULL, '465', '1', '2017-09-13 00:19:18', '2017-09-13 00:19:18', 'e7c050e2-fac3-46d1-af69-a96aad68acb9'),
 ('715', '59', '327', NULL, '381', '1', '2017-09-13 00:19:19', '2017-09-13 00:19:19', 'c0cc6083-143d-416c-b6d0-e491508542ca'),
 ('716', '59', '328', NULL, '407', '1', '2017-09-13 00:19:19', '2017-09-13 00:19:19', 'b751053d-2e99-46e7-abb2-2e2b9067ea6a'),
 ('717', '59', '329', NULL, '402', '1', '2017-09-13 00:19:19', '2017-09-13 00:19:19', 'a8dd5632-6feb-4287-abe9-07a7517d236e'),
 ('718', '122', '427', NULL, '394', '1', '2017-09-13 00:19:19', '2017-09-13 00:19:19', '3e31b559-f54e-47cc-b4ab-df59ac4d2454'),
 ('719', '123', '427', NULL, '374', '1', '2017-09-13 00:19:19', '2017-09-13 00:19:19', 'c8237026-c755-4744-a116-edcef011374d'),
 ('720', '128', '434', NULL, '392', '1', '2017-09-13 00:19:19', '2017-09-13 00:19:19', 'dd1ed242-e0f3-4ee8-83c1-b1abab4e3df1'),
 ('805', '68', '470', NULL, '460', '1', '2017-09-14 18:41:30', '2017-09-14 18:41:30', '8f6eeffd-1b23-4ba4-af27-f3cdc84e7303'),
 ('806', '68', '471', NULL, '461', '1', '2017-09-14 18:41:30', '2017-09-14 18:41:30', '101c1062-0809-4856-9bbc-8dc53ce3e0c0'),
 ('807', '68', '472', NULL, '462', '1', '2017-09-14 18:41:30', '2017-09-14 18:41:30', 'bece7574-dff0-4ae4-9126-425fe4a69200'),
 ('808', '68', '473', NULL, '460', '1', '2017-09-14 18:41:30', '2017-09-14 18:41:30', 'ec365a1c-5576-41ae-a184-ec74bbcfdcab'),
 ('809', '81', '476', NULL, '386', '1', '2017-09-14 18:41:31', '2017-09-14 18:41:31', '6db5b682-f412-475e-aa30-c100ffba6294'),
 ('810', '235', '476', NULL, '387', '1', '2017-09-14 18:41:31', '2017-09-14 18:41:31', '364d3ab4-b813-48ed-9d7a-527e22b0eff1'),
 ('811', '133', '476', NULL, '477', '1', '2017-09-14 18:41:31', '2017-09-14 18:41:31', '2d9b8664-1a5c-4828-b88e-ec7dda3857c9'),
 ('812', '75', '476', NULL, '478', '1', '2017-09-14 18:41:31', '2017-09-14 18:41:31', 'f9d56ab3-f426-456e-a4c6-260fde439508'),
 ('813', '81', '485', NULL, '383', '1', '2017-09-14 18:41:31', '2017-09-14 18:41:31', '4bbb299c-5b6d-45c1-b77d-78ed3fbc9cd9'),
 ('814', '235', '485', NULL, '384', '1', '2017-09-14 18:41:31', '2017-09-14 18:41:31', 'c4588fb8-e413-4623-b9a1-4329448cce2c'),
 ('815', '133', '485', NULL, '479', '1', '2017-09-14 18:41:31', '2017-09-14 18:41:31', 'e74806bd-c46d-49aa-889a-790c8ced179e'),
 ('816', '75', '485', NULL, '480', '1', '2017-09-14 18:41:31', '2017-09-14 18:41:31', '8c8e80f9-15c2-451d-96ce-a8e657163518'),
 ('817', '81', '486', NULL, '390', '1', '2017-09-14 18:41:31', '2017-09-14 18:41:31', '81cd20b9-1d31-424e-898b-d99f47b9d802'),
 ('818', '235', '486', NULL, '391', '1', '2017-09-14 18:41:31', '2017-09-14 18:41:31', '8fb1db65-65ef-41fe-9a14-4e558ef59e74'),
 ('819', '133', '486', NULL, '481', '1', '2017-09-14 18:41:31', '2017-09-14 18:41:31', 'f9a0ad32-02fc-496b-8a1f-ee4f63e03903'),
 ('820', '75', '486', NULL, '482', '1', '2017-09-14 18:41:31', '2017-09-14 18:41:31', '546d4606-c74e-4a26-8669-3aef37654e48'),
 ('821', '8', '488', 'en_us', '483', '1', '2017-09-14 18:41:31', '2017-09-14 18:41:31', '39dbaf8d-8237-4947-8d35-f94504bd42b0'),
 ('822', '122', '491', NULL, '412', '1', '2017-09-14 18:41:31', '2017-09-14 18:41:31', 'b9f4d85a-0448-42fb-8805-e43248e81393'),
 ('823', '223', '491', NULL, '413', '1', '2017-09-14 18:41:31', '2017-09-14 18:41:31', 'e1945c72-c1b6-442d-a404-cf709fbcc4d4'),
 ('824', '124', '491', NULL, '484', '1', '2017-09-14 18:41:31', '2017-09-14 18:41:31', 'b6504ffd-d53a-42ff-88aa-d82303ed8e68'),
 ('827', '147', '348', NULL, '246', '1', '2017-09-14 18:44:46', '2017-09-14 18:44:46', '1127b29a-d2bf-43e5-a1de-ee6aa2f6b149'),
 ('828', '148', '348', NULL, '350', '1', '2017-09-14 18:44:46', '2017-09-14 18:44:46', '70af8950-e9c6-4e6b-8eb1-e7b6940eb192');



DROP TABLE IF EXISTS `craft_routes`;


--
-- Schema for table `craft_routes`
--
CREATE TABLE `craft_routes` (
  `id` int(11) NOT NULL AUTO_INCREMENT,
  `locale` char(12) COLLATE utf8_unicode_ci DEFAULT NULL,
  `urlParts` varchar(255) COLLATE utf8_unicode_ci NOT NULL,
  `urlPattern` varchar(255) COLLATE utf8_unicode_ci NOT NULL,
  `template` varchar(255) COLLATE utf8_unicode_ci NOT NULL,
  `sortOrder` smallint(6) unsigned DEFAULT NULL,
  `dateCreated` datetime NOT NULL,
  `dateUpdated` datetime NOT NULL,
  `uid` char(36) COLLATE utf8_unicode_ci NOT NULL DEFAULT '0',
  PRIMARY KEY (`id`),
  KEY `craft_routes_locale_idx` (`locale`),
  KEY `craft_routes_urlPattern_idx` (`urlPattern`)
) ENGINE=InnoDB DEFAULT CHARSET=utf8 COLLATE=utf8_unicode_ci;

DROP TABLE IF EXISTS `craft_searchindex`;


--
-- Schema for table `craft_searchindex`
--
CREATE TABLE `craft_searchindex` (
  `elementId` int(11) NOT NULL,
  `attribute` varchar(25) COLLATE utf8_unicode_ci NOT NULL,
  `fieldId` int(11) NOT NULL,
  `locale` char(12) COLLATE utf8_unicode_ci NOT NULL,
  `keywords` text COLLATE utf8_unicode_ci NOT NULL,
  PRIMARY KEY (`elementId`,`attribute`,`fieldId`,`locale`),
  FULLTEXT KEY `craft_searchindex_keywords_idx` (`keywords`)
) ENGINE=MyISAM DEFAULT CHARSET=utf8 COLLATE=utf8_unicode_ci;

--
-- Data for table `craft_searchindex`
--

INSERT INTO `craft_searchindex` (`elementId`, `attribute`, `fieldId`, `locale`, `keywords`) VALUES
 ('1', 'username', '0', 'en_us', ' admin '),
 ('1', 'firstname', '0', 'en_us', ' snapchat '),
 ('1', 'lastname', '0', 'en_us', ' admin '),
 ('1', 'fullname', '0', 'en_us', ' snapchat admin '),
 ('1', 'email', '0', 'en_us', ' mort instrument com '),
 ('1', 'slug', '0', 'en_us', ''),
 ('264', 'title', '0', 'de_de', ' blog '),
 ('264', 'slug', '0', 'de_de', ' blog '),
 ('264', 'slug', '0', 'en_us', ' blog '),
 ('264', 'title', '0', 'en_us', ' insights and news '),
 ('292', 'field', '196', 'en_us', ''),
 ('292', 'field', '197', 'en_us', ''),
 ('292', 'field', '198', 'en_us', ''),
 ('292', 'field', '197', 'de_de', ''),
 ('356', 'field', '149', 'en_us', ''),
 ('356', 'field', '147', 'en_us', ' financial services '),
 ('356', 'field', '148', 'en_us', ' north america canada '),
 ('356', 'field', '145', 'en_us', ''),
 ('356', 'field', '144', 'en_us', ''),
 ('356', 'field', '101', 'en_us', ''),
 ('356', 'field', '102', 'en_us', ''),
 ('356', 'field', '104', 'en_us', ''),
 ('356', 'field', '107', 'en_us', ' website '),
 ('348', 'field', '146', 'en_us', ' blue '),
 ('348', 'field', '149', 'en_us', ''),
 ('465', 'kind', '0', 'en_us', ' image '),
 ('465', 'slug', '0', 'en_us', ' liveramp 2x '),
 ('465', 'title', '0', 'en_us', ' liveramp 2x '),
 ('465', 'filename', '0', 'de_de', ' liveramp_2x png '),
 ('465', 'extension', '0', 'de_de', ' png '),
 ('465', 'kind', '0', 'de_de', ' image '),
 ('465', 'slug', '0', 'de_de', ' liveramp 2x '),
 ('465', 'title', '0', 'de_de', ' liveramp 2x '),
 ('223', 'field', '84', 'en_us', ' custom https www snap com en us snap inc _blank custom https www snapchat com snapchat _blank custom https www snap com en us jobs jobs _blank custom https www snap com en us news news _blank '),
 ('223', 'slug', '0', 'en_us', ''),
 ('223', 'field', '83', 'en_us', ' company '),
 ('224', 'slug', '0', 'en_us', ''),
 ('224', 'field', '85', 'en_us', ' custom https www snap com en us snap inc _blank '),
 ('464', 'kind', '0', 'en_us', ' image '),
 ('464', 'slug', '0', 'en_us', ' kochava 2x '),
 ('464', 'title', '0', 'en_us', ' kochava 2x '),
 ('464', 'filename', '0', 'de_de', ' kochava_2x png '),
 ('464', 'extension', '0', 'de_de', ' png '),
 ('34', 'field', '23', 'en_us', ' overview '),
 ('34', 'field', '20', 'en_us', ' gray '),
 ('34', 'slug', '0', 'en_us', ''),
 ('35', 'field', '10', 'en_us', ' successful ads drive your business forward '),
 ('35', 'slug', '0', 'en_us', ''),
 ('36', 'field', '8', 'en_us', ' snap ad reporting 1x '),
 ('36', 'field', '9', 'en_us', ' left '),
 ('36', 'field', '10', 'en_us', ' snap ad reporting '),
 ('36', 'field', '11', 'en_us', ' monitor your campaigns in real time identify key performance trends and optimize towards your goals '),
 ('36', 'slug', '0', 'en_us', ''),
 ('39', 'field', '23', 'en_us', ' filter reporting '),
 ('39', 'field', '20', 'en_us', ' white '),
 ('39', 'slug', '0', 'en_us', ''),
 ('40', 'field', '8', 'en_us', ' filter reporting 2x '),
 ('40', 'field', '9', 'en_us', ' right '),
 ('40', 'field', '10', 'en_us', ' filter reporting '),
 ('40', 'field', '11', 'en_us', ' track filter performance and optimize your campaign by location '),
 ('40', 'slug', '0', 'en_us', ''),
 ('42', 'field', '23', 'en_us', ' measurement philosophy '),
 ('42', 'field', '20', 'en_us', ' gray '),
 ('42', 'slug', '0', 'en_us', ''),
 ('43', 'field', '10', 'en_us', ' know exactly how your ads perform '),
 ('43', 'slug', '0', 'en_us', ''),
 ('44', 'field', '24', 'en_us', ''),
 ('44', 'slug', '0', 'en_us', ''),
 ('363', 'field', '103', 'en_us', ''),
 ('363', 'field', '106', 'en_us', ''),
 ('363', 'field', '105', 'en_us', ''),
 ('363', 'field', '107', 'de_de', ' website '),
 ('264', 'field', '138', 'en_us', ' industry '),
 ('264', 'field', '156', 'en_us', ' region '),
 ('264', 'field', '156', 'de_de', ' region '),
 ('348', 'field', '89', 'en_us', ''),
 ('63', 'field', '23', 'en_us', ' snap to store '),
 ('63', 'field', '20', 'en_us', ' white '),
 ('63', 'slug', '0', 'en_us', ''),
 ('64', 'slug', '0', 'en_us', ''),
 ('363', 'field', '107', 'en_us', ' website '),
 ('363', 'field', '102', 'en_us', ''),
 ('363', 'field', '104', 'en_us', ''),
 ('69', 'field', '8', 'en_us', ' snap to store chillahs 2x '),
 ('69', 'field', '28', 'en_us', ' wide '),
 ('69', 'slug', '0', 'en_us', ''),
 ('363', 'field', '101', 'en_us', ''),
 ('363', 'field', '198', 'en_us', ''),
 ('71', 'field', '23', 'en_us', ' third party partners '),
 ('71', 'field', '20', 'en_us', ' gray '),
 ('71', 'slug', '0', 'en_us', ''),
 ('72', 'slug', '0', 'en_us', ''),
 ('291', 'field', '155', 'en_us', ' measurement '),
 ('363', 'field', '197', 'en_us', ''),
 ('363', 'field', '196', 'en_us', ''),
 ('362', 'field', '107', 'de_de', ' website '),
 ('362', 'field', '106', 'en_us', ''),
 ('362', 'field', '197', 'de_de', ''),
 ('362', 'field', '105', 'en_us', ''),
 ('362', 'field', '107', 'en_us', ' website ');
INSERT INTO `craft_searchindex` (`elementId`, `attribute`, `fieldId`, `locale`, `keywords`) VALUES
 ('362', 'field', '103', 'en_us', ''),
 ('363', 'field', '156', 'de_de', ' region '),
 ('363', 'field', '197', 'de_de', ''),
 ('363', 'field', '15', 'en_us', ' blue '),
 ('363', 'field', '10', 'en_us', ' see how others grew their businesses with snapchat '),
 ('363', 'field', '136', 'en_us', ' ad product '),
 ('363', 'field', '137', 'en_us', ' objetive '),
 ('363', 'field', '138', 'en_us', ' industry '),
 ('363', 'field', '156', 'en_us', ' region '),
 ('363', 'field', '89', 'en_us', ''),
 ('363', 'field', '15', 'de_de', ' blue '),
 ('91', 'field', '45', 'en_us', ' millwardbrown 2x nielsen 2x sizmek 2x innovid 2x liveramp 2x kochava 2x adjust 2x tune 2x appsflyer 2x oracle 2x doubleclick 2x moat 2x neustar 2x singular 2x placed 2x '),
 ('91', 'slug', '0', 'en_us', ''),
 ('478', 'slug', '0', 'de_de', ' measurement reach '),
 ('478', 'title', '0', 'de_de', ' measurement reach '),
 ('479', 'filename', '0', 'en_us', ' bumble_geofilter_2x jpg '),
 ('479', 'extension', '0', 'en_us', ' jpg '),
 ('98', 'field', '155', 'en_us', ' ad products '),
 ('98', 'field', '7', 'en_us', ' ad products '),
 ('98', 'field', '15', 'en_us', ' blue '),
 ('98', 'field', '16', 'en_us', ' 1 '),
 ('98', 'field', '3', 'en_us', ''),
 ('98', 'field', '196', 'en_us', ''),
 ('98', 'field', '197', 'en_us', ''),
 ('98', 'field', '198', 'en_us', ''),
 ('98', 'field', '197', 'de_de', ''),
 ('98', 'slug', '0', 'en_us', ' solutions '),
 ('98', 'title', '0', 'en_us', ' ad products '),
 ('491', 'slug', '0', 'en_us', ''),
 ('362', 'field', '102', 'en_us', ''),
 ('491', 'field', '142', 'en_us', ' 0 '),
 ('491', 'field', '132', 'en_us', ' 1 '),
 ('491', 'field', '143', 'en_us', ' 0 '),
 ('491', 'field', '224', 'en_us', ''),
 ('491', 'field', '125', 'en_us', ''),
 ('491', 'field', '123', 'en_us', ''),
 ('491', 'field', '124', 'en_us', ' everything you need to know final1x '),
 ('491', 'field', '223', 'en_us', ' snapchat '),
 ('491', 'field', '122', 'en_us', ' snapchat '),
 ('490', 'slug', '0', 'en_us', ''),
 ('490', 'field', '71', 'en_us', ''),
 ('490', 'field', '18', 'en_us', ''),
 ('490', 'field', '10', 'en_us', ' snapchat is '),
 ('489', 'slug', '0', 'en_us', ''),
 ('489', 'field', '20', 'en_us', ' white '),
 ('488', 'slug', '0', 'en_us', ''),
 ('489', 'field', '23', 'en_us', ' video '),
 ('488', 'field', '215', 'en_us', ''),
 ('488', 'field', '213', 'en_us', ' entry 98 learn more '),
 ('488', 'field', '11', 'en_us', ' create manage and measure your campaigns at work or on the go '),
 ('488', 'field', '10', 'en_us', ' ad tools '),
 ('488', 'field', '9', 'en_us', ' left '),
 ('488', 'field', '8', 'en_us', ' ad manager 2x '),
 ('487', 'slug', '0', 'en_us', ''),
 ('487', 'field', '20', 'en_us', ' gray '),
 ('487', 'field', '23', 'en_us', ' ad tools '),
 ('486', 'slug', '0', 'en_us', ''),
 ('486', 'field', '117', 'en_us', ''),
 ('486', 'field', '116', 'en_us', ' entry 98 explore solutions '),
 ('486', 'field', '235', 'en_us', ' gametime '),
 ('486', 'field', '133', 'en_us', ' homepage gametime '),
 ('486', 'field', '75', 'en_us', ' drive action '),
 ('486', 'field', '76', 'en_us', ' drive action '),
 ('486', 'field', '130', 'en_us', ' drive action '),
 ('486', 'field', '77', 'en_us', ' make an impact instantly with ads that are fun to interact with '),
 ('202', 'field', '8', 'en_us', ''),
 ('202', 'field', '10', 'en_us', ' heeeeadline '),
 ('202', 'field', '18', 'en_us', ' suuuuubhead '),
 ('202', 'field', '12', 'en_us', ' entry 2 '),
 ('195', 'field', '62', 'en_us', ' test1 '),
 ('195', 'slug', '0', 'en_us', ''),
 ('190', 'field', '24', 'en_us', ''),
 ('190', 'slug', '0', 'en_us', ''),
 ('191', 'field', '59', 'en_us', ''),
 ('191', 'field', '60', 'en_us', ' snap ads gatorade phone screen 2x '),
 ('226', 'slug', '0', 'en_us', ''),
 ('225', 'field', '85', 'en_us', ' custom https www snapchat com snapchat _blank '),
 ('291', 'field', '196', 'en_us', ''),
 ('291', 'field', '197', 'en_us', ''),
 ('291', 'field', '198', 'en_us', ''),
 ('291', 'field', '197', 'de_de', ''),
 ('191', 'field', '61', 'en_us', ' headline john '),
 ('191', 'field', '62', 'en_us', ' subhead jogn '),
 ('191', 'slug', '0', 'en_us', ''),
 ('202', 'slug', '0', 'en_us', ''),
 ('202', 'field', '63', 'en_us', ' great job guys you reeeeeeally did it '),
 ('195', 'field', '61', 'en_us', ' test1 '),
 ('194', 'field', '58', 'en_us', ' test1 postmates drive action 2x test1 '),
 ('194', 'field', '24', 'en_us', ''),
 ('194', 'slug', '0', 'en_us', ''),
 ('195', 'field', '59', 'en_us', ''),
 ('195', 'field', '60', 'en_us', ' postmates drive action 2x '),
 ('485', 'field', '81', 'en_us', ' bumble v2 '),
 ('485', 'slug', '0', 'en_us', ''),
 ('486', 'field', '81', 'en_us', ' gametime '),
 ('485', 'field', '117', 'en_us', ''),
 ('485', 'field', '116', 'en_us', ' entry 98 explore solutions '),
 ('485', 'field', '77', 'en_us', ' inspire our engaged audience to lean in and learn more seamlessly '),
 ('485', 'field', '130', 'en_us', ' increase consideration '),
 ('485', 'field', '76', 'en_us', ' increase consideration ');
INSERT INTO `craft_searchindex` (`elementId`, `attribute`, `fieldId`, `locale`, `keywords`) VALUES
 ('485', 'field', '133', 'en_us', ' bumble geo filter 2x '),
 ('485', 'field', '75', 'en_us', ' increase consideration '),
 ('485', 'field', '235', 'en_us', ' bumble v2 '),
 ('484', 'title', '0', 'de_de', ' everything you need to know final1x '),
 ('484', 'slug', '0', 'de_de', ' everything you need to know final1x '),
 ('484', 'kind', '0', 'de_de', ' image '),
 ('484', 'extension', '0', 'de_de', ' jpg '),
 ('484', 'filename', '0', 'de_de', ' everythingyouneedtoknow_final1x jpg '),
 ('484', 'title', '0', 'en_us', ' everything you need to know final1x '),
 ('484', 'slug', '0', 'en_us', ' everything you need to know final1x '),
 ('484', 'kind', '0', 'en_us', ' image '),
 ('484', 'extension', '0', 'en_us', ' jpg '),
 ('484', 'filename', '0', 'en_us', ' everythingyouneedtoknow_final1x jpg '),
 ('483', 'slug', '0', 'de_de', ' ad manager 2x '),
 ('483', 'title', '0', 'de_de', ' ad manager 2x '),
 ('483', 'kind', '0', 'de_de', ' image '),
 ('483', 'extension', '0', 'de_de', ' png '),
 ('483', 'filename', '0', 'de_de', ' ad_manager_2x png '),
 ('483', 'slug', '0', 'en_us', ' ad manager 2x '),
 ('483', 'title', '0', 'en_us', ' ad manager 2x '),
 ('483', 'kind', '0', 'en_us', ' image '),
 ('483', 'extension', '0', 'en_us', ' png '),
 ('483', 'filename', '0', 'en_us', ' ad_manager_2x png '),
 ('482', 'title', '0', 'de_de', ' drive action '),
 ('482', 'slug', '0', 'de_de', ' drive action '),
 ('482', 'kind', '0', 'de_de', ' image '),
 ('482', 'extension', '0', 'de_de', ' svg '),
 ('482', 'filename', '0', 'de_de', ' drive action svg '),
 ('482', 'title', '0', 'en_us', ' drive action '),
 ('482', 'slug', '0', 'en_us', ' drive action '),
 ('482', 'kind', '0', 'en_us', ' image '),
 ('482', 'extension', '0', 'en_us', ' svg '),
 ('482', 'filename', '0', 'en_us', ' drive action svg '),
 ('481', 'title', '0', 'de_de', ' homepage gametime '),
 ('481', 'slug', '0', 'de_de', ' homepage gametime '),
 ('481', 'extension', '0', 'de_de', ' png '),
 ('481', 'kind', '0', 'de_de', ' image '),
 ('481', 'filename', '0', 'de_de', ' homepage gametime png '),
 ('481', 'slug', '0', 'en_us', ' homepage gametime '),
 ('481', 'title', '0', 'en_us', ' homepage gametime '),
 ('481', 'kind', '0', 'en_us', ' image '),
 ('481', 'extension', '0', 'en_us', ' png '),
 ('481', 'filename', '0', 'en_us', ' homepage gametime png '),
 ('480', 'title', '0', 'de_de', ' increase consideration '),
 ('480', 'slug', '0', 'de_de', ' increase consideration '),
 ('480', 'extension', '0', 'de_de', ' svg '),
 ('480', 'kind', '0', 'de_de', ' image '),
 ('480', 'filename', '0', 'de_de', ' increase consideration svg '),
 ('480', 'slug', '0', 'en_us', ' increase consideration '),
 ('480', 'title', '0', 'en_us', ' increase consideration '),
 ('480', 'kind', '0', 'en_us', ' image '),
 ('480', 'extension', '0', 'en_us', ' svg '),
 ('480', 'filename', '0', 'en_us', ' increase consideration svg '),
 ('479', 'title', '0', 'de_de', ' bumble geo filter 2x '),
 ('479', 'slug', '0', 'de_de', ' bumble geo filter 2x '),
 ('479', 'kind', '0', 'de_de', ' image '),
 ('479', 'extension', '0', 'de_de', ' jpg '),
 ('479', 'filename', '0', 'de_de', ' bumble_geofilter_2x jpg '),
 ('479', 'kind', '0', 'en_us', ' image '),
 ('479', 'slug', '0', 'en_us', ' bumble geo filter 2x '),
 ('479', 'title', '0', 'en_us', ' bumble geo filter 2x '),
 ('292', 'field', '155', 'en_us', ' get started '),
 ('225', 'slug', '0', 'en_us', ''),
 ('226', 'field', '85', 'en_us', ' custom https www snap com en us jobs jobs _blank '),
 ('478', 'filename', '0', 'de_de', ' measurement reach svg '),
 ('478', 'extension', '0', 'de_de', ' svg '),
 ('478', 'kind', '0', 'de_de', ' image '),
 ('183', 'slug', '0', 'en_us', ''),
 ('183', 'field', '20', 'en_us', ' gray '),
 ('190', 'field', '58', 'en_us', ' headline john snap ads gatorade phone screen 2x subhead jogn '),
 ('183', 'field', '23', 'en_us', ' overview '),
 ('290', 'field', '197', 'de_de', ''),
 ('227', 'field', '85', 'en_us', ' custom https www snap com en us news news _blank '),
 ('227', 'slug', '0', 'en_us', ''),
 ('228', 'field', '83', 'en_us', ' community '),
 ('228', 'field', '84', 'en_us', ' custom https support snapchat com support _blank custom https support snapchat com en us a guidelines community guidelines _blank custom https www snapchat com safety safety center _blank '),
 ('228', 'slug', '0', 'en_us', ''),
 ('229', 'field', '85', 'en_us', ' custom https support snapchat com support _blank '),
 ('229', 'slug', '0', 'en_us', ''),
 ('230', 'field', '85', 'en_us', ' custom https support snapchat com en us a guidelines community guidelines _blank '),
 ('230', 'slug', '0', 'en_us', ''),
 ('231', 'field', '85', 'en_us', ' custom https www snapchat com safety safety center _blank '),
 ('231', 'slug', '0', 'en_us', ''),
 ('232', 'field', '83', 'en_us', ' advertising '),
 ('232', 'field', '84', 'en_us', ' custom https ads snapchat com getstarted buy ads _blank custom https www snap com en us ad policies advertising policies _blank custom https www snap com en us brand guidelines brand guidelines _blank custom https support snapchat com en us a promotions rules pormotions rules _blank '),
 ('232', 'slug', '0', 'en_us', ''),
 ('233', 'field', '85', 'en_us', ' custom https ads snapchat com getstarted buy ads _blank '),
 ('233', 'slug', '0', 'en_us', ''),
 ('234', 'field', '85', 'en_us', ' custom https www snap com en us ad policies advertising policies _blank '),
 ('234', 'slug', '0', 'en_us', ''),
 ('235', 'field', '85', 'en_us', ' custom https www snap com en us brand guidelines brand guidelines _blank '),
 ('235', 'slug', '0', 'en_us', ''),
 ('236', 'field', '85', 'en_us', ' custom https support snapchat com en us a promotions rules pormotions rules _blank '),
 ('236', 'slug', '0', 'en_us', ''),
 ('237', 'field', '83', 'en_us', ' legal '),
 ('237', 'field', '84', 'en_us', ' custom https www snap com en us privacy privacy center privacy center _blank custom https www snap com en us cookie policy cookie policy _blank custom https support snapchat com en us co report copyright copyright _blank custom https www snap com en us terms on demand geofilters on demand geofilter terms and conditions _blank custom https www snapchat com geofilters terms html community filter terms and conditions _blank '),
 ('237', 'slug', '0', 'en_us', ''),
 ('238', 'field', '85', 'en_us', ' custom https www snap com en us privacy privacy center privacy center _blank '),
 ('238', 'slug', '0', 'en_us', ''),
 ('239', 'field', '85', 'en_us', ' custom https www snap com en us cookie policy cookie policy _blank ');
INSERT INTO `craft_searchindex` (`elementId`, `attribute`, `fieldId`, `locale`, `keywords`) VALUES
 ('239', 'slug', '0', 'en_us', ''),
 ('240', 'field', '85', 'en_us', ' custom https support snapchat com en us co report copyright copyright _blank '),
 ('240', 'slug', '0', 'en_us', ''),
 ('241', 'field', '85', 'en_us', ' custom https www snap com en us terms on demand geofilters on demand geofilter terms and conditions _blank '),
 ('241', 'slug', '0', 'en_us', ''),
 ('242', 'field', '85', 'en_us', ' custom https www snapchat com geofilters terms html community filter terms and conditions _blank '),
 ('242', 'slug', '0', 'en_us', ''),
 ('98', 'field', '7', 'de_de', ' ad products '),
 ('98', 'field', '15', 'de_de', ' blue '),
 ('98', 'field', '16', 'de_de', ' 1 '),
 ('98', 'field', '3', 'de_de', ''),
 ('243', 'slug', '0', 'en_us', ' awareness '),
 ('243', 'title', '0', 'en_us', ' awareness '),
 ('243', 'slug', '0', 'de_de', ' awareness '),
 ('243', 'title', '0', 'de_de', ' awareness '),
 ('244', 'slug', '0', 'en_us', ' consideration '),
 ('244', 'title', '0', 'en_us', ' consideration '),
 ('244', 'slug', '0', 'de_de', ' consideration '),
 ('244', 'title', '0', 'de_de', ' consideration '),
 ('245', 'slug', '0', 'en_us', ' action '),
 ('245', 'title', '0', 'en_us', ' action '),
 ('245', 'slug', '0', 'de_de', ' action '),
 ('245', 'title', '0', 'de_de', ' action '),
 ('246', 'slug', '0', 'en_us', ' consumer goods '),
 ('246', 'title', '0', 'en_us', ' consumer goods '),
 ('246', 'slug', '0', 'de_de', ' consumer goods '),
 ('246', 'title', '0', 'de_de', ' consumer goods '),
 ('247', 'slug', '0', 'en_us', ' restaurants '),
 ('247', 'title', '0', 'en_us', ' restaurants '),
 ('247', 'slug', '0', 'de_de', ' restaurants '),
 ('247', 'title', '0', 'de_de', ' restaurants '),
 ('248', 'slug', '0', 'en_us', ' retail '),
 ('248', 'title', '0', 'en_us', ' retail '),
 ('248', 'slug', '0', 'de_de', ' retail '),
 ('248', 'title', '0', 'de_de', ' retail '),
 ('249', 'slug', '0', 'en_us', ' technology '),
 ('249', 'title', '0', 'en_us', ' technology '),
 ('249', 'slug', '0', 'de_de', ' technology '),
 ('249', 'title', '0', 'de_de', ' technology '),
 ('250', 'slug', '0', 'en_us', ' telecom '),
 ('250', 'title', '0', 'en_us', ' telecom '),
 ('250', 'slug', '0', 'de_de', ' telecom '),
 ('250', 'title', '0', 'de_de', ' telecom '),
 ('251', 'slug', '0', 'en_us', ' travel '),
 ('251', 'title', '0', 'en_us', ' travel '),
 ('251', 'slug', '0', 'de_de', ' travel '),
 ('251', 'title', '0', 'de_de', ' travel '),
 ('252', 'slug', '0', 'en_us', ' financial services '),
 ('252', 'title', '0', 'en_us', ' financial services '),
 ('252', 'slug', '0', 'de_de', ' financial services '),
 ('252', 'title', '0', 'de_de', ' financial services '),
 ('253', 'slug', '0', 'en_us', ' media entertainment '),
 ('253', 'title', '0', 'en_us', ' media entertainment '),
 ('253', 'slug', '0', 'de_de', ' media entertainment '),
 ('253', 'title', '0', 'de_de', ' media entertainment '),
 ('254', 'slug', '0', 'en_us', ' gaming '),
 ('254', 'title', '0', 'en_us', ' gaming '),
 ('254', 'slug', '0', 'de_de', ' gaming '),
 ('254', 'title', '0', 'de_de', ' gaming '),
 ('255', 'slug', '0', 'en_us', ' other '),
 ('255', 'title', '0', 'en_us', ' other '),
 ('255', 'slug', '0', 'de_de', ' other '),
 ('255', 'title', '0', 'de_de', ' other '),
 ('256', 'slug', '0', 'en_us', ' snap ads '),
 ('256', 'title', '0', 'en_us', ' snap ads '),
 ('256', 'slug', '0', 'de_de', ' snap ads '),
 ('256', 'title', '0', 'de_de', ' snap ads '),
 ('257', 'slug', '0', 'en_us', ' filters '),
 ('257', 'title', '0', 'en_us', ' filters '),
 ('257', 'slug', '0', 'de_de', ' filters '),
 ('257', 'title', '0', 'de_de', ' filters '),
 ('258', 'slug', '0', 'en_us', ' lenses '),
 ('258', 'title', '0', 'en_us', ' lenses '),
 ('258', 'slug', '0', 'de_de', ' lenses '),
 ('258', 'title', '0', 'de_de', ' lenses '),
 ('465', 'filename', '0', 'en_us', ' liveramp_2x png '),
 ('465', 'extension', '0', 'en_us', ' png '),
 ('262', 'field', '188', 'en_us', ''),
 ('444', 'slug', '0', 'en_us', ' inspiration '),
 ('444', 'title', '0', 'en_us', ' inspiration '),
 ('444', 'slug', '0', 'de_de', ' inspiration '),
 ('444', 'title', '0', 'de_de', ' inspiration '),
 ('460', 'filename', '0', 'de_de', ' homepage 1 1 png '),
 ('460', 'extension', '0', 'de_de', ' png '),
 ('460', 'kind', '0', 'de_de', ' image '),
 ('460', 'slug', '0', 'de_de', ' homepage 1 1 '),
 ('460', 'title', '0', 'de_de', ' homepage 1 1 '),
 ('98', 'field', '101', 'en_us', ''),
 ('98', 'field', '102', 'en_us', ''),
 ('98', 'field', '104', 'en_us', ''),
 ('98', 'field', '107', 'en_us', ' website '),
 ('98', 'field', '103', 'en_us', ''),
 ('98', 'field', '105', 'en_us', ''),
 ('98', 'field', '106', 'en_us', ''),
 ('98', 'field', '107', 'de_de', ' website '),
 ('461', 'filename', '0', 'en_us', ' homepage 1 2 png '),
 ('461', 'extension', '0', 'en_us', ' png '),
 ('461', 'kind', '0', 'en_us', ' image '),
 ('461', 'slug', '0', 'en_us', ' homepage 1 2 '),
 ('461', 'title', '0', 'en_us', ' homepage 1 2 ');
INSERT INTO `craft_searchindex` (`elementId`, `attribute`, `fieldId`, `locale`, `keywords`) VALUES
 ('461', 'filename', '0', 'de_de', ' homepage 1 2 png '),
 ('461', 'extension', '0', 'de_de', ' png '),
 ('461', 'kind', '0', 'de_de', ' image '),
 ('461', 'slug', '0', 'de_de', ' homepage 1 2 '),
 ('461', 'title', '0', 'de_de', ' homepage 1 2 '),
 ('462', 'filename', '0', 'en_us', ' homepage 1 3 png '),
 ('267', 'slug', '0', 'de_de', ' announcements '),
 ('267', 'slug', '0', 'en_us', ' announcements '),
 ('264', 'field', '10', 'en_us', ' the latest industry research insights and news from snapchat '),
 ('356', 'field', '103', 'en_us', ''),
 ('356', 'field', '105', 'en_us', ''),
 ('356', 'field', '106', 'en_us', ''),
 ('356', 'slug', '0', 'en_us', ' news entry '),
 ('356', 'title', '0', 'en_us', ' news entry '),
 ('356', 'field', '149', 'de_de', ''),
 ('356', 'field', '147', 'de_de', ' financial services '),
 ('356', 'field', '148', 'de_de', ' north america canada '),
 ('356', 'field', '145', 'de_de', ''),
 ('462', 'kind', '0', 'en_us', ' image '),
 ('262', 'field', '34', 'en_us', ' entry 98 ad products entry 290 audiences entry 291 entry 264 blog '),
 ('262', 'field', '36', 'en_us', ' custom https businesshelp snapchat com support _blank custom https developers snapchat com ads partners partners custom https accounts snapchat com log in '),
 ('445', 'field', '34', 'en_us', ' entry 98 ad products '),
 ('262', 'slug', '0', 'en_us', ''),
 ('262', 'slug', '0', 'de_de', ''),
 ('263', 'field', '82', 'en_us', ' normal primary left custom https www snap com snap inc _blank custom https www snapchat com snapchat _blank custom https www snap com jobs jobs _blank custom https www snap com news news _blank company website gray 0 blue 0 0 normal primary left custom https support snapchat com support _blank custom https support snapchat com community guidelines _blank custom https www snapchat com safety safety center _blank community website gray 0 blue 0 0 normal primary left custom https ads snapchat com getstarted buy ads _blank custom https www snap com en us ad policies advertising policies _blank custom https www snap com en us brand guidelines brand guidelines _blank custom https support snapchat com en us a promotions rules promotions rules _blank advertising website gray 0 blue 0 0 normal primary left custom https www snap com en us privacy privacy center privacy center _blank custom https www snap com en us cookie policy cookie policy _blank custom https support snapchat com en us co report copyright copyright _blank custom https www snap com en us terms on demand geofilters on demand geofilter terms and conditions _blank custom https www snapchat com geofilters terms html community filter terms and conditions _blank legal website gray 0 blue 0 0 '),
 ('263', 'slug', '0', 'en_us', ''),
 ('263', 'slug', '0', 'de_de', ''),
 ('267', 'title', '0', 'en_us', ' announcements '),
 ('266', 'slug', '0', 'en_us', ' insights '),
 ('266', 'title', '0', 'en_us', ' insights '),
 ('266', 'slug', '0', 'de_de', ' insights '),
 ('266', 'title', '0', 'de_de', ' insights '),
 ('267', 'title', '0', 'de_de', ' announcements '),
 ('268', 'field', '35', 'en_us', ' entry 98 ad products '),
 ('268', 'slug', '0', 'en_us', ''),
 ('269', 'field', '35', 'en_us', ' entry 264 blog '),
 ('269', 'slug', '0', 'en_us', ''),
 ('270', 'slug', '0', 'en_us', ' home '),
 ('270', 'title', '0', 'en_us', ' home '),
 ('270', 'slug', '0', 'de_de', ' home '),
 ('270', 'title', '0', 'de_de', ' home '),
 ('272', 'field', '93', 'en_us', ' fffc00 '),
 ('263', 'field', '96', 'en_us', ' custom https business snapchat com log in to ad manager _blank already have an account '),
 ('263', 'field', '92', 'en_us', ' fffc00 custom snapchat com get started it s easy to create and manage campaigns on snapchat '),
 ('263', 'field', '99', 'en_us', ' custom https www snap com en us privacy privacy policy privacy policy _blank custom https www snap com en us terms terms of service _blank '),
 ('272', 'field', '94', 'en_us', ' it s easy to create and manage campaigns on snapchat '),
 ('272', 'field', '95', 'en_us', ' custom snapchat com get started '),
 ('272', 'slug', '0', 'en_us', ''),
 ('273', 'field', '97', 'en_us', ' already have an account '),
 ('273', 'field', '98', 'en_us', ' custom https business snapchat com log in to ad manager _blank '),
 ('273', 'slug', '0', 'en_us', ''),
 ('274', 'field', '83', 'en_us', ' company '),
 ('274', 'field', '84', 'en_us', ' custom https www snap com snap inc _blank custom https www snapchat com snapchat _blank custom https www snap com jobs jobs _blank custom https www snap com news news _blank '),
 ('274', 'slug', '0', 'en_us', ''),
 ('275', 'field', '100', 'en_us', ' custom https www snap com en us privacy privacy policy privacy policy _blank '),
 ('275', 'slug', '0', 'en_us', ''),
 ('276', 'field', '100', 'en_us', ' custom https www snap com en us terms terms of service _blank '),
 ('276', 'slug', '0', 'en_us', ''),
 ('262', 'field', '108', 'en_us', ' entry 292 get started '),
 ('277', 'field', '85', 'en_us', ' custom https www snap com snap inc _blank '),
 ('277', 'slug', '0', 'en_us', ''),
 ('278', 'field', '85', 'en_us', ' custom https www snapchat com snapchat _blank '),
 ('278', 'slug', '0', 'en_us', ''),
 ('279', 'field', '85', 'en_us', ' custom https www snap com jobs jobs _blank '),
 ('279', 'slug', '0', 'en_us', ''),
 ('280', 'field', '85', 'en_us', ' custom https www snap com news news _blank '),
 ('280', 'slug', '0', 'en_us', ''),
 ('287', 'field', '8', 'en_us', ' 404 chillah '),
 ('282', 'field', '37', 'en_us', ' custom https businesshelp snapchat com support _blank '),
 ('282', 'slug', '0', 'en_us', ''),
 ('283', 'field', '109', 'en_us', ' hi we use cookies on this website to help operate our site and for analytics purposes for more on how we use cookies and your cookie choices go here by continuing to use our services you are giving us your consent to use cookies '),
 ('283', 'field', '99', 'en_us', ' custom https www snap com en us privacy privacy policy privacy policy _blank custom https www snap com en us terms terms of service _blank '),
 ('283', 'slug', '0', 'en_us', ''),
 ('283', 'slug', '0', 'de_de', ''),
 ('283', 'field', '109', 'de_de', ' hi we use cookies on this website to help operate our site and for analytics purposes for more on how we use cookies and your cookie choices go here by continuing to use our services you are giving us your consent to use cookies '),
 ('284', 'field', '100', 'en_us', ' custom https www snap com en us privacy privacy policy privacy policy _blank '),
 ('284', 'slug', '0', 'en_us', ''),
 ('285', 'field', '100', 'en_us', ' custom https www snap com en us terms terms of service _blank '),
 ('285', 'slug', '0', 'en_us', ''),
 ('287', 'field', '18', 'en_us', ' it appears the page you were looking for doesn t exist '),
 ('287', 'field', '10', 'en_us', ' oh snap '),
 ('287', 'field', '12', 'en_us', ''),
 ('287', 'slug', '0', 'en_us', ''),
 ('287', 'slug', '0', 'de_de', ''),
 ('287', 'field', '111', 'en_us', ' return to previous page '),
 ('478', 'title', '0', 'en_us', ' measurement reach '),
 ('478', 'kind', '0', 'en_us', ' image '),
 ('477', 'title', '0', 'de_de', ' homepage burberry '),
 ('478', 'filename', '0', 'en_us', ' measurement reach svg '),
 ('478', 'slug', '0', 'en_us', ' measurement reach '),
 ('478', 'extension', '0', 'en_us', ' svg '),
 ('361', 'email', '0', 'en_us', ' snapchat instrument com '),
 ('356', 'field', '155', 'en_us', ' news entry '),
 ('361', 'fullname', '0', 'en_us', ' snapchat admin '),
 ('361', 'firstname', '0', 'en_us', ' snapchat '),
 ('361', 'slug', '0', 'en_us', ''),
 ('361', 'lastname', '0', 'en_us', ' admin '),
 ('290', 'field', '7', 'en_us', ' audiences '),
 ('290', 'field', '15', 'en_us', ' purple '),
 ('290', 'field', '16', 'en_us', ' 1 ');
INSERT INTO `craft_searchindex` (`elementId`, `attribute`, `fieldId`, `locale`, `keywords`) VALUES
 ('290', 'field', '89', 'en_us', ''),
 ('290', 'field', '3', 'en_us', ''),
 ('290', 'field', '196', 'en_us', ''),
 ('290', 'field', '197', 'en_us', ''),
 ('290', 'field', '198', 'en_us', ''),
 ('290', 'field', '101', 'en_us', ''),
 ('290', 'field', '102', 'en_us', ''),
 ('290', 'field', '104', 'en_us', ''),
 ('290', 'field', '107', 'en_us', ' website '),
 ('290', 'field', '103', 'en_us', ''),
 ('290', 'field', '105', 'en_us', ''),
 ('290', 'field', '106', 'en_us', ''),
 ('290', 'slug', '0', 'en_us', ' audiences '),
 ('290', 'title', '0', 'en_us', ' audiences '),
 ('290', 'field', '7', 'de_de', ' audiences '),
 ('290', 'field', '15', 'de_de', ' purple '),
 ('290', 'field', '16', 'de_de', ' 1 '),
 ('290', 'field', '89', 'de_de', ''),
 ('290', 'field', '3', 'de_de', ''),
 ('290', 'field', '101', 'de_de', ''),
 ('290', 'field', '102', 'de_de', ''),
 ('290', 'field', '104', 'de_de', ''),
 ('290', 'field', '107', 'de_de', ' website '),
 ('290', 'field', '103', 'de_de', ''),
 ('290', 'field', '105', 'de_de', ''),
 ('290', 'field', '106', 'de_de', ''),
 ('290', 'slug', '0', 'de_de', ' audiences '),
 ('290', 'title', '0', 'de_de', ' audiences '),
 ('291', 'field', '7', 'en_us', ' measurement '),
 ('291', 'field', '15', 'en_us', ' orange '),
 ('291', 'field', '16', 'en_us', ' 1 '),
 ('291', 'field', '89', 'en_us', ''),
 ('291', 'field', '3', 'en_us', ''),
 ('291', 'field', '101', 'en_us', ''),
 ('291', 'field', '102', 'en_us', ''),
 ('291', 'field', '104', 'en_us', ''),
 ('291', 'field', '107', 'en_us', ' website '),
 ('291', 'field', '103', 'en_us', ''),
 ('291', 'field', '105', 'en_us', ''),
 ('291', 'field', '106', 'en_us', ''),
 ('291', 'slug', '0', 'en_us', ' measurement '),
 ('291', 'title', '0', 'en_us', ' measurement '),
 ('291', 'field', '7', 'de_de', ' measurement '),
 ('291', 'field', '15', 'de_de', ' orange '),
 ('291', 'field', '16', 'de_de', ' 1 '),
 ('291', 'field', '89', 'de_de', ''),
 ('291', 'field', '3', 'de_de', ''),
 ('291', 'field', '101', 'de_de', ''),
 ('291', 'field', '102', 'de_de', ''),
 ('291', 'field', '104', 'de_de', ''),
 ('291', 'field', '107', 'de_de', ' website '),
 ('291', 'field', '103', 'de_de', ''),
 ('291', 'field', '105', 'de_de', ''),
 ('291', 'field', '106', 'de_de', ''),
 ('291', 'slug', '0', 'de_de', ' measurement '),
 ('291', 'title', '0', 'de_de', ' measurement '),
 ('292', 'field', '7', 'en_us', ' gettingstarted '),
 ('292', 'field', '15', 'en_us', ' yellow '),
 ('292', 'field', '16', 'en_us', ' 0 '),
 ('292', 'field', '89', 'en_us', ''),
 ('292', 'field', '3', 'en_us', ''),
 ('292', 'field', '101', 'en_us', ''),
 ('292', 'field', '102', 'en_us', ''),
 ('292', 'field', '104', 'en_us', ''),
 ('292', 'field', '107', 'en_us', ' website '),
 ('292', 'field', '103', 'en_us', ''),
 ('292', 'field', '105', 'en_us', ''),
 ('292', 'field', '106', 'en_us', ''),
 ('292', 'slug', '0', 'en_us', ' get started '),
 ('292', 'title', '0', 'en_us', ' get started '),
 ('292', 'field', '7', 'de_de', ' gettingstarted '),
 ('292', 'field', '15', 'de_de', ' yellow '),
 ('292', 'field', '16', 'de_de', ' 0 '),
 ('292', 'field', '89', 'de_de', ''),
 ('292', 'field', '3', 'de_de', ''),
 ('292', 'field', '101', 'de_de', ''),
 ('292', 'field', '102', 'de_de', ''),
 ('292', 'field', '104', 'de_de', ''),
 ('292', 'field', '107', 'de_de', ' website '),
 ('292', 'field', '103', 'de_de', ''),
 ('292', 'field', '105', 'de_de', ''),
 ('292', 'field', '106', 'de_de', ''),
 ('292', 'slug', '0', 'de_de', ' get started '),
 ('292', 'title', '0', 'de_de', ' get started '),
 ('293', 'field', '35', 'en_us', ' entry 290 audiences '),
 ('293', 'slug', '0', 'en_us', ''),
 ('294', 'field', '35', 'en_us', ' entry 291 '),
 ('294', 'slug', '0', 'en_us', ''),
 ('451', 'field', '189', 'en_us', ''),
 ('297', 'field', '37', 'en_us', ' custom https developers snapchat com ads partners partners '),
 ('297', 'slug', '0', 'en_us', ''),
 ('298', 'field', '37', 'en_us', ' custom https accounts snapchat com log in '),
 ('298', 'slug', '0', 'en_us', ''),
 ('299', 'field', '83', 'en_us', ' community '),
 ('299', 'field', '84', 'en_us', ' custom https support snapchat com support _blank custom https support snapchat com community guidelines _blank custom https www snapchat com safety safety center _blank '),
 ('299', 'slug', '0', 'en_us', ''),
 ('300', 'field', '85', 'en_us', ' custom https support snapchat com support _blank '),
 ('300', 'slug', '0', 'en_us', ''),
 ('301', 'field', '85', 'en_us', ' custom https support snapchat com community guidelines _blank '),
 ('301', 'slug', '0', 'en_us', '');
INSERT INTO `craft_searchindex` (`elementId`, `attribute`, `fieldId`, `locale`, `keywords`) VALUES
 ('302', 'field', '85', 'en_us', ' custom https www snapchat com safety safety center _blank '),
 ('302', 'slug', '0', 'en_us', ''),
 ('303', 'field', '83', 'en_us', ' advertising '),
 ('303', 'field', '84', 'en_us', ' custom https ads snapchat com getstarted buy ads _blank custom https www snap com en us ad policies advertising policies _blank custom https www snap com en us brand guidelines brand guidelines _blank custom https support snapchat com en us a promotions rules promotions rules _blank '),
 ('303', 'slug', '0', 'en_us', ''),
 ('304', 'field', '85', 'en_us', ' custom https ads snapchat com getstarted buy ads _blank '),
 ('304', 'slug', '0', 'en_us', ''),
 ('305', 'field', '85', 'en_us', ' custom https www snap com en us ad policies advertising policies _blank '),
 ('305', 'slug', '0', 'en_us', ''),
 ('306', 'field', '85', 'en_us', ' custom https www snap com en us brand guidelines brand guidelines _blank '),
 ('306', 'slug', '0', 'en_us', ''),
 ('307', 'field', '85', 'en_us', ' custom https support snapchat com en us a promotions rules promotions rules _blank '),
 ('307', 'slug', '0', 'en_us', ''),
 ('308', 'field', '83', 'en_us', ' legal '),
 ('308', 'field', '84', 'en_us', ' custom https www snap com en us privacy privacy center privacy center _blank custom https www snap com en us cookie policy cookie policy _blank custom https support snapchat com en us co report copyright copyright _blank custom https www snap com en us terms on demand geofilters on demand geofilter terms and conditions _blank custom https www snapchat com geofilters terms html community filter terms and conditions _blank '),
 ('308', 'slug', '0', 'en_us', ''),
 ('309', 'field', '85', 'en_us', ' custom https www snap com en us privacy privacy center privacy center _blank '),
 ('309', 'slug', '0', 'en_us', ''),
 ('310', 'field', '85', 'en_us', ' custom https www snap com en us cookie policy cookie policy _blank '),
 ('310', 'slug', '0', 'en_us', ''),
 ('311', 'field', '85', 'en_us', ' custom https support snapchat com en us co report copyright copyright _blank '),
 ('311', 'slug', '0', 'en_us', ''),
 ('312', 'field', '85', 'en_us', ' custom https www snap com en us terms on demand geofilters on demand geofilter terms and conditions _blank '),
 ('312', 'slug', '0', 'en_us', ''),
 ('313', 'field', '85', 'en_us', ' custom https www snapchat com geofilters terms html community filter terms and conditions _blank '),
 ('313', 'slug', '0', 'en_us', ''),
 ('314', 'field', '7', 'en_us', ' everything '),
 ('314', 'field', '15', 'en_us', ' red '),
 ('314', 'field', '16', 'en_us', ' 1 '),
 ('314', 'field', '89', 'en_us', ' 1 cool annotation bro 2 great job annotating this '),
 ('314', 'field', '3', 'en_us', ' normal 0 primary left left 0 0 0 website 0 gray element grids 0 blue 0 0 0 0 normal 0 primary left left card 1 body text homepage 1 1 card 1 headline card 2 body text goes right here homepage 1 2 card 2 headline card 3 body looks like this homepage 1 3 card 3 headline 0 0 0 website 0 gray 0 blue 0 0 0 0 normal 0 primary left left 0 0 innovid 2x adjust logo https forbusiness snapchat com kochava 2x appsflyer logo https forbusiness snapchat com liveramp 2x double click logo https forbusiness snapchat com 0 website 0 gray 0 blue 0 0 0 0 normal 0 primary left left 0 0 device 1 headline quam diu etiam furor iste tuus nos eludet plura mihi bona sunt inclinet amari petere vellent bloomingdales device 2 headline quam diu etiam furor iste tuus nos eludet plura mihi bona sunt inclinet amari petere vellent redbull device 3 headline quam diu etiam furor iste tuus nos eludet plura mihi bona sunt inclinet amari petere vellent philsdonuts 0 website 0 gray 0 blue 0 0 0 0 normal 0 primary left left 0 0 0 website 0 white text images 0 blue 0 0 0 0 normal 0 primary custom forbusiness snapchat com primary button outlined _blank normal 1 custom forbusiness snapchat com secondary button _blank left left centered text lockup 0 0 0 website 0 gray 0 quam diu etiam furor iste tuus nos eludet plura mihi bona sunt inclinet amari petere vellent blue 0 0 0 0 normal 0 primary custom forbusiness snapchat com primary button outlined _blank normal 1 custom forbusiness snapchat com primary button filled normal 0 custom snapchat com secondary button _blank left left image beside text 0 0 0 website curabitur blandit tempus ardua ridiculus sed magna integer legentibus erat a ante historiarum dapibus vivamus sagittis lacus vel augue laoreet rutrum faucibus morbi fringilla convallis sapien id pulvinar odio volutpat tu quoque brute fili mi nihil timor populi nihil 0 gray 0 blue 0 0 0 0 normal 0 primary left left 0 0 0 website 0 gray images alone 0 blue 0 0 0 0 normal 0 primary left left centered image with round corners 0 0 0 website 1 gray 0 blue 0 0 0 0 wide 0 primary left left wide centered image 0 0 0 website 0 gray 0 blue 0 0 0 0 full 0 primary left left full centered image 0 0 0 website 0 gray 0 blue 0 0 0 0 normal 0 primary left left 0 0 0 website 0 gray video stuff 0 blue 0 0 0 0 normal 0 primary left left geofilter 0 0 0 website 1 gray 0 blue 0 0 711 1 0 normal 0 primary left left 0 0 0 website 0 white side by side 0 blue 0 0 0 0 normal 0 primary custom http snapchat com cta button _blank normal 1 left left image left of text 0 0 0 website gallia est omnis divisa in partes tres quarum contra legem facit qui id facit quod lex prohibet tu quoque brute fili mi nihil timor populi nihil nec dubitamus multa iter quae et nos invenerat nihil hic munitissimus habendi senatus locus nihil horum idque caesaris facere voluntate liceret sese habere 0 gray 0 blue 0 0 0 0 normal 0 primary custom http snapchat com cta button normal 0 right left image to the right of text 0 0 0 website gallia est omnis divisa in partes tres quarum contra legem facit qui id facit quod lex prohibet tu quoque brute fili mi nihil timor populi nihil nec dubitamus multa iter quae et nos invenerat nihil hic munitissimus habendi senatus locus nihil horum idque caesaris facere voluntate liceret sese habere 0 gray 0 blue 0 0 0 0 normal 0 primary custom http google com test normal 1 left left video to the left of this text 0 0 0 website gallia est omnis divisa in partes tres quarum contra legem facit qui id facit quod lex prohibet tu quoque brute fili mi nihil timor populi nihil nec dubitamus multa iter quae et nos invenerat nihil hic munitissimus habendi senatus locus nihil horum idque caesaris facere voluntate liceret sese habere 0 gray 0 blue 0 0 gatorade 0 0 '),
 ('443', 'field', '72', 'en_us', ' custom http google com test '),
 ('443', 'field', '110', 'en_us', ' 1 '),
 ('443', 'field', '135', 'en_us', ' normal '),
 ('443', 'slug', '0', 'en_us', ''),
 ('329', 'field', '233', 'en_us', ''),
 ('429', 'field', '215', 'en_us', ''),
 ('431', 'field', '213', 'en_us', ''),
 ('431', 'field', '215', 'en_us', ''),
 ('433', 'field', '213', 'en_us', ''),
 ('433', 'field', '215', 'en_us', ''),
 ('434', 'field', '226', 'en_us', ''),
 ('332', 'field', '135', 'en_us', ' normal '),
 ('336', 'field', '135', 'en_us', ' normal '),
 ('337', 'field', '135', 'en_us', ' normal '),
 ('427', 'field', '122', 'en_us', ' geofilter '),
 ('427', 'field', '124', 'en_us', ''),
 ('427', 'field', '123', 'en_us', ' 711 '),
 ('427', 'field', '125', 'en_us', ''),
 ('427', 'field', '143', 'en_us', ' 1 '),
 ('427', 'field', '132', 'en_us', ' 1 '),
 ('427', 'field', '142', 'en_us', ' 0 '),
 ('427', 'slug', '0', 'en_us', ''),
 ('428', 'field', '23', 'en_us', ' side by side '),
 ('428', 'field', '20', 'en_us', ' white '),
 ('428', 'slug', '0', 'en_us', ''),
 ('429', 'field', '8', 'en_us', ''),
 ('429', 'field', '9', 'en_us', ' left '),
 ('429', 'field', '10', 'en_us', ' image left of text '),
 ('429', 'field', '11', 'en_us', ' gallia est omnis divisa in partes tres quarum contra legem facit qui id facit quod lex prohibet tu quoque brute fili mi nihil timor populi nihil nec dubitamus multa iter quae et nos invenerat nihil hic munitissimus habendi senatus locus nihil horum idque caesaris facere voluntate liceret sese habere '),
 ('429', 'field', '71', 'en_us', ' custom http snapchat com cta button _blank normal 1 '),
 ('429', 'slug', '0', 'en_us', ''),
 ('430', 'field', '72', 'en_us', ' custom http snapchat com cta button _blank '),
 ('430', 'field', '110', 'en_us', ' 1 '),
 ('430', 'field', '135', 'en_us', ' normal '),
 ('430', 'slug', '0', 'en_us', ''),
 ('431', 'field', '8', 'en_us', ''),
 ('431', 'field', '9', 'en_us', ' right '),
 ('431', 'field', '10', 'en_us', ' image to the right of text '),
 ('431', 'field', '11', 'en_us', ' gallia est omnis divisa in partes tres quarum contra legem facit qui id facit quod lex prohibet tu quoque brute fili mi nihil timor populi nihil nec dubitamus multa iter quae et nos invenerat nihil hic munitissimus habendi senatus locus nihil horum idque caesaris facere voluntate liceret sese habere '),
 ('431', 'field', '71', 'en_us', ' custom http snapchat com cta button normal 0 '),
 ('314', 'field', '101', 'en_us', ''),
 ('314', 'field', '102', 'en_us', ''),
 ('314', 'field', '104', 'en_us', ''),
 ('314', 'field', '107', 'en_us', ' website '),
 ('314', 'field', '103', 'en_us', ''),
 ('314', 'field', '105', 'en_us', ''),
 ('314', 'field', '106', 'en_us', ''),
 ('314', 'slug', '0', 'en_us', ' everything '),
 ('314', 'title', '0', 'en_us', ' everything '),
 ('314', 'field', '7', 'de_de', ' everything '),
 ('314', 'field', '15', 'de_de', ' red '),
 ('314', 'field', '16', 'de_de', ' 1 '),
 ('314', 'field', '89', 'de_de', ' 1 cool annotation bro 2 great job annotating this '),
 ('314', 'field', '3', 'de_de', ' normal primary left left website 0 gray element grids 0 blue 0 normal primary left left card 1 body text homepage 1 1 card 1 headline card 2 body text goes right here homepage 1 2 card 2 headline card 3 body looks like this homepage 1 3 card 3 headline website 0 gray 0 blue 0 normal primary left left adjust 2x adjust logo https snapchat com appsflyer 2x appsflyer logo https snapchat com doubleclick 2x double click logo https snapchat com website 0 gray 0 blue 0 normal primary left left website 0 gray 0 blue 0 '),
 ('314', 'field', '101', 'de_de', ''),
 ('314', 'field', '102', 'de_de', ''),
 ('314', 'field', '104', 'de_de', ''),
 ('314', 'field', '107', 'de_de', ' website '),
 ('314', 'field', '103', 'de_de', ''),
 ('314', 'field', '105', 'de_de', ''),
 ('314', 'field', '106', 'de_de', ''),
 ('314', 'slug', '0', 'de_de', ' one with everything '),
 ('314', 'title', '0', 'de_de', ' one with everything '),
 ('315', 'field', '90', 'en_us', ' 1 '),
 ('315', 'field', '91', 'en_us', ' cool annotation bro '),
 ('315', 'slug', '0', 'en_us', ''),
 ('316', 'field', '90', 'en_us', ' 2 '),
 ('316', 'field', '91', 'en_us', ' great job annotating this '),
 ('316', 'slug', '0', 'en_us', '');
INSERT INTO `craft_searchindex` (`elementId`, `attribute`, `fieldId`, `locale`, `keywords`) VALUES
 ('317', 'field', '23', 'en_us', ' element grids '),
 ('317', 'field', '20', 'en_us', ' gray '),
 ('317', 'slug', '0', 'en_us', ''),
 ('318', 'field', '67', 'en_us', ' card 1 body text homepage 1 1 card 1 headline card 2 body text goes right here homepage 1 2 card 2 headline card 3 body looks like this homepage 1 3 card 3 headline '),
 ('318', 'field', '24', 'en_us', ''),
 ('318', 'slug', '0', 'en_us', ''),
 ('319', 'field', '68', 'en_us', ' homepage 1 1 '),
 ('319', 'field', '69', 'en_us', ' card 1 headline '),
 ('319', 'field', '70', 'en_us', ' card 1 body text '),
 ('319', 'slug', '0', 'en_us', ''),
 ('320', 'field', '68', 'en_us', ' homepage 1 2 '),
 ('320', 'field', '69', 'en_us', ' card 2 headline '),
 ('320', 'field', '70', 'en_us', ' card 2 body text goes right here '),
 ('320', 'slug', '0', 'en_us', ''),
 ('321', 'field', '68', 'en_us', ' homepage 1 3 '),
 ('321', 'field', '69', 'en_us', ' card 3 headline '),
 ('321', 'field', '70', 'en_us', ' card 3 body looks like this '),
 ('321', 'slug', '0', 'en_us', ''),
 ('322', 'field', '45', 'en_us', ' innovid 2x adjust logo https forbusiness snapchat com kochava 2x appsflyer logo https forbusiness snapchat com liveramp 2x double click logo https forbusiness snapchat com '),
 ('322', 'slug', '0', 'en_us', ''),
 ('323', 'field', '118', 'en_us', ' innovid 2x '),
 ('323', 'field', '119', 'en_us', ' adjust logo '),
 ('323', 'field', '120', 'en_us', ' https forbusiness snapchat com '),
 ('323', 'slug', '0', 'en_us', ''),
 ('324', 'field', '118', 'en_us', ' kochava 2x '),
 ('324', 'field', '119', 'en_us', ' appsflyer logo '),
 ('324', 'field', '120', 'en_us', ' https forbusiness snapchat com '),
 ('324', 'slug', '0', 'en_us', ''),
 ('325', 'field', '118', 'en_us', ' liveramp 2x '),
 ('325', 'field', '119', 'en_us', ' double click logo '),
 ('325', 'field', '120', 'en_us', ' https forbusiness snapchat com '),
 ('325', 'slug', '0', 'en_us', ''),
 ('326', 'field', '58', 'en_us', ' device 1 headline quam diu etiam furor iste tuus nos eludet plura mihi bona sunt inclinet amari petere vellent bloomingdales device 2 headline quam diu etiam furor iste tuus nos eludet plura mihi bona sunt inclinet amari petere vellent redbull device 3 headline quam diu etiam furor iste tuus nos eludet plura mihi bona sunt inclinet amari petere vellent philsdonuts '),
 ('327', 'field', '233', 'en_us', ''),
 ('326', 'field', '24', 'en_us', ''),
 ('326', 'slug', '0', 'en_us', ''),
 ('327', 'field', '59', 'en_us', ' bloomingdales '),
 ('327', 'field', '60', 'en_us', ''),
 ('327', 'field', '61', 'en_us', ' device 1 headline '),
 ('327', 'field', '62', 'en_us', ' quam diu etiam furor iste tuus nos eludet plura mihi bona sunt inclinet amari petere vellent '),
 ('327', 'slug', '0', 'en_us', ''),
 ('328', 'field', '59', 'en_us', ' redbull '),
 ('328', 'field', '60', 'en_us', ''),
 ('328', 'field', '61', 'en_us', ' device 2 headline '),
 ('328', 'field', '62', 'en_us', ' quam diu etiam furor iste tuus nos eludet plura mihi bona sunt inclinet amari petere vellent '),
 ('328', 'slug', '0', 'en_us', ''),
 ('329', 'field', '59', 'en_us', ' philsdonuts '),
 ('329', 'field', '60', 'en_us', ''),
 ('329', 'field', '61', 'en_us', ' device 3 headline '),
 ('329', 'field', '62', 'en_us', ' quam diu etiam furor iste tuus nos eludet plura mihi bona sunt inclinet amari petere vellent '),
 ('329', 'slug', '0', 'en_us', ''),
 ('330', 'field', '23', 'en_us', ' text images '),
 ('330', 'field', '20', 'en_us', ' white '),
 ('330', 'slug', '0', 'en_us', ''),
 ('331', 'field', '8', 'en_us', ' 404 chillah '),
 ('331', 'field', '10', 'en_us', ' centered text lockup '),
 ('331', 'field', '18', 'en_us', ' quam diu etiam furor iste tuus nos eludet plura mihi bona sunt inclinet amari petere vellent '),
 ('331', 'field', '71', 'en_us', ' custom forbusiness snapchat com primary button outlined _blank normal 1 custom forbusiness snapchat com secondary button _blank '),
 ('429', 'field', '213', 'en_us', ''),
 ('331', 'slug', '0', 'en_us', ''),
 ('332', 'field', '72', 'en_us', ' custom forbusiness snapchat com primary button outlined _blank '),
 ('332', 'field', '110', 'en_us', ' 1 '),
 ('332', 'slug', '0', 'en_us', ''),
 ('427', 'field', '223', 'en_us', ''),
 ('427', 'field', '224', 'en_us', ''),
 ('335', 'field', '215', 'en_us', ''),
 ('335', 'field', '213', 'en_us', ''),
 ('334', 'field', '73', 'en_us', ' custom forbusiness snapchat com secondary button _blank '),
 ('334', 'slug', '0', 'en_us', ''),
 ('335', 'field', '8', 'en_us', ''),
 ('335', 'field', '9', 'en_us', ' left '),
 ('335', 'field', '10', 'en_us', ' image beside text '),
 ('335', 'field', '11', 'en_us', ' curabitur blandit tempus ardua ridiculus sed magna integer legentibus erat a ante historiarum dapibus vivamus sagittis lacus vel augue laoreet rutrum faucibus morbi fringilla convallis sapien id pulvinar odio volutpat tu quoque brute fili mi nihil timor populi nihil '),
 ('335', 'field', '71', 'en_us', ' custom forbusiness snapchat com primary button outlined _blank normal 1 custom forbusiness snapchat com primary button filled normal 0 custom snapchat com secondary button _blank '),
 ('335', 'slug', '0', 'en_us', ''),
 ('336', 'field', '72', 'en_us', ' custom forbusiness snapchat com primary button outlined _blank '),
 ('336', 'field', '110', 'en_us', ' 1 '),
 ('336', 'slug', '0', 'en_us', ''),
 ('337', 'field', '72', 'en_us', ' custom forbusiness snapchat com primary button filled '),
 ('337', 'field', '110', 'en_us', ' 0 '),
 ('337', 'slug', '0', 'en_us', ''),
 ('338', 'field', '73', 'en_us', ' custom snapchat com secondary button _blank '),
 ('338', 'slug', '0', 'en_us', ''),
 ('339', 'field', '23', 'en_us', ' images alone '),
 ('339', 'field', '20', 'en_us', ' gray '),
 ('339', 'slug', '0', 'en_us', ''),
 ('340', 'field', '8', 'en_us', ''),
 ('340', 'field', '126', 'en_us', ' centered image with round corners '),
 ('340', 'field', '28', 'en_us', ' normal '),
 ('340', 'field', '132', 'en_us', ' 1 '),
 ('340', 'field', '127', 'en_us', ''),
 ('340', 'slug', '0', 'en_us', ''),
 ('341', 'field', '8', 'en_us', ''),
 ('341', 'field', '126', 'en_us', ' full centered image '),
 ('341', 'field', '28', 'en_us', ' full '),
 ('341', 'field', '132', 'en_us', ' 0 '),
 ('341', 'field', '127', 'en_us', ''),
 ('341', 'slug', '0', 'en_us', ''),
 ('343', 'field', '8', 'en_us', ''),
 ('343', 'field', '126', 'en_us', ' wide centered image ');
INSERT INTO `craft_searchindex` (`elementId`, `attribute`, `fieldId`, `locale`, `keywords`) VALUES
 ('343', 'field', '28', 'en_us', ' wide '),
 ('343', 'field', '132', 'en_us', ' 0 '),
 ('343', 'field', '127', 'en_us', ''),
 ('343', 'slug', '0', 'en_us', ''),
 ('98', 'field', '89', 'en_us', ''),
 ('358', 'field', '144', 'en_us', ''),
 ('358', 'field', '146', 'en_us', ' green '),
 ('358', 'field', '151', 'en_us', ''),
 ('358', 'field', '38', 'en_us', ''),
 ('358', 'field', '42', 'en_us', ' success story summary text quae vero auctorem tractata ab fiducia dicuntur '),
 ('358', 'field', '150', 'en_us', ''),
 ('348', 'field', '196', 'en_us', ''),
 ('348', 'field', '197', 'en_us', ''),
 ('348', 'field', '155', 'en_us', ' insights entry '),
 ('361', 'username', '0', 'en_us', ' snapadmin '),
 ('356', 'field', '144', 'de_de', ' normal 0 primary left left news entry headline website 0 gray 0 blue 0 0 '),
 ('356', 'field', '101', 'de_de', ''),
 ('356', 'field', '102', 'de_de', ''),
 ('356', 'field', '104', 'de_de', ''),
 ('356', 'field', '107', 'de_de', ' website '),
 ('356', 'field', '103', 'de_de', ''),
 ('356', 'field', '105', 'de_de', ''),
 ('356', 'field', '106', 'de_de', ''),
 ('356', 'slug', '0', 'de_de', ' news entry '),
 ('356', 'title', '0', 'de_de', ' news entry '),
 ('345', 'field', '23', 'en_us', ' section 1 '),
 ('345', 'field', '20', 'en_us', ' gray '),
 ('345', 'slug', '0', 'en_us', ''),
 ('346', 'field', '8', 'en_us', ' chillah hearts '),
 ('346', 'field', '10', 'en_us', ' this is a headline '),
 ('346', 'field', '18', 'en_us', ' this is copy for the subhead right here '),
 ('346', 'field', '71', 'en_us', ''),
 ('346', 'slug', '0', 'en_us', ''),
 ('433', 'field', '29', 'en_us', ' gatorade '),
 ('432', 'slug', '0', 'en_us', ''),
 ('431', 'slug', '0', 'en_us', ''),
 ('432', 'field', '72', 'en_us', ' custom http snapchat com cta button '),
 ('432', 'field', '110', 'en_us', ' 0 '),
 ('432', 'field', '135', 'en_us', ' normal '),
 ('348', 'field', '145', 'en_us', ''),
 ('348', 'field', '144', 'en_us', ''),
 ('348', 'field', '101', 'en_us', ''),
 ('348', 'field', '102', 'en_us', ''),
 ('348', 'field', '104', 'en_us', ''),
 ('348', 'field', '103', 'en_us', ''),
 ('348', 'field', '107', 'en_us', ' website '),
 ('348', 'field', '105', 'en_us', ''),
 ('348', 'field', '106', 'en_us', ''),
 ('348', 'slug', '0', 'en_us', ' test blog entry '),
 ('348', 'title', '0', 'en_us', ' insights entry '),
 ('348', 'field', '145', 'de_de', ' filter reporting 2x '),
 ('348', 'field', '144', 'de_de', ' normal 0 primary left left snap ad reporting 1x image alt text website 0 gray 0 blue 0 0 '),
 ('348', 'field', '101', 'de_de', ''),
 ('348', 'field', '102', 'de_de', ''),
 ('348', 'field', '104', 'de_de', ''),
 ('348', 'field', '103', 'de_de', ''),
 ('348', 'field', '107', 'de_de', ' website '),
 ('348', 'field', '105', 'de_de', ''),
 ('348', 'field', '106', 'de_de', ''),
 ('348', 'slug', '0', 'de_de', ' test blog entry '),
 ('348', 'title', '0', 'de_de', ' test blog entry '),
 ('462', 'extension', '0', 'de_de', ' png '),
 ('462', 'slug', '0', 'en_us', ' homepage 1 3 '),
 ('462', 'title', '0', 'en_us', ' homepage 1 3 '),
 ('462', 'filename', '0', 'de_de', ' homepage 1 3 png '),
 ('264', 'field', '15', 'en_us', ' yellow '),
 ('264', 'field', '89', 'en_us', ''),
 ('264', 'field', '101', 'en_us', ''),
 ('264', 'field', '102', 'en_us', ''),
 ('264', 'field', '104', 'en_us', ''),
 ('264', 'field', '103', 'en_us', ''),
 ('264', 'field', '107', 'en_us', ' website '),
 ('264', 'field', '105', 'en_us', ''),
 ('264', 'field', '106', 'en_us', ''),
 ('264', 'field', '15', 'de_de', ' yellow '),
 ('264', 'field', '107', 'de_de', ' website '),
 ('348', 'field', '147', 'en_us', ' consumer goods '),
 ('348', 'field', '148', 'en_us', ' north america '),
 ('348', 'field', '146', 'de_de', ' blue '),
 ('462', 'extension', '0', 'en_us', ' png '),
 ('350', 'slug', '0', 'en_us', ' north america '),
 ('350', 'title', '0', 'en_us', ' north america '),
 ('350', 'slug', '0', 'de_de', ' north america '),
 ('350', 'title', '0', 'de_de', ' north america '),
 ('351', 'slug', '0', 'en_us', ' north america canada '),
 ('351', 'title', '0', 'en_us', ' north america canada '),
 ('351', 'slug', '0', 'de_de', ' north america canada '),
 ('351', 'title', '0', 'de_de', ' north america canada '),
 ('352', 'slug', '0', 'en_us', ' europe middle east africa '),
 ('352', 'title', '0', 'en_us', ' europe middle east africa '),
 ('352', 'slug', '0', 'de_de', ' europe middle east africa '),
 ('352', 'title', '0', 'de_de', ' europe middle east africa '),
 ('353', 'slug', '0', 'en_us', ' asia pacific '),
 ('353', 'title', '0', 'en_us', ' asia pacific '),
 ('353', 'slug', '0', 'de_de', ' asia pacific '),
 ('353', 'title', '0', 'de_de', ' asia pacific '),
 ('354', 'slug', '0', 'en_us', ' latin america '),
 ('354', 'title', '0', 'en_us', ' latin america '),
 ('354', 'slug', '0', 'de_de', ' latin america '),
 ('354', 'title', '0', 'de_de', ' latin america ');
INSERT INTO `craft_searchindex` (`elementId`, `attribute`, `fieldId`, `locale`, `keywords`) VALUES
 ('447', 'field', '34', 'en_us', ' entry 264 insights news '),
 ('444', 'field', '10', 'en_us', ' get inspired by results driven and world class creative '),
 ('445', 'field', '34', 'de_de', ' entry 98 ad products '),
 ('445', 'slug', '0', 'en_us', ''),
 ('444', 'field', '155', 'en_us', ' inspiration '),
 ('445', 'slug', '0', 'de_de', ''),
 ('444', 'field', '7', 'en_us', ' inspiration '),
 ('358', 'field', '101', 'en_us', ''),
 ('358', 'field', '104', 'en_us', ''),
 ('358', 'field', '102', 'en_us', ''),
 ('358', 'field', '107', 'en_us', ' website '),
 ('358', 'field', '103', 'en_us', ''),
 ('358', 'field', '105', 'en_us', ''),
 ('358', 'field', '106', 'en_us', ''),
 ('358', 'slug', '0', 'en_us', ' success story entry '),
 ('358', 'title', '0', 'en_us', ' abinbev '),
 ('358', 'field', '38', 'de_de', ' ic success logo abinbev 2x '),
 ('358', 'field', '42', 'de_de', ' success story summary text quae vero auctorem tractata ab fiducia dicuntur '),
 ('358', 'field', '150', 'de_de', ''),
 ('358', 'field', '151', 'de_de', ''),
 ('358', 'field', '146', 'de_de', ' green '),
 ('358', 'field', '144', 'de_de', ' normal 0 primary left left website 0 gray 0 quo usque tandem abutere catilina patientia nostra petierunt uti sibi concilium totius galliae in diem certam indicere qui ipsorum lingua celtae nostra galli appellantur blue 0 0 '),
 ('358', 'field', '101', 'de_de', ''),
 ('358', 'field', '104', 'de_de', ''),
 ('358', 'field', '102', 'de_de', ''),
 ('358', 'field', '107', 'de_de', ' website '),
 ('358', 'field', '103', 'de_de', ''),
 ('358', 'field', '105', 'de_de', ''),
 ('358', 'field', '106', 'de_de', ''),
 ('358', 'slug', '0', 'de_de', ' success story entry '),
 ('358', 'title', '0', 'de_de', ' success story entry '),
 ('447', 'field', '189', 'en_us', ' entry 363 success stories entry 362 creative spotlight '),
 ('450', 'field', '189', 'en_us', ''),
 ('445', 'field', '189', 'en_us', ''),
 ('444', 'field', '15', 'en_us', ' yellow '),
 ('450', 'field', '34', 'en_us', ' entry 290 audiences '),
 ('358', 'field', '155', 'en_us', ' abinbev '),
 ('447', 'slug', '0', 'en_us', ''),
 ('447', 'field', '34', 'de_de', ' entry 264 insights news '),
 ('447', 'slug', '0', 'de_de', ''),
 ('362', 'slug', '0', 'en_us', ' creative spotlight '),
 ('362', 'title', '0', 'en_us', ' creative spotlight '),
 ('362', 'slug', '0', 'de_de', ' creative spotlight '),
 ('362', 'title', '0', 'de_de', ' creative spotlight '),
 ('363', 'slug', '0', 'en_us', ' success stories '),
 ('363', 'title', '0', 'en_us', ' success stories '),
 ('363', 'slug', '0', 'de_de', ' success stories '),
 ('363', 'title', '0', 'de_de', ' success stories '),
 ('314', 'field', '155', 'en_us', ' everything '),
 ('426', 'field', '23', 'en_us', ' video stuff '),
 ('426', 'field', '20', 'en_us', ' gray '),
 ('426', 'slug', '0', 'en_us', ''),
 ('477', 'slug', '0', 'de_de', ' homepage burberry '),
 ('477', 'kind', '0', 'de_de', ' image '),
 ('477', 'extension', '0', 'de_de', ' png '),
 ('477', 'slug', '0', 'en_us', ' homepage burberry '),
 ('477', 'title', '0', 'en_us', ' homepage burberry '),
 ('477', 'filename', '0', 'de_de', ' homepage burberry png '),
 ('477', 'kind', '0', 'en_us', ' image '),
 ('477', 'extension', '0', 'en_us', ' png '),
 ('477', 'filename', '0', 'en_us', ' homepage burberry png '),
 ('476', 'field', '77', 'en_us', ' reach a huge audience with the most engaging ad formats on mobile '),
 ('476', 'field', '116', 'en_us', ' entry 98 explore solutions '),
 ('476', 'field', '117', 'en_us', ''),
 ('476', 'slug', '0', 'en_us', ''),
 ('476', 'field', '76', 'en_us', ' raise awareness '),
 ('476', 'field', '130', 'en_us', ' raise awareness '),
 ('476', 'field', '75', 'en_us', ' measurement reach '),
 ('476', 'field', '133', 'en_us', ' homepage burberry '),
 ('474', 'slug', '0', 'en_us', ''),
 ('475', 'field', '74', 'en_us', ' reach a huge audience with the most engaging ad formats on mobile raise awareness homepage burberry burberry burberry entry 98 explore solutions measurement reach raise awareness inspire our engaged audience to lean in and learn more seamlessly increase consideration bumble geo filter 2x bumble v2 bumble v2 entry 98 explore solutions increase consideration increase consideration make an impact instantly with ads that are fun to interact with drive action homepage gametime gametime gametime entry 98 explore solutions drive action drive action '),
 ('475', 'field', '24', 'en_us', ''),
 ('475', 'slug', '0', 'en_us', ''),
 ('476', 'field', '81', 'en_us', ' burberry '),
 ('476', 'field', '235', 'en_us', ' burberry '),
 ('474', 'field', '20', 'en_us', ' white '),
 ('474', 'field', '23', 'en_us', ' ad products '),
 ('473', 'slug', '0', 'en_us', ''),
 ('473', 'field', '68', 'en_us', ' homepage 1 1 '),
 ('473', 'field', '69', 'en_us', ''),
 ('473', 'field', '70', 'en_us', ' average percentage of daily active snapchatters who create with our camera every day1 '),
 ('469', 'field', '234', 'en_us', ' 1 '),
 ('472', 'field', '68', 'en_us', ' homepage 1 3 '),
 ('472', 'field', '69', 'en_us', ''),
 ('472', 'field', '70', 'en_us', ' average minutes spent in the app each day by daily active snapchatters2 '),
 ('472', 'slug', '0', 'en_us', ''),
 ('471', 'slug', '0', 'en_us', ''),
 ('471', 'field', '70', 'en_us', ' average number of times daily active snapchatters open the app each day2 '),
 ('469', 'slug', '0', 'en_us', ''),
 ('470', 'field', '68', 'en_us', ' homepage 1 1 '),
 ('470', 'field', '69', 'en_us', ''),
 ('470', 'field', '70', 'en_us', ' average daily active snapchatters globally1 '),
 ('470', 'slug', '0', 'en_us', ''),
 ('471', 'field', '68', 'en_us', ' homepage 1 2 '),
 ('471', 'field', '69', 'en_us', ''),
 ('468', 'field', '20', 'en_us', ' gray '),
 ('468', 'slug', '0', 'en_us', ''),
 ('469', 'field', '67', 'en_us', ' average daily active snapchatters globally1 homepage 1 1 average number of times daily active snapchatters open the app each day2 homepage 1 2 average minutes spent in the app each day by daily active snapchatters2 homepage 1 3 average percentage of daily active snapchatters who create with our camera every day1 homepage 1 1 '),
 ('469', 'field', '24', 'en_us', ''),
 ('468', 'field', '23', 'en_us', ' audiences ');
INSERT INTO `craft_searchindex` (`elementId`, `attribute`, `fieldId`, `locale`, `keywords`) VALUES
 ('374', 'filename', '0', 'en_us', ' 711 mp4 '),
 ('374', 'extension', '0', 'en_us', ' mp4 '),
 ('374', 'kind', '0', 'en_us', ' video '),
 ('374', 'slug', '0', 'en_us', ' 711 '),
 ('374', 'title', '0', 'en_us', ' 711 '),
 ('374', 'filename', '0', 'de_de', ' 711 mp4 '),
 ('374', 'extension', '0', 'de_de', ' mp4 '),
 ('374', 'kind', '0', 'de_de', ' video '),
 ('374', 'slug', '0', 'de_de', ' 711 '),
 ('374', 'title', '0', 'de_de', ' 711 '),
 ('375', 'filename', '0', 'en_us', ' 711 webm '),
 ('375', 'extension', '0', 'en_us', ' webm '),
 ('375', 'kind', '0', 'en_us', ' video '),
 ('375', 'slug', '0', 'en_us', ' 711 '),
 ('375', 'title', '0', 'en_us', ' 711 '),
 ('375', 'filename', '0', 'de_de', ' 711 webm '),
 ('375', 'extension', '0', 'de_de', ' webm '),
 ('375', 'kind', '0', 'de_de', ' video '),
 ('375', 'slug', '0', 'de_de', ' 711 '),
 ('375', 'title', '0', 'de_de', ' 711 '),
 ('376', 'filename', '0', 'en_us', ' aa mp4 '),
 ('376', 'extension', '0', 'en_us', ' mp4 '),
 ('376', 'kind', '0', 'en_us', ' video '),
 ('376', 'slug', '0', 'en_us', ' aa '),
 ('376', 'title', '0', 'en_us', ' aa '),
 ('376', 'filename', '0', 'de_de', ' aa mp4 '),
 ('376', 'extension', '0', 'de_de', ' mp4 '),
 ('376', 'kind', '0', 'de_de', ' video '),
 ('376', 'slug', '0', 'de_de', ' aa '),
 ('376', 'title', '0', 'de_de', ' aa '),
 ('377', 'filename', '0', 'en_us', ' aa webm '),
 ('377', 'extension', '0', 'en_us', ' webm '),
 ('377', 'kind', '0', 'en_us', ' video '),
 ('377', 'slug', '0', 'en_us', ' aa '),
 ('377', 'title', '0', 'en_us', ' aa '),
 ('377', 'filename', '0', 'de_de', ' aa webm '),
 ('377', 'extension', '0', 'de_de', ' webm '),
 ('377', 'kind', '0', 'de_de', ' video '),
 ('377', 'slug', '0', 'de_de', ' aa '),
 ('377', 'title', '0', 'de_de', ' aa '),
 ('378', 'filename', '0', 'en_us', ' acorns mp4 '),
 ('378', 'extension', '0', 'en_us', ' mp4 '),
 ('378', 'kind', '0', 'en_us', ' video '),
 ('378', 'slug', '0', 'en_us', ' acorns '),
 ('378', 'title', '0', 'en_us', ' acorns '),
 ('378', 'filename', '0', 'de_de', ' acorns mp4 '),
 ('378', 'extension', '0', 'de_de', ' mp4 '),
 ('378', 'kind', '0', 'de_de', ' video '),
 ('378', 'slug', '0', 'de_de', ' acorns '),
 ('378', 'title', '0', 'de_de', ' acorns '),
 ('379', 'filename', '0', 'en_us', ' acorns webm '),
 ('379', 'extension', '0', 'en_us', ' webm '),
 ('379', 'kind', '0', 'en_us', ' video '),
 ('379', 'slug', '0', 'en_us', ' acorns '),
 ('379', 'title', '0', 'en_us', ' acorns '),
 ('379', 'filename', '0', 'de_de', ' acorns webm '),
 ('379', 'extension', '0', 'de_de', ' webm '),
 ('379', 'kind', '0', 'de_de', ' video '),
 ('379', 'slug', '0', 'de_de', ' acorns '),
 ('379', 'title', '0', 'de_de', ' acorns '),
 ('380', 'filename', '0', 'en_us', ' alabamapink webm '),
 ('380', 'extension', '0', 'en_us', ' webm '),
 ('380', 'kind', '0', 'en_us', ' video '),
 ('380', 'slug', '0', 'en_us', ' alabamapink '),
 ('380', 'title', '0', 'en_us', ' alabamapink '),
 ('380', 'filename', '0', 'de_de', ' alabamapink webm '),
 ('380', 'extension', '0', 'de_de', ' webm '),
 ('380', 'kind', '0', 'de_de', ' video '),
 ('380', 'slug', '0', 'de_de', ' alabamapink '),
 ('380', 'title', '0', 'de_de', ' alabamapink '),
 ('381', 'filename', '0', 'en_us', ' bloomingdales mp4 '),
 ('381', 'extension', '0', 'en_us', ' mp4 '),
 ('381', 'kind', '0', 'en_us', ' video '),
 ('381', 'slug', '0', 'en_us', ' bloomingdales '),
 ('381', 'title', '0', 'en_us', ' bloomingdales '),
 ('381', 'filename', '0', 'de_de', ' bloomingdales mp4 '),
 ('381', 'extension', '0', 'de_de', ' mp4 '),
 ('381', 'kind', '0', 'de_de', ' video '),
 ('381', 'slug', '0', 'de_de', ' bloomingdales '),
 ('381', 'title', '0', 'de_de', ' bloomingdales '),
 ('382', 'filename', '0', 'en_us', ' bloomingdales webm '),
 ('382', 'extension', '0', 'en_us', ' webm '),
 ('382', 'kind', '0', 'en_us', ' video '),
 ('382', 'slug', '0', 'en_us', ' bloomingdales '),
 ('382', 'title', '0', 'en_us', ' bloomingdales '),
 ('382', 'filename', '0', 'de_de', ' bloomingdales webm '),
 ('382', 'extension', '0', 'de_de', ' webm '),
 ('382', 'kind', '0', 'de_de', ' video '),
 ('382', 'slug', '0', 'de_de', ' bloomingdales '),
 ('382', 'title', '0', 'de_de', ' bloomingdales '),
 ('383', 'filename', '0', 'en_us', ' bumble_v2 mp4 '),
 ('383', 'extension', '0', 'en_us', ' mp4 '),
 ('383', 'kind', '0', 'en_us', ' video '),
 ('383', 'slug', '0', 'en_us', ' bumble v2 '),
 ('383', 'title', '0', 'en_us', ' bumble v2 '),
 ('383', 'filename', '0', 'de_de', ' bumble_v2 mp4 '),
 ('383', 'extension', '0', 'de_de', ' mp4 '),
 ('383', 'kind', '0', 'de_de', ' video '),
 ('383', 'slug', '0', 'de_de', ' bumble v2 '),
 ('383', 'title', '0', 'de_de', ' bumble v2 ');
INSERT INTO `craft_searchindex` (`elementId`, `attribute`, `fieldId`, `locale`, `keywords`) VALUES
 ('384', 'filename', '0', 'en_us', ' bumble_v2 webm '),
 ('384', 'extension', '0', 'en_us', ' webm '),
 ('384', 'kind', '0', 'en_us', ' video '),
 ('384', 'slug', '0', 'en_us', ' bumble v2 '),
 ('384', 'title', '0', 'en_us', ' bumble v2 '),
 ('384', 'filename', '0', 'de_de', ' bumble_v2 webm '),
 ('384', 'extension', '0', 'de_de', ' webm '),
 ('384', 'kind', '0', 'de_de', ' video '),
 ('384', 'slug', '0', 'de_de', ' bumble v2 '),
 ('384', 'title', '0', 'de_de', ' bumble v2 '),
 ('385', 'filename', '0', 'en_us', ' alabamapink mp4 '),
 ('385', 'extension', '0', 'en_us', ' mp4 '),
 ('385', 'kind', '0', 'en_us', ' video '),
 ('385', 'slug', '0', 'en_us', ' alabamapink '),
 ('385', 'title', '0', 'en_us', ' alabamapink '),
 ('385', 'filename', '0', 'de_de', ' alabamapink mp4 '),
 ('385', 'extension', '0', 'de_de', ' mp4 '),
 ('385', 'kind', '0', 'de_de', ' video '),
 ('385', 'slug', '0', 'de_de', ' alabamapink '),
 ('385', 'title', '0', 'de_de', ' alabamapink '),
 ('386', 'filename', '0', 'en_us', ' burberry mp4 '),
 ('386', 'extension', '0', 'en_us', ' mp4 '),
 ('386', 'kind', '0', 'en_us', ' video '),
 ('386', 'slug', '0', 'en_us', ' burberry '),
 ('386', 'title', '0', 'en_us', ' burberry '),
 ('386', 'filename', '0', 'de_de', ' burberry mp4 '),
 ('386', 'extension', '0', 'de_de', ' mp4 '),
 ('386', 'kind', '0', 'de_de', ' video '),
 ('386', 'slug', '0', 'de_de', ' burberry '),
 ('386', 'title', '0', 'de_de', ' burberry '),
 ('387', 'filename', '0', 'en_us', ' burberry webm '),
 ('387', 'extension', '0', 'en_us', ' webm '),
 ('387', 'kind', '0', 'en_us', ' video '),
 ('387', 'slug', '0', 'en_us', ' burberry '),
 ('387', 'title', '0', 'en_us', ' burberry '),
 ('387', 'filename', '0', 'de_de', ' burberry webm '),
 ('387', 'extension', '0', 'de_de', ' webm '),
 ('387', 'kind', '0', 'de_de', ' video '),
 ('387', 'slug', '0', 'de_de', ' burberry '),
 ('387', 'title', '0', 'de_de', ' burberry '),
 ('388', 'filename', '0', 'en_us', ' ellevennightclub mp4 '),
 ('388', 'extension', '0', 'en_us', ' mp4 '),
 ('388', 'kind', '0', 'en_us', ' video '),
 ('388', 'slug', '0', 'en_us', ' ellevennightclub '),
 ('388', 'title', '0', 'en_us', ' ellevennightclub '),
 ('388', 'filename', '0', 'de_de', ' ellevennightclub mp4 '),
 ('388', 'extension', '0', 'de_de', ' mp4 '),
 ('388', 'kind', '0', 'de_de', ' video '),
 ('388', 'slug', '0', 'de_de', ' ellevennightclub '),
 ('388', 'title', '0', 'de_de', ' ellevennightclub '),
 ('389', 'filename', '0', 'en_us', ' ellevennightclub webm '),
 ('389', 'extension', '0', 'en_us', ' webm '),
 ('389', 'kind', '0', 'en_us', ' video '),
 ('389', 'slug', '0', 'en_us', ' ellevennightclub '),
 ('389', 'title', '0', 'en_us', ' ellevennightclub '),
 ('389', 'filename', '0', 'de_de', ' ellevennightclub webm '),
 ('389', 'extension', '0', 'de_de', ' webm '),
 ('389', 'kind', '0', 'de_de', ' video '),
 ('389', 'slug', '0', 'de_de', ' ellevennightclub '),
 ('389', 'title', '0', 'de_de', ' ellevennightclub '),
 ('390', 'filename', '0', 'en_us', ' gametime mp4 '),
 ('390', 'extension', '0', 'en_us', ' mp4 '),
 ('390', 'kind', '0', 'en_us', ' video '),
 ('390', 'slug', '0', 'en_us', ' gametime '),
 ('390', 'title', '0', 'en_us', ' gametime '),
 ('390', 'filename', '0', 'de_de', ' gametime mp4 '),
 ('390', 'extension', '0', 'de_de', ' mp4 '),
 ('390', 'kind', '0', 'de_de', ' video '),
 ('390', 'slug', '0', 'de_de', ' gametime '),
 ('390', 'title', '0', 'de_de', ' gametime '),
 ('391', 'filename', '0', 'en_us', ' gametime webm '),
 ('391', 'extension', '0', 'en_us', ' webm '),
 ('391', 'kind', '0', 'en_us', ' video '),
 ('391', 'slug', '0', 'en_us', ' gametime '),
 ('391', 'title', '0', 'en_us', ' gametime '),
 ('391', 'filename', '0', 'de_de', ' gametime webm '),
 ('391', 'extension', '0', 'de_de', ' webm '),
 ('391', 'kind', '0', 'de_de', ' video '),
 ('391', 'slug', '0', 'de_de', ' gametime '),
 ('391', 'title', '0', 'de_de', ' gametime '),
 ('392', 'filename', '0', 'en_us', ' gatorade mp4 '),
 ('392', 'extension', '0', 'en_us', ' mp4 '),
 ('392', 'kind', '0', 'en_us', ' video '),
 ('392', 'slug', '0', 'en_us', ' gatorade '),
 ('392', 'title', '0', 'en_us', ' gatorade '),
 ('392', 'filename', '0', 'de_de', ' gatorade mp4 '),
 ('392', 'extension', '0', 'de_de', ' mp4 '),
 ('392', 'kind', '0', 'de_de', ' video '),
 ('392', 'slug', '0', 'de_de', ' gatorade '),
 ('392', 'title', '0', 'de_de', ' gatorade '),
 ('393', 'filename', '0', 'en_us', ' gatorade webm '),
 ('393', 'extension', '0', 'en_us', ' webm '),
 ('393', 'kind', '0', 'en_us', ' video '),
 ('393', 'slug', '0', 'en_us', ' gatorade '),
 ('393', 'title', '0', 'en_us', ' gatorade '),
 ('393', 'filename', '0', 'de_de', ' gatorade webm '),
 ('393', 'extension', '0', 'de_de', ' webm '),
 ('393', 'kind', '0', 'de_de', ' video '),
 ('393', 'slug', '0', 'de_de', ' gatorade '),
 ('393', 'title', '0', 'de_de', ' gatorade ');
INSERT INTO `craft_searchindex` (`elementId`, `attribute`, `fieldId`, `locale`, `keywords`) VALUES
 ('394', 'filename', '0', 'en_us', ' geofilter mp4 '),
 ('394', 'extension', '0', 'en_us', ' mp4 '),
 ('394', 'kind', '0', 'en_us', ' video '),
 ('394', 'slug', '0', 'en_us', ' geofilter '),
 ('394', 'title', '0', 'en_us', ' geofilter '),
 ('394', 'filename', '0', 'de_de', ' geofilter mp4 '),
 ('394', 'extension', '0', 'de_de', ' mp4 '),
 ('394', 'kind', '0', 'de_de', ' video '),
 ('394', 'slug', '0', 'de_de', ' geofilter '),
 ('394', 'title', '0', 'de_de', ' geofilter '),
 ('395', 'filename', '0', 'en_us', ' geofilter webm '),
 ('395', 'extension', '0', 'en_us', ' webm '),
 ('395', 'kind', '0', 'en_us', ' video '),
 ('395', 'slug', '0', 'en_us', ' geofilter '),
 ('395', 'title', '0', 'en_us', ' geofilter '),
 ('395', 'filename', '0', 'de_de', ' geofilter webm '),
 ('395', 'extension', '0', 'de_de', ' webm '),
 ('395', 'kind', '0', 'de_de', ' video '),
 ('395', 'slug', '0', 'de_de', ' geofilter '),
 ('395', 'title', '0', 'de_de', ' geofilter '),
 ('396', 'filename', '0', 'en_us', ' lakings mp4 '),
 ('396', 'extension', '0', 'en_us', ' mp4 '),
 ('396', 'kind', '0', 'en_us', ' video '),
 ('396', 'slug', '0', 'en_us', ' lakings '),
 ('396', 'title', '0', 'en_us', ' lakings '),
 ('396', 'filename', '0', 'de_de', ' lakings mp4 '),
 ('396', 'extension', '0', 'de_de', ' mp4 '),
 ('396', 'kind', '0', 'de_de', ' video '),
 ('396', 'slug', '0', 'de_de', ' lakings '),
 ('396', 'title', '0', 'de_de', ' lakings '),
 ('397', 'filename', '0', 'en_us', ' lakings webm '),
 ('397', 'extension', '0', 'en_us', ' webm '),
 ('397', 'kind', '0', 'en_us', ' video '),
 ('397', 'slug', '0', 'en_us', ' lakings '),
 ('397', 'title', '0', 'en_us', ' lakings '),
 ('397', 'filename', '0', 'de_de', ' lakings webm '),
 ('397', 'extension', '0', 'de_de', ' webm '),
 ('397', 'kind', '0', 'de_de', ' video '),
 ('397', 'slug', '0', 'de_de', ' lakings '),
 ('397', 'title', '0', 'de_de', ' lakings '),
 ('398', 'filename', '0', 'en_us', ' michaelkors mp4 '),
 ('398', 'extension', '0', 'en_us', ' mp4 '),
 ('398', 'kind', '0', 'en_us', ' video '),
 ('398', 'slug', '0', 'en_us', ' michaelkors '),
 ('398', 'title', '0', 'en_us', ' michaelkors '),
 ('398', 'filename', '0', 'de_de', ' michaelkors mp4 '),
 ('398', 'extension', '0', 'de_de', ' mp4 '),
 ('398', 'kind', '0', 'de_de', ' video '),
 ('398', 'slug', '0', 'de_de', ' michaelkors '),
 ('398', 'title', '0', 'de_de', ' michaelkors '),
 ('399', 'filename', '0', 'en_us', ' mtndew mp4 '),
 ('399', 'extension', '0', 'en_us', ' mp4 '),
 ('399', 'kind', '0', 'en_us', ' video '),
 ('399', 'slug', '0', 'en_us', ' mtndew '),
 ('399', 'title', '0', 'en_us', ' mtndew '),
 ('399', 'filename', '0', 'de_de', ' mtndew mp4 '),
 ('399', 'extension', '0', 'de_de', ' mp4 '),
 ('399', 'kind', '0', 'de_de', ' video '),
 ('399', 'slug', '0', 'de_de', ' mtndew '),
 ('399', 'title', '0', 'de_de', ' mtndew '),
 ('400', 'filename', '0', 'en_us', ' michaelkors webm '),
 ('400', 'extension', '0', 'en_us', ' webm '),
 ('400', 'kind', '0', 'en_us', ' video '),
 ('400', 'slug', '0', 'en_us', ' michaelkors '),
 ('400', 'title', '0', 'en_us', ' michaelkors '),
 ('400', 'filename', '0', 'de_de', ' michaelkors webm '),
 ('400', 'extension', '0', 'de_de', ' webm '),
 ('400', 'kind', '0', 'de_de', ' video '),
 ('400', 'slug', '0', 'de_de', ' michaelkors '),
 ('400', 'title', '0', 'de_de', ' michaelkors '),
 ('401', 'filename', '0', 'en_us', ' mtndew webm '),
 ('401', 'extension', '0', 'en_us', ' webm '),
 ('401', 'kind', '0', 'en_us', ' video '),
 ('401', 'slug', '0', 'en_us', ' mtndew '),
 ('401', 'title', '0', 'en_us', ' mtndew '),
 ('401', 'filename', '0', 'de_de', ' mtndew webm '),
 ('401', 'extension', '0', 'de_de', ' webm '),
 ('401', 'kind', '0', 'de_de', ' video '),
 ('401', 'slug', '0', 'de_de', ' mtndew '),
 ('401', 'title', '0', 'de_de', ' mtndew '),
 ('402', 'filename', '0', 'en_us', ' philsdonuts mp4 '),
 ('402', 'extension', '0', 'en_us', ' mp4 '),
 ('402', 'kind', '0', 'en_us', ' video '),
 ('402', 'slug', '0', 'en_us', ' philsdonuts '),
 ('402', 'title', '0', 'en_us', ' philsdonuts '),
 ('402', 'filename', '0', 'de_de', ' philsdonuts mp4 '),
 ('402', 'extension', '0', 'de_de', ' mp4 '),
 ('402', 'kind', '0', 'de_de', ' video '),
 ('402', 'slug', '0', 'de_de', ' philsdonuts '),
 ('402', 'title', '0', 'de_de', ' philsdonuts '),
 ('403', 'filename', '0', 'en_us', ' postmates mp4 '),
 ('403', 'extension', '0', 'en_us', ' mp4 '),
 ('403', 'kind', '0', 'en_us', ' video '),
 ('403', 'slug', '0', 'en_us', ' postmates '),
 ('403', 'title', '0', 'en_us', ' postmates '),
 ('403', 'filename', '0', 'de_de', ' postmates mp4 '),
 ('403', 'extension', '0', 'de_de', ' mp4 '),
 ('403', 'kind', '0', 'de_de', ' video '),
 ('403', 'slug', '0', 'de_de', ' postmates '),
 ('403', 'title', '0', 'de_de', ' postmates ');
INSERT INTO `craft_searchindex` (`elementId`, `attribute`, `fieldId`, `locale`, `keywords`) VALUES
 ('404', 'filename', '0', 'en_us', ' postmates webm '),
 ('404', 'extension', '0', 'en_us', ' webm '),
 ('404', 'kind', '0', 'en_us', ' video '),
 ('404', 'slug', '0', 'en_us', ' postmates '),
 ('404', 'title', '0', 'en_us', ' postmates '),
 ('404', 'filename', '0', 'de_de', ' postmates webm '),
 ('404', 'extension', '0', 'de_de', ' webm '),
 ('404', 'kind', '0', 'de_de', ' video '),
 ('404', 'slug', '0', 'de_de', ' postmates '),
 ('404', 'title', '0', 'de_de', ' postmates '),
 ('405', 'filename', '0', 'en_us', ' publisher mp4 '),
 ('405', 'extension', '0', 'en_us', ' mp4 '),
 ('405', 'kind', '0', 'en_us', ' video '),
 ('405', 'slug', '0', 'en_us', ' publisher '),
 ('405', 'title', '0', 'en_us', ' publisher '),
 ('405', 'filename', '0', 'de_de', ' publisher mp4 '),
 ('405', 'extension', '0', 'de_de', ' mp4 '),
 ('405', 'kind', '0', 'de_de', ' video '),
 ('405', 'slug', '0', 'de_de', ' publisher '),
 ('405', 'title', '0', 'de_de', ' publisher '),
 ('406', 'filename', '0', 'en_us', ' publisher webm '),
 ('406', 'extension', '0', 'en_us', ' webm '),
 ('406', 'kind', '0', 'en_us', ' video '),
 ('406', 'slug', '0', 'en_us', ' publisher '),
 ('406', 'title', '0', 'en_us', ' publisher '),
 ('406', 'filename', '0', 'de_de', ' publisher webm '),
 ('406', 'extension', '0', 'de_de', ' webm '),
 ('406', 'kind', '0', 'de_de', ' video '),
 ('406', 'slug', '0', 'de_de', ' publisher '),
 ('406', 'title', '0', 'de_de', ' publisher '),
 ('407', 'filename', '0', 'en_us', ' redbull mp4 '),
 ('407', 'extension', '0', 'en_us', ' mp4 '),
 ('407', 'kind', '0', 'en_us', ' video '),
 ('407', 'slug', '0', 'en_us', ' redbull '),
 ('407', 'title', '0', 'en_us', ' redbull '),
 ('407', 'filename', '0', 'de_de', ' redbull mp4 '),
 ('407', 'extension', '0', 'de_de', ' mp4 '),
 ('407', 'kind', '0', 'de_de', ' video '),
 ('407', 'slug', '0', 'de_de', ' redbull '),
 ('407', 'title', '0', 'de_de', ' redbull '),
 ('408', 'filename', '0', 'en_us', ' redbull webm '),
 ('408', 'extension', '0', 'en_us', ' webm '),
 ('408', 'kind', '0', 'en_us', ' video '),
 ('408', 'slug', '0', 'en_us', ' redbull '),
 ('408', 'title', '0', 'en_us', ' redbull '),
 ('408', 'filename', '0', 'de_de', ' redbull webm '),
 ('408', 'extension', '0', 'de_de', ' webm '),
 ('408', 'kind', '0', 'de_de', ' video '),
 ('408', 'slug', '0', 'de_de', ' redbull '),
 ('408', 'title', '0', 'de_de', ' redbull '),
 ('409', 'filename', '0', 'en_us', ' philsdonuts webm '),
 ('409', 'extension', '0', 'en_us', ' webm '),
 ('409', 'kind', '0', 'en_us', ' video '),
 ('409', 'slug', '0', 'en_us', ' philsdonuts '),
 ('409', 'title', '0', 'en_us', ' philsdonuts '),
 ('409', 'filename', '0', 'de_de', ' philsdonuts webm '),
 ('409', 'extension', '0', 'de_de', ' webm '),
 ('409', 'kind', '0', 'de_de', ' video '),
 ('409', 'slug', '0', 'de_de', ' philsdonuts '),
 ('409', 'title', '0', 'de_de', ' philsdonuts '),
 ('410', 'filename', '0', 'en_us', ' selfserve mp4 '),
 ('410', 'extension', '0', 'en_us', ' mp4 '),
 ('410', 'kind', '0', 'en_us', ' video '),
 ('410', 'slug', '0', 'en_us', ' selfserve '),
 ('410', 'title', '0', 'en_us', ' selfserve '),
 ('410', 'filename', '0', 'de_de', ' selfserve mp4 '),
 ('410', 'extension', '0', 'de_de', ' mp4 '),
 ('410', 'kind', '0', 'de_de', ' video '),
 ('410', 'slug', '0', 'de_de', ' selfserve '),
 ('410', 'title', '0', 'de_de', ' selfserve '),
 ('411', 'filename', '0', 'en_us', ' selfserve webm '),
 ('411', 'extension', '0', 'en_us', ' webm '),
 ('411', 'kind', '0', 'en_us', ' video '),
 ('411', 'slug', '0', 'en_us', ' selfserve '),
 ('411', 'title', '0', 'en_us', ' selfserve '),
 ('411', 'filename', '0', 'de_de', ' selfserve webm '),
 ('411', 'extension', '0', 'de_de', ' webm '),
 ('411', 'kind', '0', 'de_de', ' video '),
 ('411', 'slug', '0', 'de_de', ' selfserve '),
 ('411', 'title', '0', 'de_de', ' selfserve '),
 ('412', 'filename', '0', 'en_us', ' snapchat mp4 '),
 ('412', 'extension', '0', 'en_us', ' mp4 '),
 ('412', 'kind', '0', 'en_us', ' video '),
 ('412', 'slug', '0', 'en_us', ' snapchat '),
 ('412', 'title', '0', 'en_us', ' snapchat '),
 ('412', 'filename', '0', 'de_de', ' snapchat mp4 '),
 ('412', 'extension', '0', 'de_de', ' mp4 '),
 ('412', 'kind', '0', 'de_de', ' video '),
 ('412', 'slug', '0', 'de_de', ' snapchat '),
 ('412', 'title', '0', 'de_de', ' snapchat '),
 ('413', 'filename', '0', 'en_us', ' snapchat webm '),
 ('413', 'extension', '0', 'en_us', ' webm '),
 ('413', 'kind', '0', 'en_us', ' video '),
 ('413', 'slug', '0', 'en_us', ' snapchat '),
 ('413', 'title', '0', 'en_us', ' snapchat '),
 ('413', 'filename', '0', 'de_de', ' snapchat webm '),
 ('413', 'extension', '0', 'de_de', ' webm '),
 ('413', 'kind', '0', 'de_de', ' video '),
 ('413', 'slug', '0', 'de_de', ' snapchat '),
 ('413', 'title', '0', 'de_de', ' snapchat ');
INSERT INTO `craft_searchindex` (`elementId`, `attribute`, `fieldId`, `locale`, `keywords`) VALUES
 ('414', 'filename', '0', 'en_us', ' snapchat2 mp4 '),
 ('414', 'extension', '0', 'en_us', ' mp4 '),
 ('414', 'kind', '0', 'en_us', ' video '),
 ('414', 'slug', '0', 'en_us', ' snapchat2 '),
 ('414', 'title', '0', 'en_us', ' snapchat2 '),
 ('414', 'filename', '0', 'de_de', ' snapchat2 mp4 '),
 ('414', 'extension', '0', 'de_de', ' mp4 '),
 ('414', 'kind', '0', 'de_de', ' video '),
 ('414', 'slug', '0', 'de_de', ' snapchat2 '),
 ('414', 'title', '0', 'de_de', ' snapchat2 '),
 ('415', 'filename', '0', 'en_us', ' snapchat2_vertical mp4 '),
 ('415', 'extension', '0', 'en_us', ' mp4 '),
 ('415', 'kind', '0', 'en_us', ' video '),
 ('415', 'slug', '0', 'en_us', ' snapchat2 vertical '),
 ('415', 'title', '0', 'en_us', ' snapchat2 vertical '),
 ('415', 'filename', '0', 'de_de', ' snapchat2_vertical mp4 '),
 ('415', 'extension', '0', 'de_de', ' mp4 '),
 ('415', 'kind', '0', 'de_de', ' video '),
 ('415', 'slug', '0', 'de_de', ' snapchat2 vertical '),
 ('415', 'title', '0', 'de_de', ' snapchat2 vertical '),
 ('416', 'filename', '0', 'en_us', ' snapchat2 webm '),
 ('416', 'extension', '0', 'en_us', ' webm '),
 ('416', 'kind', '0', 'en_us', ' video '),
 ('416', 'slug', '0', 'en_us', ' snapchat2 '),
 ('416', 'title', '0', 'en_us', ' snapchat2 '),
 ('416', 'filename', '0', 'de_de', ' snapchat2 webm '),
 ('416', 'extension', '0', 'de_de', ' webm '),
 ('416', 'kind', '0', 'de_de', ' video '),
 ('416', 'slug', '0', 'de_de', ' snapchat2 '),
 ('416', 'title', '0', 'de_de', ' snapchat2 '),
 ('417', 'filename', '0', 'en_us', ' snapchat2_vertical webm '),
 ('417', 'extension', '0', 'en_us', ' webm '),
 ('417', 'kind', '0', 'en_us', ' video '),
 ('417', 'slug', '0', 'en_us', ' snapchat2 vertical '),
 ('417', 'title', '0', 'en_us', ' snapchat2 vertical '),
 ('417', 'filename', '0', 'de_de', ' snapchat2_vertical webm '),
 ('417', 'extension', '0', 'de_de', ' webm '),
 ('417', 'kind', '0', 'de_de', ' video '),
 ('417', 'slug', '0', 'de_de', ' snapchat2 vertical '),
 ('417', 'title', '0', 'de_de', ' snapchat2 vertical '),
 ('418', 'filename', '0', 'en_us', ' snapchat_vertical mp4 '),
 ('418', 'extension', '0', 'en_us', ' mp4 '),
 ('418', 'kind', '0', 'en_us', ' video '),
 ('418', 'slug', '0', 'en_us', ' snapchat vertical '),
 ('418', 'title', '0', 'en_us', ' snapchat vertical '),
 ('418', 'filename', '0', 'de_de', ' snapchat_vertical mp4 '),
 ('418', 'extension', '0', 'de_de', ' mp4 '),
 ('418', 'kind', '0', 'de_de', ' video '),
 ('418', 'slug', '0', 'de_de', ' snapchat vertical '),
 ('418', 'title', '0', 'de_de', ' snapchat vertical '),
 ('419', 'filename', '0', 'en_us', ' snapchat_vertical webm '),
 ('419', 'extension', '0', 'en_us', ' webm '),
 ('419', 'kind', '0', 'en_us', ' video '),
 ('419', 'slug', '0', 'en_us', ' snapchat vertical '),
 ('419', 'title', '0', 'en_us', ' snapchat vertical '),
 ('419', 'filename', '0', 'de_de', ' snapchat_vertical webm '),
 ('419', 'extension', '0', 'de_de', ' webm '),
 ('419', 'kind', '0', 'de_de', ' video '),
 ('419', 'slug', '0', 'de_de', ' snapchat vertical '),
 ('419', 'title', '0', 'de_de', ' snapchat vertical '),
 ('420', 'filename', '0', 'en_us', ' target mp4 '),
 ('420', 'extension', '0', 'en_us', ' mp4 '),
 ('420', 'kind', '0', 'en_us', ' video '),
 ('420', 'slug', '0', 'en_us', ' target '),
 ('420', 'title', '0', 'en_us', ' target '),
 ('420', 'filename', '0', 'de_de', ' target mp4 '),
 ('420', 'extension', '0', 'de_de', ' mp4 '),
 ('420', 'kind', '0', 'de_de', ' video '),
 ('420', 'slug', '0', 'de_de', ' target '),
 ('420', 'title', '0', 'de_de', ' target '),
 ('421', 'filename', '0', 'en_us', ' target webm '),
 ('421', 'extension', '0', 'en_us', ' webm '),
 ('421', 'kind', '0', 'en_us', ' video '),
 ('421', 'slug', '0', 'en_us', ' target '),
 ('421', 'title', '0', 'en_us', ' target '),
 ('421', 'filename', '0', 'de_de', ' target webm '),
 ('421', 'extension', '0', 'de_de', ' webm '),
 ('421', 'kind', '0', 'de_de', ' video '),
 ('421', 'slug', '0', 'de_de', ' target '),
 ('421', 'title', '0', 'de_de', ' target '),
 ('422', 'filename', '0', 'en_us', ' tedbaker webm '),
 ('422', 'extension', '0', 'en_us', ' webm '),
 ('422', 'kind', '0', 'en_us', ' video '),
 ('422', 'slug', '0', 'en_us', ' tedbaker '),
 ('422', 'title', '0', 'en_us', ' tedbaker '),
 ('422', 'filename', '0', 'de_de', ' tedbaker webm '),
 ('422', 'extension', '0', 'de_de', ' webm '),
 ('422', 'kind', '0', 'de_de', ' video '),
 ('422', 'slug', '0', 'de_de', ' tedbaker '),
 ('422', 'title', '0', 'de_de', ' tedbaker '),
 ('423', 'filename', '0', 'en_us', ' warbyparker mp4 '),
 ('423', 'extension', '0', 'en_us', ' mp4 '),
 ('423', 'kind', '0', 'en_us', ' video '),
 ('423', 'slug', '0', 'en_us', ' warbyparker '),
 ('423', 'title', '0', 'en_us', ' warbyparker '),
 ('423', 'filename', '0', 'de_de', ' warbyparker mp4 '),
 ('423', 'extension', '0', 'de_de', ' mp4 '),
 ('423', 'kind', '0', 'de_de', ' video '),
 ('423', 'slug', '0', 'de_de', ' warbyparker '),
 ('423', 'title', '0', 'de_de', ' warbyparker ');
INSERT INTO `craft_searchindex` (`elementId`, `attribute`, `fieldId`, `locale`, `keywords`) VALUES
 ('424', 'filename', '0', 'en_us', ' warbyparker webm '),
 ('424', 'extension', '0', 'en_us', ' webm '),
 ('424', 'kind', '0', 'en_us', ' video '),
 ('424', 'slug', '0', 'en_us', ' warbyparker '),
 ('424', 'title', '0', 'en_us', ' warbyparker '),
 ('424', 'filename', '0', 'de_de', ' warbyparker webm '),
 ('424', 'extension', '0', 'de_de', ' webm '),
 ('424', 'kind', '0', 'de_de', ' video '),
 ('424', 'slug', '0', 'de_de', ' warbyparker '),
 ('424', 'title', '0', 'de_de', ' warbyparker '),
 ('425', 'filename', '0', 'en_us', ' tedbaker mp4 '),
 ('425', 'extension', '0', 'en_us', ' mp4 '),
 ('425', 'kind', '0', 'en_us', ' video '),
 ('425', 'slug', '0', 'en_us', ' tedbaker '),
 ('425', 'title', '0', 'en_us', ' tedbaker '),
 ('425', 'filename', '0', 'de_de', ' tedbaker mp4 '),
 ('425', 'extension', '0', 'de_de', ' mp4 '),
 ('425', 'kind', '0', 'de_de', ' video '),
 ('425', 'slug', '0', 'de_de', ' tedbaker '),
 ('425', 'title', '0', 'de_de', ' tedbaker '),
 ('433', 'field', '131', 'en_us', ' left '),
 ('433', 'field', '10', 'en_us', ' video to the left of this text '),
 ('433', 'field', '11', 'en_us', ' gallia est omnis divisa in partes tres quarum contra legem facit qui id facit quod lex prohibet tu quoque brute fili mi nihil timor populi nihil nec dubitamus multa iter quae et nos invenerat nihil hic munitissimus habendi senatus locus nihil horum idque caesaris facere voluntate liceret sese habere '),
 ('433', 'field', '71', 'en_us', ' custom http google com test normal 1 '),
 ('433', 'slug', '0', 'en_us', ''),
 ('434', 'field', '128', 'en_us', ' gatorade '),
 ('434', 'field', '129', 'en_us', ''),
 ('434', 'slug', '0', 'en_us', ''),
 ('270', 'field', '15', 'en_us', ' yellow '),
 ('270', 'field', '16', 'en_us', ' 1 '),
 ('270', 'field', '89', 'en_us', ''),
 ('270', 'field', '112', 'en_us', ' entry 292 get started 0 snapchat it s your business on mobile intro '),
 ('356', 'field', '197', 'en_us', ''),
 ('270', 'field', '3', 'en_us', ' normal 0 primary left left 0 0 0 0 website 0 gray audiences 0 0 blue 0 0 0 0 normal 0 primary left left 0 average daily active snapchatters globally1 homepage 1 1 average number of times daily active snapchatters open the app each day2 homepage 1 2 average minutes spent in the app each day by daily active snapchatters2 homepage 1 3 average percentage of daily active snapchatters who create with our camera every day1 homepage 1 1 0 0 0 website 0 gray 1 0 blue 0 0 0 0 normal 0 primary left left 0 0 0 0 website 0 white ad products 0 0 blue 0 0 0 0 normal 0 primary left left reach a huge audience with the most engaging ad formats on mobile raise awareness homepage burberry burberry burberry entry 98 explore solutions measurement reach raise awareness inspire our engaged audience to lean in and learn more seamlessly increase consideration bumble geo filter 2x bumble v2 bumble v2 entry 98 explore solutions increase consideration increase consideration make an impact instantly with ads that are fun to interact with drive action homepage gametime gametime gametime entry 98 explore solutions drive action drive action 0 0 0 0 website 0 gray 0 0 blue 0 0 0 0 normal 0 primary left left 0 0 0 0 website 0 gray ad tools 0 0 blue 0 0 0 0 normal 0 primary left left 0 ad tools ad manager 2x 0 0 0 website create manage and measure your campaigns at work or on the go entry 98 learn more 0 gray 0 0 blue 0 0 0 0 normal 0 primary left left 0 0 0 0 website 0 white video 0 0 blue 0 0 0 0 normal 0 primary left left 0 snapchat is 0 0 0 website 0 gray 0 0 blue 0 0 0 0 normal 0 primary left left 0 everything you need to know final1x snapchat snapchat 0 0 0 website 1 gray 0 0 blue 0 0 0 0 '),
 ('270', 'field', '196', 'en_us', ''),
 ('270', 'field', '197', 'en_us', ''),
 ('270', 'field', '198', 'en_us', ''),
 ('270', 'field', '101', 'en_us', ''),
 ('270', 'field', '102', 'en_us', ''),
 ('270', 'field', '104', 'en_us', ''),
 ('270', 'field', '107', 'en_us', ' website '),
 ('270', 'field', '103', 'en_us', ''),
 ('270', 'field', '105', 'en_us', ''),
 ('270', 'field', '106', 'en_us', ''),
 ('270', 'field', '15', 'de_de', ' yellow '),
 ('270', 'field', '107', 'de_de', ' website '),
 ('356', 'field', '197', 'de_de', ''),
 ('348', 'field', '198', 'en_us', ''),
 ('348', 'field', '197', 'de_de', ''),
 ('356', 'field', '198', 'en_us', ''),
 ('356', 'field', '196', 'en_us', ''),
 ('442', 'field', '113', 'en_us', ' snapchat it s your business on mobile '),
 ('442', 'field', '114', 'en_us', ' entry 292 get started '),
 ('290', 'field', '155', 'en_us', ' audiences '),
 ('460', 'title', '0', 'en_us', ' homepage 1 1 '),
 ('460', 'slug', '0', 'en_us', ' homepage 1 1 '),
 ('460', 'kind', '0', 'en_us', ' image '),
 ('460', 'extension', '0', 'en_us', ' png '),
 ('460', 'filename', '0', 'en_us', ' homepage 1 1 png '),
 ('442', 'field', '115', 'en_us', ' 0 '),
 ('442', 'field', '141', 'en_us', ' intro '),
 ('442', 'slug', '0', 'en_us', ''),
 ('314', 'field', '196', 'en_us', ''),
 ('314', 'field', '197', 'en_us', ''),
 ('314', 'field', '198', 'en_us', ''),
 ('314', 'field', '197', 'de_de', ''),
 ('328', 'field', '233', 'en_us', ''),
 ('450', 'slug', '0', 'en_us', ''),
 ('450', 'field', '34', 'de_de', ' entry 290 audiences '),
 ('450', 'slug', '0', 'de_de', ''),
 ('451', 'field', '34', 'en_us', ' entry 291 measurement '),
 ('451', 'slug', '0', 'en_us', ''),
 ('451', 'field', '34', 'de_de', ' entry 291 measurement '),
 ('451', 'slug', '0', 'de_de', ''),
 ('452', 'field', '190', 'en_us', ' entry 363 success stories '),
 ('452', 'slug', '0', 'en_us', ''),
 ('452', 'field', '190', 'de_de', ' entry 363 success stories '),
 ('452', 'slug', '0', 'de_de', ''),
 ('453', 'field', '190', 'en_us', ' entry 362 creative spotlight '),
 ('453', 'slug', '0', 'en_us', ''),
 ('453', 'field', '190', 'de_de', ' entry 362 creative spotlight '),
 ('453', 'slug', '0', 'de_de', ''),
 ('454', 'field', '34', 'en_us', ' entry 444 inspiration '),
 ('454', 'field', '189', 'en_us', ' entry 363 success stories entry 362 creative spotlight '),
 ('454', 'slug', '0', 'en_us', ''),
 ('454', 'field', '34', 'de_de', ' entry 444 inspiration '),
 ('454', 'field', '189', 'de_de', ' entry 363 success stories entry 362 creative spotlight '),
 ('454', 'slug', '0', 'de_de', ''),
 ('455', 'field', '190', 'en_us', ' entry 363 success stories '),
 ('455', 'slug', '0', 'en_us', ''),
 ('455', 'field', '190', 'de_de', ' entry 363 success stories '),
 ('455', 'slug', '0', 'de_de', ''),
 ('456', 'field', '190', 'en_us', ' entry 362 creative spotlight '),
 ('456', 'slug', '0', 'en_us', ''),
 ('456', 'field', '190', 'de_de', ' entry 362 creative spotlight '),
 ('456', 'slug', '0', 'de_de', ''),
 ('444', 'field', '191', 'en_us', ' latest success stories '),
 ('444', 'field', '192', 'en_us', ' entry 363 view all '),
 ('444', 'field', '193', 'en_us', ' creative spotlight '),
 ('444', 'field', '195', 'en_us', ' entry 362 view all ');
INSERT INTO `craft_searchindex` (`elementId`, `attribute`, `fieldId`, `locale`, `keywords`) VALUES
 ('444', 'field', '89', 'en_us', ''),
 ('444', 'field', '103', 'en_us', ''),
 ('444', 'field', '106', 'en_us', ''),
 ('444', 'field', '105', 'en_us', ''),
 ('444', 'field', '107', 'en_us', ' website '),
 ('444', 'field', '102', 'en_us', ''),
 ('444', 'field', '104', 'en_us', ''),
 ('444', 'field', '101', 'en_us', ''),
 ('444', 'field', '7', 'de_de', ' inspiration '),
 ('444', 'field', '15', 'de_de', ' yellow '),
 ('444', 'field', '191', 'de_de', ' latest success stories '),
 ('444', 'field', '192', 'de_de', ' entry 363 view all '),
 ('444', 'field', '193', 'de_de', ' creative spotlight '),
 ('444', 'field', '195', 'de_de', ' entry 362 view all '),
 ('444', 'field', '107', 'de_de', ' website '),
 ('362', 'field', '7', 'en_us', ' creative spotlight '),
 ('362', 'field', '15', 'en_us', ' yellow '),
 ('362', 'field', '10', 'en_us', ' explore the most compelling ads on mobile '),
 ('362', 'field', '136', 'en_us', ' ad product '),
 ('362', 'field', '137', 'en_us', ' objective '),
 ('362', 'field', '138', 'en_us', ' industry '),
 ('362', 'field', '156', 'en_us', ' region '),
 ('362', 'field', '200', 'en_us', ' creative spotlight '),
 ('362', 'field', '201', 'en_us', ' product used '),
 ('362', 'field', '202', 'en_us', ' objective '),
 ('362', 'field', '7', 'de_de', ' creative spotlight '),
 ('362', 'field', '15', 'de_de', ' yellow '),
 ('362', 'field', '156', 'de_de', ' region '),
 ('362', 'field', '201', 'de_de', ' product used '),
 ('362', 'field', '202', 'de_de', ' objective '),
 ('457', 'field', '155', 'en_us', ' bareminerals '),
 ('457', 'field', '208', 'en_us', ''),
 ('457', 'field', '205', 'en_us', ' bareminerals increased search traffic with its snap ads long form video campaign '),
 ('457', 'field', '203', 'en_us', ' snapad '),
 ('457', 'field', '204', 'en_us', ' raiseawareness '),
 ('457', 'slug', '0', 'en_us', ' bareminerals '),
 ('457', 'title', '0', 'en_us', ' bareminerals '),
 ('457', 'field', '155', 'de_de', ' bareminerals '),
 ('457', 'field', '208', 'de_de', ' bloomingdales solutions device 1 '),
 ('457', 'field', '205', 'de_de', ' bareminerals increased search traffic with its snap ads long form video campaign '),
 ('457', 'field', '203', 'de_de', ' longformvideo '),
 ('457', 'field', '204', 'de_de', ' raiseawareness '),
 ('457', 'slug', '0', 'de_de', ' bareminerals '),
 ('457', 'title', '0', 'de_de', ' bareminerals '),
 ('362', 'field', '104', 'en_us', ''),
 ('362', 'field', '198', 'en_us', ''),
 ('362', 'field', '196', 'en_us', ''),
 ('362', 'field', '101', 'en_us', ''),
 ('362', 'field', '197', 'en_us', ''),
 ('358', 'field', '40', 'en_us', ''),
 ('358', 'field', '177', 'en_us', ' 0 '),
 ('358', 'field', '88', 'en_us', ''),
 ('358', 'field', '87', 'en_us', ''),
 ('358', 'field', '86', 'en_us', ''),
 ('358', 'field', '145', 'en_us', ''),
 ('358', 'field', '126', 'en_us', ''),
 ('358', 'field', '179', 'en_us', ''),
 ('358', 'field', '196', 'en_us', ''),
 ('358', 'field', '197', 'en_us', ''),
 ('358', 'field', '198', 'en_us', ''),
 ('358', 'field', '40', 'de_de', ''),
 ('358', 'field', '177', 'de_de', ' 0 '),
 ('358', 'field', '197', 'de_de', ''),
 ('464', 'title', '0', 'de_de', ' kochava 2x '),
 ('464', 'slug', '0', 'de_de', ' kochava 2x '),
 ('464', 'kind', '0', 'de_de', ' image '),
 ('270', 'field', '197', 'de_de', ''),
 ('462', 'kind', '0', 'de_de', ' image '),
 ('462', 'slug', '0', 'de_de', ' homepage 1 3 '),
 ('462', 'title', '0', 'de_de', ' homepage 1 3 '),
 ('463', 'filename', '0', 'en_us', ' innovid_2x png '),
 ('463', 'extension', '0', 'en_us', ' png '),
 ('463', 'kind', '0', 'en_us', ' image '),
 ('463', 'slug', '0', 'en_us', ' innovid 2x '),
 ('463', 'title', '0', 'en_us', ' innovid 2x '),
 ('463', 'filename', '0', 'de_de', ' innovid_2x png '),
 ('463', 'extension', '0', 'de_de', ' png '),
 ('463', 'kind', '0', 'de_de', ' image '),
 ('463', 'slug', '0', 'de_de', ' innovid 2x '),
 ('463', 'title', '0', 'de_de', ' innovid 2x '),
 ('464', 'filename', '0', 'en_us', ' kochava_2x png '),
 ('464', 'extension', '0', 'en_us', ' png ');



DROP TABLE IF EXISTS `craft_sections`;


--
-- Schema for table `craft_sections`
--
CREATE TABLE `craft_sections` (
  `id` int(11) NOT NULL AUTO_INCREMENT,
  `structureId` int(11) DEFAULT NULL,
  `name` varchar(255) COLLATE utf8_unicode_ci NOT NULL,
  `handle` varchar(255) COLLATE utf8_unicode_ci NOT NULL,
  `type` enum('single','channel','structure') COLLATE utf8_unicode_ci NOT NULL DEFAULT 'channel',
  `hasUrls` tinyint(1) unsigned NOT NULL DEFAULT '1',
  `template` varchar(500) COLLATE utf8_unicode_ci DEFAULT NULL,
  `enableVersioning` tinyint(1) unsigned NOT NULL DEFAULT '0',
  `dateCreated` datetime NOT NULL,
  `dateUpdated` datetime NOT NULL,
  `uid` char(36) COLLATE utf8_unicode_ci NOT NULL DEFAULT '0',
  PRIMARY KEY (`id`),
  UNIQUE KEY `craft_sections_name_unq_idx` (`name`),
  UNIQUE KEY `craft_sections_handle_unq_idx` (`handle`),
  KEY `craft_sections_structureId_fk` (`structureId`)
) ENGINE=InnoDB AUTO_INCREMENT=14 DEFAULT CHARSET=utf8 COLLATE=utf8_unicode_ci;

--
-- Data for table `craft_sections`
--

INSERT INTO `craft_sections` (`id`, `structureId`, `name`, `handle`, `type`, `hasUrls`, `template`, `enableVersioning`, `dateCreated`, `dateUpdated`, `uid`) VALUES
 ('2', NULL, 'Insights and News Entries', 'insightsAndNewsEntries', 'channel', '1', 'blog/_entry', '1', '2017-07-20 17:27:59', '2017-08-22 18:21:30', '022b50f9-06f0-4003-bfe8-9198d930d407'),
 ('3', '1', 'Pages', 'pages', 'structure', '1', 'pages/_entry', '1', '2017-07-20 18:25:45', '2017-08-07 18:42:10', '1c733ed8-ddbf-47b2-8ecb-cf5bf8ccfbd5'),
 ('4', '2', 'Success Story Entries', 'successStoryEntries', 'structure', '0', NULL, '1', '2017-07-20 21:27:22', '2017-09-06 17:56:59', '3b569e27-5319-4ef9-8e3b-7eb2bd41526b'),
 ('8', NULL, 'Insights and News', 'insightsAndNews', 'single', '1', 'blog', '1', '2017-08-07 21:28:57', '2017-08-22 18:21:03', 'f6b22f5d-2459-412b-b6e6-8fae61f7da70'),
 ('9', NULL, 'Home', 'home', 'single', '1', '', '1', '2017-08-07 22:23:23', '2017-08-31 21:23:17', 'dd88d442-36b8-4ed5-aec5-953097103863'),
 ('10', '97', 'Creative Spotlight Entries', 'creativeSpotlightEntries', 'structure', '0', NULL, '1', '2017-08-23 23:10:29', '2017-08-24 18:12:55', 'edbbc96a-fc85-49c7-bd82-58906f3b17fe'),
 ('11', NULL, 'Creative Spotlight', 'creativeSpotlight', 'single', '1', 'creative-spotlight', '1', '2017-08-24 20:53:17', '2017-08-24 20:53:17', 'd79b2ed9-9775-4c3c-b593-75a613f2bf78'),
 ('12', NULL, 'Success Stories', 'successStories', 'single', '1', 'success-stories', '1', '2017-08-24 20:55:06', '2017-08-24 20:55:06', '09b13930-be8d-45a0-a2a2-467d8718d1d6'),
 ('13', NULL, 'Inspiration', 'inspiration', 'single', '1', '', '1', '2017-09-06 21:26:36', '2017-09-06 21:26:36', '9d15a9bd-7e6d-491c-8c22-1a236dd9de87');



DROP TABLE IF EXISTS `craft_sections_i18n`;


--
-- Schema for table `craft_sections_i18n`
--
CREATE TABLE `craft_sections_i18n` (
  `id` int(11) NOT NULL AUTO_INCREMENT,
  `sectionId` int(11) NOT NULL,
  `locale` char(12) COLLATE utf8_unicode_ci NOT NULL,
  `enabledByDefault` tinyint(1) unsigned NOT NULL DEFAULT '1',
  `urlFormat` text COLLATE utf8_unicode_ci,
  `nestedUrlFormat` text COLLATE utf8_unicode_ci,
  `dateCreated` datetime NOT NULL,
  `dateUpdated` datetime NOT NULL,
  `uid` char(36) COLLATE utf8_unicode_ci NOT NULL DEFAULT '0',
  PRIMARY KEY (`id`),
  UNIQUE KEY `craft_sections_i18n_sectionId_locale_unq_idx` (`sectionId`,`locale`),
  KEY `craft_sections_i18n_locale_fk` (`locale`)
) ENGINE=InnoDB AUTO_INCREMENT=26 DEFAULT CHARSET=utf8 COLLATE=utf8_unicode_ci;

--
-- Data for table `craft_sections_i18n`
--

INSERT INTO `craft_sections_i18n` (`id`, `sectionId`, `locale`, `enabledByDefault`, `urlFormat`, `nestedUrlFormat`, `dateCreated`, `dateUpdated`, `uid`) VALUES
 ('2', '2', 'en_us', '1', 'blog/{slug}', NULL, '2017-07-20 17:27:59', '2017-07-20 21:26:42', 'aefd676a-658f-4370-8128-4f08db257ba8'),
 ('3', '3', 'en_us', '1', '{slug}', '{parent.uri}/{slug}', '2017-07-20 18:25:45', '2017-07-20 18:25:45', 'dc145741-2a4c-4517-b99d-10103baeae2a'),
 ('4', '4', 'en_us', '1', NULL, NULL, '2017-07-20 21:27:22', '2017-07-20 21:27:22', '2aeafbc6-63e5-4479-8a9b-59dc77f0eee8'),
 ('7', '3', 'de_de', '1', '{slug}', '{parent.uri}/{slug}', '2017-08-07 16:50:22', '2017-08-07 16:50:22', '55f1aec9-efa4-4840-ac62-1de589ed4eb1'),
 ('10', '4', 'de_de', '1', NULL, NULL, '2017-08-07 18:41:55', '2017-08-07 18:41:55', '10404255-d470-4cd2-9374-edbcec69c26b'),
 ('13', '2', 'de_de', '1', 'blog/{slug}', NULL, '2017-08-07 18:42:14', '2017-08-07 18:42:14', 'e0e6a984-9a14-444d-8cc4-f1dfe0007658'),
 ('14', '8', 'en_us', '1', 'blog', NULL, '2017-08-07 21:28:57', '2017-08-07 21:28:57', 'd11727fe-c1be-4756-a3b2-135be544a521'),
 ('15', '8', 'de_de', '1', 'blog', NULL, '2017-08-07 21:28:57', '2017-08-07 21:28:57', 'e0ebd710-3424-4d43-b871-a5ac0265ea04'),
 ('16', '9', 'en_us', '1', '__home__', NULL, '2017-08-07 22:23:23', '2017-08-07 22:23:23', '1692e83e-ca6b-4673-bb98-3f1a873c2b47'),
 ('17', '9', 'de_de', '1', '__home__', NULL, '2017-08-07 22:23:23', '2017-08-07 22:23:23', 'aa16a690-cc94-4899-a021-1a11d0586abe'),
 ('18', '10', 'en_us', '1', NULL, NULL, '2017-08-23 23:10:29', '2017-08-23 23:10:29', 'c316cc97-e34a-4e5e-839b-74bdcb8c49e0'),
 ('19', '10', 'de_de', '1', NULL, NULL, '2017-08-23 23:10:29', '2017-08-23 23:10:29', 'abdfae44-dbfc-4dba-921c-3db4a8382234'),
 ('20', '11', 'en_us', '1', 'creative-spotlight', NULL, '2017-08-24 20:53:17', '2017-08-24 20:53:17', 'eac63ab9-3499-4a2b-9715-3cba4b8173ab'),
 ('21', '11', 'de_de', '1', 'creative-spotlight', NULL, '2017-08-24 20:53:17', '2017-08-24 20:53:17', 'f0e78f1b-f652-435d-a4de-901dccb8e8a0'),
 ('22', '12', 'en_us', '1', 'success-stories', NULL, '2017-08-24 20:55:06', '2017-08-24 20:55:06', '1d9627ba-f47e-43c1-887a-25dbf6330e70'),
 ('23', '12', 'de_de', '1', 'success-stories', NULL, '2017-08-24 20:55:06', '2017-08-24 20:55:06', '56e2a607-d292-43a5-b787-31d2795694c9'),
 ('24', '13', 'en_us', '1', 'inspiration', NULL, '2017-09-06 21:26:36', '2017-09-06 21:26:36', '24f18dcd-2652-4c4a-9c40-c7269426ffbb'),
 ('25', '13', 'de_de', '1', 'inspiration', NULL, '2017-09-06 21:26:36', '2017-09-06 21:26:36', '8cc096e6-63ac-4145-bdaf-7b1605c927b5');



DROP TABLE IF EXISTS `craft_sessions`;


--
-- Schema for table `craft_sessions`
--
CREATE TABLE `craft_sessions` (
  `id` int(11) NOT NULL AUTO_INCREMENT,
  `userId` int(11) NOT NULL,
  `token` char(100) COLLATE utf8_unicode_ci NOT NULL,
  `dateCreated` datetime NOT NULL,
  `dateUpdated` datetime NOT NULL,
  `uid` char(36) COLLATE utf8_unicode_ci NOT NULL DEFAULT '0',
  PRIMARY KEY (`id`),
  KEY `craft_sessions_uid_idx` (`uid`),
  KEY `craft_sessions_token_idx` (`token`),
  KEY `craft_sessions_dateUpdated_idx` (`dateUpdated`),
  KEY `craft_sessions_userId_fk` (`userId`)
) ENGINE=InnoDB AUTO_INCREMENT=2 DEFAULT CHARSET=utf8 COLLATE=utf8_unicode_ci;

DROP TABLE IF EXISTS `craft_shunnedmessages`;


--
-- Schema for table `craft_shunnedmessages`
--
CREATE TABLE `craft_shunnedmessages` (
  `id` int(11) NOT NULL AUTO_INCREMENT,
  `userId` int(11) NOT NULL,
  `message` varchar(255) COLLATE utf8_unicode_ci NOT NULL,
  `expiryDate` datetime DEFAULT NULL,
  `dateCreated` datetime NOT NULL,
  `dateUpdated` datetime NOT NULL,
  `uid` char(36) COLLATE utf8_unicode_ci NOT NULL DEFAULT '0',
  PRIMARY KEY (`id`),
  UNIQUE KEY `craft_shunnedmessages_userId_message_unq_idx` (`userId`,`message`)
) ENGINE=InnoDB DEFAULT CHARSET=utf8 COLLATE=utf8_unicode_ci;

DROP TABLE IF EXISTS `craft_structureelements`;


--
-- Schema for table `craft_structureelements`
--
CREATE TABLE `craft_structureelements` (
  `id` int(11) NOT NULL AUTO_INCREMENT,
  `structureId` int(11) NOT NULL,
  `elementId` int(11) DEFAULT NULL,
  `root` int(11) unsigned DEFAULT NULL,
  `lft` int(11) unsigned NOT NULL,
  `rgt` int(11) unsigned NOT NULL,
  `level` smallint(6) unsigned NOT NULL,
  `dateCreated` datetime NOT NULL,
  `dateUpdated` datetime NOT NULL,
  `uid` char(36) COLLATE utf8_unicode_ci NOT NULL DEFAULT '0',
  PRIMARY KEY (`id`),
  UNIQUE KEY `craft_structureelements_structureId_elementId_unq_idx` (`structureId`,`elementId`),
  KEY `craft_structureelements_root_idx` (`root`),
  KEY `craft_structureelements_lft_idx` (`lft`),
  KEY `craft_structureelements_rgt_idx` (`rgt`),
  KEY `craft_structureelements_level_idx` (`level`),
  KEY `craft_structureelements_elementId_fk` (`elementId`)
) ENGINE=InnoDB AUTO_INCREMENT=1386 DEFAULT CHARSET=utf8 COLLATE=utf8_unicode_ci;

--
-- Data for table `craft_structureelements`
--

INSERT INTO `craft_structureelements` (`id`, `structureId`, `elementId`, `root`, `lft`, `rgt`, `level`, `dateCreated`, `dateUpdated`, `uid`) VALUES
 ('1', '1', NULL, '1', '1', '12', '0', '2017-07-20 21:28:52', '2017-07-20 21:28:52', '374f4ed8-7f03-42d3-a689-92f420cc2a64'),
 ('67', '2', NULL, '67', '1', '4', '0', '2017-07-21 23:29:50', '2017-07-21 23:29:50', 'a8096e0c-260b-46ed-95ab-155a5bf9b715'),
 ('351', '1', '98', '1', '2', '3', '1', '2017-07-26 22:48:34', '2017-07-26 22:48:34', '83770ad1-71c5-45a2-becc-042de3fbb73e'),
 ('742', '44', NULL, '742', '1', '30', '0', '2017-07-27 00:17:05', '2017-07-27 00:17:05', '85892169-db27-4290-b755-a7788bdcee65'),
 ('743', '44', '34', '742', '2', '7', '1', '2017-07-27 00:17:05', '2017-07-27 00:17:05', '407ebe9f-dcc7-4d7b-9041-1a267b9cab0a'),
 ('744', '44', '35', '742', '3', '4', '2', '2017-07-27 00:17:05', '2017-07-27 00:17:05', '5604196d-d5a7-46b2-9073-5be89d008f15'),
 ('746', '44', '36', '742', '5', '6', '2', '2017-07-27 00:17:05', '2017-07-27 00:17:05', '820f7131-5244-4285-926d-6c0487c52fe8'),
 ('748', '44', '39', '742', '8', '11', '1', '2017-07-27 00:17:05', '2017-07-27 00:17:05', '2700d794-b3dd-4d57-b804-610cef5ba6f5'),
 ('749', '44', '40', '742', '9', '10', '2', '2017-07-27 00:17:05', '2017-07-27 00:17:05', '43877985-edc8-4a7a-9453-10ecdfaba5cd'),
 ('751', '44', '42', '742', '12', '17', '1', '2017-07-27 00:17:05', '2017-07-27 00:17:05', 'f216b884-d572-482b-9eda-7ee09e5034ba'),
 ('752', '44', '43', '742', '13', '14', '2', '2017-07-27 00:17:05', '2017-07-27 00:17:05', '0f02abae-2dcf-4261-9345-d536abfe8686'),
 ('755', '44', '44', '742', '15', '16', '2', '2017-07-27 00:17:06', '2017-07-27 00:17:06', '4aa46200-6d06-4f5e-9944-cf98ed75ecb9'),
 ('763', '44', '63', '742', '18', '23', '1', '2017-07-27 00:17:06', '2017-07-27 00:17:06', '24421dbd-255a-4d83-a065-7aab7ad515af'),
 ('764', '44', '64', '742', '19', '20', '2', '2017-07-27 00:17:06', '2017-07-27 00:17:06', 'd3602a39-0e44-4839-a6fb-e548b960c817'),
 ('768', '44', '69', '742', '21', '22', '2', '2017-07-27 00:17:06', '2017-07-27 00:17:06', '77ca0010-7c99-4e54-a69c-aebe436651b8'),
 ('769', '44', '71', '742', '24', '29', '1', '2017-07-27 00:17:06', '2017-07-27 00:17:06', 'c45caf78-4d86-4fda-8ba2-5c4e18d864f2'),
 ('770', '44', '72', '742', '25', '26', '2', '2017-07-27 00:17:06', '2017-07-27 00:17:06', 'e5f2ada2-e88e-4537-9aae-9f791c7a6138'),
 ('774', '44', '91', '742', '27', '28', '2', '2017-07-27 00:17:06', '2017-07-27 00:17:06', 'e87f3dad-850e-4fe9-be8a-102b9cff5629'),
 ('838', '60', NULL, '838', '1', '10', '0', '2017-08-03 17:11:59', '2017-08-03 17:11:59', '06eef699-cce2-4ec2-963d-ee52979f7f1f'),
 ('839', '60', '183', '838', '2', '9', '1', '2017-08-03 17:11:59', '2017-08-03 17:11:59', 'ccc7cded-9e3a-45fd-94e5-908a316d231c'),
 ('840', '60', '190', '838', '3', '4', '2', '2017-08-03 17:11:59', '2017-08-03 17:11:59', 'c16b17f2-3aa7-41dc-b1af-225e7849c4a3'),
 ('841', '60', '194', '838', '5', '6', '2', '2017-08-03 17:11:59', '2017-08-03 17:11:59', '25bf2d82-d9ef-4d8d-af3b-748231e16324'),
 ('842', '60', '202', '838', '7', '8', '2', '2017-08-03 17:11:59', '2017-08-03 17:11:59', '0c6debfd-d96e-4edb-a19a-538ea6e67add'),
 ('894', '65', NULL, '894', '1', '10', '0', '2017-08-03 22:33:25', '2017-08-03 22:33:25', '1ccdf8b6-3d72-464e-a6b0-50734aa8a20a'),
 ('895', '65', '223', '894', '2', '3', '1', '2017-08-03 22:33:25', '2017-08-03 22:33:25', '2a1c21c2-acea-4d3d-87b0-1e28e84410f6'),
 ('896', '65', '228', '894', '4', '5', '1', '2017-08-03 22:33:25', '2017-08-03 22:33:25', '1c376fa4-d873-4eac-a49f-bc0d85eee156'),
 ('897', '65', '232', '894', '6', '7', '1', '2017-08-03 22:33:26', '2017-08-03 22:33:26', '62e14e90-8ff6-4642-b4b7-c433105c3ba3'),
 ('898', '65', '237', '894', '8', '9', '1', '2017-08-03 22:33:26', '2017-08-03 22:33:26', 'a0f0c0f7-4f1f-46a6-ad59-976c3561b439'),
 ('899', '66', NULL, '899', '1', '8', '0', '2017-08-07 17:26:03', '2017-08-07 17:26:03', '7d7f5a49-a6a9-40a9-9b86-05d71655ef34'),
 ('900', '66', '243', '899', '4', '5', '1', '2017-08-07 17:26:03', '2017-08-07 17:26:03', '85d62594-418d-4ff0-8994-bf009c58097c'),
 ('901', '66', '244', '899', '6', '7', '1', '2017-08-07 17:26:14', '2017-08-07 17:26:14', '5946c36e-2644-480d-a4e2-875f6237a56f'),
 ('902', '66', '245', '899', '2', '3', '1', '2017-08-07 17:26:23', '2017-08-07 17:26:23', '3debd975-4bb0-4461-aba6-9f921281c57d'),
 ('903', '67', NULL, '903', '1', '22', '0', '2017-08-07 17:26:39', '2017-08-07 17:26:39', '32c70e5d-1d7e-420f-95db-ff7a6ca15f44'),
 ('904', '67', '246', '903', '2', '3', '1', '2017-08-07 17:26:39', '2017-08-07 17:26:39', '818a2c50-1825-4296-9b97-c3ef39182215'),
 ('905', '67', '247', '903', '10', '11', '1', '2017-08-07 17:26:50', '2017-08-07 17:26:50', 'fbed4758-e592-4852-9ef0-142c477a7651'),
 ('906', '67', '248', '903', '12', '13', '1', '2017-08-07 17:26:55', '2017-08-07 17:26:55', '47ae175d-4bad-4472-b7cd-a2510ceab279'),
 ('907', '67', '249', '903', '14', '15', '1', '2017-08-07 17:27:08', '2017-08-07 17:27:08', 'd0b8c8db-7576-4f49-bd5d-b46d7acf7128'),
 ('908', '67', '250', '903', '16', '17', '1', '2017-08-07 17:27:17', '2017-08-07 17:27:17', 'a3f93469-97de-4dc1-86cf-404f0ac15e8b'),
 ('909', '67', '251', '903', '18', '19', '1', '2017-08-07 17:27:33', '2017-08-07 17:27:33', 'ab773d9b-5908-4f56-8704-3c5a2e120eea'),
 ('910', '67', '252', '903', '4', '5', '1', '2017-08-07 17:27:40', '2017-08-07 17:27:40', '4e19d155-9719-40f0-b837-090aaa84690d'),
 ('911', '67', '253', '903', '8', '9', '1', '2017-08-07 17:28:00', '2017-08-07 17:28:00', 'ab50babd-0a1a-4fe7-b72f-ab90ce48c036'),
 ('912', '67', '254', '903', '6', '7', '1', '2017-08-07 17:28:10', '2017-08-07 17:28:10', 'afaf46fd-f17b-4c85-bfc5-496a4eae21ac'),
 ('913', '67', '255', '903', '20', '21', '1', '2017-08-07 17:28:14', '2017-08-07 17:28:14', '8cacbcad-38b7-4e3f-8169-e4382daccbd5'),
 ('914', '68', NULL, '914', '1', '8', '0', '2017-08-07 17:31:09', '2017-08-07 17:31:09', '579bf80f-9c15-4ba7-bfd9-b7e92b4875e0'),
 ('915', '68', '256', '914', '2', '3', '1', '2017-08-07 17:31:09', '2017-08-07 17:31:09', 'bba1afed-f536-4eeb-8828-2d6511c99f11'),
 ('916', '68', '257', '914', '4', '5', '1', '2017-08-07 17:31:22', '2017-08-07 17:31:22', '2f402e07-b935-4571-b8d3-3d7801250855'),
 ('917', '68', '258', '914', '6', '7', '1', '2017-08-07 17:31:27', '2017-08-07 17:31:27', '3316de5d-0d01-451b-8f0b-7c82a6fc1398'),
 ('918', '69', NULL, '918', '1', '2', '0', '2017-08-07 18:08:59', '2017-08-07 18:08:59', 'd120dbd1-edd7-48bf-83d3-a9f0acba6e0f'),
 ('937', '71', NULL, '937', '1', '6', '0', '2017-08-07 21:31:54', '2017-08-07 21:31:54', '7969fe17-399b-465c-93ef-a3449373ebdc'),
 ('939', '71', '266', '937', '2', '3', '1', '2017-08-07 21:31:59', '2017-08-07 21:31:59', 'd8513baf-2fa1-4b3a-853c-0942cdd75cc6'),
 ('940', '71', '267', '937', '4', '5', '1', '2017-08-07 21:32:21', '2017-08-07 21:32:21', 'dfb2f90b-cfb4-4186-a40f-2b66e22db7d2'),
 ('962', '1', '290', '1', '4', '5', '1', '2017-08-09 20:38:27', '2017-08-09 20:38:27', '6fe31c04-20de-486e-84be-ff8aa3bc83f5'),
 ('963', '1', '291', '1', '6', '7', '1', '2017-08-09 20:39:06', '2017-08-09 20:39:06', 'c0eec092-f494-409f-8fc9-ad207d9aab51'),
 ('964', '1', '292', '1', '8', '9', '1', '2017-08-09 20:41:34', '2017-08-09 20:41:34', '5e60f3c5-a768-48e4-ab03-07495c9f8a46'),
 ('965', '81', NULL, '965', '1', '10', '0', '2017-08-09 20:57:20', '2017-08-09 20:57:20', '8467bfbd-4c47-4cc6-bb00-7167fde5918d'),
 ('966', '81', '274', '965', '2', '3', '1', '2017-08-09 20:57:20', '2017-08-09 20:57:20', 'b9b6a7b1-3418-41fe-ae7a-103dbce952a7'),
 ('967', '81', '299', '965', '4', '5', '1', '2017-08-09 20:57:20', '2017-08-09 20:57:20', '0678c910-5b75-4f9a-9b3b-7c2b5fce0167'),
 ('968', '81', '303', '965', '6', '7', '1', '2017-08-09 20:57:20', '2017-08-09 20:57:20', '08780bc8-cd3e-481a-ac5b-2f59a633b0b2'),
 ('969', '81', '308', '965', '8', '9', '1', '2017-08-09 20:57:20', '2017-08-09 20:57:20', '222ae11e-5b50-41f5-afb7-2d0f198850c8'),
 ('975', '1', '314', '1', '10', '11', '1', '2017-08-10 22:00:29', '2017-08-10 22:00:29', '462c5924-c82a-45cd-b6d2-ea3195b33b2d'),
 ('1042', '88', NULL, '1042', '1', '6', '0', '2017-08-17 23:14:09', '2017-08-17 23:14:09', '9f7b98c4-7b60-4ac6-a224-93ae2ffb1278'),
 ('1043', '88', '345', '1042', '2', '5', '1', '2017-08-17 23:14:09', '2017-08-17 23:14:09', 'd870dffa-9fe4-47e8-80e0-fe9a021b965f'),
 ('1044', '88', '346', '1042', '3', '4', '2', '2017-08-17 23:14:09', '2017-08-17 23:14:09', '31ce7f3c-817f-4202-baf2-b99f4df8c2c7'),
 ('1048', '90', NULL, '1048', '1', '12', '0', '2017-08-22 20:53:32', '2017-08-22 20:53:32', '102e79a6-366f-4ab0-97bf-c791be4cdec9'),
 ('1049', '90', '350', '1048', '2', '3', '1', '2017-08-22 20:53:32', '2017-08-22 20:53:32', 'e622bcf1-e786-442f-848a-1dddbbf3948b'),
 ('1050', '90', '351', '1048', '4', '5', '1', '2017-08-22 20:53:42', '2017-08-22 20:53:42', 'f9429c86-d1c7-4934-9ff1-4dc30cd1019d'),
 ('1051', '90', '352', '1048', '6', '7', '1', '2017-08-22 20:53:58', '2017-08-22 20:53:58', '9425411e-bc20-4507-9e68-36e9d0aa6708'),
 ('1052', '90', '353', '1048', '8', '9', '1', '2017-08-22 20:54:07', '2017-08-22 20:54:07', '2ee277d2-f660-44b5-9b55-a315c7475740'),
 ('1053', '90', '354', '1048', '10', '11', '1', '2017-08-22 20:54:17', '2017-08-22 20:54:17', '402c3148-3adc-4ca1-9b61-b3eebffed828'),
 ('1061', '95', NULL, '1061', '1', '2', '0', '2017-08-23 17:56:29', '2017-08-23 17:56:29', 'cb630813-f8df-48a4-82fc-75c8c047c9b2'),
 ('1063', '2', '358', '67', '2', '3', '1', '2017-08-23 17:56:29', '2017-08-23 17:56:29', 'b774b161-501e-4b41-9f01-e212c01072fd'),
 ('1261', '122', NULL, '1261', '1', '12', '0', '2017-09-06 23:00:13', '2017-09-06 23:00:13', '139481d8-3fdb-443d-87ad-d052a213fe10'),
 ('1262', '122', '445', '1261', '2', '3', '1', '2017-09-06 23:00:13', '2017-09-06 23:00:13', 'bd83259a-6046-4a90-b60a-4a0a192cecba'),
 ('1263', '122', '454', '1261', '4', '5', '1', '2017-09-06 23:00:13', '2017-09-06 23:00:13', '8097bc76-7096-4c73-baa4-974cb9681def'),
 ('1264', '122', '447', '1261', '6', '7', '1', '2017-09-06 23:00:13', '2017-09-06 23:00:13', '00ae87a8-4bfd-4d42-adcf-7b554cdd4b25'),
 ('1265', '122', '450', '1261', '8', '9', '1', '2017-09-06 23:00:13', '2017-09-06 23:00:13', '66a6f612-e8ad-4494-8e85-75432f63d61e'),
 ('1266', '122', '451', '1261', '10', '11', '1', '2017-09-06 23:00:13', '2017-09-06 23:00:13', 'e4fb3343-6068-428b-b79c-addd3b27228d'),
 ('1267', '97', NULL, '1267', '1', '4', '0', '2017-09-07 20:50:17', '2017-09-07 20:50:17', 'c09646c4-2d9b-42c6-b4d0-cd668f66cfe0'),
 ('1268', '97', '457', '1267', '2', '3', '1', '2017-09-07 20:50:17', '2017-09-07 20:50:17', '7c8bafaf-bfbc-412d-a554-b0fe74daea12'),
 ('1310', '139', NULL, '1310', '1', '36', '0', '2017-09-13 00:19:18', '2017-09-13 00:19:18', '473ee72c-231d-4042-93a1-2e1a47c48ae9'),
 ('1311', '139', '317', '1310', '2', '9', '1', '2017-09-13 00:19:18', '2017-09-13 00:19:18', 'b97edf09-842f-4994-81f6-61b850c12dd5'),
 ('1312', '139', '318', '1310', '3', '4', '2', '2017-09-13 00:19:18', '2017-09-13 00:19:18', 'b5b78a28-cdf4-47bd-a3db-d6e7268a105a'),
 ('1313', '139', '322', '1310', '5', '6', '2', '2017-09-13 00:19:18', '2017-09-13 00:19:18', '55464869-f9a0-411a-80d2-55765f2ed62d'),
 ('1314', '139', '326', '1310', '7', '8', '2', '2017-09-13 00:19:19', '2017-09-13 00:19:19', '47187bde-e7fb-409e-971c-e821119e213e'),
 ('1315', '139', '330', '1310', '10', '15', '1', '2017-09-13 00:19:19', '2017-09-13 00:19:19', '7830f749-65cd-4c73-bab5-2df39ea465b9'),
 ('1316', '139', '331', '1310', '11', '12', '2', '2017-09-13 00:19:19', '2017-09-13 00:19:19', '0bf84f25-ddda-410e-8516-c4a670453c11'),
 ('1317', '139', '335', '1310', '13', '14', '2', '2017-09-13 00:19:19', '2017-09-13 00:19:19', 'e2a000c2-c50c-41eb-ba7d-54117deb9619'),
 ('1318', '139', '339', '1310', '16', '23', '1', '2017-09-13 00:19:19', '2017-09-13 00:19:19', 'ede878b4-a49e-4d7d-b896-639c6c1acfd0'),
 ('1319', '139', '340', '1310', '17', '18', '2', '2017-09-13 00:19:19', '2017-09-13 00:19:19', 'b9a59812-bf4a-4639-b6d6-12c92941a369'),
 ('1320', '139', '343', '1310', '19', '20', '2', '2017-09-13 00:19:19', '2017-09-13 00:19:19', 'b4c87e46-6a0e-4536-809e-04dd964a40b0'),
 ('1321', '139', '341', '1310', '21', '22', '2', '2017-09-13 00:19:19', '2017-09-13 00:19:19', 'a2170245-baff-4e69-962e-7afd20f09b19'),
 ('1322', '139', '426', '1310', '24', '27', '1', '2017-09-13 00:19:19', '2017-09-13 00:19:19', 'd21f6606-bee0-470f-847e-8d3139bec330'),
 ('1323', '139', '427', '1310', '25', '26', '2', '2017-09-13 00:19:19', '2017-09-13 00:19:19', '6eb581f7-9779-45c7-a2ef-81ddf38e2634'),
 ('1324', '139', '428', '1310', '28', '35', '1', '2017-09-13 00:19:19', '2017-09-13 00:19:19', 'b5284a63-5f96-42a9-9b30-38d85fcd6714'),
 ('1325', '139', '429', '1310', '29', '30', '2', '2017-09-13 00:19:19', '2017-09-13 00:19:19', '4d7bf7bc-f569-4bb7-90af-63e7b975ea16'),
 ('1326', '139', '431', '1310', '31', '32', '2', '2017-09-13 00:19:19', '2017-09-13 00:19:19', '3548a519-0dbb-470a-a767-831372cbfbdf'),
 ('1327', '139', '433', '1310', '33', '34', '2', '2017-09-13 00:19:19', '2017-09-13 00:19:19', '805a29e7-05d1-44f5-a752-cce40ddd61ba'),
 ('1376', '146', NULL, '1376', '1', '20', '0', '2017-09-14 18:41:30', '2017-09-14 18:41:30', '0220460f-8232-4485-9bc0-63b2b6386bae'),
 ('1377', '146', '468', '1376', '2', '5', '1', '2017-09-14 18:41:30', '2017-09-14 18:41:30', '95c00c11-098e-4853-b7c0-abf2f30df429'),
 ('1378', '146', '469', '1376', '3', '4', '2', '2017-09-14 18:41:30', '2017-09-14 18:41:30', '283451f1-9e6a-464a-a7ce-beba5dea1ebb');
INSERT INTO `craft_structureelements` (`id`, `structureId`, `elementId`, `root`, `lft`, `rgt`, `level`, `dateCreated`, `dateUpdated`, `uid`) VALUES
 ('1379', '146', '474', '1376', '6', '9', '1', '2017-09-14 18:41:30', '2017-09-14 18:41:30', '918c4f0e-a037-43ca-968b-9f21b7a1f4db'),
 ('1380', '146', '475', '1376', '7', '8', '2', '2017-09-14 18:41:31', '2017-09-14 18:41:31', '86cf1901-9383-43ef-b457-b28eb55d8099'),
 ('1381', '146', '487', '1376', '10', '13', '1', '2017-09-14 18:41:31', '2017-09-14 18:41:31', 'daac47ce-aa7b-4f16-9e51-82f9a498ae43'),
 ('1382', '146', '488', '1376', '11', '12', '2', '2017-09-14 18:41:31', '2017-09-14 18:41:31', '74c6d87b-3524-4a30-8d1d-f09b36936300'),
 ('1383', '146', '489', '1376', '14', '19', '1', '2017-09-14 18:41:31', '2017-09-14 18:41:31', '978cb70d-9980-40b7-b93a-6b8bc6a59381'),
 ('1384', '146', '490', '1376', '15', '16', '2', '2017-09-14 18:41:31', '2017-09-14 18:41:31', 'a7c6fc61-7563-4e1c-945b-dd63cde608ce'),
 ('1385', '146', '491', '1376', '17', '18', '2', '2017-09-14 18:41:31', '2017-09-14 18:41:31', '1d465fe7-d17e-4e4e-b28f-09d6995fd251');



DROP TABLE IF EXISTS `craft_structures`;


--
-- Schema for table `craft_structures`
--
CREATE TABLE `craft_structures` (
  `id` int(11) NOT NULL AUTO_INCREMENT,
  `maxLevels` smallint(6) unsigned DEFAULT NULL,
  `dateCreated` datetime NOT NULL,
  `dateUpdated` datetime NOT NULL,
  `uid` char(36) COLLATE utf8_unicode_ci NOT NULL DEFAULT '0',
  PRIMARY KEY (`id`)
) ENGINE=InnoDB AUTO_INCREMENT=149 DEFAULT CHARSET=utf8 COLLATE=utf8_unicode_ci;

--
-- Data for table `craft_structures`
--

INSERT INTO `craft_structures` (`id`, `maxLevels`, `dateCreated`, `dateUpdated`, `uid`) VALUES
 ('1', NULL, '2017-07-20 18:25:45', '2017-08-07 18:42:10', 'fff719e3-afb8-43d5-a0a5-acca515dde3b'),
 ('2', NULL, '2017-07-20 21:27:22', '2017-09-06 17:56:59', 'd7da3224-477c-4c8e-a9a2-dc9d963c0512'),
 ('13', NULL, '2017-07-20 23:45:33', '2017-07-20 23:45:33', '69429fef-0364-44de-9c69-b3ceb6b5fbcc'),
 ('44', NULL, '2017-07-27 00:17:05', '2017-07-27 00:17:05', 'd415eec9-b73d-4fcd-823f-1da8af3c478f'),
 ('60', NULL, '2017-08-03 17:11:59', '2017-08-03 17:11:59', 'd4841971-5750-4c0a-a138-da42ba2ecfc5'),
 ('65', NULL, '2017-08-03 22:33:25', '2017-08-03 22:33:25', '014fefec-14b7-46fb-b289-7fa76f8d807d'),
 ('66', NULL, '2017-08-07 17:25:26', '2017-08-22 20:52:00', 'cc66539c-171d-4a80-a662-5416002d38a4'),
 ('67', NULL, '2017-08-07 17:25:37', '2017-08-22 20:49:35', '7e3e9714-7383-4f80-934d-98cf927114ba'),
 ('68', NULL, '2017-08-07 17:30:56', '2017-08-22 20:52:13', '98b95852-16a8-4bd4-bd74-420717c8867d'),
 ('69', '2', '2017-08-07 18:08:50', '2017-08-07 18:08:50', '7b74efc6-6e85-4d45-833b-623018130636'),
 ('71', NULL, '2017-08-07 21:31:43', '2017-08-07 21:31:43', '4b9a4fb3-32ab-4344-a4b8-de249d43f198'),
 ('81', NULL, '2017-08-09 20:57:20', '2017-08-09 20:57:20', '85906d8b-adea-4f9a-82f3-1e3651efdd3d'),
 ('88', NULL, '2017-08-17 23:14:09', '2017-08-17 23:14:09', 'f76ce25f-a315-4af3-94a6-c0e45c8cab57'),
 ('90', NULL, '2017-08-22 20:52:47', '2017-08-22 20:52:47', '5fb828bd-a9de-4c83-b75d-01d1fe95eaf3'),
 ('91', NULL, '2017-08-22 23:22:27', '2017-08-22 23:22:27', 'f33b65f6-bd7a-4fc1-976c-1b8bd86ad986'),
 ('95', NULL, '2017-08-23 17:56:29', '2017-08-23 17:56:29', 'bfc3bc2d-ea45-445f-a961-52004e13a117'),
 ('97', NULL, '2017-08-23 23:10:29', '2017-08-24 18:12:55', 'c30cf61f-fc80-43bb-a46c-e64c605f3548'),
 ('122', NULL, '2017-09-06 23:00:13', '2017-09-06 23:00:13', 'c8cc4035-6d45-464c-a17f-1c780d1a97a0'),
 ('125', NULL, '2017-09-12 21:20:19', '2017-09-12 21:20:19', '7c85e873-48fb-4810-9c3d-1bdb296ad410'),
 ('127', NULL, '2017-09-12 21:20:37', '2017-09-12 21:20:37', '53b58897-feee-4af1-a6fe-65607f7a4c33'),
 ('128', NULL, '2017-09-12 21:20:53', '2017-09-12 21:20:53', '4a375a36-ebc7-48e3-84bf-5d2017613dea'),
 ('131', NULL, '2017-09-12 23:45:19', '2017-09-12 23:45:19', 'b59dc331-7d86-4431-a125-61746900d628'),
 ('134', NULL, '2017-09-12 23:47:19', '2017-09-12 23:47:19', '13c636d3-9f0e-4347-8fcc-429cab9af0e0'),
 ('136', NULL, '2017-09-12 23:48:12', '2017-09-12 23:48:12', '3220d039-0a57-4885-9751-ada28ded1257'),
 ('139', NULL, '2017-09-13 00:19:18', '2017-09-13 00:19:18', 'c56a1aaf-b0cb-42da-9c81-b48f571d8407'),
 ('146', NULL, '2017-09-14 18:41:30', '2017-09-14 18:41:30', '242d179d-b273-4b14-8d73-2af14833e564'),
 ('148', NULL, '2017-09-14 18:44:46', '2017-09-14 18:44:46', 'd5e4f2b8-6576-46df-ba1c-4fdf51a16fb8');



DROP TABLE IF EXISTS `craft_supertablecontent_cb_elementgrids`;


--
-- Schema for table `craft_supertablecontent_cb_elementgrids`
--
CREATE TABLE `craft_supertablecontent_cb_elementgrids` (
  `id` int(11) NOT NULL AUTO_INCREMENT,
  `elementId` int(11) NOT NULL,
  `locale` char(12) COLLATE utf8_unicode_ci NOT NULL,
  `dateCreated` datetime NOT NULL,
  `dateUpdated` datetime NOT NULL,
  `uid` char(36) COLLATE utf8_unicode_ci NOT NULL DEFAULT '0',
  PRIMARY KEY (`id`),
  UNIQUE KEY `craft_supertablecontent_cb_elementgrids_elementId_locale_unq_idx` (`elementId`,`locale`),
  KEY `craft_supertablecontent_cb_elementgrids_locale_fk` (`locale`)
) ENGINE=InnoDB DEFAULT CHARSET=utf8 COLLATE=utf8_unicode_ci;

DROP TABLE IF EXISTS `craft_systemsettings`;


--
-- Schema for table `craft_systemsettings`
--
CREATE TABLE `craft_systemsettings` (
  `id` int(11) NOT NULL AUTO_INCREMENT,
  `category` varchar(15) COLLATE utf8_unicode_ci NOT NULL,
  `settings` text COLLATE utf8_unicode_ci,
  `dateCreated` datetime NOT NULL,
  `dateUpdated` datetime NOT NULL,
  `uid` char(36) COLLATE utf8_unicode_ci NOT NULL DEFAULT '0',
  PRIMARY KEY (`id`),
  UNIQUE KEY `craft_systemsettings_category_unq_idx` (`category`)
) ENGINE=InnoDB AUTO_INCREMENT=3 DEFAULT CHARSET=utf8 COLLATE=utf8_unicode_ci;

--
-- Data for table `craft_systemsettings`
--

INSERT INTO `craft_systemsettings` (`id`, `category`, `settings`, `dateCreated`, `dateUpdated`, `uid`) VALUES
 ('1', 'email', '{\"protocol\":\"php\",\"emailAddress\":\"mort@instrument.com\",\"senderName\":\"Snapchat Craft\"}', '2017-07-20 17:27:58', '2017-07-20 17:27:58', '8284fafb-9849-42cc-9de1-509248b054ef'),
 ('2', 'users', '{\"requireEmailVerification\":0,\"allowPublicRegistration\":0,\"defaultGroup\":\"\"}', '2017-08-23 18:10:26', '2017-08-23 18:10:26', '5074f454-1c95-4520-8ecd-6a9f2053e7b9');



DROP TABLE IF EXISTS `craft_taggroups`;


--
-- Schema for table `craft_taggroups`
--
CREATE TABLE `craft_taggroups` (
  `id` int(11) NOT NULL AUTO_INCREMENT,
  `name` varchar(255) COLLATE utf8_unicode_ci NOT NULL,
  `handle` varchar(255) COLLATE utf8_unicode_ci NOT NULL,
  `fieldLayoutId` int(10) DEFAULT NULL,
  `dateCreated` datetime NOT NULL,
  `dateUpdated` datetime NOT NULL,
  `uid` char(36) COLLATE utf8_unicode_ci NOT NULL DEFAULT '0',
  PRIMARY KEY (`id`),
  UNIQUE KEY `craft_taggroups_name_unq_idx` (`name`),
  UNIQUE KEY `craft_taggroups_handle_unq_idx` (`handle`),
  KEY `craft_taggroups_fieldLayoutId_fk` (`fieldLayoutId`)
) ENGINE=InnoDB AUTO_INCREMENT=2 DEFAULT CHARSET=utf8 COLLATE=utf8_unicode_ci;

--
-- Data for table `craft_taggroups`
--

INSERT INTO `craft_taggroups` (`id`, `name`, `handle`, `fieldLayoutId`, `dateCreated`, `dateUpdated`, `uid`) VALUES
 ('1', 'Default', 'default', '1', '2017-07-20 17:27:58', '2017-07-20 17:27:58', 'ce504d2d-cb72-4acb-ac26-d0f90ac129d8');



DROP TABLE IF EXISTS `craft_tags`;


--
-- Schema for table `craft_tags`
--
CREATE TABLE `craft_tags` (
  `id` int(11) NOT NULL,
  `groupId` int(11) NOT NULL,
  `dateCreated` datetime NOT NULL,
  `dateUpdated` datetime NOT NULL,
  `uid` char(36) COLLATE utf8_unicode_ci NOT NULL DEFAULT '0',
  PRIMARY KEY (`id`),
  KEY `craft_tags_groupId_fk` (`groupId`)
) ENGINE=InnoDB DEFAULT CHARSET=utf8 COLLATE=utf8_unicode_ci;

DROP TABLE IF EXISTS `craft_tasks`;


--
-- Schema for table `craft_tasks`
--
CREATE TABLE `craft_tasks` (
  `id` int(11) NOT NULL AUTO_INCREMENT,
  `root` int(11) unsigned DEFAULT NULL,
  `lft` int(11) unsigned NOT NULL,
  `rgt` int(11) unsigned NOT NULL,
  `level` smallint(6) unsigned NOT NULL,
  `currentStep` int(11) unsigned DEFAULT NULL,
  `totalSteps` int(11) unsigned DEFAULT NULL,
  `status` enum('pending','error','running') COLLATE utf8_unicode_ci DEFAULT NULL,
  `type` varchar(150) COLLATE utf8_unicode_ci NOT NULL,
  `description` varchar(255) COLLATE utf8_unicode_ci DEFAULT NULL,
  `settings` mediumtext COLLATE utf8_unicode_ci,
  `dateCreated` datetime NOT NULL,
  `dateUpdated` datetime NOT NULL,
  `uid` char(36) COLLATE utf8_unicode_ci NOT NULL DEFAULT '0',
  PRIMARY KEY (`id`),
  KEY `craft_tasks_root_idx` (`root`),
  KEY `craft_tasks_lft_idx` (`lft`),
  KEY `craft_tasks_rgt_idx` (`rgt`),
  KEY `craft_tasks_level_idx` (`level`)
) ENGINE=InnoDB AUTO_INCREMENT=12 DEFAULT CHARSET=utf8 COLLATE=utf8_unicode_ci;

DROP TABLE IF EXISTS `craft_templatecachecriteria`;


--
-- Schema for table `craft_templatecachecriteria`
--
CREATE TABLE `craft_templatecachecriteria` (
  `id` int(11) NOT NULL AUTO_INCREMENT,
  `cacheId` int(11) NOT NULL,
  `type` varchar(150) COLLATE utf8_unicode_ci NOT NULL,
  `criteria` text COLLATE utf8_unicode_ci NOT NULL,
  PRIMARY KEY (`id`),
  KEY `craft_templatecachecriteria_cacheId_fk` (`cacheId`),
  KEY `craft_templatecachecriteria_type_idx` (`type`)
) ENGINE=InnoDB DEFAULT CHARSET=utf8 COLLATE=utf8_unicode_ci;

DROP TABLE IF EXISTS `craft_templatecacheelements`;


--
-- Schema for table `craft_templatecacheelements`
--
CREATE TABLE `craft_templatecacheelements` (
  `cacheId` int(11) NOT NULL,
  `elementId` int(11) NOT NULL,
  KEY `craft_templatecacheelements_cacheId_fk` (`cacheId`),
  KEY `craft_templatecacheelements_elementId_fk` (`elementId`)
) ENGINE=InnoDB DEFAULT CHARSET=utf8 COLLATE=utf8_unicode_ci;

DROP TABLE IF EXISTS `craft_templatecaches`;


--
-- Schema for table `craft_templatecaches`
--
CREATE TABLE `craft_templatecaches` (
  `id` int(11) NOT NULL AUTO_INCREMENT,
  `cacheKey` varchar(255) COLLATE utf8_unicode_ci NOT NULL,
  `locale` char(12) COLLATE utf8_unicode_ci NOT NULL,
  `path` varchar(255) COLLATE utf8_unicode_ci DEFAULT NULL,
  `expiryDate` datetime NOT NULL,
  `body` mediumtext COLLATE utf8_unicode_ci NOT NULL,
  PRIMARY KEY (`id`),
  KEY `craft_templatecaches_expiryDate_cacheKey_locale_path_idx` (`expiryDate`,`cacheKey`,`locale`,`path`),
  KEY `craft_templatecaches_locale_fk` (`locale`)
) ENGINE=InnoDB DEFAULT CHARSET=utf8 COLLATE=utf8_unicode_ci;

DROP TABLE IF EXISTS `craft_tokens`;


--
-- Schema for table `craft_tokens`
--
CREATE TABLE `craft_tokens` (
  `id` int(11) NOT NULL AUTO_INCREMENT,
  `token` char(32) COLLATE utf8_unicode_ci NOT NULL,
  `route` text COLLATE utf8_unicode_ci,
  `usageLimit` tinyint(3) unsigned DEFAULT NULL,
  `usageCount` tinyint(3) unsigned DEFAULT NULL,
  `expiryDate` datetime NOT NULL,
  `dateCreated` datetime NOT NULL,
  `dateUpdated` datetime NOT NULL,
  `uid` char(36) COLLATE utf8_unicode_ci NOT NULL DEFAULT '0',
  PRIMARY KEY (`id`),
  UNIQUE KEY `craft_tokens_token_unq_idx` (`token`),
  KEY `craft_tokens_expiryDate_idx` (`expiryDate`)
) ENGINE=InnoDB DEFAULT CHARSET=utf8 COLLATE=utf8_unicode_ci;

DROP TABLE IF EXISTS `craft_usergroups`;


--
-- Schema for table `craft_usergroups`
--
CREATE TABLE `craft_usergroups` (
  `id` int(11) NOT NULL AUTO_INCREMENT,
  `name` varchar(255) COLLATE utf8_unicode_ci NOT NULL,
  `handle` varchar(255) COLLATE utf8_unicode_ci NOT NULL,
  `dateCreated` datetime NOT NULL,
  `dateUpdated` datetime NOT NULL,
  `uid` char(36) COLLATE utf8_unicode_ci NOT NULL DEFAULT '0',
  PRIMARY KEY (`id`),
  UNIQUE KEY `craft_usergroups_name_unq_idx` (`name`),
  UNIQUE KEY `craft_usergroups_handle_unq_idx` (`handle`)
) ENGINE=InnoDB AUTO_INCREMENT=3 DEFAULT CHARSET=utf8 COLLATE=utf8_unicode_ci;

--
-- Data for table `craft_usergroups`
--

INSERT INTO `craft_usergroups` (`id`, `name`, `handle`, `dateCreated`, `dateUpdated`, `uid`) VALUES
 ('1', 'Global Admin', 'globalAdmin', '2017-07-20 17:54:32', '2017-07-20 17:54:32', '82dcebed-a933-4529-a5e8-e3314125faf1'),
 ('2', 'Regional Admin', 'regionalAdmin', '2017-07-20 17:54:54', '2017-07-20 17:54:54', '7a768e2e-83c0-4842-a810-07d5d5cb84f8');



DROP TABLE IF EXISTS `craft_usergroups_users`;


--
-- Schema for table `craft_usergroups_users`
--
CREATE TABLE `craft_usergroups_users` (
  `id` int(11) NOT NULL AUTO_INCREMENT,
  `groupId` int(11) NOT NULL,
  `userId` int(11) NOT NULL,
  `dateCreated` datetime NOT NULL,
  `dateUpdated` datetime NOT NULL,
  `uid` char(36) COLLATE utf8_unicode_ci NOT NULL DEFAULT '0',
  PRIMARY KEY (`id`),
  UNIQUE KEY `craft_usergroups_users_groupId_userId_unq_idx` (`groupId`,`userId`),
  KEY `craft_usergroups_users_userId_fk` (`userId`)
) ENGINE=InnoDB DEFAULT CHARSET=utf8 COLLATE=utf8_unicode_ci;

DROP TABLE IF EXISTS `craft_userpermissions`;


--
-- Schema for table `craft_userpermissions`
--
CREATE TABLE `craft_userpermissions` (
  `id` int(11) NOT NULL AUTO_INCREMENT,
  `name` varchar(255) COLLATE utf8_unicode_ci NOT NULL,
  `dateCreated` datetime NOT NULL,
  `dateUpdated` datetime NOT NULL,
  `uid` char(36) COLLATE utf8_unicode_ci NOT NULL DEFAULT '0',
  PRIMARY KEY (`id`),
  UNIQUE KEY `craft_userpermissions_name_unq_idx` (`name`)
) ENGINE=InnoDB AUTO_INCREMENT=26 DEFAULT CHARSET=utf8 COLLATE=utf8_unicode_ci;

--
-- Data for table `craft_userpermissions`
--

INSERT INTO `craft_userpermissions` (`id`, `name`, `dateCreated`, `dateUpdated`, `uid`) VALUES
 ('1', 'accesssitewhensystemisoff', '2017-07-20 17:54:32', '2017-07-20 17:54:32', '497f4529-cdf6-411b-877a-7e81b977da07'),
 ('2', 'accesscpwhensystemisoff', '2017-07-20 17:54:32', '2017-07-20 17:54:32', '69a414cd-0abb-4436-92d0-8f86f15f9372'),
 ('3', 'performupdates', '2017-07-20 17:54:32', '2017-07-20 17:54:32', '17611eb1-b543-4f98-ae5c-9fb4aa83d418'),
 ('4', 'accesscp', '2017-07-20 17:54:32', '2017-07-20 17:54:32', '6d40c40e-0cc6-462b-8b88-76fa67acf1de'),
 ('5', 'registerusers', '2017-07-20 17:54:32', '2017-07-20 17:54:32', '5d0f9848-05bd-47e3-a337-85d166c80557'),
 ('6', 'assignuserpermissions', '2017-07-20 17:54:32', '2017-07-20 17:54:32', 'e522b228-9d7c-4f23-b77d-a82fb4875f1b'),
 ('7', 'changeuseremails', '2017-07-20 17:54:32', '2017-07-20 17:54:32', '1071c08f-52cd-4ccd-8cb2-dac16c3d1808'),
 ('8', 'administrateusers', '2017-07-20 17:54:32', '2017-07-20 17:54:32', '50ac9b7d-a1f8-4284-acdc-c9786b4c2449'),
 ('9', 'editusers', '2017-07-20 17:54:32', '2017-07-20 17:54:32', '1e6bae15-97e0-4582-9aa9-8204e8f8bec0'),
 ('10', 'deleteusers', '2017-07-20 17:54:32', '2017-07-20 17:54:32', '8ef42943-c02d-4c49-abea-89dc4adda7a6'),
 ('11', 'publishentries:1', '2017-07-20 17:54:32', '2017-07-20 17:54:32', 'f195006d-a67f-4201-8428-3d195f60c8f0'),
 ('12', 'publishpeerentrydrafts:1', '2017-07-20 17:54:32', '2017-07-20 17:54:32', '13c7f58f-1e20-4fbb-84fe-3a04339f2cf5'),
 ('13', 'deletepeerentrydrafts:1', '2017-07-20 17:54:32', '2017-07-20 17:54:32', '5fb24696-54c8-4cf3-a621-cf8ee50bb5ed'),
 ('14', 'editpeerentrydrafts:1', '2017-07-20 17:54:32', '2017-07-20 17:54:32', 'ad014a15-02aa-4aea-862f-da615013b4b2'),
 ('15', 'editentries:1', '2017-07-20 17:54:32', '2017-07-20 17:54:32', '150a63ef-1002-4c4d-966b-7d286999f9a3'),
 ('16', 'createentries:2', '2017-07-20 17:54:32', '2017-07-20 17:54:32', '9e3114d2-842f-472a-8eab-9c601a4950ab'),
 ('17', 'publishentries:2', '2017-07-20 17:54:32', '2017-07-20 17:54:32', 'c0c108b6-313a-4e65-b41a-33999cfeaf7c'),
 ('18', 'deleteentries:2', '2017-07-20 17:54:32', '2017-07-20 17:54:32', '778adf8c-673f-4b11-a44d-e65a3fa31a14'),
 ('19', 'publishpeerentries:2', '2017-07-20 17:54:32', '2017-07-20 17:54:32', '83d6a821-f1f4-4787-9260-abe93b36e804'),
 ('20', 'deletepeerentries:2', '2017-07-20 17:54:32', '2017-07-20 17:54:32', 'f709d89d-5037-4062-9a00-a63bce8d7d8e'),
 ('21', 'editpeerentries:2', '2017-07-20 17:54:32', '2017-07-20 17:54:32', '03042f32-153f-4c6b-a011-037abd07a762'),
 ('22', 'publishpeerentrydrafts:2', '2017-07-20 17:54:32', '2017-07-20 17:54:32', '73cf56d4-d9c6-4484-9d39-c536ddeab0e9'),
 ('23', 'deletepeerentrydrafts:2', '2017-07-20 17:54:32', '2017-07-20 17:54:32', '1d740493-70df-4a3b-8152-0814e9e1577c'),
 ('24', 'editpeerentrydrafts:2', '2017-07-20 17:54:32', '2017-07-20 17:54:32', 'a202092a-ccf3-405c-b5c4-a26ce372c548'),
 ('25', 'editentries:2', '2017-07-20 17:54:32', '2017-07-20 17:54:32', '6e80203a-237a-477c-92cd-9e819e0f539e');



DROP TABLE IF EXISTS `craft_userpermissions_usergroups`;


--
-- Schema for table `craft_userpermissions_usergroups`
--
CREATE TABLE `craft_userpermissions_usergroups` (
  `id` int(11) NOT NULL AUTO_INCREMENT,
  `permissionId` int(11) NOT NULL,
  `groupId` int(11) NOT NULL,
  `dateCreated` datetime NOT NULL,
  `dateUpdated` datetime NOT NULL,
  `uid` char(36) COLLATE utf8_unicode_ci NOT NULL DEFAULT '0',
  PRIMARY KEY (`id`),
  UNIQUE KEY `craft_userpermissions_usergroups_permissionId_groupId_unq_idx` (`permissionId`,`groupId`),
  KEY `craft_userpermissions_usergroups_groupId_fk` (`groupId`)
) ENGINE=InnoDB AUTO_INCREMENT=51 DEFAULT CHARSET=utf8 COLLATE=utf8_unicode_ci;

--
-- Data for table `craft_userpermissions_usergroups`
--

INSERT INTO `craft_userpermissions_usergroups` (`id`, `permissionId`, `groupId`, `dateCreated`, `dateUpdated`, `uid`) VALUES
 ('1', '1', '1', '2017-07-20 17:54:32', '2017-07-20 17:54:32', 'd916a45f-6663-4328-a59d-3c41d67b5dff'),
 ('2', '2', '1', '2017-07-20 17:54:32', '2017-07-20 17:54:32', '42cf081b-0ac8-4cbb-b911-559197445085'),
 ('3', '3', '1', '2017-07-20 17:54:32', '2017-07-20 17:54:32', 'ef974301-230e-4f96-b151-0aadadf38b10'),
 ('4', '4', '1', '2017-07-20 17:54:32', '2017-07-20 17:54:32', '29ce5f6a-eccf-48e4-8d14-190d3fa7d50d'),
 ('5', '5', '1', '2017-07-20 17:54:32', '2017-07-20 17:54:32', '2e05dd32-4936-413b-b8b7-fd267f116716'),
 ('6', '6', '1', '2017-07-20 17:54:32', '2017-07-20 17:54:32', 'd2173876-56da-454f-a1c2-a7da99e8f9b5'),
 ('7', '7', '1', '2017-07-20 17:54:32', '2017-07-20 17:54:32', '9328c47a-0860-4168-8fa3-59a161bfff1c'),
 ('8', '8', '1', '2017-07-20 17:54:32', '2017-07-20 17:54:32', 'b3df1fbf-8cfc-4c56-846e-ba49b535aa69'),
 ('9', '9', '1', '2017-07-20 17:54:32', '2017-07-20 17:54:32', 'c945a3f4-6f2b-4715-ab95-a2ad32c78ce1'),
 ('10', '10', '1', '2017-07-20 17:54:32', '2017-07-20 17:54:32', 'd17feb50-a983-4c82-b6fc-1af4918111df'),
 ('11', '11', '1', '2017-07-20 17:54:32', '2017-07-20 17:54:32', 'd8e39d9f-2729-47ea-9ba6-a75d1a815b4b'),
 ('12', '12', '1', '2017-07-20 17:54:32', '2017-07-20 17:54:32', '0e50beba-d632-4b27-aad7-90fb67f5f5c8'),
 ('13', '13', '1', '2017-07-20 17:54:32', '2017-07-20 17:54:32', '88a82b18-d587-4265-ae99-b741b1e16a49'),
 ('14', '14', '1', '2017-07-20 17:54:32', '2017-07-20 17:54:32', '57da7654-bee7-45fa-a541-de57671d5e0b'),
 ('15', '15', '1', '2017-07-20 17:54:32', '2017-07-20 17:54:32', '8d52c203-6c92-480d-8d15-a8f9707bc13c'),
 ('16', '16', '1', '2017-07-20 17:54:32', '2017-07-20 17:54:32', 'e160f4a5-f428-4633-9e23-d6e335343960'),
 ('17', '17', '1', '2017-07-20 17:54:32', '2017-07-20 17:54:32', 'c085dccd-9750-4996-a446-51a9f627dbed'),
 ('18', '18', '1', '2017-07-20 17:54:32', '2017-07-20 17:54:32', '162223c1-341a-4b93-8d4d-c9b637a7aef7'),
 ('19', '19', '1', '2017-07-20 17:54:32', '2017-07-20 17:54:32', '1ca855cd-2ab5-4d10-a8da-b264c2d1750f'),
 ('20', '20', '1', '2017-07-20 17:54:32', '2017-07-20 17:54:32', 'e8fe7e12-1809-4d2a-87a3-a8ec38f07994'),
 ('21', '21', '1', '2017-07-20 17:54:32', '2017-07-20 17:54:32', '4937c183-e4d9-4c7e-a308-5d34c3c51808'),
 ('22', '22', '1', '2017-07-20 17:54:32', '2017-07-20 17:54:32', '2bc5fb10-ac0f-43de-a8d3-0b6281bb20da'),
 ('23', '23', '1', '2017-07-20 17:54:32', '2017-07-20 17:54:32', 'bfa3d30b-ca8d-4362-9093-262f8477539c'),
 ('24', '24', '1', '2017-07-20 17:54:32', '2017-07-20 17:54:32', '121f8f0f-c1dc-4303-84d4-76c83154615c'),
 ('25', '25', '1', '2017-07-20 17:54:32', '2017-07-20 17:54:32', '8b075bf9-06fc-4977-9850-4d9231bac6bf'),
 ('26', '1', '2', '2017-07-20 17:54:54', '2017-07-20 17:54:54', '678bfd0b-681d-42c2-9dea-bf21355571e2'),
 ('27', '2', '2', '2017-07-20 17:54:54', '2017-07-20 17:54:54', 'c37489bd-872b-44bd-a38a-c2a6cd9e4623'),
 ('28', '3', '2', '2017-07-20 17:54:54', '2017-07-20 17:54:54', '9ae97379-05de-4ca2-b52c-c57df54fcb72'),
 ('29', '4', '2', '2017-07-20 17:54:54', '2017-07-20 17:54:54', '6e92f400-cdd5-439c-abbb-0d0fd336410f'),
 ('30', '5', '2', '2017-07-20 17:54:54', '2017-07-20 17:54:54', '77d67795-f806-4c4d-ac02-e749f215657a'),
 ('31', '6', '2', '2017-07-20 17:54:54', '2017-07-20 17:54:54', '79ba303b-e3f8-4221-81a7-501dcee8f298'),
 ('32', '7', '2', '2017-07-20 17:54:54', '2017-07-20 17:54:54', 'ef14863f-5c28-4ef3-b1fb-566f4be10e5a'),
 ('33', '8', '2', '2017-07-20 17:54:54', '2017-07-20 17:54:54', 'c70b5d65-f1f8-4060-8cb2-3a58b800a2ed'),
 ('34', '9', '2', '2017-07-20 17:54:54', '2017-07-20 17:54:54', 'e54dc168-3b03-4c3b-a023-32f3e69e5441'),
 ('35', '10', '2', '2017-07-20 17:54:54', '2017-07-20 17:54:54', 'bb199c93-0aa5-47be-b346-59fa47b16144'),
 ('36', '11', '2', '2017-07-20 17:54:54', '2017-07-20 17:54:54', '4899d82b-d513-4dad-b93e-1a95b8b0579c'),
 ('37', '12', '2', '2017-07-20 17:54:54', '2017-07-20 17:54:54', 'd2e764b7-56ec-4dd7-8ac4-e127a25c4fec'),
 ('38', '13', '2', '2017-07-20 17:54:54', '2017-07-20 17:54:54', '140c0728-199d-4479-aa94-adc8e47a6929'),
 ('39', '14', '2', '2017-07-20 17:54:54', '2017-07-20 17:54:54', 'd6685e58-906c-4631-90fb-53cb7399426f'),
 ('40', '15', '2', '2017-07-20 17:54:54', '2017-07-20 17:54:54', 'd1408aa2-da88-465d-b6ff-12ff188ce9d7'),
 ('41', '16', '2', '2017-07-20 17:54:54', '2017-07-20 17:54:54', 'e8ff1677-45c3-46a6-aefb-e22a8c095f2f'),
 ('42', '17', '2', '2017-07-20 17:54:54', '2017-07-20 17:54:54', '67d6da06-5f8f-4e53-a884-d9a8a0c14e80'),
 ('43', '18', '2', '2017-07-20 17:54:54', '2017-07-20 17:54:54', '93a4de4d-9ddc-4359-99ce-f0f77a0bd803'),
 ('44', '19', '2', '2017-07-20 17:54:54', '2017-07-20 17:54:54', '46bb7c2b-ba76-4cfb-bd12-c917eb00093b'),
 ('45', '20', '2', '2017-07-20 17:54:54', '2017-07-20 17:54:54', '6b242555-9916-45bc-9296-b57097dd48ff'),
 ('46', '21', '2', '2017-07-20 17:54:54', '2017-07-20 17:54:54', '11d496ab-fd1f-42e3-9b4a-d393f3a35651'),
 ('47', '22', '2', '2017-07-20 17:54:54', '2017-07-20 17:54:54', '911e8ff1-00be-465c-8aa8-71684f2870d7'),
 ('48', '23', '2', '2017-07-20 17:54:54', '2017-07-20 17:54:54', 'ce207e28-b79d-4bbc-bd72-134aef6a6510'),
 ('49', '24', '2', '2017-07-20 17:54:54', '2017-07-20 17:54:54', '78899074-a868-40af-89ae-d96084a9ef5e'),
 ('50', '25', '2', '2017-07-20 17:54:54', '2017-07-20 17:54:54', '660e7d3a-7c59-49c0-ac36-85e17bd415e2');



DROP TABLE IF EXISTS `craft_userpermissions_users`;


--
-- Schema for table `craft_userpermissions_users`
--
CREATE TABLE `craft_userpermissions_users` (
  `id` int(11) NOT NULL AUTO_INCREMENT,
  `permissionId` int(11) NOT NULL,
  `userId` int(11) NOT NULL,
  `dateCreated` datetime NOT NULL,
  `dateUpdated` datetime NOT NULL,
  `uid` char(36) COLLATE utf8_unicode_ci NOT NULL DEFAULT '0',
  PRIMARY KEY (`id`),
  UNIQUE KEY `craft_userpermissions_users_permissionId_userId_unq_idx` (`permissionId`,`userId`),
  KEY `craft_userpermissions_users_userId_fk` (`userId`)
) ENGINE=InnoDB DEFAULT CHARSET=utf8 COLLATE=utf8_unicode_ci;

DROP TABLE IF EXISTS `craft_users`;


--
-- Schema for table `craft_users`
--
CREATE TABLE `craft_users` (
  `id` int(11) NOT NULL,
  `username` varchar(100) COLLATE utf8_unicode_ci NOT NULL,
  `photo` varchar(100) COLLATE utf8_unicode_ci DEFAULT NULL,
  `firstName` varchar(100) COLLATE utf8_unicode_ci DEFAULT NULL,
  `lastName` varchar(100) COLLATE utf8_unicode_ci DEFAULT NULL,
  `email` varchar(255) COLLATE utf8_unicode_ci NOT NULL,
  `password` char(255) COLLATE utf8_unicode_ci DEFAULT NULL,
  `preferredLocale` char(12) COLLATE utf8_unicode_ci DEFAULT NULL,
  `weekStartDay` tinyint(1) unsigned NOT NULL DEFAULT '0',
  `admin` tinyint(1) unsigned NOT NULL DEFAULT '0',
  `client` tinyint(1) unsigned NOT NULL DEFAULT '0',
  `locked` tinyint(1) unsigned NOT NULL DEFAULT '0',
  `suspended` tinyint(1) unsigned NOT NULL DEFAULT '0',
  `pending` tinyint(1) unsigned NOT NULL DEFAULT '0',
  `archived` tinyint(1) unsigned NOT NULL DEFAULT '0',
  `lastLoginDate` datetime DEFAULT NULL,
  `lastLoginAttemptIPAddress` varchar(45) COLLATE utf8_unicode_ci DEFAULT NULL,
  `invalidLoginWindowStart` datetime DEFAULT NULL,
  `invalidLoginCount` tinyint(4) unsigned DEFAULT NULL,
  `lastInvalidLoginDate` datetime DEFAULT NULL,
  `lockoutDate` datetime DEFAULT NULL,
  `verificationCode` char(100) COLLATE utf8_unicode_ci DEFAULT NULL,
  `verificationCodeIssuedDate` datetime DEFAULT NULL,
  `unverifiedEmail` varchar(255) COLLATE utf8_unicode_ci DEFAULT NULL,
  `passwordResetRequired` tinyint(1) unsigned NOT NULL DEFAULT '0',
  `lastPasswordChangeDate` datetime DEFAULT NULL,
  `dateCreated` datetime NOT NULL,
  `dateUpdated` datetime NOT NULL,
  `uid` char(36) COLLATE utf8_unicode_ci NOT NULL DEFAULT '0',
  PRIMARY KEY (`id`),
  UNIQUE KEY `craft_users_username_unq_idx` (`username`),
  UNIQUE KEY `craft_users_email_unq_idx` (`email`),
  KEY `craft_users_verificationCode_idx` (`verificationCode`),
  KEY `craft_users_uid_idx` (`uid`),
  KEY `craft_users_preferredLocale_fk` (`preferredLocale`)
) ENGINE=InnoDB DEFAULT CHARSET=utf8 COLLATE=utf8_unicode_ci;

--
-- Data for table `craft_users`
--

INSERT INTO `craft_users` (`id`, `username`, `photo`, `firstName`, `lastName`, `email`, `password`, `preferredLocale`, `weekStartDay`, `admin`, `client`, `locked`, `suspended`, `pending`, `archived`, `lastLoginDate`, `lastLoginAttemptIPAddress`, `invalidLoginWindowStart`, `invalidLoginCount`, `lastInvalidLoginDate`, `lockoutDate`, `verificationCode`, `verificationCodeIssuedDate`, `unverifiedEmail`, `passwordResetRequired`, `lastPasswordChangeDate`, `dateCreated`, `dateUpdated`, `uid`) VALUES
 ('1', 'admin', NULL, 'Snapchat', 'Admin', 'mort@instrument.com', '$2y$13$spWSKNtSN5KSJchmQR2vpO7GieIJSjdUcqGsTwSEQ2mb/E7cwLJM.', NULL, '1', '1', '0', '0', '0', '0', '0', '2017-09-01 01:23:52', '192.168.10.1', NULL, NULL, '2017-07-26 20:03:10', '2017-07-26 20:03:10', NULL, NULL, NULL, '0', '2017-07-28 21:23:12', '2017-07-20 17:27:58', '2017-09-01 01:23:52', '12ab32bb-93fe-4e7b-94de-58689044e855'),
 ('361', 'snapadmin', NULL, 'Snapchat', 'Admin', 'snapchat@instrument.com', '$2y$13$c5k.jWSQphaHI0eq9eiXgO5Gbf2bC8PDjKfvSiSMfhc5TKzRhnYRe', 'en_us', '0', '1', '0', '0', '0', '0', '0', '2017-08-23 18:15:23', '192.168.10.1', '2017-08-28 22:43:05', '1', '2017-08-28 22:43:05', NULL, NULL, NULL, NULL, '0', '2017-08-23 18:17:34', '2017-08-23 18:14:23', '2017-08-28 22:43:05', '7cf705aa-7f17-4ac0-809b-68f33bf6ffc5');



DROP TABLE IF EXISTS `craft_widgets`;


--
-- Schema for table `craft_widgets`
--
CREATE TABLE `craft_widgets` (
  `id` int(11) NOT NULL AUTO_INCREMENT,
  `userId` int(11) NOT NULL,
  `type` varchar(150) COLLATE utf8_unicode_ci NOT NULL,
  `sortOrder` smallint(6) unsigned DEFAULT NULL,
  `colspan` tinyint(4) unsigned DEFAULT NULL,
  `settings` text COLLATE utf8_unicode_ci,
  `enabled` tinyint(1) unsigned NOT NULL DEFAULT '1',
  `dateCreated` datetime NOT NULL,
  `dateUpdated` datetime NOT NULL,
  `uid` char(36) COLLATE utf8_unicode_ci NOT NULL DEFAULT '0',
  PRIMARY KEY (`id`),
  KEY `craft_widgets_userId_fk` (`userId`)
) ENGINE=InnoDB AUTO_INCREMENT=9 DEFAULT CHARSET=utf8 COLLATE=utf8_unicode_ci;

--
-- Data for table `craft_widgets`
--

INSERT INTO `craft_widgets` (`id`, `userId`, `type`, `sortOrder`, `colspan`, `settings`, `enabled`, `dateCreated`, `dateUpdated`, `uid`) VALUES
 ('1', '1', 'RecentEntries', '1', NULL, NULL, '1', '2017-07-20 17:28:13', '2017-07-20 17:28:13', 'd3ea45e2-04d8-4a5f-8622-c8fe5dc9b291'),
 ('2', '1', 'GetHelp', '2', NULL, NULL, '1', '2017-07-20 17:28:13', '2017-07-20 17:28:13', '260ef225-c50b-42b0-903a-a02433bf91de'),
 ('3', '1', 'Updates', '3', NULL, NULL, '1', '2017-07-20 17:28:13', '2017-07-20 17:28:13', '22142cf4-8c50-4f08-927e-d4ac856bd5cd'),
 ('4', '1', 'Feed', '4', NULL, '{\"url\":\"https:\\/\\/craftcms.com\\/news.rss\",\"title\":\"Craft News\"}', '1', '2017-07-20 17:28:13', '2017-07-20 17:28:13', '4db41d4a-72c3-43e2-bf73-36dee07837b8'),
 ('5', '361', 'RecentEntries', '1', NULL, NULL, '1', '2017-08-23 18:15:25', '2017-08-23 18:15:25', '8443a233-5dce-4f1d-a59f-3ebdb8d9c9aa'),
 ('6', '361', 'GetHelp', '2', NULL, NULL, '1', '2017-08-23 18:15:25', '2017-08-23 18:15:25', '2bf6417a-3430-47cc-94b9-902501717e8d'),
 ('7', '361', 'Updates', '3', NULL, NULL, '1', '2017-08-23 18:15:25', '2017-08-23 18:15:25', '5ccdcda8-0e75-4950-83ff-b10c9b6c114d'),
 ('8', '361', 'Feed', '4', NULL, '{\"url\":\"https:\\/\\/craftcms.com\\/news.rss\",\"title\":\"Craft News\"}', '1', '2017-08-23 18:15:25', '2017-08-23 18:15:25', 'b8c7af4a-45a8-42f1-bda9-e02d438360e3');


--
-- Constraints for tables
--


--
-- Constraints for table `craft_acclarotranslations_files`
--
ALTER TABLE `craft_acclarotranslations_files`
	ADD CONSTRAINT `craft_acclarotranslations_files_elementId_fk` FOREIGN KEY (`elementId`) REFERENCES `craft_elements` (`id`) ON DELETE CASCADE,
	ADD CONSTRAINT `craft_acclarotranslations_files_orderId_fk` FOREIGN KEY (`orderId`) REFERENCES `craft_acclarotranslations_orders` (`id`) ON DELETE CASCADE;

--
-- Constraints for table `craft_acclarotranslations_globalsetdrafts`
--
ALTER TABLE `craft_acclarotranslations_globalsetdrafts`
	ADD CONSTRAINT `craft_acclarotranslations_globalsetdrafts_globalSetId_fk` FOREIGN KEY (`globalSetId`) REFERENCES `craft_globalsets` (`id`) ON DELETE CASCADE,
	ADD CONSTRAINT `craft_acclarotranslations_globalsetdrafts_locale_fk` FOREIGN KEY (`locale`) REFERENCES `craft_locales` (`locale`) ON DELETE CASCADE ON UPDATE CASCADE;

--
-- Constraints for table `craft_acclarotranslations_orders`
--
ALTER TABLE `craft_acclarotranslations_orders`
	ADD CONSTRAINT `craft_acclarotranslations_orders_id_fk` FOREIGN KEY (`id`) REFERENCES `craft_elements` (`id`) ON DELETE CASCADE,
	ADD CONSTRAINT `craft_acclarotranslations_orders_ownerId_fk` FOREIGN KEY (`ownerId`) REFERENCES `craft_users` (`id`) ON DELETE SET NULL,
	ADD CONSTRAINT `craft_acclarotranslations_orders_translatorId_fk` FOREIGN KEY (`translatorId`) REFERENCES `craft_acclarotranslations_translators` (`id`) ON DELETE SET NULL;

--
-- Constraints for table `craft_assetfiles`
--
ALTER TABLE `craft_assetfiles`
	ADD CONSTRAINT `craft_assetfiles_folderId_fk` FOREIGN KEY (`folderId`) REFERENCES `craft_assetfolders` (`id`) ON DELETE CASCADE,
	ADD CONSTRAINT `craft_assetfiles_id_fk` FOREIGN KEY (`id`) REFERENCES `craft_elements` (`id`) ON DELETE CASCADE,
	ADD CONSTRAINT `craft_assetfiles_sourceId_fk` FOREIGN KEY (`sourceId`) REFERENCES `craft_assetsources` (`id`) ON DELETE CASCADE;

--
-- Constraints for table `craft_assetfolders`
--
ALTER TABLE `craft_assetfolders`
	ADD CONSTRAINT `craft_assetfolders_parentId_fk` FOREIGN KEY (`parentId`) REFERENCES `craft_assetfolders` (`id`) ON DELETE CASCADE,
	ADD CONSTRAINT `craft_assetfolders_sourceId_fk` FOREIGN KEY (`sourceId`) REFERENCES `craft_assetsources` (`id`) ON DELETE CASCADE;

--
-- Constraints for table `craft_assetindexdata`
--
ALTER TABLE `craft_assetindexdata`
	ADD CONSTRAINT `craft_assetindexdata_sourceId_fk` FOREIGN KEY (`sourceId`) REFERENCES `craft_assetsources` (`id`) ON DELETE CASCADE;

--
-- Constraints for table `craft_assetsources`
--
ALTER TABLE `craft_assetsources`
	ADD CONSTRAINT `craft_assetsources_fieldLayoutId_fk` FOREIGN KEY (`fieldLayoutId`) REFERENCES `craft_fieldlayouts` (`id`) ON DELETE SET NULL;

--
-- Constraints for table `craft_categories`
--
ALTER TABLE `craft_categories`
	ADD CONSTRAINT `craft_categories_groupId_fk` FOREIGN KEY (`groupId`) REFERENCES `craft_categorygroups` (`id`) ON DELETE CASCADE,
	ADD CONSTRAINT `craft_categories_id_fk` FOREIGN KEY (`id`) REFERENCES `craft_elements` (`id`) ON DELETE CASCADE;

--
-- Constraints for table `craft_categorygroups`
--
ALTER TABLE `craft_categorygroups`
	ADD CONSTRAINT `craft_categorygroups_fieldLayoutId_fk` FOREIGN KEY (`fieldLayoutId`) REFERENCES `craft_fieldlayouts` (`id`) ON DELETE SET NULL,
	ADD CONSTRAINT `craft_categorygroups_structureId_fk` FOREIGN KEY (`structureId`) REFERENCES `craft_structures` (`id`) ON DELETE CASCADE;

--
-- Constraints for table `craft_categorygroups_i18n`
--
ALTER TABLE `craft_categorygroups_i18n`
	ADD CONSTRAINT `craft_categorygroups_i18n_groupId_fk` FOREIGN KEY (`groupId`) REFERENCES `craft_categorygroups` (`id`) ON DELETE CASCADE,
	ADD CONSTRAINT `craft_categorygroups_i18n_locale_fk` FOREIGN KEY (`locale`) REFERENCES `craft_locales` (`locale`) ON DELETE CASCADE ON UPDATE CASCADE;

--
-- Constraints for table `craft_content`
--
ALTER TABLE `craft_content`
	ADD CONSTRAINT `craft_content_elementId_fk` FOREIGN KEY (`elementId`) REFERENCES `craft_elements` (`id`) ON DELETE CASCADE,
	ADD CONSTRAINT `craft_content_locale_fk` FOREIGN KEY (`locale`) REFERENCES `craft_locales` (`locale`) ON DELETE CASCADE ON UPDATE CASCADE;

--
-- Constraints for table `craft_elements_i18n`
--
ALTER TABLE `craft_elements_i18n`
	ADD CONSTRAINT `craft_elements_i18n_elementId_fk` FOREIGN KEY (`elementId`) REFERENCES `craft_elements` (`id`) ON DELETE CASCADE,
	ADD CONSTRAINT `craft_elements_i18n_locale_fk` FOREIGN KEY (`locale`) REFERENCES `craft_locales` (`locale`) ON DELETE CASCADE ON UPDATE CASCADE;

--
-- Constraints for table `craft_emailmessages`
--
ALTER TABLE `craft_emailmessages`
	ADD CONSTRAINT `craft_emailmessages_locale_fk` FOREIGN KEY (`locale`) REFERENCES `craft_locales` (`locale`) ON DELETE CASCADE ON UPDATE CASCADE;

--
-- Constraints for table `craft_entries`
--
ALTER TABLE `craft_entries`
	ADD CONSTRAINT `craft_entries_authorId_fk` FOREIGN KEY (`authorId`) REFERENCES `craft_users` (`id`) ON DELETE CASCADE,
	ADD CONSTRAINT `craft_entries_id_fk` FOREIGN KEY (`id`) REFERENCES `craft_elements` (`id`) ON DELETE CASCADE,
	ADD CONSTRAINT `craft_entries_sectionId_fk` FOREIGN KEY (`sectionId`) REFERENCES `craft_sections` (`id`) ON DELETE CASCADE,
	ADD CONSTRAINT `craft_entries_typeId_fk` FOREIGN KEY (`typeId`) REFERENCES `craft_entrytypes` (`id`) ON DELETE CASCADE;

--
-- Constraints for table `craft_entrydrafts`
--
ALTER TABLE `craft_entrydrafts`
	ADD CONSTRAINT `craft_entrydrafts_creatorId_fk` FOREIGN KEY (`creatorId`) REFERENCES `craft_users` (`id`) ON DELETE CASCADE,
	ADD CONSTRAINT `craft_entrydrafts_entryId_fk` FOREIGN KEY (`entryId`) REFERENCES `craft_entries` (`id`) ON DELETE CASCADE,
	ADD CONSTRAINT `craft_entrydrafts_locale_fk` FOREIGN KEY (`locale`) REFERENCES `craft_locales` (`locale`) ON DELETE CASCADE ON UPDATE CASCADE,
	ADD CONSTRAINT `craft_entrydrafts_sectionId_fk` FOREIGN KEY (`sectionId`) REFERENCES `craft_sections` (`id`) ON DELETE CASCADE;

--
-- Constraints for table `craft_entrytypes`
--
ALTER TABLE `craft_entrytypes`
	ADD CONSTRAINT `craft_entrytypes_fieldLayoutId_fk` FOREIGN KEY (`fieldLayoutId`) REFERENCES `craft_fieldlayouts` (`id`) ON DELETE SET NULL,
	ADD CONSTRAINT `craft_entrytypes_sectionId_fk` FOREIGN KEY (`sectionId`) REFERENCES `craft_sections` (`id`) ON DELETE CASCADE;

--
-- Constraints for table `craft_entryversions`
--
ALTER TABLE `craft_entryversions`
	ADD CONSTRAINT `craft_entryversions_creatorId_fk` FOREIGN KEY (`creatorId`) REFERENCES `craft_users` (`id`) ON DELETE SET NULL,
	ADD CONSTRAINT `craft_entryversions_entryId_fk` FOREIGN KEY (`entryId`) REFERENCES `craft_entries` (`id`) ON DELETE CASCADE,
	ADD CONSTRAINT `craft_entryversions_locale_fk` FOREIGN KEY (`locale`) REFERENCES `craft_locales` (`locale`) ON DELETE CASCADE ON UPDATE CASCADE,
	ADD CONSTRAINT `craft_entryversions_sectionId_fk` FOREIGN KEY (`sectionId`) REFERENCES `craft_sections` (`id`) ON DELETE CASCADE;

--
-- Constraints for table `craft_fieldlayoutfields`
--
ALTER TABLE `craft_fieldlayoutfields`
	ADD CONSTRAINT `craft_fieldlayoutfields_fieldId_fk` FOREIGN KEY (`fieldId`) REFERENCES `craft_fields` (`id`) ON DELETE CASCADE,
	ADD CONSTRAINT `craft_fieldlayoutfields_layoutId_fk` FOREIGN KEY (`layoutId`) REFERENCES `craft_fieldlayouts` (`id`) ON DELETE CASCADE,
	ADD CONSTRAINT `craft_fieldlayoutfields_tabId_fk` FOREIGN KEY (`tabId`) REFERENCES `craft_fieldlayouttabs` (`id`) ON DELETE CASCADE;

--
-- Constraints for table `craft_fieldlayouttabs`
--
ALTER TABLE `craft_fieldlayouttabs`
	ADD CONSTRAINT `craft_fieldlayouttabs_layoutId_fk` FOREIGN KEY (`layoutId`) REFERENCES `craft_fieldlayouts` (`id`) ON DELETE CASCADE;

--
-- Constraints for table `craft_fields`
--
ALTER TABLE `craft_fields`
	ADD CONSTRAINT `craft_fields_groupId_fk` FOREIGN KEY (`groupId`) REFERENCES `craft_fieldgroups` (`id`) ON DELETE CASCADE;

--
-- Constraints for table `craft_globalsets`
--
ALTER TABLE `craft_globalsets`
	ADD CONSTRAINT `craft_globalsets_fieldLayoutId_fk` FOREIGN KEY (`fieldLayoutId`) REFERENCES `craft_fieldlayouts` (`id`) ON DELETE SET NULL,
	ADD CONSTRAINT `craft_globalsets_id_fk` FOREIGN KEY (`id`) REFERENCES `craft_elements` (`id`) ON DELETE CASCADE;

--
-- Constraints for table `craft_matrixblocks`
--
ALTER TABLE `craft_matrixblocks`
	ADD CONSTRAINT `craft_matrixblocks_fieldId_fk` FOREIGN KEY (`fieldId`) REFERENCES `craft_fields` (`id`) ON DELETE CASCADE,
	ADD CONSTRAINT `craft_matrixblocks_id_fk` FOREIGN KEY (`id`) REFERENCES `craft_elements` (`id`) ON DELETE CASCADE,
	ADD CONSTRAINT `craft_matrixblocks_ownerId_fk` FOREIGN KEY (`ownerId`) REFERENCES `craft_elements` (`id`) ON DELETE CASCADE,
	ADD CONSTRAINT `craft_matrixblocks_ownerLocale_fk` FOREIGN KEY (`ownerLocale`) REFERENCES `craft_locales` (`locale`) ON DELETE CASCADE ON UPDATE CASCADE,
	ADD CONSTRAINT `craft_matrixblocks_typeId_fk` FOREIGN KEY (`typeId`) REFERENCES `craft_matrixblocktypes` (`id`) ON DELETE CASCADE;

--
-- Constraints for table `craft_matrixblocktypes`
--
ALTER TABLE `craft_matrixblocktypes`
	ADD CONSTRAINT `craft_matrixblocktypes_fieldId_fk` FOREIGN KEY (`fieldId`) REFERENCES `craft_fields` (`id`) ON DELETE CASCADE,
	ADD CONSTRAINT `craft_matrixblocktypes_fieldLayoutId_fk` FOREIGN KEY (`fieldLayoutId`) REFERENCES `craft_fieldlayouts` (`id`) ON DELETE SET NULL;

--
-- Constraints for table `craft_matrixcontent_admanager`
--
ALTER TABLE `craft_matrixcontent_admanager`
	ADD CONSTRAINT `craft_matrixcontent_admanager_elementId_fk` FOREIGN KEY (`elementId`) REFERENCES `craft_elements` (`id`) ON DELETE CASCADE,
	ADD CONSTRAINT `craft_matrixcontent_admanager_locale_fk` FOREIGN KEY (`locale`) REFERENCES `craft_locales` (`locale`) ON DELETE CASCADE ON UPDATE CASCADE;

--
-- Constraints for table `craft_matrixcontent_blockquote`
--
ALTER TABLE `craft_matrixcontent_blockquote`
	ADD CONSTRAINT `craft_matrixcontent_blockquote_elementId_fk` FOREIGN KEY (`elementId`) REFERENCES `craft_elements` (`id`) ON DELETE CASCADE,
	ADD CONSTRAINT `craft_matrixcontent_blockquote_locale_fk` FOREIGN KEY (`locale`) REFERENCES `craft_locales` (`locale`) ON DELETE CASCADE ON UPDATE CASCADE;

--
-- Constraints for table `craft_matrixcontent_cb_copylockup`
--
ALTER TABLE `craft_matrixcontent_cb_copylockup`
	ADD CONSTRAINT `craft_matrixcontent_cb_copylockup_elementId_fk` FOREIGN KEY (`elementId`) REFERENCES `craft_elements` (`id`) ON DELETE CASCADE,
	ADD CONSTRAINT `craft_matrixcontent_cb_copylockup_locale_fk` FOREIGN KEY (`locale`) REFERENCES `craft_locales` (`locale`) ON DELETE CASCADE ON UPDATE CASCADE;

--
-- Constraints for table `craft_matrixcontent_chillahtooltip`
--
ALTER TABLE `craft_matrixcontent_chillahtooltip`
	ADD CONSTRAINT `craft_matrixcontent_chillahtooltip_elementId_fk` FOREIGN KEY (`elementId`) REFERENCES `craft_elements` (`id`) ON DELETE CASCADE,
	ADD CONSTRAINT `craft_matrixcontent_chillahtooltip_locale_fk` FOREIGN KEY (`locale`) REFERENCES `craft_locales` (`locale`) ON DELETE CASCADE ON UPDATE CASCADE;

--
-- Constraints for table `craft_matrixcontent_ctabuttons`
--
ALTER TABLE `craft_matrixcontent_ctabuttons`
	ADD CONSTRAINT `craft_matrixcontent_ctabuttons_elementId_fk` FOREIGN KEY (`elementId`) REFERENCES `craft_elements` (`id`) ON DELETE CASCADE,
	ADD CONSTRAINT `craft_matrixcontent_ctabuttons_locale_fk` FOREIGN KEY (`locale`) REFERENCES `craft_locales` (`locale`) ON DELETE CASCADE ON UPDATE CASCADE;

--
-- Constraints for table `craft_matrixcontent_devicetab`
--
ALTER TABLE `craft_matrixcontent_devicetab`
	ADD CONSTRAINT `craft_matrixcontent_devicetab_elementId_fk` FOREIGN KEY (`elementId`) REFERENCES `craft_elements` (`id`) ON DELETE CASCADE,
	ADD CONSTRAINT `craft_matrixcontent_devicetab_locale_fk` FOREIGN KEY (`locale`) REFERENCES `craft_locales` (`locale`) ON DELETE CASCADE ON UPDATE CASCADE;

--
-- Constraints for table `craft_matrixcontent_downloadableasset`
--
ALTER TABLE `craft_matrixcontent_downloadableasset`
	ADD CONSTRAINT `craft_matrixcontent_downloadableasset_elementId_fk` FOREIGN KEY (`elementId`) REFERENCES `craft_elements` (`id`) ON DELETE CASCADE,
	ADD CONSTRAINT `craft_matrixcontent_downloadableasset_locale_fk` FOREIGN KEY (`locale`) REFERENCES `craft_locales` (`locale`) ON DELETE CASCADE ON UPDATE CASCADE;

--
-- Constraints for table `craft_matrixcontent_downloadableimage`
--
ALTER TABLE `craft_matrixcontent_downloadableimage`
	ADD CONSTRAINT `craft_matrixcontent_downloadableimage_elementId_fk` FOREIGN KEY (`elementId`) REFERENCES `craft_elements` (`id`) ON DELETE CASCADE,
	ADD CONSTRAINT `craft_matrixcontent_downloadableimage_locale_fk` FOREIGN KEY (`locale`) REFERENCES `craft_locales` (`locale`) ON DELETE CASCADE ON UPDATE CASCADE;

--
-- Constraints for table `craft_matrixcontent_grouplinks`
--
ALTER TABLE `craft_matrixcontent_grouplinks`
	ADD CONSTRAINT `craft_matrixcontent_grouplinks_elementId_fk` FOREIGN KEY (`elementId`) REFERENCES `craft_elements` (`id`) ON DELETE CASCADE,
	ADD CONSTRAINT `craft_matrixcontent_grouplinks_locale_fk` FOREIGN KEY (`locale`) REFERENCES `craft_locales` (`locale`) ON DELETE CASCADE ON UPDATE CASCADE;

--
-- Constraints for table `craft_matrixcontent_heroimage`
--
ALTER TABLE `craft_matrixcontent_heroimage`
	ADD CONSTRAINT `craft_matrixcontent_heroimage_elementId_fk` FOREIGN KEY (`elementId`) REFERENCES `craft_elements` (`id`) ON DELETE CASCADE,
	ADD CONSTRAINT `craft_matrixcontent_heroimage_locale_fk` FOREIGN KEY (`locale`) REFERENCES `craft_locales` (`locale`) ON DELETE CASCADE ON UPDATE CASCADE;

--
-- Constraints for table `craft_matrixcontent_homehero`
--
ALTER TABLE `craft_matrixcontent_homehero`
	ADD CONSTRAINT `craft_matrixcontent_homehero_elementId_fk` FOREIGN KEY (`elementId`) REFERENCES `craft_elements` (`id`) ON DELETE CASCADE,
	ADD CONSTRAINT `craft_matrixcontent_homehero_locale_fk` FOREIGN KEY (`locale`) REFERENCES `craft_locales` (`locale`) ON DELETE CASCADE ON UPDATE CASCADE;

--
-- Constraints for table `craft_matrixcontent_imagecardrow`
--
ALTER TABLE `craft_matrixcontent_imagecardrow`
	ADD CONSTRAINT `craft_matrixcontent_imagecardrow_elementId_fk` FOREIGN KEY (`elementId`) REFERENCES `craft_elements` (`id`) ON DELETE CASCADE,
	ADD CONSTRAINT `craft_matrixcontent_imagecardrow_locale_fk` FOREIGN KEY (`locale`) REFERENCES `craft_locales` (`locale`) ON DELETE CASCADE ON UPDATE CASCADE;

--
-- Constraints for table `craft_matrixcontent_imagewithalt`
--
ALTER TABLE `craft_matrixcontent_imagewithalt`
	ADD CONSTRAINT `craft_matrixcontent_imagewithalt_elementId_fk` FOREIGN KEY (`elementId`) REFERENCES `craft_elements` (`id`) ON DELETE CASCADE,
	ADD CONSTRAINT `craft_matrixcontent_imagewithalt_locale_fk` FOREIGN KEY (`locale`) REFERENCES `craft_locales` (`locale`) ON DELETE CASCADE ON UPDATE CASCADE;

--
-- Constraints for table `craft_matrixcontent_learningscards`
--
ALTER TABLE `craft_matrixcontent_learningscards`
	ADD CONSTRAINT `craft_matrixcontent_learningscards_elementId_fk` FOREIGN KEY (`elementId`) REFERENCES `craft_elements` (`id`) ON DELETE CASCADE,
	ADD CONSTRAINT `craft_matrixcontent_learningscards_locale_fk` FOREIGN KEY (`locale`) REFERENCES `craft_locales` (`locale`) ON DELETE CASCADE ON UPDATE CASCADE;

--
-- Constraints for table `craft_matrixcontent_legallinks`
--
ALTER TABLE `craft_matrixcontent_legallinks`
	ADD CONSTRAINT `craft_matrixcontent_legallinks_elementId_fk` FOREIGN KEY (`elementId`) REFERENCES `craft_elements` (`id`) ON DELETE CASCADE,
	ADD CONSTRAINT `craft_matrixcontent_legallinks_locale_fk` FOREIGN KEY (`locale`) REFERENCES `craft_locales` (`locale`) ON DELETE CASCADE ON UPDATE CASCADE;

--
-- Constraints for table `craft_matrixcontent_logos`
--
ALTER TABLE `craft_matrixcontent_logos`
	ADD CONSTRAINT `craft_matrixcontent_logos_elementId_fk` FOREIGN KEY (`elementId`) REFERENCES `craft_elements` (`id`) ON DELETE CASCADE,
	ADD CONSTRAINT `craft_matrixcontent_logos_locale_fk` FOREIGN KEY (`locale`) REFERENCES `craft_locales` (`locale`) ON DELETE CASCADE ON UPDATE CASCADE;

--
-- Constraints for table `craft_matrixcontent_metriccards`
--
ALTER TABLE `craft_matrixcontent_metriccards`
	ADD CONSTRAINT `craft_matrixcontent_metriccards_elementId_fk` FOREIGN KEY (`elementId`) REFERENCES `craft_elements` (`id`) ON DELETE CASCADE,
	ADD CONSTRAINT `craft_matrixcontent_metriccards_locale_fk` FOREIGN KEY (`locale`) REFERENCES `craft_locales` (`locale`) ON DELETE CASCADE ON UPDATE CASCADE;

--
-- Constraints for table `craft_matrixcontent_mobiledevices`
--
ALTER TABLE `craft_matrixcontent_mobiledevices`
	ADD CONSTRAINT `craft_matrixcontent_mobiledevices_elementId_fk` FOREIGN KEY (`elementId`) REFERENCES `craft_elements` (`id`) ON DELETE CASCADE,
	ADD CONSTRAINT `craft_matrixcontent_mobiledevices_locale_fk` FOREIGN KEY (`locale`) REFERENCES `craft_locales` (`locale`) ON DELETE CASCADE ON UPDATE CASCADE;

--
-- Constraints for table `craft_matrixcontent_multiimage`
--
ALTER TABLE `craft_matrixcontent_multiimage`
	ADD CONSTRAINT `craft_matrixcontent_multiimage_elementId_fk` FOREIGN KEY (`elementId`) REFERENCES `craft_elements` (`id`) ON DELETE CASCADE,
	ADD CONSTRAINT `craft_matrixcontent_multiimage_locale_fk` FOREIGN KEY (`locale`) REFERENCES `craft_locales` (`locale`) ON DELETE CASCADE ON UPDATE CASCADE;

--
-- Constraints for table `craft_matrixcontent_navitems`
--
ALTER TABLE `craft_matrixcontent_navitems`
	ADD CONSTRAINT `craft_matrixcontent_navitems_elementId_fk` FOREIGN KEY (`elementId`) REFERENCES `craft_elements` (`id`) ON DELETE CASCADE,
	ADD CONSTRAINT `craft_matrixcontent_navitems_locale_fk` FOREIGN KEY (`locale`) REFERENCES `craft_locales` (`locale`) ON DELETE CASCADE ON UPDATE CASCADE;

--
-- Constraints for table `craft_matrixcontent_pageannotations`
--
ALTER TABLE `craft_matrixcontent_pageannotations`
	ADD CONSTRAINT `craft_matrixcontent_pageannotations_elementId_fk` FOREIGN KEY (`elementId`) REFERENCES `craft_elements` (`id`) ON DELETE CASCADE,
	ADD CONSTRAINT `craft_matrixcontent_pageannotations_locale_fk` FOREIGN KEY (`locale`) REFERENCES `craft_locales` (`locale`) ON DELETE CASCADE ON UPDATE CASCADE;

--
-- Constraints for table `craft_matrixcontent_prefooterheadline`
--
ALTER TABLE `craft_matrixcontent_prefooterheadline`
	ADD CONSTRAINT `craft_matrixcontent_prefooterheadline_elementId_fk` FOREIGN KEY (`elementId`) REFERENCES `craft_elements` (`id`) ON DELETE CASCADE,
	ADD CONSTRAINT `craft_matrixcontent_prefooterheadline_locale_fk` FOREIGN KEY (`locale`) REFERENCES `craft_locales` (`locale`) ON DELETE CASCADE ON UPDATE CASCADE;

--
-- Constraints for table `craft_matrixcontent_primarycta`
--
ALTER TABLE `craft_matrixcontent_primarycta`
	ADD CONSTRAINT `craft_matrixcontent_primarycta_elementId_fk` FOREIGN KEY (`elementId`) REFERENCES `craft_elements` (`id`) ON DELETE CASCADE,
	ADD CONSTRAINT `craft_matrixcontent_primarycta_locale_fk` FOREIGN KEY (`locale`) REFERENCES `craft_locales` (`locale`) ON DELETE CASCADE ON UPDATE CASCADE;

--
-- Constraints for table `craft_matrixcontent_relatedentries`
--
ALTER TABLE `craft_matrixcontent_relatedentries`
	ADD CONSTRAINT `craft_matrixcontent_relatedentries_elementId_fk` FOREIGN KEY (`elementId`) REFERENCES `craft_elements` (`id`) ON DELETE CASCADE,
	ADD CONSTRAINT `craft_matrixcontent_relatedentries_locale_fk` FOREIGN KEY (`locale`) REFERENCES `craft_locales` (`locale`) ON DELETE CASCADE ON UPDATE CASCADE;

--
-- Constraints for table `craft_matrixcontent_secondarycta`
--
ALTER TABLE `craft_matrixcontent_secondarycta`
	ADD CONSTRAINT `craft_matrixcontent_secondarycta_elementId_fk` FOREIGN KEY (`elementId`) REFERENCES `craft_elements` (`id`) ON DELETE CASCADE,
	ADD CONSTRAINT `craft_matrixcontent_secondarycta_locale_fk` FOREIGN KEY (`locale`) REFERENCES `craft_locales` (`locale`) ON DELETE CASCADE ON UPDATE CASCADE;

--
-- Constraints for table `craft_matrixcontent_secondarynavigation`
--
ALTER TABLE `craft_matrixcontent_secondarynavigation`
	ADD CONSTRAINT `craft_matrixcontent_secondarynavigation_elementId_fk` FOREIGN KEY (`elementId`) REFERENCES `craft_elements` (`id`) ON DELETE CASCADE,
	ADD CONSTRAINT `craft_matrixcontent_secondarynavigation_locale_fk` FOREIGN KEY (`locale`) REFERENCES `craft_locales` (`locale`) ON DELETE CASCADE ON UPDATE CASCADE;

--
-- Constraints for table `craft_matrixcontent_spotlightdeviceasset`
--
ALTER TABLE `craft_matrixcontent_spotlightdeviceasset`
	ADD CONSTRAINT `craft_matrixcontent_spotlightdeviceasset_elementId_fk` FOREIGN KEY (`elementId`) REFERENCES `craft_elements` (`id`) ON DELETE CASCADE,
	ADD CONSTRAINT `craft_matrixcontent_spotlightdeviceasset_locale_fk` FOREIGN KEY (`locale`) REFERENCES `craft_locales` (`locale`) ON DELETE CASCADE ON UPDATE CASCADE;

--
-- Constraints for table `craft_matrixcontent_storymetrics`
--
ALTER TABLE `craft_matrixcontent_storymetrics`
	ADD CONSTRAINT `craft_matrixcontent_storymetrics_elementId_fk` FOREIGN KEY (`elementId`) REFERENCES `craft_elements` (`id`) ON DELETE CASCADE,
	ADD CONSTRAINT `craft_matrixcontent_storymetrics_locale_fk` FOREIGN KEY (`locale`) REFERENCES `craft_locales` (`locale`) ON DELETE CASCADE ON UPDATE CASCADE;

--
-- Constraints for table `craft_matrixcontent_subnavitems`
--
ALTER TABLE `craft_matrixcontent_subnavitems`
	ADD CONSTRAINT `craft_matrixcontent_subnavitems_elementId_fk` FOREIGN KEY (`elementId`) REFERENCES `craft_elements` (`id`) ON DELETE CASCADE,
	ADD CONSTRAINT `craft_matrixcontent_subnavitems_locale_fk` FOREIGN KEY (`locale`) REFERENCES `craft_locales` (`locale`) ON DELETE CASCADE ON UPDATE CASCADE;

--
-- Constraints for table `craft_matrixcontent_textlist`
--
ALTER TABLE `craft_matrixcontent_textlist`
	ADD CONSTRAINT `craft_matrixcontent_textlist_elementId_fk` FOREIGN KEY (`elementId`) REFERENCES `craft_elements` (`id`) ON DELETE CASCADE,
	ADD CONSTRAINT `craft_matrixcontent_textlist_locale_fk` FOREIGN KEY (`locale`) REFERENCES `craft_locales` (`locale`) ON DELETE CASCADE ON UPDATE CASCADE;

--
-- Constraints for table `craft_matrixcontent_video`
--
ALTER TABLE `craft_matrixcontent_video`
	ADD CONSTRAINT `craft_matrixcontent_video_elementId_fk` FOREIGN KEY (`elementId`) REFERENCES `craft_elements` (`id`) ON DELETE CASCADE,
	ADD CONSTRAINT `craft_matrixcontent_video_locale_fk` FOREIGN KEY (`locale`) REFERENCES `craft_locales` (`locale`) ON DELETE CASCADE ON UPDATE CASCADE;

--
-- Constraints for table `craft_matrixcontent_videostep`
--
ALTER TABLE `craft_matrixcontent_videostep`
	ADD CONSTRAINT `craft_matrixcontent_videostep_elementId_fk` FOREIGN KEY (`elementId`) REFERENCES `craft_elements` (`id`) ON DELETE CASCADE,
	ADD CONSTRAINT `craft_matrixcontent_videostep_locale_fk` FOREIGN KEY (`locale`) REFERENCES `craft_locales` (`locale`) ON DELETE CASCADE ON UPDATE CASCADE;

--
-- Constraints for table `craft_migrations`
--
ALTER TABLE `craft_migrations`
	ADD CONSTRAINT `craft_migrations_pluginId_fk` FOREIGN KEY (`pluginId`) REFERENCES `craft_plugins` (`id`) ON DELETE CASCADE;

--
-- Constraints for table `craft_neoblocks`
--
ALTER TABLE `craft_neoblocks`
	ADD CONSTRAINT `craft_neoblocks_fieldId_fk` FOREIGN KEY (`fieldId`) REFERENCES `craft_fields` (`id`) ON DELETE CASCADE,
	ADD CONSTRAINT `craft_neoblocks_id_fk` FOREIGN KEY (`id`) REFERENCES `craft_elements` (`id`) ON DELETE CASCADE,
	ADD CONSTRAINT `craft_neoblocks_ownerId_fk` FOREIGN KEY (`ownerId`) REFERENCES `craft_elements` (`id`) ON DELETE CASCADE,
	ADD CONSTRAINT `craft_neoblocks_ownerLocale_fk` FOREIGN KEY (`ownerLocale`) REFERENCES `craft_locales` (`locale`) ON DELETE CASCADE ON UPDATE CASCADE,
	ADD CONSTRAINT `craft_neoblocks_typeId_fk` FOREIGN KEY (`typeId`) REFERENCES `craft_neoblocktypes` (`id`) ON DELETE CASCADE;

--
-- Constraints for table `craft_neoblockstructures`
--
ALTER TABLE `craft_neoblockstructures`
	ADD CONSTRAINT `craft_neoblockstructures_fieldId_fk` FOREIGN KEY (`fieldId`) REFERENCES `craft_fields` (`id`) ON DELETE CASCADE,
	ADD CONSTRAINT `craft_neoblockstructures_ownerId_fk` FOREIGN KEY (`ownerId`) REFERENCES `craft_elements` (`id`) ON DELETE CASCADE,
	ADD CONSTRAINT `craft_neoblockstructures_ownerLocale_fk` FOREIGN KEY (`ownerLocale`) REFERENCES `craft_locales` (`locale`) ON DELETE CASCADE ON UPDATE CASCADE,
	ADD CONSTRAINT `craft_neoblockstructures_structureId_fk` FOREIGN KEY (`structureId`) REFERENCES `craft_structures` (`id`) ON DELETE CASCADE;

--
-- Constraints for table `craft_neoblocktypes`
--
ALTER TABLE `craft_neoblocktypes`
	ADD CONSTRAINT `craft_neoblocktypes_fieldId_fk` FOREIGN KEY (`fieldId`) REFERENCES `craft_fields` (`id`) ON DELETE CASCADE,
	ADD CONSTRAINT `craft_neoblocktypes_fieldLayoutId_fk` FOREIGN KEY (`fieldLayoutId`) REFERENCES `craft_fieldlayouts` (`id`) ON DELETE SET NULL;

--
-- Constraints for table `craft_neogroups`
--
ALTER TABLE `craft_neogroups`
	ADD CONSTRAINT `craft_neogroups_fieldId_fk` FOREIGN KEY (`fieldId`) REFERENCES `craft_fields` (`id`) ON DELETE CASCADE;

--
-- Constraints for table `craft_relations`
--
ALTER TABLE `craft_relations`
	ADD CONSTRAINT `craft_relations_fieldId_fk` FOREIGN KEY (`fieldId`) REFERENCES `craft_fields` (`id`) ON DELETE CASCADE,
	ADD CONSTRAINT `craft_relations_sourceId_fk` FOREIGN KEY (`sourceId`) REFERENCES `craft_elements` (`id`) ON DELETE CASCADE,
	ADD CONSTRAINT `craft_relations_sourceLocale_fk` FOREIGN KEY (`sourceLocale`) REFERENCES `craft_locales` (`locale`) ON DELETE CASCADE ON UPDATE CASCADE,
	ADD CONSTRAINT `craft_relations_targetId_fk` FOREIGN KEY (`targetId`) REFERENCES `craft_elements` (`id`) ON DELETE CASCADE;

--
-- Constraints for table `craft_routes`
--
ALTER TABLE `craft_routes`
	ADD CONSTRAINT `craft_routes_locale_fk` FOREIGN KEY (`locale`) REFERENCES `craft_locales` (`locale`) ON DELETE CASCADE ON UPDATE CASCADE;

--
-- Constraints for table `craft_sections`
--
ALTER TABLE `craft_sections`
	ADD CONSTRAINT `craft_sections_structureId_fk` FOREIGN KEY (`structureId`) REFERENCES `craft_structures` (`id`) ON DELETE SET NULL;

--
-- Constraints for table `craft_sections_i18n`
--
ALTER TABLE `craft_sections_i18n`
	ADD CONSTRAINT `craft_sections_i18n_locale_fk` FOREIGN KEY (`locale`) REFERENCES `craft_locales` (`locale`) ON DELETE CASCADE ON UPDATE CASCADE,
	ADD CONSTRAINT `craft_sections_i18n_sectionId_fk` FOREIGN KEY (`sectionId`) REFERENCES `craft_sections` (`id`) ON DELETE CASCADE;

--
-- Constraints for table `craft_sessions`
--
ALTER TABLE `craft_sessions`
	ADD CONSTRAINT `craft_sessions_userId_fk` FOREIGN KEY (`userId`) REFERENCES `craft_users` (`id`) ON DELETE CASCADE;

--
-- Constraints for table `craft_shunnedmessages`
--
ALTER TABLE `craft_shunnedmessages`
	ADD CONSTRAINT `craft_shunnedmessages_userId_fk` FOREIGN KEY (`userId`) REFERENCES `craft_users` (`id`) ON DELETE CASCADE;

--
-- Constraints for table `craft_structureelements`
--
ALTER TABLE `craft_structureelements`
	ADD CONSTRAINT `craft_structureelements_elementId_fk` FOREIGN KEY (`elementId`) REFERENCES `craft_elements` (`id`) ON DELETE CASCADE,
	ADD CONSTRAINT `craft_structureelements_structureId_fk` FOREIGN KEY (`structureId`) REFERENCES `craft_structures` (`id`) ON DELETE CASCADE;

--
-- Constraints for table `craft_supertablecontent_cb_elementgrids`
--
ALTER TABLE `craft_supertablecontent_cb_elementgrids`
	ADD CONSTRAINT `craft_supertablecontent_cb_elementgrids_elementId_fk` FOREIGN KEY (`elementId`) REFERENCES `craft_elements` (`id`) ON DELETE CASCADE,
	ADD CONSTRAINT `craft_supertablecontent_cb_elementgrids_locale_fk` FOREIGN KEY (`locale`) REFERENCES `craft_locales` (`locale`) ON DELETE CASCADE ON UPDATE CASCADE;

--
-- Constraints for table `craft_taggroups`
--
ALTER TABLE `craft_taggroups`
	ADD CONSTRAINT `craft_taggroups_fieldLayoutId_fk` FOREIGN KEY (`fieldLayoutId`) REFERENCES `craft_fieldlayouts` (`id`) ON DELETE SET NULL;

--
-- Constraints for table `craft_tags`
--
ALTER TABLE `craft_tags`
	ADD CONSTRAINT `craft_tags_groupId_fk` FOREIGN KEY (`groupId`) REFERENCES `craft_taggroups` (`id`) ON DELETE CASCADE,
	ADD CONSTRAINT `craft_tags_id_fk` FOREIGN KEY (`id`) REFERENCES `craft_elements` (`id`) ON DELETE CASCADE;

--
-- Constraints for table `craft_templatecachecriteria`
--
ALTER TABLE `craft_templatecachecriteria`
	ADD CONSTRAINT `craft_templatecachecriteria_cacheId_fk` FOREIGN KEY (`cacheId`) REFERENCES `craft_templatecaches` (`id`) ON DELETE CASCADE;

--
-- Constraints for table `craft_templatecacheelements`
--
ALTER TABLE `craft_templatecacheelements`
	ADD CONSTRAINT `craft_templatecacheelements_cacheId_fk` FOREIGN KEY (`cacheId`) REFERENCES `craft_templatecaches` (`id`) ON DELETE CASCADE,
	ADD CONSTRAINT `craft_templatecacheelements_elementId_fk` FOREIGN KEY (`elementId`) REFERENCES `craft_elements` (`id`) ON DELETE CASCADE;

--
-- Constraints for table `craft_templatecaches`
--
ALTER TABLE `craft_templatecaches`
	ADD CONSTRAINT `craft_templatecaches_locale_fk` FOREIGN KEY (`locale`) REFERENCES `craft_locales` (`locale`) ON DELETE CASCADE ON UPDATE CASCADE;

--
-- Constraints for table `craft_usergroups_users`
--
ALTER TABLE `craft_usergroups_users`
	ADD CONSTRAINT `craft_usergroups_users_groupId_fk` FOREIGN KEY (`groupId`) REFERENCES `craft_usergroups` (`id`) ON DELETE CASCADE,
	ADD CONSTRAINT `craft_usergroups_users_userId_fk` FOREIGN KEY (`userId`) REFERENCES `craft_users` (`id`) ON DELETE CASCADE;

--
-- Constraints for table `craft_userpermissions_usergroups`
--
ALTER TABLE `craft_userpermissions_usergroups`
	ADD CONSTRAINT `craft_userpermissions_usergroups_groupId_fk` FOREIGN KEY (`groupId`) REFERENCES `craft_usergroups` (`id`) ON DELETE CASCADE,
	ADD CONSTRAINT `craft_userpermissions_usergroups_permissionId_fk` FOREIGN KEY (`permissionId`) REFERENCES `craft_userpermissions` (`id`) ON DELETE CASCADE;

--
-- Constraints for table `craft_userpermissions_users`
--
ALTER TABLE `craft_userpermissions_users`
	ADD CONSTRAINT `craft_userpermissions_users_permissionId_fk` FOREIGN KEY (`permissionId`) REFERENCES `craft_userpermissions` (`id`) ON DELETE CASCADE,
	ADD CONSTRAINT `craft_userpermissions_users_userId_fk` FOREIGN KEY (`userId`) REFERENCES `craft_users` (`id`) ON DELETE CASCADE;

--
-- Constraints for table `craft_users`
--
ALTER TABLE `craft_users`
	ADD CONSTRAINT `craft_users_id_fk` FOREIGN KEY (`id`) REFERENCES `craft_elements` (`id`) ON DELETE CASCADE,
	ADD CONSTRAINT `craft_users_preferredLocale_fk` FOREIGN KEY (`preferredLocale`) REFERENCES `craft_locales` (`locale`) ON DELETE SET NULL ON UPDATE CASCADE;

--
-- Constraints for table `craft_widgets`
--
ALTER TABLE `craft_widgets`
	ADD CONSTRAINT `craft_widgets_userId_fk` FOREIGN KEY (`userId`) REFERENCES `craft_users` (`id`) ON DELETE CASCADE;

SET FOREIGN_KEY_CHECKS = 1;
