-- Generated by Craft v2.6.2988 on Jul 31, 2017, 6:50:22 PM.

--
-- Disable foreign key checks and autocommit.
--

SET FOREIGN_KEY_CHECKS = 0;
SET SQL_MODE = "NO_AUTO_VALUE_ON_ZERO";
SET AUTOCOMMIT = 0;
SET NAMES utf8;


DROP TABLE IF EXISTS `craft_assetfiles`;


--
-- Schema for table `craft_assetfiles`
--
CREATE TABLE `craft_assetfiles` (
  `id` int(11) NOT NULL,
  `sourceId` int(11) DEFAULT NULL,
  `folderId` int(11) NOT NULL,
  `filename` varchar(255) COLLATE utf8_unicode_ci NOT NULL,
  `kind` varchar(50) COLLATE utf8_unicode_ci NOT NULL DEFAULT 'unknown',
  `width` int(11) unsigned DEFAULT NULL,
  `height` int(11) unsigned DEFAULT NULL,
  `size` bigint(20) unsigned DEFAULT NULL,
  `dateModified` datetime DEFAULT NULL,
  `dateCreated` datetime NOT NULL,
  `dateUpdated` datetime NOT NULL,
  `uid` char(36) COLLATE utf8_unicode_ci NOT NULL DEFAULT '0',
  PRIMARY KEY (`id`),
  UNIQUE KEY `craft_assetfiles_filename_folderId_unq_idx` (`filename`,`folderId`),
  KEY `craft_assetfiles_sourceId_fk` (`sourceId`),
  KEY `craft_assetfiles_folderId_fk` (`folderId`)
) ENGINE=InnoDB DEFAULT CHARSET=utf8 COLLATE=utf8_unicode_ci;

--
-- Data for table `craft_assetfiles`
--

INSERT INTO `craft_assetfiles` (`id`, `sourceId`, `folderId`, `filename`, `kind`, `width`, `height`, `size`, `dateModified`, `dateCreated`, `dateUpdated`, `uid`) VALUES
 ('8', '1', '1', 'snap_ad_reporting_1x.png', 'image', '634', '373', '66380', '2017-07-20 22:19:56', '2017-07-20 22:19:56', '2017-07-20 22:19:56', '95b41087-efd5-42aa-9ef5-aa79913b640d'),
 ('14', '1', '1', 'homepage-1-1.png', 'image', '197', '163', '16770', '2017-07-20 22:49:12', '2017-07-20 22:49:12', '2017-07-20 22:49:12', '2d2a2927-c37e-4674-be23-571a0cbf4596'),
 ('15', '1', '1', 'homepage-1-2.png', 'image', '192', '159', '14613', '2017-07-20 22:49:12', '2017-07-20 22:49:12', '2017-07-20 22:49:12', '05a962d7-e2d1-4159-ac9f-1e53ecf741e4'),
 ('16', '1', '1', 'homepage-1-3.png', 'image', '208', '150', '7540', '2017-07-20 22:49:12', '2017-07-20 22:49:12', '2017-07-20 22:49:12', '8c549880-48cb-4218-a737-760cf05b4504'),
 ('38', '2', '2', 'filter_reporting_2x.jpg', 'image', '1268', '722', '30553', '2017-07-26 21:01:07', '2017-07-26 21:01:07', '2017-07-26 21:01:07', '40c48100-eb4c-48cb-bad5-21d1125e9e0b'),
 ('45', '1', '1', 'measurement-reach.svg', 'image', '231', '139', '4682', '2017-07-26 21:17:47', '2017-07-26 21:17:47', '2017-07-26 21:17:47', '05cc849e-17e1-4871-9161-3c822384df40'),
 ('46', '1', '1', 'measurement-reaction.svg', 'image', '214', '183', '3390', '2017-07-26 21:17:47', '2017-07-26 21:17:47', '2017-07-26 21:17:47', '22bd4fd7-0bdb-4349-8763-cbb08fe2e5b2'),
 ('47', '1', '1', 'measurement-resonance.svg', 'image', '230', '103', '1061', '2017-07-26 21:17:47', '2017-07-26 21:17:47', '2017-07-26 21:17:47', 'ee675059-e4ae-4f3c-8431-c7bd28755026'),
 ('48', '1', '1', 'measurement-snap-to.svg', 'image', '196', '196', '4554', '2017-07-26 21:17:47', '2017-07-26 21:17:47', '2017-07-26 21:17:47', '2e2855cd-118d-4bc5-845b-d83f65bbe93f'),
 ('49', '1', '1', 'measurement-verification.svg', 'image', '91', '157', '1198', '2017-07-26 21:17:47', '2017-07-26 21:17:47', '2017-07-26 21:17:47', '1304cfce-6f98-4b7a-8330-cc53b4319a4b'),
 ('50', '1', '1', 'measurement-viewability.svg', 'image', '231', '165', '2297', '2017-07-26 21:19:01', '2017-07-26 21:19:01', '2017-07-26 21:19:01', '91ef29a5-2e65-4346-acff-0d3d14fd4ac4'),
 ('61', '2', '2', 'snap-to-store_clock_2x.png', 'image', '392', '392', '28591', '2017-07-26 21:26:59', '2017-07-26 21:26:59', '2017-07-26 21:26:59', '1521eff5-05c7-46e1-9d3d-1ccca44a375f'),
 ('68', '2', '2', 'snap-to-store_chillahs_2x.png', 'image', '1166', '472', '80933', '2017-07-26 21:28:10', '2017-07-26 21:28:10', '2017-07-26 21:28:10', '8945f3be-2533-41c4-a48a-f9df972e30a6'),
 ('76', '2', '9', 'adjust_2x.png', 'image', '164', '52', '7077', '2017-07-26 21:58:07', '2017-07-26 21:58:07', '2017-07-26 21:58:07', 'f2cfaf48-bfce-40ab-bb10-0cfb65d198fa'),
 ('77', '2', '9', 'appsflyer_2x.png', 'image', '236', '70', '9152', '2017-07-26 21:58:07', '2017-07-26 21:58:07', '2017-07-26 21:58:07', '8d78f06f-690f-4826-9ed3-fd865b2777f6'),
 ('78', '2', '9', 'doubleclick_2x.png', 'image', '240', '52', '9269', '2017-07-26 21:58:07', '2017-07-26 21:58:07', '2017-07-26 21:58:07', '71517b06-73ec-4393-8ee7-04677aed120c'),
 ('79', '2', '9', 'innovid_2x.png', 'image', '176', '34', '6767', '2017-07-26 21:58:08', '2017-07-26 21:58:08', '2017-07-26 21:58:08', '3be1305d-56e3-41e4-b31b-9dcb668c3966'),
 ('80', '2', '9', 'kochava_2x.png', 'image', '206', '42', '6126', '2017-07-26 21:58:08', '2017-07-26 21:58:08', '2017-07-26 21:58:08', '7eb8e0e6-b128-4506-855b-fd96eebc204d'),
 ('81', '2', '9', 'liveramp_2x.png', 'image', '212', '44', '9345', '2017-07-26 21:58:08', '2017-07-26 21:58:08', '2017-07-26 21:58:08', 'b3647b59-dd7b-4d06-bb01-afb3680c4ec3'),
 ('82', '2', '9', 'millwardbrown_2x.png', 'image', '256', '56', '11202', '2017-07-26 21:58:10', '2017-07-26 21:58:10', '2017-07-26 21:58:10', '23ea33ef-5e23-4c68-865a-d0ddb89f67e8'),
 ('83', '2', '9', 'moat_2x.png', 'image', '170', '40', '5709', '2017-07-26 21:58:11', '2017-07-26 21:58:11', '2017-07-26 21:58:11', 'bef717fd-46c6-4e1a-bc21-a230caaafb6c'),
 ('84', '2', '9', 'neustar_2x.png', 'image', '218', '44', '8547', '2017-07-26 21:58:11', '2017-07-26 21:58:11', '2017-07-26 21:58:11', 'fdfca102-0b17-4fff-b5b7-18c22158cc4a'),
 ('85', '2', '9', 'nielsen_2x.png', 'image', '168', '54', '6696', '2017-07-26 21:58:11', '2017-07-26 21:58:11', '2017-07-26 21:58:11', 'deddf2ab-1f59-49c0-8e82-eaf5237428d5'),
 ('86', '2', '9', 'oracle_2x.png', 'image', '172', '60', '4194', '2017-07-26 21:58:11', '2017-07-26 21:58:11', '2017-07-26 21:58:11', '9612ec9c-30c0-4c00-9d79-75bca1ec4d7f'),
 ('87', '2', '9', 'placed_2x.png', 'image', '184', '38', '7331', '2017-07-26 21:58:11', '2017-07-26 21:58:11', '2017-07-26 21:58:11', 'e3ba79e9-ac2f-4c52-ae02-73922342b062'),
 ('88', '2', '9', 'singular_2x.png', 'image', '236', '58', '3446', '2017-07-26 21:58:12', '2017-07-26 21:58:12', '2017-07-26 21:58:12', '2e9195e7-6e87-4ce1-8aba-5174799399fa'),
 ('89', '2', '9', 'sizmek_2x.png', 'image', '176', '48', '4933', '2017-07-26 21:58:12', '2017-07-26 21:58:12', '2017-07-26 21:58:12', '5f3f363f-37cc-4a36-85a0-628798baad14'),
 ('90', '2', '9', 'tune_2x.png', 'image', '166', '44', '3662', '2017-07-26 21:58:12', '2017-07-26 21:58:12', '2017-07-26 21:58:12', '69eeb7cc-3ed1-4121-b031-726497df4820'),
 ('97', '2', '10', 'ic_success_logo_abinbev@2x.png', 'image', '420', '336', '5821', '2017-07-26 22:25:00', '2017-07-26 22:25:00', '2017-07-26 22:25:00', '44f82043-0d11-40d7-9c24-32566a2a3c84'),
 ('99', '2', '2', 'Geofilter_Phil_Phone_Screen@2x.jpg', 'image', '530', '942', '543658', '2017-07-26 22:54:45', '2017-07-26 22:54:45', '2017-07-26 22:54:45', '59c76914-8f23-4a07-bd56-d90a50cb6e1f'),
 ('100', '2', '2', 'Postmates_DriveAction@2x.jpg', 'image', '576', '1024', '181487', '2017-07-26 22:54:45', '2017-07-26 22:54:45', '2017-07-26 22:54:45', '2ea56548-1c01-40a8-a9b1-f426c880bb97'),
 ('101', '2', '2', 'LGA_GeoFilter_2x.jpg', 'image', '576', '1024', '210955', '2017-07-26 22:54:59', '2017-07-26 22:54:59', '2017-07-26 22:54:59', '80b95d29-d6f6-4f55-a730-7055fa7d6143'),
 ('102', '2', '2', 'Target_AD_2x.jpg', 'image', '576', '1024', '142256', '2017-07-26 22:59:08', '2017-07-26 22:59:08', '2017-07-26 22:59:08', '4a3f6f3b-875e-4229-9a91-539a7a7c7c77'),
 ('103', '2', '2', 'Warby_Parker_GeoFilter_2x.jpg', 'image', '576', '1024', '284249', '2017-07-26 22:59:11', '2017-07-26 22:59:11', '2017-07-26 22:59:11', '0f4350e3-ca1d-48e6-af8c-cbb4e28586c8'),
 ('104', '2', '2', 'Weby_Parker_GeoFilter_2x.jpg', 'image', '576', '1024', '475476', '2017-07-26 23:01:58', '2017-07-26 23:01:59', '2017-07-26 23:01:59', '4eb72419-b4fb-4cf1-9347-632d3fc33b4d'),
 ('105', '2', '2', 'SnapAds_Gatorade_Phone_Screen@2x.jpg', 'image', '530', '942', '400559', '2017-07-26 23:02:27', '2017-07-26 23:02:27', '2017-07-26 23:02:27', '4b23d3b7-c24b-488d-b171-be46f0dd06e5'),
 ('106', '2', '2', 'SnapAds_UnderArmour_Phone_Screen@2x.jpg', 'image', '530', '942', '393299', '2017-07-26 23:02:28', '2017-07-26 23:02:28', '2017-07-26 23:02:28', '2a3c5709-ed8f-44da-8479-db299cab4200'),
 ('141', '2', '12', 'chillah-device.svg', 'image', '103', '98', '29950', '2017-07-26 23:10:18', '2017-07-26 23:10:18', '2017-07-26 23:10:18', '6473fe5a-53ec-4b9e-865e-bc906aa940fe'),
 ('142', '2', '12', 'chillah-heart-eyes.svg', 'image', '112', '110', '16720', '2017-07-26 23:10:18', '2017-07-26 23:10:18', '2017-07-26 23:10:18', 'a1854370-3eef-4b90-9635-91aff4d201f4'),
 ('143', '2', '12', 'chillah-hearts.svg', 'image', '111', '116', '9404', '2017-07-26 23:10:19', '2017-07-26 23:10:19', '2017-07-26 23:10:19', '7a8301b7-ed7f-4fcb-bcf2-246bc72624e1'),
 ('145', '2', '13', 'devices-nav-1.svg', 'image', '68', '72', '893', '2017-07-26 23:31:02', '2017-07-26 23:31:02', '2017-07-26 23:31:02', '5e260a0e-d2ae-43d7-b1af-8eba2febc111'),
 ('146', '2', '13', 'devices-nav-2.svg', 'image', '68', '71', '1161', '2017-07-26 23:31:02', '2017-07-26 23:31:02', '2017-07-26 23:31:02', '1c64c0e5-eae4-44c6-91b1-c874b9616d29'),
 ('147', '2', '13', 'devices-nav-3.svg', 'image', '68', '72', '1370', '2017-07-26 23:31:02', '2017-07-26 23:31:02', '2017-07-26 23:31:02', '6ca53754-65a1-40a4-8a09-521d5cbc52c0'),
 ('148', '2', '13', 'devices-nav-4.svg', 'image', '68', '71', '1188', '2017-07-26 23:31:02', '2017-07-26 23:31:02', '2017-07-26 23:31:02', 'ca07f2b7-07fa-4da7-9e7e-45c6efdffb60'),
 ('149', '2', '13', 'solutions-device-1.jpg', 'image', '252', '448', '38832', '2017-07-26 23:31:07', '2017-07-26 23:31:07', '2017-07-26 23:31:07', '22a75ec9-7fb1-401d-8d5a-796c649e1c45'),
 ('150', '2', '13', 'solutions-device-2.jpg', 'image', '253', '452', '62897', '2017-07-26 23:31:10', '2017-07-26 23:31:10', '2017-07-26 23:31:10', '9a1a91d4-ee15-437c-8605-9093316d1415'),
 ('151', '2', '13', 'solutions-device-3.jpg', 'image', '253', '455', '51654', '2017-07-26 23:31:10', '2017-07-26 23:31:10', '2017-07-26 23:31:10', '56d5f36d-b7ac-45b4-97fc-d0e30ee47551'),
 ('152', '2', '13', 'solutions-device-4.jpg', 'image', '254', '451', '44054', '2017-07-26 23:31:11', '2017-07-26 23:31:11', '2017-07-26 23:31:11', 'b7cdfff9-adb2-4304-aa3f-67a5ef728f1c'),
 ('153', '2', '13', 'solutions-device-5.jpg', 'image', '254', '449', '34285', '2017-07-26 23:31:11', '2017-07-26 23:31:11', '2017-07-26 23:31:11', '8e945541-bc88-494a-bfa9-397af540cd84'),
 ('154', '2', '13', 'solutions-device-6.jpg', 'image', '254', '450', '13340', '2017-07-26 23:31:11', '2017-07-26 23:31:11', '2017-07-26 23:31:11', 'a5a7e040-40b6-43d8-83a8-45faf9550625'),
 ('155', '2', '13', 'solutions-device-7.jpg', 'image', '254', '450', '33988', '2017-07-26 23:31:11', '2017-07-26 23:31:11', '2017-07-26 23:31:11', '95df794b-03ce-4cde-af0e-48dee18845b4'),
 ('156', '2', '13', 'solutions-device-8.jpg', 'image', '253', '450', '35854', '2017-07-26 23:31:11', '2017-07-26 23:31:11', '2017-07-26 23:31:11', 'd2b08d6e-32fa-45ae-9206-70da127b3f19'),
 ('157', '2', '13', 'solutions-device-9.jpg', 'image', '254', '451', '49559', '2017-07-26 23:31:11', '2017-07-26 23:31:11', '2017-07-26 23:31:11', '996133cf-7abe-4fb4-a5c8-888223219807'),
 ('158', '2', '13', 'solutions-device-10.jpg', 'image', '254', '451', '47688', '2017-07-26 23:31:12', '2017-07-26 23:31:12', '2017-07-26 23:31:12', '3ebf79f2-a4d3-4140-94e5-92410f988331'),
 ('159', '2', '13', 'solutions-device-11.jpg', 'image', '254', '451', '47408', '2017-07-26 23:31:12', '2017-07-26 23:31:12', '2017-07-26 23:31:12', '4a8627aa-025a-4742-b55d-d377d38cf9af'),
 ('160', '2', '13', 'solutions-device-12.jpg', 'image', '253', '450', '36373', '2017-07-26 23:31:12', '2017-07-26 23:31:12', '2017-07-26 23:31:12', '0eb0e231-d8fe-47f3-93ed-7d9e636d9fc4'),
 ('161', '2', '13', 'solutions-device-13.jpg', 'image', '255', '453', '37302', '2017-07-26 23:31:12', '2017-07-26 23:31:12', '2017-07-26 23:31:12', '9245abd9-787a-4302-8ef6-2b95b25df7b3'),
 ('172', '2', '15', 'ad_manager_2x.png', 'image', '1540', '906', '253993', '2017-07-27 17:17:05', '2017-07-27 17:17:05', '2017-07-27 17:17:05', '8a038522-5a87-4d90-91c5-01bf77f6183a');



DROP TABLE IF EXISTS `craft_assetfolders`;


--
-- Schema for table `craft_assetfolders`
--
CREATE TABLE `craft_assetfolders` (
  `id` int(11) NOT NULL AUTO_INCREMENT,
  `parentId` int(11) DEFAULT NULL,
  `sourceId` int(11) DEFAULT NULL,
  `name` varchar(255) COLLATE utf8_unicode_ci NOT NULL,
  `path` varchar(255) COLLATE utf8_unicode_ci DEFAULT NULL,
  `dateCreated` datetime NOT NULL,
  `dateUpdated` datetime NOT NULL,
  `uid` char(36) COLLATE utf8_unicode_ci NOT NULL DEFAULT '0',
  PRIMARY KEY (`id`),
  UNIQUE KEY `craft_assetfolders_name_parentId_sourceId_unq_idx` (`name`,`parentId`,`sourceId`),
  KEY `craft_assetfolders_parentId_fk` (`parentId`),
  KEY `craft_assetfolders_sourceId_fk` (`sourceId`)
) ENGINE=InnoDB AUTO_INCREMENT=16 DEFAULT CHARSET=utf8 COLLATE=utf8_unicode_ci;

--
-- Data for table `craft_assetfolders`
--

INSERT INTO `craft_assetfolders` (`id`, `parentId`, `sourceId`, `name`, `path`, `dateCreated`, `dateUpdated`, `uid`) VALUES
 ('1', NULL, '1', 'Cards', '', '2017-07-20 18:21:52', '2017-07-20 18:21:52', '7760cbab-3023-4910-b715-0e520f0428b4'),
 ('2', NULL, '2', 'Images', '', '2017-07-20 22:17:47', '2017-07-20 22:17:47', 'f023a332-2e9c-4876-9004-f87c07e5bac8'),
 ('3', NULL, NULL, 'Temporary source', NULL, '2017-07-21 21:50:47', '2017-07-21 21:50:47', 'c27c1e04-bb5d-4e97-83c3-5055f5c3bff6'),
 ('4', '3', NULL, 'user_1', 'user_1/', '2017-07-21 21:50:47', '2017-07-21 21:50:47', 'f1435a45-0aef-4bc0-8b7e-4dc81937ca88'),
 ('5', '4', NULL, 'field_25', 'user_1/field_25/', '2017-07-21 21:50:47', '2017-07-21 21:50:47', '2fd68bfe-e32c-401c-a1ff-633f1a236fed'),
 ('6', NULL, '3', 'Videos', '', '2017-07-21 22:08:30', '2017-07-21 22:08:30', '666e6159-6a87-4c76-aa65-68a583e6f8be'),
 ('7', '4', NULL, 'field_38', 'user_1/field_38/', '2017-07-21 23:27:02', '2017-07-21 23:27:02', '9bb5cb44-50d8-4746-a873-ed61a5b7552b'),
 ('8', '4', NULL, 'field_45', 'user_1/field_45/', '2017-07-26 21:50:50', '2017-07-26 21:50:50', '2d603943-62bc-4fbb-b1a9-214d63d9d82d'),
 ('9', '2', '2', 'partners', 'partners/', '2017-07-26 21:56:54', '2017-07-26 21:56:54', '05368b03-24b2-4702-a509-76119cb6c2fd'),
 ('10', '2', '2', 'success-stories', 'success-stories/', '2017-07-26 22:24:53', '2017-07-26 22:24:53', '3e29d47d-8863-495c-8eea-22d3f45b0cc3'),
 ('11', '2', '2', 'stories', 'stories/', '2017-07-26 22:26:19', '2017-07-26 22:26:19', 'f42abb83-92ba-499a-af11-6f55f70dcd7a'),
 ('12', '2', '2', 'chillahs', 'chillahs/', '2017-07-26 23:10:12', '2017-07-26 23:10:12', 'cc1413ca-ccd2-46fe-813e-56de281130cf'),
 ('13', '2', '2', 'solutions', 'solutions/', '2017-07-26 23:30:54', '2017-07-26 23:30:54', 'f08b24f7-7720-41a4-9037-ba90dd2b7c5c'),
 ('14', '4', NULL, 'field_51', 'user_1/field_51/', '2017-07-26 23:33:34', '2017-07-26 23:33:34', '4cabaa5e-f890-475c-8b93-7d80e601d979'),
 ('15', '2', '2', 'tools', 'tools/', '2017-07-27 17:16:55', '2017-07-27 17:16:55', '0f80756d-729a-4d61-843d-5557152a8bda');



DROP TABLE IF EXISTS `craft_assetindexdata`;


--
-- Schema for table `craft_assetindexdata`
--
CREATE TABLE `craft_assetindexdata` (
  `id` int(11) NOT NULL AUTO_INCREMENT,
  `sessionId` varchar(36) COLLATE utf8_unicode_ci NOT NULL DEFAULT '',
  `sourceId` int(10) NOT NULL,
  `offset` int(10) NOT NULL,
  `uri` varchar(255) COLLATE utf8_unicode_ci DEFAULT NULL,
  `size` varchar(255) COLLATE utf8_unicode_ci DEFAULT NULL,
  `recordId` int(10) DEFAULT NULL,
  `dateCreated` datetime NOT NULL,
  `dateUpdated` datetime NOT NULL,
  `uid` char(36) COLLATE utf8_unicode_ci NOT NULL DEFAULT '0',
  PRIMARY KEY (`id`),
  UNIQUE KEY `craft_assetindexdata_sessionId_sourceId_offset_unq_idx` (`sessionId`,`sourceId`,`offset`),
  KEY `craft_assetindexdata_sourceId_fk` (`sourceId`)
) ENGINE=InnoDB DEFAULT CHARSET=utf8 COLLATE=utf8_unicode_ci;

DROP TABLE IF EXISTS `craft_assetsources`;


--
-- Schema for table `craft_assetsources`
--
CREATE TABLE `craft_assetsources` (
  `id` int(11) NOT NULL AUTO_INCREMENT,
  `name` varchar(255) COLLATE utf8_unicode_ci NOT NULL,
  `handle` varchar(255) COLLATE utf8_unicode_ci NOT NULL,
  `type` varchar(150) COLLATE utf8_unicode_ci NOT NULL,
  `settings` text COLLATE utf8_unicode_ci,
  `sortOrder` smallint(6) unsigned DEFAULT NULL,
  `fieldLayoutId` int(10) DEFAULT NULL,
  `dateCreated` datetime NOT NULL,
  `dateUpdated` datetime NOT NULL,
  `uid` char(36) COLLATE utf8_unicode_ci NOT NULL DEFAULT '0',
  PRIMARY KEY (`id`),
  UNIQUE KEY `craft_assetsources_name_unq_idx` (`name`),
  UNIQUE KEY `craft_assetsources_handle_unq_idx` (`handle`),
  KEY `craft_assetsources_fieldLayoutId_fk` (`fieldLayoutId`)
) ENGINE=InnoDB AUTO_INCREMENT=4 DEFAULT CHARSET=utf8 COLLATE=utf8_unicode_ci;

--
-- Data for table `craft_assetsources`
--

INSERT INTO `craft_assetsources` (`id`, `name`, `handle`, `type`, `settings`, `sortOrder`, `fieldLayoutId`, `dateCreated`, `dateUpdated`, `uid`) VALUES
 ('1', 'Cards', 'cards', 'Local', '{\"path\":\"assets\\/images\\/cards\\/\",\"publicURLs\":\"1\",\"url\":\"\\/assets\\/images\\/cards\\/\"}', '1', '252', '2017-07-20 18:21:52', '2017-07-20 22:19:07', '842178a6-a2bc-483e-bfde-955596b3cfc2'),
 ('2', 'Images', 'images', 'Local', '{\"path\":\"assets\\/images\\/\",\"publicURLs\":\"1\",\"url\":\"\\/assets\\/images\\/\"}', '2', '251', '2017-07-20 22:17:47', '2017-07-20 22:17:47', '77f207e4-9d6d-4838-936c-96c760c5e47c'),
 ('3', 'Videos', 'videos', 'Local', '{\"path\":\"assets\\/videos\\/\",\"publicURLs\":\"1\",\"url\":\"\\/assets\\/videos\\/\"}', '3', '506', '2017-07-21 22:08:30', '2017-07-21 22:08:30', '8caffb38-19c6-40e3-84e7-45b62f7deb5c');



DROP TABLE IF EXISTS `craft_assettransformindex`;


--
-- Schema for table `craft_assettransformindex`
--
CREATE TABLE `craft_assettransformindex` (
  `id` int(11) NOT NULL AUTO_INCREMENT,
  `fileId` int(11) NOT NULL,
  `filename` varchar(255) COLLATE utf8_unicode_ci DEFAULT NULL,
  `format` varchar(255) COLLATE utf8_unicode_ci DEFAULT NULL,
  `location` varchar(255) COLLATE utf8_unicode_ci NOT NULL,
  `sourceId` int(11) DEFAULT NULL,
  `fileExists` tinyint(1) DEFAULT NULL,
  `inProgress` tinyint(1) DEFAULT NULL,
  `dateIndexed` datetime DEFAULT NULL,
  `dateCreated` datetime NOT NULL,
  `dateUpdated` datetime NOT NULL,
  `uid` char(36) COLLATE utf8_unicode_ci NOT NULL DEFAULT '0',
  PRIMARY KEY (`id`),
  KEY `craft_assettransformindex_sourceId_fileId_location_idx` (`sourceId`,`fileId`,`location`)
) ENGINE=InnoDB DEFAULT CHARSET=utf8 COLLATE=utf8_unicode_ci;

DROP TABLE IF EXISTS `craft_assettransforms`;


--
-- Schema for table `craft_assettransforms`
--
CREATE TABLE `craft_assettransforms` (
  `id` int(11) NOT NULL AUTO_INCREMENT,
  `name` varchar(255) COLLATE utf8_unicode_ci NOT NULL,
  `handle` varchar(255) COLLATE utf8_unicode_ci NOT NULL,
  `mode` enum('stretch','fit','crop') COLLATE utf8_unicode_ci NOT NULL DEFAULT 'crop',
  `position` enum('top-left','top-center','top-right','center-left','center-center','center-right','bottom-left','bottom-center','bottom-right') COLLATE utf8_unicode_ci NOT NULL DEFAULT 'center-center',
  `height` int(10) DEFAULT NULL,
  `width` int(10) DEFAULT NULL,
  `format` varchar(255) COLLATE utf8_unicode_ci DEFAULT NULL,
  `quality` int(10) DEFAULT NULL,
  `dimensionChangeTime` datetime DEFAULT NULL,
  `dateCreated` datetime NOT NULL,
  `dateUpdated` datetime NOT NULL,
  `uid` char(36) COLLATE utf8_unicode_ci NOT NULL DEFAULT '0',
  PRIMARY KEY (`id`),
  UNIQUE KEY `craft_assettransforms_name_unq_idx` (`name`),
  UNIQUE KEY `craft_assettransforms_handle_unq_idx` (`handle`)
) ENGINE=InnoDB DEFAULT CHARSET=utf8 COLLATE=utf8_unicode_ci;

DROP TABLE IF EXISTS `craft_categories`;


--
-- Schema for table `craft_categories`
--
CREATE TABLE `craft_categories` (
  `id` int(11) NOT NULL,
  `groupId` int(11) NOT NULL,
  `dateCreated` datetime NOT NULL,
  `dateUpdated` datetime NOT NULL,
  `uid` char(36) COLLATE utf8_unicode_ci NOT NULL DEFAULT '0',
  PRIMARY KEY (`id`),
  KEY `craft_categories_groupId_fk` (`groupId`)
) ENGINE=InnoDB DEFAULT CHARSET=utf8 COLLATE=utf8_unicode_ci;

DROP TABLE IF EXISTS `craft_categorygroups`;


--
-- Schema for table `craft_categorygroups`
--
CREATE TABLE `craft_categorygroups` (
  `id` int(11) NOT NULL AUTO_INCREMENT,
  `structureId` int(11) NOT NULL,
  `fieldLayoutId` int(11) DEFAULT NULL,
  `name` varchar(255) COLLATE utf8_unicode_ci NOT NULL,
  `handle` varchar(255) COLLATE utf8_unicode_ci NOT NULL,
  `hasUrls` tinyint(1) unsigned NOT NULL DEFAULT '1',
  `template` varchar(500) COLLATE utf8_unicode_ci DEFAULT NULL,
  `dateCreated` datetime NOT NULL,
  `dateUpdated` datetime NOT NULL,
  `uid` char(36) COLLATE utf8_unicode_ci NOT NULL DEFAULT '0',
  PRIMARY KEY (`id`),
  UNIQUE KEY `craft_categorygroups_name_unq_idx` (`name`),
  UNIQUE KEY `craft_categorygroups_handle_unq_idx` (`handle`),
  KEY `craft_categorygroups_structureId_fk` (`structureId`),
  KEY `craft_categorygroups_fieldLayoutId_fk` (`fieldLayoutId`)
) ENGINE=InnoDB DEFAULT CHARSET=utf8 COLLATE=utf8_unicode_ci;

DROP TABLE IF EXISTS `craft_categorygroups_i18n`;


--
-- Schema for table `craft_categorygroups_i18n`
--
CREATE TABLE `craft_categorygroups_i18n` (
  `id` int(11) NOT NULL AUTO_INCREMENT,
  `groupId` int(11) NOT NULL,
  `locale` char(12) COLLATE utf8_unicode_ci NOT NULL,
  `urlFormat` text COLLATE utf8_unicode_ci,
  `nestedUrlFormat` text COLLATE utf8_unicode_ci,
  `dateCreated` datetime NOT NULL,
  `dateUpdated` datetime NOT NULL,
  `uid` char(36) COLLATE utf8_unicode_ci NOT NULL DEFAULT '0',
  PRIMARY KEY (`id`),
  UNIQUE KEY `craft_categorygroups_i18n_groupId_locale_unq_idx` (`groupId`,`locale`),
  KEY `craft_categorygroups_i18n_locale_fk` (`locale`)
) ENGINE=InnoDB DEFAULT CHARSET=utf8 COLLATE=utf8_unicode_ci;

DROP TABLE IF EXISTS `craft_content`;


--
-- Schema for table `craft_content`
--
CREATE TABLE `craft_content` (
  `id` int(11) NOT NULL AUTO_INCREMENT,
  `elementId` int(11) NOT NULL,
  `locale` char(12) COLLATE utf8_unicode_ci NOT NULL,
  `title` varchar(255) COLLATE utf8_unicode_ci DEFAULT NULL,
  `field_body` text COLLATE utf8_unicode_ci,
  `field_cb_cardHeadline` text COLLATE utf8_unicode_ci,
  `field_cb_cardBody` text COLLATE utf8_unicode_ci,
  `field_page_uri` text COLLATE utf8_unicode_ci,
  `field_cb_imageLocation` varchar(255) COLLATE utf8_unicode_ci DEFAULT 'left',
  `field_cb_paragraph` text COLLATE utf8_unicode_ci,
  `field_cb_button` text COLLATE utf8_unicode_ci,
  `field_cb_headline` text COLLATE utf8_unicode_ci,
  `field_page_themeColor` varchar(255) COLLATE utf8_unicode_ci DEFAULT 'blue',
  `field_page_sideNavigation` tinyint(1) unsigned NOT NULL DEFAULT '0',
  `field_cb_buttonStyle` varchar(255) COLLATE utf8_unicode_ci DEFAULT 'primary',
  `field_cb_subhead` text COLLATE utf8_unicode_ci,
  `field_cb_sectionBackgroundColor` varchar(255) COLLATE utf8_unicode_ci DEFAULT 'gray',
  `field_cb_sectionPaddingTop` varchar(255) COLLATE utf8_unicode_ci DEFAULT 'normal',
  `field_cb_sectionPaddingBottom` varchar(255) COLLATE utf8_unicode_ci DEFAULT 'normal',
  `field_cb_sectionTitle` text COLLATE utf8_unicode_ci,
  `field_cb_assetWidth` varchar(255) COLLATE utf8_unicode_ci DEFAULT 'normal',
  `field_cb_deviceHeadline` text COLLATE utf8_unicode_ci,
  `field_cb_deviceBody` text COLLATE utf8_unicode_ci,
  `field_ss_eyebrow` text COLLATE utf8_unicode_ci,
  `field_ss_storyCardColor` varchar(255) COLLATE utf8_unicode_ci DEFAULT NULL,
  `field_ss_companyName` text COLLATE utf8_unicode_ci,
  `field_ss_storySummary` varchar(150) COLLATE utf8_unicode_ci DEFAULT NULL,
  `field_cb_buttonColor` varchar(255) COLLATE utf8_unicode_ci DEFAULT 'white',
  `field_cb_tabLabel` text COLLATE utf8_unicode_ci,
  `field_cb_tabDescription` text COLLATE utf8_unicode_ci,
  `field_cb_timeCode` decimal(11,1) unsigned DEFAULT '0.0',
  `field_cb_descriptionLabel` text COLLATE utf8_unicode_ci,
  `dateCreated` datetime NOT NULL,
  `dateUpdated` datetime NOT NULL,
  `uid` char(36) COLLATE utf8_unicode_ci NOT NULL DEFAULT '0',
  PRIMARY KEY (`id`),
  UNIQUE KEY `craft_content_elementId_locale_unq_idx` (`elementId`,`locale`),
  KEY `craft_content_title_idx` (`title`),
  KEY `craft_content_locale_fk` (`locale`)
) ENGINE=InnoDB AUTO_INCREMENT=160 DEFAULT CHARSET=utf8 COLLATE=utf8_unicode_ci;

--
-- Data for table `craft_content`
--

INSERT INTO `craft_content` (`id`, `elementId`, `locale`, `title`, `field_body`, `field_cb_cardHeadline`, `field_cb_cardBody`, `field_page_uri`, `field_cb_imageLocation`, `field_cb_paragraph`, `field_cb_button`, `field_cb_headline`, `field_page_themeColor`, `field_page_sideNavigation`, `field_cb_buttonStyle`, `field_cb_subhead`, `field_cb_sectionBackgroundColor`, `field_cb_sectionPaddingTop`, `field_cb_sectionPaddingBottom`, `field_cb_sectionTitle`, `field_cb_assetWidth`, `field_cb_deviceHeadline`, `field_cb_deviceBody`, `field_ss_eyebrow`, `field_ss_storyCardColor`, `field_ss_companyName`, `field_ss_storySummary`, `field_cb_buttonColor`, `field_cb_tabLabel`, `field_cb_tabDescription`, `field_cb_timeCode`, `field_cb_descriptionLabel`, `dateCreated`, `dateUpdated`, `uid`) VALUES
 ('1', '1', 'en_us', NULL, NULL, NULL, NULL, NULL, 'left', NULL, NULL, NULL, NULL, '0', NULL, NULL, 'white', 'normal', 'normal', NULL, 'normal', NULL, NULL, NULL, NULL, NULL, NULL, 'white', NULL, NULL, '0.0', NULL, '2017-07-20 17:27:58', '2017-07-28 21:23:12', 'cb2d6955-b22a-4e41-b9f8-fe1801657cba'),
 ('2', '2', 'en_us', 'Welcome to Snapchat.craft.dev!', '<p>It’s true, this site doesn’t have a whole lot of content yet, but don’t worry. Our web developers have just installed the CMS, and they’re setting things up for the content editors this very moment. Soon Snapchat.craft.dev will be an oasis of fresh perspectives, sharp analyses, and astute opinions that will keep you coming back again and again.</p>', NULL, NULL, NULL, 'left', NULL, NULL, NULL, NULL, '0', NULL, NULL, 'white', 'normal', 'normal', NULL, 'normal', NULL, NULL, NULL, NULL, NULL, NULL, 'white', NULL, NULL, '0.0', NULL, '2017-07-20 17:27:59', '2017-07-20 17:27:59', 'a82822e3-a162-4074-bfd1-aa965383e384'),
 ('3', '3', 'en_us', 'We just installed Craft!', '<p>Craft is the CMS that’s powering Snapchat.craft.dev. It’s beautiful, powerful, flexible, and easy-to-use, and it’s made by Pixel &amp; Tonic. We can’t wait to dive in and see what it’s capable of!</p><!--pagebreak--><p>This is even more captivating content, which you couldn’t see on the News index page because it was entered after a Page Break, and the News index template only likes to show the content on the first page.</p><p>Craft: a nice alternative to Word, if you’re making a website.</p>', NULL, NULL, NULL, 'left', NULL, NULL, NULL, NULL, '0', NULL, NULL, 'white', 'normal', 'normal', NULL, 'normal', NULL, NULL, NULL, NULL, NULL, NULL, 'white', NULL, NULL, '0.0', NULL, '2017-07-20 17:27:59', '2017-07-20 21:26:43', '8ac7d520-a5e0-4243-9c21-17c47ddbe76b'),
 ('4', '4', 'en_us', 'Measurement', NULL, NULL, NULL, 'measurement', 'left', NULL, NULL, NULL, 'orange', '1', NULL, NULL, 'white', 'normal', 'normal', NULL, 'normal', NULL, NULL, NULL, NULL, NULL, NULL, 'white', NULL, NULL, '0.0', NULL, '2017-07-20 21:28:52', '2017-07-27 00:17:05', '137c8625-194c-45f0-b303-80cc2190b3e7'),
 ('8', '8', 'en_us', 'Snap Ad Reporting 1X', NULL, NULL, NULL, NULL, 'left', NULL, NULL, NULL, 'blue', '0', 'primary', NULL, 'white', 'normal', 'normal', NULL, 'normal', NULL, NULL, NULL, NULL, NULL, NULL, 'white', NULL, NULL, '0.0', NULL, '2017-07-20 22:19:56', '2017-07-20 22:19:56', 'bb3a0689-aa50-41d7-b13b-ea20a6644d4e'),
 ('14', '14', 'en_us', 'Homepage 1 1', NULL, NULL, NULL, NULL, 'left', NULL, NULL, NULL, 'blue', '0', 'primary', NULL, 'white', 'normal', 'normal', NULL, 'normal', NULL, NULL, NULL, NULL, NULL, NULL, 'white', NULL, NULL, '0.0', NULL, '2017-07-20 22:49:12', '2017-07-20 22:49:12', '6c738b61-7582-4ca9-a343-575acebeec23'),
 ('15', '15', 'en_us', 'Homepage 1 2', NULL, NULL, NULL, NULL, 'left', NULL, NULL, NULL, 'blue', '0', 'primary', NULL, 'white', 'normal', 'normal', NULL, 'normal', NULL, NULL, NULL, NULL, NULL, NULL, 'white', NULL, NULL, '0.0', NULL, '2017-07-20 22:49:12', '2017-07-20 22:49:12', '2c1fbe5f-7d82-4b41-9509-b41fe8fee7a3'),
 ('16', '16', 'en_us', 'Homepage 1 3', NULL, NULL, NULL, NULL, 'left', NULL, NULL, NULL, 'blue', '0', 'primary', NULL, 'white', 'normal', 'normal', NULL, 'normal', NULL, NULL, NULL, NULL, NULL, NULL, 'white', NULL, NULL, '0.0', NULL, '2017-07-20 22:49:12', '2017-07-20 22:49:12', '0239ac22-9f4b-47f6-92a7-0c69581daaa3'),
 ('25', '26', 'en_us', NULL, NULL, NULL, NULL, NULL, 'left', NULL, NULL, NULL, 'blue', '0', 'primary', NULL, 'white', 'normal', 'normal', NULL, 'normal', NULL, NULL, NULL, NULL, NULL, NULL, 'white', NULL, NULL, '0.0', NULL, '2017-07-21 23:07:14', '2017-07-27 00:15:05', '4352f38f-7523-4177-8747-9441356492dc'),
 ('26', '33', 'en_us', 'AB InBev', NULL, NULL, NULL, NULL, 'left', NULL, NULL, NULL, 'blue', '0', 'primary', NULL, 'white', 'normal', 'normal', NULL, 'normal', NULL, NULL, 'Success Story', '#a91622', 'AB InBev', 'On average, Snapchatters spent 30 seconds playing Anheuser Busch InBev\'s Bud Bowl game in its Snap Ad Web View.', 'white', NULL, NULL, '0.0', NULL, '2017-07-21 23:29:50', '2017-07-26 22:26:19', 'ff299240-9851-4b1c-97e4-440dcc9c9682'),
 ('27', '34', 'en_us', NULL, NULL, NULL, NULL, NULL, 'left', NULL, NULL, NULL, 'blue', '0', 'primary', NULL, 'gray', 'normal', 'normal', 'Overview', 'normal', NULL, NULL, NULL, NULL, NULL, NULL, 'white', NULL, NULL, '0.0', NULL, '2017-07-26 20:51:36', '2017-07-27 00:17:05', '4aeafa8b-581b-4ae7-a015-332630fcaf39'),
 ('28', '35', 'en_us', NULL, NULL, NULL, NULL, NULL, 'left', NULL, NULL, 'Successful ads drive your business forward', 'blue', '0', 'primary', NULL, 'white', 'normal', 'normal', NULL, 'normal', NULL, NULL, NULL, NULL, NULL, NULL, 'white', NULL, NULL, '0.0', NULL, '2017-07-26 20:51:36', '2017-07-27 00:17:05', '4d39b51a-4298-4558-8080-11dbb1b597e0'),
 ('29', '36', 'en_us', NULL, NULL, NULL, NULL, NULL, 'left', 'Monitor your campaigns in real-time, identify key performance trends, and optimize towards your goals.', NULL, 'Snap Ad Reporting', 'blue', '0', 'primary', NULL, 'white', 'normal', 'normal', NULL, 'normal', NULL, NULL, NULL, NULL, NULL, NULL, 'white', NULL, NULL, '0.0', NULL, '2017-07-26 20:51:36', '2017-07-27 00:17:05', '183b5243-d299-438d-b3b3-7d4b1b4f42a5'),
 ('30', '37', 'en_us', NULL, NULL, NULL, NULL, NULL, 'left', NULL, '{\"type\":\"custom\",\"custom\":\"https:\\/\\/businesshelp.snapchat.com\\/en-US\\/a\\/metrics\",\"entry\":\"\",\"customText\":\"Learn More\",\"target\":\"_blank\"}', NULL, 'blue', '0', 'primary', NULL, 'white', 'normal', 'normal', NULL, 'normal', NULL, NULL, NULL, NULL, NULL, NULL, 'orange', NULL, NULL, '0.0', NULL, '2017-07-26 20:51:40', '2017-07-27 00:17:05', '2f468605-142e-4354-a7c4-ddffa77b591d'),
 ('31', '38', 'en_us', 'Filter Reporting 2X', NULL, NULL, NULL, NULL, 'left', NULL, NULL, NULL, 'blue', '0', 'primary', NULL, 'white', 'normal', 'normal', NULL, 'normal', NULL, NULL, NULL, NULL, NULL, NULL, 'white', NULL, NULL, '0.0', NULL, '2017-07-26 21:01:07', '2017-07-26 21:01:07', '1e91ee82-c782-4ebf-a8d1-ad5e09b67ba1'),
 ('32', '39', 'en_us', NULL, NULL, NULL, NULL, NULL, 'left', NULL, NULL, NULL, 'blue', '0', 'primary', NULL, 'white', 'normal', 'normal', 'Filter Reporting', 'normal', NULL, NULL, NULL, NULL, NULL, NULL, 'white', NULL, NULL, '0.0', NULL, '2017-07-26 21:04:17', '2017-07-27 00:17:05', '5755410d-ef2f-4003-991f-e3c72265d16c'),
 ('33', '40', 'en_us', NULL, NULL, NULL, NULL, NULL, 'right', 'Track filter performance and optimize your campaign by location.', NULL, 'Filter Reporting', 'blue', '0', 'primary', NULL, 'white', 'normal', 'normal', NULL, 'normal', NULL, NULL, NULL, NULL, NULL, NULL, 'white', NULL, NULL, '0.0', NULL, '2017-07-26 21:04:17', '2017-07-27 00:17:05', 'a07eb50e-e5db-4cf9-9251-11b4a6d0c987'),
 ('34', '41', 'en_us', NULL, NULL, NULL, NULL, NULL, 'left', NULL, '{\"type\":\"custom\",\"custom\":\"https:\\/\\/businesshelp.snapchat.com\\/en-US\\/a\\/geofilter-metrics\",\"entry\":\"\",\"customText\":\"Learn More\",\"target\":\"_blank\"}', NULL, 'blue', '0', 'primary', NULL, 'white', 'normal', 'normal', NULL, 'normal', NULL, NULL, NULL, NULL, NULL, NULL, 'orange', NULL, NULL, '0.0', NULL, '2017-07-26 21:04:17', '2017-07-27 00:17:05', '8611c525-d8a6-4796-aa07-cb716b1e77d2'),
 ('35', '42', 'en_us', NULL, NULL, NULL, NULL, NULL, 'left', NULL, NULL, NULL, 'blue', '0', 'primary', NULL, 'gray', 'normal', 'normal', 'Measurement Philosophy', 'normal', NULL, NULL, NULL, NULL, NULL, NULL, 'white', NULL, NULL, '0.0', NULL, '2017-07-26 21:04:17', '2017-07-27 00:17:05', '2afc97b1-6f11-43c0-a3df-8f7007573dc9'),
 ('36', '43', 'en_us', NULL, NULL, NULL, NULL, NULL, 'left', NULL, NULL, 'Know exactly how your ads perform', 'blue', '0', 'primary', NULL, 'white', 'normal', 'normal', NULL, 'normal', NULL, NULL, NULL, NULL, NULL, NULL, 'white', NULL, NULL, '0.0', NULL, '2017-07-26 21:04:17', '2017-07-27 00:17:05', 'd8f15d39-810b-47e4-ba1b-f9f432ce1692'),
 ('37', '44', 'en_us', NULL, NULL, NULL, NULL, NULL, 'left', NULL, NULL, NULL, 'blue', '0', 'primary', NULL, 'white', 'normal', 'normal', NULL, 'normal', NULL, NULL, NULL, NULL, NULL, NULL, 'white', NULL, NULL, '0.0', NULL, '2017-07-26 21:04:17', '2017-07-27 00:17:05', '927f103b-a811-4ea9-b621-ecd3eaf4b976'),
 ('38', '45', 'en_us', 'Measurement Reach', NULL, NULL, NULL, NULL, 'left', NULL, NULL, NULL, 'blue', '0', 'primary', NULL, 'white', 'normal', 'normal', NULL, 'normal', NULL, NULL, NULL, NULL, NULL, NULL, 'white', NULL, NULL, '0.0', NULL, '2017-07-26 21:17:47', '2017-07-26 21:17:47', '0a94bc86-2ccf-472f-967f-24bbf768e377'),
 ('39', '46', 'en_us', 'Measurement Reaction', NULL, NULL, NULL, NULL, 'left', NULL, NULL, NULL, 'blue', '0', 'primary', NULL, 'white', 'normal', 'normal', NULL, 'normal', NULL, NULL, NULL, NULL, NULL, NULL, 'white', NULL, NULL, '0.0', NULL, '2017-07-26 21:17:47', '2017-07-26 21:17:47', '13bcf584-e0cb-4a70-ab5a-136428a6212f'),
 ('40', '47', 'en_us', 'Measurement Resonance', NULL, NULL, NULL, NULL, 'left', NULL, NULL, NULL, 'blue', '0', 'primary', NULL, 'white', 'normal', 'normal', NULL, 'normal', NULL, NULL, NULL, NULL, NULL, NULL, 'white', NULL, NULL, '0.0', NULL, '2017-07-26 21:17:47', '2017-07-26 21:17:47', 'c5d19878-8b2e-48a3-9794-624333e980e5'),
 ('41', '48', 'en_us', 'Measurement Snap To', NULL, NULL, NULL, NULL, 'left', NULL, NULL, NULL, 'blue', '0', 'primary', NULL, 'white', 'normal', 'normal', NULL, 'normal', NULL, NULL, NULL, NULL, NULL, NULL, 'white', NULL, NULL, '0.0', NULL, '2017-07-26 21:17:47', '2017-07-26 21:17:47', '1da6e46c-7f4d-47cf-80e9-84d341eab08e'),
 ('42', '49', 'en_us', 'Measurement Verification', NULL, NULL, NULL, NULL, 'left', NULL, NULL, NULL, 'blue', '0', 'primary', NULL, 'white', 'normal', 'normal', NULL, 'normal', NULL, NULL, NULL, NULL, NULL, NULL, 'white', NULL, NULL, '0.0', NULL, '2017-07-26 21:17:47', '2017-07-26 21:17:47', '4e89b922-deb5-412f-ab7e-353529c5159c'),
 ('43', '50', 'en_us', 'Measurement Viewability', NULL, NULL, NULL, NULL, 'left', NULL, NULL, NULL, 'blue', '0', 'primary', NULL, 'white', 'normal', 'normal', NULL, 'normal', NULL, NULL, NULL, NULL, NULL, NULL, 'white', NULL, NULL, '0.0', NULL, '2017-07-26 21:19:01', '2017-07-26 21:19:01', '6f300093-cf4e-4bf3-bc3e-1a404cda8568'),
 ('44', '51', 'en_us', NULL, NULL, NULL, NULL, NULL, 'left', NULL, NULL, 'Successful ads drive your business forward', 'blue', '0', 'primary', NULL, 'white', 'normal', 'normal', NULL, 'normal', NULL, NULL, NULL, NULL, NULL, NULL, 'white', NULL, NULL, '0.0', NULL, '2017-07-26 21:21:13', '2017-07-27 00:17:05', 'ee6f01f8-5568-434d-b4ca-f19048cc975a'),
 ('45', '52', 'en_us', NULL, NULL, NULL, NULL, NULL, 'left', NULL, NULL, 'Know exactly how your ads perform', 'blue', '0', 'primary', NULL, 'white', 'normal', 'normal', NULL, 'normal', NULL, NULL, NULL, NULL, NULL, NULL, 'white', NULL, NULL, '0.0', NULL, '2017-07-26 21:21:13', '2017-07-27 00:17:05', 'b8b12b5e-8341-429f-b643-679472ddfe8b'),
 ('47', '54', 'en_us', NULL, NULL, NULL, NULL, NULL, 'left', NULL, NULL, NULL, 'blue', '0', 'primary', NULL, 'white', 'normal', 'normal', NULL, 'normal', NULL, NULL, NULL, NULL, NULL, NULL, 'white', NULL, NULL, '0.0', NULL, '2017-07-26 21:21:13', '2017-07-27 00:17:06', 'fec3afe1-b024-41d1-863f-c5b25e03b137'),
 ('48', '55', 'en_us', NULL, NULL, 'Verification', 'We confirm how many times your ad was served, and offer tracking support from MRC-accredited third parties.', NULL, 'left', NULL, NULL, NULL, 'blue', '0', 'primary', NULL, 'white', 'normal', 'normal', NULL, 'normal', NULL, NULL, NULL, NULL, NULL, NULL, 'white', NULL, NULL, '0.0', NULL, '2017-07-26 21:21:13', '2017-07-27 00:17:06', '844c6488-3ce4-4371-b425-13470ba9eec4'),
 ('49', '56', 'en_us', NULL, NULL, 'Viewability', 'We offer first and third-party metrics for how much attention your ads receive, including support for MRC viewability metrics.', NULL, 'left', NULL, NULL, NULL, 'blue', '0', 'primary', NULL, 'white', 'normal', 'normal', NULL, 'normal', NULL, NULL, NULL, NULL, NULL, NULL, 'white', NULL, NULL, '0.0', NULL, '2017-07-26 21:21:13', '2017-07-27 00:17:06', '74f27686-fea4-42f3-b08b-d32dd4126e02'),
 ('50', '57', 'en_us', NULL, NULL, NULL, NULL, NULL, 'left', NULL, NULL, NULL, 'blue', '0', 'primary', NULL, 'white', 'normal', 'normal', NULL, 'normal', NULL, NULL, NULL, NULL, NULL, NULL, 'white', NULL, NULL, '0.0', NULL, '2017-07-26 21:21:13', '2017-07-27 00:17:06', '1fbce707-6db6-44b2-9f3d-6cc600df2285'),
 ('51', '58', 'en_us', NULL, NULL, 'Reach', 'We’ll let you know how many Snapchatters saw your ad, their demographics, and more.', NULL, 'left', NULL, NULL, NULL, 'blue', '0', 'primary', NULL, 'white', 'normal', 'normal', NULL, 'normal', NULL, NULL, NULL, NULL, NULL, NULL, 'white', NULL, NULL, '0.0', NULL, '2017-07-26 21:21:13', '2017-07-27 00:17:06', 'aad39dd7-bb6d-4538-92f3-af6f54d50ffe'),
 ('52', '59', 'en_us', NULL, NULL, 'Resonance', 'We offer in-depth analysis for equity metrics such as brand awareness, brand favorability, brand consideration, and intent.', NULL, 'left', NULL, NULL, NULL, 'blue', '0', 'primary', NULL, 'white', 'normal', 'normal', NULL, 'normal', NULL, NULL, NULL, NULL, NULL, NULL, 'white', NULL, NULL, '0.0', NULL, '2017-07-26 21:21:13', '2017-07-27 00:17:06', '451cb054-69c8-4b37-9498-680fc5c500b9'),
 ('53', '60', 'en_us', NULL, NULL, 'Reaction', 'We determine impact for sales and store visits using sophisticated modeling, and by partnering with leading third-party measurement firms.', NULL, 'left', NULL, NULL, NULL, 'blue', '0', 'primary', NULL, 'white', 'normal', 'normal', NULL, 'normal', NULL, NULL, NULL, NULL, NULL, NULL, 'white', NULL, NULL, '0.0', NULL, '2017-07-26 21:21:13', '2017-07-27 00:17:06', 'ac220410-b2f6-410a-98e0-9f3b97dba65a'),
 ('54', '61', 'en_us', 'Snap To Store Clock 2X', NULL, NULL, NULL, NULL, 'left', NULL, NULL, NULL, 'blue', '0', 'primary', NULL, 'white', 'normal', 'normal', NULL, 'normal', NULL, NULL, NULL, NULL, NULL, NULL, 'white', NULL, NULL, '0.0', NULL, '2017-07-26 21:26:59', '2017-07-26 21:26:59', '30b84056-293c-417a-a2ae-1801f4b90374'),
 ('55', '62', 'en_us', NULL, NULL, NULL, NULL, NULL, 'left', NULL, NULL, NULL, 'blue', '0', 'primary', 'We provide structure and transparency to help you drive results.', 'white', 'normal', 'normal', NULL, 'normal', NULL, NULL, NULL, NULL, NULL, NULL, 'white', NULL, NULL, '0.0', NULL, '2017-07-26 21:27:41', '2017-07-27 00:17:05', '03c30e88-9417-478a-a2e2-bbad6cb8a7c7'),
 ('56', '63', 'en_us', NULL, NULL, NULL, NULL, NULL, 'left', NULL, NULL, NULL, 'blue', '0', 'primary', NULL, 'white', 'normal', 'normal', 'Snap to Store', 'normal', NULL, NULL, NULL, NULL, NULL, NULL, 'white', NULL, NULL, '0.0', NULL, '2017-07-26 21:27:42', '2017-07-27 00:17:06', '6ae4890e-e9e0-4dee-859d-0777abe579b4'),
 ('57', '64', 'en_us', NULL, NULL, NULL, NULL, NULL, 'left', NULL, NULL, NULL, 'blue', '0', 'primary', NULL, 'white', 'normal', 'normal', NULL, 'normal', NULL, NULL, NULL, NULL, NULL, NULL, 'white', NULL, NULL, '0.0', NULL, '2017-07-26 21:27:42', '2017-07-27 00:17:06', 'ac0e593d-d939-46a9-82c2-e9e33dcc0a0f'),
 ('58', '65', 'en_us', NULL, NULL, NULL, NULL, NULL, 'left', NULL, NULL, NULL, 'blue', '0', 'primary', NULL, 'white', 'normal', 'normal', NULL, 'normal', NULL, NULL, NULL, NULL, NULL, NULL, 'white', NULL, NULL, '0.0', NULL, '2017-07-26 21:27:42', '2017-07-27 00:17:06', '2623cbe9-5bd5-4bd3-8345-49ba2df56706'),
 ('59', '66', 'en_us', NULL, NULL, NULL, NULL, NULL, 'left', NULL, NULL, 'Snap to Store', 'blue', '0', 'primary', NULL, 'white', 'normal', 'normal', NULL, 'normal', NULL, NULL, NULL, NULL, NULL, NULL, 'white', NULL, NULL, '0.0', NULL, '2017-07-26 21:27:42', '2017-07-27 00:17:06', '62033c66-7292-4b1a-a990-012fd790dd1e'),
 ('60', '67', 'en_us', NULL, NULL, NULL, NULL, NULL, 'left', NULL, NULL, NULL, 'blue', '0', 'primary', 'So, did Snapchatters visit your store after seeing your ad? Measure incremental visitors using our proprietary Snap to Store solution.', 'white', 'normal', 'normal', NULL, 'normal', NULL, NULL, NULL, NULL, NULL, NULL, 'white', NULL, NULL, '0.0', NULL, '2017-07-26 21:27:42', '2017-07-27 00:17:06', '0b002e9a-2553-4fdb-a23e-638d877c238b'),
 ('61', '68', 'en_us', 'Snap To Store Chillahs 2X', NULL, NULL, NULL, NULL, 'left', NULL, NULL, NULL, 'blue', '0', 'primary', NULL, 'white', 'normal', 'normal', NULL, 'normal', NULL, NULL, NULL, NULL, NULL, NULL, 'white', NULL, NULL, '0.0', NULL, '2017-07-26 21:28:10', '2017-07-26 21:28:10', 'bdb104d1-8580-40f0-82ef-8bf3070ea837'),
 ('62', '69', 'en_us', NULL, NULL, NULL, NULL, NULL, 'left', NULL, NULL, NULL, 'blue', '0', 'primary', NULL, 'white', 'normal', 'normal', NULL, 'wide', NULL, NULL, NULL, NULL, NULL, NULL, 'white', NULL, NULL, '0.0', NULL, '2017-07-26 21:28:25', '2017-07-27 00:17:06', 'e8a57a5a-1376-486a-a7cd-9ff3e04fa59d'),
 ('64', '71', 'en_us', NULL, NULL, NULL, NULL, NULL, 'left', NULL, NULL, NULL, 'blue', '0', 'primary', NULL, 'gray', 'normal', 'normal', 'Third-party Partners', 'normal', NULL, NULL, NULL, NULL, NULL, NULL, 'white', NULL, NULL, '0.0', NULL, '2017-07-26 21:48:57', '2017-07-27 00:17:06', 'c87a7dca-afd6-40f7-b1d8-5089eb56213d'),
 ('65', '72', 'en_us', NULL, NULL, NULL, NULL, NULL, 'left', NULL, NULL, NULL, 'blue', '0', 'primary', NULL, 'white', 'normal', 'normal', NULL, 'normal', NULL, NULL, NULL, NULL, NULL, NULL, 'white', NULL, NULL, '0.0', NULL, '2017-07-26 21:48:57', '2017-07-27 00:17:06', 'adfd069e-98d6-423e-84ef-5dc4e9b69d61'),
 ('66', '73', 'en_us', NULL, NULL, NULL, NULL, NULL, 'left', NULL, NULL, 'Measurement Partners', 'blue', '0', 'primary', NULL, 'white', 'normal', 'normal', NULL, 'normal', NULL, NULL, NULL, NULL, NULL, NULL, 'white', NULL, NULL, '0.0', NULL, '2017-07-26 21:48:57', '2017-07-27 00:17:06', '932a8fcc-4935-4ea2-8ea1-3ee54d13badd'),
 ('67', '74', 'en_us', NULL, NULL, NULL, NULL, NULL, 'left', NULL, NULL, NULL, 'blue', '0', 'primary', 'Take an in-depth look at your campaigns with robust insights and recommendations from leading third-party measurement partners.', 'white', 'normal', 'normal', NULL, 'normal', NULL, NULL, NULL, NULL, NULL, NULL, 'white', NULL, NULL, '0.0', NULL, '2017-07-26 21:48:57', '2017-07-27 00:17:06', 'fbec0a7d-a5ea-4959-85b5-c68dced9acca'),
 ('68', '75', 'en_us', NULL, NULL, NULL, NULL, NULL, 'left', NULL, '{\"type\":\"custom\",\"custom\":\"https:\\/\\/developers.snapchat.com\\/ads\\/partners\\/\",\"entry\":\"\",\"customText\":\"See Snapchat Partners\",\"target\":\"_blank\"}', NULL, 'blue', '0', 'primary', NULL, 'white', 'normal', 'normal', NULL, 'normal', NULL, NULL, NULL, NULL, NULL, NULL, 'orange', NULL, NULL, '0.0', NULL, '2017-07-26 21:48:57', '2017-07-27 00:17:06', 'e8b88854-99a5-4d9b-9c3f-ce63ffd78e3c'),
 ('69', '76', 'en_us', 'Adjust 2X', NULL, NULL, NULL, NULL, 'left', NULL, NULL, NULL, 'blue', '0', 'primary', NULL, 'white', 'normal', 'normal', NULL, 'normal', NULL, NULL, NULL, NULL, NULL, NULL, 'white', NULL, NULL, '0.0', NULL, '2017-07-26 21:58:07', '2017-07-26 21:58:07', '35bed11d-4a20-4a0a-8d8a-56a2b9288aff'),
 ('70', '77', 'en_us', 'Appsflyer 2X', NULL, NULL, NULL, NULL, 'left', NULL, NULL, NULL, 'blue', '0', 'primary', NULL, 'white', 'normal', 'normal', NULL, 'normal', NULL, NULL, NULL, NULL, NULL, NULL, 'white', NULL, NULL, '0.0', NULL, '2017-07-26 21:58:07', '2017-07-26 21:58:07', '0dc5ec3a-e28a-4a7f-b406-46df9d505979'),
 ('71', '78', 'en_us', 'Doubleclick 2X', NULL, NULL, NULL, NULL, 'left', NULL, NULL, NULL, 'blue', '0', 'primary', NULL, 'white', 'normal', 'normal', NULL, 'normal', NULL, NULL, NULL, NULL, NULL, NULL, 'white', NULL, NULL, '0.0', NULL, '2017-07-26 21:58:07', '2017-07-26 21:58:07', '9a9092bd-f7db-4712-bb08-4046daac7835'),
 ('72', '79', 'en_us', 'Innovid 2X', NULL, NULL, NULL, NULL, 'left', NULL, NULL, NULL, 'blue', '0', 'primary', NULL, 'white', 'normal', 'normal', NULL, 'normal', NULL, NULL, NULL, NULL, NULL, NULL, 'white', NULL, NULL, '0.0', NULL, '2017-07-26 21:58:08', '2017-07-26 21:58:08', '1afe5344-ba8d-4e8e-80bc-391b5c12df5f'),
 ('73', '80', 'en_us', 'Kochava 2X', NULL, NULL, NULL, NULL, 'left', NULL, NULL, NULL, 'blue', '0', 'primary', NULL, 'white', 'normal', 'normal', NULL, 'normal', NULL, NULL, NULL, NULL, NULL, NULL, 'white', NULL, NULL, '0.0', NULL, '2017-07-26 21:58:08', '2017-07-26 21:58:08', 'd0790931-6630-4e72-9430-d8725cf3444f'),
 ('74', '81', 'en_us', 'Liveramp 2X', NULL, NULL, NULL, NULL, 'left', NULL, NULL, NULL, 'blue', '0', 'primary', NULL, 'white', 'normal', 'normal', NULL, 'normal', NULL, NULL, NULL, NULL, NULL, NULL, 'white', NULL, NULL, '0.0', NULL, '2017-07-26 21:58:08', '2017-07-26 21:58:08', 'ed0de6d8-fae9-45fa-a630-d0d04c807328'),
 ('75', '82', 'en_us', 'Millwardbrown 2X', NULL, NULL, NULL, NULL, 'left', NULL, NULL, NULL, 'blue', '0', 'primary', NULL, 'white', 'normal', 'normal', NULL, 'normal', NULL, NULL, NULL, NULL, NULL, NULL, 'white', NULL, NULL, '0.0', NULL, '2017-07-26 21:58:10', '2017-07-26 21:58:10', 'a81644ae-b7fb-4425-bcb4-79e9630b3f00'),
 ('76', '83', 'en_us', 'Moat 2X', NULL, NULL, NULL, NULL, 'left', NULL, NULL, NULL, 'blue', '0', 'primary', NULL, 'white', 'normal', 'normal', NULL, 'normal', NULL, NULL, NULL, NULL, NULL, NULL, 'white', NULL, NULL, '0.0', NULL, '2017-07-26 21:58:11', '2017-07-26 21:58:11', '4eb7105a-c369-4ec5-8a4f-63ab6215605d'),
 ('77', '84', 'en_us', 'Neustar 2X', NULL, NULL, NULL, NULL, 'left', NULL, NULL, NULL, 'blue', '0', 'primary', NULL, 'white', 'normal', 'normal', NULL, 'normal', NULL, NULL, NULL, NULL, NULL, NULL, 'white', NULL, NULL, '0.0', NULL, '2017-07-26 21:58:11', '2017-07-26 21:58:11', '707f0fa9-bb7f-47da-82bb-77242902d435'),
 ('78', '85', 'en_us', 'Nielsen 2X', NULL, NULL, NULL, NULL, 'left', NULL, NULL, NULL, 'blue', '0', 'primary', NULL, 'white', 'normal', 'normal', NULL, 'normal', NULL, NULL, NULL, NULL, NULL, NULL, 'white', NULL, NULL, '0.0', NULL, '2017-07-26 21:58:11', '2017-07-26 21:58:11', 'd11bb57e-14a1-4cb5-b406-7eb350fa092d'),
 ('79', '86', 'en_us', 'Oracle 2X', NULL, NULL, NULL, NULL, 'left', NULL, NULL, NULL, 'blue', '0', 'primary', NULL, 'white', 'normal', 'normal', NULL, 'normal', NULL, NULL, NULL, NULL, NULL, NULL, 'white', NULL, NULL, '0.0', NULL, '2017-07-26 21:58:11', '2017-07-26 21:58:11', 'e96df2d1-de4c-49a6-8ab2-f95fee208efd'),
 ('80', '87', 'en_us', 'Placed 2X', NULL, NULL, NULL, NULL, 'left', NULL, NULL, NULL, 'blue', '0', 'primary', NULL, 'white', 'normal', 'normal', NULL, 'normal', NULL, NULL, NULL, NULL, NULL, NULL, 'white', NULL, NULL, '0.0', NULL, '2017-07-26 21:58:11', '2017-07-26 21:58:11', '1fcebcd3-bdbc-48e2-ae07-0c0b8d81889a'),
 ('81', '88', 'en_us', 'Singular 2X', NULL, NULL, NULL, NULL, 'left', NULL, NULL, NULL, 'blue', '0', 'primary', NULL, 'white', 'normal', 'normal', NULL, 'normal', NULL, NULL, NULL, NULL, NULL, NULL, 'white', NULL, NULL, '0.0', NULL, '2017-07-26 21:58:12', '2017-07-26 21:58:12', '1bed6e56-7625-4f2f-bf95-38a48864c178'),
 ('82', '89', 'en_us', 'Sizmek 2X', NULL, NULL, NULL, NULL, 'left', NULL, NULL, NULL, 'blue', '0', 'primary', NULL, 'white', 'normal', 'normal', NULL, 'normal', NULL, NULL, NULL, NULL, NULL, NULL, 'white', NULL, NULL, '0.0', NULL, '2017-07-26 21:58:12', '2017-07-26 21:58:12', '4a0bde4c-fd88-4e02-bef3-30a045d6f355'),
 ('83', '90', 'en_us', 'Tune 2X', NULL, NULL, NULL, NULL, 'left', NULL, NULL, NULL, 'blue', '0', 'primary', NULL, 'white', 'normal', 'normal', NULL, 'normal', NULL, NULL, NULL, NULL, NULL, NULL, 'white', NULL, NULL, '0.0', NULL, '2017-07-26 21:58:12', '2017-07-26 21:58:12', '1c89796a-c53a-4744-b638-f3d440a3dabe'),
 ('84', '91', 'en_us', NULL, NULL, NULL, NULL, NULL, 'left', NULL, NULL, NULL, 'blue', '0', 'primary', NULL, 'white', 'normal', 'normal', NULL, 'normal', NULL, NULL, NULL, NULL, NULL, NULL, 'white', NULL, NULL, '0.0', NULL, '2017-07-26 22:00:39', '2017-07-27 00:17:06', 'e20098ba-3631-4229-896a-0236a531e284'),
 ('85', '97', 'en_us', 'Ic Success Logo Abinbev@2X', NULL, NULL, NULL, NULL, 'left', NULL, NULL, NULL, 'blue', '0', 'primary', NULL, 'gray', 'normal', 'normal', NULL, 'normal', NULL, NULL, NULL, NULL, NULL, NULL, 'white', NULL, NULL, '0.0', NULL, '2017-07-26 22:25:00', '2017-07-26 22:25:00', '8f309ae0-78f2-446a-945c-f9fab8764a62'),
 ('86', '98', 'en_us', 'Solutions', NULL, NULL, NULL, 'solutions', 'left', NULL, NULL, NULL, 'blue', '1', 'primary', NULL, 'gray', 'normal', 'normal', NULL, 'normal', NULL, NULL, NULL, NULL, NULL, NULL, 'white', NULL, NULL, '0.0', NULL, '2017-07-26 22:48:34', '2017-07-26 23:52:19', '7887f5cc-a45e-4fae-a365-9f99cce6f4ff'),
 ('87', '99', 'en_us', 'Geofilter Phil Phone Screen@2X', NULL, NULL, NULL, NULL, 'left', NULL, NULL, NULL, 'blue', '0', 'primary', NULL, 'gray', 'normal', 'normal', NULL, 'normal', NULL, NULL, NULL, NULL, NULL, NULL, 'white', NULL, NULL, '0.0', NULL, '2017-07-26 22:54:45', '2017-07-26 22:54:45', 'c22930d4-b12e-4d7f-928c-bd0c5430e56c'),
 ('88', '100', 'en_us', 'Postmates Drive Action@2X', NULL, NULL, NULL, NULL, 'left', NULL, NULL, NULL, 'blue', '0', 'primary', NULL, 'gray', 'normal', 'normal', NULL, 'normal', NULL, NULL, NULL, NULL, NULL, NULL, 'white', NULL, NULL, '0.0', NULL, '2017-07-26 22:54:45', '2017-07-26 22:54:45', '6725a755-7e64-4a04-b07f-2cba29cc4072'),
 ('89', '101', 'en_us', 'Lga Geo Filter 2X', NULL, NULL, NULL, NULL, 'left', NULL, NULL, NULL, 'blue', '0', 'primary', NULL, 'gray', 'normal', 'normal', NULL, 'normal', NULL, NULL, NULL, NULL, NULL, NULL, 'white', NULL, NULL, '0.0', NULL, '2017-07-26 22:54:59', '2017-07-26 22:54:59', 'f45d3914-689c-49fb-9012-756942319412'),
 ('90', '102', 'en_us', 'Target Ad 2X', NULL, NULL, NULL, NULL, 'left', NULL, NULL, NULL, 'blue', '0', 'primary', NULL, 'gray', 'normal', 'normal', NULL, 'normal', NULL, NULL, NULL, NULL, NULL, NULL, 'white', NULL, NULL, '0.0', NULL, '2017-07-26 22:59:08', '2017-07-26 22:59:08', '13151fc0-5cb3-4851-b542-4103b7dcd286'),
 ('91', '103', 'en_us', 'Warby Parker Geo Filter 2X', NULL, NULL, NULL, NULL, 'left', NULL, NULL, NULL, 'blue', '0', 'primary', NULL, 'gray', 'normal', 'normal', NULL, 'normal', NULL, NULL, NULL, NULL, NULL, NULL, 'white', NULL, NULL, '0.0', NULL, '2017-07-26 22:59:11', '2017-07-26 22:59:11', '6221be52-b537-49a1-bc8f-a14052950b32'),
 ('92', '104', 'en_us', 'Weby Parker Geo Filter 2X', NULL, NULL, NULL, NULL, 'left', NULL, NULL, NULL, 'blue', '0', 'primary', NULL, 'gray', 'normal', 'normal', NULL, 'normal', NULL, NULL, NULL, NULL, NULL, NULL, 'white', NULL, NULL, '0.0', NULL, '2017-07-26 23:01:58', '2017-07-26 23:01:58', '878bfdea-dcc4-49cd-824a-cbb5c042af49'),
 ('93', '105', 'en_us', 'Snap Ads Gatorade Phone Screen@2X', NULL, NULL, NULL, NULL, 'left', NULL, NULL, NULL, 'blue', '0', 'primary', NULL, 'gray', 'normal', 'normal', NULL, 'normal', NULL, NULL, NULL, NULL, NULL, NULL, 'white', NULL, NULL, '0.0', NULL, '2017-07-26 23:02:27', '2017-07-26 23:02:27', '4f006099-efa8-43ce-97aa-2ef29ebae453'),
 ('94', '106', 'en_us', 'Snap Ads Under Armour Phone Screen@2X', NULL, NULL, NULL, NULL, 'left', NULL, NULL, NULL, 'blue', '0', 'primary', NULL, 'gray', 'normal', 'normal', NULL, 'normal', NULL, NULL, NULL, NULL, NULL, NULL, 'white', NULL, NULL, '0.0', NULL, '2017-07-26 23:02:28', '2017-07-26 23:02:28', '982715c3-7bb9-4ab3-9340-59e5d19212b6'),
 ('95', '107', 'en_us', NULL, NULL, NULL, NULL, NULL, 'left', NULL, NULL, NULL, 'blue', '0', 'primary', NULL, 'gray', 'normal', 'normal', 'Overview', 'normal', NULL, NULL, NULL, NULL, NULL, NULL, 'white', NULL, NULL, '0.0', NULL, '2017-07-26 23:03:48', '2017-07-26 23:52:19', '5bb85d1a-37af-42eb-a8f2-dff9468aefbd'),
 ('96', '108', 'en_us', NULL, NULL, NULL, NULL, NULL, 'left', NULL, NULL, NULL, 'blue', '0', 'primary', NULL, 'gray', 'normal', 'normal', NULL, 'normal', NULL, NULL, NULL, NULL, NULL, NULL, 'white', NULL, NULL, '0.0', NULL, '2017-07-26 23:03:48', '2017-07-26 23:52:19', '7aac4380-552f-482d-82eb-7fe02ae290d5'),
 ('97', '109', 'en_us', NULL, NULL, NULL, NULL, NULL, 'left', NULL, NULL, 'Our ad products are fun and effective, for every objective', 'blue', '0', 'primary', NULL, 'gray', 'normal', 'normal', NULL, 'normal', NULL, NULL, NULL, NULL, NULL, NULL, 'white', NULL, NULL, '0.0', NULL, '2017-07-26 23:03:48', '2017-07-26 23:52:19', '011a220e-ddc1-444b-ad8f-c4c88aa2212b'),
 ('98', '110', 'en_us', NULL, NULL, NULL, NULL, NULL, 'left', NULL, NULL, NULL, 'blue', '0', 'primary', NULL, 'gray', 'normal', 'normal', NULL, 'normal', NULL, NULL, NULL, NULL, NULL, NULL, 'white', NULL, NULL, '0.0', NULL, '2017-07-26 23:03:48', '2017-07-26 23:52:20', '068bf86a-5a95-498c-a98c-c16fa065687e'),
 ('99', '111', 'en_us', NULL, NULL, NULL, NULL, NULL, 'left', NULL, NULL, NULL, 'blue', '0', 'primary', NULL, 'gray', 'normal', 'normal', NULL, 'normal', 'Snap Ads', 'Captivate your audience with full-screen Snap Ads.', NULL, NULL, NULL, NULL, 'white', NULL, NULL, '0.0', NULL, '2017-07-26 23:03:48', '2017-07-26 23:52:20', 'ec75b8a9-c364-4a06-86ae-8c2a4016808f'),
 ('100', '112', 'en_us', NULL, NULL, NULL, NULL, NULL, 'left', NULL, NULL, NULL, 'blue', '0', 'primary', NULL, 'gray', 'normal', 'normal', NULL, 'normal', 'Filters', 'Own a place or event with location-based Filters.', NULL, NULL, NULL, NULL, 'white', NULL, NULL, '0.0', NULL, '2017-07-26 23:03:48', '2017-07-26 23:52:20', 'fca238c9-ed0b-401f-829e-bcb19f1836c7'),
 ('101', '113', 'en_us', NULL, NULL, NULL, NULL, NULL, 'left', NULL, NULL, NULL, 'blue', '0', 'primary', NULL, 'gray', 'normal', 'normal', NULL, 'normal', 'Lenses', 'Invite customers to play and share with Lenses.', NULL, NULL, NULL, NULL, 'white', NULL, NULL, '0.0', NULL, '2017-07-26 23:03:48', '2017-07-26 23:52:20', '4b2c5b30-80b7-41ce-860a-52e2eef9f996'),
 ('102', '114', 'en_us', NULL, NULL, NULL, NULL, NULL, 'left', NULL, NULL, NULL, 'blue', '0', 'primary', NULL, 'white', 'normal', 'normal', 'Snap Ads', 'normal', NULL, NULL, NULL, NULL, NULL, NULL, 'white', NULL, NULL, '0.0', NULL, '2017-07-26 23:03:48', '2017-07-26 23:52:20', '6c8dd61c-d57e-4809-9d71-2c56bbf9cd42'),
 ('103', '115', 'en_us', NULL, NULL, NULL, NULL, NULL, 'left', NULL, NULL, NULL, 'blue', '0', 'primary', NULL, 'gray', 'normal', 'normal', NULL, 'normal', NULL, NULL, NULL, NULL, NULL, NULL, 'white', NULL, NULL, '0.0', NULL, '2017-07-26 23:03:48', '2017-07-26 23:52:20', 'a109cea4-68b9-4820-a32a-112b4a1edd18'),
 ('104', '116', 'en_us', NULL, NULL, NULL, NULL, NULL, 'left', NULL, NULL, 'Snap Ads', 'blue', '0', 'primary', NULL, 'gray', 'normal', 'normal', NULL, 'normal', NULL, NULL, NULL, NULL, NULL, NULL, 'white', NULL, NULL, '0.0', NULL, '2017-07-26 23:03:48', '2017-07-26 23:52:20', 'd76c845e-b5be-45ea-b442-e9344d443bb3'),
 ('105', '117', 'en_us', NULL, NULL, NULL, NULL, NULL, 'left', NULL, NULL, NULL, 'blue', '0', 'primary', 'The original vertical video ad — now with attachments customized for your objectives.', 'gray', 'normal', 'normal', NULL, 'normal', NULL, NULL, NULL, NULL, NULL, NULL, 'white', NULL, NULL, '0.0', NULL, '2017-07-26 23:03:48', '2017-07-26 23:52:20', 'f08be3a5-99d1-45cb-ab9d-e25ed5c5fa65'),
 ('106', '118', 'en_us', NULL, NULL, NULL, NULL, NULL, 'left', NULL, NULL, NULL, 'blue', '0', 'primary', NULL, 'gray', 'normal', 'normal', 'Filters', 'normal', NULL, NULL, NULL, NULL, NULL, NULL, 'white', NULL, NULL, '0.0', NULL, '2017-07-26 23:03:48', '2017-07-26 23:52:20', 'dcdd1e3f-7fb9-4ac8-ba37-cb3f8fe6f381'),
 ('107', '119', 'en_us', NULL, NULL, NULL, NULL, NULL, 'left', NULL, NULL, NULL, 'blue', '0', 'primary', NULL, 'gray', 'normal', 'normal', NULL, 'normal', NULL, NULL, NULL, NULL, NULL, NULL, 'white', NULL, NULL, '0.0', NULL, '2017-07-26 23:03:48', '2017-07-26 23:52:20', '96514e1e-0242-48af-82e1-3e2445300ba1'),
 ('108', '120', 'en_us', NULL, NULL, NULL, NULL, NULL, 'left', NULL, NULL, 'Filters', 'blue', '0', 'primary', NULL, 'gray', 'normal', 'normal', NULL, 'normal', NULL, NULL, NULL, NULL, NULL, NULL, 'white', NULL, NULL, '0.0', NULL, '2017-07-26 23:03:48', '2017-07-26 23:52:20', '9abbc610-e06a-4630-9edd-cb93c09b0d4f'),
 ('109', '121', 'en_us', NULL, NULL, NULL, NULL, NULL, 'left', NULL, NULL, NULL, 'blue', '0', 'primary', 'Filters allow you to be where your product is bought, thought about, or consumed. Create your own Filter and drive awareness, advocacy, and action in one package.', 'gray', 'normal', 'normal', NULL, 'normal', NULL, NULL, NULL, NULL, NULL, NULL, 'white', NULL, NULL, '0.0', NULL, '2017-07-26 23:03:48', '2017-07-26 23:52:20', 'd52971e9-5ab5-4741-b788-60922970293c'),
 ('110', '122', 'en_us', NULL, NULL, NULL, NULL, NULL, 'left', NULL, '{\"type\":\"custom\",\"custom\":\"http:\\/\\/geofilters.snapchat.com\",\"entry\":\"\",\"customText\":\"Create A Filter\",\"target\":\"_blank\"}', NULL, 'blue', '0', 'primary', NULL, 'gray', 'normal', 'normal', NULL, 'normal', NULL, NULL, NULL, NULL, NULL, NULL, 'white', NULL, NULL, '0.0', NULL, '2017-07-26 23:03:48', '2017-07-26 23:52:20', '017044b4-1f6a-4a43-90e0-265f5abec145'),
 ('111', '123', 'en_us', NULL, NULL, NULL, NULL, NULL, 'left', NULL, '{\"type\":\"custom\",\"custom\":\"https:\\/\\/businesshelp.snapchat.com\\/en-US\\/article\\/create-geofilter\",\"entry\":\"\",\"customText\":\"View Guidelines\",\"target\":\"\"}', NULL, 'blue', '0', 'primary', NULL, 'gray', 'normal', 'normal', NULL, 'normal', NULL, NULL, NULL, NULL, NULL, NULL, 'white', NULL, NULL, '0.0', NULL, '2017-07-26 23:03:48', '2017-07-26 23:52:20', '5738c52f-3dc1-438e-be71-fc6f2d93c6e9'),
 ('112', '124', 'en_us', NULL, NULL, NULL, NULL, NULL, 'left', NULL, NULL, NULL, 'blue', '0', 'primary', NULL, 'gray', 'normal', 'normal', NULL, 'normal', NULL, NULL, NULL, NULL, NULL, NULL, 'white', NULL, NULL, '0.0', NULL, '2017-07-26 23:03:48', '2017-07-26 23:52:20', '21f8ef89-09ff-49eb-a979-48020e807bfa'),
 ('113', '125', 'en_us', NULL, NULL, NULL, NULL, NULL, 'left', NULL, NULL, NULL, 'blue', '0', 'primary', NULL, 'gray', 'normal', 'normal', NULL, 'normal', '', '', NULL, NULL, NULL, NULL, 'white', NULL, NULL, '0.0', NULL, '2017-07-26 23:03:48', '2017-07-26 23:52:20', '18cdee84-cc20-46a4-bfe6-a68fe476d074'),
 ('114', '126', 'en_us', NULL, NULL, NULL, NULL, NULL, 'left', NULL, NULL, NULL, 'blue', '0', 'primary', NULL, 'gray', 'normal', 'normal', NULL, 'normal', '', '', NULL, NULL, NULL, NULL, 'white', NULL, NULL, '0.0', NULL, '2017-07-26 23:03:48', '2017-07-26 23:52:20', 'bed64fa9-1c40-43e4-bd94-0d737152ba31'),
 ('115', '127', 'en_us', NULL, NULL, NULL, NULL, NULL, 'left', NULL, NULL, NULL, 'blue', '0', 'primary', NULL, 'gray', 'normal', 'normal', NULL, 'normal', '', '', NULL, NULL, NULL, NULL, 'white', NULL, NULL, '0.0', NULL, '2017-07-26 23:03:48', '2017-07-26 23:52:20', 'd0e1fe3c-009f-441b-8ab1-a3b70fcb06d7'),
 ('116', '128', 'en_us', NULL, NULL, NULL, NULL, NULL, 'left', NULL, NULL, NULL, 'blue', '0', 'primary', NULL, 'white', 'normal', 'normal', 'Lenses', 'normal', NULL, NULL, NULL, NULL, NULL, NULL, 'white', NULL, NULL, '0.0', NULL, '2017-07-26 23:03:48', '2017-07-26 23:52:20', '1529ef07-57ae-46ec-8b34-4c386b337773'),
 ('117', '129', 'en_us', NULL, NULL, NULL, NULL, NULL, 'left', NULL, NULL, NULL, 'blue', '0', 'primary', NULL, 'gray', 'normal', 'normal', NULL, 'normal', NULL, NULL, NULL, NULL, NULL, NULL, 'white', NULL, NULL, '0.0', NULL, '2017-07-26 23:03:48', '2017-07-26 23:52:20', '0df5d78e-2628-4c15-8206-3a01568f058f'),
 ('118', '130', 'en_us', NULL, NULL, NULL, NULL, NULL, 'left', NULL, NULL, 'Lenses', 'blue', '0', 'primary', NULL, 'gray', 'normal', 'normal', NULL, 'normal', NULL, NULL, NULL, NULL, NULL, NULL, 'white', NULL, NULL, '0.0', NULL, '2017-07-26 23:03:48', '2017-07-26 23:52:20', '88bb2982-a743-4dc0-bb85-031114ca3845');
INSERT INTO `craft_content` (`id`, `elementId`, `locale`, `title`, `field_body`, `field_cb_cardHeadline`, `field_cb_cardBody`, `field_page_uri`, `field_cb_imageLocation`, `field_cb_paragraph`, `field_cb_button`, `field_cb_headline`, `field_page_themeColor`, `field_page_sideNavigation`, `field_cb_buttonStyle`, `field_cb_subhead`, `field_cb_sectionBackgroundColor`, `field_cb_sectionPaddingTop`, `field_cb_sectionPaddingBottom`, `field_cb_sectionTitle`, `field_cb_assetWidth`, `field_cb_deviceHeadline`, `field_cb_deviceBody`, `field_ss_eyebrow`, `field_ss_storyCardColor`, `field_ss_companyName`, `field_ss_storySummary`, `field_cb_buttonColor`, `field_cb_tabLabel`, `field_cb_tabDescription`, `field_cb_timeCode`, `field_cb_descriptionLabel`, `dateCreated`, `dateUpdated`, `uid`) VALUES
 ('119', '131', 'en_us', NULL, NULL, NULL, NULL, NULL, 'left', NULL, NULL, NULL, 'blue', '0', 'primary', 'Lenses are the most playful and memorable way to increase awareness, on a massive scale. With one tap, you can invite Snapchatters into your world — and your story.', 'gray', 'normal', 'normal', NULL, 'normal', NULL, NULL, NULL, NULL, NULL, NULL, 'white', NULL, NULL, '0.0', NULL, '2017-07-26 23:03:48', '2017-07-26 23:52:20', '7afe48ac-da8c-4dad-8904-8a43ba9455f2'),
 ('120', '132', 'en_us', NULL, NULL, NULL, NULL, NULL, 'left', NULL, NULL, NULL, 'blue', '0', 'primary', NULL, 'gray', 'normal', 'normal', NULL, 'normal', NULL, NULL, NULL, NULL, NULL, NULL, 'white', NULL, NULL, '0.0', NULL, '2017-07-26 23:03:48', '2017-07-26 23:52:20', '19eb5613-9d7b-4289-9f18-b1df6c7f0246'),
 ('121', '133', 'en_us', NULL, NULL, NULL, NULL, NULL, 'left', NULL, NULL, NULL, 'blue', '0', 'primary', NULL, 'gray', 'normal', 'normal', NULL, 'normal', '', '', NULL, NULL, NULL, NULL, 'white', NULL, NULL, '0.0', NULL, '2017-07-26 23:03:48', '2017-07-26 23:52:20', 'b66d13ad-b2f0-49ee-b8f5-e7c582ed9d4e'),
 ('122', '134', 'en_us', NULL, NULL, NULL, NULL, NULL, 'left', NULL, NULL, NULL, 'blue', '0', 'primary', NULL, 'gray', 'normal', 'normal', NULL, 'normal', '', '', NULL, NULL, NULL, NULL, 'white', NULL, NULL, '0.0', NULL, '2017-07-26 23:03:48', '2017-07-26 23:52:20', '29040aed-fa20-48c6-a401-52040fccfb46'),
 ('123', '135', 'en_us', NULL, NULL, NULL, NULL, NULL, 'left', NULL, NULL, NULL, 'blue', '0', 'primary', NULL, 'gray', 'normal', 'normal', NULL, 'normal', '', '', NULL, NULL, NULL, NULL, 'white', NULL, NULL, '0.0', NULL, '2017-07-26 23:03:48', '2017-07-26 23:52:20', 'a0b725f7-b465-4d35-81c5-d2379556d64a'),
 ('124', '136', 'en_us', NULL, NULL, NULL, NULL, NULL, 'left', NULL, NULL, NULL, 'blue', '0', 'primary', NULL, 'gray', 'normal', 'normal', 'Video', 'normal', NULL, NULL, NULL, NULL, NULL, NULL, 'white', NULL, NULL, '0.0', NULL, '2017-07-26 23:03:49', '2017-07-26 23:52:20', 'a1c393a8-563e-4235-823f-792273b0ef7e'),
 ('125', '137', 'en_us', NULL, NULL, NULL, NULL, NULL, 'left', NULL, NULL, NULL, 'blue', '0', 'primary', NULL, 'gray', 'normal', 'normal', NULL, 'normal', NULL, NULL, NULL, NULL, NULL, NULL, 'white', NULL, NULL, '0.0', NULL, '2017-07-26 23:03:49', '2017-07-26 23:52:20', '29bdeb3a-8372-4df0-9e2c-87597cc489f5'),
 ('126', '138', 'en_us', NULL, NULL, NULL, NULL, NULL, 'left', NULL, NULL, 'See where your ads will run on Snapchat', 'blue', '0', 'primary', NULL, 'gray', 'normal', 'normal', NULL, 'normal', NULL, NULL, NULL, NULL, NULL, NULL, 'white', NULL, NULL, '0.0', NULL, '2017-07-26 23:03:49', '2017-07-26 23:52:20', 'eff36a11-95f7-4169-8982-55204382872a'),
 ('128', '141', 'en_us', 'Chillah Device', NULL, NULL, NULL, NULL, 'left', NULL, NULL, NULL, 'blue', '0', 'primary', NULL, 'gray', 'normal', 'normal', NULL, 'normal', NULL, NULL, NULL, NULL, NULL, NULL, 'white', NULL, NULL, '0.0', NULL, '2017-07-26 23:10:18', '2017-07-26 23:10:18', '59215124-9ca1-4f19-b083-8b271b072ca8'),
 ('129', '142', 'en_us', 'Chillah Heart Eyes', NULL, NULL, NULL, NULL, 'left', NULL, NULL, NULL, 'blue', '0', 'primary', NULL, 'gray', 'normal', 'normal', NULL, 'normal', NULL, NULL, NULL, NULL, NULL, NULL, 'white', NULL, NULL, '0.0', NULL, '2017-07-26 23:10:18', '2017-07-26 23:10:18', '06adb3ff-3626-46f9-bf31-871ba61d7859'),
 ('130', '143', 'en_us', 'Chillah Hearts', NULL, NULL, NULL, NULL, 'left', NULL, NULL, NULL, 'blue', '0', 'primary', NULL, 'gray', 'normal', 'normal', NULL, 'normal', NULL, NULL, NULL, NULL, NULL, NULL, 'white', NULL, NULL, '0.0', NULL, '2017-07-26 23:10:19', '2017-07-26 23:10:19', 'd00d7e09-d28b-4076-8a97-0f4eb1baa43d'),
 ('131', '144', 'en_us', NULL, NULL, NULL, NULL, NULL, 'left', NULL, NULL, NULL, 'blue', '0', 'primary', NULL, 'white', 'normal', 'normal', 'Snap Ads', 'normal', NULL, NULL, NULL, NULL, NULL, NULL, 'white', NULL, NULL, '0.0', NULL, '2017-07-26 23:22:13', '2017-07-26 23:52:20', '88d5e544-d7e4-40c2-8fc3-220f37def7d1'),
 ('132', '145', 'en_us', 'Devices Nav 1', NULL, NULL, NULL, NULL, 'left', NULL, NULL, NULL, 'blue', '0', 'primary', NULL, 'gray', 'normal', 'normal', NULL, 'normal', NULL, NULL, NULL, NULL, NULL, NULL, 'white', NULL, NULL, '0.0', NULL, '2017-07-26 23:31:02', '2017-07-26 23:31:02', '86b94226-bb67-4d98-8f5e-7327763eb8b7'),
 ('133', '146', 'en_us', 'Devices Nav 2', NULL, NULL, NULL, NULL, 'left', NULL, NULL, NULL, 'blue', '0', 'primary', NULL, 'gray', 'normal', 'normal', NULL, 'normal', NULL, NULL, NULL, NULL, NULL, NULL, 'white', NULL, NULL, '0.0', NULL, '2017-07-26 23:31:02', '2017-07-26 23:31:02', 'faaedf76-301a-4c01-b756-fdeb495c2b7b'),
 ('134', '147', 'en_us', 'Devices Nav 3', NULL, NULL, NULL, NULL, 'left', NULL, NULL, NULL, 'blue', '0', 'primary', NULL, 'gray', 'normal', 'normal', NULL, 'normal', NULL, NULL, NULL, NULL, NULL, NULL, 'white', NULL, NULL, '0.0', NULL, '2017-07-26 23:31:02', '2017-07-26 23:31:02', '9a8a39c3-866a-48fd-84bc-95c114b56d00'),
 ('135', '148', 'en_us', 'Devices Nav 4', NULL, NULL, NULL, NULL, 'left', NULL, NULL, NULL, 'blue', '0', 'primary', NULL, 'gray', 'normal', 'normal', NULL, 'normal', NULL, NULL, NULL, NULL, NULL, NULL, 'white', NULL, NULL, '0.0', NULL, '2017-07-26 23:31:02', '2017-07-26 23:31:02', '39b3f341-c4e5-4901-8005-de80836ae4a3'),
 ('136', '149', 'en_us', 'Solutions Device 1', NULL, NULL, NULL, NULL, 'left', NULL, NULL, NULL, 'blue', '0', 'primary', NULL, 'gray', 'normal', 'normal', NULL, 'normal', NULL, NULL, NULL, NULL, NULL, NULL, 'white', NULL, NULL, '0.0', NULL, '2017-07-26 23:31:07', '2017-07-26 23:31:07', 'a63ff91a-10fe-40a8-a635-399fcaeec005'),
 ('137', '150', 'en_us', 'Solutions Device 2', NULL, NULL, NULL, NULL, 'left', NULL, NULL, NULL, 'blue', '0', 'primary', NULL, 'gray', 'normal', 'normal', NULL, 'normal', NULL, NULL, NULL, NULL, NULL, NULL, 'white', NULL, NULL, '0.0', NULL, '2017-07-26 23:31:10', '2017-07-26 23:31:10', '09b3b2ad-2b87-4f77-8681-3b2dd923c7ba'),
 ('138', '151', 'en_us', 'Solutions Device 3', NULL, NULL, NULL, NULL, 'left', NULL, NULL, NULL, 'blue', '0', 'primary', NULL, 'gray', 'normal', 'normal', NULL, 'normal', NULL, NULL, NULL, NULL, NULL, NULL, 'white', NULL, NULL, '0.0', NULL, '2017-07-26 23:31:10', '2017-07-26 23:31:10', 'b00f9cae-0fe6-42d2-a73e-0505677e24d2'),
 ('139', '152', 'en_us', 'Solutions Device 4', NULL, NULL, NULL, NULL, 'left', NULL, NULL, NULL, 'blue', '0', 'primary', NULL, 'gray', 'normal', 'normal', NULL, 'normal', NULL, NULL, NULL, NULL, NULL, NULL, 'white', NULL, NULL, '0.0', NULL, '2017-07-26 23:31:11', '2017-07-26 23:31:11', '4d537403-7cc5-4975-9708-eeffc9d4fdfe'),
 ('140', '153', 'en_us', 'Solutions Device 5', NULL, NULL, NULL, NULL, 'left', NULL, NULL, NULL, 'blue', '0', 'primary', NULL, 'gray', 'normal', 'normal', NULL, 'normal', NULL, NULL, NULL, NULL, NULL, NULL, 'white', NULL, NULL, '0.0', NULL, '2017-07-26 23:31:11', '2017-07-26 23:31:11', 'ad03f9cc-0614-4301-8219-fe9c35fffde6'),
 ('141', '154', 'en_us', 'Solutions Device 6', NULL, NULL, NULL, NULL, 'left', NULL, NULL, NULL, 'blue', '0', 'primary', NULL, 'gray', 'normal', 'normal', NULL, 'normal', NULL, NULL, NULL, NULL, NULL, NULL, 'white', NULL, NULL, '0.0', NULL, '2017-07-26 23:31:11', '2017-07-26 23:31:11', '22d6abbf-e8ca-43ac-93f9-a443a49cd4ab'),
 ('142', '155', 'en_us', 'Solutions Device 7', NULL, NULL, NULL, NULL, 'left', NULL, NULL, NULL, 'blue', '0', 'primary', NULL, 'gray', 'normal', 'normal', NULL, 'normal', NULL, NULL, NULL, NULL, NULL, NULL, 'white', NULL, NULL, '0.0', NULL, '2017-07-26 23:31:11', '2017-07-26 23:31:11', '92a63ed4-0b19-4057-8fbf-33b786e1f213'),
 ('143', '156', 'en_us', 'Solutions Device 8', NULL, NULL, NULL, NULL, 'left', NULL, NULL, NULL, 'blue', '0', 'primary', NULL, 'gray', 'normal', 'normal', NULL, 'normal', NULL, NULL, NULL, NULL, NULL, NULL, 'white', NULL, NULL, '0.0', NULL, '2017-07-26 23:31:11', '2017-07-26 23:31:11', 'dc7c2ad0-5f43-4c57-a24a-de9bec7fc471'),
 ('144', '157', 'en_us', 'Solutions Device 9', NULL, NULL, NULL, NULL, 'left', NULL, NULL, NULL, 'blue', '0', 'primary', NULL, 'gray', 'normal', 'normal', NULL, 'normal', NULL, NULL, NULL, NULL, NULL, NULL, 'white', NULL, NULL, '0.0', NULL, '2017-07-26 23:31:11', '2017-07-26 23:31:11', '10f8a16f-2369-4b04-918b-01c23ace3299'),
 ('145', '158', 'en_us', 'Solutions Device 10', NULL, NULL, NULL, NULL, 'left', NULL, NULL, NULL, 'blue', '0', 'primary', NULL, 'gray', 'normal', 'normal', NULL, 'normal', NULL, NULL, NULL, NULL, NULL, NULL, 'white', NULL, NULL, '0.0', NULL, '2017-07-26 23:31:12', '2017-07-26 23:31:12', 'ae6fe380-2461-478d-9908-9bae45e9ad2c'),
 ('146', '159', 'en_us', 'Solutions Device 11', NULL, NULL, NULL, NULL, 'left', NULL, NULL, NULL, 'blue', '0', 'primary', NULL, 'gray', 'normal', 'normal', NULL, 'normal', NULL, NULL, NULL, NULL, NULL, NULL, 'white', NULL, NULL, '0.0', NULL, '2017-07-26 23:31:12', '2017-07-26 23:31:12', 'afd53a8c-5e4c-4af8-aed0-c7a0136d254c'),
 ('147', '160', 'en_us', 'Solutions Device 12', NULL, NULL, NULL, NULL, 'left', NULL, NULL, NULL, 'blue', '0', 'primary', NULL, 'gray', 'normal', 'normal', NULL, 'normal', NULL, NULL, NULL, NULL, NULL, NULL, 'white', NULL, NULL, '0.0', NULL, '2017-07-26 23:31:12', '2017-07-26 23:31:12', '9dce6082-930f-4956-813b-a6c9796b8eae'),
 ('148', '161', 'en_us', 'Solutions Device 13', NULL, NULL, NULL, NULL, 'left', NULL, NULL, NULL, 'blue', '0', 'primary', NULL, 'gray', 'normal', 'normal', NULL, 'normal', NULL, NULL, NULL, NULL, NULL, NULL, 'white', NULL, NULL, '0.0', NULL, '2017-07-26 23:31:12', '2017-07-26 23:31:12', '4ff9524f-9b60-4bd0-84e4-e2b85b1d953d'),
 ('149', '162', 'en_us', NULL, NULL, NULL, NULL, NULL, 'left', NULL, NULL, NULL, 'blue', '0', 'primary', NULL, 'gray', 'normal', 'normal', NULL, 'normal', NULL, NULL, NULL, NULL, NULL, NULL, 'white', NULL, NULL, '0.0', NULL, '2017-07-26 23:33:33', '2017-07-26 23:52:20', '96704174-f4a8-46aa-96a6-943edf152bf7'),
 ('150', '164', 'en_us', NULL, NULL, NULL, NULL, NULL, 'left', NULL, NULL, NULL, 'blue', '0', 'primary', NULL, 'gray', 'normal', 'normal', NULL, 'normal', NULL, NULL, NULL, NULL, NULL, NULL, 'white', 'Snap Ads', 'Snap Ads are full-screen, 100% viewable, and have audio on by default.', '0.0', NULL, '2017-07-26 23:33:33', '2017-07-26 23:52:20', 'b023026b-a3bc-4eae-99b5-bc21008f0d5a'),
 ('151', '165', 'en_us', NULL, NULL, NULL, NULL, NULL, 'left', NULL, NULL, NULL, 'blue', '0', 'primary', NULL, 'gray', 'normal', 'normal', NULL, 'normal', NULL, NULL, NULL, NULL, NULL, NULL, 'white', '+ Web View', 'Drive traffic to your pre-loaded website. With our Auto-Fill feature, Snapchatters can send you their account email and more by just tapping.', '0.0', NULL, '2017-07-26 23:33:33', '2017-07-26 23:52:20', '5460015d-b89f-41d7-8328-91ad02277854'),
 ('152', '166', 'en_us', NULL, NULL, NULL, NULL, NULL, 'left', NULL, NULL, NULL, 'blue', '0', 'primary', NULL, 'gray', 'normal', 'normal', NULL, 'normal', NULL, NULL, NULL, NULL, NULL, NULL, 'white', '+ App Install', 'Drive installs for your app with a swipe and a tap. Snapchatters can even install your app without leaving ours.', '0.0', NULL, '2017-07-26 23:33:33', '2017-07-26 23:52:20', '7132b6fb-57ec-45d6-a6f1-0032684b4507'),
 ('153', '167', 'en_us', NULL, NULL, NULL, NULL, NULL, 'left', NULL, NULL, NULL, 'blue', '0', 'primary', NULL, 'gray', 'normal', 'normal', NULL, 'normal', NULL, NULL, NULL, NULL, NULL, NULL, 'white', '+ Long Form Video', 'Drive views for your trailer, short film, how-to, or any other video.', '0.0', NULL, '2017-07-26 23:33:33', '2017-07-26 23:52:20', '06f0b9dd-0776-4973-a143-ad3dfdbda846'),
 ('154', '168', 'en_us', NULL, NULL, NULL, NULL, NULL, 'left', NULL, NULL, 'Snap Ads', 'blue', '0', 'primary', 'Captivate your audience with full-screen Snap Ads.', 'gray', 'normal', 'normal', NULL, 'normal', NULL, NULL, NULL, NULL, NULL, NULL, 'white', NULL, NULL, '0.0', NULL, '2017-07-26 23:45:49', '2017-07-26 23:52:20', 'd699f63b-2b7b-427f-8cd4-effd39112531'),
 ('155', '169', 'en_us', NULL, NULL, NULL, NULL, NULL, 'left', NULL, NULL, 'Filters', 'blue', '0', 'primary', 'Own a place or event with location-based Filters.', 'gray', 'normal', 'normal', NULL, 'normal', NULL, NULL, NULL, NULL, NULL, NULL, 'white', NULL, NULL, '0.0', NULL, '2017-07-26 23:45:49', '2017-07-26 23:52:20', '9003ac54-7f8c-4a78-8be2-fb0dfbb42c32'),
 ('156', '170', 'en_us', NULL, NULL, NULL, NULL, NULL, 'left', NULL, NULL, 'Lenses', 'blue', '0', 'primary', 'Invite customers to play and share with Lenses.', 'gray', 'normal', 'normal', NULL, 'normal', NULL, NULL, NULL, NULL, NULL, NULL, 'white', NULL, NULL, '0.0', NULL, '2017-07-26 23:45:49', '2017-07-26 23:52:20', '346e4544-4484-448b-af2b-c5586d26d76f'),
 ('158', '172', 'en_us', 'Ad Manager 2X', NULL, NULL, NULL, NULL, 'left', NULL, NULL, NULL, 'blue', '0', 'primary', NULL, 'gray', 'normal', 'normal', NULL, 'normal', NULL, NULL, NULL, NULL, NULL, NULL, 'white', NULL, NULL, '0.0', NULL, '2017-07-27 17:17:05', '2017-07-27 17:17:05', '6d62a38b-ba26-4e96-a989-bcf02a3e4b08');



DROP TABLE IF EXISTS `craft_deprecationerrors`;


--
-- Schema for table `craft_deprecationerrors`
--
CREATE TABLE `craft_deprecationerrors` (
  `id` int(11) NOT NULL AUTO_INCREMENT,
  `key` varchar(255) COLLATE utf8_unicode_ci NOT NULL,
  `fingerprint` varchar(255) COLLATE utf8_unicode_ci NOT NULL,
  `lastOccurrence` datetime NOT NULL,
  `file` varchar(255) COLLATE utf8_unicode_ci NOT NULL,
  `line` smallint(6) unsigned NOT NULL,
  `class` varchar(255) COLLATE utf8_unicode_ci DEFAULT NULL,
  `method` varchar(255) COLLATE utf8_unicode_ci DEFAULT NULL,
  `template` varchar(255) COLLATE utf8_unicode_ci DEFAULT NULL,
  `templateLine` smallint(6) unsigned DEFAULT NULL,
  `message` varchar(255) COLLATE utf8_unicode_ci DEFAULT NULL,
  `traces` text COLLATE utf8_unicode_ci,
  `dateCreated` datetime NOT NULL,
  `dateUpdated` datetime NOT NULL,
  `uid` char(36) COLLATE utf8_unicode_ci NOT NULL DEFAULT '0',
  PRIMARY KEY (`id`),
  UNIQUE KEY `craft_deprecationerrors_key_fingerprint_unq_idx` (`key`,`fingerprint`)
) ENGINE=InnoDB DEFAULT CHARSET=utf8 COLLATE=utf8_unicode_ci;

DROP TABLE IF EXISTS `craft_elementindexsettings`;


--
-- Schema for table `craft_elementindexsettings`
--
CREATE TABLE `craft_elementindexsettings` (
  `id` int(11) NOT NULL AUTO_INCREMENT,
  `type` varchar(150) COLLATE utf8_unicode_ci NOT NULL,
  `settings` text COLLATE utf8_unicode_ci,
  `dateCreated` datetime NOT NULL,
  `dateUpdated` datetime NOT NULL,
  `uid` char(36) COLLATE utf8_unicode_ci NOT NULL DEFAULT '0',
  PRIMARY KEY (`id`),
  UNIQUE KEY `craft_elementindexsettings_type_unq_idx` (`type`)
) ENGINE=InnoDB AUTO_INCREMENT=2 DEFAULT CHARSET=utf8 COLLATE=utf8_unicode_ci;

--
-- Data for table `craft_elementindexsettings`
--

INSERT INTO `craft_elementindexsettings` (`id`, `type`, `settings`, `dateCreated`, `dateUpdated`, `uid`) VALUES
 ('1', 'Entry', '{\"sourceOrder\":[[\"key\",\"*\"],[\"key\",\"singles\"],[\"key\",\"section:2\"],[\"key\",\"section:3\"],[\"key\",\"section:4\"]],\"sources\":{\"section:3\":{\"tableAttributes\":{\"1\":\"postDate\",\"2\":\"expiryDate\",\"3\":\"author\",\"4\":\"link\"}},\"*\":{\"tableAttributes\":{\"1\":\"section\",\"2\":\"postDate\",\"3\":\"expiryDate\",\"4\":\"author\",\"5\":\"link\"}},\"singles\":{\"tableAttributes\":{\"1\":\"author\",\"2\":\"link\"}},\"section:2\":{\"tableAttributes\":{\"1\":\"postDate\",\"2\":\"expiryDate\",\"3\":\"author\",\"4\":\"link\"}},\"section:4\":{\"tableAttributes\":{\"1\":\"postDate\",\"2\":\"expiryDate\",\"3\":\"author\",\"4\":\"link\"}}}}', '2017-07-20 21:25:57', '2017-07-26 23:59:15', 'bfa1f50b-98ce-4373-ae00-6ec376dcc6a8');



DROP TABLE IF EXISTS `craft_elements`;


--
-- Schema for table `craft_elements`
--
CREATE TABLE `craft_elements` (
  `id` int(11) NOT NULL AUTO_INCREMENT,
  `type` varchar(150) COLLATE utf8_unicode_ci NOT NULL,
  `enabled` tinyint(1) unsigned NOT NULL DEFAULT '1',
  `archived` tinyint(1) unsigned NOT NULL DEFAULT '0',
  `dateCreated` datetime NOT NULL,
  `dateUpdated` datetime NOT NULL,
  `uid` char(36) COLLATE utf8_unicode_ci NOT NULL DEFAULT '0',
  PRIMARY KEY (`id`),
  KEY `craft_elements_type_idx` (`type`),
  KEY `craft_elements_enabled_idx` (`enabled`),
  KEY `craft_elements_archived_dateCreated_idx` (`archived`,`dateCreated`)
) ENGINE=InnoDB AUTO_INCREMENT=174 DEFAULT CHARSET=utf8 COLLATE=utf8_unicode_ci;

--
-- Data for table `craft_elements`
--

INSERT INTO `craft_elements` (`id`, `type`, `enabled`, `archived`, `dateCreated`, `dateUpdated`, `uid`) VALUES
 ('1', 'User', '1', '0', '2017-07-20 17:27:58', '2017-07-28 21:23:12', '6d4428d4-0a00-435c-a598-147c9fd3efdb'),
 ('2', 'Entry', '1', '0', '2017-07-20 17:27:59', '2017-07-20 17:27:59', '406a63b5-b13a-4093-a6a8-1e9b195f1f61'),
 ('3', 'Entry', '1', '0', '2017-07-20 17:27:59', '2017-07-20 21:26:43', '1d09e80a-d322-4770-8149-dc0f368af815'),
 ('4', 'Entry', '1', '0', '2017-07-20 21:28:52', '2017-07-27 00:17:05', '99b4ed00-234e-41d1-bea9-65f5530af84f'),
 ('8', 'Asset', '1', '0', '2017-07-20 22:19:56', '2017-07-20 22:19:56', 'cefb37f8-4894-421a-909e-792c429c1e63'),
 ('14', 'Asset', '1', '0', '2017-07-20 22:49:12', '2017-07-20 22:49:12', '0ebe6b71-5acd-4531-976f-b10e1b50dede'),
 ('15', 'Asset', '1', '0', '2017-07-20 22:49:12', '2017-07-20 22:49:12', '63ced460-aca3-41d5-b21b-7e1b860d93ff'),
 ('16', 'Asset', '1', '0', '2017-07-20 22:49:12', '2017-07-20 22:49:12', 'e492ce25-f7c9-4db4-ab90-d1e4301c527e'),
 ('26', 'GlobalSet', '1', '0', '2017-07-21 23:07:14', '2017-07-27 00:15:05', 'b01d054e-4598-489a-845a-62a64576a4b9'),
 ('28', 'MatrixBlock', '1', '0', '2017-07-21 23:14:01', '2017-07-27 00:15:05', 'a0f9c4b0-e34a-4e4c-b8dc-86ad77682141'),
 ('29', 'MatrixBlock', '1', '0', '2017-07-21 23:14:01', '2017-07-27 00:15:05', '3b1f262b-6f0e-4745-b565-cae37a40a47e'),
 ('31', 'MatrixBlock', '1', '0', '2017-07-21 23:14:01', '2017-07-27 00:15:05', '1e6a5634-cf65-4644-91c4-862979bb68c8'),
 ('33', 'Entry', '1', '0', '2017-07-21 23:29:50', '2017-07-26 22:26:19', 'e7041aba-157d-43ec-aba2-0592b2469563'),
 ('34', 'Neo_Block', '1', '0', '2017-07-26 20:51:36', '2017-07-27 00:17:05', '2445894d-9d85-4202-b576-95130db0432b'),
 ('35', 'Neo_Block', '1', '0', '2017-07-26 20:51:36', '2017-07-27 00:17:05', 'c48f927b-8d23-4f76-a230-594540cf2b42'),
 ('36', 'Neo_Block', '1', '0', '2017-07-26 20:51:36', '2017-07-27 00:17:05', 'ec7ffbd5-a9fc-43ae-afbf-e4648e508039'),
 ('37', 'Neo_Block', '1', '0', '2017-07-26 20:51:40', '2017-07-27 00:17:05', '2a5e4ce3-7b2d-4ab2-84f3-942ef7084680'),
 ('38', 'Asset', '1', '0', '2017-07-26 21:01:07', '2017-07-26 21:01:07', '4cfc8412-f87b-43bf-ab6d-5016bfa685ea'),
 ('39', 'Neo_Block', '1', '0', '2017-07-26 21:04:17', '2017-07-27 00:17:05', 'b7081961-af09-4cc6-a112-fa9e0f57b7b5'),
 ('40', 'Neo_Block', '1', '0', '2017-07-26 21:04:17', '2017-07-27 00:17:05', '8d943664-82ed-4751-b1f0-806344cd425f'),
 ('41', 'Neo_Block', '1', '0', '2017-07-26 21:04:17', '2017-07-27 00:17:05', 'aec9b2c1-f84e-40f3-80b5-11d9c7bcab56'),
 ('42', 'Neo_Block', '1', '0', '2017-07-26 21:04:17', '2017-07-27 00:17:05', '5611230c-ad7f-48cf-8184-a89b6f508c25'),
 ('43', 'Neo_Block', '1', '0', '2017-07-26 21:04:17', '2017-07-27 00:17:05', '75c00219-0424-4a66-a767-e8f4934f4fbe'),
 ('44', 'Neo_Block', '1', '0', '2017-07-26 21:04:17', '2017-07-27 00:17:05', '04c61613-a219-4783-b8f7-ff142dd2e94f'),
 ('45', 'Asset', '1', '0', '2017-07-26 21:17:47', '2017-07-26 21:17:47', 'ca7a0ac6-d5dc-44a1-98eb-1a0dbf13b8ff'),
 ('46', 'Asset', '1', '0', '2017-07-26 21:17:47', '2017-07-26 21:17:47', '38b84f21-558f-4e36-a9e5-db2a976f563d'),
 ('47', 'Asset', '1', '0', '2017-07-26 21:17:47', '2017-07-26 21:17:47', '953c2d1a-b979-43f4-844c-db4a044cb37e'),
 ('48', 'Asset', '1', '0', '2017-07-26 21:17:47', '2017-07-26 21:17:47', 'a7dc6d80-4466-43bc-9298-c5e6fa1406b0'),
 ('49', 'Asset', '1', '0', '2017-07-26 21:17:47', '2017-07-26 21:17:47', '0dcd21f9-e47d-4444-88e9-dc54ad5de145'),
 ('50', 'Asset', '1', '0', '2017-07-26 21:19:01', '2017-07-26 21:19:01', '485cea7e-61d1-4b98-b835-58c553d39d23'),
 ('51', 'Neo_Block', '1', '0', '2017-07-26 21:21:13', '2017-07-27 00:17:05', '91dd8094-8e8c-47bd-ad97-9b758a765778'),
 ('52', 'Neo_Block', '1', '0', '2017-07-26 21:21:13', '2017-07-27 00:17:05', 'd802e9ad-f9d9-466f-8d46-fdefab293aa1'),
 ('54', 'Neo_Block', '1', '0', '2017-07-26 21:21:13', '2017-07-27 00:17:06', 'a70f29fb-3ac2-4515-9572-05425ad5e6b3'),
 ('55', 'Neo_Block', '1', '0', '2017-07-26 21:21:13', '2017-07-27 00:17:06', 'c6c21321-d83a-4c51-9fc3-d9bec0a57c33'),
 ('56', 'Neo_Block', '1', '0', '2017-07-26 21:21:13', '2017-07-27 00:17:06', 'ace65b09-3223-47f3-bd5e-9edf5773c752'),
 ('57', 'Neo_Block', '1', '0', '2017-07-26 21:21:13', '2017-07-27 00:17:06', 'd1bdde36-330f-4d3a-bcf2-e0e2fd1b72e7'),
 ('58', 'Neo_Block', '1', '0', '2017-07-26 21:21:13', '2017-07-27 00:17:06', '586a7547-cbf3-495b-a164-838df3b24f7c'),
 ('59', 'Neo_Block', '1', '0', '2017-07-26 21:21:13', '2017-07-27 00:17:06', '79f5bacd-55e6-407a-a91a-a1c3c331e453'),
 ('60', 'Neo_Block', '1', '0', '2017-07-26 21:21:13', '2017-07-27 00:17:06', '5182230f-be35-4a3b-a976-a031fc3cfeac'),
 ('61', 'Asset', '1', '0', '2017-07-26 21:26:59', '2017-07-26 21:26:59', '8e73837a-3a5d-42e4-a6f0-e08f1152ca37'),
 ('62', 'Neo_Block', '1', '0', '2017-07-26 21:27:41', '2017-07-27 00:17:05', '94995bf2-c447-470c-a3f5-6084d1274114'),
 ('63', 'Neo_Block', '1', '0', '2017-07-26 21:27:42', '2017-07-27 00:17:06', 'c5c39038-2ba2-4c6f-8a71-5838b2719262'),
 ('64', 'Neo_Block', '1', '0', '2017-07-26 21:27:42', '2017-07-27 00:17:06', '04ae531b-0948-41db-9eea-1ecc676741f2'),
 ('65', 'Neo_Block', '1', '0', '2017-07-26 21:27:42', '2017-07-27 00:17:06', '5549f75c-16b9-45d3-a437-d68807e4bdc0'),
 ('66', 'Neo_Block', '1', '0', '2017-07-26 21:27:42', '2017-07-27 00:17:06', 'f2ccd90e-43b5-4930-a160-74eb8d2b9d78'),
 ('67', 'Neo_Block', '1', '0', '2017-07-26 21:27:42', '2017-07-27 00:17:06', 'ceaa61ff-92a3-40e1-b687-21529cd06763'),
 ('68', 'Asset', '1', '0', '2017-07-26 21:28:10', '2017-07-26 21:28:10', '4e623dee-6add-4c6d-8ee8-ee4b9dd1381c'),
 ('69', 'Neo_Block', '1', '0', '2017-07-26 21:28:25', '2017-07-27 00:17:06', 'd23a71e6-1737-4b0b-bedc-a17c3ead3c46'),
 ('71', 'Neo_Block', '1', '0', '2017-07-26 21:48:57', '2017-07-27 00:17:06', '244a7b26-8d21-4300-b6c7-2e985031f87f'),
 ('72', 'Neo_Block', '1', '0', '2017-07-26 21:48:57', '2017-07-27 00:17:06', 'd2d1ed7a-229d-4578-8b6c-f3ae46609e7d'),
 ('73', 'Neo_Block', '1', '0', '2017-07-26 21:48:57', '2017-07-27 00:17:06', '94c4397e-a6eb-4b01-9e79-936e1adcc0ea'),
 ('74', 'Neo_Block', '1', '0', '2017-07-26 21:48:57', '2017-07-27 00:17:06', '7bbb5f58-8290-4586-8fdd-c06cadddcc4c'),
 ('75', 'Neo_Block', '1', '0', '2017-07-26 21:48:57', '2017-07-27 00:17:06', '6dc6f7fd-f3a2-4a85-b049-29756f937a95'),
 ('76', 'Asset', '1', '0', '2017-07-26 21:58:07', '2017-07-26 21:58:07', '389ba287-673b-4b35-8267-640f20a96bfe'),
 ('77', 'Asset', '1', '0', '2017-07-26 21:58:07', '2017-07-26 21:58:07', 'd86a5bb2-39be-4831-b0c6-0cdef0d0155d'),
 ('78', 'Asset', '1', '0', '2017-07-26 21:58:07', '2017-07-26 21:58:07', '553bc198-4f3b-4e58-8580-f6cd1450b431'),
 ('79', 'Asset', '1', '0', '2017-07-26 21:58:08', '2017-07-26 21:58:08', '42134a42-2263-49df-8377-3b2aad20f630'),
 ('80', 'Asset', '1', '0', '2017-07-26 21:58:08', '2017-07-26 21:58:08', 'ff2b24e7-526f-4d8d-8516-143ae655387a'),
 ('81', 'Asset', '1', '0', '2017-07-26 21:58:08', '2017-07-26 21:58:08', '39308f15-6f5d-42bf-adac-e2bfee2189aa'),
 ('82', 'Asset', '1', '0', '2017-07-26 21:58:10', '2017-07-26 21:58:10', '8a04fc0e-4105-4660-bde0-2045057d16ed'),
 ('83', 'Asset', '1', '0', '2017-07-26 21:58:11', '2017-07-26 21:58:11', 'd7d0f249-d041-4f4d-839d-f5763ad02b68'),
 ('84', 'Asset', '1', '0', '2017-07-26 21:58:11', '2017-07-26 21:58:11', 'c25ec772-c8b0-4617-ab62-66acd03ea3a2'),
 ('85', 'Asset', '1', '0', '2017-07-26 21:58:11', '2017-07-26 21:58:11', '55a446c5-54d2-4e84-b940-5c9c57e64c00'),
 ('86', 'Asset', '1', '0', '2017-07-26 21:58:11', '2017-07-26 21:58:11', '77966c7f-9818-4669-b582-2cc3a21c86d7'),
 ('87', 'Asset', '1', '0', '2017-07-26 21:58:11', '2017-07-26 21:58:11', 'ebff4e88-e9d5-4cb4-9b97-89226aa74e41'),
 ('88', 'Asset', '1', '0', '2017-07-26 21:58:12', '2017-07-26 21:58:12', 'fce7dc4e-eaa9-4a5a-baa9-60bbfac69c48'),
 ('89', 'Asset', '1', '0', '2017-07-26 21:58:12', '2017-07-26 21:58:12', '4c1c4c49-6cff-4248-99c2-8fd5f1caf51a'),
 ('90', 'Asset', '1', '0', '2017-07-26 21:58:12', '2017-07-26 21:58:12', '83e2cd40-9280-427b-b59a-a7f1cba08311'),
 ('91', 'Neo_Block', '1', '0', '2017-07-26 22:00:39', '2017-07-27 00:17:06', '48a6c126-e621-427b-9f06-5e8a17129382'),
 ('97', 'Asset', '1', '0', '2017-07-26 22:25:00', '2017-07-26 22:25:00', '35fbc39d-c252-43cc-bad0-9f580a3db1d0'),
 ('98', 'Entry', '1', '0', '2017-07-26 22:48:34', '2017-07-26 23:52:19', 'cdfd6ac0-aeb0-4919-92c7-1fc770f9976c'),
 ('99', 'Asset', '1', '0', '2017-07-26 22:54:45', '2017-07-26 22:54:45', '1fc8b8df-d573-4535-a743-1229faff25b2'),
 ('100', 'Asset', '1', '0', '2017-07-26 22:54:45', '2017-07-26 22:54:45', '8f08aeb8-1c78-4c9e-8afe-06b598189319'),
 ('101', 'Asset', '1', '0', '2017-07-26 22:54:59', '2017-07-26 22:54:59', 'b5a311ee-3baf-4c42-8fdf-f549ec56d4ec'),
 ('102', 'Asset', '1', '0', '2017-07-26 22:59:08', '2017-07-26 22:59:08', '9cee0047-2d94-4250-9886-22f03a834d07'),
 ('103', 'Asset', '1', '0', '2017-07-26 22:59:11', '2017-07-26 22:59:11', '70b1de08-a6b3-4901-9c25-d43cd5fae26d'),
 ('104', 'Asset', '1', '0', '2017-07-26 23:01:58', '2017-07-26 23:01:58', '59ccc9ee-38ae-4d4b-ace0-80bf3e8be0fc'),
 ('105', 'Asset', '1', '0', '2017-07-26 23:02:27', '2017-07-26 23:02:27', '6846a6e8-22af-4779-b846-5deb549391d5'),
 ('106', 'Asset', '1', '0', '2017-07-26 23:02:28', '2017-07-26 23:02:28', '0472ec88-8eb4-478e-90b6-0a48d11c1073'),
 ('107', 'Neo_Block', '1', '0', '2017-07-26 23:03:48', '2017-07-26 23:52:19', 'caa826fb-1e24-4b22-990b-c620b0ff5fda'),
 ('108', 'Neo_Block', '1', '0', '2017-07-26 23:03:48', '2017-07-26 23:52:19', 'f7728b78-65a9-434e-be5b-b9947822bc45'),
 ('109', 'Neo_Block', '1', '0', '2017-07-26 23:03:48', '2017-07-26 23:52:19', '4080f312-6c8b-471f-b8b9-000b7c9e40f5'),
 ('110', 'Neo_Block', '1', '0', '2017-07-26 23:03:48', '2017-07-26 23:52:20', '58d3f7f4-3ca5-4b93-a0a4-c21cfa1f7f34'),
 ('111', 'Neo_Block', '1', '0', '2017-07-26 23:03:48', '2017-07-26 23:52:20', '4092b776-47b3-482f-af41-abdbfdde7039'),
 ('112', 'Neo_Block', '1', '0', '2017-07-26 23:03:48', '2017-07-26 23:52:20', '26bff8f1-c88f-4b7f-873a-30df79032427'),
 ('113', 'Neo_Block', '1', '0', '2017-07-26 23:03:48', '2017-07-26 23:52:20', 'ec90ba4e-b563-40ca-b0a1-27f3fddcf784'),
 ('114', 'Neo_Block', '1', '0', '2017-07-26 23:03:48', '2017-07-26 23:52:20', 'e6530320-b253-4202-b435-2506cd9e8b8c'),
 ('115', 'Neo_Block', '1', '0', '2017-07-26 23:03:48', '2017-07-26 23:52:20', '23b9799a-1919-4b20-8a35-4d0daed17ea7'),
 ('116', 'Neo_Block', '1', '0', '2017-07-26 23:03:48', '2017-07-26 23:52:20', '3607fd2f-ec87-463b-9ddd-0a31cf6103b3'),
 ('117', 'Neo_Block', '1', '0', '2017-07-26 23:03:48', '2017-07-26 23:52:20', 'bec819b3-1d60-4bde-bcbc-b292fbe5a0a3'),
 ('118', 'Neo_Block', '1', '0', '2017-07-26 23:03:48', '2017-07-26 23:52:20', '525cfc9f-08ff-42fc-b7a7-d8bc86b0e9c2'),
 ('119', 'Neo_Block', '1', '0', '2017-07-26 23:03:48', '2017-07-26 23:52:20', 'da13e7c5-41a0-4508-bca8-7984eaf0e647'),
 ('120', 'Neo_Block', '1', '0', '2017-07-26 23:03:48', '2017-07-26 23:52:20', '8541814f-af16-4854-8da4-55960e9fd6c1'),
 ('121', 'Neo_Block', '1', '0', '2017-07-26 23:03:48', '2017-07-26 23:52:20', '7d054ed2-b2f2-4c12-8c1d-74be2c0747b0'),
 ('122', 'Neo_Block', '1', '0', '2017-07-26 23:03:48', '2017-07-26 23:52:20', 'a55562a5-e485-4441-a040-ba6741425bb8'),
 ('123', 'Neo_Block', '1', '0', '2017-07-26 23:03:48', '2017-07-26 23:52:20', 'b77412c3-29af-48cf-843d-b57b7a924510'),
 ('124', 'Neo_Block', '1', '0', '2017-07-26 23:03:48', '2017-07-26 23:52:20', '859f4b33-96af-4910-8aa8-210b37f38e89'),
 ('125', 'Neo_Block', '1', '0', '2017-07-26 23:03:48', '2017-07-26 23:52:20', '06ce493e-6e61-4887-bbb1-480b81ce9793'),
 ('126', 'Neo_Block', '1', '0', '2017-07-26 23:03:48', '2017-07-26 23:52:20', 'afff9e41-d791-4230-b53a-f94194330945'),
 ('127', 'Neo_Block', '1', '0', '2017-07-26 23:03:48', '2017-07-26 23:52:20', 'fb378d64-1749-4a1a-a398-d53e21a80e08');
INSERT INTO `craft_elements` (`id`, `type`, `enabled`, `archived`, `dateCreated`, `dateUpdated`, `uid`) VALUES
 ('128', 'Neo_Block', '1', '0', '2017-07-26 23:03:48', '2017-07-26 23:52:20', '62b0b11f-737f-4a2b-8ce9-8b882e32b158'),
 ('129', 'Neo_Block', '1', '0', '2017-07-26 23:03:48', '2017-07-26 23:52:20', 'dc566cfa-a68f-46c6-bdaf-5b6b8357ffa9'),
 ('130', 'Neo_Block', '1', '0', '2017-07-26 23:03:48', '2017-07-26 23:52:20', '3ba0c266-6188-4ffc-b1d8-3768279ed4a4'),
 ('131', 'Neo_Block', '1', '0', '2017-07-26 23:03:48', '2017-07-26 23:52:20', 'c9066753-d261-4890-86c2-41f43bca51a8'),
 ('132', 'Neo_Block', '1', '0', '2017-07-26 23:03:48', '2017-07-26 23:52:20', '04749b20-ed38-474f-8a07-ada1b08fdd9b'),
 ('133', 'Neo_Block', '1', '0', '2017-07-26 23:03:48', '2017-07-26 23:52:20', '4c2dd948-06db-4e7f-aafd-0e5d46eb825e'),
 ('134', 'Neo_Block', '1', '0', '2017-07-26 23:03:48', '2017-07-26 23:52:20', 'fcf4f3b3-7b84-4ad0-8491-3d371a562ef7'),
 ('135', 'Neo_Block', '1', '0', '2017-07-26 23:03:48', '2017-07-26 23:52:20', 'f7f1e123-86c8-44c6-9b44-c3976b05f66d'),
 ('136', 'Neo_Block', '1', '0', '2017-07-26 23:03:49', '2017-07-26 23:52:20', 'e46626ab-43fc-469a-ae1a-a17c4d299529'),
 ('137', 'Neo_Block', '1', '0', '2017-07-26 23:03:49', '2017-07-26 23:52:20', '078a13af-85b2-43ea-b558-2e9fe150b812'),
 ('138', 'Neo_Block', '1', '0', '2017-07-26 23:03:49', '2017-07-26 23:52:20', '3f818975-5f42-46e3-8384-feac128b857e'),
 ('140', 'MatrixBlock', '1', '0', '2017-07-26 23:08:57', '2017-07-26 23:52:20', '11c9797b-6676-4bc7-8f4f-9657c6c620ad'),
 ('141', 'Asset', '1', '0', '2017-07-26 23:10:18', '2017-07-26 23:10:18', '7193d9f4-9246-4b38-bb80-972a472d1f3a'),
 ('142', 'Asset', '1', '0', '2017-07-26 23:10:18', '2017-07-26 23:10:18', '1ca1b3fe-df3a-4da1-b178-5d073ed4ba00'),
 ('143', 'Asset', '1', '0', '2017-07-26 23:10:19', '2017-07-26 23:10:19', '789c058a-7ea3-48df-a774-0961c3f3c9f6'),
 ('144', 'Neo_Block', '1', '0', '2017-07-26 23:22:13', '2017-07-26 23:52:20', 'c95a11ed-38c6-43b5-9c6c-1a9bdd6e086c'),
 ('145', 'Asset', '1', '0', '2017-07-26 23:31:02', '2017-07-26 23:31:02', 'e7e25a72-e67d-4206-b9c9-4777dc025676'),
 ('146', 'Asset', '1', '0', '2017-07-26 23:31:02', '2017-07-26 23:31:02', 'bcabab6f-4d06-43ad-8f1e-f28c30da3fe0'),
 ('147', 'Asset', '1', '0', '2017-07-26 23:31:02', '2017-07-26 23:31:02', '459de366-154a-4ed4-a5fe-40f170627cbd'),
 ('148', 'Asset', '1', '0', '2017-07-26 23:31:02', '2017-07-26 23:31:02', '5bcccc85-a27a-4434-b6e8-c31bb39b9efa'),
 ('149', 'Asset', '1', '0', '2017-07-26 23:31:07', '2017-07-26 23:31:07', '5f5f2944-5cd5-442a-b6e1-dfdbaa44e6da'),
 ('150', 'Asset', '1', '0', '2017-07-26 23:31:10', '2017-07-26 23:31:10', '5c8ffda8-5891-4636-b215-c57cc66c51a9'),
 ('151', 'Asset', '1', '0', '2017-07-26 23:31:10', '2017-07-26 23:31:10', '54001580-c650-4fb0-8aff-39413b8e9ab2'),
 ('152', 'Asset', '1', '0', '2017-07-26 23:31:11', '2017-07-26 23:31:11', 'e163fc52-17d3-43b5-8fd1-bffdeb57e7c9'),
 ('153', 'Asset', '1', '0', '2017-07-26 23:31:11', '2017-07-26 23:31:11', '193be06d-dec9-4133-99d9-c14ef22b8d13'),
 ('154', 'Asset', '1', '0', '2017-07-26 23:31:11', '2017-07-26 23:31:11', 'fec4713b-882c-4075-a6ff-30c8d7ce565c'),
 ('155', 'Asset', '1', '0', '2017-07-26 23:31:11', '2017-07-26 23:31:11', 'f66bac66-8bd6-402d-b0c4-e6c2d4fdccb1'),
 ('156', 'Asset', '1', '0', '2017-07-26 23:31:11', '2017-07-26 23:31:11', 'a924c08d-2fda-4336-a402-700b49378ff8'),
 ('157', 'Asset', '1', '0', '2017-07-26 23:31:11', '2017-07-26 23:31:11', 'f37f4fae-c400-4cc3-891c-0197bfb316e8'),
 ('158', 'Asset', '1', '0', '2017-07-26 23:31:12', '2017-07-26 23:31:12', '3d4dd6ac-dca9-46a4-bbdf-27c80fbe0d1f'),
 ('159', 'Asset', '1', '0', '2017-07-26 23:31:12', '2017-07-26 23:31:12', '1fdcc260-4bdf-4917-a142-1bd179446494'),
 ('160', 'Asset', '1', '0', '2017-07-26 23:31:12', '2017-07-26 23:31:12', 'a900ea5f-cedc-419d-bc62-7ff1b2835093'),
 ('161', 'Asset', '1', '0', '2017-07-26 23:31:12', '2017-07-26 23:31:12', '4a61d64a-18dc-40f9-bd7b-4897743ee711'),
 ('162', 'Neo_Block', '1', '0', '2017-07-26 23:33:33', '2017-07-26 23:52:20', 'c46b5d3c-58ca-4a78-87c0-b6c62eef9b5a'),
 ('163', 'MatrixBlock', '1', '0', '2017-07-26 23:33:33', '2017-07-26 23:52:20', '9677f6cc-fc81-47c2-a9e7-28b3640fc056'),
 ('164', 'Neo_Block', '1', '0', '2017-07-26 23:33:33', '2017-07-26 23:52:20', '4c7232c9-ba18-46b0-950b-53f571b3a211'),
 ('165', 'Neo_Block', '1', '0', '2017-07-26 23:33:33', '2017-07-26 23:52:20', 'cf771e56-c062-4122-9a40-1689256ab8a4'),
 ('166', 'Neo_Block', '1', '0', '2017-07-26 23:33:33', '2017-07-26 23:52:20', 'bac2a7dc-c706-4010-81a3-69cbc41f4e1a'),
 ('167', 'Neo_Block', '1', '0', '2017-07-26 23:33:33', '2017-07-26 23:52:20', '83f7c34b-1bf3-42e0-b70a-0e5e48c2e87a'),
 ('168', 'Neo_Block', '1', '0', '2017-07-26 23:45:49', '2017-07-26 23:52:20', '7e61d1a4-c325-41a8-840a-083270827c72'),
 ('169', 'Neo_Block', '1', '0', '2017-07-26 23:45:49', '2017-07-26 23:52:20', 'ac2fc62a-c6ff-429c-8728-577e6130b752'),
 ('170', 'Neo_Block', '1', '0', '2017-07-26 23:45:49', '2017-07-26 23:52:20', 'f3f4677d-c75d-457c-a4e1-edcee89eecd7'),
 ('172', 'Asset', '1', '0', '2017-07-27 17:17:05', '2017-07-27 17:17:05', 'd92b5beb-d00f-4431-84b0-a855d7b27a50');



DROP TABLE IF EXISTS `craft_elements_i18n`;


--
-- Schema for table `craft_elements_i18n`
--
CREATE TABLE `craft_elements_i18n` (
  `id` int(11) NOT NULL AUTO_INCREMENT,
  `elementId` int(11) NOT NULL,
  `locale` char(12) COLLATE utf8_unicode_ci NOT NULL,
  `slug` varchar(255) COLLATE utf8_unicode_ci DEFAULT NULL,
  `uri` varchar(255) COLLATE utf8_unicode_ci DEFAULT NULL,
  `enabled` tinyint(1) unsigned NOT NULL DEFAULT '1',
  `dateCreated` datetime NOT NULL,
  `dateUpdated` datetime NOT NULL,
  `uid` char(36) COLLATE utf8_unicode_ci NOT NULL DEFAULT '0',
  PRIMARY KEY (`id`),
  UNIQUE KEY `craft_elements_i18n_elementId_locale_unq_idx` (`elementId`,`locale`),
  UNIQUE KEY `craft_elements_i18n_uri_locale_unq_idx` (`uri`,`locale`),
  KEY `craft_elements_i18n_slug_locale_idx` (`slug`,`locale`),
  KEY `craft_elements_i18n_enabled_idx` (`enabled`),
  KEY `craft_elements_i18n_locale_fk` (`locale`)
) ENGINE=InnoDB AUTO_INCREMENT=174 DEFAULT CHARSET=utf8 COLLATE=utf8_unicode_ci;

--
-- Data for table `craft_elements_i18n`
--

INSERT INTO `craft_elements_i18n` (`id`, `elementId`, `locale`, `slug`, `uri`, `enabled`, `dateCreated`, `dateUpdated`, `uid`) VALUES
 ('1', '1', 'en_us', '', NULL, '1', '2017-07-20 17:27:58', '2017-07-28 21:23:12', '646a5a0f-a379-4bbc-9e3e-b726ad17cfb0'),
 ('2', '2', 'en_us', 'homepage', '__home__', '1', '2017-07-20 17:27:59', '2017-07-20 17:27:59', 'dd3a75f4-160b-48b6-bd69-1e895084aecf'),
 ('3', '3', 'en_us', 'we-just-installed-craft', 'blog/we-just-installed-craft', '1', '2017-07-20 17:27:59', '2017-07-20 21:26:43', '9ad1a87a-32d5-4b8e-8f26-0150b567d9eb'),
 ('4', '4', 'en_us', 'measurement', 'measurement', '1', '2017-07-20 21:28:52', '2017-07-27 00:17:05', 'b52fd213-860c-40fd-8e69-21a0e349f3cb'),
 ('8', '8', 'en_us', 'snap-ad-reporting-1x', NULL, '1', '2017-07-20 22:19:56', '2017-07-20 22:19:56', 'f95c3c38-9cc9-4561-aab7-f23b1af16237'),
 ('14', '14', 'en_us', 'homepage-1-1', NULL, '1', '2017-07-20 22:49:12', '2017-07-20 22:49:12', '5bb84152-63fa-4dd5-bc91-dee5fae44c82'),
 ('15', '15', 'en_us', 'homepage-1-2', NULL, '1', '2017-07-20 22:49:12', '2017-07-20 22:49:12', 'b8c791fc-e8c3-4d62-8f5d-dfe4eb3025bd'),
 ('16', '16', 'en_us', 'homepage-1-3', NULL, '1', '2017-07-20 22:49:12', '2017-07-20 22:49:12', '00917649-5774-4626-9d9a-73c49d0c4072'),
 ('26', '26', 'en_us', '', NULL, '1', '2017-07-21 23:07:15', '2017-07-27 00:15:05', 'a26d98fb-0ec3-4e77-8c39-b952634a192b'),
 ('28', '28', 'en_us', '', NULL, '1', '2017-07-21 23:14:01', '2017-07-27 00:15:05', '6429cea4-a380-46c3-a375-05ccedfe83cb'),
 ('29', '29', 'en_us', '', NULL, '1', '2017-07-21 23:14:01', '2017-07-27 00:15:05', 'ac9ec56b-93e1-44e0-aa22-2373c90f4473'),
 ('31', '31', 'en_us', '', NULL, '1', '2017-07-21 23:14:01', '2017-07-27 00:15:05', '99ec867e-8719-47c6-aaa6-e54e94c8d5c1'),
 ('33', '33', 'en_us', 'ab-inbev', NULL, '1', '2017-07-21 23:29:50', '2017-07-26 22:26:19', 'e7f5fb63-3d7d-4973-9aca-c36d679d3d69'),
 ('34', '34', 'en_us', '', NULL, '1', '2017-07-26 20:51:36', '2017-07-27 00:17:05', '14819375-8eb4-4c31-8e55-c71f1a6cd8bc'),
 ('35', '35', 'en_us', '', NULL, '1', '2017-07-26 20:51:36', '2017-07-27 00:17:05', '29a2393c-3ddd-4030-8020-87ff0e7e2731'),
 ('36', '36', 'en_us', '', NULL, '1', '2017-07-26 20:51:36', '2017-07-27 00:17:05', 'dd499ad7-6d3f-4580-8e17-471a918a6db5'),
 ('37', '37', 'en_us', '', NULL, '1', '2017-07-26 20:51:40', '2017-07-27 00:17:05', 'e468252d-bb6f-419d-8f13-b91224fbde01'),
 ('38', '38', 'en_us', 'filter-reporting-2x', NULL, '1', '2017-07-26 21:01:07', '2017-07-26 21:01:07', 'a6709715-9918-45e8-bae3-99c39d384cb9'),
 ('39', '39', 'en_us', '', NULL, '1', '2017-07-26 21:04:17', '2017-07-27 00:17:05', '5b479155-156c-4ab3-9a92-8cedf766528f'),
 ('40', '40', 'en_us', '', NULL, '1', '2017-07-26 21:04:17', '2017-07-27 00:17:05', '83408a0a-048e-4de5-8dc1-ec7319652a8d'),
 ('41', '41', 'en_us', '', NULL, '1', '2017-07-26 21:04:17', '2017-07-27 00:17:05', 'b9cd8081-5ce9-4586-99a3-49ee218bb715'),
 ('42', '42', 'en_us', '', NULL, '1', '2017-07-26 21:04:17', '2017-07-27 00:17:05', '898c8718-a8f8-4744-b5f2-60e84b52395b'),
 ('43', '43', 'en_us', '', NULL, '1', '2017-07-26 21:04:17', '2017-07-27 00:17:05', '845eb1a9-6251-4fef-a943-ce64ad4023e3'),
 ('44', '44', 'en_us', '', NULL, '1', '2017-07-26 21:04:17', '2017-07-27 00:17:05', 'e7e8fc49-e706-4d25-9392-dda9a9c2e99e'),
 ('45', '45', 'en_us', 'measurement-reach', NULL, '1', '2017-07-26 21:17:47', '2017-07-26 21:17:47', '0d64aa3a-4986-49c8-bf24-4b88db92e356'),
 ('46', '46', 'en_us', 'measurement-reaction', NULL, '1', '2017-07-26 21:17:47', '2017-07-26 21:17:47', 'e8f16743-5d76-44c5-8ca3-7ef430f9213f'),
 ('47', '47', 'en_us', 'measurement-resonance', NULL, '1', '2017-07-26 21:17:47', '2017-07-26 21:17:47', '10f3f4cc-e8a8-4cb3-b43b-27adeff1820e'),
 ('48', '48', 'en_us', 'measurement-snap-to', NULL, '1', '2017-07-26 21:17:47', '2017-07-26 21:17:47', '3c7a3589-340c-4381-8daf-0871663279b0'),
 ('49', '49', 'en_us', 'measurement-verification', NULL, '1', '2017-07-26 21:17:47', '2017-07-26 21:17:47', '3731eb78-e4d2-412b-b05c-90980e973c36'),
 ('50', '50', 'en_us', 'measurement-viewability', NULL, '1', '2017-07-26 21:19:01', '2017-07-26 21:19:01', 'dca6de2c-bd6b-4923-86c3-dcca01de1e3b'),
 ('51', '51', 'en_us', '', NULL, '1', '2017-07-26 21:21:13', '2017-07-27 00:17:05', '3a21e609-9918-4f7e-8c76-04acd654d583'),
 ('52', '52', 'en_us', '', NULL, '1', '2017-07-26 21:21:13', '2017-07-27 00:17:05', 'f081aceb-ef54-4acb-beb3-119f58816835'),
 ('54', '54', 'en_us', '', NULL, '1', '2017-07-26 21:21:13', '2017-07-27 00:17:06', 'fdf85cb9-119d-44dd-973b-4e797fe2289b'),
 ('55', '55', 'en_us', '', NULL, '1', '2017-07-26 21:21:13', '2017-07-27 00:17:06', 'ea145a34-2601-4fb3-8cfd-407b79068426'),
 ('56', '56', 'en_us', '', NULL, '1', '2017-07-26 21:21:13', '2017-07-27 00:17:06', '9ee5ccba-e36b-4df6-b6f9-0f8d41047203'),
 ('57', '57', 'en_us', '', NULL, '1', '2017-07-26 21:21:13', '2017-07-27 00:17:06', '5ba051e0-f188-4001-9ce4-2a204a5d62d4'),
 ('58', '58', 'en_us', '', NULL, '1', '2017-07-26 21:21:13', '2017-07-27 00:17:06', 'a6169a75-7029-43be-93c2-478570c74603'),
 ('59', '59', 'en_us', '', NULL, '1', '2017-07-26 21:21:13', '2017-07-27 00:17:06', 'aab0ff6e-9022-4ced-9450-215be8afadf7'),
 ('60', '60', 'en_us', '', NULL, '1', '2017-07-26 21:21:13', '2017-07-27 00:17:06', '015d3b39-5150-4024-a30c-b9b56198af24'),
 ('61', '61', 'en_us', 'snap-to-store-clock-2x', NULL, '1', '2017-07-26 21:26:59', '2017-07-26 21:26:59', 'b5c2c05a-7a9a-499b-9e1f-a270ac46d511'),
 ('62', '62', 'en_us', '', NULL, '1', '2017-07-26 21:27:41', '2017-07-27 00:17:05', 'c8e656b7-b361-4687-843e-b21ad0f7d462'),
 ('63', '63', 'en_us', '', NULL, '1', '2017-07-26 21:27:42', '2017-07-27 00:17:06', '00915c2f-f603-4b94-b381-2e00635cb69e'),
 ('64', '64', 'en_us', '', NULL, '1', '2017-07-26 21:27:42', '2017-07-27 00:17:06', '6fbf5edd-6d7c-4791-b0b9-4a10a39bd76b'),
 ('65', '65', 'en_us', '', NULL, '1', '2017-07-26 21:27:42', '2017-07-27 00:17:06', '54971303-34d2-4f0a-b7e0-1eb27b9755c3'),
 ('66', '66', 'en_us', '', NULL, '1', '2017-07-26 21:27:42', '2017-07-27 00:17:06', 'f3dfd3fc-f1b3-436a-840f-c9f3503caf8e'),
 ('67', '67', 'en_us', '', NULL, '1', '2017-07-26 21:27:42', '2017-07-27 00:17:06', '98cac47c-cce9-41be-9fe7-6a22801c3ee0'),
 ('68', '68', 'en_us', 'snap-to-store-chillahs-2x', NULL, '1', '2017-07-26 21:28:10', '2017-07-26 21:28:10', 'c8e418f8-94c0-4106-89e9-5418f36e6c09'),
 ('69', '69', 'en_us', '', NULL, '1', '2017-07-26 21:28:25', '2017-07-27 00:17:06', 'c948fa23-0c4a-469e-96c7-5fe1213e66c2'),
 ('71', '71', 'en_us', '', NULL, '1', '2017-07-26 21:48:57', '2017-07-27 00:17:06', '64b96c15-721e-40ea-b800-90b0c4eb59e0'),
 ('72', '72', 'en_us', '', NULL, '1', '2017-07-26 21:48:57', '2017-07-27 00:17:06', '8dc54004-d75c-48e7-ada4-fb2d022f646a'),
 ('73', '73', 'en_us', '', NULL, '1', '2017-07-26 21:48:57', '2017-07-27 00:17:06', '0b866f45-cc5d-4a99-97bd-86d3aab6fea1'),
 ('74', '74', 'en_us', '', NULL, '1', '2017-07-26 21:48:57', '2017-07-27 00:17:06', '5ddd0edc-044b-4739-b666-effd38568d54'),
 ('75', '75', 'en_us', '', NULL, '1', '2017-07-26 21:48:57', '2017-07-27 00:17:06', '1230abde-3187-4c1e-a6c4-42d30646990e'),
 ('76', '76', 'en_us', 'adjust-2x', NULL, '1', '2017-07-26 21:58:07', '2017-07-26 21:58:07', 'c5df39a0-1135-4b11-831c-41ac37283dd3'),
 ('77', '77', 'en_us', 'appsflyer-2x', NULL, '1', '2017-07-26 21:58:07', '2017-07-26 21:58:07', '76c42a58-808b-4849-b6bd-e057a8cef317'),
 ('78', '78', 'en_us', 'doubleclick-2x', NULL, '1', '2017-07-26 21:58:07', '2017-07-26 21:58:07', 'ebcff039-74a8-4195-a1af-00f1fc9d7b20'),
 ('79', '79', 'en_us', 'innovid-2x', NULL, '1', '2017-07-26 21:58:08', '2017-07-26 21:58:08', 'e7972c9d-c926-42e4-9eb8-cc620a05d2c5'),
 ('80', '80', 'en_us', 'kochava-2x', NULL, '1', '2017-07-26 21:58:08', '2017-07-26 21:58:08', 'd0f818af-cb71-4dc7-8ad5-5923f0e01a57'),
 ('81', '81', 'en_us', 'liveramp-2x', NULL, '1', '2017-07-26 21:58:08', '2017-07-26 21:58:08', '5c06bb8b-c56d-4fa5-991f-c7ca89cc6df6'),
 ('82', '82', 'en_us', 'millwardbrown-2x', NULL, '1', '2017-07-26 21:58:10', '2017-07-26 21:58:10', 'ea3f17ea-84c2-4a8a-a509-cbe47ab2819f'),
 ('83', '83', 'en_us', 'moat-2x', NULL, '1', '2017-07-26 21:58:11', '2017-07-26 21:58:11', '44dbf440-5acc-49c3-8a77-d16f7da0b502'),
 ('84', '84', 'en_us', 'neustar-2x', NULL, '1', '2017-07-26 21:58:11', '2017-07-26 21:58:11', '4d6e59c6-8658-47fb-b0ad-a907b6192511'),
 ('85', '85', 'en_us', 'nielsen-2x', NULL, '1', '2017-07-26 21:58:11', '2017-07-26 21:58:11', '6d1066a4-fc0e-4d45-be15-3c7b98b828a4'),
 ('86', '86', 'en_us', 'oracle-2x', NULL, '1', '2017-07-26 21:58:11', '2017-07-26 21:58:11', '3fc49d82-35bc-419f-b60d-0f9a6b93c8b5'),
 ('87', '87', 'en_us', 'placed-2x', NULL, '1', '2017-07-26 21:58:11', '2017-07-26 21:58:11', 'ed1d0daf-6dd5-450a-8725-1000b5f9e4f3'),
 ('88', '88', 'en_us', 'singular-2x', NULL, '1', '2017-07-26 21:58:12', '2017-07-26 21:58:12', 'd37b2669-516b-47ce-b31e-18567f34e044'),
 ('89', '89', 'en_us', 'sizmek-2x', NULL, '1', '2017-07-26 21:58:12', '2017-07-26 21:58:12', '52ffda3a-508d-4575-a33a-f75ee5b87657'),
 ('90', '90', 'en_us', 'tune-2x', NULL, '1', '2017-07-26 21:58:12', '2017-07-26 21:58:12', '7827d0b9-3195-4038-a840-10126a4c31a7'),
 ('91', '91', 'en_us', '', NULL, '1', '2017-07-26 22:00:39', '2017-07-27 00:17:06', '1cc7d9da-537e-4009-9561-e76ecab6c1a1'),
 ('97', '97', 'en_us', 'ic-success-logo-abinbev-2x', NULL, '1', '2017-07-26 22:25:00', '2017-07-26 22:25:00', '02274e07-13ad-4036-a727-fc26df649fc7'),
 ('98', '98', 'en_us', 'solutions', 'solutions', '1', '2017-07-26 22:48:34', '2017-07-26 23:52:19', '6caa7dc2-d64a-4c8a-a14e-1f8e8e289c1c'),
 ('99', '99', 'en_us', 'geofilter-phil-phone-screen-2x', NULL, '1', '2017-07-26 22:54:45', '2017-07-26 22:54:45', '0714658d-d3e4-4da3-ad11-0b625d60d2c7'),
 ('100', '100', 'en_us', 'postmates-drive-action-2x', NULL, '1', '2017-07-26 22:54:45', '2017-07-26 22:54:45', 'd5f1c205-3154-47ee-8124-c7d9354362a0'),
 ('101', '101', 'en_us', 'lga-geo-filter-2x', NULL, '1', '2017-07-26 22:54:59', '2017-07-26 22:54:59', '77e3c2ad-1ac2-4394-9a5f-80a22290fb60'),
 ('102', '102', 'en_us', 'target-ad-2x', NULL, '1', '2017-07-26 22:59:08', '2017-07-26 22:59:08', '4816cc97-4340-49df-977c-123f828b04d2'),
 ('103', '103', 'en_us', 'warby-parker-geo-filter-2x', NULL, '1', '2017-07-26 22:59:11', '2017-07-26 22:59:11', 'd0648850-0dd2-4da6-b400-60ad07c9dd6c'),
 ('104', '104', 'en_us', 'weby-parker-geo-filter-2x', NULL, '1', '2017-07-26 23:01:59', '2017-07-26 23:01:59', '59038851-8ff6-4041-a011-632a56ae3c48'),
 ('105', '105', 'en_us', 'snap-ads-gatorade-phone-screen-2x', NULL, '1', '2017-07-26 23:02:27', '2017-07-26 23:02:27', '4570e22a-2686-4a32-9cd7-72e536a3c374'),
 ('106', '106', 'en_us', 'snap-ads-under-armour-phone-screen-2x', NULL, '1', '2017-07-26 23:02:28', '2017-07-26 23:02:28', 'f4d6f3b0-a136-44a0-9272-6df121388dbf'),
 ('107', '107', 'en_us', '', NULL, '1', '2017-07-26 23:03:48', '2017-07-26 23:52:19', '70ec214a-bb55-4bfa-97e8-2fe344cc74af'),
 ('108', '108', 'en_us', '', NULL, '1', '2017-07-26 23:03:48', '2017-07-26 23:52:19', '2116f6fb-febb-4531-b4db-c00f8c1bd42e'),
 ('109', '109', 'en_us', '', NULL, '1', '2017-07-26 23:03:48', '2017-07-26 23:52:19', '1404378a-7951-4156-96e5-3c4f19c27513'),
 ('110', '110', 'en_us', '', NULL, '1', '2017-07-26 23:03:48', '2017-07-26 23:52:20', '4936e01b-c5ee-4114-825d-5f18ae5651e8'),
 ('111', '111', 'en_us', '', NULL, '1', '2017-07-26 23:03:48', '2017-07-26 23:52:20', '475d8951-0ba5-4525-b00d-7c3866b94d57'),
 ('112', '112', 'en_us', '', NULL, '1', '2017-07-26 23:03:48', '2017-07-26 23:52:20', '472acc21-6a4e-41e8-9127-992519d12e1f'),
 ('113', '113', 'en_us', '', NULL, '1', '2017-07-26 23:03:48', '2017-07-26 23:52:20', 'bd50a02d-1ebb-488e-83b8-a5a96920c800'),
 ('114', '114', 'en_us', '', NULL, '1', '2017-07-26 23:03:48', '2017-07-26 23:52:20', '2ae2ee93-b624-4142-af9a-2c9a0cb3860c'),
 ('115', '115', 'en_us', '', NULL, '1', '2017-07-26 23:03:48', '2017-07-26 23:52:20', 'bc7bdd2c-2de7-42ac-8cce-20cbfbf3ca44'),
 ('116', '116', 'en_us', '', NULL, '1', '2017-07-26 23:03:48', '2017-07-26 23:52:20', 'a952c7a3-ee30-471b-a81b-fce8fd28dd8d'),
 ('117', '117', 'en_us', '', NULL, '1', '2017-07-26 23:03:48', '2017-07-26 23:52:20', '2673ee04-d5f4-4024-b4fd-36c176b4e783'),
 ('118', '118', 'en_us', '', NULL, '1', '2017-07-26 23:03:48', '2017-07-26 23:52:20', '41604ce6-e969-43c5-bbff-846b228ad7cf'),
 ('119', '119', 'en_us', '', NULL, '1', '2017-07-26 23:03:48', '2017-07-26 23:52:20', '6a0aa390-a18b-4e56-933e-a32d945b3b3c'),
 ('120', '120', 'en_us', '', NULL, '1', '2017-07-26 23:03:48', '2017-07-26 23:52:20', '9e8dc3bd-4ee6-40d0-a65f-4280abf3bf8e'),
 ('121', '121', 'en_us', '', NULL, '1', '2017-07-26 23:03:48', '2017-07-26 23:52:20', '8b00dc47-e2e8-4c4c-a78c-391ddc85eaa9'),
 ('122', '122', 'en_us', '', NULL, '1', '2017-07-26 23:03:48', '2017-07-26 23:52:20', 'f2dee5f4-33c8-4131-8b68-7d4da89acf9c'),
 ('123', '123', 'en_us', '', NULL, '1', '2017-07-26 23:03:48', '2017-07-26 23:52:20', 'c5a33ab6-a508-452e-8d41-265db639d437'),
 ('124', '124', 'en_us', '', NULL, '1', '2017-07-26 23:03:48', '2017-07-26 23:52:20', '3c0348e8-1b94-4350-8e63-ef2022137444'),
 ('125', '125', 'en_us', '', NULL, '1', '2017-07-26 23:03:48', '2017-07-26 23:52:20', 'ef33c01d-04f8-421e-b9e3-7e334c92051e'),
 ('126', '126', 'en_us', '', NULL, '1', '2017-07-26 23:03:48', '2017-07-26 23:52:20', 'ec8d551f-1183-4920-9aa6-89b58e81513a'),
 ('127', '127', 'en_us', '', NULL, '1', '2017-07-26 23:03:48', '2017-07-26 23:52:20', '57dd8a41-eca7-4b6d-9bd2-ae9fffb02409');
INSERT INTO `craft_elements_i18n` (`id`, `elementId`, `locale`, `slug`, `uri`, `enabled`, `dateCreated`, `dateUpdated`, `uid`) VALUES
 ('128', '128', 'en_us', '', NULL, '1', '2017-07-26 23:03:48', '2017-07-26 23:52:20', 'ee1d7dc1-9907-47fe-ad51-7e5c9b2e51fd'),
 ('129', '129', 'en_us', '', NULL, '1', '2017-07-26 23:03:48', '2017-07-26 23:52:20', 'e695dfdd-da15-4995-a2b8-987ff084a27f'),
 ('130', '130', 'en_us', '', NULL, '1', '2017-07-26 23:03:48', '2017-07-26 23:52:20', '0ec9550d-6764-4d32-8f47-b2187b8b5be0'),
 ('131', '131', 'en_us', '', NULL, '1', '2017-07-26 23:03:48', '2017-07-26 23:52:20', '141ca644-d87c-4bcc-9ff3-7d95ee396a33'),
 ('132', '132', 'en_us', '', NULL, '1', '2017-07-26 23:03:48', '2017-07-26 23:52:20', '07fc6f1f-c028-4190-b194-50f0b5a2c519'),
 ('133', '133', 'en_us', '', NULL, '1', '2017-07-26 23:03:48', '2017-07-26 23:52:20', 'debf373e-9a4c-4703-b159-cd10e7648254'),
 ('134', '134', 'en_us', '', NULL, '1', '2017-07-26 23:03:48', '2017-07-26 23:52:20', 'f4089af0-b457-4480-8f27-d3c07b2519b0'),
 ('135', '135', 'en_us', '', NULL, '1', '2017-07-26 23:03:49', '2017-07-26 23:52:20', '7b3efa6f-f22e-4eec-b086-463fb87c041c'),
 ('136', '136', 'en_us', '', NULL, '1', '2017-07-26 23:03:49', '2017-07-26 23:52:20', '92f11554-6cd6-49d7-9409-b75fef87103d'),
 ('137', '137', 'en_us', '', NULL, '1', '2017-07-26 23:03:49', '2017-07-26 23:52:20', '7dda3e2d-1a51-4726-be56-be42db78c64b'),
 ('138', '138', 'en_us', '', NULL, '1', '2017-07-26 23:03:49', '2017-07-26 23:52:20', '893087b8-a273-4548-9385-4054e63679a1'),
 ('140', '140', 'en_us', '', NULL, '1', '2017-07-26 23:08:57', '2017-07-26 23:52:20', '02e9766b-a282-444b-a94f-7dab88f9a861'),
 ('141', '141', 'en_us', 'chillah-device', NULL, '1', '2017-07-26 23:10:18', '2017-07-26 23:10:18', 'e4586c4b-42d5-4de6-aac6-e86027db6ff3'),
 ('142', '142', 'en_us', 'chillah-heart-eyes', NULL, '1', '2017-07-26 23:10:18', '2017-07-26 23:10:18', '6579e58f-6662-4729-8629-0da56980ed6f'),
 ('143', '143', 'en_us', 'chillah-hearts', NULL, '1', '2017-07-26 23:10:19', '2017-07-26 23:10:19', 'fab52d17-891c-4a49-acda-16326dfb15a5'),
 ('144', '144', 'en_us', '', NULL, '1', '2017-07-26 23:22:13', '2017-07-26 23:52:20', 'c5f87add-dc87-4d9a-8a10-743785972a45'),
 ('145', '145', 'en_us', 'devices-nav-1', NULL, '1', '2017-07-26 23:31:02', '2017-07-26 23:31:02', '34ccdc47-94d6-4182-8a0b-959e598c57ff'),
 ('146', '146', 'en_us', 'devices-nav-2', NULL, '1', '2017-07-26 23:31:02', '2017-07-26 23:31:02', '0238a2c7-27a9-44d0-b812-c707a6ad9ef4'),
 ('147', '147', 'en_us', 'devices-nav-3', NULL, '1', '2017-07-26 23:31:02', '2017-07-26 23:31:02', '61e2a987-032a-403c-84b4-7a5cfdd19ff6'),
 ('148', '148', 'en_us', 'devices-nav-4', NULL, '1', '2017-07-26 23:31:02', '2017-07-26 23:31:02', 'adc5d4aa-fb43-4bc3-a937-201c3a3fcfcb'),
 ('149', '149', 'en_us', 'solutions-device-1', NULL, '1', '2017-07-26 23:31:07', '2017-07-26 23:31:07', '1a7a7070-d05c-4495-8b1c-cf354abdd0f7'),
 ('150', '150', 'en_us', 'solutions-device-2', NULL, '1', '2017-07-26 23:31:10', '2017-07-26 23:31:10', 'c0244eea-0002-4e81-80f1-88d430e73d23'),
 ('151', '151', 'en_us', 'solutions-device-3', NULL, '1', '2017-07-26 23:31:10', '2017-07-26 23:31:10', 'c0f6eec9-bfa9-4a64-b198-c4f9c9a25c9f'),
 ('152', '152', 'en_us', 'solutions-device-4', NULL, '1', '2017-07-26 23:31:11', '2017-07-26 23:31:11', 'ed48af0d-a0c7-4791-872b-0cd2479c92cd'),
 ('153', '153', 'en_us', 'solutions-device-5', NULL, '1', '2017-07-26 23:31:11', '2017-07-26 23:31:11', '7876d546-f391-48a6-b315-fcdf4c329c2d'),
 ('154', '154', 'en_us', 'solutions-device-6', NULL, '1', '2017-07-26 23:31:11', '2017-07-26 23:31:11', 'df6360a7-26f8-494e-811b-ba3786966361'),
 ('155', '155', 'en_us', 'solutions-device-7', NULL, '1', '2017-07-26 23:31:11', '2017-07-26 23:31:11', '69f6e8b8-816c-4b86-9ac4-4bf4d180a079'),
 ('156', '156', 'en_us', 'solutions-device-8', NULL, '1', '2017-07-26 23:31:11', '2017-07-26 23:31:11', 'ed253e8f-3136-4f32-99cd-e925c19b026e'),
 ('157', '157', 'en_us', 'solutions-device-9', NULL, '1', '2017-07-26 23:31:11', '2017-07-26 23:31:11', '715548d7-ac3b-4ec5-8d42-5d1d581e0fba'),
 ('158', '158', 'en_us', 'solutions-device-10', NULL, '1', '2017-07-26 23:31:12', '2017-07-26 23:31:12', 'd40abb3c-950e-454e-84b3-5a33a73e97bc'),
 ('159', '159', 'en_us', 'solutions-device-11', NULL, '1', '2017-07-26 23:31:12', '2017-07-26 23:31:12', '4275d4dd-737f-4711-a09a-91b4efff17f9'),
 ('160', '160', 'en_us', 'solutions-device-12', NULL, '1', '2017-07-26 23:31:12', '2017-07-26 23:31:12', 'ba19a74b-537a-496f-af4b-2d95d850ef69'),
 ('161', '161', 'en_us', 'solutions-device-13', NULL, '1', '2017-07-26 23:31:12', '2017-07-26 23:31:12', '19951487-5781-497c-9316-5ccc860e9c86'),
 ('162', '162', 'en_us', '', NULL, '1', '2017-07-26 23:33:33', '2017-07-26 23:52:20', 'dee723b5-2809-42b4-9ad8-e87cd7b71a3f'),
 ('163', '163', 'en_us', '', NULL, '1', '2017-07-26 23:33:33', '2017-07-26 23:52:20', '269fa33d-8875-411b-9ba3-5760cfe227ca'),
 ('164', '164', 'en_us', '', NULL, '1', '2017-07-26 23:33:33', '2017-07-26 23:52:20', '0483314f-fbdf-40a1-8acc-795634c373aa'),
 ('165', '165', 'en_us', '', NULL, '1', '2017-07-26 23:33:33', '2017-07-26 23:52:20', '7ea9cf84-4e36-49a9-9580-508a35f4a621'),
 ('166', '166', 'en_us', '', NULL, '1', '2017-07-26 23:33:33', '2017-07-26 23:52:20', '7fcb2dff-d1de-4b0c-9451-24c9736c8da9'),
 ('167', '167', 'en_us', '', NULL, '1', '2017-07-26 23:33:33', '2017-07-26 23:52:20', '463d791c-ac6e-4b0f-981b-8716f78d722e'),
 ('168', '168', 'en_us', '', NULL, '1', '2017-07-26 23:45:49', '2017-07-26 23:52:20', 'fe544527-9515-48e6-ba43-f23595a45737'),
 ('169', '169', 'en_us', '', NULL, '1', '2017-07-26 23:45:49', '2017-07-26 23:52:20', '73a8d227-53a1-4884-84d5-f3520363ab81'),
 ('170', '170', 'en_us', '', NULL, '1', '2017-07-26 23:45:49', '2017-07-26 23:52:20', '2432a672-f592-40c2-a869-0d7cee6ca727'),
 ('172', '172', 'en_us', 'ad-manager-2x', NULL, '1', '2017-07-27 17:17:05', '2017-07-27 17:17:05', '348177fc-bcbb-47ac-8678-3e036c62b857');



DROP TABLE IF EXISTS `craft_emailmessages`;


--
-- Schema for table `craft_emailmessages`
--
CREATE TABLE `craft_emailmessages` (
  `id` int(11) NOT NULL AUTO_INCREMENT,
  `key` char(150) COLLATE utf8_unicode_ci NOT NULL,
  `locale` char(12) COLLATE utf8_unicode_ci NOT NULL,
  `subject` varchar(1000) COLLATE utf8_unicode_ci NOT NULL,
  `body` text COLLATE utf8_unicode_ci NOT NULL,
  `dateCreated` datetime NOT NULL,
  `dateUpdated` datetime NOT NULL,
  `uid` char(36) COLLATE utf8_unicode_ci NOT NULL DEFAULT '0',
  PRIMARY KEY (`id`),
  UNIQUE KEY `craft_emailmessages_key_locale_unq_idx` (`key`,`locale`),
  KEY `craft_emailmessages_locale_fk` (`locale`)
) ENGINE=InnoDB DEFAULT CHARSET=utf8 COLLATE=utf8_unicode_ci;

DROP TABLE IF EXISTS `craft_entries`;


--
-- Schema for table `craft_entries`
--
CREATE TABLE `craft_entries` (
  `id` int(11) NOT NULL,
  `sectionId` int(11) NOT NULL,
  `typeId` int(11) DEFAULT NULL,
  `authorId` int(11) DEFAULT NULL,
  `postDate` datetime DEFAULT NULL,
  `expiryDate` datetime DEFAULT NULL,
  `dateCreated` datetime NOT NULL,
  `dateUpdated` datetime NOT NULL,
  `uid` char(36) COLLATE utf8_unicode_ci NOT NULL DEFAULT '0',
  PRIMARY KEY (`id`),
  KEY `craft_entries_sectionId_idx` (`sectionId`),
  KEY `craft_entries_typeId_idx` (`typeId`),
  KEY `craft_entries_postDate_idx` (`postDate`),
  KEY `craft_entries_expiryDate_idx` (`expiryDate`),
  KEY `craft_entries_authorId_fk` (`authorId`)
) ENGINE=InnoDB DEFAULT CHARSET=utf8 COLLATE=utf8_unicode_ci;

--
-- Data for table `craft_entries`
--

INSERT INTO `craft_entries` (`id`, `sectionId`, `typeId`, `authorId`, `postDate`, `expiryDate`, `dateCreated`, `dateUpdated`, `uid`) VALUES
 ('2', '1', NULL, NULL, '2017-07-20 17:27:58', NULL, '2017-07-20 17:27:59', '2017-07-20 17:27:59', '57d1c97d-ddbf-49fa-ba77-c7a9b5dbffcb'),
 ('3', '2', '2', '1', '2017-07-20 17:27:59', NULL, '2017-07-20 17:27:59', '2017-07-20 17:27:59', '467d7fb4-fb0c-4004-9e5a-b822a549e763'),
 ('4', '3', '3', '1', '2017-07-20 21:28:00', NULL, '2017-07-20 21:28:52', '2017-07-27 00:17:06', 'b48c3035-3e58-483f-bdb1-017fdd71b23a'),
 ('33', '4', '4', '1', '2017-07-21 23:29:00', NULL, '2017-07-21 23:29:50', '2017-07-26 22:26:19', '5653874d-adc6-47ad-9dd5-7a4600ce03ff'),
 ('98', '3', '3', '1', '2017-07-26 22:48:00', NULL, '2017-07-26 22:48:34', '2017-07-26 23:52:20', '98d04410-caf4-45b1-a997-5209496ca436');



DROP TABLE IF EXISTS `craft_entrydrafts`;


--
-- Schema for table `craft_entrydrafts`
--
CREATE TABLE `craft_entrydrafts` (
  `id` int(11) NOT NULL AUTO_INCREMENT,
  `entryId` int(11) NOT NULL,
  `sectionId` int(11) NOT NULL,
  `creatorId` int(11) NOT NULL,
  `locale` char(12) COLLATE utf8_unicode_ci NOT NULL,
  `name` varchar(255) COLLATE utf8_unicode_ci NOT NULL,
  `notes` tinytext COLLATE utf8_unicode_ci,
  `data` mediumtext COLLATE utf8_unicode_ci NOT NULL,
  `dateCreated` datetime NOT NULL,
  `dateUpdated` datetime NOT NULL,
  `uid` char(36) COLLATE utf8_unicode_ci NOT NULL DEFAULT '0',
  PRIMARY KEY (`id`),
  KEY `craft_entrydrafts_entryId_locale_idx` (`entryId`,`locale`),
  KEY `craft_entrydrafts_sectionId_fk` (`sectionId`),
  KEY `craft_entrydrafts_creatorId_fk` (`creatorId`),
  KEY `craft_entrydrafts_locale_fk` (`locale`)
) ENGINE=InnoDB DEFAULT CHARSET=utf8 COLLATE=utf8_unicode_ci;

DROP TABLE IF EXISTS `craft_entrytypes`;


--
-- Schema for table `craft_entrytypes`
--
CREATE TABLE `craft_entrytypes` (
  `id` int(11) NOT NULL AUTO_INCREMENT,
  `sectionId` int(11) NOT NULL,
  `fieldLayoutId` int(11) DEFAULT NULL,
  `name` varchar(255) COLLATE utf8_unicode_ci NOT NULL,
  `handle` varchar(255) COLLATE utf8_unicode_ci NOT NULL,
  `hasTitleField` tinyint(1) unsigned NOT NULL DEFAULT '1',
  `titleLabel` varchar(255) COLLATE utf8_unicode_ci DEFAULT 'Title',
  `titleFormat` varchar(255) COLLATE utf8_unicode_ci DEFAULT NULL,
  `sortOrder` smallint(6) unsigned DEFAULT NULL,
  `dateCreated` datetime NOT NULL,
  `dateUpdated` datetime NOT NULL,
  `uid` char(36) COLLATE utf8_unicode_ci NOT NULL DEFAULT '0',
  PRIMARY KEY (`id`),
  UNIQUE KEY `craft_entrytypes_name_sectionId_unq_idx` (`name`,`sectionId`),
  UNIQUE KEY `craft_entrytypes_handle_sectionId_unq_idx` (`handle`,`sectionId`),
  KEY `craft_entrytypes_sectionId_fk` (`sectionId`),
  KEY `craft_entrytypes_fieldLayoutId_fk` (`fieldLayoutId`)
) ENGINE=InnoDB AUTO_INCREMENT=5 DEFAULT CHARSET=utf8 COLLATE=utf8_unicode_ci;

--
-- Data for table `craft_entrytypes`
--

INSERT INTO `craft_entrytypes` (`id`, `sectionId`, `fieldLayoutId`, `name`, `handle`, `hasTitleField`, `titleLabel`, `titleFormat`, `sortOrder`, `dateCreated`, `dateUpdated`, `uid`) VALUES
 ('1', '1', '3', 'Homepage', 'homepage', '1', 'Title', NULL, '1', '2017-07-20 17:27:58', '2017-07-20 17:27:59', 'cfde94fb-19ea-4418-9c11-f6ed53a3c1bd'),
 ('2', '2', '5', 'News', 'news', '1', 'Title', NULL, '1', '2017-07-20 17:27:59', '2017-07-20 17:27:59', '98644a11-403a-4abc-97e6-0a0c8e025204'),
 ('3', '3', '1097', 'Page', 'page', '1', 'Title', NULL, '1', '2017-07-20 18:25:45', '2017-07-26 23:57:59', 'b1827d62-a45c-4559-8375-0fcf090b1ff6'),
 ('4', '4', '591', 'Success Stories', 'successStories', '1', 'Title', NULL, '1', '2017-07-20 21:27:22', '2017-07-21 23:26:56', '38eeec90-6df3-4dea-bd34-97e314e40646');



DROP TABLE IF EXISTS `craft_entryversions`;


--
-- Schema for table `craft_entryversions`
--
CREATE TABLE `craft_entryversions` (
  `id` int(11) NOT NULL AUTO_INCREMENT,
  `entryId` int(11) NOT NULL,
  `sectionId` int(11) NOT NULL,
  `creatorId` int(11) DEFAULT NULL,
  `locale` char(12) COLLATE utf8_unicode_ci NOT NULL,
  `num` smallint(6) unsigned NOT NULL,
  `notes` tinytext COLLATE utf8_unicode_ci,
  `data` mediumtext COLLATE utf8_unicode_ci NOT NULL,
  `dateCreated` datetime NOT NULL,
  `dateUpdated` datetime NOT NULL,
  `uid` char(36) COLLATE utf8_unicode_ci NOT NULL DEFAULT '0',
  PRIMARY KEY (`id`),
  KEY `craft_entryversions_entryId_locale_idx` (`entryId`,`locale`),
  KEY `craft_entryversions_sectionId_fk` (`sectionId`),
  KEY `craft_entryversions_creatorId_fk` (`creatorId`),
  KEY `craft_entryversions_locale_fk` (`locale`)
) ENGINE=InnoDB AUTO_INCREMENT=51 DEFAULT CHARSET=utf8 COLLATE=utf8_unicode_ci;

--
-- Data for table `craft_entryversions`
--

INSERT INTO `craft_entryversions` (`id`, `entryId`, `sectionId`, `creatorId`, `locale`, `num`, `notes`, `data`, `dateCreated`, `dateUpdated`, `uid`) VALUES
 ('1', '2', '1', '1', 'en_us', '1', NULL, '{\"typeId\":\"1\",\"authorId\":null,\"title\":\"Homepage\",\"slug\":\"homepage\",\"postDate\":1500571678,\"expiryDate\":null,\"enabled\":1,\"parentId\":null,\"fields\":[]}', '2017-07-20 17:27:59', '2017-07-20 17:27:59', '34d7ac85-60dd-480c-8bb7-4a1afa7738fe'),
 ('2', '2', '1', '1', 'en_us', '2', NULL, '{\"typeId\":null,\"authorId\":null,\"title\":\"Welcome to Snapchat.craft.dev!\",\"slug\":\"homepage\",\"postDate\":1500571678,\"expiryDate\":null,\"enabled\":\"1\",\"parentId\":null,\"fields\":{\"1\":\"<p>It\\u2019s true, this site doesn\\u2019t have a whole lot of content yet, but don\\u2019t worry. Our web developers have just installed the CMS, and they\\u2019re setting things up for the content editors this very moment. Soon Snapchat.craft.dev will be an oasis of fresh perspectives, sharp analyses, and astute opinions that will keep you coming back again and again.<\\/p>\"}}', '2017-07-20 17:27:59', '2017-07-20 17:27:59', 'a82373b1-f2ad-43de-a501-00c335ace1ea'),
 ('3', '3', '2', '1', 'en_us', '1', NULL, '{\"typeId\":\"2\",\"authorId\":\"1\",\"title\":\"We just installed Craft!\",\"slug\":\"we-just-installed-craft\",\"postDate\":1500571679,\"expiryDate\":null,\"enabled\":1,\"parentId\":null,\"fields\":[]}', '2017-07-20 17:27:59', '2017-07-20 17:27:59', '851a0141-393e-4b58-860c-be66f45cc2e1'),
 ('4', '4', '3', '1', 'en_us', '1', '', '{\"typeId\":null,\"authorId\":\"1\",\"title\":\"Solutions\",\"slug\":\"solutions\",\"postDate\":1500586132,\"expiryDate\":null,\"enabled\":1,\"parentId\":\"\",\"fields\":{\"15\":\"blue\",\"3\":\"\",\"7\":\"solutions\",\"16\":\"1\"}}', '2017-07-20 21:28:52', '2017-07-20 21:28:52', '956a6435-e430-4e40-a177-3bf1d0079330'),
 ('5', '4', '3', '1', 'en_us', '2', '', '{\"typeId\":\"3\",\"authorId\":\"1\",\"title\":\"Measurement\",\"slug\":\"solutions\",\"postDate\":1500586080,\"expiryDate\":null,\"enabled\":1,\"parentId\":\"\",\"fields\":{\"15\":\"blue\",\"3\":\"\",\"16\":\"1\",\"7\":\"measurement\"}}', '2017-07-20 22:09:39', '2017-07-20 22:09:39', 'e412b9a2-524e-4715-9f4d-d66a6737f898'),
 ('6', '4', '3', '1', 'en_us', '3', '', '{\"typeId\":\"3\",\"authorId\":\"1\",\"title\":\"Measurement\",\"slug\":\"solutions\",\"postDate\":1500586080,\"expiryDate\":null,\"enabled\":1,\"parentId\":\"\",\"fields\":{\"15\":\"blue\",\"3\":{\"new0\":{\"modified\":\"1\",\"type\":\"textBlock\",\"enabled\":\"1\",\"collapsed\":\"0\",\"level\":\"0\"},\"new1\":{\"modified\":\"1\",\"type\":\"headline\",\"enabled\":\"1\",\"collapsed\":\"0\",\"level\":\"1\",\"fields\":{\"cb_headline\":\"Successful ads drive your business forward\"}},\"new2\":{\"modified\":\"1\",\"type\":\"imageBesideCopy\",\"enabled\":\"1\",\"collapsed\":\"0\",\"level\":\"0\",\"fields\":{\"cb_image\":\"\",\"cb_imagePosition\":\"left\"}}},\"16\":\"1\",\"7\":\"measurement\"}}', '2017-07-20 22:19:42', '2017-07-20 22:19:42', '2ab55d86-ad26-4392-86eb-b5a4e728d8f4'),
 ('7', '4', '3', '1', 'en_us', '4', '', '{\"typeId\":\"3\",\"authorId\":\"1\",\"title\":\"Measurement\",\"slug\":\"solutions\",\"postDate\":1500586080,\"expiryDate\":null,\"enabled\":1,\"parentId\":\"\",\"fields\":{\"15\":\"blue\",\"3\":{\"5\":{\"modified\":\"1\",\"type\":\"textBlock\",\"enabled\":\"1\",\"collapsed\":\"0\",\"level\":\"0\"},\"6\":{\"modified\":\"1\",\"type\":\"headline\",\"enabled\":\"1\",\"collapsed\":\"0\",\"level\":\"1\",\"fields\":{\"cb_headline\":\"Successful ads drive your business forward\"}},\"7\":{\"modified\":\"1\",\"type\":\"imageBesideCopy\",\"enabled\":\"1\",\"collapsed\":\"0\",\"level\":\"0\",\"fields\":{\"cb_image\":[\"8\"],\"cb_imagePosition\":\"left\"}},\"new0\":{\"modified\":\"1\",\"type\":\"copyBlock\",\"enabled\":\"1\",\"collapsed\":\"0\",\"level\":\"1\",\"fields\":{\"cb_headline\":\"Snap Ad Reporting\",\"cb_copyBody\":\"Monitor your campaigns in real-time, identify key performance trends, and optimize towards your goals.\"}},\"new1\":{\"modified\":\"1\",\"type\":\"ctaButton\",\"enabled\":\"1\",\"collapsed\":\"0\",\"level\":\"2\",\"fields\":{\"cb_copyCta\":{\"type\":\"custom\",\"custom\":\"https:\\/\\/businesshelp.snapchat.com\\/en-US\\/a\\/metrics\",\"entry\":\"\",\"customText\":\"Learn More\",\"target\":\"\"},\"cb_copyCtaType\":\"primary\"}}},\"16\":\"1\",\"7\":\"measurement\"}}', '2017-07-20 22:21:21', '2017-07-20 22:21:21', '8c59f332-546d-45cc-b65d-f89d81270efc'),
 ('8', '4', '3', '1', 'en_us', '5', '', '{\"typeId\":\"3\",\"authorId\":\"1\",\"title\":\"Measurement\",\"slug\":\"solutions\",\"postDate\":1500586080,\"expiryDate\":null,\"enabled\":1,\"parentId\":\"\",\"fields\":{\"15\":\"blue\",\"3\":{\"5\":{\"modified\":\"1\",\"type\":\"textBlock\",\"enabled\":\"1\",\"collapsed\":\"0\",\"level\":\"0\"},\"6\":{\"modified\":\"1\",\"type\":\"headline\",\"enabled\":\"1\",\"collapsed\":\"0\",\"level\":\"1\",\"fields\":{\"cb_headline\":\"Successful ads drive your business forward\"}},\"7\":{\"modified\":\"1\",\"type\":\"imageBesideCopy\",\"enabled\":\"1\",\"collapsed\":\"0\",\"level\":\"0\",\"fields\":{\"cb_image\":[\"8\"],\"cb_imagePosition\":\"left\"}},\"9\":{\"modified\":\"1\",\"type\":\"copyBlock\",\"enabled\":\"1\",\"collapsed\":\"0\",\"level\":\"1\",\"fields\":{\"cb_headline\":\"Snap Ad Reporting\",\"cb_copyBody\":\"Monitor your campaigns in real-time, identify key performance trends, and optimize towards your goals.\"}},\"10\":{\"modified\":\"1\",\"type\":\"ctaButton\",\"enabled\":\"1\",\"collapsed\":\"0\",\"level\":\"2\",\"fields\":{\"cb_copyCta\":{\"type\":\"custom\",\"custom\":\"https:\\/\\/businesshelp.snapchat.com\\/en-US\\/a\\/metrics\",\"entry\":\"\",\"customText\":\"Learn More\",\"target\":\"\"},\"cb_copyCtaType\":\"primary\"}}},\"16\":\"1\",\"7\":\"measurement\"}}', '2017-07-20 22:27:36', '2017-07-20 22:27:36', 'a2b8095b-a1e0-4cd9-b9d9-7d2f188621b7'),
 ('9', '4', '3', '1', 'en_us', '6', '', '{\"typeId\":\"3\",\"authorId\":\"1\",\"title\":\"Measurement\",\"slug\":\"solutions\",\"postDate\":1500586080,\"expiryDate\":null,\"enabled\":1,\"parentId\":\"\",\"fields\":{\"15\":\"blue\",\"3\":{\"5\":{\"modified\":\"1\",\"type\":\"textBlock\",\"enabled\":\"1\",\"collapsed\":\"0\",\"level\":\"0\",\"fields\":{\"alignment\":\"alignCenter\"}},\"6\":{\"modified\":\"1\",\"type\":\"headline\",\"enabled\":\"1\",\"collapsed\":\"0\",\"level\":\"1\",\"fields\":{\"cb_headline\":\"Successful ads drive your business forward\"}},\"9\":{\"modified\":\"1\",\"type\":\"copyBlock\",\"enabled\":\"1\",\"collapsed\":\"0\",\"level\":\"1\",\"fields\":{\"cb_headline\":\"Snap Ad Reporting\",\"cb_copyBody\":\"Monitor your campaigns in real-time, identify key performance trends, and optimize towards your goals.\"}},\"10\":{\"modified\":\"1\",\"type\":\"ctaButton\",\"enabled\":\"1\",\"collapsed\":\"0\",\"level\":\"2\",\"fields\":{\"cb_copyCta\":{\"type\":\"custom\",\"custom\":\"https:\\/\\/businesshelp.snapchat.com\\/en-US\\/a\\/metrics\",\"entry\":\"\",\"customText\":\"Learn More\",\"target\":\"_blank\"},\"cb_copyCtaType\":\"primary\"}},\"new0\":{\"modified\":\"1\",\"type\":\"imageBesideText\",\"enabled\":\"1\",\"collapsed\":\"0\",\"level\":\"0\",\"fields\":{\"cb_image\":[\"8\"],\"cb_imagePosition\":\"left\"}},\"new1\":{\"modified\":\"1\",\"type\":\"copyBlock\",\"enabled\":\"1\",\"collapsed\":\"0\",\"level\":\"1\",\"fields\":{\"cb_headline\":\"Snap Ad Reporting\",\"cb_copyBody\":\"Monitor your campaigns in real-time, identify key performance trends, and optimize towards your goals.\"}},\"new2\":{\"modified\":\"1\",\"type\":\"ctaButton\",\"enabled\":\"1\",\"collapsed\":\"0\",\"level\":\"2\",\"fields\":{\"cb_copyCta\":{\"type\":\"custom\",\"custom\":\"https:\\/\\/businesshelp.snapchat.com\\/en-US\\/a\\/metrics\",\"entry\":\"\",\"customText\":\"Learn More\",\"target\":\"_blank\"},\"cb_copyCtaType\":\"primary\"}}},\"16\":\"1\",\"7\":\"measurement\"}}', '2017-07-20 22:29:40', '2017-07-20 22:29:40', '65b87689-d420-44da-9b99-8ed06d8e1639'),
 ('10', '4', '3', '1', 'en_us', '7', '', '{\"typeId\":\"3\",\"authorId\":\"1\",\"title\":\"Measurement\",\"slug\":\"solutions\",\"postDate\":1500586080,\"expiryDate\":null,\"enabled\":1,\"parentId\":\"\",\"fields\":{\"15\":\"blue\",\"3\":{\"5\":{\"modified\":\"1\",\"type\":\"textBlock\",\"enabled\":\"1\",\"collapsed\":\"0\",\"level\":\"0\",\"fields\":{\"alignment\":\"alignCenter\",\"cb_sectionBackgroundColor\":\"gray\"}},\"6\":{\"modified\":\"1\",\"type\":\"headline\",\"enabled\":\"1\",\"collapsed\":\"0\",\"level\":\"1\",\"fields\":{\"cb_headline\":\"Successful ads drive your business forward\"}},\"11\":{\"modified\":\"1\",\"type\":\"imageBesideText\",\"enabled\":\"1\",\"collapsed\":\"0\",\"level\":\"0\",\"fields\":{\"cb_image\":[\"8\"],\"cb_imageLocation\":\"left\",\"cb_sectionBackgroundColor\":\"white\"}},\"12\":{\"modified\":\"1\",\"type\":\"copyBlock\",\"enabled\":\"1\",\"collapsed\":\"0\",\"level\":\"1\",\"fields\":{\"cb_headline\":\"Snap Ad Reporting\",\"cb_copyBody\":\"Monitor your campaigns in real-time, identify key performance trends, and optimize towards your goals.\"}},\"13\":{\"modified\":\"1\",\"type\":\"ctaButton\",\"enabled\":\"1\",\"collapsed\":\"0\",\"level\":\"2\",\"fields\":{\"cb_copyCta\":{\"type\":\"custom\",\"custom\":\"https:\\/\\/businesshelp.snapchat.com\\/en-US\\/a\\/metrics\",\"entry\":\"\",\"customText\":\"Learn More\",\"target\":\"_blank\"},\"cb_copyCtaType\":\"primary\"}}},\"16\":\"1\",\"7\":\"measurement\"}}', '2017-07-20 22:37:43', '2017-07-20 22:37:43', '36da794f-e402-4ddd-9983-a93e8bd3c5ee'),
 ('11', '4', '3', '1', 'en_us', '8', '', '{\"typeId\":\"3\",\"authorId\":\"1\",\"title\":\"Measurement\",\"slug\":\"measurement\",\"postDate\":1500586080,\"expiryDate\":null,\"enabled\":1,\"parentId\":\"\",\"fields\":{\"15\":\"blue\",\"3\":{\"5\":{\"modified\":\"1\",\"type\":\"textBlock\",\"enabled\":\"1\",\"collapsed\":\"0\",\"level\":\"0\",\"fields\":{\"alignment\":\"alignCenter\",\"cb_sectionBackgroundColor\":\"gray\"}},\"6\":{\"modified\":\"1\",\"type\":\"headline\",\"enabled\":\"1\",\"collapsed\":\"0\",\"level\":\"1\",\"fields\":{\"cb_headline\":\"Successful ads drive your business forward\"}},\"11\":{\"modified\":\"1\",\"type\":\"imageBesideText\",\"enabled\":\"1\",\"collapsed\":\"0\",\"level\":\"0\",\"fields\":{\"cb_image\":[\"8\"],\"cb_imageLocation\":\"left\",\"cb_sectionBackgroundColor\":\"white\"}},\"12\":{\"modified\":\"1\",\"type\":\"copyBlock\",\"enabled\":\"1\",\"collapsed\":\"0\",\"level\":\"1\",\"fields\":{\"cb_headline\":\"Snap Ad Reporting\",\"cb_copyBody\":\"Monitor your campaigns in real-time, identify key performance trends, and optimize towards your goals.\"}},\"13\":{\"modified\":\"1\",\"type\":\"ctaButton\",\"enabled\":\"1\",\"collapsed\":\"0\",\"level\":\"2\",\"fields\":{\"cb_copyCta\":{\"type\":\"custom\",\"custom\":\"https:\\/\\/businesshelp.snapchat.com\\/en-US\\/a\\/metrics\",\"entry\":\"\",\"customText\":\"Learn More\",\"target\":\"_blank\"},\"cb_copyCtaType\":\"primary\"}}},\"16\":\"1\",\"7\":\"measurement\"}}', '2017-07-20 22:38:43', '2017-07-20 22:38:43', 'dad185da-3edf-477a-b626-5b7aa61ef6ec'),
 ('12', '4', '3', '1', 'en_us', '9', '', '{\"typeId\":\"3\",\"authorId\":\"1\",\"title\":\"Measurement\",\"slug\":\"measurement\",\"postDate\":1500586080,\"expiryDate\":null,\"enabled\":1,\"parentId\":\"\",\"fields\":{\"15\":\"blue\",\"3\":{\"5\":{\"modified\":\"1\",\"type\":\"textBlock\",\"enabled\":\"1\",\"collapsed\":\"0\",\"level\":\"0\",\"fields\":{\"alignment\":\"alignCenter\",\"cb_sectionBackgroundColor\":\"gray\",\"cb_sectionPaddingTop\":\"normal\",\"sectionPaddingBottom\":\"half\"}},\"6\":{\"modified\":\"1\",\"type\":\"headline\",\"enabled\":\"1\",\"collapsed\":\"0\",\"level\":\"1\",\"fields\":{\"cb_headline\":\"Successful ads drive your business forward\"}},\"11\":{\"modified\":\"1\",\"type\":\"imageBesideText\",\"enabled\":\"1\",\"collapsed\":\"0\",\"level\":\"0\",\"fields\":{\"cb_image\":[\"8\"],\"cb_imageLocation\":\"left\",\"cb_sectionBackgroundColor\":\"white\",\"cb_sectionPaddingTop\":\"none\",\"sectionPaddingBottom\":\"normal\"}},\"12\":{\"modified\":\"1\",\"type\":\"copyBlock\",\"enabled\":\"1\",\"collapsed\":\"0\",\"level\":\"1\",\"fields\":{\"cb_headline\":\"Snap Ad Reporting\",\"cb_copyBody\":\"Monitor your campaigns in real-time, identify key performance trends, and optimize towards your goals.\"}},\"13\":{\"modified\":\"1\",\"type\":\"ctaButton\",\"enabled\":\"1\",\"collapsed\":\"0\",\"level\":\"2\",\"fields\":{\"cb_copyCta\":{\"type\":\"custom\",\"custom\":\"https:\\/\\/businesshelp.snapchat.com\\/en-US\\/a\\/metrics\",\"entry\":\"\",\"customText\":\"Learn More\",\"target\":\"_blank\"},\"cb_copyCtaType\":\"primary\"}}},\"16\":\"1\",\"7\":\"measurement\"}}', '2017-07-20 22:44:58', '2017-07-20 22:44:58', '28374c7d-1210-4bc7-80fd-1fe11ba44385'),
 ('13', '4', '3', '1', 'en_us', '10', '', '{\"typeId\":\"3\",\"authorId\":\"1\",\"title\":\"Measurement\",\"slug\":\"measurement\",\"postDate\":1500586080,\"expiryDate\":null,\"enabled\":1,\"parentId\":\"\",\"fields\":{\"15\":\"blue\",\"3\":{\"5\":{\"modified\":\"1\",\"type\":\"textBlock\",\"enabled\":\"1\",\"collapsed\":\"0\",\"level\":\"0\",\"fields\":{\"alignment\":\"alignCenter\",\"cb_sectionBackgroundColor\":\"gray\",\"cb_sectionPaddingTop\":\"normal\",\"sectionPaddingBottom\":\"half\"}},\"6\":{\"modified\":\"1\",\"type\":\"headline\",\"enabled\":\"1\",\"collapsed\":\"0\",\"level\":\"1\",\"fields\":{\"cb_headline\":\"Successful ads drive your business forward\"}},\"11\":{\"modified\":\"1\",\"type\":\"imageBesideText\",\"enabled\":\"1\",\"collapsed\":\"0\",\"level\":\"0\",\"fields\":{\"cb_image\":[\"8\"],\"cb_imageLocation\":\"left\",\"cb_sectionBackgroundColor\":\"white\",\"cb_sectionPaddingTop\":\"none\",\"sectionPaddingBottom\":\"normal\"}},\"12\":{\"modified\":\"1\",\"type\":\"copyBlock\",\"enabled\":\"1\",\"collapsed\":\"0\",\"level\":\"1\",\"fields\":{\"cb_headline\":\"Snap Ad Reporting\",\"cb_copyBody\":\"Monitor your campaigns in real-time, identify key performance trends, and optimize towards your goals.\"}},\"13\":{\"modified\":\"1\",\"type\":\"ctaButton\",\"enabled\":\"1\",\"collapsed\":\"0\",\"level\":\"2\",\"fields\":{\"cb_copyCta\":{\"type\":\"custom\",\"custom\":\"https:\\/\\/businesshelp.snapchat.com\\/en-US\\/a\\/metrics\",\"entry\":\"\",\"customText\":\"Learn More\",\"target\":\"_blank\"},\"cb_copyCtaType\":\"primary\"}},\"new0\":{\"modified\":\"1\",\"type\":\"imageCardGrid\",\"enabled\":\"1\",\"collapsed\":\"0\",\"level\":\"0\",\"fields\":{\"cb_sectionBackgroundColor\":\"white\",\"cb_sectionPaddingTop\":\"normal\",\"sectionPaddingBottom\":\"normal\"}},\"new1\":{\"modified\":\"1\",\"type\":\"imageCardRow\",\"enabled\":\"1\",\"collapsed\":\"0\",\"level\":\"1\"},\"new2\":{\"modified\":\"1\",\"type\":\"imageCard\",\"enabled\":\"1\",\"collapsed\":\"0\",\"level\":\"2\",\"fields\":{\"cb_cardImage\":[\"14\"],\"cb_cardHeadline\":\"Reach a unique audience\",\"cb_cardBody\":\"\"}},\"new3\":{\"modified\":\"1\",\"type\":\"imageCard\",\"enabled\":\"1\",\"collapsed\":\"0\",\"level\":\"2\",\"fields\":{\"cb_cardImage\":[\"15\"],\"cb_cardHeadline\":\"Grow your business\",\"cb_cardBody\":\"\"}},\"new4\":{\"modified\":\"1\",\"type\":\"imageCard\",\"enabled\":\"1\",\"collapsed\":\"0\",\"level\":\"2\",\"fields\":{\"cb_cardImage\":[\"16\"],\"cb_cardHeadline\":\"Get results and optimize your campaign\",\"cb_cardBody\":\"\"}}},\"16\":\"1\",\"7\":\"measurement\"}}', '2017-07-20 22:51:00', '2017-07-20 22:51:00', '9db75c43-9e15-451c-b598-0651e156e42f'),
 ('17', '4', '3', '1', 'en_us', '11', '', '{\"typeId\":\"3\",\"authorId\":\"1\",\"title\":\"Measurement\",\"slug\":\"measurement\",\"postDate\":1500586080,\"expiryDate\":null,\"enabled\":1,\"parentId\":\"\",\"fields\":{\"15\":\"blue\",\"3\":{\"6\":{\"modified\":\"1\",\"type\":\"headline\",\"enabled\":\"1\",\"collapsed\":\"0\",\"level\":\"0\",\"fields\":{\"cb_headline\":\"Successful ads drive your business forward\"}},\"11\":{\"modified\":\"1\",\"type\":\"imageBesideText\",\"enabled\":\"1\",\"collapsed\":\"0\",\"level\":\"0\",\"fields\":{\"cb_image\":[\"8\"],\"cb_imageLocation\":\"left\",\"cb_sectionBackgroundColor\":\"white\",\"cb_sectionPaddingTop\":\"none\",\"cb_sectionPaddingBottom\":\"normal\"}}},\"16\":\"1\",\"7\":\"measurement\"}}', '2017-07-21 19:55:54', '2017-07-21 19:55:54', '65b0f04a-e4be-4c68-b4a5-66b255b7fd97'),
 ('18', '4', '3', '1', 'en_us', '12', '', '{\"typeId\":\"3\",\"authorId\":\"1\",\"title\":\"Measurement\",\"slug\":\"measurement\",\"postDate\":1500586080,\"expiryDate\":null,\"enabled\":1,\"parentId\":\"\",\"fields\":{\"15\":\"blue\",\"3\":{\"6\":{\"modified\":\"1\",\"type\":\"headline\",\"enabled\":\"1\",\"collapsed\":\"0\",\"level\":\"0\",\"fields\":{\"cb_headline\":\"Successful ads drive your business forward\"}},\"11\":{\"modified\":\"1\",\"type\":\"imageBesideText\",\"enabled\":\"1\",\"collapsed\":\"0\",\"level\":\"0\",\"fields\":{\"cb_image\":[\"8\"],\"cb_imageLocation\":\"left\",\"cb_sectionBackgroundColor\":\"white\",\"cb_sectionPaddingTop\":\"none\",\"cb_sectionPaddingBottom\":\"normal\"}}},\"16\":\"1\",\"7\":\"measurement\"}}', '2017-07-21 19:56:32', '2017-07-21 19:56:32', 'c880405e-600a-45de-91d1-cd714675b7ef'),
 ('19', '4', '3', '1', 'en_us', '13', '', '{\"typeId\":\"3\",\"authorId\":\"1\",\"title\":\"Measurement\",\"slug\":\"measurement\",\"postDate\":1500586080,\"expiryDate\":null,\"enabled\":1,\"parentId\":\"\",\"fields\":{\"15\":\"blue\",\"3\":{\"11\":{\"modified\":\"1\",\"type\":\"imageBesideText\",\"enabled\":\"1\",\"collapsed\":\"0\",\"level\":\"0\",\"fields\":{\"cb_image\":[\"8\"],\"cb_imageLocation\":\"left\",\"cb_sectionBackgroundColor\":\"white\",\"cb_sectionPaddingTop\":\"none\",\"cb_sectionPaddingBottom\":\"normal\"}}},\"16\":\"1\",\"7\":\"measurement\"}}', '2017-07-21 20:25:55', '2017-07-21 20:25:55', '4f653621-4714-4f5a-82f0-18e7ad0397eb'),
 ('20', '4', '3', '1', 'en_us', '14', '', '{\"typeId\":\"3\",\"authorId\":\"1\",\"title\":\"Measurement\",\"slug\":\"measurement\",\"postDate\":1500586080,\"expiryDate\":null,\"enabled\":1,\"parentId\":\"\",\"fields\":{\"15\":\"blue\",\"3\":\"\",\"16\":\"1\",\"7\":\"measurement\"}}', '2017-07-21 20:45:31', '2017-07-21 20:45:31', 'fb7dfc6c-3833-4193-881a-2ad7d91c53d5'),
 ('21', '4', '3', '1', 'en_us', '15', '', '{\"typeId\":\"3\",\"authorId\":\"1\",\"title\":\"Measurement\",\"slug\":\"measurement\",\"postDate\":1500586080,\"expiryDate\":null,\"enabled\":1,\"parentId\":\"\",\"fields\":{\"15\":\"blue\",\"3\":\"\",\"16\":\"1\",\"7\":\"measurement\"}}', '2017-07-21 20:51:21', '2017-07-21 20:51:21', '11f5e681-45d1-434f-8f8b-744658734f3e'),
 ('22', '4', '3', '1', 'en_us', '16', '', '{\"typeId\":\"3\",\"authorId\":\"1\",\"title\":\"Measurement\",\"slug\":\"measurement\",\"postDate\":1500586080,\"expiryDate\":null,\"enabled\":1,\"parentId\":\"\",\"fields\":{\"15\":\"blue\",\"3\":{\"new0\":{\"modified\":\"1\",\"type\":\"cb_section\",\"enabled\":\"1\",\"collapsed\":\"0\",\"level\":\"0\",\"fields\":{\"cb_sectionTitle\":\"\",\"cb_sectionBackgroundColor\":\"white\"}},\"new1\":{\"modified\":\"1\",\"type\":\"imageCardGrid\",\"enabled\":\"1\",\"collapsed\":\"0\",\"level\":\"1\",\"fields\":{\"cb_chillahTooltip\":{\"new1\":{\"type\":\"tooltip\",\"enabled\":\"1\",\"fields\":{\"chillah\":\"\",\"tooltipText\":\"\",\"location\":\"topLeft\"}}}}}},\"16\":\"1\",\"7\":\"measurement\"}}', '2017-07-21 21:55:40', '2017-07-21 21:55:40', '599d95e9-34f6-4abc-a3cb-51ac8d291a3c'),
 ('23', '4', '3', '1', 'en_us', '17', '', '{\"typeId\":\"3\",\"authorId\":\"1\",\"title\":\"Measurement\",\"slug\":\"measurement\",\"postDate\":1500586080,\"expiryDate\":null,\"enabled\":1,\"parentId\":\"\",\"fields\":{\"15\":\"blue\",\"3\":\"\",\"16\":\"1\",\"7\":\"measurement\"}}', '2017-07-21 22:47:26', '2017-07-21 22:47:26', '276c9e81-8f38-406c-aa0f-298b2b5c17fb'),
 ('24', '33', '4', '1', 'en_us', '1', '', '{\"typeId\":null,\"authorId\":\"1\",\"title\":\"AB InBev\",\"slug\":\"ab-inbev\",\"postDate\":1500679790,\"expiryDate\":null,\"enabled\":1,\"parentId\":\"\",\"fields\":{\"41\":\"AB InBev\",\"39\":\"Success Story\",\"40\":\"#a91622\",\"38\":\"\",\"43\":\"\",\"42\":\"On average, Snapchatters spent 30 seconds playing Anheuser Busch InBev\'s Bud Bowl game in its Snap Ad Web View.\"}}', '2017-07-21 23:29:50', '2017-07-21 23:29:50', '5c5266c9-0106-4f5d-b9c9-9c34b9a5ea28'),
 ('25', '4', '3', '1', 'en_us', '18', '', '{\"typeId\":\"3\",\"authorId\":\"1\",\"title\":\"Measurement\",\"slug\":\"measurement\",\"postDate\":1500586080,\"expiryDate\":null,\"enabled\":1,\"parentId\":\"\",\"fields\":{\"15\":\"orange\",\"3\":{\"new0\":{\"modified\":\"1\",\"type\":\"cb_section\",\"enabled\":\"1\",\"collapsed\":\"0\",\"level\":\"0\",\"fields\":{\"cb_sectionTitle\":\"Overview\",\"cb_sectionBackgroundColor\":\"lightGray\"}},\"new1\":{\"modified\":\"1\",\"type\":\"centeredHeadline\",\"enabled\":\"1\",\"collapsed\":\"0\",\"level\":\"1\",\"fields\":{\"cb_headline\":\"Successful ads drive your business forward\"}},\"new2\":{\"modified\":\"1\",\"type\":\"imageBesideText\",\"enabled\":\"1\",\"collapsed\":\"0\",\"level\":\"1\",\"fields\":{\"cb_image\":[\"8\"],\"cb_imageLocation\":\"left\",\"cb_headline\":\"Snap Ad Reporting\",\"cb_paragraph\":\"Monitor your campaigns in real-time, identify key performance trends, and optimize towards your goals.\"}},\"new3\":{\"modified\":\"1\",\"type\":\"ctaButton\",\"enabled\":\"1\",\"collapsed\":\"0\",\"level\":\"2\",\"fields\":{\"cb_copyCta\":{\"type\":\"custom\",\"custom\":\"https:\\/\\/businesshelp.snapchat.com\\/en-US\\/a\\/metrics\",\"entry\":\"\",\"customText\":\"Learn More\",\"target\":\"_blank\"},\"cb_copyCtaType\":\"primary\"}}},\"16\":\"1\",\"7\":\"measurement\"}}', '2017-07-26 20:51:40', '2017-07-26 20:51:40', 'b42ab17c-c977-4e67-84a4-28bc04efe096'),
 ('26', '4', '3', '1', 'en_us', '19', '', '{\"typeId\":\"3\",\"authorId\":\"1\",\"title\":\"Measurement\",\"slug\":\"measurement\",\"postDate\":1500586080,\"expiryDate\":null,\"enabled\":1,\"parentId\":\"\",\"fields\":{\"15\":\"orange\",\"3\":{\"34\":{\"modified\":\"1\",\"type\":\"cb_section\",\"enabled\":\"1\",\"collapsed\":\"0\",\"level\":\"0\",\"fields\":{\"cb_sectionTitle\":\"Overview\",\"cb_sectionBackgroundColor\":\"lightGray\"}},\"35\":{\"modified\":\"1\",\"type\":\"centeredHeadline\",\"enabled\":\"1\",\"collapsed\":\"0\",\"level\":\"1\",\"fields\":{\"cb_headline\":\"Successful ads drive your business forward\"}},\"36\":{\"modified\":\"1\",\"type\":\"imageBesideText\",\"enabled\":\"1\",\"collapsed\":\"0\",\"level\":\"1\",\"fields\":{\"cb_image\":[\"8\"],\"cb_imageLocation\":\"left\",\"cb_headline\":\"Snap Ad Reporting\",\"cb_paragraph\":\"Monitor your campaigns in real-time, identify key performance trends, and optimize towards your goals.\"}},\"37\":{\"modified\":\"1\",\"type\":\"ctaButton\",\"enabled\":\"1\",\"collapsed\":\"0\",\"level\":\"2\",\"fields\":{\"cb_button\":{\"type\":\"custom\",\"custom\":\"https:\\/\\/businesshelp.snapchat.com\\/en-US\\/a\\/metrics\",\"entry\":\"\",\"customText\":\"Learn More\",\"target\":\"_blank\"},\"cb_buttonStyle\":\"primary\",\"cb_buttonColor\":\"orange\"}},\"new0\":{\"modified\":\"1\",\"type\":\"cb_section\",\"enabled\":\"1\",\"collapsed\":\"0\",\"level\":\"0\",\"fields\":{\"cb_sectionTitle\":\"Filter Reporting\",\"cb_sectionBackgroundColor\":\"white\"}},\"new1\":{\"modified\":\"1\",\"type\":\"imageBesideText\",\"enabled\":\"1\",\"collapsed\":\"0\",\"level\":\"1\",\"fields\":{\"cb_image\":[\"38\"],\"cb_imageLocation\":\"right\",\"cb_headline\":\"Filter Reporting\",\"cb_paragraph\":\"Track filter performance and optimize your campaign by location.\"}},\"new2\":{\"modified\":\"1\",\"type\":\"ctaButton\",\"enabled\":\"1\",\"collapsed\":\"0\",\"level\":\"2\",\"fields\":{\"cb_button\":{\"type\":\"custom\",\"custom\":\"https:\\/\\/businesshelp.snapchat.com\\/en-US\\/a\\/geofilter-metrics\",\"entry\":\"\",\"customText\":\"Learn More\",\"target\":\"_blank\"},\"cb_buttonStyle\":\"primary\",\"cb_buttonColor\":\"orange\"}},\"new4\":{\"modified\":\"1\",\"type\":\"cb_section\",\"enabled\":\"1\",\"collapsed\":\"0\",\"level\":\"0\",\"fields\":{\"cb_sectionTitle\":\"Measurement Philosophy\",\"cb_sectionBackgroundColor\":\"lightGray\"}},\"new6\":{\"modified\":\"1\",\"type\":\"centeredHeadline\",\"enabled\":\"1\",\"collapsed\":\"0\",\"level\":\"1\",\"fields\":{\"cb_headline\":\"Know exactly how your ads perform\"}},\"new5\":{\"modified\":\"1\",\"type\":\"imageCardGrid\",\"enabled\":\"1\",\"collapsed\":\"0\",\"level\":\"1\",\"fields\":{\"cb_chillahTooltip\":\"\"}}},\"16\":\"1\",\"7\":\"measurement\"}}', '2017-07-26 21:04:17', '2017-07-26 21:04:17', '324d861c-fb07-48c3-9333-c9c7c7b24d12'),
 ('27', '4', '3', '1', 'en_us', '20', '', '{\"typeId\":\"3\",\"authorId\":\"1\",\"title\":\"Measurement\",\"slug\":\"measurement\",\"postDate\":1500586080,\"expiryDate\":null,\"enabled\":1,\"parentId\":\"\",\"fields\":{\"15\":\"orange\",\"3\":{\"34\":{\"modified\":\"1\",\"type\":\"cb_section\",\"enabled\":\"1\",\"collapsed\":\"0\",\"level\":\"0\",\"fields\":{\"cb_sectionTitle\":\"Overview\",\"cb_sectionBackgroundColor\":\"lightGray\"}},\"35\":{\"modified\":\"1\",\"type\":\"centeredTextLockup\",\"enabled\":\"1\",\"collapsed\":\"0\",\"level\":\"1\"},\"new0\":{\"modified\":\"1\",\"type\":\"headline\",\"enabled\":\"1\",\"collapsed\":\"0\",\"level\":\"2\",\"fields\":{\"cb_headline\":\"Successful ads drive your business forward\"}},\"36\":{\"modified\":\"1\",\"type\":\"imageBesideText\",\"enabled\":\"1\",\"collapsed\":\"0\",\"level\":\"1\",\"fields\":{\"cb_image\":[\"8\"],\"cb_imageLocation\":\"left\",\"cb_headline\":\"Snap Ad Reporting\",\"cb_paragraph\":\"Monitor your campaigns in real-time, identify key performance trends, and optimize towards your goals.\"}},\"37\":{\"modified\":\"1\",\"type\":\"primaryButton\",\"enabled\":\"1\",\"collapsed\":\"0\",\"level\":\"2\",\"fields\":{\"cb_button\":{\"type\":\"custom\",\"custom\":\"https:\\/\\/businesshelp.snapchat.com\\/en-US\\/a\\/metrics\",\"entry\":\"\",\"customText\":\"Learn More\",\"target\":\"_blank\"},\"cb_buttonColor\":\"orange\"}},\"39\":{\"modified\":\"1\",\"type\":\"cb_section\",\"enabled\":\"1\",\"collapsed\":\"0\",\"level\":\"0\",\"fields\":{\"cb_sectionTitle\":\"Filter Reporting\",\"cb_sectionBackgroundColor\":\"white\"}},\"40\":{\"modified\":\"1\",\"type\":\"imageBesideText\",\"enabled\":\"1\",\"collapsed\":\"0\",\"level\":\"1\",\"fields\":{\"cb_image\":[\"38\"],\"cb_imageLocation\":\"right\",\"cb_headline\":\"Filter Reporting\",\"cb_paragraph\":\"Track filter performance and optimize your campaign by location.\"}},\"41\":{\"modified\":\"1\",\"type\":\"primaryButton\",\"enabled\":\"1\",\"collapsed\":\"0\",\"level\":\"2\",\"fields\":{\"cb_button\":{\"type\":\"custom\",\"custom\":\"https:\\/\\/businesshelp.snapchat.com\\/en-US\\/a\\/geofilter-metrics\",\"entry\":\"\",\"customText\":\"Learn More\",\"target\":\"_blank\"},\"cb_buttonColor\":\"orange\"}},\"42\":{\"modified\":\"1\",\"type\":\"cb_section\",\"enabled\":\"1\",\"collapsed\":\"0\",\"level\":\"0\",\"fields\":{\"cb_sectionTitle\":\"Measurement Philosophy\",\"cb_sectionBackgroundColor\":\"lightGray\"}},\"43\":{\"modified\":\"1\",\"type\":\"centeredTextLockup\",\"enabled\":\"1\",\"collapsed\":\"0\",\"level\":\"1\"},\"new1\":{\"modified\":\"1\",\"type\":\"headline\",\"enabled\":\"1\",\"collapsed\":\"0\",\"level\":\"2\",\"fields\":{\"cb_headline\":\"Know exactly how your ads perform\"}},\"new2\":{\"modified\":\"1\",\"type\":\"paragraph\",\"enabled\":\"1\",\"collapsed\":\"0\",\"level\":\"2\",\"fields\":{\"cb_paragraph\":\"We provide structure and transparency to help you drive results.\"}},\"44\":{\"modified\":\"1\",\"type\":\"imageCardGrid\",\"enabled\":\"1\",\"collapsed\":\"0\",\"level\":\"1\",\"fields\":{\"cb_chillahTooltip\":\"\"}},\"new3\":{\"modified\":\"1\",\"type\":\"imageCardRow\",\"enabled\":\"1\",\"collapsed\":\"0\",\"level\":\"2\"},\"new4\":{\"modified\":\"1\",\"type\":\"imageCard\",\"enabled\":\"1\",\"collapsed\":\"0\",\"level\":\"3\",\"fields\":{\"cb_cardImage\":[\"49\"],\"cb_cardHeadline\":\"Verification\",\"cb_cardBody\":\"We confirm how many times your ad was served, and offer tracking support from MRC-accredited third parties.\"}},\"new5\":{\"modified\":\"1\",\"type\":\"imageCard\",\"enabled\":\"1\",\"collapsed\":\"0\",\"level\":\"3\",\"fields\":{\"cb_cardImage\":[\"50\"],\"cb_cardHeadline\":\"Viewability\",\"cb_cardBody\":\"We offer first and third-party metrics for how much attention your ads receive, including support for MRC viewability metrics.\"}},\"new6\":{\"modified\":\"1\",\"type\":\"imageCardRow\",\"enabled\":\"1\",\"collapsed\":\"0\",\"level\":\"2\"},\"new7\":{\"modified\":\"1\",\"type\":\"imageCard\",\"enabled\":\"1\",\"collapsed\":\"0\",\"level\":\"3\",\"fields\":{\"cb_cardImage\":[\"45\"],\"cb_cardHeadline\":\"Reach\",\"cb_cardBody\":\"We\\u2019ll let you know how many Snapchatters saw your ad, their demographics, and more.\"}},\"new8\":{\"modified\":\"1\",\"type\":\"imageCard\",\"enabled\":\"1\",\"collapsed\":\"0\",\"level\":\"3\",\"fields\":{\"cb_cardImage\":[\"47\"],\"cb_cardHeadline\":\"Resonance\",\"cb_cardBody\":\"We offer in-depth analysis for equity metrics such as brand awareness, brand favorability, brand consideration, and intent.\"}},\"new9\":{\"modified\":\"1\",\"type\":\"imageCard\",\"enabled\":\"1\",\"collapsed\":\"0\",\"level\":\"3\",\"fields\":{\"cb_cardImage\":[\"46\"],\"cb_cardHeadline\":\"Reaction\",\"cb_cardBody\":\"We determine impact for sales and store visits using sophisticated modeling, and by partnering with leading third-party measurement firms.\"}}},\"16\":\"1\",\"7\":\"measurement\"}}', '2017-07-26 21:21:13', '2017-07-26 21:21:13', '4de326e2-7795-4eff-b947-072d0bb47865'),
 ('28', '4', '3', '1', 'en_us', '21', '', '{\"typeId\":\"3\",\"authorId\":\"1\",\"title\":\"Measurement\",\"slug\":\"measurement\",\"postDate\":1500586080,\"expiryDate\":null,\"enabled\":1,\"parentId\":\"\",\"fields\":{\"15\":\"orange\",\"3\":{\"34\":{\"modified\":\"1\",\"type\":\"cb_section\",\"enabled\":\"1\",\"collapsed\":\"0\",\"level\":\"0\",\"fields\":{\"cb_sectionTitle\":\"Overview\",\"cb_sectionBackgroundColor\":\"lightGray\"}},\"35\":{\"modified\":\"1\",\"type\":\"centeredTextLockup\",\"enabled\":\"1\",\"collapsed\":\"0\",\"level\":\"1\"},\"51\":{\"modified\":\"1\",\"type\":\"headline\",\"enabled\":\"1\",\"collapsed\":\"0\",\"level\":\"2\",\"fields\":{\"cb_headline\":\"Successful ads drive your business forward\"}},\"36\":{\"modified\":\"1\",\"type\":\"imageBesideText\",\"enabled\":\"1\",\"collapsed\":\"0\",\"level\":\"1\",\"fields\":{\"cb_image\":[\"8\"],\"cb_imageLocation\":\"left\",\"cb_headline\":\"Snap Ad Reporting\",\"cb_paragraph\":\"Monitor your campaigns in real-time, identify key performance trends, and optimize towards your goals.\"}},\"37\":{\"modified\":\"1\",\"type\":\"primaryButton\",\"enabled\":\"1\",\"collapsed\":\"0\",\"level\":\"2\",\"fields\":{\"cb_button\":{\"type\":\"custom\",\"custom\":\"https:\\/\\/businesshelp.snapchat.com\\/en-US\\/a\\/metrics\",\"entry\":\"\",\"customText\":\"Learn More\",\"target\":\"_blank\"},\"cb_buttonColor\":\"orange\"}},\"39\":{\"modified\":\"1\",\"type\":\"cb_section\",\"enabled\":\"1\",\"collapsed\":\"0\",\"level\":\"0\",\"fields\":{\"cb_sectionTitle\":\"Filter Reporting\",\"cb_sectionBackgroundColor\":\"white\"}},\"40\":{\"modified\":\"1\",\"type\":\"imageBesideText\",\"enabled\":\"1\",\"collapsed\":\"0\",\"level\":\"1\",\"fields\":{\"cb_image\":[\"38\"],\"cb_imageLocation\":\"right\",\"cb_headline\":\"Filter Reporting\",\"cb_paragraph\":\"Track filter performance and optimize your campaign by location.\"}},\"41\":{\"modified\":\"1\",\"type\":\"primaryButton\",\"enabled\":\"1\",\"collapsed\":\"0\",\"level\":\"2\",\"fields\":{\"cb_button\":{\"type\":\"custom\",\"custom\":\"https:\\/\\/businesshelp.snapchat.com\\/en-US\\/a\\/geofilter-metrics\",\"entry\":\"\",\"customText\":\"Learn More\",\"target\":\"_blank\"},\"cb_buttonColor\":\"orange\"}},\"42\":{\"modified\":\"1\",\"type\":\"cb_section\",\"enabled\":\"1\",\"collapsed\":\"0\",\"level\":\"0\",\"fields\":{\"cb_sectionTitle\":\"Measurement Philosophy\",\"cb_sectionBackgroundColor\":\"lightGray\"}},\"43\":{\"modified\":\"1\",\"type\":\"centeredTextLockup\",\"enabled\":\"1\",\"collapsed\":\"0\",\"level\":\"1\"},\"52\":{\"modified\":\"1\",\"type\":\"headline\",\"enabled\":\"1\",\"collapsed\":\"0\",\"level\":\"2\",\"fields\":{\"cb_headline\":\"Know exactly how your ads perform\"}},\"new5\":{\"modified\":\"1\",\"type\":\"subhead\",\"enabled\":\"1\",\"collapsed\":\"0\",\"level\":\"2\",\"fields\":{\"cb_subhead\":\"We provide structure and transparency to help you drive results.\"}},\"44\":{\"modified\":\"1\",\"type\":\"imageCardGrid\",\"enabled\":\"1\",\"collapsed\":\"0\",\"level\":\"1\",\"fields\":{\"cb_chillahTooltip\":\"\"}},\"54\":{\"modified\":\"1\",\"type\":\"imageCardRow\",\"enabled\":\"1\",\"collapsed\":\"0\",\"level\":\"2\"},\"55\":{\"modified\":\"1\",\"type\":\"imageCard\",\"enabled\":\"1\",\"collapsed\":\"0\",\"level\":\"3\",\"fields\":{\"cb_cardImage\":[\"49\"],\"cb_cardHeadline\":\"Verification\",\"cb_cardBody\":\"We confirm how many times your ad was served, and offer tracking support from MRC-accredited third parties.\"}},\"56\":{\"modified\":\"1\",\"type\":\"imageCard\",\"enabled\":\"1\",\"collapsed\":\"0\",\"level\":\"3\",\"fields\":{\"cb_cardImage\":[\"50\"],\"cb_cardHeadline\":\"Viewability\",\"cb_cardBody\":\"We offer first and third-party metrics for how much attention your ads receive, including support for MRC viewability metrics.\"}},\"57\":{\"modified\":\"1\",\"type\":\"imageCardRow\",\"enabled\":\"1\",\"collapsed\":\"0\",\"level\":\"2\"},\"58\":{\"modified\":\"1\",\"type\":\"imageCard\",\"enabled\":\"1\",\"collapsed\":\"0\",\"level\":\"3\",\"fields\":{\"cb_cardImage\":[\"45\"],\"cb_cardHeadline\":\"Reach\",\"cb_cardBody\":\"We\\u2019ll let you know how many Snapchatters saw your ad, their demographics, and more.\"}},\"59\":{\"modified\":\"1\",\"type\":\"imageCard\",\"enabled\":\"1\",\"collapsed\":\"0\",\"level\":\"3\",\"fields\":{\"cb_cardImage\":[\"47\"],\"cb_cardHeadline\":\"Resonance\",\"cb_cardBody\":\"We offer in-depth analysis for equity metrics such as brand awareness, brand favorability, brand consideration, and intent.\"}},\"60\":{\"modified\":\"1\",\"type\":\"imageCard\",\"enabled\":\"1\",\"collapsed\":\"0\",\"level\":\"3\",\"fields\":{\"cb_cardImage\":[\"46\"],\"cb_cardHeadline\":\"Reaction\",\"cb_cardBody\":\"We determine impact for sales and store visits using sophisticated modeling, and by partnering with leading third-party measurement firms.\"}},\"new0\":{\"modified\":\"1\",\"type\":\"cb_section\",\"enabled\":\"1\",\"collapsed\":\"0\",\"level\":\"0\",\"fields\":{\"cb_sectionTitle\":\"Snap to Store\",\"cb_sectionBackgroundColor\":\"white\"}},\"new1\":{\"modified\":\"1\",\"type\":\"centeredTextLockup\",\"enabled\":\"1\",\"collapsed\":\"0\",\"level\":\"1\"},\"new2\":{\"modified\":\"1\",\"type\":\"image\",\"enabled\":\"1\",\"collapsed\":\"0\",\"level\":\"2\",\"fields\":{\"cb_image\":[\"61\"]}},\"new3\":{\"modified\":\"1\",\"type\":\"headline\",\"enabled\":\"1\",\"collapsed\":\"0\",\"level\":\"2\",\"fields\":{\"cb_headline\":\"Snap to Store\"}},\"new4\":{\"modified\":\"1\",\"type\":\"subhead\",\"enabled\":\"1\",\"collapsed\":\"0\",\"level\":\"2\",\"fields\":{\"cb_subhead\":\"So, did Snapchatters visit your store after seeing your ad? Measure incremental visitors using our proprietary Snap to Store solution.\"}}},\"16\":\"1\",\"7\":\"measurement\"}}', '2017-07-26 21:27:42', '2017-07-26 21:27:42', 'b87174c5-58c5-4421-89c1-a786ae9d88be'),
 ('29', '4', '3', '1', 'en_us', '22', '', '{\"typeId\":\"3\",\"authorId\":\"1\",\"title\":\"Measurement\",\"slug\":\"measurement\",\"postDate\":1500586080,\"expiryDate\":null,\"enabled\":1,\"parentId\":\"\",\"fields\":{\"15\":\"orange\",\"3\":{\"34\":{\"modified\":\"1\",\"type\":\"cb_section\",\"enabled\":\"1\",\"collapsed\":\"0\",\"level\":\"0\",\"fields\":{\"cb_sectionTitle\":\"Overview\",\"cb_sectionBackgroundColor\":\"lightGray\"}},\"35\":{\"modified\":\"1\",\"type\":\"centeredTextLockup\",\"enabled\":\"1\",\"collapsed\":\"0\",\"level\":\"1\"},\"51\":{\"modified\":\"1\",\"type\":\"headline\",\"enabled\":\"1\",\"collapsed\":\"0\",\"level\":\"2\",\"fields\":{\"cb_headline\":\"Successful ads drive your business forward\"}},\"36\":{\"modified\":\"1\",\"type\":\"imageBesideText\",\"enabled\":\"1\",\"collapsed\":\"0\",\"level\":\"1\",\"fields\":{\"cb_image\":[\"8\"],\"cb_imageLocation\":\"left\",\"cb_headline\":\"Snap Ad Reporting\",\"cb_paragraph\":\"Monitor your campaigns in real-time, identify key performance trends, and optimize towards your goals.\"}},\"37\":{\"modified\":\"1\",\"type\":\"primaryButton\",\"enabled\":\"1\",\"collapsed\":\"0\",\"level\":\"2\",\"fields\":{\"cb_button\":{\"type\":\"custom\",\"custom\":\"https:\\/\\/businesshelp.snapchat.com\\/en-US\\/a\\/metrics\",\"entry\":\"\",\"customText\":\"Learn More\",\"target\":\"_blank\"},\"cb_buttonColor\":\"orange\"}},\"39\":{\"modified\":\"1\",\"type\":\"cb_section\",\"enabled\":\"1\",\"collapsed\":\"0\",\"level\":\"0\",\"fields\":{\"cb_sectionTitle\":\"Filter Reporting\",\"cb_sectionBackgroundColor\":\"white\"}},\"40\":{\"modified\":\"1\",\"type\":\"imageBesideText\",\"enabled\":\"1\",\"collapsed\":\"0\",\"level\":\"1\",\"fields\":{\"cb_image\":[\"38\"],\"cb_imageLocation\":\"right\",\"cb_headline\":\"Filter Reporting\",\"cb_paragraph\":\"Track filter performance and optimize your campaign by location.\"}},\"41\":{\"modified\":\"1\",\"type\":\"primaryButton\",\"enabled\":\"1\",\"collapsed\":\"0\",\"level\":\"2\",\"fields\":{\"cb_button\":{\"type\":\"custom\",\"custom\":\"https:\\/\\/businesshelp.snapchat.com\\/en-US\\/a\\/geofilter-metrics\",\"entry\":\"\",\"customText\":\"Learn More\",\"target\":\"_blank\"},\"cb_buttonColor\":\"orange\"}},\"42\":{\"modified\":\"1\",\"type\":\"cb_section\",\"enabled\":\"1\",\"collapsed\":\"0\",\"level\":\"0\",\"fields\":{\"cb_sectionTitle\":\"Measurement Philosophy\",\"cb_sectionBackgroundColor\":\"lightGray\"}},\"43\":{\"modified\":\"1\",\"type\":\"centeredTextLockup\",\"enabled\":\"1\",\"collapsed\":\"0\",\"level\":\"1\"},\"52\":{\"modified\":\"1\",\"type\":\"headline\",\"enabled\":\"1\",\"collapsed\":\"0\",\"level\":\"2\",\"fields\":{\"cb_headline\":\"Know exactly how your ads perform\"}},\"62\":{\"modified\":\"1\",\"type\":\"subhead\",\"enabled\":\"1\",\"collapsed\":\"0\",\"level\":\"2\",\"fields\":{\"cb_subhead\":\"We provide structure and transparency to help you drive results.\"}},\"44\":{\"modified\":\"1\",\"type\":\"imageCardGrid\",\"enabled\":\"1\",\"collapsed\":\"0\",\"level\":\"1\",\"fields\":{\"cb_chillahTooltip\":\"\"}},\"54\":{\"modified\":\"1\",\"type\":\"imageCardRow\",\"enabled\":\"1\",\"collapsed\":\"0\",\"level\":\"2\"},\"55\":{\"modified\":\"1\",\"type\":\"imageCard\",\"enabled\":\"1\",\"collapsed\":\"0\",\"level\":\"3\",\"fields\":{\"cb_cardImage\":[\"49\"],\"cb_cardHeadline\":\"Verification\",\"cb_cardBody\":\"We confirm how many times your ad was served, and offer tracking support from MRC-accredited third parties.\"}},\"56\":{\"modified\":\"1\",\"type\":\"imageCard\",\"enabled\":\"1\",\"collapsed\":\"0\",\"level\":\"3\",\"fields\":{\"cb_cardImage\":[\"50\"],\"cb_cardHeadline\":\"Viewability\",\"cb_cardBody\":\"We offer first and third-party metrics for how much attention your ads receive, including support for MRC viewability metrics.\"}},\"57\":{\"modified\":\"1\",\"type\":\"imageCardRow\",\"enabled\":\"1\",\"collapsed\":\"0\",\"level\":\"2\"},\"58\":{\"modified\":\"1\",\"type\":\"imageCard\",\"enabled\":\"1\",\"collapsed\":\"0\",\"level\":\"3\",\"fields\":{\"cb_cardImage\":[\"45\"],\"cb_cardHeadline\":\"Reach\",\"cb_cardBody\":\"We\\u2019ll let you know how many Snapchatters saw your ad, their demographics, and more.\"}},\"59\":{\"modified\":\"1\",\"type\":\"imageCard\",\"enabled\":\"1\",\"collapsed\":\"0\",\"level\":\"3\",\"fields\":{\"cb_cardImage\":[\"47\"],\"cb_cardHeadline\":\"Resonance\",\"cb_cardBody\":\"We offer in-depth analysis for equity metrics such as brand awareness, brand favorability, brand consideration, and intent.\"}},\"60\":{\"modified\":\"1\",\"type\":\"imageCard\",\"enabled\":\"1\",\"collapsed\":\"0\",\"level\":\"3\",\"fields\":{\"cb_cardImage\":[\"46\"],\"cb_cardHeadline\":\"Reaction\",\"cb_cardBody\":\"We determine impact for sales and store visits using sophisticated modeling, and by partnering with leading third-party measurement firms.\"}},\"63\":{\"modified\":\"1\",\"type\":\"cb_section\",\"enabled\":\"1\",\"collapsed\":\"0\",\"level\":\"0\",\"fields\":{\"cb_sectionTitle\":\"Snap to Store\",\"cb_sectionBackgroundColor\":\"white\"}},\"64\":{\"modified\":\"1\",\"type\":\"centeredTextLockup\",\"enabled\":\"1\",\"collapsed\":\"0\",\"level\":\"1\"},\"65\":{\"modified\":\"1\",\"type\":\"image\",\"enabled\":\"1\",\"collapsed\":\"0\",\"level\":\"2\",\"fields\":{\"cb_image\":[\"61\"]}},\"66\":{\"modified\":\"1\",\"type\":\"headline\",\"enabled\":\"1\",\"collapsed\":\"0\",\"level\":\"2\",\"fields\":{\"cb_headline\":\"Snap to Store\"}},\"67\":{\"modified\":\"1\",\"type\":\"subhead\",\"enabled\":\"1\",\"collapsed\":\"0\",\"level\":\"2\",\"fields\":{\"cb_subhead\":\"So, did Snapchatters visit your store after seeing your ad? Measure incremental visitors using our proprietary Snap to Store solution.\"}},\"new0\":{\"modified\":\"1\",\"type\":\"centeredImage\",\"enabled\":\"1\",\"collapsed\":\"0\",\"level\":\"1\",\"fields\":{\"cb_image\":[\"68\"],\"cb_assetWidth\":\"wide\"}}},\"16\":\"1\",\"7\":\"measurement\"}}', '2017-07-26 21:28:25', '2017-07-26 21:28:25', 'a123ce2f-92b0-4a55-a7f8-f17082f89309'),
 ('30', '4', '3', '1', 'en_us', '23', '', '{\"typeId\":\"3\",\"authorId\":\"1\",\"title\":\"Measurement\",\"slug\":\"measurement\",\"postDate\":1500586080,\"expiryDate\":null,\"enabled\":1,\"parentId\":\"\",\"fields\":{\"3\":{\"34\":{\"modified\":\"1\",\"type\":\"cb_section\",\"enabled\":\"1\",\"collapsed\":\"0\",\"level\":\"0\",\"fields\":{\"cb_sectionTitle\":\"Overview\",\"cb_sectionBackgroundColor\":\"white\"}},\"35\":{\"modified\":\"1\",\"type\":\"centeredTextLockup\",\"enabled\":\"1\",\"collapsed\":\"0\",\"level\":\"1\"},\"51\":{\"modified\":\"1\",\"type\":\"headline\",\"enabled\":\"1\",\"collapsed\":\"0\",\"level\":\"2\",\"fields\":{\"cb_headline\":\"Successful ads drive your business forward\"}},\"36\":{\"modified\":\"1\",\"type\":\"imageBesideText\",\"enabled\":\"1\",\"collapsed\":\"0\",\"level\":\"1\",\"fields\":{\"cb_image\":[\"8\"],\"cb_imageLocation\":\"left\",\"cb_headline\":\"Snap Ad Reporting\",\"cb_paragraph\":\"Monitor your campaigns in real-time, identify key performance trends, and optimize towards your goals.\"}},\"37\":{\"modified\":\"1\",\"type\":\"primaryButton\",\"enabled\":\"1\",\"collapsed\":\"0\",\"level\":\"2\",\"fields\":{\"cb_button\":{\"type\":\"custom\",\"custom\":\"https:\\/\\/businesshelp.snapchat.com\\/en-US\\/a\\/metrics\",\"entry\":\"\",\"customText\":\"Learn More\",\"target\":\"_blank\"},\"cb_buttonColor\":\"orange\"}},\"39\":{\"modified\":\"1\",\"type\":\"cb_section\",\"enabled\":\"1\",\"collapsed\":\"0\",\"level\":\"0\",\"fields\":{\"cb_sectionTitle\":\"Filter Reporting\",\"cb_sectionBackgroundColor\":\"white\"}},\"40\":{\"modified\":\"1\",\"type\":\"imageBesideText\",\"enabled\":\"1\",\"collapsed\":\"0\",\"level\":\"1\",\"fields\":{\"cb_image\":[\"38\"],\"cb_imageLocation\":\"right\",\"cb_headline\":\"Filter Reporting\",\"cb_paragraph\":\"Track filter performance and optimize your campaign by location.\"}},\"41\":{\"modified\":\"1\",\"type\":\"primaryButton\",\"enabled\":\"1\",\"collapsed\":\"0\",\"level\":\"2\",\"fields\":{\"cb_button\":{\"type\":\"custom\",\"custom\":\"https:\\/\\/businesshelp.snapchat.com\\/en-US\\/a\\/geofilter-metrics\",\"entry\":\"\",\"customText\":\"Learn More\",\"target\":\"_blank\"},\"cb_buttonColor\":\"orange\"}},\"42\":{\"modified\":\"1\",\"type\":\"cb_section\",\"enabled\":\"1\",\"collapsed\":\"0\",\"level\":\"0\",\"fields\":{\"cb_sectionTitle\":\"Measurement Philosophy\",\"cb_sectionBackgroundColor\":\"white\"}},\"43\":{\"modified\":\"1\",\"type\":\"centeredTextLockup\",\"enabled\":\"1\",\"collapsed\":\"0\",\"level\":\"1\"},\"52\":{\"modified\":\"1\",\"type\":\"headline\",\"enabled\":\"1\",\"collapsed\":\"0\",\"level\":\"2\",\"fields\":{\"cb_headline\":\"Know exactly how your ads perform\"}},\"62\":{\"modified\":\"1\",\"type\":\"subhead\",\"enabled\":\"1\",\"collapsed\":\"0\",\"level\":\"2\",\"fields\":{\"cb_subhead\":\"We provide structure and transparency to help you drive results.\"}},\"44\":{\"modified\":\"1\",\"type\":\"imageCardGrid\",\"enabled\":\"1\",\"collapsed\":\"0\",\"level\":\"1\",\"fields\":{\"cb_chillahTooltip\":\"\"}},\"54\":{\"modified\":\"1\",\"type\":\"imageCardRow\",\"enabled\":\"1\",\"collapsed\":\"0\",\"level\":\"2\"},\"55\":{\"modified\":\"1\",\"type\":\"imageCard\",\"enabled\":\"1\",\"collapsed\":\"0\",\"level\":\"3\",\"fields\":{\"cb_cardImage\":[\"49\"],\"cb_cardHeadline\":\"Verification\",\"cb_cardBody\":\"We confirm how many times your ad was served, and offer tracking support from MRC-accredited third parties.\"}},\"56\":{\"modified\":\"1\",\"type\":\"imageCard\",\"enabled\":\"1\",\"collapsed\":\"0\",\"level\":\"3\",\"fields\":{\"cb_cardImage\":[\"50\"],\"cb_cardHeadline\":\"Viewability\",\"cb_cardBody\":\"We offer first and third-party metrics for how much attention your ads receive, including support for MRC viewability metrics.\"}},\"57\":{\"modified\":\"1\",\"type\":\"imageCardRow\",\"enabled\":\"1\",\"collapsed\":\"0\",\"level\":\"2\"},\"58\":{\"modified\":\"1\",\"type\":\"imageCard\",\"enabled\":\"1\",\"collapsed\":\"0\",\"level\":\"3\",\"fields\":{\"cb_cardImage\":[\"45\"],\"cb_cardHeadline\":\"Reach\",\"cb_cardBody\":\"We\\u2019ll let you know how many Snapchatters saw your ad, their demographics, and more.\"}},\"59\":{\"modified\":\"1\",\"type\":\"imageCard\",\"enabled\":\"1\",\"collapsed\":\"0\",\"level\":\"3\",\"fields\":{\"cb_cardImage\":[\"47\"],\"cb_cardHeadline\":\"Resonance\",\"cb_cardBody\":\"We offer in-depth analysis for equity metrics such as brand awareness, brand favorability, brand consideration, and intent.\"}},\"60\":{\"modified\":\"1\",\"type\":\"imageCard\",\"enabled\":\"1\",\"collapsed\":\"0\",\"level\":\"3\",\"fields\":{\"cb_cardImage\":[\"46\"],\"cb_cardHeadline\":\"Reaction\",\"cb_cardBody\":\"We determine impact for sales and store visits using sophisticated modeling, and by partnering with leading third-party measurement firms.\"}},\"63\":{\"modified\":\"1\",\"type\":\"cb_section\",\"enabled\":\"1\",\"collapsed\":\"0\",\"level\":\"0\",\"fields\":{\"cb_sectionTitle\":\"Snap to Store\",\"cb_sectionBackgroundColor\":\"white\"}},\"64\":{\"modified\":\"1\",\"type\":\"centeredTextLockup\",\"enabled\":\"1\",\"collapsed\":\"0\",\"level\":\"1\"},\"65\":{\"modified\":\"1\",\"type\":\"image\",\"enabled\":\"1\",\"collapsed\":\"0\",\"level\":\"2\",\"fields\":{\"cb_image\":[\"61\"]}},\"66\":{\"modified\":\"1\",\"type\":\"headline\",\"enabled\":\"1\",\"collapsed\":\"0\",\"level\":\"2\",\"fields\":{\"cb_headline\":\"Snap to Store\"}},\"67\":{\"modified\":\"1\",\"type\":\"subhead\",\"enabled\":\"1\",\"collapsed\":\"0\",\"level\":\"2\",\"fields\":{\"cb_subhead\":\"So, did Snapchatters visit your store after seeing your ad? Measure incremental visitors using our proprietary Snap to Store solution.\"}},\"69\":{\"modified\":\"1\",\"type\":\"centeredImage\",\"enabled\":\"1\",\"collapsed\":\"0\",\"level\":\"1\",\"fields\":{\"cb_image\":[\"68\"],\"cb_assetWidth\":\"wide\"}},\"new0\":{\"modified\":\"1\",\"type\":\"cb_section\",\"enabled\":\"1\",\"collapsed\":\"0\",\"level\":\"0\",\"fields\":{\"cb_sectionTitle\":\"Third-party Partners\",\"cb_sectionBackgroundColor\":\"white\"}}},\"16\":\"1\",\"15\":\"orange\",\"7\":\"measurement\"}}', '2017-07-26 21:33:06', '2017-07-26 21:33:06', '07f730c6-20f3-42f7-bd7c-288e0d2b7322'),
 ('31', '4', '3', '1', 'en_us', '24', '', '{\"typeId\":\"3\",\"authorId\":\"1\",\"title\":\"Measurement\",\"slug\":\"measurement\",\"postDate\":1500586080,\"expiryDate\":null,\"enabled\":1,\"parentId\":\"\",\"fields\":{\"3\":{\"34\":{\"modified\":\"1\",\"type\":\"cb_section\",\"enabled\":\"1\",\"collapsed\":\"0\",\"level\":\"0\",\"fields\":{\"cb_sectionTitle\":\"Overview\",\"cb_sectionBackgroundColor\":\"gray\"}},\"35\":{\"modified\":\"1\",\"type\":\"centeredTextLockup\",\"enabled\":\"1\",\"collapsed\":\"0\",\"level\":\"1\"},\"51\":{\"modified\":\"1\",\"type\":\"headline\",\"enabled\":\"1\",\"collapsed\":\"0\",\"level\":\"2\",\"fields\":{\"cb_headline\":\"Successful ads drive your business forward\"}},\"36\":{\"modified\":\"1\",\"type\":\"imageBesideText\",\"enabled\":\"1\",\"collapsed\":\"0\",\"level\":\"1\",\"fields\":{\"cb_image\":[\"8\"],\"cb_imageLocation\":\"left\",\"cb_headline\":\"Snap Ad Reporting\",\"cb_paragraph\":\"Monitor your campaigns in real-time, identify key performance trends, and optimize towards your goals.\"}},\"37\":{\"modified\":\"1\",\"type\":\"primaryButton\",\"enabled\":\"1\",\"collapsed\":\"0\",\"level\":\"2\",\"fields\":{\"cb_button\":{\"type\":\"custom\",\"custom\":\"https:\\/\\/businesshelp.snapchat.com\\/en-US\\/a\\/metrics\",\"entry\":\"\",\"customText\":\"Learn More\",\"target\":\"_blank\"},\"cb_buttonColor\":\"orange\"}},\"39\":{\"modified\":\"1\",\"type\":\"cb_section\",\"enabled\":\"1\",\"collapsed\":\"0\",\"level\":\"0\",\"fields\":{\"cb_sectionTitle\":\"Filter Reporting\",\"cb_sectionBackgroundColor\":\"white\"}},\"40\":{\"modified\":\"1\",\"type\":\"imageBesideText\",\"enabled\":\"1\",\"collapsed\":\"0\",\"level\":\"1\",\"fields\":{\"cb_image\":[\"38\"],\"cb_imageLocation\":\"right\",\"cb_headline\":\"Filter Reporting\",\"cb_paragraph\":\"Track filter performance and optimize your campaign by location.\"}},\"41\":{\"modified\":\"1\",\"type\":\"primaryButton\",\"enabled\":\"1\",\"collapsed\":\"0\",\"level\":\"2\",\"fields\":{\"cb_button\":{\"type\":\"custom\",\"custom\":\"https:\\/\\/businesshelp.snapchat.com\\/en-US\\/a\\/geofilter-metrics\",\"entry\":\"\",\"customText\":\"Learn More\",\"target\":\"_blank\"},\"cb_buttonColor\":\"orange\"}},\"42\":{\"modified\":\"1\",\"type\":\"cb_section\",\"enabled\":\"1\",\"collapsed\":\"0\",\"level\":\"0\",\"fields\":{\"cb_sectionTitle\":\"Measurement Philosophy\",\"cb_sectionBackgroundColor\":\"gray\"}},\"43\":{\"modified\":\"1\",\"type\":\"centeredTextLockup\",\"enabled\":\"1\",\"collapsed\":\"0\",\"level\":\"1\"},\"52\":{\"modified\":\"1\",\"type\":\"headline\",\"enabled\":\"1\",\"collapsed\":\"0\",\"level\":\"2\",\"fields\":{\"cb_headline\":\"Know exactly how your ads perform\"}},\"62\":{\"modified\":\"1\",\"type\":\"subhead\",\"enabled\":\"1\",\"collapsed\":\"0\",\"level\":\"2\",\"fields\":{\"cb_subhead\":\"We provide structure and transparency to help you drive results.\"}},\"44\":{\"modified\":\"1\",\"type\":\"imageCardGrid\",\"enabled\":\"1\",\"collapsed\":\"0\",\"level\":\"1\",\"fields\":{\"cb_chillahTooltip\":\"\"}},\"54\":{\"modified\":\"1\",\"type\":\"imageCardRow\",\"enabled\":\"1\",\"collapsed\":\"0\",\"level\":\"2\"},\"55\":{\"modified\":\"1\",\"type\":\"imageCard\",\"enabled\":\"1\",\"collapsed\":\"0\",\"level\":\"3\",\"fields\":{\"cb_cardImage\":[\"49\"],\"cb_cardHeadline\":\"Verification\",\"cb_cardBody\":\"We confirm how many times your ad was served, and offer tracking support from MRC-accredited third parties.\"}},\"56\":{\"modified\":\"1\",\"type\":\"imageCard\",\"enabled\":\"1\",\"collapsed\":\"0\",\"level\":\"3\",\"fields\":{\"cb_cardImage\":[\"50\"],\"cb_cardHeadline\":\"Viewability\",\"cb_cardBody\":\"We offer first and third-party metrics for how much attention your ads receive, including support for MRC viewability metrics.\"}},\"57\":{\"modified\":\"1\",\"type\":\"imageCardRow\",\"enabled\":\"1\",\"collapsed\":\"0\",\"level\":\"2\"},\"58\":{\"modified\":\"1\",\"type\":\"imageCard\",\"enabled\":\"1\",\"collapsed\":\"0\",\"level\":\"3\",\"fields\":{\"cb_cardImage\":[\"45\"],\"cb_cardHeadline\":\"Reach\",\"cb_cardBody\":\"We\\u2019ll let you know how many Snapchatters saw your ad, their demographics, and more.\"}},\"59\":{\"modified\":\"1\",\"type\":\"imageCard\",\"enabled\":\"1\",\"collapsed\":\"0\",\"level\":\"3\",\"fields\":{\"cb_cardImage\":[\"47\"],\"cb_cardHeadline\":\"Resonance\",\"cb_cardBody\":\"We offer in-depth analysis for equity metrics such as brand awareness, brand favorability, brand consideration, and intent.\"}},\"60\":{\"modified\":\"1\",\"type\":\"imageCard\",\"enabled\":\"1\",\"collapsed\":\"0\",\"level\":\"3\",\"fields\":{\"cb_cardImage\":[\"46\"],\"cb_cardHeadline\":\"Reaction\",\"cb_cardBody\":\"We determine impact for sales and store visits using sophisticated modeling, and by partnering with leading third-party measurement firms.\"}},\"63\":{\"modified\":\"1\",\"type\":\"cb_section\",\"enabled\":\"1\",\"collapsed\":\"0\",\"level\":\"0\",\"fields\":{\"cb_sectionTitle\":\"Snap to Store\",\"cb_sectionBackgroundColor\":\"white\"}},\"64\":{\"modified\":\"1\",\"type\":\"centeredTextLockup\",\"enabled\":\"1\",\"collapsed\":\"0\",\"level\":\"1\"},\"65\":{\"modified\":\"1\",\"type\":\"image\",\"enabled\":\"1\",\"collapsed\":\"0\",\"level\":\"2\",\"fields\":{\"cb_image\":[\"61\"]}},\"66\":{\"modified\":\"1\",\"type\":\"headline\",\"enabled\":\"1\",\"collapsed\":\"0\",\"level\":\"2\",\"fields\":{\"cb_headline\":\"Snap to Store\"}},\"67\":{\"modified\":\"1\",\"type\":\"subhead\",\"enabled\":\"1\",\"collapsed\":\"0\",\"level\":\"2\",\"fields\":{\"cb_subhead\":\"So, did Snapchatters visit your store after seeing your ad? Measure incremental visitors using our proprietary Snap to Store solution.\"}},\"69\":{\"modified\":\"1\",\"type\":\"centeredImage\",\"enabled\":\"1\",\"collapsed\":\"0\",\"level\":\"1\",\"fields\":{\"cb_image\":[\"68\"],\"cb_assetWidth\":\"wide\"}},\"new0\":{\"modified\":\"1\",\"type\":\"cb_section\",\"enabled\":\"1\",\"collapsed\":\"0\",\"level\":\"0\",\"fields\":{\"cb_sectionTitle\":\"Third-party Partners\",\"cb_sectionBackgroundColor\":\"gray\"}},\"new1\":{\"modified\":\"1\",\"type\":\"centeredTextLockup\",\"enabled\":\"1\",\"collapsed\":\"0\",\"level\":\"1\"},\"new2\":{\"modified\":\"1\",\"type\":\"headline\",\"enabled\":\"1\",\"collapsed\":\"0\",\"level\":\"2\",\"fields\":{\"cb_headline\":\"Measurement Partners\"}},\"new3\":{\"modified\":\"1\",\"type\":\"subhead\",\"enabled\":\"1\",\"collapsed\":\"0\",\"level\":\"2\",\"fields\":{\"cb_subhead\":\"Take an in-depth look at your campaigns with robust insights and recommendations from leading third-party measurement partners.\"}},\"new4\":{\"modified\":\"1\",\"type\":\"primaryButton\",\"enabled\":\"1\",\"collapsed\":\"0\",\"level\":\"2\",\"fields\":{\"cb_button\":{\"type\":\"custom\",\"custom\":\"https:\\/\\/developers.snapchat.com\\/ads\\/partners\\/\",\"entry\":\"\",\"customText\":\"See Snapchat Partners\",\"target\":\"_blank\"},\"cb_buttonColor\":\"orange\"}}},\"16\":\"1\",\"15\":\"orange\",\"7\":\"measurement\"}}', '2017-07-26 21:48:57', '2017-07-26 21:48:57', 'd2a0998b-9e4c-4dab-a039-0fd095e8656b'),
 ('32', '4', '3', '1', 'en_us', '25', '', '{\"typeId\":\"3\",\"authorId\":\"1\",\"title\":\"Measurement\",\"slug\":\"measurement\",\"postDate\":1500586080,\"expiryDate\":null,\"enabled\":1,\"parentId\":\"\",\"fields\":{\"3\":{\"34\":{\"modified\":\"1\",\"type\":\"cb_section\",\"enabled\":\"1\",\"collapsed\":\"0\",\"level\":\"0\",\"fields\":{\"cb_sectionTitle\":\"Overview\",\"cb_sectionBackgroundColor\":\"gray\"}},\"35\":{\"modified\":\"1\",\"type\":\"centeredTextLockup\",\"enabled\":\"1\",\"collapsed\":\"0\",\"level\":\"1\"},\"51\":{\"modified\":\"1\",\"type\":\"headline\",\"enabled\":\"1\",\"collapsed\":\"0\",\"level\":\"2\",\"fields\":{\"cb_headline\":\"Successful ads drive your business forward\"}},\"36\":{\"modified\":\"1\",\"type\":\"imageBesideText\",\"enabled\":\"1\",\"collapsed\":\"0\",\"level\":\"1\",\"fields\":{\"cb_image\":[\"8\"],\"cb_imageLocation\":\"left\",\"cb_headline\":\"Snap Ad Reporting\",\"cb_paragraph\":\"Monitor your campaigns in real-time, identify key performance trends, and optimize towards your goals.\"}},\"37\":{\"modified\":\"1\",\"type\":\"primaryButton\",\"enabled\":\"1\",\"collapsed\":\"0\",\"level\":\"2\",\"fields\":{\"cb_button\":{\"type\":\"custom\",\"custom\":\"https:\\/\\/businesshelp.snapchat.com\\/en-US\\/a\\/metrics\",\"entry\":\"\",\"customText\":\"Learn More\",\"target\":\"_blank\"},\"cb_buttonColor\":\"orange\"}},\"39\":{\"modified\":\"1\",\"type\":\"cb_section\",\"enabled\":\"1\",\"collapsed\":\"0\",\"level\":\"0\",\"fields\":{\"cb_sectionTitle\":\"Filter Reporting\",\"cb_sectionBackgroundColor\":\"white\"}},\"40\":{\"modified\":\"1\",\"type\":\"imageBesideText\",\"enabled\":\"1\",\"collapsed\":\"0\",\"level\":\"1\",\"fields\":{\"cb_image\":[\"38\"],\"cb_imageLocation\":\"right\",\"cb_headline\":\"Filter Reporting\",\"cb_paragraph\":\"Track filter performance and optimize your campaign by location.\"}},\"41\":{\"modified\":\"1\",\"type\":\"primaryButton\",\"enabled\":\"1\",\"collapsed\":\"0\",\"level\":\"2\",\"fields\":{\"cb_button\":{\"type\":\"custom\",\"custom\":\"https:\\/\\/businesshelp.snapchat.com\\/en-US\\/a\\/geofilter-metrics\",\"entry\":\"\",\"customText\":\"Learn More\",\"target\":\"_blank\"},\"cb_buttonColor\":\"orange\"}},\"42\":{\"modified\":\"1\",\"type\":\"cb_section\",\"enabled\":\"1\",\"collapsed\":\"0\",\"level\":\"0\",\"fields\":{\"cb_sectionTitle\":\"Measurement Philosophy\",\"cb_sectionBackgroundColor\":\"gray\"}},\"43\":{\"modified\":\"1\",\"type\":\"centeredTextLockup\",\"enabled\":\"1\",\"collapsed\":\"0\",\"level\":\"1\"},\"52\":{\"modified\":\"1\",\"type\":\"headline\",\"enabled\":\"1\",\"collapsed\":\"0\",\"level\":\"2\",\"fields\":{\"cb_headline\":\"Know exactly how your ads perform\"}},\"62\":{\"modified\":\"1\",\"type\":\"subhead\",\"enabled\":\"1\",\"collapsed\":\"0\",\"level\":\"2\",\"fields\":{\"cb_subhead\":\"We provide structure and transparency to help you drive results.\"}},\"44\":{\"modified\":\"1\",\"type\":\"imageCardGrid\",\"enabled\":\"1\",\"collapsed\":\"0\",\"level\":\"1\",\"fields\":{\"cb_chillahTooltip\":\"\"}},\"54\":{\"modified\":\"1\",\"type\":\"imageCardRow\",\"enabled\":\"1\",\"collapsed\":\"0\",\"level\":\"2\"},\"55\":{\"modified\":\"1\",\"type\":\"imageCard\",\"enabled\":\"1\",\"collapsed\":\"0\",\"level\":\"3\",\"fields\":{\"cb_cardImage\":[\"49\"],\"cb_cardHeadline\":\"Verification\",\"cb_cardBody\":\"We confirm how many times your ad was served, and offer tracking support from MRC-accredited third parties.\"}},\"56\":{\"modified\":\"1\",\"type\":\"imageCard\",\"enabled\":\"1\",\"collapsed\":\"0\",\"level\":\"3\",\"fields\":{\"cb_cardImage\":[\"50\"],\"cb_cardHeadline\":\"Viewability\",\"cb_cardBody\":\"We offer first and third-party metrics for how much attention your ads receive, including support for MRC viewability metrics.\"}},\"57\":{\"modified\":\"1\",\"type\":\"imageCardRow\",\"enabled\":\"1\",\"collapsed\":\"0\",\"level\":\"2\"},\"58\":{\"modified\":\"1\",\"type\":\"imageCard\",\"enabled\":\"1\",\"collapsed\":\"0\",\"level\":\"3\",\"fields\":{\"cb_cardImage\":[\"45\"],\"cb_cardHeadline\":\"Reach\",\"cb_cardBody\":\"We\\u2019ll let you know how many Snapchatters saw your ad, their demographics, and more.\"}},\"59\":{\"modified\":\"1\",\"type\":\"imageCard\",\"enabled\":\"1\",\"collapsed\":\"0\",\"level\":\"3\",\"fields\":{\"cb_cardImage\":[\"47\"],\"cb_cardHeadline\":\"Resonance\",\"cb_cardBody\":\"We offer in-depth analysis for equity metrics such as brand awareness, brand favorability, brand consideration, and intent.\"}},\"60\":{\"modified\":\"1\",\"type\":\"imageCard\",\"enabled\":\"1\",\"collapsed\":\"0\",\"level\":\"3\",\"fields\":{\"cb_cardImage\":[\"46\"],\"cb_cardHeadline\":\"Reaction\",\"cb_cardBody\":\"We determine impact for sales and store visits using sophisticated modeling, and by partnering with leading third-party measurement firms.\"}},\"63\":{\"modified\":\"1\",\"type\":\"cb_section\",\"enabled\":\"1\",\"collapsed\":\"0\",\"level\":\"0\",\"fields\":{\"cb_sectionTitle\":\"Snap to Store\",\"cb_sectionBackgroundColor\":\"white\"}},\"64\":{\"modified\":\"1\",\"type\":\"centeredTextLockup\",\"enabled\":\"1\",\"collapsed\":\"0\",\"level\":\"1\"},\"65\":{\"modified\":\"1\",\"type\":\"image\",\"enabled\":\"1\",\"collapsed\":\"0\",\"level\":\"2\",\"fields\":{\"cb_image\":[\"61\"]}},\"66\":{\"modified\":\"1\",\"type\":\"headline\",\"enabled\":\"1\",\"collapsed\":\"0\",\"level\":\"2\",\"fields\":{\"cb_headline\":\"Snap to Store\"}},\"67\":{\"modified\":\"1\",\"type\":\"subhead\",\"enabled\":\"1\",\"collapsed\":\"0\",\"level\":\"2\",\"fields\":{\"cb_subhead\":\"So, did Snapchatters visit your store after seeing your ad? Measure incremental visitors using our proprietary Snap to Store solution.\"}},\"69\":{\"modified\":\"1\",\"type\":\"centeredImage\",\"enabled\":\"1\",\"collapsed\":\"0\",\"level\":\"1\",\"fields\":{\"cb_image\":[\"68\"],\"cb_assetWidth\":\"wide\"}},\"71\":{\"modified\":\"1\",\"type\":\"cb_section\",\"enabled\":\"1\",\"collapsed\":\"0\",\"level\":\"0\",\"fields\":{\"cb_sectionTitle\":\"Third-party Partners\",\"cb_sectionBackgroundColor\":\"gray\"}},\"72\":{\"modified\":\"1\",\"type\":\"centeredTextLockup\",\"enabled\":\"1\",\"collapsed\":\"0\",\"level\":\"1\"},\"73\":{\"modified\":\"1\",\"type\":\"headline\",\"enabled\":\"1\",\"collapsed\":\"0\",\"level\":\"2\",\"fields\":{\"cb_headline\":\"Measurement Partners\"}},\"74\":{\"modified\":\"1\",\"type\":\"subhead\",\"enabled\":\"1\",\"collapsed\":\"0\",\"level\":\"2\",\"fields\":{\"cb_subhead\":\"Take an in-depth look at your campaigns with robust insights and recommendations from leading third-party measurement partners.\"}},\"75\":{\"modified\":\"1\",\"type\":\"primaryButton\",\"enabled\":\"1\",\"collapsed\":\"0\",\"level\":\"2\",\"fields\":{\"cb_button\":{\"type\":\"custom\",\"custom\":\"https:\\/\\/developers.snapchat.com\\/ads\\/partners\\/\",\"entry\":\"\",\"customText\":\"See Snapchat Partners\",\"target\":\"_blank\"},\"cb_buttonColor\":\"orange\"}},\"new0\":{\"modified\":\"1\",\"type\":\"logoGrid\",\"enabled\":\"1\",\"collapsed\":\"0\",\"level\":\"1\",\"fields\":{\"cb_logo\":[\"82\",\"85\",\"89\",\"79\",\"81\",\"80\",\"76\",\"90\",\"77\",\"86\",\"78\",\"83\",\"84\",\"88\",\"87\"]}}},\"16\":\"1\",\"15\":\"orange\",\"7\":\"measurement\"}}', '2017-07-26 22:00:39', '2017-07-26 22:00:39', '1b9ef601-585e-48cd-a2a8-63e589089def'),
 ('33', '4', '3', '1', 'en_us', '26', '', '{\"typeId\":\"3\",\"authorId\":\"1\",\"title\":\"Measurement\",\"slug\":\"measurement\",\"postDate\":1500586080,\"expiryDate\":null,\"enabled\":1,\"parentId\":\"\",\"fields\":{\"3\":{\"34\":{\"modified\":\"1\",\"type\":\"cb_section\",\"enabled\":\"1\",\"collapsed\":\"0\",\"level\":\"0\",\"fields\":{\"cb_sectionTitle\":\"Overview\",\"cb_sectionBackgroundColor\":\"gray\"}},\"35\":{\"modified\":\"1\",\"type\":\"centeredTextLockup\",\"enabled\":\"1\",\"collapsed\":\"0\",\"level\":\"1\"},\"51\":{\"modified\":\"1\",\"type\":\"headline\",\"enabled\":\"1\",\"collapsed\":\"0\",\"level\":\"2\",\"fields\":{\"cb_headline\":\"Successful ads drive your business forward\"}},\"36\":{\"modified\":\"1\",\"type\":\"imageBesideText\",\"enabled\":\"1\",\"collapsed\":\"0\",\"level\":\"1\",\"fields\":{\"cb_image\":[\"8\"],\"cb_imageLocation\":\"left\",\"cb_headline\":\"Snap Ad Reporting\",\"cb_paragraph\":\"Monitor your campaigns in real-time, identify key performance trends, and optimize towards your goals.\"}},\"37\":{\"modified\":\"1\",\"type\":\"primaryButton\",\"enabled\":\"1\",\"collapsed\":\"0\",\"level\":\"2\",\"fields\":{\"cb_button\":{\"type\":\"custom\",\"custom\":\"https:\\/\\/businesshelp.snapchat.com\\/en-US\\/a\\/metrics\",\"entry\":\"\",\"customText\":\"Learn More\",\"target\":\"_blank\"},\"cb_buttonColor\":\"orange\"}},\"39\":{\"modified\":\"1\",\"type\":\"cb_section\",\"enabled\":\"1\",\"collapsed\":\"0\",\"level\":\"0\",\"fields\":{\"cb_sectionTitle\":\"Filter Reporting\",\"cb_sectionBackgroundColor\":\"white\"}},\"40\":{\"modified\":\"1\",\"type\":\"imageBesideText\",\"enabled\":\"1\",\"collapsed\":\"0\",\"level\":\"1\",\"fields\":{\"cb_image\":[\"38\"],\"cb_imageLocation\":\"right\",\"cb_headline\":\"Filter Reporting\",\"cb_paragraph\":\"Track filter performance and optimize your campaign by location.\"}},\"41\":{\"modified\":\"1\",\"type\":\"primaryButton\",\"enabled\":\"1\",\"collapsed\":\"0\",\"level\":\"2\",\"fields\":{\"cb_button\":{\"type\":\"custom\",\"custom\":\"https:\\/\\/businesshelp.snapchat.com\\/en-US\\/a\\/geofilter-metrics\",\"entry\":\"\",\"customText\":\"Learn More\",\"target\":\"_blank\"},\"cb_buttonColor\":\"orange\"}},\"42\":{\"modified\":\"1\",\"type\":\"cb_section\",\"enabled\":\"1\",\"collapsed\":\"0\",\"level\":\"0\",\"fields\":{\"cb_sectionTitle\":\"Measurement Philosophy\",\"cb_sectionBackgroundColor\":\"gray\"}},\"43\":{\"modified\":\"1\",\"type\":\"centeredTextLockup\",\"enabled\":\"1\",\"collapsed\":\"0\",\"level\":\"1\"},\"52\":{\"modified\":\"1\",\"type\":\"headline\",\"enabled\":\"1\",\"collapsed\":\"0\",\"level\":\"2\",\"fields\":{\"cb_headline\":\"Know exactly how your ads perform\"}},\"62\":{\"modified\":\"1\",\"type\":\"subhead\",\"enabled\":\"1\",\"collapsed\":\"0\",\"level\":\"2\",\"fields\":{\"cb_subhead\":\"We provide structure and transparency to help you drive results.\"}},\"44\":{\"modified\":\"1\",\"type\":\"imageCardGrid\",\"enabled\":\"1\",\"collapsed\":\"0\",\"level\":\"1\",\"fields\":{\"cb_chillahTooltip\":\"\"}},\"54\":{\"modified\":\"1\",\"type\":\"imageCardRow\",\"enabled\":\"1\",\"collapsed\":\"0\",\"level\":\"2\"},\"55\":{\"modified\":\"1\",\"type\":\"imageCard\",\"enabled\":\"1\",\"collapsed\":\"0\",\"level\":\"3\",\"fields\":{\"cb_cardImage\":[\"49\"],\"cb_cardHeadline\":\"Verification\",\"cb_cardBody\":\"We confirm how many times your ad was served, and offer tracking support from MRC-accredited third parties.\"}},\"56\":{\"modified\":\"1\",\"type\":\"imageCard\",\"enabled\":\"1\",\"collapsed\":\"0\",\"level\":\"3\",\"fields\":{\"cb_cardImage\":[\"50\"],\"cb_cardHeadline\":\"Viewability\",\"cb_cardBody\":\"We offer first and third-party metrics for how much attention your ads receive, including support for MRC viewability metrics.\"}},\"57\":{\"modified\":\"1\",\"type\":\"imageCardRow\",\"enabled\":\"1\",\"collapsed\":\"0\",\"level\":\"2\"},\"58\":{\"modified\":\"1\",\"type\":\"imageCard\",\"enabled\":\"1\",\"collapsed\":\"0\",\"level\":\"3\",\"fields\":{\"cb_cardImage\":[\"45\"],\"cb_cardHeadline\":\"Reach\",\"cb_cardBody\":\"We\\u2019ll let you know how many Snapchatters saw your ad, their demographics, and more.\"}},\"59\":{\"modified\":\"1\",\"type\":\"imageCard\",\"enabled\":\"1\",\"collapsed\":\"0\",\"level\":\"3\",\"fields\":{\"cb_cardImage\":[\"47\"],\"cb_cardHeadline\":\"Resonance\",\"cb_cardBody\":\"We offer in-depth analysis for equity metrics such as brand awareness, brand favorability, brand consideration, and intent.\"}},\"60\":{\"modified\":\"1\",\"type\":\"imageCard\",\"enabled\":\"1\",\"collapsed\":\"0\",\"level\":\"3\",\"fields\":{\"cb_cardImage\":[\"46\"],\"cb_cardHeadline\":\"Reaction\",\"cb_cardBody\":\"We determine impact for sales and store visits using sophisticated modeling, and by partnering with leading third-party measurement firms.\"}},\"63\":{\"modified\":\"1\",\"type\":\"cb_section\",\"enabled\":\"1\",\"collapsed\":\"0\",\"level\":\"0\",\"fields\":{\"cb_sectionTitle\":\"Snap to Store\",\"cb_sectionBackgroundColor\":\"white\"}},\"64\":{\"modified\":\"1\",\"type\":\"centeredTextLockup\",\"enabled\":\"1\",\"collapsed\":\"0\",\"level\":\"1\"},\"65\":{\"modified\":\"1\",\"type\":\"image\",\"enabled\":\"1\",\"collapsed\":\"0\",\"level\":\"2\",\"fields\":{\"cb_image\":[\"61\"]}},\"66\":{\"modified\":\"1\",\"type\":\"headline\",\"enabled\":\"1\",\"collapsed\":\"0\",\"level\":\"2\",\"fields\":{\"cb_headline\":\"Snap to Store\"}},\"67\":{\"modified\":\"1\",\"type\":\"subhead\",\"enabled\":\"1\",\"collapsed\":\"0\",\"level\":\"2\",\"fields\":{\"cb_subhead\":\"So, did Snapchatters visit your store after seeing your ad? Measure incremental visitors using our proprietary Snap to Store solution.\"}},\"69\":{\"modified\":\"1\",\"type\":\"centeredImage\",\"enabled\":\"1\",\"collapsed\":\"0\",\"level\":\"1\",\"fields\":{\"cb_image\":[\"68\"],\"cb_assetWidth\":\"wide\"}},\"71\":{\"modified\":\"1\",\"type\":\"cb_section\",\"enabled\":\"1\",\"collapsed\":\"0\",\"level\":\"0\",\"fields\":{\"cb_sectionTitle\":\"Third-party Partners\",\"cb_sectionBackgroundColor\":\"gray\"}},\"72\":{\"modified\":\"1\",\"type\":\"centeredTextLockup\",\"enabled\":\"1\",\"collapsed\":\"0\",\"level\":\"1\"},\"73\":{\"modified\":\"1\",\"type\":\"headline\",\"enabled\":\"1\",\"collapsed\":\"0\",\"level\":\"2\",\"fields\":{\"cb_headline\":\"Measurement Partners\"}},\"74\":{\"modified\":\"1\",\"type\":\"subhead\",\"enabled\":\"1\",\"collapsed\":\"0\",\"level\":\"2\",\"fields\":{\"cb_subhead\":\"Take an in-depth look at your campaigns with robust insights and recommendations from leading third-party measurement partners.\"}},\"75\":{\"modified\":\"1\",\"type\":\"primaryButton\",\"enabled\":\"1\",\"collapsed\":\"0\",\"level\":\"2\",\"fields\":{\"cb_button\":{\"type\":\"custom\",\"custom\":\"https:\\/\\/developers.snapchat.com\\/ads\\/partners\\/\",\"entry\":\"\",\"customText\":\"See Snapchat Partners\",\"target\":\"_blank\"},\"cb_buttonColor\":\"orange\"}},\"91\":{\"modified\":\"1\",\"type\":\"logoGrid\",\"enabled\":\"1\",\"collapsed\":\"0\",\"level\":\"1\",\"fields\":{\"cb_logos\":\"\"}}},\"16\":\"1\",\"15\":\"orange\",\"7\":\"measurement\"}}', '2017-07-26 22:01:48', '2017-07-26 22:01:48', '5ad544ac-b980-4380-97bf-2a9d456d149a'),
 ('34', '4', '3', '1', 'en_us', '27', '', '{\"typeId\":\"3\",\"authorId\":\"1\",\"title\":\"Measurement\",\"slug\":\"measurement\",\"postDate\":1500586080,\"expiryDate\":null,\"enabled\":1,\"parentId\":\"\",\"fields\":{\"3\":{\"34\":{\"modified\":\"1\",\"type\":\"cb_section\",\"enabled\":\"1\",\"collapsed\":\"0\",\"level\":\"0\",\"fields\":{\"cb_sectionTitle\":\"Overview\",\"cb_sectionBackgroundColor\":\"gray\"}},\"35\":{\"modified\":\"1\",\"type\":\"centeredTextLockup\",\"enabled\":\"1\",\"collapsed\":\"0\",\"level\":\"1\"},\"51\":{\"modified\":\"1\",\"type\":\"headline\",\"enabled\":\"1\",\"collapsed\":\"0\",\"level\":\"2\",\"fields\":{\"cb_headline\":\"Successful ads drive your business forward\"}},\"36\":{\"modified\":\"1\",\"type\":\"imageBesideText\",\"enabled\":\"1\",\"collapsed\":\"0\",\"level\":\"1\",\"fields\":{\"cb_image\":[\"8\"],\"cb_imageLocation\":\"left\",\"cb_headline\":\"Snap Ad Reporting\",\"cb_paragraph\":\"Monitor your campaigns in real-time, identify key performance trends, and optimize towards your goals.\"}},\"37\":{\"modified\":\"1\",\"type\":\"primaryButton\",\"enabled\":\"1\",\"collapsed\":\"0\",\"level\":\"2\",\"fields\":{\"cb_button\":{\"type\":\"custom\",\"custom\":\"https:\\/\\/businesshelp.snapchat.com\\/en-US\\/a\\/metrics\",\"entry\":\"\",\"customText\":\"Learn More\",\"target\":\"_blank\"}}},\"39\":{\"modified\":\"1\",\"type\":\"cb_section\",\"enabled\":\"1\",\"collapsed\":\"0\",\"level\":\"0\",\"fields\":{\"cb_sectionTitle\":\"Filter Reporting\",\"cb_sectionBackgroundColor\":\"white\"}},\"40\":{\"modified\":\"1\",\"type\":\"imageBesideText\",\"enabled\":\"1\",\"collapsed\":\"0\",\"level\":\"1\",\"fields\":{\"cb_image\":[\"38\"],\"cb_imageLocation\":\"right\",\"cb_headline\":\"Filter Reporting\",\"cb_paragraph\":\"Track filter performance and optimize your campaign by location.\"}},\"41\":{\"modified\":\"1\",\"type\":\"primaryButton\",\"enabled\":\"1\",\"collapsed\":\"0\",\"level\":\"2\",\"fields\":{\"cb_button\":{\"type\":\"custom\",\"custom\":\"https:\\/\\/businesshelp.snapchat.com\\/en-US\\/a\\/geofilter-metrics\",\"entry\":\"\",\"customText\":\"Learn More\",\"target\":\"_blank\"}}},\"42\":{\"modified\":\"1\",\"type\":\"cb_section\",\"enabled\":\"1\",\"collapsed\":\"0\",\"level\":\"0\",\"fields\":{\"cb_sectionTitle\":\"Measurement Philosophy\",\"cb_sectionBackgroundColor\":\"gray\"}},\"43\":{\"modified\":\"1\",\"type\":\"centeredTextLockup\",\"enabled\":\"1\",\"collapsed\":\"0\",\"level\":\"1\"},\"52\":{\"modified\":\"1\",\"type\":\"headline\",\"enabled\":\"1\",\"collapsed\":\"0\",\"level\":\"2\",\"fields\":{\"cb_headline\":\"Know exactly how your ads perform\"}},\"62\":{\"modified\":\"1\",\"type\":\"subhead\",\"enabled\":\"1\",\"collapsed\":\"0\",\"level\":\"2\",\"fields\":{\"cb_subhead\":\"We provide structure and transparency to help you drive results.\"}},\"44\":{\"modified\":\"1\",\"type\":\"imageCardGrid\",\"enabled\":\"1\",\"collapsed\":\"0\",\"level\":\"1\",\"fields\":{\"cb_chillahTooltip\":\"\"}},\"54\":{\"modified\":\"1\",\"type\":\"imageCardRow\",\"enabled\":\"1\",\"collapsed\":\"0\",\"level\":\"2\"},\"55\":{\"modified\":\"1\",\"type\":\"imageCard\",\"enabled\":\"1\",\"collapsed\":\"0\",\"level\":\"3\",\"fields\":{\"cb_cardImage\":[\"49\"],\"cb_cardHeadline\":\"Verification\",\"cb_cardBody\":\"We confirm how many times your ad was served, and offer tracking support from MRC-accredited third parties.\"}},\"56\":{\"modified\":\"1\",\"type\":\"imageCard\",\"enabled\":\"1\",\"collapsed\":\"0\",\"level\":\"3\",\"fields\":{\"cb_cardImage\":[\"50\"],\"cb_cardHeadline\":\"Viewability\",\"cb_cardBody\":\"We offer first and third-party metrics for how much attention your ads receive, including support for MRC viewability metrics.\"}},\"57\":{\"modified\":\"1\",\"type\":\"imageCardRow\",\"enabled\":\"1\",\"collapsed\":\"0\",\"level\":\"2\"},\"58\":{\"modified\":\"1\",\"type\":\"imageCard\",\"enabled\":\"1\",\"collapsed\":\"0\",\"level\":\"3\",\"fields\":{\"cb_cardImage\":[\"45\"],\"cb_cardHeadline\":\"Reach\",\"cb_cardBody\":\"We\\u2019ll let you know how many Snapchatters saw your ad, their demographics, and more.\"}},\"59\":{\"modified\":\"1\",\"type\":\"imageCard\",\"enabled\":\"1\",\"collapsed\":\"0\",\"level\":\"3\",\"fields\":{\"cb_cardImage\":[\"47\"],\"cb_cardHeadline\":\"Resonance\",\"cb_cardBody\":\"We offer in-depth analysis for equity metrics such as brand awareness, brand favorability, brand consideration, and intent.\"}},\"60\":{\"modified\":\"1\",\"type\":\"imageCard\",\"enabled\":\"1\",\"collapsed\":\"0\",\"level\":\"3\",\"fields\":{\"cb_cardImage\":[\"46\"],\"cb_cardHeadline\":\"Reaction\",\"cb_cardBody\":\"We determine impact for sales and store visits using sophisticated modeling, and by partnering with leading third-party measurement firms.\"}},\"63\":{\"modified\":\"1\",\"type\":\"cb_section\",\"enabled\":\"1\",\"collapsed\":\"0\",\"level\":\"0\",\"fields\":{\"cb_sectionTitle\":\"Snap to Store\",\"cb_sectionBackgroundColor\":\"white\"}},\"64\":{\"modified\":\"1\",\"type\":\"centeredTextLockup\",\"enabled\":\"1\",\"collapsed\":\"0\",\"level\":\"1\"},\"65\":{\"modified\":\"1\",\"type\":\"image\",\"enabled\":\"1\",\"collapsed\":\"0\",\"level\":\"2\",\"fields\":{\"cb_image\":[\"61\"]}},\"66\":{\"modified\":\"1\",\"type\":\"headline\",\"enabled\":\"1\",\"collapsed\":\"0\",\"level\":\"2\",\"fields\":{\"cb_headline\":\"Snap to Store\"}},\"67\":{\"modified\":\"1\",\"type\":\"subhead\",\"enabled\":\"1\",\"collapsed\":\"0\",\"level\":\"2\",\"fields\":{\"cb_subhead\":\"So, did Snapchatters visit your store after seeing your ad? Measure incremental visitors using our proprietary Snap to Store solution.\"}},\"69\":{\"modified\":\"1\",\"type\":\"centeredImage\",\"enabled\":\"1\",\"collapsed\":\"0\",\"level\":\"1\",\"fields\":{\"cb_image\":[\"68\"],\"cb_assetWidth\":\"wide\"}},\"71\":{\"modified\":\"1\",\"type\":\"cb_section\",\"enabled\":\"1\",\"collapsed\":\"0\",\"level\":\"0\",\"fields\":{\"cb_sectionTitle\":\"Third-party Partners\",\"cb_sectionBackgroundColor\":\"gray\"}},\"72\":{\"modified\":\"1\",\"type\":\"centeredTextLockup\",\"enabled\":\"1\",\"collapsed\":\"0\",\"level\":\"1\"},\"73\":{\"modified\":\"1\",\"type\":\"headline\",\"enabled\":\"1\",\"collapsed\":\"0\",\"level\":\"2\",\"fields\":{\"cb_headline\":\"Measurement Partners\"}},\"74\":{\"modified\":\"1\",\"type\":\"subhead\",\"enabled\":\"1\",\"collapsed\":\"0\",\"level\":\"2\",\"fields\":{\"cb_subhead\":\"Take an in-depth look at your campaigns with robust insights and recommendations from leading third-party measurement partners.\"}},\"75\":{\"modified\":\"1\",\"type\":\"primaryButton\",\"enabled\":\"1\",\"collapsed\":\"0\",\"level\":\"2\",\"fields\":{\"cb_button\":{\"type\":\"custom\",\"custom\":\"https:\\/\\/developers.snapchat.com\\/ads\\/partners\\/\",\"entry\":\"\",\"customText\":\"See Snapchat Partners\",\"target\":\"_blank\"}}},\"91\":{\"modified\":\"1\",\"type\":\"logoGrid\",\"enabled\":\"1\",\"collapsed\":\"0\",\"level\":\"1\",\"fields\":{\"cb_logos\":[\"82\",\"85\",\"89\",\"79\",\"81\",\"80\",\"76\",\"90\",\"77\",\"86\",\"78\",\"83\",\"84\",\"88\",\"87\"]}}},\"16\":\"1\",\"15\":\"orange\",\"7\":\"measurement\"}}', '2017-07-26 22:05:40', '2017-07-26 22:05:40', '4e5b5cfa-c61e-441a-a6bc-692d4a8b1742'),
 ('35', '4', '3', '1', 'en_us', '28', '', '{\"typeId\":\"3\",\"authorId\":\"1\",\"title\":\"Measurement\",\"slug\":\"measurement\",\"postDate\":1500586080,\"expiryDate\":null,\"enabled\":1,\"parentId\":\"\",\"fields\":{\"3\":{\"34\":{\"modified\":\"1\",\"type\":\"cb_section\",\"enabled\":\"1\",\"collapsed\":\"0\",\"level\":\"0\",\"fields\":{\"cb_sectionTitle\":\"Overview\",\"cb_sectionBackgroundColor\":\"gray\"}},\"35\":{\"modified\":\"1\",\"type\":\"centeredTextLockup\",\"enabled\":\"1\",\"collapsed\":\"0\",\"level\":\"1\"},\"51\":{\"modified\":\"1\",\"type\":\"headline\",\"enabled\":\"1\",\"collapsed\":\"0\",\"level\":\"2\",\"fields\":{\"cb_headline\":\"Successful ads drive your business forward\"}},\"36\":{\"modified\":\"1\",\"type\":\"imageBesideText\",\"enabled\":\"1\",\"collapsed\":\"0\",\"level\":\"1\",\"fields\":{\"cb_image\":[\"8\"],\"cb_imageLocation\":\"left\",\"cb_headline\":\"Snap Ad Reporting\",\"cb_paragraph\":\"Monitor your campaigns in real-time, identify key performance trends, and optimize towards your goals.\"}},\"37\":{\"modified\":\"1\",\"type\":\"primaryButton\",\"enabled\":\"1\",\"collapsed\":\"0\",\"level\":\"2\",\"fields\":{\"cb_button\":{\"type\":\"custom\",\"custom\":\"https:\\/\\/businesshelp.snapchat.com\\/en-US\\/a\\/metrics\",\"entry\":\"\",\"customText\":\"Learn More\",\"target\":\"_blank\"}}},\"39\":{\"modified\":\"1\",\"type\":\"cb_section\",\"enabled\":\"1\",\"collapsed\":\"0\",\"level\":\"0\",\"fields\":{\"cb_sectionTitle\":\"Filter Reporting\",\"cb_sectionBackgroundColor\":\"white\"}},\"40\":{\"modified\":\"1\",\"type\":\"imageBesideText\",\"enabled\":\"1\",\"collapsed\":\"0\",\"level\":\"1\",\"fields\":{\"cb_image\":[\"38\"],\"cb_imageLocation\":\"right\",\"cb_headline\":\"Filter Reporting\",\"cb_paragraph\":\"Track filter performance and optimize your campaign by location.\"}},\"41\":{\"modified\":\"1\",\"type\":\"primaryButton\",\"enabled\":\"1\",\"collapsed\":\"0\",\"level\":\"2\",\"fields\":{\"cb_button\":{\"type\":\"custom\",\"custom\":\"https:\\/\\/businesshelp.snapchat.com\\/en-US\\/a\\/geofilter-metrics\",\"entry\":\"\",\"customText\":\"Learn More\",\"target\":\"_blank\"}}},\"42\":{\"modified\":\"1\",\"type\":\"cb_section\",\"enabled\":\"1\",\"collapsed\":\"0\",\"level\":\"0\",\"fields\":{\"cb_sectionTitle\":\"Measurement Philosophy\",\"cb_sectionBackgroundColor\":\"gray\"}},\"43\":{\"modified\":\"1\",\"type\":\"centeredTextLockup\",\"enabled\":\"1\",\"collapsed\":\"0\",\"level\":\"1\"},\"52\":{\"modified\":\"1\",\"type\":\"headline\",\"enabled\":\"1\",\"collapsed\":\"0\",\"level\":\"2\",\"fields\":{\"cb_headline\":\"Know exactly how your ads perform\"}},\"62\":{\"modified\":\"1\",\"type\":\"subhead\",\"enabled\":\"1\",\"collapsed\":\"0\",\"level\":\"2\",\"fields\":{\"cb_subhead\":\"We provide structure and transparency to help you drive results.\"}},\"44\":{\"modified\":\"1\",\"type\":\"imageCardGrid\",\"enabled\":\"1\",\"collapsed\":\"0\",\"level\":\"1\",\"fields\":{\"cb_chillahTooltip\":\"\"}},\"54\":{\"modified\":\"1\",\"type\":\"imageCardRow\",\"enabled\":\"1\",\"collapsed\":\"0\",\"level\":\"2\"},\"55\":{\"modified\":\"1\",\"type\":\"imageCard\",\"enabled\":\"1\",\"collapsed\":\"0\",\"level\":\"3\",\"fields\":{\"cb_cardImage\":[\"49\"],\"cb_cardHeadline\":\"Verification\",\"cb_cardBody\":\"We confirm how many times your ad was served, and offer tracking support from MRC-accredited third parties.\"}},\"56\":{\"modified\":\"1\",\"type\":\"imageCard\",\"enabled\":\"1\",\"collapsed\":\"0\",\"level\":\"3\",\"fields\":{\"cb_cardImage\":[\"50\"],\"cb_cardHeadline\":\"Viewability\",\"cb_cardBody\":\"We offer first and third-party metrics for how much attention your ads receive, including support for MRC viewability metrics.\"}},\"57\":{\"modified\":\"1\",\"type\":\"imageCardRow\",\"enabled\":\"1\",\"collapsed\":\"0\",\"level\":\"2\"},\"58\":{\"modified\":\"1\",\"type\":\"imageCard\",\"enabled\":\"1\",\"collapsed\":\"0\",\"level\":\"3\",\"fields\":{\"cb_cardImage\":[\"45\"],\"cb_cardHeadline\":\"Reach\",\"cb_cardBody\":\"We\\u2019ll let you know how many Snapchatters saw your ad, their demographics, and more.\"}},\"59\":{\"modified\":\"1\",\"type\":\"imageCard\",\"enabled\":\"1\",\"collapsed\":\"0\",\"level\":\"3\",\"fields\":{\"cb_cardImage\":[\"47\"],\"cb_cardHeadline\":\"Resonance\",\"cb_cardBody\":\"We offer in-depth analysis for equity metrics such as brand awareness, brand favorability, brand consideration, and intent.\"}},\"60\":{\"modified\":\"1\",\"type\":\"imageCard\",\"enabled\":\"1\",\"collapsed\":\"0\",\"level\":\"3\",\"fields\":{\"cb_cardImage\":[\"46\"],\"cb_cardHeadline\":\"Reaction\",\"cb_cardBody\":\"We determine impact for sales and store visits using sophisticated modeling, and by partnering with leading third-party measurement firms.\"}},\"63\":{\"modified\":\"1\",\"type\":\"cb_section\",\"enabled\":\"1\",\"collapsed\":\"0\",\"level\":\"0\",\"fields\":{\"cb_sectionTitle\":\"Snap to Store\",\"cb_sectionBackgroundColor\":\"white\"}},\"64\":{\"modified\":\"1\",\"type\":\"centeredTextLockup\",\"enabled\":\"1\",\"collapsed\":\"0\",\"level\":\"1\"},\"65\":{\"modified\":\"1\",\"type\":\"image\",\"enabled\":\"1\",\"collapsed\":\"0\",\"level\":\"2\",\"fields\":{\"cb_image\":[\"61\"]}},\"66\":{\"modified\":\"1\",\"type\":\"headline\",\"enabled\":\"1\",\"collapsed\":\"0\",\"level\":\"2\",\"fields\":{\"cb_headline\":\"Snap to Store\"}},\"67\":{\"modified\":\"1\",\"type\":\"subhead\",\"enabled\":\"1\",\"collapsed\":\"0\",\"level\":\"2\",\"fields\":{\"cb_subhead\":\"So, did Snapchatters visit your store after seeing your ad? Measure incremental visitors using our proprietary Snap to Store solution.\"}},\"69\":{\"modified\":\"1\",\"type\":\"centeredImage\",\"enabled\":\"1\",\"collapsed\":\"0\",\"level\":\"1\",\"fields\":{\"cb_image\":[\"68\"],\"cb_assetWidth\":\"wide\"}},\"71\":{\"modified\":\"1\",\"type\":\"cb_section\",\"enabled\":\"1\",\"collapsed\":\"0\",\"level\":\"0\",\"fields\":{\"cb_sectionTitle\":\"Third-party Partners\",\"cb_sectionBackgroundColor\":\"gray\"}},\"72\":{\"modified\":\"1\",\"type\":\"centeredTextLockup\",\"enabled\":\"1\",\"collapsed\":\"0\",\"level\":\"1\"},\"73\":{\"modified\":\"1\",\"type\":\"headline\",\"enabled\":\"1\",\"collapsed\":\"0\",\"level\":\"2\",\"fields\":{\"cb_headline\":\"Measurement Partners\"}},\"74\":{\"modified\":\"1\",\"type\":\"subhead\",\"enabled\":\"1\",\"collapsed\":\"0\",\"level\":\"2\",\"fields\":{\"cb_subhead\":\"Take an in-depth look at your campaigns with robust insights and recommendations from leading third-party measurement partners.\"}},\"75\":{\"modified\":\"1\",\"type\":\"primaryButton\",\"enabled\":\"1\",\"collapsed\":\"0\",\"level\":\"2\",\"fields\":{\"cb_button\":{\"type\":\"custom\",\"custom\":\"https:\\/\\/developers.snapchat.com\\/ads\\/partners\\/\",\"entry\":\"\",\"customText\":\"See Snapchat Partners\",\"target\":\"_blank\"}}},\"91\":{\"modified\":\"1\",\"type\":\"logoGrid\",\"enabled\":\"1\",\"collapsed\":\"0\",\"level\":\"1\",\"fields\":{\"cb_logos\":[\"82\",\"85\",\"89\",\"79\",\"81\",\"80\",\"76\",\"90\",\"77\",\"86\",\"78\",\"83\",\"84\",\"88\",\"87\"]}}},\"16\":\"1\",\"15\":\"orange\",\"7\":\"measurement\"}}', '2017-07-26 22:15:29', '2017-07-26 22:15:29', '87ee482e-b551-42c8-8be8-65978c54cc0a'),
 ('36', '33', '4', '1', 'en_us', '2', '', '{\"typeId\":\"4\",\"authorId\":\"1\",\"title\":\"AB InBev\",\"slug\":\"ab-inbev\",\"postDate\":1500679740,\"expiryDate\":null,\"enabled\":1,\"parentId\":\"\",\"fields\":{\"41\":\"AB InBev\",\"39\":\"Success Story\",\"40\":\"#a91622\",\"38\":[\"97\"],\"43\":\"\",\"42\":\"On average, Snapchatters spent 30 seconds playing Anheuser Busch InBev\'s Bud Bowl game in its Snap Ad Web View.\"}}', '2017-07-26 22:26:19', '2017-07-26 22:26:19', 'a2a02e1d-dbb5-43ab-b241-8dd77577bd83'),
 ('37', '98', '3', '1', 'en_us', '1', '', '{\"typeId\":\"3\",\"authorId\":\"1\",\"title\":\"Solutions\",\"slug\":\"solutions\",\"postDate\":1501109314,\"expiryDate\":null,\"enabled\":1,\"parentId\":\"\",\"fields\":{\"3\":\"\",\"16\":\"1\",\"15\":\"blue\",\"7\":\"solutions\"}}', '2017-07-26 22:48:34', '2017-07-26 22:48:34', '31c7ecc0-26d2-483e-b78d-438edef745e4'),
 ('38', '98', '3', '1', 'en_us', '2', '', '{\"typeId\":\"3\",\"authorId\":\"1\",\"title\":\"Solutions\",\"slug\":\"solutions\",\"postDate\":1501109280,\"expiryDate\":null,\"enabled\":1,\"parentId\":\"\",\"fields\":{\"3\":{\"new0\":{\"modified\":\"1\",\"type\":\"cb_section\",\"enabled\":\"1\",\"collapsed\":\"0\",\"level\":\"0\",\"fields\":{\"cb_sectionTitle\":\"Overview\",\"cb_sectionBackgroundColor\":\"gray\"}},\"new1\":{\"modified\":\"1\",\"type\":\"centeredTextLockup\",\"enabled\":\"1\",\"collapsed\":\"0\",\"level\":\"1\"},\"new2\":{\"modified\":\"1\",\"type\":\"headline\",\"enabled\":\"1\",\"collapsed\":\"0\",\"level\":\"2\",\"fields\":{\"cb_headline\":\"Our ad products are fun and effective, for every objective\"}},\"new3\":{\"modified\":\"1\",\"type\":\"mobileDeviceGrid\",\"enabled\":\"1\",\"collapsed\":\"0\",\"level\":\"1\"},\"new4\":{\"modified\":\"1\",\"type\":\"device\",\"enabled\":\"1\",\"collapsed\":\"0\",\"level\":\"2\",\"fields\":{\"cb_deviceImage\":[\"100\"],\"cb_deviceVideo\":\"\",\"cb_deviceHeadline\":\"Snap Ads\",\"cb_deviceBody\":\"Captivate your audience with full-screen Snap Ads.\"}},\"new5\":{\"modified\":\"1\",\"type\":\"device\",\"enabled\":\"1\",\"collapsed\":\"0\",\"level\":\"2\",\"fields\":{\"cb_deviceImage\":[\"99\"],\"cb_deviceVideo\":\"\",\"cb_deviceHeadline\":\"Filters\",\"cb_deviceBody\":\"Own a place or event with location-based Filters.\"}},\"new6\":{\"modified\":\"1\",\"type\":\"device\",\"enabled\":\"1\",\"collapsed\":\"0\",\"level\":\"2\",\"fields\":{\"cb_deviceImage\":[\"101\"],\"cb_deviceVideo\":\"\",\"cb_deviceHeadline\":\"Lenses\",\"cb_deviceBody\":\"Invite customers to play and share with Lenses.\"}},\"new7\":{\"modified\":\"1\",\"type\":\"cb_section\",\"enabled\":\"1\",\"collapsed\":\"0\",\"level\":\"0\",\"fields\":{\"cb_sectionTitle\":\"Snap Ads\",\"cb_sectionBackgroundColor\":\"white\"}},\"new8\":{\"modified\":\"1\",\"type\":\"centeredTextLockup\",\"enabled\":\"1\",\"collapsed\":\"0\",\"level\":\"1\"},\"new9\":{\"modified\":\"1\",\"type\":\"headline\",\"enabled\":\"1\",\"collapsed\":\"0\",\"level\":\"2\",\"fields\":{\"cb_headline\":\"Snap Ads\"}},\"new10\":{\"modified\":\"1\",\"type\":\"subhead\",\"enabled\":\"1\",\"collapsed\":\"0\",\"level\":\"2\",\"fields\":{\"cb_subhead\":\"The original vertical video ad \\u2014 now with attachments customized for your objectives.\"}},\"new11\":{\"modified\":\"1\",\"type\":\"cb_section\",\"enabled\":\"1\",\"collapsed\":\"0\",\"level\":\"0\",\"fields\":{\"cb_sectionTitle\":\"Filters\",\"cb_sectionBackgroundColor\":\"gray\"}},\"new12\":{\"modified\":\"1\",\"type\":\"centeredTextLockup\",\"enabled\":\"1\",\"collapsed\":\"0\",\"level\":\"1\"},\"new13\":{\"modified\":\"1\",\"type\":\"headline\",\"enabled\":\"1\",\"collapsed\":\"0\",\"level\":\"2\",\"fields\":{\"cb_headline\":\"Filters\"}},\"new14\":{\"modified\":\"1\",\"type\":\"subhead\",\"enabled\":\"1\",\"collapsed\":\"0\",\"level\":\"2\",\"fields\":{\"cb_subhead\":\"Filters allow you to be where your product is bought, thought about, or consumed. Create your own Filter and drive awareness, advocacy, and action in one package.\"}},\"new15\":{\"modified\":\"1\",\"type\":\"primaryButton\",\"enabled\":\"1\",\"collapsed\":\"0\",\"level\":\"2\",\"fields\":{\"cb_button\":{\"type\":\"custom\",\"custom\":\"http:\\/\\/geofilters.snapchat.com\",\"entry\":\"\",\"customText\":\"Create A Filter\",\"target\":\"_blank\"}}},\"new16\":{\"modified\":\"1\",\"type\":\"secondaryButton\",\"enabled\":\"1\",\"collapsed\":\"0\",\"level\":\"2\",\"fields\":{\"cb_button\":{\"type\":\"custom\",\"custom\":\"https:\\/\\/businesshelp.snapchat.com\\/en-US\\/article\\/create-geofilter\",\"entry\":\"\",\"customText\":\"View Guidelines\",\"target\":\"\"}}},\"new17\":{\"modified\":\"1\",\"type\":\"mobileDeviceGrid\",\"enabled\":\"1\",\"collapsed\":\"0\",\"level\":\"1\"},\"new18\":{\"modified\":\"1\",\"type\":\"device\",\"enabled\":\"1\",\"collapsed\":\"0\",\"level\":\"2\",\"fields\":{\"cb_deviceImage\":[\"101\"],\"cb_deviceVideo\":\"\",\"cb_deviceHeadline\":\"\",\"cb_deviceBody\":\"\"}},\"new19\":{\"modified\":\"1\",\"type\":\"device\",\"enabled\":\"1\",\"collapsed\":\"0\",\"level\":\"2\",\"fields\":{\"cb_deviceImage\":[\"102\"],\"cb_deviceVideo\":\"\",\"cb_deviceHeadline\":\"\",\"cb_deviceBody\":\"\"}},\"new20\":{\"modified\":\"1\",\"type\":\"device\",\"enabled\":\"1\",\"collapsed\":\"0\",\"level\":\"2\",\"fields\":{\"cb_deviceImage\":[\"103\"],\"cb_deviceVideo\":\"\",\"cb_deviceHeadline\":\"\",\"cb_deviceBody\":\"\"}},\"new21\":{\"modified\":\"1\",\"type\":\"cb_section\",\"enabled\":\"1\",\"collapsed\":\"0\",\"level\":\"0\",\"fields\":{\"cb_sectionTitle\":\"Lenses\",\"cb_sectionBackgroundColor\":\"white\"}},\"new22\":{\"modified\":\"1\",\"type\":\"centeredTextLockup\",\"enabled\":\"1\",\"collapsed\":\"0\",\"level\":\"1\"},\"new23\":{\"modified\":\"1\",\"type\":\"headline\",\"enabled\":\"1\",\"collapsed\":\"0\",\"level\":\"2\",\"fields\":{\"cb_headline\":\"Lenses\"}},\"new24\":{\"modified\":\"1\",\"type\":\"subhead\",\"enabled\":\"1\",\"collapsed\":\"0\",\"level\":\"2\",\"fields\":{\"cb_subhead\":\"Lenses are the most playful and memorable way to increase awareness, on a massive scale. With one tap, you can invite Snapchatters into your world \\u2014 and your story.\"}},\"new26\":{\"modified\":\"1\",\"type\":\"mobileDeviceGrid\",\"enabled\":\"1\",\"collapsed\":\"0\",\"level\":\"1\"},\"new27\":{\"modified\":\"1\",\"type\":\"device\",\"enabled\":\"1\",\"collapsed\":\"0\",\"level\":\"2\",\"fields\":{\"cb_deviceImage\":[\"104\"],\"cb_deviceVideo\":\"\",\"cb_deviceHeadline\":\"\",\"cb_deviceBody\":\"\"}},\"new28\":{\"modified\":\"1\",\"type\":\"device\",\"enabled\":\"1\",\"collapsed\":\"0\",\"level\":\"2\",\"fields\":{\"cb_deviceImage\":[\"105\"],\"cb_deviceVideo\":\"\",\"cb_deviceHeadline\":\"\",\"cb_deviceBody\":\"\"}},\"new29\":{\"modified\":\"1\",\"type\":\"device\",\"enabled\":\"1\",\"collapsed\":\"0\",\"level\":\"2\",\"fields\":{\"cb_deviceImage\":[\"106\"],\"cb_deviceVideo\":\"\",\"cb_deviceHeadline\":\"\",\"cb_deviceBody\":\"\"}},\"new30\":{\"modified\":\"1\",\"type\":\"cb_section\",\"enabled\":\"1\",\"collapsed\":\"0\",\"level\":\"0\",\"fields\":{\"cb_sectionTitle\":\"Video\",\"cb_sectionBackgroundColor\":\"gray\"}},\"new31\":{\"modified\":\"1\",\"type\":\"centeredTextLockup\",\"enabled\":\"1\",\"collapsed\":\"0\",\"level\":\"1\"},\"new32\":{\"modified\":\"1\",\"type\":\"headline\",\"enabled\":\"1\",\"collapsed\":\"0\",\"level\":\"2\",\"fields\":{\"cb_headline\":\"See where your ads will run on Snapchat\"}},\"new33\":{\"modified\":\"1\",\"type\":\"cb_centeredVideo\",\"enabled\":\"1\",\"collapsed\":\"0\",\"level\":\"1\",\"fields\":{\"cb_video\":\"\",\"cb_assetWidth\":\"wide\"}}},\"16\":\"1\",\"15\":\"blue\",\"7\":\"solutions\"}}', '2017-07-26 23:03:49', '2017-07-26 23:03:49', '08b16baf-23c0-44a4-95b5-4aeee2818ad7'),
 ('39', '98', '3', '1', 'en_us', '3', '', '{\"typeId\":\"3\",\"authorId\":\"1\",\"title\":\"Solutions\",\"slug\":\"solutions\",\"postDate\":1501109280,\"expiryDate\":null,\"enabled\":1,\"parentId\":\"\",\"fields\":{\"3\":{\"107\":{\"modified\":\"1\",\"type\":\"cb_section\",\"enabled\":\"1\",\"collapsed\":\"0\",\"level\":\"0\",\"fields\":{\"cb_sectionTitle\":\"Overview\",\"cb_sectionBackgroundColor\":\"gray\"}},\"108\":{\"modified\":\"1\",\"type\":\"centeredTextLockup\",\"enabled\":\"1\",\"collapsed\":\"0\",\"level\":\"1\"},\"109\":{\"modified\":\"1\",\"type\":\"headline\",\"enabled\":\"1\",\"collapsed\":\"0\",\"level\":\"2\",\"fields\":{\"cb_headline\":\"Our ad products are fun and effective, for every objective\"}},\"110\":{\"modified\":\"1\",\"type\":\"mobileDeviceGrid\",\"enabled\":\"1\",\"collapsed\":\"0\",\"level\":\"1\",\"fields\":{\"cb_chillahTooltip\":\"\"}},\"111\":{\"modified\":\"1\",\"type\":\"device\",\"enabled\":\"1\",\"collapsed\":\"0\",\"level\":\"2\",\"fields\":{\"cb_deviceImage\":[\"100\"],\"cb_deviceVideo\":\"\",\"cb_deviceHeadline\":\"Snap Ads\",\"cb_deviceBody\":\"Captivate your audience with full-screen Snap Ads.\"}},\"112\":{\"modified\":\"1\",\"type\":\"device\",\"enabled\":\"1\",\"collapsed\":\"0\",\"level\":\"2\",\"fields\":{\"cb_deviceImage\":[\"99\"],\"cb_deviceVideo\":\"\",\"cb_deviceHeadline\":\"Filters\",\"cb_deviceBody\":\"Own a place or event with location-based Filters.\"}},\"113\":{\"modified\":\"1\",\"type\":\"device\",\"enabled\":\"1\",\"collapsed\":\"0\",\"level\":\"2\",\"fields\":{\"cb_deviceImage\":[\"101\"],\"cb_deviceVideo\":\"\",\"cb_deviceHeadline\":\"Lenses\",\"cb_deviceBody\":\"Invite customers to play and share with Lenses.\"}},\"114\":{\"modified\":\"1\",\"type\":\"cb_section\",\"enabled\":\"1\",\"collapsed\":\"0\",\"level\":\"0\",\"fields\":{\"cb_sectionTitle\":\"Snap Ads\",\"cb_sectionBackgroundColor\":\"white\"}},\"115\":{\"modified\":\"1\",\"type\":\"centeredTextLockup\",\"enabled\":\"1\",\"collapsed\":\"0\",\"level\":\"1\"},\"116\":{\"modified\":\"1\",\"type\":\"headline\",\"enabled\":\"1\",\"collapsed\":\"0\",\"level\":\"2\",\"fields\":{\"cb_headline\":\"Snap Ads\"}},\"117\":{\"modified\":\"1\",\"type\":\"subhead\",\"enabled\":\"1\",\"collapsed\":\"0\",\"level\":\"2\",\"fields\":{\"cb_subhead\":\"The original vertical video ad \\u2014 now with attachments customized for your objectives.\"}},\"118\":{\"modified\":\"1\",\"type\":\"cb_section\",\"enabled\":\"1\",\"collapsed\":\"0\",\"level\":\"0\",\"fields\":{\"cb_sectionTitle\":\"Filters\",\"cb_sectionBackgroundColor\":\"gray\"}},\"119\":{\"modified\":\"1\",\"type\":\"centeredTextLockup\",\"enabled\":\"1\",\"collapsed\":\"0\",\"level\":\"1\"},\"120\":{\"modified\":\"1\",\"type\":\"headline\",\"enabled\":\"1\",\"collapsed\":\"0\",\"level\":\"2\",\"fields\":{\"cb_headline\":\"Filters\"}},\"121\":{\"modified\":\"1\",\"type\":\"subhead\",\"enabled\":\"1\",\"collapsed\":\"0\",\"level\":\"2\",\"fields\":{\"cb_subhead\":\"Filters allow you to be where your product is bought, thought about, or consumed. Create your own Filter and drive awareness, advocacy, and action in one package.\"}},\"122\":{\"modified\":\"1\",\"type\":\"primaryButton\",\"enabled\":\"1\",\"collapsed\":\"0\",\"level\":\"2\",\"fields\":{\"cb_button\":{\"type\":\"custom\",\"custom\":\"http:\\/\\/geofilters.snapchat.com\",\"entry\":\"\",\"customText\":\"Create A Filter\",\"target\":\"_blank\"}}},\"123\":{\"modified\":\"1\",\"type\":\"secondaryButton\",\"enabled\":\"1\",\"collapsed\":\"0\",\"level\":\"2\",\"fields\":{\"cb_button\":{\"type\":\"custom\",\"custom\":\"https:\\/\\/businesshelp.snapchat.com\\/en-US\\/article\\/create-geofilter\",\"entry\":\"\",\"customText\":\"View Guidelines\",\"target\":\"\"}}},\"124\":{\"modified\":\"1\",\"type\":\"mobileDeviceGrid\",\"enabled\":\"1\",\"collapsed\":\"0\",\"level\":\"1\",\"fields\":{\"cb_chillahTooltip\":{\"new1\":{\"type\":\"tooltip\",\"enabled\":\"1\",\"fields\":{\"chillah\":\"\",\"tooltipText\":\"<p>On average, more than a billion Snaps with Filters are viewed every day.<sup>1<\\/sup><\\/p>\",\"location\":\"topRight\"}}}}},\"125\":{\"modified\":\"1\",\"type\":\"device\",\"enabled\":\"1\",\"collapsed\":\"0\",\"level\":\"2\",\"fields\":{\"cb_deviceImage\":[\"101\"],\"cb_deviceVideo\":\"\",\"cb_deviceHeadline\":\"\",\"cb_deviceBody\":\"\"}},\"126\":{\"modified\":\"1\",\"type\":\"device\",\"enabled\":\"1\",\"collapsed\":\"0\",\"level\":\"2\",\"fields\":{\"cb_deviceImage\":[\"102\"],\"cb_deviceVideo\":\"\",\"cb_deviceHeadline\":\"\",\"cb_deviceBody\":\"\"}},\"127\":{\"modified\":\"1\",\"type\":\"device\",\"enabled\":\"1\",\"collapsed\":\"0\",\"level\":\"2\",\"fields\":{\"cb_deviceImage\":[\"103\"],\"cb_deviceVideo\":\"\",\"cb_deviceHeadline\":\"\",\"cb_deviceBody\":\"\"}},\"128\":{\"modified\":\"1\",\"type\":\"cb_section\",\"enabled\":\"1\",\"collapsed\":\"0\",\"level\":\"0\",\"fields\":{\"cb_sectionTitle\":\"Lenses\",\"cb_sectionBackgroundColor\":\"white\"}},\"129\":{\"modified\":\"1\",\"type\":\"centeredTextLockup\",\"enabled\":\"1\",\"collapsed\":\"0\",\"level\":\"1\"},\"130\":{\"modified\":\"1\",\"type\":\"headline\",\"enabled\":\"1\",\"collapsed\":\"0\",\"level\":\"2\",\"fields\":{\"cb_headline\":\"Lenses\"}},\"131\":{\"modified\":\"1\",\"type\":\"subhead\",\"enabled\":\"1\",\"collapsed\":\"0\",\"level\":\"2\",\"fields\":{\"cb_subhead\":\"Lenses are the most playful and memorable way to increase awareness, on a massive scale. With one tap, you can invite Snapchatters into your world \\u2014 and your story.\"}},\"132\":{\"modified\":\"1\",\"type\":\"mobileDeviceGrid\",\"enabled\":\"1\",\"collapsed\":\"0\",\"level\":\"1\",\"fields\":{\"cb_chillahTooltip\":\"\"}},\"133\":{\"modified\":\"1\",\"type\":\"device\",\"enabled\":\"1\",\"collapsed\":\"0\",\"level\":\"2\",\"fields\":{\"cb_deviceImage\":[\"104\"],\"cb_deviceVideo\":\"\",\"cb_deviceHeadline\":\"\",\"cb_deviceBody\":\"\"}},\"134\":{\"modified\":\"1\",\"type\":\"device\",\"enabled\":\"1\",\"collapsed\":\"0\",\"level\":\"2\",\"fields\":{\"cb_deviceImage\":[\"105\"],\"cb_deviceVideo\":\"\",\"cb_deviceHeadline\":\"\",\"cb_deviceBody\":\"\"}},\"135\":{\"modified\":\"1\",\"type\":\"device\",\"enabled\":\"1\",\"collapsed\":\"0\",\"level\":\"2\",\"fields\":{\"cb_deviceImage\":[\"106\"],\"cb_deviceVideo\":\"\",\"cb_deviceHeadline\":\"\",\"cb_deviceBody\":\"\"}},\"136\":{\"modified\":\"1\",\"type\":\"cb_section\",\"enabled\":\"1\",\"collapsed\":\"0\",\"level\":\"0\",\"fields\":{\"cb_sectionTitle\":\"Video\",\"cb_sectionBackgroundColor\":\"gray\"}},\"137\":{\"modified\":\"1\",\"type\":\"centeredTextLockup\",\"enabled\":\"1\",\"collapsed\":\"0\",\"level\":\"1\"},\"138\":{\"modified\":\"1\",\"type\":\"headline\",\"enabled\":\"1\",\"collapsed\":\"0\",\"level\":\"2\",\"fields\":{\"cb_headline\":\"See where your ads will run on Snapchat\"}},\"139\":{\"modified\":\"1\",\"type\":\"cb_centeredVideo\",\"enabled\":\"1\",\"collapsed\":\"0\",\"level\":\"1\",\"fields\":{\"cb_video\":\"\",\"cb_assetWidth\":\"wide\"}}},\"16\":\"1\",\"15\":\"blue\",\"7\":\"solutions\"}}', '2017-07-26 23:08:57', '2017-07-26 23:08:57', '6e4901a8-6732-4bc8-a195-ddcbd3156e1e'),
 ('40', '98', '3', '1', 'en_us', '4', '', '{\"typeId\":\"3\",\"authorId\":\"1\",\"title\":\"Solutions\",\"slug\":\"solutions\",\"postDate\":1501109280,\"expiryDate\":null,\"enabled\":1,\"parentId\":\"\",\"fields\":{\"3\":{\"107\":{\"modified\":\"1\",\"type\":\"cb_section\",\"enabled\":\"1\",\"collapsed\":\"0\",\"level\":\"0\",\"fields\":{\"cb_sectionTitle\":\"Overview\",\"cb_sectionBackgroundColor\":\"gray\"}},\"108\":{\"modified\":\"1\",\"type\":\"centeredTextLockup\",\"enabled\":\"1\",\"collapsed\":\"0\",\"level\":\"1\"},\"109\":{\"modified\":\"1\",\"type\":\"headline\",\"enabled\":\"1\",\"collapsed\":\"0\",\"level\":\"2\",\"fields\":{\"cb_headline\":\"Our ad products are fun and effective, for every objective\"}},\"110\":{\"modified\":\"1\",\"type\":\"mobileDeviceGrid\",\"enabled\":\"1\",\"collapsed\":\"0\",\"level\":\"1\",\"fields\":{\"cb_chillahTooltip\":\"\"}},\"111\":{\"modified\":\"1\",\"type\":\"device\",\"enabled\":\"1\",\"collapsed\":\"0\",\"level\":\"2\",\"fields\":{\"cb_deviceImage\":[\"100\"],\"cb_deviceVideo\":\"\",\"cb_deviceHeadline\":\"Snap Ads\",\"cb_deviceBody\":\"Captivate your audience with full-screen Snap Ads.\"}},\"112\":{\"modified\":\"1\",\"type\":\"device\",\"enabled\":\"1\",\"collapsed\":\"0\",\"level\":\"2\",\"fields\":{\"cb_deviceImage\":[\"99\"],\"cb_deviceVideo\":\"\",\"cb_deviceHeadline\":\"Filters\",\"cb_deviceBody\":\"Own a place or event with location-based Filters.\"}},\"113\":{\"modified\":\"1\",\"type\":\"device\",\"enabled\":\"1\",\"collapsed\":\"0\",\"level\":\"2\",\"fields\":{\"cb_deviceImage\":[\"101\"],\"cb_deviceVideo\":\"\",\"cb_deviceHeadline\":\"Lenses\",\"cb_deviceBody\":\"Invite customers to play and share with Lenses.\"}},\"114\":{\"modified\":\"1\",\"type\":\"cb_section\",\"enabled\":\"1\",\"collapsed\":\"0\",\"level\":\"0\",\"fields\":{\"cb_sectionTitle\":\"Snap Ads\",\"cb_sectionBackgroundColor\":\"white\"}},\"115\":{\"modified\":\"1\",\"type\":\"centeredTextLockup\",\"enabled\":\"1\",\"collapsed\":\"0\",\"level\":\"1\"},\"116\":{\"modified\":\"1\",\"type\":\"headline\",\"enabled\":\"1\",\"collapsed\":\"0\",\"level\":\"2\",\"fields\":{\"cb_headline\":\"Snap Ads\"}},\"117\":{\"modified\":\"1\",\"type\":\"subhead\",\"enabled\":\"1\",\"collapsed\":\"0\",\"level\":\"2\",\"fields\":{\"cb_subhead\":\"The original vertical video ad \\u2014 now with attachments customized for your objectives.\"}},\"118\":{\"modified\":\"1\",\"type\":\"cb_section\",\"enabled\":\"1\",\"collapsed\":\"0\",\"level\":\"0\",\"fields\":{\"cb_sectionTitle\":\"Filters\",\"cb_sectionBackgroundColor\":\"gray\"}},\"119\":{\"modified\":\"1\",\"type\":\"centeredTextLockup\",\"enabled\":\"1\",\"collapsed\":\"0\",\"level\":\"1\"},\"120\":{\"modified\":\"1\",\"type\":\"headline\",\"enabled\":\"1\",\"collapsed\":\"0\",\"level\":\"2\",\"fields\":{\"cb_headline\":\"Filters\"}},\"121\":{\"modified\":\"1\",\"type\":\"subhead\",\"enabled\":\"1\",\"collapsed\":\"0\",\"level\":\"2\",\"fields\":{\"cb_subhead\":\"Filters allow you to be where your product is bought, thought about, or consumed. Create your own Filter and drive awareness, advocacy, and action in one package.\"}},\"122\":{\"modified\":\"1\",\"type\":\"primaryButton\",\"enabled\":\"1\",\"collapsed\":\"0\",\"level\":\"2\",\"fields\":{\"cb_button\":{\"type\":\"custom\",\"custom\":\"http:\\/\\/geofilters.snapchat.com\",\"entry\":\"\",\"customText\":\"Create A Filter\",\"target\":\"_blank\"}}},\"123\":{\"modified\":\"1\",\"type\":\"secondaryButton\",\"enabled\":\"1\",\"collapsed\":\"0\",\"level\":\"2\",\"fields\":{\"cb_button\":{\"type\":\"custom\",\"custom\":\"https:\\/\\/businesshelp.snapchat.com\\/en-US\\/article\\/create-geofilter\",\"entry\":\"\",\"customText\":\"View Guidelines\",\"target\":\"\"}}},\"124\":{\"modified\":\"1\",\"type\":\"mobileDeviceGrid\",\"enabled\":\"1\",\"collapsed\":\"0\",\"level\":\"1\",\"fields\":{\"cb_chillahTooltip\":{\"140\":{\"type\":\"tooltip\",\"enabled\":\"1\",\"fields\":{\"chillah\":\"\",\"tooltipText\":\"<p>On average, more than a billion Snaps with Filters are viewed every day.<sup>1<\\/sup><\\/p>\",\"location\":\"topRight\"}}}}},\"125\":{\"modified\":\"1\",\"type\":\"device\",\"enabled\":\"1\",\"collapsed\":\"0\",\"level\":\"2\",\"fields\":{\"cb_deviceImage\":[\"101\"],\"cb_deviceVideo\":\"\",\"cb_deviceHeadline\":\"\",\"cb_deviceBody\":\"\"}},\"126\":{\"modified\":\"1\",\"type\":\"device\",\"enabled\":\"1\",\"collapsed\":\"0\",\"level\":\"2\",\"fields\":{\"cb_deviceImage\":[\"102\"],\"cb_deviceVideo\":\"\",\"cb_deviceHeadline\":\"\",\"cb_deviceBody\":\"\"}},\"127\":{\"modified\":\"1\",\"type\":\"device\",\"enabled\":\"1\",\"collapsed\":\"0\",\"level\":\"2\",\"fields\":{\"cb_deviceImage\":[\"103\"],\"cb_deviceVideo\":\"\",\"cb_deviceHeadline\":\"\",\"cb_deviceBody\":\"\"}},\"128\":{\"modified\":\"1\",\"type\":\"cb_section\",\"enabled\":\"1\",\"collapsed\":\"0\",\"level\":\"0\",\"fields\":{\"cb_sectionTitle\":\"Lenses\",\"cb_sectionBackgroundColor\":\"white\"}},\"129\":{\"modified\":\"1\",\"type\":\"centeredTextLockup\",\"enabled\":\"1\",\"collapsed\":\"0\",\"level\":\"1\"},\"130\":{\"modified\":\"1\",\"type\":\"headline\",\"enabled\":\"1\",\"collapsed\":\"0\",\"level\":\"2\",\"fields\":{\"cb_headline\":\"Lenses\"}},\"131\":{\"modified\":\"1\",\"type\":\"subhead\",\"enabled\":\"1\",\"collapsed\":\"0\",\"level\":\"2\",\"fields\":{\"cb_subhead\":\"Lenses are the most playful and memorable way to increase awareness, on a massive scale. With one tap, you can invite Snapchatters into your world \\u2014 and your story.\"}},\"132\":{\"modified\":\"1\",\"type\":\"mobileDeviceGrid\",\"enabled\":\"1\",\"collapsed\":\"0\",\"level\":\"1\",\"fields\":{\"cb_chillahTooltip\":\"\"}},\"133\":{\"modified\":\"1\",\"type\":\"device\",\"enabled\":\"1\",\"collapsed\":\"0\",\"level\":\"2\",\"fields\":{\"cb_deviceImage\":[\"104\"],\"cb_deviceVideo\":\"\",\"cb_deviceHeadline\":\"\",\"cb_deviceBody\":\"\"}},\"134\":{\"modified\":\"1\",\"type\":\"device\",\"enabled\":\"1\",\"collapsed\":\"0\",\"level\":\"2\",\"fields\":{\"cb_deviceImage\":[\"105\"],\"cb_deviceVideo\":\"\",\"cb_deviceHeadline\":\"\",\"cb_deviceBody\":\"\"}},\"135\":{\"modified\":\"1\",\"type\":\"device\",\"enabled\":\"1\",\"collapsed\":\"0\",\"level\":\"2\",\"fields\":{\"cb_deviceImage\":[\"106\"],\"cb_deviceVideo\":\"\",\"cb_deviceHeadline\":\"\",\"cb_deviceBody\":\"\"}},\"136\":{\"modified\":\"1\",\"type\":\"cb_section\",\"enabled\":\"1\",\"collapsed\":\"0\",\"level\":\"0\",\"fields\":{\"cb_sectionTitle\":\"Video\",\"cb_sectionBackgroundColor\":\"gray\"}},\"137\":{\"modified\":\"1\",\"type\":\"centeredTextLockup\",\"enabled\":\"1\",\"collapsed\":\"0\",\"level\":\"1\"},\"138\":{\"modified\":\"1\",\"type\":\"headline\",\"enabled\":\"1\",\"collapsed\":\"0\",\"level\":\"2\",\"fields\":{\"cb_headline\":\"See where your ads will run on Snapchat\"}},\"139\":{\"modified\":\"1\",\"type\":\"cb_centeredVideo\",\"enabled\":\"1\",\"collapsed\":\"0\",\"level\":\"1\",\"fields\":{\"cb_video\":\"\",\"cb_assetWidth\":\"wide\"}}},\"16\":\"1\",\"15\":\"blue\",\"7\":\"solutions\"}}', '2017-07-26 23:09:21', '2017-07-26 23:09:21', '3b0a0d0f-d3ab-4178-897f-0db0578803c5'),
 ('41', '98', '3', '1', 'en_us', '5', '', '{\"typeId\":\"3\",\"authorId\":\"1\",\"title\":\"Solutions\",\"slug\":\"solutions\",\"postDate\":1501109280,\"expiryDate\":null,\"enabled\":1,\"parentId\":\"\",\"fields\":{\"3\":{\"107\":{\"modified\":\"1\",\"type\":\"cb_section\",\"enabled\":\"1\",\"collapsed\":\"0\",\"level\":\"0\",\"fields\":{\"cb_sectionTitle\":\"Overview\",\"cb_sectionBackgroundColor\":\"gray\"}},\"108\":{\"modified\":\"1\",\"type\":\"centeredTextLockup\",\"enabled\":\"1\",\"collapsed\":\"0\",\"level\":\"1\"},\"109\":{\"modified\":\"1\",\"type\":\"headline\",\"enabled\":\"1\",\"collapsed\":\"0\",\"level\":\"2\",\"fields\":{\"cb_headline\":\"Our ad products are fun and effective, for every objective\"}},\"110\":{\"modified\":\"1\",\"type\":\"mobileDeviceGrid\",\"enabled\":\"1\",\"collapsed\":\"0\",\"level\":\"1\",\"fields\":{\"cb_chillahTooltip\":\"\"}},\"111\":{\"modified\":\"1\",\"type\":\"device\",\"enabled\":\"1\",\"collapsed\":\"0\",\"level\":\"2\",\"fields\":{\"cb_deviceImage\":[\"100\"],\"cb_deviceVideo\":\"\",\"cb_deviceHeadline\":\"Snap Ads\",\"cb_deviceBody\":\"Captivate your audience with full-screen Snap Ads.\"}},\"112\":{\"modified\":\"1\",\"type\":\"device\",\"enabled\":\"1\",\"collapsed\":\"0\",\"level\":\"2\",\"fields\":{\"cb_deviceImage\":[\"99\"],\"cb_deviceVideo\":\"\",\"cb_deviceHeadline\":\"Filters\",\"cb_deviceBody\":\"Own a place or event with location-based Filters.\"}},\"113\":{\"modified\":\"1\",\"type\":\"device\",\"enabled\":\"1\",\"collapsed\":\"0\",\"level\":\"2\",\"fields\":{\"cb_deviceImage\":[\"101\"],\"cb_deviceVideo\":\"\",\"cb_deviceHeadline\":\"Lenses\",\"cb_deviceBody\":\"Invite customers to play and share with Lenses.\"}},\"new0\":{\"modified\":\"1\",\"type\":\"cb_section\",\"enabled\":\"1\",\"collapsed\":\"0\",\"level\":\"0\",\"fields\":{\"cb_sectionTitle\":\"Snap Ads\",\"cb_sectionBackgroundColor\":\"white\"}},\"114\":{\"modified\":\"1\",\"type\":\"cb_section\",\"enabled\":\"1\",\"collapsed\":\"0\",\"level\":\"0\",\"fields\":{\"cb_sectionTitle\":\"Snap Ads\",\"cb_sectionBackgroundColor\":\"white\"}},\"115\":{\"modified\":\"1\",\"type\":\"centeredTextLockup\",\"enabled\":\"1\",\"collapsed\":\"0\",\"level\":\"1\"},\"116\":{\"modified\":\"1\",\"type\":\"headline\",\"enabled\":\"1\",\"collapsed\":\"0\",\"level\":\"2\",\"fields\":{\"cb_headline\":\"Snap Ads\"}},\"117\":{\"modified\":\"1\",\"type\":\"subhead\",\"enabled\":\"1\",\"collapsed\":\"0\",\"level\":\"2\",\"fields\":{\"cb_subhead\":\"The original vertical video ad \\u2014 now with attachments customized for your objectives.\"}},\"118\":{\"modified\":\"1\",\"type\":\"cb_section\",\"enabled\":\"1\",\"collapsed\":\"0\",\"level\":\"0\",\"fields\":{\"cb_sectionTitle\":\"Filters\",\"cb_sectionBackgroundColor\":\"gray\"}},\"119\":{\"modified\":\"1\",\"type\":\"centeredTextLockup\",\"enabled\":\"1\",\"collapsed\":\"0\",\"level\":\"1\"},\"120\":{\"modified\":\"1\",\"type\":\"headline\",\"enabled\":\"1\",\"collapsed\":\"0\",\"level\":\"2\",\"fields\":{\"cb_headline\":\"Filters\"}},\"121\":{\"modified\":\"1\",\"type\":\"subhead\",\"enabled\":\"1\",\"collapsed\":\"0\",\"level\":\"2\",\"fields\":{\"cb_subhead\":\"Filters allow you to be where your product is bought, thought about, or consumed. Create your own Filter and drive awareness, advocacy, and action in one package.\"}},\"122\":{\"modified\":\"1\",\"type\":\"primaryButton\",\"enabled\":\"1\",\"collapsed\":\"0\",\"level\":\"2\",\"fields\":{\"cb_button\":{\"type\":\"custom\",\"custom\":\"http:\\/\\/geofilters.snapchat.com\",\"entry\":\"\",\"customText\":\"Create A Filter\",\"target\":\"_blank\"}}},\"123\":{\"modified\":\"1\",\"type\":\"secondaryButton\",\"enabled\":\"1\",\"collapsed\":\"0\",\"level\":\"2\",\"fields\":{\"cb_button\":{\"type\":\"custom\",\"custom\":\"https:\\/\\/businesshelp.snapchat.com\\/en-US\\/article\\/create-geofilter\",\"entry\":\"\",\"customText\":\"View Guidelines\",\"target\":\"\"}}},\"124\":{\"modified\":\"1\",\"type\":\"mobileDeviceGrid\",\"enabled\":\"1\",\"collapsed\":\"0\",\"level\":\"1\",\"fields\":{\"cb_chillahTooltip\":{\"140\":{\"type\":\"tooltip\",\"enabled\":\"1\",\"fields\":{\"chillah\":[\"143\"],\"tooltipText\":\"<p>On average, more than a billion Snaps with Filters are viewed every day.<sup>1<\\/sup><\\/p>\",\"location\":\"topRight\"}}}}},\"125\":{\"modified\":\"1\",\"type\":\"device\",\"enabled\":\"1\",\"collapsed\":\"0\",\"level\":\"2\",\"fields\":{\"cb_deviceImage\":[\"101\"],\"cb_deviceVideo\":\"\",\"cb_deviceHeadline\":\"\",\"cb_deviceBody\":\"\"}},\"126\":{\"modified\":\"1\",\"type\":\"device\",\"enabled\":\"1\",\"collapsed\":\"0\",\"level\":\"2\",\"fields\":{\"cb_deviceImage\":[\"102\"],\"cb_deviceVideo\":\"\",\"cb_deviceHeadline\":\"\",\"cb_deviceBody\":\"\"}},\"127\":{\"modified\":\"1\",\"type\":\"device\",\"enabled\":\"1\",\"collapsed\":\"0\",\"level\":\"2\",\"fields\":{\"cb_deviceImage\":[\"103\"],\"cb_deviceVideo\":\"\",\"cb_deviceHeadline\":\"\",\"cb_deviceBody\":\"\"}},\"128\":{\"modified\":\"1\",\"type\":\"cb_section\",\"enabled\":\"1\",\"collapsed\":\"0\",\"level\":\"0\",\"fields\":{\"cb_sectionTitle\":\"Lenses\",\"cb_sectionBackgroundColor\":\"white\"}},\"129\":{\"modified\":\"1\",\"type\":\"centeredTextLockup\",\"enabled\":\"1\",\"collapsed\":\"0\",\"level\":\"1\"},\"130\":{\"modified\":\"1\",\"type\":\"headline\",\"enabled\":\"1\",\"collapsed\":\"0\",\"level\":\"2\",\"fields\":{\"cb_headline\":\"Lenses\"}},\"131\":{\"modified\":\"1\",\"type\":\"subhead\",\"enabled\":\"1\",\"collapsed\":\"0\",\"level\":\"2\",\"fields\":{\"cb_subhead\":\"Lenses are the most playful and memorable way to increase awareness, on a massive scale. With one tap, you can invite Snapchatters into your world \\u2014 and your story.\"}},\"132\":{\"modified\":\"1\",\"type\":\"mobileDeviceGrid\",\"enabled\":\"1\",\"collapsed\":\"0\",\"level\":\"1\",\"fields\":{\"cb_chillahTooltip\":\"\"}},\"133\":{\"modified\":\"1\",\"type\":\"device\",\"enabled\":\"1\",\"collapsed\":\"0\",\"level\":\"2\",\"fields\":{\"cb_deviceImage\":[\"104\"],\"cb_deviceVideo\":\"\",\"cb_deviceHeadline\":\"\",\"cb_deviceBody\":\"\"}},\"134\":{\"modified\":\"1\",\"type\":\"device\",\"enabled\":\"1\",\"collapsed\":\"0\",\"level\":\"2\",\"fields\":{\"cb_deviceImage\":[\"105\"],\"cb_deviceVideo\":\"\",\"cb_deviceHeadline\":\"\",\"cb_deviceBody\":\"\"}},\"135\":{\"modified\":\"1\",\"type\":\"device\",\"enabled\":\"1\",\"collapsed\":\"0\",\"level\":\"2\",\"fields\":{\"cb_deviceImage\":[\"106\"],\"cb_deviceVideo\":\"\",\"cb_deviceHeadline\":\"\",\"cb_deviceBody\":\"\"}},\"136\":{\"modified\":\"1\",\"type\":\"cb_section\",\"enabled\":\"1\",\"collapsed\":\"0\",\"level\":\"0\",\"fields\":{\"cb_sectionTitle\":\"Video\",\"cb_sectionBackgroundColor\":\"gray\"}},\"137\":{\"modified\":\"1\",\"type\":\"centeredTextLockup\",\"enabled\":\"1\",\"collapsed\":\"0\",\"level\":\"1\"},\"138\":{\"modified\":\"1\",\"type\":\"headline\",\"enabled\":\"1\",\"collapsed\":\"0\",\"level\":\"2\",\"fields\":{\"cb_headline\":\"See where your ads will run on Snapchat\"}},\"139\":{\"modified\":\"1\",\"type\":\"cb_centeredVideo\",\"enabled\":\"1\",\"collapsed\":\"0\",\"level\":\"1\",\"fields\":{\"cb_video\":\"\",\"cb_assetWidth\":\"wide\"}}},\"16\":\"1\",\"15\":\"blue\",\"7\":\"solutions\"}}', '2017-07-26 23:22:14', '2017-07-26 23:22:14', '2cd6341a-17aa-4115-abfa-b1feed7ae0a8'),
 ('42', '98', '3', '1', 'en_us', '6', '', '{\"typeId\":\"3\",\"authorId\":\"1\",\"title\":\"Solutions\",\"slug\":\"solutions\",\"postDate\":1501109280,\"expiryDate\":null,\"enabled\":1,\"parentId\":\"\",\"fields\":{\"3\":{\"107\":{\"modified\":\"1\",\"type\":\"cb_section\",\"enabled\":\"1\",\"collapsed\":\"0\",\"level\":\"0\",\"fields\":{\"cb_sectionTitle\":\"Overview\",\"cb_sectionBackgroundColor\":\"gray\"}},\"108\":{\"modified\":\"1\",\"type\":\"centeredTextLockup\",\"enabled\":\"1\",\"collapsed\":\"0\",\"level\":\"1\"},\"109\":{\"modified\":\"1\",\"type\":\"headline\",\"enabled\":\"1\",\"collapsed\":\"0\",\"level\":\"2\",\"fields\":{\"cb_headline\":\"Our ad products are fun and effective, for every objective\"}},\"110\":{\"modified\":\"1\",\"type\":\"mobileDeviceGrid\",\"enabled\":\"1\",\"collapsed\":\"0\",\"level\":\"1\",\"fields\":{\"cb_chillahTooltip\":\"\"}},\"111\":{\"modified\":\"1\",\"type\":\"device\",\"enabled\":\"1\",\"collapsed\":\"0\",\"level\":\"2\",\"fields\":{\"cb_deviceImage\":[\"100\"],\"cb_deviceVideo\":\"\",\"cb_deviceHeadline\":\"Snap Ads\",\"cb_deviceBody\":\"Captivate your audience with full-screen Snap Ads.\"}},\"112\":{\"modified\":\"1\",\"type\":\"device\",\"enabled\":\"1\",\"collapsed\":\"0\",\"level\":\"2\",\"fields\":{\"cb_deviceImage\":[\"99\"],\"cb_deviceVideo\":\"\",\"cb_deviceHeadline\":\"Filters\",\"cb_deviceBody\":\"Own a place or event with location-based Filters.\"}},\"113\":{\"modified\":\"1\",\"type\":\"device\",\"enabled\":\"1\",\"collapsed\":\"0\",\"level\":\"2\",\"fields\":{\"cb_deviceImage\":[\"101\"],\"cb_deviceVideo\":\"\",\"cb_deviceHeadline\":\"Lenses\",\"cb_deviceBody\":\"Invite customers to play and share with Lenses.\"}},\"144\":{\"modified\":\"1\",\"type\":\"cb_section\",\"enabled\":\"1\",\"collapsed\":\"0\",\"level\":\"0\",\"fields\":{\"cb_sectionTitle\":\"Snap Ads\",\"cb_sectionBackgroundColor\":\"white\"}},\"new0\":{\"modified\":\"1\",\"type\":\"deviceTabs\",\"enabled\":\"1\",\"collapsed\":\"0\",\"level\":\"1\",\"fields\":{\"cb_chillahTooltip\":{\"new1\":{\"type\":\"tooltip\",\"enabled\":\"1\",\"fields\":{\"chillah\":[\"141\"],\"tooltipText\":\"<p>On average, over 10 billion videos are watched on Snapchat every day.<sup>1<\\/sup><\\/p>\",\"location\":\"topLeft\"}}}}},\"new1\":{\"modified\":\"1\",\"type\":\"deviceTab\",\"enabled\":\"1\",\"collapsed\":\"0\",\"level\":\"2\",\"fields\":{\"cb_tabImage\":[\"145\"],\"tabLabel\":\"Snap Ads\",\"cb_tabDescription\":\"Snap Ads are full-screen, 100% viewable, and have audio on by default.\",\"tabVideo\":\"\"}},\"new2\":{\"modified\":\"1\",\"type\":\"deviceTab\",\"enabled\":\"1\",\"collapsed\":\"0\",\"level\":\"2\",\"fields\":{\"cb_tabImage\":\"\",\"tabLabel\":\"+ Web View\",\"cb_tabDescription\":\"Drive traffic to your pre-loaded website. With our Auto-Fill feature, Snapchatters can send you their account email and more by just tapping.\",\"tabVideo\":\"\"}},\"new3\":{\"modified\":\"1\",\"type\":\"deviceTab\",\"enabled\":\"1\",\"collapsed\":\"0\",\"level\":\"2\",\"fields\":{\"cb_tabImage\":\"\",\"tabLabel\":\"\",\"cb_tabDescription\":\"\",\"tabVideo\":\"\"}},\"new4\":{\"modified\":\"1\",\"type\":\"deviceTab\",\"enabled\":\"1\",\"collapsed\":\"0\",\"level\":\"2\",\"fields\":{\"cb_tabImage\":\"\",\"tabLabel\":\"\",\"cb_tabDescription\":\"\",\"tabVideo\":\"\"}},\"114\":{\"modified\":\"1\",\"type\":\"cb_section\",\"enabled\":\"1\",\"collapsed\":\"0\",\"level\":\"0\",\"fields\":{\"cb_sectionTitle\":\"Snap Ads\",\"cb_sectionBackgroundColor\":\"white\"}},\"115\":{\"modified\":\"1\",\"type\":\"centeredTextLockup\",\"enabled\":\"1\",\"collapsed\":\"0\",\"level\":\"1\"},\"116\":{\"modified\":\"1\",\"type\":\"headline\",\"enabled\":\"1\",\"collapsed\":\"0\",\"level\":\"2\",\"fields\":{\"cb_headline\":\"Snap Ads\"}},\"117\":{\"modified\":\"1\",\"type\":\"subhead\",\"enabled\":\"1\",\"collapsed\":\"0\",\"level\":\"2\",\"fields\":{\"cb_subhead\":\"The original vertical video ad \\u2014 now with attachments customized for your objectives.\"}},\"118\":{\"modified\":\"1\",\"type\":\"cb_section\",\"enabled\":\"1\",\"collapsed\":\"0\",\"level\":\"0\",\"fields\":{\"cb_sectionTitle\":\"Filters\",\"cb_sectionBackgroundColor\":\"gray\"}},\"119\":{\"modified\":\"1\",\"type\":\"centeredTextLockup\",\"enabled\":\"1\",\"collapsed\":\"0\",\"level\":\"1\"},\"120\":{\"modified\":\"1\",\"type\":\"headline\",\"enabled\":\"1\",\"collapsed\":\"0\",\"level\":\"2\",\"fields\":{\"cb_headline\":\"Filters\"}},\"121\":{\"modified\":\"1\",\"type\":\"subhead\",\"enabled\":\"1\",\"collapsed\":\"0\",\"level\":\"2\",\"fields\":{\"cb_subhead\":\"Filters allow you to be where your product is bought, thought about, or consumed. Create your own Filter and drive awareness, advocacy, and action in one package.\"}},\"122\":{\"modified\":\"1\",\"type\":\"primaryButton\",\"enabled\":\"1\",\"collapsed\":\"0\",\"level\":\"2\",\"fields\":{\"cb_button\":{\"type\":\"custom\",\"custom\":\"http:\\/\\/geofilters.snapchat.com\",\"entry\":\"\",\"customText\":\"Create A Filter\",\"target\":\"_blank\"}}},\"123\":{\"modified\":\"1\",\"type\":\"secondaryButton\",\"enabled\":\"1\",\"collapsed\":\"0\",\"level\":\"2\",\"fields\":{\"cb_button\":{\"type\":\"custom\",\"custom\":\"https:\\/\\/businesshelp.snapchat.com\\/en-US\\/article\\/create-geofilter\",\"entry\":\"\",\"customText\":\"View Guidelines\",\"target\":\"\"}}},\"124\":{\"modified\":\"1\",\"type\":\"mobileDeviceGrid\",\"enabled\":\"1\",\"collapsed\":\"0\",\"level\":\"1\",\"fields\":{\"cb_chillahTooltip\":{\"140\":{\"type\":\"tooltip\",\"enabled\":\"1\",\"fields\":{\"chillah\":[\"143\"],\"tooltipText\":\"<p>On average, more than a billion Snaps with Filters are viewed every day.<sup>1<\\/sup><\\/p>\",\"location\":\"topRight\"}}}}},\"125\":{\"modified\":\"1\",\"type\":\"device\",\"enabled\":\"1\",\"collapsed\":\"0\",\"level\":\"2\",\"fields\":{\"cb_deviceImage\":[\"101\"],\"cb_deviceVideo\":\"\",\"cb_deviceHeadline\":\"\",\"cb_deviceBody\":\"\"}},\"126\":{\"modified\":\"1\",\"type\":\"device\",\"enabled\":\"1\",\"collapsed\":\"0\",\"level\":\"2\",\"fields\":{\"cb_deviceImage\":[\"102\"],\"cb_deviceVideo\":\"\",\"cb_deviceHeadline\":\"\",\"cb_deviceBody\":\"\"}},\"127\":{\"modified\":\"1\",\"type\":\"device\",\"enabled\":\"1\",\"collapsed\":\"0\",\"level\":\"2\",\"fields\":{\"cb_deviceImage\":[\"103\"],\"cb_deviceVideo\":\"\",\"cb_deviceHeadline\":\"\",\"cb_deviceBody\":\"\"}},\"128\":{\"modified\":\"1\",\"type\":\"cb_section\",\"enabled\":\"1\",\"collapsed\":\"0\",\"level\":\"0\",\"fields\":{\"cb_sectionTitle\":\"Lenses\",\"cb_sectionBackgroundColor\":\"white\"}},\"129\":{\"modified\":\"1\",\"type\":\"centeredTextLockup\",\"enabled\":\"1\",\"collapsed\":\"0\",\"level\":\"1\"},\"130\":{\"modified\":\"1\",\"type\":\"headline\",\"enabled\":\"1\",\"collapsed\":\"0\",\"level\":\"2\",\"fields\":{\"cb_headline\":\"Lenses\"}},\"131\":{\"modified\":\"1\",\"type\":\"subhead\",\"enabled\":\"1\",\"collapsed\":\"0\",\"level\":\"2\",\"fields\":{\"cb_subhead\":\"Lenses are the most playful and memorable way to increase awareness, on a massive scale. With one tap, you can invite Snapchatters into your world \\u2014 and your story.\"}},\"132\":{\"modified\":\"1\",\"type\":\"mobileDeviceGrid\",\"enabled\":\"1\",\"collapsed\":\"0\",\"level\":\"1\",\"fields\":{\"cb_chillahTooltip\":\"\"}},\"133\":{\"modified\":\"1\",\"type\":\"device\",\"enabled\":\"1\",\"collapsed\":\"0\",\"level\":\"2\",\"fields\":{\"cb_deviceImage\":[\"104\"],\"cb_deviceVideo\":\"\",\"cb_deviceHeadline\":\"\",\"cb_deviceBody\":\"\"}},\"134\":{\"modified\":\"1\",\"type\":\"device\",\"enabled\":\"1\",\"collapsed\":\"0\",\"level\":\"2\",\"fields\":{\"cb_deviceImage\":[\"105\"],\"cb_deviceVideo\":\"\",\"cb_deviceHeadline\":\"\",\"cb_deviceBody\":\"\"}},\"135\":{\"modified\":\"1\",\"type\":\"device\",\"enabled\":\"1\",\"collapsed\":\"0\",\"level\":\"2\",\"fields\":{\"cb_deviceImage\":[\"106\"],\"cb_deviceVideo\":\"\",\"cb_deviceHeadline\":\"\",\"cb_deviceBody\":\"\"}},\"136\":{\"modified\":\"1\",\"type\":\"cb_section\",\"enabled\":\"1\",\"collapsed\":\"0\",\"level\":\"0\",\"fields\":{\"cb_sectionTitle\":\"Video\",\"cb_sectionBackgroundColor\":\"gray\"}},\"137\":{\"modified\":\"1\",\"type\":\"centeredTextLockup\",\"enabled\":\"1\",\"collapsed\":\"0\",\"level\":\"1\"},\"138\":{\"modified\":\"1\",\"type\":\"headline\",\"enabled\":\"1\",\"collapsed\":\"0\",\"level\":\"2\",\"fields\":{\"cb_headline\":\"See where your ads will run on Snapchat\"}}},\"16\":\"1\",\"15\":\"blue\",\"7\":\"solutions\"}}', '2017-07-26 23:33:33', '2017-07-26 23:33:33', '46e4c353-7c13-45d2-b922-a7f90f98072f'),
 ('43', '98', '3', '1', 'en_us', '7', '', '{\"typeId\":\"3\",\"authorId\":\"1\",\"title\":\"Solutions\",\"slug\":\"solutions\",\"postDate\":1501109280,\"expiryDate\":null,\"enabled\":1,\"parentId\":\"\",\"fields\":{\"3\":{\"107\":{\"modified\":\"1\",\"type\":\"cb_section\",\"enabled\":\"1\",\"collapsed\":\"0\",\"level\":\"0\",\"fields\":{\"cb_sectionTitle\":\"Overview\",\"cb_sectionBackgroundColor\":\"gray\"}},\"108\":{\"modified\":\"1\",\"type\":\"centeredTextLockup\",\"enabled\":\"1\",\"collapsed\":\"0\",\"level\":\"1\"},\"109\":{\"modified\":\"1\",\"type\":\"headline\",\"enabled\":\"1\",\"collapsed\":\"0\",\"level\":\"2\",\"fields\":{\"cb_headline\":\"Our ad products are fun and effective, for every objective\"}},\"110\":{\"modified\":\"1\",\"type\":\"mobileDeviceGrid\",\"enabled\":\"1\",\"collapsed\":\"0\",\"level\":\"1\",\"fields\":{\"cb_chillahTooltip\":\"\"}},\"111\":{\"modified\":\"1\",\"type\":\"device\",\"enabled\":\"1\",\"collapsed\":\"0\",\"level\":\"2\",\"fields\":{\"cb_deviceImage\":[\"100\"],\"cb_deviceVideo\":\"\",\"cb_deviceHeadline\":\"Snap Ads\",\"cb_deviceBody\":\"Captivate your audience with full-screen Snap Ads.\"}},\"112\":{\"modified\":\"1\",\"type\":\"device\",\"enabled\":\"1\",\"collapsed\":\"0\",\"level\":\"2\",\"fields\":{\"cb_deviceImage\":[\"99\"],\"cb_deviceVideo\":\"\",\"cb_deviceHeadline\":\"Filters\",\"cb_deviceBody\":\"Own a place or event with location-based Filters.\"}},\"113\":{\"modified\":\"1\",\"type\":\"device\",\"enabled\":\"1\",\"collapsed\":\"0\",\"level\":\"2\",\"fields\":{\"cb_deviceImage\":[\"160\"],\"cb_deviceVideo\":\"\",\"cb_deviceHeadline\":\"Lenses\",\"cb_deviceBody\":\"Invite customers to play and share with Lenses.\"}},\"144\":{\"modified\":\"1\",\"type\":\"cb_section\",\"enabled\":\"1\",\"collapsed\":\"0\",\"level\":\"0\",\"fields\":{\"cb_sectionTitle\":\"Snap Ads\",\"cb_sectionBackgroundColor\":\"white\"}},\"162\":{\"modified\":\"1\",\"type\":\"deviceTabs\",\"enabled\":\"1\",\"collapsed\":\"0\",\"level\":\"1\",\"fields\":{\"cb_chillahTooltip\":{\"163\":{\"type\":\"tooltip\",\"enabled\":\"1\",\"fields\":{\"chillah\":[\"141\"],\"tooltipText\":\"<p>On average, over 10 billion videos are watched on Snapchat every day.<sup>1<\\/sup><\\/p>\",\"location\":\"topLeft\"}}}}},\"164\":{\"modified\":\"1\",\"type\":\"deviceTab\",\"enabled\":\"1\",\"collapsed\":\"0\",\"level\":\"2\",\"fields\":{\"cb_tabImage\":[\"145\"],\"tabLabel\":\"Snap Ads\",\"cb_tabDescription\":\"Snap Ads are full-screen, 100% viewable, and have audio on by default.\",\"tabPosterImage\":[\"152\"],\"tabVideo\":\"\"}},\"165\":{\"modified\":\"1\",\"type\":\"deviceTab\",\"enabled\":\"1\",\"collapsed\":\"0\",\"level\":\"2\",\"fields\":{\"cb_tabImage\":[\"146\"],\"tabLabel\":\"+ Web View\",\"cb_tabDescription\":\"Drive traffic to your pre-loaded website. With our Auto-Fill feature, Snapchatters can send you their account email and more by just tapping.\",\"tabPosterImage\":[\"102\"],\"tabVideo\":\"\"}},\"166\":{\"modified\":\"1\",\"type\":\"deviceTab\",\"enabled\":\"1\",\"collapsed\":\"0\",\"level\":\"2\",\"fields\":{\"cb_tabImage\":[\"147\"],\"tabLabel\":\"+ App Install\",\"cb_tabDescription\":\"Drive installs for your app with a swipe and a tap. Snapchatters can even install your app without leaving ours.\",\"tabPosterImage\":[\"154\"],\"tabVideo\":\"\"}},\"167\":{\"modified\":\"1\",\"type\":\"deviceTab\",\"enabled\":\"1\",\"collapsed\":\"0\",\"level\":\"2\",\"fields\":{\"cb_tabImage\":[\"148\"],\"tabLabel\":\"+ Long Form Video\",\"cb_tabDescription\":\"Drive views for your trailer, short film, how-to, or any other video.\",\"tabPosterImage\":[\"105\"],\"tabVideo\":\"\"}},\"114\":{\"modified\":\"1\",\"type\":\"cb_section\",\"enabled\":\"1\",\"collapsed\":\"0\",\"level\":\"0\",\"fields\":{\"cb_sectionTitle\":\"Snap Ads\",\"cb_sectionBackgroundColor\":\"white\"}},\"115\":{\"modified\":\"1\",\"type\":\"centeredTextLockup\",\"enabled\":\"1\",\"collapsed\":\"0\",\"level\":\"1\"},\"116\":{\"modified\":\"1\",\"type\":\"headline\",\"enabled\":\"1\",\"collapsed\":\"0\",\"level\":\"2\",\"fields\":{\"cb_headline\":\"Snap Ads\"}},\"117\":{\"modified\":\"1\",\"type\":\"subhead\",\"enabled\":\"1\",\"collapsed\":\"0\",\"level\":\"2\",\"fields\":{\"cb_subhead\":\"The original vertical video ad \\u2014 now with attachments customized for your objectives.\"}},\"118\":{\"modified\":\"1\",\"type\":\"cb_section\",\"enabled\":\"1\",\"collapsed\":\"0\",\"level\":\"0\",\"fields\":{\"cb_sectionTitle\":\"Filters\",\"cb_sectionBackgroundColor\":\"gray\"}},\"119\":{\"modified\":\"1\",\"type\":\"centeredTextLockup\",\"enabled\":\"1\",\"collapsed\":\"0\",\"level\":\"1\"},\"120\":{\"modified\":\"1\",\"type\":\"headline\",\"enabled\":\"1\",\"collapsed\":\"0\",\"level\":\"2\",\"fields\":{\"cb_headline\":\"Filters\"}},\"121\":{\"modified\":\"1\",\"type\":\"subhead\",\"enabled\":\"1\",\"collapsed\":\"0\",\"level\":\"2\",\"fields\":{\"cb_subhead\":\"Filters allow you to be where your product is bought, thought about, or consumed. Create your own Filter and drive awareness, advocacy, and action in one package.\"}},\"122\":{\"modified\":\"1\",\"type\":\"primaryButton\",\"enabled\":\"1\",\"collapsed\":\"0\",\"level\":\"2\",\"fields\":{\"cb_button\":{\"type\":\"custom\",\"custom\":\"http:\\/\\/geofilters.snapchat.com\",\"entry\":\"\",\"customText\":\"Create A Filter\",\"target\":\"_blank\"}}},\"123\":{\"modified\":\"1\",\"type\":\"secondaryButton\",\"enabled\":\"1\",\"collapsed\":\"0\",\"level\":\"2\",\"fields\":{\"cb_button\":{\"type\":\"custom\",\"custom\":\"https:\\/\\/businesshelp.snapchat.com\\/en-US\\/article\\/create-geofilter\",\"entry\":\"\",\"customText\":\"View Guidelines\",\"target\":\"\"}}},\"124\":{\"modified\":\"1\",\"type\":\"mobileDeviceGrid\",\"enabled\":\"1\",\"collapsed\":\"0\",\"level\":\"1\",\"fields\":{\"cb_chillahTooltip\":{\"140\":{\"type\":\"tooltip\",\"enabled\":\"1\",\"fields\":{\"chillah\":[\"143\"],\"tooltipText\":\"<p>On average, more than a billion Snaps with Filters are viewed every day.<sup>1<\\/sup><\\/p>\",\"location\":\"topRight\"}}}}},\"125\":{\"modified\":\"1\",\"type\":\"device\",\"enabled\":\"1\",\"collapsed\":\"0\",\"level\":\"2\",\"fields\":{\"cb_deviceImage\":[\"101\"],\"cb_deviceVideo\":\"\",\"cb_deviceHeadline\":\"\",\"cb_deviceBody\":\"\"}},\"126\":{\"modified\":\"1\",\"type\":\"device\",\"enabled\":\"1\",\"collapsed\":\"0\",\"level\":\"2\",\"fields\":{\"cb_deviceImage\":[\"157\"],\"cb_deviceVideo\":\"\",\"cb_deviceHeadline\":\"\",\"cb_deviceBody\":\"\"}},\"127\":{\"modified\":\"1\",\"type\":\"device\",\"enabled\":\"1\",\"collapsed\":\"0\",\"level\":\"2\",\"fields\":{\"cb_deviceImage\":[\"103\"],\"cb_deviceVideo\":\"\",\"cb_deviceHeadline\":\"\",\"cb_deviceBody\":\"\"}},\"128\":{\"modified\":\"1\",\"type\":\"cb_section\",\"enabled\":\"1\",\"collapsed\":\"0\",\"level\":\"0\",\"fields\":{\"cb_sectionTitle\":\"Lenses\",\"cb_sectionBackgroundColor\":\"white\"}},\"129\":{\"modified\":\"1\",\"type\":\"centeredTextLockup\",\"enabled\":\"1\",\"collapsed\":\"0\",\"level\":\"1\"},\"130\":{\"modified\":\"1\",\"type\":\"headline\",\"enabled\":\"1\",\"collapsed\":\"0\",\"level\":\"2\",\"fields\":{\"cb_headline\":\"Lenses\"}},\"131\":{\"modified\":\"1\",\"type\":\"subhead\",\"enabled\":\"1\",\"collapsed\":\"0\",\"level\":\"2\",\"fields\":{\"cb_subhead\":\"Lenses are the most playful and memorable way to increase awareness, on a massive scale. With one tap, you can invite Snapchatters into your world \\u2014 and your story.\"}},\"132\":{\"modified\":\"1\",\"type\":\"mobileDeviceGrid\",\"enabled\":\"1\",\"collapsed\":\"0\",\"level\":\"1\",\"fields\":{\"cb_chillahTooltip\":\"\"}},\"133\":{\"modified\":\"1\",\"type\":\"device\",\"enabled\":\"1\",\"collapsed\":\"0\",\"level\":\"2\",\"fields\":{\"cb_deviceImage\":[\"159\"],\"cb_deviceVideo\":\"\",\"cb_deviceHeadline\":\"\",\"cb_deviceBody\":\"\"}},\"134\":{\"modified\":\"1\",\"type\":\"device\",\"enabled\":\"1\",\"collapsed\":\"0\",\"level\":\"2\",\"fields\":{\"cb_deviceImage\":[\"151\"],\"cb_deviceVideo\":\"\",\"cb_deviceHeadline\":\"\",\"cb_deviceBody\":\"\"}},\"135\":{\"modified\":\"1\",\"type\":\"device\",\"enabled\":\"1\",\"collapsed\":\"0\",\"level\":\"2\",\"fields\":{\"cb_deviceImage\":[\"161\"],\"cb_deviceVideo\":\"\",\"cb_deviceHeadline\":\"\",\"cb_deviceBody\":\"\"}},\"136\":{\"modified\":\"1\",\"type\":\"cb_section\",\"enabled\":\"1\",\"collapsed\":\"0\",\"level\":\"0\",\"fields\":{\"cb_sectionTitle\":\"Video\",\"cb_sectionBackgroundColor\":\"gray\"}},\"137\":{\"modified\":\"1\",\"type\":\"centeredTextLockup\",\"enabled\":\"1\",\"collapsed\":\"0\",\"level\":\"1\"},\"138\":{\"modified\":\"1\",\"type\":\"headline\",\"enabled\":\"1\",\"collapsed\":\"0\",\"level\":\"2\",\"fields\":{\"cb_headline\":\"See where your ads will run on Snapchat\"}}},\"16\":\"1\",\"15\":\"blue\",\"7\":\"solutions\"}}', '2017-07-26 23:40:25', '2017-07-26 23:40:25', '14fcc0f8-c909-4b8f-abec-384f0b68fd63'),
 ('44', '98', '3', '1', 'en_us', '8', '', '{\"typeId\":\"3\",\"authorId\":\"1\",\"title\":\"Solutions\",\"slug\":\"solutions\",\"postDate\":1501109280,\"expiryDate\":null,\"enabled\":1,\"parentId\":\"\",\"fields\":{\"3\":{\"107\":{\"modified\":\"1\",\"type\":\"cb_section\",\"enabled\":\"1\",\"collapsed\":\"0\",\"level\":\"0\",\"fields\":{\"cb_sectionTitle\":\"Overview\",\"cb_sectionBackgroundColor\":\"gray\"}},\"108\":{\"modified\":\"1\",\"type\":\"centeredTextLockup\",\"enabled\":\"1\",\"collapsed\":\"0\",\"level\":\"1\"},\"109\":{\"modified\":\"1\",\"type\":\"headline\",\"enabled\":\"1\",\"collapsed\":\"0\",\"level\":\"2\",\"fields\":{\"cb_headline\":\"Our ad products are fun and effective, for every objective\"}},\"110\":{\"modified\":\"1\",\"type\":\"mobileDeviceGrid\",\"enabled\":\"1\",\"collapsed\":\"0\",\"level\":\"1\",\"fields\":{\"cb_chillahTooltip\":\"\"}},\"111\":{\"modified\":\"1\",\"type\":\"device\",\"enabled\":\"1\",\"collapsed\":\"0\",\"level\":\"2\",\"fields\":{\"cb_deviceImage\":[\"100\"],\"cb_deviceVideo\":\"\",\"cb_deviceHeadline\":\"Snap Ads\",\"cb_deviceBody\":\"Captivate your audience with full-screen Snap Ads.\"}},\"112\":{\"modified\":\"1\",\"type\":\"device\",\"enabled\":\"1\",\"collapsed\":\"0\",\"level\":\"2\",\"fields\":{\"cb_deviceImage\":[\"99\"],\"cb_deviceVideo\":\"\",\"cb_deviceHeadline\":\"Filters\",\"cb_deviceBody\":\"Own a place or event with location-based Filters.\"}},\"113\":{\"modified\":\"1\",\"type\":\"device\",\"enabled\":\"1\",\"collapsed\":\"0\",\"level\":\"2\",\"fields\":{\"cb_deviceImage\":[\"160\"],\"cb_deviceVideo\":\"\",\"cb_deviceHeadline\":\"Lenses\",\"cb_deviceBody\":\"Invite customers to play and share with Lenses.\"}},\"144\":{\"modified\":\"1\",\"type\":\"cb_section\",\"enabled\":\"1\",\"collapsed\":\"0\",\"level\":\"0\",\"fields\":{\"cb_sectionTitle\":\"Snap Ads\",\"cb_sectionBackgroundColor\":\"white\"}},\"162\":{\"modified\":\"1\",\"type\":\"deviceTabs\",\"enabled\":\"1\",\"collapsed\":\"0\",\"level\":\"1\",\"fields\":{\"cb_chillahTooltip\":{\"163\":{\"type\":\"tooltip\",\"enabled\":\"1\",\"fields\":{\"chillah\":[\"141\"],\"tooltipText\":\"<p>On average, over 10 billion videos are watched on Snapchat every day.<sup>1<\\/sup><\\/p>\",\"location\":\"topLeft\"}}}}},\"164\":{\"modified\":\"1\",\"type\":\"deviceTab\",\"enabled\":\"1\",\"collapsed\":\"0\",\"level\":\"2\",\"fields\":{\"cb_tabImage\":[\"145\"],\"tabLabel\":\"Snap Ads\",\"cb_tabDescription\":\"Snap Ads are full-screen, 100% viewable, and have audio on by default.\",\"tabPosterImage\":[\"152\"],\"tabVideo\":\"\"}},\"165\":{\"modified\":\"1\",\"type\":\"deviceTab\",\"enabled\":\"1\",\"collapsed\":\"0\",\"level\":\"2\",\"fields\":{\"cb_tabImage\":[\"146\"],\"tabLabel\":\"+ Web View\",\"cb_tabDescription\":\"Drive traffic to your pre-loaded website. With our Auto-Fill feature, Snapchatters can send you their account email and more by just tapping.\",\"tabPosterImage\":[\"102\"],\"tabVideo\":\"\"}},\"166\":{\"modified\":\"1\",\"type\":\"deviceTab\",\"enabled\":\"1\",\"collapsed\":\"0\",\"level\":\"2\",\"fields\":{\"cb_tabImage\":[\"147\"],\"tabLabel\":\"+ App Install\",\"cb_tabDescription\":\"Drive installs for your app with a swipe and a tap. Snapchatters can even install your app without leaving ours.\",\"tabPosterImage\":[\"154\"],\"tabVideo\":\"\"}},\"167\":{\"modified\":\"1\",\"type\":\"deviceTab\",\"enabled\":\"1\",\"collapsed\":\"0\",\"level\":\"2\",\"fields\":{\"cb_tabImage\":[\"148\"],\"tabLabel\":\"+ Long Form Video\",\"cb_tabDescription\":\"Drive views for your trailer, short film, how-to, or any other video.\",\"tabPosterImage\":[\"105\"],\"tabVideo\":\"\"}},\"114\":{\"modified\":\"1\",\"type\":\"cb_section\",\"enabled\":\"1\",\"collapsed\":\"0\",\"level\":\"0\",\"fields\":{\"cb_sectionTitle\":\"Snap Ads\",\"cb_sectionBackgroundColor\":\"white\"}},\"115\":{\"modified\":\"1\",\"type\":\"centeredTextLockup\",\"enabled\":\"1\",\"collapsed\":\"0\",\"level\":\"1\"},\"116\":{\"modified\":\"1\",\"type\":\"headline\",\"enabled\":\"1\",\"collapsed\":\"0\",\"level\":\"2\",\"fields\":{\"cb_headline\":\"Snap Ads\"}},\"117\":{\"modified\":\"1\",\"type\":\"subhead\",\"enabled\":\"1\",\"collapsed\":\"0\",\"level\":\"2\",\"fields\":{\"cb_subhead\":\"The original vertical video ad \\u2014 now with attachments customized for your objectives.\"}},\"118\":{\"modified\":\"1\",\"type\":\"cb_section\",\"enabled\":\"1\",\"collapsed\":\"0\",\"level\":\"0\",\"fields\":{\"cb_sectionTitle\":\"Filters\",\"cb_sectionBackgroundColor\":\"gray\"}},\"119\":{\"modified\":\"1\",\"type\":\"centeredTextLockup\",\"enabled\":\"1\",\"collapsed\":\"0\",\"level\":\"1\"},\"120\":{\"modified\":\"1\",\"type\":\"headline\",\"enabled\":\"1\",\"collapsed\":\"0\",\"level\":\"2\",\"fields\":{\"cb_headline\":\"Filters\"}},\"121\":{\"modified\":\"1\",\"type\":\"subhead\",\"enabled\":\"1\",\"collapsed\":\"0\",\"level\":\"2\",\"fields\":{\"cb_subhead\":\"Filters allow you to be where your product is bought, thought about, or consumed. Create your own Filter and drive awareness, advocacy, and action in one package.\"}},\"122\":{\"modified\":\"1\",\"type\":\"primaryButton\",\"enabled\":\"1\",\"collapsed\":\"0\",\"level\":\"2\",\"fields\":{\"cb_button\":{\"type\":\"custom\",\"custom\":\"http:\\/\\/geofilters.snapchat.com\",\"entry\":\"\",\"customText\":\"Create A Filter\",\"target\":\"_blank\"}}},\"123\":{\"modified\":\"1\",\"type\":\"secondaryButton\",\"enabled\":\"1\",\"collapsed\":\"0\",\"level\":\"2\",\"fields\":{\"cb_button\":{\"type\":\"custom\",\"custom\":\"https:\\/\\/businesshelp.snapchat.com\\/en-US\\/article\\/create-geofilter\",\"entry\":\"\",\"customText\":\"View Guidelines\",\"target\":\"\"}}},\"124\":{\"modified\":\"1\",\"type\":\"mobileDeviceGrid\",\"enabled\":\"1\",\"collapsed\":\"0\",\"level\":\"1\",\"fields\":{\"cb_chillahTooltip\":{\"140\":{\"type\":\"tooltip\",\"enabled\":\"1\",\"fields\":{\"chillah\":[\"143\"],\"tooltipText\":\"<p>On average, more than a billion Snaps with Filters are viewed every day.<sup>1<\\/sup><\\/p>\",\"location\":\"topRight\"}}}}},\"125\":{\"modified\":\"1\",\"type\":\"device\",\"enabled\":\"1\",\"collapsed\":\"0\",\"level\":\"2\",\"fields\":{\"cb_deviceImage\":[\"101\"],\"cb_deviceVideo\":\"\",\"cb_deviceHeadline\":\"\",\"cb_deviceBody\":\"\"}},\"126\":{\"modified\":\"1\",\"type\":\"device\",\"enabled\":\"1\",\"collapsed\":\"0\",\"level\":\"2\",\"fields\":{\"cb_deviceImage\":[\"157\"],\"cb_deviceVideo\":\"\",\"cb_deviceHeadline\":\"\",\"cb_deviceBody\":\"\"}},\"127\":{\"modified\":\"1\",\"type\":\"device\",\"enabled\":\"1\",\"collapsed\":\"0\",\"level\":\"2\",\"fields\":{\"cb_deviceImage\":[\"103\"],\"cb_deviceVideo\":\"\",\"cb_deviceHeadline\":\"\",\"cb_deviceBody\":\"\"}},\"128\":{\"modified\":\"1\",\"type\":\"cb_section\",\"enabled\":\"1\",\"collapsed\":\"0\",\"level\":\"0\",\"fields\":{\"cb_sectionTitle\":\"Lenses\",\"cb_sectionBackgroundColor\":\"white\"}},\"129\":{\"modified\":\"1\",\"type\":\"centeredTextLockup\",\"enabled\":\"1\",\"collapsed\":\"0\",\"level\":\"1\"},\"130\":{\"modified\":\"1\",\"type\":\"headline\",\"enabled\":\"1\",\"collapsed\":\"0\",\"level\":\"2\",\"fields\":{\"cb_headline\":\"Lenses\"}},\"131\":{\"modified\":\"1\",\"type\":\"subhead\",\"enabled\":\"1\",\"collapsed\":\"0\",\"level\":\"2\",\"fields\":{\"cb_subhead\":\"Lenses are the most playful and memorable way to increase awareness, on a massive scale. With one tap, you can invite Snapchatters into your world \\u2014 and your story.\"}},\"132\":{\"modified\":\"1\",\"type\":\"mobileDeviceGrid\",\"enabled\":\"1\",\"collapsed\":\"0\",\"level\":\"1\",\"fields\":{\"cb_chillahTooltip\":\"\"}},\"133\":{\"modified\":\"1\",\"type\":\"device\",\"enabled\":\"1\",\"collapsed\":\"0\",\"level\":\"2\",\"fields\":{\"cb_deviceImage\":[\"159\"],\"cb_deviceVideo\":\"\",\"cb_deviceHeadline\":\"\",\"cb_deviceBody\":\"\"}},\"134\":{\"modified\":\"1\",\"type\":\"device\",\"enabled\":\"1\",\"collapsed\":\"0\",\"level\":\"2\",\"fields\":{\"cb_deviceImage\":[\"151\"],\"cb_deviceVideo\":\"\",\"cb_deviceHeadline\":\"\",\"cb_deviceBody\":\"\"}},\"135\":{\"modified\":\"1\",\"type\":\"device\",\"enabled\":\"1\",\"collapsed\":\"0\",\"level\":\"2\",\"fields\":{\"cb_deviceImage\":[\"161\"],\"cb_deviceVideo\":\"\",\"cb_deviceHeadline\":\"\",\"cb_deviceBody\":\"\"}},\"136\":{\"modified\":\"1\",\"type\":\"cb_section\",\"enabled\":\"1\",\"collapsed\":\"0\",\"level\":\"0\",\"fields\":{\"cb_sectionTitle\":\"Video\",\"cb_sectionBackgroundColor\":\"gray\"}},\"137\":{\"modified\":\"1\",\"type\":\"centeredTextLockup\",\"enabled\":\"1\",\"collapsed\":\"0\",\"level\":\"1\"},\"138\":{\"modified\":\"1\",\"type\":\"headline\",\"enabled\":\"1\",\"collapsed\":\"0\",\"level\":\"2\",\"fields\":{\"cb_headline\":\"See where your ads will run on Snapchat\"}}},\"16\":\"1\",\"15\":\"blue\",\"7\":\"solutions\"}}', '2017-07-26 23:40:35', '2017-07-26 23:40:35', '19e2068e-7dee-4bed-9ca5-c3ca91d0de15'),
 ('45', '98', '3', '1', 'en_us', '9', '', '{\"typeId\":\"3\",\"authorId\":\"1\",\"title\":\"Solutions\",\"slug\":\"solutions\",\"postDate\":1501109280,\"expiryDate\":null,\"enabled\":1,\"parentId\":\"\",\"fields\":{\"3\":{\"107\":{\"modified\":\"1\",\"type\":\"cb_section\",\"enabled\":\"1\",\"collapsed\":\"0\",\"level\":\"0\",\"fields\":{\"cb_sectionTitle\":\"Overview\",\"cb_sectionBackgroundColor\":\"gray\"}},\"108\":{\"modified\":\"1\",\"type\":\"centeredTextLockup\",\"enabled\":\"1\",\"collapsed\":\"0\",\"level\":\"1\"},\"109\":{\"modified\":\"1\",\"type\":\"headline\",\"enabled\":\"1\",\"collapsed\":\"0\",\"level\":\"2\",\"fields\":{\"cb_headline\":\"Our ad products are fun and effective, for every objective\"}},\"110\":{\"modified\":\"1\",\"type\":\"mobileDeviceGrid\",\"enabled\":\"1\",\"collapsed\":\"0\",\"level\":\"1\",\"fields\":{\"cb_chillahTooltip\":\"\"}},\"111\":{\"modified\":\"1\",\"type\":\"device\",\"enabled\":\"1\",\"collapsed\":\"0\",\"level\":\"2\",\"fields\":{\"cb_deviceImage\":[\"100\"],\"cb_deviceVideo\":\"\",\"cb_deviceHeadline\":\"Snap Ads\",\"cb_deviceBody\":\"Captivate your audience with full-screen Snap Ads.\"}},\"new0\":{\"modified\":\"1\",\"type\":\"deviceText\",\"enabled\":\"1\",\"collapsed\":\"0\",\"level\":\"3\",\"fields\":{\"cb_headline\":\"Snap Ads\",\"cb_subhead\":\"Captivate your audience with full-screen Snap Ads.\"}},\"112\":{\"modified\":\"1\",\"type\":\"device\",\"enabled\":\"1\",\"collapsed\":\"0\",\"level\":\"2\",\"fields\":{\"cb_deviceImage\":[\"99\"],\"cb_deviceVideo\":\"\",\"cb_deviceHeadline\":\"Filters\",\"cb_deviceBody\":\"Own a place or event with location-based Filters.\"}},\"new1\":{\"modified\":\"1\",\"type\":\"deviceText\",\"enabled\":\"1\",\"collapsed\":\"0\",\"level\":\"3\",\"fields\":{\"cb_headline\":\"Filters\",\"cb_subhead\":\"Own a place or event with location-based Filters.\"}},\"113\":{\"modified\":\"1\",\"type\":\"device\",\"enabled\":\"1\",\"collapsed\":\"0\",\"level\":\"2\",\"fields\":{\"cb_deviceImage\":[\"160\"],\"cb_deviceVideo\":\"\",\"cb_deviceHeadline\":\"Lenses\",\"cb_deviceBody\":\"Invite customers to play and share with Lenses.\"}},\"new2\":{\"modified\":\"1\",\"type\":\"deviceText\",\"enabled\":\"1\",\"collapsed\":\"0\",\"level\":\"3\",\"fields\":{\"cb_headline\":\"Lenses\",\"cb_subhead\":\"Invite customers to play and share with Lenses.\"}},\"144\":{\"modified\":\"1\",\"type\":\"cb_section\",\"enabled\":\"1\",\"collapsed\":\"0\",\"level\":\"0\",\"fields\":{\"cb_sectionTitle\":\"Snap Ads\",\"cb_sectionBackgroundColor\":\"white\"}},\"162\":{\"modified\":\"1\",\"type\":\"deviceTabs\",\"enabled\":\"1\",\"collapsed\":\"0\",\"level\":\"1\",\"fields\":{\"cb_chillahTooltip\":{\"163\":{\"type\":\"tooltip\",\"enabled\":\"1\",\"fields\":{\"chillah\":[\"141\"],\"tooltipText\":\"<p>On average, over 10 billion videos are watched on Snapchat every day.<sup>1<\\/sup><\\/p>\",\"location\":\"topLeft\"}}}}},\"164\":{\"modified\":\"1\",\"type\":\"deviceTab\",\"enabled\":\"1\",\"collapsed\":\"0\",\"level\":\"2\",\"fields\":{\"cb_tabImage\":[\"145\"],\"tabLabel\":\"Snap Ads\",\"cb_tabDescription\":\"Snap Ads are full-screen, 100% viewable, and have audio on by default.\",\"tabPosterImage\":[\"152\"],\"tabVideo\":\"\"}},\"165\":{\"modified\":\"1\",\"type\":\"deviceTab\",\"enabled\":\"1\",\"collapsed\":\"0\",\"level\":\"2\",\"fields\":{\"cb_tabImage\":[\"146\"],\"tabLabel\":\"+ Web View\",\"cb_tabDescription\":\"Drive traffic to your pre-loaded website. With our Auto-Fill feature, Snapchatters can send you their account email and more by just tapping.\",\"tabPosterImage\":[\"102\"],\"tabVideo\":\"\"}},\"166\":{\"modified\":\"1\",\"type\":\"deviceTab\",\"enabled\":\"1\",\"collapsed\":\"0\",\"level\":\"2\",\"fields\":{\"cb_tabImage\":[\"147\"],\"tabLabel\":\"+ App Install\",\"cb_tabDescription\":\"Drive installs for your app with a swipe and a tap. Snapchatters can even install your app without leaving ours.\",\"tabPosterImage\":[\"154\"],\"tabVideo\":\"\"}},\"167\":{\"modified\":\"1\",\"type\":\"deviceTab\",\"enabled\":\"1\",\"collapsed\":\"0\",\"level\":\"2\",\"fields\":{\"cb_tabImage\":[\"148\"],\"tabLabel\":\"+ Long Form Video\",\"cb_tabDescription\":\"Drive views for your trailer, short film, how-to, or any other video.\",\"tabPosterImage\":[\"105\"],\"tabVideo\":\"\"}},\"114\":{\"modified\":\"1\",\"type\":\"cb_section\",\"enabled\":\"1\",\"collapsed\":\"0\",\"level\":\"0\",\"fields\":{\"cb_sectionTitle\":\"Snap Ads\",\"cb_sectionBackgroundColor\":\"white\"}},\"115\":{\"modified\":\"1\",\"type\":\"centeredTextLockup\",\"enabled\":\"1\",\"collapsed\":\"0\",\"level\":\"1\"},\"116\":{\"modified\":\"1\",\"type\":\"headline\",\"enabled\":\"1\",\"collapsed\":\"0\",\"level\":\"2\",\"fields\":{\"cb_headline\":\"Snap Ads\"}},\"117\":{\"modified\":\"1\",\"type\":\"subhead\",\"enabled\":\"1\",\"collapsed\":\"0\",\"level\":\"2\",\"fields\":{\"cb_subhead\":\"The original vertical video ad \\u2014 now with attachments customized for your objectives.\"}},\"118\":{\"modified\":\"1\",\"type\":\"cb_section\",\"enabled\":\"1\",\"collapsed\":\"0\",\"level\":\"0\",\"fields\":{\"cb_sectionTitle\":\"Filters\",\"cb_sectionBackgroundColor\":\"gray\"}},\"119\":{\"modified\":\"1\",\"type\":\"centeredTextLockup\",\"enabled\":\"1\",\"collapsed\":\"0\",\"level\":\"1\"},\"120\":{\"modified\":\"1\",\"type\":\"headline\",\"enabled\":\"1\",\"collapsed\":\"0\",\"level\":\"2\",\"fields\":{\"cb_headline\":\"Filters\"}},\"121\":{\"modified\":\"1\",\"type\":\"subhead\",\"enabled\":\"1\",\"collapsed\":\"0\",\"level\":\"2\",\"fields\":{\"cb_subhead\":\"Filters allow you to be where your product is bought, thought about, or consumed. Create your own Filter and drive awareness, advocacy, and action in one package.\"}},\"122\":{\"modified\":\"1\",\"type\":\"primaryButton\",\"enabled\":\"1\",\"collapsed\":\"0\",\"level\":\"2\",\"fields\":{\"cb_button\":{\"type\":\"custom\",\"custom\":\"http:\\/\\/geofilters.snapchat.com\",\"entry\":\"\",\"customText\":\"Create A Filter\",\"target\":\"_blank\"}}},\"123\":{\"modified\":\"1\",\"type\":\"secondaryButton\",\"enabled\":\"1\",\"collapsed\":\"0\",\"level\":\"2\",\"fields\":{\"cb_button\":{\"type\":\"custom\",\"custom\":\"https:\\/\\/businesshelp.snapchat.com\\/en-US\\/article\\/create-geofilter\",\"entry\":\"\",\"customText\":\"View Guidelines\",\"target\":\"\"}}},\"124\":{\"modified\":\"1\",\"type\":\"mobileDeviceGrid\",\"enabled\":\"1\",\"collapsed\":\"0\",\"level\":\"1\",\"fields\":{\"cb_chillahTooltip\":{\"140\":{\"type\":\"tooltip\",\"enabled\":\"1\",\"fields\":{\"chillah\":[\"143\"],\"tooltipText\":\"<p>On average, more than a billion Snaps with Filters are viewed every day.<sup>1<\\/sup><\\/p>\",\"location\":\"topRight\"}}}}},\"125\":{\"modified\":\"1\",\"type\":\"device\",\"enabled\":\"1\",\"collapsed\":\"0\",\"level\":\"2\",\"fields\":{\"cb_deviceImage\":[\"101\"],\"cb_deviceVideo\":\"\",\"cb_deviceHeadline\":\"\",\"cb_deviceBody\":\"\"}},\"126\":{\"modified\":\"1\",\"type\":\"device\",\"enabled\":\"1\",\"collapsed\":\"0\",\"level\":\"2\",\"fields\":{\"cb_deviceImage\":[\"157\"],\"cb_deviceVideo\":\"\",\"cb_deviceHeadline\":\"\",\"cb_deviceBody\":\"\"}},\"127\":{\"modified\":\"1\",\"type\":\"device\",\"enabled\":\"1\",\"collapsed\":\"0\",\"level\":\"2\",\"fields\":{\"cb_deviceImage\":[\"103\"],\"cb_deviceVideo\":\"\",\"cb_deviceHeadline\":\"\",\"cb_deviceBody\":\"\"}},\"128\":{\"modified\":\"1\",\"type\":\"cb_section\",\"enabled\":\"1\",\"collapsed\":\"0\",\"level\":\"0\",\"fields\":{\"cb_sectionTitle\":\"Lenses\",\"cb_sectionBackgroundColor\":\"white\"}},\"129\":{\"modified\":\"1\",\"type\":\"centeredTextLockup\",\"enabled\":\"1\",\"collapsed\":\"0\",\"level\":\"1\"},\"130\":{\"modified\":\"1\",\"type\":\"headline\",\"enabled\":\"1\",\"collapsed\":\"0\",\"level\":\"2\",\"fields\":{\"cb_headline\":\"Lenses\"}},\"131\":{\"modified\":\"1\",\"type\":\"subhead\",\"enabled\":\"1\",\"collapsed\":\"0\",\"level\":\"2\",\"fields\":{\"cb_subhead\":\"Lenses are the most playful and memorable way to increase awareness, on a massive scale. With one tap, you can invite Snapchatters into your world \\u2014 and your story.\"}},\"132\":{\"modified\":\"1\",\"type\":\"mobileDeviceGrid\",\"enabled\":\"1\",\"collapsed\":\"0\",\"level\":\"1\",\"fields\":{\"cb_chillahTooltip\":\"\"}},\"133\":{\"modified\":\"1\",\"type\":\"device\",\"enabled\":\"1\",\"collapsed\":\"0\",\"level\":\"2\",\"fields\":{\"cb_deviceImage\":[\"159\"],\"cb_deviceVideo\":\"\",\"cb_deviceHeadline\":\"\",\"cb_deviceBody\":\"\"}},\"134\":{\"modified\":\"1\",\"type\":\"device\",\"enabled\":\"1\",\"collapsed\":\"0\",\"level\":\"2\",\"fields\":{\"cb_deviceImage\":[\"151\"],\"cb_deviceVideo\":\"\",\"cb_deviceHeadline\":\"\",\"cb_deviceBody\":\"\"}},\"135\":{\"modified\":\"1\",\"type\":\"device\",\"enabled\":\"1\",\"collapsed\":\"0\",\"level\":\"2\",\"fields\":{\"cb_deviceImage\":[\"161\"],\"cb_deviceVideo\":\"\",\"cb_deviceHeadline\":\"\",\"cb_deviceBody\":\"\"}},\"136\":{\"modified\":\"1\",\"type\":\"cb_section\",\"enabled\":\"1\",\"collapsed\":\"0\",\"level\":\"0\",\"fields\":{\"cb_sectionTitle\":\"Video\",\"cb_sectionBackgroundColor\":\"gray\"}},\"137\":{\"modified\":\"1\",\"type\":\"centeredTextLockup\",\"enabled\":\"1\",\"collapsed\":\"0\",\"level\":\"1\"},\"138\":{\"modified\":\"1\",\"type\":\"headline\",\"enabled\":\"1\",\"collapsed\":\"0\",\"level\":\"2\",\"fields\":{\"cb_headline\":\"See where your ads will run on Snapchat\"}}},\"16\":\"1\",\"15\":\"blue\",\"7\":\"solutions\"}}', '2017-07-26 23:45:50', '2017-07-26 23:45:50', '9b03ee54-b609-4eb2-829d-ebad9a8b52ee'),
 ('46', '98', '3', '1', 'en_us', '10', '', '{\"typeId\":\"3\",\"authorId\":\"1\",\"title\":\"Solutions\",\"slug\":\"solutions\",\"postDate\":1501109280,\"expiryDate\":null,\"enabled\":1,\"parentId\":\"\",\"fields\":{\"3\":{\"107\":{\"modified\":\"1\",\"type\":\"cb_section\",\"enabled\":\"1\",\"collapsed\":\"0\",\"level\":\"0\",\"fields\":{\"cb_sectionTitle\":\"Overview\",\"cb_sectionBackgroundColor\":\"gray\"}},\"108\":{\"modified\":\"1\",\"type\":\"centeredTextLockup\",\"enabled\":\"1\",\"collapsed\":\"0\",\"level\":\"1\"},\"109\":{\"modified\":\"1\",\"type\":\"headline\",\"enabled\":\"1\",\"collapsed\":\"0\",\"level\":\"2\",\"fields\":{\"cb_headline\":\"Our ad products are fun and effective, for every objective\"}},\"110\":{\"modified\":\"1\",\"type\":\"mobileDeviceGrid\",\"enabled\":\"1\",\"collapsed\":\"0\",\"level\":\"1\",\"fields\":{\"cb_chillahTooltip\":\"\"}},\"111\":{\"modified\":\"1\",\"type\":\"device\",\"enabled\":\"1\",\"collapsed\":\"0\",\"level\":\"2\",\"fields\":{\"cb_deviceImage\":[\"100\"],\"cb_deviceVideo\":\"\",\"cb_deviceHeadline\":\"Snap Ads\",\"cb_deviceBody\":\"Captivate your audience with full-screen Snap Ads.\"}},\"168\":{\"modified\":\"1\",\"type\":\"deviceText\",\"enabled\":\"1\",\"collapsed\":\"0\",\"level\":\"3\",\"fields\":{\"cb_headline\":\"Snap Ads\",\"cb_subhead\":\"Captivate your audience with full-screen Snap Ads.\"}},\"112\":{\"modified\":\"1\",\"type\":\"device\",\"enabled\":\"1\",\"collapsed\":\"0\",\"level\":\"2\",\"fields\":{\"cb_deviceImage\":[\"99\"],\"cb_deviceVideo\":\"\",\"cb_deviceHeadline\":\"Filters\",\"cb_deviceBody\":\"Own a place or event with location-based Filters.\"}},\"169\":{\"modified\":\"1\",\"type\":\"deviceText\",\"enabled\":\"1\",\"collapsed\":\"0\",\"level\":\"3\",\"fields\":{\"cb_headline\":\"Filters\",\"cb_subhead\":\"Own a place or event with location-based Filters.\"}},\"113\":{\"modified\":\"1\",\"type\":\"device\",\"enabled\":\"1\",\"collapsed\":\"0\",\"level\":\"2\",\"fields\":{\"cb_deviceImage\":[\"160\"],\"cb_deviceVideo\":\"\",\"cb_deviceHeadline\":\"Lenses\",\"cb_deviceBody\":\"Invite customers to play and share with Lenses.\"}},\"170\":{\"modified\":\"1\",\"type\":\"deviceText\",\"enabled\":\"1\",\"collapsed\":\"0\",\"level\":\"3\",\"fields\":{\"cb_headline\":\"Lenses\",\"cb_subhead\":\"Invite customers to play and share with Lenses.\"}},\"144\":{\"modified\":\"1\",\"type\":\"cb_section\",\"enabled\":\"1\",\"collapsed\":\"0\",\"level\":\"0\",\"fields\":{\"cb_sectionTitle\":\"Snap Ads\",\"cb_sectionBackgroundColor\":\"white\"}},\"162\":{\"modified\":\"1\",\"type\":\"deviceTabs\",\"enabled\":\"1\",\"collapsed\":\"0\",\"level\":\"1\",\"fields\":{\"cb_chillahTooltip\":{\"163\":{\"type\":\"tooltip\",\"enabled\":\"1\",\"fields\":{\"chillah\":[\"141\"],\"tooltipText\":\"<p>On average, over 10 billion videos are watched on Snapchat every day.<sup>1<\\/sup><\\/p>\",\"location\":\"topLeft\"}}}}},\"164\":{\"modified\":\"1\",\"type\":\"deviceTab\",\"enabled\":\"1\",\"collapsed\":\"0\",\"level\":\"2\",\"fields\":{\"cb_tabImage\":[\"145\"],\"tabLabel\":\"Snap Ads\",\"cb_tabDescription\":\"Snap Ads are full-screen, 100% viewable, and have audio on by default.\",\"tabPosterImage\":[\"152\"],\"tabVideo\":\"\"}},\"165\":{\"modified\":\"1\",\"type\":\"deviceTab\",\"enabled\":\"1\",\"collapsed\":\"0\",\"level\":\"2\",\"fields\":{\"cb_tabImage\":[\"146\"],\"tabLabel\":\"+ Web View\",\"cb_tabDescription\":\"Drive traffic to your pre-loaded website. With our Auto-Fill feature, Snapchatters can send you their account email and more by just tapping.\",\"tabPosterImage\":[\"102\"],\"tabVideo\":\"\"}},\"166\":{\"modified\":\"1\",\"type\":\"deviceTab\",\"enabled\":\"1\",\"collapsed\":\"0\",\"level\":\"2\",\"fields\":{\"cb_tabImage\":[\"147\"],\"tabLabel\":\"+ App Install\",\"cb_tabDescription\":\"Drive installs for your app with a swipe and a tap. Snapchatters can even install your app without leaving ours.\",\"tabPosterImage\":[\"154\"],\"tabVideo\":\"\"}},\"167\":{\"modified\":\"1\",\"type\":\"deviceTab\",\"enabled\":\"1\",\"collapsed\":\"0\",\"level\":\"2\",\"fields\":{\"cb_tabImage\":[\"148\"],\"tabLabel\":\"+ Long Form Video\",\"cb_tabDescription\":\"Drive views for your trailer, short film, how-to, or any other video.\",\"tabPosterImage\":[\"105\"],\"tabVideo\":\"\"}},\"114\":{\"modified\":\"1\",\"type\":\"cb_section\",\"enabled\":\"1\",\"collapsed\":\"0\",\"level\":\"0\",\"fields\":{\"cb_sectionTitle\":\"Snap Ads\",\"cb_sectionBackgroundColor\":\"white\"}},\"115\":{\"modified\":\"1\",\"type\":\"centeredTextLockup\",\"enabled\":\"1\",\"collapsed\":\"0\",\"level\":\"1\"},\"116\":{\"modified\":\"1\",\"type\":\"headline\",\"enabled\":\"1\",\"collapsed\":\"0\",\"level\":\"2\",\"fields\":{\"cb_headline\":\"Snap Ads\"}},\"117\":{\"modified\":\"1\",\"type\":\"subhead\",\"enabled\":\"1\",\"collapsed\":\"0\",\"level\":\"2\",\"fields\":{\"cb_subhead\":\"The original vertical video ad \\u2014 now with attachments customized for your objectives.\"}},\"118\":{\"modified\":\"1\",\"type\":\"cb_section\",\"enabled\":\"1\",\"collapsed\":\"0\",\"level\":\"0\",\"fields\":{\"cb_sectionTitle\":\"Filters\",\"cb_sectionBackgroundColor\":\"gray\"}},\"119\":{\"modified\":\"1\",\"type\":\"centeredTextLockup\",\"enabled\":\"1\",\"collapsed\":\"0\",\"level\":\"1\"},\"120\":{\"modified\":\"1\",\"type\":\"headline\",\"enabled\":\"1\",\"collapsed\":\"0\",\"level\":\"2\",\"fields\":{\"cb_headline\":\"Filters\"}},\"121\":{\"modified\":\"1\",\"type\":\"subhead\",\"enabled\":\"1\",\"collapsed\":\"0\",\"level\":\"2\",\"fields\":{\"cb_subhead\":\"Filters allow you to be where your product is bought, thought about, or consumed. Create your own Filter and drive awareness, advocacy, and action in one package.\"}},\"122\":{\"modified\":\"1\",\"type\":\"primaryButton\",\"enabled\":\"1\",\"collapsed\":\"0\",\"level\":\"2\",\"fields\":{\"cb_button\":{\"type\":\"custom\",\"custom\":\"http:\\/\\/geofilters.snapchat.com\",\"entry\":\"\",\"customText\":\"Create A Filter\",\"target\":\"_blank\"}}},\"123\":{\"modified\":\"1\",\"type\":\"secondaryButton\",\"enabled\":\"1\",\"collapsed\":\"0\",\"level\":\"2\",\"fields\":{\"cb_button\":{\"type\":\"custom\",\"custom\":\"https:\\/\\/businesshelp.snapchat.com\\/en-US\\/article\\/create-geofilter\",\"entry\":\"\",\"customText\":\"View Guidelines\",\"target\":\"\"}}},\"124\":{\"modified\":\"1\",\"type\":\"mobileDeviceGrid\",\"enabled\":\"1\",\"collapsed\":\"0\",\"level\":\"1\",\"fields\":{\"cb_chillahTooltip\":{\"140\":{\"type\":\"tooltip\",\"enabled\":\"1\",\"fields\":{\"chillah\":[\"143\"],\"tooltipText\":\"<p>On average, more than a billion Snaps with Filters are viewed every day.<sup>1<\\/sup><\\/p>\",\"location\":\"topRight\"}}}}},\"125\":{\"modified\":\"1\",\"type\":\"device\",\"enabled\":\"1\",\"collapsed\":\"0\",\"level\":\"2\",\"fields\":{\"cb_deviceImage\":[\"101\"],\"cb_deviceVideo\":\"\",\"cb_deviceHeadline\":\"\",\"cb_deviceBody\":\"\"}},\"126\":{\"modified\":\"1\",\"type\":\"device\",\"enabled\":\"1\",\"collapsed\":\"0\",\"level\":\"2\",\"fields\":{\"cb_deviceImage\":[\"157\"],\"cb_deviceVideo\":\"\",\"cb_deviceHeadline\":\"\",\"cb_deviceBody\":\"\"}},\"127\":{\"modified\":\"1\",\"type\":\"device\",\"enabled\":\"1\",\"collapsed\":\"0\",\"level\":\"2\",\"fields\":{\"cb_deviceImage\":[\"103\"],\"cb_deviceVideo\":\"\",\"cb_deviceHeadline\":\"\",\"cb_deviceBody\":\"\"}},\"128\":{\"modified\":\"1\",\"type\":\"cb_section\",\"enabled\":\"1\",\"collapsed\":\"0\",\"level\":\"0\",\"fields\":{\"cb_sectionTitle\":\"Lenses\",\"cb_sectionBackgroundColor\":\"white\"}},\"129\":{\"modified\":\"1\",\"type\":\"centeredTextLockup\",\"enabled\":\"1\",\"collapsed\":\"0\",\"level\":\"1\"},\"130\":{\"modified\":\"1\",\"type\":\"headline\",\"enabled\":\"1\",\"collapsed\":\"0\",\"level\":\"2\",\"fields\":{\"cb_headline\":\"Lenses\"}},\"131\":{\"modified\":\"1\",\"type\":\"subhead\",\"enabled\":\"1\",\"collapsed\":\"0\",\"level\":\"2\",\"fields\":{\"cb_subhead\":\"Lenses are the most playful and memorable way to increase awareness, on a massive scale. With one tap, you can invite Snapchatters into your world \\u2014 and your story.\"}},\"132\":{\"modified\":\"1\",\"type\":\"mobileDeviceGrid\",\"enabled\":\"1\",\"collapsed\":\"0\",\"level\":\"1\",\"fields\":{\"cb_chillahTooltip\":\"\"}},\"133\":{\"modified\":\"1\",\"type\":\"device\",\"enabled\":\"1\",\"collapsed\":\"0\",\"level\":\"2\",\"fields\":{\"cb_deviceImage\":[\"159\"],\"cb_deviceVideo\":\"\",\"cb_deviceHeadline\":\"\",\"cb_deviceBody\":\"\"}},\"134\":{\"modified\":\"1\",\"type\":\"device\",\"enabled\":\"1\",\"collapsed\":\"0\",\"level\":\"2\",\"fields\":{\"cb_deviceImage\":[\"151\"],\"cb_deviceVideo\":\"\",\"cb_deviceHeadline\":\"\",\"cb_deviceBody\":\"\"}},\"135\":{\"modified\":\"1\",\"type\":\"device\",\"enabled\":\"1\",\"collapsed\":\"0\",\"level\":\"2\",\"fields\":{\"cb_deviceImage\":[\"161\"],\"cb_deviceVideo\":\"\",\"cb_deviceHeadline\":\"\",\"cb_deviceBody\":\"\"}},\"136\":{\"modified\":\"1\",\"type\":\"cb_section\",\"enabled\":\"1\",\"collapsed\":\"0\",\"level\":\"0\",\"fields\":{\"cb_sectionTitle\":\"Video\",\"cb_sectionBackgroundColor\":\"gray\"}},\"137\":{\"modified\":\"1\",\"type\":\"centeredTextLockup\",\"enabled\":\"1\",\"collapsed\":\"0\",\"level\":\"1\"},\"138\":{\"modified\":\"1\",\"type\":\"headline\",\"enabled\":\"1\",\"collapsed\":\"0\",\"level\":\"2\",\"fields\":{\"cb_headline\":\"See where your ads will run on Snapchat\"}}},\"16\":\"1\",\"15\":\"blue\",\"7\":\"solutions\"}}', '2017-07-26 23:47:16', '2017-07-26 23:47:16', '6440cb5e-0e49-46a1-a6d2-8db19d9564b9'),
 ('47', '98', '3', '1', 'en_us', '11', '', '{\"typeId\":\"3\",\"authorId\":\"1\",\"title\":\"Solutions\",\"slug\":\"solutions\",\"postDate\":1501109280,\"expiryDate\":null,\"enabled\":1,\"parentId\":\"\",\"fields\":{\"3\":{\"107\":{\"modified\":\"1\",\"type\":\"cb_section\",\"enabled\":\"1\",\"collapsed\":\"0\",\"level\":\"0\",\"fields\":{\"cb_sectionTitle\":\"Overview\",\"cb_sectionBackgroundColor\":\"gray\"}},\"108\":{\"modified\":\"1\",\"type\":\"centeredTextLockup\",\"enabled\":\"1\",\"collapsed\":\"0\",\"level\":\"1\"},\"109\":{\"modified\":\"1\",\"type\":\"headline\",\"enabled\":\"1\",\"collapsed\":\"0\",\"level\":\"2\",\"fields\":{\"cb_headline\":\"Our ad products are fun and effective, for every objective\"}},\"110\":{\"modified\":\"1\",\"type\":\"mobileDeviceGrid\",\"enabled\":\"1\",\"collapsed\":\"0\",\"level\":\"1\",\"fields\":{\"cb_chillahTooltip\":\"\"}},\"111\":{\"modified\":\"1\",\"type\":\"device\",\"enabled\":\"1\",\"collapsed\":\"0\",\"level\":\"2\",\"fields\":{\"cb_devicePosterImage\":[\"100\"],\"cb_deviceVideo\":\"\"}},\"168\":{\"modified\":\"1\",\"type\":\"deviceText\",\"enabled\":\"1\",\"collapsed\":\"0\",\"level\":\"3\",\"fields\":{\"cb_headline\":\"Snap Ads\",\"cb_subhead\":\"Captivate your audience with full-screen Snap Ads.\"}},\"112\":{\"modified\":\"1\",\"type\":\"device\",\"enabled\":\"1\",\"collapsed\":\"0\",\"level\":\"2\",\"fields\":{\"cb_devicePosterImage\":[\"99\"],\"cb_deviceVideo\":\"\"}},\"169\":{\"modified\":\"1\",\"type\":\"deviceText\",\"enabled\":\"1\",\"collapsed\":\"0\",\"level\":\"3\",\"fields\":{\"cb_headline\":\"Filters\",\"cb_subhead\":\"Own a place or event with location-based Filters.\"}},\"113\":{\"modified\":\"1\",\"type\":\"device\",\"enabled\":\"1\",\"collapsed\":\"0\",\"level\":\"2\",\"fields\":{\"cb_devicePosterImage\":[\"160\"],\"cb_deviceVideo\":\"\"}},\"170\":{\"modified\":\"1\",\"type\":\"deviceText\",\"enabled\":\"1\",\"collapsed\":\"0\",\"level\":\"3\",\"fields\":{\"cb_headline\":\"Lenses\",\"cb_subhead\":\"Invite customers to play and share with Lenses.\"}},\"144\":{\"modified\":\"1\",\"type\":\"cb_section\",\"enabled\":\"1\",\"collapsed\":\"0\",\"level\":\"0\",\"fields\":{\"cb_sectionTitle\":\"Snap Ads\",\"cb_sectionBackgroundColor\":\"white\"}},\"162\":{\"modified\":\"1\",\"type\":\"deviceTabs\",\"enabled\":\"1\",\"collapsed\":\"0\",\"level\":\"1\",\"fields\":{\"cb_chillahTooltip\":{\"163\":{\"type\":\"tooltip\",\"enabled\":\"1\",\"fields\":{\"chillah\":[\"141\"],\"tooltipText\":\"<p>On average, over 10 billion videos are watched on Snapchat every day.<sup>1<\\/sup><\\/p>\",\"location\":\"topLeft\"}}}}},\"164\":{\"modified\":\"1\",\"type\":\"deviceTab\",\"enabled\":\"1\",\"collapsed\":\"0\",\"level\":\"2\",\"fields\":{\"cb_tabImage\":[\"145\"],\"tabLabel\":\"Snap Ads\",\"cb_tabDescription\":\"Snap Ads are full-screen, 100% viewable, and have audio on by default.\",\"cb_devicePosterImage\":[\"152\"],\"cb_deviceVideo\":\"\"}},\"165\":{\"modified\":\"1\",\"type\":\"deviceTab\",\"enabled\":\"1\",\"collapsed\":\"0\",\"level\":\"2\",\"fields\":{\"cb_tabImage\":[\"146\"],\"tabLabel\":\"+ Web View\",\"cb_tabDescription\":\"Drive traffic to your pre-loaded website. With our Auto-Fill feature, Snapchatters can send you their account email and more by just tapping.\",\"cb_devicePosterImage\":[\"102\"],\"cb_deviceVideo\":\"\"}},\"166\":{\"modified\":\"1\",\"type\":\"deviceTab\",\"enabled\":\"1\",\"collapsed\":\"0\",\"level\":\"2\",\"fields\":{\"cb_tabImage\":[\"147\"],\"tabLabel\":\"+ App Install\",\"cb_tabDescription\":\"Drive installs for your app with a swipe and a tap. Snapchatters can even install your app without leaving ours.\",\"cb_devicePosterImage\":[\"154\"],\"cb_deviceVideo\":\"\"}},\"167\":{\"modified\":\"1\",\"type\":\"deviceTab\",\"enabled\":\"1\",\"collapsed\":\"0\",\"level\":\"2\",\"fields\":{\"cb_tabImage\":[\"148\"],\"tabLabel\":\"+ Long Form Video\",\"cb_tabDescription\":\"Drive views for your trailer, short film, how-to, or any other video.\",\"cb_devicePosterImage\":[\"105\"],\"cb_deviceVideo\":\"\"}},\"114\":{\"modified\":\"1\",\"type\":\"cb_section\",\"enabled\":\"1\",\"collapsed\":\"0\",\"level\":\"0\",\"fields\":{\"cb_sectionTitle\":\"Snap Ads\",\"cb_sectionBackgroundColor\":\"white\"}},\"115\":{\"modified\":\"1\",\"type\":\"centeredTextLockup\",\"enabled\":\"1\",\"collapsed\":\"0\",\"level\":\"1\"},\"116\":{\"modified\":\"1\",\"type\":\"headline\",\"enabled\":\"1\",\"collapsed\":\"0\",\"level\":\"2\",\"fields\":{\"cb_headline\":\"Snap Ads\"}},\"117\":{\"modified\":\"1\",\"type\":\"subhead\",\"enabled\":\"1\",\"collapsed\":\"0\",\"level\":\"2\",\"fields\":{\"cb_subhead\":\"The original vertical video ad \\u2014 now with attachments customized for your objectives.\"}},\"118\":{\"modified\":\"1\",\"type\":\"cb_section\",\"enabled\":\"1\",\"collapsed\":\"0\",\"level\":\"0\",\"fields\":{\"cb_sectionTitle\":\"Filters\",\"cb_sectionBackgroundColor\":\"gray\"}},\"119\":{\"modified\":\"1\",\"type\":\"centeredTextLockup\",\"enabled\":\"1\",\"collapsed\":\"0\",\"level\":\"1\"},\"120\":{\"modified\":\"1\",\"type\":\"headline\",\"enabled\":\"1\",\"collapsed\":\"0\",\"level\":\"2\",\"fields\":{\"cb_headline\":\"Filters\"}},\"121\":{\"modified\":\"1\",\"type\":\"subhead\",\"enabled\":\"1\",\"collapsed\":\"0\",\"level\":\"2\",\"fields\":{\"cb_subhead\":\"Filters allow you to be where your product is bought, thought about, or consumed. Create your own Filter and drive awareness, advocacy, and action in one package.\"}},\"122\":{\"modified\":\"1\",\"type\":\"primaryButton\",\"enabled\":\"1\",\"collapsed\":\"0\",\"level\":\"2\",\"fields\":{\"cb_button\":{\"type\":\"custom\",\"custom\":\"http:\\/\\/geofilters.snapchat.com\",\"entry\":\"\",\"customText\":\"Create A Filter\",\"target\":\"_blank\"}}},\"123\":{\"modified\":\"1\",\"type\":\"secondaryButton\",\"enabled\":\"1\",\"collapsed\":\"0\",\"level\":\"2\",\"fields\":{\"cb_button\":{\"type\":\"custom\",\"custom\":\"https:\\/\\/businesshelp.snapchat.com\\/en-US\\/article\\/create-geofilter\",\"entry\":\"\",\"customText\":\"View Guidelines\",\"target\":\"\"}}},\"124\":{\"modified\":\"1\",\"type\":\"mobileDeviceGrid\",\"enabled\":\"1\",\"collapsed\":\"0\",\"level\":\"1\",\"fields\":{\"cb_chillahTooltip\":{\"140\":{\"type\":\"tooltip\",\"enabled\":\"1\",\"fields\":{\"chillah\":[\"143\"],\"tooltipText\":\"<p>On average, more than a billion Snaps with Filters are viewed every day.<sup>1<\\/sup><\\/p>\",\"location\":\"topRight\"}}}}},\"125\":{\"modified\":\"1\",\"type\":\"device\",\"enabled\":\"1\",\"collapsed\":\"0\",\"level\":\"2\",\"fields\":{\"cb_devicePosterImage\":[\"101\"],\"cb_deviceVideo\":\"\"}},\"126\":{\"modified\":\"1\",\"type\":\"device\",\"enabled\":\"1\",\"collapsed\":\"0\",\"level\":\"2\",\"fields\":{\"cb_devicePosterImage\":[\"157\"],\"cb_deviceVideo\":\"\"}},\"127\":{\"modified\":\"1\",\"type\":\"device\",\"enabled\":\"1\",\"collapsed\":\"0\",\"level\":\"2\",\"fields\":{\"cb_devicePosterImage\":[\"103\"],\"cb_deviceVideo\":\"\"}},\"128\":{\"modified\":\"1\",\"type\":\"cb_section\",\"enabled\":\"1\",\"collapsed\":\"0\",\"level\":\"0\",\"fields\":{\"cb_sectionTitle\":\"Lenses\",\"cb_sectionBackgroundColor\":\"white\"}},\"129\":{\"modified\":\"1\",\"type\":\"centeredTextLockup\",\"enabled\":\"1\",\"collapsed\":\"0\",\"level\":\"1\"},\"130\":{\"modified\":\"1\",\"type\":\"headline\",\"enabled\":\"1\",\"collapsed\":\"0\",\"level\":\"2\",\"fields\":{\"cb_headline\":\"Lenses\"}},\"131\":{\"modified\":\"1\",\"type\":\"subhead\",\"enabled\":\"1\",\"collapsed\":\"0\",\"level\":\"2\",\"fields\":{\"cb_subhead\":\"Lenses are the most playful and memorable way to increase awareness, on a massive scale. With one tap, you can invite Snapchatters into your world \\u2014 and your story.\"}},\"132\":{\"modified\":\"1\",\"type\":\"mobileDeviceGrid\",\"enabled\":\"1\",\"collapsed\":\"0\",\"level\":\"1\",\"fields\":{\"cb_chillahTooltip\":\"\"}},\"133\":{\"modified\":\"1\",\"type\":\"device\",\"enabled\":\"1\",\"collapsed\":\"0\",\"level\":\"2\",\"fields\":{\"cb_devicePosterImage\":[\"159\"],\"cb_deviceVideo\":\"\"}},\"134\":{\"modified\":\"1\",\"type\":\"device\",\"enabled\":\"1\",\"collapsed\":\"0\",\"level\":\"2\",\"fields\":{\"cb_devicePosterImage\":[\"151\"],\"cb_deviceVideo\":\"\"}},\"135\":{\"modified\":\"1\",\"type\":\"device\",\"enabled\":\"1\",\"collapsed\":\"0\",\"level\":\"2\",\"fields\":{\"cb_devicePosterImage\":[\"161\"],\"cb_deviceVideo\":\"\"}},\"136\":{\"modified\":\"1\",\"type\":\"cb_section\",\"enabled\":\"1\",\"collapsed\":\"0\",\"level\":\"0\",\"fields\":{\"cb_sectionTitle\":\"Video\",\"cb_sectionBackgroundColor\":\"gray\"}},\"137\":{\"modified\":\"1\",\"type\":\"centeredTextLockup\",\"enabled\":\"1\",\"collapsed\":\"0\",\"level\":\"1\"},\"138\":{\"modified\":\"1\",\"type\":\"headline\",\"enabled\":\"1\",\"collapsed\":\"0\",\"level\":\"2\",\"fields\":{\"cb_headline\":\"See where your ads will run on Snapchat\"}}},\"16\":\"1\",\"15\":\"blue\",\"7\":\"solutions\"}}', '2017-07-26 23:52:20', '2017-07-26 23:52:20', '9fae9c83-a9b7-4e24-aaa2-054514ba7760'),
 ('50', '4', '3', '1', 'en_us', '29', '', '{\"typeId\":\"3\",\"authorId\":\"1\",\"title\":\"Measurement\",\"slug\":\"measurement\",\"postDate\":1500586080,\"expiryDate\":null,\"enabled\":1,\"parentId\":\"\",\"fields\":{\"3\":{\"34\":{\"modified\":\"1\",\"type\":\"cb_section\",\"enabled\":\"1\",\"collapsed\":\"0\",\"level\":\"0\",\"fields\":{\"cb_sectionTitle\":\"Overview\",\"cb_sectionBackgroundColor\":\"gray\"}},\"35\":{\"modified\":\"1\",\"type\":\"centeredTextLockup\",\"enabled\":\"1\",\"collapsed\":\"0\",\"level\":\"1\"},\"51\":{\"modified\":\"1\",\"type\":\"headline\",\"enabled\":\"1\",\"collapsed\":\"0\",\"level\":\"2\",\"fields\":{\"cb_headline\":\"Successful ads drive your business forward\"}},\"36\":{\"modified\":\"1\",\"type\":\"imageBesideText\",\"enabled\":\"1\",\"collapsed\":\"0\",\"level\":\"1\",\"fields\":{\"cb_image\":[\"8\"],\"cb_imageLocation\":\"left\",\"cb_headline\":\"Snap Ad Reporting\",\"cb_paragraph\":\"Monitor your campaigns in real-time, identify key performance trends, and optimize towards your goals.\"}},\"37\":{\"modified\":\"1\",\"type\":\"primaryButton\",\"enabled\":\"1\",\"collapsed\":\"0\",\"level\":\"2\",\"fields\":{\"cb_button\":{\"type\":\"custom\",\"custom\":\"https:\\/\\/businesshelp.snapchat.com\\/en-US\\/a\\/metrics\",\"entry\":\"\",\"customText\":\"Learn More\",\"target\":\"_blank\"}}},\"39\":{\"modified\":\"1\",\"type\":\"cb_section\",\"enabled\":\"1\",\"collapsed\":\"0\",\"level\":\"0\",\"fields\":{\"cb_sectionTitle\":\"Filter Reporting\",\"cb_sectionBackgroundColor\":\"white\"}},\"40\":{\"modified\":\"1\",\"type\":\"imageBesideText\",\"enabled\":\"1\",\"collapsed\":\"0\",\"level\":\"1\",\"fields\":{\"cb_image\":[\"38\"],\"cb_imageLocation\":\"right\",\"cb_headline\":\"Filter Reporting\",\"cb_paragraph\":\"Track filter performance and optimize your campaign by location.\"}},\"41\":{\"modified\":\"1\",\"type\":\"primaryButton\",\"enabled\":\"1\",\"collapsed\":\"0\",\"level\":\"2\",\"fields\":{\"cb_button\":{\"type\":\"custom\",\"custom\":\"https:\\/\\/businesshelp.snapchat.com\\/en-US\\/a\\/geofilter-metrics\",\"entry\":\"\",\"customText\":\"Learn More\",\"target\":\"_blank\"}}},\"42\":{\"modified\":\"1\",\"type\":\"cb_section\",\"enabled\":\"1\",\"collapsed\":\"0\",\"level\":\"0\",\"fields\":{\"cb_sectionTitle\":\"Measurement Philosophy\",\"cb_sectionBackgroundColor\":\"gray\"}},\"43\":{\"modified\":\"1\",\"type\":\"centeredTextLockup\",\"enabled\":\"1\",\"collapsed\":\"0\",\"level\":\"1\"},\"52\":{\"modified\":\"1\",\"type\":\"headline\",\"enabled\":\"1\",\"collapsed\":\"0\",\"level\":\"2\",\"fields\":{\"cb_headline\":\"Know exactly how your ads perform\"}},\"62\":{\"modified\":\"1\",\"type\":\"subhead\",\"enabled\":\"1\",\"collapsed\":\"0\",\"level\":\"2\",\"fields\":{\"cb_subhead\":\"We provide structure and transparency to help you drive results.\"}},\"44\":{\"modified\":\"1\",\"type\":\"imageCardGrid\",\"enabled\":\"1\",\"collapsed\":\"0\",\"level\":\"1\",\"fields\":{\"cb_chillahTooltip\":\"\"}},\"54\":{\"modified\":\"1\",\"type\":\"imageCardRow\",\"enabled\":\"1\",\"collapsed\":\"0\",\"level\":\"2\"},\"55\":{\"modified\":\"1\",\"type\":\"imageCard\",\"enabled\":\"1\",\"collapsed\":\"0\",\"level\":\"3\",\"fields\":{\"cb_cardImage\":[\"49\"],\"cb_cardHeadline\":\"Verification\",\"cb_cardBody\":\"We confirm how many times your ad was served, and offer tracking support from MRC-accredited third parties.\"}},\"56\":{\"modified\":\"1\",\"type\":\"imageCard\",\"enabled\":\"1\",\"collapsed\":\"0\",\"level\":\"3\",\"fields\":{\"cb_cardImage\":[\"50\"],\"cb_cardHeadline\":\"Viewability\",\"cb_cardBody\":\"We offer first and third-party metrics for how much attention your ads receive, including support for MRC viewability metrics.\"}},\"57\":{\"modified\":\"1\",\"type\":\"imageCardRow\",\"enabled\":\"1\",\"collapsed\":\"0\",\"level\":\"2\"},\"58\":{\"modified\":\"1\",\"type\":\"imageCard\",\"enabled\":\"1\",\"collapsed\":\"0\",\"level\":\"3\",\"fields\":{\"cb_cardImage\":[\"45\"],\"cb_cardHeadline\":\"Reach\",\"cb_cardBody\":\"We\\u2019ll let you know how many Snapchatters saw your ad, their demographics, and more.\"}},\"59\":{\"modified\":\"1\",\"type\":\"imageCard\",\"enabled\":\"1\",\"collapsed\":\"0\",\"level\":\"3\",\"fields\":{\"cb_cardImage\":[\"47\"],\"cb_cardHeadline\":\"Resonance\",\"cb_cardBody\":\"We offer in-depth analysis for equity metrics such as brand awareness, brand favorability, brand consideration, and intent.\"}},\"60\":{\"modified\":\"1\",\"type\":\"imageCard\",\"enabled\":\"1\",\"collapsed\":\"0\",\"level\":\"3\",\"fields\":{\"cb_cardImage\":[\"46\"],\"cb_cardHeadline\":\"Reaction\",\"cb_cardBody\":\"We determine impact for sales and store visits using sophisticated modeling, and by partnering with leading third-party measurement firms.\"}},\"63\":{\"modified\":\"1\",\"type\":\"cb_section\",\"enabled\":\"1\",\"collapsed\":\"0\",\"level\":\"0\",\"fields\":{\"cb_sectionTitle\":\"Snap to Store\",\"cb_sectionBackgroundColor\":\"white\"}},\"64\":{\"modified\":\"1\",\"type\":\"centeredTextLockup\",\"enabled\":\"1\",\"collapsed\":\"0\",\"level\":\"1\"},\"65\":{\"modified\":\"1\",\"type\":\"image\",\"enabled\":\"1\",\"collapsed\":\"0\",\"level\":\"2\",\"fields\":{\"cb_image\":[\"61\"]}},\"66\":{\"modified\":\"1\",\"type\":\"headline\",\"enabled\":\"1\",\"collapsed\":\"0\",\"level\":\"2\",\"fields\":{\"cb_headline\":\"Snap to Store\"}},\"67\":{\"modified\":\"1\",\"type\":\"subhead\",\"enabled\":\"1\",\"collapsed\":\"0\",\"level\":\"2\",\"fields\":{\"cb_subhead\":\"So, did Snapchatters visit your store after seeing your ad? Measure incremental visitors using our proprietary Snap to Store solution.\"}},\"69\":{\"modified\":\"1\",\"type\":\"centeredImage\",\"enabled\":\"1\",\"collapsed\":\"0\",\"level\":\"1\",\"fields\":{\"cb_image\":[\"68\"],\"cb_assetWidth\":\"wide\"}},\"71\":{\"modified\":\"1\",\"type\":\"cb_section\",\"enabled\":\"1\",\"collapsed\":\"0\",\"level\":\"0\",\"fields\":{\"cb_sectionTitle\":\"Third-party Partners\",\"cb_sectionBackgroundColor\":\"gray\"}},\"72\":{\"modified\":\"1\",\"type\":\"centeredTextLockup\",\"enabled\":\"1\",\"collapsed\":\"0\",\"level\":\"1\"},\"73\":{\"modified\":\"1\",\"type\":\"headline\",\"enabled\":\"1\",\"collapsed\":\"0\",\"level\":\"2\",\"fields\":{\"cb_headline\":\"Measurement Partners\"}},\"74\":{\"modified\":\"1\",\"type\":\"subhead\",\"enabled\":\"1\",\"collapsed\":\"0\",\"level\":\"2\",\"fields\":{\"cb_subhead\":\"Take an in-depth look at your campaigns with robust insights and recommendations from leading third-party measurement partners.\"}},\"75\":{\"modified\":\"1\",\"type\":\"primaryButton\",\"enabled\":\"1\",\"collapsed\":\"0\",\"level\":\"2\",\"fields\":{\"cb_button\":{\"type\":\"custom\",\"custom\":\"https:\\/\\/developers.snapchat.com\\/ads\\/partners\\/\",\"entry\":\"\",\"customText\":\"See Snapchat Partners\",\"target\":\"_blank\"}}},\"91\":{\"modified\":\"1\",\"type\":\"logoGrid\",\"enabled\":\"1\",\"collapsed\":\"0\",\"level\":\"1\",\"fields\":{\"cb_logos\":[\"82\",\"85\",\"89\",\"79\",\"81\",\"80\",\"76\",\"90\",\"77\",\"86\",\"78\",\"83\",\"84\",\"88\",\"87\"]}}},\"16\":\"1\",\"15\":\"orange\",\"7\":\"measurement\"}}', '2017-07-27 00:17:06', '2017-07-27 00:17:06', 'bcef6475-1d5e-4786-ac54-c5e0a8a06188');



DROP TABLE IF EXISTS `craft_fieldgroups`;


--
-- Schema for table `craft_fieldgroups`
--
CREATE TABLE `craft_fieldgroups` (
  `id` int(11) NOT NULL AUTO_INCREMENT,
  `name` varchar(255) COLLATE utf8_unicode_ci NOT NULL,
  `dateCreated` datetime NOT NULL,
  `dateUpdated` datetime NOT NULL,
  `uid` char(36) COLLATE utf8_unicode_ci NOT NULL DEFAULT '0',
  PRIMARY KEY (`id`),
  UNIQUE KEY `craft_fieldgroups_name_unq_idx` (`name`)
) ENGINE=InnoDB AUTO_INCREMENT=6 DEFAULT CHARSET=utf8 COLLATE=utf8_unicode_ci;

--
-- Data for table `craft_fieldgroups`
--

INSERT INTO `craft_fieldgroups` (`id`, `name`, `dateCreated`, `dateUpdated`, `uid`) VALUES
 ('1', 'Default', '2017-07-20 17:27:58', '2017-07-20 17:27:58', '2182cc13-4f4c-4088-abd0-6eca8aad3dba'),
 ('2', 'Content Builder', '2017-07-20 17:56:22', '2017-07-20 17:56:22', '85906d6e-0c88-4ade-b0dc-ccd9377288c8'),
 ('3', 'Pages', '2017-07-20 18:28:53', '2017-07-20 18:28:53', '56d3472b-b560-4b25-9fd1-d9f69deae029'),
 ('4', 'Global', '2017-07-21 23:07:44', '2017-07-21 23:07:44', '3bd7462c-23b3-47e5-9c9e-e6a0cc78f489'),
 ('5', 'Success Stories', '2017-07-21 23:18:42', '2017-07-21 23:18:42', '5e22c3b1-1eba-4cd2-b670-bfb2336f0cf6');



DROP TABLE IF EXISTS `craft_fieldlayoutfields`;


--
-- Schema for table `craft_fieldlayoutfields`
--
CREATE TABLE `craft_fieldlayoutfields` (
  `id` int(11) NOT NULL AUTO_INCREMENT,
  `layoutId` int(11) NOT NULL,
  `tabId` int(11) NOT NULL,
  `fieldId` int(11) NOT NULL,
  `required` tinyint(1) unsigned NOT NULL DEFAULT '0',
  `sortOrder` smallint(6) unsigned DEFAULT NULL,
  `dateCreated` datetime NOT NULL,
  `dateUpdated` datetime NOT NULL,
  `uid` char(36) COLLATE utf8_unicode_ci NOT NULL DEFAULT '0',
  PRIMARY KEY (`id`),
  UNIQUE KEY `craft_fieldlayoutfields_layoutId_fieldId_unq_idx` (`layoutId`,`fieldId`),
  KEY `craft_fieldlayoutfields_sortOrder_idx` (`sortOrder`),
  KEY `craft_fieldlayoutfields_tabId_fk` (`tabId`),
  KEY `craft_fieldlayoutfields_fieldId_fk` (`fieldId`)
) ENGINE=InnoDB AUTO_INCREMENT=1809 DEFAULT CHARSET=utf8 COLLATE=utf8_unicode_ci;

--
-- Data for table `craft_fieldlayoutfields`
--

INSERT INTO `craft_fieldlayoutfields` (`id`, `layoutId`, `tabId`, `fieldId`, `required`, `sortOrder`, `dateCreated`, `dateUpdated`, `uid`) VALUES
 ('1', '3', '1', '1', '1', '1', '2017-07-20 17:27:59', '2017-07-20 17:27:59', '9071dc30-0598-4047-9fba-df2bc4e33bdf'),
 ('2', '5', '2', '1', '1', '1', '2017-07-20 17:27:59', '2017-07-20 17:27:59', '9005cbf7-3067-41bd-8731-aac06549d94b'),
 ('3', '5', '2', '2', '0', '2', '2017-07-20 17:27:59', '2017-07-20 17:27:59', '66c01b27-b0dd-48a8-bbbb-e3c4453c3423'),
 ('105', '79', '80', '13', '0', '1', '2017-07-20 20:18:09', '2017-07-20 20:18:09', 'a4d92aaa-0746-4ad5-a476-9e9dfc2867ba'),
 ('106', '79', '80', '14', '0', '2', '2017-07-20 20:18:09', '2017-07-20 20:18:09', 'cf292443-825e-470a-a206-bfab046c544a'),
 ('891', '587', '573', '34', '0', '1', '2017-07-21 23:11:22', '2017-07-21 23:11:22', '690dff0c-b5d2-44c1-9c77-342ec53de6ba'),
 ('892', '587', '573', '36', '0', '2', '2017-07-21 23:11:22', '2017-07-21 23:11:22', 'b29747c3-bc9f-43fd-afc8-69747d742b0f'),
 ('894', '589', '575', '37', '0', '1', '2017-07-21 23:12:56', '2017-07-21 23:12:56', '82fceadb-0341-4111-9c4e-86054d2e632c'),
 ('900', '591', '577', '38', '0', '1', '2017-07-21 23:26:56', '2017-07-21 23:26:56', '0313417a-d1df-408d-9e39-c421c7a9ab76'),
 ('901', '591', '577', '40', '0', '2', '2017-07-21 23:26:56', '2017-07-21 23:26:56', 'f58d5f5f-252e-46a1-a4bb-699537b2af6b'),
 ('902', '591', '577', '39', '0', '3', '2017-07-21 23:26:56', '2017-07-21 23:26:56', '7459a0bf-9947-4c0f-980b-470c96aa6719'),
 ('903', '591', '577', '41', '0', '4', '2017-07-21 23:26:56', '2017-07-21 23:26:56', '83a58f09-1226-424f-9b1c-f28ff3edead1'),
 ('904', '591', '577', '42', '0', '5', '2017-07-21 23:26:56', '2017-07-21 23:26:56', 'b275cc9f-972c-470d-aee9-146a93cb20e2'),
 ('905', '591', '577', '43', '0', '6', '2017-07-21 23:26:56', '2017-07-21 23:26:56', 'c49d7b3b-8919-4b0b-833a-ddf26b64ae2a'),
 ('1310', '852', '807', '25', '0', '1', '2017-07-26 23:09:03', '2017-07-26 23:09:03', 'f4821eb5-9e0c-4639-af2d-2f9e29b0b5da'),
 ('1311', '852', '807', '26', '0', '2', '2017-07-26 23:09:03', '2017-07-26 23:09:03', 'c7965738-539e-4da9-8d68-c9f7c4031260'),
 ('1312', '852', '807', '27', '0', '3', '2017-07-26 23:09:03', '2017-07-26 23:09:03', '026f328a-0928-4687-98e8-dae4552a2ab2'),
 ('1698', '1097', '1039', '7', '0', '1', '2017-07-26 23:57:59', '2017-07-26 23:57:59', 'c0fe285f-4f68-48eb-84d8-1fc22953b754'),
 ('1699', '1097', '1039', '15', '0', '2', '2017-07-26 23:57:59', '2017-07-26 23:57:59', '9df2f9bd-961a-4763-b988-8bbc869276c7'),
 ('1700', '1097', '1039', '16', '0', '3', '2017-07-26 23:57:59', '2017-07-26 23:57:59', '24d678a5-6015-443a-809b-1c0d299d33f9'),
 ('1701', '1097', '1040', '3', '0', '1', '2017-07-26 23:57:59', '2017-07-26 23:57:59', '6826f2d1-1aa6-4270-96ea-b6cd25cfbe7f'),
 ('1702', '1098', '1041', '35', '0', '1', '2017-07-27 00:07:55', '2017-07-27 00:07:55', '92b3b03f-789b-4af1-8c66-b2c008440a3b'),
 ('1773', '1145', '1085', '23', '0', '1', '2017-07-27 16:50:07', '2017-07-27 16:50:07', 'f533fce3-97b9-4bee-9edc-6722ce060d87'),
 ('1774', '1145', '1085', '20', '0', '2', '2017-07-27 16:50:07', '2017-07-27 16:50:07', 'a896be02-f5e1-4fb8-8753-6ddf134cfae8'),
 ('1775', '1146', '1086', '24', '0', '1', '2017-07-27 16:50:07', '2017-07-27 16:50:07', '0a223f6e-8619-4b7a-88c0-298da53d9aa5'),
 ('1776', '1147', '1087', '45', '0', '1', '2017-07-27 16:50:07', '2017-07-27 16:50:07', '3c74e2d2-9227-4288-826f-7d4269acd9ef'),
 ('1777', '1148', '1088', '24', '0', '1', '2017-07-27 16:50:07', '2017-07-27 16:50:07', '5ead4f1e-8767-4e8c-b0b2-420085b6dc38'),
 ('1778', '1149', '1089', '30', '0', '1', '2017-07-27 16:50:07', '2017-07-27 16:50:07', '0e3300e1-1e45-486b-8bb4-7788637acf84'),
 ('1779', '1149', '1089', '31', '0', '2', '2017-07-27 16:50:07', '2017-07-27 16:50:07', 'b0225fad-f021-4e30-b15d-0767128bafae'),
 ('1780', '1151', '1090', '6', '0', '1', '2017-07-27 16:50:07', '2017-07-27 16:50:07', '551121b0-0b46-43b0-8729-99a3ca12dc96'),
 ('1781', '1151', '1090', '4', '0', '2', '2017-07-27 16:50:07', '2017-07-27 16:50:07', '4b754b92-d2bb-4a22-9220-f0cdc310e19d'),
 ('1782', '1151', '1090', '5', '0', '3', '2017-07-27 16:50:07', '2017-07-27 16:50:07', '9b69aeb1-c99c-4846-a994-335bf4c0b9f8'),
 ('1783', '1153', '1092', '8', '0', '1', '2017-07-27 16:50:07', '2017-07-27 16:50:07', '28c31e3c-9123-41fd-9b44-7ed4a0dae92e'),
 ('1784', '1153', '1092', '28', '0', '2', '2017-07-27 16:50:07', '2017-07-27 16:50:07', 'ffc8dacc-c05f-456d-94af-e7a69da7d1c0'),
 ('1785', '1154', '1093', '8', '0', '1', '2017-07-27 16:50:07', '2017-07-27 16:50:07', 'b5effc0c-bd7d-4266-ac54-5ae55036a9ed'),
 ('1786', '1154', '1093', '9', '0', '2', '2017-07-27 16:50:07', '2017-07-27 16:50:07', '63afa050-67aa-4dcc-8e1f-3c1cd243af59'),
 ('1787', '1154', '1093', '10', '0', '3', '2017-07-27 16:50:07', '2017-07-27 16:50:07', 'c18b5680-0414-41bc-b5cd-5e73ae7191a1'),
 ('1788', '1154', '1093', '11', '0', '4', '2017-07-27 16:50:07', '2017-07-27 16:50:07', '55a3e250-b2fa-4d4e-9f4a-71eb5935ef16'),
 ('1789', '1155', '1094', '24', '0', '1', '2017-07-27 16:50:07', '2017-07-27 16:50:07', 'c4f0dddb-4505-495a-afd5-4c49d092ab3f'),
 ('1790', '1156', '1095', '29', '0', '1', '2017-07-27 16:50:07', '2017-07-27 16:50:07', 'a18ddf2f-6951-44ec-8eea-0cfc65978f61'),
 ('1791', '1156', '1095', '28', '0', '2', '2017-07-27 16:50:07', '2017-07-27 16:50:07', '3aa67a97-22a9-4146-a577-57e392b85272'),
 ('1792', '1157', '1096', '24', '0', '1', '2017-07-27 16:50:07', '2017-07-27 16:50:07', '1eac5c65-33e2-4c82-b9bf-d596a37261f9'),
 ('1793', '1158', '1097', '47', '0', '1', '2017-07-27 16:50:07', '2017-07-27 16:50:07', '19e90c32-fdbf-49c1-86c4-0f7081a727b8'),
 ('1794', '1158', '1097', '48', '0', '2', '2017-07-27 16:50:07', '2017-07-27 16:50:07', '5561a3a2-69f2-47e0-b4c2-2b8617e712c1'),
 ('1795', '1158', '1097', '49', '0', '3', '2017-07-27 16:50:07', '2017-07-27 16:50:07', '3e7ab083-d9eb-4164-8fd7-fb594808d137'),
 ('1796', '1158', '1097', '30', '0', '4', '2017-07-27 16:50:07', '2017-07-27 16:50:07', '2732cd5d-0b25-4a0c-853c-c361aa31cee4'),
 ('1797', '1158', '1097', '31', '0', '5', '2017-07-27 16:50:07', '2017-07-27 16:50:07', '0d937c73-6366-47fb-8e88-36597e6d3105'),
 ('1798', '1159', '1098', '10', '0', '1', '2017-07-27 16:50:07', '2017-07-27 16:50:07', 'caf4e27e-6462-489a-8d61-e686fe14063f'),
 ('1799', '1159', '1098', '18', '0', '2', '2017-07-27 16:50:07', '2017-07-27 16:50:07', '35321da6-4d11-4c69-b344-c2093b8436e1'),
 ('1800', '1160', '1099', '29', '0', '1', '2017-07-27 16:50:07', '2017-07-27 16:50:07', 'f69bb886-5292-4243-850d-52de08896621'),
 ('1801', '1161', '1100', '52', '0', '1', '2017-07-27 16:50:07', '2017-07-27 16:50:07', 'fa45c18f-39ef-40cb-9cd1-1e08eca3ea2a'),
 ('1802', '1161', '1100', '53', '0', '2', '2017-07-27 16:50:07', '2017-07-27 16:50:07', 'e2735ba4-b4c2-4af3-8445-94191bc1296d'),
 ('1803', '1162', '1101', '8', '0', '1', '2017-07-27 16:50:07', '2017-07-27 16:50:07', '4b6d6f18-213c-429c-9548-aa9e218dda1a'),
 ('1804', '1163', '1102', '10', '0', '1', '2017-07-27 16:50:07', '2017-07-27 16:50:07', '1b0eeace-249d-4f2f-b777-77544653cb52'),
 ('1805', '1164', '1103', '18', '0', '1', '2017-07-27 16:50:07', '2017-07-27 16:50:07', 'f643ede5-cb29-4148-9e2e-7e4083516e2f'),
 ('1806', '1165', '1104', '11', '0', '1', '2017-07-27 16:50:07', '2017-07-27 16:50:07', '4536d798-c258-4b82-b759-72317a21e40a'),
 ('1807', '1166', '1105', '12', '0', '1', '2017-07-27 16:50:07', '2017-07-27 16:50:07', 'dc44aa29-d347-4a71-9ab1-14a808457a97'),
 ('1808', '1167', '1106', '12', '0', '1', '2017-07-27 16:50:07', '2017-07-27 16:50:07', '5d6fcea3-4a24-4f8e-880c-918df939913c');



DROP TABLE IF EXISTS `craft_fieldlayouts`;


--
-- Schema for table `craft_fieldlayouts`
--
CREATE TABLE `craft_fieldlayouts` (
  `id` int(11) NOT NULL AUTO_INCREMENT,
  `type` varchar(150) COLLATE utf8_unicode_ci NOT NULL,
  `dateCreated` datetime NOT NULL,
  `dateUpdated` datetime NOT NULL,
  `uid` char(36) COLLATE utf8_unicode_ci NOT NULL DEFAULT '0',
  PRIMARY KEY (`id`),
  KEY `craft_fieldlayouts_type_idx` (`type`)
) ENGINE=InnoDB AUTO_INCREMENT=1168 DEFAULT CHARSET=utf8 COLLATE=utf8_unicode_ci;

--
-- Data for table `craft_fieldlayouts`
--

INSERT INTO `craft_fieldlayouts` (`id`, `type`, `dateCreated`, `dateUpdated`, `uid`) VALUES
 ('1', 'Tag', '2017-07-20 17:27:58', '2017-07-20 17:27:58', '2e0ffb99-db70-4d30-a521-199785e74613'),
 ('3', 'Entry', '2017-07-20 17:27:59', '2017-07-20 17:27:59', '1d2c93cb-e03e-439f-8b5f-8d828415a762'),
 ('5', 'Entry', '2017-07-20 17:27:59', '2017-07-20 17:27:59', 'e6dc7229-3ba6-4e06-b881-95b0536abb81'),
 ('79', 'MatrixBlock', '2017-07-20 20:18:09', '2017-07-20 20:18:09', 'cbbffd58-9566-4358-9be9-43ba0f2e3ef2'),
 ('251', 'Asset', '2017-07-20 22:17:47', '2017-07-20 22:17:47', '2601d5d2-ef4c-46c1-a726-60e7072b8aae'),
 ('252', 'Asset', '2017-07-20 22:19:07', '2017-07-20 22:19:07', 'd613257b-9093-4f84-a57c-20beacf8f486'),
 ('506', 'Asset', '2017-07-21 22:08:30', '2017-07-21 22:08:30', '1c987ab6-f910-424a-a8d5-3ec24d4427ec'),
 ('587', 'GlobalSet', '2017-07-21 23:11:22', '2017-07-21 23:11:22', '59c9ea34-6b40-4260-a0a9-d4f46e9f34ad'),
 ('589', 'MatrixBlock', '2017-07-21 23:12:56', '2017-07-21 23:12:56', 'b8b74fd3-8119-48ce-8c76-b1f57168f03a'),
 ('591', 'Entry', '2017-07-21 23:26:56', '2017-07-21 23:26:56', 'e283cb4a-3f53-4fd6-9e08-760f7d10a0e8'),
 ('852', 'MatrixBlock', '2017-07-26 23:09:03', '2017-07-26 23:09:03', '4a39b069-51d7-4550-a020-97d7befaafec'),
 ('1097', 'Entry', '2017-07-26 23:57:59', '2017-07-26 23:57:59', '6e1cc1af-6eaf-4bda-843a-2c4895b309c5'),
 ('1098', 'MatrixBlock', '2017-07-27 00:07:55', '2017-07-27 00:07:55', '167cce5d-790d-4aac-aa14-620804fada1e'),
 ('1145', 'Neo_Block', '2017-07-27 16:50:07', '2017-07-27 16:50:07', 'b7f0f9b9-2d34-4408-ab53-e5992e5e32b6'),
 ('1146', 'Neo_Block', '2017-07-27 16:50:07', '2017-07-27 16:50:07', 'b4353066-3764-4740-b9c3-d87517e0c727'),
 ('1147', 'Neo_Block', '2017-07-27 16:50:07', '2017-07-27 16:50:07', '67a42eca-bfe8-4d36-bc6a-65e0073d9ade'),
 ('1148', 'Neo_Block', '2017-07-27 16:50:07', '2017-07-27 16:50:07', 'c7e23b63-88be-40fd-91c9-599ae361cc0a'),
 ('1149', 'Neo_Block', '2017-07-27 16:50:07', '2017-07-27 16:50:07', 'dc9eef9c-4ae2-4e29-88d3-045631bc126e'),
 ('1150', 'Neo_Block', '2017-07-27 16:50:07', '2017-07-27 16:50:07', 'ba7cbc34-9840-4d16-ac0a-f830db89b2d9'),
 ('1151', 'Neo_Block', '2017-07-27 16:50:07', '2017-07-27 16:50:07', 'd7fea316-1aa9-41ad-af2a-4330bb55ea2e'),
 ('1152', 'Neo_Block', '2017-07-27 16:50:07', '2017-07-27 16:50:07', '2dc8bf09-f3dd-4643-939a-bc10fef7fc61'),
 ('1153', 'Neo_Block', '2017-07-27 16:50:07', '2017-07-27 16:50:07', '74fe66f0-db3b-4516-a77f-d0809b7c145c'),
 ('1154', 'Neo_Block', '2017-07-27 16:50:07', '2017-07-27 16:50:07', 'a81b0f64-dd78-43f1-a60e-f9f7c67e4300'),
 ('1155', 'Neo_Block', '2017-07-27 16:50:07', '2017-07-27 16:50:07', '908cf1f5-103c-46fd-bac0-4ceb9c0f9fb4'),
 ('1156', 'Neo_Block', '2017-07-27 16:50:07', '2017-07-27 16:50:07', 'c84f7cda-8026-450f-9476-7627dd8dccff'),
 ('1157', 'Neo_Block', '2017-07-27 16:50:07', '2017-07-27 16:50:07', '26bff4af-140f-4fb7-8e38-71a5f4c93227'),
 ('1158', 'Neo_Block', '2017-07-27 16:50:07', '2017-07-27 16:50:07', 'bcea2bf9-b1de-4d28-9644-7788dd29985f'),
 ('1159', 'Neo_Block', '2017-07-27 16:50:07', '2017-07-27 16:50:07', 'd56965cb-2d2b-4d55-9223-fa638f31f395'),
 ('1160', 'Neo_Block', '2017-07-27 16:50:07', '2017-07-27 16:50:07', 'c5859030-7a42-4ea9-83b9-103ca6fea315'),
 ('1161', 'Neo_Block', '2017-07-27 16:50:07', '2017-07-27 16:50:07', 'a2464511-a801-4560-807b-15166979085a'),
 ('1162', 'Neo_Block', '2017-07-27 16:50:07', '2017-07-27 16:50:07', '1b66e996-9cf5-47f4-b114-10d20d8d7038'),
 ('1163', 'Neo_Block', '2017-07-27 16:50:07', '2017-07-27 16:50:07', 'c4d86101-c494-45d5-ab7a-667366d6b49b'),
 ('1164', 'Neo_Block', '2017-07-27 16:50:07', '2017-07-27 16:50:07', '4c084598-b925-466d-bf98-fce6ea51626e'),
 ('1165', 'Neo_Block', '2017-07-27 16:50:07', '2017-07-27 16:50:07', '9fb80492-276d-4532-a5f8-e5f68f971c01'),
 ('1166', 'Neo_Block', '2017-07-27 16:50:07', '2017-07-27 16:50:07', 'ad8f218a-f68a-4276-9008-3744590b29c5'),
 ('1167', 'Neo_Block', '2017-07-27 16:50:07', '2017-07-27 16:50:07', '7bd27bff-c479-4e5c-bf7d-160ed254c8b9');



DROP TABLE IF EXISTS `craft_fieldlayouttabs`;


--
-- Schema for table `craft_fieldlayouttabs`
--
CREATE TABLE `craft_fieldlayouttabs` (
  `id` int(11) NOT NULL AUTO_INCREMENT,
  `layoutId` int(11) NOT NULL,
  `name` varchar(255) COLLATE utf8_unicode_ci NOT NULL,
  `sortOrder` smallint(6) unsigned DEFAULT NULL,
  `dateCreated` datetime NOT NULL,
  `dateUpdated` datetime NOT NULL,
  `uid` char(36) COLLATE utf8_unicode_ci NOT NULL DEFAULT '0',
  PRIMARY KEY (`id`),
  KEY `craft_fieldlayouttabs_sortOrder_idx` (`sortOrder`),
  KEY `craft_fieldlayouttabs_layoutId_fk` (`layoutId`)
) ENGINE=InnoDB AUTO_INCREMENT=1107 DEFAULT CHARSET=utf8 COLLATE=utf8_unicode_ci;

--
-- Data for table `craft_fieldlayouttabs`
--

INSERT INTO `craft_fieldlayouttabs` (`id`, `layoutId`, `name`, `sortOrder`, `dateCreated`, `dateUpdated`, `uid`) VALUES
 ('1', '3', 'Content', '1', '2017-07-20 17:27:59', '2017-07-20 17:27:59', 'ffc5cc8b-1321-4bb4-9262-67f98f804992'),
 ('2', '5', 'Content', '1', '2017-07-20 17:27:59', '2017-07-20 17:27:59', 'f1b924a9-cb98-489c-8ccf-808775e5dd15'),
 ('80', '79', 'Content', '1', '2017-07-20 20:18:09', '2017-07-20 20:18:09', '7371d629-718b-435c-92e7-92b2de579e20'),
 ('573', '587', 'Content', '1', '2017-07-21 23:11:22', '2017-07-21 23:11:22', '52a855ff-1280-4ba0-92d6-9dd59da7e405'),
 ('575', '589', 'Content', '1', '2017-07-21 23:12:56', '2017-07-21 23:12:56', '11291eec-3cfd-4376-b28c-78f358ccdd90'),
 ('577', '591', 'Success Stories', '1', '2017-07-21 23:26:56', '2017-07-21 23:26:56', '7f855aa2-a6ce-4a44-a80c-42c70d6526ad'),
 ('807', '852', 'Content', '1', '2017-07-26 23:09:03', '2017-07-26 23:09:03', '3c18d53f-e6b4-4d90-a55d-a9d1dc586133'),
 ('1039', '1097', 'Page Info', '1', '2017-07-26 23:57:59', '2017-07-26 23:57:59', '56880948-3667-4898-9436-eeafb5747c3c'),
 ('1040', '1097', 'Page Content', '2', '2017-07-26 23:57:59', '2017-07-26 23:57:59', '7ace5a22-a4d8-427c-84ab-f892ca08f9b0'),
 ('1041', '1098', 'Content', '1', '2017-07-27 00:07:55', '2017-07-27 00:07:55', 'e92f31dc-1e03-4866-9eb4-e7f0707a637c'),
 ('1085', '1145', 'Section Info', '1', '2017-07-27 16:50:07', '2017-07-27 16:50:07', '99b34b80-af53-44a2-bd30-1a955a7f70f6'),
 ('1086', '1146', 'Settings', '1', '2017-07-27 16:50:07', '2017-07-27 16:50:07', 'f6992d97-8048-4dfe-afc3-c5ff94a79e60'),
 ('1087', '1147', 'Content', '1', '2017-07-27 16:50:07', '2017-07-27 16:50:07', '3e6cab04-2e9f-4940-bb3d-9331786d7d76'),
 ('1088', '1148', 'Content', '1', '2017-07-27 16:50:07', '2017-07-27 16:50:07', '37a704d1-27bb-414d-a460-2bd6f9c5c78c'),
 ('1089', '1149', 'Content', '1', '2017-07-27 16:50:07', '2017-07-27 16:50:07', 'c0cf1d1b-6e04-475b-9011-f700b1b5acec'),
 ('1090', '1151', 'Content', '1', '2017-07-27 16:50:07', '2017-07-27 16:50:07', '852631ce-4eac-4867-9714-3dffcc72d046'),
 ('1091', '1152', 'Content', '1', '2017-07-27 16:50:07', '2017-07-27 16:50:07', '12266038-0dd4-4474-8fad-dbe07eaab8e8'),
 ('1092', '1153', 'Content', '1', '2017-07-27 16:50:07', '2017-07-27 16:50:07', 'dcf3d888-dbce-4386-831a-f0ab840ebda4'),
 ('1093', '1154', 'Content', '1', '2017-07-27 16:50:07', '2017-07-27 16:50:07', 'edca93ac-5040-4644-8bd6-4edfd58e273c'),
 ('1094', '1155', 'Content', '1', '2017-07-27 16:50:07', '2017-07-27 16:50:07', '8368e670-4b31-4173-9a81-481356dc0590'),
 ('1095', '1156', 'Content', '1', '2017-07-27 16:50:07', '2017-07-27 16:50:07', '3ce5a4d3-83d9-4bbc-ae94-54c126eeb241'),
 ('1096', '1157', 'Settings', '1', '2017-07-27 16:50:07', '2017-07-27 16:50:07', '79b14488-f399-48dd-9424-b402bb09fa0b'),
 ('1097', '1158', 'Content', '1', '2017-07-27 16:50:07', '2017-07-27 16:50:07', '6252df27-1b5b-4f04-9d04-48914b3ffbc2'),
 ('1098', '1159', 'Content', '1', '2017-07-27 16:50:07', '2017-07-27 16:50:07', '5bbc37dd-80e6-4bef-8503-00f5eb3fa573'),
 ('1099', '1160', 'Tab 1', '1', '2017-07-27 16:50:07', '2017-07-27 16:50:07', '85fb8ca3-d528-42d7-aaef-288563240c88'),
 ('1100', '1161', 'Tab 1', '1', '2017-07-27 16:50:07', '2017-07-27 16:50:07', 'c648b625-8e8a-49d0-a62c-c46f58841940'),
 ('1101', '1162', 'Content', '1', '2017-07-27 16:50:07', '2017-07-27 16:50:07', '0221a8bf-7356-4c9c-b57b-6bca3b6927a5'),
 ('1102', '1163', 'Content', '1', '2017-07-27 16:50:07', '2017-07-27 16:50:07', '788ef7aa-bfe9-43b3-a767-af8491b5c97f'),
 ('1103', '1164', 'Content', '1', '2017-07-27 16:50:07', '2017-07-27 16:50:07', 'a093a858-1635-4d3f-80fa-9682abfc70c1'),
 ('1104', '1165', 'Content', '1', '2017-07-27 16:50:07', '2017-07-27 16:50:07', '7de3e91b-b4ed-4624-8259-77b978d13b57'),
 ('1105', '1166', 'Button', '1', '2017-07-27 16:50:07', '2017-07-27 16:50:07', 'edde7704-e732-473b-8861-0e240c3d1972'),
 ('1106', '1167', 'Content', '1', '2017-07-27 16:50:07', '2017-07-27 16:50:07', '719d7d83-3feb-4e8b-8779-e5ac25fcb175');



DROP TABLE IF EXISTS `craft_fields`;


--
-- Schema for table `craft_fields`
--
CREATE TABLE `craft_fields` (
  `id` int(11) NOT NULL AUTO_INCREMENT,
  `groupId` int(11) DEFAULT NULL,
  `name` varchar(255) COLLATE utf8_unicode_ci NOT NULL,
  `handle` varchar(58) COLLATE utf8_unicode_ci NOT NULL,
  `context` varchar(255) COLLATE utf8_unicode_ci NOT NULL DEFAULT 'global',
  `instructions` text COLLATE utf8_unicode_ci,
  `translatable` tinyint(1) unsigned NOT NULL DEFAULT '0',
  `type` varchar(150) COLLATE utf8_unicode_ci NOT NULL,
  `settings` text COLLATE utf8_unicode_ci,
  `dateCreated` datetime NOT NULL,
  `dateUpdated` datetime NOT NULL,
  `uid` char(36) COLLATE utf8_unicode_ci NOT NULL DEFAULT '0',
  PRIMARY KEY (`id`),
  UNIQUE KEY `craft_fields_handle_context_unq_idx` (`handle`,`context`),
  KEY `craft_fields_context_idx` (`context`),
  KEY `craft_fields_groupId_fk` (`groupId`)
) ENGINE=InnoDB AUTO_INCREMENT=54 DEFAULT CHARSET=utf8 COLLATE=utf8_unicode_ci;

--
-- Data for table `craft_fields`
--

INSERT INTO `craft_fields` (`id`, `groupId`, `name`, `handle`, `context`, `instructions`, `translatable`, `type`, `settings`, `dateCreated`, `dateUpdated`, `uid`) VALUES
 ('1', '1', 'Body', 'body', 'global', NULL, '1', 'RichText', '{\"configFile\":\"Standard.json\",\"columnType\":\"text\"}', '2017-07-20 17:27:58', '2017-07-20 17:27:58', '10690fb8-685a-4cc7-8af0-e3991973dbc7'),
 ('2', '1', 'Tags', 'tags', 'global', NULL, '0', 'Tags', '{\"source\":\"taggroup:1\"}', '2017-07-20 17:27:58', '2017-07-20 17:27:58', 'ed5f4b71-c2ac-46cc-b7fd-de77c6a475f9'),
 ('3', '2', 'Page Sections', 'cb_pageSections', 'global', '', '0', 'Neo', '{\"maxBlocks\":null}', '2017-07-20 18:17:35', '2017-07-27 16:50:07', '0e458475-6557-422c-8593-97467634c5d0'),
 ('4', '2', 'Card Headline', 'cb_cardHeadline', 'global', '', '0', 'PlainText', '{\"placeholder\":\"(Optional)\",\"maxLength\":\"\",\"multiline\":\"\",\"initialRows\":\"4\"}', '2017-07-20 18:19:17', '2017-07-20 18:19:17', 'f50ca0ef-ac3b-4547-bc14-5c91d063c3cf'),
 ('5', '2', 'Card Body', 'cb_cardBody', 'global', '', '0', 'PlainText', '{\"placeholder\":\"\",\"maxLength\":\"\",\"multiline\":\"1\",\"initialRows\":\"2\"}', '2017-07-20 18:19:46', '2017-07-20 18:19:46', 'ac940e04-ccb2-4ec4-88f2-1cdf05a505fc'),
 ('6', '2', 'Card Image', 'cb_cardImage', 'global', '', '0', 'Assets', '{\"useSingleFolder\":\"\",\"sources\":\"*\",\"defaultUploadLocationSource\":\"1\",\"defaultUploadLocationSubpath\":\"\",\"singleUploadLocationSource\":\"1\",\"singleUploadLocationSubpath\":\"\",\"restrictFiles\":\"1\",\"allowedKinds\":[\"image\"],\"limit\":\"1\",\"viewMode\":\"large\",\"selectionLabel\":\"\"}', '2017-07-20 18:20:44', '2017-07-20 20:15:09', '22a7ae3b-8fce-4fad-999e-44a41500ad3f'),
 ('7', '3', 'URI', 'page_uri', 'global', 'Example: \"`about-us`\" would create a page at \"`http://forbusiness.snapchat.com/about-us`\"', '0', 'PlainText', '{\"placeholder\":\"(optional: defaults to `lowercase-hyphenated-version-of-title`)\",\"maxLength\":\"\",\"multiline\":\"\",\"initialRows\":\"4\"}', '2017-07-20 18:33:25', '2017-07-20 22:09:24', 'e8128201-0ee4-4177-b0a5-4b6ad89ddfe8'),
 ('8', '2', 'Image', 'cb_image', 'global', '', '0', 'Assets', '{\"useSingleFolder\":\"\",\"sources\":\"*\",\"defaultUploadLocationSource\":\"2\",\"defaultUploadLocationSubpath\":\"\",\"singleUploadLocationSource\":\"1\",\"singleUploadLocationSubpath\":\"\",\"restrictFiles\":\"1\",\"allowedKinds\":[\"image\"],\"limit\":\"1\",\"viewMode\":\"large\",\"selectionLabel\":\"\"}', '2017-07-20 18:40:39', '2017-07-20 22:19:27', 'a83da0b3-49f1-4f06-acac-1a9d1fab0f5e'),
 ('9', '2', 'Desktop Image Location', 'cb_imageLocation', 'global', '', '0', 'Dropdown', '{\"options\":[{\"label\":\"Left\",\"value\":\"left\",\"default\":\"1\"},{\"label\":\"Right\",\"value\":\"right\",\"default\":\"\"}]}', '2017-07-20 18:42:05', '2017-07-21 18:33:16', '7d321da6-f4b0-495c-a1ff-c6585cbd6a94'),
 ('10', '2', 'Headline', 'cb_headline', 'global', '', '0', 'PlainText', '{\"placeholder\":\"\",\"maxLength\":\"\",\"multiline\":\"\",\"initialRows\":\"4\"}', '2017-07-20 18:42:50', '2017-07-20 20:20:48', '8d50c79c-34b9-4ea9-b2b8-53f9984ec920'),
 ('11', '2', 'Paragraph', 'cb_paragraph', 'global', '', '0', 'PlainText', '{\"placeholder\":\"\",\"maxLength\":\"\",\"multiline\":\"1\",\"initialRows\":\"3\"}', '2017-07-20 18:43:18', '2017-07-21 20:11:23', 'd74a20fb-d041-43a7-a1a2-6e237c26b1cc'),
 ('12', '2', 'Button', 'cb_button', 'global', '', '0', 'FruitLinkIt', '{\"types\":[\"custom\",\"entry\"],\"defaultText\":\"\",\"allowCustomText\":\"1\",\"allowTarget\":\"1\",\"entrySources\":\"*\",\"entrySelectionLabel\":\"Select a page\",\"assetSources\":\"*\",\"assetSelectionLabel\":\"Select an asset\"}', '2017-07-20 18:44:26', '2017-07-26 20:54:07', 'c044c12a-246d-421a-a144-fb188ea4b8cf'),
 ('13', NULL, 'Headline', 'headline', 'matrixBlockType:1', '', '0', 'PlainText', '{\"placeholder\":\"\",\"maxLength\":\"\",\"multiline\":\"\",\"initialRows\":\"4\"}', '2017-07-20 20:18:09', '2017-07-20 20:18:09', 'f734e931-d195-4b9a-864f-52abaf20408e'),
 ('14', NULL, 'Paragraph', 'paragraph', 'matrixBlockType:1', '', '0', 'PlainText', '{\"placeholder\":\"\",\"maxLength\":\"\",\"multiline\":\"\",\"initialRows\":\"4\"}', '2017-07-20 20:18:09', '2017-07-20 20:18:09', '1c406294-8a49-4d7e-b04e-eddc75f936ee'),
 ('15', '3', 'Theme Color', 'page_themeColor', 'global', 'Define the color gradient of the header for this page as well as the buttons and section full-color backgrounds.', '0', 'ButtonBox_Colours', '{\"options\":[{\"label\":\"Blue\",\"value\":\"blue\",\"cssColour\":\"#5CC8FF\",\"default\":\"\"},{\"label\":\"Green\",\"value\":\"green\",\"cssColour\":\"#53D1B6\",\"default\":\"\"},{\"label\":\"Orange\",\"value\":\"orange\",\"cssColour\":\"#FFB34D\",\"default\":\"\"},{\"label\":\"Purple\",\"value\":\"purple\",\"cssColour\":\"#C293E0\",\"default\":\"\"},{\"label\":\"Red\",\"value\":\"red\",\"cssColour\":\"#FD6F5F\",\"default\":\"\"}]}', '2017-07-20 21:02:11', '2017-07-26 21:31:23', 'ac129492-62c2-44b4-8ac3-1f1221400c3f'),
 ('16', '3', 'Side Navigation', 'page_sideNavigation', 'global', 'Enable the dot navigation on the left side of the page.', '0', 'Lightswitch', '{\"default\":\"\"}', '2017-07-20 21:02:49', '2017-07-20 22:06:44', 'e056e5c6-2b3d-4b7e-b5c3-6f88cb21bfbe'),
 ('17', '2', 'Button Style', 'cb_buttonStyle', 'global', '', '0', 'Dropdown', '{\"options\":[{\"label\":\"Primary (outline)\",\"value\":\"primary\",\"default\":\"1\"},{\"label\":\"Secondary\",\"value\":\"secondary\",\"default\":\"\"}]}', '2017-07-20 21:53:39', '2017-07-26 20:54:47', '65a36955-274f-42f7-8ac7-dfc2170866cb'),
 ('18', '2', 'Subhead', 'cb_subhead', 'global', '', '0', 'PlainText', '{\"placeholder\":\"\",\"maxLength\":\"\",\"multiline\":\"1\",\"initialRows\":\"2\"}', '2017-07-20 22:05:08', '2017-07-21 20:11:30', 'bf586fba-4e98-45f4-b795-79e22f45c325'),
 ('20', '2', 'Section Background Color', 'cb_sectionBackgroundColor', 'global', '', '0', 'Dropdown', '{\"options\":[{\"label\":\"Gray\",\"value\":\"gray\",\"default\":\"1\"},{\"label\":\"White\",\"value\":\"white\",\"default\":\"\"}]}', '2017-07-20 22:34:39', '2017-07-26 22:15:21', '03d60a1b-7bd5-46b8-9c93-bbc78b394a52'),
 ('21', '2', 'Section Padding Top', 'cb_sectionPaddingTop', 'global', '', '0', 'Dropdown', '{\"options\":[{\"label\":\"Normal\",\"value\":\"normal\",\"default\":\"1\"},{\"label\":\"Half\",\"value\":\"half\",\"default\":\"\"},{\"label\":\"None\",\"value\":\"none\",\"default\":\"\"},{\"label\":\"Negative\",\"value\":\"negative\",\"default\":\"\"}]}', '2017-07-20 22:42:37', '2017-07-21 18:13:43', 'd147bfc6-376d-4be9-8039-d8bf111803b4'),
 ('22', '2', 'Section Padding Bottom', 'cb_sectionPaddingBottom', 'global', '', '0', 'Dropdown', '{\"options\":[{\"label\":\"Normal\",\"value\":\"normal\",\"default\":\"1\"},{\"label\":\"Half\",\"value\":\"half\",\"default\":\"\"},{\"label\":\"None\",\"value\":\"none\",\"default\":\"\"}]}', '2017-07-20 22:43:36', '2017-07-21 17:30:09', '5f45e572-99e9-47dc-8986-69da3b99e31d'),
 ('23', '2', 'Section Title', 'cb_sectionTitle', 'global', 'Used for side navigation', '0', 'PlainText', '{\"placeholder\":\"\",\"maxLength\":\"\",\"multiline\":\"\",\"initialRows\":\"4\"}', '2017-07-21 20:42:50', '2017-07-21 20:47:10', '40504ea0-de0f-43b2-8ed9-bbe6cce5234d'),
 ('24', '2', 'Chillah Tooltip', 'cb_chillahTooltip', 'global', '(optional)', '0', 'Matrix', '{\"maxBlocks\":\"1\"}', '2017-07-21 21:26:05', '2017-07-26 23:09:03', '79170d95-16a0-4730-b085-47bd285430a9'),
 ('25', NULL, 'Chillah', 'chillah', 'matrixBlockType:2', '', '0', 'Assets', '{\"useSingleFolder\":\"\",\"sources\":\"*\",\"defaultUploadLocationSource\":\"2\",\"defaultUploadLocationSubpath\":\"chillahs\",\"singleUploadLocationSource\":\"1\",\"singleUploadLocationSubpath\":\"\",\"restrictFiles\":\"1\",\"allowedKinds\":[\"image\"],\"limit\":\"1\",\"viewMode\":\"large\",\"selectionLabel\":\"\"}', '2017-07-21 21:26:05', '2017-07-26 23:09:03', '70d21636-dbcd-4c62-970d-094afa2bb20d'),
 ('26', NULL, 'Tooltip Text', 'tooltipText', 'matrixBlockType:2', '', '0', 'RichText', '{\"configFile\":\"Tooltip.json\",\"availableAssetSources\":\"*\",\"availableTransforms\":\"*\",\"cleanupHtml\":\"1\",\"purifyHtml\":\"1\",\"purifierConfig\":\"\",\"columnType\":\"text\"}', '2017-07-21 21:26:05', '2017-07-26 23:09:03', '3129b543-ef6f-4d5a-956b-0d7c626b3d5f'),
 ('27', NULL, 'Location', 'location', 'matrixBlockType:2', '', '0', 'Dropdown', '{\"options\":[{\"label\":\"Top Left\",\"value\":\"topLeft\",\"default\":\"1\"},{\"label\":\"Top Right\",\"value\":\"topRight\",\"default\":\"\"}]}', '2017-07-21 21:26:05', '2017-07-26 23:09:03', '00dd4acb-f0ad-46ca-9349-e9474464d654'),
 ('28', '2', 'Asset Width', 'cb_assetWidth', 'global', '', '0', 'Dropdown', '{\"options\":[{\"label\":\"Normal\",\"value\":\"normal\",\"default\":\"1\"},{\"label\":\"Wide\",\"value\":\"wide\",\"default\":\"\"}]}', '2017-07-21 22:01:02', '2017-07-21 22:09:01', 'd3fac9f9-8be8-4183-88a3-3dae9fa7cb0e'),
 ('29', '2', 'Video', 'cb_video', 'global', '', '0', 'Assets', '{\"useSingleFolder\":\"\",\"sources\":\"*\",\"defaultUploadLocationSource\":\"1\",\"defaultUploadLocationSubpath\":\"\",\"singleUploadLocationSource\":\"1\",\"singleUploadLocationSubpath\":\"\",\"restrictFiles\":\"1\",\"allowedKinds\":[\"video\"],\"limit\":\"1\",\"viewMode\":\"large\",\"selectionLabel\":\"\"}', '2017-07-21 22:06:02', '2017-07-21 22:06:02', '6db5d1d0-e611-4c23-9beb-4a44c0278888'),
 ('30', '2', 'Device Poster Image', 'cb_devicePosterImage', 'global', '', '0', 'Assets', '{\"useSingleFolder\":\"\",\"sources\":\"*\",\"defaultUploadLocationSource\":\"2\",\"defaultUploadLocationSubpath\":\"\",\"singleUploadLocationSource\":\"1\",\"singleUploadLocationSubpath\":\"\",\"restrictFiles\":\"1\",\"allowedKinds\":[\"image\"],\"limit\":\"1\",\"viewMode\":\"large\",\"selectionLabel\":\"\"}', '2017-07-21 22:40:24', '2017-07-26 23:46:37', '98f4a8e8-4d75-49a1-a5eb-5f6eaa645a5d'),
 ('31', '2', 'Device Video', 'cb_deviceVideo', 'global', '', '0', 'Assets', '{\"useSingleFolder\":\"\",\"sources\":\"*\",\"defaultUploadLocationSource\":\"1\",\"defaultUploadLocationSubpath\":\"\",\"singleUploadLocationSource\":\"1\",\"singleUploadLocationSubpath\":\"\",\"restrictFiles\":\"1\",\"allowedKinds\":[\"video\"],\"limit\":\"1\",\"viewMode\":\"large\",\"selectionLabel\":\"\"}', '2017-07-21 22:41:10', '2017-07-21 22:42:32', '1238c983-b898-41c6-9d80-d71e8a5d7e1a'),
 ('32', '2', 'Device Headline', 'cb_deviceHeadline', 'global', '', '0', 'PlainText', '{\"placeholder\":\"\",\"maxLength\":\"\",\"multiline\":\"\",\"initialRows\":\"4\"}', '2017-07-21 22:41:38', '2017-07-21 22:41:38', 'aed5c27e-2aaf-45e1-8178-0ff1b996d3a0'),
 ('33', '2', 'Device Body', 'cb_deviceBody', 'global', '', '0', 'PlainText', '{\"placeholder\":\"\",\"maxLength\":\"\",\"multiline\":\"1\",\"initialRows\":\"2\"}', '2017-07-21 22:42:06', '2017-07-21 22:42:06', 'f3a82952-1b0d-4dba-a290-1254590b895a'),
 ('34', '4', 'Primary Navigation', 'primaryNavigation', 'global', '', '0', 'Matrix', '{\"maxBlocks\":\"4\"}', '2017-07-21 23:09:34', '2017-07-27 00:07:55', 'e5969a63-c298-4b00-8a59-d9cd49346107'),
 ('35', NULL, 'Link Info', 'linkInfo', 'matrixBlockType:3', '', '0', 'FruitLinkIt', '{\"types\":[\"custom\",\"entry\"],\"defaultText\":\"\",\"allowCustomText\":\"1\",\"allowTarget\":\"1\",\"entrySources\":\"*\",\"entrySelectionLabel\":\"Select a page\",\"assetSources\":\"*\",\"assetSelectionLabel\":\"Select an asset\"}', '2017-07-21 23:09:34', '2017-07-27 00:07:55', 'f865cd72-d1d6-4522-8433-66775e678a40'),
 ('36', '4', 'Secondary Navigation', 'secondaryNavigation', 'global', '', '0', 'Matrix', '{\"maxBlocks\":null}', '2017-07-21 23:10:13', '2017-07-21 23:12:56', '4b69a483-812e-470d-9feb-ad8fa06cbd97'),
 ('37', NULL, 'Link Info', 'linkInfo', 'matrixBlockType:4', '', '0', 'FruitLinkIt', '{\"types\":[\"custom\",\"entry\"],\"defaultText\":\"\",\"allowCustomText\":\"1\",\"allowTarget\":\"1\",\"entrySources\":\"*\",\"entrySelectionLabel\":\"Select an entry\",\"assetSources\":\"*\",\"assetSelectionLabel\":\"Select an asset\"}', '2017-07-21 23:10:13', '2017-07-21 23:12:56', '4ec2db37-17c6-4d73-8ff4-e737100d1b80'),
 ('38', '5', 'Story Logo', 'ss_logo', 'global', '', '0', 'Assets', '{\"useSingleFolder\":\"\",\"sources\":[\"folder:2\"],\"defaultUploadLocationSource\":\"2\",\"defaultUploadLocationSubpath\":\"stories\",\"singleUploadLocationSource\":\"1\",\"singleUploadLocationSubpath\":\"\",\"restrictFiles\":\"1\",\"allowedKinds\":[\"image\"],\"limit\":\"1\",\"viewMode\":\"large\",\"selectionLabel\":\"\"}', '2017-07-21 23:19:35', '2017-07-21 23:20:21', '0163a356-be92-47ae-a790-a1b264137aae'),
 ('39', '5', 'Eyebrow', 'ss_eyebrow', 'global', '', '0', 'PlainText', '{\"placeholder\":\"\",\"maxLength\":\"\",\"multiline\":\"\",\"initialRows\":\"4\"}', '2017-07-21 23:19:59', '2017-07-21 23:19:59', 'de8787c4-069b-450e-9cf0-68d48789e7fb'),
 ('40', '5', 'Story Card Color', 'ss_storyCardColor', 'global', '', '0', 'Hue', '{\"defaultColor\":\"\"}', '2017-07-21 23:23:21', '2017-07-21 23:23:21', '3e3b1e52-875c-49ea-bfa7-84c0c70a5834'),
 ('41', '5', 'Company Name', 'ss_companyName', 'global', '', '0', 'PlainText', '{\"placeholder\":\"\",\"maxLength\":\"\",\"multiline\":\"\",\"initialRows\":\"4\"}', '2017-07-21 23:24:05', '2017-07-21 23:24:05', '349a2af3-848b-4bc0-9273-22f0eef2eb70'),
 ('42', '5', 'Story Summary', 'ss_storySummary', 'global', '', '0', 'PlainText', '{\"placeholder\":\"\",\"maxLength\":\"150\",\"multiline\":\"1\",\"initialRows\":\"2\"}', '2017-07-21 23:24:52', '2017-07-21 23:26:27', '01f5d04e-9424-4f30-8a4c-55a99efdb606'),
 ('43', '5', 'Story PDF', 'ss_storyPdf', 'global', '', '0', 'Assets', '{\"useSingleFolder\":\"\",\"sources\":\"*\",\"defaultUploadLocationSource\":\"2\",\"defaultUploadLocationSubpath\":\"\",\"singleUploadLocationSource\":\"1\",\"singleUploadLocationSubpath\":\"\",\"restrictFiles\":\"1\",\"allowedKinds\":[\"image\",\"pdf\"],\"limit\":\"1\",\"viewMode\":\"large\",\"selectionLabel\":\"\"}', '2017-07-21 23:26:19', '2017-07-21 23:26:19', 'f46f135c-fb21-4bc7-9afc-c191c744d7b4'),
 ('44', '2', 'Button Color', 'cb_buttonColor', 'global', '', '0', 'ButtonBox_Colours', '{\"options\":[{\"label\":\"White\",\"value\":\"white\",\"cssColour\":\"#FFFFFF\",\"default\":\"\"},{\"label\":\"Yellow\",\"value\":\"yellow\",\"cssColour\":\"#FFFC00\",\"default\":\"\"},{\"label\":\"Blue\",\"value\":\"blue\",\"cssColour\":\"#00ABFF\",\"default\":\"\"},{\"label\":\"Purple\",\"value\":\"purple\",\"cssColour\":\"#A159D0\",\"default\":\"\"},{\"label\":\"Green\",\"value\":\"green\",\"cssColour\":\"#00B88F\",\"default\":\"\"},{\"label\":\"Orange\",\"value\":\"orange\",\"cssColour\":\"#FF8A00\",\"default\":\"\"},{\"label\":\"Red\",\"value\":\"red\",\"cssColour\":\"#F7354F\",\"default\":\"\"}]}', '2017-07-26 20:59:20', '2017-07-26 21:31:42', '1dd7e2cd-2877-4eba-8384-98562e0fc15d'),
 ('45', '2', 'Logos', 'cb_logos', 'global', '', '0', 'Assets', '{\"useSingleFolder\":\"\",\"sources\":\"*\",\"defaultUploadLocationSource\":\"2\",\"defaultUploadLocationSubpath\":\"\",\"singleUploadLocationSource\":\"1\",\"singleUploadLocationSubpath\":\"\",\"restrictFiles\":\"1\",\"allowedKinds\":[\"image\"],\"limit\":\"\",\"viewMode\":\"large\",\"selectionLabel\":\"\"}', '2017-07-26 21:48:22', '2017-07-26 21:58:59', 'c362955e-d30e-4ad2-a088-9764060ddf13'),
 ('47', '2', 'Tab Image', 'cb_tabImage', 'global', '', '0', 'Assets', '{\"useSingleFolder\":\"\",\"sources\":[\"folder:2\"],\"defaultUploadLocationSource\":\"2\",\"defaultUploadLocationSubpath\":\"\",\"singleUploadLocationSource\":\"1\",\"singleUploadLocationSubpath\":\"\",\"restrictFiles\":\"1\",\"allowedKinds\":[\"image\"],\"limit\":\"1\",\"viewMode\":\"large\",\"selectionLabel\":\"\"}', '2017-07-26 23:18:22', '2017-07-26 23:18:22', '467cc32d-386d-4a59-977b-064e5b37c3b9'),
 ('48', '2', 'Tab Label', 'cb_tabLabel', 'global', '', '0', 'PlainText', '{\"placeholder\":\"\",\"maxLength\":\"\",\"multiline\":\"\",\"initialRows\":\"4\"}', '2017-07-26 23:18:50', '2017-07-27 16:48:01', '74cef22c-9772-4cc7-9b4d-b5d5ba0594c7'),
 ('49', '2', 'Tab Description', 'cb_tabDescription', 'global', '', '0', 'PlainText', '{\"placeholder\":\"\",\"maxLength\":\"\",\"multiline\":\"1\",\"initialRows\":\"2\"}', '2017-07-26 23:20:06', '2017-07-26 23:20:06', '5b966594-4a5b-4808-a292-8310fdd629a2'),
 ('50', '2', 'Tab Video', 'cb_tabVideo', 'global', '', '0', 'Assets', '{\"useSingleFolder\":\"\",\"sources\":[\"folder:2\"],\"defaultUploadLocationSource\":\"2\",\"defaultUploadLocationSubpath\":\"\",\"singleUploadLocationSource\":\"1\",\"singleUploadLocationSubpath\":\"\",\"restrictFiles\":\"1\",\"allowedKinds\":[\"video\"],\"limit\":\"1\",\"viewMode\":\"large\",\"selectionLabel\":\"\"}', '2017-07-26 23:23:28', '2017-07-27 16:48:18', '32782dd2-6157-45e0-aa3d-9722e06a55e4'),
 ('51', '2', 'Tab Poster Image', 'cb_tabPosterImage', 'global', '', '0', 'Assets', '{\"useSingleFolder\":\"\",\"sources\":[\"folder:2\"],\"defaultUploadLocationSource\":\"2\",\"defaultUploadLocationSubpath\":\"\",\"singleUploadLocationSource\":\"1\",\"singleUploadLocationSubpath\":\"\",\"restrictFiles\":\"1\",\"allowedKinds\":[\"image\"],\"limit\":\"1\",\"viewMode\":\"large\",\"selectionLabel\":\"\"}', '2017-07-26 23:32:44', '2017-07-27 16:48:12', 'c0782223-812f-4b11-8254-6243b3fd1b3b'),
 ('52', '2', 'Time Code', 'cb_timeCode', 'global', 'Time in seconds where you want the step to start', '0', 'Number', '{\"min\":\"0\",\"max\":\"\",\"decimals\":\"1\"}', '2017-07-27 16:46:52', '2017-07-27 16:48:28', '4556fed4-40ca-495c-90fe-9742ba7f2a41'),
 ('53', '2', 'Description Label', 'cb_descriptionLabel', 'global', '', '0', 'PlainText', '{\"placeholder\":\"\",\"maxLength\":\"\",\"multiline\":\"\",\"initialRows\":\"4\"}', '2017-07-27 16:47:48', '2017-07-27 16:47:48', 'cc2248ce-955e-4666-b1f7-f1c72c384327');



DROP TABLE IF EXISTS `craft_globalsets`;


--
-- Schema for table `craft_globalsets`
--
CREATE TABLE `craft_globalsets` (
  `id` int(11) NOT NULL,
  `name` varchar(255) COLLATE utf8_unicode_ci NOT NULL,
  `handle` varchar(255) COLLATE utf8_unicode_ci NOT NULL,
  `fieldLayoutId` int(10) DEFAULT NULL,
  `dateCreated` datetime NOT NULL,
  `dateUpdated` datetime NOT NULL,
  `uid` char(36) COLLATE utf8_unicode_ci NOT NULL DEFAULT '0',
  PRIMARY KEY (`id`),
  UNIQUE KEY `craft_globalsets_name_unq_idx` (`name`),
  UNIQUE KEY `craft_globalsets_handle_unq_idx` (`handle`),
  KEY `craft_globalsets_fieldLayoutId_fk` (`fieldLayoutId`)
) ENGINE=InnoDB DEFAULT CHARSET=utf8 COLLATE=utf8_unicode_ci;

--
-- Data for table `craft_globalsets`
--

INSERT INTO `craft_globalsets` (`id`, `name`, `handle`, `fieldLayoutId`, `dateCreated`, `dateUpdated`, `uid`) VALUES
 ('26', 'Site Navigation', 'siteNavigation', '587', '2017-07-21 23:07:15', '2017-07-21 23:11:22', '7c4c61e1-4862-49a8-b86d-0085f5cda4f2');



DROP TABLE IF EXISTS `craft_info`;


--
-- Schema for table `craft_info`
--
CREATE TABLE `craft_info` (
  `id` int(11) NOT NULL AUTO_INCREMENT,
  `version` varchar(50) COLLATE utf8_unicode_ci NOT NULL,
  `schemaVersion` varchar(15) COLLATE utf8_unicode_ci NOT NULL,
  `edition` tinyint(1) unsigned NOT NULL DEFAULT '0',
  `siteName` varchar(100) COLLATE utf8_unicode_ci NOT NULL,
  `siteUrl` varchar(255) COLLATE utf8_unicode_ci NOT NULL,
  `timezone` varchar(30) COLLATE utf8_unicode_ci DEFAULT NULL,
  `on` tinyint(1) unsigned NOT NULL DEFAULT '0',
  `maintenance` tinyint(1) unsigned NOT NULL DEFAULT '0',
  `dateCreated` datetime NOT NULL,
  `dateUpdated` datetime NOT NULL,
  `uid` char(36) COLLATE utf8_unicode_ci NOT NULL DEFAULT '0',
  PRIMARY KEY (`id`)
) ENGINE=InnoDB AUTO_INCREMENT=2 DEFAULT CHARSET=utf8 COLLATE=utf8_unicode_ci;

--
-- Data for table `craft_info`
--

INSERT INTO `craft_info` (`id`, `version`, `schemaVersion`, `edition`, `siteName`, `siteUrl`, `timezone`, `on`, `maintenance`, `dateCreated`, `dateUpdated`, `uid`) VALUES
 ('1', '2.6.2988', '2.6.10', '2', 'Snapchat Craft', 'http://snapchat.craft.dev', 'America/Los_Angeles', '1', '0', '2017-07-20 17:27:57', '2017-07-31 18:49:58', 'fa51eaf6-9525-4d27-a16b-917e5f67ede4');



DROP TABLE IF EXISTS `craft_locales`;


--
-- Schema for table `craft_locales`
--
CREATE TABLE `craft_locales` (
  `locale` char(12) COLLATE utf8_unicode_ci NOT NULL,
  `sortOrder` smallint(6) unsigned DEFAULT NULL,
  `dateCreated` datetime NOT NULL,
  `dateUpdated` datetime NOT NULL,
  `uid` char(36) COLLATE utf8_unicode_ci NOT NULL DEFAULT '0',
  PRIMARY KEY (`locale`),
  KEY `craft_locales_sortOrder_idx` (`sortOrder`)
) ENGINE=InnoDB DEFAULT CHARSET=utf8 COLLATE=utf8_unicode_ci;

--
-- Data for table `craft_locales`
--

INSERT INTO `craft_locales` (`locale`, `sortOrder`, `dateCreated`, `dateUpdated`, `uid`) VALUES
 ('en_us', '1', '2017-07-20 17:27:57', '2017-07-20 17:27:57', '136db553-895a-4d57-93a3-5d0fef9a25fa');



DROP TABLE IF EXISTS `craft_matrixblocks`;


--
-- Schema for table `craft_matrixblocks`
--
CREATE TABLE `craft_matrixblocks` (
  `id` int(11) NOT NULL,
  `ownerId` int(11) NOT NULL,
  `fieldId` int(11) NOT NULL,
  `typeId` int(11) DEFAULT NULL,
  `sortOrder` smallint(6) unsigned DEFAULT NULL,
  `ownerLocale` char(12) COLLATE utf8_unicode_ci DEFAULT NULL,
  `dateCreated` datetime NOT NULL,
  `dateUpdated` datetime NOT NULL,
  `uid` char(36) COLLATE utf8_unicode_ci NOT NULL DEFAULT '0',
  PRIMARY KEY (`id`),
  KEY `craft_matrixblocks_ownerId_idx` (`ownerId`),
  KEY `craft_matrixblocks_fieldId_idx` (`fieldId`),
  KEY `craft_matrixblocks_typeId_idx` (`typeId`),
  KEY `craft_matrixblocks_sortOrder_idx` (`sortOrder`),
  KEY `craft_matrixblocks_ownerLocale_fk` (`ownerLocale`)
) ENGINE=InnoDB DEFAULT CHARSET=utf8 COLLATE=utf8_unicode_ci;

--
-- Data for table `craft_matrixblocks`
--

INSERT INTO `craft_matrixblocks` (`id`, `ownerId`, `fieldId`, `typeId`, `sortOrder`, `ownerLocale`, `dateCreated`, `dateUpdated`, `uid`) VALUES
 ('28', '26', '34', '3', '2', NULL, '2017-07-21 23:14:01', '2017-07-27 00:15:05', '923cebdf-a104-4991-a368-d70f7048caf3'),
 ('29', '26', '34', '3', '1', NULL, '2017-07-21 23:14:01', '2017-07-27 00:15:05', '52068a52-f242-455b-b710-2d78856dd51b'),
 ('31', '26', '36', '4', '1', NULL, '2017-07-21 23:14:01', '2017-07-27 00:15:05', '32561404-40ae-40b5-afed-ad30f39b1300'),
 ('140', '124', '24', '2', '1', NULL, '2017-07-26 23:08:57', '2017-07-26 23:52:20', 'd05cc701-504a-4989-9232-6835474cab84'),
 ('163', '162', '24', '2', '1', NULL, '2017-07-26 23:33:33', '2017-07-26 23:52:20', '77053482-2f6e-42ac-a2d5-ca6d8b93bd26');



DROP TABLE IF EXISTS `craft_matrixblocktypes`;


--
-- Schema for table `craft_matrixblocktypes`
--
CREATE TABLE `craft_matrixblocktypes` (
  `id` int(11) NOT NULL AUTO_INCREMENT,
  `fieldId` int(11) NOT NULL,
  `fieldLayoutId` int(11) DEFAULT NULL,
  `name` varchar(255) COLLATE utf8_unicode_ci NOT NULL,
  `handle` varchar(255) COLLATE utf8_unicode_ci NOT NULL,
  `sortOrder` smallint(6) unsigned DEFAULT NULL,
  `dateCreated` datetime NOT NULL,
  `dateUpdated` datetime NOT NULL,
  `uid` char(36) COLLATE utf8_unicode_ci NOT NULL DEFAULT '0',
  PRIMARY KEY (`id`),
  UNIQUE KEY `craft_matrixblocktypes_name_fieldId_unq_idx` (`name`,`fieldId`),
  UNIQUE KEY `craft_matrixblocktypes_handle_fieldId_unq_idx` (`handle`,`fieldId`),
  KEY `craft_matrixblocktypes_fieldId_fk` (`fieldId`),
  KEY `craft_matrixblocktypes_fieldLayoutId_fk` (`fieldLayoutId`)
) ENGINE=InnoDB AUTO_INCREMENT=5 DEFAULT CHARSET=utf8 COLLATE=utf8_unicode_ci;

--
-- Data for table `craft_matrixblocktypes`
--

INSERT INTO `craft_matrixblocktypes` (`id`, `fieldId`, `fieldLayoutId`, `name`, `handle`, `sortOrder`, `dateCreated`, `dateUpdated`, `uid`) VALUES
 ('1', '10', '79', 'copy', 'copy', '1', '2017-07-20 20:18:09', '2017-07-20 20:18:09', 'd9024681-3fef-45a5-909d-9188e3267d1e'),
 ('2', '24', '852', 'tooltip', 'tooltip', '1', '2017-07-21 21:26:05', '2017-07-26 23:09:03', 'ff10a70c-3d90-4dd3-b7af-df100be5c150'),
 ('3', '34', '1098', 'Nav Item', 'navItem', '1', '2017-07-21 23:09:34', '2017-07-27 00:07:55', 'a472d260-0711-41a1-b637-4b4eb1e268f8'),
 ('4', '36', '589', 'Nav Item', 'navItem', '1', '2017-07-21 23:10:13', '2017-07-21 23:12:56', 'd6681651-3e00-4d4b-b6f8-b5217f987ddc');



DROP TABLE IF EXISTS `craft_matrixcontent_cb_chillahtooltip`;


--
-- Schema for table `craft_matrixcontent_cb_chillahtooltip`
--
CREATE TABLE `craft_matrixcontent_cb_chillahtooltip` (
  `id` int(11) NOT NULL AUTO_INCREMENT,
  `elementId` int(11) NOT NULL,
  `locale` char(12) COLLATE utf8_unicode_ci NOT NULL,
  `field_tooltip_tooltipText` text COLLATE utf8_unicode_ci,
  `field_tooltip_location` varchar(255) COLLATE utf8_unicode_ci DEFAULT 'topLeft',
  `dateCreated` datetime NOT NULL,
  `dateUpdated` datetime NOT NULL,
  `uid` char(36) COLLATE utf8_unicode_ci NOT NULL DEFAULT '0',
  PRIMARY KEY (`id`),
  UNIQUE KEY `craft_matrixcontent_cb_chillahtooltip_elementId_locale_unq_idx` (`elementId`,`locale`),
  KEY `craft_matrixcontent_cb_chillahtooltip_locale_fk` (`locale`)
) ENGINE=InnoDB AUTO_INCREMENT=3 DEFAULT CHARSET=utf8 COLLATE=utf8_unicode_ci;

--
-- Data for table `craft_matrixcontent_cb_chillahtooltip`
--

INSERT INTO `craft_matrixcontent_cb_chillahtooltip` (`id`, `elementId`, `locale`, `field_tooltip_tooltipText`, `field_tooltip_location`, `dateCreated`, `dateUpdated`, `uid`) VALUES
 ('1', '140', 'en_us', '<p>On average, more than a billion Snaps with Filters are viewed every day.<sup>1</sup></p>', 'topRight', '2017-07-26 23:08:57', '2017-07-26 23:52:20', 'b2ceb556-d5a2-430b-b068-716436ebd058'),
 ('2', '163', 'en_us', '<p>On average, over 10 billion videos are watched on Snapchat every day.<sup>1</sup></p>', 'topLeft', '2017-07-26 23:33:33', '2017-07-26 23:52:20', '1f102d6b-6197-4348-8e8d-06f38b2daaf8');



DROP TABLE IF EXISTS `craft_matrixcontent_cb_copylockup`;


--
-- Schema for table `craft_matrixcontent_cb_copylockup`
--
CREATE TABLE `craft_matrixcontent_cb_copylockup` (
  `id` int(11) NOT NULL AUTO_INCREMENT,
  `elementId` int(11) NOT NULL,
  `locale` char(12) COLLATE utf8_unicode_ci NOT NULL,
  `field_copy_headline` text COLLATE utf8_unicode_ci,
  `field_copy_paragraph` text COLLATE utf8_unicode_ci,
  `dateCreated` datetime NOT NULL,
  `dateUpdated` datetime NOT NULL,
  `uid` char(36) COLLATE utf8_unicode_ci NOT NULL DEFAULT '0',
  PRIMARY KEY (`id`),
  UNIQUE KEY `craft_matrixcontent_cb_copylockup_elementId_locale_unq_idx` (`elementId`,`locale`),
  KEY `craft_matrixcontent_cb_copylockup_locale_fk` (`locale`)
) ENGINE=InnoDB DEFAULT CHARSET=utf8 COLLATE=utf8_unicode_ci;

DROP TABLE IF EXISTS `craft_matrixcontent_primarynavigation`;


--
-- Schema for table `craft_matrixcontent_primarynavigation`
--
CREATE TABLE `craft_matrixcontent_primarynavigation` (
  `id` int(11) NOT NULL AUTO_INCREMENT,
  `elementId` int(11) NOT NULL,
  `locale` char(12) COLLATE utf8_unicode_ci NOT NULL,
  `field_navItem_linkInfo` text COLLATE utf8_unicode_ci,
  `dateCreated` datetime NOT NULL,
  `dateUpdated` datetime NOT NULL,
  `uid` char(36) COLLATE utf8_unicode_ci NOT NULL DEFAULT '0',
  PRIMARY KEY (`id`),
  UNIQUE KEY `craft_matrixcontent_primarynavigation_elementId_locale_unq_idx` (`elementId`,`locale`),
  KEY `craft_matrixcontent_primarynavigation_locale_fk` (`locale`)
) ENGINE=InnoDB AUTO_INCREMENT=4 DEFAULT CHARSET=utf8 COLLATE=utf8_unicode_ci;

--
-- Data for table `craft_matrixcontent_primarynavigation`
--

INSERT INTO `craft_matrixcontent_primarynavigation` (`id`, `elementId`, `locale`, `field_navItem_linkInfo`, `dateCreated`, `dateUpdated`, `uid`) VALUES
 ('2', '28', 'en_us', '{\"type\":\"entry\",\"custom\":\"\",\"entry\":[\"4\"],\"customText\":\"\",\"target\":\"\"}', '2017-07-21 23:14:01', '2017-07-27 00:15:05', '9a10c818-6bb7-4a1d-86c2-0f64d602c1f8'),
 ('3', '29', 'en_us', '{\"type\":\"entry\",\"custom\":\"\",\"entry\":[\"98\"],\"customText\":\"Solutions\",\"target\":\"\"}', '2017-07-21 23:14:01', '2017-07-27 00:15:05', 'ae50721d-f44d-4c2b-a564-7226786a077c');



DROP TABLE IF EXISTS `craft_matrixcontent_secondarynavigation`;


--
-- Schema for table `craft_matrixcontent_secondarynavigation`
--
CREATE TABLE `craft_matrixcontent_secondarynavigation` (
  `id` int(11) NOT NULL AUTO_INCREMENT,
  `elementId` int(11) NOT NULL,
  `locale` char(12) COLLATE utf8_unicode_ci NOT NULL,
  `field_navItem_linkInfo` text COLLATE utf8_unicode_ci,
  `dateCreated` datetime NOT NULL,
  `dateUpdated` datetime NOT NULL,
  `uid` char(36) COLLATE utf8_unicode_ci NOT NULL DEFAULT '0',
  PRIMARY KEY (`id`),
  UNIQUE KEY `craft_matrixcontent_secondarynavigation_elementId_locale_unq_idx` (`elementId`,`locale`),
  KEY `craft_matrixcontent_secondarynavigation_locale_fk` (`locale`)
) ENGINE=InnoDB AUTO_INCREMENT=2 DEFAULT CHARSET=utf8 COLLATE=utf8_unicode_ci;

--
-- Data for table `craft_matrixcontent_secondarynavigation`
--

INSERT INTO `craft_matrixcontent_secondarynavigation` (`id`, `elementId`, `locale`, `field_navItem_linkInfo`, `dateCreated`, `dateUpdated`, `uid`) VALUES
 ('1', '31', 'en_us', '{\"type\":\"custom\",\"custom\":\"https:\\/\\/businesshelp.snapchat.com\\/en-US\",\"entry\":\"\",\"customText\":\"Support\",\"target\":\"_blank\"}', '2017-07-21 23:14:01', '2017-07-27 00:15:05', '21778845-ebd1-47bd-80fc-fc2a60aeb265');



DROP TABLE IF EXISTS `craft_migrations`;


--
-- Schema for table `craft_migrations`
--
CREATE TABLE `craft_migrations` (
  `id` int(11) NOT NULL AUTO_INCREMENT,
  `pluginId` int(11) DEFAULT NULL,
  `version` varchar(255) COLLATE utf8_unicode_ci NOT NULL,
  `applyTime` datetime NOT NULL,
  `dateCreated` datetime NOT NULL,
  `dateUpdated` datetime NOT NULL,
  `uid` char(36) COLLATE utf8_unicode_ci NOT NULL DEFAULT '0',
  PRIMARY KEY (`id`),
  UNIQUE KEY `craft_migrations_version_unq_idx` (`version`),
  KEY `craft_migrations_pluginId_fk` (`pluginId`)
) ENGINE=InnoDB AUTO_INCREMENT=45 DEFAULT CHARSET=utf8 COLLATE=utf8_unicode_ci;

--
-- Data for table `craft_migrations`
--

INSERT INTO `craft_migrations` (`id`, `pluginId`, `version`, `applyTime`, `dateCreated`, `dateUpdated`, `uid`) VALUES
 ('1', NULL, 'm000000_000000_base', '2017-07-20 17:27:57', '2017-07-20 17:27:57', '2017-07-20 17:27:57', 'efe2d07e-f3c1-4fde-91dc-23427e2c85d7'),
 ('2', NULL, 'm140730_000001_add_filename_and_format_to_transformindex', '2017-07-20 17:27:57', '2017-07-20 17:27:57', '2017-07-20 17:27:57', '345547ee-c45a-495d-a3c8-3ffa9efc5177'),
 ('3', NULL, 'm140815_000001_add_format_to_transforms', '2017-07-20 17:27:57', '2017-07-20 17:27:57', '2017-07-20 17:27:57', '16ce6a9f-c104-4798-8b14-e4262cd278f4'),
 ('4', NULL, 'm140822_000001_allow_more_than_128_items_per_field', '2017-07-20 17:27:57', '2017-07-20 17:27:57', '2017-07-20 17:27:57', 'eb88a8e9-67bb-435c-bf6d-ea96fba0990e'),
 ('5', NULL, 'm140829_000001_single_title_formats', '2017-07-20 17:27:57', '2017-07-20 17:27:57', '2017-07-20 17:27:57', '137b4cc7-40ac-4b6b-8a5b-aa61f6293e5c'),
 ('6', NULL, 'm140831_000001_extended_cache_keys', '2017-07-20 17:27:57', '2017-07-20 17:27:57', '2017-07-20 17:27:57', 'e17e659f-185f-4b0d-a5ac-1edca0ceee94'),
 ('7', NULL, 'm140922_000001_delete_orphaned_matrix_blocks', '2017-07-20 17:27:57', '2017-07-20 17:27:57', '2017-07-20 17:27:57', '10847926-412e-4149-96a7-620eae4bfcae'),
 ('8', NULL, 'm141008_000001_elements_index_tune', '2017-07-20 17:27:57', '2017-07-20 17:27:57', '2017-07-20 17:27:57', 'e80676ce-3a77-4185-808c-645a32273ab6'),
 ('9', NULL, 'm141009_000001_assets_source_handle', '2017-07-20 17:27:57', '2017-07-20 17:27:57', '2017-07-20 17:27:57', 'caa41901-1469-49b0-890b-f06f3f78204e'),
 ('10', NULL, 'm141024_000001_field_layout_tabs', '2017-07-20 17:27:57', '2017-07-20 17:27:57', '2017-07-20 17:27:57', '948e4331-6a60-47ed-ae26-a333d9258f97'),
 ('11', NULL, 'm141030_000000_plugin_schema_versions', '2017-07-20 17:27:57', '2017-07-20 17:27:57', '2017-07-20 17:27:57', '46b49a3f-ed05-4aa2-8a4e-025ec3bfb274'),
 ('12', NULL, 'm141030_000001_drop_structure_move_permission', '2017-07-20 17:27:57', '2017-07-20 17:27:57', '2017-07-20 17:27:57', '4c35154b-80ce-4985-a215-aff84268c6df'),
 ('13', NULL, 'm141103_000001_tag_titles', '2017-07-20 17:27:57', '2017-07-20 17:27:57', '2017-07-20 17:27:57', 'e4a8ad51-c356-430f-bbad-5c3498a5eaf7'),
 ('14', NULL, 'm141109_000001_user_status_shuffle', '2017-07-20 17:27:57', '2017-07-20 17:27:57', '2017-07-20 17:27:57', '9e5a07ea-6b45-4c5c-902e-e949ddcc2996'),
 ('15', NULL, 'm141126_000001_user_week_start_day', '2017-07-20 17:27:57', '2017-07-20 17:27:57', '2017-07-20 17:27:57', '6c3adfa2-1a6f-4a27-910e-bcf82dad17cc'),
 ('16', NULL, 'm150210_000001_adjust_user_photo_size', '2017-07-20 17:27:57', '2017-07-20 17:27:57', '2017-07-20 17:27:57', '2e4ce147-9d77-46f1-a937-20736ca47f1f'),
 ('17', NULL, 'm150724_000001_adjust_quality_settings', '2017-07-20 17:27:57', '2017-07-20 17:27:57', '2017-07-20 17:27:57', '41901dad-f62d-4e3f-bdc6-6867989386a8'),
 ('18', NULL, 'm150827_000000_element_index_settings', '2017-07-20 17:27:57', '2017-07-20 17:27:57', '2017-07-20 17:27:57', '5cb3cdc0-d1be-428d-a4db-7503547bc526'),
 ('19', NULL, 'm150918_000001_add_colspan_to_widgets', '2017-07-20 17:27:57', '2017-07-20 17:27:57', '2017-07-20 17:27:57', 'b93d37a0-ca8a-4133-9b03-017c780c6cf2'),
 ('20', NULL, 'm151007_000000_clear_asset_caches', '2017-07-20 17:27:57', '2017-07-20 17:27:57', '2017-07-20 17:27:57', 'e8553fbc-d628-41de-b450-23988562f4b8'),
 ('21', NULL, 'm151109_000000_text_url_formats', '2017-07-20 17:27:57', '2017-07-20 17:27:57', '2017-07-20 17:27:57', 'fafa5a1e-bc9a-4226-8a9a-d1b3b8977697'),
 ('22', NULL, 'm151110_000000_move_logo', '2017-07-20 17:27:57', '2017-07-20 17:27:57', '2017-07-20 17:27:57', '3c182eff-23db-4c2d-9444-a97e1d99a1ef'),
 ('23', NULL, 'm151117_000000_adjust_image_widthheight', '2017-07-20 17:27:57', '2017-07-20 17:27:57', '2017-07-20 17:27:57', 'e9b38d15-059b-4ebe-bdd9-af994e2b6e77'),
 ('24', NULL, 'm151127_000000_clear_license_key_status', '2017-07-20 17:27:57', '2017-07-20 17:27:57', '2017-07-20 17:27:57', '138eb436-06b6-4b9e-8601-faf1416390f5'),
 ('25', NULL, 'm151127_000000_plugin_license_keys', '2017-07-20 17:27:57', '2017-07-20 17:27:57', '2017-07-20 17:27:57', '4c894a6d-f5f7-48be-a392-024444eb51c3'),
 ('26', NULL, 'm151130_000000_update_pt_widget_feeds', '2017-07-20 17:27:57', '2017-07-20 17:27:57', '2017-07-20 17:27:57', '1a5713c1-89ca-456e-a43c-6545391191e6'),
 ('27', NULL, 'm160114_000000_asset_sources_public_url_default_true', '2017-07-20 17:27:57', '2017-07-20 17:27:57', '2017-07-20 17:27:57', '9bd28ef8-1b47-4c22-8f05-e09820bb8c56'),
 ('28', NULL, 'm160223_000000_sortorder_to_smallint', '2017-07-20 17:27:57', '2017-07-20 17:27:57', '2017-07-20 17:27:57', '2774aa51-03f4-4ccb-92d7-f9701f8d4045'),
 ('29', NULL, 'm160229_000000_set_default_entry_statuses', '2017-07-20 17:27:57', '2017-07-20 17:27:57', '2017-07-20 17:27:57', '892e5cd0-2a13-49f3-863d-a153a1e73952'),
 ('30', NULL, 'm160304_000000_client_permissions', '2017-07-20 17:27:57', '2017-07-20 17:27:57', '2017-07-20 17:27:57', '8a517f9e-9465-428a-9493-2f0f80ed110c'),
 ('31', NULL, 'm160322_000000_asset_filesize', '2017-07-20 17:27:57', '2017-07-20 17:27:57', '2017-07-20 17:27:57', '1b714e6a-085d-4228-a357-871cc99fbf61'),
 ('32', NULL, 'm160503_000000_orphaned_fieldlayouts', '2017-07-20 17:27:57', '2017-07-20 17:27:57', '2017-07-20 17:27:57', '5a3c33d5-fed0-42c7-80a5-f0552a6b04c0'),
 ('33', NULL, 'm160510_000000_tasksettings', '2017-07-20 17:27:57', '2017-07-20 17:27:57', '2017-07-20 17:27:57', '4efebc0a-45aa-4cdb-90d5-128da73708a5'),
 ('34', NULL, 'm160829_000000_pending_user_content_cleanup', '2017-07-20 17:27:57', '2017-07-20 17:27:57', '2017-07-20 17:27:57', 'b78a8313-53e3-4f17-aed4-ed3ac1800d13'),
 ('35', NULL, 'm160830_000000_asset_index_uri_increase', '2017-07-20 17:27:57', '2017-07-20 17:27:57', '2017-07-20 17:27:57', '3056d019-2ff2-4217-a4f1-56bcdac48a82'),
 ('36', NULL, 'm160919_000000_usergroup_handle_title_unique', '2017-07-20 17:27:57', '2017-07-20 17:27:57', '2017-07-20 17:27:57', '288fd53a-8412-4bd4-ba3e-b4ad34e14011'),
 ('37', NULL, 'm161108_000000_new_version_format', '2017-07-20 17:27:57', '2017-07-20 17:27:57', '2017-07-20 17:27:57', '23c9ed46-7c8c-4793-93f9-f1c7fdfcb465'),
 ('38', NULL, 'm161109_000000_index_shuffle', '2017-07-20 17:27:57', '2017-07-20 17:27:57', '2017-07-20 17:27:57', '8b4219a1-cc1f-4173-b873-063bc7df55ff'),
 ('39', NULL, 'm170612_000000_route_index_shuffle', '2017-07-20 17:27:57', '2017-07-20 17:27:57', '2017-07-20 17:27:57', '1bcf337b-c17d-4fc2-8f0f-6c4cc4949cc2'),
 ('40', '1', 'm160428_202308_Neo_UpdateBlockLevels', '2017-07-20 17:32:06', '2017-07-20 17:32:06', '2017-07-20 17:32:06', 'bd6e1460-52fb-4e8f-965c-0fb22c29ce0b'),
 ('41', '1', 'm160515_005002_Neo_UpdateBlockStructure', '2017-07-20 17:32:06', '2017-07-20 17:32:06', '2017-07-20 17:32:06', 'c7df5320-0e77-4eba-8ded-bfd92a96af8a'),
 ('42', '1', 'm160605_191540_Neo_UpdateBlockStructureLocales', '2017-07-20 17:32:06', '2017-07-20 17:32:06', '2017-07-20 17:32:06', '39377eef-c60a-41c0-9b08-b2022cd95262'),
 ('43', '1', 'm161029_230849_Neo_AddMaxChildBlocksSetting', '2017-07-20 17:32:06', '2017-07-20 17:32:06', '2017-07-20 17:32:06', '431657ce-9d11-47e3-8c54-482aa21fe6ed'),
 ('44', '2', 'm160208_010101_FruitLinkIt_UpdateExistingLinkItFields', '2017-07-20 17:36:24', '2017-07-20 17:36:24', '2017-07-20 17:36:24', '83607e0a-ee60-4352-897e-043bc73930ec');



DROP TABLE IF EXISTS `craft_neoblocks`;


--
-- Schema for table `craft_neoblocks`
--
CREATE TABLE `craft_neoblocks` (
  `id` int(11) NOT NULL,
  `ownerId` int(11) NOT NULL,
  `fieldId` int(11) NOT NULL,
  `typeId` int(11) DEFAULT NULL,
  `collapsed` tinyint(1) unsigned NOT NULL DEFAULT '0',
  `ownerLocale` char(12) COLLATE utf8_unicode_ci DEFAULT NULL,
  `dateCreated` datetime NOT NULL,
  `dateUpdated` datetime NOT NULL,
  `uid` char(36) COLLATE utf8_unicode_ci NOT NULL DEFAULT '0',
  PRIMARY KEY (`id`),
  KEY `craft_neoblocks_ownerId_idx` (`ownerId`),
  KEY `craft_neoblocks_fieldId_idx` (`fieldId`),
  KEY `craft_neoblocks_typeId_idx` (`typeId`),
  KEY `craft_neoblocks_collapsed_idx` (`collapsed`),
  KEY `craft_neoblocks_ownerLocale_fk` (`ownerLocale`)
) ENGINE=InnoDB DEFAULT CHARSET=utf8 COLLATE=utf8_unicode_ci;

--
-- Data for table `craft_neoblocks`
--

INSERT INTO `craft_neoblocks` (`id`, `ownerId`, `fieldId`, `typeId`, `collapsed`, `ownerLocale`, `dateCreated`, `dateUpdated`, `uid`) VALUES
 ('34', '4', '3', '15', '0', NULL, '2017-07-26 20:51:36', '2017-07-27 00:17:05', '4423de96-a009-457d-8200-125b229b6c30'),
 ('35', '4', '3', '16', '0', NULL, '2017-07-26 20:51:36', '2017-07-27 00:17:05', '14ef5ff4-0207-4028-b80d-fe9f0aed7871'),
 ('36', '4', '3', '3', '0', NULL, '2017-07-26 20:51:40', '2017-07-27 00:17:05', '3ec13793-3a68-4826-98f5-d363b9b53e45'),
 ('37', '4', '3', '7', '0', NULL, '2017-07-26 20:51:40', '2017-07-27 00:17:05', '84726371-4690-4eaf-a61b-7219d81a5104'),
 ('39', '4', '3', '15', '0', NULL, '2017-07-26 21:04:17', '2017-07-27 00:17:05', '0d91739b-7fc2-4882-af1b-8df0dacf8e91'),
 ('40', '4', '3', '3', '0', NULL, '2017-07-26 21:04:17', '2017-07-27 00:17:05', '1a9b2d3b-581b-4981-9e28-1ca8cd24a9b5'),
 ('41', '4', '3', '7', '0', NULL, '2017-07-26 21:04:17', '2017-07-27 00:17:05', '300aa1e6-d3de-45b1-b0a6-6f38e037be0e'),
 ('42', '4', '3', '15', '0', NULL, '2017-07-26 21:04:17', '2017-07-27 00:17:05', 'd1247191-312f-4632-bc7c-be2fce219f93'),
 ('43', '4', '3', '16', '0', NULL, '2017-07-26 21:04:17', '2017-07-27 00:17:05', '9ba980f5-fb30-41ee-9ebd-5ee47461c10f'),
 ('44', '4', '3', '1', '0', NULL, '2017-07-26 21:04:17', '2017-07-27 00:17:05', '71f6a23b-c994-481a-9213-3eb402c80da7'),
 ('51', '4', '3', '11', '0', NULL, '2017-07-26 21:21:13', '2017-07-27 00:17:05', '4211bc6e-45b5-45d3-9555-cd5e90a1a666'),
 ('52', '4', '3', '11', '0', NULL, '2017-07-26 21:21:13', '2017-07-27 00:17:05', 'fd89fc3a-0cf2-4a99-9d5e-3c622e676f92'),
 ('54', '4', '3', '9', '0', NULL, '2017-07-26 21:21:13', '2017-07-27 00:17:06', 'c507a8ee-1a9c-4a2a-991a-5225f35c7c73'),
 ('55', '4', '3', '2', '0', NULL, '2017-07-26 21:21:13', '2017-07-27 00:17:06', '39b9e9c1-ba7d-4839-a175-4a4e125261c4'),
 ('56', '4', '3', '2', '0', NULL, '2017-07-26 21:21:13', '2017-07-27 00:17:06', '9c113f85-edd2-4194-a7ea-ff2482929988'),
 ('57', '4', '3', '9', '0', NULL, '2017-07-26 21:21:13', '2017-07-27 00:17:06', '7780620d-3466-4efe-8b05-741996b21f35'),
 ('58', '4', '3', '2', '0', NULL, '2017-07-26 21:21:13', '2017-07-27 00:17:06', '5527a9c9-3a60-4928-a5bb-5a6f202e9fe0'),
 ('59', '4', '3', '2', '0', NULL, '2017-07-26 21:21:13', '2017-07-27 00:17:06', 'e0e8a9d2-1ed7-4f04-aae2-fc30862da10d'),
 ('60', '4', '3', '2', '0', NULL, '2017-07-26 21:21:13', '2017-07-27 00:17:06', '8bf17e6e-d592-45b8-a92a-e243c5986d3b'),
 ('62', '4', '3', '12', '0', NULL, '2017-07-26 21:27:41', '2017-07-27 00:17:05', '0bd72604-6718-4f52-b9da-a0b78fb4c1b3'),
 ('63', '4', '3', '15', '0', NULL, '2017-07-26 21:27:42', '2017-07-27 00:17:06', 'cfb29071-df70-4b35-8544-13e80301bcbb'),
 ('64', '4', '3', '16', '0', NULL, '2017-07-26 21:27:42', '2017-07-27 00:17:06', '9a6583df-86fd-4b8a-8b97-be79354d10e2'),
 ('65', '4', '3', '23', '0', NULL, '2017-07-26 21:27:42', '2017-07-27 00:17:06', 'ca64bb82-c5bb-4963-9f63-21097a08fec4'),
 ('66', '4', '3', '11', '0', NULL, '2017-07-26 21:27:42', '2017-07-27 00:17:06', '548623c3-d23c-4252-8f39-9dfa7b7a2ea6'),
 ('67', '4', '3', '12', '0', NULL, '2017-07-26 21:27:42', '2017-07-27 00:17:06', 'd8f72f49-90c3-40fd-8e0a-efc131f32730'),
 ('69', '4', '3', '17', '0', NULL, '2017-07-26 21:28:25', '2017-07-27 00:17:06', 'b97ac33c-0b2e-4eb3-9fbf-b7f84c27caab'),
 ('71', '4', '3', '15', '0', NULL, '2017-07-26 21:48:57', '2017-07-27 00:17:06', '99576b6b-4a3b-44b7-a850-5e460b8b4ceb'),
 ('72', '4', '3', '16', '0', NULL, '2017-07-26 21:48:57', '2017-07-27 00:17:06', 'a364f19a-af83-410a-ad9c-bdbb7166578a'),
 ('73', '4', '3', '11', '0', NULL, '2017-07-26 21:48:57', '2017-07-27 00:17:06', '62612216-1724-4c15-a47b-1ae478d0ae1b'),
 ('74', '4', '3', '12', '0', NULL, '2017-07-26 21:48:57', '2017-07-27 00:17:06', '99954013-ba06-494e-a935-17244c2056ab'),
 ('75', '4', '3', '7', '0', NULL, '2017-07-26 21:48:57', '2017-07-27 00:17:06', '952c4378-f233-4a5a-8b3c-dc5f367de3db'),
 ('91', '4', '3', '24', '0', NULL, '2017-07-26 22:00:39', '2017-07-27 00:17:06', 'e1be9f9d-94bb-4108-aeb5-df6032e0bdf8'),
 ('107', '98', '3', '15', '0', NULL, '2017-07-26 23:03:48', '2017-07-26 23:52:19', '64613ea5-6d78-4daf-9e5b-d085219c5a2d'),
 ('108', '98', '3', '16', '0', NULL, '2017-07-26 23:03:48', '2017-07-26 23:52:19', '2eb81aa8-539f-4814-9495-ae64ced9975d'),
 ('109', '98', '3', '11', '0', NULL, '2017-07-26 23:03:48', '2017-07-26 23:52:19', '20208b39-41f7-4a3b-90da-26b500b256e3'),
 ('110', '98', '3', '20', '0', NULL, '2017-07-26 23:03:48', '2017-07-26 23:52:20', 'd5ad295d-a480-4fc0-83f6-e626134fdcb5'),
 ('111', '98', '3', '21', '0', NULL, '2017-07-26 23:03:48', '2017-07-26 23:52:20', '85492c43-dc82-4e29-8d58-77eb061322a5'),
 ('112', '98', '3', '21', '0', NULL, '2017-07-26 23:03:48', '2017-07-26 23:52:20', '656c4f3f-506e-4639-b106-38c88541d9ae'),
 ('113', '98', '3', '21', '0', NULL, '2017-07-26 23:03:48', '2017-07-26 23:52:20', '0adb8caf-99fb-462f-9f78-800a88ce2ee4'),
 ('114', '98', '3', '15', '0', NULL, '2017-07-26 23:03:48', '2017-07-26 23:52:20', '226e8351-5aad-486a-8ecd-394982391849'),
 ('115', '98', '3', '16', '0', NULL, '2017-07-26 23:03:48', '2017-07-26 23:52:20', '9031c682-ee7a-43fc-93ee-f6fa9450b28e'),
 ('116', '98', '3', '11', '0', NULL, '2017-07-26 23:03:48', '2017-07-26 23:52:20', 'd6eb412d-68cb-473b-8d0c-a71ee4a0a776'),
 ('117', '98', '3', '12', '0', NULL, '2017-07-26 23:03:48', '2017-07-26 23:52:20', '3e446bb1-f469-4404-8904-71bd9a242a03'),
 ('118', '98', '3', '15', '0', NULL, '2017-07-26 23:03:48', '2017-07-26 23:52:20', 'c8adfa79-f940-488f-88a9-b5c1e956cd08'),
 ('119', '98', '3', '16', '0', NULL, '2017-07-26 23:03:48', '2017-07-26 23:52:20', 'cb610f61-a0b7-4583-a150-b8ba9c8c0eee'),
 ('120', '98', '3', '11', '0', NULL, '2017-07-26 23:03:48', '2017-07-26 23:52:20', '91e07f9a-5292-487e-a858-9dfbc4cfb5c6'),
 ('121', '98', '3', '12', '0', NULL, '2017-07-26 23:03:48', '2017-07-26 23:52:20', '057888d8-c5ca-420d-ae0d-73fcf8084765'),
 ('122', '98', '3', '7', '0', NULL, '2017-07-26 23:03:48', '2017-07-26 23:52:20', 'b0ad53a5-be0f-474a-ae51-f41ba8cb92d8'),
 ('123', '98', '3', '22', '0', NULL, '2017-07-26 23:03:48', '2017-07-26 23:52:20', '58cdb4e5-0053-4726-9188-d2d960bbe22c'),
 ('124', '98', '3', '20', '0', NULL, '2017-07-26 23:03:48', '2017-07-26 23:52:20', '7e6caf60-40e8-4bcc-ab31-332efda1a66a'),
 ('125', '98', '3', '21', '0', NULL, '2017-07-26 23:03:48', '2017-07-26 23:52:20', '10a4b89f-c302-4526-a9a6-0c1df8e9c4b5'),
 ('126', '98', '3', '21', '0', NULL, '2017-07-26 23:03:48', '2017-07-26 23:52:20', '9dec1c5f-7ead-4cd2-8ee4-b71a805b0991'),
 ('127', '98', '3', '21', '0', NULL, '2017-07-26 23:03:48', '2017-07-26 23:52:20', 'df128bf8-f799-4b38-bd51-869cecc7d709'),
 ('128', '98', '3', '15', '0', NULL, '2017-07-26 23:03:48', '2017-07-26 23:52:20', '455e81ea-5e88-4cfd-a17e-8664ce0b49c2'),
 ('129', '98', '3', '16', '0', NULL, '2017-07-26 23:03:48', '2017-07-26 23:52:20', '8f112cca-9d42-4b9c-a727-91c6986df35c'),
 ('130', '98', '3', '11', '0', NULL, '2017-07-26 23:03:48', '2017-07-26 23:52:20', 'd00b890a-03a3-49db-9240-d7ad7f5f5e42'),
 ('131', '98', '3', '12', '0', NULL, '2017-07-26 23:03:48', '2017-07-26 23:52:20', 'f0426f37-bce4-4cab-8448-ed2b737460b4'),
 ('132', '98', '3', '20', '0', NULL, '2017-07-26 23:03:48', '2017-07-26 23:52:20', 'be32215a-acdd-421f-a471-9002c71fd6da'),
 ('133', '98', '3', '21', '0', NULL, '2017-07-26 23:03:48', '2017-07-26 23:52:20', 'ef09067b-e318-4392-8309-e04c434ad3ea'),
 ('134', '98', '3', '21', '0', NULL, '2017-07-26 23:03:48', '2017-07-26 23:52:20', '744f13c8-c5eb-4fd0-bc7d-69ee8575fc50'),
 ('135', '98', '3', '21', '0', NULL, '2017-07-26 23:03:49', '2017-07-26 23:52:20', '5473e0a9-3ac4-4c5d-a414-c79dcc71d2f0'),
 ('136', '98', '3', '15', '0', NULL, '2017-07-26 23:03:49', '2017-07-26 23:52:20', '43191ff0-4ff3-4372-9734-7202091dba8d'),
 ('137', '98', '3', '16', '0', NULL, '2017-07-26 23:03:49', '2017-07-26 23:52:20', '3af39da9-495c-4fee-bfea-9146e6ae56f7'),
 ('138', '98', '3', '11', '0', NULL, '2017-07-26 23:03:49', '2017-07-26 23:52:20', 'e1f3fb6f-2510-49cb-bb99-5dc789944c04'),
 ('144', '98', '3', '15', '0', NULL, '2017-07-26 23:22:13', '2017-07-26 23:52:20', 'd57c99bc-c668-4195-ac6b-6be305226e06'),
 ('162', '98', '3', '26', '0', NULL, '2017-07-26 23:33:33', '2017-07-26 23:52:20', 'cb727fbd-3759-48be-ac58-50e62fb83dee'),
 ('164', '98', '3', '27', '0', NULL, '2017-07-26 23:33:33', '2017-07-26 23:52:20', '4c4e2fa8-7c8f-45e2-a759-e7260d5fd942'),
 ('165', '98', '3', '27', '0', NULL, '2017-07-26 23:33:33', '2017-07-26 23:52:20', '070d2ad7-05d8-493f-998f-1a3008e755c1'),
 ('166', '98', '3', '27', '0', NULL, '2017-07-26 23:33:33', '2017-07-26 23:52:20', '76214d15-b28a-4db9-b3a4-dc7b41c46dc2'),
 ('167', '98', '3', '27', '0', NULL, '2017-07-26 23:33:33', '2017-07-26 23:52:20', 'bde41865-b592-4d82-98d3-913f33ec3ff1'),
 ('168', '98', '3', '28', '0', NULL, '2017-07-26 23:45:49', '2017-07-26 23:52:20', 'de914575-979c-4208-a22f-b9ab30b61935'),
 ('169', '98', '3', '28', '0', NULL, '2017-07-26 23:45:49', '2017-07-26 23:52:20', '7b9291e0-cb14-4938-bddb-ac816db5620c'),
 ('170', '98', '3', '28', '0', NULL, '2017-07-26 23:45:49', '2017-07-26 23:52:20', 'f9512daf-cf96-4403-8cbb-ca8193974c74');



DROP TABLE IF EXISTS `craft_neoblockstructures`;


--
-- Schema for table `craft_neoblockstructures`
--
CREATE TABLE `craft_neoblockstructures` (
  `id` int(11) NOT NULL AUTO_INCREMENT,
  `structureId` int(11) NOT NULL,
  `ownerId` int(11) NOT NULL,
  `fieldId` int(11) NOT NULL,
  `ownerLocale` char(12) COLLATE utf8_unicode_ci DEFAULT NULL,
  `dateCreated` datetime NOT NULL,
  `dateUpdated` datetime NOT NULL,
  `uid` char(36) COLLATE utf8_unicode_ci NOT NULL DEFAULT '0',
  PRIMARY KEY (`id`),
  KEY `craft_neoblockstructures_structureId_idx` (`structureId`),
  KEY `craft_neoblockstructures_ownerId_idx` (`ownerId`),
  KEY `craft_neoblockstructures_fieldId_idx` (`fieldId`),
  KEY `craft_neoblockstructures_ownerLocale_fk` (`ownerLocale`)
) ENGINE=InnoDB AUTO_INCREMENT=43 DEFAULT CHARSET=utf8 COLLATE=utf8_unicode_ci;

--
-- Data for table `craft_neoblockstructures`
--

INSERT INTO `craft_neoblockstructures` (`id`, `structureId`, `ownerId`, `fieldId`, `ownerLocale`, `dateCreated`, `dateUpdated`, `uid`) VALUES
 ('41', '43', '98', '3', NULL, '2017-07-26 23:52:19', '2017-07-26 23:52:19', '2b5a8509-22ad-4ed5-9fb9-5a2f7a87a49e'),
 ('42', '44', '4', '3', NULL, '2017-07-27 00:17:05', '2017-07-27 00:17:05', '773339b3-0712-4ba7-b5ed-7aabc0f3a4bc');



DROP TABLE IF EXISTS `craft_neoblocktypes`;


--
-- Schema for table `craft_neoblocktypes`
--
CREATE TABLE `craft_neoblocktypes` (
  `id` int(11) NOT NULL AUTO_INCREMENT,
  `fieldId` int(11) NOT NULL,
  `fieldLayoutId` int(11) DEFAULT NULL,
  `name` varchar(255) COLLATE utf8_unicode_ci NOT NULL,
  `handle` varchar(255) COLLATE utf8_unicode_ci NOT NULL,
  `maxBlocks` int(10) DEFAULT '0',
  `maxChildBlocks` int(10) DEFAULT '0',
  `childBlocks` text COLLATE utf8_unicode_ci,
  `topLevel` tinyint(1) unsigned NOT NULL DEFAULT '1',
  `sortOrder` smallint(6) unsigned DEFAULT NULL,
  `dateCreated` datetime NOT NULL,
  `dateUpdated` datetime NOT NULL,
  `uid` char(36) COLLATE utf8_unicode_ci NOT NULL DEFAULT '0',
  PRIMARY KEY (`id`),
  UNIQUE KEY `craft_neoblocktypes_name_fieldId_unq_idx` (`name`,`fieldId`),
  UNIQUE KEY `craft_neoblocktypes_handle_fieldId_unq_idx` (`handle`,`fieldId`),
  KEY `craft_neoblocktypes_fieldId_fk` (`fieldId`),
  KEY `craft_neoblocktypes_fieldLayoutId_fk` (`fieldLayoutId`)
) ENGINE=InnoDB AUTO_INCREMENT=31 DEFAULT CHARSET=utf8 COLLATE=utf8_unicode_ci;

--
-- Data for table `craft_neoblocktypes`
--

INSERT INTO `craft_neoblocktypes` (`id`, `fieldId`, `fieldLayoutId`, `name`, `handle`, `maxBlocks`, `maxChildBlocks`, `childBlocks`, `topLevel`, `sortOrder`, `dateCreated`, `dateUpdated`, `uid`) VALUES
 ('1', '3', '1146', 'Image Card Grid', 'imageCardGrid', NULL, NULL, '[\"imageCardRow\"]', '0', '4', '2017-07-20 18:17:35', '2017-07-27 16:50:07', '7b7a7615-e616-4597-96d6-c79f7b806ae0'),
 ('2', '3', '1151', 'Image Card', 'imageCard', NULL, NULL, '', '0', '9', '2017-07-20 18:17:35', '2017-07-27 16:50:07', 'bfc13836-a6ab-40c1-8fa5-9ee263b61a0e'),
 ('3', '3', '1154', 'Image Beside Text', 'imageBesideText', NULL, '2', '[\"primaryButton\"]', '0', '13', '2017-07-20 18:47:31', '2017-07-27 16:50:07', '7ce0bed2-0dbe-4ce4-9f47-41841c7cd592'),
 ('7', '3', '1166', 'Primary Button', 'primaryButton', NULL, NULL, '', '0', '28', '2017-07-20 20:01:14', '2017-07-27 16:50:07', '63d3833e-89d3-4b8d-bed1-ee6cc73005e2'),
 ('9', '3', '1150', 'Image Card Row', 'imageCardRow', NULL, '3', '[\"imageCard\"]', '0', '8', '2017-07-20 20:43:34', '2017-07-27 16:50:07', '3edabc59-edff-450c-b1eb-4ea8484e65c0'),
 ('11', '3', '1163', 'Headline', 'headline', NULL, NULL, '', '0', '24', '2017-07-20 22:04:47', '2017-07-27 16:50:07', 'f26b88cb-10da-4742-9250-029eccb1f8ed'),
 ('12', '3', '1164', 'Subhead', 'subhead', NULL, NULL, '', '0', '25', '2017-07-20 22:04:47', '2017-07-27 16:50:07', '4de0d857-2e72-4440-ac20-d89f5b9b0d97'),
 ('13', '3', '1165', 'Paragraph', 'paragraph', NULL, NULL, '', '0', '26', '2017-07-21 19:53:08', '2017-07-27 16:50:07', '5d382da9-de5b-49f9-8160-49ebd5a1ad3f'),
 ('15', '3', '1145', 'Section', 'cb_section', NULL, NULL, '[\"imageCardGrid\",\"logoGrid\",\"mobileDeviceGrid\",\"centeredTextLockup\",\"centeredImage\",\"imageBesideText\",\"centeredVideo\",\"deviceTabs\",\"progressiveVideo\"]', '1', '2', '2017-07-21 20:42:23', '2017-07-27 16:50:07', '79ad8aad-b1ae-4bb5-a7b3-640af9a0692f'),
 ('16', '3', '1152', 'Centered Text Lockup', 'centeredTextLockup', NULL, NULL, '[\"image\",\"headline\",\"subhead\",\"primaryButton\",\"secondaryButton\"]', '0', '11', '2017-07-21 20:50:02', '2017-07-27 16:50:07', '74b48f3c-956b-4ce3-890d-554014c11858'),
 ('17', '3', '1153', 'Centered Image', 'centeredImage', NULL, NULL, '', '0', '12', '2017-07-21 20:50:02', '2017-07-27 16:50:07', '7b09f799-dc5b-4daa-99fc-f249b93e9484'),
 ('18', '3', '1155', 'Chillah Tooltip', 'chillahTooltip', NULL, NULL, '', '0', '14', '2017-07-21 21:50:46', '2017-07-27 16:50:07', '41647005-dd23-44df-aed5-2b39c3e3856a'),
 ('19', '3', '1156', 'Centered Video', 'centeredVideo', NULL, NULL, '', '0', '16', '2017-07-21 22:07:54', '2017-07-27 16:50:07', 'c9becd96-b1a7-46ce-b33e-a183c9416dc8'),
 ('20', '3', '1148', 'Mobile Device Grid', 'mobileDeviceGrid', NULL, '3', '[\"device\"]', '0', '6', '2017-07-21 22:39:53', '2017-07-27 16:50:07', '0031a068-c0c5-4fc4-a205-d231407baee8'),
 ('21', '3', '1149', 'Device', 'device', NULL, '1', '[\"deviceText\"]', '0', '7', '2017-07-21 22:39:53', '2017-07-27 16:50:07', 'a9f42198-1339-4ae3-a7dc-7d3e4842425b'),
 ('22', '3', '1167', 'Secondary Button', 'secondaryButton', NULL, NULL, '', '0', '29', '2017-07-26 21:09:24', '2017-07-27 16:50:07', '7dd39c3a-457c-47fc-af36-a35922ce4d8f'),
 ('23', '3', '1162', 'Image', 'image', NULL, NULL, '', '0', '23', '2017-07-26 21:24:52', '2017-07-27 16:50:07', 'b17179c1-44f1-4b3c-b501-b6c3f2ab4634'),
 ('24', '3', '1147', 'Logo Grid', 'logoGrid', NULL, NULL, '', '0', '5', '2017-07-26 21:47:04', '2017-07-27 16:50:07', 'e040563a-4d2a-4f64-a724-18a9c6c5830b'),
 ('26', '3', '1157', 'Device Tabs', 'deviceTabs', NULL, '4', '[\"deviceTab\"]', '0', '17', '2017-07-26 23:17:32', '2017-07-27 16:50:07', '350e8255-057a-4f5a-a308-f0a5df31c5a9'),
 ('27', '3', '1158', 'Device Tab', 'deviceTab', NULL, NULL, '[\"primaryButton\",\"secondaryButton\"]', '0', '18', '2017-07-26 23:17:32', '2017-07-27 16:50:07', 'd05a96be-a8a2-44da-aa91-1b835cf5af02'),
 ('28', '3', '1159', 'Device Text', 'deviceText', NULL, NULL, '', '0', '19', '2017-07-26 23:43:07', '2017-07-27 16:50:07', '97f7df16-9244-448b-ade5-f4b858199c6a'),
 ('29', '3', '1160', 'Progressive Video', 'progressiveVideo', NULL, '5', '[\"videoStep\"]', '0', '20', '2017-07-27 16:42:28', '2017-07-27 16:50:07', '1c66066d-09d6-4752-9524-3f7a8003ad7f'),
 ('30', '3', '1161', 'Video Step', 'videoStep', NULL, NULL, '', '0', '21', '2017-07-27 16:42:28', '2017-07-27 16:50:07', '04f403c0-c795-4b44-86aa-d56a9fdbc253');



DROP TABLE IF EXISTS `craft_neogroups`;


--
-- Schema for table `craft_neogroups`
--
CREATE TABLE `craft_neogroups` (
  `id` int(11) NOT NULL AUTO_INCREMENT,
  `fieldId` int(11) NOT NULL,
  `name` varchar(255) COLLATE utf8_unicode_ci DEFAULT NULL,
  `sortOrder` smallint(6) unsigned DEFAULT NULL,
  `dateCreated` datetime NOT NULL,
  `dateUpdated` datetime NOT NULL,
  `uid` char(36) COLLATE utf8_unicode_ci NOT NULL DEFAULT '0',
  PRIMARY KEY (`id`),
  KEY `craft_neogroups_fieldId_fk` (`fieldId`)
) ENGINE=InnoDB AUTO_INCREMENT=361 DEFAULT CHARSET=utf8 COLLATE=utf8_unicode_ci;

--
-- Data for table `craft_neogroups`
--

INSERT INTO `craft_neogroups` (`id`, `fieldId`, `name`, `sortOrder`, `dateCreated`, `dateUpdated`, `uid`) VALUES
 ('355', '3', 'Section', '1', '2017-07-27 16:50:07', '2017-07-27 16:50:07', '970683cf-9d89-4686-820f-895489bc4375'),
 ('356', '3', 'Element Grids', '3', '2017-07-27 16:50:07', '2017-07-27 16:50:07', '690c94ff-6446-4e3c-abe0-1e281b295160'),
 ('357', '3', 'Text &  Images', '10', '2017-07-27 16:50:07', '2017-07-27 16:50:07', 'fa5b5705-6088-4497-a7d8-672f5c7ad328'),
 ('358', '3', 'Interactive', '15', '2017-07-27 16:50:07', '2017-07-27 16:50:07', 'faccd635-c63d-4255-aee0-bba5058f170c'),
 ('359', '3', 'Elements', '22', '2017-07-27 16:50:07', '2017-07-27 16:50:07', '0307ae3d-a47c-4253-a8d6-a59497e2ecdc'),
 ('360', '3', 'Buttons', '27', '2017-07-27 16:50:07', '2017-07-27 16:50:07', 'c261cdfb-6d98-49c4-8d9f-5e319f4b54fb');



DROP TABLE IF EXISTS `craft_plugins`;


--
-- Schema for table `craft_plugins`
--
CREATE TABLE `craft_plugins` (
  `id` int(11) NOT NULL AUTO_INCREMENT,
  `class` varchar(150) COLLATE utf8_unicode_ci NOT NULL,
  `version` varchar(15) COLLATE utf8_unicode_ci NOT NULL,
  `schemaVersion` varchar(15) COLLATE utf8_unicode_ci DEFAULT NULL,
  `licenseKey` char(24) COLLATE utf8_unicode_ci DEFAULT NULL,
  `licenseKeyStatus` enum('valid','invalid','mismatched','unknown') COLLATE utf8_unicode_ci NOT NULL DEFAULT 'unknown',
  `enabled` tinyint(1) unsigned NOT NULL DEFAULT '0',
  `settings` text COLLATE utf8_unicode_ci,
  `installDate` datetime NOT NULL,
  `dateCreated` datetime NOT NULL,
  `dateUpdated` datetime NOT NULL,
  `uid` char(36) COLLATE utf8_unicode_ci NOT NULL DEFAULT '0',
  PRIMARY KEY (`id`)
) ENGINE=InnoDB AUTO_INCREMENT=7 DEFAULT CHARSET=utf8 COLLATE=utf8_unicode_ci;

--
-- Data for table `craft_plugins`
--

INSERT INTO `craft_plugins` (`id`, `class`, `version`, `schemaVersion`, `licenseKey`, `licenseKeyStatus`, `enabled`, `settings`, `installDate`, `dateCreated`, `dateUpdated`, `uid`) VALUES
 ('1', 'Neo', '1.4.1', '1.4.1', NULL, 'unknown', '1', NULL, '2017-07-20 17:32:06', '2017-07-20 17:32:06', '2017-07-31 18:50:10', 'f62939cb-94c4-4a82-b8fc-b9cfd5785e9a'),
 ('2', 'FruitLinkIt', '2.3.4', '2.3.0', NULL, 'unknown', '1', NULL, '2017-07-20 17:36:24', '2017-07-20 17:36:24', '2017-07-31 18:50:10', 'f89571c1-b4a7-4b72-af95-ecadce627765'),
 ('3', 'ButtonBox', '1.3.2', NULL, NULL, 'unknown', '1', NULL, '2017-07-20 21:14:51', '2017-07-20 21:14:51', '2017-07-31 18:50:10', 'b57c5bbd-32fd-428d-ad00-720ffd4bff96'),
 ('4', 'redactorExtras', '1.3.2', NULL, NULL, 'unknown', '1', '{\"scriptButtons\":\"1\",\"counter\":\"\",\"alignment\":\"\",\"properties\":\"\",\"definedlinks\":\"\",\"limiter\":\"1\",\"extraPluginJs\":\"\",\"extraPluginCss\":\"\"}', '2017-07-21 21:26:12', '2017-07-21 21:26:12', '2017-07-31 18:50:10', 'c6964b37-2134-4c41-88b3-3937c98f423b'),
 ('5', 'Hue', '1.1.1', '0.0.0.0', NULL, 'unknown', '1', NULL, '2017-07-21 23:22:41', '2017-07-21 23:22:41', '2017-07-31 18:50:10', '5fcf4f47-fc06-4673-b966-3a6c4cbe9423'),
 ('6', 'ElementApi', '1.6.0', '1.0.0', NULL, 'unknown', '1', NULL, '2017-07-31 18:50:15', '2017-07-31 18:50:15', '2017-07-31 18:50:15', '69587eba-28d1-45ff-b4bc-7a7fa8f7fb2e');



DROP TABLE IF EXISTS `craft_rackspaceaccess`;


--
-- Schema for table `craft_rackspaceaccess`
--
CREATE TABLE `craft_rackspaceaccess` (
  `id` int(11) NOT NULL AUTO_INCREMENT,
  `connectionKey` varchar(255) COLLATE utf8_unicode_ci NOT NULL,
  `token` varchar(255) COLLATE utf8_unicode_ci NOT NULL,
  `storageUrl` varchar(255) COLLATE utf8_unicode_ci NOT NULL,
  `cdnUrl` varchar(255) COLLATE utf8_unicode_ci NOT NULL,
  `dateCreated` datetime NOT NULL,
  `dateUpdated` datetime NOT NULL,
  `uid` char(36) COLLATE utf8_unicode_ci NOT NULL DEFAULT '0',
  PRIMARY KEY (`id`),
  UNIQUE KEY `craft_rackspaceaccess_connectionKey_unq_idx` (`connectionKey`)
) ENGINE=InnoDB DEFAULT CHARSET=utf8 COLLATE=utf8_unicode_ci;

DROP TABLE IF EXISTS `craft_relations`;


--
-- Schema for table `craft_relations`
--
CREATE TABLE `craft_relations` (
  `id` int(11) NOT NULL AUTO_INCREMENT,
  `fieldId` int(11) NOT NULL,
  `sourceId` int(11) NOT NULL,
  `sourceLocale` char(12) COLLATE utf8_unicode_ci DEFAULT NULL,
  `targetId` int(11) NOT NULL,
  `sortOrder` smallint(6) DEFAULT NULL,
  `dateCreated` datetime NOT NULL,
  `dateUpdated` datetime NOT NULL,
  `uid` char(36) COLLATE utf8_unicode_ci NOT NULL DEFAULT '0',
  PRIMARY KEY (`id`),
  UNIQUE KEY `craft_relations_fieldId_sourceId_sourceLocale_targetId_unq_idx` (`fieldId`,`sourceId`,`sourceLocale`,`targetId`),
  KEY `craft_relations_sourceId_fk` (`sourceId`),
  KEY `craft_relations_sourceLocale_fk` (`sourceLocale`),
  KEY `craft_relations_targetId_fk` (`targetId`)
) ENGINE=InnoDB AUTO_INCREMENT=277 DEFAULT CHARSET=utf8 COLLATE=utf8_unicode_ci;

--
-- Data for table `craft_relations`
--

INSERT INTO `craft_relations` (`id`, `fieldId`, `sourceId`, `sourceLocale`, `targetId`, `sortOrder`, `dateCreated`, `dateUpdated`, `uid`) VALUES
 ('112', '38', '33', NULL, '97', '1', '2017-07-26 22:26:19', '2017-07-26 22:26:19', 'ff50f6b7-acd1-440f-b87d-6e0ea637ce77'),
 ('226', '51', '164', NULL, '152', '1', '2017-07-26 23:47:15', '2017-07-26 23:47:15', '371dc928-4929-41f4-9ffd-c6ad7d238875'),
 ('228', '51', '165', NULL, '102', '1', '2017-07-26 23:47:15', '2017-07-26 23:47:15', '43a5e8f9-e2d0-4d4d-bc4e-1a1651d2e6c2'),
 ('230', '51', '166', NULL, '154', '1', '2017-07-26 23:47:15', '2017-07-26 23:47:15', 'aa647be7-b8c4-4a26-bdc6-635df11b1a59'),
 ('232', '51', '167', NULL, '105', '1', '2017-07-26 23:47:15', '2017-07-26 23:47:15', 'eee75c2b-d451-47c1-b622-1659fb20ec4e'),
 ('234', '30', '111', NULL, '100', '1', '2017-07-26 23:52:20', '2017-07-26 23:52:20', 'd7a35b11-61a5-4f44-b533-4bb4eba09f34'),
 ('235', '30', '112', NULL, '99', '1', '2017-07-26 23:52:20', '2017-07-26 23:52:20', '8a008db8-e6b3-43d2-9b10-5be567623796'),
 ('236', '30', '113', NULL, '160', '1', '2017-07-26 23:52:20', '2017-07-26 23:52:20', 'a576ce49-efbd-427b-9f93-1a28937fc79e'),
 ('237', '25', '163', NULL, '141', '1', '2017-07-26 23:52:20', '2017-07-26 23:52:20', '5e7808f2-1d09-4e12-9c0f-15ac0ff3ca00'),
 ('238', '47', '164', NULL, '145', '1', '2017-07-26 23:52:20', '2017-07-26 23:52:20', 'b7d8ea30-fb73-4b69-8b85-a9b48a292c13'),
 ('239', '30', '164', NULL, '152', '1', '2017-07-26 23:52:20', '2017-07-26 23:52:20', '59cc250c-3952-48cf-8f9c-fba9a866807d'),
 ('240', '47', '165', NULL, '146', '1', '2017-07-26 23:52:20', '2017-07-26 23:52:20', '274333d6-8856-471a-8b6d-e2fb91417fb8'),
 ('241', '30', '165', NULL, '102', '1', '2017-07-26 23:52:20', '2017-07-26 23:52:20', '0c5f9032-6115-4ab6-97e5-8f5921c17e4a'),
 ('242', '47', '166', NULL, '147', '1', '2017-07-26 23:52:20', '2017-07-26 23:52:20', 'a64cda62-cdc2-483e-92b1-735a56ba4c88'),
 ('243', '30', '166', NULL, '154', '1', '2017-07-26 23:52:20', '2017-07-26 23:52:20', 'f9e16cb4-d2bf-48ac-993b-94e05d38a23a'),
 ('244', '47', '167', NULL, '148', '1', '2017-07-26 23:52:20', '2017-07-26 23:52:20', '114b5436-16a4-41e9-b71d-b7f3e239f05d'),
 ('245', '30', '167', NULL, '105', '1', '2017-07-26 23:52:20', '2017-07-26 23:52:20', '974422b6-118d-4a49-ac28-5ee1f79209b4'),
 ('246', '25', '140', NULL, '143', '1', '2017-07-26 23:52:20', '2017-07-26 23:52:20', '0c70d607-20cf-474b-b841-cb400236eee0'),
 ('247', '30', '125', NULL, '101', '1', '2017-07-26 23:52:20', '2017-07-26 23:52:20', 'b09d3594-d0a5-4331-9daf-4b13cc48f6c9'),
 ('248', '30', '126', NULL, '157', '1', '2017-07-26 23:52:20', '2017-07-26 23:52:20', '7ae313b4-e1e8-44a2-a162-601d587aafe1'),
 ('249', '30', '127', NULL, '103', '1', '2017-07-26 23:52:20', '2017-07-26 23:52:20', 'c6c36fc7-6419-488f-ba20-e2cd78309397'),
 ('250', '30', '133', NULL, '159', '1', '2017-07-26 23:52:20', '2017-07-26 23:52:20', '0b2b88c7-2626-4506-8882-87cbafd85378'),
 ('251', '30', '134', NULL, '151', '1', '2017-07-26 23:52:20', '2017-07-26 23:52:20', '6ac65769-5ad4-4101-8fa2-567492514da6'),
 ('252', '30', '135', NULL, '161', '1', '2017-07-26 23:52:20', '2017-07-26 23:52:20', 'af587458-5893-4b2a-836e-2fa2907ce511'),
 ('253', '8', '36', NULL, '8', '1', '2017-07-27 00:17:05', '2017-07-27 00:17:05', 'd557eaa1-64c8-4be2-996e-55cade52b765'),
 ('254', '8', '40', NULL, '38', '1', '2017-07-27 00:17:05', '2017-07-27 00:17:05', '3507b921-5a40-4cf1-84e2-a68cb7908583'),
 ('255', '6', '55', NULL, '49', '1', '2017-07-27 00:17:06', '2017-07-27 00:17:06', '1e333b57-aa0b-4255-bf2e-06c6fdb615a1'),
 ('256', '6', '56', NULL, '50', '1', '2017-07-27 00:17:06', '2017-07-27 00:17:06', '9efab6f6-fdc4-42ef-a821-6f3e3378f7d2'),
 ('257', '6', '58', NULL, '45', '1', '2017-07-27 00:17:06', '2017-07-27 00:17:06', '3404230a-3d3b-42a6-9c2c-da9f5cedae6d'),
 ('258', '6', '59', NULL, '47', '1', '2017-07-27 00:17:06', '2017-07-27 00:17:06', 'f3435fbd-24a2-4298-8b75-fd76acc530a7'),
 ('259', '6', '60', NULL, '46', '1', '2017-07-27 00:17:06', '2017-07-27 00:17:06', '4b0a0d2e-7f8b-4875-9b4b-d701bef28f4f'),
 ('260', '8', '65', NULL, '61', '1', '2017-07-27 00:17:06', '2017-07-27 00:17:06', '85086253-3df5-4f5e-856b-c0450e2cc6ef'),
 ('261', '8', '69', NULL, '68', '1', '2017-07-27 00:17:06', '2017-07-27 00:17:06', 'ffda2be8-898b-4e3b-b1f9-6accd08e02a9'),
 ('262', '45', '91', NULL, '82', '1', '2017-07-27 00:17:06', '2017-07-27 00:17:06', 'a7c86fe1-ff6d-4c6e-8e5c-d297111b3317'),
 ('263', '45', '91', NULL, '85', '2', '2017-07-27 00:17:06', '2017-07-27 00:17:06', 'd0e7eac2-3017-4d8f-85ba-2defd5b4be26'),
 ('264', '45', '91', NULL, '89', '3', '2017-07-27 00:17:06', '2017-07-27 00:17:06', '6aed60d3-a591-4d74-9866-f5c98adb3975'),
 ('265', '45', '91', NULL, '79', '4', '2017-07-27 00:17:06', '2017-07-27 00:17:06', '1bfd6ea5-a43d-49c8-bb00-4ed7991177f9'),
 ('266', '45', '91', NULL, '81', '5', '2017-07-27 00:17:06', '2017-07-27 00:17:06', 'c952c370-f0b6-42dc-8b58-16d73bc98dda'),
 ('267', '45', '91', NULL, '80', '6', '2017-07-27 00:17:06', '2017-07-27 00:17:06', '33bc712d-e4f6-4255-ac55-2c7b4b32e539'),
 ('268', '45', '91', NULL, '76', '7', '2017-07-27 00:17:06', '2017-07-27 00:17:06', 'f44ac00d-7682-463d-aa73-b0f2344fcf27'),
 ('269', '45', '91', NULL, '90', '8', '2017-07-27 00:17:06', '2017-07-27 00:17:06', '0efea3e3-6198-45c1-8c5e-c3aad4d4fddc'),
 ('270', '45', '91', NULL, '77', '9', '2017-07-27 00:17:06', '2017-07-27 00:17:06', 'd984fccd-9374-4848-9bd6-83bc9389ec76'),
 ('271', '45', '91', NULL, '86', '10', '2017-07-27 00:17:06', '2017-07-27 00:17:06', '3fc8c0cc-269d-4c7e-bc94-cf1c4c98433b'),
 ('272', '45', '91', NULL, '78', '11', '2017-07-27 00:17:06', '2017-07-27 00:17:06', '56fc3a6b-83d7-4703-80fd-35eba9e0ca3b'),
 ('273', '45', '91', NULL, '83', '12', '2017-07-27 00:17:06', '2017-07-27 00:17:06', '94d21f7f-576f-4d7f-a49e-8ae03acb65f3'),
 ('274', '45', '91', NULL, '84', '13', '2017-07-27 00:17:06', '2017-07-27 00:17:06', '46321298-0ec3-4639-810f-4341457dba6b'),
 ('275', '45', '91', NULL, '88', '14', '2017-07-27 00:17:06', '2017-07-27 00:17:06', 'fff56234-e4a8-4b5f-820e-1012c264feb7'),
 ('276', '45', '91', NULL, '87', '15', '2017-07-27 00:17:06', '2017-07-27 00:17:06', '8a5f8d9e-13bb-48c2-830e-696cc1da1957');



DROP TABLE IF EXISTS `craft_routes`;


--
-- Schema for table `craft_routes`
--
CREATE TABLE `craft_routes` (
  `id` int(11) NOT NULL AUTO_INCREMENT,
  `locale` char(12) COLLATE utf8_unicode_ci DEFAULT NULL,
  `urlParts` varchar(255) COLLATE utf8_unicode_ci NOT NULL,
  `urlPattern` varchar(255) COLLATE utf8_unicode_ci NOT NULL,
  `template` varchar(255) COLLATE utf8_unicode_ci NOT NULL,
  `sortOrder` smallint(6) unsigned DEFAULT NULL,
  `dateCreated` datetime NOT NULL,
  `dateUpdated` datetime NOT NULL,
  `uid` char(36) COLLATE utf8_unicode_ci NOT NULL DEFAULT '0',
  PRIMARY KEY (`id`),
  KEY `craft_routes_locale_idx` (`locale`),
  KEY `craft_routes_urlPattern_idx` (`urlPattern`)
) ENGINE=InnoDB DEFAULT CHARSET=utf8 COLLATE=utf8_unicode_ci;

DROP TABLE IF EXISTS `craft_searchindex`;


--
-- Schema for table `craft_searchindex`
--
CREATE TABLE `craft_searchindex` (
  `elementId` int(11) NOT NULL,
  `attribute` varchar(25) COLLATE utf8_unicode_ci NOT NULL,
  `fieldId` int(11) NOT NULL,
  `locale` char(12) COLLATE utf8_unicode_ci NOT NULL,
  `keywords` text COLLATE utf8_unicode_ci NOT NULL,
  PRIMARY KEY (`elementId`,`attribute`,`fieldId`,`locale`),
  FULLTEXT KEY `craft_searchindex_keywords_idx` (`keywords`)
) ENGINE=MyISAM DEFAULT CHARSET=utf8 COLLATE=utf8_unicode_ci;

--
-- Data for table `craft_searchindex`
--

INSERT INTO `craft_searchindex` (`elementId`, `attribute`, `fieldId`, `locale`, `keywords`) VALUES
 ('1', 'username', '0', 'en_us', ' admin '),
 ('1', 'firstname', '0', 'en_us', ' snapchat '),
 ('1', 'lastname', '0', 'en_us', ' admin '),
 ('1', 'fullname', '0', 'en_us', ' snapchat admin '),
 ('1', 'email', '0', 'en_us', ' mort instrument com '),
 ('1', 'slug', '0', 'en_us', ''),
 ('2', 'slug', '0', 'en_us', ' homepage '),
 ('2', 'title', '0', 'en_us', ' welcome to snapchat craft dev '),
 ('2', 'field', '1', 'en_us', ' it s true this site doesn t have a whole lot of content yet but don t worry our web developers have just installed the cms and they re setting things up for the content editors this very moment soon snapchat craft dev will be an oasis of fresh perspectives sharp analyses and astute opinions that will keep you coming back again and again '),
 ('3', 'field', '1', 'en_us', ' craft is the cms that s powering snapchat craft dev it s beautiful powerful flexible and easy to use and it s made by pixel tonic we can t wait to dive in and see what it s capable of this is even more captivating content which you couldn t see on the news index page because it was entered after a page break and the news index template only likes to show the content on the first page craft a nice alternative to word if you re making a website '),
 ('3', 'field', '2', 'en_us', ''),
 ('3', 'slug', '0', 'en_us', ' we just installed craft '),
 ('3', 'title', '0', 'en_us', ' we just installed craft '),
 ('4', 'field', '7', 'en_us', ' measurement '),
 ('4', 'field', '15', 'en_us', ' orange '),
 ('4', 'field', '16', 'en_us', ' 1 '),
 ('4', 'field', '3', 'en_us', ''),
 ('4', 'slug', '0', 'en_us', ' measurement '),
 ('4', 'title', '0', 'en_us', ' measurement '),
 ('33', 'field', '41', 'en_us', ' ab inbev '),
 ('33', 'field', '40', 'en_us', ' a91622 '),
 ('8', 'filename', '0', 'en_us', ' snap_ad_reporting_1x png '),
 ('8', 'extension', '0', 'en_us', ' png '),
 ('8', 'kind', '0', 'en_us', ' image '),
 ('8', 'slug', '0', 'en_us', ' snap ad reporting 1x '),
 ('8', 'title', '0', 'en_us', ' snap ad reporting 1x '),
 ('33', 'field', '38', 'en_us', ' ic success logo abinbev 2x '),
 ('14', 'extension', '0', 'en_us', ' png '),
 ('14', 'filename', '0', 'en_us', ' homepage 1 1 png '),
 ('26', 'field', '36', 'en_us', ' custom https businesshelp snapchat com en us support _blank '),
 ('26', 'field', '34', 'en_us', ' entry 98 solutions entry 4 '),
 ('26', 'slug', '0', 'en_us', ''),
 ('33', 'field', '39', 'en_us', ' success story '),
 ('28', 'field', '35', 'en_us', ' entry 4 '),
 ('28', 'slug', '0', 'en_us', ''),
 ('29', 'field', '35', 'en_us', ' entry 98 solutions '),
 ('29', 'slug', '0', 'en_us', ''),
 ('172', 'extension', '0', 'en_us', ' png '),
 ('31', 'field', '37', 'en_us', ' custom https businesshelp snapchat com en us support _blank '),
 ('31', 'slug', '0', 'en_us', ''),
 ('14', 'kind', '0', 'en_us', ' image '),
 ('14', 'slug', '0', 'en_us', ' homepage 1 1 '),
 ('14', 'title', '0', 'en_us', ' homepage 1 1 '),
 ('15', 'filename', '0', 'en_us', ' homepage 1 2 png '),
 ('15', 'extension', '0', 'en_us', ' png '),
 ('15', 'kind', '0', 'en_us', ' image '),
 ('15', 'slug', '0', 'en_us', ' homepage 1 2 '),
 ('15', 'title', '0', 'en_us', ' homepage 1 2 '),
 ('16', 'filename', '0', 'en_us', ' homepage 1 3 png '),
 ('16', 'extension', '0', 'en_us', ' png '),
 ('16', 'kind', '0', 'en_us', ' image '),
 ('16', 'slug', '0', 'en_us', ' homepage 1 3 '),
 ('16', 'title', '0', 'en_us', ' homepage 1 3 '),
 ('33', 'title', '0', 'en_us', ' ab inbev '),
 ('33', 'slug', '0', 'en_us', ' ab inbev '),
 ('33', 'field', '43', 'en_us', ''),
 ('33', 'field', '42', 'en_us', ' on average snapchatters spent 30 seconds playing anheuser busch inbev s bud bowl game in its snap ad web view '),
 ('34', 'field', '23', 'en_us', ' overview '),
 ('34', 'field', '20', 'en_us', ' gray '),
 ('34', 'slug', '0', 'en_us', ''),
 ('35', 'field', '10', 'en_us', ' successful ads drive your business forward '),
 ('35', 'slug', '0', 'en_us', ''),
 ('36', 'field', '8', 'en_us', ' snap ad reporting 1x '),
 ('36', 'field', '9', 'en_us', ' left '),
 ('36', 'field', '10', 'en_us', ' snap ad reporting '),
 ('36', 'field', '11', 'en_us', ' monitor your campaigns in real time identify key performance trends and optimize towards your goals '),
 ('36', 'slug', '0', 'en_us', ''),
 ('37', 'field', '12', 'en_us', ' custom https businesshelp snapchat com en us a metrics learn more _blank '),
 ('37', 'field', '17', 'en_us', ' primary '),
 ('37', 'slug', '0', 'en_us', ''),
 ('38', 'filename', '0', 'en_us', ' filter_reporting_2x jpg '),
 ('38', 'extension', '0', 'en_us', ' jpg '),
 ('38', 'kind', '0', 'en_us', ' image '),
 ('38', 'slug', '0', 'en_us', ' filter reporting 2x '),
 ('38', 'title', '0', 'en_us', ' filter reporting 2x '),
 ('37', 'field', '44', 'en_us', ' orange '),
 ('39', 'field', '23', 'en_us', ' filter reporting '),
 ('39', 'field', '20', 'en_us', ' white '),
 ('39', 'slug', '0', 'en_us', ''),
 ('40', 'field', '8', 'en_us', ' filter reporting 2x '),
 ('40', 'field', '9', 'en_us', ' right '),
 ('40', 'field', '10', 'en_us', ' filter reporting '),
 ('40', 'field', '11', 'en_us', ' track filter performance and optimize your campaign by location '),
 ('40', 'slug', '0', 'en_us', ''),
 ('41', 'field', '12', 'en_us', ' custom https businesshelp snapchat com en us a geofilter metrics learn more _blank '),
 ('41', 'field', '17', 'en_us', ' primary '),
 ('41', 'field', '44', 'en_us', ' orange '),
 ('41', 'slug', '0', 'en_us', ''),
 ('42', 'field', '23', 'en_us', ' measurement philosophy '),
 ('42', 'field', '20', 'en_us', ' gray '),
 ('42', 'slug', '0', 'en_us', ''),
 ('43', 'field', '10', 'en_us', ' know exactly how your ads perform '),
 ('43', 'slug', '0', 'en_us', ''),
 ('44', 'field', '24', 'en_us', ''),
 ('44', 'slug', '0', 'en_us', ''),
 ('45', 'filename', '0', 'en_us', ' measurement reach svg '),
 ('45', 'extension', '0', 'en_us', ' svg '),
 ('45', 'kind', '0', 'en_us', ' image '),
 ('45', 'slug', '0', 'en_us', ' measurement reach '),
 ('45', 'title', '0', 'en_us', ' measurement reach ');
INSERT INTO `craft_searchindex` (`elementId`, `attribute`, `fieldId`, `locale`, `keywords`) VALUES
 ('46', 'filename', '0', 'en_us', ' measurement reaction svg '),
 ('46', 'extension', '0', 'en_us', ' svg '),
 ('46', 'kind', '0', 'en_us', ' image '),
 ('46', 'slug', '0', 'en_us', ' measurement reaction '),
 ('46', 'title', '0', 'en_us', ' measurement reaction '),
 ('47', 'filename', '0', 'en_us', ' measurement resonance svg '),
 ('47', 'extension', '0', 'en_us', ' svg '),
 ('47', 'kind', '0', 'en_us', ' image '),
 ('47', 'slug', '0', 'en_us', ' measurement resonance '),
 ('47', 'title', '0', 'en_us', ' measurement resonance '),
 ('48', 'filename', '0', 'en_us', ' measurement snap to svg '),
 ('48', 'extension', '0', 'en_us', ' svg '),
 ('48', 'kind', '0', 'en_us', ' image '),
 ('48', 'slug', '0', 'en_us', ' measurement snap to '),
 ('48', 'title', '0', 'en_us', ' measurement snap to '),
 ('49', 'filename', '0', 'en_us', ' measurement verification svg '),
 ('49', 'extension', '0', 'en_us', ' svg '),
 ('49', 'kind', '0', 'en_us', ' image '),
 ('49', 'slug', '0', 'en_us', ' measurement verification '),
 ('49', 'title', '0', 'en_us', ' measurement verification '),
 ('50', 'filename', '0', 'en_us', ' measurement viewability svg '),
 ('50', 'extension', '0', 'en_us', ' svg '),
 ('50', 'kind', '0', 'en_us', ' image '),
 ('50', 'slug', '0', 'en_us', ' measurement viewability '),
 ('50', 'title', '0', 'en_us', ' measurement viewability '),
 ('51', 'field', '10', 'en_us', ' successful ads drive your business forward '),
 ('51', 'slug', '0', 'en_us', ''),
 ('52', 'field', '10', 'en_us', ' know exactly how your ads perform '),
 ('52', 'slug', '0', 'en_us', ''),
 ('68', 'filename', '0', 'en_us', ' snap to store_chillahs_2x png '),
 ('54', 'slug', '0', 'en_us', ''),
 ('55', 'field', '6', 'en_us', ' measurement verification '),
 ('55', 'field', '4', 'en_us', ' verification '),
 ('55', 'field', '5', 'en_us', ' we confirm how many times your ad was served and offer tracking support from mrc accredited third parties '),
 ('55', 'slug', '0', 'en_us', ''),
 ('56', 'field', '6', 'en_us', ' measurement viewability '),
 ('56', 'field', '4', 'en_us', ' viewability '),
 ('56', 'field', '5', 'en_us', ' we offer first and third party metrics for how much attention your ads receive including support for mrc viewability metrics '),
 ('56', 'slug', '0', 'en_us', ''),
 ('57', 'slug', '0', 'en_us', ''),
 ('58', 'field', '6', 'en_us', ' measurement reach '),
 ('58', 'field', '4', 'en_us', ' reach '),
 ('58', 'field', '5', 'en_us', ' we ll let you know how many snapchatters saw your ad their demographics and more '),
 ('58', 'slug', '0', 'en_us', ''),
 ('59', 'field', '6', 'en_us', ' measurement resonance '),
 ('59', 'field', '4', 'en_us', ' resonance '),
 ('59', 'field', '5', 'en_us', ' we offer in depth analysis for equity metrics such as brand awareness brand favorability brand consideration and intent '),
 ('59', 'slug', '0', 'en_us', ''),
 ('60', 'field', '6', 'en_us', ' measurement reaction '),
 ('60', 'field', '4', 'en_us', ' reaction '),
 ('60', 'field', '5', 'en_us', ' we determine impact for sales and store visits using sophisticated modeling and by partnering with leading third party measurement firms '),
 ('60', 'slug', '0', 'en_us', ''),
 ('61', 'filename', '0', 'en_us', ' snap to store_clock_2x png '),
 ('61', 'extension', '0', 'en_us', ' png '),
 ('61', 'kind', '0', 'en_us', ' image '),
 ('61', 'slug', '0', 'en_us', ' snap to store clock 2x '),
 ('61', 'title', '0', 'en_us', ' snap to store clock 2x '),
 ('62', 'field', '18', 'en_us', ' we provide structure and transparency to help you drive results '),
 ('62', 'slug', '0', 'en_us', ''),
 ('63', 'field', '23', 'en_us', ' snap to store '),
 ('63', 'field', '20', 'en_us', ' white '),
 ('63', 'slug', '0', 'en_us', ''),
 ('64', 'slug', '0', 'en_us', ''),
 ('65', 'field', '8', 'en_us', ' snap to store clock 2x '),
 ('65', 'slug', '0', 'en_us', ''),
 ('66', 'field', '10', 'en_us', ' snap to store '),
 ('66', 'slug', '0', 'en_us', ''),
 ('67', 'field', '18', 'en_us', ' so did snapchatters visit your store after seeing your ad measure incremental visitors using our proprietary snap to store solution '),
 ('67', 'slug', '0', 'en_us', ''),
 ('68', 'extension', '0', 'en_us', ' png '),
 ('68', 'kind', '0', 'en_us', ' image '),
 ('68', 'slug', '0', 'en_us', ' snap to store chillahs 2x '),
 ('68', 'title', '0', 'en_us', ' snap to store chillahs 2x '),
 ('69', 'field', '8', 'en_us', ' snap to store chillahs 2x '),
 ('69', 'field', '28', 'en_us', ' wide '),
 ('69', 'slug', '0', 'en_us', ''),
 ('76', 'extension', '0', 'en_us', ' png '),
 ('76', 'filename', '0', 'en_us', ' adjust_2x png '),
 ('71', 'field', '23', 'en_us', ' third party partners '),
 ('71', 'field', '20', 'en_us', ' gray '),
 ('71', 'slug', '0', 'en_us', ''),
 ('72', 'slug', '0', 'en_us', ''),
 ('73', 'field', '10', 'en_us', ' measurement partners '),
 ('73', 'slug', '0', 'en_us', ''),
 ('74', 'field', '18', 'en_us', ' take an in depth look at your campaigns with robust insights and recommendations from leading third party measurement partners '),
 ('74', 'slug', '0', 'en_us', ''),
 ('75', 'field', '12', 'en_us', ' custom https developers snapchat com ads partners see snapchat partners _blank '),
 ('75', 'field', '44', 'en_us', ' orange '),
 ('75', 'slug', '0', 'en_us', ''),
 ('76', 'kind', '0', 'en_us', ' image '),
 ('76', 'slug', '0', 'en_us', ' adjust 2x '),
 ('76', 'title', '0', 'en_us', ' adjust 2x '),
 ('77', 'filename', '0', 'en_us', ' appsflyer_2x png '),
 ('77', 'extension', '0', 'en_us', ' png '),
 ('77', 'kind', '0', 'en_us', ' image '),
 ('77', 'slug', '0', 'en_us', ' appsflyer 2x '),
 ('77', 'title', '0', 'en_us', ' appsflyer 2x '),
 ('78', 'filename', '0', 'en_us', ' doubleclick_2x png '),
 ('78', 'extension', '0', 'en_us', ' png '),
 ('78', 'kind', '0', 'en_us', ' image ');
INSERT INTO `craft_searchindex` (`elementId`, `attribute`, `fieldId`, `locale`, `keywords`) VALUES
 ('78', 'slug', '0', 'en_us', ' doubleclick 2x '),
 ('78', 'title', '0', 'en_us', ' doubleclick 2x '),
 ('79', 'filename', '0', 'en_us', ' innovid_2x png '),
 ('79', 'extension', '0', 'en_us', ' png '),
 ('79', 'kind', '0', 'en_us', ' image '),
 ('79', 'slug', '0', 'en_us', ' innovid 2x '),
 ('79', 'title', '0', 'en_us', ' innovid 2x '),
 ('80', 'filename', '0', 'en_us', ' kochava_2x png '),
 ('80', 'extension', '0', 'en_us', ' png '),
 ('80', 'kind', '0', 'en_us', ' image '),
 ('80', 'slug', '0', 'en_us', ' kochava 2x '),
 ('80', 'title', '0', 'en_us', ' kochava 2x '),
 ('81', 'filename', '0', 'en_us', ' liveramp_2x png '),
 ('81', 'extension', '0', 'en_us', ' png '),
 ('81', 'kind', '0', 'en_us', ' image '),
 ('81', 'slug', '0', 'en_us', ' liveramp 2x '),
 ('81', 'title', '0', 'en_us', ' liveramp 2x '),
 ('82', 'filename', '0', 'en_us', ' millwardbrown_2x png '),
 ('82', 'extension', '0', 'en_us', ' png '),
 ('82', 'kind', '0', 'en_us', ' image '),
 ('82', 'slug', '0', 'en_us', ' millwardbrown 2x '),
 ('82', 'title', '0', 'en_us', ' millwardbrown 2x '),
 ('83', 'filename', '0', 'en_us', ' moat_2x png '),
 ('83', 'extension', '0', 'en_us', ' png '),
 ('83', 'kind', '0', 'en_us', ' image '),
 ('83', 'slug', '0', 'en_us', ' moat 2x '),
 ('83', 'title', '0', 'en_us', ' moat 2x '),
 ('84', 'filename', '0', 'en_us', ' neustar_2x png '),
 ('84', 'extension', '0', 'en_us', ' png '),
 ('84', 'kind', '0', 'en_us', ' image '),
 ('84', 'slug', '0', 'en_us', ' neustar 2x '),
 ('84', 'title', '0', 'en_us', ' neustar 2x '),
 ('85', 'filename', '0', 'en_us', ' nielsen_2x png '),
 ('85', 'extension', '0', 'en_us', ' png '),
 ('85', 'kind', '0', 'en_us', ' image '),
 ('85', 'slug', '0', 'en_us', ' nielsen 2x '),
 ('85', 'title', '0', 'en_us', ' nielsen 2x '),
 ('86', 'filename', '0', 'en_us', ' oracle_2x png '),
 ('86', 'extension', '0', 'en_us', ' png '),
 ('86', 'kind', '0', 'en_us', ' image '),
 ('86', 'slug', '0', 'en_us', ' oracle 2x '),
 ('86', 'title', '0', 'en_us', ' oracle 2x '),
 ('87', 'filename', '0', 'en_us', ' placed_2x png '),
 ('87', 'extension', '0', 'en_us', ' png '),
 ('87', 'kind', '0', 'en_us', ' image '),
 ('87', 'slug', '0', 'en_us', ' placed 2x '),
 ('87', 'title', '0', 'en_us', ' placed 2x '),
 ('88', 'filename', '0', 'en_us', ' singular_2x png '),
 ('88', 'extension', '0', 'en_us', ' png '),
 ('88', 'kind', '0', 'en_us', ' image '),
 ('88', 'slug', '0', 'en_us', ' singular 2x '),
 ('88', 'title', '0', 'en_us', ' singular 2x '),
 ('89', 'filename', '0', 'en_us', ' sizmek_2x png '),
 ('89', 'extension', '0', 'en_us', ' png '),
 ('89', 'kind', '0', 'en_us', ' image '),
 ('89', 'slug', '0', 'en_us', ' sizmek 2x '),
 ('89', 'title', '0', 'en_us', ' sizmek 2x '),
 ('90', 'filename', '0', 'en_us', ' tune_2x png '),
 ('90', 'extension', '0', 'en_us', ' png '),
 ('90', 'kind', '0', 'en_us', ' image '),
 ('90', 'slug', '0', 'en_us', ' tune 2x '),
 ('90', 'title', '0', 'en_us', ' tune 2x '),
 ('91', 'field', '45', 'en_us', ' millwardbrown 2x nielsen 2x sizmek 2x innovid 2x liveramp 2x kochava 2x adjust 2x tune 2x appsflyer 2x oracle 2x doubleclick 2x moat 2x neustar 2x singular 2x placed 2x '),
 ('91', 'slug', '0', 'en_us', ''),
 ('172', 'filename', '0', 'en_us', ' ad_manager_2x png '),
 ('97', 'filename', '0', 'en_us', ' ic_success_logo_abinbev 2x png '),
 ('97', 'extension', '0', 'en_us', ' png '),
 ('97', 'kind', '0', 'en_us', ' image '),
 ('97', 'slug', '0', 'en_us', ' ic success logo abinbev 2x '),
 ('97', 'title', '0', 'en_us', ' ic success logo abinbev 2x '),
 ('98', 'field', '7', 'en_us', ' solutions '),
 ('98', 'field', '15', 'en_us', ' blue '),
 ('98', 'field', '16', 'en_us', ' 1 '),
 ('98', 'field', '3', 'en_us', ''),
 ('98', 'slug', '0', 'en_us', ' solutions '),
 ('98', 'title', '0', 'en_us', ' solutions '),
 ('99', 'filename', '0', 'en_us', ' geofilter_phil_phone_screen 2x jpg '),
 ('99', 'extension', '0', 'en_us', ' jpg '),
 ('99', 'kind', '0', 'en_us', ' image '),
 ('99', 'slug', '0', 'en_us', ' geofilter phil phone screen 2x '),
 ('99', 'title', '0', 'en_us', ' geofilter phil phone screen 2x '),
 ('100', 'filename', '0', 'en_us', ' postmates_driveaction 2x jpg '),
 ('100', 'extension', '0', 'en_us', ' jpg '),
 ('100', 'kind', '0', 'en_us', ' image '),
 ('100', 'slug', '0', 'en_us', ' postmates drive action 2x '),
 ('100', 'title', '0', 'en_us', ' postmates drive action 2x '),
 ('101', 'filename', '0', 'en_us', ' lga_geofilter_2x jpg '),
 ('101', 'extension', '0', 'en_us', ' jpg '),
 ('101', 'kind', '0', 'en_us', ' image '),
 ('101', 'slug', '0', 'en_us', ' lga geo filter 2x '),
 ('101', 'title', '0', 'en_us', ' lga geo filter 2x '),
 ('102', 'filename', '0', 'en_us', ' target_ad_2x jpg '),
 ('102', 'extension', '0', 'en_us', ' jpg '),
 ('102', 'kind', '0', 'en_us', ' image '),
 ('102', 'slug', '0', 'en_us', ' target ad 2x '),
 ('102', 'title', '0', 'en_us', ' target ad 2x '),
 ('103', 'filename', '0', 'en_us', ' warby_parker_geofilter_2x jpg '),
 ('103', 'extension', '0', 'en_us', ' jpg '),
 ('103', 'kind', '0', 'en_us', ' image '),
 ('103', 'slug', '0', 'en_us', ' warby parker geo filter 2x ');
INSERT INTO `craft_searchindex` (`elementId`, `attribute`, `fieldId`, `locale`, `keywords`) VALUES
 ('103', 'title', '0', 'en_us', ' warby parker geo filter 2x '),
 ('104', 'filename', '0', 'en_us', ' weby_parker_geofilter_2x jpg '),
 ('104', 'extension', '0', 'en_us', ' jpg '),
 ('104', 'kind', '0', 'en_us', ' image '),
 ('104', 'slug', '0', 'en_us', ' weby parker geo filter 2x '),
 ('104', 'title', '0', 'en_us', ' weby parker geo filter 2x '),
 ('105', 'filename', '0', 'en_us', ' snapads_gatorade_phone_screen 2x jpg '),
 ('105', 'extension', '0', 'en_us', ' jpg '),
 ('105', 'kind', '0', 'en_us', ' image '),
 ('105', 'slug', '0', 'en_us', ' snap ads gatorade phone screen 2x '),
 ('105', 'title', '0', 'en_us', ' snap ads gatorade phone screen 2x '),
 ('106', 'filename', '0', 'en_us', ' snapads_underarmour_phone_screen 2x jpg '),
 ('106', 'extension', '0', 'en_us', ' jpg '),
 ('106', 'kind', '0', 'en_us', ' image '),
 ('106', 'slug', '0', 'en_us', ' snap ads under armour phone screen 2x '),
 ('106', 'title', '0', 'en_us', ' snap ads under armour phone screen 2x '),
 ('107', 'field', '23', 'en_us', ' overview '),
 ('107', 'field', '20', 'en_us', ' gray '),
 ('107', 'slug', '0', 'en_us', ''),
 ('108', 'slug', '0', 'en_us', ''),
 ('109', 'field', '10', 'en_us', ' our ad products are fun and effective for every objective '),
 ('109', 'slug', '0', 'en_us', ''),
 ('110', 'slug', '0', 'en_us', ''),
 ('111', 'field', '30', 'en_us', ' postmates drive action 2x '),
 ('111', 'field', '31', 'en_us', ''),
 ('111', 'field', '32', 'en_us', ' snap ads '),
 ('111', 'field', '33', 'en_us', ' captivate your audience with full screen snap ads '),
 ('111', 'slug', '0', 'en_us', ''),
 ('112', 'field', '30', 'en_us', ' geofilter phil phone screen 2x '),
 ('112', 'field', '31', 'en_us', ''),
 ('112', 'field', '32', 'en_us', ' filters '),
 ('112', 'field', '33', 'en_us', ' own a place or event with location based filters '),
 ('112', 'slug', '0', 'en_us', ''),
 ('113', 'field', '30', 'en_us', ' solutions device 12 '),
 ('113', 'field', '31', 'en_us', ''),
 ('113', 'field', '32', 'en_us', ' lenses '),
 ('113', 'field', '33', 'en_us', ' invite customers to play and share with lenses '),
 ('113', 'slug', '0', 'en_us', ''),
 ('114', 'field', '23', 'en_us', ' snap ads '),
 ('114', 'field', '20', 'en_us', ' white '),
 ('114', 'slug', '0', 'en_us', ''),
 ('115', 'slug', '0', 'en_us', ''),
 ('116', 'field', '10', 'en_us', ' snap ads '),
 ('116', 'slug', '0', 'en_us', ''),
 ('117', 'field', '18', 'en_us', ' the original vertical video ad now with attachments customized for your objectives '),
 ('117', 'slug', '0', 'en_us', ''),
 ('118', 'field', '23', 'en_us', ' filters '),
 ('118', 'field', '20', 'en_us', ' gray '),
 ('118', 'slug', '0', 'en_us', ''),
 ('119', 'slug', '0', 'en_us', ''),
 ('120', 'field', '10', 'en_us', ' filters '),
 ('120', 'slug', '0', 'en_us', ''),
 ('121', 'field', '18', 'en_us', ' filters allow you to be where your product is bought thought about or consumed create your own filter and drive awareness advocacy and action in one package '),
 ('121', 'slug', '0', 'en_us', ''),
 ('122', 'field', '12', 'en_us', ' custom http geofilters snapchat com create a filter _blank '),
 ('122', 'slug', '0', 'en_us', ''),
 ('123', 'field', '12', 'en_us', ' custom https businesshelp snapchat com en us article create geofilter view guidelines '),
 ('123', 'slug', '0', 'en_us', ''),
 ('124', 'slug', '0', 'en_us', ''),
 ('125', 'field', '30', 'en_us', ' lga geo filter 2x '),
 ('125', 'field', '31', 'en_us', ''),
 ('125', 'field', '32', 'en_us', ''),
 ('125', 'field', '33', 'en_us', ''),
 ('125', 'slug', '0', 'en_us', ''),
 ('126', 'field', '30', 'en_us', ' solutions device 9 '),
 ('126', 'field', '31', 'en_us', ''),
 ('126', 'field', '32', 'en_us', ''),
 ('126', 'field', '33', 'en_us', ''),
 ('126', 'slug', '0', 'en_us', ''),
 ('127', 'field', '30', 'en_us', ' warby parker geo filter 2x '),
 ('127', 'field', '31', 'en_us', ''),
 ('127', 'field', '32', 'en_us', ''),
 ('127', 'field', '33', 'en_us', ''),
 ('127', 'slug', '0', 'en_us', ''),
 ('128', 'field', '23', 'en_us', ' lenses '),
 ('128', 'field', '20', 'en_us', ' white '),
 ('128', 'slug', '0', 'en_us', ''),
 ('129', 'slug', '0', 'en_us', ''),
 ('130', 'field', '10', 'en_us', ' lenses '),
 ('130', 'slug', '0', 'en_us', ''),
 ('131', 'field', '18', 'en_us', ' lenses are the most playful and memorable way to increase awareness on a massive scale with one tap you can invite snapchatters into your world and your story '),
 ('131', 'slug', '0', 'en_us', ''),
 ('132', 'slug', '0', 'en_us', ''),
 ('133', 'field', '30', 'en_us', ' solutions device 11 '),
 ('133', 'field', '31', 'en_us', ''),
 ('133', 'field', '32', 'en_us', ''),
 ('133', 'field', '33', 'en_us', ''),
 ('133', 'slug', '0', 'en_us', ''),
 ('134', 'field', '30', 'en_us', ' solutions device 3 '),
 ('134', 'field', '31', 'en_us', ''),
 ('134', 'field', '32', 'en_us', ''),
 ('134', 'field', '33', 'en_us', ''),
 ('134', 'slug', '0', 'en_us', ''),
 ('135', 'field', '30', 'en_us', ' solutions device 13 '),
 ('135', 'field', '31', 'en_us', ''),
 ('135', 'field', '32', 'en_us', ''),
 ('135', 'field', '33', 'en_us', ''),
 ('135', 'slug', '0', 'en_us', ''),
 ('136', 'field', '23', 'en_us', ' video '),
 ('136', 'field', '20', 'en_us', ' gray ');
INSERT INTO `craft_searchindex` (`elementId`, `attribute`, `fieldId`, `locale`, `keywords`) VALUES
 ('136', 'slug', '0', 'en_us', ''),
 ('137', 'slug', '0', 'en_us', ''),
 ('138', 'field', '10', 'en_us', ' see where your ads will run on snapchat '),
 ('138', 'slug', '0', 'en_us', ''),
 ('145', 'filename', '0', 'en_us', ' devices nav 1 svg '),
 ('110', 'field', '24', 'en_us', ''),
 ('124', 'field', '24', 'en_us', ' chillah hearts topright on average more than a billion snaps with filters are viewed every day 1 '),
 ('140', 'field', '25', 'en_us', ' chillah hearts '),
 ('140', 'field', '26', 'en_us', ' on average more than a billion snaps with filters are viewed every day 1 '),
 ('140', 'field', '27', 'en_us', ' topright '),
 ('140', 'slug', '0', 'en_us', ''),
 ('132', 'field', '24', 'en_us', ''),
 ('141', 'filename', '0', 'en_us', ' chillah device svg '),
 ('141', 'extension', '0', 'en_us', ' svg '),
 ('141', 'kind', '0', 'en_us', ' image '),
 ('141', 'slug', '0', 'en_us', ' chillah device '),
 ('141', 'title', '0', 'en_us', ' chillah device '),
 ('142', 'filename', '0', 'en_us', ' chillah heart eyes svg '),
 ('142', 'extension', '0', 'en_us', ' svg '),
 ('142', 'kind', '0', 'en_us', ' image '),
 ('142', 'slug', '0', 'en_us', ' chillah heart eyes '),
 ('142', 'title', '0', 'en_us', ' chillah heart eyes '),
 ('143', 'filename', '0', 'en_us', ' chillah hearts svg '),
 ('143', 'extension', '0', 'en_us', ' svg '),
 ('143', 'kind', '0', 'en_us', ' image '),
 ('143', 'slug', '0', 'en_us', ' chillah hearts '),
 ('143', 'title', '0', 'en_us', ' chillah hearts '),
 ('144', 'field', '23', 'en_us', ' snap ads '),
 ('144', 'field', '20', 'en_us', ' white '),
 ('144', 'slug', '0', 'en_us', ''),
 ('145', 'extension', '0', 'en_us', ' svg '),
 ('145', 'kind', '0', 'en_us', ' image '),
 ('145', 'slug', '0', 'en_us', ' devices nav 1 '),
 ('145', 'title', '0', 'en_us', ' devices nav 1 '),
 ('146', 'filename', '0', 'en_us', ' devices nav 2 svg '),
 ('146', 'extension', '0', 'en_us', ' svg '),
 ('146', 'kind', '0', 'en_us', ' image '),
 ('146', 'slug', '0', 'en_us', ' devices nav 2 '),
 ('146', 'title', '0', 'en_us', ' devices nav 2 '),
 ('147', 'filename', '0', 'en_us', ' devices nav 3 svg '),
 ('147', 'extension', '0', 'en_us', ' svg '),
 ('147', 'kind', '0', 'en_us', ' image '),
 ('147', 'slug', '0', 'en_us', ' devices nav 3 '),
 ('147', 'title', '0', 'en_us', ' devices nav 3 '),
 ('148', 'filename', '0', 'en_us', ' devices nav 4 svg '),
 ('148', 'extension', '0', 'en_us', ' svg '),
 ('148', 'kind', '0', 'en_us', ' image '),
 ('148', 'slug', '0', 'en_us', ' devices nav 4 '),
 ('148', 'title', '0', 'en_us', ' devices nav 4 '),
 ('149', 'filename', '0', 'en_us', ' solutions device 1 jpg '),
 ('149', 'extension', '0', 'en_us', ' jpg '),
 ('149', 'kind', '0', 'en_us', ' image '),
 ('149', 'slug', '0', 'en_us', ' solutions device 1 '),
 ('149', 'title', '0', 'en_us', ' solutions device 1 '),
 ('150', 'filename', '0', 'en_us', ' solutions device 2 jpg '),
 ('150', 'extension', '0', 'en_us', ' jpg '),
 ('150', 'kind', '0', 'en_us', ' image '),
 ('150', 'slug', '0', 'en_us', ' solutions device 2 '),
 ('150', 'title', '0', 'en_us', ' solutions device 2 '),
 ('151', 'filename', '0', 'en_us', ' solutions device 3 jpg '),
 ('151', 'extension', '0', 'en_us', ' jpg '),
 ('151', 'kind', '0', 'en_us', ' image '),
 ('151', 'slug', '0', 'en_us', ' solutions device 3 '),
 ('151', 'title', '0', 'en_us', ' solutions device 3 '),
 ('152', 'filename', '0', 'en_us', ' solutions device 4 jpg '),
 ('152', 'extension', '0', 'en_us', ' jpg '),
 ('152', 'kind', '0', 'en_us', ' image '),
 ('152', 'slug', '0', 'en_us', ' solutions device 4 '),
 ('152', 'title', '0', 'en_us', ' solutions device 4 '),
 ('153', 'filename', '0', 'en_us', ' solutions device 5 jpg '),
 ('153', 'extension', '0', 'en_us', ' jpg '),
 ('153', 'kind', '0', 'en_us', ' image '),
 ('153', 'slug', '0', 'en_us', ' solutions device 5 '),
 ('153', 'title', '0', 'en_us', ' solutions device 5 '),
 ('154', 'filename', '0', 'en_us', ' solutions device 6 jpg '),
 ('154', 'extension', '0', 'en_us', ' jpg '),
 ('154', 'kind', '0', 'en_us', ' image '),
 ('154', 'slug', '0', 'en_us', ' solutions device 6 '),
 ('154', 'title', '0', 'en_us', ' solutions device 6 '),
 ('155', 'filename', '0', 'en_us', ' solutions device 7 jpg '),
 ('155', 'extension', '0', 'en_us', ' jpg '),
 ('155', 'kind', '0', 'en_us', ' image '),
 ('155', 'slug', '0', 'en_us', ' solutions device 7 '),
 ('155', 'title', '0', 'en_us', ' solutions device 7 '),
 ('156', 'filename', '0', 'en_us', ' solutions device 8 jpg '),
 ('156', 'extension', '0', 'en_us', ' jpg '),
 ('156', 'kind', '0', 'en_us', ' image '),
 ('156', 'slug', '0', 'en_us', ' solutions device 8 '),
 ('156', 'title', '0', 'en_us', ' solutions device 8 '),
 ('157', 'filename', '0', 'en_us', ' solutions device 9 jpg '),
 ('157', 'extension', '0', 'en_us', ' jpg '),
 ('157', 'kind', '0', 'en_us', ' image '),
 ('157', 'slug', '0', 'en_us', ' solutions device 9 '),
 ('157', 'title', '0', 'en_us', ' solutions device 9 '),
 ('158', 'filename', '0', 'en_us', ' solutions device 10 jpg '),
 ('158', 'extension', '0', 'en_us', ' jpg '),
 ('158', 'kind', '0', 'en_us', ' image '),
 ('158', 'slug', '0', 'en_us', ' solutions device 10 '),
 ('158', 'title', '0', 'en_us', ' solutions device 10 '),
 ('159', 'filename', '0', 'en_us', ' solutions device 11 jpg ');
INSERT INTO `craft_searchindex` (`elementId`, `attribute`, `fieldId`, `locale`, `keywords`) VALUES
 ('159', 'extension', '0', 'en_us', ' jpg '),
 ('159', 'kind', '0', 'en_us', ' image '),
 ('159', 'slug', '0', 'en_us', ' solutions device 11 '),
 ('159', 'title', '0', 'en_us', ' solutions device 11 '),
 ('160', 'filename', '0', 'en_us', ' solutions device 12 jpg '),
 ('160', 'extension', '0', 'en_us', ' jpg '),
 ('160', 'kind', '0', 'en_us', ' image '),
 ('160', 'slug', '0', 'en_us', ' solutions device 12 '),
 ('160', 'title', '0', 'en_us', ' solutions device 12 '),
 ('161', 'filename', '0', 'en_us', ' solutions device 13 jpg '),
 ('161', 'extension', '0', 'en_us', ' jpg '),
 ('161', 'kind', '0', 'en_us', ' image '),
 ('161', 'slug', '0', 'en_us', ' solutions device 13 '),
 ('161', 'title', '0', 'en_us', ' solutions device 13 '),
 ('162', 'field', '24', 'en_us', ' chillah device topleft on average over 10 billion videos are watched on snapchat every day 1 '),
 ('162', 'slug', '0', 'en_us', ''),
 ('163', 'field', '25', 'en_us', ' chillah device '),
 ('163', 'field', '26', 'en_us', ' on average over 10 billion videos are watched on snapchat every day 1 '),
 ('163', 'field', '27', 'en_us', ' topleft '),
 ('163', 'slug', '0', 'en_us', ''),
 ('164', 'field', '47', 'en_us', ' devices nav 1 '),
 ('164', 'field', '48', 'en_us', ' snap ads '),
 ('164', 'field', '49', 'en_us', ' snap ads are full screen 100% viewable and have audio on by default '),
 ('164', 'field', '51', 'en_us', ' solutions device 4 '),
 ('164', 'field', '50', 'en_us', ''),
 ('164', 'slug', '0', 'en_us', ''),
 ('165', 'field', '47', 'en_us', ' devices nav 2 '),
 ('165', 'field', '48', 'en_us', ' web view '),
 ('165', 'field', '49', 'en_us', ' drive traffic to your pre loaded website with our auto fill feature snapchatters can send you their account email and more by just tapping '),
 ('165', 'field', '51', 'en_us', ' target ad 2x '),
 ('165', 'field', '50', 'en_us', ''),
 ('165', 'slug', '0', 'en_us', ''),
 ('166', 'field', '47', 'en_us', ' devices nav 3 '),
 ('166', 'field', '48', 'en_us', ' app install '),
 ('166', 'field', '49', 'en_us', ' drive installs for your app with a swipe and a tap snapchatters can even install your app without leaving ours '),
 ('166', 'field', '51', 'en_us', ' solutions device 6 '),
 ('166', 'field', '50', 'en_us', ''),
 ('166', 'slug', '0', 'en_us', ''),
 ('167', 'field', '47', 'en_us', ' devices nav 4 '),
 ('167', 'field', '48', 'en_us', ' long form video '),
 ('167', 'field', '49', 'en_us', ' drive views for your trailer short film how to or any other video '),
 ('167', 'field', '51', 'en_us', ' snap ads gatorade phone screen 2x '),
 ('167', 'field', '50', 'en_us', ''),
 ('167', 'slug', '0', 'en_us', ''),
 ('168', 'field', '10', 'en_us', ' snap ads '),
 ('168', 'field', '18', 'en_us', ' captivate your audience with full screen snap ads '),
 ('168', 'slug', '0', 'en_us', ''),
 ('169', 'field', '10', 'en_us', ' filters '),
 ('169', 'field', '18', 'en_us', ' own a place or event with location based filters '),
 ('169', 'slug', '0', 'en_us', ''),
 ('170', 'field', '10', 'en_us', ' lenses '),
 ('170', 'field', '18', 'en_us', ' invite customers to play and share with lenses '),
 ('170', 'slug', '0', 'en_us', ''),
 ('164', 'field', '30', 'en_us', ' solutions device 4 '),
 ('164', 'field', '31', 'en_us', ''),
 ('165', 'field', '30', 'en_us', ' target ad 2x '),
 ('165', 'field', '31', 'en_us', ''),
 ('166', 'field', '30', 'en_us', ' solutions device 6 '),
 ('166', 'field', '31', 'en_us', ''),
 ('167', 'field', '30', 'en_us', ' snap ads gatorade phone screen 2x '),
 ('167', 'field', '31', 'en_us', ''),
 ('172', 'title', '0', 'en_us', ' ad manager 2x '),
 ('172', 'slug', '0', 'en_us', ' ad manager 2x '),
 ('172', 'kind', '0', 'en_us', ' image ');



DROP TABLE IF EXISTS `craft_sections`;


--
-- Schema for table `craft_sections`
--
CREATE TABLE `craft_sections` (
  `id` int(11) NOT NULL AUTO_INCREMENT,
  `structureId` int(11) DEFAULT NULL,
  `name` varchar(255) COLLATE utf8_unicode_ci NOT NULL,
  `handle` varchar(255) COLLATE utf8_unicode_ci NOT NULL,
  `type` enum('single','channel','structure') COLLATE utf8_unicode_ci NOT NULL DEFAULT 'channel',
  `hasUrls` tinyint(1) unsigned NOT NULL DEFAULT '1',
  `template` varchar(500) COLLATE utf8_unicode_ci DEFAULT NULL,
  `enableVersioning` tinyint(1) unsigned NOT NULL DEFAULT '0',
  `dateCreated` datetime NOT NULL,
  `dateUpdated` datetime NOT NULL,
  `uid` char(36) COLLATE utf8_unicode_ci NOT NULL DEFAULT '0',
  PRIMARY KEY (`id`),
  UNIQUE KEY `craft_sections_name_unq_idx` (`name`),
  UNIQUE KEY `craft_sections_handle_unq_idx` (`handle`),
  KEY `craft_sections_structureId_fk` (`structureId`)
) ENGINE=InnoDB AUTO_INCREMENT=5 DEFAULT CHARSET=utf8 COLLATE=utf8_unicode_ci;

--
-- Data for table `craft_sections`
--

INSERT INTO `craft_sections` (`id`, `structureId`, `name`, `handle`, `type`, `hasUrls`, `template`, `enableVersioning`, `dateCreated`, `dateUpdated`, `uid`) VALUES
 ('1', NULL, 'Homepage', 'homepage', 'single', '1', 'index', '1', '2017-07-20 17:27:58', '2017-07-20 17:27:58', '92d6a0f1-48aa-4b12-9746-0fb5b018814d'),
 ('2', NULL, 'Blog', 'blog', 'channel', '1', 'blog/_entry', '1', '2017-07-20 17:27:59', '2017-07-20 21:26:42', '022b50f9-06f0-4003-bfe8-9198d930d407'),
 ('3', '1', 'Pages', 'pages', 'structure', '1', 'pages/_entry', '1', '2017-07-20 18:25:45', '2017-07-20 18:25:45', '1c733ed8-ddbf-47b2-8ecb-cf5bf8ccfbd5'),
 ('4', '2', 'Success Stories', 'successStories', 'structure', '0', NULL, '1', '2017-07-20 21:27:22', '2017-07-20 21:27:22', '3b569e27-5319-4ef9-8e3b-7eb2bd41526b');



DROP TABLE IF EXISTS `craft_sections_i18n`;


--
-- Schema for table `craft_sections_i18n`
--
CREATE TABLE `craft_sections_i18n` (
  `id` int(11) NOT NULL AUTO_INCREMENT,
  `sectionId` int(11) NOT NULL,
  `locale` char(12) COLLATE utf8_unicode_ci NOT NULL,
  `enabledByDefault` tinyint(1) unsigned NOT NULL DEFAULT '1',
  `urlFormat` text COLLATE utf8_unicode_ci,
  `nestedUrlFormat` text COLLATE utf8_unicode_ci,
  `dateCreated` datetime NOT NULL,
  `dateUpdated` datetime NOT NULL,
  `uid` char(36) COLLATE utf8_unicode_ci NOT NULL DEFAULT '0',
  PRIMARY KEY (`id`),
  UNIQUE KEY `craft_sections_i18n_sectionId_locale_unq_idx` (`sectionId`,`locale`),
  KEY `craft_sections_i18n_locale_fk` (`locale`)
) ENGINE=InnoDB AUTO_INCREMENT=5 DEFAULT CHARSET=utf8 COLLATE=utf8_unicode_ci;

--
-- Data for table `craft_sections_i18n`
--

INSERT INTO `craft_sections_i18n` (`id`, `sectionId`, `locale`, `enabledByDefault`, `urlFormat`, `nestedUrlFormat`, `dateCreated`, `dateUpdated`, `uid`) VALUES
 ('1', '1', 'en_us', '1', '__home__', NULL, '2017-07-20 17:27:58', '2017-07-20 17:27:58', '57dde1b7-7f2c-4a79-b439-962777fd74f2'),
 ('2', '2', 'en_us', '1', 'blog/{slug}', NULL, '2017-07-20 17:27:59', '2017-07-20 21:26:42', 'aefd676a-658f-4370-8128-4f08db257ba8'),
 ('3', '3', 'en_us', '1', '{slug}', '{parent.uri}/{slug}', '2017-07-20 18:25:45', '2017-07-20 18:25:45', 'dc145741-2a4c-4517-b99d-10103baeae2a'),
 ('4', '4', 'en_us', '1', NULL, NULL, '2017-07-20 21:27:22', '2017-07-20 21:27:22', '2aeafbc6-63e5-4479-8a9b-59dc77f0eee8');



DROP TABLE IF EXISTS `craft_sessions`;


--
-- Schema for table `craft_sessions`
--
CREATE TABLE `craft_sessions` (
  `id` int(11) NOT NULL AUTO_INCREMENT,
  `userId` int(11) NOT NULL,
  `token` char(100) COLLATE utf8_unicode_ci NOT NULL,
  `dateCreated` datetime NOT NULL,
  `dateUpdated` datetime NOT NULL,
  `uid` char(36) COLLATE utf8_unicode_ci NOT NULL DEFAULT '0',
  PRIMARY KEY (`id`),
  KEY `craft_sessions_uid_idx` (`uid`),
  KEY `craft_sessions_token_idx` (`token`),
  KEY `craft_sessions_dateUpdated_idx` (`dateUpdated`),
  KEY `craft_sessions_userId_fk` (`userId`)
) ENGINE=InnoDB AUTO_INCREMENT=12 DEFAULT CHARSET=utf8 COLLATE=utf8_unicode_ci;

DROP TABLE IF EXISTS `craft_shunnedmessages`;


--
-- Schema for table `craft_shunnedmessages`
--
CREATE TABLE `craft_shunnedmessages` (
  `id` int(11) NOT NULL AUTO_INCREMENT,
  `userId` int(11) NOT NULL,
  `message` varchar(255) COLLATE utf8_unicode_ci NOT NULL,
  `expiryDate` datetime DEFAULT NULL,
  `dateCreated` datetime NOT NULL,
  `dateUpdated` datetime NOT NULL,
  `uid` char(36) COLLATE utf8_unicode_ci NOT NULL DEFAULT '0',
  PRIMARY KEY (`id`),
  UNIQUE KEY `craft_shunnedmessages_userId_message_unq_idx` (`userId`,`message`)
) ENGINE=InnoDB DEFAULT CHARSET=utf8 COLLATE=utf8_unicode_ci;

DROP TABLE IF EXISTS `craft_structureelements`;


--
-- Schema for table `craft_structureelements`
--
CREATE TABLE `craft_structureelements` (
  `id` int(11) NOT NULL AUTO_INCREMENT,
  `structureId` int(11) NOT NULL,
  `elementId` int(11) DEFAULT NULL,
  `root` int(11) unsigned DEFAULT NULL,
  `lft` int(11) unsigned NOT NULL,
  `rgt` int(11) unsigned NOT NULL,
  `level` smallint(6) unsigned NOT NULL,
  `dateCreated` datetime NOT NULL,
  `dateUpdated` datetime NOT NULL,
  `uid` char(36) COLLATE utf8_unicode_ci NOT NULL DEFAULT '0',
  PRIMARY KEY (`id`),
  UNIQUE KEY `craft_structureelements_structureId_elementId_unq_idx` (`structureId`,`elementId`),
  KEY `craft_structureelements_root_idx` (`root`),
  KEY `craft_structureelements_lft_idx` (`lft`),
  KEY `craft_structureelements_rgt_idx` (`rgt`),
  KEY `craft_structureelements_level_idx` (`level`),
  KEY `craft_structureelements_elementId_fk` (`elementId`)
) ENGINE=InnoDB AUTO_INCREMENT=775 DEFAULT CHARSET=utf8 COLLATE=utf8_unicode_ci;

--
-- Data for table `craft_structureelements`
--

INSERT INTO `craft_structureelements` (`id`, `structureId`, `elementId`, `root`, `lft`, `rgt`, `level`, `dateCreated`, `dateUpdated`, `uid`) VALUES
 ('1', '1', NULL, '1', '1', '6', '0', '2017-07-20 21:28:52', '2017-07-20 21:28:52', '374f4ed8-7f03-42d3-a689-92f420cc2a64'),
 ('2', '1', '4', '1', '2', '3', '1', '2017-07-20 21:28:52', '2017-07-20 21:28:52', 'f4f622e7-16b9-43ab-97a7-9e121a1ad0f5'),
 ('67', '2', NULL, '67', '1', '4', '0', '2017-07-21 23:29:50', '2017-07-21 23:29:50', 'a8096e0c-260b-46ed-95ab-155a5bf9b715'),
 ('68', '2', '33', '67', '2', '3', '1', '2017-07-21 23:29:50', '2017-07-21 23:29:50', '4f0b903f-c4cb-43a8-8407-4cbaaa7a0f39'),
 ('351', '1', '98', '1', '4', '5', '1', '2017-07-26 22:48:34', '2017-07-26 22:48:34', '83770ad1-71c5-45a2-becc-042de3fbb73e'),
 ('699', '43', NULL, '699', '1', '84', '0', '2017-07-26 23:52:19', '2017-07-26 23:52:19', '26e01eb9-46ed-4a0f-b141-bd7639f8188e'),
 ('700', '43', '107', '699', '2', '21', '1', '2017-07-26 23:52:19', '2017-07-26 23:52:19', '81132318-913b-40c8-8332-8c20e3608748'),
 ('701', '43', '108', '699', '3', '6', '2', '2017-07-26 23:52:19', '2017-07-26 23:52:19', '4dcbac16-8665-42b4-a7cf-e9d3605f8080'),
 ('702', '43', '109', '699', '4', '5', '3', '2017-07-26 23:52:20', '2017-07-26 23:52:20', '9b42f45f-e8b9-4f73-9367-96266c9159db'),
 ('703', '43', '110', '699', '7', '20', '2', '2017-07-26 23:52:20', '2017-07-26 23:52:20', '2d7b9382-cf21-439d-9e0c-6e7aafd4ec6b'),
 ('704', '43', '111', '699', '8', '11', '3', '2017-07-26 23:52:20', '2017-07-26 23:52:20', '232d320d-7b2d-43c4-b07c-4e0eca6ba9df'),
 ('705', '43', '168', '699', '9', '10', '4', '2017-07-26 23:52:20', '2017-07-26 23:52:20', '69e28f54-fbf3-4ce8-823d-f0c2c92ca599'),
 ('706', '43', '112', '699', '12', '15', '3', '2017-07-26 23:52:20', '2017-07-26 23:52:20', 'aebb67de-d02f-4a30-9ff5-0846bbafdda0'),
 ('707', '43', '169', '699', '13', '14', '4', '2017-07-26 23:52:20', '2017-07-26 23:52:20', '0deca689-338d-4f80-8b1c-ee3a712b5081'),
 ('708', '43', '113', '699', '16', '19', '3', '2017-07-26 23:52:20', '2017-07-26 23:52:20', '8ea0672c-87b4-4702-b882-c5898c33516d'),
 ('709', '43', '170', '699', '17', '18', '4', '2017-07-26 23:52:20', '2017-07-26 23:52:20', 'c8e442dc-136d-4052-8dc3-b706f8e58cbc'),
 ('710', '43', '144', '699', '22', '33', '1', '2017-07-26 23:52:20', '2017-07-26 23:52:20', '9f7a0b84-9038-4494-aad2-196cdbb01f35'),
 ('711', '43', '162', '699', '23', '32', '2', '2017-07-26 23:52:20', '2017-07-26 23:52:20', '1f38671c-c90e-41c9-8b0e-ed4ae3930234'),
 ('712', '43', '164', '699', '24', '25', '3', '2017-07-26 23:52:20', '2017-07-26 23:52:20', '2fcd979d-0776-4796-a50d-19461fe658c8'),
 ('713', '43', '165', '699', '26', '27', '3', '2017-07-26 23:52:20', '2017-07-26 23:52:20', '5c82e0e0-98f3-41d0-8907-0c31e2017183'),
 ('714', '43', '166', '699', '28', '29', '3', '2017-07-26 23:52:20', '2017-07-26 23:52:20', '9392be93-1d13-441c-a34d-4b6be5d0d832'),
 ('715', '43', '167', '699', '30', '31', '3', '2017-07-26 23:52:20', '2017-07-26 23:52:20', '8b7a9c10-4d16-444a-a6e9-078734d6d290'),
 ('716', '43', '114', '699', '34', '41', '1', '2017-07-26 23:52:20', '2017-07-26 23:52:20', 'd792a1b2-9036-4936-be13-0f7f64416164'),
 ('717', '43', '115', '699', '35', '40', '2', '2017-07-26 23:52:20', '2017-07-26 23:52:20', 'c9f0d6b9-4f07-4a50-b9d0-6d0a869f3200'),
 ('718', '43', '116', '699', '36', '37', '3', '2017-07-26 23:52:20', '2017-07-26 23:52:20', '0fae5efc-dda8-4ea6-8f68-0f0020330ef2'),
 ('719', '43', '117', '699', '38', '39', '3', '2017-07-26 23:52:20', '2017-07-26 23:52:20', '7df93663-1f5a-4688-8d16-284d322ffce1'),
 ('720', '43', '118', '699', '42', '61', '1', '2017-07-26 23:52:20', '2017-07-26 23:52:20', '8c3f9917-b9e9-444d-bd1c-7ee3ad55d1ff'),
 ('721', '43', '119', '699', '43', '52', '2', '2017-07-26 23:52:20', '2017-07-26 23:52:20', '24f0a7fd-f621-4f51-bdc3-9db2da01f4a9'),
 ('722', '43', '120', '699', '44', '45', '3', '2017-07-26 23:52:20', '2017-07-26 23:52:20', '95521134-8027-4ccd-ab30-77a220fcf65d'),
 ('723', '43', '121', '699', '46', '47', '3', '2017-07-26 23:52:20', '2017-07-26 23:52:20', '9bc6d797-f1e2-46e5-9285-0367965508e7'),
 ('724', '43', '122', '699', '48', '49', '3', '2017-07-26 23:52:20', '2017-07-26 23:52:20', 'c6959708-3446-4b4b-8d3d-98d174891e87'),
 ('725', '43', '123', '699', '50', '51', '3', '2017-07-26 23:52:20', '2017-07-26 23:52:20', '5b6a056d-a218-4d2a-b4cd-e57004e7188b'),
 ('726', '43', '124', '699', '53', '60', '2', '2017-07-26 23:52:20', '2017-07-26 23:52:20', '3da8cb66-1194-483b-ac5a-c7d47d0247d2'),
 ('727', '43', '125', '699', '54', '55', '3', '2017-07-26 23:52:20', '2017-07-26 23:52:20', 'd1553a53-ef9b-4161-9be2-7fb69d8e5b1a'),
 ('728', '43', '126', '699', '56', '57', '3', '2017-07-26 23:52:20', '2017-07-26 23:52:20', 'fc16f516-9a9d-405a-bb1a-64edd0483598'),
 ('729', '43', '127', '699', '58', '59', '3', '2017-07-26 23:52:20', '2017-07-26 23:52:20', '982c7f85-f929-4ec9-8e27-07813b9deb7d'),
 ('730', '43', '128', '699', '62', '77', '1', '2017-07-26 23:52:20', '2017-07-26 23:52:20', '42d9d1e6-5d58-4c9f-81cf-1efa80514422'),
 ('731', '43', '129', '699', '63', '68', '2', '2017-07-26 23:52:20', '2017-07-26 23:52:20', '995f79a7-64ce-4b74-a440-570a3fe43f4c'),
 ('732', '43', '130', '699', '64', '65', '3', '2017-07-26 23:52:20', '2017-07-26 23:52:20', '74467256-c13e-4a0b-a12e-9258faa09dbf'),
 ('733', '43', '131', '699', '66', '67', '3', '2017-07-26 23:52:20', '2017-07-26 23:52:20', 'cab302a4-2ab9-45b6-b18e-3490e8a3bd31'),
 ('734', '43', '132', '699', '69', '76', '2', '2017-07-26 23:52:20', '2017-07-26 23:52:20', '7c179f31-ca49-4390-ae0f-77203481bfb1'),
 ('735', '43', '133', '699', '70', '71', '3', '2017-07-26 23:52:20', '2017-07-26 23:52:20', '5fe3637c-5060-4367-981b-c3d28e90a8b4'),
 ('736', '43', '134', '699', '72', '73', '3', '2017-07-26 23:52:20', '2017-07-26 23:52:20', 'a11cc652-a7fa-46fd-9ae9-aab3038ff701'),
 ('737', '43', '135', '699', '74', '75', '3', '2017-07-26 23:52:20', '2017-07-26 23:52:20', 'f70584c1-86db-463e-a082-aa54092723f4'),
 ('738', '43', '136', '699', '78', '83', '1', '2017-07-26 23:52:20', '2017-07-26 23:52:20', '643ead92-254e-42fe-9465-9a9c1a5c9d56'),
 ('739', '43', '137', '699', '79', '82', '2', '2017-07-26 23:52:20', '2017-07-26 23:52:20', '97887dd8-78c5-464b-be5e-95301c9b2526'),
 ('740', '43', '138', '699', '80', '81', '3', '2017-07-26 23:52:20', '2017-07-26 23:52:20', '08bdf885-d60c-4d3e-a929-405433285a74'),
 ('742', '44', NULL, '742', '1', '66', '0', '2017-07-27 00:17:05', '2017-07-27 00:17:05', '85892169-db27-4290-b755-a7788bdcee65'),
 ('743', '44', '34', '742', '2', '11', '1', '2017-07-27 00:17:05', '2017-07-27 00:17:05', '407ebe9f-dcc7-4d7b-9041-1a267b9cab0a'),
 ('744', '44', '35', '742', '3', '6', '2', '2017-07-27 00:17:05', '2017-07-27 00:17:05', '5604196d-d5a7-46b2-9073-5be89d008f15'),
 ('745', '44', '51', '742', '4', '5', '3', '2017-07-27 00:17:05', '2017-07-27 00:17:05', 'e2ae9d32-4646-4458-a3f1-47554772d447'),
 ('746', '44', '36', '742', '7', '10', '2', '2017-07-27 00:17:05', '2017-07-27 00:17:05', '820f7131-5244-4285-926d-6c0487c52fe8'),
 ('747', '44', '37', '742', '8', '9', '3', '2017-07-27 00:17:05', '2017-07-27 00:17:05', 'e8d5a678-8c54-457b-876b-d9961eda53d7'),
 ('748', '44', '39', '742', '12', '17', '1', '2017-07-27 00:17:05', '2017-07-27 00:17:05', '2700d794-b3dd-4d57-b804-610cef5ba6f5'),
 ('749', '44', '40', '742', '13', '16', '2', '2017-07-27 00:17:05', '2017-07-27 00:17:05', '43877985-edc8-4a7a-9453-10ecdfaba5cd'),
 ('750', '44', '41', '742', '14', '15', '3', '2017-07-27 00:17:05', '2017-07-27 00:17:05', 'f61206dd-7854-4378-be09-cf0cce16dbd2'),
 ('751', '44', '42', '742', '18', '41', '1', '2017-07-27 00:17:05', '2017-07-27 00:17:05', 'f216b884-d572-482b-9eda-7ee09e5034ba'),
 ('752', '44', '43', '742', '19', '24', '2', '2017-07-27 00:17:05', '2017-07-27 00:17:05', '0f02abae-2dcf-4261-9345-d536abfe8686'),
 ('753', '44', '52', '742', '20', '21', '3', '2017-07-27 00:17:05', '2017-07-27 00:17:05', '3842b0ea-0474-4341-bbcb-d6daed8578ed'),
 ('754', '44', '62', '742', '22', '23', '3', '2017-07-27 00:17:05', '2017-07-27 00:17:05', 'c8edefc0-1970-48af-9df7-0d812d201eed'),
 ('755', '44', '44', '742', '25', '40', '2', '2017-07-27 00:17:06', '2017-07-27 00:17:06', '4aa46200-6d06-4f5e-9944-cf98ed75ecb9'),
 ('756', '44', '54', '742', '26', '31', '3', '2017-07-27 00:17:06', '2017-07-27 00:17:06', 'eff2e397-d41f-4a2a-a5a8-ac094613146f'),
 ('757', '44', '55', '742', '27', '28', '4', '2017-07-27 00:17:06', '2017-07-27 00:17:06', 'b80b776f-ccc5-4aa1-a09d-fd7e2396791f'),
 ('758', '44', '56', '742', '29', '30', '4', '2017-07-27 00:17:06', '2017-07-27 00:17:06', 'cb06da23-b895-48bd-8cea-4d8ff570cea5'),
 ('759', '44', '57', '742', '32', '39', '3', '2017-07-27 00:17:06', '2017-07-27 00:17:06', '26d37fd0-1a68-4b9f-9f11-f180f631fafb'),
 ('760', '44', '58', '742', '33', '34', '4', '2017-07-27 00:17:06', '2017-07-27 00:17:06', '31f6493e-9f09-42ed-bcb3-e80dc536f06a'),
 ('761', '44', '59', '742', '35', '36', '4', '2017-07-27 00:17:06', '2017-07-27 00:17:06', 'c5c5d8d3-93f7-4033-b4c4-daa17d5cc9f5'),
 ('762', '44', '60', '742', '37', '38', '4', '2017-07-27 00:17:06', '2017-07-27 00:17:06', 'a67eb5a6-2642-4b6d-8801-bbeb0d068c30'),
 ('763', '44', '63', '742', '42', '53', '1', '2017-07-27 00:17:06', '2017-07-27 00:17:06', '24421dbd-255a-4d83-a065-7aab7ad515af'),
 ('764', '44', '64', '742', '43', '50', '2', '2017-07-27 00:17:06', '2017-07-27 00:17:06', 'd3602a39-0e44-4839-a6fb-e548b960c817'),
 ('765', '44', '65', '742', '44', '45', '3', '2017-07-27 00:17:06', '2017-07-27 00:17:06', '078db1e0-7ced-480e-b7bf-019dd39a3e55'),
 ('766', '44', '66', '742', '46', '47', '3', '2017-07-27 00:17:06', '2017-07-27 00:17:06', '4527f158-f522-45cf-9a3e-6a705e725d03'),
 ('767', '44', '67', '742', '48', '49', '3', '2017-07-27 00:17:06', '2017-07-27 00:17:06', '51e48a2e-0ca1-4d4a-ad8a-8859a0a7d891'),
 ('768', '44', '69', '742', '51', '52', '2', '2017-07-27 00:17:06', '2017-07-27 00:17:06', '77ca0010-7c99-4e54-a69c-aebe436651b8'),
 ('769', '44', '71', '742', '54', '65', '1', '2017-07-27 00:17:06', '2017-07-27 00:17:06', 'c45caf78-4d86-4fda-8ba2-5c4e18d864f2'),
 ('770', '44', '72', '742', '55', '62', '2', '2017-07-27 00:17:06', '2017-07-27 00:17:06', 'e5f2ada2-e88e-4537-9aae-9f791c7a6138'),
 ('771', '44', '73', '742', '56', '57', '3', '2017-07-27 00:17:06', '2017-07-27 00:17:06', '445ff622-e6da-4e1e-b477-1d6ee5965bce'),
 ('772', '44', '74', '742', '58', '59', '3', '2017-07-27 00:17:06', '2017-07-27 00:17:06', '9cad44b4-140e-4f4a-ab6c-c0a33d387c4e'),
 ('773', '44', '75', '742', '60', '61', '3', '2017-07-27 00:17:06', '2017-07-27 00:17:06', '818e50df-927c-42cf-a6f6-d1ff85f5f398'),
 ('774', '44', '91', '742', '63', '64', '2', '2017-07-27 00:17:06', '2017-07-27 00:17:06', 'e87f3dad-850e-4fe9-be8a-102b9cff5629');



DROP TABLE IF EXISTS `craft_structures`;


--
-- Schema for table `craft_structures`
--
CREATE TABLE `craft_structures` (
  `id` int(11) NOT NULL AUTO_INCREMENT,
  `maxLevels` smallint(6) unsigned DEFAULT NULL,
  `dateCreated` datetime NOT NULL,
  `dateUpdated` datetime NOT NULL,
  `uid` char(36) COLLATE utf8_unicode_ci NOT NULL DEFAULT '0',
  PRIMARY KEY (`id`)
) ENGINE=InnoDB AUTO_INCREMENT=45 DEFAULT CHARSET=utf8 COLLATE=utf8_unicode_ci;

--
-- Data for table `craft_structures`
--

INSERT INTO `craft_structures` (`id`, `maxLevels`, `dateCreated`, `dateUpdated`, `uid`) VALUES
 ('1', NULL, '2017-07-20 18:25:45', '2017-07-20 18:25:45', 'fff719e3-afb8-43d5-a0a5-acca515dde3b'),
 ('2', NULL, '2017-07-20 21:27:22', '2017-07-20 21:27:22', 'd7da3224-477c-4c8e-a9a2-dc9d963c0512'),
 ('13', NULL, '2017-07-20 23:45:33', '2017-07-20 23:45:33', '69429fef-0364-44de-9c69-b3ceb6b5fbcc'),
 ('43', NULL, '2017-07-26 23:52:19', '2017-07-26 23:52:19', '4d9691b5-4361-4de9-bb46-85cfd5c07700'),
 ('44', NULL, '2017-07-27 00:17:05', '2017-07-27 00:17:05', 'd415eec9-b73d-4fcd-823f-1da8af3c478f');



DROP TABLE IF EXISTS `craft_systemsettings`;


--
-- Schema for table `craft_systemsettings`
--
CREATE TABLE `craft_systemsettings` (
  `id` int(11) NOT NULL AUTO_INCREMENT,
  `category` varchar(15) COLLATE utf8_unicode_ci NOT NULL,
  `settings` text COLLATE utf8_unicode_ci,
  `dateCreated` datetime NOT NULL,
  `dateUpdated` datetime NOT NULL,
  `uid` char(36) COLLATE utf8_unicode_ci NOT NULL DEFAULT '0',
  PRIMARY KEY (`id`),
  UNIQUE KEY `craft_systemsettings_category_unq_idx` (`category`)
) ENGINE=InnoDB AUTO_INCREMENT=2 DEFAULT CHARSET=utf8 COLLATE=utf8_unicode_ci;

--
-- Data for table `craft_systemsettings`
--

INSERT INTO `craft_systemsettings` (`id`, `category`, `settings`, `dateCreated`, `dateUpdated`, `uid`) VALUES
 ('1', 'email', '{\"protocol\":\"php\",\"emailAddress\":\"mort@instrument.com\",\"senderName\":\"Snapchat Craft\"}', '2017-07-20 17:27:58', '2017-07-20 17:27:58', '8284fafb-9849-42cc-9de1-509248b054ef');



DROP TABLE IF EXISTS `craft_taggroups`;


--
-- Schema for table `craft_taggroups`
--
CREATE TABLE `craft_taggroups` (
  `id` int(11) NOT NULL AUTO_INCREMENT,
  `name` varchar(255) COLLATE utf8_unicode_ci NOT NULL,
  `handle` varchar(255) COLLATE utf8_unicode_ci NOT NULL,
  `fieldLayoutId` int(10) DEFAULT NULL,
  `dateCreated` datetime NOT NULL,
  `dateUpdated` datetime NOT NULL,
  `uid` char(36) COLLATE utf8_unicode_ci NOT NULL DEFAULT '0',
  PRIMARY KEY (`id`),
  UNIQUE KEY `craft_taggroups_name_unq_idx` (`name`),
  UNIQUE KEY `craft_taggroups_handle_unq_idx` (`handle`),
  KEY `craft_taggroups_fieldLayoutId_fk` (`fieldLayoutId`)
) ENGINE=InnoDB AUTO_INCREMENT=2 DEFAULT CHARSET=utf8 COLLATE=utf8_unicode_ci;

--
-- Data for table `craft_taggroups`
--

INSERT INTO `craft_taggroups` (`id`, `name`, `handle`, `fieldLayoutId`, `dateCreated`, `dateUpdated`, `uid`) VALUES
 ('1', 'Default', 'default', '1', '2017-07-20 17:27:58', '2017-07-20 17:27:58', 'ce504d2d-cb72-4acb-ac26-d0f90ac129d8');



DROP TABLE IF EXISTS `craft_tags`;


--
-- Schema for table `craft_tags`
--
CREATE TABLE `craft_tags` (
  `id` int(11) NOT NULL,
  `groupId` int(11) NOT NULL,
  `dateCreated` datetime NOT NULL,
  `dateUpdated` datetime NOT NULL,
  `uid` char(36) COLLATE utf8_unicode_ci NOT NULL DEFAULT '0',
  PRIMARY KEY (`id`),
  KEY `craft_tags_groupId_fk` (`groupId`)
) ENGINE=InnoDB DEFAULT CHARSET=utf8 COLLATE=utf8_unicode_ci;

DROP TABLE IF EXISTS `craft_tasks`;


--
-- Schema for table `craft_tasks`
--
CREATE TABLE `craft_tasks` (
  `id` int(11) NOT NULL AUTO_INCREMENT,
  `root` int(11) unsigned DEFAULT NULL,
  `lft` int(11) unsigned NOT NULL,
  `rgt` int(11) unsigned NOT NULL,
  `level` smallint(6) unsigned NOT NULL,
  `currentStep` int(11) unsigned DEFAULT NULL,
  `totalSteps` int(11) unsigned DEFAULT NULL,
  `status` enum('pending','error','running') COLLATE utf8_unicode_ci DEFAULT NULL,
  `type` varchar(150) COLLATE utf8_unicode_ci NOT NULL,
  `description` varchar(255) COLLATE utf8_unicode_ci DEFAULT NULL,
  `settings` mediumtext COLLATE utf8_unicode_ci,
  `dateCreated` datetime NOT NULL,
  `dateUpdated` datetime NOT NULL,
  `uid` char(36) COLLATE utf8_unicode_ci NOT NULL DEFAULT '0',
  PRIMARY KEY (`id`),
  KEY `craft_tasks_root_idx` (`root`),
  KEY `craft_tasks_lft_idx` (`lft`),
  KEY `craft_tasks_rgt_idx` (`rgt`),
  KEY `craft_tasks_level_idx` (`level`)
) ENGINE=InnoDB AUTO_INCREMENT=4 DEFAULT CHARSET=utf8 COLLATE=utf8_unicode_ci;

DROP TABLE IF EXISTS `craft_templatecachecriteria`;


--
-- Schema for table `craft_templatecachecriteria`
--
CREATE TABLE `craft_templatecachecriteria` (
  `id` int(11) NOT NULL AUTO_INCREMENT,
  `cacheId` int(11) NOT NULL,
  `type` varchar(150) COLLATE utf8_unicode_ci NOT NULL,
  `criteria` text COLLATE utf8_unicode_ci NOT NULL,
  PRIMARY KEY (`id`),
  KEY `craft_templatecachecriteria_cacheId_fk` (`cacheId`),
  KEY `craft_templatecachecriteria_type_idx` (`type`)
) ENGINE=InnoDB DEFAULT CHARSET=utf8 COLLATE=utf8_unicode_ci;

DROP TABLE IF EXISTS `craft_templatecacheelements`;


--
-- Schema for table `craft_templatecacheelements`
--
CREATE TABLE `craft_templatecacheelements` (
  `cacheId` int(11) NOT NULL,
  `elementId` int(11) NOT NULL,
  KEY `craft_templatecacheelements_cacheId_fk` (`cacheId`),
  KEY `craft_templatecacheelements_elementId_fk` (`elementId`)
) ENGINE=InnoDB DEFAULT CHARSET=utf8 COLLATE=utf8_unicode_ci;

DROP TABLE IF EXISTS `craft_templatecaches`;


--
-- Schema for table `craft_templatecaches`
--
CREATE TABLE `craft_templatecaches` (
  `id` int(11) NOT NULL AUTO_INCREMENT,
  `cacheKey` varchar(255) COLLATE utf8_unicode_ci NOT NULL,
  `locale` char(12) COLLATE utf8_unicode_ci NOT NULL,
  `path` varchar(255) COLLATE utf8_unicode_ci DEFAULT NULL,
  `expiryDate` datetime NOT NULL,
  `body` mediumtext COLLATE utf8_unicode_ci NOT NULL,
  PRIMARY KEY (`id`),
  KEY `craft_templatecaches_expiryDate_cacheKey_locale_path_idx` (`expiryDate`,`cacheKey`,`locale`,`path`),
  KEY `craft_templatecaches_locale_fk` (`locale`)
) ENGINE=InnoDB DEFAULT CHARSET=utf8 COLLATE=utf8_unicode_ci;

DROP TABLE IF EXISTS `craft_tokens`;


--
-- Schema for table `craft_tokens`
--
CREATE TABLE `craft_tokens` (
  `id` int(11) NOT NULL AUTO_INCREMENT,
  `token` char(32) COLLATE utf8_unicode_ci NOT NULL,
  `route` text COLLATE utf8_unicode_ci,
  `usageLimit` tinyint(3) unsigned DEFAULT NULL,
  `usageCount` tinyint(3) unsigned DEFAULT NULL,
  `expiryDate` datetime NOT NULL,
  `dateCreated` datetime NOT NULL,
  `dateUpdated` datetime NOT NULL,
  `uid` char(36) COLLATE utf8_unicode_ci NOT NULL DEFAULT '0',
  PRIMARY KEY (`id`),
  UNIQUE KEY `craft_tokens_token_unq_idx` (`token`),
  KEY `craft_tokens_expiryDate_idx` (`expiryDate`)
) ENGINE=InnoDB DEFAULT CHARSET=utf8 COLLATE=utf8_unicode_ci;

DROP TABLE IF EXISTS `craft_usergroups`;


--
-- Schema for table `craft_usergroups`
--
CREATE TABLE `craft_usergroups` (
  `id` int(11) NOT NULL AUTO_INCREMENT,
  `name` varchar(255) COLLATE utf8_unicode_ci NOT NULL,
  `handle` varchar(255) COLLATE utf8_unicode_ci NOT NULL,
  `dateCreated` datetime NOT NULL,
  `dateUpdated` datetime NOT NULL,
  `uid` char(36) COLLATE utf8_unicode_ci NOT NULL DEFAULT '0',
  PRIMARY KEY (`id`),
  UNIQUE KEY `craft_usergroups_name_unq_idx` (`name`),
  UNIQUE KEY `craft_usergroups_handle_unq_idx` (`handle`)
) ENGINE=InnoDB AUTO_INCREMENT=3 DEFAULT CHARSET=utf8 COLLATE=utf8_unicode_ci;

--
-- Data for table `craft_usergroups`
--

INSERT INTO `craft_usergroups` (`id`, `name`, `handle`, `dateCreated`, `dateUpdated`, `uid`) VALUES
 ('1', 'Global Admin', 'globalAdmin', '2017-07-20 17:54:32', '2017-07-20 17:54:32', '82dcebed-a933-4529-a5e8-e3314125faf1'),
 ('2', 'Regional Admin', 'regionalAdmin', '2017-07-20 17:54:54', '2017-07-20 17:54:54', '7a768e2e-83c0-4842-a810-07d5d5cb84f8');



DROP TABLE IF EXISTS `craft_usergroups_users`;


--
-- Schema for table `craft_usergroups_users`
--
CREATE TABLE `craft_usergroups_users` (
  `id` int(11) NOT NULL AUTO_INCREMENT,
  `groupId` int(11) NOT NULL,
  `userId` int(11) NOT NULL,
  `dateCreated` datetime NOT NULL,
  `dateUpdated` datetime NOT NULL,
  `uid` char(36) COLLATE utf8_unicode_ci NOT NULL DEFAULT '0',
  PRIMARY KEY (`id`),
  UNIQUE KEY `craft_usergroups_users_groupId_userId_unq_idx` (`groupId`,`userId`),
  KEY `craft_usergroups_users_userId_fk` (`userId`)
) ENGINE=InnoDB DEFAULT CHARSET=utf8 COLLATE=utf8_unicode_ci;

DROP TABLE IF EXISTS `craft_userpermissions`;


--
-- Schema for table `craft_userpermissions`
--
CREATE TABLE `craft_userpermissions` (
  `id` int(11) NOT NULL AUTO_INCREMENT,
  `name` varchar(255) COLLATE utf8_unicode_ci NOT NULL,
  `dateCreated` datetime NOT NULL,
  `dateUpdated` datetime NOT NULL,
  `uid` char(36) COLLATE utf8_unicode_ci NOT NULL DEFAULT '0',
  PRIMARY KEY (`id`),
  UNIQUE KEY `craft_userpermissions_name_unq_idx` (`name`)
) ENGINE=InnoDB AUTO_INCREMENT=26 DEFAULT CHARSET=utf8 COLLATE=utf8_unicode_ci;

--
-- Data for table `craft_userpermissions`
--

INSERT INTO `craft_userpermissions` (`id`, `name`, `dateCreated`, `dateUpdated`, `uid`) VALUES
 ('1', 'accesssitewhensystemisoff', '2017-07-20 17:54:32', '2017-07-20 17:54:32', '497f4529-cdf6-411b-877a-7e81b977da07'),
 ('2', 'accesscpwhensystemisoff', '2017-07-20 17:54:32', '2017-07-20 17:54:32', '69a414cd-0abb-4436-92d0-8f86f15f9372'),
 ('3', 'performupdates', '2017-07-20 17:54:32', '2017-07-20 17:54:32', '17611eb1-b543-4f98-ae5c-9fb4aa83d418'),
 ('4', 'accesscp', '2017-07-20 17:54:32', '2017-07-20 17:54:32', '6d40c40e-0cc6-462b-8b88-76fa67acf1de'),
 ('5', 'registerusers', '2017-07-20 17:54:32', '2017-07-20 17:54:32', '5d0f9848-05bd-47e3-a337-85d166c80557'),
 ('6', 'assignuserpermissions', '2017-07-20 17:54:32', '2017-07-20 17:54:32', 'e522b228-9d7c-4f23-b77d-a82fb4875f1b'),
 ('7', 'changeuseremails', '2017-07-20 17:54:32', '2017-07-20 17:54:32', '1071c08f-52cd-4ccd-8cb2-dac16c3d1808'),
 ('8', 'administrateusers', '2017-07-20 17:54:32', '2017-07-20 17:54:32', '50ac9b7d-a1f8-4284-acdc-c9786b4c2449'),
 ('9', 'editusers', '2017-07-20 17:54:32', '2017-07-20 17:54:32', '1e6bae15-97e0-4582-9aa9-8204e8f8bec0'),
 ('10', 'deleteusers', '2017-07-20 17:54:32', '2017-07-20 17:54:32', '8ef42943-c02d-4c49-abea-89dc4adda7a6'),
 ('11', 'publishentries:1', '2017-07-20 17:54:32', '2017-07-20 17:54:32', 'f195006d-a67f-4201-8428-3d195f60c8f0'),
 ('12', 'publishpeerentrydrafts:1', '2017-07-20 17:54:32', '2017-07-20 17:54:32', '13c7f58f-1e20-4fbb-84fe-3a04339f2cf5'),
 ('13', 'deletepeerentrydrafts:1', '2017-07-20 17:54:32', '2017-07-20 17:54:32', '5fb24696-54c8-4cf3-a621-cf8ee50bb5ed'),
 ('14', 'editpeerentrydrafts:1', '2017-07-20 17:54:32', '2017-07-20 17:54:32', 'ad014a15-02aa-4aea-862f-da615013b4b2'),
 ('15', 'editentries:1', '2017-07-20 17:54:32', '2017-07-20 17:54:32', '150a63ef-1002-4c4d-966b-7d286999f9a3'),
 ('16', 'createentries:2', '2017-07-20 17:54:32', '2017-07-20 17:54:32', '9e3114d2-842f-472a-8eab-9c601a4950ab'),
 ('17', 'publishentries:2', '2017-07-20 17:54:32', '2017-07-20 17:54:32', 'c0c108b6-313a-4e65-b41a-33999cfeaf7c'),
 ('18', 'deleteentries:2', '2017-07-20 17:54:32', '2017-07-20 17:54:32', '778adf8c-673f-4b11-a44d-e65a3fa31a14'),
 ('19', 'publishpeerentries:2', '2017-07-20 17:54:32', '2017-07-20 17:54:32', '83d6a821-f1f4-4787-9260-abe93b36e804'),
 ('20', 'deletepeerentries:2', '2017-07-20 17:54:32', '2017-07-20 17:54:32', 'f709d89d-5037-4062-9a00-a63bce8d7d8e'),
 ('21', 'editpeerentries:2', '2017-07-20 17:54:32', '2017-07-20 17:54:32', '03042f32-153f-4c6b-a011-037abd07a762'),
 ('22', 'publishpeerentrydrafts:2', '2017-07-20 17:54:32', '2017-07-20 17:54:32', '73cf56d4-d9c6-4484-9d39-c536ddeab0e9'),
 ('23', 'deletepeerentrydrafts:2', '2017-07-20 17:54:32', '2017-07-20 17:54:32', '1d740493-70df-4a3b-8152-0814e9e1577c'),
 ('24', 'editpeerentrydrafts:2', '2017-07-20 17:54:32', '2017-07-20 17:54:32', 'a202092a-ccf3-405c-b5c4-a26ce372c548'),
 ('25', 'editentries:2', '2017-07-20 17:54:32', '2017-07-20 17:54:32', '6e80203a-237a-477c-92cd-9e819e0f539e');



DROP TABLE IF EXISTS `craft_userpermissions_usergroups`;


--
-- Schema for table `craft_userpermissions_usergroups`
--
CREATE TABLE `craft_userpermissions_usergroups` (
  `id` int(11) NOT NULL AUTO_INCREMENT,
  `permissionId` int(11) NOT NULL,
  `groupId` int(11) NOT NULL,
  `dateCreated` datetime NOT NULL,
  `dateUpdated` datetime NOT NULL,
  `uid` char(36) COLLATE utf8_unicode_ci NOT NULL DEFAULT '0',
  PRIMARY KEY (`id`),
  UNIQUE KEY `craft_userpermissions_usergroups_permissionId_groupId_unq_idx` (`permissionId`,`groupId`),
  KEY `craft_userpermissions_usergroups_groupId_fk` (`groupId`)
) ENGINE=InnoDB AUTO_INCREMENT=51 DEFAULT CHARSET=utf8 COLLATE=utf8_unicode_ci;

--
-- Data for table `craft_userpermissions_usergroups`
--

INSERT INTO `craft_userpermissions_usergroups` (`id`, `permissionId`, `groupId`, `dateCreated`, `dateUpdated`, `uid`) VALUES
 ('1', '1', '1', '2017-07-20 17:54:32', '2017-07-20 17:54:32', 'd916a45f-6663-4328-a59d-3c41d67b5dff'),
 ('2', '2', '1', '2017-07-20 17:54:32', '2017-07-20 17:54:32', '42cf081b-0ac8-4cbb-b911-559197445085'),
 ('3', '3', '1', '2017-07-20 17:54:32', '2017-07-20 17:54:32', 'ef974301-230e-4f96-b151-0aadadf38b10'),
 ('4', '4', '1', '2017-07-20 17:54:32', '2017-07-20 17:54:32', '29ce5f6a-eccf-48e4-8d14-190d3fa7d50d'),
 ('5', '5', '1', '2017-07-20 17:54:32', '2017-07-20 17:54:32', '2e05dd32-4936-413b-b8b7-fd267f116716'),
 ('6', '6', '1', '2017-07-20 17:54:32', '2017-07-20 17:54:32', 'd2173876-56da-454f-a1c2-a7da99e8f9b5'),
 ('7', '7', '1', '2017-07-20 17:54:32', '2017-07-20 17:54:32', '9328c47a-0860-4168-8fa3-59a161bfff1c'),
 ('8', '8', '1', '2017-07-20 17:54:32', '2017-07-20 17:54:32', 'b3df1fbf-8cfc-4c56-846e-ba49b535aa69'),
 ('9', '9', '1', '2017-07-20 17:54:32', '2017-07-20 17:54:32', 'c945a3f4-6f2b-4715-ab95-a2ad32c78ce1'),
 ('10', '10', '1', '2017-07-20 17:54:32', '2017-07-20 17:54:32', 'd17feb50-a983-4c82-b6fc-1af4918111df'),
 ('11', '11', '1', '2017-07-20 17:54:32', '2017-07-20 17:54:32', 'd8e39d9f-2729-47ea-9ba6-a75d1a815b4b'),
 ('12', '12', '1', '2017-07-20 17:54:32', '2017-07-20 17:54:32', '0e50beba-d632-4b27-aad7-90fb67f5f5c8'),
 ('13', '13', '1', '2017-07-20 17:54:32', '2017-07-20 17:54:32', '88a82b18-d587-4265-ae99-b741b1e16a49'),
 ('14', '14', '1', '2017-07-20 17:54:32', '2017-07-20 17:54:32', '57da7654-bee7-45fa-a541-de57671d5e0b'),
 ('15', '15', '1', '2017-07-20 17:54:32', '2017-07-20 17:54:32', '8d52c203-6c92-480d-8d15-a8f9707bc13c'),
 ('16', '16', '1', '2017-07-20 17:54:32', '2017-07-20 17:54:32', 'e160f4a5-f428-4633-9e23-d6e335343960'),
 ('17', '17', '1', '2017-07-20 17:54:32', '2017-07-20 17:54:32', 'c085dccd-9750-4996-a446-51a9f627dbed'),
 ('18', '18', '1', '2017-07-20 17:54:32', '2017-07-20 17:54:32', '162223c1-341a-4b93-8d4d-c9b637a7aef7'),
 ('19', '19', '1', '2017-07-20 17:54:32', '2017-07-20 17:54:32', '1ca855cd-2ab5-4d10-a8da-b264c2d1750f'),
 ('20', '20', '1', '2017-07-20 17:54:32', '2017-07-20 17:54:32', 'e8fe7e12-1809-4d2a-87a3-a8ec38f07994'),
 ('21', '21', '1', '2017-07-20 17:54:32', '2017-07-20 17:54:32', '4937c183-e4d9-4c7e-a308-5d34c3c51808'),
 ('22', '22', '1', '2017-07-20 17:54:32', '2017-07-20 17:54:32', '2bc5fb10-ac0f-43de-a8d3-0b6281bb20da'),
 ('23', '23', '1', '2017-07-20 17:54:32', '2017-07-20 17:54:32', 'bfa3d30b-ca8d-4362-9093-262f8477539c'),
 ('24', '24', '1', '2017-07-20 17:54:32', '2017-07-20 17:54:32', '121f8f0f-c1dc-4303-84d4-76c83154615c'),
 ('25', '25', '1', '2017-07-20 17:54:32', '2017-07-20 17:54:32', '8b075bf9-06fc-4977-9850-4d9231bac6bf'),
 ('26', '1', '2', '2017-07-20 17:54:54', '2017-07-20 17:54:54', '678bfd0b-681d-42c2-9dea-bf21355571e2'),
 ('27', '2', '2', '2017-07-20 17:54:54', '2017-07-20 17:54:54', 'c37489bd-872b-44bd-a38a-c2a6cd9e4623'),
 ('28', '3', '2', '2017-07-20 17:54:54', '2017-07-20 17:54:54', '9ae97379-05de-4ca2-b52c-c57df54fcb72'),
 ('29', '4', '2', '2017-07-20 17:54:54', '2017-07-20 17:54:54', '6e92f400-cdd5-439c-abbb-0d0fd336410f'),
 ('30', '5', '2', '2017-07-20 17:54:54', '2017-07-20 17:54:54', '77d67795-f806-4c4d-ac02-e749f215657a'),
 ('31', '6', '2', '2017-07-20 17:54:54', '2017-07-20 17:54:54', '79ba303b-e3f8-4221-81a7-501dcee8f298'),
 ('32', '7', '2', '2017-07-20 17:54:54', '2017-07-20 17:54:54', 'ef14863f-5c28-4ef3-b1fb-566f4be10e5a'),
 ('33', '8', '2', '2017-07-20 17:54:54', '2017-07-20 17:54:54', 'c70b5d65-f1f8-4060-8cb2-3a58b800a2ed'),
 ('34', '9', '2', '2017-07-20 17:54:54', '2017-07-20 17:54:54', 'e54dc168-3b03-4c3b-a023-32f3e69e5441'),
 ('35', '10', '2', '2017-07-20 17:54:54', '2017-07-20 17:54:54', 'bb199c93-0aa5-47be-b346-59fa47b16144'),
 ('36', '11', '2', '2017-07-20 17:54:54', '2017-07-20 17:54:54', '4899d82b-d513-4dad-b93e-1a95b8b0579c'),
 ('37', '12', '2', '2017-07-20 17:54:54', '2017-07-20 17:54:54', 'd2e764b7-56ec-4dd7-8ac4-e127a25c4fec'),
 ('38', '13', '2', '2017-07-20 17:54:54', '2017-07-20 17:54:54', '140c0728-199d-4479-aa94-adc8e47a6929'),
 ('39', '14', '2', '2017-07-20 17:54:54', '2017-07-20 17:54:54', 'd6685e58-906c-4631-90fb-53cb7399426f'),
 ('40', '15', '2', '2017-07-20 17:54:54', '2017-07-20 17:54:54', 'd1408aa2-da88-465d-b6ff-12ff188ce9d7'),
 ('41', '16', '2', '2017-07-20 17:54:54', '2017-07-20 17:54:54', 'e8ff1677-45c3-46a6-aefb-e22a8c095f2f'),
 ('42', '17', '2', '2017-07-20 17:54:54', '2017-07-20 17:54:54', '67d6da06-5f8f-4e53-a884-d9a8a0c14e80'),
 ('43', '18', '2', '2017-07-20 17:54:54', '2017-07-20 17:54:54', '93a4de4d-9ddc-4359-99ce-f0f77a0bd803'),
 ('44', '19', '2', '2017-07-20 17:54:54', '2017-07-20 17:54:54', '46bb7c2b-ba76-4cfb-bd12-c917eb00093b'),
 ('45', '20', '2', '2017-07-20 17:54:54', '2017-07-20 17:54:54', '6b242555-9916-45bc-9296-b57097dd48ff'),
 ('46', '21', '2', '2017-07-20 17:54:54', '2017-07-20 17:54:54', '11d496ab-fd1f-42e3-9b4a-d393f3a35651'),
 ('47', '22', '2', '2017-07-20 17:54:54', '2017-07-20 17:54:54', '911e8ff1-00be-465c-8aa8-71684f2870d7'),
 ('48', '23', '2', '2017-07-20 17:54:54', '2017-07-20 17:54:54', 'ce207e28-b79d-4bbc-bd72-134aef6a6510'),
 ('49', '24', '2', '2017-07-20 17:54:54', '2017-07-20 17:54:54', '78899074-a868-40af-89ae-d96084a9ef5e'),
 ('50', '25', '2', '2017-07-20 17:54:54', '2017-07-20 17:54:54', '660e7d3a-7c59-49c0-ac36-85e17bd415e2');



DROP TABLE IF EXISTS `craft_userpermissions_users`;


--
-- Schema for table `craft_userpermissions_users`
--
CREATE TABLE `craft_userpermissions_users` (
  `id` int(11) NOT NULL AUTO_INCREMENT,
  `permissionId` int(11) NOT NULL,
  `userId` int(11) NOT NULL,
  `dateCreated` datetime NOT NULL,
  `dateUpdated` datetime NOT NULL,
  `uid` char(36) COLLATE utf8_unicode_ci NOT NULL DEFAULT '0',
  PRIMARY KEY (`id`),
  UNIQUE KEY `craft_userpermissions_users_permissionId_userId_unq_idx` (`permissionId`,`userId`),
  KEY `craft_userpermissions_users_userId_fk` (`userId`)
) ENGINE=InnoDB DEFAULT CHARSET=utf8 COLLATE=utf8_unicode_ci;

DROP TABLE IF EXISTS `craft_users`;


--
-- Schema for table `craft_users`
--
CREATE TABLE `craft_users` (
  `id` int(11) NOT NULL,
  `username` varchar(100) COLLATE utf8_unicode_ci NOT NULL,
  `photo` varchar(100) COLLATE utf8_unicode_ci DEFAULT NULL,
  `firstName` varchar(100) COLLATE utf8_unicode_ci DEFAULT NULL,
  `lastName` varchar(100) COLLATE utf8_unicode_ci DEFAULT NULL,
  `email` varchar(255) COLLATE utf8_unicode_ci NOT NULL,
  `password` char(255) COLLATE utf8_unicode_ci DEFAULT NULL,
  `preferredLocale` char(12) COLLATE utf8_unicode_ci DEFAULT NULL,
  `weekStartDay` tinyint(1) unsigned NOT NULL DEFAULT '0',
  `admin` tinyint(1) unsigned NOT NULL DEFAULT '0',
  `client` tinyint(1) unsigned NOT NULL DEFAULT '0',
  `locked` tinyint(1) unsigned NOT NULL DEFAULT '0',
  `suspended` tinyint(1) unsigned NOT NULL DEFAULT '0',
  `pending` tinyint(1) unsigned NOT NULL DEFAULT '0',
  `archived` tinyint(1) unsigned NOT NULL DEFAULT '0',
  `lastLoginDate` datetime DEFAULT NULL,
  `lastLoginAttemptIPAddress` varchar(45) COLLATE utf8_unicode_ci DEFAULT NULL,
  `invalidLoginWindowStart` datetime DEFAULT NULL,
  `invalidLoginCount` tinyint(4) unsigned DEFAULT NULL,
  `lastInvalidLoginDate` datetime DEFAULT NULL,
  `lockoutDate` datetime DEFAULT NULL,
  `verificationCode` char(100) COLLATE utf8_unicode_ci DEFAULT NULL,
  `verificationCodeIssuedDate` datetime DEFAULT NULL,
  `unverifiedEmail` varchar(255) COLLATE utf8_unicode_ci DEFAULT NULL,
  `passwordResetRequired` tinyint(1) unsigned NOT NULL DEFAULT '0',
  `lastPasswordChangeDate` datetime DEFAULT NULL,
  `dateCreated` datetime NOT NULL,
  `dateUpdated` datetime NOT NULL,
  `uid` char(36) COLLATE utf8_unicode_ci NOT NULL DEFAULT '0',
  PRIMARY KEY (`id`),
  UNIQUE KEY `craft_users_username_unq_idx` (`username`),
  UNIQUE KEY `craft_users_email_unq_idx` (`email`),
  KEY `craft_users_verificationCode_idx` (`verificationCode`),
  KEY `craft_users_uid_idx` (`uid`),
  KEY `craft_users_preferredLocale_fk` (`preferredLocale`)
) ENGINE=InnoDB DEFAULT CHARSET=utf8 COLLATE=utf8_unicode_ci;

--
-- Data for table `craft_users`
--

INSERT INTO `craft_users` (`id`, `username`, `photo`, `firstName`, `lastName`, `email`, `password`, `preferredLocale`, `weekStartDay`, `admin`, `client`, `locked`, `suspended`, `pending`, `archived`, `lastLoginDate`, `lastLoginAttemptIPAddress`, `invalidLoginWindowStart`, `invalidLoginCount`, `lastInvalidLoginDate`, `lockoutDate`, `verificationCode`, `verificationCodeIssuedDate`, `unverifiedEmail`, `passwordResetRequired`, `lastPasswordChangeDate`, `dateCreated`, `dateUpdated`, `uid`) VALUES
 ('1', 'admin', NULL, 'Snapchat', 'Admin', 'mort@instrument.com', '$2y$13$spWSKNtSN5KSJchmQR2vpO7GieIJSjdUcqGsTwSEQ2mb/E7cwLJM.', NULL, '1', '1', '0', '0', '0', '0', '0', '2017-07-31 18:49:36', '192.168.10.1', NULL, NULL, '2017-07-26 20:03:10', '2017-07-26 20:03:10', NULL, NULL, NULL, '0', '2017-07-28 21:23:12', '2017-07-20 17:27:58', '2017-07-31 18:49:36', '12ab32bb-93fe-4e7b-94de-58689044e855');



DROP TABLE IF EXISTS `craft_widgets`;


--
-- Schema for table `craft_widgets`
--
CREATE TABLE `craft_widgets` (
  `id` int(11) NOT NULL AUTO_INCREMENT,
  `userId` int(11) NOT NULL,
  `type` varchar(150) COLLATE utf8_unicode_ci NOT NULL,
  `sortOrder` smallint(6) unsigned DEFAULT NULL,
  `colspan` tinyint(4) unsigned DEFAULT NULL,
  `settings` text COLLATE utf8_unicode_ci,
  `enabled` tinyint(1) unsigned NOT NULL DEFAULT '1',
  `dateCreated` datetime NOT NULL,
  `dateUpdated` datetime NOT NULL,
  `uid` char(36) COLLATE utf8_unicode_ci NOT NULL DEFAULT '0',
  PRIMARY KEY (`id`),
  KEY `craft_widgets_userId_fk` (`userId`)
) ENGINE=InnoDB AUTO_INCREMENT=9 DEFAULT CHARSET=utf8 COLLATE=utf8_unicode_ci;

--
-- Data for table `craft_widgets`
--

INSERT INTO `craft_widgets` (`id`, `userId`, `type`, `sortOrder`, `colspan`, `settings`, `enabled`, `dateCreated`, `dateUpdated`, `uid`) VALUES
 ('1', '1', 'RecentEntries', '1', NULL, NULL, '1', '2017-07-20 17:28:13', '2017-07-20 17:28:13', 'd3ea45e2-04d8-4a5f-8622-c8fe5dc9b291'),
 ('2', '1', 'GetHelp', '2', NULL, NULL, '1', '2017-07-20 17:28:13', '2017-07-20 17:28:13', '260ef225-c50b-42b0-903a-a02433bf91de'),
 ('3', '1', 'Updates', '3', NULL, NULL, '1', '2017-07-20 17:28:13', '2017-07-20 17:28:13', '22142cf4-8c50-4f08-927e-d4ac856bd5cd'),
 ('4', '1', 'Feed', '4', NULL, '{\"url\":\"https:\\/\\/craftcms.com\\/news.rss\",\"title\":\"Craft News\"}', '1', '2017-07-20 17:28:13', '2017-07-20 17:28:13', '4db41d4a-72c3-43e2-bf73-36dee07837b8');


--
-- Constraints for tables
--


--
-- Constraints for table `craft_assetfiles`
--
ALTER TABLE `craft_assetfiles`
	ADD CONSTRAINT `craft_assetfiles_folderId_fk` FOREIGN KEY (`folderId`) REFERENCES `craft_assetfolders` (`id`) ON DELETE CASCADE,
	ADD CONSTRAINT `craft_assetfiles_id_fk` FOREIGN KEY (`id`) REFERENCES `craft_elements` (`id`) ON DELETE CASCADE,
	ADD CONSTRAINT `craft_assetfiles_sourceId_fk` FOREIGN KEY (`sourceId`) REFERENCES `craft_assetsources` (`id`) ON DELETE CASCADE;

--
-- Constraints for table `craft_assetfolders`
--
ALTER TABLE `craft_assetfolders`
	ADD CONSTRAINT `craft_assetfolders_parentId_fk` FOREIGN KEY (`parentId`) REFERENCES `craft_assetfolders` (`id`) ON DELETE CASCADE,
	ADD CONSTRAINT `craft_assetfolders_sourceId_fk` FOREIGN KEY (`sourceId`) REFERENCES `craft_assetsources` (`id`) ON DELETE CASCADE;

--
-- Constraints for table `craft_assetindexdata`
--
ALTER TABLE `craft_assetindexdata`
	ADD CONSTRAINT `craft_assetindexdata_sourceId_fk` FOREIGN KEY (`sourceId`) REFERENCES `craft_assetsources` (`id`) ON DELETE CASCADE;

--
-- Constraints for table `craft_assetsources`
--
ALTER TABLE `craft_assetsources`
	ADD CONSTRAINT `craft_assetsources_fieldLayoutId_fk` FOREIGN KEY (`fieldLayoutId`) REFERENCES `craft_fieldlayouts` (`id`) ON DELETE SET NULL;

--
-- Constraints for table `craft_categories`
--
ALTER TABLE `craft_categories`
	ADD CONSTRAINT `craft_categories_groupId_fk` FOREIGN KEY (`groupId`) REFERENCES `craft_categorygroups` (`id`) ON DELETE CASCADE,
	ADD CONSTRAINT `craft_categories_id_fk` FOREIGN KEY (`id`) REFERENCES `craft_elements` (`id`) ON DELETE CASCADE;

--
-- Constraints for table `craft_categorygroups`
--
ALTER TABLE `craft_categorygroups`
	ADD CONSTRAINT `craft_categorygroups_fieldLayoutId_fk` FOREIGN KEY (`fieldLayoutId`) REFERENCES `craft_fieldlayouts` (`id`) ON DELETE SET NULL,
	ADD CONSTRAINT `craft_categorygroups_structureId_fk` FOREIGN KEY (`structureId`) REFERENCES `craft_structures` (`id`) ON DELETE CASCADE;

--
-- Constraints for table `craft_categorygroups_i18n`
--
ALTER TABLE `craft_categorygroups_i18n`
	ADD CONSTRAINT `craft_categorygroups_i18n_groupId_fk` FOREIGN KEY (`groupId`) REFERENCES `craft_categorygroups` (`id`) ON DELETE CASCADE,
	ADD CONSTRAINT `craft_categorygroups_i18n_locale_fk` FOREIGN KEY (`locale`) REFERENCES `craft_locales` (`locale`) ON DELETE CASCADE ON UPDATE CASCADE;

--
-- Constraints for table `craft_content`
--
ALTER TABLE `craft_content`
	ADD CONSTRAINT `craft_content_elementId_fk` FOREIGN KEY (`elementId`) REFERENCES `craft_elements` (`id`) ON DELETE CASCADE,
	ADD CONSTRAINT `craft_content_locale_fk` FOREIGN KEY (`locale`) REFERENCES `craft_locales` (`locale`) ON DELETE CASCADE ON UPDATE CASCADE;

--
-- Constraints for table `craft_elements_i18n`
--
ALTER TABLE `craft_elements_i18n`
	ADD CONSTRAINT `craft_elements_i18n_elementId_fk` FOREIGN KEY (`elementId`) REFERENCES `craft_elements` (`id`) ON DELETE CASCADE,
	ADD CONSTRAINT `craft_elements_i18n_locale_fk` FOREIGN KEY (`locale`) REFERENCES `craft_locales` (`locale`) ON DELETE CASCADE ON UPDATE CASCADE;

--
-- Constraints for table `craft_emailmessages`
--
ALTER TABLE `craft_emailmessages`
	ADD CONSTRAINT `craft_emailmessages_locale_fk` FOREIGN KEY (`locale`) REFERENCES `craft_locales` (`locale`) ON DELETE CASCADE ON UPDATE CASCADE;

--
-- Constraints for table `craft_entries`
--
ALTER TABLE `craft_entries`
	ADD CONSTRAINT `craft_entries_authorId_fk` FOREIGN KEY (`authorId`) REFERENCES `craft_users` (`id`) ON DELETE CASCADE,
	ADD CONSTRAINT `craft_entries_id_fk` FOREIGN KEY (`id`) REFERENCES `craft_elements` (`id`) ON DELETE CASCADE,
	ADD CONSTRAINT `craft_entries_sectionId_fk` FOREIGN KEY (`sectionId`) REFERENCES `craft_sections` (`id`) ON DELETE CASCADE,
	ADD CONSTRAINT `craft_entries_typeId_fk` FOREIGN KEY (`typeId`) REFERENCES `craft_entrytypes` (`id`) ON DELETE CASCADE;

--
-- Constraints for table `craft_entrydrafts`
--
ALTER TABLE `craft_entrydrafts`
	ADD CONSTRAINT `craft_entrydrafts_creatorId_fk` FOREIGN KEY (`creatorId`) REFERENCES `craft_users` (`id`) ON DELETE CASCADE,
	ADD CONSTRAINT `craft_entrydrafts_entryId_fk` FOREIGN KEY (`entryId`) REFERENCES `craft_entries` (`id`) ON DELETE CASCADE,
	ADD CONSTRAINT `craft_entrydrafts_locale_fk` FOREIGN KEY (`locale`) REFERENCES `craft_locales` (`locale`) ON DELETE CASCADE ON UPDATE CASCADE,
	ADD CONSTRAINT `craft_entrydrafts_sectionId_fk` FOREIGN KEY (`sectionId`) REFERENCES `craft_sections` (`id`) ON DELETE CASCADE;

--
-- Constraints for table `craft_entrytypes`
--
ALTER TABLE `craft_entrytypes`
	ADD CONSTRAINT `craft_entrytypes_fieldLayoutId_fk` FOREIGN KEY (`fieldLayoutId`) REFERENCES `craft_fieldlayouts` (`id`) ON DELETE SET NULL,
	ADD CONSTRAINT `craft_entrytypes_sectionId_fk` FOREIGN KEY (`sectionId`) REFERENCES `craft_sections` (`id`) ON DELETE CASCADE;

--
-- Constraints for table `craft_entryversions`
--
ALTER TABLE `craft_entryversions`
	ADD CONSTRAINT `craft_entryversions_creatorId_fk` FOREIGN KEY (`creatorId`) REFERENCES `craft_users` (`id`) ON DELETE SET NULL,
	ADD CONSTRAINT `craft_entryversions_entryId_fk` FOREIGN KEY (`entryId`) REFERENCES `craft_entries` (`id`) ON DELETE CASCADE,
	ADD CONSTRAINT `craft_entryversions_locale_fk` FOREIGN KEY (`locale`) REFERENCES `craft_locales` (`locale`) ON DELETE CASCADE ON UPDATE CASCADE,
	ADD CONSTRAINT `craft_entryversions_sectionId_fk` FOREIGN KEY (`sectionId`) REFERENCES `craft_sections` (`id`) ON DELETE CASCADE;

--
-- Constraints for table `craft_fieldlayoutfields`
--
ALTER TABLE `craft_fieldlayoutfields`
	ADD CONSTRAINT `craft_fieldlayoutfields_fieldId_fk` FOREIGN KEY (`fieldId`) REFERENCES `craft_fields` (`id`) ON DELETE CASCADE,
	ADD CONSTRAINT `craft_fieldlayoutfields_layoutId_fk` FOREIGN KEY (`layoutId`) REFERENCES `craft_fieldlayouts` (`id`) ON DELETE CASCADE,
	ADD CONSTRAINT `craft_fieldlayoutfields_tabId_fk` FOREIGN KEY (`tabId`) REFERENCES `craft_fieldlayouttabs` (`id`) ON DELETE CASCADE;

--
-- Constraints for table `craft_fieldlayouttabs`
--
ALTER TABLE `craft_fieldlayouttabs`
	ADD CONSTRAINT `craft_fieldlayouttabs_layoutId_fk` FOREIGN KEY (`layoutId`) REFERENCES `craft_fieldlayouts` (`id`) ON DELETE CASCADE;

--
-- Constraints for table `craft_fields`
--
ALTER TABLE `craft_fields`
	ADD CONSTRAINT `craft_fields_groupId_fk` FOREIGN KEY (`groupId`) REFERENCES `craft_fieldgroups` (`id`) ON DELETE CASCADE;

--
-- Constraints for table `craft_globalsets`
--
ALTER TABLE `craft_globalsets`
	ADD CONSTRAINT `craft_globalsets_fieldLayoutId_fk` FOREIGN KEY (`fieldLayoutId`) REFERENCES `craft_fieldlayouts` (`id`) ON DELETE SET NULL,
	ADD CONSTRAINT `craft_globalsets_id_fk` FOREIGN KEY (`id`) REFERENCES `craft_elements` (`id`) ON DELETE CASCADE;

--
-- Constraints for table `craft_matrixblocks`
--
ALTER TABLE `craft_matrixblocks`
	ADD CONSTRAINT `craft_matrixblocks_fieldId_fk` FOREIGN KEY (`fieldId`) REFERENCES `craft_fields` (`id`) ON DELETE CASCADE,
	ADD CONSTRAINT `craft_matrixblocks_id_fk` FOREIGN KEY (`id`) REFERENCES `craft_elements` (`id`) ON DELETE CASCADE,
	ADD CONSTRAINT `craft_matrixblocks_ownerId_fk` FOREIGN KEY (`ownerId`) REFERENCES `craft_elements` (`id`) ON DELETE CASCADE,
	ADD CONSTRAINT `craft_matrixblocks_ownerLocale_fk` FOREIGN KEY (`ownerLocale`) REFERENCES `craft_locales` (`locale`) ON DELETE CASCADE ON UPDATE CASCADE,
	ADD CONSTRAINT `craft_matrixblocks_typeId_fk` FOREIGN KEY (`typeId`) REFERENCES `craft_matrixblocktypes` (`id`) ON DELETE CASCADE;

--
-- Constraints for table `craft_matrixblocktypes`
--
ALTER TABLE `craft_matrixblocktypes`
	ADD CONSTRAINT `craft_matrixblocktypes_fieldId_fk` FOREIGN KEY (`fieldId`) REFERENCES `craft_fields` (`id`) ON DELETE CASCADE,
	ADD CONSTRAINT `craft_matrixblocktypes_fieldLayoutId_fk` FOREIGN KEY (`fieldLayoutId`) REFERENCES `craft_fieldlayouts` (`id`) ON DELETE SET NULL;

--
-- Constraints for table `craft_matrixcontent_cb_chillahtooltip`
--
ALTER TABLE `craft_matrixcontent_cb_chillahtooltip`
	ADD CONSTRAINT `craft_matrixcontent_cb_chillahtooltip_elementId_fk` FOREIGN KEY (`elementId`) REFERENCES `craft_elements` (`id`) ON DELETE CASCADE,
	ADD CONSTRAINT `craft_matrixcontent_cb_chillahtooltip_locale_fk` FOREIGN KEY (`locale`) REFERENCES `craft_locales` (`locale`) ON DELETE CASCADE ON UPDATE CASCADE;

--
-- Constraints for table `craft_matrixcontent_cb_copylockup`
--
ALTER TABLE `craft_matrixcontent_cb_copylockup`
	ADD CONSTRAINT `craft_matrixcontent_cb_copylockup_elementId_fk` FOREIGN KEY (`elementId`) REFERENCES `craft_elements` (`id`) ON DELETE CASCADE,
	ADD CONSTRAINT `craft_matrixcontent_cb_copylockup_locale_fk` FOREIGN KEY (`locale`) REFERENCES `craft_locales` (`locale`) ON DELETE CASCADE ON UPDATE CASCADE;

--
-- Constraints for table `craft_matrixcontent_primarynavigation`
--
ALTER TABLE `craft_matrixcontent_primarynavigation`
	ADD CONSTRAINT `craft_matrixcontent_primarynavigation_elementId_fk` FOREIGN KEY (`elementId`) REFERENCES `craft_elements` (`id`) ON DELETE CASCADE,
	ADD CONSTRAINT `craft_matrixcontent_primarynavigation_locale_fk` FOREIGN KEY (`locale`) REFERENCES `craft_locales` (`locale`) ON DELETE CASCADE ON UPDATE CASCADE;

--
-- Constraints for table `craft_matrixcontent_secondarynavigation`
--
ALTER TABLE `craft_matrixcontent_secondarynavigation`
	ADD CONSTRAINT `craft_matrixcontent_secondarynavigation_elementId_fk` FOREIGN KEY (`elementId`) REFERENCES `craft_elements` (`id`) ON DELETE CASCADE,
	ADD CONSTRAINT `craft_matrixcontent_secondarynavigation_locale_fk` FOREIGN KEY (`locale`) REFERENCES `craft_locales` (`locale`) ON DELETE CASCADE ON UPDATE CASCADE;

--
-- Constraints for table `craft_migrations`
--
ALTER TABLE `craft_migrations`
	ADD CONSTRAINT `craft_migrations_pluginId_fk` FOREIGN KEY (`pluginId`) REFERENCES `craft_plugins` (`id`) ON DELETE CASCADE;

--
-- Constraints for table `craft_neoblocks`
--
ALTER TABLE `craft_neoblocks`
	ADD CONSTRAINT `craft_neoblocks_fieldId_fk` FOREIGN KEY (`fieldId`) REFERENCES `craft_fields` (`id`) ON DELETE CASCADE,
	ADD CONSTRAINT `craft_neoblocks_id_fk` FOREIGN KEY (`id`) REFERENCES `craft_elements` (`id`) ON DELETE CASCADE,
	ADD CONSTRAINT `craft_neoblocks_ownerId_fk` FOREIGN KEY (`ownerId`) REFERENCES `craft_elements` (`id`) ON DELETE CASCADE,
	ADD CONSTRAINT `craft_neoblocks_ownerLocale_fk` FOREIGN KEY (`ownerLocale`) REFERENCES `craft_locales` (`locale`) ON DELETE CASCADE ON UPDATE CASCADE,
	ADD CONSTRAINT `craft_neoblocks_typeId_fk` FOREIGN KEY (`typeId`) REFERENCES `craft_neoblocktypes` (`id`) ON DELETE CASCADE;

--
-- Constraints for table `craft_neoblockstructures`
--
ALTER TABLE `craft_neoblockstructures`
	ADD CONSTRAINT `craft_neoblockstructures_fieldId_fk` FOREIGN KEY (`fieldId`) REFERENCES `craft_fields` (`id`) ON DELETE CASCADE,
	ADD CONSTRAINT `craft_neoblockstructures_ownerId_fk` FOREIGN KEY (`ownerId`) REFERENCES `craft_elements` (`id`) ON DELETE CASCADE,
	ADD CONSTRAINT `craft_neoblockstructures_ownerLocale_fk` FOREIGN KEY (`ownerLocale`) REFERENCES `craft_locales` (`locale`) ON DELETE CASCADE ON UPDATE CASCADE,
	ADD CONSTRAINT `craft_neoblockstructures_structureId_fk` FOREIGN KEY (`structureId`) REFERENCES `craft_structures` (`id`) ON DELETE CASCADE;

--
-- Constraints for table `craft_neoblocktypes`
--
ALTER TABLE `craft_neoblocktypes`
	ADD CONSTRAINT `craft_neoblocktypes_fieldId_fk` FOREIGN KEY (`fieldId`) REFERENCES `craft_fields` (`id`) ON DELETE CASCADE,
	ADD CONSTRAINT `craft_neoblocktypes_fieldLayoutId_fk` FOREIGN KEY (`fieldLayoutId`) REFERENCES `craft_fieldlayouts` (`id`) ON DELETE SET NULL;

--
-- Constraints for table `craft_neogroups`
--
ALTER TABLE `craft_neogroups`
	ADD CONSTRAINT `craft_neogroups_fieldId_fk` FOREIGN KEY (`fieldId`) REFERENCES `craft_fields` (`id`) ON DELETE CASCADE;

--
-- Constraints for table `craft_relations`
--
ALTER TABLE `craft_relations`
	ADD CONSTRAINT `craft_relations_fieldId_fk` FOREIGN KEY (`fieldId`) REFERENCES `craft_fields` (`id`) ON DELETE CASCADE,
	ADD CONSTRAINT `craft_relations_sourceId_fk` FOREIGN KEY (`sourceId`) REFERENCES `craft_elements` (`id`) ON DELETE CASCADE,
	ADD CONSTRAINT `craft_relations_sourceLocale_fk` FOREIGN KEY (`sourceLocale`) REFERENCES `craft_locales` (`locale`) ON DELETE CASCADE ON UPDATE CASCADE,
	ADD CONSTRAINT `craft_relations_targetId_fk` FOREIGN KEY (`targetId`) REFERENCES `craft_elements` (`id`) ON DELETE CASCADE;

--
-- Constraints for table `craft_routes`
--
ALTER TABLE `craft_routes`
	ADD CONSTRAINT `craft_routes_locale_fk` FOREIGN KEY (`locale`) REFERENCES `craft_locales` (`locale`) ON DELETE CASCADE ON UPDATE CASCADE;

--
-- Constraints for table `craft_sections`
--
ALTER TABLE `craft_sections`
	ADD CONSTRAINT `craft_sections_structureId_fk` FOREIGN KEY (`structureId`) REFERENCES `craft_structures` (`id`) ON DELETE SET NULL;

--
-- Constraints for table `craft_sections_i18n`
--
ALTER TABLE `craft_sections_i18n`
	ADD CONSTRAINT `craft_sections_i18n_locale_fk` FOREIGN KEY (`locale`) REFERENCES `craft_locales` (`locale`) ON DELETE CASCADE ON UPDATE CASCADE,
	ADD CONSTRAINT `craft_sections_i18n_sectionId_fk` FOREIGN KEY (`sectionId`) REFERENCES `craft_sections` (`id`) ON DELETE CASCADE;

--
-- Constraints for table `craft_sessions`
--
ALTER TABLE `craft_sessions`
	ADD CONSTRAINT `craft_sessions_userId_fk` FOREIGN KEY (`userId`) REFERENCES `craft_users` (`id`) ON DELETE CASCADE;

--
-- Constraints for table `craft_shunnedmessages`
--
ALTER TABLE `craft_shunnedmessages`
	ADD CONSTRAINT `craft_shunnedmessages_userId_fk` FOREIGN KEY (`userId`) REFERENCES `craft_users` (`id`) ON DELETE CASCADE;

--
-- Constraints for table `craft_structureelements`
--
ALTER TABLE `craft_structureelements`
	ADD CONSTRAINT `craft_structureelements_elementId_fk` FOREIGN KEY (`elementId`) REFERENCES `craft_elements` (`id`) ON DELETE CASCADE,
	ADD CONSTRAINT `craft_structureelements_structureId_fk` FOREIGN KEY (`structureId`) REFERENCES `craft_structures` (`id`) ON DELETE CASCADE;

--
-- Constraints for table `craft_taggroups`
--
ALTER TABLE `craft_taggroups`
	ADD CONSTRAINT `craft_taggroups_fieldLayoutId_fk` FOREIGN KEY (`fieldLayoutId`) REFERENCES `craft_fieldlayouts` (`id`) ON DELETE SET NULL;

--
-- Constraints for table `craft_tags`
--
ALTER TABLE `craft_tags`
	ADD CONSTRAINT `craft_tags_groupId_fk` FOREIGN KEY (`groupId`) REFERENCES `craft_taggroups` (`id`) ON DELETE CASCADE,
	ADD CONSTRAINT `craft_tags_id_fk` FOREIGN KEY (`id`) REFERENCES `craft_elements` (`id`) ON DELETE CASCADE;

--
-- Constraints for table `craft_templatecachecriteria`
--
ALTER TABLE `craft_templatecachecriteria`
	ADD CONSTRAINT `craft_templatecachecriteria_cacheId_fk` FOREIGN KEY (`cacheId`) REFERENCES `craft_templatecaches` (`id`) ON DELETE CASCADE;

--
-- Constraints for table `craft_templatecacheelements`
--
ALTER TABLE `craft_templatecacheelements`
	ADD CONSTRAINT `craft_templatecacheelements_cacheId_fk` FOREIGN KEY (`cacheId`) REFERENCES `craft_templatecaches` (`id`) ON DELETE CASCADE,
	ADD CONSTRAINT `craft_templatecacheelements_elementId_fk` FOREIGN KEY (`elementId`) REFERENCES `craft_elements` (`id`) ON DELETE CASCADE;

--
-- Constraints for table `craft_templatecaches`
--
ALTER TABLE `craft_templatecaches`
	ADD CONSTRAINT `craft_templatecaches_locale_fk` FOREIGN KEY (`locale`) REFERENCES `craft_locales` (`locale`) ON DELETE CASCADE ON UPDATE CASCADE;

--
-- Constraints for table `craft_usergroups_users`
--
ALTER TABLE `craft_usergroups_users`
	ADD CONSTRAINT `craft_usergroups_users_groupId_fk` FOREIGN KEY (`groupId`) REFERENCES `craft_usergroups` (`id`) ON DELETE CASCADE,
	ADD CONSTRAINT `craft_usergroups_users_userId_fk` FOREIGN KEY (`userId`) REFERENCES `craft_users` (`id`) ON DELETE CASCADE;

--
-- Constraints for table `craft_userpermissions_usergroups`
--
ALTER TABLE `craft_userpermissions_usergroups`
	ADD CONSTRAINT `craft_userpermissions_usergroups_groupId_fk` FOREIGN KEY (`groupId`) REFERENCES `craft_usergroups` (`id`) ON DELETE CASCADE,
	ADD CONSTRAINT `craft_userpermissions_usergroups_permissionId_fk` FOREIGN KEY (`permissionId`) REFERENCES `craft_userpermissions` (`id`) ON DELETE CASCADE;

--
-- Constraints for table `craft_userpermissions_users`
--
ALTER TABLE `craft_userpermissions_users`
	ADD CONSTRAINT `craft_userpermissions_users_permissionId_fk` FOREIGN KEY (`permissionId`) REFERENCES `craft_userpermissions` (`id`) ON DELETE CASCADE,
	ADD CONSTRAINT `craft_userpermissions_users_userId_fk` FOREIGN KEY (`userId`) REFERENCES `craft_users` (`id`) ON DELETE CASCADE;

--
-- Constraints for table `craft_users`
--
ALTER TABLE `craft_users`
	ADD CONSTRAINT `craft_users_id_fk` FOREIGN KEY (`id`) REFERENCES `craft_elements` (`id`) ON DELETE CASCADE,
	ADD CONSTRAINT `craft_users_preferredLocale_fk` FOREIGN KEY (`preferredLocale`) REFERENCES `craft_locales` (`locale`) ON DELETE SET NULL ON UPDATE CASCADE;

--
-- Constraints for table `craft_widgets`
--
ALTER TABLE `craft_widgets`
	ADD CONSTRAINT `craft_widgets_userId_fk` FOREIGN KEY (`userId`) REFERENCES `craft_users` (`id`) ON DELETE CASCADE;

SET FOREIGN_KEY_CHECKS = 1;
